step,close,price_return,action_delta,raw_target,risk_cap,shielded_target,target_position,prev_position,position,executed_trade,locked_position,sellable_position,limit_up,limit_down,pnl,cost,equity,max_equity,drawdown,dd_increase,signal,desired_pos,part_gap,part_pen,reward
1,14.17,-0.008397480755773214,-1.0,0.4724907962705793,0.8,0.4724907962705793,0.4724907962705793,0.5724907962705793,0.4724907962705793,-0.09999999999999998,0.0,0.5724907962705793,0,0,-0.004807480444539473,9.999999999999998e-05,0.9950925195554605,1.0,0.00490748044453948,0.00490748044453948,0.0,0.0,0.0,0.0,-0.005105183577940427
2,13.47,-0.04940014114326036,-1.0,0.37249079627057935,0.8,0.37249079627057935,0.37249079627057935,0.4724907962705793,0.37249079627057935,-0.09999999999999998,0.0,0.4724907962705793,0,0,-0.023341112024658092,9.999999999999998e-05,0.9717664443296617,1.0,0.02823355567033825,0.02332607522579877,0.0,0.0,0.0,0.0,-0.04629026671410411
3,14.78,0.09725315515961386,-1.0,0.27249079627057937,0.7588322196166079,0.27249079627057937,0.27249079627057937,0.37249079627057935,0.27249079627057937,-0.09999999999999998,0.0,0.37249079627057935,0,0,0.036225905205230766,9.999999999999998e-05,1.0068723867791392,1.0068723867791392,0.0,0.0,0.0,0.0,0.0,0.0,0.035917599862934746
4,14.44,-0.0230040595399188,-1.0,0.17249079627057937,0.8,0.17249079627057937,0.17249079627057937,0.27249079627057937,0.17249079627057937,-0.1,0.0,0.27249079627057937,0,0,-0.006268394501488292,0.0001,1.0004602262074744,1.0068723867791392,0.006368394501488345,0.006368394501488345,0.14963265185447233,0.11970612148357787,0.0,0.0,-0.01000494978267484
5,14.66,0.015235457063711957,-1.0,0.07249079627057936,0.8,0.07249079627057936,0.07249079627057936,0.17249079627057937,0.07249079627057936,-0.1,0.0,0.17249079627057937,0,0,0.0026279761204658983,0.0001,1.002989365768803,1.0068723867791392,0.0038565175302478247,0.0,0.02064851611415025,0.016518812891320202,0.0,0.0,0.0017044798355969816
6,14.51,-0.010231923601637131,-1.0,0.0,0.8,0.0,0.0,0.07249079627057936,0.0,-0.07249079627057936,0.0,0.07249079627057936,0,0,-0.0007417202892624099,7.249079627057936e-05,1.0021727207085223,1.0068723867791392,0.004667588596456147,0.0008110710662083223,0.06011938610801598,0.048095508886412786,0.048095508886412786,0.0007008252623127072,-0.0036371917980897272
7,14.03,-0.033080634045485904,-1.0,0.0,0.8,0.0,0.0,0.0,0.0,0.0,0.0,0.0,0,0,-0.0,0.0,1.0021727207085223,1.0068723867791392,0.004667588596456147,0.0,0.05251419962927925,0.0420113597034234,0.0420113597034234,0.0005644549550918693,-0.002234518013655134
8,13.75,-0.0199572344975053,-1.0,0.0,0.8,0.0,0.0,0.0,0.0,0.0,0.0,0.0,0,0,-0.0,0.0,1.0021727207085223,1.0068723867791392,0.004667588596456147,0.0,0.06746873133578983,0.05397498506863187,0.05397498506863187,0.0008428505194824771,-0.002974260881191593
9,14.12,0.02690909090909085,-1.0,0.0,0.8,0.0,0.0,0.0,0.0,0.0,0.0,0.0,0,0,0.0,0.0,1.0021727207085223,1.0068723867791392,0.004667588596456147,0.0,0.0,0.0,0.0,0.0,-5e-05
10,14.07,-0.0035410764872520492,-1.0,0.0,0.8,0.0,0.0,0.0,0.0,0.0,0.0,0.0,0,0,-0.0,0.0,1.0021727207085223,1.0068723867791392,0.004667588596456147,0.0,0.0,0.0,0.0,0.0,-5e-05
11,14.88,0.05756929637526656,-1.0,0.0,0.8,0.0,0.0,0.0,0.0,0.0,0.0,0.0,0,0,0.0,0.0,1.0021727207085223,1.0068723867791392,0.004667588596456147,0.0,0.0,0.0,0.0,0.0,-5e-05
12,14.53,-0.02352150537634418,-1.0,0.0,0.8,0.0,0.0,0.0,0.0,0.0,0.0,0.0,0,0,-0.0,0.0,1.0021727207085223,1.0068723867791392,0.004667588596456147,0.0,0.13011945061025793,0.10409556048820634,0.10409556048820634,0.0024106493448938183,-0.006474834396220275
13,14.58,0.0034411562284928227,-1.0,0.0,0.8,0.0,0.0,0.0,0.0,0.0,0.0,0.0,0,0,0.0,0.0,1.0021727207085223,1.0068723867791392,0.004667588596456147,0.0,0.12613050327533962,0.1009044026202717,0.1009044026202717,0.002293499735692317,-0.006234625761736544
14,14.11,-0.032235939643347096,-1.0,0.0,0.8,0.0,0.0,0.0,0.0,0.0,0.0,0.0,0,0,-0.0,0.0,1.0021727207085223,1.0068723867791392,0.004667588596456147,0.0,0.2002965475961918,0.16023723807695345,0.16023723807695345,0.004806888301604941,-0.011036036794947458
15,13.96,-0.010630758327427256,-1.0,0.0,0.8,0.0,0.0,0.0,0.0,0.0,0.0,0.0,0,0,-0.0,0.0,1.0021727207085223,1.0068723867791392,0.004667588596456147,0.0,0.0,0.0,0.0,0.0,-5e-05
16,13.99,0.002148997134670441,-1.0,0.0,0.8,0.0,0.0,0.0,0.0,0.0,0.0,0.0,0,0,0.0,0.0,1.0021727207085223,1.0068723867791392,0.004667588596456147,0.0,0.0,0.0,0.0,0.0,-5e-05
17,13.8,-0.013581129378127199,-1.0,0.0,0.8,0.0,0.0,0.0,0.0,0.0,0.0,0.0,0,0,-0.0,0.0,1.0021727207085223,1.0068723867791392,0.004667588596456147,0.0,0.0,0.0,0.0,0.0,-5e-05
18,13.06,-0.05362318840579711,-1.0,0.0,0.8,0.0,0.0,0.0,0.0,0.0,0.0,0.0,0,0,-0.0,0.0,1.0021727207085223,1.0068723867791392,0.004667588596456147,0.0,0.0,0.0,0.0,0.0,-5e-05
19,12.63,-0.03292496171516077,-1.0,0.0,0.8,0.0,0.0,0.0,0.0,0.0,0.0,0.0,0,0,-0.0,0.0,1.0021727207085223,1.0068723867791392,0.004667588596456147,0.0,0.0,0.0,0.0,0.0,-5e-05
20,11.96,-0.05304829770387964,-1.0,0.0,0.8,0.0,0.0,0.0,0.0,0.0,0.0,0.0,0,0,-0.0,0.0,1.0021727207085223,1.0068723867791392,0.004667588596456147,0.0,0.0,0.0,0.0,0.0,-5e-05
21,12.37,0.03428093645484936,-1.0,0.0,0.8,0.0,0.0,0.0,0.0,0.0,0.0,0.0,0,0,0.0,0.0,1.0021727207085223,1.0068723867791392,0.004667588596456147,0.0,0.0,0.0,0.0,0.0,-5e-05
22,11.83,-0.043654001616814805,-1.0,0.0,0.8,0.0,0.0,0.0,0.0,0.0,0.0,0.0,0,0,-0.0,0.0,1.0021727207085223,1.0068723867791392,0.004667588596456147,0.0,0.0,0.0,0.0,0.0,-5e-05
23,12.24,0.03465765004226544,-1.0,0.0,0.8,0.0,0.0,0.0,0.0,0.0,0.0,0.0,0,0,0.0,0.0,1.0021727207085223,1.0068723867791392,0.004667588596456147,0.0,0.0,0.0,0.0,0.0,-5e-05
24,12.29,0.0040849673202613505,-1.0,0.0,0.8,0.0,0.0,0.0,0.0,0.0,0.0,0.0,0,0,0.0,0.0,1.0021727207085223,1.0068723867791392,0.004667588596456147,0.0,0.0,0.0,0.0,0.0,-5e-05
25,12.54,0.020341741253051264,-1.0,0.0,0.8,0.0,0.0,0.0,0.0,0.0,0.0,0.0,0,0,0.0,0.0,1.0021727207085223,1.0068723867791392,0.004667588596456147,0.0,0.0,0.0,0.0,0.0,-5e-05
26,12.33,-0.016746411483253516,-1.0,0.0,0.8,0.0,0.0,0.0,0.0,0.0,0.0,0.0,0,0,-0.0,0.0,1.0021727207085223,1.0068723867791392,0.004667588596456147,0.0,0.040151942738662,0.0321215541909296,0.0321215541909296,0.00036738125206997347,-0.0016560686855576962
27,11.88,-0.036496350364963445,-1.0,0.0,0.8,0.0,0.0,0.0,0.0,0.0,0.0,0.0,0,0,-0.0,0.0,1.0021727207085223,1.0068723867791392,0.004667588596456147,0.0,0.0,0.0,0.0,0.0,-5e-05
28,11.71,-0.014309764309764304,-1.0,0.0,0.8,0.0,0.0,0.0,0.0,0.0,0.0,0.0,0,0,-0.0,0.0,1.0021727207085223,1.0068723867791392,0.004667588596456147,0.0,0.0,0.0,0.0,0.0,-5e-05
29,11.45,-0.022203245089667083,-1.0,0.0,0.8,0.0,0.0,0.0,0.0,0.0,0.0,0.0,0,0,-0.0,0.0,1.0021727207085223,1.0068723867791392,0.004667588596456147,0.0,0.0,0.0,0.0,0.0,-5e-05
30,11.74,0.02532751091703065,-1.0,0.0,0.8,0.0,0.0,0.0,0.0,0.0,0.0,0.0,0,0,0.0,0.0,1.0021727207085223,1.0068723867791392,0.004667588596456147,0.0,0.0,0.0,0.0,0.0,-5e-05
31,11.84,0.008517887563884127,-1.0,0.0,0.8,0.0,0.0,0.0,0.0,0.0,0.0,0.0,0,0,0.0,0.0,1.0021727207085223,1.0068723867791392,0.004667588596456147,0.0,0.0,0.0,0.0,0.0,-5e-05
32,11.56,-0.023648648648648594,-1.0,0.0,0.8,0.0,0.0,0.0,0.0,0.0,0.0,0.0,0,0,-0.0,0.0,1.0021727207085223,1.0068723867791392,0.004667588596456147,0.0,0.0,0.0,0.0,0.0,-5e-05
33,11.95,0.03373702422145318,-1.0,0.0,0.8,0.0,0.0,0.0,0.0,0.0,0.0,0.0,0,0,0.0,0.0,1.0021727207085223,1.0068723867791392,0.004667588596456147,0.0,0.0,0.0,0.0,0.0,-5e-05
34,11.81,-0.011715481171548017,-1.0,0.0,0.8,0.0,0.0,0.0,0.0,0.0,0.0,0.0,0,0,-0.0,0.0,1.0021727207085223,1.0068723867791392,0.004667588596456147,0.0,0.0,0.0,0.0,0.0,-5e-05
35,12.13,0.02709568162574092,-1.0,0.0,0.8,0.0,0.0,0.0,0.0,0.0,0.0,0.0,0,0,0.0,0.0,1.0021727207085223,1.0068723867791392,0.004667588596456147,0.0,0.028349127151909806,0.022679301721527847,0.022679301721527847,0.00021049897991265172,-0.0011350695525490693
36,12.14,0.0008244023083264457,-1.0,0.0,0.8,0.0,0.0,0.0,0.0,0.0,0.0,0.0,0,0,0.0,0.0,1.0021727207085223,1.0068723867791392,0.004667588596456147,0.0,0.08300455534330509,0.06640364427464407,0.06640364427464407,0.001174220268181887,-0.003784910800522849
37,11.93,-0.01729818780889628,-1.0,0.0,0.8,0.0,0.0,0.0,0.0,0.0,0.0,0.0,0,0,-0.0,0.0,1.0021727207085223,1.0068723867791392,0.004667588596456147,0.0,0.07259682219303591,0.058077457754428734,0.058077457754428734,0.0009476646168076051,-0.003237276581462763
38,11.62,-0.025984911986588474,-1.0,0.0,0.8,0.0,0.0,0.0,0.0,0.0,0.0,0.0,0,0,-0.0,0.0,1.0021727207085223,1.0068723867791392,0.004667588596456147,0.0,0.07752735745238137,0.0620218859619051,0.0620218859619051,0.0010527238408819819,-0.0034944428182879473
39,11.61,-0.0008605851979345772,-1.0,0.0,0.8,0.0,0.0,0.0,0.0,0.0,0.0,0.0,0,0,-0.0,0.0,1.0021727207085223,1.0068723867791392,0.004667588596456147,0.0,0.0,0.0,0.0,0.0,-5e-05
40,11.52,-0.007751937984496112,-1.0,0.0,0.8,0.0,0.0,0.0,0.0,0.0,0.0,0.0,0,0,-0.0,0.0,1.0021727207085223,1.0068723867791392,0.004667588596456147,0.0,0.0,0.0,0.0,0.0,-5e-05
41,11.75,0.019965277777777814,-1.0,0.0,0.8,0.0,0.0,0.0,0.0,0.0,0.0,0.0,0,0,0.0,0.0,1.0021727207085223,1.0068723867791392,0.004667588596456147,0.0,0.0,0.0,0.0,0.0,-5e-05
42,11.45,-0.025531914893617082,-1.0,0.0,0.8,0.0,0.0,0.0,0.0,0.0,0.0,0.0,0,0,-0.0,0.0,1.0021727207085223,1.0068723867791392,0.004667588596456147,0.0,0.0,0.0,0.0,0.0,-5e-05
43,11.85,0.03493449781659392,-1.0,0.0,0.8,0.0,0.0,0.0,0.0,0.0,0.0,0.0,0,0,0.0,0.0,1.0021727207085223,1.0068723867791392,0.004667588596456147,0.0,0.0,0.0,0.0,0.0,-5e-05
44,11.71,-0.01181434599156108,-1.0,0.0,0.8,0.0,0.0,0.0,0.0,0.0,0.0,0.0,0,0,-0.0,0.0,1.0021727207085223,1.0068723867791392,0.004667588596456147,0.0,0.05847013306329877,0.04677610645063902,0.04677610645063902,0.0006703182137568171,-0.0025241218187595843
45,11.45,-0.022203245089667083,-1.0,0.0,0.8,0.0,0.0,0.0,0.0,0.0,0.0,0.0,0,0,-0.0,0.0,1.0021727207085223,1.0068723867791392,0.004667588596456147,0.0,0.011107714257917676,0.008886171406334142,0.008886171406334142,4.7009540620519946e-05,-0.00043968252547728023
46,11.51,0.005240174672489127,-1.0,0.0,0.8,0.0,0.0,0.0,0.0,0.0,0.0,0.0,0,0,0.0,0.0,1.0021727207085223,1.0068723867791392,0.004667588596456147,0.0,0.0,0.0,0.0,0.0,-5e-05
47,11.54,0.002606429192006895,-1.0,0.0,0.8,0.0,0.0,0.0,0.0,0.0,0.0,0.0,0,0,0.0,0.0,1.0021727207085223,1.0068723867791392,0.004667588596456147,0.0,0.0,0.0,0.0,0.0,-5e-05
48,11.61,0.0060658578856152764,-1.0,0.0,0.8,0.0,0.0,0.0,0.0,0.0,0.0,0.0,0,0,0.0,0.0,1.0021727207085223,1.0068723867791392,0.004667588596456147,0.0,0.0013599763801278066,0.0010879811041022453,0.0010879811041022453,1.6324379171080435e-06,-9.358770924405087e-05
49,11.42,-0.016365202411714,-1.0,0.0,0.8,0.0,0.0,0.0,0.0,0.0,0.0,0.0,0,0,-0.0,0.0,1.0021727207085223,1.0068723867791392,0.004667588596456147,0.0,0.0,0.0,0.0,0.0,-5e-05
50,10.99,-0.03765323992994744,-1.0,0.0,0.8,0.0,0.0,0.0,0.0,0.0,0.0,0.0,0,0,-0.0,0.0,1.0021727207085223,1.0068723867791392,0.004667588596456147,0.0,0.0,0.0,0.0,0.0,-5e-05
51,11.13,0.012738853503184764,-1.0,0.0,0.8,0.0,0.0,0.0,0.0,0.0,0.0,0.0,0,0,0.0,0.0,1.0021727207085223,1.0068723867791392,0.004667588596456147,0.0,0.0,0.0,0.0,0.0,-5e-05
52,11.24,0.009883198562443794,-1.0,0.0,0.8,0.0,0.0,0.0,0.0,0.0,0.0,0.0,0,0,0.0,0.0,1.0021727207085223,1.0068723867791392,0.004667588596456147,0.0,0.0,0.0,0.0,0.0,-5e-05
53,11.09,-0.013345195729537398,-1.0,0.0,0.8,0.0,0.0,0.0,0.0,0.0,0.0,0.0,0,0,-0.0,0.0,1.0021727207085223,1.0068723867791392,0.004667588596456147,0.0,0.0,0.0,0.0,0.0,-5e-05
54,11.27,0.016230838593327298,-1.0,0.0,0.8,0.0,0.0,0.0,0.0,0.0,0.0,0.0,0,0,0.0,0.0,1.0021727207085223,1.0068723867791392,0.004667588596456147,0.0,0.0,0.0,0.0,0.0,-5e-05
55,11.25,-0.0017746228926352773,-1.0,0.0,0.8,0.0,0.0,0.0,0.0,0.0,0.0,0.0,0,0,-0.0,0.0,1.0021727207085223,1.0068723867791392,0.004667588596456147,0.0,0.0,0.0,0.0,0.0,-5e-05
56,11.37,0.010666666666666597,-1.0,0.0,0.8,0.0,0.0,0.0,0.0,0.0,0.0,0.0,0,0,0.0,0.0,1.0021727207085223,1.0068723867791392,0.004667588596456147,0.0,0.03743017932893328,0.029944143463146625,0.029944143463146625,0.0003283534177886812,-0.0015330744500862729
57,11.02,-0.030782761653474027,-1.0,0.0,0.8,0.0,0.0,0.0,0.0,0.0,0.0,0.0,0,0,-0.0,0.0,1.0021727207085223,1.0068723867791392,0.004667588596456147,0.0,0.05184006941528299,0.041472055532226396,0.041472055532226396,0.000552906133470029,-0.002202172274931509
58,11.06,0.003629764065335837,-1.0,0.0,0.8,0.0,0.0,0.0,0.0,0.0,0.0,0.0,0,0,0.0,0.0,1.0021727207085223,1.0068723867791392,0.004667588596456147,0.0,0.0,0.0,0.0,0.0,-5e-05
59,10.54,-0.04701627486437625,-1.0,0.0,0.8,0.0,0.0,0.0,0.0,0.0,0.0,0.0,0,0,-0.0,0.0,1.0021727207085223,1.0068723867791392,0.004667588596456147,0.0,0.0,0.0,0.0,0.0,-5e-05
60,10.55,0.0009487666034157081,-1.0,0.0,0.8,0.0,0.0,0.0,0.0,0.0,0.0,0.0,0,0,0.0,0.0,1.0021727207085223,1.0068723867791392,0.004667588596456147,0.0,0.0,0.0,0.0,0.0,-5e-05
61,10.53,-0.0018957345971565259,-1.0,0.0,0.8,0.0,0.0,0.0,0.0,0.0,0.0,0.0,0,0,-0.0,0.0,1.0021727207085223,1.0068723867791392,0.004667588596456147,0.0,0.0,0.0,0.0,0.0,-5e-05
62,9.16,-0.1301044634377967,-1.0,0.0,0.8,0.0,0.0,0.0,0.0,0.0,0.0,0.0,0,1,-0.0,0.0,1.0021727207085223,1.0068723867791392,0.004667588596456147,0.0,0.0,0.0,0.0,0.0,-5e-05
63,8.78,-0.04148471615720532,-1.0,0.0,0.8,0.0,0.0,0.0,0.0,0.0,0.0,0.0,0,0,-0.0,0.0,1.0021727207085223,1.0068723867791392,0.004667588596456147,0.0,0.0,0.0,0.0,0.0,-5e-05
64,8.71,-0.007972665148063612,-1.0,0.0,0.8,0.0,0.0,0.0,0.0,0.0,0.0,0.0,0,0,-0.0,0.0,1.0021727207085223,1.0068723867791392,0.004667588596456147,0.0,0.0,0.0,0.0,0.0,-5e-05
65,8.39,-0.03673938002296214,-1.0,0.0,0.8,0.0,0.0,0.0,0.0,0.0,0.0,0.0,0,0,-0.0,0.0,1.0021727207085223,1.0068723867791392,0.004667588596456147,0.0,0.0,0.0,0.0,0.0,-5e-05
66,8.58,0.02264600715137062,-1.0,0.0,0.8,0.0,0.0,0.0,0.0,0.0,0.0,0.0,0,0,0.0,0.0,1.0021727207085223,1.0068723867791392,0.004667588596456147,0.0,0.0,0.0,0.0,0.0,-5e-05
67,8.2,-0.04428904428904438,-1.0,0.0,0.8,0.0,0.0,0.0,0.0,0.0,0.0,0.0,0,0,-0.0,0.0,1.0021727207085223,1.0068723867791392,0.004667588596456147,0.0,0.0,0.0,0.0,0.0,-5e-05
68,8.43,0.028048780487804934,-1.0,0.0,0.8,0.0,0.0,0.0,0.0,0.0,0.0,0.0,0,0,0.0,0.0,1.0021727207085223,1.0068723867791392,0.004667588596456147,0.0,0.0,0.0,0.0,0.0,-5e-05
69,9.47,0.12336892052194555,-1.0,0.0,0.8,0.0,0.0,0.0,0.0,0.0,0.0,0.0,1,0,0.0,0.0,1.0021727207085223,1.0068723867791392,0.004667588596456147,0.0,0.0,0.0,0.0,0.0,-5e-05
70,9.01,-0.04857444561774032,-1.0,0.0,0.8,0.0,0.0,0.0,0.0,0.0,0.0,0.0,0,0,-0.0,0.0,1.0021727207085223,1.0068723867791392,0.004667588596456147,0.0,0.14934174411289752,0.11947339529031803,0.11947339529031803,0.0030052211665874324,-0.007662413972470321
71,9.01,0.0,-1.0,0.0,0.8,0.0,0.0,0.0,0.0,0.0,0.0,0.0,0,0,0.0,0.0,1.0021727207085223,1.0068723867791392,0.004667588596456147,0.0,0.06530628093180985,0.05224502474544788,0.05224502474544788,0.0008000449941280118,-0.0028647437608743456
72,8.82,-0.021087680355160877,-1.0,0.0,0.8,0.0,0.0,0.0,0.0,0.0,0.0,0.0,0,0,-0.0,0.0,1.0021727207085223,1.0068723867791392,0.004667588596456147,0.0,0.0164928705514511,0.01319429644116088,0.01319429644116088,8.848313248160262e-05,-0.0006472881889938689
73,8.91,0.010204081632653045,-1.0,0.0,0.8,0.0,0.0,0.0,0.0,0.0,0.0,0.0,0,0,0.0,0.0,1.0021727207085223,1.0068723867791392,0.004667588596456147,0.0,0.07161824008868053,0.05729459207094443,0.05729459207094443,0.0009273086695689945,-0.003186731376304789
74,8.89,-0.00224466891133553,-1.0,0.0,0.8,0.0,0.0,0.0,0.0,0.0,0.0,0.0,0,0,-0.0,0.0,1.0021727207085223,1.0068723867791392,0.004667588596456147,0.0,0.05102192330412181,0.04081753864329745,0.04081753864329745,0.0005390107285967369,-0.002163037062528895
75,8.92,0.003374578177727712,-1.0,0.0,0.8,0.0,0.0,0.0,0.0,0.0,0.0,0.0,0,0,0.0,0.0,1.0021727207085223,1.0068723867791392,0.004667588596456147,0.0,0.0,0.0,0.0,0.0,-5e-05
76,9.07,0.01681614349775789,-1.0,0.0,0.8,0.0,0.0,0.0,0.0,0.0,0.0,0.0,0,0,0.0,0.0,1.0021727207085223,1.0068723867791392,0.004667588596456147,0.0,0.0,0.0,0.0,0.0,-5e-05
77,9.17,0.011025358324145496,-1.0,0.0,0.8,0.0,0.0,0.0,0.0,0.0,0.0,0.0,0,0,0.0,0.0,1.0021727207085223,1.0068723867791392,0.004667588596456147,0.0,0.0,0.0,0.0,0.0,-5e-05
78,9.43,0.028353326063249706,-1.0,0.0,0.8,0.0,0.0,0.0,0.0,0.0,0.0,0.0,0,0,0.0,0.0,1.0021727207085223,1.0068723867791392,0.004667588596456147,0.0,0.11033362285413494,0.08826689828330796,0.08826689828330796,0.0018514802958907721,-0.005305272560940835
79,9.42,-0.0010604453870625436,-1.0,0.0,0.8,0.0,0.0,0.0,0.0,0.0,0.0,0.0,0,0,-0.0,0.0,1.0021727207085223,1.0068723867791392,0.004667588596456147,0.0,0.21764356148560798,0.1741148491884864,0.1741148491884864,0.005490094337072647,-0.012254398208903653
80,9.61,0.02016985138004241,-0.8837794065475464,0.0,0.8,0.0,0.0,0.0,0.0,0.0,0.0,0.0,0,0,0.0,0.0,1.0021727207085223,1.0068723867791392,0.004667588596456147,0.0,0.2287979021757015,0.18303832174056123,0.18303832174056123,0.005947161737842755,-0.013055577019963146
81,9.35,-0.027055150884495296,-0.008833834901452065,0.0,0.8,0.0,0.0,0.0,0.0,0.0,0.0,0.0,0,0,-0.0,0.0,1.0021727207085223,1.0068723867791392,0.004667588596456147,0.0,0.3126577182293165,0.2501261745834532,0.2501261745834532,0.00980160361197292,-0.01949709421934733
82,9.21,-0.014973262032085433,-1.0,0.0,0.8,0.0,0.0,0.0,0.0,0.0,0.0,0.0,0,0,-0.0,0.0,1.0021727207085223,1.0068723867791392,0.004667588596456147,0.0,0.15537389567887605,0.12429911654310084,0.12429911654310084,0.003201779181810768,-0.008045063863504093
83,9.16,-0.005428881650380099,-1.0,0.0,0.8,0.0,0.0,0.0,0.0,0.0,0.0,0.0,0,0,-0.0,0.0,1.0021727207085223,1.0068723867791392,0.004667588596456147,0.0,0.053301581838208094,0.04264126547056648,0.04264126547056648,0.000578056974048517,-0.0022724107737572365
84,9.41,0.027292576419213975,-1.0,0.0,0.8,0.0,0.0,0.0,0.0,0.0,0.0,0.0,0,0,0.0,0.0,1.0021727207085223,1.0068723867791392,0.004667588596456147,0.0,0.0,0.0,0.0,0.0,-5e-05
85,9.49,0.008501594048884174,-1.0,0.0,0.8,0.0,0.0,0.0,0.0,0.0,0.0,0.0,0,0,0.0,0.0,1.0021727207085223,1.0068723867791392,0.004667588596456147,0.0,0.060798201084933605,0.048638560867946885,0.048638560867946885,0.0007135290441125257,-0.0026391535475827274
86,9.4,-0.009483667017913578,-1.0,0.0,0.8,0.0,0.0,0.0,0.0,0.0,0.0,0.0,0,0,-0.0,0.0,1.0021727207085223,1.0068723867791392,0.004667588596456147,0.0,0.030268059163807204,0.024214447331045764,0.024214447331045764,0.00023375548343315244,-0.0012175251086366046
87,9.71,0.032978723404255374,-1.0,0.0,0.8,0.0,0.0,0.0,0.0,0.0,0.0,0.0,0,0,0.0,0.0,1.0021727207085223,1.0068723867791392,0.004667588596456147,0.0,0.06212822839775492,0.049702582718203936,0.049702582718203936,0.0007386672431248787,-0.002705323089195618
88,9.68,-0.003089598352214329,0.8470727205276489,0.0847072720527649,0.8,0.0847072720527649,0.0847072720527649,0.0,0.0847072720527649,0.0847072720527649,0.0,0.0,0,0,-0.0,8.47072720527649e-05,1.0020878293912254,1.0068723867791392,0.004751900489811757,8.431189335561008e-05,0.24065568539335147,0.1925245483146812,0.10781727626191628,0.00255002171914432,-0.009214290888519026
89,9.84,0.016528925619834725,-1.0,0.0,0.8,0.0,0.0,0.0847072720527649,0.0847072720527649,-0.0,0.0847072720527649,0.0,0,0,0.0014001201992192558,0.0,1.003490872802548,1.0068723867791392,0.0033584335224528215,0.0,0.23212810283603888,0.18570248226883113,0.10099521021606622,0.002296803035259037,-0.006996634067220707
90,9.44,-0.040650406504065074,-1.0,0.0,0.8,0.0,0.0,0.0847072720527649,0.0,-0.0847072720527649,0.0,0.0847072720527649,0,0,-0.0034433850427953243,8.47072720527649e-05,0.9999504643661932,1.0068723867791392,0.006874676973800382,0.0035162434513475605,0.22404121131308435,0.17923296905046748,0.17923296905046748,0.005750573357988484,-0.01649445885800352
91,9.34,-0.010593220338983014,-1.0,0.0,0.8,0.0,0.0,0.0,0.0,0.0,0.0,0.0,0,0,-0.0,0.0,0.9999504643661932,1.0068723867791392,0.006874676973800382,0.0,0.0072547487876336025,0.005803799030106882,0.005803799030106882,2.3778381706973384e-05,-0.00029758738180547003
92,9.25,-0.009635974304068507,-1.0,0.0,0.8,0.0,0.0,0.0,0.0,0.0,0.0,0.0,0,0,-0.0,0.0,0.9999504643661932,1.0068723867791392,0.006874676973800382,0.0,0.0,0.0,0.0,0.0,-5e-05
93,8.63,-0.06702702702702694,-1.0,0.0,0.8,0.0,0.0,0.0,0.0,0.0,0.0,0.0,0,0,-0.0,0.0,0.9999504643661932,1.0068723867791392,0.006874676973800382,0.0,0.0,0.0,0.0,0.0,-5e-05
94,8.55,-0.009269988412514491,-1.0,0.0,0.8,0.0,0.0,0.0,0.0,0.0,0.0,0.0,0,0,-0.0,0.0,0.9999504643661932,1.0068723867791392,0.006874676973800382,0.0,0.0,0.0,0.0,0.0,-5e-05
95,8.48,-0.008187134502924008,-1.0,0.0,0.8,0.0,0.0,0.0,0.0,0.0,0.0,0.0,0,0,-0.0,0.0,0.9999504643661932,1.0068723867791392,0.006874676973800382,0.0,0.0,0.0,0.0,0.0,-5e-05
96,8.61,0.015330188679245165,-1.0,0.0,0.8,0.0,0.0,0.0,0.0,0.0,0.0,0.0,0,0,0.0,0.0,0.9999504643661932,1.0068723867791392,0.006874676973800382,0.0,0.0,0.0,0.0,0.0,-5e-05
97,8.28,-0.03832752613240419,-1.0,0.0,0.8,0.0,0.0,0.0,0.0,0.0,0.0,0.0,0,0,-0.0,0.0,0.9999504643661932,1.0068723867791392,0.006874676973800382,0.0,0.0,0.0,0.0,0.0,-5e-05
98,8.35,0.008454106280193273,-1.0,0.0,0.8,0.0,0.0,0.0,0.0,0.0,0.0,0.0,0,0,0.0,0.0,0.9999504643661932,1.0068723867791392,0.006874676973800382,0.0,0.0,0.0,0.0,0.0,-5e-05
99,8.82,0.05628742514970068,-1.0,0.0,0.8,0.0,0.0,0.0,0.0,0.0,0.0,0.0,0,0,0.0,0.0,0.9999504643661932,1.0068723867791392,0.006874676973800382,0.0,0.0,0.0,0.0,0.0,-5e-05
100,8.92,0.011337868480725584,-1.0,0.0,0.8,0.0,0.0,0.0,0.0,0.0,0.0,0.0,0,0,0.0,0.0,0.9999504643661932,1.0068723867791392,0.006874676973800382,0.0,0.04278508483690763,0.034228067869526105,0.034228067869526105,0.0004066814137056042,-0.0017766012809242043
101,9.12,0.02242152466367705,-1.0,0.0,0.8,0.0,0.0,0.0,0.0,0.0,0.0,0.0,0,0,0.0,0.0,0.9999504643661932,1.0068723867791392,0.006874676973800382,0.0,0.12182788897272534,0.09746231117818027,0.09746231117818027,0.002169607826200316,-0.005977998201008893
102,8.78,-0.037280701754385956,-1.0,0.0,0.8,0.0,0.0,0.0,0.0,0.0,0.0,0.0,0,0,-0.0,0.0,0.9999504643661932,1.0068723867791392,0.006874676973800382,0.0,0.17643957814307187,0.14115166251445752,0.14115166251445752,0.003924100357693065,-0.009417261343406832
103,8.74,-0.00455580865603635,-1.0,0.0,0.8,0.0,0.0,0.0,0.0,0.0,0.0,0.0,0,0,-0.0,0.0,0.9999504643661932,1.0068723867791392,0.006874676973800382,0.0,0.1269251881489547,0.10154015051916376,0.10154015051916376,0.002316663701475352,-0.006282305755870604
104,8.74,0.0,-1.0,0.0,0.8,0.0,0.0,0.0,0.0,0.0,0.0,0.0,0,0,0.0,0.0,0.9999504643661932,1.0068723867791392,0.006874676973800382,0.0,0.0866308332651816,0.06930466661214528,0.06930466661214528,0.0012573682084598054,-0.003979929414690658
105,8.82,0.009153318077803212,-1.0,0.0,0.8,0.0,0.0,0.0,0.0,0.0,0.0,0.0,0,0,0.0,0.0,0.9999504643661932,1.0068723867791392,0.006874676973800382,0.0,0.0,0.0,0.0,0.0,-5e-05
106,8.91,0.010204081632653045,-1.0,0.0,0.8,0.0,0.0,0.0,0.0,0.0,0.0,0.0,0,0,0.0,0.0,0.9999504643661932,1.0068723867791392,0.006874676973800382,0.0,0.0,0.0,0.0,0.0,-5e-05
107,9.06,0.016835016835016876,-1.0,0.0,0.8,0.0,0.0,0.0,0.0,0.0,0.0,0.0,0,0,0.0,0.0,0.9999504643661932,1.0068723867791392,0.006874676973800382,0.0,0.0,0.0,0.0,0.0,-5e-05
108,8.88,-0.01986754966887414,-1.0,0.0,0.8,0.0,0.0,0.0,0.0,0.0,0.0,0.0,0,0,-0.0,0.0,0.9999504643661932,1.0068723867791392,0.006874676973800382,0.0,0.11838736184013506,0.09470988947210805,0.09470988947210805,0.0020724069358323536,-0.00577465704860052
109,9.1,0.024774774774774643,-1.0,0.0,0.8,0.0,0.0,0.0,0.0,0.0,0.0,0.0,0,0,0.0,0.0,0.9999504643661932,1.0068723867791392,0.006874676973800382,0.0,0.04824541633153893,0.03859633306523114,0.03859633306523114,0.0004928516129363101,-0.002031222706764286
110,9.05,-0.005494505494505378,-1.0,0.0,0.8,0.0,0.0,0.0,0.0,0.0,0.0,0.0,0,0,-0.0,0.0,0.9999504643661932,1.0068723867791392,0.006874676973800382,0.0,0.1649441816666783,0.13195534533334263,0.13195534533334263,0.0035231058341895698,-0.008661633838606594
111,8.75,-0.03314917127071831,-1.0,0.0,0.8,0.0,0.0,0.0,0.0,0.0,0.0,0.0,0,0,-0.0,0.0,0.9999504643661932,1.0068723867791392,0.006874676973800382,0.0,0.1163750197745808,0.09310001581966465,0.09310001581966465,0.0020163323457918314,-0.005656501705837649
112,8.6,-0.017142857142857182,-1.0,0.0,0.8,0.0,0.0,0.0,0.0,0.0,0.0,0.0,0,0,-0.0,0.0,0.9999504643661932,1.0068723867791392,0.006874676973800382,0.0,0.0,0.0,0.0,0.0,-5e-05
113,8.58,-0.0023255813953487877,-1.0,0.0,0.8,0.0,0.0,0.0,0.0,0.0,0.0,0.0,0,0,-0.0,0.0,0.9999504643661932,1.0068723867791392,0.006874676973800382,0.0,0.0,0.0,0.0,0.0,-5e-05
114,8.72,0.016317016317016382,-1.0,0.0,0.8,0.0,0.0,0.0,0.0,0.0,0.0,0.0,0,0,0.0,0.0,0.9999504643661932,1.0068723867791392,0.006874676973800382,0.0,0.0,0.0,0.0,0.0,-5e-05
115,8.6,-0.01376146788990837,-1.0,0.0,0.8,0.0,0.0,0.0,0.0,0.0,0.0,0.0,0,0,-0.0,0.0,0.9999504643661932,1.0068723867791392,0.006874676973800382,0.0,0.0,0.0,0.0,0.0,-5e-05
116,8.6,0.0,-1.0,0.0,0.8,0.0,0.0,0.0,0.0,0.0,0.0,0.0,0,0,0.0,0.0,0.9999504643661932,1.0068723867791392,0.006874676973800382,0.0,0.0,0.0,0.0,0.0,-5e-05
117,8.38,-0.025581395348837077,-1.0,0.0,0.8,0.0,0.0,0.0,0.0,0.0,0.0,0.0,0,0,-0.0,0.0,0.9999504643661932,1.0068723867791392,0.006874676973800382,0.0,0.0,0.0,0.0,0.0,-5e-05
118,8.41,0.003579952267303026,-1.0,0.0,0.8,0.0,0.0,0.0,0.0,0.0,0.0,0.0,0,0,0.0,0.0,0.9999504643661932,1.0068723867791392,0.006874676973800382,0.0,0.0,0.0,0.0,0.0,-5e-05
119,8.42,0.0011890606420927215,-1.0,0.0,0.8,0.0,0.0,0.0,0.0,0.0,0.0,0.0,0,0,0.0,0.0,0.9999504643661932,1.0068723867791392,0.006874676973800382,0.0,0.0,0.0,0.0,0.0,-5e-05
120,8.34,-0.009501187648456066,-1.0,0.0,0.8,0.0,0.0,0.0,0.0,0.0,0.0,0.0,0,0,-0.0,0.0,0.9999504643661932,1.0068723867791392,0.006874676973800382,0.0,0.0,0.0,0.0,0.0,-5e-05
121,8.47,0.015587529976019279,-1.0,0.0,0.8,0.0,0.0,0.0,0.0,0.0,0.0,0.0,0,0,0.0,0.0,0.9999504643661932,1.0068723867791392,0.006874676973800382,0.0,0.0,0.0,0.0,0.0,-5e-05
122,8.56,0.010625737898465154,-1.0,0.0,0.8,0.0,0.0,0.0,0.0,0.0,0.0,0.0,0,0,0.0,0.0,0.9999504643661932,1.0068723867791392,0.006874676973800382,0.0,0.0,0.0,0.0,0.0,-5e-05
123,8.55,-0.0011682242990653955,-1.0,0.0,0.8,0.0,0.0,0.0,0.0,0.0,0.0,0.0,0,0,-0.0,0.0,0.9999504643661932,1.0068723867791392,0.006874676973800382,0.0,0.042254369242575446,0.03380349539406036,0.03380349539406036,0.00039864019407232583,-0.0017521874852057784
124,8.94,0.045614035087719156,-1.0,0.0,0.8,0.0,0.0,0.0,0.0,0.0,0.0,0.0,0,0,0.0,0.0,0.9999504643661932,1.0068723867791392,0.006874676973800382,0.0,0.02783463966433438,0.022267711731467507,0.022267711731467507,0.0002044200330657053,-0.001113118666710421
125,8.85,-0.010067114093959717,-1.0,0.0,0.8,0.0,0.0,0.0,0.0,0.0,0.0,0.0,0,0,-0.0,0.0,0.9999504643661932,1.0068723867791392,0.006874676973800382,0.0,0.22080988525600237,0.17664790820480192,0.17664790820480192,0.005618444664910037,-0.01248042962505771
126,8.99,0.015819209039548088,-1.0,0.0,0.8,0.0,0.0,0.0,0.0,0.0,0.0,0.0,0,0,0.0,0.0,0.9999504643661932,1.0068723867791392,0.006874676973800382,0.0,0.2034942605243404,0.16279540841947232,0.16279540841947232,0.0049302614688860194,-0.011258059406061921
127,8.92,-0.007786429365962212,-0.7501339912414551,0.0,0.8,0.0,0.0,0.0,0.0,0.0,0.0,0.0,0,0,-0.0,0.0,0.9999504643661932,1.0068723867791392,0.006874676973800382,0.0,0.227435434558463,0.1819483476467704,0.1819483476467704,0.005890599482595587,-0.01295698263872417
128,9.1,0.020179372197309385,-1.0,0.0,0.8,0.0,0.0,0.0,0.0,0.0,0.0,0.0,0,0,0.0,0.0,0.9999504643661932,1.0068723867791392,0.006874676973800382,0.0,0.1639670528209968,0.13117364225679745,0.13117364225679745,0.0034897718381534147,-0.008598155417681165
129,8.94,-0.0175824175824176,-0.19698044657707214,0.0,0.8,0.0,0.0,0.0,0.0,0.0,0.0,0.0,0,0,-0.0,0.0,0.9999504643661932,1.0068723867791392,0.006874676973800382,0.0,0.2530891488359953,0.20247131906879626,0.20247131906879626,0.0069891462611973735,-0.014846946502787828
130,8.77,-0.019015659955257263,-1.0,0.0,0.8,0.0,0.0,0.0,0.0,0.0,0.0,0.0,0,0,-0.0,0.0,0.9999504643661932,1.0068723867791392,0.006874676973800382,0.0,0.04331064880230927,0.03464851904184742,0.03464851904184742,0.00041470377812191433,-0.0018008372936731552
131,8.87,0.011402508551881374,-1.0,0.0,0.8,0.0,0.0,0.0,0.0,0.0,0.0,0.0,0,0,0.0,0.0,0.9999504643661932,1.0068723867791392,0.006874676973800382,0.0,0.0,0.0,0.0,0.0,-5e-05
132,8.89,0.0022547914317927117,-1.0,0.0,0.8,0.0,0.0,0.0,0.0,0.0,0.0,0.0,0,0,0.0,0.0,0.9999504643661932,1.0068723867791392,0.006874676973800382,0.0,0.0,0.0,0.0,0.0,-5e-05
133,8.7,-0.021372328458942776,-1.0,0.0,0.8,0.0,0.0,0.0,0.0,0.0,0.0,0.0,0,0,-0.0,0.0,0.9999504643661932,1.0068723867791392,0.006874676973800382,0.0,0.023501039168416928,0.018800831334733543,0.018800831334733543,0.0001559286054321812,-0.0009309356637778434
134,8.66,-0.00459770114942519,-1.0,0.0,0.8,0.0,0.0,0.0,0.0,0.0,0.0,0.0,0,0,-0.0,0.0,0.9999504643661932,1.0068723867791392,0.006874676973800382,0.0,0.0,0.0,0.0,0.0,-5e-05
135,8.67,0.0011547344110854256,-1.0,0.0,0.8,0.0,0.0,0.0,0.0,0.0,0.0,0.0,0,0,0.0,0.0,0.9999504643661932,1.0068723867791392,0.006874676973800382,0.0,0.0,0.0,0.0,0.0,-5e-05
136,8.62,-0.005767012687427994,-1.0,0.0,0.8,0.0,0.0,0.0,0.0,0.0,0.0,0.0,0,0,-0.0,0.0,0.9999504643661932,1.0068723867791392,0.006874676973800382,0.0,0.0,0.0,0.0,0.0,-5e-05
137,8.58,-0.004640371229698278,-1.0,0.0,0.8,0.0,0.0,0.0,0.0,0.0,0.0,0.0,0,0,-0.0,0.0,0.9999504643661932,1.0068723867791392,0.006874676973800382,0.0,0.0,0.0,0.0,0.0,-5e-05
138,8.38,-0.02331002331002323,-1.0,0.0,0.8,0.0,0.0,0.0,0.0,0.0,0.0,0.0,0,0,-0.0,0.0,0.9999504643661932,1.0068723867791392,0.006874676973800382,0.0,0.0,0.0,0.0,0.0,-5e-05
139,8.4,0.002386634844868684,-1.0,0.0,0.8,0.0,0.0,0.0,0.0,0.0,0.0,0.0,0,0,0.0,0.0,0.9999504643661932,1.0068723867791392,0.006874676973800382,0.0,0.0,0.0,0.0,0.0,-5e-05
140,8.32,-0.009523809523809532,-1.0,0.0,0.8,0.0,0.0,0.0,0.0,0.0,0.0,0.0,0,0,-0.0,0.0,0.9999504643661932,1.0068723867791392,0.006874676973800382,0.0,0.0,0.0,0.0,0.0,-5e-05
141,8.72,0.04807692307692312,-1.0,0.0,0.8,0.0,0.0,0.0,0.0,0.0,0.0,0.0,0,0,0.0,0.0,0.9999504643661932,1.0068723867791392,0.006874676973800382,0.0,0.0,0.0,0.0,0.0,-5e-05
142,8.97,0.0286697247706422,-1.0,0.0,0.8,0.0,0.0,0.0,0.0,0.0,0.0,0.0,0,0,0.0,0.0,0.9999504643661932,1.0068723867791392,0.006874676973800382,0.0,0.034488704980577656,0.027590963984462126,0.027590963984462126,0.0002880510802946025,-0.0014020276289454232
143,9.36,0.04347826086956508,-1.0,0.0,0.8,0.0,0.0,0.0,0.0,0.0,0.0,0.0,0,0,0.0,0.0,0.9999504643661932,1.0068723867791392,0.006874676973800382,0.0,0.17212221715947446,0.13769777372757958,0.13769777372757958,0.003771599585978647,-0.009131569985348434
144,10.61,0.13354700854700854,1.0,0.1,0.8,0.1,0.1,0.0,0.0,0.0,0.0,0.0,1,0,0.0,0.0,0.9999504643661932,1.0068723867791392,0.006874676973800382,0.0,0.40008739793223136,0.32006991834578513,0.32006991834578513,0.014542339654822305,-0.02693503588103164
145,10.68,0.006597549481621139,1.0,0.1,0.8,0.1,0.1,0.0,0.1,0.1,0.0,0.0,0,0,0.0,0.0001,0.9998504693197565,1.0068723867791392,0.006973989506103034,9.931253230265231e-05,0.724180039525183,0.5793440316201464,0.4793440316201464,0.02775097385623334,-0.046790818875983055
146,10.37,-0.029026217228464466,1.0,0.2,0.8,0.2,0.2,0.1,0.2,0.1,0.1,0.0,0,0,-0.002902621722846447,0.0001,0.9968482965809787,1.0068723867791392,0.009955670976563623,0.002981681470460589,0.7280255085901117,0.5824204068720894,0.3824204068720894,0.01933339856581097,-0.03828537127420383
147,10.77,0.03857280617164902,1.0,0.30000000000000004,0.8,0.30000000000000004,0.30000000000000004,0.2,0.30000000000000004,0.10000000000000003,0.1,0.1,0,0,0.007714561234329805,0.00010000000000000003,1.004438858976632,1.0068723867791392,0.0024169178085136672,0.0,0.6159328300958568,0.4927462640766854,0.19274626407668538,0.006459814692505472,-0.009766484701843573
148,10.74,-0.0027855153203342024,1.0,0.4,0.8,0.4,0.4,0.30000000000000004,0.4,0.09999999999999998,0.10000000000000003,0.2,0,0,-0.0008356545961002609,9.999999999999998e-05,1.0034990511417288,1.0068723867791392,0.003350311004358025,0.0009333931958443579,0.665122318258519,0.5320978546068152,0.13209785460681522,0.0035291956264312386,-0.013440464823543948
149,10.68,-0.005586592178770996,-0.4320855140686035,0.35679144859313966,0.8,0.35679144859313966,0.35679144859313966,0.4,0.35679144859313966,-0.04320855140686036,0.09999999999999998,0.30000000000000004,0,0,-0.0022346368715083983,4.320855140686036e-05,1.0012132354211858,1.0068723867791392,0.005620524936686655,0.00227021393232863,0.5861251531818678,0.46890012254549424,0.11210867395235458,0.0027143462984970416,-0.013820329746119213
150,10.5,-0.016853932584269638,-1.0,0.2567914485931396,0.8,0.2567914485931396,0.2567914485931396,0.35679144859313966,0.2567914485931396,-0.10000000000000003,0.0,0.35679144859313966,0,0,-0.006013339021232682,0.00010000000000000003,0.9950924794805108,1.0068723867791392,0.011699503783504081,0.006078978846817426,0.23057248736973693,0.18445798989578954,0.0,0.0,-0.010754903219299835
151,10.91,0.03904761904761906,-1.0,0.15679144859313962,0.8,0.15679144859313962,0.15679144859313962,0.2567914485931396,0.15679144859313962,-0.1,0.0,0.2567914485931396,0,0,0.01002709465935117,0.0001,1.0049708567191225,1.0068723867791392,0.0018885512056790624,0.0,0.12229578698380239,0.09783662958704192,0.0,0.0,0.006827213850239701
152,11.98,0.09807516040329975,0.7898584604263306,0.23577729463577268,0.8,0.23577729463577268,0.23577729463577268,0.15679144859313962,0.23577729463577268,0.07898584604263306,0.0,0.15679144859313962,0,0,0.015377346470637895,7.898584604263306e-05,1.0203452633024201,1.0203452633024201,0.0,0.0,0.3638390699136264,0.29107125593090116,0.05529396129512848,0.000876045849029087,0.006957688874403195
153,11.92,-0.005008347245409057,1.0,0.33577729463577266,0.8,0.33577729463577266,0.33577729463577266,0.23577729463577268,0.33577729463577266,0.09999999999999998,0.07898584604263306,0.15679144859313962,0,0,-0.0011808545641190716,9.999999999999998e-05,1.019038349414942,1.0203452633024201,0.0012808545641190584,0.0012808545641190584,0.6058855212318321,0.48470841698546574,0.14893112234969308,0.004275818374467467,-0.015388408513694565
154,11.75,-0.014261744966442946,1.0,0.43577729463577264,0.8,0.43577729463577264,0.43577729463577264,0.33577729463577266,0.43577729463577264,0.09999999999999998,0.09999999999999998,0.23577729463577268,0,0,-0.004788770141617561,9.999999999999998e-05,1.014056505159159,1.0203452633024201,0.006163362902187752,0.0048825083380686935,0.5754155735554025,0.46033245884432206,0.024555164208549418,0.00023904026293227723,-0.012054702312924954
155,11.91,0.013617021276595757,-1.0,0.33577729463577266,0.8,0.33577729463577266,0.33577729463577266,0.43577729463577264,0.33577729463577266,-0.09999999999999998,0.09999999999999998,0.33577729463577266,0,0,0.005933988692912654,9.999999999999998e-05,1.019972499344232,1.0203452633024201,0.000365331198756787,0.0,0.5169142071895457,0.4135313657516366,0.07775407111586397,0.0015114699922060752,-0.004094808432563817
156,11.9,-0.000839630562552459,1.0,0.43577729463577264,0.8,0.43577729463577264,0.43577729463577264,0.33577729463577266,0.43577729463577264,0.09999999999999998,0.0,0.33577729463577266,0,0,-0.00028192887878737656,9.999999999999998e-05,1.0195829423911635,1.0203452633024201,0.0007471205470090612,0.0003817893482522742,0.5780730512720683,0.46245844101765465,0.026681146381882015,0.0002730044249546151,-0.007612910668720293
157,12.13,0.01932773109243701,-1.0,0.33577729463577266,0.8,0.33577729463577266,0.33577729463577266,0.43577729463577264,0.33577729463577266,-0.09999999999999998,0.09999999999999998,0.33577729463577266,0,0,0.008422586366909906,9.999999999999998e-05,1.028068509487442,1.028068509487442,0.0,0.0,0.4694113456171713,0.37552907649373707,0.03975178185796441,0.0005166697917001358,0.0001437592305689694
158,12.27,0.011541632316570386,-1.0,0.23577729463577266,0.8,0.23577729463577266,0.23577729463577266,0.33577729463577266,0.23577729463577266,-0.1,0.0,0.33577729463577266,0,0,0.0038754180749388098,0.0001,1.0319498979204362,1.0319498979204362,0.0,0.0,0.26153260835802855,0.20922608668642284,0.0,0.0,-0.0016961611520605105
159,13.54,0.10350448247758758,-0.13404162228107452,0.2223731324076652,0.8,0.2223731324076652,0.2223731324076652,0.23577729463577266,0.2223731324076652,-0.013404162228107447,0.0,0.23577729463577266,1,0,0.024404006861241334,1.3404162228107447e-05,1.057119777885901,1.057119777885901,0.0,0.0,0.30146403647165465,0.24117122917732373,0.018798096769658518,0.0001558923195207818,0.018047668566987578
160,14.01,0.03471196454948306,1.0,0.3223731324076652,0.8,0.3223731324076652,0.3223731324076652,0.2223731324076652,0.3223731324076652,0.09999999999999998,0.0,0.2223731324076652,0,0,0.007719008288892377,9.999999999999998e-05,1.0651739822359656,1.0651739822359656,0.0,0.0,0.6718680110886177,0.5374944088708942,0.21512127646322898,0.0077008009045608835,-0.011342128841458087
161,12.64,-0.09778729478943607,1.0,0.42237313240766516,0.8,0.42237313240766516,0.42237313240766516,0.3223731324076652,0.42237313240766516,0.09999999999999998,0.09999999999999998,0.2223731324076652,0,0,-0.03152399653094226,9.999999999999998e-05,1.0314889239168854,1.0651739822359656,0.031623996530942326,0.031623996530942326,0.7122001892860828,0.5697601514288663,0.1473870190212011,0.004205109271668098,-0.0840047599709576
162,13.14,0.03955696202531645,-1.0,0.3223731324076652,0.741880016030334,0.3223731324076652,0.3223731324076652,0.42237313240766516,0.3223731324076652,-0.09999999999999998,0.09999999999999998,0.3223731324076652,0,0,0.016707797959163967,9.999999999999998e-05,1.0486196835624124,1.0651739822359656,0.015541403516825614,0.0,0.33832233354135,0.25099457823107674,0.0,0.0,0.010837733135170528
163,13.0,-0.010654490106544944,-0.9310292601585388,0.22927020639181128,0.8,0.22927020639181128,0.22927020639181128,0.3223731324076652,0.22927020639181128,-0.0931029260158539,0.0,0.3223731324076652,0,0,-0.003434721349853372,9.310292601585391e-05,1.0449203375865868,1.0651739822359656,0.01901440045208699,0.003472996935261376,0.42132475904806344,0.33705980723845075,0.10778960084663947,0.0025489745032956654,-0.014855671114454771
164,12.14,-0.0661538461538461,-0.7879418134689331,0.15047602504491797,0.8,0.15047602504491797,0.15047602504491797,0.22927020639181128,0.15047602504491797,-0.07879418134689331,0.0,0.22927020639181128,0,0,-0.015167105961304427,7.879418134689332e-05,1.028989586462716,1.0651739822359656,0.033970408944173455,0.014956008492086465,0.3227638883805122,0.2582111107044098,0.1077350856594918,0.0025469121635380305,-0.03152261076179914
165,11.55,-0.04859967051070839,-1.0,0.050476025044917966,0.7301479592936813,0.050476025044917966,0.050476025044917966,0.15047602504491797,0.050476025044917966,-0.1,0.0,0.15047602504491797,0,0,-0.007313085236944117,0.0001,1.0213615989503402,1.0651739822359656,0.041131668644080494,0.007161259699907038,0.0,0.0,0.0,0.0,-0.007689375921884259
166,11.68,0.011255411255411168,-1.0,0.0,0.694341661038656,0.0,0.0,0.050476025044917966,0.0,-0.050476025044917966,0.0,0.050476025044917966,0,0,0.0005681284204189856,5.0476025044917965e-05,1.02189030922858,1.0651739822359656,0.040635308155505645,0.0,0.0,0.0,0.0,0.0,0.00031622432023931373
167,12.01,0.028253424657534252,-1.0,0.0,0.6968234680618808,0.0,0.0,0.0,0.0,0.0,0.0,0.0,0,0,0.0,0.0,1.02189030922858,1.0651739822359656,0.040635308155505645,0.0,0.0,0.0,0.0,0.0,-5e-05
168,12.08,0.005828476269775211,-1.0,0.0,0.6968234680618808,0.0,0.0,0.0,0.0,0.0,0.0,0.0,0,0,0.0,0.0,1.02189030922858,1.0651739822359656,0.040635308155505645,0.0,0.0,0.0,0.0,0.0,-5e-05
169,11.88,-0.01655629139072842,-1.0,0.0,0.6968234680618808,0.0,0.0,0.0,0.0,0.0,0.0,0.0,0,0,-0.0,0.0,1.02189030922858,1.0651739822359656,0.040635308155505645,0.0,0.0,0.0,0.0,0.0,-5e-05
170,12.12,0.02020202020202007,-1.0,0.0,0.6968234680618808,0.0,0.0,0.0,0.0,0.0,0.0,0.0,0,0,0.0,0.0,1.02189030922858,1.0651739822359656,0.040635308155505645,0.0,0.0,0.0,0.0,0.0,-5e-05
171,11.91,-0.017326732673267252,-1.0,0.0,0.6968234680618808,0.0,0.0,0.0,0.0,0.0,0.0,0.0,0,0,-0.0,0.0,1.02189030922858,1.0651739822359656,0.040635308155505645,0.0,0.13062637165508115,0.09102352131703381,0.09102352131703381,0.0019448598979337373,-0.00602468346349299
172,11.49,-0.035264483627204024,-1.0,0.0,0.6968234680618808,0.0,0.0,0.0,0.0,0.0,0.0,0.0,0,0,-0.0,0.0,1.02189030922858,1.0651739822359656,0.040635308155505645,0.0,0.013964290090360945,0.009730645049787469,0.009730645049787469,5.435870711530524e-05,-0.0005351570564029403
173,11.06,-0.03742384682332461,-1.0,0.0,0.6968234680618808,0.0,0.0,0.0,0.0,0.0,0.0,0.0,0,0,-0.0,0.0,1.02189030922858,1.0651739822359656,0.040635308155505645,0.0,0.0,0.0,0.0,0.0,-5e-05
174,11.07,0.0009041591320072139,-1.0,0.0,0.6968234680618808,0.0,0.0,0.0,0.0,0.0,0.0,0.0,0,0,0.0,0.0,1.02189030922858,1.0651739822359656,0.040635308155505645,0.0,0.0,0.0,0.0,0.0,-5e-05
175,11.12,0.004516711833784908,-1.0,0.0,0.6968234680618808,0.0,0.0,0.0,0.0,0.0,0.0,0.0,0,0,0.0,0.0,1.02189030922858,1.0651739822359656,0.040635308155505645,0.0,0.0,0.0,0.0,0.0,-5e-05
176,11.57,0.04046762589928067,-1.0,0.0,0.6968234680618808,0.0,0.0,0.0,0.0,0.0,0.0,0.0,0,0,0.0,0.0,1.02189030922858,1.0651739822359656,0.040635308155505645,0.0,0.0,0.0,0.0,0.0,-5e-05
177,12.38,0.07000864304235095,-1.0,0.0,0.6968234680618808,0.0,0.0,0.0,0.0,0.0,0.0,0.0,0,0,0.0,0.0,1.02189030922858,1.0651739822359656,0.040635308155505645,0.0,0.0,0.0,0.0,0.0,-5e-05
178,12.83,0.036348949919224494,-0.9426762461662292,0.0,0.6968234680618808,0.0,0.0,0.0,0.0,0.0,0.0,0.0,0,0,0.0,0.0,1.02189030922858,1.0651739822359656,0.040635308155505645,0.0,0.2474732673705312,0.17244518042173865,0.17244518042173865,0.005406101645629512,-0.0130906519440104
179,12.9,0.005455962587685135,1.0,0.1,0.6968234680618808,0.1,0.1,0.0,0.1,0.1,0.0,0.0,0,0,0.0,0.0001,1.0217881201976573,1.0651739822359656,0.04073124462468999,9.593646918434201e-05,0.45396360066283464,0.31633249058773516,0.21633249058773515,0.007770291469693238,-0.01983855236679437
180,12.66,-0.018604651162790715,1.0,0.2,0.6963437810566113,0.2,0.2,0.1,0.2,0.1,0.1,0.0,0,0,-0.0018604651162790716,0.0001,1.0197849402317816,1.0651739822359656,0.04261185755673959,0.001880612932049601,0.47328996647647864,0.32957252479238797,0.12957252479238796,0.003421867457226797,-0.015829395849397805
181,12.44,-0.017377567140600365,-1.0,0.1,0.6869407199351443,0.1,0.1,0.2,0.1,-0.1,0.1,0.1,0,0,-0.003475513428120073,0.0001,1.0161386854841883,1.0651739822359656,0.04603501171596833,0.003423154159228739,0.41437500275200656,0.28465106271359075,0.18465106271359075,0.006031223295872079,-0.020553611794993924
182,13.03,0.04742765273311896,-1.0,0.0,0.6698249481650949,0.0,0.0,0.1,0.0,-0.1,0.0,0.1,0,0,0.004742765273311897,0.0001,1.020856378886023,1.0651739822359656,0.041605976196407914,0.0,0.2596336176434187,0.173909074479919,0.173909074479919,0.005479716617205543,-0.009196648448193113
183,12.72,-0.02379125095932454,-0.041665732860565186,0.0,0.691970122608263,0.0,0.0,0.0,0.0,0.0,0.0,0.0,0,0,-0.0,0.0,1.020856378886023,1.0651739822359656,0.041605976196407914,0.0,0.2726354428436177,0.18865558081185618,0.18865558081185618,0.006241859096478572,-0.014702662508204178
184,12.49,-0.018081761006289342,-1.0,0.0,0.691970122608263,0.0,0.0,0.0,0.0,0.0,0.0,0.0,0,0,-0.0,0.0,1.020856378886023,1.0651739822359656,0.041605976196407914,0.0,0.0592414370096019,0.04099330443102391,0.04099330443102391,0.0005427292071439166,-0.002420327538890135
185,12.53,0.0032025620496396435,-1.0,0.0,0.691970122608263,0.0,0.0,0.0,0.0,0.0,0.0,0.0,0,0,0.0,0.0,1.020856378886023,1.0651739822359656,0.041605976196407914,0.0,0.0,0.0,0.0,0.0,-5e-05
186,12.32,-0.016759776536312776,-1.0,0.0,0.691970122608263,0.0,0.0,0.0,0.0,0.0,0.0,0.0,0,0,-0.0,0.0,1.020856378886023,1.0651739822359656,0.041605976196407914,0.0,0.02252837668624241,0.015588963577744292,0.015588963577744292,0.0001155447180636725,-0.0008605451388342508
187,13.1,0.06331168831168826,-1.0,0.0,0.691970122608263,0.0,0.0,0.0,0.0,0.0,0.0,0.0,0,0,0.0,0.0,1.020856378886023,1.0651739822359656,0.041605976196407914,0.0,0.0,0.0,0.0,0.0,-5e-05
188,14.73,0.12442748091603059,-1.0,0.0,0.691970122608263,0.0,0.0,0.0,0.0,0.0,0.0,0.0,1,0,0.0,0.0,1.020856378886023,1.0651739822359656,0.041605976196407914,0.0,0.12688200400293023,0.08779855586668975,0.08779855586668975,0.0018357870653386346,-0.005800096888829032
189,16.43,0.1154107264086897,1.0,0.1,0.691970122608263,0.1,0.1,0.0,0.0,0.0,0.0,0.0,1,0,0.0,0.0,1.020856378886023,1.0651739822359656,0.041605976196407914,0.0,0.6335397976223356,0.43839061143794167,0.43839061143794167,0.024055838587061364,-0.043650541343710415
190,14.71,-0.10468654899573944,1.0,0.1,0.691970122608263,0.1,0.1,0.0,0.1,0.1,0.0,0.0,0,1,-0.0,0.0001,1.0207542932481344,1.0651739822359656,0.04170181559878828,9.583940238036548e-05,0.8428812780247289,0.583248661298981,0.48324866129898103,0.028113541960840906,-0.05021587893387891
191,13.9,-0.05506458191706325,1.0,0.2,0.6914909198907323,0.2,0.2,0.1,0.2,0.1,0.1,0.0,0,0,-0.005506458191706326,0.0001,1.0150314769790338,1.0651739822359656,0.047074474304821874,0.005372658706033595,0.613550358434025,0.4242645017528324,0.2242645017528324,0.008231128211958514,-0.02731427414583978
192,14.0,0.007194244604316521,0.31067076325416565,0.23106707632541656,0.6646276280317771,0.23106707632541656,0.23106707632541656,0.2,0.23106707632541656,0.031067076325416554,0.1,0.1,0,0,0.0014388489208633044,3.1067076325416554e-05,1.0164604198639593,1.0651739822359656,0.045732963050551585,0.0,0.45253707583202796,0.3007686433066772,0.06970156698126062,0.001268909287665776,-0.009055153005422091
193,13.75,-0.017857142857142856,-1.0,0.13106707632541656,0.6713351808520536,0.13106707632541656,0.13106707632541656,0.23106707632541656,0.13106707632541656,-0.1,0.031067076325416554,0.2,0,0,-0.004126197791525296,0.0001,1.0121646570823573,1.0651739822359656,0.04976588429463283,0.004032921244081243,0.32042251958783285,0.21511091013656844,0.08404383381115188,0.0017117954904547629,-0.014031575079639797
194,12.99,-0.05527272727272726,-1.0,0.031067076325416554,0.6511705756224646,0.031067076325416554,0.031067076325416554,0.13106707632541656,0.031067076325416554,-0.1,0.0,0.13106707632541656,0,0,-0.007244434764168477,0.0001,1.004730879787819,1.0651739822359656,0.0567448167681182,0.006978932473485369,0.0,0.0,0.0,0.0,-0.007629480323944614
195,12.83,-0.012317167051578148,-1.0,0.0,0.6162759117828047,0.0,0.0,0.031067076325416554,0.0,-0.031067076325416554,0.0,0.031067076325416554,0,0,-0.0003826583689042843,3.1067076325416554e-05,1.0043151970572428,1.0651739822359656,0.057135065438765925,0.0003902486706477276,0.0,0.0,0.0,0.0,-0.0005569266742059505
196,12.32,-0.039750584567420096,-1.0,0.0,0.6143246792303251,0.0,0.0,0.0,0.0,0.0,0.0,0.0,0,0,-0.0,0.0,1.0043151970572428,1.0651739822359656,0.057135065438765925,0.0,0.0,0.0,0.0,0.0,-5e-05
197,12.24,-0.006493506493506499,-1.0,0.0,0.6143246792303251,0.0,0.0,0.0,0.0,0.0,0.0,0.0,0,0,-0.0,0.0,1.0043151970572428,1.0651739822359656,0.057135065438765925,0.0,0.0,0.0,0.0,0.0,-5e-05
198,10.74,-0.12254901960784313,-1.0,0.0,0.6143246792303251,0.0,0.0,0.0,0.0,0.0,0.0,0.0,0,1,-0.0,0.0,1.0043151970572428,1.0651739822359656,0.057135065438765925,0.0,0.0,0.0,0.0,0.0,-5e-05
199,11.0,0.02420856610800743,-1.0,0.0,0.6143246792303251,0.0,0.0,0.0,0.0,0.0,0.0,0.0,0,0,0.0,0.0,1.0043151970572428,1.0651739822359656,0.057135065438765925,0.0,0.0,0.0,0.0,0.0,-5e-05
200,10.78,-0.02000000000000006,-1.0,0.0,0.6143246792303251,0.0,0.0,0.0,0.0,0.0,0.0,0.0,0,0,-0.0,0.0,1.0043151970572428,1.0651739822359656,0.057135065438765925,0.0,0.0,0.0,0.0,0.0,-5e-05
201,10.65,-0.012059369202226253,-1.0,0.0,0.6143246792303251,0.0,0.0,0.0,0.0,0.0,0.0,0.0,0,0,-0.0,0.0,1.0043151970572428,1.0651739822359656,0.057135065438765925,0.0,0.0,0.0,0.0,0.0,-5e-05
202,11.04,0.036619718309859044,-1.0,0.0,0.6143246792303251,0.0,0.0,0.0,0.0,0.0,0.0,0.0,0,0,0.0,0.0,1.0043151970572428,1.0651739822359656,0.057135065438765925,0.0,0.0,0.0,0.0,0.0,-5e-05
203,10.7,-0.030797101449275353,-1.0,0.0,0.6143246792303251,0.0,0.0,0.0,0.0,0.0,0.0,0.0,0,0,-0.0,0.0,1.0043151970572428,1.0651739822359656,0.057135065438765925,0.0,0.0,0.0,0.0,0.0,-5e-05
204,10.43,-0.025233644859813047,-1.0,0.0,0.6143246792303251,0.0,0.0,0.0,0.0,0.0,0.0,0.0,0,0,-0.0,0.0,1.0043151970572428,1.0651739822359656,0.057135065438765925,0.0,0.0,0.0,0.0,0.0,-5e-05
205,10.71,0.026845637583892728,-1.0,0.0,0.6143246792303251,0.0,0.0,0.0,0.0,0.0,0.0,0.0,0,0,0.0,0.0,1.0043151970572428,1.0651739822359656,0.057135065438765925,0.0,0.0,0.0,0.0,0.0,-5e-05
206,10.65,-0.0056022408963585894,-1.0,0.0,0.6143246792303251,0.0,0.0,0.0,0.0,0.0,0.0,0.0,0,0,-0.0,0.0,1.0043151970572428,1.0651739822359656,0.057135065438765925,0.0,0.0,0.0,0.0,0.0,-5e-05
207,10.02,-0.05915492957746486,-1.0,0.0,0.6143246792303251,0.0,0.0,0.0,0.0,0.0,0.0,0.0,0,0,-0.0,0.0,1.0043151970572428,1.0651739822359656,0.057135065438765925,0.0,0.0,0.0,0.0,0.0,-5e-05
208,10.02,0.0,-1.0,0.0,0.6143246792303251,0.0,0.0,0.0,0.0,0.0,0.0,0.0,0,0,0.0,0.0,1.0043151970572428,1.0651739822359656,0.057135065438765925,0.0,0.0,0.0,0.0,0.0,-5e-05
209,10.32,0.029940119760479115,-1.0,0.0,0.6143246792303251,0.0,0.0,0.0,0.0,0.0,0.0,0.0,0,0,0.0,0.0,1.0043151970572428,1.0651739822359656,0.057135065438765925,0.0,0.0,0.0,0.0,0.0,-5e-05
210,10.19,-0.012596899224806278,-1.0,0.0,0.6143246792303251,0.0,0.0,0.0,0.0,0.0,0.0,0.0,0,0,-0.0,0.0,1.0043151970572428,1.0651739822359656,0.057135065438765925,0.0,0.0,0.0,0.0,0.0,-5e-05
211,9.86,-0.03238469087340531,-1.0,0.0,0.6143246792303251,0.0,0.0,0.0,0.0,0.0,0.0,0.0,0,0,-0.0,0.0,1.0043151970572428,1.0651739822359656,0.057135065438765925,0.0,0.0,0.0,0.0,0.0,-5e-05
212,9.72,-0.014198782961460325,-1.0,0.0,0.6143246792303251,0.0,0.0,0.0,0.0,0.0,0.0,0.0,0,0,-0.0,0.0,1.0043151970572428,1.0651739822359656,0.057135065438765925,0.0,0.0,0.0,0.0,0.0,-5e-05
213,10.08,0.03703703703703698,-1.0,0.0,0.6143246792303251,0.0,0.0,0.0,0.0,0.0,0.0,0.0,0,0,0.0,0.0,1.0043151970572428,1.0651739822359656,0.057135065438765925,0.0,0.0,0.0,0.0,0.0,-5e-05
214,10.22,0.013888888888888945,-1.0,0.0,0.6143246792303251,0.0,0.0,0.0,0.0,0.0,0.0,0.0,0,0,0.0,0.0,1.0043151970572428,1.0651739822359656,0.057135065438765925,0.0,0.0,0.0,0.0,0.0,-5e-05
215,10.45,0.022504892367905933,-1.0,0.0,0.6143246792303251,0.0,0.0,0.0,0.0,0.0,0.0,0.0,0,0,0.0,0.0,1.0043151970572428,1.0651739822359656,0.057135065438765925,0.0,0.0,0.0,0.0,0.0,-5e-05
216,10.29,-0.01531100478468901,-1.0,0.0,0.6143246792303251,0.0,0.0,0.0,0.0,0.0,0.0,0.0,0,0,-0.0,0.0,1.0043151970572428,1.0651739822359656,0.057135065438765925,0.0,0.05376545238079297,0.03302944428750396,0.03302944428750396,0.0003841355813082981,-0.0020927997872557612
217,10.5,0.020408163265306208,-1.0,0.0,0.6143246792303251,0.0,0.0,0.0,0.0,0.0,0.0,0.0,0,0,0.0,0.0,1.0043151970572428,1.0651739822359656,0.057135065438765925,0.0,0.09719448365916805,0.059708969996875486,0.059708969996875486,0.0009906171368271953,-0.00403906695771253
218,10.2,-0.02857142857142864,-1.0,0.0,0.6143246792303251,0.0,0.0,0.0,0.0,0.0,0.0,0.0,0,0,-0.0,0.0,1.0043151970572428,1.0651739822359656,0.057135065438765925,0.0,0.23544642137564972,0.14464054728752396,0.14464054728752396,0.00408043627417004,-0.011393958373608834
219,9.9,-0.029411764705882252,-1.0,0.0,0.6143246792303251,0.0,0.0,0.0,0.0,0.0,0.0,0.0,0,0,-0.0,0.0,1.0043151970572428,1.0651739822359656,0.057135065438765925,0.0,0.008039015802446654,0.004938565804165555,0.004938565804165555,1.836554672090239e-05,-0.00031636918422638165
220,9.9,0.0,-1.0,0.0,0.6143246792303251,0.0,0.0,0.0,0.0,0.0,0.0,0.0,0,0,0.0,0.0,1.0043151970572428,1.0651739822359656,0.057135065438765925,0.0,0.0,0.0,0.0,0.0,-5e-05
221,9.65,-0.025252525252525252,-1.0,0.0,0.6143246792303251,0.0,0.0,0.0,0.0,0.0,0.0,0.0,0,0,-0.0,0.0,1.0043151970572428,1.0651739822359656,0.057135065438765925,0.0,0.0,0.0,0.0,0.0,-5e-05
222,8.5,-0.11917098445595858,-1.0,0.0,0.6143246792303251,0.0,0.0,0.0,0.0,0.0,0.0,0.0,0,1,-0.0,0.0,1.0043151970572428,1.0651739822359656,0.057135065438765925,0.0,0.0,0.0,0.0,0.0,-5e-05
223,8.92,0.04941176470588234,-1.0,0.0,0.6143246792303251,0.0,0.0,0.0,0.0,0.0,0.0,0.0,0,0,0.0,0.0,1.0043151970572428,1.0651739822359656,0.057135065438765925,0.0,0.0,0.0,0.0,0.0,-5e-05
224,8.73,-0.021300448430493217,-1.0,0.0,0.6143246792303251,0.0,0.0,0.0,0.0,0.0,0.0,0.0,0,0,-0.0,0.0,1.0043151970572428,1.0651739822359656,0.057135065438765925,0.0,0.0,0.0,0.0,0.0,-5e-05
225,8.76,0.0034364261168384146,-1.0,0.0,0.6143246792303251,0.0,0.0,0.0,0.0,0.0,0.0,0.0,0,0,0.0,0.0,1.0043151970572428,1.0651739822359656,0.057135065438765925,0.0,0.0,0.0,0.0,0.0,-5e-05
226,8.63,-0.014840182648401713,-1.0,0.0,0.6143246792303251,0.0,0.0,0.0,0.0,0.0,0.0,0.0,0,0,-0.0,0.0,1.0043151970572428,1.0651739822359656,0.057135065438765925,0.0,0.0,0.0,0.0,0.0,-5e-05
227,8.51,-0.01390498261877184,-1.0,0.0,0.6143246792303251,0.0,0.0,0.0,0.0,0.0,0.0,0.0,0,0,-0.0,0.0,1.0043151970572428,1.0651739822359656,0.057135065438765925,0.0,0.0,0.0,0.0,0.0,-5e-05
228,8.47,-0.004700352526439383,-1.0,0.0,0.6143246792303251,0.0,0.0,0.0,0.0,0.0,0.0,0.0,0,0,-0.0,0.0,1.0043151970572428,1.0651739822359656,0.057135065438765925,0.0,0.0,0.0,0.0,0.0,-5e-05
229,8.66,0.02243211334120419,-1.0,0.0,0.6143246792303251,0.0,0.0,0.0,0.0,0.0,0.0,0.0,0,0,0.0,0.0,1.0043151970572428,1.0651739822359656,0.057135065438765925,0.0,0.0,0.0,0.0,0.0,-5e-05
230,8.9,0.027713625866050834,-1.0,0.0,0.6143246792303251,0.0,0.0,0.0,0.0,0.0,0.0,0.0,0,0,0.0,0.0,1.0043151970572428,1.0651739822359656,0.057135065438765925,0.0,0.0,0.0,0.0,0.0,-5e-05
231,9.27,0.04157303370786508,-1.0,0.0,0.6143246792303251,0.0,0.0,0.0,0.0,0.0,0.0,0.0,0,0,0.0,0.0,1.0043151970572428,1.0651739822359656,0.057135065438765925,0.0,0.0,0.0,0.0,0.0,-5e-05
232,9.19,-0.008629989212513492,-1.0,0.0,0.6143246792303251,0.0,0.0,0.0,0.0,0.0,0.0,0.0,0,0,-0.0,0.0,1.0043151970572428,1.0651739822359656,0.057135065438765925,0.0,0.18610155866969919,0.11432678033402648,0.11432678033402648,0.002800781740211916,-0.008592014825172136
233,8.99,-0.021762785636561404,-1.0,0.0,0.6143246792303251,0.0,0.0,0.0,0.0,0.0,0.0,0.0,0,0,-0.0,0.0,1.0043151970572428,1.0651739822359656,0.057135065438765925,0.0,0.19153562823803555,0.11766506337850999,0.11766506337850999,0.0029327737628366056,-0.008891647893980002
234,9.06,0.007786429365962212,-1.0,0.0,0.6143246792303251,0.0,0.0,0.0,0.0,0.0,0.0,0.0,0,0,0.0,0.0,1.0043151970572428,1.0651739822359656,0.057135065438765925,0.0,0.12152601481388832,0.07465643006868168,0.07465643006868168,0.001416283057061234,-0.005215360614069688
235,9.1,0.004415011037527499,-1.0,0.0,0.6143246792303251,0.0,0.0,0.0,0.0,0.0,0.0,0.0,0,0,0.0,0.0,1.0043151970572428,1.0651739822359656,0.057135065438765925,0.0,0.1005685640776572,0.061781750867661155,0.061781750867661155,0.0010462099556116048,-0.00419875015740733
236,9.0,-0.01098901098901095,-1.0,0.0,0.6143246792303251,0.0,0.0,0.0,0.0,0.0,0.0,0.0,0,0,-0.0,0.0,1.0043151970572428,1.0651739822359656,0.057135065438765925,0.0,0.04966524311734952,0.03051058454696185,0.03051058454696185,0.00033834779824283757,-0.0019205205484130702
237,10.21,0.13444444444444453,-1.0,0.0,0.6143246792303251,0.0,0.0,0.0,0.0,0.0,0.0,0.0,1,0,0.0,0.0,1.0043151970572428,1.0651739822359656,0.057135065438765925,0.0,0.0,0.0,0.0,0.0,-5e-05
238,10.25,0.00391772771792352,1.0,0.1,0.6143246792303251,0.1,0.1,0.0,0.1,0.1,0.0,0.0,0,0,0.0,0.0001,1.004214765537537,1.0651739822359656,0.057229351932222054,9.42864934561291e-05,0.461903322959253,0.28375861071236436,0.18375861071236435,0.005984650975585068,-0.0182577567079338
239,10.36,0.010731707317073116,1.0,0.2,0.6138532437430665,0.2,0.2,0.1,0.2,0.1,0.1,0.0,0,0,0.0010731707317073117,0.0001,1.0051920379557064,1.0651739822359656,0.056311875130809846,0.0,0.5192800509758734,0.3187617437026048,0.11876174370260478,0.002976631094280633,-0.013443909463652188
240,10.21,-0.014478764478764342,1.0,0.30000000000000004,0.6184406220958323,0.30000000000000004,0.30000000000000004,0.2,0.30000000000000004,0.10000000000000003,0.1,0.1,0,0,-0.0028957528957528687,0.00010000000000000003,1.002180730997213,1.0651739822359656,0.05913893156357418,0.0028270564327643327,0.5364598905215772,0.3317685884236263,0.03176858842362623,0.0003609434611793701,-0.012895098452007678
241,10.1,-0.010773751224290029,-1.0,0.20000000000000004,0.6043053433347988,0.20000000000000004,0.20000000000000004,0.30000000000000004,0.20000000000000004,-0.1,0.10000000000000003,0.2,0,0,-0.003232125367287009,0.0001,0.998841339160851,1.0651739822359656,0.06227399859680391,0.00313506703322973,0.4761930970307461,0.28776603299482617,0.08776603299482613,0.0018346991489065843,-0.01567659541205771
242,9.63,-0.04653465346534642,-0.797116219997406,0.12028837800025943,0.5857875136662102,0.12028837800025943,0.12028837800025943,0.20000000000000004,0.12028837800025943,-0.0797116219997406,0.0,0.20000000000000004,0,0,-0.009306930693069286,7.971162199974061e-05,0.9894655727806436,1.0651739822359656,0.0710760971615156,0.008802098564711688,0.4566966035464999,0.2675271678913071,0.14723878989104766,0.0041983446965610325,-0.025166275036842194
243,9.66,0.0031152647975077213,-1.0,0.020288378000259427,0.530774405600371,0.020288378000259427,0.020288378000259427,0.12028837800025943,0.020288378000259427,-0.1,0.0,0.12028837800025943,0,0,0.00037473014953351045,0.0001,0.9897374088054121,1.0651739822359656,0.0708208937587834,0.0,0.0,0.0,0.0,0.0,-1.5372632435488675e-05
244,9.68,0.0020703933747411567,-1.0,0.0,0.5323694352077464,0.0,0.0,0.020288378000259427,0.0,-0.020288378000259427,0.0,0.020288378000259427,0,0,4.2004923395981355e-05,2.0288378000259426e-05,0.9897589024827802,1.0651739822359656,0.07080071519854196,0.0,0.0,0.0,0.0,0.0,-8.914858860505636e-05
245,9.74,0.006198347107438068,-1.0,0.0,0.5324955362843462,0.0,0.0,0.0,0.0,0.0,0.0,0.0,0,0,0.0,0.0,0.9897589024827802,1.0651739822359656,0.07080071519854196,0.0,0.0,0.0,0.0,0.0,-5e-05
246,9.72,-0.0020533880903490323,-1.0,0.0,0.5324955362843462,0.0,0.0,0.0,0.0,0.0,0.0,0.0,0,0,-0.0,0.0,0.9897589024827802,1.0651739822359656,0.07080071519854196,0.0,0.0,0.0,0.0,0.0,-5e-05
247,9.71,-0.0010288065843621179,-1.0,0.0,0.5324955362843462,0.0,0.0,0.0,0.0,0.0,0.0,0.0,0,0,-0.0,0.0,0.9897589024827802,1.0651739822359656,0.07080071519854196,0.0,0.0,0.0,0.0,0.0,-5e-05
248,9.61,-0.01029866117404752,-1.0,0.0,0.5324955362843462,0.0,0.0,0.0,0.0,0.0,0.0,0.0,0,0,-0.0,0.0,0.9897589024827802,1.0651739822359656,0.07080071519854196,0.0,0.05873419509014223,0.0312756967127547,0.0312756967127547,0.00035202515492055474,-0.0022139750734514424
249,9.76,0.015608740894901182,-1.0,0.0,0.5324955362843462,0.0,0.0,0.0,0.0,0.0,0.0,0.0,0,0,0.0,0.0,0.9897589024827802,1.0651739822359656,0.07080071519854196,0.0,0.0,0.0,0.0,0.0,-5e-05
250,9.31,-0.04610655737704911,-1.0,0.0,0.5324955362843462,0.0,0.0,0.0,0.0,0.0,0.0,0.0,0,0,-0.0,0.0,0.9897589024827802,1.0651739822359656,0.07080071519854196,0.0,0.04856463117151222,0.025860449320125874,0.025860449320125874,0.00025969298340155117,-0.001807911855042703
251,9.41,0.010741138560687395,-1.0,0.0,0.5324955362843462,0.0,0.0,0.0,0.0,0.0,0.0,0.0,0,0,0.0,0.0,0.9897589024827802,1.0651739822359656,0.07080071519854196,0.0,0.0,0.0,0.0,0.0,-5e-05
252,9.2,-0.022316684378321027,-1.0,0.0,0.5324955362843462,0.0,0.0,0.0,0.0,0.0,0.0,0.0,0,0,-0.0,0.0,0.9897589024827802,1.0651739822359656,0.07080071519854196,0.0,0.0,0.0,0.0,0.0,-5e-05
253,9.38,0.019565217391304512,-1.0,0.0,0.5324955362843462,0.0,0.0,0.0,0.0,0.0,0.0,0.0,0,0,0.0,0.0,0.9897589024827802,1.0651739822359656,0.07080071519854196,0.0,0.0,0.0,0.0,0.0,-5e-05
254,10.01,0.0671641791044775,-1.0,0.0,0.5324955362843462,0.0,0.0,0.0,0.0,0.0,0.0,0.0,0,0,0.0,0.0,0.9897589024827802,1.0651739822359656,0.07080071519854196,0.0,0.0,0.0,0.0,0.0,-5e-05
255,10.36,0.03496503496503493,-1.0,0.0,0.5324955362843462,0.0,0.0,0.0,0.0,0.0,0.0,0.0,0,0,0.0,0.0,0.9897589024827802,1.0651739822359656,0.07080071519854196,0.0,0.12364145678628925,0.0658385238383929,0.0658385238383929,0.0011582722336701348,-0.005022611175527158
256,10.2,-0.015444015444015458,1.0,0.1,0.5324955362843462,0.1,0.1,0.0,0.1,0.1,0.0,0.0,0,0,-0.0,0.0001,0.9896599265925319,1.0651739822359656,0.07089363512702215,9.291992848019237e-05,0.38499669385699975,0.20500902096308335,0.10500902096308334,0.002444584672992351,-0.012733499374502943
257,10.26,0.00588235294117652,-1.0,0.0,0.5319147635268304,0.0,0.0,0.1,0.1,-0.0,0.1,0.0,0,0,0.000588235294117652,0.0,0.9902420794905274,1.0651739822359656,0.07034710197121455,0.0,0.28944341952815084,0.15395922805271353,0.053959228052713526,0.0008424568661376811,-0.007677861795846321
258,10.34,0.007797270955165699,-1.0,0.0,0.535330621899791,0.0,0.0,0.1,0.0,-0.1,0.0,0.1,0,0,0.0007797270955165699,0.0001,0.9909151738630778,1.0651739822359656,0.0697151917069989,0.0,0.3649641614491481,0.19537649151970818,0.19537649151970818,0.006601432695294467,-0.01753084998048412
259,10.62,0.027079303675048294,1.0,0.1,0.5392800349757354,0.1,0.1,0.0,0.1,0.1,0.0,0.0,0,0,0.0,0.0001,0.9908160823456915,1.0651739822359656,0.06980822018782819,9.302848082928805e-05,0.350302662213589,0.18891123193063752,0.08891123193063752,0.0018731524032991056,-0.0112669610884097
260,10.37,-0.02354048964218456,-1.0,0.0,0.5386986102924175,0.0,0.0,0.1,0.1,-0.0,0.1,0.0,0,0,-0.002354048964218456,0.0,0.9884836527733147,1.0651739822359656,0.07199793718361948,0.002189716995791291,0.2909388272715324,0.1567283419312802,0.05672834193128021,0.0009126886580240136,-0.010728959365848006
261,9.84,-0.05110896817743485,-1.0,0.0,0.525012871624914,0.0,0.0,0.1,0.0,-0.1,0.0,0.1,0,0,-0.005110896817743485,0.0001,0.9833327664526869,1.0651739822359656,0.0768336601796087,0.004835722995989222,0.08088083711696965,0.042463480554207164,0.042463480554207164,0.0005742056363684741,-0.008630276279170474
262,9.57,-0.02743902439024386,-1.0,0.0,0.4947896380003767,0.0,0.0,0.0,0.0,0.0,0.0,0.0,0,0,-0.0,0.0,0.9833327664526869,1.0651739822359656,0.0768336601796087,0.0,0.0,0.0,0.0,0.0,-5e-05
263,9.28,-0.030303030303030398,-1.0,0.0,0.4947896380003767,0.0,0.0,0.0,0.0,0.0,0.0,0.0,0,0,-0.0,0.0,0.9833327664526869,1.0651739822359656,0.0768336601796087,0.0,0.0,0.0,0.0,0.0,-5e-05
264,9.19,-0.00969827586206895,-1.0,0.0,0.4947896380003767,0.0,0.0,0.0,0.0,0.0,0.0,0.0,0,0,-0.0,0.0,0.9833327664526869,1.0651739822359656,0.0768336601796087,0.0,0.0,0.0,0.0,0.0,-5e-05
265,9.3,0.011969532100108945,-1.0,0.0,0.4947896380003767,0.0,0.0,0.0,0.0,0.0,0.0,0.0,0,0,0.0,0.0,0.9833327664526869,1.0651739822359656,0.0768336601796087,0.0,0.0,0.0,0.0,0.0,-5e-05
266,9.24,-0.006451612903225859,-1.0,0.0,0.4947896380003767,0.0,0.0,0.0,0.0,0.0,0.0,0.0,0,0,-0.0,0.0,0.9833327664526869,1.0651739822359656,0.0768336601796087,0.0,0.0,0.0,0.0,0.0,-5e-05
267,9.81,0.061688311688311716,-1.0,0.0,0.4947896380003767,0.0,0.0,0.0,0.0,0.0,0.0,0.0,0,0,0.0,0.0,0.9833327664526869,1.0651739822359656,0.0768336601796087,0.0,0.0,0.0,0.0,0.0,-5e-05
268,10.44,0.06422018348623842,-1.0,0.0,0.4947896380003767,0.0,0.0,0.0,0.0,0.0,0.0,0.0,0,0,0.0,0.0,0.9833327664526869,1.0651739822359656,0.0768336601796087,0.0,0.08343803218537475,0.04128427374046535,0.04128427374046535,0.0005489059619335564,-0.0031729692548523674
269,10.64,0.019157088122605467,1.0,0.1,0.4947896380003767,0.1,0.1,0.0,0.1,0.1,0.0,0.0,0,0,0.0,0.0001,0.9832344331760416,1.0651739822359656,0.07692597681359069,9.231663398198697e-05,0.41516269051688426,0.2054181973521116,0.10541819735211158,0.002459843324100427,-0.013527040739436039
270,11.24,0.056390977443608985,1.0,0.2,0.4942126370992881,0.2,0.2,0.1,0.2,0.1,0.1,0.0,0,0,0.0056390977443608985,0.0001,0.9886806648070251,1.0651739822359656,0.07181297957388064,0.0,0.48896072616518255,0.24165056991607775,0.04165056991607774,0.0005567189787370456,-0.005803172919544091
271,11.31,0.006227758007117463,1.0,0.30000000000000004,0.5261688757706264,0.30000000000000004,0.30000000000000004,0.2,0.30000000000000004,0.10000000000000003,0.1,0.1,0,0,0.0012455516014234927,0.00010000000000000003,0.9898132495258913,1.0651739822359656,0.0707496934462109,0.0,0.6117957589622047,0.3219078866943804,0.021907886694380374,0.0001991605363797608,-0.009902855140898626
272,12.04,0.06454465075154718,1.0,0.4,0.5328144211338866,0.4,0.4,0.30000000000000004,0.4,0.09999999999999998,0.10000000000000003,0.2,0,0,0.019363395225464156,9.999999999999998e-05,1.0088804133509095,1.0651739822359656,0.05284917752768159,0.0,0.6189240274316354,0.32977164740184056,0.0,0.0,0.010897598063366567
273,11.72,-0.026578073089700876,1.0,0.5,0.6357541136484677,0.5,0.5,0.4,0.5,0.09999999999999998,0.09999999999999998,0.30000000000000004,0,0,-0.01063122923588035,9.999999999999998e-05,0.9980538863636512,1.0651739822359656,0.0630132701245846,0.010164092596903013,0.6892551704139045,0.4381968099441154,0.0,0.0,-0.01713452576960549
274,12.1,0.03242320819112619,-1.0,0.4,0.5811670593922078,0.4,0.4,0.5,0.4,-0.09999999999999998,0.09999999999999998,0.4,0,0,0.016211604095563097,9.999999999999998e-05,1.0141341354467805,1.0651739822359656,0.04791691089003553,0.0,0.5105515712056099,0.2967157553056357,0.0,0.0,0.009176323355649047
275,11.77,-0.02727272727272728,-1.0,0.30000000000000004,0.6604154422914115,0.30000000000000004,0.30000000000000004,0.4,0.30000000000000004,-0.09999999999999998,0.0,0.4,0,0,-0.010909090909090912,9.999999999999998e-05,1.0029694405556346,1.0651739822359656,0.05839848017105522,0.01048156928101969,0.5665591541534134,0.3741644143744745,0.07416441437447446,0.0014013784160731527,-0.022472598607433454
276,11.9,0.011045029736618589,-1.0,0.20000000000000004,0.6080075927126722,0.20000000000000004,0.20000000000000004,0.30000000000000004,0.20000000000000004,-0.1,0.0,0.30000000000000004,0,0,0.003313508920985577,0.0001,1.006192491800336,1.0651739822359656,0.05537263528707142,0.0,0.31673064204093837,0.19257463520565005,0.0,0.0,-0.003851872947098691
277,11.18,-0.06050420168067232,-1.0,0.10000000000000003,0.6231368161782135,0.10000000000000003,0.10000000000000003,0.20000000000000004,0.10000000000000003,-0.1,0.0,0.20000000000000004,0,0,-0.012100840336134466,0.0001,0.9939160978604629,1.0651739822359656,0.06689788294107726,0.011525247654005845,0.3347584423649275,0.20860030996405893,0.1086003099640589,0.0025797178761933727,-0.02367332602534297
278,11.35,0.015205724508050083,-1.0,2.7755575615628914e-17,0.5568882249306489,2.7755575615628914e-17,2.7755575615628914e-17,0.10000000000000003,2.7755575615628914e-17,-0.1,0.0,0.10000000000000003,0,0,0.0015205724508050088,0.0001,0.995328027687495,1.0651739822359656,0.06557234377979562,0.0,0.0,0.0,0.0,0.0,0.0010705724508050089
279,11.03,-0.028193832599118968,-1.0,0.0,0.5651728514590625,0.0,0.0,2.7755575615628914e-17,0.0,-2.7755575615628914e-17,0.0,2.7755575615628914e-17,0,0,-7.8253605259923e-19,2.7755575615628914e-20,0.995328027687495,1.0651739822359656,0.06557234377979562,0.0,0.004390099931632391,0.0024811652965509136,0.0024811652965509136,6.105083756992902e-06,-0.00019153966664785306
280,11.32,0.026291931097008246,-1.0,0.0,0.5651728514590625,0.0,0.0,0.0,0.0,0.0,0.0,0.0,0,0,0.0,0.0,0.995328027687495,1.0651739822359656,0.06557234377979562,0.0,0.0,0.0,0.0,0.0,-5e-05
281,11.16,-0.01413427561837457,-1.0,0.0,0.5651728514590625,0.0,0.0,0.0,0.0,0.0,0.0,0.0,0,0,-0.0,0.0,0.995328027687495,1.0651739822359656,0.06557234377979562,0.0,0.0,0.0,0.0,0.0,-5e-05
282,11.47,0.02777777777777782,-1.0,0.0,0.5651728514590625,0.0,0.0,0.0,0.0,0.0,0.0,0.0,0,0,0.0,0.0,0.995328027687495,1.0651739822359656,0.06557234377979562,0.0,0.0,0.0,0.0,0.0,-5e-05
283,11.96,0.04272013949433306,-0.4845805764198303,0.0,0.5651728514590625,0.0,0.0,0.0,0.0,0.0,0.0,0.0,0,0,0.0,0.0,0.995328027687495,1.0651739822359656,0.06557234377979562,0.0,0.15860587873197024,0.0896397367411179,0.0896397367411179,0.0018977693369865312,-0.006840760695867813
284,12.08,0.010033444816053446,1.0,0.1,0.5651728514590625,0.1,0.1,0.0,0.1,0.1,0.0,0.0,0,0,0.0,0.0001,0.9952284948847262,1.0651739822359656,0.06566578654541765,9.344276562202325e-05,0.28268809847573295,0.15976763868907023,0.05976763868907023,0.0009921749688604712,-0.008641527909534381
285,12.15,0.00579470198675499,1.0,0.2,0.5645888190725358,0.2,0.2,0.1,0.2,0.1,0.1,0.0,0,0,0.000579470198675499,0.0001,0.995705677288896,1.0651739822359656,0.06521780113446332,0.0,0.3802625877466112,0.21469200535332572,0.01469200535332571,0.00010509262358225907,-0.008063294320233564
286,12.26,0.009053497942386784,-1.0,0.1,0.5673887472607897,0.1,0.1,0.2,0.1,-0.1,0.1,0.1,0,0,0.001810699588477357,0.0001,0.9974090305812788,1.0651739822359656,0.06361866961154798,0.0,0.31835843940602926,0.18063299611448697,0.08063299611448696,0.0016020017465205169,-0.008360949894718714
287,12.31,0.004078303425774935,1.0,0.2,0.5773833286022834,0.2,0.2,0.1,0.2,0.1,0.0,0.1,0,0,0.0004078303425774936,0.0001,0.9977160633448525,1.0651739822359656,0.06333042302583136,0.0,0.3704682394540992,0.21390218523743554,0.013902185237435527,9.620007771421837e-05,-0.008014483707345267
288,12.05,-0.02112103980503654,-1.0,0.1,0.5791848789905745,0.1,0.1,0.2,0.1,-0.1,0.1,0.1,0,0,-0.004224207961007308,0.0001,0.9934017316009118,1.0651739822359656,0.06738077706741641,0.004050354041585047,0.3011544985939619,0.17442413182561092,0.07442413182561092,0.001409238673576274,-0.013759232698307797
289,12.16,0.009128630705394143,-1.0,0.0,0.5538701344292967,0.0,0.0,0.1,0.0,-0.1,0.0,0.1,0,0,0.0009128630705394143,0.0001,0.9942092311827402,1.0651739822359656,0.0666226853422193,0.0,0.07361718150242008,0.04077435821505134,0.04077435821505134,0.0005380986764857514,-0.0023463256552959965
290,12.26,0.008223684210526286,-1.0,0.0,0.5586082380275346,0.0,0.0,0.0,0.0,0.0,0.0,0.0,0,0,0.0,0.0,0.9942092311827402,1.0651739822359656,0.0666226853422193,0.0,0.07488568009028646,0.04183175780872854,0.04183175780872854,0.0005605989661497796,-0.0029208221969351167
291,11.83,-0.03507340946166392,-1.0,0.0,0.5586082380275346,0.0,0.0,0.0,0.0,0.0,0.0,0.0,0,0,-0.0,0.0,0.9942092311827402,1.0651739822359656,0.0666226853422193,0.0,0.08808229046968007,0.049203493080697484,0.049203493080697484,0.0007268352914332574,-0.0034941739524228877
292,11.12,-0.06001690617075239,-1.0,0.0,0.5586082380275346,0.0,0.0,0.0,0.0,0.0,0.0,0.0,0,0,-0.0,0.0,0.9942092311827402,1.0651739822359656,0.0666226853422193,0.0,0.0,0.0,0.0,0.0,-5e-05
293,11.31,0.017086330935251914,-1.0,0.0,0.5586082380275346,0.0,0.0,0.0,0.0,0.0,0.0,0.0,0,0,0.0,0.0,0.9942092311827402,1.0651739822359656,0.0666226853422193,0.0,0.0,0.0,0.0,0.0,-5e-05
294,11.44,0.01149425287356313,-1.0,0.0,0.5586082380275346,0.0,0.0,0.0,0.0,0.0,0.0,0.0,0,0,0.0,0.0,0.9942092311827402,1.0651739822359656,0.0666226853422193,0.0,0.0,0.0,0.0,0.0,-5e-05
295,11.44,0.0,-1.0,0.0,0.5586082380275346,0.0,0.0,0.0,0.0,0.0,0.0,0.0,0,0,0.0,0.0,0.9942092311827402,1.0651739822359656,0.0666226853422193,0.0,0.0,0.0,0.0,0.0,-5e-05
296,11.16,-0.02447552447552442,-1.0,0.0,0.5586082380275346,0.0,0.0,0.0,0.0,0.0,0.0,0.0,0,0,-0.0,0.0,0.9942092311827402,1.0651739822359656,0.0666226853422193,0.0,0.0,0.0,0.0,0.0,-5e-05
297,12.54,0.12365591397849453,-1.0,0.0,0.5586082380275346,0.0,0.0,0.0,0.0,0.0,0.0,0.0,1,0,0.0,0.0,0.9942092311827402,1.0651739822359656,0.0666226853422193,0.0,0.0,0.0,0.0,0.0,-5e-05
298,12.29,-0.019936204146730464,1.0,0.1,0.5586082380275346,0.1,0.1,0.0,0.1,0.1,0.0,0.0,0,0,-0.0,0.0001,0.994109810259622,1.0651739822359656,0.066716023073685,9.333773146570634e-05,0.4257876511353982,0.23784848957462734,0.13784848957462734,0.003778206826608871,-0.015119528225902141
299,11.98,-0.02522375915378346,-1.0,0.0,0.55802485756681,0.0,0.0,0.1,0.1,-0.0,0.1,0.0,0,0,-0.0025223759153783464,0.0,0.9916022916169818,1.0651739822359656,0.06907011609929246,0.002354093025607462,0.30508624454467026,0.17024570815763257,0.07024570815763256,0.0012847960168154058,-0.011634397041446245
300,12.02,0.0033388981636059386,-1.0,0.0,0.5433117769672737,0.0,0.0,0.1,0.0,-0.1,0.0,0.1,0,0,0.0003338898163605939,0.0001,0.9918342172948708,1.0651739822359656,0.06885238107970239,0.0,0.1589397826378768,0.08635385573577709,0.08635385573577709,0.0017876944154706738,-0.0068070968934885795
301,11.35,-0.05574043261231281,-1.0,0.0,0.5446726255132679,0.0,0.0,0.0,0.0,0.0,0.0,0.0,0,0,-0.0,0.0,0.9918342172948708,1.0651739822359656,0.06885238107970239,0.0,0.1691436140921722,0.09212789637638642,0.09212789637638642,0.00198275181901181,-0.0072508323137553225
302,11.55,0.017621145374449435,-1.0,0.0,0.5446726255132679,0.0,0.0,0.0,0.0,0.0,0.0,0.0,0,0,0.0,0.0,0.9918342172948708,1.0651739822359656,0.06885238107970239,0.0,0.0,0.0,0.0,0.0,-5e-05
303,11.18,-0.03203463203463212,-1.0,0.0,0.5446726255132679,0.0,0.0,0.0,0.0,0.0,0.0,0.0,0,0,-0.0,0.0,0.9918342172948708,1.0651739822359656,0.06885238107970239,0.0,0.0,0.0,0.0,0.0,-5e-05
304,11.59,0.03667262969588552,-1.0,0.0,0.5446726255132679,0.0,0.0,0.0,0.0,0.0,0.0,0.0,0,0,0.0,0.0,0.9918342172948708,1.0651739822359656,0.06885238107970239,0.0,0.0,0.0,0.0,0.0,-5e-05
305,11.77,0.015530629853321804,-1.0,0.0,0.5446726255132679,0.0,0.0,0.0,0.0,0.0,0.0,0.0,0,0,0.0,0.0,0.9918342172948708,1.0651739822359656,0.06885238107970239,0.0,0.0,0.0,0.0,0.0,-5e-05
306,12.15,0.03228547153780805,-1.0,0.0,0.5446726255132679,0.0,0.0,0.0,0.0,0.0,0.0,0.0,0,0,0.0,0.0,0.9918342172948708,1.0651739822359656,0.06885238107970239,0.0,0.0,0.0,0.0,0.0,-5e-05
307,11.86,-0.02386831275720172,-1.0,0.0,0.5446726255132679,0.0,0.0,0.0,0.0,0.0,0.0,0.0,0,0,-0.0,0.0,0.9918342172948708,1.0651739822359656,0.06885238107970239,0.0,0.24731437233871564,0.13470536850889417,0.13470536850889417,0.0036413158902621656,-0.011320964276911543
308,11.72,-0.011804384485666003,-1.0,0.0,0.5446726255132679,0.0,0.0,0.0,0.0,0.0,0.0,0.0,0,0,-0.0,0.0,0.9918342172948708,1.0651739822359656,0.06885238107970239,0.0,0.09354761488204044,0.050952825008305024,0.050952825008305024,0.0007686201010801484,-0.003704564020191096
309,12.16,0.03754266211604091,-1.0,0.0,0.5446726255132679,0.0,0.0,0.0,0.0,0.0,0.0,0.0,0,0,0.0,0.0,0.9918342172948708,1.0651739822359656,0.06885238107970239,0.0,0.13893186898372795,0.07567238584683245,0.07567238584683245,0.0014472461151797944,-0.005783294273327802
310,12.18,0.0016447368421052282,-1.0,0.0,0.5446726255132679,0.0,0.0,0.0,0.0,0.0,0.0,0.0,0,0,0.0,0.0,0.9918342172948708,1.0651739822359656,0.06885238107970239,0.0,0.19738378016469066,0.10750954177603575,0.10750954177603575,0.0025383863678377205,-0.008677675985918426
311,12.23,0.004105090311986922,-1.0,0.0,0.5446726255132679,0.0,0.0,0.0,0.0,0.0,0.0,0.0,0,0,0.0,0.0,0.9918342172948708,1.0651739822359656,0.06885238107970239,0.0,0.16003739425587538,0.08716798770964962,0.08716798770964962,0.001814737200470752,-0.0068018908132645075
312,12.76,0.043336058871627094,-1.0,0.0,0.5446726255132679,0.0,0.0,0.0,0.0,0.0,0.0,0.0,0,0,0.0,0.0,0.9918342172948708,1.0651739822359656,0.06885238107970239,0.0,0.08045269520532373,0.04382038072710238,0.04382038072710238,0.0006038434279247288,-0.003135809075008966
313,13.06,0.023510971786833913,1.0,0.1,0.5446726255132679,0.1,0.1,0.0,0.1,0.1,0.0,0.0,0,0,0.0,0.0001,0.9917350338731413,1.0651739822359656,0.06894549584159436,9.311476189197143e-05,0.32839196140201243,0.17886611181428586,0.07886611181428585,0.001546205442791266,-0.010374718046963185
314,13.14,0.006125574272588061,1.0,0.2,0.5440906420364052,0.2,0.2,0.1,0.2,0.1,0.1,0.0,0,0,0.0006125574272588061,0.0001,0.9922433550306258,1.0651739822359656,0.0684682769403052,0.0,0.4371600348830147,0.23785468405215676,0.03785468405215675,0.0004777865398271892,-0.009631885866041499
315,12.83,-0.02359208523592089,-0.8524743318557739,0.11475256681442261,0.5470732491476654,0.11475256681442261,0.11475256681442261,0.2,0.11475256681442261,-0.0852474331855774,0.1,0.1,0,0,-0.004718417047184178,8.52474331855774e-05,0.9874769508701822,1.0651739822359656,0.07294304279070477,0.004474765850399562,0.36248418331358134,0.1983053999299989,0.08355283311557629,0.0016958225203297388,-0.015833247807686503
316,12.96,0.010132501948558128,-0.9076558351516724,0.023986983299255374,0.5191060047616917,0.023986983299255374,0.023986983299255374,0.11475256681442261,0.023986983299255374,-0.09076558351516724,0.0,0.11475256681442261,0,0,0.001162730606849184,9.076558351516725e-05,0.9885354916228635,1.0651739822359656,0.07194927015793799,0.0,0.2474191715063924,0.12843677762213113,0.10444979432287575,0.002423788117535534,-0.008785783463046586
317,12.65,-0.02391975308641979,0.3461158871650696,0.05859857201576233,0.5253170415777757,0.05859857201576233,0.05859857201576233,0.023986983299255374,0.05859857201576233,0.03461158871650696,0.0,0.023986983299255374,0,0,-0.0005737627178062637,3.461158871650696e-05,0.9879340920286742,1.0651739822359656,0.07251387237712364,0.0005646022191856531,0.2684491798836368,0.14102092899045224,0.08242235697468991,0.0016592604319216433,-0.009737014869481217
318,12.72,0.005533596837944687,-1.0,0.0,0.5217883069087746,0.0,0.0,0.05859857201576233,0.03461158871650696,-0.023986983299255374,0.03461158871650696,0.023986983299255374,0,0,0.00032426087281449645,2.3986983299255374e-05,0.9882307428410724,1.0651739822359656,0.0722353725101109,0.0,0.03285878865129184,0.017145331697430828,0.0,0.0,-0.0006930973179092273
319,12.3,-0.033018867924528295,-1.0,0.0,0.5235289022345587,0.0,0.0,0.03461158871650696,0.0,-0.03461158871650696,0.0,0.03461158871650696,0,0,-0.001142835476488437,3.461158871650696e-05,0.9870671534531689,1.0651739822359656,0.07332776624794982,0.001092393737838912,0.0,0.0,0.0,0.0,-0.0013312818313544648
320,12.54,0.01951219512195109,-1.0,0.0,0.5167014695724808,0.0,0.0,0.0,0.0,0.0,0.0,0.0,0,0,0.0,0.0,0.9870671534531689,1.0651739822359656,0.07332776624794982,0.0,0.0,0.0,0.0,0.0,-5e-05
321,12.73,0.015151515151515254,-1.0,0.0,0.5167014695724808,0.0,0.0,0.0,0.0,0.0,0.0,0.0,0,0,0.0,0.0,0.9870671534531689,1.0651739822359656,0.07332776624794982,0.0,0.0,0.0,0.0,0.0,-5e-05
322,12.85,0.009426551453259954,-1.0,0.0,0.5167014695724808,0.0,0.0,0.0,0.0,0.0,0.0,0.0,0,0,0.0,0.0,0.9870671534531689,1.0651739822359656,0.07332776624794982,0.0,0.0,0.0,0.0,0.0,-5e-05
323,12.57,-0.02178988326848244,-1.0,0.0,0.5167014695724808,0.0,0.0,0.0,0.0,0.0,0.0,0.0,0,0,-0.0,0.0,0.9870671534531689,1.0651739822359656,0.07332776624794982,0.0,0.10535718209734984,0.05443821081971612,0.05443821081971612,0.0008544539434262077,-0.004154723011129451
324,12.27,-0.023866348448687406,-1.0,0.0,0.5167014695724808,0.0,0.0,0.0,0.0,0.0,0.0,0.0,0,0,-0.0,0.0,0.9870671534531689,1.0651739822359656,0.07332776624794982,0.0,0.0,0.0,0.0,0.0,-5e-05
325,12.95,0.05541972290138547,-1.0,0.0,0.5167014695724808,0.0,0.0,0.0,0.0,0.0,0.0,0.0,0,0,0.0,0.0,0.9870671534531689,1.0651739822359656,0.07332776624794982,0.0,0.0,0.0,0.0,0.0,-5e-05
326,12.53,-0.03243243243243243,-1.0,0.0,0.5167014695724808,0.0,0.0,0.0,0.0,0.0,0.0,0.0,0,0,-0.0,0.0,0.9870671534531689,1.0651739822359656,0.07332776624794982,0.0,0.1467737901581728,0.0758382330694508,0.0758382330694508,0.0014523244171326117,-0.0060302958435122424
327,12.73,0.015961691939345657,-1.0,0.0,0.5167014695724808,0.0,0.0,0.0,0.0,0.0,0.0,0.0,0,0,0.0,0.0,0.9870671534531689,1.0651739822359656,0.07332776624794982,0.0,0.0,0.0,0.0,0.0,-5e-05
328,12.61,-0.009426551453260093,-1.0,0.0,0.5167014695724808,0.0,0.0,0.0,0.0,0.0,0.0,0.0,0,0,-0.0,0.0,0.9870671534531689,1.0651739822359656,0.07332776624794982,0.0,0.0,0.0,0.0,0.0,-5e-05
329,12.94,0.026169706582077724,-1.0,0.0,0.5167014695724808,0.0,0.0,0.0,0.0,0.0,0.0,0.0,0,0,0.0,0.0,0.9870671534531689,1.0651739822359656,0.07332776624794982,0.0,0.0061629094351706255,0.0031843843619947694,0.0031843843619947694,9.100877767029425e-06,-0.0002492266338420432
330,12.96,0.0015455950540959314,-1.0,0.0,0.5167014695724808,0.0,0.0,0.0,0.0,0.0,0.0,0.0,0,0,0.0,0.0,0.9870671534531689,1.0651739822359656,0.07332776624794982,0.0,0.18921315240414718,0.09776671390966461,0.09776671390966461,0.0021804600721780777,-0.008067685823846017
331,12.89,-0.005401234567901256,-1.0,0.0,0.5167014695724808,0.0,0.0,0.0,0.0,0.0,0.0,0.0,0,0,-0.0,0.0,0.9870671534531689,1.0651739822359656,0.07332776624794982,0.0,0.03100755784506879,0.01602165070640075,0.01602165070640075,0.00012071858168979605,-0.0011273017412101682
332,13.03,0.010861132660977407,-1.0,0.0,0.5167014695724808,0.0,0.0,0.0,0.0,0.0,0.0,0.0,0,0,0.0,0.0,0.9870671534531689,1.0651739822359656,0.07332776624794982,0.0,0.10187340630745995,0.052638138749418986,0.052638138749418986,0.0008096985259506247,-0.004002493110535764
333,13.16,0.009976976208749102,-1.0,0.0,0.5167014695724808,0.0,0.0,0.0,0.0,0.0,0.0,0.0,0,0,0.0,0.0,0.9870671534531689,1.0651739822359656,0.07332776624794982,0.0,0.10157033429634199,0.05248154099588805,0.05248154099588805,0.0008058478195999253,-0.003989292632642075
334,13.75,0.04483282674772035,-1.0,0.0,0.5167014695724808,0.0,0.0,0.0,0.0,0.0,0.0,0.0,0,0,0.0,0.0,0.9870671534531689,1.0651739822359656,0.07332776624794982,0.0,0.1738639345618991,0.08983575049378689,0.08983575049378689,0.0019044134054944715,-0.007318115786729059
335,13.77,0.0014545454545454234,1.0,0.1,0.5167014695724808,0.1,0.1,0.0,0.1,0.1,0.0,0.0,0,0,0.0,0.0001,0.9869684467378236,1.0651739822359656,0.07342043347132499,9.26672233751702e-05,0.28913515827417235,0.14939656118533667,0.04939656118533667,0.0007314038716370344,-0.008547090955110678
336,13.15,-0.04502541757443713,-1.0,0.0,0.5161222800633419,0.0,0.0,0.1,0.1,-0.0,0.1,0.0,0,0,-0.004502541757443713,0.0,0.9825245800931072,1.0651739822359656,0.07759239666121444,0.004171963189889452,0.28548792991518923,0.14734668131839104,0.04734668131839104,0.0006834484748988627,-0.012507578824154458
337,13.36,0.015969581749049357,-1.0,0.0,0.49004752971506815,0.0,0.0,0.1,0.0,-0.1,0.0,0.1,0,0,0.001596958174904936,0.0001,0.9839953782953226,1.0651739822359656,0.07621159105880199,0.0,0.09458643437986121,0.04635184851240738,0.04635184851240738,0.0006606170876305114,-0.0024316504133442937
338,13.49,0.009730538922155748,-1.0,0.0,0.4986775372202693,0.0,0.0,0.0,0.0,0.0,0.0,0.0,0,0,0.0,0.0,0.9839953782953226,1.0651739822359656,0.07621159105880199,0.0,0.12981592072196121,0.06473628363760935,0.06473628363760935,0.0011274023395561005,-0.0051822234938286044
339,13.33,-0.011860637509266133,-1.0,0.0,0.4986775372202693,0.0,0.0,0.0,0.0,0.0,0.0,0.0,0,0,-0.0,0.0,0.9839953782953226,1.0651739822359656,0.07621159105880199,0.0,0.13938649629500818,0.06950891469415688,0.06950891469415688,0.0012633024008105035,-0.005613375811511506
340,13.61,0.02100525131282816,-1.0,0.0,0.4986775372202693,0.0,0.0,0.0,0.0,0.0,0.0,0.0,0,0,0.0,0.0,0.9839953782953226,1.0651739822359656,0.07621159105880199,0.0,0.0,0.0,0.0,0.0,-5e-05
341,13.97,0.02645113886847915,-1.0,0.0,0.4986775372202693,0.0,0.0,0.0,0.0,0.0,0.0,0.0,0,0,0.0,0.0,0.9839953782953226,1.0651739822359656,0.07621159105880199,0.0,0.031100487738201142,0.01550911463163533,0.01550911463163533,0.00011459923511821394,-0.001124049281841719
342,14.04,0.0050107372942017545,0.9462988376617432,0.09462988376617432,0.4986775372202693,0.09462988376617432,0.09462988376617432,0.0,0.09462988376617432,0.09462988376617432,0.0,0.0,0,0,0.0,9.462988376617431e-05,0.9839022629270481,1.0651739822359656,0.0762990090485646,8.74179897626115e-05,0.277596154564426,0.13843096670000518,0.043801082933830865,0.0006034180073934131,-0.008164586669153281
343,13.79,-0.017806267806267807,-1.0,0.0,0.4981311768318848,0.0,0.0,0.09462988376617432,0.09462988376617432,-0.0,0.09462988376617432,0.0,0,0,-0.0016850050528164943,0.0,0.9822443826425383,1.0651739822359656,0.07785544988560945,0.0015564408370448563,0.24762391795764024,0.12334919366396142,0.028719309897787107,0.0003071290591505403,-0.008394739449643755
344,14.09,0.021754894851341605,-1.0,0.0,0.48840341940801185,0.0,0.0,0.09462988376617432,0.0,-0.09462988376617432,0.0,0.09462988376617432,0,0,0.0020586631711278004,9.462988376617431e-05,0.9841735433063724,1.0651739822359656,0.07604432729342551,0.0,0.1310468410104056,0.06400372525210017,0.06400372525210017,0.001107059372437501,-0.00351971078154541
345,13.75,-0.02413058907026259,1.0,0.1,0.49972294681024904,0.1,0.1,0.0,0.1,0.1,0.0,0.0,0,0,-0.0,0.0001,0.9840751259520418,1.0651739822359656,0.07613672286069613,9.239556727061449e-05,0.2519674751925742,0.1259139292035715,0.025913929203571495,0.00026055279611999826,-0.007117313656088412
346,14.48,0.05309090909090912,-1.0,0.0,0.49914548024787314,0.0,0.0,0.1,0.1,-0.0,0.1,0.0,0,0,0.005309090909090913,0.0,0.9892996702570963,1.0651739822359656,0.07123184873479291,0.0,0.07593072971613357,0.03790048054973094,0.0,0.0,0.0033940780824146667
347,14.7,0.015193370165745778,-1.0,0.0,0.5298009406792785,0.0,0.0,0.1,0.0,-0.1,0.0,0.1,0,0,0.0015193370165745778,0.0001,0.9907038198995771,1.0651739822359656,0.06991361371788676,0.0,0.22126231099424876,0.11722498050162405,0.11722498050162405,0.0029152431269240213,-0.008671848404522018
348,14.77,0.004761904761904781,1.0,0.1,0.5380399324015371,0.1,0.1,0.0,0.1,0.1,0.0,0.0,0,0,0.0,0.0001,0.9906047495175871,1.0651739822359656,0.07000662235651499,9.300863862822528e-05,0.262758257528473,0.1413744351185653,0.041374435118565284,0.0005508252412611705,-0.007685988285495774
349,14.74,-0.0020311442112389546,-0.0226973257958889,0.09773026742041112,0.5374586008504767,0.09773026742041112,0.09773026742041112,0.1,0.1,-0.0,0.1,0.0,0,0,-0.00020311442112389547,0.0,0.9904035434073263,1.0651739822359656,0.07019551742306412,0.00018889506654913568,0.32163442383738305,0.1728651874209891,0.0728651874209891,0.0013623059314791326,-0.00981958848760751
350,15.87,0.07666214382632286,-1.0,0.0,0.5362780097887949,0.0,0.0,0.1,0.0,-0.1,0.0,0.1,0,0,0.007666214382632286,0.0001,0.9978971489420647,1.0651739822359656,0.0631604173739546,0.0,0.24226712585266805,0.12992253208952032,0.12992253208952032,0.003436668728406374,-0.0036943951783288973
351,16.1,0.014492753623188545,1.0,0.1,0.580247378349798,0.1,0.1,0.0,0.1,0.1,0.0,0.0,0,0,0.0,0.0001,0.9977973592271705,1.0651739822359656,0.0632541013322172,9.368395826260534e-05,0.5661343487408765,0.32849797165066386,0.22849797165066385,0.008481140702376048,-0.023443406899890662
352,15.97,-0.008074534161490732,1.0,0.2,0.5796618558471519,0.2,0.2,0.1,0.2,0.1,0.1,0.0,0,0,-0.0008074534161490732,0.0001,0.9968919046049153,1.0651739822359656,0.06410415459802692,0.000850053265809711,0.4990389458621098,0.28927384149843693,0.08927384149843692,0.0018853902912962408,-0.013796084938066888
353,15.88,-0.005635566687539127,-0.25441688299179077,0.17455831170082092,0.5743490330881332,0.17455831170082092,0.17455831170082092,0.2,0.17455831170082092,-0.025441688299179088,0.1,0.1,0,0,-0.0011271133375078254,2.544168829917909e-05,0.9957429318300766,1.0651739822359656,0.06518282605827687,0.0010786714602499525,0.4175075248508644,0.23979504320511372,0.0652367315042928,0.0011413793727242207,-0.01176555325187966
354,15.1,-0.049118387909319966,-0.8050888776779175,0.09404942393302917,0.5676073286690465,0.09404942393302917,0.09404942393302917,0.17455831170082092,0.09404942393302917,-0.08050888776779175,0.0,0.17455831170082092,0,0,-0.008574022866916909,8.050888776779174e-05,0.9871252430070504,1.0651739822359656,0.07327323097498005,0.008090404916703181,0.36805512771155224,0.20891078784329892,0.11486136391026974,0.00282176511322827,-0.021263914172133188
355,15.1,0.0,-1.0,0.0,0.5170422870686527,0.0,0.0,0.09404942393302917,0.0,-0.09404942393302917,0.0,0.09404942393302917,0,0,0.0,9.404942393302918e-05,0.9870324044465959,1.0651739822359656,0.0733603890937501,8.71581187700532e-05,0.1453680211016912,0.07516141409706259,0.07516141409706259,0.0014316419554025143,-0.006342443102121805
356,14.82,-0.01854304635761585,-1.0,0.0,0.5164975564947738,0.0,0.0,0.0,0.0,0.0,0.0,0.0,0,0,-0.0,0.0,0.9870324044465959,1.0651739822359656,0.0733603890937501,0.0,0.0,0.0,0.0,0.0,-5e-05
357,14.82,0.0,-1.0,0.0,0.5164975564947738,0.0,0.0,0.0,0.0,0.0,0.0,0.0,0,0,0.0,0.0,0.9870324044465959,1.0651739822359656,0.0733603890937501,0.0,0.0,0.0,0.0,0.0,-5e-05
358,15.03,0.014170040485829897,-1.0,0.0,0.5164975564947738,0.0,0.0,0.0,0.0,0.0,0.0,0.0,0,0,0.0,0.0,0.9870324044465959,1.0651739822359656,0.0733603890937501,0.0,0.0,0.0,0.0,0.0,-5e-05
359,14.95,-0.005322687957418502,-1.0,0.0,0.5164975564947738,0.0,0.0,0.0,0.0,0.0,0.0,0.0,0,0,-0.0,0.0,0.9870324044465959,1.0651739822359656,0.0733603890937501,0.0,0.0,0.0,0.0,0.0,-5e-05
360,14.46,-0.03277591973244137,-1.0,0.0,0.5164975564947738,0.0,0.0,0.0,0.0,0.0,0.0,0.0,0,0,-0.0,0.0,0.9870324044465959,1.0651739822359656,0.0733603890937501,0.0,0.0,0.0,0.0,0.0,-5e-05
361,14.55,0.006224066390041484,-1.0,0.0,0.5164975564947738,0.0,0.0,0.0,0.0,0.0,0.0,0.0,0,0,0.0,0.0,0.9870324044465959,1.0651739822359656,0.0733603890937501,0.0,0.0,0.0,0.0,0.0,-5e-05
362,15.22,0.046048109965635735,-1.0,0.0,0.5164975564947738,0.0,0.0,0.0,0.0,0.0,0.0,0.0,0,0,0.0,0.0,0.9870324044465959,1.0651739822359656,0.0733603890937501,0.0,0.0,0.0,0.0,0.0,-5e-05
363,15.33,0.007227332457292998,-0.7466030120849609,0.0,0.5164975564947738,0.0,0.0,0.0,0.0,0.0,0.0,0.0,0,0,0.0,0.0,0.9870324044465959,1.0651739822359656,0.0733603890937501,0.0,0.11146905434907428,0.05757349419608,0.05757349419608,0.0009345416259679954,-0.004423361952636937
364,15.17,-0.010437051532941954,-0.7462444305419922,0.0,0.5164975564947738,0.0,0.0,0.0,0.0,0.0,0.0,0.0,0,0,-0.0,0.0,0.9870324044465959,1.0651739822359656,0.0733603890937501,0.0,0.093922451244113,0.04851071656758389,0.04851071656758389,0.0007105306440359744,-0.0036580382649168603
365,14.85,-0.02109426499670404,-1.0,0.0,0.5164975564947738,0.0,0.0,0.0,0.0,0.0,0.0,0.0,0,0,-0.0,0.0,0.9870324044465959,1.0651739822359656,0.0733603890937501,0.0,0.05694504986702303,0.029411979110790437,0.029411979110790437,0.00031906657290732034,-0.0021258213613049807
366,14.81,-0.002693602693602636,-1.0,0.0,0.5164975564947738,0.0,0.0,0.0,0.0,0.0,0.0,0.0,0,0,-0.0,0.0,0.9870324044465959,1.0651739822359656,0.0733603890937501,0.0,0.055838530917580315,0.028840464777188112,0.028840464777188112,0.0003092047218382017,-0.0020818234006455545
367,14.47,-0.022957461174881826,-1.0,0.0,0.5164975564947738,0.0,0.0,0.0,0.0,0.0,0.0,0.0,0,0,-0.0,0.0,0.9870324044465959,1.0651739822359656,0.0733603890937501,0.0,0.023463459124036936,0.012118819304480083,0.012118819304480083,7.72287499960536e-05,-0.0008510764639725931
368,15.25,0.05390463026952311,-1.0,0.0,0.5164975564947738,0.0,0.0,0.0,0.0,0.0,0.0,0.0,0,0,0.0,0.0,0.9870324044465959,1.0651739822359656,0.0733603890937501,0.0,0.0,0.0,0.0,0.0,-5e-05
369,14.98,-0.017704918032786857,-1.0,0.0,0.5164975564947738,0.0,0.0,0.0,0.0,0.0,0.0,0.0,0,0,-0.0,0.0,0.9870324044465959,1.0651739822359656,0.0733603890937501,0.0,0.0,0.0,0.0,0.0,-5e-05
370,15.56,0.03871829105473966,-1.0,0.0,0.5164975564947738,0.0,0.0,0.0,0.0,0.0,0.0,0.0,0,0,0.0,0.0,0.9870324044465959,1.0651739822359656,0.0733603890937501,0.0,0.0,0.0,0.0,0.0,-5e-05
371,15.34,-0.014138817480719835,-1.0,0.0,0.5164975564947738,0.0,0.0,0.0,0.0,0.0,0.0,0.0,0,0,-0.0,0.0,0.9870324044465959,1.0651739822359656,0.0733603890937501,0.0,0.18306402827548246,0.09455212328637687,0.09455212328637687,0.002066886206171659,-0.007764411478470293
372,15.65,0.020208604954367698,-1.0,0.0,0.5164975564947738,0.0,0.0,0.0,0.0,0.0,0.0,0.0,0,0,0.0,0.0,0.9870324044465959,1.0651739822359656,0.0733603890937501,0.0,0.13127617856653775,0.06780382545558834,0.06780382545558834,0.001214085367750809,-0.005313955476528499
373,15.36,-0.018530351437699738,-0.7903439998626709,0.0,0.5164975564947738,0.0,0.0,0.0,0.0,0.0,0.0,0.0,0,0,-0.0,0.0,0.9870324044465959,1.0651739822359656,0.0733603890937501,0.0,0.2846070888492711,0.1469988659517395,0.1469988659517395,0.004187404200407166,-0.013017532891407179
374,15.94,0.03776041666666667,-1.0,0.0,0.5164975564947738,0.0,0.0,0.0,0.0,0.0,0.0,0.0,0,0,0.0,0.0,0.9870324044465959,1.0651739822359656,0.0733603890937501,0.0,0.053396028052159,0.027578918015466518,0.027578918015466518,0.0002878498897955319,-0.001985117355204637
375,16.29,0.021957340025094082,0.09491848200559616,0.009491848200559616,0.5164975564947738,0.009491848200559616,0.009491848200559616,0.0,0.009491848200559616,0.009491848200559616,0.0,0.0,0,0,0.0,9.491848200559617e-06,0.9870230356848438,1.0651739822359656,0.07336918461627347,8.795522523363797e-06,0.2677224550035543,0.1382779938281178,0.1287861456275582,0.0033887001543555922,-0.011346919732356991
376,16.04,-0.015346838551258441,0.33290231227874756,0.04278207942843437,0.5164426084628728,0.04278207942843437,0.04278207942843437,0.009491848200559616,0.04278207942843437,0.03329023122787476,0.009491848200559616,0.0,0,0,-0.00014566986188704138,3.329023122787476e-05,0.9868463979504711,1.0651739822359656,0.07353501455327767,0.00016582993700420268,0.2488937256311792,0.12853932489500877,0.0857572454665744,0.0017679738056564495,-0.009046099477622215
377,17.8,0.10972568578553626,-1.0,0.0,0.5154061395696092,0.0,0.0,0.04278207942843437,0.03329023122787476,-0.009491848200559615,0.03329023122787476,0.009491848200559615,1,0,0.0046942930046162444,9.491848200559615e-06,0.9914695770967943,1.0651739822359656,0.06919471031807811,0.0,0.2153647074479325,0.11100029246527716,0.0777100612374024,0.0015101014040193965,-0.0029976161255374093
378,16.95,-0.04775280898876412,1.0,0.13329023122787476,0.5425330515965284,0.13329023122787476,0.13329023122787476,0.03329023122787476,0.13329023122787476,0.1,0.0,0.03329023122787476,0,0,-0.0015897020530164937,0.0001,0.9897942889168705,1.0651739822359656,0.07076749392701222,0.0015727836089341057,0.5611215234065664,0.30442697241025735,0.1711367411823826,0.00534062054278957,-0.020966718214558047
379,14.95,-0.11799410029498525,0.4609912633895874,0.1793893575668335,0.5327031746523515,0.1793893575668335,0.1793893575668335,0.13329023122787476,0.1793893575668335,0.04609912633895874,0.1,0.03329023122787475,0,1,-0.01572746091184363,4.609912633895874e-05,0.9741817092751901,1.0651739822359656,0.08542479865098525,0.01465730472397303,0.4177395359358538,0.2225311769708294,0.04314181940399589,0.0005889521883685198,-0.031129821644535587
380,14.97,0.0013377926421405586,-1.0,0.07938935756683349,0.44109502658645205,0.07938935756683349,0.07938935756683349,0.1793893575668335,0.07938935756683349,-0.1,0.04609912633895874,0.13329023122787476,0,0,0.0002399857626312316,0.0001,0.9743180808447044,1.0651739822359656,0.08529677114394078,0.0,0.0,0.0,0.0,0.0,-0.00012410116064227641
381,15.64,0.04475617902471609,-1.0,0.0,0.44189517237641296,0.0,0.0,0.07938935756683349,0.0,-0.07938935756683349,0.0,0.07938935756683349,0,0,0.003553164299918399,7.938935756683349e-05,0.9777026425798229,1.0651739822359656,0.08211929798785247,0.0,0.0,0.0,0.0,0.0,0.003185606869651065
382,15.87,0.01470588235294109,-1.0,0.0,0.4617543689941158,0.0,0.0,0.0,0.0,0.0,0.0,0.0,0,0,0.0,0.0,0.9777026425798229,1.0651739822359656,0.08211929798785247,0.0,0.0,0.0,0.0,0.0,-5e-05
383,16.25,0.023944549464398286,-1.0,0.0,0.4617543689941158,0.0,0.0,0.0,0.0,0.0,0.0,0.0,0,0,0.0,0.0,0.9777026425798229,1.0651739822359656,0.08211929798785247,0.0,0.0,0.0,0.0,0.0,-5e-05
384,15.86,-0.024000000000000035,-1.0,0.0,0.4617543689941158,0.0,0.0,0.0,0.0,0.0,0.0,0.0,0,0,-0.0,0.0,0.9777026425798229,1.0651739822359656,0.08211929798785247,0.0,0.0,0.0,0.0,0.0,-5e-05
385,16.18,0.02017654476670872,-0.5234401226043701,0.0,0.4617543689941158,0.0,0.0,0.0,0.0,0.0,0.0,0.0,0,0,0.0,0.0,0.9777026425798229,1.0651739822359656,0.08211929798785247,0.0,0.1958422845623646,0.09043103053046074,0.09043103053046074,0.0019246442981520641,-0.008016378776901012
386,16.1,-0.004944375772558609,0.24823413789272308,0.02482341378927231,0.4617543689941158,0.02482341378927231,0.02482341378927231,0.0,0.02482341378927231,0.02482341378927231,0.0,0.0,0,0,-0.0,2.482341378927231e-05,0.9776783726625632,1.0651739822359656,0.08214208292032775,2.2784932475275466e-05,0.27005839777261076,0.12470064505505381,0.09987723126578149,0.0022562587360645914,-0.010163703941711207
387,15.37,-0.04534161490683243,-1.0,0.0,0.46161196977246066,0.0,0.0,0.02482341378927231,0.02482341378927231,-0.0,0.02482341378927231,0.0,0,0,-0.001125533668706139,0.0,0.9765779627369656,1.0651739822359656,0.08317516290908944,0.0010330799887616898,0.11843638350982456,0.0546716522846967,0.029848238495424388,0.00032667239706912874,-0.004869775780364748
388,15.3,-0.004554326610279669,-1.0,0.0,0.45515525006119917,0.0,0.0,0.02482341378927231,0.0,-0.02482341378927231,0.0,0.02482341378927231,0,0,-0.00011305393397846614,2.482341378927231e-05,0.9764433147575751,1.0651739822359656,0.08330157228599509,0.00012640937690565346,0.0,0.0,0.0,0.0,-0.0002623475891355554
389,16.14,0.05490196078431371,-1.0,0.0,0.4543651625550439,0.0,0.0,0.0,0.0,0.0,0.0,0.0,0,0,0.0,0.0,0.9764433147575751,1.0651739822359656,0.08330157228599509,0.0,0.0,0.0,0.0,0.0,-5e-05
390,15.8,-0.021065675340768267,-1.0,0.0,0.4543651625550439,0.0,0.0,0.0,0.0,0.0,0.0,0.0,0,0,-0.0,0.0,0.9764433147575751,1.0651739822359656,0.08330157228599509,0.0,0.077497254503512,0.035212052640057834,0.035212052640057834,0.00042554810149314997,-0.002866338402926495
391,15.44,-0.022784810126582355,-1.0,0.0,0.4543651625550439,0.0,0.0,0.0,0.0,0.0,0.0,0.0,0,0,-0.0,0.0,0.9764433147575751,1.0651739822359656,0.08330157228599509,0.0,0.0,0.0,0.0,0.0,-5e-05
392,15.76,0.020725388601036288,-1.0,0.0,0.4543651625550439,0.0,0.0,0.0,0.0,0.0,0.0,0.0,0,0,0.0,0.0,0.9764433147575751,1.0651739822359656,0.08330157228599509,0.0,0.0,0.0,0.0,0.0,-5e-05
393,16.55,0.05012690355329955,-1.0,0.0,0.4543651625550439,0.0,0.0,0.0,0.0,0.0,0.0,0.0,0,0,0.0,0.0,0.9764433147575751,1.0651739822359656,0.08330157228599509,0.0,0.06228838890675103,0.028301673950907724,0.028301673950907724,0.00030001426631678425,-0.0022716110640900533
394,17.09,0.03262839879154073,0.15825249254703522,0.01582524925470352,0.4543651625550439,0.01582524925470352,0.01582524925470352,0.0,0.01582524925470352,0.01582524925470352,0.0,0.0,0,0,0.0,1.5825249254703522e-05,0.9764278622987359,1.0651739822359656,0.08331607926710509,1.4506981109996264e-05,0.2824109326886053,0.1283176893383797,0.11249244008367618,0.002729228193349789,-0.011069387426621674
395,16.91,-0.010532475131655922,0.03250116482377052,0.019075365737080574,0.45427449830240735,0.019075365737080574,0.019075365737080574,0.01582524925470352,0.019075365737080574,0.0032501164823770523,0.01582524925470352,0.0,0,0,-0.00016667904422742124,3.2501164823770524e-06,0.9762619387316018,1.0651739822359656,0.08347185059639138,0.00015577132928629167,0.26869502517141075,0.12206129775609534,0.10298593201901476,0.0023696660983695285,-0.010385607855718135
396,15.66,-0.07392075694855116,0.0023140879347920418,0.01930677453055978,0.4533009402490574,0.01930677453055978,0.01930677453055978,0.019075365737080574,0.01930677453055978,0.00023140879347920487,0.0032501164823770523,0.01582524925470352,0,0,-0.0014100654743554536,2.314087934792049e-07,0.9748851195622718,1.0651739822359656,0.08476442738881353,0.0012925767924221454,0.2789372472395882,0.12644251644418913,0.10713574191362936,0.002524279961507125,-0.012067772853178074
397,15.85,0.012132822477650032,-1.0,0.0,0.4452223222741436,0.0,0.0,0.01930677453055978,0.00023140879347920487,-0.019075365737080574,0.00023140879347920487,0.019075365737080574,0,0,0.00023424566799529683,1.9075365737080574e-05,0.9750948858881151,1.0651739822359656,0.0845674958740172,0.0,0.008120414311674207,0.0036153897176717815,0.0033839809241925766,1.0030605714319919e-05,-9.550423406915635e-05
398,14.03,-0.11482649842271296,-1.0,0.0,0.44645315818872466,0.0,0.0,0.00023140879347920487,0.00023140879347920487,0.0,0.0,0.00023140879347920487,0,1,-2.6571861459441826e-05,0.0,0.9750689758018974,1.0651739822359656,0.08459182061969234,2.432474567513887e-05,0.00940558107629245,0.004199151376110868,0.003967742582631663,1.2939338993177947e-05,-0.0003214715460395804
399,14.39,0.025659301496792675,-1.0,0.0,0.44630111977842246,0.0,0.0,0.00023140879347920487,0.0,-0.00023140879347920487,0.0,0.00023140879347920487,0,0,5.937788000891948e-06,2.314087934792049e-07,0.9750745399152267,1.0651739822359656,0.08458659695349123,0.0,0.0,0.0,0.0,0.0,-4.4987847173024875e-05
400,14.39,0.0,-1.0,0.0,0.44633376263466196,0.0,0.0,0.0,0.0,0.0,0.0,0.0,0,0,0.0,0.0,0.9750745399152267,1.0651739822359656,0.08458659695349123,0.0,0.0,0.0,0.0,0.0,-5e-05
401,13.71,-0.04725503822098678,-1.0,0.0,0.44633376263466196,0.0,0.0,0.0,0.0,0.0,0.0,0.0,0,0,-0.0,0.0,0.9750745399152267,1.0651739822359656,0.08458659695349123,0.0,0.0,0.0,0.0,0.0,-5e-05
402,14.11,0.02917578409919756,-1.0,0.0,0.44633376263466196,0.0,0.0,0.0,0.0,0.0,0.0,0.0,0,0,0.0,0.0,0.9750745399152267,1.0651739822359656,0.08458659695349123,0.0,0.0,0.0,0.0,0.0,-5e-05
403,13.94,-0.012048192771084333,-1.0,0.0,0.44633376263466196,0.0,0.0,0.0,0.0,0.0,0.0,0.0,0,0,-0.0,0.0,0.9750745399152267,1.0651739822359656,0.08458659695349123,0.0,0.0,0.0,0.0,0.0,-5e-05
404,13.13,-0.058106169296987,-1.0,0.0,0.44633376263466196,0.0,0.0,0.0,0.0,0.0,0.0,0.0,0,0,-0.0,0.0,0.9750745399152267,1.0651739822359656,0.08458659695349123,0.0,0.0,0.0,0.0,0.0,-5e-05
405,13.54,0.0312261995430311,-1.0,0.0,0.44633376263466196,0.0,0.0,0.0,0.0,0.0,0.0,0.0,0,0,0.0,0.0,0.9750745399152267,1.0651739822359656,0.08458659695349123,0.0,0.0,0.0,0.0,0.0,-5e-05
406,13.49,-0.0036927621861151355,-1.0,0.0,0.44633376263466196,0.0,0.0,0.0,0.0,0.0,0.0,0.0,0,0,-0.0,0.0,0.9750745399152267,1.0651739822359656,0.08458659695349123,0.0,0.0,0.0,0.0,0.0,-5e-05
407,13.05,-0.0326167531504818,-1.0,0.0,0.44633376263466196,0.0,0.0,0.0,0.0,0.0,0.0,0.0,0,0,-0.0,0.0,0.9750745399152267,1.0651739822359656,0.08458659695349123,0.0,0.0,0.0,0.0,0.0,-5e-05
408,12.6,-0.03448275862068974,-1.0,0.0,0.44633376263466196,0.0,0.0,0.0,0.0,0.0,0.0,0.0,0,0,-0.0,0.0,0.9750745399152267,1.0651739822359656,0.08458659695349123,0.0,0.0,0.0,0.0,0.0,-5e-05
409,11.25,-0.10714285714285712,-1.0,0.0,0.44633376263466196,0.0,0.0,0.0,0.0,0.0,0.0,0.0,0,1,-0.0,0.0,0.9750745399152267,1.0651739822359656,0.08458659695349123,0.0,0.0,0.0,0.0,0.0,-5e-05
410,10.86,-0.03466666666666672,-1.0,0.0,0.44633376263466196,0.0,0.0,0.0,0.0,0.0,0.0,0.0,0,0,-0.0,0.0,0.9750745399152267,1.0651739822359656,0.08458659695349123,0.0,0.0,0.0,0.0,0.0,-5e-05
411,10.51,-0.03222836095764269,-1.0,0.0,0.44633376263466196,0.0,0.0,0.0,0.0,0.0,0.0,0.0,0,0,-0.0,0.0,0.9750745399152267,1.0651739822359656,0.08458659695349123,0.0,0.0,0.0,0.0,0.0,-5e-05
412,10.46,-0.004757373929590764,-1.0,0.0,0.44633376263466196,0.0,0.0,0.0,0.0,0.0,0.0,0.0,0,0,-0.0,0.0,0.9750745399152267,1.0651739822359656,0.08458659695349123,0.0,0.0,0.0,0.0,0.0,-5e-05
413,10.52,0.005736137667303892,-1.0,0.0,0.44633376263466196,0.0,0.0,0.0,0.0,0.0,0.0,0.0,0,0,0.0,0.0,0.9750745399152267,1.0651739822359656,0.08458659695349123,0.0,0.0,0.0,0.0,0.0,-5e-05
414,9.47,-0.09980988593155884,-1.0,0.0,0.44633376263466196,0.0,0.0,0.0,0.0,0.0,0.0,0.0,0,0,-0.0,0.0,0.9750745399152267,1.0651739822359656,0.08458659695349123,0.0,0.0,0.0,0.0,0.0,-5e-05
415,9.97,0.05279831045406547,-1.0,0.0,0.44633376263466196,0.0,0.0,0.0,0.0,0.0,0.0,0.0,0,0,0.0,0.0,0.9750745399152267,1.0651739822359656,0.08458659695349123,0.0,0.0,0.0,0.0,0.0,-5e-05
416,10.5,0.05315947843530585,-1.0,0.0,0.44633376263466196,0.0,0.0,0.0,0.0,0.0,0.0,0.0,0,0,0.0,0.0,0.9750745399152267,1.0651739822359656,0.08458659695349123,0.0,0.0,0.0,0.0,0.0,-5e-05
417,10.24,-0.024761904761904742,-1.0,0.0,0.44633376263466196,0.0,0.0,0.0,0.0,0.0,0.0,0.0,0,0,-0.0,0.0,0.9750745399152267,1.0651739822359656,0.08458659695349123,0.0,0.0,0.0,0.0,0.0,-5e-05
418,10.02,-0.021484375000000062,-1.0,0.0,0.44633376263466196,0.0,0.0,0.0,0.0,0.0,0.0,0.0,0,0,-0.0,0.0,0.9750745399152267,1.0651739822359656,0.08458659695349123,0.0,0.0,0.0,0.0,0.0,-5e-05
419,9.77,-0.0249500998003992,-1.0,0.0,0.44633376263466196,0.0,0.0,0.0,0.0,0.0,0.0,0.0,0,0,-0.0,0.0,0.9750745399152267,1.0651739822359656,0.08458659695349123,0.0,0.0,0.0,0.0,0.0,-5e-05
420,10.16,0.03991811668372575,-1.0,0.0,0.44633376263466196,0.0,0.0,0.0,0.0,0.0,0.0,0.0,0,0,0.0,0.0,0.9750745399152267,1.0651739822359656,0.08458659695349123,0.0,0.0,0.0,0.0,0.0,-5e-05
421,10.36,0.01968503937007867,-1.0,0.0,0.44633376263466196,0.0,0.0,0.0,0.0,0.0,0.0,0.0,0,0,0.0,0.0,0.9750745399152267,1.0651739822359656,0.08458659695349123,0.0,0.0,0.0,0.0,0.0,-5e-05
422,10.93,0.05501930501930505,-1.0,0.0,0.44633376263466196,0.0,0.0,0.0,0.0,0.0,0.0,0.0,0,0,0.0,0.0,0.9750745399152267,1.0651739822359656,0.08458659695349123,0.0,0.0,0.0,0.0,0.0,-5e-05
423,10.91,-0.0018298261665141422,-1.0,0.0,0.44633376263466196,0.0,0.0,0.0,0.0,0.0,0.0,0.0,0,0,-0.0,0.0,0.9750745399152267,1.0651739822359656,0.08458659695349123,0.0,0.1507271642978115,0.06727462237229509,0.06727462237229509,0.0011989595720283289,-0.0058988925906158125
424,11.1,0.017415215398716728,-1.0,0.0,0.44633376263466196,0.0,0.0,0.0,0.0,0.0,0.0,0.0,0,0,0.0,0.0,0.9750745399152267,1.0651739822359656,0.08458659695349123,0.0,0.21988171200296602,0.09814063185283493,0.09814063185283493,0.0021938183714802087,-0.00902716918677171
425,11.09,-0.0009009009009008817,-0.018527507781982422,0.0,0.44633376263466196,0.0,0.0,0.0,0.0,0.0,0.0,0.0,0,0,-0.0,0.0,0.9750745399152267,1.0651739822359656,0.08458659695349123,0.0,0.3522875621395421,0.15723783313913411,0.15723783313913411,0.00466373419078383,-0.015581805482788702
426,10.9,-0.017132551848512128,-1.0,0.0,0.44633376263466196,0.0,0.0,0.0,0.0,0.0,0.0,0.0,0,0,-0.0,0.0,0.9750745399152267,1.0651739822359656,0.08458659695349123,0.0,0.2812688549813779,0.12553978635578147,0.12553978635578147,0.0032530648856525903,-0.011980209061828097
427,10.57,-0.03027522935779817,-1.0,0.0,0.44633376263466196,0.0,0.0,0.0,0.0,0.0,0.0,0.0,0,0,-0.0,0.0,0.9750745399152267,1.0651739822359656,0.08458659695349123,0.0,0.17471594173255062,0.07798162366574768,0.07798162366574768,0.001518553674307738,-0.006958540476756925
428,10.1,-0.04446546830652797,-1.0,0.0,0.44633376263466196,0.0,0.0,0.0,0.0,0.0,0.0,0.0,0,0,-0.0,0.0,0.9750745399152267,1.0651739822359656,0.08458659695349123,0.0,0.0,0.0,0.0,0.0,-5e-05
429,10.76,0.06534653465346536,-1.0,0.0,0.44633376263466196,0.0,0.0,0.0,0.0,0.0,0.0,0.0,0,0,0.0,0.0,0.9750745399152267,1.0651739822359656,0.08458659695349123,0.0,0.0,0.0,0.0,0.0,-5e-05
430,10.82,0.005576208178438708,-1.0,0.0,0.44633376263466196,0.0,0.0,0.0,0.0,0.0,0.0,0.0,0,0,0.0,0.0,0.9750745399152267,1.0651739822359656,0.08458659695349123,0.0,0.0,0.0,0.0,0.0,-5e-05
431,11.0,0.016635859519408477,-1.0,0.0,0.44633376263466196,0.0,0.0,0.0,0.0,0.0,0.0,0.0,0,0,0.0,0.0,0.9750745399152267,1.0651739822359656,0.08458659695349123,0.0,0.0,0.0,0.0,0.0,-5e-05
432,10.94,-0.0054545454545455,-1.0,0.0,0.44633376263466196,0.0,0.0,0.0,0.0,0.0,0.0,0.0,0,0,-0.0,0.0,0.9750745399152267,1.0651739822359656,0.08458659695349123,0.0,0.10101043120361354,0.045084365824458496,0.045084365824458496,0.0006319519431608255,-0.003798123745792303
433,11.42,0.04387568555758688,-1.0,0.0,0.44633376263466196,0.0,0.0,0.0,0.0,0.0,0.0,0.0,0,0,0.0,0.0,0.9750745399152267,1.0651739822359656,0.08458659695349123,0.0,0.16507293210702473,0.07367762289646444,0.07367762289646444,0.0013866903020208151,-0.006529190257522527
434,11.11,-0.027145359019264494,1.0,0.1,0.44633376263466196,0.1,0.1,0.0,0.1,0.1,0.0,0.0,0,0,-0.0,0.0001,0.9749770324612352,1.0651739822359656,0.08467813829379588,9.154134030464611e-05,0.4485596516677467,0.2002073170949587,0.1002073170949587,0.0022682013517902953,-0.01419704036481816
435,11.01,-0.00900090009000897,-1.0,0.0,0.44576165117708993,0.0,0.0,0.1,0.1,-0.0,0.1,0.0,0,0,-0.000900090009000897,0.0,0.9740994653753116,1.0651739822359656,0.0855020103565377,0.0008238720627418289,0.16317804282726334,0.07273851380652681,0.0,0.0,-0.0050660835139442915
436,10.91,-0.00908265213442322,-1.0,0.0,0.4406124152282984,0.0,0.0,0.1,0.0,-0.1,0.0,0.1,0,0,-0.000908265213442322,0.0001,0.9731173147699409,1.0651739822359656,0.08642406686725812,0.0009220565107204148,0.09791292347163588,0.04314164969290103,0.04314164969290103,0.000588948481464949,-0.004967827384007238
437,10.9,-0.0009165902841429685,-1.0,0.0,0.43484957740123686,0.0,0.0,0.0,0.0,0.0,0.0,0.0,0,0,-0.0,0.0,0.9731173147699409,1.0651739822359656,0.08642406686725812,0.0,0.004025255264445617,0.0017503805506762803,0.0017503805506762803,3.4934495502047853e-06,-0.00017767257445835206
438,10.9,0.0,-1.0,0.0,0.43484957740123686,0.0,0.0,0.0,0.0,0.0,0.0,0.0,0,0,0.0,0.0,0.9731173147699409,1.0651739822359656,0.08642406686725812,0.0,0.011505814338372316,0.005003298502698293,0.005003298502698293,1.8752223568182304e-05,-0.00042370659590696823
439,11.16,0.023853211009174292,-1.0,0.0,0.43484957740123686,0.0,0.0,0.0,0.0,0.0,0.0,0.0,0,0,0.0,0.0,0.9731173147699409,1.0651739822359656,0.08642406686725812,0.0,0.0,0.0,0.0,0.0,-5e-05
440,11.19,0.0026881720430106952,-1.0,0.0,0.43484957740123686,0.0,0.0,0.0,0.0,0.0,0.0,0.0,0,0,0.0,0.0,0.9731173147699409,1.0651739822359656,0.08642406686725812,0.0,0.05589772617355663,0.024307102604261156,0.024307102604261156,0.00023518824977777688,-0.0020096331022319987
441,11.64,0.04021447721179634,-1.0,0.0,0.43484957740123686,0.0,0.0,0.0,0.0,0.0,0.0,0.0,0,0,0.0,0.0,0.9731173147699409,1.0651739822359656,0.08642406686725812,0.0,0.08815197437194384,0.038332848802724445,0.038332848802724445,0.00048747939478606156,-0.0032569678041605285
442,11.71,0.006013745704467378,0.6653872728347778,0.06653872728347779,0.43484957740123686,0.06653872728347779,0.06653872728347779,0.0,0.06653872728347779,0.06653872728347779,0.0,0.0,0,0,0.0,6.653872728347779e-05,0.9730525647823186,1.0651739822359656,0.08648485504712557,6.0788179867446446e-05,0.2814840776259489,0.12240323220082083,0.055864504917343044,0.0008905535441208589,-0.00878397498414524
443,11.33,-0.0324508966695133,-0.28365734219551086,0.0381729930639267,0.4344696443569319,0.0381729930639267,0.0381729930639267,0.06653872728347779,0.06653872728347779,-0.0,0.06653872728347779,0.0,0,0,-0.002159241363597063,0.0,0.9709515094354865,1.0651739822359656,0.08845735473438013,0.0019724996872545614,0.3038970090964236,0.13203402546325846,0.06549529817978067,0.0011486261711382904,-0.011544886236481101
444,11.39,0.005295675198587864,-1.0,0.0,0.4221415411725401,0.0,0.0,0.06653872728347779,0.0,-0.06653872728347779,0.0,0.06653872728347779,0,0,0.00035236748782071494,6.653872728347779e-05,0.9712290353019701,1.0651739822359656,0.08819680962990706,0.0,0.15717196762227892,0.0663488166411894,0.0663488166411894,0.0011726694190874905,-0.005985212041547991
445,11.47,0.007023705004389822,-1.0,0.0,0.4237699586942146,0.0,0.0,0.0,0.0,0.0,0.0,0.0,0,0,0.0,0.0,0.9712290353019701,1.0651739822359656,0.08819680962990706,0.0,0.10857898193739343,0.046012510690669084,0.046012510690669084,0.0006528959875663568,-0.004052557580334943
446,11.18,-0.025283347863993104,-1.0,0.0,0.4237699586942146,0.0,0.0,0.0,0.0,0.0,0.0,0.0,0,0,-0.0,0.0,0.9712290353019701,1.0651739822359656,0.08819680962990706,0.0,0.12967735045358558,0.05495336544529115,0.05495336544529115,0.0008674278880920811,-0.004917974149585196
447,11.13,-0.004472271914132284,-1.0,0.0,0.4237699586942146,0.0,0.0,0.0,0.0,0.0,0.0,0.0,0,0,-0.0,0.0,0.9712290353019701,1.0651739822359656,0.08819680962990706,0.0,0.0,0.0,0.0,0.0,-5e-05
448,10.64,-0.04402515723270442,-1.0,0.0,0.4237699586942146,0.0,0.0,0.0,0.0,0.0,0.0,0.0,0,0,-0.0,0.0,0.9712290353019701,1.0651739822359656,0.08819680962990706,0.0,0.0,0.0,0.0,0.0,-5e-05
449,10.74,0.00939849624060147,-1.0,0.0,0.4237699586942146,0.0,0.0,0.0,0.0,0.0,0.0,0.0,0,0,0.0,0.0,0.9712290353019701,1.0651739822359656,0.08819680962990706,0.0,0.0,0.0,0.0,0.0,-5e-05
450,10.44,-0.027932960893854813,-1.0,0.0,0.4237699586942146,0.0,0.0,0.0,0.0,0.0,0.0,0.0,0,0,-0.0,0.0,0.9712290353019701,1.0651739822359656,0.08819680962990706,0.0,0.0,0.0,0.0,0.0,-5e-05
451,10.73,0.027777777777777866,-1.0,0.0,0.4237699586942146,0.0,0.0,0.0,0.0,0.0,0.0,0.0,0,0,0.0,0.0,0.9712290353019701,1.0651739822359656,0.08819680962990706,0.0,0.0,0.0,0.0,0.0,-5e-05
452,10.8,0.006523765144454826,-1.0,0.0,0.4237699586942146,0.0,0.0,0.0,0.0,0.0,0.0,0.0,0,0,0.0,0.0,0.9712290353019701,1.0651739822359656,0.08819680962990706,0.0,0.0,0.0,0.0,0.0,-5e-05
453,10.55,-0.023148148148148147,-1.0,0.0,0.4237699586942146,0.0,0.0,0.0,0.0,0.0,0.0,0.0,0,0,-0.0,0.0,0.9712290353019701,1.0651739822359656,0.08819680962990706,0.0,0.0,0.0,0.0,0.0,-5e-05
454,10.21,-0.032227488151658754,-1.0,0.0,0.4237699586942146,0.0,0.0,0.0,0.0,0.0,0.0,0.0,0,0,-0.0,0.0,0.9712290353019701,1.0651739822359656,0.08819680962990706,0.0,0.0,0.0,0.0,0.0,-5e-05
455,10.07,-0.013712047012732669,-1.0,0.0,0.4237699586942146,0.0,0.0,0.0,0.0,0.0,0.0,0.0,0,0,-0.0,0.0,0.9712290353019701,1.0651739822359656,0.08819680962990706,0.0,0.0,0.0,0.0,0.0,-5e-05
456,10.45,0.037735849056603675,-1.0,0.0,0.4237699586942146,0.0,0.0,0.0,0.0,0.0,0.0,0.0,0,0,0.0,0.0,0.9712290353019701,1.0651739822359656,0.08819680962990706,0.0,0.0,0.0,0.0,0.0,-5e-05
457,10.43,-0.0019138755980860837,-1.0,0.0,0.4237699586942146,0.0,0.0,0.0,0.0,0.0,0.0,0.0,0,0,-0.0,0.0,0.9712290353019701,1.0651739822359656,0.08819680962990706,0.0,0.0,0.0,0.0,0.0,-5e-05
458,10.41,-0.0019175455417065747,-1.0,0.0,0.4237699586942146,0.0,0.0,0.0,0.0,0.0,0.0,0.0,0,0,-0.0,0.0,0.9712290353019701,1.0651739822359656,0.08819680962990706,0.0,0.0,0.0,0.0,0.0,-5e-05
459,10.36,-0.004803073967339165,-1.0,0.0,0.4237699586942146,0.0,0.0,0.0,0.0,0.0,0.0,0.0,0,0,-0.0,0.0,0.9712290353019701,1.0651739822359656,0.08819680962990706,0.0,0.0,0.0,0.0,0.0,-5e-05
460,10.83,0.04536679536679543,-1.0,0.0,0.4237699586942146,0.0,0.0,0.0,0.0,0.0,0.0,0.0,0,0,0.0,0.0,0.9712290353019701,1.0651739822359656,0.08819680962990706,0.0,0.0,0.0,0.0,0.0,-5e-05
461,11.11,0.025854108956601972,-1.0,0.0,0.4237699586942146,0.0,0.0,0.0,0.0,0.0,0.0,0.0,0,0,0.0,0.0,0.9712290353019701,1.0651739822359656,0.08819680962990706,0.0,0.21273485174774753,0.09015063933796283,0.09015063933796283,0.0019151050747604184,-0.008527975251178429
462,11.17,0.005400540054005446,-1.0,0.0,0.4237699586942146,0.0,0.0,0.0,0.0,0.0,0.0,0.0,0,0,0.0,0.0,0.9712290353019701,1.0651739822359656,0.08819680962990706,0.0,0.22398776047688268,0.0949192840052982,0.0949192840052982,0.0020797428274080963,-0.009039765238119927
463,11.11,-0.005371530886302641,-1.0,0.0,0.4237699586942146,0.0,0.0,0.0,0.0,0.0,0.0,0.0,0,0,-0.0,0.0,0.9712290353019701,1.0651739822359656,0.08819680962990706,0.0,0.2560542837459029,0.10850811324647797,0.10850811324647797,0.0025762146679435415,-0.010525489321504645
464,11.03,-0.007200720072007207,-1.0,0.0,0.4237699586942146,0.0,0.0,0.0,0.0,0.0,0.0,0.0,0,0,-0.0,0.0,0.9712290353019701,1.0651739822359656,0.08819680962990706,0.0,0.23994698240228834,0.10168232282141916,0.10168232282141916,0.0023218557951820784,-0.009774220202292672
465,11.21,0.016319129646418993,-1.0,0.0,0.4237699586942146,0.0,0.0,0.0,0.0,0.0,0.0,0.0,0,0,0.0,0.0,0.9712290353019701,1.0651739822359656,0.08819680962990706,0.0,0.22481774192876353,0.09527100521087871,0.09527100521087871,0.0020920868296433835,-0.009077714168145738
466,11.5,0.025869759143621687,-1.0,0.0,0.4237699586942146,0.0,0.0,0.0,0.0,0.0,0.0,0.0,0,0,0.0,0.0,0.9712290353019701,1.0651739822359656,0.08819680962990706,0.0,0.17043672857556522,0.07222596542844434,0.07222596542844434,0.0013432346258978596,-0.006651207702454046
467,11.23,-0.02347826086956518,-0.521107017993927,0.0,0.4237699586942146,0.0,0.0,0.0,0.0,0.0,0.0,0.0,0,0,-0.0,0.0,0.9712290353019701,1.0651739822359656,0.08819680962990706,0.0,0.20750148796801804,0.08793289698519506,0.08793289698519506,0.0018402834467543202,-0.008291704350567676
468,10.97,-0.02315227070347282,-1.0,0.0,0.4237699586942146,0.0,0.0,0.0,0.0,0.0,0.0,0.0,0,0,-0.0,0.0,0.9712290353019701,1.0651739822359656,0.08819680962990706,0.0,0.08254484193149982,0.03498002425573215,0.03498002425573215,0.0004210703676397477,-0.0030175787412265167
469,10.76,-0.01914311759343672,-1.0,0.0,0.4237699586942146,0.0,0.0,0.0,0.0,0.0,0.0,0.0,0,0,-0.0,0.0,0.9712290353019701,1.0651739822359656,0.08819680962990706,0.0,0.0,0.0,0.0,0.0,-5e-05
470,10.62,-0.01301115241635693,-1.0,0.0,0.4237699586942146,0.0,0.0,0.0,0.0,0.0,0.0,0.0,0,0,-0.0,0.0,0.9712290353019701,1.0651739822359656,0.08819680962990706,0.0,0.0,0.0,0.0,0.0,-5e-05
471,10.98,0.03389830508474588,-1.0,0.0,0.4237699586942146,0.0,0.0,0.0,0.0,0.0,0.0,0.0,0,0,0.0,0.0,0.9712290353019701,1.0651739822359656,0.08819680962990706,0.0,0.0,0.0,0.0,0.0,-5e-05
472,11.2,0.02003642987249534,-1.0,0.0,0.4237699586942146,0.0,0.0,0.0,0.0,0.0,0.0,0.0,0,0,0.0,0.0,0.9712290353019701,1.0651739822359656,0.08819680962990706,0.0,0.0,0.0,0.0,0.0,-5e-05
473,11.35,0.013392857142857175,-1.0,0.0,0.4237699586942146,0.0,0.0,0.0,0.0,0.0,0.0,0.0,0,0,0.0,0.0,0.9712290353019701,1.0651739822359656,0.08819680962990706,0.0,0.04589266596423009,0.01944793316002917,0.01944793316002917,0.00016460386731279565,-0.001630392612309294
474,11.3,-0.004405286343612241,-1.0,0.0,0.4237699586942146,0.0,0.0,0.0,0.0,0.0,0.0,0.0,0,0,-0.0,0.0,0.9712290353019701,1.0651739822359656,0.08819680962990706,0.0,0.17113622733857872,0.07252239199035322,0.07252239199035322,0.00135206602934531,-0.0066816186427404636
475,11.35,0.004424778761061852,-0.41177433729171753,0.0,0.4237699586942146,0.0,0.0,0.0,0.0,0.0,0.0,0.0,0,0,0.0,0.0,0.9712290353019701,1.0651739822359656,0.08819680962990706,0.0,0.2003568967705836,0.08490523386857123,0.08490523386857123,0.001739953530303316,-0.00797096379567582
476,11.06,-0.025550660792951468,0.22947265207767487,0.02294726520776749,0.4237699586942146,0.02294726520776749,0.02294726520776749,0.0,0.02294726520776749,0.02294726520776749,0.0,0.0,0,0,-0.0,2.294726520776749e-05,0.9712067482517196,1.0651739822359656,0.08821773301953376,2.092338962669804e-05,0.24725034830915552,0.104777269890101,0.08183000468233351,0.0016402219938417555,-0.008900067606286668
477,12.47,0.1274864376130199,-1.0,0.0,0.4236391544386131,0.0,0.0,0.02294726520776749,0.02294726520776749,-0.0,0.02294726520776749,0.0,1,0,0.002925465094299472,0.0,0.974047979693078,1.0651739822359656,0.08555034582388125,0.0,0.03016218073932552,0.012777880744432486,0.0,0.0,0.0020608272200834175
478,12.17,-0.024057738572574233,1.0,0.1229472652077675,0.44031034075122943,0.1229472652077675,0.1229472652077675,0.02294726520776749,0.1229472652077675,0.1,0.0,0.02294726520776749,0,0,-0.0005520593073239986,0.0001,0.9734128426421389,1.0651739822359656,0.08614662123196609,0.000596275408084837,0.472857051314262,0.20820384939080427,0.08525658418303678,0.001751488116994199,-0.014395122734836922
479,12.3,0.010682004930156187,-0.4146766662597656,0.08147959858179094,0.43658360690287,0.08147959858179094,0.08147959858179094,0.1229472652077675,0.1,-0.022947265207767492,0.1,0.022947265207767492,0,0,0.0013133232930985926,2.2947265207767493e-05,0.9746689112395254,1.0651739822359656,0.08496740673899679,0.0,0.33267472672221643,0.14524033211781184,0.04524033211781184,0.0006354534832633538,-0.007952927200429014
480,12.57,0.021951219512195086,1.0,0.2,0.4439537212291628,0.2,0.2,0.1,0.2,0.1,0.0,0.1,0,0,0.0021951219512195085,0.0001,0.9767109614706345,1.0651739822359656,0.08305030186677435,0.0,0.37465963083084264,0.16633153730169697,0.0,0.0,-0.0062215260747266925
481,12.76,0.015115354017501949,-0.9020541906356812,0.1097945809364319,0.45593560524645,0.1097945809364319,0.1097945809364319,0.2,0.1097945809364319,-0.09020541906356812,0.1,0.1,0,0,0.00302307080350039,9.020541906356812e-05,0.9795755232401319,1.0651739822359656,0.08036101183784951,0.0,0.4369533486250688,0.19922258946983382,0.08942800853340192,0.0018906023995922028,-0.010274334738987215
482,13.06,0.023510971786833913,1.0,0.20979458093643188,0.4727436959775314,0.20979458093643188,0.20979458093643188,0.1097945809364319,0.20979458093643188,0.09999999999999999,0.0,0.1097945809364319,0,0,0.0025813772947437027,9.999999999999999e-05,0.9820062197019865,1.0651739822359656,0.07807904053326295,0.0,0.5279424982080148,0.24958148786646814,0.03978690693003625,0.0005174004406622276,-0.009443911104261422
483,13.64,0.044410413476263406,-1.0,0.10979458093643188,0.487006016450965,0.10979458093643188,0.10979458093643188,0.20979458093643188,0.10979458093643188,-0.1,0.09999999999999999,0.1097945809364319,0,0,0.009317064084466349,0.0001,0.9910574339603244,1.0651739822359656,0.06958163596904521,0.0,0.3248777494160102,0.15821741857664595,0.04842283764021407,0.0007084723201682115,8.0559490977269e-06
484,13.53,-0.008064516129032346,1.0,0.20979458093643188,0.5401147793993424,0.20979458093643188,0.20979458093643188,0.10979458093643188,0.20979458093643188,0.1,0.0,0.10979458093643188,0,0,-0.0008854401688422023,0.0001,0.9900808061552703,1.0651739822359656,0.07049850759878971,0.0009168716297445062,0.5427307561700743,0.29313690264203796,0.08334232170560607,0.0016889914879428187,-0.014395662505948637
485,13.55,0.0014781966001479194,1.0,0.30979458093643186,0.5343843050317478,0.30979458093643186,0.30979458093643186,0.20979458093643188,0.30979458093643186,0.09999999999999998,0.1,0.10979458093643188,0,0,0.0003101176362696911,9.999999999999998e-05,0.9902888395939756,1.0651739822359656,0.07030320294229721,0.0,0.475095503261922,0.25388358033433067,0.0,0.0,-0.008063789262358265
486,13.87,0.023616236162361512,-1.0,0.20979458093643186,0.5356049895302658,0.20979458093643186,0.20979458093643186,0.30979458093643186,0.20979458093643186,-0.1,0.09999999999999998,0.20979458093643188,0,0,0.007316181985214593,0.0001,0.9974349440784127,1.0651739822359656,0.06359434166365774,0.0,0.4127202982840027,0.22105505104133144,0.011260470104899584,6.866460791631525e-05,-0.0018189702955247991
487,13.18,-0.04974765681326601,0.29218071699142456,0.2390126526355743,0.5775353670125856,0.2390126526355743,0.2390126526355743,0.20979458093643186,0.2390126526355743,0.02921807169914245,0.0,0.20979458093643186,0,0,-0.010436788813708572,2.921807169914245e-05,0.9869957830859418,1.0651739822359656,0.0733947697313406,0.00980042806768286,0.4533525190676001,0.26182711348578663,0.022814460850212326,0.00021250974269788217,-0.019730522815007766
488,13.65,0.03566009104704102,-1.0,0.1390126526355743,0.5162827003768153,0.1390126526355743,0.1390126526355743,0.2390126526355743,0.1390126526355743,-0.1,0.02921807169914245,0.20979458093643186,0,0,0.00852321295437937,0.0001,0.9953094587519491,1.0651739822359656,0.06558977655214598,0.0,0.15397284210267867,0.07949351470546395,0.0,0.0,0.0044609145820714655
489,13.74,0.006593406593406583,-1.0,0.039012652635574296,0.5650638867178353,0.039012652635574296,0.039012652635574296,0.1390126526355743,0.039012652635574296,-0.1,0.0,0.1390126526355743,0,0,0.0009165669404543346,0.0001,0.9961221955514874,1.0651739822359656,0.06482676805485596,0.0,0.16496266802164086,0.09321444635565233,0.05420179372007804,0.0008485244558616045,-0.004991947908832742
490,13.35,-0.028384279475982575,1.0,0.1390126526355743,0.5698326773949058,0.1390126526355743,0.1390126526355743,0.039012652635574296,0.1390126526355743,0.1,0.0,0.039012652635574296,0,0,-0.001107346035507569,0.0001,0.9949195313678072,1.0651739822359656,0.06595584574895774,0.0011290776941017822,0.20096038815315515,0.1145137960316319,0.0,0.0,-0.006304932525802625
491,12.02,-0.09962546816479402,-1.0,0.039012652635574296,0.5627759531149633,0.039012652635574296,0.039012652635574296,0.1390126526355743,0.1,-0.039012652635574296,0.1,0.039012652635574296,0,0,-0.013849200599648977,3.90126526355743e-05,0.981101876747308,1.0651739822359656,0.07892805015024608,0.012972204401288337,0.049813342002831835,0.02803375102348532,0.0,0.0,-0.01719084423644101
492,11.94,-0.0066555740432612375,-1.0,0.0,0.48169966638383976,0.0,0.0,0.1,0.0,-0.1,0.0,0.1,0,0,-0.0006655574043261238,0.0001,0.9803507869411658,1.0651739822359656,0.07963318360137064,0.0007051334511245649,0.0,0.0,0.0,0.0,-0.0011155574043261237
493,12.44,0.04187604690117253,-1.0,0.0,0.4772926013947407,0.0,0.0,0.0,0.0,0.0,0.0,0.0,0,0,0.0,0.0,0.9803507869411658,1.0651739822359656,0.07963318360137064,0.0,0.0,0.0,0.0,0.0,-5e-05
494,12.58,0.011254019292604547,-1.0,0.0,0.4772926013947407,0.0,0.0,0.0,0.0,0.0,0.0,0.0,0,0,0.0,0.0,0.9803507869411658,1.0651739822359656,0.07963318360137064,0.0,0.0,0.0,0.0,0.0,-5e-05
495,12.51,-0.005564387917329116,-1.0,0.0,0.4772926013947407,0.0,0.0,0.0,0.0,0.0,0.0,0.0,0,0,-0.0,0.0,0.9803507869411658,1.0651739822359656,0.07963318360137064,0.0,0.0,0.0,0.0,0.0,-5e-05
496,12.13,-0.030375699440447563,-1.0,0.0,0.4772926013947407,0.0,0.0,0.0,0.0,0.0,0.0,0.0,0,0,-0.0,0.0,0.9803507869411658,1.0651739822359656,0.07963318360137064,0.0,0.0,0.0,0.0,0.0,-5e-05
497,11.31,-0.06760098928277002,-1.0,0.0,0.4772926013947407,0.0,0.0,0.0,0.0,0.0,0.0,0.0,0,0,-0.0,0.0,0.9803507869411658,1.0651739822359656,0.07963318360137064,0.0,0.0,0.0,0.0,0.0,-5e-05
498,11.16,-0.013262599469496051,-1.0,0.0,0.4772926013947407,0.0,0.0,0.0,0.0,0.0,0.0,0.0,0,0,-0.0,0.0,0.9803507869411658,1.0651739822359656,0.07963318360137064,0.0,0.0,0.0,0.0,0.0,-5e-05
499,11.36,0.017921146953404955,-1.0,0.0,0.4772926013947407,0.0,0.0,0.0,0.0,0.0,0.0,0.0,0,0,0.0,0.0,0.9803507869411658,1.0651739822359656,0.07963318360137064,0.0,0.0,0.0,0.0,0.0,-5e-05
500,11.66,0.026408450704225418,-1.0,0.0,0.4772926013947407,0.0,0.0,0.0,0.0,0.0,0.0,0.0,0,0,0.0,0.0,0.9803507869411658,1.0651739822359656,0.07963318360137064,0.0,0.0,0.0,0.0,0.0,-5e-05
501,11.44,-0.01886792452830194,-1.0,0.0,0.4772926013947407,0.0,0.0,0.0,0.0,0.0,0.0,0.0,0,0,-0.0,0.0,0.9803507869411658,1.0651739822359656,0.07963318360137064,0.0,0.0,0.0,0.0,0.0,-5e-05
502,11.74,0.026223776223776286,-1.0,0.0,0.4772926013947407,0.0,0.0,0.0,0.0,0.0,0.0,0.0,0,0,0.0,0.0,0.9803507869411658,1.0651739822359656,0.07963318360137064,0.0,0.0,0.0,0.0,0.0,-5e-05
503,12.04,0.02555366269165238,-1.0,0.0,0.4772926013947407,0.0,0.0,0.0,0.0,0.0,0.0,0.0,0,0,0.0,0.0,0.9803507869411658,1.0651739822359656,0.07963318360137064,0.0,0.017578012747378566,0.00838985543154623,0.00838985543154623,4.2879496121715007e-05,-0.0006351611893783438
504,11.83,-0.017441860465116202,-1.0,0.0,0.4772926013947407,0.0,0.0,0.0,0.0,0.0,0.0,0.0,0,0,-0.0,0.0,0.9803507869411658,1.0651739822359656,0.07963318360137064,0.0,0.1699675435934198,0.08112425103437734,0.08112425103437734,0.0016176465277923785,-0.00691114524764938
505,11.76,-0.005917159763313634,-1.0,0.0,0.4772926013947407,0.0,0.0,0.0,0.0,0.0,0.0,0.0,0,0,-0.0,0.0,0.9803507869411658,1.0651739822359656,0.07963318360137064,0.0,0.055952606576781666,0.0267057651478486,0.0267057651478486,0.0002734075795822372,-0.0020495454924759514
506,11.65,-0.00935374149659859,-1.0,0.0,0.4772926013947407,0.0,0.0,0.0,0.0,0.0,0.0,0.0,0,0,-0.0,0.0,0.9803507869411658,1.0651739822359656,0.07963318360137064,0.0,0.0,0.0,0.0,0.0,-5e-05
507,11.45,-0.017167381974249017,-1.0,0.0,0.4772926013947407,0.0,0.0,0.0,0.0,0.0,0.0,0.0,0,0,-0.0,0.0,0.9803507869411658,1.0651739822359656,0.07963318360137064,0.0,0.0,0.0,0.0,0.0,-5e-05
508,11.56,0.009606986899563425,-1.0,0.0,0.4772926013947407,0.0,0.0,0.0,0.0,0.0,0.0,0.0,0,0,0.0,0.0,0.9803507869411658,1.0651739822359656,0.07963318360137064,0.0,0.0,0.0,0.0,0.0,-5e-05
509,11.31,-0.02162629757785467,-1.0,0.0,0.4772926013947407,0.0,0.0,0.0,0.0,0.0,0.0,0.0,0,0,-0.0,0.0,0.9803507869411658,1.0651739822359656,0.07963318360137064,0.0,0.0,0.0,0.0,0.0,-5e-05
510,12.29,0.08664898320070721,-1.0,0.0,0.4772926013947407,0.0,0.0,0.0,0.0,0.0,0.0,0.0,0,0,0.0,0.0,0.9803507869411658,1.0651739822359656,0.07963318360137064,0.0,0.0,0.0,0.0,0.0,-5e-05
511,12.32,0.002441008950366244,-1.0,0.0,0.4772926013947407,0.0,0.0,0.0,0.0,0.0,0.0,0.0,0,0,0.0,0.0,0.9803507869411658,1.0651739822359656,0.07963318360137064,0.0,0.19279747125675412,0.09202080659846393,0.09202080659846393,0.001979065493300644,-0.007976867481571509
512,12.18,-0.011363636363636409,-0.23815351724624634,0.0,0.4772926013947407,0.0,0.0,0.0,0.0,0.0,0.0,0.0,0,0,-0.0,0.0,0.9803507869411658,1.0651739822359656,0.07963318360137064,0.0,0.2285883558992195,0.1091035310356853,0.1091035310356853,0.002598870261709225,-0.009700821041200146
513,12.43,0.020525451559934318,-0.32671958208084106,0.0,0.4772926013947407,0.0,0.0,0.0,0.0,0.0,0.0,0.0,0,0,0.0,0.0,0.9803507869411658,1.0651739822359656,0.07963318360137064,0.0,0.22593816862466704,0.10783861625723092,0.10783861625723092,0.0025508293178454116,-0.009571021819916389
514,12.33,-0.008045052292839874,0.004116229712963104,0.00041162297129631047,0.4772926013947407,0.00041162297129631047,0.00041162297129631047,0.0,0.00041162297129631047,0.00041162297129631047,0.0,0.0,0,0,-0.0,4.116229712963105e-07,0.980350383406262,1.0651739822359656,0.07963356244549429,3.788441236413087e-07,0.28636922928070196,0.1366819144027932,0.13627029143149688,0.0037092354773418513,-0.012296802339394666
515,12.0,-0.026763990267639908,0.3677051067352295,0.03718213364481926,0.47729022652217556,0.03718213364481926,0.03718213364481926,0.00041162297129631047,0.03718213364481926,0.03677051067352295,0.00041162297129631047,0.0,0,0,-1.1016673197711475e-05,3.6770510673522955e-05,0.980303535222232,1.0651739822359656,0.07967754416567455,4.398172018026114e-05,0.31088666121920194,0.14838316495603576,0.1112010313112165,0.0026792708156985626,-0.011660711773775995
516,11.98,-0.0016666666666666312,-1.0,0.0,0.4770153466642847,0.0,0.0,0.03718213364481926,0.03677051067352295,-0.00041162297129630765,0.03677051067352295,0.00041162297129630765,0,0,-6.197022274136411e-05,4.1162297129630764e-07,0.9802423820783462,1.0651739822359656,0.07973495557912026,5.741141344571543e-05,0.0,0.0,0.0,0.0,-4.604270156290287e-05
517,11.95,-0.0025041736227046025,-1.0,0.0,0.4766565080762943,0.0,0.0,0.03677051067352295,0.0,-0.03677051067352295,0.0,0.03677051067352295,0,0,-9.207974292201423e-05,3.6770510673522955e-05,0.9801160775988303,1.0651739822359656,0.079853531963469,0.00011857638434874251,0.0,0.0,0.0,0.0,-0.00028916178561610604
518,12.14,0.015899581589958266,-1.0,0.0,0.47591540813756256,0.0,0.0,0.0,0.0,0.0,0.0,0.0,0,0,0.0,0.0,0.9801160775988303,1.0651739822359656,0.079853531963469,0.0,0.0,0.0,0.0,0.0,-5e-05
519,12.24,0.008237232289950547,-1.0,0.0,0.47591540813756256,0.0,0.0,0.0,0.0,0.0,0.0,0.0,0,0,0.0,0.0,0.9801160775988303,1.0651739822359656,0.079853531963469,0.0,0.0,0.0,0.0,0.0,-5e-05
520,11.69,-0.04493464052287587,-1.0,0.0,0.47591540813756256,0.0,0.0,0.0,0.0,0.0,0.0,0.0,0,0,-0.0,0.0,0.9801160775988303,1.0651739822359656,0.079853531963469,0.0,0.018939913571758324,0.009013796697593522,0.009013796697593522,4.8094445623842084e-05,-0.0006823907793125864
521,11.8,0.009409751924722088,-1.0,0.0,0.47591540813756256,0.0,0.0,0.0,0.0,0.0,0.0,0.0,0,0,0.0,0.0,0.9801160775988303,1.0651739822359656,0.079853531963469,0.0,0.0,0.0,0.0,0.0,-5e-05
522,11.9,0.00847457627118641,-1.0,0.0,0.47591540813756256,0.0,0.0,0.0,0.0,0.0,0.0,0.0,0,0,0.0,0.0,0.9801160775988303,1.0651739822359656,0.079853531963469,0.0,0.0,0.0,0.0,0.0,-5e-05
523,11.89,-0.0008403361344537636,-1.0,0.0,0.47591540813756256,0.0,0.0,0.0,0.0,0.0,0.0,0.0,0,0,-0.0,0.0,0.9801160775988303,1.0651739822359656,0.079853531963469,0.0,0.0,0.0,0.0,0.0,-5e-05
524,11.88,-0.0008410428931875346,-1.0,0.0,0.47591540813756256,0.0,0.0,0.0,0.0,0.0,0.0,0.0,0,0,-0.0,0.0,0.9801160775988303,1.0651739822359656,0.079853531963469,0.0,0.0,0.0,0.0,0.0,-5e-05
525,11.92,0.003367003367003295,-1.0,0.0,0.47591540813756256,0.0,0.0,0.0,0.0,0.0,0.0,0.0,0,0,0.0,0.0,0.9801160775988303,1.0651739822359656,0.079853531963469,0.0,0.0,0.0,0.0,0.0,-5e-05
526,11.66,-0.021812080536912734,-1.0,0.0,0.47591540813756256,0.0,0.0,0.0,0.0,0.0,0.0,0.0,0,0,-0.0,0.0,0.9801160775988303,1.0651739822359656,0.079853531963469,0.0,0.055550145483846784,0.02643717016004592,0.02643717016004592,0.0002690211690238936,-0.002032743157200567
