step,close,price_return,action_delta,raw_target,risk_cap,shielded_target,target_position,prev_position,position,executed_trade,locked_position,sellable_position,limit_up,limit_down,pnl,cost,equity,max_equity,drawdown,dd_increase,reward
1,14.17,-0.008397480755773214,-1.0,0.2783258691238292,0.8,0.2783258691238292,0.2783258691238292,0.37832586912382915,0.2783258691238292,-0.09999999999999998,0.0,0.37832586912382915,0,0,-0.0023372361298012096,9.999999999999998e-05,0.9975627638701988,1.0,0.002437236129801179,0.002437236129801179,-0.007241192041583391
2,13.47,-0.04940014114326036,-1.0,0.17832586912382917,0.8,0.17832586912382917,0.17832586912382917,0.2783258691238292,0.17832586912382917,-0.1,0.0,0.2783258691238292,0,0,-0.008809323104211736,0.0001,0.9886751548901487,1.0,0.011324845109851323,0.008887608980050143,-0.026646625612196988
3,14.78,0.09725315515961386,0.2338242530822754,0.2017082944320567,0.8,0.2017082944320567,0.2017082944320567,0.17832586912382917,0.2017082944320567,0.02338242530822754,0.0,0.17832586912382917,0,0,0.019616768055381886,2.338242530822754e-05,1.0080466484627841,1.0080466484627841,0.0,0.0,0.019678307652453163
4,14.44,-0.0230040595399188,-1.0,0.1017082944320567,0.8,0.1017082944320567,0.1017082944320567,0.2017082944320567,0.1017082944320567,-0.1,0.02338242530822754,0.17832586912382917,0,0,-0.002339703660818624,0.0001,1.0055873133642537,1.0080466484627841,0.0024397036608184946,0.0024397036608184946,-0.007314292752090146
5,14.66,0.015235457063711957,1.0,0.2017082944320567,0.8,0.2017082944320567,0.2017082944320567,0.1017082944320567,0.2017082944320567,0.1,0.0,0.1017082944320567,0,0,0.0030731180592141693,0.0001,1.0085770431657335,1.0085770431657335,0.0,0.0,0.0030197312942477897
6,14.51,-0.010231923601637131,-0.7834108471870422,0.12336720971335248,0.8,0.12336720971335248,0.12336720971335248,0.2017082944320567,0.12336720971335248,-0.07834108471870423,0.1,0.1017082944320567,0,0,-0.0012622838647341687,7.834108471870423e-05,1.0072249196182201,1.0085770431657335,0.0013406249494528346,0.0013406249494528346,-0.003996156745949358
7,14.03,-0.033080634045485904,1.0,0.2233672097133525,0.8,0.2233672097133525,0.2233672097133525,0.12336720971335248,0.2233672097133525,0.10000000000000002,0.0,0.12336720971335248,0,0,-0.0073891289222887185,0.00010000000000000002,0.9996816823414574,1.0085770431657335,0.008819713758658681,0.0074790888092058465,-0.022393221961097477
8,13.75,-0.0199572344975053,1.0,0.32336720971335253,0.8,0.32336720971335253,0.32336720971335253,0.2233672097133525,0.32336720971335253,0.10000000000000003,0.10000000000000002,0.12336720971335248,0,0,-0.006453515233053351,0.00010000000000000003,0.9931302532080282,1.0085770431657335,0.015315428863243559,0.006495715104584878,-0.019463664927785777
9,14.12,0.02690909090909085,-1.0,0.22336720971335253,0.8,0.22336720971335253,0.22336720971335253,0.32336720971335253,0.22336720971335253,-0.1,0.10000000000000003,0.2233672097133525,0,0,0.006010608552286564,0.0001,0.9990002573761742,1.0085770431657335,0.009495343815777931,0.0,0.0059646931318894985
10,14.07,-0.0035410764872520492,-0.614853024482727,0.1618819072650798,0.8,0.1618819072650798,0.1618819072650798,0.22336720971335253,0.1618819072650798,-0.061485302448272716,0.0,0.22336720971335253,0,0,-0.0005732362155278908,6.148530244827272e-05,0.9983661704163538,1.0085770431657335,0.010124038434713623,0.0006286946189356917,-0.0018414477138525033
11,14.88,0.05756929637526656,1.0,0.2618819072650798,0.8,0.2618819072650798,0.2618819072650798,0.1618819072650798,0.2618819072650798,0.1,0.0,0.1618819072650798,0,0,0.015076357134663453,0.0001,1.0133180587356754,1.0133180587356754,0.0,0.0,0.015042336999010824
12,14.53,-0.02352150537634418,-1.0,0.1618819072650798,0.8,0.1618819072650798,0.1618819072650798,0.2618819072650798,0.1618819072650798,-0.1,0.1,0.1618819072650798,0,0,-0.003807706152068425,0.0001,1.009358309523552,1.0133180587356754,0.003907706152068271,0.003907706152068271,-0.011691712762985786
13,14.58,0.0034411562284928227,1.0,0.2618819072650798,0.8,0.2618819072650798,0.2618819072650798,0.1618819072650798,0.2618819072650798,0.1,0.0,0.1618819072650798,0,0,0.0009011765563148092,0.0001,1.0101669837380638,1.0133180587356754,0.0031096603583115855,0.0,0.0008671564206621794
14,14.11,-0.032235939643347096,1.0,0.36188190726507985,0.8,0.36188190726507985,0.36188190726507985,0.2618819072650798,0.36188190726507985,0.10000000000000003,0.1,0.1618819072650798,0,0,-0.011665603320616445,0.00010000000000000003,0.9982817597198183,1.0133180587356754,0.014838676648690173,0.011729016290378588,-0.03513508186589806
15,13.96,-0.010630758327427256,-1.0,0.26188190726507987,0.8,0.26188190726507987,0.26188190726507987,0.36188190726507985,0.26188190726507987,-0.09999999999999998,0.10000000000000003,0.2618819072650798,0,0,-0.0027840032664607803,9.999999999999998e-05,0.9954027118639381,1.0133180587356754,0.01767988512322612,0.0028412084745359466,-0.008500440351185303
16,13.99,0.002148997134670441,1.0,0.36188190726507985,0.8,0.36188190726507985,0.36188190726507985,0.26188190726507987,0.36188190726507985,0.09999999999999998,0.0,0.26188190726507987,0,0,0.0007776831818017309,9.999999999999998e-05,0.9960772795408883,1.0133180587356754,0.017014183302228435,0.0,0.0007662372172772918
17,13.8,-0.013581129378127199,-1.0,0.26188190726507987,0.8,0.26188190726507987,0.26188190726507987,0.36188190726507985,0.26188190726507987,-0.09999999999999998,0.09999999999999998,0.26188190726507987,0,0,-0.003556652064357759,9.999999999999998e-05,0.9924349715003953,1.0133180587356754,0.020608620418090723,0.0035944371158622875,-0.010779546431734963
18,13.06,-0.05362318840579711,1.0,0.36188190726507985,0.7969568964094684,0.36188190726507985,0.36188190726507985,0.26188190726507987,0.36188190726507985,0.09999999999999998,0.0,0.26188190726507987,0,0,-0.019405261693924578,9.999999999999998e-05,0.9730772676670776,1.0133180587356754,0.03971190557760959,0.019103285159518868,-0.05762327797748676
19,12.63,-0.03292496171516077,-1.0,0.26188190726507987,0.7014404810989701,0.26188190726507987,0.26188190726507987,0.36188190726507985,0.26188190726507987,-0.09999999999999998,0.09999999999999998,0.26188190726507987,0,0,-0.008622451770596038,9.999999999999998e-05,0.9645896481307881,1.0133180587356754,0.048087972167086525,0.008376066589476934,-0.025408605085202537
20,11.96,-0.05304829770387964,-1.0,0.16188190726507987,0.6595601342653575,0.16188190726507987,0.16188190726507987,0.26188190726507987,0.16188190726507987,-0.1,0.0,0.26188190726507987,0,0,-0.008587559609469794,0.0001,0.9562097180639744,1.0133180587356754,0.05635776465185622,0.008269792484769695,-0.025195738885790003
21,12.37,0.03428093645484936,1.0,0.26188190726507987,0.6182111814663558,0.26188190726507987,0.26188190726507987,0.16188190726507987,0.26188190726507987,0.1,0.0,0.16188190726507987,0,0,0.008977557021628956,0.0001,0.9646985243607231,1.0133180587356754,0.04798052689953559,0.0,0.008943536885976327
22,11.83,-0.043654001616814805,-1.0,0.16188190726507987,0.6600973583792853,0.16188190726507987,0.16188190726507987,0.26188190726507987,0.16188190726507987,-0.1,0.1,0.16188190726507987,0,0,-0.007066793041482861,0.0001,0.9577847296892059,1.0133180587356754,0.05480345343470817,0.00682292653517258,-0.02078124041860884
23,12.24,0.03465765004226544,1.0,0.26188190726507987,0.6259827330752008,0.26188190726507987,0.26188190726507987,0.16188190726507987,0.26188190726507987,0.1,0.0,0.16188190726507987,0,0,0.00907621149439415,0.0001,0.9663820079889973,1.0133180587356754,0.04631916932896718,0.0,0.00904219135874152
24,12.29,0.0040849673202613505,-1.0,0.16188190726507987,0.6684041596982,0.16188190726507987,0.16188190726507987,0.26188190726507987,0.16188190726507987,-0.1,0.1,0.16188190726507987,0,0,0.0006612823009194298,0.0001,0.9669244211060084,1.0133180587356754,0.0457838851579855,0.0,0.0005926879941386097
25,12.54,0.020341741253051264,1.0,0.26188190726507987,0.6710805758866114,0.26188190726507987,0.26188190726507987,0.16188190726507987,0.26188190726507987,0.1,0.0,0.16188190726507987,0,0,0.005327133996441821,0.0001,0.9719786646195614,1.0133180587356754,0.04079606966414223,0.0,0.005293113860789191
26,12.33,-0.016746411483253516,-1.0,0.16188190726507987,0.6960196435477503,0.16188190726507987,0.16188190726507987,0.26188190726507987,0.16188190726507987,-0.1,0.1,0.16188190726507987,0,0,-0.0027109410307549144,0.0001,0.9692464899101639,1.0133180587356754,0.04349233534878464,0.0026962656846424085,-0.008172066706820549
27,11.88,-0.036496350364963445,1.0,0.26188190726507987,0.6825383208721439,0.26188190726507987,0.26188190726507987,0.16188190726507987,0.26188190726507987,0.1,0.0,0.16188190726507987,0,0,-0.00955773384179122,0.0001,0.9598857652835212,1.0133180587356754,0.05273003179161935,0.00923769644283471,-0.028067146863113273
28,11.71,-0.014309764309764304,-0.26379406452178955,0.23550250081290092,0.6363498434465312,0.23550250081290092,0.23550250081290092,0.26188190726507987,0.23550250081290092,-0.026379406452178955,0.1,0.16188190726507987,0,0,-0.0033699852809926886,2.6379406452178957e-05,0.9566256431663313,1.0133180587356754,0.05594730606111933,0.003217274269499977,-0.009736078285916648
29,11.45,-0.022203245089667083,-0.19781255722045898,0.21572124509085502,0.6202634625181787,0.21572124509085502,0.21572124509085502,0.23550250081290092,0.21572124509085502,-0.019781255722045893,0.0,0.23550250081290092,0,0,-0.004789711675800396,1.9781255722045894e-05,0.9520247588974097,1.0133180587356754,0.060487720819603095,0.004540414758483768,-0.013798701722646616
30,11.74,0.02532751091703065,-0.42183759808540344,0.17353748528231466,0.5969517430291341,0.17353748528231466,0.17353748528231466,0.21572124509085502,0.17353748528231466,-0.04218375980854036,0.0,0.21572124509085502,0,0,0.00439527255300187,4.2183759808540364e-05,0.9561690072062086,1.0133180587356754,0.05639794044603539,0.0,0.004418050249179583
31,11.84,0.008517887563884127,0.3089052438735962,0.20442800966967428,0.6180102951870162,0.20442800966967428,0.20442800966967428,0.17353748528231466,0.20442800966967428,0.03089052438735962,0.0,0.17353748528231466,0,0,0.0017412948012749026,3.089052438735962e-05,0.9578044427655614,1.0133180587356754,0.05478399944769435,0.0,0.001792541333813165
32,11.56,-0.023648648648648594,-0.7594486474990845,0.1284831449197658,0.6260800004048912,0.1284831449197658,0.1284831449197658,0.20442800966967428,0.1284831449197658,-0.07594486474990847,0.03089052438735962,0.17353748528231466,0,0,-0.0030384527514809414,7.594486474990847e-05,0.954821458892197,1.0133180587356754,0.0577277779066377,0.0029437784589433566,-0.00897274183065774
33,11.95,0.03373702422145318,1.0,0.22848314491976582,0.6113611176657152,0.22848314491976582,0.22848314491976582,0.1284831449197658,0.22848314491976582,0.1,0.0,0.1284831449197658,0,0,0.007708341394351936,0.0001,0.962086066522102,1.0133180587356754,0.050558649154536804,0.0,0.007664108552796339
34,11.81,-0.011715481171548017,-1.0,0.1284831449197658,0.6472067549862912,0.1284831449197658,0.1284831449197658,0.22848314491976582,0.1284831449197658,-0.1,0.1,0.1284831449197658,0,0,-0.0015052418651687917,0.0001,0.9605416856902252,1.0133180587356754,0.05208273215943631,0.0015240830048995069,-0.00463622273913303
35,12.13,0.02709568162574092,1.0,0.22848314491976582,0.639586338404851,0.22848314491976582,0.22848314491976582,0.1284831449197658,0.22848314491976582,0.1,0.0,0.1284831449197658,0,0,0.006190906551593998,0.0001,0.9663922553366749,1.0133180587356754,0.046309056662377175,0.0,0.006146673710038401
36,12.14,0.0008244023083264457,0.02565939724445343,0.23104908464421117,0.6684547118875488,0.23104908464421117,0.23104908464421117,0.22848314491976582,0.23104908464421117,0.002565939724445354,0.1,0.1284831449197658,0,0,0.0001904773987174,2.5659397244453542e-06,0.9665738515153347,1.0133180587356754,0.04612984720578628,0.0,0.00029322773220830193
37,11.93,-0.01729818780889628,1.0,0.3310490846442112,0.6693507559630154,0.3310490846442112,0.3310490846442112,0.23104908464421117,0.3310490846442112,0.1,0.002565939724445354,0.22848314491976582,0,0,-0.0057265492401387666,0.0001,0.9609420613752501,1.0133180587356754,0.051687618619740416,0.005557771413954138,-0.016859218715126776
38,11.62,-0.025984911986588474,-1.0,0.23104908464421117,0.6415619157294306,0.23104908464421117,0.23104908464421117,0.3310490846442112,0.23104908464421117,-0.1,0.1,0.23104908464421117,0,0,-0.006003790129061657,0.0001,0.9550766727064277,1.0133180587356754,0.05747591837247615,0.005788299752735732,-0.017623790391455552
39,11.61,-0.0008605851979345772,1.0,0.3310490846442112,0.6126204147981759,0.3310490846442112,0.3310490846442112,0.23104908464421117,0.3310490846442112,0.1,0.0,0.23104908464421117,0,0,-0.0002848959420345991,0.0001,0.9547090675707711,1.0133180587356754,0.057838692066764445,0.00036277369428829725,-0.001027569977690929
40,11.52,-0.007751937984496112,-1.0,0.23104908464421117,0.6108065336989971,0.23104908464421117,0.23104908464421117,0.3310490846442112,0.23104908464421117,-0.1,0.1,0.23104908464421117,0,0,-0.0017910781755365178,0.0001,0.9529036380891013,1.0133180587356754,0.059620392754031866,0.0017817006872674207,-0.005397880306993789
41,11.75,0.019965277777777814,1.0,0.3310490846442112,0.6018980421175414,0.3310490846442112,0.3310490846442112,0.23104908464421117,0.3310490846442112,0.1,0.0,0.23104908464421117,0,0,0.006609486933000756,0.0001,0.9591065518696511,1.0133180587356754,0.05349900398860392,0.0,0.006592360285921021
42,11.45,-0.025531914893617082,-1.0,0.23104908464421117,0.6325049713295848,0.23104908464421117,0.23104908464421117,0.3310490846442112,0.23104908464421117,-0.1,0.1,0.23104908464421117,0,0,-0.005899125565384129,0.0001,0.9533527512344026,1.0133180587356754,0.05917718231143733,0.005678178322833412,-0.017298882967973384
43,11.85,0.03493449781659392,1.0,0.3310490846442112,0.6041140869308805,0.3310490846442112,0.3310490846442112,0.23104908464421117,0.3310490846442112,0.1,0.0,0.23104908464421117,0,0,0.011565033524688611,0.0001,0.9642829724881591,1.0133180587356754,0.04839061716584597,0.0,0.011547906877608876
44,11.71,-0.01181434599156108,-1.0,0.23104908464421117,0.6580469213461602,0.23104908464421117,0.23104908464421117,0.3310490846442112,0.23104908464421117,-0.1,0.1,0.23104908464421117,0,0,-0.002729693827020193,0.0001,0.9615543469134087,1.0133180587356754,0.051083380362186244,0.0026927631963402712,-0.008158620976623164
45,11.45,-0.022203245089667083,1.0,0.3310490846442112,0.6445830889085046,0.3310490846442112,0.3310490846442112,0.23104908464421117,0.3310490846442112,0.1,0.0,0.23104908464421117,0,0,-0.007350363963065364,0.0001,0.9543904170586363,1.0133180587356754,0.05815315454908954,0.007069774186903299,-0.0215070389839517
46,11.51,0.005240174672489127,-1.0,0.23104908464421117,0.609234219049216,0.23104908464421117,0.23104908464421117,0.3310490846442112,0.23104908464421117,-0.1,0.1,0.23104908464421117,0,0,0.0012107375614543918,0.0001,0.9554504943431553,1.0133180587356754,0.057107009880709964,0.0,0.0011673368045319618
47,11.54,0.002606429192006895,0.8883028030395508,0.31987936494816627,0.6144649550365101,0.31987936494816627,0.31987936494816627,0.23104908464421117,0.31987936494816627,0.0888302803039551,0.0,0.23104908464421117,0,0,0.0008337429147215277,8.88302803039551e-05,0.9561622214879522,1.0133180587356754,0.05640463697946624,0.0,0.0008310314283627095
48,11.61,0.0060658578856152764,-1.0,0.21987936494816626,0.6179768234536853,0.21987936494816626,0.21987936494816626,0.31987936494816627,0.21987936494816626,-0.1,0.0888302803039551,0.23104908464421117,0,0,0.0013337569797549134,0.0001,0.9573418933024909,1.0133180587356754,0.0552404696142753,0.0,0.0012866764376458079
49,11.42,-0.016365202411714,0.8027031421661377,0.30014967916478,0.6237976454242411,0.30014967916478,0.30014967916478,0.21987936494816626,0.30014967916478,0.08027031421661376,0.0,0.21987936494816626,0,0,-0.004912010253342641,8.027031421661376e-05,0.9525625739720465,1.0133180587356754,0.05995697425883635,0.004716504644561054,-0.014339389104232434
50,10.99,-0.03765323992994744,-1.0,0.20014967916478002,0.6002151235988018,0.20014967916478002,0.20014967916478002,0.30014967916478,0.20014967916478002,-0.1,0.08027031421661376,0.21987936494816626,0,0,-0.007536283891493464,0.0001,0.9452885357327843,1.0133180587356754,0.06713540967361428,0.007178435414777931,-0.02194710084999232
51,11.13,0.012738853503184764,1.0,0.30014967916478,0.5554036967467489,0.30014967916478,0.30014967916478,0.20014967916478002,0.30014967916478,0.1,0.0,0.20014967916478002,0,0,0.0038235627919080413,0.0001,0.9488083769520561,1.0133180587356754,0.0636618297951864,0.0,0.0037995987014652773
52,11.24,0.009883198562443794,-1.0,0.20014967916478002,0.5771135710185527,0.20014967916478002,0.20014967916478002,0.30014967916478,0.20014967916478002,-0.1,0.1,0.20014967916478002,0,0,0.0019781190213949405,0.0001,0.9505903520124687,1.0133180587356754,0.06190327526726657,0.0,0.0019241728924519498
53,11.09,-0.013345195729537398,1.0,0.30014967916478,0.5881045278164738,0.30014967916478,0.30014967916478,0.20014967916478002,0.30014967916478,0.1,0.0,0.20014967916478002,0,0,-0.004005556216611843,0.0001,0.9466876498833127,1.0133180587356754,0.06575468410727622,0.0038514088400096527,-0.011732337987073913
54,11.27,0.016230838593327298,-1.0,0.20014967916478002,0.5640332385906628,0.20014967916478002,0.20014967916478002,0.30014967916478,0.20014967916478002,-0.1,0.1,0.20014967916478002,0,0,0.0032485971370297883,0.0001,0.9496683879073967,1.0133180587356754,0.06281312198037291,0.0,0.003194651008086798
55,11.25,-0.0017746228926352773,1.0,0.30014967916478,0.5824179653082713,0.30014967916478,0.30014967916478,0.20014967916478002,0.30014967916478,0.1,0.0,0.20014967916478002,0,0,-0.0005326524918629524,0.0001,0.9490675778353437,1.0133180587356754,0.06340603559409325,0.0005929136137203389,-0.0017424438097463943
56,11.37,0.010666666666666597,-1.0,0.20014967916478002,0.5787122793500976,0.20014967916478002,0.20014967916478002,0.30014967916478,0.20014967916478002,-0.1,0.1,0.20014967916478002,0,0,0.002134929911090973,0.0001,0.9509988638371274,1.0133180587356754,0.06150013252137647,0.0,0.0020809837821479825
57,11.02,-0.030782761653474027,1.0,0.30014967916478,0.5906241744759042,0.30014967916478,0.30014967916478,0.20014967916478002,0.30014967916478,0.1,0.0,0.20014967916478002,0,0,-0.009239436034096122,0.0001,0.9421170707798224,1.0133180587356754,0.07026519200170078,0.008765059480324314,-0.026793519085187515
58,11.06,0.003629764065335837,-1.0,0.20014967916478002,0.5358425699190443,0.20014967916478002,0.20014967916478002,0.30014967916478,0.20014967916478002,-0.1,0.1,0.20014967916478002,0,0,0.0007264961131208154,0.0001,0.9427073034627708,1.0133180587356754,0.06968271675825671,0.0,0.0006725499841778247
59,10.54,-0.04701627486437625,1.0,0.30014967916478,0.5394830167308677,0.30014967916478,0.30014967916478,0.20014967916478002,0.30014967916478,0.1,0.0,0.20014967916478002,0,0,-0.014111919816065643,0.0001,0.9293096228559384,1.0133180587356754,0.08290431139118837,0.013221594632931655,-0.040579073172371714
60,10.55,0.0009487666034157081,-1.0,0.20014967916478002,0.4568480685389067,0.20014967916478002,0.20014967916478002,0.30014967916478,0.20014967916478002,-0.1,0.1,0.20014967916478002,0,0,0.00018989533127591207,0.0001,0.929393163452343,1.0133180587356754,0.08282186877044911,0.0,0.00013594920233292145
61,10.53,-0.0018957345971565259,1.0,0.30014967916478,0.45736332275329983,0.30014967916478,0.30014967916478,0.20014967916478002,0.30014967916478,0.1,0.0,0.20014967916478002,0,0,-0.0005690041311181048,0.0001,0.9287713955865604,1.0133180587356754,0.08343546472921294,0.0006135959587638268,-0.0018201601390885225
62,9.16,-0.1301044634377967,-1.0,0.20014967916478002,0.4535283226556441,0.20014967916478002,0.20014967916478002,0.30014967916478,0.30014967916478,0.0,0.1,0.20014967916478002,0,1,-0.039050812958760533,0.0,0.8925021175360627,1.0133180587356754,0.11922805496070568,0.03579259023149274,-0.11050995751218878
63,8.78,-0.04148471615720532,-1.0,0.20014967916478002,0.2899123201154233,0.20014967916478002,0.20014967916478002,0.30014967916478,0.20014967916478002,-0.1,0.0,0.30014967916478,0,0,-0.008303152629106612,0.0001,0.8850022860206063,1.0133180587356754,0.126629316046306,0.007401261085600325,-0.023159620929250255
64,8.71,-0.007972665148063612,-1.0,0.10014967916478001,0.2667833663533599,0.10014967916478001,0.10014967916478001,0.20014967916478002,0.10014967916478001,-0.1,0.0,0.20014967916478002,0,0,-0.0007984598566667941,0.0001,0.8842071469935584,1.0133180587356754,0.12741400454582802,0.0007846884995220127,-0.002463765023154037
65,8.39,-0.03673938002296214,1.0,0.20014967916478002,0.26433124058055674,0.20014967916478002,0.20014967916478002,0.10014967916478001,0.20014967916478002,0.1,0.0,0.10014967916478001,0,0,-0.007353375124308801,0.0001,0.8776168194394206,1.0133180587356754,0.13391771529816635,0.006503710752338326,-0.02041474275792845
66,8.58,0.02264600715137062,-1.0,0.10014967916478001,0.24400712773336342,0.10014967916478001,0.10014967916478001,0.20014967916478002,0.10014967916478001,-0.1,0.1,0.10014967916478001,0,0,0.0022679903505730815,0.0001,0.879519484235466,1.0133180587356754,0.1320400572621304,0.0,0.0021720621831298643
67,8.2,-0.04428904428904438,-0.45263442397117615,0.0548862367676624,0.24987483248239742,0.0548862367676624,0.0548862367676624,0.10014967916478001,0.0548862367676624,-0.04526344239711762,0.0,0.10014967916478001,0,0,-0.0024308589710619758,4.526344239711762e-05,0.8773416863274766,1.0133180587356754,0.1341892323303283,0.0021491750681979227,-0.006765980028384809
68,8.43,0.028048780487804934,1.0,0.1548862367676624,0.2431586463017706,0.1548862367676624,0.1548862367676624,0.0548862367676624,0.1548862367676624,0.09999999999999999,0.0,0.0548862367676624,0,0,0.004344370055678344,9.999999999999999e-05,0.8810654491095233,1.0133180587356754,0.13051441103414718,0.0,0.004272907949934912
69,9.47,0.12336892052194555,0.27017244696617126,0.1819034814642795,0.2546424590063094,0.1819034814642795,0.1819034814642795,0.1548862367676624,0.1548862367676624,0.0,0.09999999999999999,0.0548862367676624,1,0,0.01910814783373298,0.0,0.8979009779623024,1.0133180587356754,0.11390015186088734,0.0,0.01918668572798955
70,9.01,-0.04857444561774032,1.0,0.2548862367676624,0.306562016159839,0.2548862367676624,0.2548862367676624,0.1548862367676624,0.2548862367676624,0.10000000000000003,0.0,0.1548862367676624,0,0,-0.0123809576465813,0.00010000000000000003,0.886694313885531,1.0133180587356754,0.1249595265361537,0.011059374675266367,-0.03453575545126959
71,9.01,0.0,1.0,0.3548862367676624,0.27200147360660776,0.27200147360660776,0.27200147360660776,0.2548862367676624,0.27200147360660776,0.017115236838945336,0.10000000000000003,0.1548862367676624,0,0,0.0,1.7115236838945335e-05,0.8866791379023451,1.0133180587356754,0.1249745030611007,1.4976524946988534e-05,6.318409802506987e-05
72,8.82,-0.021087680355160877,-1.0,0.17200147360660775,0.27195467464723394,0.17200147360660775,0.17200147360660775,0.27200147360660776,0.17200147360660775,-0.1,0.017115236838945336,0.2548862367676624,0,0,-0.0036271120960327846,0.0001,0.8833743853621693,1.0133180587356754,0.12823582117507884,0.0032613181139781455,-0.010214298143978815
73,8.91,0.010204081632653045,1.0,0.27200147360660776,0.26176307201495796,0.26176307201495796,0.26176307201495796,0.17200147360660775,0.26176307201495796,0.08976159840835021,0.0,0.17200147360660775,0,0,0.002671051755254669,8.976159840835021e-05,0.8856546309679147,1.0133180587356754,0.1259855448811869,0.0,0.0026523552573286934
74,8.89,-0.00224466891133553,-1.0,0.16176307201495796,0.2687951628128904,0.16176307201495796,0.16176307201495796,0.26176307201495796,0.16176307201495796,-0.1,0.08976159840835021,0.17200147360660775,0,0,-0.00036310453875410665,0.0001,0.885244480288545,1.0133180587356754,0.1263903049422891,0.0004047600611021829,-0.0012412671926301272
75,8.92,0.003374578177727712,1.0,0.26176307201495796,0.2675302870581922,0.26176307201495796,0.26176307201495796,0.16176307201495796,0.26176307201495796,0.1,0.0,0.16176307201495796,0,0,0.0008833399505566447,0.0001,0.8859379276559647,1.0133180587356754,0.12570597156695681,0.0,0.0008492858502431946
76,9.07,0.01681614349775789,-1.0,0.16176307201495796,0.2696688365201263,0.16176307201495796,0.16176307201495796,0.26176307201495796,0.16176307201495796,-0.1,0.1,0.16176307201495796,0,0,0.0027202310316416763,0.0001,0.8882592897061171,1.0133180587356754,0.1234151192228776,0.0,0.002651588499970021
77,9.17,0.011025358324145496,1.0,0.26176307201495796,0.27682775016965544,0.26176307201495796,0.26176307201495796,0.16176307201495796,0.26176307201495796,0.1,0.0,0.16176307201495796,0,0,0.0028860316649940137,0.0001,0.8907340082139633,1.0133180587356754,0.12097292598797767,0.0,0.0028519775646805635
78,9.43,0.028353326063249706,-1.0,0.16176307201495796,0.28445961270563275,0.16176307201495796,0.16176307201495796,0.26176307201495796,0.16176307201495796,-0.1,0.1,0.16176307201495796,0,0,0.004586521125833047,0.0001,0.8947303051593133,1.0133180587356754,0.11702915245024344,0.0,0.004517878594161392
79,9.42,-0.0010604453870625436,1.0,0.26176307201495796,0.2967838974676228,0.26176307201495796,0.26176307201495796,0.16176307201495796,0.26176307201495796,0.1,0.0,0.16176307201495796,0,0,-0.0002775854422215826,0.0001,0.8943924680213707,1.0133180587356754,0.1173625493881842,0.0003333969379407664,-0.0009784334184165654
80,9.61,0.02016985138004241,1.0,0.36176307201495794,0.29574202690341345,0.29574202690341345,0.29574202690341345,0.26176307201495796,0.29574202690341345,0.03397895488845548,0.1,0.16176307201495796,0,0,0.005965072729474353,3.397895488845548e-05,0.8996971936204889,1.0133180587356754,0.11212754389964395,0.0,0.0060390715053975546
81,9.35,-0.027055150884495296,-1.0,0.19574202690341344,0.31210142970132515,0.19574202690341344,0.19574202690341344,0.29574202690341345,0.19574202690341344,-0.1,0.03397895488845548,0.26176307201495796,0,0,-0.005295830072308788,0.0001,0.8948425804471797,1.0133180587356754,0.11691835279864493,0.004790808899000978,-0.014932991618826452
82,9.21,-0.014973262032085433,1.0,0.29574202690341345,0.29713013991779613,0.29574202690341345,0.29574202690341345,0.19574202690341344,0.29574202690341345,0.1,0.0,0.19574202690341344,0,0,-0.004428222862724869,0.0001,0.8907905338158592,1.0133180587356754,0.12091714330315473,0.003998790504509797,-0.012450836663488578
83,9.16,-0.005428881650380099,0.6521984934806824,0.3609618762514817,0.28463393300853423,0.28463393300853423,0.28463393300853423,0.29574202690341345,0.28463393300853423,-0.011108093894879212,0.1,0.19574202690341344,0,0,-0.0015452439359855499,1.1108093894879211e-05,0.8894041501603566,1.0133180587356754,0.12228530569160796,0.001368162388453234,-0.004176060379421161
84,9.41,0.027292576419213975,0.9048998951911926,0.3751239225276535,0.2803584173330429,0.2803584173330429,0.2803584173330429,0.28463393300853423,0.2803584173330429,-0.004275515675491337,0.0,0.28463393300853423,0,0,0.007651703529831957,4.275515675491337e-06,0.8962058043741999,1.0133180587356754,0.11557304574991714,0.0,0.007766344801416852
85,9.49,0.008501594048884174,0.8329740166664124,0.36365581899968413,0.3013342231518153,0.3013342231518153,0.3013342231518153,0.2803584173330429,0.3013342231518153,0.020975805818772397,0.0,0.2803584173330429,0,0,0.0025618212382726084,2.0975805818772398e-05,0.8984829247987827,1.0133180587356754,0.11332585356287184,0.0,0.002656676675010034
86,9.4,-0.009483667017913578,1.0,0.40133422315181533,0.308356698044165,0.308356698044165,0.308356698044165,0.3013342231518153,0.308356698044165,0.007022474892349695,0.020975805818772397,0.2803584173330429,0,0,-0.0029243522469941836,7.022474892349695e-06,0.8958491346649808,1.0133180587356754,0.11592502774228795,0.0025991741794161166,-0.008005270611275664
87,9.71,0.032978723404255374,1.0,0.40835669804416497,0.30023428462507945,0.30023428462507945,0.30023428462507945,0.308356698044165,0.30023428462507945,-0.008122413419085539,0.007022474892349695,0.3013342231518153,0,0,0.009901343429124977,8.122413419085538e-06,0.9047119681509503,1.0133180587356754,0.10717867864728838,0.0,0.010015216004372796
88,9.68,-0.003089598352214329,1.0,0.4002342846250795,0.327566623129231,0.327566623129231,0.327566623129231,0.30023428462507945,0.327566623129231,0.027332338504151565,0.0,0.30023428462507945,0,0,-0.0010120492990604844,2.7332338504151567e-05,0.9037716271439692,1.0133180587356754,0.10810666073432866,0.0009279820870402855,-0.002776851942572717
89,9.84,0.016528925619834725,1.0,0.427566623129231,0.32466669417949395,0.32466669417949395,0.32466669417949395,0.327566623129231,0.32466669417949395,-0.002899928949737063,0.027332338504151565,0.30023428462507945,0,0,0.005366391639330483,2.899928949737063e-06,0.9086189987742332,1.0133180587356754,0.10332299820263338,0.0,0.005493596685027909
90,9.44,-0.040650406504065074,-1.0,0.22466669417949395,0.33961563222123253,0.22466669417949395,0.22466669417949395,0.32466669417949395,0.22466669417949395,-0.1,0.0,0.32466669417949395,0,0,-0.0091327924463209,0.0001,0.9002299081457669,1.0133180587356754,0.11160183085161776,0.00827883264898438,-0.025735942801866092
91,9.34,-0.010593220338983014,1.0,0.32466669417949395,0.3137442827229263,0.3137442827229263,0.3137442827229263,0.22466669417949395,0.3137442827229263,0.08907758854343237,0.0,0.22466669417949395,0,0,-0.00332356231698014,8.907758854343237e-05,0.8971577476370828,1.0133180587356754,0.11463361389564762,0.0030317830440298593,-0.009391559503186044
92,9.25,-0.009635974304068507,-1.0,0.2137442827229263,0.3042699614545459,0.2137442827229263,0.2137442827229263,0.3137442827229263,0.2137442827229263,-0.1,0.08907758854343237,0.22466669417949395,0,0,-0.002059634415959672,0.0001,0.8952202148887408,1.0133180587356754,0.11654568161381249,0.0019120677181648643,-0.005932935253693688
93,8.63,-0.06702702702702694,1.0,0.3137442827229263,0.2982947355142738,0.2982947355142738,0.2982947355142738,0.2137442827229263,0.2982947355142738,0.08455045279134751,0.0,0.2137442827229263,0,0,-0.019993809299335086,8.455045279134752e-05,0.8772456613568288,1.0133180587356754,0.13428399524293996,0.017738313629127478,-0.055471673245009824
94,8.55,-0.009269988412514491,-1.0,0.19829473551427382,0.2428625322891753,0.19829473551427382,0.19829473551427382,0.2982947355142738,0.19829473551427382,-0.1,0.08455045279134751,0.2137442827229263,0,0,-0.0018381899004799441,0.0001,0.8755453926757472,1.0133180587356754,0.13596191726004392,0.0016779220171039555,-0.005248649574658896
95,8.48,-0.008187134502924008,1.0,0.2982947355142738,0.23761899992964075,0.23761899992964075,0.23761899992964075,0.19829473551427382,0.23761899992964075,0.03932426441536693,0.0,0.19829473551427382,0,0,-0.0019454187128742594,3.932426441536693e-05,0.8738076601063357,1.0133180587356754,0.13767681077687283,0.0017148935168289081,-0.005325498416673879
96,8.61,0.015330188679245165,-0.3857182562351227,0.19904717430612848,0.23225998357085537,0.19904717430612848,0.19904717430612848,0.23761899992964075,0.19904717430612848,-0.038571825623512274,0.03932426441536693,0.19829473551427382,0,0,0.00305143073818355,3.857182562351227e-05,0.8764403193029503,1.0133180587356754,0.13507875267071473,0.0,0.003089229437772406
97,8.28,-0.03832752613240419,0.8116171360015869,0.2802088879062872,0.2403788812472218,0.2403788812472218,0.2403788812472218,0.19904717430612848,0.2403788812472218,0.04133170694109331,0.0,0.19904717430612848,0,0,-0.009213127852680978,4.133170694109331e-05,0.8683293378115389,1.0133180587356754,0.1430831313763815,0.008004378705666781,-0.025174324699607648
98,8.35,0.008454106280193273,-0.3726615905761719,0.2031127221896046,0.215365233273997,0.2031127221896046,0.2031127221896046,0.2403788812472218,0.2031127221896046,-0.03726615905761718,0.04133170694109331,0.19904717430612848,0,0,0.0017171365402502878,3.726615905761718e-05,0.8697880185472491,1.0133180587356754,0.14164362210963635,0.0,0.0017583520682284619
99,8.82,0.05628742514970068,0.554595947265625,0.2585723169161671,0.21986366100771973,0.21986366100771973,0.21986366100771973,0.2031127221896046,0.21986366100771973,0.016750938818115124,0.0,0.2031127221896046,0,0,0.012375559362111188,1.6750938818115124e-05,0.8805375620373502,1.0133180587356754,0.1310353600763776,0.0,0.012453347132829617
100,8.92,0.011337868480725584,0.010686993598937988,0.22093236036761352,0.2530145071459019,0.22093236036761352,0.22093236036761352,0.21986366100771973,0.22093236036761352,0.0010686993598937877,0.016750938818115124,0.2031127221896046,0,0,0.0025049020449842713,1.0686993598937878e-06,0.8827422813472542,1.0133180587356754,0.1288596174347683,0.0,0.0026065717474504355
101,9.12,0.02242152466367705,1.0,0.3209323603676135,0.2598136741679259,0.2598136741679259,0.2598136741679259,0.22093236036761352,0.2598136741679259,0.03888131380031237,0.0010686993598937877,0.21986366100771973,0,0,0.005825418703316703,3.888131380031237e-05,0.887850302563577,1.0133180587356754,0.12381873103953703,0.0,0.005882483049946208
102,8.78,-0.037280701754385956,1.0,0.35981367416792587,0.27556646000686946,0.27556646000686946,0.27556646000686946,0.2598136741679259,0.27556646000686946,0.015752785838943573,0.03888131380031237,0.22093236036761352,0,0,-0.010273311009028025,1.5752785838943574e-05,0.8787151541602083,1.0133180587356754,0.13283381601173885,0.009015084972201826,-0.028207332380514403
103,8.74,-0.00455580865603635,1.0,0.37556646000686944,0.24739434793719756,0.24739434793719756,0.24739434793719756,0.27556646000686946,0.24739434793719756,-0.028172112069671906,0.015752785838943573,0.2598136741679259,0,0,-0.0011270813117867531,2.8172112069671906e-05,0.8777000154697703,1.0133180587356754,0.1338356127148437,0.0010017967031048514,-0.003061218655373408
104,8.74,0.0,1.0,0.3473943479371976,0.24426370710266676,0.24426370710266676,0.24426370710266676,0.24739434793719756,0.24426370710266676,-0.0031306408345307957,0.0,0.24739434793719756,0,0,0.0,3.1306408345307956e-06,0.8776972677062613,1.0133180587356754,0.133838324364444,2.711649600306565e-06,0.0001006401086446683
105,8.82,0.009153318077803212,0.4609714448451996,0.2903608515871867,0.24425523206723787,0.24425523206723787,0.24425523206723787,0.24426370710266676,0.24425523206723787,-8.475035428889832e-06,0.0,0.24426370710266676,0,0,0.002235745831279067,8.475035428889832e-09,0.8796595682751454,1.0133180587356754,0.13190181434967885,0.0,0.0023464898869309343
106,8.91,0.010204081632653045,-0.19347666203975677,0.2249075658632622,0.2503068264586274,0.2249075658632622,0.2249075658632622,0.24425523206723787,0.2249075658632622,-0.019347666203975683,0.0,0.24425523206723787,0,0,0.0022949751618700186,1.9347666203975683e-05,0.8816613457755379,1.0133180587356754,0.12992634624947527,0.0,0.00237054815417249
107,9.06,0.016835016835016876,1.0,0.3249075658632622,0.25648014471051767,0.25648014471051767,0.25648014471051767,0.2249075658632622,0.25648014471051767,0.03157257884725548,0.0,0.2249075658632622,0,0,0.004317847554049129,3.1572578847255476e-05,0.8854403887385383,1.0133180587356754,0.12619697132082208,0.0,0.00438490753382612
108,8.88,-0.01986754966887414,-0.11917704343795776,0.2445624403667219,0.26813448257846645,0.2445624403667219,0.2445624403667219,0.25648014471051767,0.2445624403667219,-0.01191770434379577,0.03157257884725548,0.2249075658632622,0,0,-0.004858856431126917,1.1917704343795771e-05,0.8811276085945694,1.0133180587356754,0.13045306851240862,0.004256097191586539,-0.01327807637893853
109,9.1,0.024774774774774643,1.0,0.3445624403667219,0.2548341717582916,0.2548341717582916,0.2548341717582916,0.2445624403667219,0.2548341717582916,0.0102717313915697,0.0,0.2445624403667219,0,0,0.006313459210227911,1.02717313915697e-05,0.8866815211043195,1.0133180587356754,0.12497215118159566,0.0,0.006411987843138091
110,9.05,-0.005494505494505378,-0.4154324233531952,0.21329092942297206,0.2719620320955733,0.21329092942297206,0.21329092942297206,0.2548341717582916,0.21329092942297206,-0.04154324233531953,0.0102717313915697,0.2445624403667219,0,0,-0.0011719281836426788,4.154324233531953e-05,0.8856055584145168,1.0133180587356754,0.1260339724730717,0.0010618212914760283,-0.0032572068847884004
111,8.75,-0.03314917127071831,1.0,0.3132909294229721,0.26864382289451727,0.26864382289451727,0.26864382289451727,0.21329092942297206,0.26864382289451727,0.055352893471545206,0.0,0.21329092942297206,0,0,-0.008905320095950868,5.5352893471545204e-05,0.8776699366079495,1.0133180587356754,0.1338652962496051,0.007831323776533422,-0.02453311239763595
112,8.6,-0.017142857142857182,0.8007104396820068,0.34871486686271796,0.24417094737423622,0.24417094737423622,0.24417094737423622,0.26864382289451727,0.24417094737423622,-0.024472875520281046,0.055352893471545206,0.21329092942297206,0,0,-0.00418578766927263,2.4472875520281046e-05,0.8739747175024981,1.0133180587356754,0.13751194901928127,0.0036466527696761564,-0.011405071624405802
113,8.58,-0.0023255813953487877,-0.3536835014820099,0.20880259722603522,0.23277514465299748,0.20880259722603522,0.20880259722603522,0.24417094737423622,0.20880259722603522,-0.035368350148201,0.0,0.24417094737423622,0,0,-0.0004855874354093739,3.5368350148201e-05,0.8735194153169842,1.0133180587356754,0.13796126715941393,0.0004493181401326596,-0.0013381537973263763
114,8.72,0.016317016317016382,1.0,0.3088025972260352,0.231371036173396,0.231371036173396,0.231371036173396,0.20880259722603522,0.231371036173396,0.02256843894736077,0.0,0.20880259722603522,0,0,0.00377528497252629,2.256843894736077e-05,0.8767974860692463,1.0133180587356754,0.1347262801540977,0.0,0.0038481354019813153
115,8.6,-0.01376146788990837,1.0,0.331371036173396,0.24148035645620575,0.24148035645620575,0.24148035645620575,0.231371036173396,0.24148035645620575,0.010109320282809753,0.02256843894736077,0.20880259722603522,0,0,-0.003323124171415703,1.0109320282809754e-05,0.8738749153232434,1.0133180587356754,0.13761043949657453,0.002884159342476822,-0.008996706280452368
116,8.6,0.0,1.0,0.3414803564562058,0.23246738910821965,0.23246738910821965,0.23246738910821965,0.24148035645620575,0.23246738910821965,-0.009012967347986095,0.010109320282809753,0.231371036173396,0,0,0.0,9.012967347986095e-06,0.8738670391171653,1.0133180587356754,0.13761821218552459,7.772688950052897e-06,7.79909523435714e-05
117,8.38,-0.025581395348837077,1.0,0.33246738910821966,0.2324430815890225,0.2324430815890225,0.2324430815890225,0.23246738910821965,0.2324430815890225,-2.4307519197158678e-05,0.0,0.23246738910821965,0,0,-0.005946218366230777,2.4307519197158678e-08,0.8686708136379833,1.0133180587356754,0.14274614357329185,0.005127931387767265,-0.01609506962579785
118,8.41,0.003579952267303026,1.0,0.33244308158902247,0.21641827970910157,0.21641827970910157,0.21641827970910157,0.2324430815890225,0.21641827970910157,-0.01602480187992092,0.0,0.2324430815890225,0,0,0.0007747671111304187,1.6024801879920918e-05,0.8693299109371015,1.0133180587356754,0.14209570880265268,0.0,0.0008524787530606502
119,8.42,0.0011890606420927215,1.0,0.3164182797091016,0.21845089122817446,0.21845089122817446,0.21845089122817446,0.21641827970910157,0.21845089122817446,0.0020326115190728855,0.0,0.21641827970910157,0,0,0.00025975135698950037,2.0326115190728857e-06,0.8695539535511482,1.0133180587356754,0.1418746107849916,0.0,0.00035914049932076543
120,8.34,-0.009501187648456066,1.0,0.3184508912281745,0.21914183944627305,0.21914183944627305,0.21914183944627305,0.21845089122817446,0.21914183944627305,0.0006909482180985915,0.0020326115190728855,0.21641827970910157,0,0,-0.0020821077382068716,6.909482180985916e-07,0.8677428477189163,1.0133180587356754,0.14366191321843644,0.0017873024334448262,-0.005555077811233445
121,8.47,0.015587529976019279,1.0,0.31914183944627306,0.2135565117018589,0.2135565117018589,0.2135565117018589,0.21914183944627305,0.2135565117018589,-0.0055853277444141425,0.0006909482180985915,0.21845089122817446,0,0,0.0033288185277268374,5.585327744414143e-06,0.8706265595595033,1.0133180587356754,0.14081610205803433,0.0,0.0034212106129171715
122,8.56,0.010625737898465154,1.0,0.31355651170185894,0.22244966440062222,0.22244966440062222,0.22244966440062222,0.2135565117018589,0.22244966440062222,0.008893152698763312,0.0,0.2135565117018589,0,0,0.0023636918295225464,8.893152698763313e-06,0.8726767098299616,1.0133180587356754,0.13879289695201233,0.0,0.002454131587199605
123,8.55,-0.0011682242990653955,1.0,0.3224496644006222,0.228772180528964,0.228772180528964,0.228772180528964,0.22244966440062222,0.228772180528964,0.006322516128341782,0.008893152698763312,0.2135565117018589,0,0,-0.0002672572202441111,6.322516128341782e-06,0.872437963165748,1.0133180587356754,0.13902850576422626,0.00023560881221393326,-0.0006420973368974981
124,8.94,0.045614035087719156,1.0,0.328772180528964,0.22803592346761092,0.22803592346761092,0.22803592346761092,0.228772180528964,0.22803592346761092,-0.0007362570613530794,0.006322516128341782,0.22244966440062222,0,0,0.010401638614312045,7.362570613530795e-07,0.8815121052333935,1.0133180587356754,0.1300736253203038,0.0,0.010506155553365547
125,8.85,-0.010067114093959717,1.0,0.3280359234676109,0.2560199316602772,0.2560199316602772,0.2560199316602772,0.22803592346761092,0.2560199316602772,0.027984008192666276,0.0,0.22803592346761092,0,0,-0.0025773818623517804,2.7984008192666277e-05,0.8792154436799466,1.0133180587356754,0.13234010180678077,0.0022664764864769593,-0.007038026611842932
126,8.99,0.015819209039548088,1.0,0.35601993166027723,0.2489371769142863,0.2489371769142863,0.2489371769142863,0.2560199316602772,0.2489371769142863,-0.007082754745990905,0.027984008192666276,0.22803592346761092,0,0,0.003937989239322059,7.082754745990905e-06,0.8826715573688475,1.0133180587356754,0.1289294118865665,0.0,0.004039545582521611
127,8.92,-0.007786429365962212,1.0,0.3489371769142863,0.25959560498708245,0.25959560498708245,0.25959560498708245,0.2489371769142863,0.25959560498708245,0.010658428072796156,0.0,0.2489371769142863,0,0,-0.002021322841946145,1.0658428072796156e-05,0.8808779852966956,1.0133180587356754,0.13069941100647733,0.0017699991199108256,-0.005461985287761907
128,9.1,0.020179372197309385,1.0,0.35959560498708243,0.25406434051812404,0.25406434051812404,0.25406434051812404,0.25959560498708245,0.25406434051812404,-0.005531264468958408,0.010658428072796156,0.2489371769142863,0,0,0.005126858889379177,5.531264468958408e-06,0.8853892500569708,1.0133180587356754,0.12624743788571413,0.0,0.0052322713835128674
129,8.94,-0.0175824175824176,1.0,0.3540643405181241,0.26797676310045726,0.26797676310045726,0.26797676310045726,0.25406434051812404,0.26797676310045726,0.013912422582333217,0.0,0.25406434051812404,0,0,-0.004711679351216836,1.3912422582333218e-05,0.8812052619002914,1.0133180587356754,0.13037643580557734,0.004128997919863209,-0.012872844694293556
130,8.77,-0.019015659955257263,1.0,0.36797676310045724,0.25507366135835097,0.25507366135835097,0.25507366135835097,0.26797676310045726,0.25507366135835097,-0.012903101742106293,0.013912422582333217,0.25406434051812404,0,0,-0.004850394007932846,1.2903101742106293e-05,0.8769196988970613,1.0133180587356754,0.13460567357182926,0.00422923776625192,-0.013214217539866088
131,8.87,0.011402508551881374,1.0,0.35507366135835094,0.2418572627021479,0.2418572627021479,0.2418572627021479,0.25507366135835097,0.2418572627021479,-0.013216398656203054,0.0,0.25507366135835097,0,0,0.0027577795062958617,1.3216398656203055e-05,0.8793264603510167,1.0133180587356754,0.13223054422995384,0.0,0.0028479723046197806
132,8.89,0.0022547914317927117,1.0,0.3418572627021479,0.24927953109271067,0.24927953109271067,0.24927953109271067,0.2418572627021479,0.24927953109271067,0.0074222683905627584,0.0,0.2418572627021479,0,0,0.0005620733508291489,7.4222683905627585e-06,0.8798141797240673,1.0133180587356754,0.13174923496200383,0.0,0.00066322349612585
133,8.7,-0.021372328458942776,0.31687259674072266,0.28096679076678294,0.2507836636168246,0.2507836636168246,0.2507836636168246,0.24927953109271067,0.2507836636168246,0.0015041325241139103,0.0074222683905627584,0.2418572627021479,0,0,-0.005359830830955792,1.5041325241139104e-06,0.8750972012009473,1.0133180587356754,0.13640421814567022,0.004654983183666389,-0.014559318666466892
134,8.66,-0.00459770114942519,0.11769580841064453,0.262553244457889,0.2362368240966712,0.2362368240966712,0.2362368240966712,0.2507836636168246,0.2362368240966712,-0.01454683952015337,0.0015041325241139103,0.24927953109271067,0,0,-0.0010861463176858217,1.4546839520153371e-05,0.8741339876996953,1.0133180587356754,0.13735477211334918,0.0009505539676789576,-0.0029008171201015333
135,8.67,0.0011547344110854256,0.19987225532531738,0.256224049629203,0.23326632417884355,0.23326632417884355,0.23326632417884355,0.2362368240966712,0.23326632417884355,-0.0029704999178276625,0.0,0.2362368240966712,0,0,0.0002693606514767189,2.9704999178276628e-06,0.8743668483851614,1.0133180587356754,0.13712497192035086,0.0,0.00037221678930973793
136,8.62,-0.005767012687427994,0.5477378368377686,0.2880401078626204,0.23398446701612058,0.23398446701612058,0.23398446701612058,0.23326632417884355,0.23398446701612058,0.0007181428372770304,0.0,0.23326632417884355,0,0,-0.0013493913899430443,7.181428372770304e-07,0.8731863573680095,1.0133180587356754,0.1382899477213593,0.0011649758010084388,-0.0035728787644890556
137,8.58,-0.004640371229698278,1.0,0.3339844670161206,0.23034392707199416,0.23034392707199416,0.23034392707199416,0.23398446701612058,0.23034392707199416,-0.003640539944126414,0.0007181428372770304,0.23326632417884355,0,0,-0.0010688813321206,3.6405399441264143e-06,0.8722498459013438,1.0133180587356754,0.13921415059980619,0.0009242028784468836,-0.0028163765375307293
138,8.38,-0.02331002331002323,1.0,0.33034392707199417,0.22745580263589021,0.22745580263589021,0.22745580263589021,0.23034392707199416,0.22745580263589021,-0.0028881244361039504,0.0,0.23034392707199416,0,0,-0.005302000061442644,2.8881244361039505e-06,0.8676226579986872,1.0133180587356754,0.1437805232828609,0.004566372683054709,-0.014333645817916324
139,8.4,0.002386634844868684,1.0,0.32745580263589025,0.21318584531716658,0.21318584531716658,0.21318584531716658,0.22745580263589021,0.21318584531716658,-0.01426995731872363,0.0,0.22745580263589021,0,0,0.0005087967668667351,1.426995731872363e-05,0.8680517206636388,1.0133180587356754,0.14335709979676717,0.0,0.0005880344152927926
140,8.32,-0.009523809523809532,1.0,0.3131858453171666,0.2145090684311637,0.2145090684311637,0.2145090684311637,0.21318584531716658,0.2145090684311637,0.0013232231139971296,0.0,0.21318584531716658,0,0,-0.0020429435088682277,1.3232231139971295e-06,0.8662771914094461,1.0133180587356754,0.14510830637884145,0.0017512065820742828,-0.005446244550892614
141,8.72,0.04807692307692312,1.0,0.3145090684311637,0.20903652385053412,0.20903652385053412,0.20903652385053412,0.2145090684311637,0.20903652385053412,-0.005472544580629596,0.0013232231139971296,0.21318584531716658,0,0,0.010049832877429533,5.472544580629596e-06,0.8749783916680909,1.0133180587356754,0.13652146616255112,0.0,0.0101408282138868
142,8.97,0.0286697247706422,1.0,0.30903652385053415,0.23587039522969333,0.23587039522969333,0.23587039522969333,0.20903652385053412,0.23587039522969333,0.026833871379159213,0.0,0.20903652385053412,0,0,0.006762339312777904,2.6833871379159213e-05,0.8808718133862775,1.0133180587356754,0.13070550179935808,0.0,0.0068302298368394946
143,9.36,0.04347826086956508,1.0,0.3358703952296933,0.25404529497147343,0.25404529497147343,0.25404529497147343,0.23587039522969333,0.25404529497147343,0.018174899741780104,0.026833871379159213,0.20903652385053412,0,0,0.01104544760745533,1.8174899741780103e-05,0.890585427093026,1.0133180587356754,0.12111955430438474,0.0,0.011131889027687258
144,10.61,0.13354700854700854,1.0,0.3540452949714734,0.28400140199892765,0.28400140199892765,0.28400140199892765,0.25404529497147343,0.25404529497147343,0.0,0.018174899741780104,0.23587039522969333,1,0,0.03392698917888267,0.0,0.9208003092408817,1.0133180587356754,0.09130178693373799,0.0,0.03404069294872727
145,10.68,0.006597549481621139,1.0,0.3540452949714734,0.4043638505090508,0.3540452949714734,0.3540452949714734,0.25404529497147343,0.3540452949714734,0.09999999999999998,0.0,0.25404529497147343,0,0,0.0023358313523094477,9.999999999999998e-05,0.9228590634414987,1.0133180587356754,0.0892700909791769,0.0,0.0023230496867574692
146,10.37,-0.029026217228464466,1.0,0.4540452949714734,0.41706192158619937,0.41706192158619937,0.41706192158619937,0.3540452949714734,0.41706192158619937,0.06301662661472596,0.09999999999999998,0.25404529497147343,0,0,-0.012105729933681836,6.301662661472596e-05,0.9116290253876065,1.0133180587356754,0.10035253242693323,0.01108244144775633,-0.034219265004027166
147,10.77,0.03857280617164902,1.0,0.5170619215861993,0.3488983338698882,0.3488983338698882,0.3488983338698882,0.41706192158619937,0.3488983338698882,-0.06816358771631115,0.06301662661472596,0.3540452949714734,0,0,0.013457987805974486,6.816358771631114e-05,0.9238355777898085,1.0133180587356754,0.08830641097772877,0.0,0.01349204339629564
148,10.74,-0.0027855153203342024,1.0,0.4488983338698882,0.4230849243744733,0.4230849243744733,0.4230849243744733,0.3488983338698882,0.4230849243744733,0.07418659050458509,0.0,0.3488983338698882,0,0,-0.001178509538647533,7.41865905045851e-05,0.9226782925375382,1.0133180587356754,0.0894484860076698,0.0011420750299410282,-0.0034274890416015552
149,10.68,-0.005586592178770996,-1.0,0.32308492437447334,0.4159469421998976,0.32308492437447334,0.32308492437447334,0.4230849243744733,0.32308492437447334,-0.09999999999999998,0.07418659050458509,0.3488983338698882,0,0,-0.0018049437115892513,9.999999999999998e-05,0.920920642326349,1.0133180587356754,0.0911830353883275,0.0017345493806577017,-0.005292821839294806
150,10.5,-0.016853932584269638,1.0,0.4230849243744733,0.40510602146874336,0.40510602146874336,0.40510602146874336,0.32308492437447334,0.40510602146874336,0.08202109709427002,0.0,0.32308492437447334,0,0,-0.0068276295753158895,8.202109709427002e-05,0.9145574023908623,1.0133180587356754,0.09746264313895436,0.006279607750626859,-0.019365279642507904
151,10.91,0.03904761904761906,-1.0,0.3051060214687433,0.3658584583609227,0.3051060214687433,0.3051060214687433,0.40510602146874336,0.3051060214687433,-0.10000000000000003,0.08202109709427002,0.32308492437447334,0,0,0.011913663695446173,0.00010000000000000003,0.9253616759728888,1.0133180587356754,0.08680037033242105,0.0,0.011890873497725529
152,11.98,0.09807516040329975,1.0,0.4051060214687433,0.4324977085036191,0.4051060214687433,0.4051060214687433,0.3051060214687433,0.4051060214687433,0.09999999999999998,0.0,0.3051060214687433,0,0,0.039730838035889594,9.999999999999998e-05,0.9620345346779897,1.0133180587356754,0.05060950371463083,0.0,0.0397254351155927
153,11.92,-0.005008347245409057,-1.0,0.3051060214687433,0.6469524852969761,0.3051060214687433,0.3051060214687433,0.4051060214687433,0.3051060214687433,-0.09999999999999998,0.09999999999999998,0.3051060214687433,0,0,-0.001528076902180697,9.999999999999998e-05,0.9604682684729803,1.0133180587356754,0.05215518445278295,0.0015456807381521234,-0.004642228576205588
154,11.75,-0.014261744966442946,1.0,0.4051060214687433,0.6392240725497862,0.4051060214687433,0.4051060214687433,0.3051060214687433,0.4051060214687433,0.09999999999999998,0.0,0.3051060214687433,0,0,-0.0057775187625575776,9.999999999999998e-05,0.9548230982041891,1.0133180587356754,0.0577261601401547,0.005570975687371749,-0.016924873057597968
155,11.91,0.013617021276595757,1.0,0.5051060214687433,0.6113692015456627,0.5051060214687433,0.5051060214687433,0.4051060214687433,0.5051060214687433,0.09999999999999998,0.09999999999999998,0.3051060214687433,0,0,0.00687803944127651,9.999999999999998e-05,0.9612949268232588,1.0133180587356754,0.051339390889101735,0.0,0.0068780237984033665
156,11.9,-0.000839630562552459,-1.0,0.4051060214687433,0.6433030419090822,0.4051060214687433,0.4051060214687433,0.5051060214687433,0.4051060214687433,-0.09999999999999998,0.09999999999999998,0.4051060214687433,0,0,-0.0003401393966991895,9.999999999999998e-05,0.9608718230541168,1.0133180587356754,0.05175693379726812,0.0004175429081663823,-0.0011806281333288484
157,12.13,0.01932773109243701,1.0,0.5051060214687433,0.6412153333465218,0.5051060214687433,0.5051060214687433,0.4051060214687433,0.5051060214687433,0.09999999999999998,0.0,0.4051060214687433,0,0,0.009762553356118586,9.999999999999998e-05,0.9701562983127681,1.0133180587356754,0.04259448457551479,0.0,0.009762537713245444
158,12.27,0.011541632316570386,-1.0,0.4051060214687433,0.6870275750784507,0.4051060214687433,0.4051060214687433,0.5051060214687433,0.4051060214687433,-0.09999999999999998,0.09999999999999998,0.4051060214687433,0,0,0.004675584749020904,9.999999999999998e-05,0.9745953306754946,1.0133180587356754,0.038213794500509914,0.0,0.004670181828724009
159,13.54,0.10350448247758758,1.0,0.5051060214687433,0.7089310340606092,0.5051060214687433,0.5051060214687433,0.4051060214687433,0.4051060214687433,0.0,0.0,0.4051060214687433,1,0,0.041930289100676754,0.0,1.0154603946468879,1.0154603946468879,0.0,0.0,0.04207488618037986
160,14.01,0.03471196454948306,1.0,0.5051060214687433,0.8,0.5051060214687433,0.5051060214687433,0.4051060214687433,0.5051060214687433,0.09999999999999998,0.0,0.4051060214687433,0,0,0.017533222310953448,9.999999999999998e-05,1.0331631414547355,1.0331631414547355,0.0,0.0,0.017533206668080302
161,12.64,-0.09778729478943607,1.0,0.6051060214687433,0.8,0.6051060214687433,0.6051060214687433,0.5051060214687433,0.6051060214687433,0.09999999999999998,0.09999999999999998,0.4051060214687433,0,0,-0.05917168090022683,9.999999999999998e-05,0.9719258254165546,1.0331631414547355,0.059271680900226775,0.059271680900226775,-0.17772167106612977
162,13.14,0.03955696202531645,-1.0,0.5051060214687433,0.6036415897358869,0.5051060214687433,0.5051060214687433,0.6051060214687433,0.5051060214687433,-0.09999999999999998,0.09999999999999998,0.5051060214687433,0,0,0.019980459709997754,9.999999999999998e-05,0.9912481576298547,1.0331631414547355,0.0405695694543098,0.0,0.019980444067124608
163,13.0,-0.010654490106544944,-1.0,0.4051060214687433,0.6971521504249059,0.4051060214687433,0.4051060214687433,0.5051060214687433,0.4051060214687433,-0.09999999999999998,0.0,0.5051060214687433,0,0,-0.004316198097840509,9.999999999999998e-05,0.9868706094016418,1.0331631414547355,0.044806604296696,0.004237034842386203,-0.01279567070290981
164,12.14,-0.0661538461538461,1.0,0.5051060214687433,0.6759669832916273,0.5051060214687433,0.5051060214687433,0.4051060214687433,0.5051060214687433,0.09999999999999998,0.0,0.4051060214687433,0,0,-0.03341470603562453,9.999999999999998e-05,0.9537959310323482,1.0331631414547355,0.07681963016086223,0.032013025864166225,-0.09744077340683012
165,11.55,-0.04859967051070839,-1.0,0.4051060214687433,0.49487732202077456,0.4051060214687433,0.4051060214687433,0.5051060214687433,0.4051060214687433,-0.09999999999999998,0.09999999999999998,0.4051060214687433,0,0,-0.019688019165284884,9.999999999999998e-05,0.9349221988693094,1.0331631414547355,0.0950875410122538,0.01826791085139158,-0.05622924378836494
166,11.68,0.011255411255411168,-1.0,0.3051060214687433,0.38070285544347643,0.3051060214687433,0.3051060214687433,0.4051060214687433,0.3051060214687433,-0.09999999999999998,0.0,0.4051060214687433,0,0,0.003434093748133015,9.999999999999998e-05,0.9380393171275503,1.0331631414547355,0.09207047804013513,0.0,0.0034113035504123703
167,12.01,0.028253424657534252,0.11083197593688965,0.3161892190624323,0.3995595298757595,0.3161892190624323,0.3161892190624323,0.3051060214687433,0.3161892190624323,0.011083197593688976,0.0,0.3051060214687433,0,0,0.008933428278305023,1.1083197593688977e-05,0.9464088276142372,1.0331631414547355,0.08396961753624387,0.0,0.009046531640001163
168,12.08,0.005828476269775211,-1.0,0.2161892190624323,0.45018990375476087,0.2161892190624323,0.2161892190624323,0.3161892190624323,0.2161892190624323,-0.1,0.011083197593688976,0.3051060214687433,0,0,0.0012600537330866213,0.0001,0.9475067127077372,1.0331631414547355,0.082906973071446,0.0,0.001211724597460786
169,11.88,-0.01655629139072842,1.0,0.3161892190624323,0.4568313978648215,0.3161892190624323,0.3161892190624323,0.2161892190624323,0.3161892190624323,0.1,0.0,0.2161892190624323,0,0,-0.00523492084540449,0.0001,0.9424518393949521,1.0331631414547355,0.08779959177798213,0.0048926187065361365,-0.015040430100390089
170,12.12,0.02020202020202007,1.0,0.41618921906243234,0.42625253871517627,0.41618921906243234,0.41618921906243234,0.3161892190624323,0.41618921906243234,0.10000000000000003,0.1,0.2161892190624323,0,0,0.008407863011362213,0.00010000000000000003,0.9502816001714518,1.0331631414547355,0.08022115574756487,0.0,0.008403648463161394
171,11.91,-0.017326732673267252,-1.0,0.31618921906243236,0.4736177887799149,0.31618921906243236,0.31618921906243236,0.41618921906243234,0.31618921906243236,-0.09999999999999998,0.10000000000000003,0.3161892190624323,0,0,-0.005478526072863903,9.999999999999998e-05,0.9449804294883325,1.0331631414547355,0.08535216601149573,0.005131010263930855,-0.01576081844263894
172,11.49,-0.035264483627204024,1.0,0.41618921906243234,0.4415489532093083,0.41618921906243234,0.41618921906243234,0.31618921906243236,0.41618921906243234,0.09999999999999998,0.0,0.31618921906243236,0,0,-0.014676697901445974,9.999999999999998e-05,0.9310167391590047,1.0331631414547355,0.09886764074055578,0.013515474729060048,-0.041711861907766885
173,11.06,-0.03742384682332461,-1.0,0.31618921906243236,0.35707725063573653,0.31618921906243236,0.31618921906243236,0.41618921906243234,0.31618921906243236,-0.09999999999999998,0.09999999999999998,0.31618921906243236,0,0,-0.011833016901379098,9.999999999999998e-05,0.9199069006751536,1.0331631414547355,0.10962086841397825,0.010753227673422475,-0.03335974409013738
174,11.07,0.0009041591320072139,-1.0,0.21618921906243235,0.319934783876318,0.21618921906243235,0.21618921906243235,0.31618921906243236,0.21618921906243235,-0.1,0.0,0.31618921906243236,0,0,0.00019546945665680626,0.0001,0.9199947236871359,1.0331631414547355,0.10953586440206718,0.0,0.00014714032103097104
175,11.12,0.004516711833784908,1.0,0.31618921906243236,0.32020042035765944,0.31618921906243236,0.31618921906243236,0.21618921906243235,0.31618921906243236,0.1,0.0,0.21618921906243235,0,0,0.0014281355874544968,0.0001,0.9212166014199352,1.0331631414547355,0.10835320729422757,0.0,0.0014078637455411697
176,11.57,0.04046762589928067,-1.0,0.21618921906243235,0.32389623429658854,0.21618921906243235,0.21618921906243235,0.31618921906243236,0.21618921906243235,-0.1,0.1,0.21618921906243235,0,0,0.00874866444047615,0.0001,0.9291838946826121,1.0331631414547355,0.10064165338468856,0.0,0.008700335304850317
177,12.38,0.07000864304235095,1.0,0.31618921906243236,0.3479948345572007,0.31618921906243236,0.31618921906243236,0.21618921906243235,0.31618921906243236,0.1,0.0,0.21618921906243235,0,0,0.022135978171181535,0.0001,0.9496593707028517,1.0331631414547355,0.08082341249060354,0.0,0.02211570632926821
178,12.83,0.036348949919224494,-1.0,0.21618921906243235,0.4698536623301856,0.21618921906243235,0.21618921906243235,0.31618921906243236,0.21618921906243235,-0.1,0.1,0.21618921906243235,0,0,0.007858251096776608,0.0001,0.9570270665571713,1.0331631414547355,0.07369220972242735,0.0,0.007809921961150773
179,12.9,0.005455962587685135,1.0,0.31618921906243236,0.5144236873856719,0.31618921906243236,0.31618921906243236,0.21618921906243235,0.31618921906243236,0.1,0.0,0.21618921906243235,0,0,0.0017251165498340104,0.0001,0.9585823470816724,1.0331631414547355,0.07218685160220709,0.0,0.0017048447079206833
180,12.66,-0.018604651162790715,0.9831604361534119,0.41450526267777354,0.5238321874309746,0.41450526267777354,0.41450526267777354,0.31618921906243236,0.41450526267777354,0.09831604361534119,0.1,0.21618921906243235,0,0,-0.00771172581726091,9.831604361534118e-05,0.9510957788238676,1.0331631414547355,0.07943311113026517,0.007246259528058088,-0.022206104548865978
181,12.44,-0.017377567140600365,-1.0,0.31450526267777357,0.478543041649517,0.31450526267777357,0.31450526267777357,0.41450526267777354,0.31450526267777357,-0.09999999999999998,0.09831604361534119,0.31618921906243236,0,0,-0.005465336318255164,9.999999999999998e-05,0.94580261094384,1.0331631414547355,0.08455637547027507,0.005123264340009898,-0.015732509976819502
182,13.03,0.04742765273311896,-0.18763160705566406,0.2957421019722072,0.4465226348527892,0.2957421019722072,0.2957421019722072,0.31450526267777357,0.2957421019722072,-0.018763160705566384,0.0,0.31450526267777357,0,0,0.014026353710900498,1.8763160705566384e-05,0.9590510266592466,1.0331631414547355,0.07173321600607635,0.0,0.01412317619649811
183,12.72,-0.02379125095932454,-1.0,0.19574210197220718,0.5266674127448057,0.19574210197220718,0.19574210197220718,0.2957421019722072,0.19574210197220718,-0.1,0.0,0.2957421019722072,0,0,-0.004656949471326476,0.0001,0.9544888693850048,1.0331631414547355,0.07614893419344616,0.004415718187369813,-0.013543929567173476
184,12.49,-0.018081761006289342,1.0,0.2957421019722072,0.4990691583628853,0.2957421019722072,0.2957421019722072,0.19574210197220718,0.2957421019722072,0.1,0.0,0.19574210197220718,0,0,-0.005347538007359102,0.0001,0.9492892549914288,1.0331631414547355,0.08118164798756652,0.005032713794120361,-0.015437998368943861
185,12.53,0.0032025620496396435,-0.24474750459194183,0.271267351513013,0.4676147162947372,0.271267351513013,0.271267351513013,0.2957421019722072,0.271267351513013,-0.024474750459194172,0.1,0.19574210197220718,0,0,0.0008687505252618326,2.4474750459194174e-05,0.9500907169126985,1.0331631414547355,0.08040591191151832,0.0,0.0009506472248827185
186,12.32,-0.016759776536312776,1.0,0.37126735151301304,0.47246304191967803,0.37126735151301304,0.37126735151301304,0.271267351513013,0.37126735151301304,0.10000000000000003,0.0,0.271267351513013,0,0,-0.006222357846586784,0.00010000000000000003,0.9440839034136563,1.0331631414547355,0.08621991481001928,0.005814002898500967,-0.017860306900460605
187,13.1,0.06331168831168826,-1.0,0.27126735151301307,0.4361255358945568,0.27126735151301307,0.27126735151301307,0.37126735151301304,0.27126735151301307,-0.09999999999999998,0.10000000000000003,0.271267351513013,0,0,0.017174394008129062,9.999999999999998e-05,0.9602035639572736,1.0331631414547355,0.0706176735987038,0.0,0.01714300283343874
188,14.73,0.12442748091603059,-0.08318272233009338,0.2629490792800037,0.5336395263688465,0.2629490792800037,0.2629490792800037,0.27126735151301307,0.2629490792800037,-0.00831827223300935,0.0,0.27126735151301307,1,0,0.032718091544000474,8.31827223300935e-06,0.991611604829059,1.0331631414547355,0.04021778841932971,0.0,0.03282189825224245
189,16.43,0.1154107264086897,1.0,0.36294907928000375,0.6989110648657322,0.36294907928000375,0.36294907928000375,0.2629490792800037,0.2629490792800037,0.0,0.0,0.2629490792800037,1,0,0.030347144248201365,0.0,1.0217041852389968,1.0331631414547355,0.011091139197633498,0.0,0.030463428364792846
190,14.71,-0.10468654899573944,1.0,0.36294907928000375,0.8,0.36294907928000375,0.36294907928000375,0.2629490792800037,0.36294907928000375,0.10000000000000003,0.0,0.2629490792800037,0,1,-0.03799588657100463,0.00010000000000000003,0.9827814584890112,1.0331631414547355,0.04876449898782187,0.03767335979018837,-0.11335387592430349
191,13.9,-0.05506458191706325,1.0,0.46294907928000373,0.6561774961686326,0.46294907928000373,0.46294907928000373,0.36294907928000375,0.46294907928000373,0.09999999999999998,0.10000000000000003,0.2629490792800037,0,0,-0.025492097499442777,9.999999999999998e-05,0.9576300195827159,1.0331631414547355,0.07310861067465682,0.02434411168683495,-0.07418114453554839
192,14.0,0.007194244604316521,-1.0,0.36294907928000375,0.5180711656829335,0.36294907928000375,0.36294907928000375,0.46294907928000373,0.36294907928000375,-0.09999999999999998,0.09999999999999998,0.36294907928000375,0,0,0.0026111444552518164,9.999999999999998e-05,0.9600347668965737,1.0331631414547355,0.07078105250173179,0.0,0.0025998746823296974
193,13.75,-0.017857142857142856,1.0,0.46294907928000373,0.5326184242980636,0.46294907928000373,0.46294907928000373,0.36294907928000375,0.46294907928000373,0.09999999999999998,0.0,0.36294907928000375,0,0,-0.00826694784428578,9.999999999999998e-05,0.952002206073249,1.0331631414547355,0.07855577897137195,0.007774726469640156,-0.023817224446001813
194,12.99,-0.05527272727272726,-1.0,0.36294907928000375,0.48402638957194344,0.36294907928000375,0.36294907928000375,0.46294907928000373,0.36294907928000375,-0.09999999999999998,0.09999999999999998,0.36294907928000375,0,0,-0.02006118547293111,9.999999999999998e-05,0.9328087130259667,1.0331631414547355,0.09713318681449064,0.01857740784311869,-0.05722727093209061
195,12.83,-0.012317167051578148,-1.0,0.2629490792800038,0.3679175660072173,0.2629490792800038,0.2629490792800038,0.36294907928000375,0.2629490792800038,-0.09999999999999998,0.0,0.36294907928000375,0,0,-0.003238787735550473,9.999999999999998e-05,0.929694262735301,1.0331631414547355,0.10014766745718995,0.0030144806426993104,-0.009301464904357612
196,12.32,-0.039750584567420096,1.0,0.36294907928000375,0.3495385482907353,0.3495385482907353,0.3495385482907353,0.2629490792800038,0.3495385482907353,0.0865894690107315,0.0,0.2629490792800038,0,0,-0.013894361623404126,8.65894690107315e-05,0.9166962527171001,1.0331631414547355,0.11272845890886636,0.012580791451676412,-0.03904941191934332
197,12.24,-0.006493506493506499,-1.0,0.24953854829073527,0.3102235574280227,0.24953854829073527,0.24953854829073527,0.3495385482907353,0.24953854829073527,-0.1,0.0865894690107315,0.2629490792800038,0,0,-0.0016203801837060745,0.0001,0.915119186649448,1.0331631414547355,0.11425490328572585,0.0015264443768594899,-0.004710907500700441
198,10.74,-0.12254901960784313,-1.0,0.14953854829073526,0.3054534163331593,0.14953854829073526,0.14953854829073526,0.24953854829073527,0.24953854829073527,0.0,0.0,0.24953854829073527,0,1,-0.03058070444739403,0.0,0.8871341972683816,1.0331631414547355,0.14134161230407355,0.0270867090183477,-0.0846417610473648
199,11.0,0.02420856610800743,-1.0,0.14953854829073526,0.22080746330482326,0.14953854829073526,0.14953854829073526,0.24953854829073527,0.14953854829073526,-0.1,0.0,0.24953854829073527,0,0,0.0036201138319917263,0.0001,0.890257010627019,1.0331631414547355,0.13831903703658932,0.0,0.003546419894511227
200,10.78,-0.02000000000000006,-0.053776815533638,0.14416086673737147,0.23025302998871283,0.14416086673737147,0.14416086673737147,0.14953854829073526,0.14416086673737147,-0.0053776815533637945,0.0,0.14953854829073526,0,0,-0.002883217334747438,5.377681553363794e-06,0.887685418662895,1.0331631414547355,0.1408080843718467,0.0024890473352573717,-0.007795351420848886
201,10.65,-0.012059369202226253,1.0,0.24416086673737147,0.22247471697787907,0.22247471697787907,0.22247471697787907,0.14416086673737147,0.22247471697787907,0.0783138502405076,0.0,0.14416086673737147,0,0,-0.002682904750197037,7.83138502405076e-05,0.8852343251735458,1.0331631414547355,0.14318050107062466,0.0023724166987779682,-0.00744142109274364
202,11.04,0.036619718309859044,-1.0,0.12247471697787907,0.2150609236227452,0.12247471697787907,0.12247471697787907,0.22247471697787907,0.12247471697787907,-0.1,0.0783138502405076,0.14416086673737147,0,0,0.004484989635809643,0.0001,0.8891160685146948,1.0331631414547355,0.1394233564480597,0.0,0.004399474432217083
203,10.7,-0.030797101449275353,1.0,0.22247471697787907,0.2268020141885183,0.22247471697787907,0.22247471697787907,0.12247471697787907,0.22247471697787907,0.1,0.0,0.12247471697787907,0,0,-0.006851576428666564,0.0001,0.8829353102104595,1.0331631414547355,0.14540572075843627,0.005982364310376576,-0.01886251721904962
204,10.43,-0.025233644859813047,1.0,0.3224747169778791,0.2081071104872082,0.2081071104872082,0.2081071104872082,0.22247471697787907,0.2081071104872082,-0.01436760649067087,0.1,0.12247471697787907,0,0,-0.005251300918836087,1.436760649067087e-05,0.8782860655375847,1.0331631414547355,0.14990573095656282,0.004500010198126542,-0.014173993600194052
205,10.71,0.026845637583892728,1.0,0.3081071104872082,0.19404460527197756,0.19404460527197756,0.19404460527197756,0.2081071104872082,0.19404460527197756,-0.014062505215230642,0.0,0.2081071104872082,0,0,0.0052092511482410295,1.4062505215230642e-05,0.8828489273305935,1.0331631414547355,0.1454893308645269,0.0,0.005281992168280275
206,10.65,-0.0056022408963585894,1.0,0.29404460527197757,0.2078458279389031,0.2078458279389031,0.2078458279389031,0.19404460527197756,0.2078458279389031,0.013801222666925544,0.0,0.19404460527197756,0,0,-0.0011644023974168337,1.3801222666925544e-05,0.8818087515284255,1.0331631414547355,0.1464961184283025,0.0010067875637756185,-0.0030998917951200826
207,10.02,-0.05915492957746486,1.0,0.30784582793890314,0.20469963401737643,0.20469963401737643,0.20469963401737643,0.2078458279389031,0.20469963401737643,-0.00314619392152668,0.013801222666925544,0.19404460527197756,0,0,-0.012108992434830733,3.14619392152668e-06,0.8711281616858663,1.0331631414547355,0.15683387576207708,0.010337757333774567,-0.03269154777695184
208,10.02,0.0,0.06080140173435211,0.21077977419081165,0.17239414938016218,0.17239414938016218,0.17239414938016218,0.20469963401737643,0.17239414938016218,-0.03230548463721425,0.0,0.20469963401737643,0,0,0.0,3.230548463721425e-05,0.8711000194684219,1.0331631414547355,0.15686111465235028,2.7238890273201255e-05,-1.7331363518432397e-05
209,10.32,0.029940119760479115,-1.0,0.07239414938016217,0.17230902649684338,0.07239414938016217,0.07239414938016217,0.17239414938016218,0.07239414938016217,-0.1,0.0,0.17239414938016218,0,0,0.00216748950240007,0.0001,0.8729010096142132,1.0331631414547355,0.1551179338578288,0.0,0.002057781444309481
210,10.19,-0.012596899224806278,1.0,0.17239414938016218,0.17775647193408742,0.17239414938016218,0.17239414938016218,0.07239414938016217,0.17239414938016218,0.1,0.0,0.07239414938016217,0,0,-0.0021716317266881027,0.0001,0.8709180999865155,1.0331631414547355,0.1570371947645872,0.0019192609067583966,-0.006074548896221104
211,9.86,-0.03238469087340531,-0.556503176689148,0.11674383171124739,0.1717587545536387,0.11674383171124739,0.11674383171124739,0.17239414938016218,0.11674383171124739,-0.05565031766891479,0.1,0.07239414938016217,0,0,-0.0037807129013455983,5.565031766891479e-05,0.8675769418209531,1.0331631414547355,0.1602711062655897,0.0032339115010025232,-0.010270142554172844
212,9.72,-0.014198782961460325,1.0,0.2167438317112474,0.16165278703209754,0.16165278703209754,0.16165278703209754,0.11674383171124739,0.16165278703209754,0.04490895532085015,0.0,0.11674383171124739,0,0,-0.0022952728381839213,4.4908955320850155e-05,0.8655466540572393,1.0331631414547355,0.16223622453418676,0.001965118268597049,-0.006211560110273182
213,10.08,0.03703703703703698,1.0,0.26165278703209754,0.15551178567354604,0.15551178567354604,0.15551178567354604,0.16165278703209754,0.15551178567354604,-0.006141001358551501,0.04490895532085015,0.11674383171124739,0,0,0.0057596957656868815,6.141001358551501e-06,0.8705266241324388,1.0331631414547355,0.15741610477247375,0.0,0.005829280985763157
214,10.22,0.013888888888888945,0.9684486389160156,0.2523566495651476,0.17057467103228738,0.17057467103228738,0.17057467103228738,0.15551178567354604,0.17057467103228738,0.01506288535874134,0.0,0.15551178567354604,0,0,0.0023690926532262233,1.506288535874134e-05,0.8725758697193677,1.0331631414547355,0.1554326372011824,0.0,0.0024313856967688196
215,10.45,0.022504892367905933,1.0,0.2705746710322874,0.17677299529530577,0.17677299529530577,0.17677299529530577,0.17057467103228738,0.17677299529530577,0.00619832426301839,0.01506288535874134,0.15551178567354604,0,0,0.003978257232673198,6.19832426301839e-06,0.8760417924759504,1.0331631414547355,0.1520779658840248,0.0,0.00405627432833645
216,10.29,-0.01531100478468901,1.0,0.27677299529530575,0.18725633472407638,0.18725633472407638,0.18725633472407638,0.17677299529530577,0.18725633472407638,0.01048333942877061,0.00619832426301839,0.17057467103228738,0,0,-0.00286708263692366,1.048333942877061e-05,0.8735209244200588,1.0331631414547355,0.15451791747999646,0.0024399515959716567,-0.0076713959981122605
217,10.5,0.020408163265306208,1.0,0.2872563347240764,0.1796315036735373,0.1796315036735373,0.1796315036735373,0.18725633472407638,0.1796315036735373,-0.0076248310505390715,0.01048333942877061,0.17677299529530577,0,0,0.003665949054562001,7.624831050539071e-06,0.8767165471776089,1.0331631414547355,0.1514248698969685,0.0,0.003742930223923105
218,10.2,-0.02857142857142864,1.0,0.2796315036735373,0.18929728158019196,0.18929728158019196,0.18929728158019196,0.1796315036735373,0.18929728158019196,0.009665777906654655,0.0,0.1796315036735373,0,0,-0.005408493759434069,9.665777906654655e-06,0.8719663570559741,1.0331631414547355,0.1560225853312864,0.004597715434317917,-0.01452634500246996
219,9.9,-0.029411764705882252,1.0,0.28929728158019197,0.17492944225887747,0.17492944225887747,0.17492944225887747,0.18929728158019196,0.17492944225887747,-0.014367839321314496,0.009665777906654655,0.1796315036735373,0,0,-0.005144983595849319,1.4367839321314496e-05,0.8674675761802769,1.0331631414547355,0.160376961416909,0.0043543760856225855,-0.013788690046582537
220,9.9,0.0,1.0,0.2749294422588775,0.16132198125359826,0.16132198125359826,0.16132198125359826,0.17492944225887747,0.16132198125359826,-0.013607461005279209,0.0,0.17492944225887747,0,0,0.0,1.3607461005279209e-05,0.8674557721490607,1.0331631414547355,0.1603883865546657,1.1425137756704284e-05,3.791685274947979e-05
221,9.65,-0.025252525252525252,1.0,0.2613219812535983,0.16128631159899093,0.16128631159899093,0.16128631159899093,0.16132198125359826,0.16128631159899093,-3.566965460732874e-05,0.0,0.16132198125359826,0,0,-0.004072886656540175,3.566965460732874e-08,0.8639226921676882,1.0331631414547355,0.16380805944039958,0.0034196728857338876,-0.010831122110115991
222,8.5,-0.11917098445595858,1.0,0.26128631159899096,0.15059980415057048,0.15059980415057048,0.15059980415057048,0.16128631159899093,0.16128631159899093,0.0,0.0,0.16128631159899093,0,1,-0.01922064853252224,0.0,0.8473175377422627,1.0331631414547355,0.1798802108356234,0.016072151395223805,-0.05128378750059598
223,8.92,0.04941176470588234,1.0,0.26128631159899096,0.10037432276024522,0.10037432276024522,0.10037432276024522,0.16128631159899093,0.10037432276024522,-0.06091198883874571,0.0,0.16128631159899093,0,0,0.004959672418741528,6.0911988838745715e-05,0.851468343367717,1.0331631414547355,0.17586264046468486,0.0,0.00492248402633781
224,8.73,-0.021300448430493217,1.0,0.20037432276024522,0.1129292495578359,0.1129292495578359,0.1129292495578359,0.10037432276024522,0.1129292495578359,0.012554926797590682,0.0,0.10037432276024522,0,0,-0.0024054436565009826,1.2554926797590682e-05,0.8494094941197303,1.0331631414547355,0.17785540343248465,0.0019927629677997938,-0.006349696241805674
225,8.76,0.0034364261168384146,1.0,0.2129292495578359,0.1067018680304899,0.1067018680304899,0.1067018680304899,0.1129292495578359,0.1067018680304899,-0.006227381527346004,0.012554926797590682,0.10037432276024522,0,0,0.0003666730860154214,6.227381527346005e-06,0.8497156601232372,1.0331631414547355,0.1775590649441838,0.0,0.0004145219613579787
226,8.63,-0.014840182648401713,1.0,0.2067018680304899,0.10762792863254722,0.10762792863254722,0.10762792863254722,0.1067018680304899,0.10762792863254722,0.000926060602057327,0.0,0.1067018680304899,0,0,-0.0015972181189761452,9.26060602057327e-07,0.8483576919867147,1.0331631414547355,0.17887344413759015,0.001314379193406351,-0.004169739102125444
227,8.51,-0.01390498261877184,1.0,0.20762792863254723,0.10352047011564317,0.10352047011564317,0.10352047011564317,0.10762792863254722,0.10352047011564317,-0.004107458516904056,0.000926060602057327,0.1067018680304899,0,0,-0.001439450337645108,4.107458516904056e-06,0.8471330386265133,1.0331631414547355,0.18005878777894097,0.0011853436413508112,-0.0037606164186924783
228,8.47,-0.004700352526439383,1.0,0.20352047011564317,0.1,0.1,0.1,0.10352047011564317,0.1,-0.0035204701156431595,0.0,0.10352047011564317,0,0,-0.0004700352526439383,3.5204701156431594e-06,0.8467318739281331,1.0331631414547355,0.18044707563231463,0.00038828785337366445,-0.001197891664564732
229,8.66,0.02243211334120419,1.0,0.2,0.1,0.1,0.1,0.1,0.1,0.0,0.0,0.1,0,0,0.002243211334120419,0.0,0.8486312724646897,1.0331631414547355,0.17860864522346148,0.0,0.0022972113341204192
230,8.9,0.027713625866050834,1.0,0.2,0.10434799678930742,0.10434799678930742,0.10434799678930742,0.1,0.10434799678930742,0.004347996789307418,0.0,0.1,0,0,0.0028918613428907396,4.347996789307418e-06,0.8510817065898506,1.0331631414547355,0.17623686672417185,0.0,0.002941415043119998
231,9.27,0.04157303370786508,1.0,0.20434799678930743,0.11175978780090587,0.11175978780090587,0.11175978780090587,0.10434799678930742,0.11175978780090587,0.007411791011598445,0.004347996789307418,0.1,0,0,0.004646193425430908,7.411791011598445e-06,0.8550296887797698,1.0331631414547355,0.17241560943042025,0.0,0.004694637461492471
232,9.19,-0.008629989212513492,1.0,0.21175978780090587,0.12370120585247626,0.12370120585247626,0.12370120585247626,0.11175978780090587,0.12370120585247626,0.011941418051570396,0.007411791011598445,0.10434799678930742,0,0,-0.0010675400720817812,1.1941418051570396e-05,0.8541067000572176,1.0331631414547355,0.17330897146156343,0.00089336203114318,-0.002807136730931625
233,8.99,-0.021762785636561404,1.0,0.22370120585247627,0.1209094733028438,0.1209094733028438,0.1209094733028438,0.12370120585247626,0.1209094733028438,-0.0027917325496324696,0.011941418051570396,0.11175978780090587,0,0,-0.0026313269489193335,2.79173254963247e-06,0.8518568816426291,1.0331631414547355,0.17548657374363927,0.0021776022820758356,-0.006926944888354369
234,9.06,0.007786429365962212,1.0,0.2209094733028438,0.11410443894859976,0.11410443894859976,0.11410443894859976,0.1209094733028438,0.11410443894859976,-0.006805034354244038,0.0,0.1209094733028438,0,0,0.0008884661542160195,6.805034354244039e-06,0.8526079307348602,1.0331631414547355,0.17475963231290492,0.0,0.0009389093722611485
235,9.1,0.004415011037527499,1.0,0.21410443894859976,0.11637616753870217,0.11637616753870217,0.11637616753870217,0.11410443894859976,0.11637616753870217,0.002271728590102412,0.0,0.11410443894859976,0,0,0.0005138020641885196,2.271728590102412e-06,0.8530440655558029,1.0331631414547355,0.1743374968306725,0.0,0.0005720941244039896
236,9.0,-0.01098901098901095,1.0,0.21637616753870217,0.11769533939949978,0.11769533939949978,0.11769533939949978,0.11637616753870217,0.11769533939949978,0.0013191718607976077,0.002271728590102412,0.11410443894859976,0,0,-0.0012933553780164766,1.3191718607976077e-06,0.851939651114204,1.0331631414547355,0.1754064610603138,0.0010689642296412838,-0.0033709567072003586
237,10.21,0.13444444444444453,1.0,0.21769533939949978,0.11435482502278199,0.11435482502278199,0.11435482502278199,0.11769533939949978,0.11435482502278199,-0.0033405143767177847,0.0013191718607976077,0.11637616753870217,1,0,0.01537437091972959,3.3405143767177847e-06,0.8650348413950062,1.0331631414547355,0.1627316087012143,0.0,0.015430126827574588
238,10.25,0.00391772771792352,1.0,0.214354825022782,0.15396374129003954,0.15396374129003954,0.15396374129003954,0.11435482502278199,0.15396374129003954,0.03960891626725754,0.0,0.11435482502278199,0,0,0.0006031880168071938,3.9608916267257546e-05,0.8655223569528552,1.0331631414547355,0.16225974173433572,0.0,0.0006219299870011154
239,10.36,0.010731707317073116,1.0,0.2539637412900395,0.1554383043224098,0.1554383043224098,0.1554383043224098,0.15396374129003954,0.1554383043224098,0.0014745630323702574,0.03960891626725754,0.11435482502278199,0,0,0.001668118387850243,1.4745630323702576e-06,0.8669648744443125,1.0331631414547355,0.16086352710609592,0.0,0.0017446728860247577
240,10.21,-0.014478764478764342,1.0,0.25543830432240977,0.1598014574521713,0.1598014574521713,0.1598014574521713,0.1554383043224098,0.1598014574521713,0.004363153129761516,0.0014745630323702574,0.15396374129003954,0,0,-0.0023137276658132693,4.363153129761515e-06,0.8649551711285169,1.0331631414547355,0.16280872165975158,0.0019451945536556603,-0.006130102531830232
241,10.1,-0.010773751224290029,1.0,0.2598014574521713,0.15372276157386078,0.15372276157386078,0.15372276157386078,0.1598014574521713,0.15372276157386078,-0.0060786958783105305,0.004363153129761516,0.1554383043224098,0,0,-0.0016561707907076268,6.07869587831053e-06,0.8635173998393887,1.0331631414547355,0.1642003424323469,0.0013916207725953311,-0.004370475135226976
242,9.63,-0.04653465346534642,1.0,0.25372276157386076,0.14937395081174817,0.14937395081174817,0.14937395081174817,0.15372276157386078,0.14937395081174817,-0.004348810762112604,0.0,0.15372276157386078,0,0,-0.006951065037774404,4.348810762112604e-06,0.8575112789580935,1.0331631414547355,0.17001367494519506,0.005813332512848157,-0.018508016455435504
243,9.66,0.0031152647975077213,1.0,0.24937395081174818,0.1312072467086246,0.1312072467086246,0.1312072467086246,0.14937395081174817,0.1312072467086246,-0.01816670410312357,0.0,0.14937395081174817,0,0,0.00040874531684928907,1.8166704103123572e-05,0.8578462045238433,1.0331631414547355,0.16968950003775676,0.0,0.0004498904037664637
244,9.68,0.0020703933747411567,1.0,0.2312072467086246,0.13222029283914993,0.13222029283914993,0.13222029283914993,0.1312072467086246,0.13222029283914993,0.0010130461305253302,0.0,0.1312072467086246,0,0,0.00027374801830051164,1.0130461305253302e-06,0.8580801691845603,1.0331631414547355,0.16946304532665704,0.0,0.00034107130130513126
245,9.74,0.006198347107438068,1.0,0.23222029283914994,0.1329280048635914,0.1329280048635914,0.1329280048635914,0.13222029283914993,0.1329280048635914,0.0007077120244414759,0.0010130461305253302,0.1312072467086246,0,0,0.0008239339144437552,7.077120244414759e-07,0.8587865632636094,1.0331631414547355,0.16877932554349248,0.0,0.0008920272366390389
246,9.72,-0.0020533880903490323,1.0,0.23292800486359141,0.13506459854811878,0.13506459854811878,0.13506459854811878,0.1329280048635914,0.13506459854811878,0.0021365936845273714,0.0007077120244414759,0.13222029283914993,0,0,-0.0002773400380864803,2.1365936845273716e-06,0.8585465524874982,1.0331631414547355,0.16901163229784802,0.00023230675435553794,-0.0006750651456640547
247,9.71,-0.0010288065843621179,1.0,0.23506459854811879,0.1343386326012151,0.1343386326012151,0.1343386326012151,0.13506459854811878,0.1343386326012151,-0.0007259659469036894,0.0021365936845273714,0.1329280048635914,0,0,-0.00013820846975433357,7.259659469036894e-07,0.8584272708067051,1.0331631414547355,0.16912708519778905,0.00011545289994102648,-0.00030042815992151157
248,9.61,-0.01029866117404752,1.0,0.2343386326012151,0.13397783823581358,0.13397783823581358,0.13397783823581358,0.1343386326012151,0.13397783823581358,-0.0003607943654015122,0.0,0.1343386326012151,0,0,-0.0013797923608219926,3.6079436540151225e-07,0.8572425097004024,1.0331631414547355,0.170273817072713,0.0011467318749239508,-0.0036041806359595136
249,9.76,0.015608740894901182,1.0,0.23397783823581358,0.13039434179938167,0.13039434179938167,0.13039434179938167,0.13397783823581358,0.13039434179938167,-0.00358349643643191,0.0,0.13397783823581358,0,0,0.0020352914953077313,3.58349643643191e-06,0.8589841761643331,1.0331631414547355,0.16858805574998678,0.0,0.002097951245108736
250,9.31,-0.04610655737704911,1.0,0.23039434179938167,0.13566232137649953,0.13566232137649953,0.13566232137649953,0.13039434179938167,0.13566232137649953,0.0052679795771178595,0.0,0.13039434179938167,0,0,-0.006254922604449251,5.26797957711786e-06,0.8536067715128814,1.0331631414547355,0.17379285297482783,0.005204797224841046,-0.016602064189935872
251,9.41,0.010741138560687395,1.0,0.23566232137649953,0.11939733140458827,0.11939733140458827,0.11939733140458827,0.13566232137649953,0.11939733140458827,-0.016264989971911253,0.0052679795771178595,0.13039434179938167,0,0,0.0012824632803929952,1.6264989971911253e-05,0.8546876069476628,1.0331631414547355,0.172746710897731,0.0,0.0013211507606299593
252,9.2,-0.022316684378321027,1.0,0.21939733140458828,0.1226665064720914,0.1226665064720914,0.1226665064720914,0.11939733140458827,0.1226665064720914,0.0032691750675031273,0.0,0.11939733140458827,0,0,-0.0027375097087289375,3.2691750675031272e-06,0.852345097202298,1.0331631414547355,0.17501402924405374,0.0022673183463227387,-0.007212478503178455
253,9.38,0.019565217391304512,1.0,0.2226665064720914,0.1155811440228916,0.1155811440228916,0.1155811440228916,0.1226665064720914,0.1155811440228916,-0.0070853624491998,0.0032691750675031273,0.11939733140458827,0,0,0.0022613702091435505,7.0853624491998e-06,0.8542665258390755,1.0331631414547355,0.17315427587144308,0.0,0.0023120754513713013
254,10.01,0.0671641791044775,1.0,0.2155811440228916,0.12139287628519191,0.12139287628519191,0.12139287628519191,0.1155811440228916,0.12139287628519191,0.0058117322623003065,0.0,0.1155811440228916,0,0,0.00815325288482631,5.811732262300306e-06,0.8612266120869546,1.0331631414547355,0.16641759899185654,0.0,0.008208529273956298
255,10.36,0.03496503496503493,1.0,0.22139287628519191,0.14244500398895307,0.14244500398895307,0.14244500398895307,0.12139287628519191,0.14244500398895307,0.021052127703761164,0.0058117322623003065,0.1155811440228916,0,0,0.004980594545068284,2.1052127703761165e-05,0.865497902000563,1.0331631414547355,0.1622834117156881,0.0,0.005022309008409167
256,10.2,-0.015444015444015458,1.0,0.24244500398895308,0.15536435730998624,0.15536435730998624,0.15536435730998624,0.14244500398895307,0.15536435730998624,0.012919353321033167,0.021052127703761164,0.12139287628519191,0,0,-0.0023994495337449633,1.2919353321033166e-05,0.863410001789956,1.0331631414547355,0.1643042931494442,0.0020208814337560888,-0.006381855666966107
257,10.26,0.00588235294117652,1.0,0.25536435730998625,0.14904910549772635,0.14904910549772635,0.14904910549772635,0.15536435730998624,0.14904910549772635,-0.006315251812259892,0.012919353321033167,0.14244500398895307,0,0,0.00087675944410428,6.315251812259892e-06,0.8641615520115811,1.0331631414547355,0.16357686667489257,0.0,0.0009433866481747226
258,10.34,0.007797270955165699,1.0,0.24904910549772635,0.1513222776378194,0.1513222776378194,0.1513222776378194,0.14904910549772635,0.1513222776378194,0.002273172140093066,0.0,0.14904910549772635,0,0,0.0011799008002948894,2.273172140093066e-06,0.865179212530419,1.0331631414547355,0.1625918716842612,0.0,0.0012535453496417429
259,10.62,0.027079303675048294,1.0,0.25132227763781945,0.15440039187914253,0.15440039187914253,0.15440039187914253,0.1513222776378194,0.15440039187914253,0.003078114241323121,0.002273172140093066,0.14904910549772635,0,0,0.004181055099241761,3.078114241323121e-06,0.868793911368272,1.0331631414547355,0.15909319979710562,0.0,0.004254774474399803
260,10.37,-0.02354048964218456,1.0,0.25440039187914254,0.16533374637596174,0.16533374637596174,0.16533374637596174,0.15440039187914253,0.16533374637596174,0.010933354496819203,0.003078114241323121,0.1513222776378194,0,0,-0.003892037344066896,1.0933354496819203e-05,0.865403034189111,1.0331631414547355,0.16237523439852053,0.003282034601414907,-0.01038970747943079
261,9.84,-0.05110896817743485,1.0,0.26533374637596174,0.15507737025862206,0.15507737025862206,0.15507737025862206,0.16533374637596174,0.15507737025862206,-0.010256376117339677,0.010933354496819203,0.15440039187914253,0,0,-0.007925844381588196,1.0256376117339677e-05,0.8585351085137622,1.0331631414547355,0.16902270893548327,0.006647474536962739,-0.021157560991994305
262,9.57,-0.02743902439024386,1.0,0.2550773702586221,0.13430403396756857,0.13430403396756857,0.13430403396756857,0.15507737025862206,0.13430403396756857,-0.02077333629105349,0.0,0.15507737025862206,0,0,-0.003685171663744254,2.0773336291053492e-05,0.8553534246210109,1.0331631414547355,0.17210226507244666,0.003079556136963396,-0.009805684065851063
263,9.28,-0.030303030303030398,1.0,0.23430403396756858,0.12468039840741474,0.12468039840741474,0.12468039840741474,0.13430403396756857,0.12468039840741474,-0.009623635560153831,0.0,0.13430403396756857,0,0,-0.0037781938911337918,9.623635560153831e-06,0.8521135019277138,1.0331631414547355,0.1752381906231154,0.0031359255506687445,-0.009998999327815282
264,9.19,-0.00969827586206895,1.0,0.22468039840741474,0.11488064974840331,0.11488064974840331,0.11488064974840331,0.12468039840741474,0.11488064974840331,-0.009799748659011426,0.0,0.12468039840741474,0,0,-0.0011141442324737372,9.799748659011426e-06,0.8511557740859803,1.0331631414547355,0.17616517669463264,0.0009269860715172273,-0.002921806146859636
265,9.3,0.011969532100108945,1.0,0.21488064974840332,0.11198381744622682,0.11198381744622682,0.11198381744622682,0.11488064974840331,0.11198381744622682,-0.002896832302176494,0.0,0.11488064974840331,0,0,0.0013403938976153521,2.896832302176494e-06,0.8522941924359446,1.0331631414547355,0.17506330003615897,0.0,0.0013957147144079256
266,9.24,-0.006451612903225859,1.0,0.21198381744622682,0.11542719640130958,0.11542719640130958,0.11542719640130958,0.11198381744622682,0.11542719640130958,0.00344337895508276,0.0,0.11198381744622682,0,0,-0.0007446915896858744,3.4433789550827597e-06,0.8516565613470137,1.0331631414547355,0.17568046402831713,0.0006171639921581651,-0.001922922387195483
267,9.81,0.061688311688311716,1.0,0.21542719640130958,0.11349856704769123,0.11349856704769123,0.11349856704769123,0.11542719640130958,0.11349856704769123,-0.001928629353618344,0.00344337895508276,0.11198381744622682,0,0,0.007001534980214722,1.9286293536183443e-06,0.857617822022571,1.0331631414547355,0.16991055176919073,0.0,0.007059012021579781
268,10.44,0.06422018348623842,1.0,0.21349856704769124,0.13152953088556626,0.13152953088556626,0.13152953088556626,0.11349856704769123,0.13152953088556626,0.01803096383787503,0.0,0.11349856704769123,0,0,0.00844685060732993,1.803096383787503e-05,0.8648465279674437,1.0331631414547355,0.16291387752208744,0.0,0.008488341869607471
269,10.64,0.019157088122605467,1.0,0.23152953088556627,0.15339414440341181,0.15339414440341181,0.15339414440341181,0.13152953088556626,0.15339414440341181,0.02186461351784555,0.01803096383787503,0.11349856704769123,0,0,0.002938585141827828,2.186461351784555e-05,0.8673690435894038,1.0331631414547355,0.1604723312446928,0.0,0.0029837068500707543
270,11.24,0.056390977443608985,1.0,0.2533941444034118,0.16102395802972502,0.16102395802972502,0.16102395802972502,0.15339414440341181,0.16102395802972502,0.007629813626313209,0.02186461351784555,0.13152953088556626,0,0,0.009080298385134864,7.629813626313209e-06,0.8752383954510768,1.0331631414547355,0.15285557494946467,0.0,0.009149910810477493
271,11.31,0.006227758007117463,1.0,0.261023958029725,0.18482632786242006,0.18482632786242006,0.18482632786242006,0.16102395802972502,0.18482632786242006,0.02380236983269504,0.007629813626313209,0.15339414440341181,0,0,0.001151053643271304,2.380236983269504e-05,0.8762250090469115,1.0331631414547355,0.15190063031754,0.0,0.0012057494223570492
272,12.04,0.06454465075154718,1.0,0.28482632786242007,0.1878105182220944,0.1878105182220944,0.1878105182220944,0.18482632786242006,0.1878105182220944,0.0029841903596743435,0.02380236983269504,0.16102395802972502,0,0,0.012122164306112172,2.9841903596743437e-06,0.8868441377534779,1.0331631414547355,0.14162236130030204,0.0,0.012209210657053007
273,11.72,-0.026578073089700876,1.0,0.2878105182220944,0.21993011087341774,0.21993011087341774,0.21993011087341774,0.1878105182220944,0.21993011087341774,0.03211959265132333,0.0029841903596743435,0.18482632786242006,0,0,-0.005845318561419714,3.211959265132333e-05,0.8816317661815314,1.0331631414547355,0.14666742278459705,0.00504506148429501,-0.015880684404663944
274,12.1,0.03242320819112619,1.0,0.3199301108734177,0.20416430980149414,0.20416430980149414,0.20416430980149414,0.21993011087341774,0.20416430980149414,-0.015765801071923602,0.03211959265132333,0.1878105182220944,0,0,0.00661966192189143,1.57658010719236e-05,0.8874539707822088,1.0331631414547355,0.14103210308815542,0.0,0.006693501966926409
275,11.77,-0.02727272727272728,1.0,0.3041643098014941,0.2217746883646781,0.2217746883646781,0.2217746883646781,0.20416430980149414,0.2217746883646781,0.017610378563183954,0.0,0.20416430980149414,0,0,-0.006048400591763949,1.7610378563183953e-05,0.8820706652597835,1.0331631414547355,0.1462426117739815,0.005210508685826093,-0.016392279125681655
276,11.9,0.011045029736618589,1.0,0.3217746883646781,0.20549181699933444,0.20549181699933444,0.20549181699933444,0.2217746883646781,0.20549181699933444,-0.01628287136534365,0.017610378563183954,0.20416430980149414,0,0,0.002269663229389434,1.628287136534365e-05,0.8840583059712693,1.0331631414547355,0.14431877164483486,0.0,0.0023431978804288067
277,11.18,-0.06050420168067232,1.0,0.3054918169993345,0.2115038301813033,0.2115038301813033,0.2115038301813033,0.20549181699933444,0.2115038301813033,0.006012013181968867,0.0,0.20549181699933444,0,0,-0.012796870397524245,6.012013181968867e-06,0.8727398114357111,1.0331631414547355,0.15527395779251463,0.010955186147679763,-0.034616198736656764
278,11.35,0.015205724508050083,1.0,0.31150383018130334,0.17726887800015356,0.17726887800015356,0.17726887800015356,0.2115038301813033,0.17726887800015356,-0.03423495218114975,0.006012013181968867,0.20549181699933444,0,0,0.0026955017227214754,3.423495218114975e-05,0.8750624048952126,1.0331631414547355,0.1530259164461778,0.0,0.002731656068185383
279,11.03,-0.028193832599118968,1.0,0.27726887800015354,0.18429403044490522,0.18429403044490522,0.18429403044490522,0.17726887800015356,0.18429403044490522,0.007025152444751659,0.0,0.17726887800015356,0,0,-0.005195955043380592,7.025152444751659e-06,0.8705094725324315,1.0331631414547355,0.15743270582928567,0.004406789383107873,-0.0139298736937911
280,11.32,0.026291931097008246,1.0,0.2842940304449052,0.17052279636488193,0.17052279636488193,0.17052279636488193,0.18429403044490522,0.17052279636488193,-0.013771234080023287,0.007025152444751659,0.17726887800015356,0,0,0.004483373612494644,1.3771234080023288e-05,0.8744003037412951,1.0331631414547355,0.1536667650472857,0.0,0.0045475836247454784
281,11.16,-0.01413427561837457,1.0,0.27052279636488197,0.18229136094660586,0.18229136094660586,0.18229136094660586,0.17052279636488193,0.18229136094660586,0.011768564581723928,0.0,0.17052279636488193,0,0,-0.0025765563384679297,1.1768564581723928e-05,0.8721370716598872,1.0331631414547355,0.1558573504355925,0.0021905853883067983,-0.006885943229551608
282,11.47,0.02777777777777782,1.0,0.2822913609466059,0.17544576749423782,0.17544576749423782,0.17544576749423782,0.18229136094660586,0.17544576749423782,-0.006845593452368043,0.011768564581723928,0.17052279636488193,0,0,0.004873493541506613,6.845593452368043e-06,0.876381455750103,1.0331631414547355,0.15174920534222466,0.0,0.00495002388142562
283,11.96,0.04272013949433306,1.0,0.2754457674942378,0.18828372322225062,0.18828372322225062,0.18828372322225062,0.17544576749423782,0.18828372322225062,0.012837955728012801,0.0,0.17544576749423782,0,0,0.008043506920566943,1.28379557280128e-05,0.8834193851081555,1.0331631414547355,0.14493718401116665,0.0,0.008115949764650014
284,12.08,0.010033444816053446,1.0,0.2882837232222506,0.20957128927287164,0.20957128927287164,0.20957128927287164,0.18828372322225062,0.20957128927287164,0.021287566050621015,0.012837955728012801,0.17544576749423782,0,0,0.002102721965948531,2.1287566050621016e-05,0.8852581646058565,1.0331631414547355,0.14315742685189373,0.0,0.002170181315263826
285,12.15,0.00579470198675499,1.0,0.30957128927287164,0.21513305455614828,0.21513305455614828,0.21513305455614828,0.20957128927287164,0.21513305455614828,0.005561765283276648,0.021287566050621015,0.18828372322225062,0,0,0.0012466319386531823,5.561765283276649e-06,0.8863568321096811,1.0331631414547355,0.14209402509108604,0.0,0.001339599784764361
286,12.26,0.009053497942386784,1.0,0.31513305455614826,0.21845615320072095,0.21845615320072095,0.21845615320072095,0.21513305455614828,0.21845615320072095,0.0033230986445726696,0.005561765283276648,0.20957128927287164,0,0,0.001977792333504459,3.32309864457267e-06,0.8881069164057896,1.0331631414547355,0.14040011613722578,0.0,0.002075247522935279
287,12.31,0.004078303425774935,1.0,0.31845615320072096,0.22374965101638297,0.22374965101638297,0.22374965101638297,0.21845615320072095,0.22374965101638297,0.005293497815662018,0.0033230986445726696,0.21513305455614828,0,0,0.0009125189682560609,5.2934978156620185e-06,0.8889126296208274,1.0331631414547355,0.13962026522819773,0.0,0.0010087901683444257
288,12.05,-0.02112103980503654,1.0,0.323749651016383,0.22618668936347758,0.22618668936347758,0.22618668936347758,0.22374965101638297,0.22618668936347758,0.0024370383470946055,0.005293497815662018,0.21845615320072095,0,0,-0.004777298069415445,2.4370383470946055e-06,0.8846638627172952,1.0331631414547355,0.1437326524524939,0.00411238722429616,-0.012900712312977444
289,12.16,0.009128630705394143,1.0,0.3261866893634776,0.21333546228877667,0.21333546228877667,0.21333546228877667,0.22618668936347758,0.21333546228877667,-0.012851227074700905,0.0024370383470946055,0.22374965101638297,0,0,0.001947460651598781,1.2851227074700905e-05,0.886375341763644,1.0331631414547355,0.1420761095720163,0.0,0.002028877876678016
290,12.26,0.008223684210526286,1.0,0.3133354622887767,0.21851217225358338,0.21851217225358338,0.21851217225358338,0.21333546228877667,0.21851217225358338,0.005176709964806708,0.0,0.21333546228877667,0,0,0.0017969751007695935,5.176709964806708e-06,0.887963547674665,1.0331631414547355,0.14053888292571454,0.0,0.0018916687975207456
291,11.83,-0.03507340946166392,1.0,0.3185121722535834,0.22331598065951871,0.22331598065951871,0.22331598065951871,0.21851217225358338,0.22331598065951871,0.004803808405935334,0.005176709964806708,0.21333546228877667,0,0,-0.007832452829004322,4.803808405935334e-06,0.8810043494668733,1.0331631414547355,0.14727470027010106,0.006735817344386524,-0.021207225658321317
292,11.12,-0.06001690617075239,1.0,0.3233159806595187,0.20226655379122388,0.20226655379122388,0.20226655379122388,0.22331598065951871,0.20226655379122388,-0.021049426868294835,0.004803808405935334,0.21851217225358338,0,0,-0.012139412780369325,2.1049426868294836e-05,0.8702909293707695,1.0331631414547355,0.15764423405062186,0.010369533780520801,-0.032813241604708186
293,11.31,0.017086330935251914,1.0,0.3022665537912239,0.16986179016755687,0.16986179016755687,0.16986179016755687,0.20226655379122388,0.16986179016755687,-0.03240476362366701,0.0,0.20226655379122388,0,0,0.0029023147600571965,3.240476362366701e-05,0.8727885860087758,1.0331631414547355,0.15522674881737053,0.0,0.0029383128720668742
294,11.44,0.01149425287356313,1.0,0.26986179016755685,0.17741639949597082,0.17741639949597082,0.17741639949597082,0.16986179016755687,0.17741639949597082,0.007554609328413953,0.0,0.16986179016755687,0,0,0.002039268959723787,7.554609328413953e-06,0.8745618431038312,1.0331631414547355,0.15351041088011255,0.0,0.00211550093814268
295,11.44,0.0,1.0,0.27741639949597086,0.18277997933537177,0.18277997933537177,0.18277997933537177,0.17741639949597082,0.18277997933537177,0.005363579839400945,0.007554609328413953,0.16986179016755687,0,0,0.0,5.363579839400945e-06,0.8745571523215613,1.0331631414547355,0.153514951094607,4.540214494447303e-06,7.249707634572368e-05
296,11.16,-0.02447552447552442,1.0,0.2827799793353718,0.18276577666610908,0.18276577666610908,0.18276577666610908,0.18277997933537177,0.18276577666610908,-1.4202669262691758e-05,0.005363579839400945,0.17741639949597082,0,0,-0.004473288240079583,1.420266926269176e-08,0.8706449936757578,1.0331631414547355,0.15730153473162586,0.0037865836370188644,-0.01195685934959376
297,12.54,0.12365591397849453,1.0,0.2827657766661091,0.17093271799609383,0.17093271799609383,0.17093271799609383,0.18276577666610908,0.17093271799609383,-0.011833058670015245,0.0,0.18276577666610908,1,0,0.021136841472635243,1.1833058670015245e-05,0.8890373764927347,1.0331631414547355,0.139499522562396,0.0,0.021204120718978956
298,12.29,-0.019936204146730464,1.0,0.27093271799609386,0.22656401470457832,0.22656401470457832,0.22656401470457832,0.17093271799609383,0.22656401470457832,0.05563129670848449,0.0,0.17093271799609383,0,0,-0.004516826449453316,5.563129670848449e-05,0.8849722906539632,1.0331631414547355,0.14343412463603145,0.00393460207363544,-0.012364337884619611
299,11.98,-0.02522375915378346,1.0,0.3265640147045783,0.21426836811175734,0.21426836811175734,0.21426836811175734,0.22656401470457832,0.21426836811175734,-0.01229564659282098,0.05563129670848449,0.17093271799609383,0,0,-0.005404653711525183,1.2295646592820981e-05,0.880178440572153,1.0331631414547355,0.14807409860477008,0.0046399739687386365,-0.0146020306581686
300,12.02,0.0033388981636059386,1.0,0.31426836811175735,0.19976842068323528,0.19976842068323528,0.19976842068323528,0.21426836811175734,0.19976842068323528,-0.014499947428522064,0.0,0.21426836811175734,0,0,0.0006670064129657129,1.4499947428522064e-05,0.8807527626954528,1.0331631414547355,0.1475182114459511,0.0,0.0007411730910915065
301,11.35,-0.05574043261231281,1.0,0.2997684206832353,0.2015055701155151,0.2015055701155151,0.2015055701155151,0.19976842068323528,0.2015055701155151,0.0017371494322798164,0.0,0.19976842068323528,0,0,-0.011232007652029544,1.7371494322798165e-06,0.8708586109261496,1.0331631414547355,0.15709477430646104,0.009576562860509952,-0.030291198452001105
302,11.55,0.017621145374449435,1.0,0.3015055701155151,0.17157882303222524,0.17157882303222524,0.17157882303222524,0.2015055701155151,0.17157882303222524,-0.02992674708328985,0.0017371494322798164,0.19976842068323528,0,0,0.003023415383827774,2.9926747083289852e-05,0.8734655162821681,1.0331631414547355,0.1545715470914949,0.0,0.0030638089815143003
303,11.18,-0.03203463203463212,1.0,0.27157882303222525,0.17946391217623736,0.17946391217623736,0.17946391217623736,0.17157882303222524,0.17946391217623736,0.00788508914401212,0.0,0.17157882303222524,0,0,-0.005749060390061299,7.88508914401212e-06,0.8684370229269657,1.0331631414547355,0.1594386326014581,0.004867085509963204,-0.01540670507386214
304,11.59,0.03667262969588552,1.0,0.27946391217623734,0.16425425037973845,0.16425425037973845,0.16425425037973845,0.17946391217623736,0.16425425037973845,-0.015209661796498908,0.00788508914401212,0.17157882303222524,0,0,0.006023635300151412,1.5209661796498908e-05,0.8736549622008167,1.0331631414547355,0.15438818213096997,0.0,0.006083185682423821
305,11.77,0.015530629853321804,1.0,0.2642542503797385,0.18003690839026237,0.18003690839026237,0.18003690839026237,0.16425425037973845,0.18003690839026237,0.01578265801052392,0.0,0.16425425037973845,0,0,0.0027960865841455715,1.578265801052392e-05,0.8760839885223112,1.0331631414547355,0.15203712427376237,0.0,0.0028609867691343086
306,12.15,0.03228547153780805,1.0,0.2800369083902624,0.18738397248292585,0.18738397248292585,0.18738397248292585,0.18003690839026237,0.18738397248292585,0.0073470640926634745,0.01578265801052392,0.16425425037973845,0,0,0.006049779910238909,7.347064092663474e-06,0.8813776671905411,1.0331631414547355,0.1469133655411616,0.0,0.006130122045703581
307,11.86,-0.02386831275720172,1.0,0.28738397248292585,0.20339573584680232,0.20339573584680232,0.20339573584680232,0.18738397248292585,0.20339573584680232,0.01601176336387647,0.0073470640926634745,0.18003690839026237,0,0,-0.004854713036672663,1.601176336387647e-05,0.8770847191287579,1.0331631414547355,0.15106851576819993,0.004155150227038329,-0.013091815589503451
308,11.72,-0.011804384485666003,1.0,0.30339573584680235,0.19041091054877451,0.19041091054877451,0.19041091054877451,0.20339573584680232,0.19041091054877451,-0.012984825298027802,0.01601176336387647,0.18738397248292585,0,0,-0.002247683598383491,1.2984825298027802e-05,0.87510192139933,1.0331631414547355,0.15298766836847177,0.0019191526002718395,-0.006012973279458556
309,12.16,0.03754266211604091,1.0,0.29041091054877455,0.18441351913122692,0.18441351913122692,0.18441351913122692,0.19041091054877451,0.18441351913122692,-0.005997391417547598,0.0,0.19041091054877451,0,0,0.006923374438373699,5.997391417547598e-06,0.8811553313441649,1.0331631414547355,0.14712856470715505,0.0,0.007004621455103096
310,12.18,0.0016447368421052282,1.0,0.2844135191312269,0.2027232278156809,0.2027232278156809,0.2027232278156809,0.18441351913122692,0.2027232278156809,0.018309708684453974,0.0,0.18441351913122692,0,0,0.00033342636153894174,1.8309708684453972e-05,0.8814329980628228,1.0331631414547355,0.14685981071515047,0.0,0.0004029377109440642
311,12.23,0.004105090311986922,1.0,0.3027232278156809,0.20356309451345864,0.20356309451345864,0.20356309451345864,0.2027232278156809,0.20356309451345864,0.0008398666977777469,0.018309708684453974,0.18441351913122692,0,0,0.0008356448871652772,8.398666977777469e-07,0.8821688227548115,1.0331631414547355,0.14614760500197285,0.0,0.0009316601837579486
312,12.76,0.043336058871627094,1.0,0.30356309451345864,0.20578872263611814,0.20578872263611814,0.20578872263611814,0.20356309451345864,0.20578872263611814,0.002225628122659501,0.0008398666977777469,0.2027232278156809,0,0,0.008918072199275755,2.225628122659501e-06,0.890034104628348,1.0331631414547355,0.13853478805375893,0.0,0.009012797591654912
313,13.06,0.023510971786833913,1.0,0.3057887226361181,0.2295787990108284,0.2295787990108284,0.2295787990108284,0.20578872263611814,0.2295787990108284,0.023790076374710256,0.002225628122659501,0.20356309451345864,0,0,0.0053976206663987995,2.3790076374710258e-05,0.8948169971259645,1.0331631414547355,0.13390541994556063,0.0,0.005468058976270078
314,13.14,0.006125574272588061,1.0,0.3295787990108284,0.2440455447895658,0.2440455447895658,0.2440455447895658,0.2295787990108284,0.2440455447895658,0.014466745778737411,0.023790076374710256,0.20578872263611814,0,0,0.0014949191105027015,1.446674577873741e-05,0.8961417310653549,1.0331631414547355,0.13262320817644438,0.0,0.0015839113819493534
315,12.83,-0.02359208523592089,1.0,0.34404554478956584,0.24805246703454137,0.24805246703454137,0.24805246703454137,0.2440455447895658,0.24805246703454137,0.004006922244975564,0.014466745778737411,0.2295787990108284,0,0,-0.0058520749452593565,4.006922244975564e-06,0.890893851723349,1.0331631414547355,0.1377026376793365,0.005079429502892113,-0.01590503087003147
316,12.96,0.010132501948558128,1.0,0.3480524670345414,0.2321792379036372,0.2321792379036372,0.2321792379036372,0.24805246703454137,0.2321792379036372,-0.015873229130904165,0.004006922244975564,0.2440455447895658,0,0,0.002352556580473345,1.5873229130904167e-05,0.8929755885544843,1.0331631414547355,0.13568772178889527,0.0,0.002435709960411063
317,12.65,-0.02391975308641979,1.0,0.33217923790363724,0.23847586326440504,0.23847586326440504,0.23847586326440504,0.2321792379036372,0.23847586326440504,0.006296625360767832,0.0,0.2321792379036372,0,0,-0.005704283766355376,6.2966253607678325e-06,0.887876179668204,1.0331631414547355,0.14062344653716705,0.00493572474827178,-0.015476215125397269
318,12.72,0.005533596837944687,1.0,0.33847586326440504,0.22305171787897488,0.22305171787897488,0.22305171787897488,0.23847586326440504,0.22305171787897488,-0.01542414538543016,0.006296625360767832,0.2321792379036372,0,0,0.0012342782807532257,1.542414538543016e-05,0.8889583712214872,1.0331631414547355,0.13957599187114064,0.0,0.001315121852093208
319,12.3,-0.033018867924528295,1.0,0.3230517178789749,0.22632503733193496,0.22632503733193496,0.22632503733193496,0.22305171787897488,0.22632503733193496,0.003273319452960083,0.0,0.22305171787897488,0,0,-0.007472996515677096,3.273319452960083e-06,0.8823122785660377,1.0331631414547355,0.14600875392853616,0.0064327620573955135,-0.020238369400762384
320,12.54,0.01951219512195109,1.0,0.32632503733193496,0.20622262582362608,0.20622262582362608,0.20622262582362608,0.22632503733193496,0.20622262582362608,-0.02010241150830888,0.003273319452960083,0.22305171787897488,0,0,0.004023856113631702,2.0102411508308882e-05,0.8858448396177754,1.0331631414547355,0.14258958331549654,0.0,0.00409191940902246
321,12.73,0.015151515151515254,1.0,0.3062226258236261,0.2169075500236697,0.2169075500236697,0.2169075500236697,0.20622262582362608,0.2169075500236697,0.010684924200043633,0.0,0.20622262582362608,0,0,0.0032864780306616844,1.0684924200043633e-05,0.8887466840367898,1.0331631414547355,0.13978088418311316,0.0,0.0033723658432214584
322,12.85,0.009426551453259954,1.0,0.3169075500236697,0.22568475306189484,0.22568475306189484,0.22568475306189484,0.2169075500236697,0.22568475306189484,0.008777203038225129,0.010684924200043633,0.20622262582362608,0,0,0.0021274289369542184,8.77720303822513e-06,0.8906296287399365,1.0331631414547355,0.13795837946184,0.0,0.0022191138195752523
323,12.57,-0.02178988326848244,1.0,0.3256847530618948,0.23138007000236965,0.23138007000236965,0.23138007000236965,0.22568475306189484,0.23138007000236965,0.005695316940474815,0.008777203038225129,0.2169075500236697,0,0,-0.005041744716004931,5.695316940474815e-06,0.8861342290973072,1.0331631414547355,0.14230948284740944,0.0043511033855694325,-0.013645788462629666
324,12.27,-0.023866348448687406,1.0,0.3313800700023697,0.21778285354541113,0.21778285354541113,0.21778285354541113,0.23138007000236965,0.21778285354541113,-0.013597216456958522,0.005695316940474815,0.22568475306189484,0,0,-0.005197681468864239,1.3597216456958522e-05,0.8815163366768789,1.0331631414547355,0.14677914715804882,0.004469664310639387,-0.014055193825480235
325,12.95,0.05541972290138547,1.0,0.31778285354541114,0.20381515696827515,0.20381515696827515,0.20381515696827515,0.21778285354541113,0.20381515696827515,-0.01396769657713598,0.0,0.21778285354541113,0,0,0.011295379522284193,1.396769657713598e-05,0.8914610855020193,1.0331631414547355,0.13715361133885787,0.0,0.011371792700673452
326,12.53,-0.03243243243243243,1.0,0.30381515696827516,0.23389496691670114,0.23389496691670114,0.23389496691670114,0.20381515696827515,0.23389496691670114,0.03007980994842599,0.0,0.20381515696827515,0,0,-0.007585782710811928,3.007980994842599e-05,0.8846718404322281,1.0331631414547355,0.1437249308114357,0.00657131947257783,-0.02066602850406958
327,12.73,0.015961691939345657,1.0,0.3338949669167012,0.21335958354345894,0.21335958354345894,0.21335958354345894,0.23389496691670114,0.21335958354345894,-0.020535383373242205,0.03007980994842599,0.20381515696827515,0,0,0.0034055799448277748,2.0535383373242205e-05,0.8876664940343552,1.0331631414547355,0.14082640154536988,0.0,0.003475479232760084
328,12.61,-0.009426551453260093,1.0,0.31335958354345894,0.22241748720566965,0.22241748720566965,0.22241748720566965,0.21335958354345894,0.22241748720566965,0.009057903662210709,0.0,0.21335958354345894,0,0,-0.0020966298872490633,9.057903662210709e-06,0.8857973455354661,1.0331631414547355,0.14263555290190905,0.0018091513565391681,-0.005624750686666244
329,12.94,0.026169706582077724,1.0,0.32241748720566965,0.21676389351653705,0.21676389351653705,0.21676389351653705,0.22241748720566965,0.21676389351653705,-0.005653593689132597,0.009057903662210709,0.21335958354345894,0,0,0.005672647490916514,5.653593689132597e-06,0.8908171536867957,1.0331631414547355,0.1377768738125045,0.0,0.005766033485173269
330,12.96,0.0015455950540959314,1.0,0.31676389351653705,0.23194729201643213,0.23194729201643213,0.23194729201643213,0.21676389351653705,0.23194729201643213,0.015183398499895084,0.0,0.21676389351653705,0,0,0.0003584965873515422,1.5183398499895085e-05,0.8911229829645118,1.0331631414547355,0.13748086124155134,0.0,0.00044261013704730527
331,12.89,-0.005401234567901256,1.0,0.33194729201643214,0.23287232816365738,0.23287232816365738,0.23287232816365738,0.23194729201643213,0.23287232816365738,0.00092503614722525,0.015183398499895084,0.21676389351653705,0,0,-0.0012577980687851914,9.2503614722525e-07,0.8900013058765179,1.0331631414547355,0.1385665340099531,0.0010856727684017686,-0.0033233454756459897
332,13.03,0.010861132660977407,1.0,0.3328723281636574,0.22947956659050434,0.22947956659050434,0.22947956659050434,0.23287232816365738,0.22947956659050434,-0.003392761573153047,0.00092503614722525,0.23194729201643213,0,0,0.0024924080157230663,3.392761573153047e-06,0.8922165327030579,1.0331631414547355,0.1364224129726687,0.0,0.0025934100904281
333,13.16,0.009976976208749102,1.0,0.32947956659050437,0.23617996685349166,0.23617996685349166,0.23617996685349166,0.22947956659050434,0.23617996685349166,0.006700400262987322,0.0,0.22947956659050434,0,0,0.002356361910280438,6.700400262987322e-06,0.8943129395485514,1.0331631414547355,0.1343932979555169,0.0,0.002454550703952302
334,13.75,0.04483282674772035,1.0,0.33617996685349166,0.2425209231688106,0.2425209231688106,0.2425209231688106,0.23617996685349166,0.2425209231688106,0.006340956315318946,0.006700400262987322,0.22947956659050434,0,0,0.010872898531124484,6.340956315318947e-06,0.9040310425960525,1.0331631414547355,0.12498713289060992,0.0,0.010973609811648
335,13.77,0.0014545454545454234,1.0,0.3425209231688106,0.2719152098531351,0.2719152098531351,0.2719152098531351,0.2425209231688106,0.2719152098531351,0.029394286684324505,0.006340956315318946,0.23617996685349166,0,0,0.0003955130325136426,2.9394286684324507e-05,0.9043620253075587,1.0331631414547355,0.12466677427711913,0.0,0.00047020799958935215
336,13.15,-0.04502541757443713,1.0,0.3719152098531351,0.2729163350547055,0.2729163350547055,0.2729163350547055,0.2719152098531351,0.2729163350547055,0.0010011252015703631,0.029394286684324505,0.2425209231688106,0,0,-0.012288171948723108,1.001125201570363e-06,0.8932481638570691,1.0331631414547355,0.1354238957853844,0.010757121508265285,-0.03368485684758703
337,13.36,0.015969581749049357,1.0,0.37291633505470545,0.2393003165735731,0.2393003165735731,0.2393003165735731,0.2729163350547055,0.2393003165735731,-0.03361601848113238,0.0010011252015703631,0.2719152098531351,0,0,0.0038215259680950664,3.361601848113238e-05,0.8966317074644178,1.0331631414547355,0.13214895935803125,0.0,0.0038803233454101846
338,13.49,0.009730538922155748,1.0,0.33930031657357307,0.24953448064750844,0.24953448064750844,0.24953448064750844,0.2393003165735731,0.24953448064750844,0.010234164073935348,0.0,0.2393003165735731,0,0,0.002428104976360501,1.0234164073935349e-05,0.8987996470992667,1.0331631414547355,0.13005060765745044,0.0,0.0025251139444188897
339,13.33,-0.011860637509266133,1.0,0.34953448064750847,0.2560918297630366,0.2560918297630366,0.2560918297630366,0.24953448064750844,0.2560918297630366,0.006557349115528188,0.010234164073935348,0.2393003165735731,0,0,-0.0030374123619040694,6.557349115528188e-06,0.8960637281972216,1.0331631414547355,0.13269870725786098,0.0026480996004105417,-0.008229142303703453
340,13.61,0.02100525131282816,1.0,0.35609182976303666,0.2478165630263942,0.2478165630263942,0.2478165630263942,0.2560918297630366,0.2478165630263942,-0.008275266736642417,0.006557349115528188,0.24953448064750844,0,0,0.005205449185850729,8.275266736642417e-06,0.9007207272352722,1.0331631414547355,0.12819119159920772,0.0,0.0053048783942154735
341,13.97,0.02645113886847915,1.0,0.3478165630263942,0.26190253757050486,0.26190253757050486,0.26190253757050486,0.2478165630263942,0.26190253757050486,0.014085974544110647,0.0,0.2478165630263942,0,0,0.006927620391284502,1.4085974544110647e-05,0.9069478909828846,1.0331631414547355,0.12216391139751144,0.0,0.007022477188499117
342,14.04,0.0050107372942017545,1.0,0.36190253757050483,0.28073776830074343,0.28073776830074343,0.28073776830074343,0.26190253757050486,0.28073776830074343,0.018835230730238572,0.014085974544110647,0.2478165630263942,0,0,0.0014067032055155061,1.8835230730238574e-05,0.908206614915579,1.0331631414547355,0.12094559080302915,0.0,0.001499604803670305
343,13.79,-0.017806267806267807,1.0,0.38073776830074346,0.2845450382687883,0.2845450382687883,0.2845450382687883,0.28073776830074343,0.2845450382687883,0.0038072699680448685,0.018835230730238572,0.26190253757050486,0,0,-0.005066685154358766,3.8072699680448685e-06,0.903601560154926,1.0331631414547355,0.12540282952543352,0.004457238722404375,-0.013864726008440343
344,14.09,0.021754894851341605,1.0,0.3845450382687883,0.2706161778430133,0.2706161778430133,0.2706161778430133,0.2845450382687883,0.2706161778430133,-0.013928860425775014,0.0038072699680448685,0.28073776830074343,0,0,0.005887226494046714,1.3928860425775014e-05,0.9089086810599201,1.0331631414547355,0.1202660600337137,0.0,0.005984763040687643
345,13.75,-0.02413058907026259,1.0,0.37061617784301326,0.2866685701542069,0.2866685701542069,0.2866685701542069,0.2706161778430133,0.2866685701542069,0.016052392311193597,0.0,0.2706161778430133,0,0,-0.006917481465750909,1.6052392311193597e-05,0.9026067319459046,1.0331631414547355,0.12636572509255628,0.006099665058842574,-0.01901819635127888
346,14.48,0.05309090909090912,0.3728020191192627,0.32394877206613315,0.26760712117059704,0.26760712117059704,0.26760712117059704,0.2866685701542069,0.26760712117059704,-0.01906144898360984,0.016052392311193597,0.2706161778430133,0,0,0.014207505342148069,1.9061448983609842e-05,0.9154133169197114,1.0331631414547355,0.11397021419988679,0.0,0.014296509298594282
347,14.7,0.015193370165745778,0.781456470489502,0.34575276821954726,0.306343085505614,0.306343085505614,0.306343085505614,0.26760712117059704,0.306343085505614,0.03873596433501697,0.0,0.26760712117059704,0,0,0.004654383895803504,3.873596433501697e-05,0.9196385425023906,1.0331631414547355,0.10988061265183896,0.0,0.004723778148982088
348,14.77,0.004761904761904781,0.20009899139404297,0.32635298464501833,0.31912308968642206,0.31912308968642206,0.31912308968642206,0.306343085505614,0.31912308968642206,0.012780004180808047,0.03873596433501697,0.26760712117059704,0,0,0.0015196337604115398,1.2780004180808047e-05,0.921024303294535,1.0331631414547355,0.10853933290951952,0.0,0.001630833880129576
349,14.74,-0.0020311442112389546,1.0,0.4191230896864221,0.3233145767826197,0.3233145767826197,0.3233145767826197,0.31912308968642206,0.3233145767826197,0.004191487096197655,0.012780004180808047,0.306343085505614,0,0,-0.0006566985310411906,4.1914870961976545e-06,0.9204156075260257,1.0331631414547355,0.10912849036596171,0.0005891574564421964,-0.001710031317836383
350,15.87,0.07666214382632286,1.0,0.42331457678261974,0.3214734684679498,0.3214734684679498,0.3214734684679498,0.3233145767826197,0.3214734684679498,-0.001841108314669937,0.004191487096197655,0.31912308968642206,0,0,0.02464484527603683,1.841108314669937e-06,0.9430974131783261,1.0331631414547355,0.08717474004114517,0.0,0.024772960580088307
351,16.1,0.014492753623188545,1.0,0.42147346846794975,0.4301578536672137,0.42147346846794975,0.42147346846794975,0.3214734684679498,0.42147346846794975,0.09999999999999998,0.0,0.3214734684679498,0,0,0.0061083111372167214,9.999999999999998e-05,0.9487638358694056,1.0331631414547355,0.08169020186540171,0.0,0.006104611287524049
352,15.97,-0.008074534161490732,-1.0,0.3214734684679498,0.4644362520460402,0.3214734684679498,0.3214734684679498,0.42147346846794975,0.3214734684679498,-0.09999999999999998,0.09999999999999998,0.3214734684679498,0,0,-0.002595748503157374,9.999999999999998e-05,0.9462062071790108,1.0331631414547355,0.08416573412915779,0.002475532263756075,-0.007565936064146042
353,15.88,-0.005635566687539127,1.0,0.42147346846794975,0.44896414354821135,0.42147346846794975,0.42147346846794975,0.3214734684679498,0.42147346846794975,0.09999999999999998,0.0,0.3214734684679498,0,0,-0.00237524183857955,9.999999999999998e-05,0.9438641179870777,1.0331631414547355,0.08643264542124605,0.0022669112920882667,-0.0069127642724487555
354,15.1,-0.049118387909319966,-0.19709908962249756,0.4017635595057,0.4347959797870691,0.4017635595057,0.4017635595057,0.42147346846794975,0.4017635595057,-0.019709908962249778,0.09999999999999998,0.3214734684679498,0,0,-0.019733978363630125,1.9709908962249778e-05,0.9252193204286756,1.0331631414547355,0.10447897015961163,0.01804632473836558,-0.05571198294274924
355,15.1,0.0,-1.0,0.3017635595057,0.33600321821885915,0.3017635595057,0.3017635595057,0.4017635595057,0.3017635595057,-0.09999999999999998,0.0,0.4017635595057,0,0,0.0,9.999999999999998e-05,0.9251267984966327,1.0331631414547355,0.1045685222625957,8.955210298407235e-05,-0.00020268281777205475
356,14.82,-0.01854304635761585,0.5946506261825562,0.3612286221239556,0.33572337906825506,0.33572337906825506,0.33572337906825506,0.3017635595057,0.33572337906825506,0.03395981956255506,0.0,0.3017635595057,0,0,-0.006225334181398093,3.395981956255506e-05,0.9193361578766748,1.0331631414547355,0.11017329113946879,0.005604768876873084,-0.017352003749398943
357,14.82,0.0,-1.0,0.23572337906825505,0.318208461068968,0.23572337906825505,0.23572337906825505,0.33572337906825506,0.23572337906825505,-0.1,0.03395981956255506,0.3017635595057,0,0,0.0,0.0001,0.9192442242608871,1.0331631414547355,0.11026227381035482,8.898267088602863e-05,-0.000219870621194718
358,15.03,0.014170040485829897,1.0,0.33572337906825506,0.3179303914312557,0.3179303914312557,0.3179303914312557,0.23572337906825505,0.3179303914312557,0.08220701236300063,0.0,0.23572337906825505,0,0,0.004505086518256639,8.220701236300063e-05,0.9233099307012816,1.0331631414547355,0.1063270710555703,0.0,0.004511886394293513
359,14.95,-0.005322687957418502,-1.0,0.21793039143125567,0.33022790066922586,0.21793039143125567,0.21793039143125567,0.3179303914312557,0.21793039143125567,-0.1,0.08220701236300063,0.23572337906825505,0,0,-0.0011599754700266447,0.0001,0.9221465828373661,1.0331631414547355,0.10745307702426711,0.0011260059686968166,-0.003459725365867153
360,14.46,-0.03277591973244137,1.0,0.3179303914312557,0.3267091311517289,0.3179303914312557,0.3179303914312557,0.21793039143125567,0.3179303914312557,0.1,0.0,0.21793039143125567,0,0,-0.010420460990054501,0.0001,0.9124451756855135,1.0331631414547355,0.11684308210922645,0.009390005084959338,-0.029220360765391803
361,14.55,0.006224066390041484,-0.3329468369483948,0.2846357077364162,0.2973653687170767,0.2846357077364162,0.2846357077364162,0.3179303914312557,0.2846357077364162,-0.033294683694839455,0.1,0.21793039143125567,0,0,0.001771591541927899,3.3294683694839455e-05,0.9140312762677176,1.0331631414547355,0.11530789321353006,0.0,0.0018438204493563231
362,15.22,0.046048109965635735,0.020519137382507324,0.286687621474667,0.30216284412950467,0.286687621474667,0.286687621474667,0.2846357077364162,0.286687621474667,0.0020519137382507546,0.0,0.2846357077364162,0,0,0.013201423119452018,2.0519137382507546e-06,0.9260959143768075,1.0331631414547355,0.10363051369329054,0.0,0.01332104394634536
363,15.33,0.007227332457292998,0.14846950769424438,0.3015345722440914,0.33865464702262754,0.3015345722440914,0.3015345722440914,0.286687621474667,0.3015345722440914,0.014846950769424438,0.0020519137382507546,0.2846357077364162,0,0,0.0021792906009756824,1.4846950769424438e-05,0.9281003967981623,1.0331631414547355,0.10169037245041541,0.0,0.0022833870592129444
364,15.17,-0.010437051532941954,1.0,0.4015345722440914,0.3447175802663629,0.3447175802663629,0.3447175802663629,0.3015345722440914,0.3447175802663629,0.043183008022271485,0.014846950769424438,0.286687621474667,0,0,-0.003597835149551084,4.318300802227148e-05,0.9247211664013691,1.0331631414547355,0.10496113411544637,0.003270761665030958,-0.010068600569573408
365,14.85,-0.02109426499670404,-1.0,0.2447175802663629,0.33449645470847195,0.2447175802663629,0.2447175802663629,0.3447175802663629,0.2447175802663629,-0.1,0.043183008022271485,0.3015345722440914,0,0,-0.0051621374874908504,0.0001,0.9198551564861722,1.0331631414547355,0.10967095168437879,0.00470981756893242,-0.014620874093650725
366,14.81,-0.002693602693602636,1.0,0.3447175802663629,0.3197782751176559,0.3197782751176559,0.3197782751176559,0.2447175802663629,0.3197782751176559,0.07506069485129299,0.0,0.2447175802663629,0,0,-0.0008613556232125227,7.506069485129299e-05,0.9189937891073834,1.0331631414547355,0.1105046703336678,0.0008337186492890086,-0.0025108718861392198
367,14.47,-0.022957461174881826,-1.0,0.21977827511765588,0.3171729002152016,0.21977827511765588,0.21977827511765588,0.3197782751176559,0.21977827511765588,-0.1,0.07506069485129299,0.2447175802663629,0,0,-0.005045551218096082,0.0001,0.9142650594964191,1.0331631414547355,0.11508161411072321,0.004576943777055406,-0.014246553301264514
368,15.25,0.05390463026952311,1.0,0.3197782751176559,0.30286995079427265,0.30286995079427265,0.30286995079427265,0.21977827511765588,0.30286995079427265,0.08309167567661677,0.0,0.21977827511765588,0,0,0.016326092717313924,8.309167567661677e-05,0.929115467810152,1.0331631414547355,0.10070788384695976,0.0,0.016328139050019088
369,14.98,-0.017704918032786857,-1.0,0.20286995079427264,0.34778787139805933,0.20286995079427264,0.20286995079427264,0.30286995079427265,0.20286995079427264,-0.1,0.08309167567661677,0.21977827511765588,0,0,-0.0035917958501281,0.0001,0.9256853631818006,1.0331631414547355,0.10402788674942648,0.003320002902466715,-0.010284773414746127
370,15.56,0.03871829105473966,1.0,0.30286995079427265,0.33741284478471517,0.30286995079427265,0.30286995079427265,0.20286995079427264,0.30286995079427265,0.1,0.0,0.20286995079427264,0,0,0.011726606906587327,0.0001,0.9364479430186969,1.0331631414547355,0.09361077118939772,0.0,0.011703290752807415
371,15.34,-0.014138817480719835,-1.0,0.20286995079427264,0.38993268125284364,0.20286995079427264,0.20286995079427264,0.30286995079427265,0.20286995079427264,-0.1,0.1,0.20286995079427264,0,0,-0.0028683412066028346,0.0001,0.933668246001596,1.0331631414547355,0.09630124368649723,0.0026904724970995136,-0.00830225796048646
372,15.65,0.020208604954367698,1.0,0.30286995079427265,0.37311723307342304,0.30286995079427265,0.30286995079427265,0.20286995079427264,0.30286995079427265,0.1,0.0,0.20286995079427264,0,0,0.006120579188150239,0.0001,0.93928946961211,1.0331631414547355,0.09086045376187887,0.0,0.006097263034370327
373,15.36,-0.018530351437699738,-0.2705408036708832,0.2758158704271843,0.40712214857822054,0.2758158704271843,0.2758158704271843,0.30286995079427265,0.2758158704271843,-0.02705408036708834,0.1,0.20286995079427264,0,0,-0.005110965011110779,2.705408036708834e-05,0.934463382384819,1.0331631414547355,0.09553163010726777,0.004671176345388897,-0.014374053936810599
374,15.94,0.03776041666666667,1.0,0.37581587042718434,0.37792732790667677,0.37581587042718434,0.37581587042718434,0.2758158704271843,0.37581587042718434,0.10000000000000003,0.0,0.2758158704271843,0,0,0.014190963857276494,0.00010000000000000003,0.9476308721319519,1.0331631414547355,0.08278679899705944,0.0,0.01418171083845384
375,16.29,0.021957340025094082,-1.0,0.27581587042718436,0.45758250952123014,0.27581587042718436,0.27581587042718436,0.37581587042718434,0.27581587042718436,-0.09999999999999998,0.10000000000000003,0.2758158704271843,0,0,0.006056182851286979,9.999999999999998e-05,0.9532751348818944,1.0331631414547355,0.07732370945827159,0.0,0.0060260277369155865
376,16.04,-0.015346838551258441,1.0,0.37581587042718434,0.49172679744931536,0.37581587042718434,0.37581587042718434,0.27581587042718436,0.37581587042718434,0.09999999999999998,0.0,0.27581587042718436,0,0,-0.00576758548844666,9.999999999999998e-05,0.9476817115339644,1.0331631414547355,0.08273759147118799,0.005413882012916399,-0.016604602533102114
377,17.8,0.10972568578553626,-1.0,0.27581587042718436,0.45789003223536046,0.27581587042718436,0.27581587042718436,0.37581587042718434,0.27581587042718436,-0.09999999999999998,0.09999999999999998,0.27581587042718436,1,0,0.030264085533157414,9.999999999999998e-05,0.9762676637388841,1.0331631414547355,0.05506920972397479,0.0,0.03023393041878602
378,16.95,-0.04775280898876412,1.0,0.37581587042718434,0.6246539592786756,0.37581587042718434,0.37581587042718434,0.27581587042718436,0.37581587042718434,0.09999999999999998,0.0,0.27581587042718436,0,0,-0.01794626347545546,9.999999999999998e-05,0.9586496802564848,1.0331631414547355,0.07212167973136632,0.017052470007391532,-0.05206045650906118
379,14.95,-0.11799410029498525,1.0,0.4758158704271843,0.5242395013589726,0.4758158704271843,0.4758158704271843,0.37581587042718434,0.4758158704271843,0.09999999999999998,0.09999999999999998,0.27581587042718436,0,1,-0.05614346553713089,9.999999999999998e-05,0.9047319000027977,1.0331631414547355,0.12430877206004606,0.05218709232867974,-0.16051800111776426
380,14.97,0.0013377926421405586,-1.0,0.37581587042718434,0.2740350862974483,0.2740350862974483,0.2740350862974483,0.4758158704271843,0.2740350862974483,-0.201780784129736,0.09999999999999998,0.37581587042718434,0,0,0.00036660212213707937,0.000201780784129736,0.9048810191250941,1.0331631414547355,0.12416443946017568,0.0,0.00018329486060771438
381,15.64,0.04475617902471609,-0.8175831437110901,0.1922767719263393,0.274486125820329,0.1922767719263393,0.1922767719263393,0.2740350862974483,0.1922767719263393,-0.08175831437110903,0.0,0.2740350862974483,0,0,0.008605573626629746,8.175831437110903e-05,0.9125940578116848,1.0331631414547355,0.11669897889822568,0.0,0.008576120004015439
382,15.87,0.01470588235294109,1.0,0.2922767719263393,0.297815686464962,0.2922767719263393,0.2922767719263393,0.1922767719263393,0.2922767719263393,0.09999999999999998,0.0,0.1922767719263393,0,0,0.00429818782244614,9.999999999999998e-05,0.9164252990720265,1.0331631414547355,0.11299071530788198,0.0,0.004272298458757334
383,16.25,0.023944549464398286,-1.0,0.19227677192633927,0.3094040168454357,0.19227677192633927,0.19227677192633927,0.2922767719263393,0.19227677192633927,-0.1,0.09999999999999998,0.1922767719263393,0,0,0.004603980676245059,0.0001,0.920552860910269,1.0331631414547355,0.10899564262997875,0.0,0.004547164525187415
384,15.86,-0.024000000000000035,1.0,0.2922767719263393,0.3218886055055794,0.2922767719263393,0.2922767719263393,0.19227677192633927,0.2922767719263393,0.1,0.0,0.19227677192633927,0,0,-0.007014642526232153,0.0001,0.9140034563783921,1.0331631414547355,0.1153348201219817,0.00633917749200294,-0.01971888687392684
385,16.18,0.02017654476670872,1.0,0.39227677192633925,0.30207867585182485,0.30207867585182485,0.30207867585182485,0.2922767719263393,0.30207867585182485,0.009801903925485578,0.1,0.19227677192633927,0,0,0.006094903926392436,9.801903925485578e-06,0.9195652606593421,1.0331631414547355,0.10995154224669983,0.0,0.0062066973601726675
386,16.1,-0.004944375772558609,1.0,0.4020786758518249,0.31890143491366635,0.31890143491366635,0.31890143491366635,0.30207867585182485,0.31890143491366635,0.016822759061841497,0.009801903925485578,0.2922767719263393,0,0,-0.001576768528621308,1.6822759061841498e-05,0.9180998494714993,1.0331631414547355,0.11136991571459132,0.00141837346789149,-0.004308427617162848
387,15.37,-0.04534161490683243,0.7968294620513916,0.3985843811188055,0.31446901466741867,0.31446901466741867,0.31446901466741867,0.31890143491366635,0.31446901466741867,-0.004432420246247681,0.016822759061841497,0.30207867585182485,0,0,-0.014258532963181136,4.432420246247682e-06,0.9050050230999573,1.0331631414547355,0.12404441584542629,0.012674500130834973,-0.039484834903131545
388,15.3,-0.004554326610279669,0.9665753841400146,0.41112655308142015,0.2748611927041863,0.2748611927041863,0.2748611927041863,0.31446901466741867,0.2748611927041863,-0.03960782196323237,0.0,0.31446901466741867,0,0,-0.0012518076440658837,3.960782196323237e-05,0.903836285616292,1.0331631414547355,0.12517563843435806,0.0011312225889317656,-0.003454077044404612
389,16.14,0.05490196078431371,-1.0,0.1748611927041863,0.2713261250416338,0.1748611927041863,0.1748611927041863,0.2748611927041863,0.1748611927041863,-0.1,0.0,0.2748611927041863,0,0,0.009600222344543559,0.0001,0.9124229312927131,1.0331631414547355,0.11686461248706115,0.0,0.009536793198137713
390,15.8,-0.021065675340768267,1.0,0.2748611927041863,0.29729808066106156,0.2748611927041863,0.2748611927041863,0.1748611927041863,0.2748611927041863,0.1,0.0,0.1748611927041863,0,0,-0.005790136649282732,0.0001,0.9070486355454599,1.0331631414547355,0.12206640059932966,0.005201788112268513,-0.01622412536335011
391,15.44,-0.022784810126582355,1.0,0.3748611927041863,0.2810424970471538,0.2810424970471538,0.2810424970471538,0.2748611927041863,0.2810424970471538,0.006181304342967486,0.1,0.1748611927041863,0,0,-0.006403499932719981,6.181304342967486e-06,0.9012347429251006,1.0331631414547355,0.12769367511879523,0.005627274519465569,-0.01754608636102518
392,15.76,0.020725388601036288,0.36681967973709106,0.3177244650208629,0.2634572874765485,0.2634572874765485,0.2634572874765485,0.2810424970471538,0.2634572874765485,-0.017585209570605276,0.006181304342967486,0.2748611927041863,0,0,0.005460254662726398,1.7585209570605277e-05,0.906139865730542,1.0331631414547355,0.12294600013056957,0.0,0.00555030537546172
393,16.55,0.05012690355329955,0.5928481817245483,0.32274210564900335,0.2782937450343393,0.2782937450343393,0.2782937450343393,0.2634572874765485,0.2782937450343393,0.014836457557790783,0.0,0.2634572874765485,0,0,0.013950003716822862,1.4836457557790783e-05,0.9187670763197849,1.0331631414547355,0.11072410594698172,0.0,0.014048256832391635
394,17.09,0.03262839879154073,1.0,0.3782937450343393,0.31648716740352084,0.31648716740352084,0.31648716740352084,0.2782937450343393,0.31648716740352084,0.03819342236918155,0.014836457557790783,0.2634572874765485,0,0,0.01032646951044719,3.819342236918155e-05,0.9282196056615991,1.0331631414547355,0.10157499003049186,0.0,0.010398973201056868
395,16.91,-0.010532475131655922,-0.2730902135372162,0.28917814604979925,0.34507816508418515,0.28917814604979925,0.28917814604979925,0.31648716740352084,0.28917814604979925,-0.027309021353721596,0.03819342236918155,0.2782937450343393,0,0,-0.0030457616318878746,2.7309021353721595e-05,0.925367121231677,1.0331631414547355,0.10433591356276745,0.002760923532275583,-0.008485239740931422
396,15.66,-0.07392075694855116,1.0,0.3891781460497993,0.33645027633773333,0.33645027633773333,0.33645027633773333,0.28917814604979925,0.33645027633773333,0.04727213028793409,0.0,0.28917814604979925,0,0,-0.02487065910243446,4.727213028793409e-05,0.9023088869398038,1.0331631414547355,0.12665400967622947,0.022318096113462027,-0.06944380863205642
397,15.85,0.012132822477650032,0.8579233288764954,0.42224260922538287,0.26670620627805397,0.26670620627805397,0.26670620627805397,0.33645027633773333,0.26670620627805397,-0.06974407005967936,0.04727213028793409,0.28917814604979925,0,0,0.0032358990544591394,6.974407005967936e-05,0.9051657367196563,1.0331631414547355,0.12388886091586052,0.0,0.0032486273528561137
398,14.03,-0.11482649842271296,-1.0,0.16670620627805396,0.27534731980506516,0.16670620627805396,0.16670620627805396,0.26670620627805397,0.26670620627805397,0.0,0.0,0.26670620627805397,0,1,-0.03062493977451472,0.0,0.8774450905466625,1.0331631414547355,0.1507197117860938,0.02683085087023329,-0.0841692971114948
399,14.39,0.025659301496792675,-1.0,0.16670620627805396,0.1915008839239621,0.16670620627805396,0.16670620627805396,0.26670620627805397,0.16670620627805396,-0.1,0.0,0.26670620627805397,0,0,0.004277564808275099,0.0001,0.8811106742781241,1.0331631414547355,0.14717178834168962,0.0,0.0042109139565149585
400,14.39,0.0,1.0,0.26670620627805397,0.2025881394762346,0.2025881394762346,0.2025881394762346,0.16670620627805396,0.2025881394762346,0.03588193319818064,0.0,0.16670620627805396,0,0,0.0,3.588193319818065e-05,0.8810790583237694,1.0331631414547355,0.14720238946660985,3.060112492023204e-05,-1.8097438505859668e-05
401,13.71,-0.04725503822098678,0.999214768409729,0.3025096163172075,0.20249253921395152,0.20249253921395152,0.20249253921395152,0.2025881394762346,0.20249253921395152,-9.560026228308538e-05,0.03588193319818064,0.16670620627805396,0,0,-0.009568792680019943,9.560026228308538e-08,0.872648111248573,1.0331631414547355,0.1553627145274955,0.008160325060885654,-0.025792692615718694
402,14.11,0.02917578409919756,1.0,0.30249253921395153,0.17699153013743654,0.17699153013743654,0.17699153013743654,0.20249253921395152,0.17699153013743654,-0.02550100907651498,0.0,0.20249253921395152,0,0,0.005163866670676467,2.550100907651498e-05,0.8771320963380725,1.0331631414547355,0.15102265930331676,0.0,0.005213014474099922
403,13.94,-0.012048192771084333,0.5730040073394775,0.2342919308713843,0.1905541945268773,0.1905541945268773,0.1905541945268773,0.17699153013743654,0.1905541945268773,0.01356266438944076,0.0,0.17699153013743654,0,0,-0.002295833668998521,1.356266438944076e-05,0.8751064506908924,1.0331631414547355,0.15298328446105122,0.001960625157734458,-0.006144882004966544
404,13.13,-0.058106169296987,1.0,0.2905541945268773,0.1844272561392023,0.1844272561392023,0.1844272561392023,0.1905541945268773,0.1844272561392023,-0.006126938387675002,0.01356266438944076,0.17699153013743654,0,0,-0.010716361368203274,6.126938387675002e-06,0.865723132006337,1.0331631414547355,0.1620654112889047,0.009082126827853476,-0.02879955712549244
405,13.54,0.0312261995430311,1.0,0.2844272561392023,0.1560455732071802,0.1560455732071802,0.1560455732071802,0.1844272561392023,0.1560455732071802,-0.02838168293202209,0.0,0.1844272561392023,0,0,0.004872710206774077,2.838168293202209e-05,0.8699169792684651,1.0331631414547355,0.15800618085969773,0.0,0.004909154893749817
406,13.49,-0.0036927621861151355,1.0,0.25604557320718024,0.16873069890070053,0.16873069890070053,0.16873069890070053,0.1560455732071802,0.16873069890070053,0.012685125693520316,0.0,0.1560455732071802,0,0,-0.0006230823445372856,1.2685125693520316e-05,0.8693639143512447,1.0331631414547355,0.1585414931400426,0.0005353122803448684,-0.001628578203677794
407,13.05,-0.0326167531504818,1.0,0.26873069890070056,0.16705781072606837,0.16705781072606837,0.16705781072606837,0.16873069890070053,0.16705781072606837,-0.0016728881746321533,0.012685125693520316,0.1560455732071802,0,0,-0.005448883374312083,1.6728881746321534e-06,0.8646253974234976,1.0331631414547355,0.1631279100742308,0.004586416934188209,-0.014540736875789561
408,12.6,-0.03448275862068974,1.0,0.2670578107260684,0.15272526853033136,0.15272526853033136,0.15272526853033136,0.16705781072606837,0.15272526853033136,-0.014332542195737014,0.0,0.16705781072606837,0,0,-0.0052663885700114385,1.4332542195737014e-05,0.8600595518331728,1.0331631414547355,0.16754719818771877,0.0044192881134879625,-0.01404882345375137
409,11.25,-0.10714285714285712,1.0,0.2527252685303314,0.13891501203443216,0.13891501203443216,0.13891501203443216,0.15272526853033136,0.15272526853033136,0.0,0.0,0.15272526853033136,0,1,-0.016363421628249785,0.0,0.8459860347611231,1.0331631414547355,0.18116897436939094,0.01362177618167218,-0.04352933383506454
410,10.86,-0.03466666666666672,1.0,0.2527252685303314,0.1,0.1,0.1,0.15272526853033136,0.1,-0.052725268530331354,0.0,0.15272526853033136,0,0,-0.003466666666666672,5.2725268530331354e-05,0.8430086783330956,1.0331631414547355,0.18405076167728437,0.0028817873078934297,-0.00925532918524903
411,10.51,-0.03222836095764269,0.9559519290924072,0.19559519290924074,0.1,0.1,0.1,0.1,0.1,0.0,0.0,0.1,0,0,-0.0032228360957642695,0.0,0.8402917995355211,1.0331631414547355,0.18668043233486217,0.0026296706575777984,-0.008428177410919868
412,10.46,-0.004757373929590764,-0.15313845872879028,0.08468615412712098,0.1,0.08468615412712098,0.08468615412712098,0.1,0.08468615412712098,-0.015313845872879026,0.0,0.1,0,0,-0.00040288370184167065,1.5313845872879025e-05,0.8399403915655907,1.0331631414547355,0.18702056058356797,0.00034012824870580105,-0.0010596023224068243
413,10.52,0.005736137667303892,0.15399488806724548,0.10008564293384553,0.1,0.1,0.1,0.08468615412712098,0.1,0.015313845872879026,0.0,0.08468615412712098,0,0,0.0005736137667303893,1.5313845872879025e-05,0.8404093302197269,1.0331631414547355,0.186566674226883,0.0,0.0006046429979210708
414,9.47,-0.09980988593155884,-1.0,0.0,0.1,0.0,0.0,0.1,0.015313845872879026,-0.08468615412712098,0.015313845872879026,0.08468615412712098,0,0,-0.0015284732097455287,8.468615412712099e-05,0.8390536160391969,1.0331631414547355,0.18787887181324,0.0013121975863570057,-0.004270850014451746
415,9.97,0.05279831045406547,1.0,0.11531384587287903,0.1,0.1,0.1,0.015313845872879026,0.1,0.08468615412712098,0.0,0.015313845872879026,0,0,0.005279831045406547,8.468615412712099e-05,0.8434126211460725,1.0331631414547355,0.18365978488304044,0.0,0.005206801814215865
416,10.5,0.05315947843530585,-1.0,0.0,0.1,0.0,0.0,0.1,0.08468615412712098,-0.015313845872879026,0.08468615412712098,0.015313845872879026,0,0,0.004501871784089675,1.5313845872879025e-05,0.8471966407366676,1.0331631414547355,0.17999722721062195,0.0,0.004525409660936124
417,10.24,-0.024761904761904742,1.0,0.18468615412712097,0.10000868551745576,0.10000868551745576,0.10000868551745576,0.08468615412712098,0.10000868551745576,0.015322531390334779,0.0,0.08468615412712098,0,0,-0.0024764055461465213,1.532253139033478e-05,0.8450856570797491,1.0331631414547355,0.18204045114323927,0.0020432239326173274,-0.006531833039463562
418,10.02,-0.021484375000000062,1.0,0.20000868551745576,0.1,0.1,0.1,0.10000868551745576,0.1,-8.685517455753189e-06,0.015322531390334779,0.08468615412712098,0,0,-0.0021484375000000062,8.685517455753188e-09,0.8432700360233606,1.0331631414547355,0.1837977932158882,0.0017573420726489375,-0.0056091346735740654
419,9.77,-0.0249500998003992,1.0,0.2,0.1,0.1,0.1,0.1,0.1,0.0,0.0,0.1,0,0,-0.00249500998003992,0.0,0.8411660688676137,1.0331631414547355,0.18583422586754517,0.0020364326516569553,-0.0065138752833538306
420,10.16,0.03991811668372575,1.0,0.2,0.1,0.1,0.1,0.1,0.1,0.0,0.0,0.1,0,0,0.003991811668372576,0.0,0.8445238453963585,1.0331631414547355,0.18258422943037367,0.0,0.004045811668372576
421,10.36,0.01968503937007867,1.0,0.2,0.1,0.1,0.1,0.1,0.1,0.0,0.0,0.1,0,0,0.001968503937007867,0.0,0.8461862939109183,1.0331631414547355,0.18097514326783504,0.0,0.0020225039370078673
422,10.93,0.05501930501930505,1.0,0.2,0.1,0.1,0.1,0.1,0.1,0.0,0.0,0.1,0,0,0.005501930501930505,0.0,0.8508419520917023,1.0331631414547355,0.17646892542674103,0.0,0.0055559305019305056
423,10.91,-0.0018298261665141422,1.0,0.2,0.11103461347819057,0.11103461347819057,0.11103461347819057,0.1,0.11103461347819057,0.01103461347819057,0.0,0.1,0,0,-0.00020317404113117697,1.103461347819057e-05,0.8506596943818596,1.0331631414547355,0.1766453329102543,0.0001764074835132745,-0.0005133173715222483
424,11.1,0.017415215398716728,1.0,0.21103461347819058,0.11048331708015385,0.11048331708015385,0.11048331708015385,0.11103461347819057,0.11048331708015385,-0.0005512963980367214,0.01103461347819057,0.1,0,0,0.0019240907649155981,5.512963980367214e-07,0.8522959718782802,1.0331631414547355,0.17506157771151903,0.0,0.001982229872554815
425,11.09,-0.0009009009009008817,1.0,0.21048331708015386,0.11543255150611356,0.11543255150611356,0.11543255150611356,0.11048331708015385,0.11543255150611356,0.004949234425959709,0.0,0.11048331708015385,0,0,-0.00010399328964514514,4.9492344259597085e-06,0.8522031206038482,1.0331631414547355,0.17515144858544637,8.987087392733906e-05,-0.00022989416260342163
426,10.9,-0.017132551848512128,1.0,0.21543255150611357,0.11515171118374176,0.11515171118374176,0.11515171118374176,0.11543255150611356,0.11515171118374176,-0.00028084032237180034,0.004949234425959709,0.11048331708015385,0,0,-0.00197284266230035,2.8084032237180037e-07,0.8505216185975764,1.0331631414547355,0.17677897664834666,0.0016275280629002853,-0.005167184971827359
427,10.57,-0.03027522935779817,1.0,0.21515171118374177,0.11006571203770149,0.11006571203770149,0.11006571203770149,0.11515171118374176,0.11006571203770149,-0.005085999146040271,0.0,0.11515171118374176,0,0,-0.00333226467637078,5.085999146040271e-06,0.847683129699208,1.0331631414547355,0.17952635388672902,0.0027473772383823647,-0.008775877401211768
428,10.1,-0.04446546830652797,1.0,0.2100657120377015,0.10148012861920108,0.10148012861920108,0.10148012861920108,0.11006571203770149,0.10148012861920108,-0.008585583418500409,0.0,0.11006571203770149,0,0,-0.004512361442859468,8.585583418500409e-06,0.8438507991747684,1.0331631414547355,0.18323567177726427,0.0037093178905352464,-0.011889166451788932
429,10.76,0.06534653465346536,1.0,0.2014801286192011,0.1,0.1,0.1,0.10148012861920108,0.1,-0.0014801286192010765,0.0,0.10148012861920108,0,0,0.006534653465346537,1.4801286192010765e-06,0.849363822716113,1.0331631414547355,0.1778996088457295,0.0,0.006586433272417736
430,10.82,0.005576208178438708,1.0,0.2,0.10656370632654741,0.10656370632654741,0.10656370632654741,0.1,0.10656370632654741,0.006563706326547403,0.0,0.1,0,0,0.0005942214107428344,6.5637063265474025e-06,0.8498629579103847,1.0331631414547355,0.17741649521706396,0.0,0.0006415005809453114
431,11.0,0.016635859519408477,1.0,0.2065637063265474,0.10807347335223769,0.10807347335223769,0.10807347335223769,0.10656370632654741,0.10807347335223769,0.0015097670256902784,0.006563706326547403,0.1,0,0,0.0017978951204623617,1.5097670256902785e-06,0.8513896392804035,1.0331631414547355,0.1759388182570931,0.0,0.0018534666285497188
432,10.94,-0.0054545454545455,1.0,0.2080734733522377,0.11269120350776715,0.11269120350776715,0.11269120350776715,0.10807347335223769,0.11269120350776715,0.004617730155529465,0.0015097670256902784,0.10656370632654741,0,0,-0.0006146792918605532,4.617730155529465e-06,0.8508623762122218,1.0331631414547355,0.17644915689290547,0.000510338635812374,-0.0015822880210227526
433,11.42,0.04387568555758688,1.0,0.21269120350776716,0.11109640673101556,0.11109640673101556,0.11109640673101556,0.11269120350776715,0.11109640673101556,-0.0015947967767515892,0.004617730155529465,0.10807347335223769,0,0,0.004874431008307817,1.5947967767515892e-06,0.855008489210058,1.0331631414547355,0.17243612852257637,0.0,0.004931291210228173
434,11.11,-0.027145359019264494,1.0,0.21109640673101557,0.1236370842932148,0.1236370842932148,0.1236370842932148,0.11109640673101556,0.1236370842932148,0.012540677562199232,0.0,0.11109640673101556,0,0,-0.0033561730412343827,1.2540677562199232e-05,0.8521282103827685,1.0331631414547355,0.1752239542896028,0.002787825767026436,-0.008885625018222142
435,11.01,-0.00900090009000897,1.0,0.2236370842932148,0.11492512040134065,0.11492512040134065,0.11492512040134065,0.1236370842932148,0.11492512040134065,-0.008711963891874147,0.012540677562199232,0.11109640673101556,0,0,-0.0010344295265647188,8.711963891874147e-06,0.8512393200913297,1.0331631414547355,0.17608431240321804,0.0008603581136152338,-0.0027071832973717506
436,10.91,-0.00908265213442322,1.0,0.21492512040134065,0.11223653182684556,0.11223653182684556,0.11223653182684556,0.11492512040134065,0.11223653182684556,-0.002688588574495082,0.0,0.11492512040134065,0,0,-0.0010194053753573584,2.688588574495082e-06,0.8503692735204029,1.0331631414547355,0.17692643165429947,0.0008421192510814357,-0.0026478930647317765
437,10.9,-0.0009165902841429685,1.0,0.21223653182684557,0.1096048936277875,0.1096048936277875,0.1096048936277875,0.11223653182684556,0.1096048936277875,-0.0026316381990580673,0.0,0.11223653182684556,0,0,-0.00010046278059375358,2.631638199058067e-06,0.8502816051943901,1.0331631414547355,0.17701128594545176,8.485429115229204e-05,-0.00021556382364454742
438,10.9,0.0,1.0,0.2096048936277875,0.1093397460907978,0.1093397460907978,0.1093397460907978,0.1096048936277875,0.1093397460907978,-0.00026514753698969606,0.0,0.1096048936277875,0,0,0.0,2.651475369896961e-07,0.8502813797443167,1.0331631414547355,0.17701150415888228,2.1821343051953157e-07,5.759659144283499e-05
439,11.16,0.023853211009174292,1.0,0.2093397460907978,0.10933904759886684,0.10933904759886684,0.10933904759886684,0.1093397460907978,0.10933904759886684,-6.984919309616089e-07,0.0,0.1093397460907978,0,0,0.0026080873739179225,6.984919309616089e-10,0.8524989872811907,1.0331631414547355,0.17486507882885022,0.0,0.0026665167383414495
440,11.19,0.0026881720430106952,1.0,0.20933904759886685,0.11604661904567859,0.11604661904567859,0.11604661904567859,0.10933904759886684,0.11604661904567859,0.00670757144681175,0.0,0.10933904759886684,0,0,0.00031195327700450566,6.70757144681175e-06,0.8527592089360505,1.0331631414547355,0.17461320993765708,0.0,0.0003634398005865355
441,11.64,0.04021447721179634,1.0,0.2160466190456786,0.11683372631960504,0.11683372631960504,0.11683372631960504,0.11604661904567859,0.11683372631960504,0.0007871072739264462,0.00670757144681175,0.10933904759886684,0,0,0.004698407224649008,7.871072739264462e-07,0.8567651477512253,1.0331631414547355,0.17073585634804467,0.0,0.004759136727766447
442,11.71,0.006013745704467378,1.0,0.21683372631960504,0.1289504658458446,0.1289504658458446,0.1289504658458446,0.11683372631960504,0.1289504658458446,0.012116739526239567,0.0007871072739264462,0.11604661904567859,0,0,0.0007754753100695153,1.2116739526239568e-05,0.857419166769704,1.0331631414547355,0.17010283045674368,0.0,0.0008246935467025464
443,11.33,-0.0324508966695133,1.0,0.2289504658458446,0.13092864156043188,0.13092864156043188,0.13092864156043188,0.1289504658458446,0.13092864156043188,0.001978175714587277,0.012116739526239567,0.11683372631960504,0,0,-0.00424875181835732,1.978175714587277e-06,0.8537745094000239,1.0331631414547355,0.17363049924731655,0.0035276687905728688,-0.011238784863647195
444,11.39,0.005295675198587864,1.0,0.23092864156043189,0.11990466937710373,0.11990466937710373,0.11990466937710373,0.13092864156043188,0.11990466937710373,-0.011023972183328151,0.001978175714587277,0.1289504658458446,0,0,0.0006349761838152059,1.1023972183328152e-05,0.8543072238933989,1.0331631414547355,0.17311488416969686,0.0,0.0006817567493234163
445,11.47,0.007023705004389822,1.0,0.21990466937710373,0.12151599712955455,0.12151599712955455,0.12151599712955455,0.11990466937710373,0.12151599712955455,0.0016113277524508196,0.0,0.11990466937710373,0,0,0.0008534925171522715,1.6113277524508195e-06,0.8550349921474019,1.0331631414547355,0.1724104762937265,0.0,0.000915125441266294
446,11.18,-0.025283347863993104,1.0,0.22151599712955455,0.12371727116688819,0.12371727116688819,0.12371727116688819,0.12151599712955455,0.12371727116688819,0.0022012740373336392,0.0016113277524508196,0.11990466937710373,0,0,-0.003127986803696398,2.2012740373336392e-06,0.8523585718089368,1.0331631414547355,0.1750009871540893,0.002590510860362799,-0.008247263650688853
447,11.13,-0.004472271914132284,1.0,0.2237172711668882,0.11562193595165923,0.11562193595165923,0.11562193595165923,0.12371727116688819,0.11562193595165923,-0.008095335215228955,0.0022012740373336392,0.12151599712955455,0,0,-0.0005170927368142073,8.095335215228955e-06,0.8519109232539308,1.0331631414547355,0.17543426679507193,0.0004332796409826367,-0.0013344429192752544
448,10.64,-0.04402515723270442,1.0,0.21562193595165924,0.11426793262657145,0.11426793262657145,0.11426793262657145,0.11562193595165923,0.11426793262657145,-0.0013540033250877825,0.0,0.11562193595165923,0,0,-0.0050306637005408834,1.3540033250877826e-06,0.8476240924060002,1.0331631414547355,0.17958349616256036,0.004149229367488433,-0.01327042697718549
449,10.74,0.00939849624060147,1.0,0.21426793262657146,0.10130159408164954,0.10130159408164954,0.10130159408164954,0.11426793262657145,0.10130159408164954,-0.012966338544921907,0.0,0.11426793262657145,0,0,0.0009520826511433194,1.2966338544921908e-05,0.8484201100181302,1.0331631414547355,0.17881302964068158,0.0,0.0009872568919968364
450,10.44,-0.027932960893854813,1.0,0.20130159408164955,0.1037092957676441,0.1037092957676441,0.1037092957676441,0.10130159408164954,0.1037092957676441,0.002407701685994551,0.0,0.10130159408164954,0,0,-0.002896907703006825,2.4077016859945513e-06,0.8459602725235034,1.0331631414547355,0.18119390967397747,0.0023808800332958957,-0.0076065071154841945
451,10.73,0.027777777777777866,1.0,0.2037092957676441,0.1,0.1,0.1,0.1037092957676441,0.1,-0.0037092957676440885,0.002407701685994551,0.10130159408164954,0,0,0.002777777777777787,3.7092957676440887e-06,0.8483070242525435,1.0331631414547355,0.17892248550592618,0.0,0.002826213834126321
452,10.8,0.006523765144454826,1.0,0.2,0.1033672209859921,0.1033672209859921,0.1033672209859921,0.1,0.1033672209859921,0.0033672209859920976,0.0,0.1,0,0,0.0006743434733475747,3.367220985992098e-06,0.8488762181205284,1.0331631414547355,0.17837156199235263,0.0,0.0007249021050355617
453,10.55,-0.023148148148148147,1.0,0.2033672209859921,0.10508886389740477,0.10508886389740477,0.10508886389740477,0.1033672209859921,0.10508886389740477,0.001721642911412663,0.0033672209859920976,0.1,0,0,-0.0024326125902177026,1.721642911412663e-06,0.8468097696830684,1.0331631414547355,0.18037168022590702,0.0020001182335543932,-0.006379004404944313
454,10.21,-0.032227488151658754,1.0,0.20508886389740477,0.1,0.1,0.1,0.10508886389740477,0.1,-0.005088863897404761,0.001721642911412663,0.1033672209859921,0,0,-0.0032227488151658754,5.088863897404761e-06,0.8440764052014866,1.0331631414547355,0.18301730739930105,0.002645627173394033,-0.00846763645780005
455,10.07,-0.013712047012732669,1.0,0.2,0.1,0.1,0.1,0.1,0.1,0.0,0.0,0.1,0,0,-0.0013712047012732669,0.0,0.8429190036664405,1.0331631414547355,0.1841375579082541,0.0011202505089530357,-0.003557705719179338
456,10.45,0.037735849056603675,1.0,0.2,0.1,0.1,0.1,0.1,0.1,0.0,0.0,0.1,0,0,0.003773584905660368,0.0,0.8460998300953704,1.0331631414547355,0.18105883171168152,0.0,0.003827584905660368
457,10.43,-0.0019138755980860837,1.0,0.2,0.1,0.1,0.1,0.1,0.1,0.0,0.0,0.1,0,0,-0.00019138755980860838,0.0,0.845937897113534,1.0331631414547355,0.181215566863507,0.0001567351518254878,-0.00045085786345958404
458,10.41,-0.0019175455417065747,1.0,0.2,0.1,0.1,0.1,0.1,0.1,0.0,0.0,0.1,0,0,-0.00019175455417065748,0.0,0.8457756846692169,1.0331631414547355,0.18137257250744493,0.0001570056439379186,-0.0004517658420464946
459,10.36,-0.004803073967339165,1.0,0.2,0.1,0.1,0.1,0.1,0.1,0.0,0.0,0.1,0,0,-0.0004803073967339165,0.0,0.8453694523518926,1.0331631414547355,0.18176576531603883,0.0003931928085939007,-0.0012126930139217179
460,10.83,0.04536679536679543,1.0,0.2,0.1,0.1,0.1,0.1,0.1,0.0,0.0,0.1,0,0,0.004536679536679543,0.0,0.8492046226473114,1.0331631414547355,0.17805369880733748,0.0,0.004590679536679543
461,11.11,0.025854108956601972,1.0,0.2,0.10608221255547723,0.10608221255547723,0.10608221255547723,0.1,0.10608221255547723,0.006082212555477223,0.0,0.1,0,0,0.002742661081766718,6.082212555477223e-06,0.8515285380732847,1.0331631414547355,0.17580437792786724,0.0,0.0027904350289743893
462,11.17,0.005400540054005446,1.0,0.20608221255547723,0.11311132312117095,0.11311132312117095,0.11311132312117095,0.10608221255547723,0.11311132312117095,0.007029110565693719,0.006082212555477223,0.1,0,0,0.0006108622310774359,7.029110565693719e-06,0.8520427192076343,1.0331631414547355,0.17530670131347925,0.0,0.0006605088562506647
463,11.11,-0.005371530886302641,1.0,0.21311132312117095,0.1146665386885019,0.1146665386885019,0.1146665386885019,0.11311132312117095,0.1146665386885019,0.0015552155673309587,0.007029110565693719,0.10608221255547723,0,0,-0.0006159348541907047,1.5552155673309586e-06,0.851516591289514,1.0331631414547355,0.17581594123601416,0.0005092399225349042,-0.0015758366484552896
464,11.03,-0.007200720072007207,1.0,0.2146665386885019,0.11307518780527631,0.11307518780527631,0.11307518780527631,0.1146665386885019,0.11307518780527631,-0.0015913508832255951,0.0015552155673309587,0.11311132312117095,0,0,-0.0008142227744754377,1.591350883225595e-06,0.8508219120263628,1.0331631414547355,0.17648832223304917,0.0006723809970350103,-0.0021011982810454502
465,11.21,0.016319129646418993,1.0,0.21307518780527632,0.11097398437858388,0.11097398437858388,0.11097398437858388,0.11307518780527631,0.11097398437858388,-0.0021012034266924273,0.0,0.11307518780527631,0,0,0.0018109988384537865,2.1012034266924272e-06,0.8523609617708566,1.0331631414547355,0.17499867390671925,0.0,0.0018670422888155834
466,11.5,0.025869759143621687,1.0,0.2109739843785839,0.11562915370161242,0.11562915370161242,0.11562915370161242,0.11097398437858388,0.11562915370161242,0.004655169323028535,0.0,0.11097398437858388,0,0,0.0029912983562415253,4.655169323028535e-06,0.8549066598301247,1.0331631414547355,0.17253468931694416,0.0,0.0030456710337664994
467,11.23,-0.02347826086956518,1.0,0.21562915370161242,0.12332909591779329,0.12332909591779329,0.12332909591779329,0.11562915370161242,0.12332909591779329,0.007699942216180866,0.004655169323028535,0.11097398437858388,0,0,-0.002895552686765577,7.699942216180866e-06,0.8524246498224389,1.0331631414547355,0.1749370301555759,0.00240234083863175,-0.007646912859342612
468,10.97,-0.02315227070347282,1.0,0.2233290959177933,0.11582179777616922,0.11582179777616922,0.11582179777616922,0.12332909591779329,0.11582179777616922,-0.007507298141624069,0.007699942216180866,0.11562915370161242,0,0,-0.0026815376154767563,7.507298141624069e-06,0.850132441653591,1.0331631414547355,0.17715566153805087,0.002218631382474967,-0.007068617062277487
469,10.76,-0.01914311759343672,1.0,0.21582179777616922,0.10888856686953097,0.10888856686953097,0.10888856686953097,0.11582179777616922,0.10888856686953097,-0.006933230906638249,0.0,0.11582179777616922,0,0,-0.002084466640164229,6.9332309066382495e-06,0.8483544747747236,1.0331631414547355,0.17887655808142156,0.0017208965433706813,-0.005478440465140771
470,10.62,-0.01301115241635693,1.0,0.20888856686953097,0.10351073779473857,0.10351073779473857,0.10351073779473857,0.10888856686953097,0.10351073779473857,-0.005377829074792395,0.0,0.10888856686953097,0,0,-0.0013467939861769014,5.377829074792395e-06,0.8472073537645906,1.0331631414547355,0.1799868580564263,0.0011102999750047526,-0.0035197829208250386
471,10.98,0.03389830508474588,1.0,0.20351073779473858,0.10004104897692323,0.10004104897692323,0.10004104897692323,0.10351073779473857,0.10004104897692323,-0.0034696888178153418,0.0,0.10351073779473857,0,0,0.0033912219992177483,3.469688817815342e-06,0.8500774824346944,1.0331631414547355,0.17720885664024863,0.0,0.0034400371684889376
472,11.2,0.02003642987249534,1.0,0.20004104897692324,0.10872232578996419,0.10872232578996419,0.10872232578996419,0.10004104897692323,0.10872232578996419,0.008681276813040956,0.0,0.10004104897692323,0,0,0.002178407256265209,8.681276813040956e-06,0.8519219176328803,1.0331631414547355,0.1754236253208378,0.0,0.0022235264100445187
473,11.35,0.013392857142857175,1.0,0.2087223257899642,0.1143011808424848,0.1143011808424848,0.1143011808424848,0.10872232578996419,0.1143011808424848,0.00557885505252062,0.008681276813040956,0.10004104897692323,0,0,0.0015308193862832824,5.57885505252062e-06,0.8532213034710977,1.0331631414547355,0.17416594801308188,0.0,0.0015831929562448008
474,11.3,-0.004405286343612241,1.0,0.2143011808424848,0.11823140867344173,0.11823140867344173,0.11823140867344173,0.1143011808424848,0.11823140867344173,0.003930227830956923,0.00557885505252062,0.10872232578996419,0,0,-0.0005208432100151507,3.930227830956923e-06,0.8527735555944317,1.0331631414547355,0.1745993237876334,0.0004333757745515199,-0.0013309384552587047
475,11.35,0.004424778761061852,1.0,0.21823140867344173,0.11687712595158156,0.11687712595158156,0.11687712595158156,0.11823140867344173,0.11687712595158156,-0.0013542827218601672,0.003930227830956923,0.1143011808424848,0,0,0.0005171554245645091,1.3542827218601673e-06,0.8532134171681404,1.0331631414547355,0.1741735811763655,0.0,0.0005770541185102467
476,11.06,-0.025550660792951468,1.0,0.21687712595158157,0.11820756681553188,0.11820756681553188,0.11820756681553188,0.11687712595158156,0.11820756681553188,0.0013304408639503162,0.0,0.11687712595158156,0,0,-0.0030202814428638013,1.3304408639503162e-06,0.8506353373674692,1.0331631414547355,0.17666890809737926,0.0024953269210137574,-0.007950390223409392
477,12.47,0.1274864376130199,1.0,0.21820756681553188,0.11040964946450268,0.11040964946450268,0.11040964946450268,0.11820756681553188,0.11040964946450268,-0.007797917351029193,0.0013304408639503162,0.11687712595158156,1,0,0.014075732888331716,7.797917351029193e-06,0.862602019977573,1.0331631414547355,0.16508633983690663,0.0,0.01412296762756695
478,12.17,-0.024057738572574233,1.0,0.2104096494645027,0.1466051753635797,0.1466051753635797,0.1466051753635797,0.11040964946450268,0.1466051753635797,0.03619552589907701,0.0,0.11040964946450268,0,0,-0.003526988982283401,3.6195525899077014e-05,0.859528409823262,1.0331631414547355,0.16806129125646976,0.0029749514195631377,-0.009456117851506175
479,12.3,0.010682004930156187,1.0,0.2466051753635797,0.13730848059324055,0.13730848059324055,0.13730848059324055,0.1466051753635797,0.13730848059324055,-0.009296694770339148,0.03619552589907701,0.11040964946450268,0,0,0.0014667298666492506,9.296694770339147e-06,0.8607811150399108,1.0331631414547355,0.1668487961853767,0.0,0.0015238577415439916
480,12.57,0.021951219512195086,1.0,0.23730848059324056,0.14109751992188752,0.14109751992188752,0.14109751992188752,0.13730848059324055,0.14109751992188752,0.003789039328646965,0.0,0.13730848059324055,0,0,0.003097262632431672,3.789039328646965e-06,0.8634439186887285,1.0331631414547355,0.16427146493731426,0.0,0.00316429247931497
481,12.76,0.015115354017501949,1.0,0.24109751992188752,0.14915169067931897,0.14915169067931897,0.14915169067931897,0.14109751992188752,0.14915169067931897,0.00805417075743145,0.003789039328646965,0.13730848059324055,0,0,0.0022544806069268518,8.05417075743145e-06,0.8653835819338206,1.0331631414547355,0.1623940622626883,0.0,0.0023185426290987968
482,13.06,0.023510971786833913,1.0,0.24915169067931897,0.15501855723803584,0.15501855723803584,0.15501855723803584,0.14915169067931897,0.15501855723803584,0.005866866558716877,0.00805417075743145,0.14109751992188752,0,0,0.003644636925659159,5.866866558716877e-06,0.8685325138013983,1.0331631414547355,0.15934620685512518,0.0,0.003714429308311008
483,13.64,0.044410413476263406,1.0,0.25501855723803585,0.1645431000762518,0.1645431000762518,0.1645431000762518,0.15501855723803584,0.1645431000762518,0.009524542838215966,0.005866866558716877,0.14915169067931897,0,0,0.007307427109052532,9.524542838215966e-06,0.8748709794627101,1.0331631414547355,0.15321119738083538,0.0,0.007375621495771337
484,13.53,-0.008064516129032346,1.0,0.2645431000762518,0.18371502720027402,0.18371502720027402,0.18371502720027402,0.1645431000762518,0.18371502720027402,0.019171927124022214,0.009524542838215966,0.15501855723803584,0,0,-0.0014815728000022262,1.9171927124022214e-05,0.8735580214533657,1.0331631414547355,0.1544820112113556,0.0012708138305202177,-0.003961980062140048
485,13.55,0.0014781966001479194,1.0,0.28371502720027403,0.17974372804377708,0.17974372804377708,0.17974372804377708,0.18371502720027402,0.17974372804377708,-0.003971299156496938,0.019171927124022214,0.1645431000762518,0,0,0.0002656965676922235,3.9712991564969385e-06,0.8737866536611121,1.0331631414547355,0.15426071778868816,0.0,0.0003482011711210992
486,13.87,0.023616236162361512,1.0,0.2797437280437771,0.18043523505542042,0.18043523505542042,0.18043523505542042,0.17974372804377708,0.18043523505542042,0.0006915070116433331,0.0,0.17974372804377708,0,0,0.004261201123080019,6.91507011643333e-07,0.8775094301014275,1.0331631414547355,0.1506574374441401,0.0,0.004348890879166104
487,13.18,-0.04974765681326601,1.0,0.28043523505542045,0.1916955303420543,0.1916955303420543,0.1916955303420543,0.18043523505542042,0.1916955303420543,0.011260295286633887,0.0006915070116433331,0.17974372804377708,0,0,-0.009536403456093539,1.1260295286633887e-05,0.8691312651241538,1.0331631414547355,0.15876667464115896,0.008109237197018865,-0.02567879928066786
488,13.65,0.03566009104704102,1.0,0.2916955303420543,0.16635414995482645,0.16635414995482645,0.16635414995482645,0.1916955303420543,0.16635414995482645,-0.025341380387227858,0.011260295286633887,0.18043523505542042,0,0,0.005932204133442226,2.5341380387227857e-05,0.8742651042216313,1.0331631414547355,0.15379762484496823,0.0,0.005977400330909964
489,13.74,0.006593406593406583,1.0,0.2663541499548264,0.18188241720409734,0.18188241720409734,0.18188241720409734,0.16635414995482645,0.18188241720409734,0.015528267249270894,0.0,0.16635414995482645,0,0,0.0011992247288182224,1.5528267249270895e-05,0.8752999687319715,1.0331631414547355,0.15279597808772613,0.0,0.0012652130500539714
490,13.35,-0.028384279475982575,1.0,0.28188241720409735,0.1850125458112121,0.1850125458112121,0.1850125458112121,0.18188241720409734,0.1850125458112121,0.003130128607114757,0.015528267249270894,0.16635414995482645,0,0,-0.005251447806868473,3.1301286071147573e-06,0.87070063682935,1.0331631414547355,0.15724767764811257,0.004451699560386435,-0.014069072378329817
491,12.02,-0.09962546816479402,1.0,0.2850125458112121,0.17110100798532474,0.17110100798532474,0.17110100798532474,0.1850125458112121,0.17110100798532474,-0.01391153782588736,0.003130128607114757,0.18188241720409734,0,0,-0.017046018024006137,1.3911537825887361e-05,0.8558465452955989,1.0331631414547355,0.17162497290550618,0.014377295257393619,-0.04573638057370117
492,11.94,-0.0066555740432612375,1.0,0.27110100798532477,0.1261719580767715,0.1261719580767715,0.1261719580767715,0.17110100798532474,0.1261719580767715,-0.04492904990855323,0.0,0.17110100798532474,0,0,-0.0008397468091632055,4.492904990855323e-05,0.8550893985179059,1.0331631414547355,0.17235781629423463,0.0007328433887284491,-0.0023066756044398265
493,12.44,0.04187604690117253,1.0,0.2261719580767715,0.12388183586582069,0.12388183586582069,0.12388183586582069,0.1261719580767715,0.12388183586582069,-0.002290122210950818,0.0,0.1261719580767715,0,0,0.005187681568920465,2.290122210950818e-06,0.8595233717711526,1.0331631414547355,0.16806616759391083,0.0,0.0052493674615690395
494,12.58,0.011254019292604547,1.0,0.2238818358658207,0.13729320690301705,0.13729320690301705,0.13729320690301705,0.12388183586582069,0.13729320690301705,0.013411371037196362,0.0,0.12388183586582069,0,0,0.0015451003992301017,1.3411371037196363e-05,0.8608398942891698,1.0331631414547355,0.1667919036706319,0.0,0.0015960496120190886
495,12.51,-0.005564387917329116,1.0,0.23729320690301706,0.1412753094013794,0.1412753094013794,0.1412753094013794,0.13729320690301705,0.1412753094013794,0.003982102498362339,0.013411371037196362,0.12388183586582069,0,0,-0.000786110624649968,3.982102498362339e-06,0.8601597509494529,1.0331631414547355,0.16745021532774282,0.000658311657110916,-0.0020359171348063895
496,12.13,-0.030375699440447563,1.0,0.2412753094013794,0.13921806440020826,0.13921806440020826,0.13921806440020826,0.1412753094013794,0.13921806440020826,-0.002057245001171132,0.003982102498362339,0.13729320690301705,0,0,-0.0042288460809015984,2.057245001171132e-06,0.8565204981983532,1.0331631414547355,0.17097265298069225,0.003522437652949434,-0.011204905417335303
497,11.31,-0.06760098928277002,1.0,0.23921806440020826,0.1282104369280644,0.1282104369280644,0.1282104369280644,0.13921806440020826,0.1282104369280644,-0.011007627472143872,0.0,0.13921806440020826,0,0,-0.008667152372713342,1.1007627472143871e-05,0.8490874762715492,1.0331631414547355,0.17816708494265515,0.007194431961962899,-0.02300546422537289
498,11.16,-0.013262599469496051,1.0,0.2282104369280644,0.10572784431584045,0.10572784431584045,0.10572784431584045,0.1282104369280644,0.10572784431584045,-0.022482592612223934,0.0,0.1282104369280644,0,0,-0.0014022260519342268,2.2482592612223934e-05,0.8478777740041291,1.0331631414547355,0.17933795740111008,0.0011708724584549302,-0.0037209651774111232
499,11.36,0.017921146953404955,1.0,0.20572784431584046,0.1020688641847369,0.1020688641847369,0.1020688641847369,0.10572784431584045,0.1020688641847369,-0.003658980131103551,0.0,0.10572784431584045,0,0,0.0018291911144218019,3.6589801311035507e-06,0.8494256021265244,1.0331631414547355,0.17783981247095326,0.0,0.0018786931309144113
500,11.66,0.026408450704225418,1.0,0.2020688641847369,0.10675057620114167,0.10675057620114167,0.10675057620114167,0.1020688641847369,0.10675057620114167,0.004681712016404771,0.0,0.1020688641847369,0,0,0.002819117329255509,4.681712016404771e-06,0.851816255795344,1.0331631414547355,0.17552589555609557,0.0,0.0028693076956400215
501,11.44,-0.01886792452830194,1.0,0.20675057620114168,0.1139815975010095,0.1139815975010095,0.1139815975010095,0.10675057620114167,0.1139815975010095,0.007231021299867829,0.004681712016404771,0.1020688641847369,0,0,-0.0021505961792643363,7.2310212998678295e-06,0.849978183508706,1.0331631414547355,0.1773049682048255,0.0017790726487299235,-0.005658994132914708
502,11.74,0.026223776223776286,1.0,0.2139815975010095,0.10842197425965444,0.10842197425965444,0.10842197425965444,0.1139815975010095,0.10842197425965444,-0.005559623241355061,0.007231021299867829,0.10675057620114167,0,0,0.0028432335907252106,5.559623241355061e-06,0.8523901444729779,1.0331631414547355,0.174970427929922,0.0,0.002892894145717554
503,12.04,0.02555366269165238,1.0,0.20842197425965445,0.11571739651555613,0.11571739651555613,0.11571739651555613,0.10842197425965444,0.11571739651555613,0.007295422255901685,0.0,0.10842197425965444,0,0,0.0029570033181147114,7.295422255901685e-06,0.8549044464124822,1.0331631414547355,0.17253683168686978,0.0,0.0030074563131263893
504,11.83,-0.017441860465116202,1.0,0.21571739651555613,0.12332239039525614,0.12332239039525614,0.12332239039525614,0.11571739651555613,0.12332239039525614,0.007604993879700012,0.007295422255901685,0.10842197425965444,0,0,-0.002150971925498644,7.604993879700012e-06,0.8530590694061823,1.0331631414547355,0.17432297458362622,0.0017861428967564374,-0.005669796822777596
505,11.76,-0.005917159763313634,1.0,0.22332239039525614,0.11774069480888297,0.11774069480888297,0.11774069480888297,0.12332239039525614,0.11774069480888297,-0.00558169558637317,0.007604993879700012,0.11571739651555613,0,0,-0.0006966905018277127,5.58169558637317e-06,0.8524599897389863,1.0331631414547355,0.17490282460261977,0.0005798500189935496,-0.001802436389037489
506,11.65,-0.00935374149659859,1.0,0.21774069480888297,0.11592866704160501,0.11592866704160501,0.11592866704160501,0.11774069480888297,0.11592866704160501,-0.0018120277672779572,0.0,0.11774069480888297,0,0,-0.0010843667835524222,1.8120277672779573e-06,0.8515340657606341,1.0331631414547355,0.17579902767181607,0.0008962030691962997,-0.002817997436876201
507,11.45,-0.017167381974249017,1.0,0.21592866704160502,0.1131280403613851,0.1131280403613851,0.1131280403613851,0.11592866704160501,0.1131280403613851,-0.0028006266802199087,0.0,0.11592866704160501,0,0,-0.0019421122808821578,2.800626680219909e-06,0.8498779061649071,1.0331631414547355,0.17740202678132264,0.0016029991095065643,-0.00509211338780839
508,11.56,0.009606986899563425,1.0,0.2131280403613851,0.10811868906323471,0.10811868906323471,0.10811868906323471,0.1131280403613851,0.10811868906323471,-0.0050093512981503885,0.0,0.1131280403613851,0,0,0.0010386948294284673,5.009351298150389e-06,0.8507564126146936,1.0331631414547355,0.17655171920206705,0.0,0.001089038225364331
509,11.31,-0.02162629757785467,1.0,0.20811868906323472,0.11077589206696564,0.11077589206696564,0.11077589206696564,0.10811868906323471,0.11077589206696564,0.002657203003730929,0.0,0.10811868906323471,0,0,-0.0023956724062925094,2.657203003730929e-06,0.8487160183200212,1.0331631414547355,0.17852661959562874,0.001974900393561685,-0.006290356241639236
510,12.29,0.08664898320070721,1.0,0.21077589206696565,0.10460429676183838,0.10460429676183838,0.10460429676183838,0.11077589206696564,0.10460429676183838,-0.006171595305127259,0.002657203003730929,0.10811868906323471,0,0,0.009063855952838326,6.171595305127259e-06,0.8564034201231465,1.0331631414547355,0.17108597300780995,0.0,0.009110795902597115
511,12.32,0.002441008950366244,1.0,0.2046042967618384,0.12785634808520002,0.12785634808520002,0.12785634808520002,0.10460429676183838,0.12785634808520002,0.02325205132336164,0.0,0.10460429676183838,0,0,0.00031209849003711524,2.325205132336164e-05,0.8566507892011515,1.0331631414547355,0.1708465441431133,0.0,0.00034412587445578245
512,12.18,-0.011363636363636409,1.0,0.22785634808520003,0.12860457264163674,0.12860457264163674,0.12860457264163674,0.12785634808520002,0.12860457264163674,0.0007482245564367218,0.02325205132336164,0.10460429676183838,0,0,-0.0014614155982004234,7.482245564367218e-07,0.8553982254084453,1.0331631414547355,0.17205890232978113,0.0012123581866678446,-0.003820015046448388
513,12.43,0.020525451559934318,1.0,0.22860457264163675,0.12481595240814833,0.12481595240814833,0.12481595240814833,0.12860457264163674,0.12481595240814833,-0.0037886202334884156,0.0007482245564367218,0.12785634808520002,0,0,0.0025619037850605157,3.7886202334884158e-06,0.8575864325808289,1.0331631414547355,0.16994093365224733,0.0,0.0026217630129698405
514,12.33,-0.008045052292839874,1.0,0.22481595240814833,0.1314345825490854,0.1314345825490854,0.1314345825490854,0.12481595240814833,0.1314345825490854,0.006618630140937082,0.0,0.12481595240814833,0,0,-0.0010573980896949713,6.618630140937082e-06,0.8566739462778584,1.0331631414547355,0.17082413037729277,0.0008831967250454431,-0.0027652237651617233
515,12.0,-0.026763990267639908,1.0,0.23143458254908542,0.12867460809924694,0.12867460809924694,0.12867460809924694,0.1314345825490854,0.12867460809924694,-0.0027599744498384704,0.006618630140937082,0.12481595240814833,0,0,-0.003443845958860624,2.7599744498384705e-06,0.8537213287717047,1.0331631414547355,0.1736819728492922,0.002857842471999439,-0.009096400392536407
516,11.98,-0.0016666666666666312,1.0,0.22867460809924695,0.11974382996846963,0.11974382996846963,0.11974382996846963,0.12867460809924694,0.11974382996846963,-0.008930778130777306,0.0,0.12867460809924694,0,0,-0.00019957304994744514,8.930778130777305e-06,0.8535433246065438,1.0331631414547355,0.17385426332116316,0.0001722904718709506,-0.0004943070137937411
517,11.95,-0.0025041736227046025,1.0,0.21974382996846964,0.11920543238809117,0.11920543238809117,0.11920543238809117,0.11974382996846963,0.11920543238809117,-0.0005383975803784635,0.0,0.11974382996846963,0,0,-0.0002985110994693548,5.383975803784635e-07,0.8532880729046101,1.0331631414547355,0.17410132178820675,0.0002470584670435927,-0.0007304383315607521
518,12.14,0.015899581589958266,1.0,0.21920543238809118,0.11843336597374457,0.11843336597374457,0.11843336597374457,0.11920543238809117,0.11843336597374457,-0.0007720664143466005,0.0,0.11920543238809117,0,0,0.001883040965272939,7.720664143466005e-07,0.8548941905060055,1.0331631414547355,0.1725467583926002,0.0,0.001944527007930143
519,12.24,0.008237232289950547,1.0,0.21843336597374458,0.12329137735352183,0.12329137735352183,0.12329137735352183,0.11843336597374457,0.12329137735352183,0.004858011379777261,0.0,0.11843336597374457,0,0,0.0010155797146089076,4.858011379777261e-06,0.8557582506183143,1.0331631414547355,0.17171043344290032,0.0,0.0010731470657135177
520,11.69,-0.04493464052287587,1.0,0.22329137735352184,0.12590490132850385,0.12590490132850385,0.12590490132850385,0.12329137735352183,0.12590490132850385,0.0026135239749820183,0.004858011379777261,0.11843336597374457,0,0,-0.005657491481264478,2.6135239749820182e-06,0.8509145690607146,1.0331631414547355,0.17639863936435785,0.004688205921457522,-0.014971791895852017
521,11.8,0.009409751924722088,1.0,0.22590490132850385,0.11125426590741089,0.11125426590741089,0.11125426590741089,0.12590490132850385,0.11125426590741089,-0.014650635421092961,0.0026135239749820183,0.12329137735352183,0,0,0.0010468750427558027,1.4650635421092962e-05,0.8517929038474559,1.0331631414547355,0.17554849793799557,0.0,0.0010842251421590518
522,11.9,0.00847457627118641,1.0,0.2112542659074109,0.1139109566837258,0.1139109566837258,0.1139109566837258,0.11125426590741089,0.1139109566837258,0.0026566907763149183,0.0,0.11125426590741089,0,0,0.0009653470905400456,2.6566907763149183e-06,0.8526129166985766,1.0331631414547355,0.17475480639188973,0.0,0.0010219232047542477
523,11.89,-0.0008403361344537636,1.0,0.2139109566837258,0.11639120839828201,0.11639120839828201,0.11639120839828201,0.1139109566837258,0.11639120839828201,0.0024802517145562086,0.0026566907763149183,0.11125426590741089,0,0,-9.780773814981473e-05,2.4802517145562086e-06,0.8525274098630286,1.0331631414547355,0.1748375685735019,8.276218161218374e-05,-0.0002053459019424947
524,11.88,-0.0008410428931875346,1.0,0.21639120839828202,0.11613258011931452,0.11613258011931452,0.11613258011931452,0.11639120839828201,0.11613258011931452,-0.00025862827896749874,0.0024802517145562086,0.1139109566837258,0,0,-9.767248117688144e-05,2.5862827896749875e-07,0.8524439209079391,1.0331631414547355,0.17491837764589285,8.08090723909416e-05,-0.00019809108600472858
525,11.92,0.003367003367003295,1.0,0.21613258011931452,0.11588005200321069,0.11588005200321069,0.11588005200321069,0.11613258011931452,0.11588005200321069,-0.00025252811610382286,0.0,0.11613258011931452,0,0,0.0003901685252633273,2.525281161038229e-07,0.852776302429372,1.0331631414547355,0.17459666512238484,0.0,0.00045126085241973786
526,11.66,-0.021812080536912734,1.0,0.2158800520032107,0.11688541472249553,0.11688541472249553,0.11688541472249553,0.11588005200321069,0.11688541472249553,0.0010053627192848358,0.0,0.11588005200321069,0,0,-0.0025495140795175177,1.0053627192848357e-06,0.850601279890147,1.0331631414547355,0.17670187237567733,0.002105207253292496,-0.006699502701452849
527,11.32,-0.02915951972555745,1.0,0.21688541472249553,0.11030664518775149,0.11030664518775149,0.11030664518775149,0.11688541472249553,0.11030664518775149,-0.006578769534744039,0.0010053627192848358,0.11588005200321069,0,0,-0.003216488796212306,6.578769534744039e-06,0.8478597344935502,1.0331631414547355,0.17935541786776346,0.002653545492086129,-0.008474564481157574
528,11.09,-0.020318021201413464,1.0,0.2103066451877515,0.10201433524799386,0.10201433524799386,0.10201433524799386,0.11030664518775149,0.10201433524799386,-0.00829230993975763,0.0,0.11030664518775149,0,0,-0.00207272942641684,8.29230993975763e-06,0.8460953199566877,1.0331631414547355,0.1810631970810038,0.0017077792132403347,-0.005445761871416004
529,11.36,0.024346257889990945,1.0,0.20201433524799386,0.1,0.1,0.1,0.10201433524799386,0.1,-0.0020143352479938537,0.0,0.10201433524799386,0,0,0.0024346257889990945,2.014335247993854e-06,0.8481535411229797,1.0331631414547355,0.17907104203432464,0.0,0.002485604286127104
530,11.06,-0.026408450704225258,1.0,0.2,0.10290300324868082,0.10290300324868082,0.10290300324868082,0.1,0.10290300324868082,0.0029030032486808133,0.0,0.1,0,0,-0.002717508888609519,2.9030032486808132e-06,0.8458462141435871,1.0331631414547355,0.18130430693394525,0.002233264899620613,-0.007133004807621116
531,10.71,-0.03164556962025313,1.0,0.20290300324868082,0.1,0.1,0.1,0.10290300324868082,0.1,-0.0029030032486808133,0.0029030032486808133,0.1,0,0,-0.0031645569620253134,2.9030032486808132e-06,0.8431670301235087,1.0331631414547355,0.1838974927654742,0.0025931858315289547,-0.008301283129956245
532,10.77,0.005602240896358424,1.0,0.2,0.1,0.1,0.1,0.1,0.1,0.0,0.0,0.1,0,0,0.0005602240896358424,0.0,0.8436393926053706,1.0331631414547355,0.18344029248130925,0.0,0.0006142240896358423
533,11.0,0.021355617455896047,1.0,0.2,0.1,0.1,0.1,0.1,0.1,0.0,0.0,0.1,0,0,0.0021355617455896046,0.0,0.845441036619291,1.0331631414547355,0.1816964788069425,0.0,0.002189561745589605
534,10.88,-0.010909090909090839,1.0,0.2,0.1,0.1,0.1,0.1,0.1,0.0,0.0,0.1,0,0,-0.001090909090909084,0.0,0.8445187373066155,1.0331631414547355,0.18258917355733484,0.000892694750392331,-0.002822298591693746
535,10.75,-0.011948529411764776,1.0,0.2,0.1,0.1,0.1,0.1,0.1,0.0,0.0,0.1,0,0,-0.0011948529411764776,0.0,0.843509661609466,1.0331631414547355,0.1835658592874594,0.000976685730124549,-0.0030942244014255755
536,10.71,-0.0037209302325580604,1.0,0.2,0.1,0.1,0.1,0.1,0.1,0.0,0.0,0.1,0,0,-0.00037209302325580607,0.0,0.8431957975493323,1.0331631414547355,0.1838696487351664,0.0003037894477070091,-0.0009256719186698244
537,10.97,0.024276377217553668,1.0,0.2,0.1,0.1,0.1,0.1,0.1,0.0,0.0,0.1,0,0,0.002427637721755367,0.0,0.8452427714742886,1.0331631414547355,0.18188837990856646,0.0,0.0024816377217553674
538,10.89,-0.007292616226071109,1.0,0.2,0.1,0.1,0.1,0.1,0.1,0.0,0.0,0.1,0,0,-0.000729261622607111,0.0,0.8446263683592663,1.0331631414547355,0.1824849973161081,0.0005966174075416331,-0.001868496437690377
539,10.71,-0.016528925619834683,1.0,0.2,0.1,0.1,0.1,0.1,0.1,0.0,0.0,0.1,0,0,-0.0016528925619834684,0.0,0.8432302917173502,1.0331631414547355,0.18383626178335416,0.001351264467246066,-0.0043014214964756
540,10.72,0.0009337068160597372,1.0,0.2,0.1,0.1,0.1,0.1,0.1,0.0,0.0,0.1,0,0,9.337068160597372e-05,0.0,0.8433090247044387,1.0331631414547355,0.18376005601881476,0.0,0.0001473706816059737
541,10.38,-0.03171641791044775,1.0,0.2,0.1,0.1,0.1,0.1,0.1,0.0,0.0,0.1,0,0,-0.003171641791044775,0.0,0.8406343505589209,1.0331631414547355,0.18634887673666553,0.0025888207178507705,-0.008295283226746317
542,10.32,-0.005780346820809296,1.0,0.2,0.1,0.1,0.1,0.1,0.1,0.0,0.0,0.1,0,0,-0.0005780346820809297,0.0,0.8401484347493492,1.0331631414547355,0.18681919530502591,0.0004703185683603839,-0.0014646718188016975
543,10.43,0.010658914728682115,1.0,0.2,0.1,0.1,0.1,0.1,0.1,0.0,0.0,0.1,0,0,0.0010658914728682116,0.0,0.8410439418018921,1.0331631414547355,0.18595243281940138,0.0,0.0011198914728682116
544,10.71,0.026845637583892728,1.0,0.2,0.1,0.1,0.1,0.1,0.1,0.0,0.0,0.1,0,0,0.002684563758389273,0.0,0.8433017778872663,1.0331631414547355,0.1837670702229434,0.0,0.002738563758389273
545,10.74,0.002801120448179212,1.0,0.2,0.1,0.1,0.1,0.1,0.1,0.0,0.0,0.1,0,0,0.0002801120448179212,0.0,0.843537996872669,1.0331631414547355,0.1835384335479358,0.0,0.0003341120448179212
546,11.0,0.02420856610800743,1.0,0.2,0.1,0.1,0.1,0.1,0.1,0.0,0.0,0.1,0,0,0.002420856610800743,0.0,0.8455800814088599,1.0331631414547355,0.1815618971673255,0.0,0.0024748566108007434
547,11.17,0.015454545454545448,1.0,0.2,0.1,0.1,0.1,0.1,0.1,0.0,0.0,0.1,0,0,0.001545454545454545,0.0,0.846886886989219,1.0331631414547355,0.18029703828112958,0.0,0.001599454545454545
548,11.08,-0.008057296329453881,1.0,0.2,0.1,0.1,0.1,0.1,0.1,0.0,0.0,0.1,0,0,-0.0008057296329453882,0.0,0.846204525128619,1.0331631414547355,0.1809574972475995,0.0006604589664699068,-0.0020726475658852015
549,10.88,-0.018050541516245425,1.0,0.2,0.1,0.1,0.1,0.1,0.1,0.0,0.0,0.1,0,0,-0.0018050541516245425,0.0,0.844677080137412,1.0331631414547355,0.1824359133175497,0.0014784160699502225,-0.004707886291524987
550,10.9,0.0018382352941176078,1.0,0.2,0.1,0.1,0.1,0.1,0.1,0.0,0.0,0.1,0,0,0.0001838235294117608,0.0,0.8448323516594962,1.0331631414547355,0.18228562580161536,0.0,0.00023782352941176078
551,10.93,0.0027522935779815925,1.0,0.2,0.1,0.1,0.1,0.1,0.1,0.0,0.0,0.1,0,0,0.00027522935779815925,0.0,0.8450648743250905,1.0331631414547355,0.1820605667995425,0.0,0.00032922935779815927
552,11.01,0.007319304666056731,1.0,0.2,0.1,0.1,0.1,0.1,0.1,0.0,0.0,0.1,0,0,0.0007319304666056731,0.0,0.8456834030528673,1.0331631414547355,0.18146189200854496,0.0,0.000785930466605673
553,11.0,-0.0009082652134423058,1.0,0.2,0.1,0.1,0.1,0.1,0.1,0.0,0.0,0.1,0,0,-9.082652134423059e-05,0.0,0.8456065925712095,1.0331631414547355,0.18153623697748142,7.434496893646281e-05,-0.00018551645921715623
554,10.79,-0.01909090909090917,1.0,0.2,0.1,0.1,0.1,0.1,0.1,0.0,0.0,0.1,0,0,-0.001909090909090917,0.0,0.8439922527126644,1.0331631414547355,0.18309875870688808,0.0015625217294066573,-0.004980134367904231
555,10.81,0.001853568118628485,1.0,0.2,0.1,0.1,0.1,0.1,0.1,0.0,0.0,0.1,0,0,0.0001853568118628485,0.0,0.8441486924258642,1.0331631414547355,0.18294734049719516,0.0,0.0002393568118628485
556,10.74,-0.0064754856614246325,1.0,0.2,0.1,0.1,0.1,0.1,0.1,0.0,0.0,0.1,0,0,-0.0006475485661424633,0.0,0.8436020651504728,1.0331631414547355,0.18347642177531914,0.0005290812781239829,-0.0016517111223904289
557,10.83,0.00837988826815641,1.0,0.2,0.1,0.1,0.1,0.1,0.1,0.0,0.0,0.1,0,0,0.0008379888268156411,0.0,0.8443089942553476,1.0331631414547355,0.18279218413993525,0.0,0.000891988826815641
558,11.02,0.01754385964912276,1.0,0.2,0.1,0.1,0.1,0.1,0.1,0.0,0.0,0.1,0,0,0.0017543859649122762,0.0,0.8457902381049184,1.0331631414547355,0.1813584862173737,0.0,0.0018083859649122762
559,11.09,0.006352087114337594,1.0,0.2,0.1,0.1,0.1,0.1,0.1,0.0,0.0,0.1,0,0,0.0006352087114337595,0.0,0.8463274914322083,1.0331631414547355,0.18083847799627759,0.0,0.0006892087114337594
560,11.11,0.001803426510369664,1.0,0.2,0.1,0.1,0.1,0.1,0.1,0.0,0.0,0.1,0,0,0.00018034265103696642,0.0,0.8464801203756587,1.0331631414547355,0.18069074823577194,0.0,0.0002343426510369664
561,10.8,-0.02790279027902779,1.0,0.2,0.1,0.1,0.1,0.1,0.1,0.0,0.0,0.1,0,0,-0.002790279027902779,0.0,0.8441182046482378,1.0331631414547355,0.1829768496583364,0.0022861014225644682,-0.007308481873031715
562,10.31,-0.04537037037037039,1.0,0.2,0.1,0.1,0.1,0.1,0.1,0.0,0.0,0.1,0,0,-0.004537037037037039,0.0,0.8402884090901116,1.0331631414547355,0.1866837139515532,0.0037068642932167883,-0.011896765623470617
563,10.53,0.02133850630455857,1.0,0.2,0.1,0.1,0.1,0.1,0.1,0.0,0.0,0.1,0,0,0.002133850630455857,0.0,0.8420814590416132,1.0331631414547355,0.18494821848180873,0.0,0.002187850630455857
564,10.62,0.008547008547008534,1.0,0.2,0.1,0.1,0.1,0.1,0.1,0.0,0.0,0.1,0,0,0.0008547008547008534,0.0,0.8428011867843839,1.0331631414547355,0.18425159302751967,0.0,0.0009087008547008533
565,10.96,0.03201506591337115,1.0,0.2,0.1,0.1,0.1,0.1,0.1,0.0,0.0,0.1,0,0,0.0032015065913371154,0.0,0.8454994203390608,1.0331631414547355,0.18163996912572455,0.0,0.0032555065913371156
566,11.15,0.01733576642335762,1.0,0.2,0.1,0.1,0.1,0.1,0.1,0.0,0.0,0.1,0,0,0.001733576642335762,0.0,0.8469651583852691,1.0331631414547355,0.18022127929117965,0.0,0.001787576642335762
567,11.55,0.03587443946188344,1.0,0.2,0.1,0.1,0.1,0.1,0.1,0.0,0.0,0.1,0,0,0.0035874439461883443,0.0,0.8500035984153507,1.0331631414547355,0.17728036908235886,0.0,0.0036414439461883445
568,12.21,0.057142857142857155,1.0,0.2,0.10849885493818798,0.10849885493818798,0.10849885493818798,0.1,0.10849885493818798,0.008498854938187972,0.0,0.1,0,0,0.006199934567896457,8.498854938187972e-06,0.8552663410507224,1.0331631414547355,0.17218655337774363,0.0,0.0062452223975383485
569,11.69,-0.0425880425880427,1.0,0.20849885493818798,0.12441702038331676,0.12441702038331676,0.12441702038331676,0.10849885493818798,0.12441702038331676,0.01591816544512878,0.008498854938187972,0.1,0,0,-0.00529867736276207,1.591816544512878e-05,0.8507209463791482,1.0331631414547355,0.176586047019352,0.004399493641608354,-0.01405617943889312
570,11.63,-0.005132591958939155,1.0,0.22441702038331676,0.11066860370637127,0.11066860370637127,0.11066860370637127,0.12441702038331676,0.11066860370637127,-0.013748416676945485,0.01591816544512878,0.10849885493818798,0,0,-0.0005680167854903451,1.3748416676945485e-05,0.85022602653579,1.0331631414547355,0.17706508060417508,0.00047903358482309644,-0.0014876539418359244
571,11.5,-0.011177987962166876,1.0,0.21066860370637128,0.10917164236608179,0.10917164236608179,0.10917164236608179,0.11066860370637127,0.10917164236608179,-0.0014969613402894821,0.0,0.11066860370637127,0,0,-0.0012203193041780496,1.4969613402894822e-06,0.8491872065472015,1.0331631414547355,0.17807055587415604,0.00100547526998096,-0.003175163369228899
572,11.43,-0.0060869565217391555,1.0,0.2091716423660818,0.10602949969775463,0.10602949969775463,0.10602949969775463,0.10917164236608179,0.10602949969775463,-0.003142142668327158,0.0,0.10917164236608179,0,0,-0.0006453969546819873,3.142142668327158e-06,0.848636475442786,1.0331631414547355,0.178603609253935,0.0005330533797789638,-0.0016593445813074465
573,11.29,-0.012248468941382377,1.0,0.20602949969775464,0.10436373614081823,0.10436373614081823,0.10436373614081823,0.10602949969775463,0.10436373614081823,-0.0016657635569364004,0.0,0.10602949969775463,0,0,-0.0012782959807274377,1.6657635569364004e-06,0.8475502532194148,1.0331631414547355,0.17965496521098331,0.0010513559570483055,-0.0033274233721277244
574,11.55,0.023029229406554615,1.0,0.20436373614081824,0.1010782163621308,0.1010782163621308,0.1010782163621308,0.10436373614081823,0.1010782163621308,-0.0032855197786874346,0.0,0.10436373614081823,0,0,0.0023277534326088724,3.2855197786874347e-06,0.8495203565875344,1.0331631414547355,0.17774809950016665,0.0,0.00237734199926435
575,11.49,-0.005194805194805237,1.0,0.2010782163621308,0.107037190723476,0.107037190723476,0.107037190723476,0.1010782163621308,0.107037190723476,0.0059589743613452095,0.0,0.1010782163621308,0,0,-0.0005560373544076722,5.95897436134521e-06,0.8490429292659176,1.0331631414547355,0.178210202049571,0.00046210254940434736,-0.0014318327764430833
576,11.4,-0.007832898172323747,1.0,0.207037190723476,0.10559312850542402,0.10559312850542402,0.10559312850542402,0.107037190723476,0.10559312850542402,-0.001444062218051989,0.0059589743613452095,0.1010782163621308,0,0,-0.0008271002232800823,1.4440622180519892e-06,0.8483394595987318,1.0331631414547355,0.17889109129054342,0.0006808892409724265,-0.0021343788667212964
577,11.32,-0.007017543859649129,1.0,0.20559312850542402,0.10346533581922662,0.10346533581922662,0.10346533581922662,0.10559312850542402,0.10346533581922662,-0.002127792686197394,0.0,0.10559312850542402,0,0,-0.0007260725320647488,2.127792686197394e-06,0.8477216985287529,1.0331631414547355,0.1794890230645216,0.0005979317739781831,-0.0018694716129885863
578,11.32,0.0,1.0,0.20346533581922663,0.10159682333779896,0.10159682333779896,0.10159682333779896,0.10346533581922662,0.10159682333779896,-0.0018685124814276644,0.0,0.10346533581922662,0,0,0.0,1.8685124814276644e-06,0.8477201145501785,1.0331631414547355,0.17949055619952312,1.5331350015079792e-06,4.8895906570122756e-05
579,11.24,-0.007067137809187285,1.0,0.20159682333779896,0.10159202702653974,0.10159202702653974,0.10159202702653974,0.10159682333779896,0.10159202702653974,-4.796311259214203e-06,0.0,0.10159682333779896,0,0,-0.0007179648553112355,4.7963112592142034e-09,0.8471114772348615,1.0331631414547355,0.18007965707904156,0.0005891008795184394,-0.0018414111565722962
580,11.15,-0.008007117437722406,1.0,0.20159202702653975,0.1,0.1,0.1,0.10159202702653974,0.1,-0.0015920270265397385,0.0,0.10159202702653974,0,0,-0.0008007117437722407,1.5920270265397385e-06,0.846431836502389,1.0331631414547355,0.1807374822619217,0.0006578251828801562,-0.0020647501500723627
581,10.98,-0.015246636771300441,1.0,0.2,0.1,0.1,0.1,0.1,0.1,0.0,0.0,0.1,0,0,-0.0015246636771300442,0.0,0.8451413126261074,1.0331631414547355,0.181986582064751,0.0012490998028292788,-0.003968863282788601
582,10.96,-0.0018214936247722745,1.0,0.2,0.1,0.1,0.1,0.1,0.1,0.0,0.0,0.1,0,0,-0.00018214936247722745,0.0,0.8449873706748094,1.0331631414547355,0.18213558268732563,0.00014900062257464097,-0.00042615060762650936
583,11.23,0.024635036496350324,1.0,0.2,0.1,0.1,0.1,0.1,0.1,0.0,0.0,0.1,0,0,0.0024635036496350325,0.0,0.8470690001463623,1.0331631414547355,0.18012077071036925,0.0,0.0025175036496350328
584,11.2,-0.0026714158504008135,1.0,0.2,0.1,0.1,0.1,0.1,0.1,0.0,0.0,0.1,0,0,-0.00026714158504008136,0.0,0.846842712791025,1.0331631414547355,0.18033979454722307,0.0002190238368538211,-0.0006511892587477236
585,11.02,-0.016071428571428546,1.0,0.2,0.1,0.1,0.1,0.1,0.1,0.0,0.0,0.1,0,0,-0.0016071428571428547,0.0,0.8454817155740394,1.0331631414547355,0.18165710559170073,0.0013173110444776592,-0.004187764946098173
586,10.99,-0.002722323049001757,1.0,0.2,0.1,0.1,0.1,0.1,0.1,0.0,0.0,0.1,0,0,-0.0002722323049001757,0.0,0.8452515481378577,1.0331631414547355,0.18187988496404417,0.00022277937234344014,-0.0006637910495870561
587,10.86,-0.011828935395814448,1.0,0.2,0.1,0.1,0.1,0.1,0.1,0.0,0.0,0.1,0,0,-0.0011828935395814448,0.0,0.8442517055422443,1.0331631414547355,0.18284763396272183,0.0009677489986776588,-0.003064391536936762
588,11.29,0.03959484346224675,1.0,0.2,0.1,0.1,0.1,0.1,0.1,0.0,0.0,0.1,0,0,0.003959484346224676,0.0,0.8475945069546124,1.0331631414547355,0.17961213196091666,0.0,0.004013484346224676
589,10.97,-0.028343666961913067,1.0,0.2,0.1012120939822301,0.1012120939822301,0.1012120939822301,0.1,0.1012120939822301,0.0012120939822301002,0.0,0.1,0,0,-0.002868721884350176,1.2120939822301003e-06,0.8451619666792555,1.0331631414547355,0.18196659097881365,0.0023544590178969926,-0.00752487713750913
590,10.58,-0.035551504102096676,1.0,0.2012120939822301,0.1,0.1,0.1,0.1012120939822301,0.1,-0.0012120939822301002,0.0012120939822301002,0.1,0,0,-0.003555150410209668,1.2120939822301003e-06,0.8421562643509883,1.0331631414547355,0.18487581432183284,0.002909223343019185,-0.009321415237221383
591,10.62,0.0037807183364838514,1.0,0.2,0.1,0.1,0.1,0.1,0.1,0.0,0.0,0.1,0,0,0.00037807183364838514,0.0,0.84247465991407,1.0331631414547355,0.18456763882630234,0.0,0.00043207183364838515
592,10.69,0.006591337099811703,1.0,0.2,0.1,0.1,0.1,0.1,0.1,0.0,0.0,0.1,0,0,0.0006591337099811703,0.0,0.8430299633622244,1.0331631414547355,0.18403015986884314,0.0,0.0007131337099811702
593,10.71,0.0018709073900843173,1.0,0.2,0.1,0.1,0.1,0.1,0.1,0.0,0.0,0.1,0,0,0.00018709073900843173,0.0,0.8431876864610761,1.0331631414547355,0.18387749946844434,0.0,0.00024109073900843174
594,10.68,-0.0028011204481793775,1.0,0.2,0.1,0.1,0.1,0.1,0.1,0.0,0.0,0.1,0,0,-0.0002801120448179378,0.0,0.8429514994340562,1.0331631414547355,0.18410610521089013,0.00022860574244579213,-0.000683323529709522
595,10.73,0.004681647940074973,1.0,0.2,0.1,0.1,0.1,0.1,0.1,0.0,0.0,0.1,0,0,0.00046816479400749736,0.0,0.8433461396491471,1.0331631414547355,0.18372413241370422,0.0,0.0005221647940074973
596,10.8,0.006523765144454826,1.0,0.2,0.1,0.1,0.1,0.1,0.1,0.0,0.0,0.1,0,0,0.0006523765144454826,0.0,0.8438963188642025,1.0331631414547355,0.1831916132083823,0.0,0.0007063765144454825
597,10.8,0.0,1.0,0.2,0.1,0.1,0.1,0.1,0.1,0.0,0.0,0.1,0,0,0.0,0.0,0.8438963188642025,1.0331631414547355,0.1831916132083823,0.0,5.399999999999999e-05
598,10.42,-0.03518518518518526,1.0,0.2,0.1,0.1,0.1,0.1,0.1,0.0,0.0,0.1,0,0,-0.003518518518518526,0.0,0.8409270540385692,1.0331631414547355,0.18606556864338983,0.0028739554350075414,-0.00921242938853361
599,10.73,0.029750479846449185,1.0,0.2,0.1,0.1,0.1,0.1,0.1,0.0,0.0,0.1,0,0,0.0029750479846449187,0.0,0.8434288523759199,1.0331631414547355,0.18364407465374932,0.0,0.003029047984644919
600,10.53,-0.01863932898415667,1.0,0.2,0.1,0.1,0.1,0.1,0.1,0.0,0.0,0.1,0,0,-0.001863932898415667,0.0,0.8418567575905035,1.0331631414547355,0.18516570731981874,0.0015216326660694168,-0.0048531982305545
601,10.55,0.0018993352326686942,1.0,0.2,0.1,0.1,0.1,0.1,0.1,0.0,0.0,0.1,0,0,0.00018993352326686944,0.0,0.8420166544105587,1.0331631414547355,0.18501094297173126,0.0,0.00024393352326686942
602,10.42,-0.012322274881516661,1.0,0.2,0.1,0.1,0.1,0.1,0.1,0.0,0.0,0.1,0,0,-0.0012322274881516662,0.0,0.8409790983435126,1.0331631414547355,0.18601519489034427,0.0010042519186130028,-0.003186731325377672
603,10.66,0.02303262955854129,1.0,0.2,0.1,0.1,0.1,0.1,0.1,0.0,0.0,0.1,0,0,0.002303262955854129,0.0,0.8429160943473748,1.0331631414547355,0.18414037384210705,0.0,0.002357262955854129
604,10.82,0.015009380863039413,1.0,0.2,0.1,0.1,0.1,0.1,0.1,0.0,0.0,0.1,0,0,0.0015009380863039415,0.0,0.8441812592169394,1.0331631414547355,0.1829158190561289,0.0,0.0015549380863039415
605,10.84,0.0018484288354897942,1.0,0.2,0.1,0.1,0.1,0.1,0.1,0.0,0.0,0.1,0,0,0.00018484288354897943,0.0,0.8443373001151311,1.0331631414547355,0.18276478686002098,0.0,0.0002388428835489794
606,10.95,0.010147601476014708,1.0,0.2,0.1,0.1,0.1,0.1,0.1,0.0,0.0,0.1,0,0,0.0010147601476014707,0.0,0.8451940999584213,1.0331631414547355,0.18193548913450996,0.0,0.0010687601476014707
607,11.1,0.013698630136986335,1.0,0.2,0.1,0.1,0.1,0.1,0.1,0.0,0.0,0.1,0,0,0.0013698630136986336,0.0,0.8463519000953507,1.0331631414547355,0.18081485281825588,0.0,0.0014238630136986336
608,11.02,-0.007207207207207214,1.0,0.2,0.1,0.1,0.1,0.1,0.1,0.0,0.0,0.1,0,0,-0.0007207207207207215,0.0,0.8457419167439306,1.0331631414547355,0.18140525652793638,0.0005904037096804982,-0.001847528140081718
609,10.88,-0.012704174228675027,1.0,0.2,0.1,0.1,0.1,0.1,0.1,0.0,0.0,0.1,0,0,-0.0012704174228675028,0.0,0.8446674714776498,1.0331631414547355,0.18244521355231105,0.001039957024374677,-0.0032963314716168562
610,11.39,0.04687499999999998,1.0,0.2,0.1,0.1,0.1,0.1,0.1,0.0,0.0,0.1,0,0,0.004687499999999998,0.0,0.8486268502502012,1.0331631414547355,0.17861292549083752,0.0,0.004741499999999998
611,11.51,0.010535557506584654,1.0,0.2,0.10433458574423313,0.10433458574423313,0.10433458574423313,0.1,0.10433458574423313,0.0043345857442331215,0.0,0.1,0,0,0.0010992230280340554,4.334585744233121e-06,0.8495560019803569,1.0331631414547355,0.1777135982763113,0.0,0.0011487904773947932
612,11.72,0.01824500434404873,1.0,0.20433458574423313,0.10714499131148639,0.10714499131148639,0.10714499131148639,0.10433458574423313,0.10714499131148639,0.00281040556725326,0.0043345857442331215,0.1,0,0,0.0019548608319211323,2.81040556725326e-06,0.8512143781362341,1.0331631414547355,0.1761084537552416,0.0,0.0020080441888592616
613,12.33,0.05204778156996582,1.0,0.2071449913114864,0.11216109469830265,0.11216109469830265,0.11216109469830265,0.10714499131148639,0.11216109469830265,0.0050161033868162674,0.00281040556725326,0.10433458574423313,0,0,0.005837736157505508,5.016103386816267e-06,0.8561792733099435,1.0331631414547355,0.17130292501104094,0.0,0.005889960592545912
614,12.82,0.03974047039740472,1.0,0.21216109469830266,0.12717834525088842,0.12717834525088842,0.12717834525088842,0.11216109469830265,0.12717834525088842,0.015017250552585765,0.0050161033868162674,0.10714499131148639,0,0,0.005054127264633848,1.5017250552585764e-05,0.8604936548599283,1.0331631414547355,0.16712702928182432,0.0,0.0050982037970550495
615,12.4,-0.03276131045241809,1.0,0.22717834525088842,0.14022803716623738,0.14022803716623738,0.14022803716623738,0.12717834525088842,0.14022803716623738,0.013049691915348965,0.015017250552585765,0.11216109469830265,0,0,-0.0045940542597363255,1.3049691915348965e-05,0.8565292711422519,1.0331631414547355,0.170964161636444,0.003837132354619688,-0.012215555025993481
616,13.03,0.05080645161290315,1.0,0.2402280371662374,0.1282369796214406,0.1282369796214406,0.1282369796214406,0.14022803716623738,0.1282369796214406,-0.01199105754479679,0.013049691915348965,0.12717834525088842,0,0,0.0065152659001215685,1.199105754479679e-05,0.8620995164032017,1.0331631414547355,0.16557271372521992,0.0,0.00656435466781178
617,12.25,-0.0598618572524942,1.0,0.2282369796214406,0.14508525692182622,0.14508525692182622,0.14508525692182622,0.1282369796214406,0.14508525692182622,0.016848277300385628,0.0,0.1282369796214406,0,0,-0.008685072939295806,1.6848277300385628e-05,0.8545975943305953,1.0331631414547355,0.17283383423136126,0.007261120506141333,-0.0231581650524416
618,12.29,0.00326530612244891,1.0,0.24508525692182623,0.12239428088353468,0.12239428088353468,0.12239428088353468,0.14508525692182622,0.12239428088353468,-0.022690976038291538,0.016848277300385628,0.1282369796214406,0,0,0.00039965479472173736,2.269097603829154e-05,0.8549197467031919,1.0331631414547355,0.17252202251482732,0.0,0.0004300666831986223
619,12.34,0.0040683482506103106,1.0,0.2223942808835347,0.12336867712721397,0.12336867712721397,0.12336867712721397,0.12239428088353468,0.12336867712721397,0.0009743962436792875,0.0,0.12239428088353468,0,0,0.0005019067417706092,9.743962436792876e-07,0.8553480036571453,1.0331631414547355,0.1721075120306938,0.0,0.0005653344553837473
620,11.9,-0.03565640194489461,1.0,0.22336867712721398,0.1246640071301017,0.1246640071301017,0.1246640071301017,0.12336867712721397,0.1246640071301017,0.001295330002887729,0.0009743962436792875,0.12239428088353468,0,0,-0.004445069946292114,1.295330002887729e-06,0.8515448139945359,1.0331631414547355,0.175788624441706,0.0036811124110122107,-0.011743764027847046
621,12.35,0.03781512605042011,1.0,0.2246640071301017,0.11316054351923877,0.11316054351923877,0.11316054351923877,0.1246640071301017,0.11316054351923877,-0.011503463610862935,0.001295330002887729,0.12336867712721397,0,0,0.004279180217114064,1.1503463610862936e-05,0.8551789320017866,1.0331631414547355,0.17227115671426288,0.0,0.004322138162643572
622,11.97,-0.03076923076923069,1.0,0.21316054351923877,0.12415261790438675,0.12415261790438675,0.12415261790438675,0.11316054351923877,0.12415261790438675,0.010992074385147987,0.0,0.11316054351923877,0,0,-0.003820080550904198,1.0992074385147988e-05,0.8519026794056704,1.0331631414547355,0.17544224602693725,0.0031710893126743744,-0.010113504040607546
623,12.01,0.0033416875522137967,1.0,0.22415261790438676,0.11424297318157206,0.11424297318157206,0.11424297318157206,0.12415261790438675,0.11424297318157206,-0.009909644722814692,0.010992074385147987,0.11316054351923877,0,0,0.000381764321408754,9.909644722814693e-06,0.8522194634010888,1.0331631414547355,0.17513563036992466,0.0,0.0004276147640806559
624,11.36,-0.0541215653621982,1.0,0.21424297318157207,0.11520116441245323,0.11520116441245323,0.11520116441245323,0.11424297318157206,0.11520116441245323,0.0009581912308811724,0.0,0.11424297318157206,0,0,-0.006234867349549929,9.581912308811723e-07,0.8469051715048618,1.0331631414547355,0.18027934067374393,0.005143710303819271,-0.01646256733035651
625,11.44,0.007042253521126767,1.0,0.21520116441245324,0.1,0.1,0.1,0.11520116441245323,0.1,-0.015201164412453227,0.0009581912308811724,0.11424297318157206,0,0,0.0007042253521126767,1.5201164412453228e-05,0.847488709652717,1.0331631414547355,0.17971453331231055,0.0,0.0007354236054939969
626,11.05,-0.034090909090908984,1.0,0.2,0.10089209154559622,0.10089209154559622,0.10089209154559622,0.1,0.10089209154559622,0.0008920915455962186,0.0,0.1,0,0,-0.003439503120872588,8.920915455962186e-07,0.8445730135534494,1.0331631414547355,0.1825366395047191,0.002822106192408552,-0.009030625916562597
627,10.85,-0.018099547511312312,1.0,0.20089209154559623,0.1,0.1,0.1,0.10089209154559622,0.1,-0.0008920915455962186,0.0008920915455962186,0.1,0,0,-0.0018099547511312313,8.920915455962186e-07,0.843043621178446,1.0331631414547355,0.18401694045007602,0.0014803009453569216,-0.004717894779163468
628,10.42,-0.03963133640552993,1.0,0.2,0.1,0.1,0.1,0.1,0.1,0.0,0.0,0.1,0,0,-0.003963133640552993,0.0,0.8397025266429001,1.0331631414547355,0.18725079036349965,0.0032338499134236254,-0.010376833467400245
629,10.67,0.02399232245681382,1.0,0.2,0.1,0.1,0.1,0.1,0.1,0.0,0.0,0.1,0,0,0.002399232245681382,0.0,0.8417171680216019,1.0331631414547355,0.1853008162520877,0.0,0.0024532322456813824
630,10.36,-0.02905342080599817,1.0,0.2,0.1,0.1,0.1,0.1,0.1,0.0,0.0,0.1,0,0,-0.002905342080599817,0.0,0.8392716917133854,1.0331631414547355,0.1876677960736608,0.0023669798215731064,-0.007585301723746029
631,10.4,0.0038610038610039504,1.0,0.2,0.1,0.1,0.1,0.1,0.1,0.0,0.0,0.1,0,0,0.00038610038610039504,0.0,0.8395957348375991,1.0331631414547355,0.1873541542960831,0.0,0.00044010038610039505
632,10.77,0.035576923076923,1.0,0.2,0.1,0.1,0.1,0.1,0.1,0.0,0.0,0.1,0,0,0.0035576923076923,0.0,0.842582758125002,1.0331631414547355,0.18446301042194418,0.0,0.0036116923076923
633,11.19,0.03899721448467966,1.0,0.2,0.1,0.1,0.1,0.1,0.1,0.0,0.0,0.1,0,0,0.003899721448467966,0.0,0.8458685961789714,1.0331631414547355,0.18128264333166771,0.0,0.003953721448467966
634,11.11,-0.007149240393208228,1.0,0.2,0.1,0.1,0.1,0.1,0.1,0.0,0.0,0.1,0,0,-0.0007149240393208229,0.0,0.8452638643854564,1.0331631414547355,0.18186796405135913,0.0005853207196914179,-0.0018315654787036586
635,11.34,0.02070207020702074,1.0,0.2,0.1,0.1,0.1,0.1,0.1,0.0,0.0,0.1,0,0,0.0020702070207020743,0.0,0.847013735571853,1.0331631414547355,0.18017426136667694,0.0,0.0021242070207020745
636,11.12,-0.019400352733686125,1.0,0.2,0.1,0.1,0.1,0.1,0.1,0.0,0.0,0.1,0,0,-0.0019400352733686126,0.0,0.8453704990478159,1.0331631414547355,0.18176475221764105,0.0015904908509641047,-0.005067016975296821
637,10.94,-0.016187050359712206,1.0,0.2,0.1,0.1,0.1,0.1,0.1,0.0,0.0,0.1,0,0,-0.0016187050359712206,0.0,0.8440020935637458,1.0331631414547355,0.18308923373383543,0.0013244815161943813,-0.004213668068359983
638,11.2,0.023765996343692853,1.0,0.2,0.1,0.1,0.1,0.1,0.1,0.0,0.0,0.1,0,0,0.0023765996343692855,0.0,0.8460079486307163,1.0331631414547355,0.18114776390541495,0.0,0.0024305996343692857
639,11.07,-0.011607142857142769,1.0,0.2,0.1,0.1,0.1,0.1,0.1,0.0,0.0,0.1,0,0,-0.0011607142857142769,0.0,0.8450259751189128,1.0331631414547355,0.18209821739373902,0.0009504534883240656,-0.003007621262362408
640,10.96,-0.009936766034326958,1.0,0.2,0.1,0.1,0.1,0.1,0.1,0.0,0.0,0.1,0,0,-0.0009936766034326957,0.0,0.8441862925781441,1.0331631414547355,0.1829109472590208,0.0008127298652817749,-0.0025651363339962456
641,11.0,0.003649635036496272,1.0,0.2,0.1,0.1,0.1,0.1,0.1,0.0,0.0,0.1,0,0,0.00036496350364962726,0.0,0.8444943897652164,1.0331631414547355,0.18261273957553875,0.0,0.0004189635036496273
642,10.73,-0.024545454545454506,1.0,0.2,0.1,0.1,0.1,0.1,0.1,0.0,0.0,0.1,0,0,-0.0024545454545454506,0.0,0.842421539899429,1.0331631414547355,0.184619053760217,0.002006314184678254,-0.006413173823901958
643,11.05,0.02982292637465054,1.0,0.2,0.1,0.1,0.1,0.1,0.1,0.0,0.0,0.1,0,0,0.002982292637465054,0.0,0.844933887455513,1.0331631414547355,0.18218734916751686,0.0,0.003036292637465054
644,10.78,-0.024434389140271615,1.0,0.2,0.1,0.1,0.1,0.1,0.1,0.0,0.0,0.1,0,0,-0.0024434389140271617,0.0,0.842869343115124,1.0331631414547355,0.18418562442294467,0.0019982752554278116,-0.006385989424882785
645,10.9,0.011131725417439797,1.0,0.2,0.1,0.1,0.1,0.1,0.1,0.0,0.0,0.1,0,0,0.0011131725417439797,0.0,0.8438076021241575,1.0331631414547355,0.18327748226089227,0.0,0.0011671725417439797
646,10.85,-0.004587155963302818,1.0,0.2,0.1,0.1,0.1,0.1,0.1,0.0,0.0,0.1,0,0,-0.00045871559633028176,0.0,0.8434205344167611,1.0331631414547355,0.18365212561765332,0.0003746433567610452,-0.0011540023098523722
647,11.05,0.0184331797235024,1.0,0.2,0.1,0.1,0.1,0.1,0.1,0.0,0.0,0.1,0,0,0.0018433179723502402,0.0,0.8449752266461008,1.0331631414547355,0.1821473369091144,0.0,0.0018973179723502402
648,10.88,-0.015384615384615377,1.0,0.2,0.1,0.1,0.1,0.1,0.1,0.0,0.0,0.1,0,0,-0.0015384615384615378,0.0,0.843675264758953,1.0331631414547355,0.18340557177540798,0.0012582348662935894,-0.0040009312710487166
649,10.82,-0.005514705882352987,1.0,0.2,0.1,0.1,0.1,0.1,0.1,0.0,0.0,0.1,0,0,-0.0005514705882352987,0.0,0.8432100026644168,1.0331631414547355,0.18385589958509072,0.0004503278096827379,-0.0013981262076007744
650,10.68,-0.012939001848428888,1.0,0.2,0.1,0.1,0.1,0.1,0.1,0.0,0.0,0.1,0,0,-0.001293900184842889,0.0,0.842118973086108,1.0331631414547355,0.184911908587476,0.001056009002385283,-0.003351918189613455
651,10.47,-0.01966292134831452,1.0,0.2,0.1,0.1,0.1,0.1,0.1,0.0,0.0,0.1,0,0,-0.001966292134831452,0.0,0.8404631211727364,1.0331631414547355,0.18651460989081525,0.0016027013033392545,-0.005117694741509961
652,10.62,0.014326647564469778,1.0,0.2,0.1,0.1,0.1,0.1,0.1,0.0,0.0,0.1,0,0,0.001432664756446978,0.0,0.8416672230655339,1.0331631414547355,0.1853491580425214,0.0,0.001486664756446978
653,10.7,0.007532956685499066,1.0,0.2,0.1,0.1,0.1,0.1,0.1,0.0,0.0,0.1,0,0,0.0007532956685499066,0.0,0.8423012473390296,1.0331631414547355,0.1847354850918943,0.0,0.0008072956685499065
654,10.67,-0.0028037383177569497,1.0,0.2,0.1,0.1,0.1,0.1,0.1,0.0,0.0,0.1,0,0,-0.00028037383177569497,0.0,0.8420650881108036,1.0331631414547355,0.1849640639278499,0.0002285788359555896,-0.0006835315036868742
655,10.65,-0.0018744142455482263,1.0,0.2,0.1,0.1,0.1,0.1,0.1,0.0,0.0,0.1,0,0,-0.00018744142455482264,0.0,0.8419072502311202,1.0331631414547355,0.18511683542477064,0.00015277149692075054,-0.0004389844183963237
656,10.7,0.004694835680751073,1.0,0.2,0.1,0.1,0.1,0.1,0.1,0.0,0.0,0.1,0,0,0.00046948356807510733,0.0,0.8423025118509471,1.0331631414547355,0.1847342611691015,0.0,0.0005234835680751073
657,10.8,0.009345794392523497,1.0,0.2,0.1,0.1,0.1,0.1,0.1,0.0,0.0,0.1,0,0,0.0009345794392523498,0.0,0.8430897104601536,1.0331631414547355,0.18397233057206325,0.0,0.0009885794392523498
658,11.01,0.019444444444444358,1.0,0.2,0.1,0.1,0.1,0.1,0.1,0.0,0.0,0.1,0,0,0.001944444444444436,0.0,0.8447290515638262,1.0331631414547355,0.18238561010373108,0.0,0.001998444444444436
659,10.97,-0.0036330608537692233,1.0,0.2,0.1,0.1,0.1,0.1,0.1,0.0,0.0,0.1,0,0,-0.00036330608537692236,0.0,0.8444221563588984,1.0331631414547355,0.1826826543870721,0.0002970442833410136,-0.0009033946520589498
660,11.19,0.02005469462169543,1.0,0.2,0.1,0.1,0.1,0.1,0.1,0.0,0.0,0.1,0,0,0.002005469462169543,0.0,0.8461156192066556,1.0331631414547355,0.18104354940954387,0.0,0.002059469462169543
661,10.8,-0.03485254691688997,1.0,0.2,0.1,0.1,0.1,0.1,0.1,0.0,0.0,0.1,0,0,-0.0034852546916889974,0.0,0.8431666907751042,1.0331631414547355,0.18389782122125325,0.0028542718117093857,-0.00913979831510777
662,11.51,0.06574074074074066,1.0,0.2,0.1,0.1,0.1,0.1,0.1,0.0,0.0,0.1,0,0,0.0065740740740740655,0.0,0.8487097310570516,1.0331631414547355,0.17853270504594856,0.0,0.006628074074074066
663,11.52,0.000868809730668965,1.0,0.2,0.10458529778131648,0.10458529778131648,0.10458529778131648,0.1,0.10458529778131648,0.004585297781316472,0.0,0.1,0,0,9.086472439731907e-05,4.585297781316472e-06,0.8487829572460107,1.0331631414547355,0.17846182931875604,0.0,0.00014017510568693027
664,11.57,0.0043402777777778396,1.0,0.20458529778131648,0.10480676628955726,0.10480676628955726,0.10480676628955726,0.10458529778131648,0.10480676628955726,0.00022146850824078523,0.004585297781316472,0.1,0,0,0.00045489047868732096,2.2146850824078523e-07,0.8491688725530387,1.0331631414547355,0.17808830137186796,0.0,0.0005108516607426498
665,11.3,-0.023336214347450264,1.0,0.20480676628955727,0.10597403943843697,0.10597403943843697,0.10597403943843697,0.10480676628955726,0.10597403943843697,0.0011672731488797106,0.00022146850824078523,0.10458529778131648,0,0,-0.002473032899600513,1.1672731488797107e-06,0.8470678587818745,1.0331631414547355,0.18012187543859853,0.0020335740667305757,-0.006485085817342861
666,11.31,0.0008849557522123705,1.0,0.20597403943843698,0.1,0.1,0.1,0.10597403943843697,0.1,-0.005974039438436968,0.0011672731488797106,0.10480676628955726,0,0,8.849557522123706e-05,5.974039438436968e-06,0.8471377601224933,1.0331631414547355,0.18005421783660513,0.0,0.00013353451606358158
667,11.53,0.01945181255526073,1.0,0.2,0.1,0.1,0.1,0.1,0.1,0.0,0.0,0.1,0,0,0.001945181255526073,0.0,0.8487855966143318,1.0331631414547355,0.1784592746705933,0.0,0.001999181255526073
668,11.51,-0.0017346053772766326,1.0,0.2,0.10481477566369887,0.10481477566369887,0.10481477566369887,0.1,0.10481477566369887,0.004814775663698867,0.0,0.1,0,0,-0.000181812273484296,4.814775663698867e-06,0.8486271902630763,1.0331631414547355,0.1786125963919165,0.00015332172132320743,-0.0004393806965464988
669,11.21,-0.026064291920069413,1.0,0.20481477566369888,0.10433565676519391,0.10433565676519391,0.10433565676519391,0.10481477566369887,0.10433565676519391,-0.0004791188985049655,0.004814775663698867,0.1,0,0,-0.002719435015600179,4.791188985049655e-07,0.8463189971733599,1.0331631414547355,0.18084669960088928,0.002234103208972771,-0.0071322902753979366
670,11.21,0.0,1.0,0.2043356567651939,0.1,0.1,0.1,0.10433565676519391,0.1,-0.0043356567651939015,0.0,0.10433565676519391,0,0,0.0,4.3356567651939015e-06,0.8463153278246743,1.0331631414547355,0.18085025116843784,3.5515675485542353e-06,4.039337975510067e-05
671,11.64,0.038358608385370176,1.0,0.2,0.1,0.1,0.1,0.1,0.1,0.0,0.0,0.1,0,0,0.0038358608385370176,0.0,0.8495616756477306,1.0331631414547355,0.1777081067259975,0.0,0.003889860838537018
672,11.65,0.0008591065292096037,1.0,0.2,0.10716217421298782,0.10716217421298782,0.10716217421298782,0.1,0.10716217421298782,0.007162174212987815,0.0,0.1,0,0,9.206372355067486e-05,7.162174212987816e-06,0.8496338047502509,1.0331631414547355,0.17763829287025082,0.0,0.00013872752780975296
673,11.53,-0.010300429184549442,1.0,0.20716217421298783,0.10738033652608878,0.10738033652608878,0.10738033652608878,0.10716217421298782,0.10738033652608878,0.0002181623131009558,0.007162174212987815,0.1,0,0,-0.0011060635522000652,2.181623131009558e-07,0.8486938704080234,1.0331631414547355,0.17854805658956432,0.0009097637193135055,-0.0028684083543845484
674,11.55,0.0017346053772767868,1.0,0.20738033652608878,0.10453733466872436,0.10453733466872436,0.10453733466872436,0.10738033652608878,0.10453733466872436,-0.0028430018573644134,0.0002181623131009558,0.10716217421298782,0,0,0.00018133102284255236,2.8430018573644135e-06,0.8488453520973748,1.0331631414547355,0.17840143725785054,0.0,0.00023323208825395584
675,11.86,0.026839826839826726,1.0,0.20453733466872437,0.10499549880930073,0.10499549880930073,0.10499549880930073,0.10453733466872436,0.10499549880930073,0.000458164140576367,0.0,0.10453733466872436,0,0,0.0028180610070028646,4.58164140576367e-07,0.8512370611745946,1.0331631414547355,0.17608649881177682,0.0,0.002873756627215452
676,11.53,-0.027824620573355826,1.0,0.20499549880930074,0.11222968660592222,0.11222968660592222,0.11222968660592222,0.10499549880930073,0.11222968660592222,0.007234187796621494,0.000458164140576367,0.10453733466872436,0,0,-0.0031227484468764203,7.234187796621494e-06,0.8485727039551281,1.0331631414547355,0.1786653337629686,0.0025788349511917663,-0.008231489120524729
677,11.57,0.0034692107545534192,1.0,0.21222968660592223,0.10417081266948905,0.10417081266948905,0.10417081266948905,0.11222968660592222,0.10417081266948905,-0.008058873936433175,0.007234187796621494,0.10499549880930073,0,0,0.000361390503623561,8.058873936433175e-06,0.8488725315315245,1.0331631414547355,0.17837513024682855,0.0,0.00040529374539327156
678,11.33,-0.020743301642178063,1.0,0.20417081266948905,0.10507773459263825,0.10507773459263825,0.10507773459263825,0.10417081266948905,0.10507773459263825,0.000906921923149201,0.0,0.10417081266948905,0,0,-0.0021796591445318236,9.06921923149201e-07,0.8470215088945212,1.0331631414547355,0.18016673755716775,0.0017916073103391994,-0.0057078123055236355
679,11.33,0.0,1.0,0.20507773459263826,0.1,0.1,0.1,0.10507773459263825,0.1,-0.0050777345926382444,0.000906921923149201,0.10417081266948905,0,0,0.0,5.077734592638244e-06,0.8470172079441047,1.0331631414547355,0.18017090045288472,4.162895716974813e-06,3.8057606677093e-05
680,11.5,0.015004413062665483,1.0,0.2,0.1,0.1,0.1,0.1,0.1,0.0,0.0,0.1,0,0,0.0015004413062665485,0.0,0.8482881075500226,1.0331631414547355,0.17894079500784493,0.0,0.0015544413062665485
681,11.57,0.0060869565217391555,1.0,0.2,0.10331003777991143,0.10331003777991143,0.10331003777991143,0.1,0.10331003777991143,0.003310037779911429,0.0,0.1,0,0,0.0006288437082255505,3.310037779911429e-06,0.8488187403235338,1.0331631414547355,0.178427194829693,0.0,0.0006794608958799782
682,11.7,0.011235955056179688,1.0,0.20331003777991144,0.10491503253885495,0.10491503253885495,0.10491503253885495,0.10331003777991143,0.10491503253885495,0.0016049947589435176,0.003310037779911429,0.1,0,0,0.0011788205903242037,1.6049947589435178e-06,0.8498179829824508,1.0331631414547355,0.1774600265105541,0.0,0.001232757819277524
683,11.85,0.012820512820512851,1.0,0.20491503253885496,0.10793740712408806,0.10793740712408806,0.10793740712408806,0.10491503253885495,0.10793740712408806,0.0030223745852331063,0.0016049947589435176,0.10331003777991143,0,0,0.0013838129118472862,3.0223745852331065e-06,0.8509914036117481,1.0331631414547355,0.17632427109864013,0.0,0.0014370515039298865
684,10.91,-0.07932489451476789,1.0,0.20793740712408806,0.11148663088977456,0.11148663088977456,0.11148663088977456,0.10793740712408806,0.11148663088977456,0.0035492237656865044,0.0030223745852331063,0.10491503253885495,0,0,-0.00884366523513823,3.5492237656865045e-06,0.8434625001613113,1.0331631414547355,0.18361150691682443,0.007287235818184301,-0.02336402628994179
685,10.82,-0.00824931255728688,1.0,0.21148663088977457,0.1,0.1,0.1,0.11148663088977456,0.1,-0.011486630889774557,0.0035492237656865044,0.10793740712408806,0,0,-0.000824931255728688,1.1486630889774558e-05,0.8427570130394845,1.0331631414547355,0.18429434885486867,0.000682841938044243,-0.0021538450781518354
686,10.6,-0.02033271719038823,1.0,0.2,0.1,0.1,0.1,0.1,0.1,0.0,0.0,0.1,0,0,-0.002033271719038823,0.0,0.8410434590388497,1.0331631414547355,0.18595290008640217,0.001658551231533495,-0.005296374182105813
687,10.67,0.0066037735849056875,1.0,0.2,0.1,0.1,0.1,0.1,0.1,0.0,0.0,0.1,0,0,0.0006603773584905688,0.0,0.8415988650967056,1.0331631414547355,0.18541532181287432,0.0,0.0007143773584905687
688,10.64,-0.0028116213683223395,1.0,0.2,0.1,0.1,0.1,0.1,0.1,0.0,0.0,0.1,0,0,-0.00028116213683223397,0.0,0.8413622393614394,1.0331631414547355,0.1856443521816242,0.00022903036874988292,-0.0006852228743319998
689,10.67,0.0028195488721803907,1.0,0.2,0.1,0.1,0.1,0.1,0.1,0.0,0.0,0.1,0,0,0.00028195488721803906,0.0,0.841599465556748,1.0331631414547355,0.18541474062678823,0.0,0.00033595488721803907
690,10.53,-0.013120899718837916,1.0,0.2,0.1,0.1,0.1,0.1,0.1,0.0,0.0,0.1,0,0,-0.0013120899718837918,0.0,0.8404952113376483,1.0331631414547355,0.1864835497768562,0.001068809150067962,-0.0033957082720197157
691,10.63,0.009496676163342965,1.0,0.2,0.1,0.1,0.1,0.1,0.1,0.0,0.0,0.1,0,0,0.0009496676163342965,0.0,0.8412934024215397,1.0331631414547355,0.18571097954872398,0.0,0.0010036676163342965
692,10.45,-0.01693320790216383,1.0,0.2,0.1,0.1,0.1,0.1,0.1,0.0,0.0,0.1,0,0,-0.001693320790216383,0.0,0.8398688228125475,1.0331631414547355,0.18708983207629903,0.001378852527575053,-0.004397025845366488
693,10.5,0.004784688995215379,1.0,0.2,0.1,0.1,0.1,0.1,0.1,0.0,0.0,0.1,0,0,0.00047846889952153794,0.0,0.8402706739239412,1.0331631414547355,0.1867008798428426,0.0,0.0005324688995215379
694,10.36,-0.013333333333333388,1.0,0.2,0.1,0.1,0.1,0.1,0.1,0.0,0.0,0.1,0,0,-0.001333333333333339,0.0,0.8391503130253759,1.0331631414547355,0.1877852786697188,0.0010843988268762206,-0.00344813098708578
695,10.37,0.0009652509652509448,1.0,0.2,0.1,0.1,0.1,0.1,0.1,0.0,0.0,0.1,0,0,9.652509652509448e-05,0.0,0.8392313120903396,1.0331631414547355,0.1877068795653434,0.0,0.00015052509652509446
696,10.26,-0.010607521697203418,1.0,0.2,0.1,0.1,0.1,0.1,0.1,0.0,0.0,0.1,0,0,-0.0010607521697203418,0.0,0.8383410956551426,1.0331631414547355,0.18856852125529336,0.0008616416899499546,-0.002730035549620251
697,9.7,-0.0545808966861599,1.0,0.2,0.1,0.1,0.1,0.1,0.1,0.0,0.0,0.1,0,0,-0.00545808966861599,0.0,0.8337653547821711,1.0331631414547355,0.1929973870262196,0.0044288657709262436,-0.014261821210468479
698,9.79,0.009278350515463904,1.0,0.2,0.1,0.1,0.1,0.1,0.1,0.0,0.0,0.1,0,0,0.0009278350515463904,0.0,0.8345389515031031,1.0331631414547355,0.1922486217152129,0.0,0.0009818350515463905
699,9.71,-0.008171603677221482,1.0,0.2,0.1,0.1,0.1,0.1,0.1,0.0,0.0,0.1,0,0,-0.0008171603677221482,0.0,0.8338569993466144,1.0331631414547355,0.19290868412852014,0.0006600624133072386,-0.002083285194336625
700,9.77,0.006179196704428292,1.0,0.2,0.1,0.1,0.1,0.1,0.1,0.0,0.0,0.1,0,0,0.0006179196704428293,0.0,0.834372255988847,1.0331631414547355,0.19240996652859965,0.0,0.0006719196704428292
701,9.5,-0.027635619242579283,1.0,0.2,0.1,0.1,0.1,0.1,0.1,0.0,0.0,0.1,0,0,-0.0027635619242579283,0.0,0.832066416591539,1.0331631414547355,0.19464179159551143,0.0022318250669117745,-0.007173212058081477
702,9.57,0.007368421052631609,1.0,0.2,0.1,0.1,0.1,0.1,0.1,0.0,0.0,0.1,0,0,0.000736842105263161,0.0,0.8326795181616591,1.0331631414547355,0.1940483697577397,0.0,0.0007908421052631609
703,9.58,0.0010449320794148158,1.0,0.2,0.1,0.1,0.1,0.1,0.1,0.0,0.0,0.1,0,0,0.00010449320794148158,0.0,0.8327665275156989,1.0331631414547355,0.1939641532864501,0.0,0.00015849320794148155
704,9.37,-0.021920668058455203,1.0,0.2,0.1,0.1,0.1,0.1,0.1,0.0,0.0,0.1,0,0,-0.0021920668058455204,0.0,0.8309410476537126,1.0331631414547355,0.19573103771035238,0.0017668844239022985,-0.005671835653650117
705,9.41,0.0042689434364995655,1.0,0.2,0.1,0.1,0.1,0.1,0.1,0.0,0.0,0.1,0,0,0.00042689434364995656,0.0,0.8312957716868626,1.0331631414547355,0.19538769983957757,0.0,0.0004808943436499566
706,9.37,-0.004250797024442181,1.0,0.2,0.1,0.1,0.1,0.1,0.1,0.0,0.0,0.1,0,0,-0.0004250797024442181,0.0,0.8309424047275908,1.0331631414547355,0.19572972419671272,0.0003420243571351511,-0.0010551284167145203
707,9.64,0.028815368196371545,1.0,0.2,0.1,0.1,0.1,0.1,0.1,0.0,0.0,0.1,0,0,0.0028815368196371547,0.0,0.8333367958618112,1.0331631414547355,0.19341218978404587,0.0,0.002935536819637155
708,9.66,0.0020746887966804537,1.0,0.2,0.1,0.1,0.1,0.1,0.1,0.0,0.0,0.1,0,0,0.00020746887966804537,0.0,0.8335096873132348,1.0331631414547355,0.19324484791470645,0.0,0.0002614688796680454
709,9.69,0.003105590062111735,1.0,0.2,0.1,0.1,0.1,0.1,0.1,0.0,0.0,0.1,0,0,0.0003105590062111735,0.0,0.8337685412533942,1.0331631414547355,0.19299430283641913,0.0,0.00036455900621117353
710,9.71,0.0020639834881322344,1.0,0.2,0.1,0.1,0.1,0.1,0.1,0.0,0.0,0.1,0,0,0.00020639834881322345,0.0,0.8339406297036013,1.0331631414547355,0.1928277381930417,0.0,0.0002603983488132235
711,9.65,-0.006179196704428475,1.0,0.2,0.1,0.1,0.1,0.1,0.1,0.0,0.0,0.1,0,0,-0.0006179196704428476,0.0,0.8334253213845259,1.0331631414547355,0.19332650581104815,0.0004987676180064626,-0.001561454906455773
712,9.7,0.0051813471502589565,1.0,0.2,0.1,0.1,0.1,0.1,0.1,0.0,0.0,0.1,0,0,0.0005181347150258957,0.0,0.8338571479759167,1.0331631414547355,0.1929085402700177,0.0,0.0005721347150258956
713,9.47,-0.02371134020618543,1.0,0.2,0.1,0.1,0.1,0.1,0.1,0.0,0.0,0.1,0,0,-0.0023711340206185433,0.0,0.8318799609240151,1.0331631414547355,0.19482226228793412,0.001913722017916425,-0.006144578056451393
714,9.6,0.013727560718056916,1.0,0.2,0.1,0.1,0.1,0.1,0.1,0.0,0.0,0.1,0,0,0.0013727560718056918,0.0,0.8330219291913871,1.0331631414547355,0.19371694965960704,0.0,0.0014267560718056918
715,9.64,0.004166666666666763,1.0,0.2,0.1,0.1,0.1,0.1,0.1,0.0,0.0,0.1,0,0,0.0004166666666666763,0.0,0.8333690216618835,1.0331631414547355,0.19338099838863182,0.0,0.0004706666666666763
716,9.53,-0.011410788381742863,1.0,0.2,0.1,0.1,0.1,0.1,0.1,0.0,0.0,0.1,0,0,-0.0011410788381742863,0.0,0.8324180819068752,1.0331631414547355,0.1943014142618398,0.0009204158732079859,-0.002927910584590258
717,9.46,-0.007345225603357661,1.0,0.2,0.1,0.1,0.1,0.1,0.1,0.0,0.0,0.1,0,0,-0.0007345225603357661,0.0,0.8318066520460831,1.0331631414547355,0.19489321804989518,0.0005918037880553728,-0.0018641301364465117
718,9.71,0.02642706131078224,1.0,0.2,0.1,0.1,0.1,0.1,0.1,0.0,0.0,0.1,0,0,0.002642706131078224,0.0,0.834004872585317,1.0331631414547355,0.1927655574210629,0.0,0.0026967061310782243
719,9.82,0.011328527291452051,1.0,0.2,0.1,0.1,0.1,0.1,0.1,0.0,0.0,0.1,0,0,0.001132852729145205,0.0,0.8349496772813456,1.0331631414547355,0.1918510796797274,0.0,0.0011868527291452051
720,9.76,-0.006109979633401272,1.0,0.2,0.1,0.1,0.1,0.1,0.1,0.0,0.0,0.1,0,0,-0.0006109979633401272,0.0,0.8344395247290353,1.0331631414547355,0.19234485702411855,0.0004937773443911553,-0.0015445526521224377
721,9.73,-0.003073770491803213,1.0,0.2,0.1,0.1,0.1,0.1,0.1,0.0,0.0,0.1,0,0,-0.00030737704918032134,0.0,0.8341830371702047,1.0331631414547355,0.1925931116787217,0.00024825465460315277,-0.0007498863583866269
722,9.56,-0.01747173689619732,1.0,0.2,0.1,0.1,0.1,0.1,0.1,0.0,0.0,0.1,0,0,-0.001747173689619732,0.0,0.8327255745153338,1.0331631414547355,0.19400379175081442,0.0014106800720927182,-0.004514533833805168
723,9.56,0.0,1.0,0.2,0.1,0.1,0.1,0.1,0.1,0.0,0.0,0.1,0,0,0.0,0.0,0.8327255745153338,1.0331631414547355,0.19400379175081442,0.0,5.399999999999999e-05
724,9.45,-0.01150627615062774,1.0,0.2,0.1,0.1,0.1,0.1,0.1,0.0,0.0,0.1,0,0,-0.0011506276150627741,0.0,0.8317674174735274,1.0331631414547355,0.19493119324566183,0.0009274014948474074,-0.0029514306047575887
725,9.12,-0.03492063492063493,1.0,0.2,0.1,0.1,0.1,0.1,0.1,0.0,0.0,0.1,0,0,-0.003492063492063493,0.0,0.8288628328410802,1.0331631414547355,0.19774254463432778,0.0028113513886659502,-0.009060766269395394
726,9.34,0.02412280701754393,1.0,0.2,0.1,0.1,0.1,0.1,0.1,0.0,0.0,0.1,0,0,0.0024122807017543935,0.0,0.8308622826571442,1.0331631414547355,0.19580727445691054,0.0,0.0024662807017543937
727,9.38,0.004282655246252776,1.0,0.2,0.1,0.1,0.1,0.1,0.1,0.0,0.0,0.1,0,0,0.0004282655246252776,0.0,0.8312181123285177,1.0331631414547355,0.19546286643740604,0.0,0.00048226552462527763
728,9.3,-0.00852878464818764,1.0,0.2,0.1,0.1,0.1,0.1,0.1,0.0,0.0,0.1,0,0,-0.000852878464818764,0.0,0.8305091843009454,1.0331631414547355,0.19614903883276857,0.0006861723953625332,-0.00217122325554383
729,9.18,-0.012903225806451719,1.0,0.2,0.1,0.1,0.1,0.1,0.1,0.0,0.0,0.1,0,0,-0.001290322580645172,0.0,0.8294375595470087,1.0331631414547355,0.197186265879436,0.0010372270466674216,-0.0033107766739800147
730,9.1,-0.008714596949891075,1.0,0.2,0.1,0.1,0.1,0.1,0.1,0.0,0.0,0.1,0,0,-0.0008714596949891076,0.0,0.8287147381443534,1.0331631414547355,0.19788588569130577,0.0006996198118697783,-0.002216699318728664
731,9.15,0.005494505494505573,1.0,0.2,0.1,0.1,0.1,0.1,0.1,0.0,0.0,0.1,0,0,0.0005494505494505574,0.0,0.8291700759125645,1.0331631414547355,0.19744516365047685,0.0,0.0006034505494505574
732,9.19,0.004371584699453458,1.0,0.2,0.1,0.1,0.1,0.1,0.1,0.0,0.0,0.1,0,0,0.00043715846994534587,0.0,0.829532554634275,1.0331631414547355,0.19709432000617097,0.0,0.0004911584699453458
733,8.79,-0.043525571273123,1.0,0.2,0.1,0.1,0.1,0.1,0.1,0.0,0.0,0.1,0,0,-0.0043525571273123,0.0,0.825921966801264,1.0331631414547355,0.2005890128461877,0.0034946928400167165,-0.011287942807345734
734,8.9,0.012514220705347124,1.0,0.2,0.1,0.1,0.1,0.1,0.1,0.0,0.0,0.1,0,0,0.0012514220705347125,0.0,0.8269555437790584,1.0331631414547355,0.19958861229343552,0.0,0.0013054220705347125
735,8.64,-0.02921348314606739,1.0,0.2,0.1,0.1,0.1,0.1,0.1,0.0,0.0,0.1,0,0,-0.002921348314606739,0.0,0.8245397185949848,1.0331631414547355,0.20192689275190417,0.00233828045846865,-0.007543909231544039
736,8.71,0.008101851851851884,1.0,0.2,0.1,0.1,0.1,0.1,0.1,0.0,0.0,0.1,0,0,0.0008101851851851885,0.0,0.8252077484595871,1.0331631414547355,0.2012803057437171,0.0,0.0008641851851851884
737,8.87,0.018369690011480866,1.0,0.2,0.1,0.1,0.1,0.1,0.1,0.0,0.0,0.1,0,0,0.0018369690011480868,0.0,0.8267236295130146,1.0331631414547355,0.19981308242476184,0.0,0.0018909690011480868
738,8.92,0.005636978579481478,1.0,0.2,0.1,0.1,0.1,0.1,0.1,0.0,0.0,0.1,0,0,0.0005636978579481479,0.0,0.8271896518520863,1.0331631414547355,0.19936201877336648,0.0,0.0006176978579481479
739,8.86,-0.006726457399103195,1.0,0.2,0.1,0.1,0.1,0.1,0.1,0.0,0.0,0.1,0,0,-0.0006726457399103196,0.0,0.82663324625667,1.0331631414547355,0.19990056450064903,0.0005385457272825411,-0.0016957371944754018
740,8.91,0.005643340857787891,1.0,0.2,0.1,0.1,0.1,0.1,0.1,0.0,0.0,0.1,0,0,0.0005643340857787891,0.0,0.8270997435739706,1.0331631414547355,0.19944904111718434,0.0,0.000618334085778789
741,8.77,-0.01571268237934911,1.0,0.2,0.1,0.1,0.1,0.1,0.1,0.0,0.0,0.1,0,0,-0.0015712682379349112,0.0,0.8258001480172887,1.0331631414547355,0.20070692141172528,0.0012578802945409362,-0.004033028827016783
742,8.68,-0.010262257696693257,1.0,0.2,0.1,0.1,0.1,0.1,0.1,0.0,0.0,0.1,0,0,-0.0010262257696693259,0.0,0.8249526906247966,1.0331631414547355,0.20152717656649094,0.0008202551547656645,-0.0026127360792006548
743,8.4,-0.03225806451612896,1.0,0.2,0.1,0.1,0.1,0.1,0.1,0.0,0.0,0.1,0,0,-0.0032258064516128963,0.0,0.8222915529131037,1.0331631414547355,0.2041028953517603,0.002575718785269354,-0.008323244022151606
744,8.39,-0.001190476190476165,1.0,0.2,0.1,0.1,0.1,0.1,0.1,0.0,0.0,0.1,0,0,-0.0001190476190476165,0.0,0.8221936610615665,1.0331631414547355,0.20419764500707546,9.474965531516832e-05,-0.00025454692967795314
745,8.62,0.02741358760429066,1.0,0.2,0.1,0.1,0.1,0.1,0.1,0.0,0.0,0.1,0,0,0.0027413587604290662,0.0,0.8244475888570869,1.0331631414547355,0.20201606524964555,0.0,0.0027953587604290665
746,9.21,0.06844547563805124,1.0,0.2,0.1,0.1,0.1,0.1,0.1,0.0,0.0,0.1,0,0,0.006844547563805124,0.0,0.8300905595928836,1.0331631414547355,0.1965542262530945,0.0,0.006898547563805125
747,9.23,0.0021715526601519624,1.0,0.2,0.1,0.1,0.1,0.1,0.1,0.0,0.0,0.1,0,0,0.00021715526601519624,0.0,0.8302708181291688,1.0331631414547355,0.19637975377236758,0.0,0.0002711552660151963
748,9.31,0.008667388949079096,1.0,0.2,0.1,0.1,0.1,0.1,0.1,0.0,0.0,0.1,0,0,0.0008667388949079096,0.0,0.8309904461405484,1.0331631414547355,0.1956832248482266,0.0,0.0009207388949079095
749,9.25,-0.006444683136412513,1.0,0.2,0.1,0.1,0.1,0.1,0.1,0.0,0.0,0.1,0,0,-0.0006444683136412514,0.0,0.8304548991290722,1.0331631414547355,0.196201581523942,0.0005183566757153979,-0.0016271816650720472
750,9.23,-0.0021621621621621162,1.0,0.2,0.1,0.1,0.1,0.1,0.1,0.0,0.0,0.1,0,0,-0.00021621621621621163,0.0,0.8302753413130443,1.0331631414547355,0.19637537577658554,0.00017379425264354986,-0.0005098047215033114
751,9.43,0.021668472372697648,1.0,0.2,0.1,0.1,0.1,0.1,0.1,0.0,0.0,0.1,0,0,0.002166847237269765,0.0,0.8320744211425417,1.0331631414547355,0.194634043979785,0.0,0.0022208472372697652
752,9.54,0.011664899257688169,1.0,0.2,0.1,0.1,0.1,0.1,0.1,0.0,0.0,0.1,0,0,0.001166489925768817,0.0,0.8330450275722944,1.0331631414547355,0.19369459270553027,0.0,0.001220489925768817
753,9.18,-0.03773584905660372,1.0,0.2,0.1,0.1,0.1,0.1,0.1,0.0,0.0,0.1,0,0,-0.0037735849056603718,0.0,0.8299014614305121,1.0331631414547355,0.19673725461984903,0.0030426619143187617,-0.009804908734297896
754,9.15,-0.0032679738562090806,1.0,0.2,0.1,0.1,0.1,0.1,0.1,0.0,0.0,0.1,0,0,-0.00032679738562090807,0.0,0.8296302518025936,1.0331631414547355,0.19699975878500595,0.00026250416515691266,-0.0007978057159347334
755,9.24,0.009836065573770475,1.0,0.2,0.1,0.1,0.1,0.1,0.1,0.0,0.0,0.1,0,0,0.0009836065573770477,0.0,0.830446281558465,1.0331631414547355,0.1962099224821716,0.0,0.0010376065573770477
756,9.67,0.04653679653679651,1.0,0.2,0.1,0.1,0.1,0.1,0.1,0.0,0.0,0.1,0,0,0.004653679653679651,0.0,0.8343109125224275,1.0331631414547355,0.19246934095259732,0.0,0.004707679653679651
757,9.42,-0.025853154084798345,1.0,0.2,0.1,0.1,0.1,0.1,0.1,0.0,0.0,0.1,0,0,-0.0025853154084798345,0.0,0.8321539556648204,1.0331631414547355,0.19455706240825243,0.0020877214556551116,-0.0067067583197900574
758,9.65,0.02441613588110408,1.0,0.2,0.1,0.1,0.1,0.1,0.1,0.0,0.0,0.1,0,0,0.002441613588110408,0.0,0.8341857540703715,1.0331631414547355,0.1925904819873808,0.0,0.0024956135881104083
759,9.25,-0.041450777202072575,1.0,0.2,0.1,0.1,0.1,0.1,0.1,0.0,0.0,0.1,0,0,-0.004145077720207258,0.0,0.8307279892866601,1.0331631414547355,0.1959372571915782,0.0033467752041974053,-0.010784628128602071
760,9.28,0.003243243243243174,1.0,0.2,0.1,0.1,0.1,0.1,0.1,0.0,0.0,0.1,0,0,0.0003243243243243174,0.0,0.8309974145804828,1.0331631414547355,0.19567648008580252,0.0,0.00037832432432431743
761,9.44,0.017241379310344845,1.0,0.2,0.1,0.1,0.1,0.1,0.1,0.0,0.0,0.1,0,0,0.0017241379310344845,0.0,0.8324301687435526,1.0331631414547355,0.1942897153962953,0.0,0.0017781379310344845
762,9.45,0.0010593220338982825,1.0,0.2,0.1,0.1,0.1,0.1,0.1,0.0,0.0,0.1,0,0,0.00010593220338982826,0.0,0.8325183499054958,1.0331631414547355,0.19420436473055336,0.0,0.00015993220338982823
763,9.38,-0.00740740740740725,1.0,0.2,0.1,0.1,0.1,0.1,0.1,0.0,0.0,0.1,0,0,-0.000740740740740725,0.0,0.8319016696463065,1.0331631414547355,0.19480125038630852,0.0005968856557551638,-0.0018805120522510526
764,9.09,-0.030916844349680266,1.0,0.2,0.1,0.1,0.1,0.1,0.1,0.0,0.0,0.1,0,0,-0.003091684434968027,0.0,0.8293296922028371,1.0331631414547355,0.19729067082754487,0.002489420441236345,-0.00801652531744072
765,9.11,0.0022002200220021533,1.0,0.2,0.1,0.1,0.1,0.1,0.1,0.0,0.0,0.1,0,0,0.00022002200220021533,0.0,0.8295121629821997,1.0331631414547355,0.1971140571137556,0.0,0.00027402200220021534
766,8.91,-0.021953896816684883,1.0,0.2,0.1,0.1,0.1,0.1,0.1,0.0,0.0,0.1,0,0,-0.0021953896816684884,0.0,0.8276910605387701,1.0331631414547355,0.19887670462832469,0.0017626475145690879,-0.0056666847108066635
767,8.88,-0.0033670033670032953,1.0,0.2,0.1,0.1,0.1,0.1,0.1,0.0,0.0,0.1,0,0,-0.00033670033670032956,0.0,0.8274123766800028,1.0331631414547355,0.19914644311161483,0.0002697384832901495,-0.0008221773032806287
768,9.11,0.025900900900900747,1.0,0.2,0.1,0.1,0.1,0.1,0.1,0.0,0.0,0.1,0,0,0.002590090090090075,0.0,0.8295554492772595,1.0331631414547355,0.19707216025030483,0.0,0.002644090090090075
769,9.15,0.004390779363337094,1.0,0.2,0.1,0.1,0.1,0.1,0.1,0.0,0.0,0.1,0,0,0.0004390779363337094,0.0,0.8299196887720026,1.0331631414547355,0.19671961235140262,0.0,0.0004930779363337094
770,9.4,0.0273224043715847,1.0,0.2,0.1,0.1,0.1,0.1,0.1,0.0,0.0,0.1,0,0,0.00273224043715847,0.0,0.8321872289052593,1.0331631414547355,0.19452485719389292,0.0,0.00278624043715847
771,9.45,0.005319148936170099,1.0,0.2,0.1,0.1,0.1,0.1,0.1,0.0,0.0,0.1,0,0,0.0005319148936170099,0.0,0.8326298816865918,1.0331631414547355,0.19409641296899616,0.0,0.0005859148936170098
772,9.57,0.012698412698412804,1.0,0.2,0.1,0.1,0.1,0.1,0.1,0.0,0.0,0.1,0,0,0.0012698412698412805,0.0,0.8336871894728605,1.0331631414547355,0.1930730433346711,0.0,0.0013238412698412805
773,9.59,0.0020898641588296316,1.0,0.2,0.1,0.1,0.1,0.1,0.1,0.0,0.0,0.1,0,0,0.00020898641588296317,0.0,0.833861418770556,1.0331631414547355,0.1929044065621182,0.0,0.0002629864158829632
774,9.58,-0.0010427528675703635,1.0,0.2,0.1,0.1,0.1,0.1,0.1,0.0,0.0,0.1,0,0,-0.00010427528675703636,0.0,0.833774467631998,1.0331631414547355,0.1929885666865643,8.416012444609211e-05,-0.00021859553564922057
775,9.6,0.002087682672233776,1.0,0.2,0.1,0.1,0.1,0.1,0.1,0.0,0.0,0.1,0,0,0.0002087682672233776,0.0,0.8339485332828607,1.0331631414547355,0.19282008830800199,0.0,0.0002627682672233776
776,9.57,-0.0031249999999999334,1.0,0.2,0.1,0.1,0.1,0.1,0.1,0.0,0.0,0.1,0,0,-0.00031249999999999334,0.0,0.8336879243662099,1.0331631414547355,0.19307233203040566,0.00025224372240367776,-0.000762987444807349
777,9.34,-0.02403343782654132,1.0,0.2,0.1,0.1,0.1,0.1,0.1,0.0,0.0,0.1,0,0,-0.002403343782654132,0.0,0.8316842856765104,1.0331631414547355,0.19501165662427206,0.0019393245938663928,-0.006227992970386917
778,9.2,-0.01498929336188443,1.0,0.2,0.1,0.1,0.1,0.1,0.1,0.0,0.0,0.1,0,0,-0.001498929336188443,0.0,0.830437649702263,1.0331631414547355,0.19621827726744767,0.0012066206431756155,-0.0038581706225396736
779,9.15,-0.005434782608695537,1.0,0.2,0.1,0.1,0.1,0.1,0.1,0.0,0.0,0.1,0,0,-0.0005434782608695537,0.0,0.8299863248926422,1.0331631414547355,0.19665511516023704,0.0004368378927893657,-0.0013631540464482852
780,9.15,0.0,1.0,0.2,0.1,0.1,0.1,0.1,0.1,0.0,0.0,0.1,0,0,0.0,0.0,0.8299863248926422,1.0331631414547355,0.19665511516023704,0.0,5.399999999999999e-05
781,9.09,-0.006557377049180382,1.0,0.2,0.1,0.1,0.1,0.1,0.1,0.0,0.0,0.1,0,0,-0.0006557377049180382,0.0,0.8294420715648438,1.0331631414547355,0.19718189869127947,0.0005267835310424351,-0.0016553047670029085
782,9.48,0.042904290429042966,1.0,0.2,0.1,0.1,0.1,0.1,0.1,0.0,0.0,0.1,0,0,0.0042904290429042966,0.0,0.8330007339180923,1.0331631414547355,0.19373746459325533,0.0,0.004344429042904297
783,9.26,-0.023206751054852388,1.0,0.2,0.1,0.1,0.1,0.1,0.1,0.0,0.0,0.1,0,0,-0.002320675105485239,0.0,0.8310676098520375,1.0331631414547355,0.19560853798765923,0.0018710733944038993,-0.006008821894293037
784,9.27,0.0010799136069114242,1.0,0.2,0.1,0.1,0.1,0.1,0.1,0.0,0.0,0.1,0,0,0.00010799136069114242,0.0,0.8311573579740518,1.0331631414547355,0.19552167065914822,0.0,0.0001619913606911424
785,9.2,-0.00755124056094933,1.0,0.2,0.1,0.1,0.1,0.1,0.1,0.0,0.0,0.1,0,0,-0.0007551240560949331,0.0,0.8305297310586452,1.0331631414547355,0.19612915159824057,0.000607480939092353,-0.0019160859342796392
786,9.24,0.004347826086956622,1.0,0.2,0.1,0.1,0.1,0.1,0.1,0.0,0.0,0.1,0,0,0.0004347826086956623,0.0,0.8308908309417142,1.0331631414547355,0.19577964253371805,0.0,0.0004887826086956622
787,9.02,-0.023809523809523878,1.0,0.2,0.1,0.1,0.1,0.1,0.1,0.0,0.0,0.1,0,0,-0.002380952380952388,0.0,0.8289125194394721,1.0331631414547355,0.19769445290863774,0.0019148103749196954,-0.006156573130791779
788,9.52,0.05543237250554324,1.0,0.2,0.1,0.1,0.1,0.1,0.1,0.0,0.0,0.1,0,0,0.005543237250554324,0.0,0.8335073781946799,1.0331631414547355,0.19324708291367443,0.0,0.005597237250554324
789,9.53,0.0010504201680672045,1.0,0.2,0.1,0.1,0.1,0.1,0.1,0.0,0.0,0.1,0,0,0.00010504201680672046,0.0,0.8335949314907087,1.0331631414547355,0.193162339960199,0.0,0.00015904201680672046
790,9.28,-0.02623294858342078,1.0,0.2,0.1,0.1,0.1,0.1,0.1,0.0,0.0,0.1,0,0,-0.002623294858342078,0.0,0.8314081661929891,1.0331631414547355,0.19527891304529824,0.0021165730850992437,-0.006802441028540565
791,9.29,0.0010775862068965287,1.0,0.2,0.1,0.1,0.1,0.1,0.1,0.0,0.0,0.1,0,0,0.00010775862068965288,0.0,0.8314977575902082,1.0331631414547355,0.1951921974109281,0.0,0.00016175862068965288
792,9.26,-0.003229278794402515,1.0,0.2,0.1,0.1,0.1,0.1,0.1,0.0,0.0,0.1,0,0,-0.0003229278794402515,0.0,0.8312292437825902,1.0331631414547355,0.19545209228797517,0.0002598948770470566,-0.0007887176335343648
793,9.13,-0.014038876889848706,1.0,0.2,0.1,0.1,0.1,0.1,0.1,0.0,0.0,0.1,0,0,-0.0014038876889848706,0.0,0.8300622912805196,1.0331631414547355,0.1965815871908107,0.0011294949028355372,-0.0036088774946559446
794,8.98,-0.016429353778751408,1.0,0.2,0.1,0.1,0.1,0.1,0.1,0.0,0.0,0.1,0,0,-0.0016429353778751408,0.0,0.8286985525763346,1.0331631414547355,0.19790155172445126,0.0013199645336405552,-0.004228864445156251
795,9.04,0.006681514476614556,1.0,0.2,0.1,0.1,0.1,0.1,0.1,0.0,0.0,0.1,0,0,0.0006681514476614557,0.0,0.8292522487139135,1.0331631414547355,0.19736562848506894,0.0,0.0007221514476614556
796,8.99,-0.0055309734513273165,1.0,0.2,0.1,0.1,0.1,0.1,0.1,0.0,0.0,0.1,0,0,-0.0005530973451327316,0.0,0.8287935914967044,1.0331631414547355,0.1978095634250662,0.00044393493999725364,-0.001386967225127239
797,8.89,-0.011123470522803075,1.0,0.2,0.1,0.1,0.1,0.1,0.1,0.0,0.0,0.1,0,0,-0.0011123470522803075,0.0,0.8278716853882542,1.0331631414547355,0.1987018775925578,0.0008923141674916091,-0.0028429753872635253
798,8.94,0.00562429696287952,1.0,0.2,0.1,0.1,0.1,0.1,0.1,0.0,0.0,0.1,0,0,0.000562429696287952,0.0,0.8283373050088326,1.0331631414547355,0.19825120373293595,0.0,0.000616429696287952
799,8.78,-0.017897091722595095,1.0,0.2,0.1,0.1,0.1,0.1,0.1,0.0,0.0,0.1,0,0,-0.0017897091722595096,0.0,0.8268548221363335,1.0331631414547355,0.1996861009074632,0.0014348971745272443,-0.0046055035213139976
800,8.83,0.005694760820045639,1.0,0.2,0.1,0.1,0.1,0.1,0.1,0.0,0.0,0.1,0,0,0.0005694760820045639,0.0,0.8273256961808303,1.0331631414547355,0.1992303412838342,0.0,0.0006234760820045638
801,8.68,-0.016987542468856212,1.0,0.2,0.1,0.1,0.1,0.1,0.1,0.0,0.0,0.1,0,0,-0.0016987542468856213,0.0,0.8259202731408856,1.0331631414547355,0.20059065214235539,0.0013603108585211743,-0.00436537596392797
802,8.56,-0.013824884792626639,1.0,0.2,0.1,0.1,0.1,0.1,0.1,0.0,0.0,0.1,0,0,-0.001382488479262664,0.0,0.8247784478784788,1.0331631414547355,0.20169582635598352,0.0011051742136281295,-0.0035388369065189225
803,8.75,0.02219626168224293,1.0,0.2,0.1,0.1,0.1,0.1,0.1,0.0,0.0,0.1,0,0,0.002219626168224293,0.0,0.8266091477043773,1.0331631414547355,0.19992388952196052,0.0,0.0022736261682242934
804,8.84,0.01028571428571427,1.0,0.2,0.1,0.1,0.1,0.1,0.1,0.0,0.0,0.1,0,0,0.001028571428571427,0.0,0.8274593742563018,1.0331631414547355,0.1991009540940403,0.0,0.001082571428571427
805,8.83,-0.0011312217194569894,1.0,0.2,0.1,0.1,0.1,0.1,0.1,0.0,0.0,0.1,0,0,-0.00011312217194569895,0.0,0.827365770254689,1.0331631414547355,0.19919155353362245,9.059943958214522e-05,-0.00024032105110998941
806,8.87,0.004530011325028216,1.0,0.2,0.1,0.1,0.1,0.1,0.1,0.0,0.0,0.1,0,0,0.0004530011325028216,0.0,0.8277405678856085,1.0331631414547355,0.19882878640045537,0.0,0.0005070011325028215
807,9.02,0.016910935738444235,1.0,0.2,0.1,0.1,0.1,0.1,0.1,0.0,0.0,0.1,0,0,0.0016910935738444237,0.0,0.8291403546407701,1.0331631414547355,0.19747393090958812,0.0,0.0017450935738444237
808,9.09,0.007760532150776085,1.0,0.2,0.1,0.1,0.1,0.1,0.1,0.0,0.0,0.1,0,0,0.0007760532150776086,0.0,0.8297838116787396,1.0331631414547355,0.19685112797348694,0.0,0.0008300532150776085
809,9.05,-0.0044004400440043065,1.0,0.2,0.1,0.1,0.1,0.1,0.1,0.0,0.0,0.1,0,0,-0.00044004400440043065,0.0,0.8294186702874619,1.0331631414547355,0.19720454881926316,0.00035342084577622,-0.0010928856959528707
810,8.99,-0.006629834254143701,1.0,0.2,0.1,0.1,0.1,0.1,0.1,0.0,0.0,0.1,0,0,-0.0006629834254143702,0.0,0.8288687794563321,1.0331631414547355,0.197736788897394,0.0005322400781308245,-0.0016734635816760192
811,8.94,-0.005561735261401636,1.0,0.2,0.1,0.1,0.1,0.1,0.1,0.0,0.0,0.1,0,0,-0.0005561735261401636,0.0,0.8284077845845544,1.0331631414547355,0.1981829864564054,0.000446197559011402,-0.0013945686441629677
812,9.13,0.0212527964205818,1.0,0.2,0.1,0.1,0.1,0.1,0.1,0.0,0.0,0.1,0,0,0.00212527964205818,0.0,0.8301683827844545,1.0331631414547355,0.19647890108086533,0.0,0.00217927964205818
813,9.12,-0.001095290251916929,1.0,0.2,0.1,0.1,0.1,0.1,0.1,0.0,0.0,0.1,0,0,-0.0001095290251916929,0.0,0.8300774552507432,1.0331631414547355,0.19656690996355086,8.80088826855363e-05,-0.00023154679056276552
814,9.27,0.016447368421052672,1.0,0.2,0.1,0.1,0.1,0.1,0.1,0.0,0.0,0.1,0,0,0.0016447368421052674,0.0,0.831442714223195,1.0331631414547355,0.19524547396020145,0.0,0.0016987368421052674
815,9.21,-0.006472491909384976,1.0,0.2,0.1,0.1,0.1,0.1,0.1,0.0,0.0,0.1,0,0,-0.0006472491909384976,0.0,0.8309045635991024,1.0331631414547355,0.1957663506760848,0.000520876715883356,-0.0016350026227052096
816,9.14,-0.007600434310532061,1.0,0.2,0.1,0.1,0.1,0.1,0.1,0.0,0.0,0.1,0,0,-0.0007600434310532061,0.0,0.8302730400437067,1.0331631414547355,0.1963776031782854,0.0006112525022005932,-0.0019285484354543928
817,9.02,-0.013129102844639058,1.0,0.2,0.1,0.1,0.1,0.1,0.1,0.0,0.0,0.1,0,0,-0.001312910284463906,0.0,0.8291829660305202,1.0331631414547355,0.19743268728789817,0.001055084109612775,-0.0033690785036894558
818,9.31,0.03215077605321518,1.0,0.2,0.1,0.1,0.1,0.1,0.1,0.0,0.0,0.1,0,0,0.0032150776053215184,0.0,0.831848853615319,1.0331631414547355,0.19485237109403444,0.0,0.0032690776053215186
819,9.26,-0.005370569280343793,1.0,0.2,0.1,0.1,0.1,0.1,0.1,0.0,0.0,0.1,0,0,-0.0005370569280343793,0.0,0.8314021034254074,1.0331631414547355,0.19528478120622886,0.0004324101121944146,-0.0013478771524232085
820,9.13,-0.014038876889848706,1.0,0.2,0.1,0.1,0.1,0.1,0.1,0.0,0.0,0.1,0,0,-0.0014038876889848706,0.0,0.8302349082478123,1.0331631414547355,0.19641451099503227,0.0011297297888034075,-0.003609347266591685
821,9.11,-0.0021905805038336637,1.0,0.2,0.1,0.1,0.1,0.1,0.1,0.0,0.0,0.1,0,0,-0.00021905805038336637,0.0,0.8300530386074514,1.0331631414547355,0.19659054286557,0.00017603187053774616,-0.0005171217914588588
822,9.03,-0.008781558726673994,1.0,0.2,0.1,0.1,0.1,0.1,0.1,0.0,0.0,0.1,0,0,-0.0008781558726673994,0.0,0.8293241226569729,1.0331631414547355,0.1972960615985091,0.0007055187329390866,-0.0022351933385455726
823,8.57,-0.050941306755260145,1.0,0.2,0.1,0.1,0.1,0.1,0.1,0.0,0.0,0.1,0,0,-0.005094130675526015,0.0,0.8250994372037923,1.0331631414547355,0.20138514035448565,0.004089078755976555,-0.013218288187479128
824,8.38,-0.022170361726954434,1.0,0.2,0.1,0.1,0.1,0.1,0.1,0.0,0.0,0.1,0,0,-0.0022170361726954434,0.0,0.8232701619054409,1.0331631414547355,0.20315569838637182,0.0017705580318861658,-0.005704152236467775
825,8.57,0.022673031026252923,1.0,0.2,0.1,0.1,0.1,0.1,0.1,0.0,0.0,0.1,0,0,0.0022673031026252924,0.0,0.8251367648978278,1.0331631414547355,0.20134901082901402,0.0,0.0023213031026252926
826,8.66,0.010501750291715269,1.0,0.2,0.1,0.1,0.1,0.1,0.1,0.0,0.0,0.1,0,0,0.001050175029171527,0.0,0.826003302923975,1.0331631414547355,0.2005102875031635,0.0,0.001104175029171527
827,8.6,-0.00692840646651276,1.0,0.2,0.1,0.1,0.1,0.1,0.1,0.0,0.0,0.1,0,0,-0.000692840646651276,0.0,0.8254310142614409,1.0331631414547355,0.2010642064725609,0.00055391896939741,-0.001746678585446096
828,8.65,0.005813953488372176,1.0,0.2,0.1,0.1,0.1,0.1,0.1,0.0,0.0,0.1,0,0,0.0005813953488372176,0.0,0.8259109160139185,1.0331631414547355,0.2005997089181845,0.0,0.0006353953488372177
829,8.68,0.003468208092485475,1.0,0.2,0.1,0.1,0.1,0.1,0.1,0.0,0.0,0.1,0,0,0.00034682080924854753,0.0,0.8261973591061776,1.0331631414547355,0.200322460262318,0.0,0.00040082080924854754
830,8.75,0.00806451612903229,1.0,0.2,0.1,0.1,0.1,0.1,0.1,0.0,0.0,0.1,0,0,0.0008064516129032292,0.0,0.8268636472990052,1.0331631414547355,0.1996775590205941,0.0,0.0008604516129032291
831,8.96,0.024000000000000098,1.0,0.2,0.1,0.1,0.1,0.1,0.1,0.0,0.0,0.1,0,0,0.0024000000000000098,0.0,0.8288481200525227,1.0331631414547355,0.19775678516224357,0.0,0.00245400000000001
832,9.17,0.023437499999999896,1.0,0.2,0.1,0.1,0.1,0.1,0.1,0.0,0.0,0.1,0,0,0.0023437499999999895,0.0,0.8307907328338959,1.0331631414547355,0.1958765276274675,0.0,0.0023977499999999897
833,9.29,0.013086150490730558,1.0,0.2,0.1,0.1,0.1,0.1,0.1,0.0,0.0,0.1,0,0,0.001308615049073056,0.0,0.8318779180895128,1.0331631414547355,0.19482423955020786,0.0,0.001362615049073056
834,9.38,0.009687836383207927,1.0,0.2,0.1,0.1,0.1,0.1,0.1,0.0,0.0,0.1,0,0,0.0009687836383207928,0.0,0.8326838278056383,1.0331631414547355,0.1940441984475116,0.0,0.001022783638320793
835,9.37,-0.0010660980810236207,1.0,0.2,0.1,0.1,0.1,0.1,0.1,0.0,0.0,0.1,0,0,-0.00010660980810236207,0.0,0.832595055542546,1.0331631414547355,0.19413012124085416,8.59227933425466e-05,-0.00022445539478745528
836,9.27,-0.01067235859124863,1.0,0.2,0.1,0.1,0.1,0.1,0.1,0.0,0.0,0.1,0,0,-0.001067235859124863,0.0,0.831706480243141,1.0331631414547355,0.19499017447325445,0.000860053232400293,-0.0027333423239254487
837,9.45,0.01941747572815531,1.0,0.2,0.1,0.1,0.1,0.1,0.1,0.0,0.0,0.1,0,0,0.001941747572815531,0.0,0.8333214442824481,1.0331631414547355,0.19342704859844514,0.0,0.001995747572815531
838,9.54,0.009523809523809509,1.0,0.2,0.1,0.1,0.1,0.1,0.1,0.0,0.0,0.1,0,0,0.000952380952380951,0.0,0.8341150837531934,1.0331631414547355,0.19265888388282454,0.0,0.001006380952380951
839,9.5,-0.00419287211740033,1.0,0.2,0.1,0.1,0.1,0.1,0.1,0.0,0.0,0.1,0,0,-0.000419287211740033,0.0,0.8337653499654563,1.0331631414547355,0.19299739168832436,0.0003385078054998214,-0.0010423028227396758
840,9.55,0.005263157894736917,1.0,0.2,0.1,0.1,0.1,0.1,0.1,0.0,0.0,0.1,0,0,0.0005263157894736917,0.0,0.8342041738338591,1.0331631414547355,0.19257265347342348,0.0,0.0005803157894736917
841,9.31,-0.025130890052356043,1.0,0.2,0.1,0.1,0.1,0.1,0.1,0.0,0.0,0.1,0,0,-0.0025130890052356045,0.0,0.8321077444964756,1.0331631414547355,0.19460179026050597,0.0020291367870824972,-0.006517362579400599
842,9.43,0.012889366272824835,1.0,0.2,0.1,0.1,0.1,0.1,0.1,0.0,0.0,0.1,0,0,0.0012889366272824836,0.0,0.8331802786462026,1.0331631414547355,0.19356368300842497,0.0,0.0013429366272824836
843,9.38,-0.005302226935312719,1.0,0.2,0.1,0.1,0.1,0.1,0.1,0.0,0.0,0.1,0,0,-0.0005302226935312719,0.0,0.8327385075546616,1.0331631414547355,0.19399127384458173,0.0004275908361567604,-0.0013314043658447926
844,9.48,0.010660980810234503,1.0,0.2,0.1,0.1,0.1,0.1,0.1,0.0,0.0,0.1,0,0,0.0010660980810234505,0.0,0.83362628847956,1.0331631414547355,0.19313198948833923,0.0,0.0011200980810234505
845,9.45,-0.003164556962025436,1.0,0.2,0.1,0.1,0.1,0.1,0.1,0.0,0.0,0.1,0,0,-0.00031645569620254363,0.0,0.8333624826920665,1.0331631414547355,0.19338732746634926,0.00025533797801002844,-0.0007731316522226005
846,9.3,-0.015873015873015723,1.0,0.2,0.1,0.1,0.1,0.1,0.1,0.0,0.0,0.1,0,0,-0.0015873015873015723,0.0,0.8320396851004918,1.0331631414547355,0.1946676650417995,0.0012803375754502355,-0.004093976738202043
847,9.3,0.0,1.0,0.2,0.1,0.1,0.1,0.1,0.1,0.0,0.0,0.1,0,0,0.0,0.0,0.8320396851004918,1.0331631414547355,0.1946676650417995,0.0,5.399999999999999e-05
848,9.32,0.002150537634408556,1.0,0.2,0.1,0.1,0.1,0.1,0.1,0.0,0.0,0.1,0,0,0.00021505376344085563,0.0,0.8322186183661048,1.0331631414547355,0.19449447529234612,0.0,0.0002690537634408556
849,9.44,0.01287553648068661,1.0,0.2,0.1,0.1,0.1,0.1,0.1,0.0,0.0,0.1,0,0,0.0012875536480686611,0.0,0.8332901444841728,1.0331631414547355,0.19345734371546922,0.0,0.0013415536480686611
850,9.51,0.007415254237288166,1.0,0.2,0.1,0.1,0.1,0.1,0.1,0.0,0.0,0.1,0,0,0.0007415254237288166,0.0,0.8339080503116505,1.0331631414547355,0.19285927183051246,0.0,0.0007955254237288165
851,9.29,-0.023133543638275567,1.0,0.2,0.1,0.1,0.1,0.1,0.1,0.0,0.0,0.1,0,0,-0.0023133543638275567,0.0,0.8319789254844312,1.0331631414547355,0.1947264743562462,0.0018672025257337466,-0.00599375941529505
852,9.23,-0.00645855758880503,1.0,0.2,0.1,0.1,0.1,0.1,0.1,0.0,0.0,0.1,0,0,-0.000645855758880503,0.0,0.8314415871041398,1.0331631414547355,0.19524656490025727,0.0005200905440110593,-0.0016320368469026215
853,9.36,0.014084507042253412,1.0,0.2,0.1,0.1,0.1,0.1,0.1,0.0,0.0,0.1,0,0,0.0014084507042253413,0.0,0.8326126315930189,1.0331631414547355,0.19411310935786327,0.0,0.0014624507042253414
854,9.25,-0.011752136752136691,1.0,0.2,0.1,0.1,0.1,0.1,0.1,0.0,0.0,0.1,0,0,-0.0011752136752136693,0.0,0.8316341338422152,1.0331631414547355,0.1950601986524213,0.0009470892945580289,-0.003015392264329727
855,9.22,-0.003243243243243174,1.0,0.2,0.1,0.1,0.1,0.1,0.1,0.0,0.0,0.1,0,0,-0.0003243243243243174,0.0,0.8313644146636718,1.0331631414547355,0.19532126020961502,0.0002610615571937147,-0.0007924474387117469
856,8.95,-0.029284164859002315,1.0,0.2,0.1,0.1,0.1,0.1,0.1,0.0,0.0,0.1,0,0,-0.0029284164859002316,0.0,0.8289298334059799,1.0331631414547355,0.19767769469707064,0.002356434487455622,-0.007587285460811475
857,8.74,-0.023463687150837888,1.0,0.2,0.1,0.1,0.1,0.1,0.1,0.0,0.0,0.1,0,0,-0.0023463687150837888,0.0,0.8269848583778765,1.0331631414547355,0.19956023865364736,0.001882543956576721,-0.006057456628237231
858,8.82,0.009153318077803212,1.0,0.2,0.1,0.1,0.1,0.1,0.1,0.0,0.0,0.1,0,0,0.0009153318077803213,0.0,0.8277418239233025,1.0331631414547355,0.1988275706798749,0.0,0.0009693318077803212
859,9.12,0.03401360544217675,1.0,0.2,0.1,0.1,0.1,0.1,0.1,0.0,0.0,0.1,0,0,0.0034013605442176752,0.0,0.8305572723039939,1.0331631414547355,0.1961024943896705,0.0,0.0034553605442176755
860,9.04,-0.008771929824561412,1.0,0.2,0.1,0.1,0.1,0.1,0.1,0.0,0.0,0.1,0,0,-0.0008771929824561412,0.0,0.829828713293201,1.0331631414547355,0.19680766764020585,0.0007051732505353459,-0.002233539483526833
861,9.17,0.014380530973451416,1.0,0.2,0.1,0.1,0.1,0.1,0.1,0.0,0.0,0.1,0,0,0.0014380530973451416,0.0,0.8310220510446182,1.0331631414547355,0.1956526344188919,0.0,0.0014920530973451416
862,9.01,-0.01744820065430754,1.0,0.2,0.1,0.1,0.1,0.1,0.1,0.0,0.0,0.1,0,0,-0.001744820065430754,0.0,0.8295720670951402,1.0331631414547355,0.1970560758419342,0.0014034414230422732,-0.0044977029115153
863,8.89,-0.013318534961154187,1.0,0.2,0.1,0.1,0.1,0.1,0.1,0.0,0.0,0.1,0,0,-0.0013318534961154187,0.0,0.8284671986372998,1.0331631414547355,0.1981254795145088,0.0010694036725746037,-0.003416660841264626
864,8.71,-0.02024746906636667,1.0,0.2,0.1,0.1,0.1,0.1,0.1,0.0,0.0,0.1,0,0,-0.0020247469066366672,0.0,0.826789762239609,1.0331631414547355,0.19974907246937254,0.0016235929548637507,-0.005217932816364169
865,8.65,-0.006888633754305452,1.0,0.2,0.1,0.1,0.1,0.1,0.1,0.0,0.0,0.1,0,0,-0.0006888633754305452,0.0,0.8262202170532212,1.0331631414547355,0.20030033602450265,0.0005512635551301048,-0.0017373904856907549
866,8.53,-0.013872832369942311,1.0,0.2,0.1,0.1,0.1,0.1,0.1,0.0,0.0,0.1,0,0,-0.001387283236994231,0.0,0.8250740155960375,1.0331631414547355,0.2014097459629658,0.0011094099384631462,-0.0035521031139205232
867,8.51,-0.002344665885111322,1.0,0.2,0.1,0.1,0.1,0.1,0.1,0.0,0.0,0.1,0,0,-0.0002344665885111322,0.0,0.8248805633063315,1.0331631414547355,0.20159698869544815,0.00018724273248235668,-0.0005549520534758457
868,8.56,0.005875440658049437,1.0,0.2,0.1,0.1,0.1,0.1,0.1,0.0,0.0,0.1,0,0,0.0005875440658049437,0.0,0.8253652169863,1.0331631414547355,0.2011278917440353,0.0,0.0006415440658049436
869,8.69,0.015186915887850351,1.0,0.2,0.1,0.1,0.1,0.1,0.1,0.0,0.0,0.1,0,0,0.0015186915887850352,0.0,0.8266186921990128,1.0331631414547355,0.19991465139271203,0.0,0.0015726915887850352
870,8.75,0.006904487917146203,1.0,0.2,0.1,0.1,0.1,0.1,0.1,0.0,0.0,0.1,0,0,0.0006904487917146203,0.0,0.8271894300762503,1.0331631414547355,0.19936223343049758,0.0,0.0007444487917146202
871,8.81,0.006857142857142914,1.0,0.2,0.1,0.1,0.1,0.1,0.1,0.0,0.0,0.1,0,0,0.0006857142857142914,0.0,0.8277566456854456,1.0331631414547355,0.1988132246762784,0.0,0.0007397142857142914
872,8.73,-0.0090805902383655,1.0,0.2,0.1,0.1,0.1,0.1,0.1,0.0,0.0,0.1,0,0,-0.00090805902383655,0.0,0.8270049937937903,1.0331631414547355,0.19954074955738954,0.0007275248811111357,-0.002309108786058821
873,8.66,-0.008018327605956504,1.0,0.2,0.1,0.1,0.1,0.1,0.1,0.0,0.0,0.1,0,0,-0.0008018327605956504,0.0,0.8263418740965903,1.0331631414547355,0.20018258400791622,0.0006418344505266793,-0.002031501661649009
874,8.64,-0.002309468822170851,1.0,0.2,0.1,0.1,0.1,0.1,0.1,0.0,0.0,0.1,0,0,-0.00023094688221708513,0.0,0.8261510330171223,1.0331631414547355,0.20036729934648245,0.00018471533856623257,-0.0005463775593495503
875,8.67,0.003472222222222148,1.0,0.2,0.1,0.1,0.1,0.1,0.1,0.0,0.0,0.1,0,0,0.0003472222222222148,0.0,0.8264378910146978,1.0331631414547355,0.20008964910319993,0.0,0.0004012222222222148
876,8.65,-0.0023068050749711156,1.0,0.2,0.1,0.1,0.1,0.1,0.1,0.0,0.0,0.1,0,0,-0.00023068050749711156,0.0,0.8262472479025836,1.0331631414547355,0.20027417282889703,0.0001845237256971055,-0.0005457279588913225
877,8.69,0.0046242774566473,1.0,0.2,0.1,0.1,0.1,0.1,0.1,0.0,0.0,0.1,0,0,0.00046242774566473006,0.0,0.8266293275547928,1.0331631414547355,0.19990435741748855,0.0,0.00051642774566473
878,8.8,0.012658227848101406,1.0,0.2,0.1,0.1,0.1,0.1,0.1,0.0,0.0,0.1,0,0,0.0012658227848101407,0.0,0.827675693792204,1.0331631414547355,0.19889157812308028,0.0,0.0013198227848101407
879,8.67,-0.014772727272727361,1.0,0.2,0.1,0.1,0.1,0.1,0.1,0.0,0.0,0.1,0,0,-0.0014772727272727361,0.0,0.8264529910627382,1.0331631414547355,0.20007503374630758,0.001183455623227303,-0.0037901839737273417
880,8.74,0.00807381776239911,1.0,0.2,0.1,0.1,0.1,0.1,0.1,0.0,0.0,0.1,0,0,0.000807381776239911,0.0,0.8271202541466413,1.0331631414547355,0.19942918890619496,0.0,0.000861381776239911
881,8.6,-0.01601830663615567,1.0,0.2,0.1,0.1,0.1,0.1,0.1,0.0,0.0,0.1,0,0,-0.001601830663615567,0.0,0.8257953475610517,1.0331631414547355,0.2007115677798006,0.001282378873605633,-0.004112588410826833
882,8.6,0.0,1.0,0.2,0.1,0.1,0.1,0.1,0.1,0.0,0.0,0.1,0,0,0.0,0.0,0.8257953475610517,1.0331631414547355,0.2007115677798006,0.0,5.399999999999999e-05
883,8.57,-0.0034883720930231816,1.0,0.2,0.1,0.1,0.1,0.1,0.1,0.0,0.0,0.1,0,0,-0.00034883720930231816,0.0,0.8255072794165536,1.0331631414547355,0.200990389325924,0.0002788215461234089,-0.0008524803015491361
884,8.57,0.0,1.0,0.2,0.1,0.1,0.1,0.1,0.1,0.0,0.0,0.1,0,0,0.0,0.0,0.8255072794165536,1.0331631414547355,0.200990389325924,0.0,5.399999999999999e-05
885,8.61,0.004667444574095583,1.0,0.2,0.1,0.1,0.1,0.1,0.1,0.0,0.0,0.1,0,0,0.00046674445740955837,0.0,0.8258925803637724,1.0331631414547355,0.20061745601872494,0.0,0.0005207444574095583
886,8.6,-0.001161440185830405,1.0,0.2,0.1,0.1,0.1,0.1,0.1,0.0,0.0,0.1,0,0,-0.0001161440185830405,0.0,0.8257966578805711,1.0331631414547355,0.20071029951976802,9.284350104307726e-05,-0.000247831020669195
887,8.54,-0.00697674418604657,1.0,0.2,0.1,0.1,0.1,0.1,0.1,0.0,0.0,0.1,0,0,-0.000697674418604657,0.0,0.8252205206773986,1.0331631414547355,0.20126794349684726,0.0005576439770792474,-0.001758962372763152
888,8.22,-0.037470725995315986,1.0,0.2,0.1,0.1,0.1,0.1,0.1,0.0,0.0,0.1,0,0,-0.0037470725995315986,0.0,0.8221283594757971,1.0331631414547355,0.20426085050013779,0.0029929070032905236,-0.009678886606112647
889,8.0,-0.026763990267639978,1.0,0.2,0.1,0.1,0.1,0.1,0.1,0.0,0.0,0.1,0,0,-0.002676399026763998,0.0,0.8199280159346211,1.0331631414547355,0.20639056598541716,0.0021297154852793765,-0.006881829997322751
890,7.8,-0.025000000000000022,1.0,0.2,0.1,0.1,0.1,0.1,0.1,0.0,0.0,0.1,0,0,-0.0025000000000000022,0.0,0.8178781958947845,1.0331631414547355,0.20837458957045363,0.001984023585036465,-0.006414047170072932
891,7.75,-0.0064102564102563875,1.0,0.2,0.1,0.1,0.1,0.1,0.1,0.0,0.0,0.1,0,0,-0.0006410256410256387,0.0,0.8173539149999801,1.0331631414547355,0.20888204175662645,0.0005074521861728187,-0.0016019300133712762
892,7.68,-0.009032258064516166,1.0,0.2,0.1,0.1,0.1,0.1,0.1,0.0,0.0,0.1,0,0,-0.0009032258064516167,0.0,0.8166156598509479,1.0331631414547355,0.20959659991245919,0.0007145581558327396,-0.0022783421181170956
893,7.58,-0.013020833333333287,1.0,0.2,0.1,0.1,0.1,0.1,0.1,0.0,0.0,0.1,0,0,-0.0013020833333333287,0.0,0.8155523582105169,1.0331631414547355,0.21062577100632324,0.0010291710938640508,-0.00330642552106143
894,7.15,-0.056728232189973575,1.0,0.2,0.1,0.1,0.1,0.1,0.1,0.0,0.0,0.1,0,0,-0.005672823218997358,0.0,0.8109258738565522,1.0331631414547355,0.21510375146103666,0.004477980454713426,-0.014574784128424213
895,7.29,0.019580419580419534,1.0,0.2,0.1,0.1,0.1,0.1,0.1,0.0,0.0,0.1,0,0,0.0019580419580419533,0.0,0.8125137007424252,1.0331631414547355,0.21356689167368761,0.0,0.0020120419580419535
896,7.51,0.030178326474622735,1.0,0.2,0.1,0.1,0.1,0.1,0.1,0.0,0.0,0.1,0,0,0.0030178326474622737,0.0,0.8149657311150362,1.0331631414547355,0.21119356816433513,0.0,0.003071832647462274
897,7.6,0.011984021304926746,1.0,0.2,0.1,0.1,0.1,0.1,0.1,0.0,0.0,0.1,0,0,0.0011984021304926747,0.0,0.815942387783483,1.0331631414547355,0.21024826085587692,0.0,0.0012524021304926747
898,7.5,-0.01315789473684206,1.0,0.2,0.1,0.1,0.1,0.1,0.1,0.0,0.0,0.1,0,0,-0.001315789473684206,0.0,0.8148687793785048,1.0331631414547355,0.21128740788106656,0.0010391470251896462,-0.003340083524063498
899,7.59,0.011999999999999981,1.0,0.2,0.1,0.1,0.1,0.1,0.1,0.0,0.0,0.1,0,0,0.0011999999999999982,0.0,0.815846621913759,1.0331631414547355,0.2103409527705238,0.0,0.0012539999999999982
900,7.79,0.026350461133069852,1.0,0.2,0.1,0.1,0.1,0.1,0.1,0.0,0.0,0.1,0,0,0.0026350461133069856,0.0,0.8179964153838875,1.0331631414547355,0.2082601647672841,0.0,0.002689046113306986
901,7.79,0.0,1.0,0.2,0.1,0.1,0.1,0.1,0.1,0.0,0.0,0.1,0,0,0.0,0.0,0.8179964153838875,1.0331631414547355,0.2082601647672841,0.0,5.399999999999999e-05
902,7.62,-0.021822849807445435,1.0,0.2,0.1,0.1,0.1,0.1,0.1,0.0,0.0,0.1,0,0,-0.002182284980744544,0.0,0.8162113140922923,1.0331631414547355,0.20998796671836964,0.0017278019510855447,-0.005583888882915633
903,7.64,0.0026246719160104427,1.0,0.2,0.1,0.1,0.1,0.1,0.1,0.0,0.0,0.1,0,0,0.0002624671916010443,0.0,0.816425542783655,1.0331631414547355,0.2097806144786633,0.0,0.0003164671916010443
904,7.48,-0.020942408376963255,1.0,0.2,0.1,0.1,0.1,0.1,0.1,0.0,0.0,0.1,0,0,-0.0020942408376963258,0.0,0.8147157510710191,1.0331631414547355,0.2114355241865613,0.0016549097078980002,-0.005350060253492326
905,7.6,0.016042780748662996,1.0,0.2,0.1,0.1,0.1,0.1,0.1,0.0,0.0,0.1,0,0,0.0016042780748662996,0.0,0.8160227816877107,1.0331631414547355,0.21017044748739527,0.0,0.0016582780748662996
906,7.55,-0.00657894736842103,1.0,0.2,0.1,0.1,0.1,0.1,0.1,0.0,0.0,0.1,0,0,-0.000657894736842103,0.0,0.8154859245944951,1.0331631414547355,0.21069007219299568,0.0005196247056004077,-0.0016431441480429184
907,7.58,0.003973509933774867,1.0,0.2,0.1,0.1,0.1,0.1,0.1,0.0,0.0,0.1,0,0,0.00039735099337748675,0.0,0.815809958736718,1.0331631414547355,0.2103764391090989,0.0,0.00045135099337748676
908,7.6,0.0026385224274405768,1.0,0.2,0.1,0.1,0.1,0.1,0.1,0.0,0.0,0.1,0,0,0.0002638522427440577,0.0,0.8160252120239836,1.0331631414547355,0.21016809516163434,0.0,0.0003178522427440577
909,7.46,-0.018421052631578907,1.0,0.2,0.1,0.1,0.1,0.1,0.1,0.0,0.0,0.1,0,0,-0.0018421052631578908,0.0,0.8145220076860447,1.0331631414547355,0.21162304867054713,0.0014549535089127819,-0.004698012280983454
910,7.55,0.012064343163538854,1.0,0.2,0.1,0.1,0.1,0.1,0.1,0.0,0.0,0.1,0,0,0.0012064343163538855,0.0,0.8155046749875425,1.0331631414547355,0.21067192366224086,0.0,0.0012604343163538855
911,7.33,-0.029139072847682086,1.0,0.2,0.1,0.1,0.1,0.1,0.1,0.0,0.0,0.1,0,0,-0.002913907284768209,0.0,0.8131283699743338,1.0331631414547355,0.21297195249395354,0.0023000288317126805,-0.00745996494819357
912,7.44,0.015006821282401136,1.0,0.2,0.1,0.1,0.1,0.1,0.1,0.0,0.0,0.1,0,0,0.0015006821282401136,0.0,0.8143486171871194,1.0331631414547355,0.21179087356863743,0.0,0.0015546821282401136
913,7.4,-0.00537634408602151,1.0,0.2,0.1,0.1,0.1,0.1,0.1,0.0,0.0,0.1,0,0,-0.0005376344086021511,0.0,0.8139107953499221,1.0331631414547355,0.2122146419161811,0.0004237683475436793,-0.0013311711036895098
914,7.5,0.013513513513513466,1.0,0.2,0.1,0.1,0.1,0.1,0.1,0.0,0.0,0.1,0,0,0.0013513513513513467,0.0,0.8150106748030977,1.0331631414547355,0.2111500671079596,0.0,0.0014053513513513467
915,7.44,-0.007999999999999948,1.0,0.2,0.1,0.1,0.1,0.1,0.1,0.0,0.0,0.1,0,0,-0.0007999999999999948,0.0,0.8143586662632553,1.0331631414547355,0.21178114705427326,0.0006310799463136452,-0.002008159892627285
916,7.38,-0.008064516129032324,1.0,0.2,0.1,0.1,0.1,0.1,0.1,0.0,0.0,0.1,0,0,-0.0008064516129032324,0.0,0.8137019254033655,1.0331631414547355,0.2124168074195521,0.0006356603652788451,-0.002023772343460922
917,7.29,-0.012195121951219494,1.0,0.2,0.1,0.1,0.1,0.1,0.1,0.0,0.0,0.1,0,0,-0.0012195121951219495,0.0,0.8127096059821419,1.0331631414547355,0.213377274727577,0.0009604673080249038,-0.003086446811171757
918,7.25,-0.005486968449931418,1.0,0.2,0.1,0.1,0.1,0.1,0.1,0.0,0.0,0.1,0,0,-0.0005486968449931417,0.0,0.8122636747854439,1.0331631414547355,0.21380889213513388,0.0004316174075568724,-0.0013579316601068866
919,7.18,-0.009655172413793142,1.0,0.2,0.1,0.1,0.1,0.1,0.1,0.0,0.0,0.1,0,0,-0.0009655172413793143,0.0,0.8114794202028924,1.0331631414547355,0.21456797320479654,0.0007590810696626593,-0.0024296793807046324
920,7.12,-0.008356545961002732,1.0,0.2,0.1,0.1,0.1,0.1,0.1,0.0,0.0,0.1,0,0,-0.0008356545961002732,0.0,0.8108013036957591,1.0331631414547355,0.2152243230879123,0.0006563498831157755,-0.002094354362331824
921,6.51,-0.08567415730337083,1.0,0.2,0.1,0.1,0.1,0.1,0.1,0.0,0.0,0.1,0,0,-0.008567415730337083,0.0,0.8038548318522982,1.0331631414547355,0.22194782256707488,0.006723499479162565,-0.02196041468866221
922,6.59,0.012288786482334882,1.0,0.2,0.1,0.1,0.1,0.1,0.1,0.0,0.0,0.1,0,0,0.0012288786482334882,0.0,0.8048426718914409,1.0331631414547355,0.22099169085901593,0.0,0.0012828786482334883
923,6.77,0.027314112291350487,1.0,0.2,0.1,0.1,0.1,0.1,0.1,0.0,0.0,0.1,0,0,0.002731411229135049,0.0,0.8070410282031322,1.0331631414547355,0.2188638988158388,0.0,0.0027854112291350493
924,6.82,0.007385524372230534,1.0,0.2,0.1,0.1,0.1,0.1,0.1,0.0,0.0,0.1,0,0,0.0007385524372230534,0.0,0.8076370703214505,1.0331631414547355,0.2182869888445064,0.0,0.0007925524372230534
925,6.92,0.014662756598240416,1.0,0.2,0.1,0.1,0.1,0.1,0.1,0.0,0.0,0.1,0,0,0.0014662756598240417,0.0,0.8088212888996344,1.0331631414547355,0.21714078208328133,0.0,0.0015202756598240417
926,7.0,0.011560693641618507,1.0,0.2,0.1,0.1,0.1,0.1,0.1,0.0,0.0,0.1,0,0,0.0011560693641618507,0.0,0.8097563424128132,1.0331631414547355,0.21623574252499608,0.0,0.0012100693641618507
927,6.59,-0.058571428571428594,1.0,0.2,0.1,0.1,0.1,0.1,0.1,0.0,0.0,0.1,0,0,-0.005857142857142859,0.0,0.8050134838358238,1.0331631414547355,0.22082636174734974,0.0045906192223536535,-0.014984381301850168
928,6.61,0.003034901365705685,1.0,0.2,0.1,0.1,0.1,0.1,0.1,0.0,0.0,0.1,0,0,0.0003034901365705685,0.0,0.8052577974879743,1.0331631414547355,0.22058989023346426,0.0,0.0003574901365705685
929,6.74,0.019667170953101346,1.0,0.2,0.1,0.1,0.1,0.1,0.1,0.0,0.0,0.1,0,0,0.0019667170953101346,0.0,0.8068415117644258,1.0331631414547355,0.2190570110463288,0.0,0.002020717095310135
930,6.79,0.007418397626112733,1.0,0.2,0.1,0.1,0.1,0.1,0.1,0.0,0.0,0.1,0,0,0.0007418397626112734,0.0,0.807440058879978,1.0331631414547355,0.21847767648479044,0.0,0.0007958397626112733
931,6.78,-0.0014727540500736062,1.0,0.2,0.1,0.1,0.1,0.1,0.1,0.0,0.0,0.1,0,0,-0.00014727540500736064,0.0,0.8073211428182874,1.0331631414547355,0.21859277550150838,0.00011509901671793998,-0.0003234734384432406
932,6.78,0.0,1.0,0.2,0.1,0.1,0.1,0.1,0.1,0.0,0.0,0.1,0,0,0.0,0.0,0.8073211428182874,1.0331631414547355,0.21859277550150838,0.0,5.399999999999999e-05
933,6.7,-0.011799410029498535,1.0,0.2,0.1,0.1,0.1,0.1,0.1,0.0,0.0,0.1,0,0,-0.0011799410029498536,0.0,0.8063685514993277,1.0331631414547355,0.2195147899256954,0.0009220144241870176,-0.0029699698513238884
934,6.79,0.013432835820895501,1.0,0.2,0.1,0.1,0.1,0.1,0.1,0.0,0.0,0.1,0,0,0.0013432835820895502,0.0,0.8074517331356701,1.0331631414547355,0.2184663769569389,0.0,0.0013972835820895502
935,6.82,0.0044182621502209495,1.0,0.2,0.1,0.1,0.1,0.1,0.1,0.0,0.0,0.1,0,0,0.00044182621502209495,0.0,0.8078084864787345,1.0331631414547355,0.21812107491435725,0.0,0.0004958262150220948
936,6.75,-0.01026392961876837,1.0,0.2,0.1,0.1,0.1,0.1,0.1,0.0,0.0,0.1,0,0,-0.001026392961876837,0.0,0.8069793575336683,1.0331631414547355,0.21892358994010497,0.0008025150257477132,-0.002577423013372263
937,6.86,0.016296296296296343,1.0,0.2,0.1,0.1,0.1,0.1,0.1,0.0,0.0,0.1,0,0,0.0016296296296296345,0.0,0.8082944350052047,1.0331631414547355,0.2176507246792666,0.0,0.0016836296296296345
938,6.83,-0.004373177842565633,1.0,0.2,0.1,0.1,0.1,0.1,0.1,0.0,0.0,0.1,0,0,-0.00043731778425656334,0.0,0.8079409534738613,1.0331631414547355,0.21799285993086462,0.0003421352515980136,-0.0010675882874525906
939,6.5,-0.04831625183016106,1.0,0.2,0.1,0.1,0.1,0.1,0.1,0.0,0.0,0.1,0,0,-0.004831625183016107,0.0,0.804037285616667,1.0331631414547355,0.221771225322121,0.003778365391256394,-0.012334355965528896
940,6.54,0.006153846153846159,1.0,0.2,0.1,0.1,0.1,0.1,0.1,0.0,0.0,0.1,0,0,0.000615384615384616,0.0,0.8045320777924312,1.0331631414547355,0.22129231530693455,0.0,0.0006693846153846159
941,6.62,0.012232415902140683,1.0,0.2,0.1,0.1,0.1,0.1,0.1,0.0,0.0,0.1,0,0,0.0012232415902140685,0.0,0.8055162148906482,1.0331631414547355,0.22033976768039873,0.0,0.0012772415902140685
942,6.64,0.003021148036253712,1.0,0.2,0.1,0.1,0.1,0.1,0.1,0.0,0.0,0.1,0,0,0.0003021148036253712,0.0,0.8057595732637268,1.0331631414547355,0.22010422078241706,0.0,0.0003561148036253712
943,6.57,-0.010542168674698704,1.0,0.2,0.1,0.1,0.1,0.1,0.1,0.0,0.0,0.1,0,0,-0.0010542168674698704,0.0,0.8049101279304669,1.0331631414547355,0.22092640006773678,0.0008221792853197185,-0.002644575438109307
944,6.81,0.0365296803652967,1.0,0.2,0.1,0.1,0.1,0.1,0.1,0.0,0.0,0.1,0,0,0.00365296803652967,0.0,0.8078504389000758,1.0331631414547355,0.21808046910908022,0.0,0.00370696803652967
945,6.77,-0.005873715124816452,1.0,0.2,0.1,0.1,0.1,0.1,0.1,0.0,0.0,0.1,0,0,-0.0005873715124816453,0.0,0.80737593056592,1.0331631414547355,0.2185397463665786,0.00045927725749839166,-0.0014519260274784287
946,6.8,0.004431314623338294,1.0,0.2,0.1,0.1,0.1,0.1,0.1,0.0,0.0,0.1,0,0,0.0004431314623338294,0.0,0.8077337042426849,1.0331631414547355,0.21819345674163027,0.0,0.0004971314623338294
947,6.83,0.004411764705882389,1.0,0.2,0.1,0.1,0.1,0.1,0.1,0.0,0.0,0.1,0,0,0.00044117647058823894,0.0,0.8080900573474978,1.0331631414547355,0.21784854209019272,0.0,0.0004951764705882389
948,6.83,0.0,1.0,0.2,0.1,0.1,0.1,0.1,0.1,0.0,0.0,0.1,0,0,0.0,0.0,0.8080900573474978,1.0331631414547355,0.21784854209019272,0.0,5.399999999999999e-05
949,6.82,-0.0014641288433381826,1.0,0.2,0.1,0.1,0.1,0.1,0.1,0.0,0.0,0.1,0,0,-0.00014641288433381826,0.0,0.8079717425514001,1.0331631414547355,0.21796305914113118,0.00011451705093845632,-0.0003214469862107309
950,6.73,-0.0131964809384164,1.0,0.2,0.1,0.1,0.1,0.1,0.1,0.0,0.0,0.1,0,0,-0.00131964809384164,0.0,0.8069055041814642,1.0331631414547355,0.21899507269944937,0.0010320135583181955,-0.0033296752104780307
951,7.0,0.04011887072808314,1.0,0.2,0.1,0.1,0.1,0.1,0.1,0.0,0.0,0.1,0,0,0.0040118870728083145,0.0,0.8101427179426677,1.0331631414547355,0.21586176912781274,0.0,0.004065887072808315
952,6.79,-0.029999999999999995,1.0,0.2,0.1,0.1,0.1,0.1,0.1,0.0,0.0,0.1,0,0,-0.0029999999999999996,0.0,0.8077122897888397,1.0331631414547355,0.21821418382042929,0.0023524146926165446,-0.007650829385233088
953,6.78,-0.0014727540500736062,1.0,0.2,0.1,0.1,0.1,0.1,0.1,0.0,0.0,0.1,0,0,-0.00014727540500736064,0.0,0.8075933336342316,1.0331631414547355,0.21832932164313618,0.00011513782270688999,-0.0003235510504211406
954,7.04,0.03834808259587017,1.0,0.2,0.1,0.1,0.1,0.1,0.1,0.0,0.0,0.1,0,0,0.003834808259587017,0.0,0.8106902992204394,1.0331631414547355,0.2153317644694964,0.0,0.0038888082595870174
955,6.98,-0.008522727272727217,1.0,0.2,0.1,0.1,0.1,0.1,0.1,0.0,0.0,0.1,0,0,-0.0008522727272727217,0.0,0.8099993699881493,1.0331631414547355,0.2160005158065963,0.0006687513370998988,-0.0021357754014725188
956,7.09,0.015759312320916822,1.0,0.2,0.1,0.1,0.1,0.1,0.1,0.0,0.0,0.1,0,0,0.0015759312320916823,0.0,0.8112758732932882,1.0331631414547355,0.2147649865335121,0.0,0.0016299312320916823
957,7.09,0.0,1.0,0.2,0.1,0.1,0.1,0.1,0.1,0.0,0.0,0.1,0,0,0.0,0.0,0.8112758732932882,1.0331631414547355,0.2147649865335121,0.0,5.399999999999999e-05
958,7.12,0.00423131170662909,1.0,0.2,0.1,0.1,0.1,0.1,0.1,0.0,0.0,0.1,0,0,0.00042313117066290903,0.0,0.8116191494032853,1.0331631414547355,0.2144327291230186,0.0,0.00047713117066290904
959,6.95,-0.02387640449438201,1.0,0.2,0.1,0.1,0.1,0.1,0.1,0.0,0.0,0.1,0,0,-0.0023876404494382014,0.0,0.8096812946926314,1.0331631414547355,0.21630838131471924,0.001875652191700633,-0.006084944832839468
960,7.07,0.017266187050359726,1.0,0.2,0.1,0.1,0.1,0.1,0.1,0.0,0.0,0.1,0,0,0.0017266187050359726,0.0,0.8110793055611655,1.0331631414547355,0.21495524470691726,0.0,0.0017806187050359726
961,7.15,0.011315417256011324,1.0,0.2,0.1,0.1,0.1,0.1,0.1,0.0,0.0,0.1,0,0,0.0011315417256011326,0.0,0.8119970756381795,1.0331631414547355,0.21406693380983888,0.0,0.0011855417256011326
962,7.17,0.0027972027972027374,1.0,0.2,0.1,0.1,0.1,0.1,0.1,0.0,0.0,0.1,0,0,0.00027972027972027376,0.0,0.812224207687309,1.0331631414547355,0.21384709239272282,0.0,0.00033372027972027377
963,7.3,0.018131101813110166,1.0,0.2,0.1,0.1,0.1,0.1,0.1,0.0,0.0,0.1,0,0,0.0018131101813110167,0.0,0.813696859667774,1.0331631414547355,0.21242171055187284,0.0,0.0018671101813110167
964,7.24,-0.008219178082191728,1.0,0.2,0.1,0.1,0.1,0.1,0.1,0.0,0.0,0.1,0,0,-0.0008219178082191728,0.0,0.8130280677283211,1.0331631414547355,0.213069035173337,0.0006473246214641626,-0.0020625670511474977
965,7.24,0.0,1.0,0.2,0.1,0.1,0.1,0.1,0.1,0.0,0.0,0.1,0,0,0.0,0.0,0.8130280677283211,1.0331631414547355,0.213069035173337,0.0,5.399999999999999e-05
966,7.18,-0.008287292817679627,1.0,0.2,0.1,0.1,0.1,0.1,0.1,0.0,0.0,0.1,0,0,-0.0008287292817679627,0.0,0.8123542875616955,1.0331631414547355,0.21372118790661876,0.0006521527332817578,-0.002079034748331478
967,7.16,-0.0027855153203342024,1.0,0.2,0.1,0.1,0.1,0.1,0.1,0.0,0.0,0.1,0,0,-0.00027855153203342023,0.0,0.8121280050303413,1.0331631414547355,0.2139402070743327,0.0002190191677139408,-0.000662589867461302
968,7.09,-0.009776536312849202,1.0,0.2,0.1,0.1,0.1,0.1,0.1,0.0,0.0,0.1,0,0,-0.0009776536312849202,0.0,0.8113340251371552,1.0331631414547355,0.21470870128529354,0.0007684942109608406,-0.0024606420532066013
969,7.01,-0.011283497884344157,1.0,0.2,0.1,0.1,0.1,0.1,0.1,0.0,0.0,0.1,0,0,-0.0011283497884344157,0.0,0.810418556561542,1.0331631414547355,0.2155947845560577,0.0008860832707641708,-0.002846516329962757
970,6.99,-0.0028530670470755456,1.0,0.2,0.1,0.1,0.1,0.1,0.1,0.0,0.0,0.1,0,0,-0.00028530670470755455,0.0,0.8101873387137357,1.0331631414547355,0.21581858062323134,0.0002237960671736261,-0.0006788988390548069
971,7.14,0.021459227467811082,1.0,0.2,0.1,0.1,0.1,0.1,0.1,0.0,0.0,0.1,0,0,0.0021459227467811085,0.0,0.8119259381530355,1.0331631414547355,0.21413578787778773,0.0,0.0021999227467811087
972,7.04,-0.014005602240896309,1.0,0.2,0.1,0.1,0.1,0.1,0.1,0.0,0.0,0.1,0,0,-0.0014005602240896309,0.0,0.8107887869791517,1.0331631414547355,0.21523643803482165,0.0011006501570339222,-0.003547860538157475
973,7.03,-0.0014204545454545151,1.0,0.2,0.1,0.1,0.1,0.1,0.1,0.0,0.0,0.1,0,0,-0.00014204545454545153,0.0,0.8106736181173649,1.0331631414547355,0.21534791013169163,0.0001114720968699856,-0.00031098964828542275
974,7.04,0.0014224751066856027,1.0,0.2,0.1,0.1,0.1,0.1,0.1,0.0,0.0,0.1,0,0,0.00014224751066856028,0.0,0.8107889344215068,1.0331631414547355,0.215236295325167,0.0,0.00019624751066856026
975,6.95,-0.012784090909090889,1.0,0.2,0.1,0.1,0.1,0.1,0.1,0.0,0.0,0.1,0,0,-0.001278409090909089,0.0,0.8097524144769339,1.0331631414547355,0.21623954437943874,0.0010032490542717376,-0.0032309071994525637
976,6.75,-0.028776978417266213,1.0,0.2,0.1,0.1,0.1,0.1,0.1,0.0,0.0,0.1,0,0,-0.0028776978417266214,0.0,0.8074221917014607,1.0331631414547355,0.21849497015100874,0.0022554257715700077,-0.007334549384866636
977,7.07,0.04740740740740745,1.0,0.2,0.1,0.1,0.1,0.1,0.1,0.0,0.0,0.1,0,0,0.004740740740740745,0.0,0.811249970980638,1.0331631414547355,0.2147900574169098,0.0,0.004794740740740745
978,7.2,0.01838755304101837,1.0,0.2,0.1,0.1,0.1,0.1,0.1,0.0,0.0,0.1,0,0,0.001838755304101837,0.0,0.8127416611677312,1.0331631414547355,0.21334624847015157,0.0,0.0018927553041018371
979,7.34,0.0194444444444444,1.0,0.2,0.1,0.1,0.1,0.1,0.1,0.0,0.0,0.1,0,0,0.00194444444444444,0.0,0.8143219921755573,1.0331631414547355,0.21181664395328795,0.0,0.0019984444444444403
980,7.47,0.017711171662125328,1.0,0.2,0.1,0.1,0.1,0.1,0.1,0.0,0.0,0.1,0,0,0.0017711171662125329,0.0,0.8157642518347238,1.0331631414547355,0.2104206788812707,0.0,0.001825117166212533
981,7.4,-0.009370816599732181,1.0,0.2,0.1,0.1,0.1,0.1,0.1,0.0,0.0,0.1,0,0,-0.0009370816599732182,0.0,0.8149998141154677,1.0331631414547355,0.21116057918218512,0.00073990030091442,-0.002362882261802058
982,7.35,-0.0067567567567568525,1.0,0.2,0.1,0.1,0.1,0.1,0.1,0.0,0.0,0.1,0,0,-0.0006756756756756853,0.0,0.8144491385653897,1.0331631414547355,0.21169357879084583,0.0005329996086607114,-0.001687674892997108
983,7.4,0.006802721088435471,1.0,0.2,0.1,0.1,0.1,0.1,0.1,0.0,0.0,0.1,0,0,0.0006802721088435471,0.0,0.8150031855984273,1.0331631414547355,0.211157315919275,0.0,0.0007342721088435471
984,7.34,-0.008108108108108174,1.0,0.2,0.1,0.1,0.1,0.1,0.1,0.0,0.0,0.1,0,0,-0.0008108108108108175,0.0,0.8143423722046988,1.0331631414547355,0.2117969180955567,0.0006396021762817006,-0.002036015163374218
985,7.51,0.023160762942779283,1.0,0.2,0.1,0.1,0.1,0.1,0.1,0.0,0.0,0.1,0,0,0.0023160762942779282,0.0,0.8162284512683883,1.0331631414547355,0.20997137962248094,0.0,0.0023700762942779285
986,7.45,-0.007989347536617791,1.0,0.2,0.1,0.1,0.1,0.1,0.1,0.0,0.0,0.1,0,0,-0.0007989347536617791,0.0,0.8155763379917425,1.0331631414547355,0.210602560943688,0.0006311813212070694,-0.0020072973960759176
987,7.46,0.0013422818791946022,1.0,0.2,0.1,0.1,0.1,0.1,0.1,0.0,0.0,0.1,0,0,0.00013422818791946023,0.0,0.8156858113257012,1.0331631414547355,0.2104966015558951,0.0,0.0001882281879194602
988,7.31,-0.02010723860589817,1.0,0.2,0.1,0.1,0.1,0.1,0.1,0.0,0.0,0.1,0,0,-0.002010723860589817,0.0,0.814045692402124,1.0331631414547355,0.21208407487716346,0.0015874733212683512,-0.005131670503126519
989,7.12,-0.02599179206566341,1.0,0.2,0.1,0.1,0.1,0.1,0.1,0.0,0.0,0.1,0,0,-0.002599179206566341,0.0,0.8119298417652374,1.0331631414547355,0.21413200956626527,0.0020479346891018047,-0.00664104858476995
990,7.29,0.02387640449438201,1.0,0.2,0.1,0.1,0.1,0.1,0.1,0.0,0.0,0.1,0,0,0.0023876404494382014,0.0,0.8138684382975421,1.0331631414547355,0.21225563936438696,0.0,0.0024416404494382016
991,7.49,0.027434842249657088,1.0,0.2,0.1,0.1,0.1,0.1,0.1,0.0,0.0,0.1,0,0,0.002743484224965709,0.0,0.8161012735192088,1.0331631414547355,0.2100944751376775,0.0,0.002797484224965709
992,7.52,0.004005340453938499,1.0,0.2,0.1,0.1,0.1,0.1,0.1,0.0,0.0,0.1,0,0,0.00040053404539384994,0.0,0.8164281498637426,1.0331631414547355,0.20977809108232542,0.0,0.00045453404539384996
993,7.59,0.00930851063829791,1.0,0.2,0.1,0.1,0.1,0.1,0.1,0.0,0.0,0.1,0,0,0.0009308510638297911,0.0,0.8171881228755837,1.0331631414547355,0.20904251217774789,0.0,0.0009848510638297912
994,7.47,-0.01581027667984191,1.0,0.2,0.1,0.1,0.1,0.1,0.1,0.0,0.0,0.1,0,0,-0.001581027667984191,0.0,0.8158961258433693,1.0331631414547355,0.21029303785019415,0.0012505256724462677,-0.004028079012876726
995,7.71,0.03212851405622493,1.0,0.2,0.1,0.1,0.1,0.1,0.1,0.0,0.0,0.1,0,0,0.003212851405622493,0.0,0.8185174788581271,1.0331631414547355,0.20775582672682133,0.0,0.0032668514056224934
996,7.57,-0.0181582360570687,1.0,0.2,0.1,0.1,0.1,0.1,0.1,0.0,0.0,0.1,0,0,-0.0018158236057068703,0.0,0.8170311954983328,1.0331631414547355,0.20919440239813453,0.001438575671313197,-0.004638974948333264
997,7.46,-0.014531043593130821,1.0,0.2,0.1,0.1,0.1,0.1,0.1,0.0,0.0,0.1,0,0,-0.001453104359313082,0.0,0.8158439639064594,1.0331631414547355,0.21034352545937898,0.0011491230612444558,-0.0036973504818019936
998,7.38,-0.010723860589812341,1.0,0.2,0.1,0.1,0.1,0.1,0.1,0.0,0.0,0.1,0,0,-0.0010723860589812342,0.0,0.8149690642132622,1.0331631414547355,0.21119034205406054,0.0008468165946815542,-0.0027120192483443425
999,7.55,0.023035230352303513,1.0,0.2,0.1,0.1,0.1,0.1,0.1,0.0,0.0,0.1,0,0,0.0023035230352303512,0.0,0.8168463642256776,1.0331631414547355,0.20937330083656988,0.0,0.0023575230352303514
1000,7.51,-0.005298013245033118,1.0,0.2,0.1,0.1,0.1,0.1,0.1,0.0,0.0,0.1,0,0,-0.0005298013245033118,0.0,0.8164135979399951,1.0331631414547355,0.20979217590897434,0.00041887507240445654,-0.0013135514693122248
1001,7.42,-0.011984021304926746,1.0,0.2,0.1,0.1,0.1,0.1,0.1,0.0,0.0,0.1,0,0,-0.0011984021304926747,0.0,0.8154352061448606,1.0331631414547355,0.210739162648897,0.0009469867399226617,-0.003038375610337998
1002,7.42,0.0,1.0,0.2,0.1,0.1,0.1,0.1,0.1,0.0,0.0,0.1,0,0,0.0,0.0,0.8154352061448606,1.0331631414547355,0.210739162648897,0.0,5.399999999999999e-05
1003,7.34,-0.010781671159029659,1.0,0.2,0.1,0.1,0.1,0.1,0.1,0.0,0.0,0.1,0,0,-0.001078167115902966,0.0,0.8145560307204457,1.0331631414547355,0.21159011772959901,0.000850955080702015,-0.0027260772773069954
1004,7.27,-0.009536784741144453,1.0,0.2,0.1,0.1,0.1,0.1,0.1,0.0,0.0,0.1,0,0,-0.0009536784741144453,0.0,0.8137792061679875,1.0331631414547355,0.2123420072630994,0.0007518895335003883,-0.0024034575411152215
1005,7.21,-0.008253094910591419,1.0,0.2,0.1,0.1,0.1,0.1,0.1,0.0,0.0,0.1,0,0,-0.0008253094910591419,0.0,0.8131075864655104,1.0331631414547355,0.21299206888021383,0.0006500616171144225,-0.0020714327252879866
1006,7.26,0.006934812760055454,1.0,0.2,0.1,0.1,0.1,0.1,0.1,0.0,0.0,0.1,0,0,0.0006934812760055454,0.0,0.8136714613521023,1.0331631414547355,0.21244629361591436,0.0,0.0007474812760055453
1007,7.14,-0.016528925619834725,1.0,0.2,0.1,0.1,0.1,0.1,0.1,0.0,0.0,0.1,0,0,-0.0016528925619834726,0.0,0.8123265498457353,1.0331631414547355,0.21374803527935907,0.001301741663444711,-0.004202375888872894
1008,7.1,-0.005602240896358549,1.0,0.2,0.1,0.1,0.1,0.1,0.1,0.0,0.0,0.1,0,0,-0.0005602240896358548,0.0,0.8118714649438609,1.0331631414547355,0.21418851257051913,0.00044047729116006296,-0.0013871786719559809
1009,7.19,0.012676056338028275,1.0,0.2,0.1,0.1,0.1,0.1,0.1,0.0,0.0,0.1,0,0,0.0012676056338028277,0.0,0.8129005977867474,1.0331631414547355,0.21319241350194662,0.0,0.0013216056338028277
1010,7.12,-0.009735744089012557,1.0,0.2,0.1,0.1,0.1,0.1,0.1,0.0,0.0,0.1,0,0,-0.0009735744089012558,0.0,0.8121091785677617,1.0331631414547355,0.21395842923289052,0.0007660157309438975,-0.0024516058707890506
1011,7.21,0.012640449438202228,1.0,0.2,0.1,0.1,0.1,0.1,0.1,0.0,0.0,0.1,0,0,0.001264044943820223,0.0,0.8131357210687602,1.0331631414547355,0.21296483735972987,0.0,0.001318044943820223
1012,7.23,0.0027739251040222557,1.0,0.2,0.1,0.1,0.1,0.1,0.1,0.0,0.0,0.1,0,0,0.0002773925104022256,0.0,0.8133612788277252,1.0331631414547355,0.2127465197001902,0.0,0.0003313925104022256
1013,7.34,0.015214384508990238,1.0,0.2,0.1,0.1,0.1,0.1,0.1,0.0,0.0,0.1,0,0,0.0015214384508990238,0.0,0.8145987579518061,1.0331631414547355,0.211548761984658,0.0,0.0015754384508990238
1014,7.29,-0.006811989100817414,1.0,0.2,0.1,0.1,0.1,0.1,0.1,0.0,0.0,0.1,0,0,-0.0006811989100817415,0.0,0.8140438541657354,1.0331631414547355,0.21208585410864664,0.0005370921239886417,-0.0017013831580590247
1015,7.34,0.0068587105624142415,1.0,0.2,0.1,0.1,0.1,0.1,0.1,0.0,0.0,0.1,0,0,0.0006858710562414242,0.0,0.814602183283819,1.0331631414547355,0.21154544660117658,0.0,0.0007398710562414242
1016,7.37,0.0040871934604904975,1.0,0.2,0.1,0.1,0.1,0.1,0.1,0.0,0.0,0.1,0,0,0.00040871934604904975,0.0,0.8149351269554609,1.0331631414547355,0.21122318997172196,0.0,0.00046271934604904977
1017,7.39,0.002713704206241462,1.0,0.2,0.1,0.1,0.1,0.1,0.1,0.0,0.0,0.1,0,0,0.0002713704206241462,0.0,0.8151562762436442,1.0331631414547355,0.211009139277006,0.0,0.0003253704206241462
1018,7.28,-0.01488497970230033,1.0,0.2,0.1,0.1,0.1,0.1,0.1,0.0,0.0,0.1,0,0,-0.0014884979702300331,0.0,0.8139429177810352,1.0331631414547355,0.21218355057172225,0.0011744112947162377,-0.0037833205596625083
1019,7.28,0.0,1.0,0.2,0.1,0.1,0.1,0.1,0.1,0.0,0.0,0.1,0,0,0.0,0.0,0.8139429177810352,1.0331631414547355,0.21218355057172225,0.0,5.399999999999999e-05
1020,7.02,-0.0357142857142858,1.0,0.2,0.1,0.1,0.1,0.1,0.1,0.0,0.0,0.1,0,0,-0.0035714285714285804,0.0,0.81103597878896,1.0331631414547355,0.21499718074825186,0.002813630176529608,-0.009144688924487797
1021,6.79,-0.0327635327635327,1.0,0.2,0.1,0.1,0.1,0.1,0.1,0.0,0.0,0.1,0,0,-0.00327635327635327,0.0,0.8083787384026145,1.0331631414547355,0.2175691273070538,0.002571946558801941,-0.008366246393957152
1022,6.64,-0.02209131075110462,1.0,0.2,0.1,0.1,0.1,0.1,0.1,0.0,0.0,0.1,0,0,-0.002209131075110462,0.0,0.8065929238111508,1.0331631414547355,0.21929761966204556,0.0017284923549917564,-0.005612115785093975
1023,6.65,0.001506024096385644,1.0,0.2,0.1,0.1,0.1,0.1,0.1,0.0,0.0,0.1,0,0,0.0001506024096385644,0.0,0.8067143986490741,1.0331631414547355,0.2191800440023561,0.0,0.00020460240963856438
1024,6.58,-0.010526315789473726,1.0,0.2,0.1,0.1,0.1,0.1,0.1,0.0,0.0,0.1,0,0,-0.0010526315789473725,0.0,0.8058652255978646,1.0331631414547355,0.22000195974551154,0.0008219157431554325,-0.0026424630652582375
1025,6.59,0.0015197568389057428,1.0,0.2,0.1,0.1,0.1,0.1,0.1,0.0,0.0,0.1,0,0,0.0001519756838905743,0.0,0.8059876975166484,1.0331631414547355,0.21988341900991054,0.0,0.00020597568389057428
1026,6.45,-0.021244309559939254,1.0,0.2,0.1,0.1,0.1,0.1,0.1,0.0,0.0,0.1,0,0,-0.0021244309559939256,0.0,0.8042754323018938,1.0331631414547355,0.22154072282385004,0.001657303813939498,-0.005385038583872921
1027,6.55,0.015503875968992192,1.0,0.2,0.1,0.1,0.1,0.1,0.1,0.0,0.0,0.1,0,0,0.0015503875968992194,0.0,0.8055223709566254,1.0331631414547355,0.22033380921582504,0.0,0.0016043875968992194
1028,6.46,-0.013740458015267154,1.0,0.2,0.1,0.1,0.1,0.1,0.1,0.0,0.0,0.1,0,0,-0.0013740458015267156,0.0,0.8044155463247766,1.0331631414547355,0.2214051062718643,0.0010712970560392554,-0.003462639913605226
1029,6.28,-0.02786377708978324,1.0,0.2,0.1,0.1,0.1,0.1,0.1,0.0,0.0,0.1,0,0,-0.002786377708978324,0.0,0.8021741407777417,1.0331631414547355,0.22357456572807266,0.0021694594562083613,-0.007071296621395046
1030,6.42,0.022292993630573195,1.0,0.2,0.1,0.1,0.1,0.1,0.1,0.0,0.0,0.1,0,0,0.0022292993630573196,0.0,0.8039624270788386,1.0331631414547355,0.22184368100198879,0.0,0.00228329936305732
1031,6.06,-0.056074766355140235,1.0,0.2,0.1,0.1,0.1,0.1,0.1,0.0,0.0,0.1,0,0,-0.0056074766355140235,0.0,0.7994542265531629,1.0331631414547355,0.22620717437954768,0.004363493377558897,-0.014280463390631819
1032,6.08,0.0033003300330033767,1.0,0.2,0.1,0.1,0.1,0.1,0.1,0.0,0.0,0.1,0,0,0.0003300330033003377,0.0,0.7997180728325534,1.0331631414547355,0.22595179720937592,0.0,0.0003840330033003377
1033,6.21,0.021381578947368404,1.0,0.2,0.1,0.1,0.1,0.1,0.1,0.0,0.0,0.1,0,0,0.0021381578947368405,0.0,0.801427996343544,1.0331631414547355,0.2242967599336723,0.0,0.0021921578947368407
1034,6.25,0.006441223832528186,1.0,0.2,0.1,0.1,0.1,0.1,0.1,0.0,0.0,0.1,0,0,0.0006441223832528187,0.0,0.8019442140545543,1.0331631414547355,0.2237971121139839,0.0,0.0006981223832528187
1035,6.34,0.014399999999999977,1.0,0.2,0.1,0.1,0.1,0.1,0.1,0.0,0.0,0.1,0,0,0.0014399999999999977,0.0,0.8030990137227929,1.0331631414547355,0.22267937995542797,0.0,0.0014939999999999977
1036,6.42,0.012618296529968466,1.0,0.2,0.1,0.1,0.1,0.1,0.1,0.0,0.0,0.1,0,0,0.0012618296529968466,0.0,0.8041123878726009,1.0331631414547355,0.22169853374716983,0.0,0.0013158296529968466
1037,6.4,-0.0031152647975077217,1.0,0.2,0.1,0.1,0.1,0.1,0.1,0.0,0.0,0.1,0,0,-0.0003115264797507722,0.0,0.803861885571083,1.0331631414547355,0.2219409952631364,0.0002424615159665744,-0.0007424495116839211
1038,6.3,-0.015625000000000083,1.0,0.2,0.1,0.1,0.1,0.1,0.1,0.0,0.0,0.1,0,0,-0.0015625000000000083,0.0,0.8026058513748782,1.0331631414547355,0.22315671245803773,0.0012157171949013224,-0.003939934389802653
1039,6.4,0.01587301587301596,1.0,0.2,0.1,0.1,0.1,0.1,0.1,0.0,0.0,0.1,0,0,0.001587301587301596,0.0,0.803879828916743,1.0331631414547355,0.2219236278746378,0.0,0.001641301587301596
1040,6.37,-0.004687500000000039,1.0,0.2,0.1,0.1,0.1,0.1,0.1,0.0,0.0,0.1,0,0,-0.0004687500000000039,0.0,0.8035030102469383,1.0331631414547355,0.2222883511740716,0.0003647232994338223,-0.0011441965988676485
1041,6.19,-0.028257456828885356,1.0,0.2,0.1,0.1,0.1,0.1,0.1,0.0,0.0,0.1,0,0,-0.002825745682888536,0.0,0.8012325150845451,1.0331631414547355,0.22448596650827357,0.0021976153342019578,-0.007166976351292451
1042,6.28,0.014539579967689798,1.0,0.2,0.1,0.1,0.1,0.1,0.1,0.0,0.0,0.1,0,0,0.00145395799676898,0.0,0.8023974735071235,1.0331631414547355,0.22335840167767174,0.0,0.00150795799676898
1043,6.2,-0.012738853503184724,1.0,0.2,0.1,0.1,0.1,0.1,0.1,0.0,0.0,0.1,0,0,-0.0012738853503184726,0.0,0.8013753111204902,1.0331631414547355,0.2243477540322225,0.0009893523545507765,-0.0031985900594200256
1044,6.29,0.014516129032258041,1.0,0.2,0.1,0.1,0.1,0.1,0.1,0.0,0.0,0.1,0,0,0.0014516129032258042,0.0,0.8025385978624393,1.0331631414547355,0.2232218072235596,0.0,0.0015056129032258042
1045,6.18,-0.017488076311605774,1.0,0.2,0.1,0.1,0.1,0.1,0.1,0.0,0.0,0.1,0,0,-0.0017488076311605776,0.0,0.8011351122381966,1.0331631414547355,0.22458024285480618,0.001358435631246574,-0.004411678893653725
1046,6.1,-0.01294498381877024,1.0,0.2,0.1,0.1,0.1,0.1,0.1,0.0,0.0,0.1,0,0,-0.001294498381877024,0.0,0.8000980441317393,1.0331631414547355,0.2255840224757061,0.001003779620899925,-0.0032480576236768735
1047,6.46,0.05901639344262301,1.0,0.2,0.1,0.1,0.1,0.1,0.1,0.0,0.0,0.1,0,0,0.005901639344262301,0.0,0.8048199342282546,1.0331631414547355,0.22101369867392331,0.0,0.005955639344262301
1048,6.56,0.015479876160990657,1.0,0.2,0.1,0.1,0.1,0.1,0.1,0.0,0.0,0.1,0,0,0.0015479876160990657,0.0,0.8060657855196296,1.0331631414547355,0.21980783752635974,0.0,0.0016019876160990657
1049,6.53,-0.00457317073170722,1.0,0.2,0.1,0.1,0.1,0.1,0.1,0.0,0.0,0.1,0,0,-0.000457317073170722,0.0,0.8056971578738127,1.0331631414547355,0.22016463272261294,0.0003567951962532012,-0.0011169074656771243
1050,6.59,0.009188361408882023,1.0,0.2,0.1,0.1,0.1,0.1,0.1,0.0,0.0,0.1,0,0,0.0009188361408882023,0.0,0.8064374615410781,1.0331631414547355,0.21944809180321562,0.0,0.0009728361408882022
1051,6.59,0.0,1.0,0.2,0.1,0.1,0.1,0.1,0.1,0.0,0.0,0.1,0,0,0.0,0.0,0.8064374615410781,1.0331631414547355,0.21944809180321562,0.0,5.399999999999999e-05
1052,6.62,0.004552352048558459,1.0,0.2,0.1,0.1,0.1,0.1,0.1,0.0,0.0,0.1,0,0,0.00045523520485584595,0.0,0.8068045802640862,1.0331631414547355,0.219092757095387,0.0,0.000509235204855846
1053,6.54,-0.012084592145015116,1.0,0.2,0.1,0.1,0.1,0.1,0.1,0.0,0.0,0.1,0,0,-0.0012084592145015117,0.0,0.805829589834764,1.0331631414547355,0.22003645164874605,0.000943694553359048,-0.003041848321219607
1054,6.52,-0.003058103975535239,1.0,0.2,0.1,0.1,0.1,0.1,0.1,0.0,0.0,0.1,0,0,-0.0003058103975535239,0.0,0.8055831587675363,1.0331631414547355,0.2202749726115446,0.00023852096279855517,-0.0007288523231506343
1055,6.74,0.03374233128834366,1.0,0.2,0.1,0.1,0.1,0.1,0.1,0.0,0.0,0.1,0,0,0.0033742331288343663,0.0,0.8083013841498808,1.0331631414547355,0.2176439985927491,0.0,0.0034282331288343665
1056,6.85,0.016320474777447986,1.0,0.2,0.1,0.1,0.1,0.1,0.1,0.0,0.0,0.1,0,0,0.0016320474777447988,0.0,0.8096205703851402,1.0331631414547355,0.21636715645395393,0.0,0.0016860474777447988
1057,6.95,0.01459854014598548,1.0,0.2,0.1,0.1,0.1,0.1,0.1,0.0,0.0,0.1,0,0,0.001459854014598548,0.0,0.8108024982251185,1.0331631414547355,0.215223166901332,0.0,0.001513854014598548
1058,6.89,-0.008633093525179927,1.0,0.2,0.1,0.1,0.1,0.1,0.1,0.0,0.0,0.1,0,0,-0.0008633093525179927,0.0,0.8101025248453558,1.0331631414547355,0.2159006720809855,0.0006775051796535092,-0.002164319711825011
1059,6.91,0.002902757619738819,1.0,0.2,0.1,0.1,0.1,0.1,0.1,0.0,0.0,0.1,0,0,0.00029027576197388193,0.0,0.8103376779730322,1.0331631414547355,0.21567306705111064,0.0,0.00034427576197388195
1060,6.85,-0.008683068017366208,1.0,0.2,0.1,0.1,0.1,0.1,0.1,0.0,0.0,0.1,0,0,-0.0008683068017366208,0.0,0.8096340562555447,1.0331631414547355,0.21635410346177544,0.0006810364106648037,-0.002176379623066228
1061,6.9,0.007299270072992805,1.0,0.2,0.1,0.1,0.1,0.1,0.1,0.0,0.0,0.1,0,0,0.0007299270072992805,0.0,0.810225030019235,1.0331631414547355,0.21578209915773292,0.0,0.0007839270072992804
1062,7.0,0.014492753623188354,1.0,0.2,0.1,0.1,0.1,0.1,0.1,0.0,0.0,0.1,0,0,0.0014492753623188354,0.0,0.8113992691931758,1.0331631414547355,0.21464555147535286,0.0,0.0015032753623188354
1063,6.95,-0.0071428571428571175,1.0,0.2,0.1,0.1,0.1,0.1,0.1,0.0,0.0,0.1,0,0,-0.0007142857142857118,0.0,0.8108196982866094,1.0331631414547355,0.21520651893858464,0.0005609674632317818,-0.0017822206407492754
1064,6.86,-0.012949640287769763,1.0,0.2,0.1,0.1,0.1,0.1,0.1,0.0,0.0,0.1,0,0,-0.0012949640287769765,0.0,0.8097697159435044,1.0331631414547355,0.21622279826657784,0.001016279327993197,-0.00327352268476337
1065,6.95,0.013119533527696771,1.0,0.2,0.1,0.1,0.1,0.1,0.1,0.0,0.0,0.1,0,0,0.0013119533527696772,0.0,0.8108320960373079,1.0331631414547355,0.21519451913893922,0.0,0.0013659533527696772
1066,6.66,-0.041726618705035974,1.0,0.2,0.1,0.1,0.1,0.1,0.1,0.0,0.0,0.1,0,0,-0.004172661870503597,0.0,0.8074487678667925,1.0331631414547355,0.21846924704469037,0.003274727905751146,-0.01066811768200589
1067,7.01,0.0525525525525525,1.0,0.2,0.1,0.1,0.1,0.1,0.1,0.0,0.0,0.1,0,0,0.0052552552552552504,0.0,0.8116921172474738,1.0331631414547355,0.21436210344807843,0.0,0.005309255255255251
1068,7.05,0.005706134094151218,1.0,0.2,0.1,0.1,0.1,0.1,0.1,0.0,0.0,0.1,0,0,0.0005706134094151218,0.0,0.8121552796538919,1.0331631414547355,0.2139138079293611,0.0,0.0006246134094151217
1069,7.09,0.0056737588652482325,1.0,0.2,0.1,0.1,0.1,0.1,0.1,0.0,0.0,0.1,0,0,0.0005673758865248232,0.0,0.8126160769756813,1.0331631414547355,0.21346780157925016,0.0,0.0006213758865248232
1070,7.04,-0.007052186177715067,1.0,0.2,0.1,0.1,0.1,0.1,0.1,0.0,0.0,0.1,0,0,-0.0007052186177715068,0.0,0.8120430049890975,1.0331631414547355,0.21402247872905328,0.0005546771498031178,-0.0017605729173777423
1071,7.18,0.01988636363636359,1.0,0.2,0.1,0.1,0.1,0.1,0.1,0.0,0.0,0.1,0,0,0.001988636363636359,0.0,0.8136578632376554,1.0331631414547355,0.21245945524925308,0.0,0.0020426363636363593
1072,7.34,0.022284122562674116,1.0,0.2,0.1,0.1,0.1,0.1,0.1,0.0,0.0,0.1,0,0,0.0022284122562674117,0.0,0.8154710283925026,1.0331631414547355,0.21070449024702295,0.0,0.002282412256267412
1073,7.32,-0.0027247956403269173,1.0,0.2,0.1,0.1,0.1,0.1,0.1,0.0,0.0,0.1,0,0,-0.00027247956403269176,0.0,0.815248829202205,1.0331631414547355,0.21091955714341337,0.0002150668963904201,-0.0006486133568135321
1074,7.32,0.0,1.0,0.2,0.1,0.1,0.1,0.1,0.1,0.0,0.0,0.1,0,0,0.0,0.0,0.815248829202205,1.0331631414547355,0.21091955714341337,0.0,5.399999999999999e-05
1075,7.36,0.005464480874316944,1.0,0.2,0.1,0.1,0.1,0.1,0.1,0.0,0.0,0.1,0,0,0.0005464480874316944,0.0,0.8156943203657036,1.0331631414547355,0.21048836564458454,0.0,0.0006004480874316943
1076,7.36,0.0,1.0,0.2,0.1,0.1,0.1,0.1,0.1,0.0,0.0,0.1,0,0,0.0,0.0,0.8156943203657036,1.0331631414547355,0.21048836564458454,0.0,5.399999999999999e-05
1077,7.35,-0.0013586956521740047,1.0,0.2,0.1,0.1,0.1,0.1,0.1,0.0,0.0,0.1,0,0,-0.00013586956521740047,0.0,0.8155834923330452,1.0331631414547355,0.21059563624707847,0.00010727060249393627,-0.00029641077020527303
1078,7.32,-0.004081632653061137,1.0,0.2,0.1,0.1,0.1,0.1,0.1,0.0,0.0,0.1,0,0,-0.00040816326530611374,0.0,0.8152506011116848,1.0331631414547355,0.21091784210983472,0.0003222058627562474,-0.0009985749908186085
1079,7.36,0.005464480874316944,1.0,0.2,0.1,0.1,0.1,0.1,0.1,0.0,0.0,0.1,0,0,0.0005464480874316944,0.0,0.8156960932434398,1.0331631414547355,0.21048664967382913,0.0,0.0006004480874316943
1080,7.4,0.005434782608695656,1.0,0.2,0.1,0.1,0.1,0.1,0.1,0.0,0.0,0.1,0,0,0.0005434782608695657,0.0,0.8161394063375939,1.0331631414547355,0.2100575663312606,0.0,0.0005974782608695657
1081,7.27,-0.017567567567567673,1.0,0.2,0.1,0.1,0.1,0.1,0.1,0.0,0.0,0.1,0,0,-0.0017567567567567674,0.0,0.8147056479210548,1.0331631414547355,0.21144530303905704,0.001387736707796433,-0.004478230172349633
1082,7.19,-0.011004126547455185,1.0,0.2,0.1,0.1,0.1,0.1,0.1,0.0,0.0,0.1,0,0,-0.0011004126547455185,0.0,0.8138091355161898,1.0331631414547355,0.2123130386065519,0.000867735567494865,-0.0027818837897352483
1083,7.25,0.008344923504867817,1.0,0.2,0.1,0.1,0.1,0.1,0.1,0.0,0.0,0.1,0,0,0.0008344923504867817,0.0,0.8144882530145344,1.0331631414547355,0.21165571986269083,0.0,0.0008884923504867817
1084,7.19,-0.008275862068965464,1.0,0.2,0.1,0.1,0.1,0.1,0.1,0.0,0.0,0.1,0,0,-0.0008275862068965464,0.0,0.8138141937706603,1.0331631414547355,0.21230814271521825,0.0006524228525274234,-0.002078431911951393
1085,7.08,-0.015299026425591142,1.0,0.2,0.1,0.1,0.1,0.1,0.1,0.0,0.0,0.1,0,0,-0.0015299026425591143,0.0,0.8125691372850584,1.0331631414547355,0.2135132345692006,0.0012050918539823485,-0.003886086350523811
1086,7.06,-0.002824858757062212,1.0,0.2,0.1,0.1,0.1,0.1,0.1,0.0,0.0,0.1,0,0,-0.0002824858757062212,0.0,0.8123395979807406,1.0331631414547355,0.21373540597186463,0.00022217140266403423,-0.0006728286810342897
1087,7.11,0.00708215297450435,1.0,0.2,0.1,0.1,0.1,0.1,0.1,0.0,0.0,0.1,0,0,0.000708215297450435,0.0,0.8129149093107554,1.0331631414547355,0.2131785613585302,0.0,0.000762215297450435
1088,7.07,-0.005625879043600567,1.0,0.2,0.1,0.1,0.1,0.1,0.1,0.0,0.0,0.1,0,0,-0.0005625879043600567,0.0,0.8124575732155033,1.0331631414547355,0.213621217582801,0.00044265622427080986,-0.0013939003529016764
1089,6.97,-0.01414427157001422,1.0,0.2,0.1,0.1,0.1,0.1,0.1,0.0,0.0,0.1,0,0,-0.001414427157001422,0.0,0.8113084111600357,1.0331631414547355,0.21473349308834166,0.0011122755055406608,-0.0035849781680827434
1090,7.08,0.015781922525107652,1.0,0.2,0.1,0.1,0.1,0.1,0.1,0.0,0.0,0.1,0,0,0.0015781922525107653,0.0,0.8125888118089252,1.0331631414547355,0.21349419157097763,0.0,0.0016321922525107653
1091,7.21,0.018361581920903938,1.0,0.2,0.1,0.1,0.1,0.1,0.1,0.0,0.0,0.1,0,0,0.001836158192090394,0.0,0.8140808534125292,1.0331631414547355,0.2120500424877039,0.0,0.001890158192090394
1092,7.25,0.005547850208044388,1.0,0.2,0.1,0.1,0.1,0.1,0.1,0.0,0.0,0.1,0,0,0.0005547850208044388,0.0,0.8145324932757263,1.0331631414547355,0.2116128996541325,0.0,0.0006087850208044387
1093,7.39,0.019310344827586163,1.0,0.2,0.1,0.1,0.1,0.1,0.1,0.0,0.0,0.1,0,0,0.0019310344827586164,0.0,0.816105383607569,1.0331631414547355,0.2100904969776026,0.0,0.0019850344827586166
1094,7.28,-0.01488497970230033,1.0,0.2,0.1,0.1,0.1,0.1,0.1,0.0,0.0,0.1,0,0,-0.0014884979702300331,0.0,0.8148906124005754,1.0331631414547355,0.21126627566951683,0.0011757786919142366,-0.003786055354058506
1095,7.41,0.017857142857142842,1.0,0.2,0.1,0.1,0.1,0.1,0.1,0.0,0.0,0.1,0,0,0.0017857142857142844,0.0,0.8163457742084336,1.0331631414547355,0.2098578225903552,0.0,0.0018397142857142844
1096,7.3,-0.014844804318488572,1.0,0.2,0.1,0.1,0.1,0.1,0.1,0.0,0.0,0.1,0,0,-0.0014844804318488573,0.0,0.8151339248809986,1.0331631414547355,0.21103077319109836,0.0011729506007431556,-0.0037763816333351683
1097,7.26,-0.005479452054794526,1.0,0.2,0.1,0.1,0.1,0.1,0.1,0.0,0.0,0.1,0,0,-0.0005479452054794526,0.0,0.8146872761550364,1.0331631414547355,0.21146308509619907,0.0004323119051007074,-0.0013585690156808674
1098,7.22,-0.005509641873278242,1.0,0.2,0.1,0.1,0.1,0.1,0.1,0.0,0.0,0.1,0,0,-0.0005509641873278243,0.0,0.8142384126420034,1.0331631414547355,0.21189754069669703,0.00043445560049795717,-0.0013658753883237387
1099,7.33,0.015235457063711957,1.0,0.2,0.1,0.1,0.1,0.1,0.1,0.0,0.0,0.1,0,0,0.0015235457063711958,0.0,0.8154789420795465,1.0331631414547355,0.21069683057864497,0.0,0.0015775457063711958
1100,7.4,0.009549795361528005,1.0,0.2,0.1,0.1,0.1,0.1,0.1,0.0,0.0,0.1,0,0,0.0009549795361528005,0.0,0.816257707781396,1.0331631414547355,0.2099430622040271,0.0,0.0010089795361528007
1101,7.42,0.002702702702702645,1.0,0.2,0.1,0.1,0.1,0.1,0.1,0.0,0.0,0.1,0,0,0.00027027027027026453,0.0,0.8164783179726881,1.0331631414547355,0.20972953330192018,0.0,0.00032427027027026454
1102,7.43,0.0013477088948786774,1.0,0.2,0.1,0.1,0.1,0.1,0.1,0.0,0.0,0.1,0,0,0.00013477088948786776,0.0,0.8165883554818488,1.0331631414547355,0.20962302784818732,0.0,0.00018877088948786774
1103,7.43,0.0,1.0,0.2,0.1,0.1,0.1,0.1,0.1,0.0,0.0,0.1,0,0,0.0,0.0,0.8165883554818488,1.0331631414547355,0.20962302784818732,0.0,5.399999999999999e-05
1104,7.43,0.0,1.0,0.2,0.1,0.1,0.1,0.1,0.1,0.0,0.0,0.1,0,0,0.0,0.0,0.8165883554818488,1.0331631414547355,0.20962302784818732,0.0,5.399999999999999e-05
1105,7.54,0.014804845222072722,1.0,0.2,0.1,0.1,0.1,0.1,0.1,0.0,0.0,0.1,0,0,0.0014804845222072722,0.0,0.8177973019031544,1.0331631414547355,0.20845288697420752,0.0,0.0015344845222072722
1106,7.41,-0.017241379310344813,1.0,0.2,0.1,0.1,0.1,0.1,0.1,0.0,0.0,0.1,0,0,-0.0017241379310344814,0.0,0.8163873065550455,1.0331631414547355,0.20981762337597606,0.0013647364017685404,-0.0043996107345715615
1107,7.48,0.009446693657220012,1.0,0.2,0.1,0.1,0.1,0.1,0.1,0.0,0.0,0.1,0,0,0.0009446693657220013,0.0,0.8171585226341124,1.0331631414547355,0.20907116229144598,0.0,0.0009986693657220013
1108,7.45,-0.004010695187165809,1.0,0.2,0.1,0.1,0.1,0.1,0.1,0.0,0.0,0.1,0,0,-0.0004010695187165809,0.0,0.8168307852587244,1.0331631414547355,0.20938837973972474,0.000317217448278756,-0.000981504415274093
1109,7.26,-0.025503355704698038,1.0,0.2,0.1,0.1,0.1,0.1,0.1,0.0,0.0,0.1,0,0,-0.002550335570469804,0.0,0.8147475926520243,1.0331631414547355,0.21140470467730127,0.00201632493757653,-0.006528985445622864
1110,7.23,-0.004132231404958589,1.0,0.2,0.1,0.1,0.1,0.1,0.1,0.0,0.0,0.1,0,0,-0.000413223140495859,0.0,0.8144109200930773,1.0331631414547355,0.21173057050181474,0.000325865824513466,-0.001010954789522791
1111,7.17,-0.00829875518672206,1.0,0.2,0.1,0.1,0.1,0.1,0.1,0.0,0.0,0.1,0,0,-0.000829875518672206,0.0,0.8137350604083528,1.0331631414547355,0.21238473600347293,0.0006541655016581993,-0.002084206521988604
1112,7.16,-0.0013947001394699842,1.0,0.2,0.1,0.1,0.1,0.1,0.1,0.0,0.0,0.1,0,0,-0.00013947001394699841,0.0,0.8136215687681284,1.0331631414547355,0.21249458471532742,0.00010984871185448775,-0.0003051674376559739
1113,7.35,0.02653631284916194,1.0,0.2,0.1,0.1,0.1,0.1,0.1,0.0,0.0,0.1,0,0,0.0026536312849161944,0.0,0.8157806204170941,1.0331631414547355,0.21040483570828714,0.0,0.0027076312849161946
1114,7.68,0.04489795918367348,1.0,0.2,0.1,0.1,0.1,0.1,0.1,0.0,0.0,0.1,0,0,0.004489795918367348,0.0,0.819443308916926,1.0331631414547355,0.20685971456248758,0.0,0.004543795918367348
1115,7.56,-0.015625000000000014,1.0,0.2,0.1,0.1,0.1,0.1,0.1,0.0,0.0,0.1,0,0,-0.0015625000000000014,0.0,0.8181629287467432,1.0331631414547355,0.20809899625848371,0.0012392816959961306,-0.003987063391992262
1116,7.6,0.005291005291005296,1.0,0.2,0.1,0.1,0.1,0.1,0.1,0.0,0.0,0.1,0,0,0.0005291005291005296,0.0,0.8185958191852336,1.0331631414547355,0.2076800010184088,0.0,0.0005831005291005296
1117,7.95,0.04605263157894744,1.0,0.2,0.1,0.1,0.1,0.1,0.1,0.0,0.0,0.1,0,0,0.004605263157894744,0.0,0.8223656683525341,1.0331631414547355,0.20403115891783563,0.0,0.0046592631578947444
1118,7.79,-0.02012578616352203,1.0,0.2,0.1,0.1,0.1,0.1,0.1,0.0,0.0,0.1,0,0,-0.002012578616352203,0.0,0.8207105927935856,1.0331631414547355,0.20563310878668023,0.0016019498688445988,-0.0051624783540414
1119,7.61,-0.023106546854942196,1.0,0.2,0.1,0.1,0.1,0.1,0.1,0.0,0.0,0.1,0,0,-0.0023106546854942196,0.0,0.8188142140169123,1.0331631414547355,0.20746861636586378,0.0018355075791835485,-0.005927669843861316
1120,7.81,0.026281208935610943,1.0,0.2,0.1,0.1,0.1,0.1,0.1,0.0,0.0,0.1,0,0,0.0026281208935610943,0.0,0.8209661567607149,1.0331631414547355,0.20538574807773208,0.0,0.0026821208935610946
1121,7.78,-0.0038412291933417877,1.0,0.2,0.1,0.1,0.1,0.1,0.1,0.0,0.0,0.1,0,0,-0.0003841229193341788,0.0,0.8206508048439054,1.0331631414547355,0.20569097762392508,0.0003052295461929977,-0.0009405820117201743
1122,7.65,-0.016709511568123378,1.0,0.2,0.1,0.1,0.1,0.1,0.1,0.0,0.0,0.1,0,0,-0.0016709511568123378,0.0,0.8192795374322125,1.0331631414547355,0.20701822920373086,0.0013272515798057882,-0.004271454316423914
1123,7.6,-0.006535947712418394,1.0,0.2,0.1,0.1,0.1,0.1,0.1,0.0,0.0,0.1,0,0,-0.0006535947712418395,0.0,0.8187440606103614,1.0331631414547355,0.20753651794281333,0.0005182887390824675,-0.0016361722494067745
1124,7.52,-0.010526315789473694,1.0,0.2,0.1,0.1,0.1,0.1,0.1,0.0,0.0,0.1,0,0,-0.0010526315789473695,0.0,0.8178822247570873,1.0331631414547355,0.2083706900291894,0.0008341720863760671,-0.0026669757516995032
1125,7.42,-0.013297872340425485,1.0,0.2,0.1,0.1,0.1,0.1,0.1,0.0,0.0,0.1,0,0,-0.0013297872340425486,0.0,0.816794615415655,1.0331631414547355,0.20942338857968246,0.0010526985504930586,-0.0033811843350286656
1126,7.5,0.010781671159029659,1.0,0.2,0.1,0.1,0.1,0.1,0.1,0.0,0.0,0.1,0,0,0.001078167115902966,0.0,0.8176752565104428,1.0331631414547355,0.20857101487464705,0.0,0.001132167115902966
1127,7.86,0.04800000000000004,1.0,0.2,0.1,0.1,0.1,0.1,0.1,0.0,0.0,0.1,0,0,0.004800000000000005,0.0,0.8216000977416928,1.0331631414547355,0.20477215574604546,0.0,0.004854000000000005
1128,8.24,0.04834605597964375,1.0,0.2,0.1,0.1,0.1,0.1,0.1,0.0,0.0,0.1,0,0,0.004834605597964375,0.0,0.825572210173523,1.0331631414547355,0.20092754275855804,0.0,0.004888605597964375
1129,9.27,0.12499999999999992,1.0,0.2,0.1,0.1,0.1,0.1,0.1,0.0,0.0,0.1,1,0,0.012499999999999992,0.0,0.835891862800692,1.0331631414547355,0.19093913704304002,0.0,0.01255399999999999
1130,8.96,-0.033441208198489614,1.0,0.2,0.1,0.1,0.1,0.1,0.1,0.0,0.0,0.1,0,0,-0.0033441208198489616,0.0,0.833096539419158,1.0331631414547355,0.1936447343193793,0.002705597276339289,-0.008701315372527541
1131,8.41,-0.061383928571428645,1.0,0.2,0.1,0.1,0.1,0.1,0.1,0.0,0.0,0.1,0,0,-0.006138392857142865,0.0,0.827982665572277,1.0331631414547355,0.1985944597225528,0.004949725403173483,-0.015983843663489827
1132,8.47,0.00713436385255654,1.0,0.2,0.1,0.1,0.1,0.1,0.1,0.0,0.0,0.1,0,0,0.000713436385255654,0.0,0.8285733785322572,1.0331631414547355,0.19802270785077336,0.0,0.0007674363852556539
1133,9.05,0.06847697756788666,1.0,0.2,0.1,0.1,0.1,0.1,0.1,0.0,0.0,0.1,0,0,0.006847697756788666,0.0,0.8342471985977673,1.0331631414547355,0.1925310097463277,0.0,0.0069016977567886665
1134,8.75,-0.03314917127071831,1.0,0.2,0.1,0.1,0.1,0.1,0.1,0.0,0.0,0.1,0,0,-0.003314917127071831,0.0,0.8314817382709239,1.0331631414547355,0.195207702531699,0.002676692785371304,-0.00861430269781444
1135,9.51,0.08685714285714283,1.0,0.2,0.1,0.1,0.1,0.1,0.1,0.0,0.0,0.1,0,0,0.008685714285714283,0.0,0.8387037510833341,1.0331631414547355,0.18821750657654587,0.0,0.008739714285714281
1136,9.66,0.015772870662460605,1.0,0.2,0.1,0.1,0.1,0.1,0.1,0.0,0.0,0.1,0,0,0.0015772870662460606,0.0,0.8400266276623298,1.0331631414547355,0.1869370925490641,0.0,0.0016312870662460606
1137,9.97,0.032091097308488664,1.0,0.2,0.1,0.1,0.1,0.1,0.1,0.0,0.0,0.1,0,0,0.0032091097308488666,0.0,0.8427223652873331,1.0331631414547355,0.18432788446097106,0.0,0.003263109730848867
1138,10.25,0.02808425275827476,1.0,0.2,0.1,0.1,0.1,0.1,0.1,0.0,0.0,0.1,0,0,0.002808425275827476,0.0,0.8450890880785112,1.0331631414547355,0.18203713027490354,0.0,0.0028624252758274763
1139,11.49,0.12097560975609759,1.0,0.2,0.1,0.1,0.1,0.1,0.1,0.0,0.0,0.1,1,0,0.01209756097560976,0.0,0.8553126048513635,1.0331631414547355,0.17214177458261942,0.0,0.012151560975609758
1140,12.78,0.11227154046997381,1.0,0.2,0.12455695160015098,0.12455695160015098,0.12455695160015098,0.1,0.1,0.0,0.0,0.1,1,0,0.011227154046997381,0.0,0.8649153312243685,1.0331631414547355,0.1628472827567845,0.0,0.01128115404699738
1141,12.5,-0.021909233176838763,1.0,0.2,0.15360224843270706,0.15360224843270706,0.15360224843270706,0.1,0.15360224843270706,0.053602248432707056,0.0,0.1,0,0,-0.0033653074773988953,5.360224843270706e-05,0.8619582637864246,1.0331631414547355,0.16570943232377372,0.002862149566989214,-0.009092004825400912
1142,13.96,0.11680000000000007,1.0,0.25360224843270707,0.14465801269072673,0.14465801269072673,0.14465801269072673,0.15360224843270706,0.14465801269072673,-0.008944235741980333,0.053602248432707056,0.1,1,0,0.01689605588227689,8.944235741980334e-06,0.8765142492216392,1.0331631414547355,0.1516206743617744,0.0,0.016956878771896975
1143,14.89,0.06661891117478508,1.0,0.24465801269072673,0.18868540264867725,0.18868540264867725,0.18868540264867725,0.14465801269072673,0.18868540264867725,0.044027389957950525,0.0,0.14465801269072673,0,0,0.012570016079030787,4.4027389957950524e-05,0.8874934567932006,1.0331631414547355,0.1409938845247868,0.0,0.012595824926979454
1144,15.56,0.044996642041638675,1.0,0.28868540264867726,0.22189413048487103,0.22189413048487103,0.22189413048487103,0.18868540264867725,0.22189413048487103,0.033208727836193774,0.044027389957950525,0.14465801269072673,0,0,0.009984490760568406,3.320872783619378e-05,0.896325154483954,1.0331631414547355,0.13244567240185137,0.0,0.010038271944018856
1145,15.53,-0.0019280205655527723,1.0,0.32189413048487103,0.24860725589223287,0.24860725589223287,0.24860725589223287,0.22189413048487103,0.24860725589223287,0.026713125407361843,0.033208727836193774,0.18868540264867725,0,0,-0.0004793199021058656,2.6713125407361843e-05,0.8958715843523942,1.0331631414547355,0.13288468354477806,0.0004390111429266874,-0.0012853308631443033
1146,14.35,-0.07598197037990984,1.0,0.34860725589223285,0.2472353711737127,0.2472353711737127,0.2472353711737127,0.24860725589223287,0.2472353711737127,-0.0013718847185201777,0.026713125407361843,0.22189413048487103,0,0,-0.018785430649387053,1.3718847185201777e-06,0.8790410218012494,1.0331631414547355,0.14917500776932083,0.016290324224542768,-0.05125647090010178
1147,14.06,-0.020209059233449417,1.0,0.3472353711737127,0.19632811509264872,0.19632811509264872,0.19632811509264872,0.2472353711737127,0.19632811509264872,-0.05090725608106397,0.0,0.2472353711737127,0,0,-0.003967606507098813,5.090725608106397e-05,0.8755085833567414,1.0331631414547355,0.15259405971065723,0.003419051941336404,-0.010787401242103128
1148,14.78,0.0512091038406827,1.0,0.2963281150926487,0.18564356342163493,0.18564356342163493,0.18564356342163493,0.19632811509264872,0.18564356342163493,-0.010684551671013787,0.0,0.19632811509264872,0,0,0.009506640516612869,1.0684551671013787e-05,0.8838223743112257,1.0331631414547355,0.14454713021723947,0.0,0.0095813217075754
1149,15.12,0.0230040595399188,1.0,0.28564356342163494,0.21079020425851314,0.21079020425851314,0.21079020425851314,0.18564356342163493,0.21079020425851314,0.025146640836878204,0.0,0.18564356342163493,0,0,0.004849030409194482,2.5146640836878205e-05,0.8880858307167767,1.0331631414547355,0.14042052500409963,0.0,0.004911125064367465
1150,15.66,0.035714285714285775,1.0,0.3107902042585131,0.22368585542002262,0.22368585542002262,0.22368585542002262,0.21079020425851314,0.22368585542002262,0.01289565116150948,0.025146640836878204,0.18564356342163493,0,0,0.007988780550715106,1.2895651161509481e-05,0.895169101083498,1.0331631414547355,0.13356461804951378,0.0,0.008073627370075864
1151,15.31,-0.022349936143039567,1.0,0.3236858554200226,0.24511055871975404,0.24511055871975404,0.24511055871975404,0.22368585542002262,0.24511055871975404,0.021424703299731424,0.01289565116150948,0.21079020425851314,0,0,-0.005478205335371253,2.1424703299731424e-05,0.8902460022054891,1.0331631414547355,0.13832969210265603,0.004765074053142249,-0.014929471672971041
1152,16.9,0.10385369039843227,1.0,0.34511055871975405,0.23021973520667074,0.23021973520667074,0.23021973520667074,0.24511055871975404,0.23021973520667074,-0.014890823513083296,0.021424703299731424,0.22368585542002262,1,0,0.023909169103762642,1.4890823513083295e-05,0.9115177879200668,1.0331631414547355,0.11774070197992853,0.0,0.023993164033729843
1153,16.27,-0.03727810650887568,1.0,0.33021973520667075,0.294560294971563,0.294560294971563,0.294560294971563,0.23021973520667074,0.294560294971563,0.06434055976489225,0.0,0.23021973520667074,0,0,-0.010980650049235763,6.434055976489226e-05,0.9014500825125525,1.0331631414547355,0.12748524764126376,0.00974454566133523,-0.03044157549499486
1154,15.37,-0.0553165334972342,1.0,0.394560294971563,0.26410860791909774,0.26410860791909774,0.26410860791909774,0.294560294971563,0.26410860791909774,-0.03045168705246526,0.06434055976489225,0.23021973520667074,0,0,-0.014609572656864663,3.045168705246526e-05,0.8882528313597426,1.0331631414547355,0.1402588848562225,0.01277363721495875,-0.04008591146667559
1155,15.25,-0.007807417046193834,1.0,0.3641086079190977,0.22419100478448775,0.22419100478448775,0.22419100478448775,0.26410860791909774,0.22419100478448775,-0.039917603134609986,0.0,0.26410860791909774,0,0,-0.001750352672357733,3.991760313460999e-05,0.8866626187186375,1.0331631414547355,0.14179805381928295,0.0015391689630604444,-0.004784209364285611
1156,16.32,0.07016393442622952,1.0,0.32419100478448776,0.21938109621568877,0.21938109621568877,0.21938109621568877,0.22419100478448775,0.21938109621568877,-0.004809908568798982,0.0,0.22419100478448775,0,0,0.015392640849231936,4.809908568798982e-06,0.9003064331968856,1.0331631414547355,0.12859218735850592,0.0,0.015488177804882071
1157,15.56,-0.04656862745098038,1.0,0.3193810962156888,0.26064939648024665,0.26064939648024665,0.26064939648024665,0.21938109621568877,0.26064939648024665,0.04126830026455788,0.0,0.21938109621568877,0,0,-0.012138084640011483,4.1268300264557886e-05,0.8893412833925797,1.0331631414547355,0.13920537066358063,0.010613183305074714,-0.03331072692740091
1158,15.97,0.026349614395886897,1.0,0.36064939648024663,0.2274832300857123,0.2274832300857123,0.2274832300857123,0.26064939648024665,0.2274832300857123,-0.03316616639453435,0.04126830026455788,0.21938109621568877,0,0,0.005994095394289336,3.316616639453435e-05,0.894642583842328,1.0331631414547355,0.1340742347983543,0.0,0.006049786910766824
1159,15.83,-0.008766437069505358,1.0,0.32748323008571234,0.24351799711718147,0.24351799711718147,0.24351799711718147,0.2274832300857123,0.24351799711718147,0.016034767031469166,0.0,0.2274832300857123,0,0,-0.0021347851970197587,1.6034767031469165e-05,0.8927183687123096,1.0331631414547355,0.1359366852215363,0.0018624504231819772,-0.0057732080046125865
1160,17.09,0.07959570435881237,1.0,0.34351799711718145,0.23769783638558098,0.23769783638558098,0.23769783638558098,0.24351799711718147,0.23769783638558098,-0.005820160731600493,0.016034767031469166,0.2274832300857123,0,0,0.01891972671167606,5.8201607316004936e-06,0.9096031605144458,1.0331631414547355,0.11959387243171712,0.0,0.019019715015556573
1161,15.17,-0.11234640140433001,1.0,0.337697836385581,0.2887691449381614,0.2887691449381614,0.2887691449381614,0.23769783638558098,0.2887691449381614,0.051071308552580436,0.0,0.23769783638558098,0,1,-0.03244217427040783,5.107130855258044e-05,0.8800472016404514,1.0331631414547355,0.14820112494401488,0.02860725251229776,-0.08961005734231031
1162,16.9,0.11404087013843102,1.0,0.3887691449381614,0.19937149100193913,0.19937149100193913,0.19937149100193913,0.2887691449381614,0.19937149100193913,-0.08939765393622229,0.051071308552580436,0.23769783638558098,1,0,0.02273649831465751,8.93976539362223e-05,0.8999777192021886,1.0331631414547355,0.12891035007793294,0.0,0.022698175333499736
1163,16.69,-0.012426035502958422,1.0,0.29937149100193916,0.25965516306572833,0.25965516306572833,0.25965516306572833,0.19937149100193913,0.25965516306572833,0.060283672063789207,0.0,0.19937149100193913,0,0,-0.0032264842747811986,6.028367206378921e-05,0.8970197012818402,1.0331631414547355,0.13177341961812525,0.0028630695401923034,-0.008927708247646065
1164,16.23,-0.02756141402037153,1.0,0.3596551630657283,0.2507080867898955,0.2507080867898955,0.2507080867898955,0.25965516306572833,0.2507080867898955,-0.008947076275832855,0.060283672063789207,0.19937149100193913,0,0,-0.006909869378271548,8.947076275832854e-06,0.8908133866125582,1.0331631414547355,0.13778051996874682,0.006007100350621575,-0.018824778568723617
1165,16.4,0.01047443006777561,1.0,0.3507080867898955,0.23193588331489323,0.23193588331489323,0.23193588331489323,0.2507080867898955,0.23193588331489323,-0.018772203475002247,0.0,0.2507080867898955,0,0,0.002429396189989613,1.8772203475002248e-05,0.8929608027298348,1.0331631414547355,0.13570203300854322,0.0,0.00250812286238461
1166,14.55,-0.11280487804878037,0.7150964736938477,0.303445530684278,0.23843115978082405,0.23843115978082405,0.23843115978082405,0.23193588331489323,0.23843115978082405,0.006495276465930816,0.0,0.23193588331489323,0,1,-0.026896197902105123,6.495276465930816e-06,0.8689377522335036,1.0331631414547355,0.1589539760293771,0.023251943020833887,-0.07330087781337596
1167,14.0,-0.037800687285223414,1.0,0.33843115978082405,0.16576881371668792,0.16576881371668792,0.16576881371668792,0.23843115978082405,0.16576881371668792,-0.07266234606413613,0.006495276465930816,0.23193588331489323,0,0,-0.006266175088946974,7.266234606413613e-05,0.8634296970809514,1.0331631414547355,0.16428523005068935,0.005331254021312237,-0.016954702942198266
1168,14.02,0.0014285714285713982,1.0,0.2657688137166879,0.14910866357637226,0.14910866357637226,0.14910866357637226,0.16576881371668792,0.14910866357637226,-0.01666015014031566,0.0,0.16576881371668792,0,0,0.00021301237653767013,1.666015014031566e-05,0.8635992334243108,1.0331631414547355,0.1641211355949767,0.0,0.0002641473133409009
1169,13.28,-0.052781740370898736,1.0,0.24910866357637226,0.14962144978594916,0.14962144978594916,0.14962144978594916,0.14910866357637226,0.14962144978594916,0.0005127862095768987,0.0,0.14910866357637226,0,0,-0.007897280516519431,5.127862095768987e-07,0.8567787051823303,1.0331631414547355,0.17072273409216743,0.006601598497190719,-0.021024905767285298
1170,12.67,-0.045933734939759,1.0,0.24962144978594916,0.12899144403912716,0.12899144403912716,0.12899144403912716,0.14962144978594916,0.12899144403912716,-0.020630005746822,0.0005127862095768987,0.14910866357637226,0,0,-0.0059250587999900226,2.0630005746822e-05,0.8516845656259341,1.0331631414547355,0.17565335864892767,0.004930624556760244,-0.015749841331288445
1171,12.58,-0.007103393843725324,1.0,0.22899144403912716,0.11358327083585146,0.11358327083585146,0.11358327083585146,0.12899144403912716,0.11358327083585146,-0.015408173203275699,0.0,0.12899144403912716,0,0,-0.0008068267068055735,1.54081732032757e-05,0.8509842808693113,1.0331631414547355,0.1763311652106646,0.0006778065617369378,-0.002125142823231114
1172,12.6,0.00158982511923685,1.0,0.21358327083585146,0.1114651173383012,0.1114651173383012,0.1114651173383012,0.11358327083585146,0.1114651173383012,-0.0021181534975502625,0.0,0.11358327083585146,0,0,0.00017721004346311418,2.1181534975502623e-06,0.8511332813153798,1.0331631414547355,0.17618694747767552,0.0,0.00023345720018982474
1173,12.5,-0.007936507936507908,1.0,0.2114651173383012,0.11191578433215202,0.11191578433215202,0.11191578433215202,0.1114651173383012,0.11191578433215202,0.00045066699385082343,0.0,0.1114651173383012,0,0,-0.0008882205105726319,4.506669938508234e-07,0.8503769037000073,1.0331631414547355,0.17691904639315512,0.0007320989154795954,-0.0022934599570929165
1174,12.36,-0.011200000000000045,1.0,0.21191578433215202,0.10962799042763768,0.10962799042763768,0.10962799042763768,0.11191578433215202,0.10962799042763768,-0.0022877939045143347,0.00045066699385082343,0.1114651173383012,0,0,-0.001227833492789547,2.2877939045143348e-06,0.8493308369690529,1.0331631414547355,0.1779315357948594,0.0010124894017042863,-0.00319767817056943
1175,12.26,-0.008090614886731363,1.0,0.2096279904276377,0.10646396167880734,0.10646396167880734,0.10646396167880734,0.10962799042763768,0.10646396167880734,-0.0031640287488303442,0.0,0.10962799042763768,0,0,-0.000861358913258956,3.1640287488303445e-06,0.8485965709751384,1.0331631414547355,0.1786422328420659,0.0007106970472064988,-0.002230421418869723
1176,13.02,0.06199021207177812,1.0,0.20646396167880735,0.10424303673514956,0.10424303673514956,0.10424303673514956,0.10646396167880734,0.10424303673514956,-0.002220924943657776,0.0,0.10646396167880734,0,0,0.006462047954218079,2.2209249436577763e-06,0.8540783580412732,1.0331631414547355,0.1733364037370746,0.0,0.006514742422419023
1177,12.68,-0.026113671274961586,1.0,0.20424303673514957,0.12082374505985152,0.12082374505985152,0.12082374505985152,0.10424303673514956,0.12082374505985152,0.01658070832470196,0.0,0.10424303673514956,0,0,-0.0031551515607027266,1.658070832470196e-05,0.8513694501527957,1.0331631414547355,0.17595835934097195,0.002621955603897358,-0.008360198610370758
1178,13.45,0.060725552050473156,1.0,0.22082374505985153,0.11263010874687315,0.11263010874687315,0.11263010874687315,0.12082374505985152,0.11263010874687315,-0.00819363631297837,0.01658070832470196,0.10424303673514956,0,0,0.006839525531158698,8.19363631297837e-06,0.8571854374319218,1.0331631414547355,0.17032905739845697,0.0,0.0068872018170995555
1179,14.25,0.05947955390334578,1.0,0.21263010874687316,0.1302216745940501,0.1302216745940501,0.1302216745940501,0.11263010874687315,0.1302216745940501,0.017591565847176943,0.0,0.11263010874687315,0,0,0.007745527113400756,1.7591565847176943e-05,0.8638097112446973,1.0331631414547355,0.16391741382835412,0.0,0.007787098158665973
1180,14.06,-0.013333333333333298,1.0,0.2302216745940501,0.15025810189794833,0.15025810189794833,0.15025810189794833,0.1302216745940501,0.15025810189794833,0.020036427303898235,0.017591565847176943,0.11263010874687315,0,0,-0.0020034413586393057,2.0036427303898238e-05,0.8620618114827117,1.0331631414547355,0.16560920836868637,0.0016917945403322476,-0.0053404767174324635
1181,13.31,-0.05334281650071124,1.0,0.25025810189794834,0.144971216472566,0.144971216472566,0.144971216472566,0.15025810189794833,0.144971216472566,-0.005286885425382332,0.020036427303898235,0.1302216745940501,0,0,-0.0077331729981809745,5.286885425382332e-06,0.8553907807373637,1.0331631414547355,0.17206610803697575,0.006456899668289384,-0.020580529925177598
1182,13.13,-0.013523666416228378,1.0,0.244971216472566,0.12479341440184291,0.12479341440184291,0.12479341440184291,0.144971216472566,0.12479341440184291,-0.02017780207072309,0.0,0.144971216472566,0,0,-0.0016876645073126738,2.0177802070723088e-05,0.8539299081709639,1.0331631414547355,0.17348008856704272,0.0014139805300669717,-0.0044803602596784385
1183,12.72,-0.031226199543031234,1.0,0.22479341440184292,0.12037470788050628,0.12037470788050628,0.12037470788050628,0.12479341440184291,0.12037470788050628,-0.004418706521336635,0.0,0.12479341440184291,0,0,-0.0037588446482107836,4.4187065213366354e-06,0.8507163450400343,1.0331631414547355,0.17659050066169482,0.0031104120946520986,-0.009922766114747072
1184,14.2,0.11635220125786153,1.0,0.22037470788050628,0.11065468043388094,0.11065468043388094,0.11065468043388094,0.12037470788050628,0.11065468043388094,-0.00972002744662534,0.0,0.12037470788050628,1,0,0.012874915647967267,9.72002744662534e-06,0.8616609772365487,1.0331631414547355,0.16599717637691264,0.0,0.012919381740076502
1185,14.69,0.03450704225352114,1.0,0.21065468043388094,0.14375882074494672,0.14375882074494672,0.14375882074494672,0.11065468043388094,0.14375882074494672,0.03310414031106579,0.0,0.11065468043388094,0,0,0.004960691701762249,3.310414031106579e-05,0.8659068871501674,1.0331631414547355,0.1618875544370123,0.0,0.004984890824617431
1186,15.8,0.07556160653505795,1.0,0.24375882074494673,0.1566013865197038,0.1566013865197038,0.1566013865197038,0.14375882074494672,0.1566013865197038,0.012842565774757064,0.03310414031106579,0.11065468043388094,0,0,0.011833052351046385,1.2842565774757065e-05,0.8761420882107939,1.0331631414547355,0.15198088950681077,0.0,0.011893034937740136
1187,15.93,0.008227848101265759,1.0,0.25660138651970377,0.1875597130527536,0.1875597130527536,0.1875597130527536,0.1566013865197038,0.1875597130527536,0.030958326533049807,0.012842565774757064,0.14375882074494672,0,0,0.0015432128289150492,3.095832653304981e-05,0.877467038028417,1.0331631414547355,0.1506984687888615,0.0,0.0015882039793708679
1188,15.95,0.001255492780916483,1.0,0.28755971305275363,0.19156728722353136,0.19156728722353136,0.19156728722353136,0.1875597130527536,0.19156728722353136,0.004007574170777767,0.030958326533049807,0.1566013865197038,0,0,0.00024051134616889802,4.0075741707777665e-06,0.8776745622927148,1.0331631414547355,0.1504976057731662,0.0,0.0003274215419263404
1189,15.82,-0.008150470219435674,1.0,0.29156728722353137,0.19219499863881434,0.19219499863881434,0.19219499863881434,0.19156728722353136,0.19219499863881434,0.0006277114152829777,0.004007574170777767,0.1875597130527536,0,0,-0.0015664796127301363,6.277114152829777e-07,0.8762991520579297,1.0331631414547355,0.15182886719703817,0.0013312614238719656,-0.004136790378914767
1190,15.73,-0.005689001264222494,1.0,0.2921949986388144,0.188034780698059,0.188034780698059,0.188034780698059,0.19219499863881434,0.188034780698059,-0.004160217940755329,0.0006277114152829777,0.19156728722353136,0,0,-0.0010697301051090572,4.160217940755329e-06,0.875358102878438,1.0331631414547355,0.15273970996884548,0.0009108427718073075,-0.0028060493544672703
1191,16.83,0.0699300699300698,1.0,0.288034780698059,0.18518842607942604,0.18518842607942604,0.18518842607942604,0.188034780698059,0.18518842607942604,-0.0028463546186329736,0.0,0.188034780698059,0,0,0.012950239585973824,2.8463546186329736e-06,0.8866917084546581,1.0331631414547355,0.14176989782450017,0.0,0.013036506257801266
1192,16.12,-0.04218657159833615,1.0,0.28518842607942607,0.2194690596328601,0.2194690596328601,0.2194690596328601,0.18518842607942604,0.2194690596328601,0.03428063355343405,0.0,0.18518842607942604,0,0,-0.009258647197821159,3.428063355343406e-05,0.8784517463993106,1.0331631414547355,0.14974536822673046,0.00797547040223029,-0.025158227517713853
1193,15.93,-0.011786600496277994,1.0,0.3194690596328601,0.19454570338324317,0.19454570338324317,0.19454570338324317,0.2194690596328601,0.19454570338324317,-0.024923356249616918,0.03428063355343405,0.18518842607942604,0,0,-0.0022930324840456854,2.492335624961692e-05,0.8764155340433267,1.0331631414547355,0.1517162209161874,0.001970852689456931,-0.0061781042937269545
1194,15.75,-0.01129943502824857,1.0,0.29454570338324315,0.18838682063125925,0.18838682063125925,0.18838682063125925,0.19454570338324317,0.18838682063125925,-0.006158882751983924,0.0,0.19454570338324317,0,0,-0.002128664639901231,6.158882751983924e-06,0.8745445415456323,1.0331631414547355,0.1535271570816607,0.0018109361654733147,-0.005668036959109613
1195,17.54,0.1136507936507936,1.0,0.28838682063125926,0.18272763900667904,0.18272763900667904,0.18272763900667904,0.18838682063125925,0.18272763900667904,-0.005659181624580206,0.0,0.18838682063125925,1,0,0.020767141195044782,5.659181624580207e-06,0.8927013823148667,1.0331631414547355,0.135953126378563,0.0,0.020848255371977747
1196,19.25,0.09749144811858614,1.0,0.2827276390066791,0.23764647394559157,0.23764647394559157,0.23764647394559157,0.18272763900667904,0.23764647394559157,0.05491883493891253,0.0,0.18272763900667904,0,0,0.02316849888523157,5.4918834938912535e-05,0.9133349071760083,1.0331631414547355,0.11598190979790882,0.0,0.02319482300924329
1197,19.92,0.034805194805194895,1.0,0.33764647394559155,0.3000565417117163,0.3000565417117163,0.3000565417117163,0.23764647394559157,0.3000565417117163,0.06241006776612473,0.05491883493891253,0.18272763900667904,0,0,0.010443526386849374,6.241006776612474e-05,0.9228163430856815,1.0331631414547355,0.10680481517534711,0.0,0.01047592485329282
1198,20.69,0.038654618473895556,1.0,0.40005654171171634,0.32873494401600717,0.32873494401600717,0.32873494401600717,0.3000565417117163,0.32873494401600717,0.028678402304290862,0.06241006776612473,0.23764647394559157,0,0,0.012707123839976173,2.8678402304290862e-05,0.9345162197404852,1.0331631414547355,0.09548048875935655,0.0,0.012796507204879015
1199,20.54,-0.007249879168680625,1.0,0.4287349440160072,0.3782469578142768,0.3782469578142768,0.3782469578142768,0.32873494401600717,0.3782469578142768,0.04951201379826964,0.028678402304290862,0.3000565417117163,0,0,-0.0027422447400745446,4.951201379826964e-05,0.9319072777724209,1.0331631414547355,0.09800568721387243,0.0025251984545158757,-0.007725803951772588
1200,21.96,0.06913339824732238,1.0,0.47824695781427684,0.36246443950233637,0.36246443950233637,0.36246443950233637,0.3782469578142768,0.36246443950233637,-0.01578251831194044,0.04951201379826964,0.32873494401600717,0,0,0.02505839844660751,1.578251831194044e-05,0.955244673810459,1.0331631414547355,0.07541739006926264,0.0,0.025173375050898755
1201,24.36,0.10928961748633872,1.0,0.4624644395023364,0.5036413002783308,0.4624644395023364,0.4624644395023364,0.36246443950233637,0.36246443950233637,0.0,0.0,0.36246443950233637,1,0,0.039613599945610506,0.0,0.9930853541689616,1.0331631414547355,0.038791344442798054,0.0,0.03975225032736966
1202,23.93,-0.017651888341543503,1.0,0.4624644395023364,0.7060432821535712,0.4624644395023364,0.4624644395023364,0.36246443950233637,0.4624644395023364,0.10000000000000003,0.0,0.36246443950233637,0,0,-0.008163370648029742,0.00010000000000000003,0.9848791218023336,1.0331631414547355,0.04673416783376154,0.007942823390963485,-0.024049862780937837
1203,22.4,-0.06393648140409533,1.0,0.5624644395023364,0.666329154375557,0.5624644395023364,0.5624644395023364,0.4624644395023364,0.5624644395023364,0.09999999999999998,0.10000000000000003,0.36246443950233637,0,0,-0.035961997176706034,9.999999999999998e-05,0.9493624136925012,1.0331631414547355,0.08111083758199071,0.03437666974822917,-0.10471767775688579
1204,20.99,-0.06294642857142858,1.0,0.6624644395023364,0.46805728078218345,0.46805728078218345,0.46805728078218345,0.5624644395023364,0.46805728078218345,-0.09440715872015293,0.09999999999999998,0.4624644395023364,0,0,-0.029462534192092802,9.440715872015293e-05,0.9213021645103258,1.0331631414547355,0.10827039066347739,0.02715955308148668,-0.08377386329553302
1205,20.91,-0.0038113387327297905,1.0,0.5680572807821834,0.3241550255570066,0.3241550255570066,0.3241550255570066,0.46805728078218345,0.3241550255570066,-0.14390225522517686,0.0,0.46805728078218345,0,0,-0.0012354646043144344,0.00014390225522517685,0.9200313508369781,1.0331631414547355,0.10950041293426643,0.0012300222707890412,-0.0037799154017523966
1206,20.88,-0.001434720229555291,1.0,0.42415502555700657,0.32031120117790857,0.32031120117790857,0.32031120117790857,0.3241550255570066,0.32031120117790857,-0.0038438243790980264,0.0,0.3241550255570066,0,0,-0.0004595569600831,3.843824379098026e-06,0.9196050075872704,1.0331631414547355,0.10991307114147598,0.0004126582072095514,-0.0011600119497241254
1207,21.7,0.03927203065134101,1.0,0.42031120117790854,0.31902164537498334,0.31902164537498334,0.31902164537498334,0.32031120117790857,0.31902164537498334,-0.001289555802925224,0.0,0.32031120117790857,0,0,0.012528627835607587,1.2895558029252241e-06,0.9311252106011183,1.0331631414547355,0.09876265108523297,0.0,0.012657041602997531
1208,23.1,0.06451612903225816,1.0,0.4190216453749833,0.3577334139556655,0.3577334139556655,0.3577334139556655,0.31902164537498334,0.3577334139556655,0.03871176858068215,0.0,0.31902164537498334,0,0,0.023079575093913937,3.871176858068215e-05,0.9525791393173507,1.0331631414547355,0.07799736450520223,0.0,0.023159363572140088
1209,22.27,-0.03593073593073601,1.0,0.45773341395566547,0.48751647435409895,0.45773341395566547,0.45773341395566547,0.3577334139556655,0.45773341395566547,0.09999999999999998,0.03871176858068215,0.31902164537498334,0,0,-0.016446698423515288,9.999999999999998e-05,0.9368170995745347,1.0331631414547355,0.09325346406042095,0.015256099555218727,-0.04695996941253025
1210,22.48,0.009429726088908885,1.0,0.5577334139556654,0.3921658530883295,0.3921658530883295,0.3921658530883295,0.45773341395566547,0.3921658530883295,-0.06556756086733595,0.09999999999999998,0.3577334139556655,0,0,0.00369801657604623,6.556756086733595e-05,0.940220039925287,1.0331631414547355,0.08995975349893034,0.0,0.0037426883128011254
1211,21.76,-0.032028469750889625,1.0,0.4921658530883295,0.4127515278803431,0.4127515278803431,0.4127515278803431,0.3921658530883295,0.4127515278803431,0.020585674792013564,0.0,0.3921658530883295,0,0,-0.013219799825349043,2.0585674792013564e-05,0.9277711641417182,1.0331631414547355,0.10200903718324787,0.012049283684317527,-0.03720381308370445
1212,21.78,0.0009191176470588039,1.0,0.5127515278803431,0.34372176360346773,0.34372176360346773,0.34372176360346773,0.4127515278803431,0.34372176360346773,-0.06902976427687535,0.020585674792013564,0.3921658530883295,0,0,0.00031592073860612166,6.902976427687535e-05,0.9280002224683876,1.0331631414547355,0.1017873313194993,0.0,0.00034772235988808235
1213,21.56,-0.010101010101010211,1.0,0.4437217636034677,0.3444145977497799,0.3444145977497799,0.3444145977497799,0.34372176360346773,0.3444145977497799,0.0006928341463121601,0.0,0.34372176360346773,0,0,-0.0034789353308058955,6.928341463121602e-07,0.9247711267572047,1.0331631414547355,0.10491277741955685,0.0031254461000575495,-0.00959539087257648
1214,21.7,0.00649350649350652,1.0,0.44441459774977987,0.3346475617962014,0.3346475617962014,0.3346475617962014,0.3444145977497799,0.3346475617962014,-0.009767035953578473,0.0006928341463121601,0.34372176360346773,0,0,0.0021730361155597585,9.767035953578473e-06,0.9267716555414313,1.0331631414547355,0.10297646290739791,0.0,0.002291980704337426
1215,22.14,0.020276497695852595,1.0,0.43464756179620145,0.3406985508279175,0.3406985508279175,0.3406985508279175,0.3346475617962014,0.3406985508279175,0.006050989031716081,0.0,0.3346475617962014,0,0,0.006908173380842588,6.050989031716081e-06,0.9331683469372394,1.0331631414547355,0.0967850966660497,0.0,0.0070338707262700174
1216,20.43,-0.07723577235772361,1.0,0.44069855082791753,0.3700931355414647,0.3700931355414647,0.3700931355414647,0.3406985508279175,0.3700931355414647,0.029394584713547223,0.006050989031716081,0.3346475617962014,0,0,-0.028584429167836718,2.9394584713547224e-05,0.9064668323265185,1.0331631414547355,0.12262952872072412,0.02584443205467442,-0.08017751063031595
1217,22.68,0.11013215859030837,-1.0,0.27009313554146475,0.2792827164763111,0.27009313554146475,0.27009313554146475,0.3700931355414647,0.27009313554146475,-0.09999999999999998,0.029394584713547223,0.3406985508279175,1,0,0.02974594003760625,9.999999999999998e-05,0.9333398936837494,1.0331631414547355,0.09661905633841233,0.0,0.029714225737811156
1218,25.16,0.10934744268077604,-0.9627153873443604,0.1738215968070287,0.3711309082863328,0.1738215968070287,0.1738215968070287,0.27009313554146475,0.1738215968070287,-0.09627153873443606,0.0,0.27009313554146475,1,0,0.01900694709353753,9.627153873443606e-05,0.950989981595557,1.0331631414547355,0.07953551241043633,0.0,0.01894870437501017
1219,24.01,-0.04570747217806036,1.0,0.27382159680702867,0.47790303677625723,0.27382159680702867,0.27382159680702867,0.1738215968070287,0.27382159680702867,0.09999999999999998,0.0,0.1738215968070287,0,0,-0.012515693017809323,9.999999999999998e-05,0.9389925839247354,1.0331631414547355,0.09114780981966138,0.01161229740922505,-0.03577098183830198
1220,23.43,-0.02415660141607671,1.0,0.37382159680702864,0.40532618612537696,0.37382159680702864,0.37382159680702864,0.27382159680702867,0.37382159680702864,0.09999999999999998,0.09999999999999998,0.1738215968070287,0,0,-0.009030259314788725,9.999999999999998e-05,0.930419338138839,1.0331631414547355,0.09944586599482155,0.008298056175160176,-0.025635924258768476
1221,22.99,-0.01877934272300475,-1.0,0.27382159680702867,0.35346334651728895,0.27382159680702867,0.27382159680702867,0.37382159680702864,0.27382159680702867,-0.09999999999999998,0.09999999999999998,0.27382159680702867,0,0,-0.005142189611399615,9.999999999999998e-05,0.9255419035502024,1.0331631414547355,0.10416674152060641,0.0047208755257848595,-0.014614634665011887
1222,21.15,-0.08003479773814702,1.0,0.37382159680702864,0.3369789415972072,0.3369789415972072,0.3369789415972072,0.27382159680702867,0.3369789415972072,0.06315734479017854,0.0,0.27382159680702867,0,0,-0.026970041432747335,6.315734479017854e-05,0.9005215452945893,1.0331631414547355,0.12838398006860902,0.024217238548002604,-0.07536520006522747
1223,20.94,-0.009929078014184271,-1.0,0.2369789415972072,0.26130006499699365,0.2369789415972072,0.2369789415972072,0.3369789415972072,0.2369789415972072,-0.1,0.06315734479017854,0.27382159680702867,0,0,-0.002352982398837488,0.0001,0.8983125817942077,1.0331631414547355,0.13052203882404553,0.002138058755436517,-0.006670607956008517
1224,21.56,0.029608404966571033,-1.0,0.1369789415972072,0.2546186171483995,0.1369789415972072,0.1369789415972072,0.2369789415972072,0.1369789415972072,-0.1,0.0,0.2369789415972072,0,0,0.004055727974702393,0.0001,0.9018660620040382,1.0331631414547355,0.1270826205296346,0.0,0.003976657401396062
1225,21.9,0.015769944341372907,1.0,0.2369789415972072,0.2653668247173875,0.2369789415972072,0.2369789415972072,0.1369789415972072,0.2369789415972072,0.1,0.0,0.1369789415972072,0,0,0.0037371447190654183,0.0001,0.9051462793887606,1.0331631414547355,0.12390769369271346,0.0,0.003695636672767423
1226,21.15,-0.03424657534246576,1.0,0.3369789415972072,0.2752884602183502,0.2752884602183502,0.2752884602183502,0.2369789415972072,0.2752884602183502,0.038309518621142985,0.1,0.1369789415972072,0,0,-0.009427686993779117,3.830951862114299e-05,0.8965781678648544,1.0331631414547355,0.132200780408759,0.008293086716045533,-0.025951621869468523
1227,20.58,-0.026950354609929093,1.0,0.37528846021835016,0.2493725702179136,0.2493725702179136,0.2493725702179136,0.2752884602183502,0.2493725702179136,-0.025915890000436592,0.038309518621142985,0.2369789415972072,0,0,-0.006720679197362214,2.5915890000436594e-05,0.8905293180021008,1.0331631414547355,0.13805547036047042,0.005854689951711428,-0.018356621400921227
1228,20.71,0.006316812439261544,1.0,0.34937257021791357,0.23107664510756373,0.23107664510756373,0.23107664510756373,0.2493725702179136,0.23107664510756373,-0.01829592511034986,0.0,0.2493725702179136,0,0,0.0014596678262382837,1.829592511034986e-05,0.8918129019381996,1.0331631414547355,0.13681308773511708,0.0,0.001538832076088797
1229,20.78,0.003380009657170463,1.0,0.33107664510756374,0.23495909609044346,0.23495909609044346,0.23495909609044346,0.23107664510756373,0.23495909609044346,0.0038824509828797316,0.0,0.23107664510756373,0,0,0.0007941640138257416,3.882450982879732e-06,0.8925176852321068,1.0331631414547355,0.1361309270330668,0.0,0.0008961923289043051
1230,21.12,0.016361886429258895,1.0,0.3349590960904435,0.23709084689758292,0.23709084689758292,0.23709084689758292,0.23495909609044346,0.23709084689758292,0.002131750807139454,0.0038824509828797316,0.23107664510756373,0,0,0.0038792535103550603,2.1317508071394543e-06,0.8959780849703016,1.0331631414547355,0.1327816014528662,0.0,0.003984583150473333
1231,20.77,-0.016571969696969762,0.8334391117095947,0.3204347580685424,0.24755751565226816,0.24755751565226816,0.24755751565226816,0.23709084689758292,0.24755751565226816,0.010466668754685243,0.002131750807139454,0.23495909609044346,0,0,-0.004102515647646505,1.0466668754685243e-05,0.8922929429509358,1.0331631414547355,0.13634845539054832,0.003566853937682135,-0.011140159850884996
1232,20.95,0.008666345690900324,1.0,0.34755751565226817,0.23641107455037957,0.23641107455037957,0.23641107455037957,0.24755751565226816,0.23641107455037957,-0.011146441101888588,0.010466668754685243,0.23709084689758292,0,0,0.0020488200972107974,1.1146441101888588e-05,0.8941111447743189,1.0331631414547355,0.1345886153900398,0.0,0.002140412962586153
1233,22.22,0.06062052505966585,1.0,0.33641107455037955,0.24191058091954398,0.24191058091954398,0.24191058091954398,0.23641107455037957,0.24191058091954398,0.005499506369164409,0.0,0.23641107455037957,0,0,0.014664746432831539,5.499506369164408e-06,0.9072181408252675,1.0331631414547355,0.1219023362100707,0.0,0.01476653108433302
1234,23.43,0.0544554455445545,1.0,0.34191058091954396,0.2815551901244732,0.2815551901244732,0.2815551901244732,0.24191058091954398,0.2815551901244732,0.03964460920492924,0.005499506369164409,0.23641107455037957,0,0,0.01533221332360994,3.964460920492924e-05,0.9210918365827927,1.0331631414547355,0.10847396734860469,0.0,0.015394115528825613
1235,22.63,-0.034144259496372203,1.0,0.38155519012447325,0.32351886238935906,0.32351886238935906,0.32351886238935906,0.2815551901244732,0.32351886238935906,0.04196367226488584,0.03964460920492924,0.24191058091954398,0,0,-0.011046311989393405,4.196367226488585e-05,0.9108785163890596,1.0331631414547355,0.11835945375818793,0.009885486409583241,-0.030748917672116627
1236,20.7,-0.08528501988510825,1.0,0.4235188623893591,0.2926267063252349,0.2926267063252349,0.2926267063252349,0.32351886238935906,0.2926267063252349,-0.030892156064124154,0.04196367226488584,0.2815551901244732,0,0,-0.024956674467861394,3.089215606412416e-05,0.8881178787744856,1.0331631414547355,0.14038950564575928,0.022030051887571345,-0.06893891868685796
1237,19.95,-0.036231884057971016,1.0,0.3926267063252349,0.22378280610003887,0.22378280610003887,0.22378280610003887,0.2926267063252349,0.22378280610003887,-0.06884390022519604,0.0,0.2926267063252349,0,0,-0.008108072684784017,6.884390022519604e-05,0.8808558129620913,1.0331631414547355,0.14741846895369243,0.00702896330793315,-0.022165042713911697
1238,19.95,0.0,1.0,0.32378280610003884,0.201817283781235,0.201817283781235,0.201817283781235,0.22378280610003887,0.201817283781235,-0.02196552231880386,0.0,0.22378280610003887,0,0,0.0,2.196552231880386e-05,0.8808364645040719,1.0331631414547355,0.1474371963523413,1.8727398648860083e-05,2.624915987311372e-05
1239,19.85,-0.005012531328320695,-1.0,0.101817283781235,0.20175875015742115,0.101817283781235,0.101817283781235,0.201817283781235,0.101817283781235,-0.1,0.0,0.201817283781235,0,0,-0.000510362324717959,0.0001,0.880298835111901,1.0331631414547355,0.14795756856714362,0.0005203722148023338,-0.0016462364396198385
1240,19.84,-0.0005037783375315648,1.0,0.201817283781235,0.2001326143760341,0.2001326143760341,0.2001326143760341,0.101817283781235,0.2001326143760341,0.0983153305947991,0.0,0.101817283781235,0,0,-0.00010082247575620421,9.83153305947991e-05,0.8801235343329435,1.0331631414547355,0.14812724242785705,0.00016967386071342627,-0.0004915954624518268
1241,19.34,-0.02520161290322581,-1.0,0.1001326143760341,0.19960236586818342,0.1001326143760341,0.1001326143760341,0.2001326143760341,0.1001326143760341,-0.1,0.0983153305947991,0.101817283781235,0,0,-0.002523503386492795,0.0001,0.8778145272600891,1.0331631414547355,0.15036213349220848,0.0022348910643514297,-0.007089221870847102
1242,19.36,0.0010341261633919118,1.0,0.2001326143760341,0.19261833131510053,0.19261833131510053,0.19261833131510053,0.1001326143760341,0.19261833131510053,0.09248571693906643,0.0,0.1001326143760341,0,0,0.00019919165596183705,9.248571693906643e-05,0.8779081952835082,1.0331631414547355,0.15027147208583352,0.0,0.00015377298640712942
1243,18.55,-0.04183884297520655,1.0,0.2926183313151005,0.192901639642295,0.192901639642295,0.192901639642295,0.19261833131510053,0.192901639642295,0.00028330832719447585,0.09248571693906643,0.1001326143760341,0,0,-0.008070781410653859,2.8330832719447583e-07,0.8708225414220511,1.0331631414547355,0.1571296860281933,0.0068582139423597754,-0.021694219899624834
1244,18.86,0.01671159029649589,1.0,0.292901639642295,0.1714697185926104,0.1714697185926104,0.1714697185926104,0.192901639642295,0.1714697185926104,-0.02143192104968461,0.00028330832719447585,0.19261833131510053,0,0,0.0028655316853751487,2.143192104968461e-05,0.8732992476068789,1.0331631414547355,0.15473247876686905,0.0,0.0029186245163196505
1245,20.9,0.10816542948038171,1.0,0.2714697185926104,0.17896099798595128,0.17896099798595128,0.17896099798595128,0.1714697185926104,0.1714697185926104,0.0,0.0,0.1714697185926104,1,0,0.018547095754449898,0.0,0.8894964123745327,1.0331631414547355,0.13905522111243174,0.0,0.018632336466968928
1246,19.79,-0.05311004784688993,1.0,0.2714697185926104,0.2279524303987977,0.2279524303987977,0.2279524303987977,0.1714697185926104,0.2279524303987977,0.0564827118061873,0.0,0.1714697185926104,0,0,-0.012106564485294992,5.64827118061873e-05,0.878677425529169,1.0331631414547355,0.1495269330921391,0.010471711979707365,-0.03302911844049456
1247,20.88,0.05507832238504295,1.0,0.32795243039879773,0.19522831626429904,0.19522831626429904,0.19522831626429904,0.2279524303987977,0.19522831626429904,-0.03272411413449866,0.0564827118061873,0.1714697185926104,0,0,0.010752848141894186,3.272411413449866e-05,0.8880969565112343,1.0331631414547355,0.14040975633261765,0.0,0.010798030503168183
1248,18.77,-0.10105363984674327,1.0,0.295228316264299,0.22371952273109455,0.22371952273109455,0.22371952273109455,0.19522831626429904,0.22371952273109455,0.02849120646679551,0.0,0.19522831626429904,0,1,-0.022607672076753325,2.849120646679551e-05,0.8679938487923152,1.0331631414547355,0.15986758144493546,0.019457825112317806,-0.06146185765236109
1249,19.13,0.01917954182205644,1.0,0.32371952273109456,0.16291379779811113,0.16291379779811113,0.16291379779811113,0.22371952273109455,0.16291379779811113,-0.06080572493298342,0.02849120646679551,0.19522831626429904,0,0,0.003124611998258919,6.080572493298342e-05,0.8706532137914534,1.0331631414547355,0.15729357847054196,0.0,0.003115227146230508
1250,20.04,0.04756926293779405,1.0,0.26291379779811114,0.17095758430883576,0.17095758430883576,0.17095758430883576,0.16291379779811113,0.17095758430883576,0.008043786510724626,0.0,0.16291379779811113,0,0,0.008132326279197103,8.043786510724627e-06,0.8777266464534604,1.0331631414547355,0.15044719344363583,0.0,0.00820529925263669
1251,20.25,0.010479041916167707,1.0,0.27095758430883576,0.19235253185230858,0.19235253185230858,0.19235253185230858,0.17095758430883576,0.19235253185230858,0.02139494754347282,0.008043786510724626,0.16291379779811113,0,0,0.0020156702439613258,2.139494754347282e-05,0.8794770750214903,1.0331631414547355,0.14875295126851798,0.0,0.002076789643851506
1252,20.36,0.005432098765432071,1.0,0.2923525318523086,0.19764700755667394,0.19764700755667394,0.19764700755667394,0.19235253185230858,0.19764700755667394,0.0052944757043653645,0.02139494754347282,0.17095758430883576,0,0,0.0010736380657399517,5.294475704365365e-06,0.8804166587171728,1.0331631414547355,0.14784352694046898,0.0,0.0011608459529597432
1253,19.7,-0.03241650294695482,1.0,0.29764700755667395,0.20048898495920628,0.20048898495920628,0.20048898495920628,0.19764700755667394,0.20048898495920628,0.0028419774025323363,0.0052944757043653645,0.19235253185230858,0,0,-0.006499151771762091,2.8419774025323365e-06,0.8746921951055333,1.0331631414547355,0.15338424300161224,0.005540716061143258,-0.017488670969030867
1254,19.44,-0.013197969543147108,1.0,0.3004889849592063,0.18317425474733032,0.18317425474733032,0.18317425474733032,0.20048898495920628,0.18317425474733032,-0.01731473021187596,0.0028419774025323363,0.19764700755667394,0,0,-0.002417528235243935,1.731473021187596e-05,0.8725624569673416,1.0331631414547355,0.15544561942198373,0.0020613764203714913,-0.006476480303017677
1255,18.76,-0.034979423868312744,1.0,0.2831742547473303,0.17673243619718176,0.17673243619718176,0.17673243619718176,0.18317425474733032,0.17673243619718176,-0.006441818550148554,0.0,0.18317425474733032,0,0,-0.006181998797020759,6.441818550148554e-06,0.8671626560190225,1.0331631414547355,0.16067209405281105,0.005226474630827316,-0.016557311937184818
1256,18.67,-0.004797441364605535,1.0,0.2767324361971818,0.16039969250796807,0.16039969250796807,0.16039969250796807,0.17673243619718176,0.16039969250796807,-0.016332743689213697,0.0,0.17673243619718176,0,0,-0.0007695081197077346,1.63327436892137e-05,0.866481204168711,1.0331631414547355,0.1613316722190937,0.0006595781662826483,-0.002032360589116061
1257,17.65,-0.05463310123192303,1.0,0.2603996925079681,0.1583385359519836,0.1583385359519836,0.1583385359519836,0.16039969250796807,0.1583385359519836,-0.0020611565559844613,0.0,0.16039969250796807,0,0,-0.008650525263579205,2.0611565559844614e-06,0.8589839006682184,1.0331631414547355,0.1685883224030483,0.007256650183954605,-0.02308695689993165
1258,17.53,-0.006798866855523935,1.0,0.25833853595198364,0.13566148318618237,0.13566148318618237,0.13566148318618237,0.1583385359519836,0.13566148318618237,-0.02267705276580123,0.0,0.1583385359519836,0,0,-0.000922344361605753,2.2677052765801233e-05,0.8581721424874865,1.0331631414547355,0.16937402424253598,0.0007857018394876736,-0.002457409152630257
1259,17.91,0.02167712492869361,1.0,0.23566148318618238,0.13320619091662556,0.13320619091662556,0.13320619091662556,0.13566148318618237,0.13320619091662556,-0.002455292269556819,0.0,0.13566148318618237,0,0,0.0028875272417751043,2.4552922695568194e-06,0.8606480308636244,1.0331631414547355,0.1669776085393473,0.0,0.002953121684341634
1260,17.73,-0.010050251256281392,1.0,0.23320619091662556,0.14069495573901503,0.14069495573901503,0.14069495573901503,0.13320619091662556,0.14069495573901503,0.007488764822389471,0.0,0.13320619091662556,0,0,-0.0014140196556684905,7.488764822389471e-06,0.8594246124406729,1.0331631414547355,0.168161756883266,0.0011841483439187228,-0.0037210095596383534
1261,17.31,-0.023688663282572006,1.0,0.24069495573901503,0.1369945317533416,0.1369945317533416,0.1369945317533416,0.14069495573901503,0.1369945317533416,-0.00370042398567344,0.007488764822389471,0.13320619091662556,0,0,-0.0032452173342585274,3.70042398567344e-06,0.8566324125554423,1.0331631414547355,0.1708643309233146,0.0027025740400485887,-0.0085849798323204
1262,17.04,-0.015597920277296336,1.0,0.2369945317533416,0.1285489726839329,0.1285489726839329,0.1285489726839329,0.1369945317533416,0.1285489726839329,-0.008445559069408692,0.0,0.1369945317533416,0,0,-0.00200509662765233,8.445559069408692e-06,0.8549075470542487,1.0331631414547355,0.1725338305715163,0.0016694996482017055,-0.005289549782076351
1263,16.58,-0.026995305164319302,1.0,0.2285489726839329,0.12333179675325964,0.12333179675325964,0.12333179675325964,0.1285489726839329,0.12333179675325964,-0.005217175930673251,0.0,0.1285489726839329,0,0,-0.0033293794898180485,5.217175930673251e-06,0.8520567751983181,1.0331631414547355,0.1752930965011124,0.0027592659295961053,-0.008790864474108546
1264,16.75,0.010253317249698536,1.0,0.22333179675325965,0.11470905356403258,0.11470905356403258,0.11470905356403258,0.12333179675325964,0.11470905356403258,-0.008622743189227067,0.0,0.12333179675325964,0,0,0.0011761483176046885,8.622743189227066e-06,0.8530515732742161,1.0331631414547355,0.1743302300998805,0.0,0.0012241447347775339
1265,16.93,0.010746268656716402,1.0,0.21470905356403258,0.11771801710419136,0.11771801710419136,0.11771801710419136,0.11470905356403258,0.11771801710419136,0.003008963540158782,0.0,0.11470905356403258,0,0,0.001265029437537577,3.0089635401587825e-06,0.8541281418250639,1.0331631414547355,0.17328821794550578,0.0,0.001322832283559288
1266,16.85,-0.004725339633786078,1.0,0.21771801710419136,0.12097433992016496,0.12097433992016496,0.12097433992016496,0.11771801710419136,0.12097433992016496,0.0032563228159736,0.003008963540158782,0.11470905356403258,0,0,-0.0005716448430958648,3.2563228159736003e-06,0.8536371025604905,1.0331631414547355,0.173763495512882,0.0004752775673762255,-0.001463280732671649
1267,16.76,-0.005341246290801178,1.0,0.22097433992016496,0.11948906667818676,0.11948906667818676,0.11948906667818676,0.12097433992016496,0.11948906667818676,-0.0014852732419781967,0.0032563228159736,0.11771801710419136,0,0,-0.0006382205341861597,1.4852732419781966e-06,0.8530910259485465,1.0331631414547355,0.17429204380311153,0.0005285482902295247,-0.0016344181667346388
1268,18.39,0.09725536992840089,1.0,0.21948906667818677,0.11783736609212686,0.11783736609212686,0.11783736609212686,0.11948906667818676,0.11783736609212686,-0.001651700586059901,0.0,0.11948906667818676,0,0,0.011460316630678202,1.6517005860599011e-06,0.8628663101697593,1.0331631414547355,0.16483053300294023,0.0,0.011520210112545871
1269,17.74,-0.03534529635671572,1.0,0.21783736609212687,0.1474045760954909,0.1474045760954909,0.1474045760954909,0.11783736609212686,0.1474045760954909,0.02956721000336404,0.0,0.11783736609212686,0,0,-0.0052100584264311795,2.9567210003364043e-05,0.8583452137301782,1.0331631414547355,0.16920650835298534,0.004375975350045108,-0.013930954061301482
1270,18.18,0.024802705749718226,1.0,0.2474045760954909,0.13372964076968163,0.13372964076968163,0.13372964076968163,0.1474045760954909,0.13372964076968163,-0.013674935325809268,0.02956721000336404,0.11783736609212686,0,0,0.0033168569300259356,1.3674935325809267e-05,0.8611804841854087,1.0331631414547355,0.16646224625006295,0.0,0.0033658521414067976
1271,18.25,0.003850385038503866,1.0,0.23372964076968164,0.14230549186727742,0.14230549186727742,0.14230549186727742,0.13372964076968163,0.14230549186727742,0.008575851097595788,0.0,0.13372964076968163,0,0,0.0005479309367826986,8.575851097595788e-06,0.8616449662592467,1.0331631414547355,0.16601267342346757,0.0,0.0006082999434473187
1272,18.15,-0.005479452054794599,1.0,0.24230549186727743,0.14371039197106733,0.14371039197106733,0.14371039197106733,0.14230549186727742,0.14371039197106733,0.0014049001037899078,0.008575851097595788,0.13372964076968163,0,0,-0.0007874542025812021,1.404900103789908e-06,0.8609652497843304,1.0331631414547355,0.16667057191756135,0.0006578984940937838,-0.002031523911798101
1273,17.71,-0.024242424242424118,1.0,0.24371039197106734,0.14165445082150063,0.14165445082150063,0.14165445082150063,0.14371039197106733,0.14165445082150063,-0.002055941149566698,0.0014049001037899078,0.14230549186727742,0,0,-0.003434047292642422,2.055941149566698e-06,0.858006884305364,1.0331631414547355,0.16953397786020943,0.002863405942648084,-0.009090990009232565
1274,17.31,-0.0225861095426314,1.0,0.24165445082150064,0.13270630352470694,0.13270630352470694,0.13270630352470694,0.14165445082150063,0.13270630352470694,-0.00894814729679369,0.0,0.14165445082150063,0,0,-0.002997319108406723,8.94814729679369e-06,0.8554274863039085,1.0331631414547355,0.1720305806695427,0.0024966028093332537,-0.007934889743700714
1275,17.62,0.017908723281340397,1.0,0.23270630352470695,0.12490442805273569,0.12490442805273569,0.12490442805273569,0.13270630352470694,0.12490442805273569,-0.0078018754719712535,0.0,0.13270630352470694,0,0,0.002236878838610534,7.801875471971253e-06,0.8573343000072641,1.0331631414547355,0.17018497311072997,0.0,0.00229075801254591
1276,17.2,-0.023836549375709518,1.0,0.2249044280527357,0.13067196905887107,0.13067196905887107,0.13067196905887107,0.12490442805273569,0.13067196905887107,0.005767541006135385,0.0,0.12490442805273569,0,0,-0.003114768842492967,5.767541006135385e-06,0.8546589571312697,1.0331631414547355,0.17277444109371218,0.0025894679829822076,-0.008234198036629897
1277,16.33,-0.050581395348837266,1.0,0.23067196905887108,0.12257989347265325,0.12257989347265325,0.12257989347265325,0.13067196905887107,0.12257989347265325,-0.008092075586217828,0.005767541006135385,0.12490442805273569,0,0,-0.00620026205355863,8.092075586217828e-06,0.8493529316657532,1.0331631414547355,0.17791015030808213,0.0051357092143699545,-0.016419286157764532
1278,15.87,-0.028169014084506987,1.0,0.22257989347265325,0.10653078407353517,0.10653078407353517,0.10653078407353517,0.12257989347265325,0.10653078407353517,-0.016049109399118078,0.0,0.12257989347265325,0,0,-0.0030008671570009846,1.604910939911808e-05,0.8467905049902962,1.0331631414547355,0.18039032654806011,0.0024801762399779825,-0.0079281841153847
1279,15.73,-0.008821676118462431,1.0,0.20653078407353517,0.1,0.1,0.1,0.10653078407353517,0.1,-0.006530784073535162,0.0,0.10653078407353517,0,0,-0.0008821676118462432,6.530784073535162e-06,0.8460379636268313,1.0331631414547355,0.18111871235013713,0.000728385802077014,-0.0022947353921105736
1280,15.37,-0.022886204704386598,1.0,0.2,0.1,0.1,0.1,0.1,0.1,0.0,0.0,0.1,0,0,-0.0022886204704386597,0.0,0.8441017038245067,1.0331631414547355,0.18299282082791177,0.0018741084777746386,-0.005982837425987937
1281,14.98,-0.025374105400130045,1.0,0.2,0.1,0.1,0.1,0.1,0.1,0.0,0.0,0.1,0,0,-0.0025374105400130047,0.0,0.8419598712643794,1.0331631414547355,0.1850659034556093,0.0020730826276975367,-0.006629575795408078
1282,14.62,-0.02403204272363159,1.0,0.2,0.1,0.1,0.1,0.1,0.1,0.0,0.0,0.1,0,0,-0.002403204272363159,0.0,0.8399364697045986,1.0331631414547355,0.18702435655811916,0.0019584531025098606,-0.00626611047738288
1283,13.0,-0.11080711354309161,1.0,0.2,0.1,0.1,0.1,0.1,0.1,0.0,0.0,0.1,0,1,-0.011080711354309162,0.0,0.8306293761278444,1.0331631414547355,0.1960327050011825,0.009008348443063335,-0.02904340824043583
1284,12.21,-0.0607692307692307,1.0,0.2,0.1,0.1,0.1,0.1,0.1,0.0,0.0,0.1,0,0,-0.00607692307692307,0.0,0.8255817053036828,1.0331631414547355,0.2009183524092523,0.004885647408069793,-0.015794217893062654
1285,11.99,-0.01801801801801807,1.0,0.2,0.1,0.1,0.1,0.1,0.1,0.0,0.0,0.1,0,0,-0.001801801801801807,0.0,0.8240941706995321,1.0331631414547355,0.20235813916166803,0.0014397867524157393,-0.004627375306633285
1286,12.28,0.024186822351959895,0.1765020787715912,0.11765020787715913,0.1,0.1,0.1,0.1,0.1,0.0,0.0,0.1,0,0,0.0024186822351959895,0.0,0.8260873926303315,1.0331631414547355,0.20042889696280977,0.0,0.0024726822351959898
1287,12.52,0.019543973941368097,-0.15603727102279663,0.08439627289772034,0.1,0.08439627289772034,0.08439627289772034,0.1,0.08439627289772034,-0.015603727102279669,0.0,0.1,0,0,0.0016494385582616368,1.560372710227967e-05,0.8274370829859927,1.0331631414547355,0.19912252984467893,0.0,0.0016723970928194335
1288,13.05,0.04233226837060712,1.0,0.18439627289772034,0.1,0.1,0.1,0.08439627289772034,0.1,0.015603727102279669,0.0,0.08439627289772034,0,0,0.004233226837060712,1.560372710227967e-05,0.830926900749231,1.0331631414547355,0.1957447305183068,0.0,0.004263821246407293
1289,13.17,0.009195402298850514,1.0,0.2,0.1,0.1,0.1,0.1,0.1,0.0,0.015603727102279669,0.08439627289772034,0,0,0.0009195402298850515,0.0,0.8316909714625635,1.0331631414547355,0.19500518544292145,0.0,0.0009735402298850514
1290,12.98,-0.014426727410782042,1.0,0.2,0.1,0.1,0.1,0.1,0.1,0.0,0.0,0.1,0,0,-0.0014426727410782043,0.0,0.8304911135690336,1.0331631414547355,0.19616652951859231,0.001161344075670867,-0.003711360892419938
1291,13.05,0.0053929121725732115,1.0,0.2,0.1,0.1,0.1,0.1,0.1,0.0,0.0,0.1,0,0,0.0005392912172573212,0.0,0.8309389901325915,1.0331631414547355,0.1957330291878243,0.0,0.0005932912172573211
1292,13.2,0.011494252873563109,1.0,0.2,0.1,0.1,0.1,0.1,0.1,0.0,0.0,0.1,0,0,0.001149425287356311,0.0,0.8318940924201003,1.0331631414547355,0.19480858439378732,0.0,0.001203425287356311
1293,13.42,0.016666666666666715,1.0,0.2,0.1,0.1,0.1,0.1,0.1,0.0,0.0,0.1,0,0,0.0016666666666666715,0.0,0.8332805825741338,1.0331631414547355,0.19346659870111022,0.0,0.0017206666666666716
1294,13.84,0.03129657228017883,1.0,0.2,0.1,0.1,0.1,0.1,0.1,0.0,0.0,0.1,0,0,0.0031296572280178833,0.0,0.8358884651723539,1.0331631414547355,0.1909424256120973,0.0,0.0031836572280178835
1295,13.75,-0.0065028901734103944,1.0,0.2,0.1,0.1,0.1,0.1,0.1,0.0,0.0,0.1,0,0,-0.0006502890173410395,0.0,0.8353448960837303,1.0331631414547355,0.19146854686711834,0.0005261212550210503,-0.0016485315273831402
1296,14.04,0.02109090909090903,1.0,0.2,0.1,0.1,0.1,0.1,0.1,0.0,0.0,0.1,0,0,0.002109090909090903,0.0,0.8371067144100159,1.0331631414547355,0.18976328052960176,0.0,0.002163090909090903
1297,13.86,-0.012820512820512801,1.0,0.2,0.1,0.1,0.1,0.1,0.1,0.0,0.0,0.1,0,0,-0.00128205128205128,0.0,0.8360335006735928,1.0331631414547355,0.19080204555456381,0.0010387650249620572,-0.0033055813319753944
1298,14.56,0.05050505050505059,1.0,0.2,0.1,0.1,0.1,0.1,0.1,0.0,0.0,0.1,0,0,0.005050505050505059,0.0,0.8402558920911362,1.0331631414547355,0.18671518719877886,0.0,0.005104505050505059
1299,14.82,0.017857142857142842,1.0,0.2,0.1,0.1,0.1,0.1,0.1,0.0,0.0,0.1,0,0,0.0017857142857142844,0.0,0.8417563490412989,1.0331631414547355,0.18526289289020523,0.0,0.0018397142857142844
1300,14.86,0.00269905533063422,1.0,0.2,0.1,0.1,0.1,0.1,0.1,0.0,0.0,0.1,0,0,0.00026990553306342204,0.0,0.8419835437373965,1.0331631414547355,0.18504299083700415,0.0,0.00032390553306342205
1301,14.39,-0.03162853297442792,1.0,0.2,0.1,0.1,0.1,0.1,0.1,0.0,0.0,0.1,0,0,-0.0031628532974427924,0.0,0.8393204733096941,1.0331631414547355,0.18762058030070947,0.0025775894637053154,-0.008264032224853425
1302,14.8,0.0284920083391244,1.0,0.2,0.1,0.1,0.1,0.1,0.1,0.0,0.0,0.1,0,0,0.0028492008339124405,0.0,0.8417118659021678,1.0331631414547355,0.18530594818064894,0.0,0.0029032008339124407
1303,14.57,-0.01554054054054057,1.0,0.2,0.1,0.1,0.1,0.1,0.1,0.0,0.0,0.1,0,0,-0.001554054054054057,0.0,0.8404038001646171,1.0331631414547355,0.18657202677469256,0.0012660785940436237,-0.004032211242141304
1304,14.41,-0.010981468771448191,1.0,0.2,0.1,0.1,0.1,0.1,0.1,0.0,0.0,0.1,0,0,-0.0010981468771448192,0.0,0.8394809133559257,1.0331631414547355,0.18746529016327224,0.0008932633885796737,-0.002830673654304166
1305,14.02,-0.027064538514920234,1.0,0.2,0.1,0.1,0.1,0.1,0.1,0.0,0.0,0.1,0,0,-0.0027064538514920237,0.0,0.8372088970047195,1.0331631414547355,0.18966437785818083,0.0021990876949085914,-0.007050629241309206
1306,14.17,0.01069900142653355,1.0,0.2,0.1,0.1,0.1,0.1,0.1,0.0,0.0,0.1,0,0,0.001069900142653355,0.0,0.8381046269230554,1.0331631414547355,0.18879739966045422,0.0,0.001123900142653355
1307,13.85,-0.02258292166549049,1.0,0.2,0.1,0.1,0.1,0.1,0.1,0.0,0.0,0.1,0,0,-0.002258292166549049,0.0,0.8362119418093266,1.0331631414547355,0.19062933213828526,0.001831932477831033,-0.005868157122211115
1308,13.34,-0.03682310469314078,1.0,0.2,0.1,0.1,0.1,0.1,0.1,0.0,0.0,0.1,0,0,-0.0036823104693140783,0.0,0.8331327498214366,1.0331631414547355,0.1936096862221082,0.002980354083822939,-0.009589018636959958
1309,13.6,0.019490254872563704,1.0,0.2,0.1,0.1,0.1,0.1,0.1,0.0,0.0,0.1,0,0,0.0019490254872563705,0.0,0.8347565467851065,1.0331631414547355,0.1920380109478785,0.0,0.0020030254872563705
1310,13.4,-0.014705882352941124,1.0,0.2,0.1,0.1,0.1,0.1,0.1,0.0,0.0,0.1,0,0,-0.0014705882352941124,0.0,0.8335289636280695,1.0331631414547355,0.19322619034354346,0.0011881793956649567,-0.0037929470266240255
1311,13.55,0.011194029850746294,1.0,0.2,0.1,0.1,0.1,0.1,0.1,0.0,0.0,0.1,0,0,0.0011194029850746295,0.0,0.834462018438101,1.0331631414547355,0.19232308533273393,0.0,0.0011734029850746295
1312,13.6,0.0036900369003689247,1.0,0.2,0.1,0.1,0.1,0.1,0.1,0.0,0.0,0.1,0,0,0.0003690036900368925,0.0,0.8347699380021002,1.0331631414547355,0.19202504957086416,0.0,0.0004230036900368925
1313,13.23,-0.027205882352941118,1.0,0.2,0.1,0.1,0.1,0.1,0.1,0.0,0.0,0.1,0,0,-0.002720588235294112,0.0,0.8324988727295946,1.0331631414547355,0.19422321671541395,0.0021981671445497897,-0.007062922524393691
1314,12.6,-0.04761904761904768,1.0,0.2,0.1,0.1,0.1,0.1,0.1,0.0,0.0,0.1,0,0,-0.004761904761904768,0.0,0.8285345923832632,1.0331631414547355,0.19806024901676905,0.0038370323013550978,-0.012381969364614966
1315,12.7,0.007936507936507908,1.0,0.2,0.1,0.1,0.1,0.1,0.1,0.0,0.0,0.1,0,0,0.0007936507936507908,0.0,0.8291921595200753,1.0331631414547355,0.19742378889694112,0.0,0.0008476507936507907
1316,12.78,0.006299212598425203,1.0,0.2,0.1,0.1,0.1,0.1,0.1,0.0,0.0,0.1,0,0,0.0006299212598425203,0.0,0.8297144852898518,1.0331631414547355,0.19691822907892337,0.0,0.0006839212598425203
1317,14.21,0.11189358372456976,1.0,0.2,0.1,0.1,0.1,0.1,0.1,0.0,0.0,0.1,1,0,0.011189358372456977,0.0,0.8389984580125787,1.0331631414547355,0.18793225934170002,0.0,0.011243358372456975
1318,14.04,-0.011963406052076122,1.0,0.2,0.1,0.1,0.1,0.1,0.1,0.0,0.0,0.1,0,0,-0.0011963406052076123,0.0,0.8379947300895517,1.0331631414547355,0.1889037689540287,0.0009715096123286693,-0.0030853598298649504
1319,13.71,-0.023504273504273383,1.0,0.2,0.1,0.1,0.1,0.1,0.1,0.0,0.0,0.1,0,0,-0.0023504273504273386,0.0,0.8360250843564353,1.0331631414547355,0.19081019171930763,0.0019064227652789423,-0.006109272880985223
1320,13.53,-0.013129102844639058,1.0,0.2,0.1,0.1,0.1,0.1,0.1,0.0,0.0,0.1,0,0,-0.001312910284463906,0.0,0.834927458425114,1.0331631414547355,0.19187258534068272,0.001062393621375085,-0.003383697527214076
1321,13.45,-0.005912786400591284,1.0,0.2,0.1,0.1,0.1,0.1,0.1,0.0,0.0,0.1,0,0,-0.0005912786400591284,0.0,0.8344337836529483,1.0331631414547355,0.192350413819417,0.0004778284787342879,-0.001492935597527704
1322,13.23,-0.01635687732341999,1.0,0.2,0.1,0.1,0.1,0.1,0.1,0.0,0.0,0.1,0,0,-0.0016356877323419991,0.0,0.8330689105495754,1.0331631414547355,0.1936714763395637,0.0013210625201466875,-0.004223812772635374
1323,13.48,0.01889644746787604,1.0,0.2,0.1,0.1,0.1,0.1,0.1,0.0,0.0,0.1,0,0,0.0018896447467876042,0.0,0.8346431148401074,1.0331631414547355,0.1921478018806438,0.0,0.0019436447467876042
1324,13.62,0.010385756676557773,1.0,0.2,0.1,0.1,0.1,0.1,0.1,0.0,0.0,0.1,0,0,0.0010385756676557774,0.0,0.8355099548703568,1.0331631414547355,0.19130878624461478,0.0,0.0010925756676557774
1325,13.0,-0.045521292217327404,1.0,0.2,0.1,0.1,0.1,0.1,0.1,0.0,0.0,0.1,0,0,-0.004552129221732741,0.0,0.8317066055897429,1.0331631414547355,0.1949900531501092,0.003681266905494418,-0.01186066303272158
1326,13.02,0.0015384615384615057,1.0,0.2,0.1,0.1,0.1,0.1,0.1,0.0,0.0,0.1,0,0,0.00015384615384615057,0.0,0.8318345604521413,1.0331631414547355,0.1948662054659784,0.0,0.00020784615384615056
1327,12.77,-0.019201228878648235,1.0,0.2,0.1,0.1,0.1,0.1,0.1,0.0,0.0,0.1,0,0,-0.0019201228878648236,0.0,0.8302373358737002,1.0331631414547355,0.19641216129265665,0.0015459558266782414,-0.004958034541221306
1328,12.66,-0.008613938919342165,1.0,0.2,0.1,0.1,0.1,0.1,0.1,0.0,0.0,0.1,0,0,-0.0008613938919342165,0.0,0.8295221745037229,1.0331631414547355,0.1971043669485517,0.0006922056558950618,-0.0021918052037243397
1329,12.32,-0.026856240126382293,1.0,0.2,0.1,0.1,0.1,0.1,0.1,0.0,0.0,0.1,0,0,-0.0026856240126382296,0.0,0.8272943898328597,1.0331631414547355,0.19926064274031713,0.0021562757917654163,-0.006944175596169062
1330,12.38,0.004870129870129911,1.0,0.2,0.1,0.1,0.1,0.1,0.1,0.0,0.0,0.1,0,0,0.0004870129870129911,0.0,0.8276972929447913,1.0331631414547355,0.19887067227411923,0.0,0.000541012987012991
1331,13.25,0.07027463651050074,1.0,0.2,0.1,0.1,0.1,0.1,0.1,0.0,0.0,0.1,0,0,0.007027463651050074,0.0,0.8335139055850335,1.0331631414547355,0.19324076504373536,0.0,0.007081463651050075
1332,13.57,0.024150943396226438,1.0,0.2,0.1,0.1,0.1,0.1,0.1,0.0,0.0,0.1,0,0,0.002415094339622644,0.0,0.8355269203004086,1.0331631414547355,0.19129236538195418,0.0,0.002469094339622644
1333,12.65,-0.06779661016949153,1.0,0.2,0.1,0.1,0.1,0.1,0.1,0.0,0.0,0.1,0,0,-0.006779661016949153,0.0,0.8298623310102364,1.0331631414547355,0.19677512900648325,0.005482763624529069,-0.01769118826600729
1334,12.33,-0.025296442687747056,1.0,0.2,0.1,0.1,0.1,0.1,0.1,0.0,0.0,0.1,0,0,-0.0025296442687747058,0.0,0.8277630745207244,1.0331631414547355,0.1988070021979293,0.002031873191446043,-0.006539390651666792
1335,11.92,-0.033252230332522316,1.0,0.2,0.1,0.1,0.1,0.1,0.1,0.0,0.0,0.1,0,0,-0.0033252230332522317,0.0,0.8250105776792525,1.0331631414547355,0.2014711476083011,0.0026641454103717988,-0.00859951385399583
1336,11.75,-0.014261744966442946,1.0,0.2,0.1,0.1,0.1,0.1,0.1,0.0,0.0,0.1,0,0,-0.0014261744966442948,0.0,0.8238339686339046,1.0331631414547355,0.20260998909241673,0.001138841484115638,-0.0036498574648755706
1337,11.53,-0.018723404255319202,1.0,0.2,0.1,0.1,0.1,0.1,0.1,0.0,0.0,0.1,0,0,-0.0018723404255319204,0.0,0.8222914709905049,1.0331631414547355,0.20410297464475433,0.0014929855523375946,-0.0048043115302071095
1338,11.64,0.009540329575021787,1.0,0.2,0.1,0.1,0.1,0.1,0.1,0.0,0.0,0.1,0,0,0.0009540329575021787,0.0,0.8230759641545028,1.0331631414547355,0.2033436626517875,0.0,0.0010080329575021787
1339,11.36,-0.02405498281786951,1.0,0.2,0.1,0.1,0.1,0.1,0.1,0.0,0.0,0.1,0,0,-0.0024054982817869512,0.0,0.821096056336949,1.0331631414547355,0.20526001810245326,0.0019163554506657632,-0.006184209183118477
1340,11.6,0.021126760563380302,1.0,0.2,0.1,0.1,0.1,0.1,0.1,0.0,0.0,0.1,0,0,0.00211267605633803,0.0,0.8228307663151258,1.0331631414547355,0.20358098997168375,0.0,0.0021666760563380304
1341,11.31,-0.02499999999999993,1.0,0.2,0.1,0.1,0.1,0.1,0.1,0.0,0.0,0.1,0,0,-0.002499999999999993,0.0,0.8207736893993379,1.0331631414547355,0.20557203749675454,0.001991047525070788,-0.00642809505014157
1342,11.17,-0.01237842617152967,1.0,0.2,0.1,0.1,0.1,0.1,0.1,0.0,0.0,0.1,0,0,-0.001237842617152967,0.0,0.8197577007475615,1.0331631414547355,0.20655541428499913,0.0009833767882445887,-0.0031505961936421443
1343,11.36,0.017009847806624845,1.0,0.2,0.1,0.1,0.1,0.1,0.1,0.0,0.0,0.1,0,0,0.0017009847806624845,0.0,0.8211520961203639,1.0331631414547355,0.20520577712039892,0.0,0.0017549847806624845
1344,11.13,-0.02024647887323932,1.0,0.2,0.1,0.1,0.1,0.1,0.1,0.0,0.0,0.1,0,0,-0.002024647887323932,0.0,0.8194895522637822,1.0331631414547355,0.20681495556460938,0.0016091784442104629,-0.005189004775744858
1345,12.16,0.09254267744833776,1.0,0.2,0.1,0.1,0.1,0.1,0.1,0.0,0.0,0.1,0,0,0.009254267744833776,0.0,0.8270733279945252,1.0331631414547355,0.1994746087922064,0.0,0.009308267744833775
1346,12.65,0.04029605263157896,1.0,0.2,0.1,0.1,0.1,0.1,0.1,0.0,0.0,0.1,0,0,0.004029605263157896,0.0,0.8304061070300294,1.0331631414547355,0.19624880746250398,0.0,0.004083605263157896
1347,12.85,0.01581027667984184,1.0,0.2,0.1,0.1,0.1,0.1,0.1,0.0,0.0,0.1,0,0,0.001581027667984184,0.0,0.8317190020609069,1.0331631414547355,0.19497805458892692,0.0,0.001635027667984184
1348,12.95,0.0077821011673151474,1.0,0.2,0.1,0.1,0.1,0.1,0.1,0.0,0.0,0.1,0,0,0.0007782101167315147,0.0,0.8323662542025885,1.0331631414547355,0.19435157836681718,0.0,0.0008322101167315146
1349,12.95,0.0,1.0,0.2,0.1,0.1,0.1,0.1,0.1,0.0,0.0,0.1,0,0,0.0,0.0,0.8323662542025885,1.0331631414547355,0.19435157836681718,0.0,5.399999999999999e-05
1350,13.53,0.0447876447876448,1.0,0.2,0.1,0.1,0.1,0.1,0.1,0.0,0.0,0.1,0,0,0.00447876447876448,0.0,0.8360942266152332,1.0331631414547355,0.19074326883363385,0.0,0.00453276447876448
1351,12.86,-0.049519586104951954,1.0,0.2,0.1,0.1,0.1,0.1,0.1,0.0,0.0,0.1,0,0,-0.004951958610495195,0.0,0.8319539226105606,1.0331631414547355,0.19475067467163437,0.004007405838000522,-0.01291277028649624
1352,12.04,-0.06376360808709178,1.0,0.2,0.1,0.1,0.1,0.1,0.1,0.0,0.0,0.1,0,0,-0.006376360808709178,0.0,0.8266490842237747,1.0331631414547355,0.19988523491089769,0.005134560239263314,-0.016591481287235803
1353,11.95,-0.007475083056478394,1.0,0.2,0.1,0.1,0.1,0.1,0.1,0.0,0.0,0.1,0,0,-0.0007475083056478395,0.0,0.8260311571674612,1.0331631414547355,0.2004833273432733,0.0005980924323756021,-0.0018896931703990436
1354,11.76,-0.01589958158995812,1.0,0.2,0.1,0.1,0.1,0.1,0.1,0.0,0.0,0.1,0,0,-0.001589958158995812,0.0,0.8247178021895382,1.0331631414547355,0.20175452540021693,0.0012711980569436454,-0.004078354272883103
1355,13.01,0.10629251700680273,1.0,0.2,0.1,0.1,0.1,0.1,0.1,0.0,0.0,0.1,1,0,0.010629251700680274,0.0,0.8334839352910426,1.0331631414547355,0.1932697733317669,0.0,0.010683251700680272
1356,12.37,-0.04919292851652579,1.0,0.2,0.1,0.1,0.1,0.1,0.1,0.0,0.0,0.1,0,0,-0.00491929285165258,0.0,0.829383783726198,1.0331631414547355,0.19723831556902807,0.0039685422372611745,-0.012802377326174931
1357,13.22,0.06871463217461612,1.0,0.2,0.1,0.1,0.1,0.1,0.1,0.0,0.0,0.1,0,0,0.0068714632174616125,0.0,0.8350828638892317,1.0331631414547355,0.19172216818207316,0.0,0.006925463217461613
1358,13.98,0.05748865355521934,1.0,0.2,0.1,0.1,0.1,0.1,0.1,0.0,0.0,0.1,0,0,0.0057488653555219345,0.0,0.8398836428344346,1.0331631414547355,0.18707548775709862,0.0,0.005802865355521935
1359,13.75,-0.016452074391988585,1.0,0.2,0.1,0.1,0.1,0.1,0.1,0.0,0.0,0.1,0,0,-0.0016452074391988586,0.0,0.838501860017182,1.0331631414547355,0.18841291721214773,0.0013374294550491106,-0.00426606634929708
1360,14.15,0.029090909090909115,1.0,0.2,0.1,0.1,0.1,0.1,0.1,0.0,0.0,0.1,0,0,0.0029090909090909115,0.0,0.8409411381554138,1.0331631414547355,0.18605193660767394,0.0,0.0029630909090909117
1361,15.72,0.1109540636042403,1.0,0.2,0.1,0.1,0.1,0.1,0.1,0.0,0.0,0.1,1,0,0.011095406360424031,0.0,0.8502717218084457,1.0331631414547355,0.17702085208805585,0.0,0.01114940636042403
1362,16.94,0.07760814249363872,1.0,0.2,0.109309850636153,0.109309850636153,0.109309850636153,0.1,0.109309850636153,0.009309850636153,0.0,0.1,0,0,0.008483334464128927,9.309850636153e-06,0.8574769453072072,1.0331631414547355,0.17004690653225885,0.0,0.00852778641248873
1363,16.0,-0.05548996458087374,1.0,0.209309850636153,0.13110340424155628,0.13110340424155628,0.13110340424155628,0.109309850636153,0.13110340424155628,0.021793553605403276,0.009309850636153,0.1,0,0,-0.00727492325779593,2.1793553605403276e-05,0.851220178864995,1.0331631414547355,0.17610283922203948,0.006055932689780635,-0.01935112978678261
1364,16.64,0.040000000000000036,1.0,0.2311034042415563,0.11217865012883393,0.11217865012883393,0.11217865012883393,0.13110340424155628,0.11217865012883393,-0.018924754112722347,0.021793553605403276,0.109309850636153,0,0,0.004487146005153361,1.8924754112722348e-05,0.8550236189575143,1.0331631414547355,0.17242148441957922,0.0,0.004518515634334743
1365,16.62,-0.0012019230769230512,1.0,0.21217865012883394,0.12368285879775656,0.12368285879775656,0.12368285879775656,0.11217865012883393,0.12368285879775656,0.011504208668922628,0.0,0.11217865012883393,0,0,-0.00014865728220883883,1.1504208668922628e-05,0.8548866770999665,1.0331631414547355,0.17255403062845293,0.00013254620887370727,-0.00036597476741721477
1366,16.12,-0.030084235860409144,1.0,0.22368285879775657,0.12326865308270152,0.12326865308270152,0.12326865308270152,0.12368285879775656,0.12326865308270152,-0.0004142057150550438,0.011504208668922628,0.11217865012883393,0,0,-0.003708443233534943,4.1420571505504377e-07,0.8517160242878885,1.0331631414547355,0.17562290976753403,0.0030688791390811043,-0.00978197872491981
1367,17.78,0.10297766749379653,1.0,0.22326865308270152,0.11367840543684724,0.11367840543684724,0.11367840543684724,0.12326865308270152,0.11367840543684724,-0.009590247645854283,0.0,0.12326865308270152,1,0,0.011706337036300645,9.590247645854283e-06,0.8616783309598237,1.0331631414547355,0.16598037968471685,0.0,0.011752405040176373
1368,16.65,-0.06355455568054007,1.0,0.21367840543684724,0.14381130077202564,0.14381130077202564,0.14381130077202564,0.11367840543684724,0.14381130077202564,0.030132895335178406,0.0,0.11367840543684724,0,0,-0.009139863322406598,3.0132895335178405e-05,0.8537767439240121,1.0331631414547355,0.17362833644853035,0.007647956763813496,-0.024407098426710985
1369,17.14,0.02942942942942955,1.0,0.24381130077202565,0.11991146803189834,0.11991146803189834,0.11991146803189834,0.14381130077202564,0.11991146803189834,-0.023899832740127303,0.030132895335178406,0.11367840543684724,0,0,0.0035289260862240495,2.38998327401273e-05,0.8567692538260798,1.0331631414547355,0.17073188207264728,0.0,0.0035563959618336582
1370,18.47,0.07759626604434063,1.0,0.21991146803189834,0.12896285243608682,0.12896285243608682,0.12896285243608682,0.11991146803189834,0.12896285243608682,0.009051384404188484,0.0,0.11991146803189834,0,0,0.010007035807467635,9.051384404188483e-06,0.8653352194799926,1.0331631414547355,0.16244087234706653,0.0,0.010060857591937934
1371,20.47,0.10828370330265295,1.0,0.22896285243608683,0.1548722930276943,0.1548722930276943,0.1548722930276943,0.12896285243608682,0.12896285243608682,0.0,0.009051384404188484,0.11991146803189834,1,0,0.01396457525025304,0.0,0.8774192582691152,1.0331631414547355,0.1507447148824209,0.0,0.014031974111329622
1372,21.2,0.035661944308744524,1.0,0.22896285243608683,0.19142274595995284,0.19142274595995284,0.19142274595995284,0.12896285243608682,0.19142274595995284,0.06245989352386602,0.0,0.12896285243608682,0,0,0.006826507305850789,6.245989352386603e-05,0.8833541637325362,1.0331631414547355,0.14500031186871637,0.0,0.006825685512538452
