step,close,price_return,action_delta,raw_target,risk_cap,shielded_target,target_position,prev_position,position,executed_trade,locked_position,sellable_position,limit_up,limit_down,pnl,cost,equity,max_equity,drawdown,dd_increase,reward
1,14.17,-0.008397480755773214,-1.0,0.0,0.8,0.0,0.0,0.0,0.0,0.0,0.0,0.0,0,0,-0.0,0.0,1.0,1.0,0.0,0.0,0.0
2,13.47,-0.04940014114326036,-1.0,0.0,0.8,0.0,0.0,0.0,0.0,0.0,0.0,0.0,0,0,-0.0,0.0,1.0,1.0,0.0,0.0,0.0
3,14.78,0.09725315515961386,-1.0,0.0,0.8,0.0,0.0,0.0,0.0,0.0,0.0,0.0,0,0,0.0,0.0,1.0,1.0,0.0,0.0,0.0
4,14.44,-0.0230040595399188,-1.0,0.0,0.8,0.0,0.0,0.0,0.0,0.0,0.0,0.0,0,0,-0.0,0.0,1.0,1.0,0.0,0.0,0.0
5,14.66,0.015235457063711957,-1.0,0.0,0.8,0.0,0.0,0.0,0.0,0.0,0.0,0.0,0,0,0.0,0.0,1.0,1.0,0.0,0.0,0.0
6,14.51,-0.010231923601637131,-1.0,0.0,0.8,0.0,0.0,0.0,0.0,0.0,0.0,0.0,0,0,-0.0,0.0,1.0,1.0,0.0,0.0,0.0
7,14.03,-0.033080634045485904,-1.0,0.0,0.8,0.0,0.0,0.0,0.0,0.0,0.0,0.0,0,0,-0.0,0.0,1.0,1.0,0.0,0.0,0.0
8,13.75,-0.0199572344975053,-1.0,0.0,0.8,0.0,0.0,0.0,0.0,0.0,0.0,0.0,0,0,-0.0,0.0,1.0,1.0,0.0,0.0,0.0
9,14.12,0.02690909090909085,-1.0,0.0,0.8,0.0,0.0,0.0,0.0,0.0,0.0,0.0,0,0,0.0,0.0,1.0,1.0,0.0,0.0,0.0
10,14.07,-0.0035410764872520492,-1.0,0.0,0.8,0.0,0.0,0.0,0.0,0.0,0.0,0.0,0,0,-0.0,0.0,1.0,1.0,0.0,0.0,0.0
11,14.88,0.05756929637526656,-1.0,0.0,0.8,0.0,0.0,0.0,0.0,0.0,0.0,0.0,0,0,0.0,0.0,1.0,1.0,0.0,0.0,0.0
12,14.53,-0.02352150537634418,-1.0,0.0,0.8,0.0,0.0,0.0,0.0,0.0,0.0,0.0,0,0,-0.0,0.0,1.0,1.0,0.0,0.0,0.0
13,14.58,0.0034411562284928227,-1.0,0.0,0.8,0.0,0.0,0.0,0.0,0.0,0.0,0.0,0,0,0.0,0.0,1.0,1.0,0.0,0.0,0.0
14,14.11,-0.032235939643347096,-1.0,0.0,0.8,0.0,0.0,0.0,0.0,0.0,0.0,0.0,0,0,-0.0,0.0,1.0,1.0,0.0,0.0,-4.649909442470967e-05
15,13.96,-0.010630758327427256,-1.0,0.0,0.8,0.0,0.0,0.0,0.0,0.0,0.0,0.0,0,0,-0.0,0.0,1.0,1.0,0.0,0.0,0.0
16,13.99,0.002148997134670441,-1.0,0.0,0.8,0.0,0.0,0.0,0.0,0.0,0.0,0.0,0,0,0.0,0.0,1.0,1.0,0.0,0.0,0.0
17,13.8,-0.013581129378127199,-1.0,0.0,0.8,0.0,0.0,0.0,0.0,0.0,0.0,0.0,0,0,-0.0,0.0,1.0,1.0,0.0,0.0,0.0
18,13.06,-0.05362318840579711,-1.0,0.0,0.8,0.0,0.0,0.0,0.0,0.0,0.0,0.0,0,0,-0.0,0.0,1.0,1.0,0.0,0.0,0.0
19,12.63,-0.03292496171516077,-1.0,0.0,0.8,0.0,0.0,0.0,0.0,0.0,0.0,0.0,0,0,-0.0,0.0,1.0,1.0,0.0,0.0,0.0
20,11.96,-0.05304829770387964,-1.0,0.0,0.8,0.0,0.0,0.0,0.0,0.0,0.0,0.0,0,0,-0.0,0.0,1.0,1.0,0.0,0.0,0.0
21,12.37,0.03428093645484936,-1.0,0.0,0.8,0.0,0.0,0.0,0.0,0.0,0.0,0.0,0,0,0.0,0.0,1.0,1.0,0.0,0.0,0.0
22,11.83,-0.043654001616814805,-1.0,0.0,0.8,0.0,0.0,0.0,0.0,0.0,0.0,0.0,0,0,-0.0,0.0,1.0,1.0,0.0,0.0,0.0
23,12.24,0.03465765004226544,-1.0,0.0,0.8,0.0,0.0,0.0,0.0,0.0,0.0,0.0,0,0,0.0,0.0,1.0,1.0,0.0,0.0,0.0
24,12.29,0.0040849673202613505,-1.0,0.0,0.8,0.0,0.0,0.0,0.0,0.0,0.0,0.0,0,0,0.0,0.0,1.0,1.0,0.0,0.0,0.0
25,12.54,0.020341741253051264,-1.0,0.0,0.8,0.0,0.0,0.0,0.0,0.0,0.0,0.0,0,0,0.0,0.0,1.0,1.0,0.0,0.0,0.0
26,12.33,-0.016746411483253516,-1.0,0.0,0.8,0.0,0.0,0.0,0.0,0.0,0.0,0.0,0,0,-0.0,0.0,1.0,1.0,0.0,0.0,0.0
27,11.88,-0.036496350364963445,-1.0,0.0,0.8,0.0,0.0,0.0,0.0,0.0,0.0,0.0,0,0,-0.0,0.0,1.0,1.0,0.0,0.0,0.0
28,11.71,-0.014309764309764304,-1.0,0.0,0.8,0.0,0.0,0.0,0.0,0.0,0.0,0.0,0,0,-0.0,0.0,1.0,1.0,0.0,0.0,0.0
29,11.45,-0.022203245089667083,-1.0,0.0,0.8,0.0,0.0,0.0,0.0,0.0,0.0,0.0,0,0,-0.0,0.0,1.0,1.0,0.0,0.0,0.0
30,11.74,0.02532751091703065,-1.0,0.0,0.8,0.0,0.0,0.0,0.0,0.0,0.0,0.0,0,0,0.0,0.0,1.0,1.0,0.0,0.0,0.0
31,11.84,0.008517887563884127,-1.0,0.0,0.8,0.0,0.0,0.0,0.0,0.0,0.0,0.0,0,0,0.0,0.0,1.0,1.0,0.0,0.0,0.0
32,11.56,-0.023648648648648594,-1.0,0.0,0.8,0.0,0.0,0.0,0.0,0.0,0.0,0.0,0,0,-0.0,0.0,1.0,1.0,0.0,0.0,0.0
33,11.95,0.03373702422145318,-1.0,0.0,0.8,0.0,0.0,0.0,0.0,0.0,0.0,0.0,0,0,0.0,0.0,1.0,1.0,0.0,0.0,0.0
34,11.81,-0.011715481171548017,-1.0,0.0,0.8,0.0,0.0,0.0,0.0,0.0,0.0,0.0,0,0,-0.0,0.0,1.0,1.0,0.0,0.0,0.0
35,12.13,0.02709568162574092,-1.0,0.0,0.8,0.0,0.0,0.0,0.0,0.0,0.0,0.0,0,0,0.0,0.0,1.0,1.0,0.0,0.0,0.0
36,12.14,0.0008244023083264457,-1.0,0.0,0.8,0.0,0.0,0.0,0.0,0.0,0.0,0.0,0,0,0.0,0.0,1.0,1.0,0.0,0.0,0.0
37,11.93,-0.01729818780889628,-1.0,0.0,0.8,0.0,0.0,0.0,0.0,0.0,0.0,0.0,0,0,-0.0,0.0,1.0,1.0,0.0,0.0,0.0
38,11.62,-0.025984911986588474,-1.0,0.0,0.8,0.0,0.0,0.0,0.0,0.0,0.0,0.0,0,0,-0.0,0.0,1.0,1.0,0.0,0.0,0.0
39,11.61,-0.0008605851979345772,-1.0,0.0,0.8,0.0,0.0,0.0,0.0,0.0,0.0,0.0,0,0,-0.0,0.0,1.0,1.0,0.0,0.0,0.0
40,11.52,-0.007751937984496112,-1.0,0.0,0.8,0.0,0.0,0.0,0.0,0.0,0.0,0.0,0,0,-0.0,0.0,1.0,1.0,0.0,0.0,0.0
41,11.75,0.019965277777777814,-1.0,0.0,0.8,0.0,0.0,0.0,0.0,0.0,0.0,0.0,0,0,0.0,0.0,1.0,1.0,0.0,0.0,0.0
42,11.45,-0.025531914893617082,-1.0,0.0,0.8,0.0,0.0,0.0,0.0,0.0,0.0,0.0,0,0,-0.0,0.0,1.0,1.0,0.0,0.0,0.0
43,11.85,0.03493449781659392,-1.0,0.0,0.8,0.0,0.0,0.0,0.0,0.0,0.0,0.0,0,0,0.0,0.0,1.0,1.0,0.0,0.0,0.0
44,11.71,-0.01181434599156108,-1.0,0.0,0.8,0.0,0.0,0.0,0.0,0.0,0.0,0.0,0,0,-0.0,0.0,1.0,1.0,0.0,0.0,0.0
45,11.45,-0.022203245089667083,-1.0,0.0,0.8,0.0,0.0,0.0,0.0,0.0,0.0,0.0,0,0,-0.0,0.0,1.0,1.0,0.0,0.0,0.0
46,11.51,0.005240174672489127,-1.0,0.0,0.8,0.0,0.0,0.0,0.0,0.0,0.0,0.0,0,0,0.0,0.0,1.0,1.0,0.0,0.0,0.0
47,11.54,0.002606429192006895,-1.0,0.0,0.8,0.0,0.0,0.0,0.0,0.0,0.0,0.0,0,0,0.0,0.0,1.0,1.0,0.0,0.0,0.0
48,11.61,0.0060658578856152764,-1.0,0.0,0.8,0.0,0.0,0.0,0.0,0.0,0.0,0.0,0,0,0.0,0.0,1.0,1.0,0.0,0.0,0.0
49,11.42,-0.016365202411714,-1.0,0.0,0.8,0.0,0.0,0.0,0.0,0.0,0.0,0.0,0,0,-0.0,0.0,1.0,1.0,0.0,0.0,0.0
50,10.99,-0.03765323992994744,-1.0,0.0,0.8,0.0,0.0,0.0,0.0,0.0,0.0,0.0,0,0,-0.0,0.0,1.0,1.0,0.0,0.0,0.0
51,11.13,0.012738853503184764,-1.0,0.0,0.8,0.0,0.0,0.0,0.0,0.0,0.0,0.0,0,0,0.0,0.0,1.0,1.0,0.0,0.0,0.0
52,11.24,0.009883198562443794,-1.0,0.0,0.8,0.0,0.0,0.0,0.0,0.0,0.0,0.0,0,0,0.0,0.0,1.0,1.0,0.0,0.0,0.0
53,11.09,-0.013345195729537398,-1.0,0.0,0.8,0.0,0.0,0.0,0.0,0.0,0.0,0.0,0,0,-0.0,0.0,1.0,1.0,0.0,0.0,0.0
54,11.27,0.016230838593327298,-1.0,0.0,0.8,0.0,0.0,0.0,0.0,0.0,0.0,0.0,0,0,0.0,0.0,1.0,1.0,0.0,0.0,0.0
55,11.25,-0.0017746228926352773,-1.0,0.0,0.8,0.0,0.0,0.0,0.0,0.0,0.0,0.0,0,0,-0.0,0.0,1.0,1.0,0.0,0.0,0.0
56,11.37,0.010666666666666597,-1.0,0.0,0.8,0.0,0.0,0.0,0.0,0.0,0.0,0.0,0,0,0.0,0.0,1.0,1.0,0.0,0.0,0.0
57,11.02,-0.030782761653474027,-1.0,0.0,0.8,0.0,0.0,0.0,0.0,0.0,0.0,0.0,0,0,-0.0,0.0,1.0,1.0,0.0,0.0,0.0
58,11.06,0.003629764065335837,-1.0,0.0,0.8,0.0,0.0,0.0,0.0,0.0,0.0,0.0,0,0,0.0,0.0,1.0,1.0,0.0,0.0,0.0
59,10.54,-0.04701627486437625,-1.0,0.0,0.8,0.0,0.0,0.0,0.0,0.0,0.0,0.0,0,0,-0.0,0.0,1.0,1.0,0.0,0.0,0.0
60,10.55,0.0009487666034157081,-1.0,0.0,0.8,0.0,0.0,0.0,0.0,0.0,0.0,0.0,0,0,0.0,0.0,1.0,1.0,0.0,0.0,0.0
61,10.53,-0.0018957345971565259,-1.0,0.0,0.8,0.0,0.0,0.0,0.0,0.0,0.0,0.0,0,0,-0.0,0.0,1.0,1.0,0.0,0.0,0.0
62,9.16,-0.1301044634377967,-1.0,0.0,0.8,0.0,0.0,0.0,0.0,0.0,0.0,0.0,0,1,-0.0,0.0,1.0,1.0,0.0,0.0,0.0
63,8.78,-0.04148471615720532,-1.0,0.0,0.8,0.0,0.0,0.0,0.0,0.0,0.0,0.0,0,0,-0.0,0.0,1.0,1.0,0.0,0.0,0.0
64,8.71,-0.007972665148063612,-1.0,0.0,0.8,0.0,0.0,0.0,0.0,0.0,0.0,0.0,0,0,-0.0,0.0,1.0,1.0,0.0,0.0,0.0
65,8.39,-0.03673938002296214,-1.0,0.0,0.8,0.0,0.0,0.0,0.0,0.0,0.0,0.0,0,0,-0.0,0.0,1.0,1.0,0.0,0.0,0.0
66,8.58,0.02264600715137062,-1.0,0.0,0.8,0.0,0.0,0.0,0.0,0.0,0.0,0.0,0,0,0.0,0.0,1.0,1.0,0.0,0.0,0.0
67,8.2,-0.04428904428904438,-1.0,0.0,0.8,0.0,0.0,0.0,0.0,0.0,0.0,0.0,0,0,-0.0,0.0,1.0,1.0,0.0,0.0,0.0
68,8.43,0.028048780487804934,-1.0,0.0,0.8,0.0,0.0,0.0,0.0,0.0,0.0,0.0,0,0,0.0,0.0,1.0,1.0,0.0,0.0,0.0
69,9.47,0.12336892052194555,-1.0,0.0,0.8,0.0,0.0,0.0,0.0,0.0,0.0,0.0,1,0,0.0,0.0,1.0,1.0,0.0,0.0,0.0
70,9.01,-0.04857444561774032,-1.0,0.0,0.8,0.0,0.0,0.0,0.0,0.0,0.0,0.0,0,0,-0.0,0.0,1.0,1.0,0.0,0.0,0.0
71,9.01,0.0,-1.0,0.0,0.8,0.0,0.0,0.0,0.0,0.0,0.0,0.0,0,0,0.0,0.0,1.0,1.0,0.0,0.0,0.0
72,8.82,-0.021087680355160877,-1.0,0.0,0.8,0.0,0.0,0.0,0.0,0.0,0.0,0.0,0,0,-0.0,0.0,1.0,1.0,0.0,0.0,0.0
73,8.91,0.010204081632653045,-1.0,0.0,0.8,0.0,0.0,0.0,0.0,0.0,0.0,0.0,0,0,0.0,0.0,1.0,1.0,0.0,0.0,0.0
74,8.89,-0.00224466891133553,-1.0,0.0,0.8,0.0,0.0,0.0,0.0,0.0,0.0,0.0,0,0,-0.0,0.0,1.0,1.0,0.0,0.0,0.0
75,8.92,0.003374578177727712,-1.0,0.0,0.8,0.0,0.0,0.0,0.0,0.0,0.0,0.0,0,0,0.0,0.0,1.0,1.0,0.0,0.0,0.0
76,9.07,0.01681614349775789,-1.0,0.0,0.8,0.0,0.0,0.0,0.0,0.0,0.0,0.0,0,0,0.0,0.0,1.0,1.0,0.0,0.0,0.0
77,9.17,0.011025358324145496,-1.0,0.0,0.8,0.0,0.0,0.0,0.0,0.0,0.0,0.0,0,0,0.0,0.0,1.0,1.0,0.0,0.0,0.0
78,9.43,0.028353326063249706,-1.0,0.0,0.8,0.0,0.0,0.0,0.0,0.0,0.0,0.0,0,0,0.0,0.0,1.0,1.0,0.0,0.0,0.0
79,9.42,-0.0010604453870625436,-1.0,0.0,0.8,0.0,0.0,0.0,0.0,0.0,0.0,0.0,0,0,-0.0,0.0,1.0,1.0,0.0,0.0,0.0
80,9.61,0.02016985138004241,-1.0,0.0,0.8,0.0,0.0,0.0,0.0,0.0,0.0,0.0,0,0,0.0,0.0,1.0,1.0,0.0,0.0,0.0
81,9.35,-0.027055150884495296,-0.08806641399860382,0.0,0.8,0.0,0.0,0.0,0.0,0.0,0.0,0.0,0,0,-0.0,0.0,1.0,1.0,0.0,0.0,0.0
82,9.21,-0.014973262032085433,-1.0,0.0,0.8,0.0,0.0,0.0,0.0,0.0,0.0,0.0,0,0,-0.0,0.0,1.0,1.0,0.0,0.0,0.0
83,9.16,-0.005428881650380099,-1.0,0.0,0.8,0.0,0.0,0.0,0.0,0.0,0.0,0.0,0,0,-0.0,0.0,1.0,1.0,0.0,0.0,-0.0005386131959176374
84,9.41,0.027292576419213975,-1.0,0.0,0.8,0.0,0.0,0.0,0.0,0.0,0.0,0.0,0,0,0.0,0.0,1.0,1.0,0.0,0.0,-0.0013521595963964705
85,9.49,0.008501594048884174,1.0,0.1,0.8,0.1,0.1,0.0,0.1,0.1,0.0,0.0,0,0,0.0,0.0001,0.9999,1.0,9.999999999998899e-05,9.999999999998899e-05,-0.0021991988622975826
86,9.4,-0.009483667017913578,-1.0,0.0,0.8,0.0,0.0,0.1,0.1,-0.0,0.1,0.0,0,0,-0.0009483667017913578,0.0,0.9989517281348789,1.0,0.001048271865121131,0.0009482718651211419,-0.0035018425806717327
87,9.71,0.032978723404255374,-1.0,0.0,0.8,0.0,0.0,0.1,0.0,-0.1,0.0,0.1,0,0,0.0032978723404255375,0.0001,1.0021462482357018,1.0021462482357018,0.0,0.0,0.0002643404260941717
88,9.68,-0.003089598352214329,1.0,0.1,0.8,0.1,0.1,0.0,0.1,0.1,0.0,0.0,0,0,-0.0,0.0001,1.0020460336108783,1.0021462482357018,9.999999999988817e-05,9.999999999988817e-05,-0.0035410567701915398
89,9.84,0.016528925619834725,-1.0,0.0,0.8,0.0,0.0,0.1,0.1,-0.0,0.1,0.0,0,0,0.0016528925619834726,0.0,1.0037023080465988,1.0037023080465988,0.0,0.0,-0.001094888784290602
90,9.44,-0.040650406504065074,-1.0,0.0,0.8,0.0,0.0,0.1,0.0,-0.1,0.0,0.1,0,0,-0.004065040650406508,0.0001,0.9995218471326779,1.0037023080465988,0.004165040650406469,0.004165040650406469,-0.0062824493500725324
91,9.34,-0.010593220338983014,-1.0,0.0,0.8,0.0,0.0,0.0,0.0,0.0,0.0,0.0,0,0,-0.0,0.0,0.9995218471326779,1.0037023080465988,0.004165040650406469,0.0,-0.0014015329815760225
92,9.25,-0.009635974304068507,-1.0,0.0,0.8,0.0,0.0,0.0,0.0,0.0,0.0,0.0,0,0,-0.0,0.0,0.9995218471326779,1.0037023080465988,0.004165040650406469,0.0,-0.000948227766220394
93,8.63,-0.06702702702702694,-1.0,0.0,0.8,0.0,0.0,0.0,0.0,0.0,0.0,0.0,0,0,-0.0,0.0,0.9995218471326779,1.0037023080465988,0.004165040650406469,0.0,-0.0010586911914991822
94,8.55,-0.009269988412514491,-1.0,0.0,0.8,0.0,0.0,0.0,0.0,0.0,0.0,0.0,0,0,-0.0,0.0,0.9995218471326779,1.0037023080465988,0.004165040650406469,0.0,0.0
95,8.48,-0.008187134502924008,-1.0,0.0,0.8,0.0,0.0,0.0,0.0,0.0,0.0,0.0,0,0,-0.0,0.0,0.9995218471326779,1.0037023080465988,0.004165040650406469,0.0,0.0
96,8.61,0.015330188679245165,-1.0,0.0,0.8,0.0,0.0,0.0,0.0,0.0,0.0,0.0,0,0,0.0,0.0,0.9995218471326779,1.0037023080465988,0.004165040650406469,0.0,0.0
97,8.28,-0.03832752613240419,-1.0,0.0,0.8,0.0,0.0,0.0,0.0,0.0,0.0,0.0,0,0,-0.0,0.0,0.9995218471326779,1.0037023080465988,0.004165040650406469,0.0,0.0
98,8.35,0.008454106280193273,-1.0,0.0,0.8,0.0,0.0,0.0,0.0,0.0,0.0,0.0,0,0,0.0,0.0,0.9995218471326779,1.0037023080465988,0.004165040650406469,0.0,0.0
99,8.82,0.05628742514970068,-1.0,0.0,0.8,0.0,0.0,0.0,0.0,0.0,0.0,0.0,0,0,0.0,0.0,0.9995218471326779,1.0037023080465988,0.004165040650406469,0.0,0.0
100,8.92,0.011337868480725584,-1.0,0.0,0.8,0.0,0.0,0.0,0.0,0.0,0.0,0.0,0,0,0.0,0.0,0.9995218471326779,1.0037023080465988,0.004165040650406469,0.0,0.0
101,9.12,0.02242152466367705,-1.0,0.0,0.8,0.0,0.0,0.0,0.0,0.0,0.0,0.0,0,0,0.0,0.0,0.9995218471326779,1.0037023080465988,0.004165040650406469,0.0,0.0
102,8.78,-0.037280701754385956,-1.0,0.0,0.8,0.0,0.0,0.0,0.0,0.0,0.0,0.0,0,0,-0.0,0.0,0.9995218471326779,1.0037023080465988,0.004165040650406469,0.0,0.0
103,8.74,-0.00455580865603635,-1.0,0.0,0.8,0.0,0.0,0.0,0.0,0.0,0.0,0.0,0,0,-0.0,0.0,0.9995218471326779,1.0037023080465988,0.004165040650406469,0.0,0.0
104,8.74,0.0,-1.0,0.0,0.8,0.0,0.0,0.0,0.0,0.0,0.0,0.0,0,0,0.0,0.0,0.9995218471326779,1.0037023080465988,0.004165040650406469,0.0,0.0
105,8.82,0.009153318077803212,-1.0,0.0,0.8,0.0,0.0,0.0,0.0,0.0,0.0,0.0,0,0,0.0,0.0,0.9995218471326779,1.0037023080465988,0.004165040650406469,0.0,0.0
106,8.91,0.010204081632653045,-1.0,0.0,0.8,0.0,0.0,0.0,0.0,0.0,0.0,0.0,0,0,0.0,0.0,0.9995218471326779,1.0037023080465988,0.004165040650406469,0.0,0.0
107,9.06,0.016835016835016876,-1.0,0.0,0.8,0.0,0.0,0.0,0.0,0.0,0.0,0.0,0,0,0.0,0.0,0.9995218471326779,1.0037023080465988,0.004165040650406469,0.0,0.0
108,8.88,-0.01986754966887414,-1.0,0.0,0.8,0.0,0.0,0.0,0.0,0.0,0.0,0.0,0,0,-0.0,0.0,0.9995218471326779,1.0037023080465988,0.004165040650406469,0.0,0.0
109,9.1,0.024774774774774643,-1.0,0.0,0.8,0.0,0.0,0.0,0.0,0.0,0.0,0.0,0,0,0.0,0.0,0.9995218471326779,1.0037023080465988,0.004165040650406469,0.0,0.0
110,9.05,-0.005494505494505378,-1.0,0.0,0.8,0.0,0.0,0.0,0.0,0.0,0.0,0.0,0,0,-0.0,0.0,0.9995218471326779,1.0037023080465988,0.004165040650406469,0.0,0.0
111,8.75,-0.03314917127071831,-1.0,0.0,0.8,0.0,0.0,0.0,0.0,0.0,0.0,0.0,0,0,-0.0,0.0,0.9995218471326779,1.0037023080465988,0.004165040650406469,0.0,0.0
112,8.6,-0.017142857142857182,-1.0,0.0,0.8,0.0,0.0,0.0,0.0,0.0,0.0,0.0,0,0,-0.0,0.0,0.9995218471326779,1.0037023080465988,0.004165040650406469,0.0,0.0
113,8.58,-0.0023255813953487877,-1.0,0.0,0.8,0.0,0.0,0.0,0.0,0.0,0.0,0.0,0,0,-0.0,0.0,0.9995218471326779,1.0037023080465988,0.004165040650406469,0.0,0.0
114,8.72,0.016317016317016382,-1.0,0.0,0.8,0.0,0.0,0.0,0.0,0.0,0.0,0.0,0,0,0.0,0.0,0.9995218471326779,1.0037023080465988,0.004165040650406469,0.0,0.0
115,8.6,-0.01376146788990837,-1.0,0.0,0.8,0.0,0.0,0.0,0.0,0.0,0.0,0.0,0,0,-0.0,0.0,0.9995218471326779,1.0037023080465988,0.004165040650406469,0.0,-0.0004175890765094817
116,8.6,0.0,-1.0,0.0,0.8,0.0,0.0,0.0,0.0,0.0,0.0,0.0,0,0,0.0,0.0,0.9995218471326779,1.0037023080465988,0.004165040650406469,0.0,-6.0240910805012885e-05
117,8.38,-0.025581395348837077,-1.0,0.0,0.8,0.0,0.0,0.0,0.0,0.0,0.0,0.0,0,0,-0.0,0.0,0.9995218471326779,1.0037023080465988,0.004165040650406469,0.0,0.0
118,8.41,0.003579952267303026,-1.0,0.0,0.8,0.0,0.0,0.0,0.0,0.0,0.0,0.0,0,0,0.0,0.0,0.9995218471326779,1.0037023080465988,0.004165040650406469,0.0,0.0
119,8.42,0.0011890606420927215,-1.0,0.0,0.8,0.0,0.0,0.0,0.0,0.0,0.0,0.0,0,0,0.0,0.0,0.9995218471326779,1.0037023080465988,0.004165040650406469,0.0,0.0
120,8.34,-0.009501187648456066,-1.0,0.0,0.8,0.0,0.0,0.0,0.0,0.0,0.0,0.0,0,0,-0.0,0.0,0.9995218471326779,1.0037023080465988,0.004165040650406469,0.0,0.0
121,8.47,0.015587529976019279,-1.0,0.0,0.8,0.0,0.0,0.0,0.0,0.0,0.0,0.0,0,0,0.0,0.0,0.9995218471326779,1.0037023080465988,0.004165040650406469,0.0,0.0
122,8.56,0.010625737898465154,-1.0,0.0,0.8,0.0,0.0,0.0,0.0,0.0,0.0,0.0,0,0,0.0,0.0,0.9995218471326779,1.0037023080465988,0.004165040650406469,0.0,0.0
123,8.55,-0.0011682242990653955,-1.0,0.0,0.8,0.0,0.0,0.0,0.0,0.0,0.0,0.0,0,0,-0.0,0.0,0.9995218471326779,1.0037023080465988,0.004165040650406469,0.0,0.0
124,8.94,0.045614035087719156,-1.0,0.0,0.8,0.0,0.0,0.0,0.0,0.0,0.0,0.0,0,0,0.0,0.0,0.9995218471326779,1.0037023080465988,0.004165040650406469,0.0,0.0
125,8.85,-0.010067114093959717,0.6642340421676636,0.06642340421676636,0.8,0.06642340421676636,0.06642340421676636,0.0,0.06642340421676636,0.06642340421676636,0.0,0.0,0,0,-0.0,6.642340421676637e-05,0.9994554554890023,1.0037023080465988,0.004231187398444564,6.614674803809457e-05,-0.0010799972304787618
126,8.99,0.015819209039548088,-1.0,0.0,0.8,0.0,0.0,0.06642340421676636,0.06642340421676636,-0.0,0.06642340421676636,0.0,0,0,0.001050765716423427,0.0,1.0005056490167223,1.0037023080465988,0.0031848676686793216,0.0,0.000717155912727602
127,8.92,-0.007786429365962212,-1.0,0.0,0.8,0.0,0.0,0.06642340421676636,0.0,-0.06642340421676636,0.0,0.06642340421676636,0,0,-0.0005172011451806078,6.642340421676637e-05,0.9999217293581454,1.0037023080465988,0.0037666334511187193,0.0005817657824393977,-0.0014855764242874066
128,9.1,0.020179372197309385,-1.0,0.0,0.8,0.0,0.0,0.0,0.0,0.0,0.0,0.0,0,0,0.0,0.0,0.9999217293581454,1.0037023080465988,0.0037666334511187193,0.0,-1.855539948463533e-05
129,8.94,-0.0175824175824176,1.0,0.1,0.8,0.1,0.1,0.0,0.1,0.1,0.0,0.0,0,0,-0.0,0.0001,0.9998217371852096,1.0037023080465988,0.003866256787773563,9.962333665484383e-05,-0.0013314110682016865
130,8.77,-0.019015659955257263,-1.0,0.0,0.8,0.0,0.0,0.1,0.1,-0.0,0.1,0.0,0,0,-0.0019015659955257263,0.0,0.9979205101681907,1.0037023080465988,0.005760470840861726,0.0018942140530881627,-0.001967565995525726
131,8.87,0.011402508551881374,-1.0,0.0,0.8,0.0,0.0,0.1,0.0,-0.1,0.0,0.1,0,0,0.0011402508551881375,0.0001,0.9989585978323029,1.0037023080465988,0.004726212320392149,0.0,0.0007902508551881376
132,8.89,0.0022547914317927117,-1.0,0.0,0.8,0.0,0.0,0.0,0.0,0.0,0.0,0.0,0,0,0.0,0.0,0.9989585978323029,1.0037023080465988,0.004726212320392149,0.0,-0.0006693115034213193
133,8.7,-0.021372328458942776,-1.0,0.0,0.8,0.0,0.0,0.0,0.0,0.0,0.0,0.0,0,0,-0.0,0.0,0.9989585978323029,1.0037023080465988,0.004726212320392149,0.0,-0.001171018234365048
134,8.66,-0.00459770114942519,-1.0,0.0,0.8,0.0,0.0,0.0,0.0,0.0,0.0,0.0,0,0,-0.0,0.0,0.9989585978323029,1.0037023080465988,0.004726212320392149,0.0,-0.00034735756366845074
135,8.67,0.0011547344110854256,-1.0,0.0,0.8,0.0,0.0,0.0,0.0,0.0,0.0,0.0,0,0,0.0,0.0,0.9989585978323029,1.0037023080465988,0.004726212320392149,0.0,0.0
136,8.62,-0.005767012687427994,-1.0,0.0,0.8,0.0,0.0,0.0,0.0,0.0,0.0,0.0,0,0,-0.0,0.0,0.9989585978323029,1.0037023080465988,0.004726212320392149,0.0,-0.00014907725172396604
137,8.58,-0.004640371229698278,-1.0,0.0,0.8,0.0,0.0,0.0,0.0,0.0,0.0,0.0,0,0,-0.0,0.0,0.9989585978323029,1.0037023080465988,0.004726212320392149,0.0,0.0
138,8.38,-0.02331002331002323,-1.0,0.0,0.8,0.0,0.0,0.0,0.0,0.0,0.0,0.0,0,0,-0.0,0.0,0.9989585978323029,1.0037023080465988,0.004726212320392149,0.0,-0.0003658802148455242
139,8.4,0.002386634844868684,-1.0,0.0,0.8,0.0,0.0,0.0,0.0,0.0,0.0,0.0,0,0,0.0,0.0,0.9989585978323029,1.0037023080465988,0.004726212320392149,0.0,0.0
140,8.32,-0.009523809523809532,-1.0,0.0,0.8,0.0,0.0,0.0,0.0,0.0,0.0,0.0,0,0,-0.0,0.0,0.9989585978323029,1.0037023080465988,0.004726212320392149,0.0,0.0
141,8.72,0.04807692307692312,-1.0,0.0,0.8,0.0,0.0,0.0,0.0,0.0,0.0,0.0,0,0,0.0,0.0,0.9989585978323029,1.0037023080465988,0.004726212320392149,0.0,0.0
142,8.97,0.0286697247706422,-1.0,0.0,0.8,0.0,0.0,0.0,0.0,0.0,0.0,0.0,0,0,0.0,0.0,0.9989585978323029,1.0037023080465988,0.004726212320392149,0.0,-0.0007300078167967848
143,9.36,0.04347826086956508,0.6802217960357666,0.06802217960357666,0.8,0.06802217960357666,0.06802217960357666,0.0,0.06802217960357666,0.06802217960357666,0.0,0.0,0,0,0.0,6.802217960357666e-05,0.9988906464911447,1.0037023080465988,0.004793913012732361,6.77006923402116e-05,-0.001527676592134147
144,10.61,0.13354700854700854,0.8649121522903442,0.1545133948326111,0.8,0.1545133948326111,0.1545133948326111,0.06802217960357666,0.06802217960357666,0.0,0.06802217960357666,0.0,1,0,0.009084158600905003,0.0,1.0079647275488306,1.0079647275488306,0.0,0.0,0.006509823268243638
145,10.68,0.006597549481621139,1.0,0.16802217960357668,0.8,0.16802217960357668,0.16802217960357668,0.06802217960357666,0.16802217960357668,0.10000000000000002,0.0,0.06802217960357666,0,0,0.00044877969578231724,0.00010000000000000002,1.0083162851798644,1.0083162851798644,0.0,0.0,-0.003149396360297059
146,10.37,-0.029026217228464466,1.0,0.26802217960357666,0.8,0.26802217960357666,0.26802217960357666,0.16802217960357668,0.26802217960357666,0.09999999999999998,0.10000000000000002,0.06802217960357666,0,0,-0.0048770482843734884,9.999999999999998e-05,1.003297846342604,1.0083162851798644,0.0049770482843734705,0.0049770482843734705,-0.006700483686157747
147,10.77,0.03857280617164902,-1.0,0.16802217960357665,0.8,0.16802217960357665,0.16802217960357665,0.26802217960357666,0.16802217960357665,-0.1,0.09999999999999998,0.16802217960357668,0,0,0.010338367583551665,0.0001,1.0135699784892453,1.0135699784892453,0.0,0.0,0.007230965306158332
148,10.74,-0.0027855153203342024,1.0,0.26802217960357666,0.8,0.26802217960357666,0.26802217960357666,0.16802217960357665,0.26802217960357666,0.1,0.0,0.16802217960357665,0,0,-0.0004680283554417077,0.0001,1.012994242001239,1.0135699784892453,0.0005680283554417253,0.0005680283554417253,-0.0022681474030327997
149,10.68,-0.005586592178770996,-1.0,0.16802217960357665,0.8,0.16802217960357665,0.16802217960357665,0.26802217960357666,0.16802217960357665,-0.1,0.1,0.16802217960357665,0,0,-0.0014973306123104964,0.0001,1.0113761552883962,1.0135699784892453,0.002164451638671372,0.0015964232832296466,-0.004891980051645003
150,10.5,-0.016853932584269638,-1.0,0.06802217960357665,0.8,0.06802217960357665,0.06802217960357665,0.16802217960357665,0.06802217960357665,-0.1,0.0,0.16802217960357665,0,0,-0.002831834487700726,0.0001,1.0084109677962836,1.0135699784892453,0.005089940312410806,0.002925488673739434,-0.007888270944466567
151,10.91,0.03904761904761906,1.0,0.16802217960357665,0.8,0.16802217960357665,0.16802217960357665,0.06802217960357665,0.16802217960357665,0.1,0.0,0.06802217960357665,0,0,0.0026561041559491844,0.0001,1.0109885712619724,1.0135699784892453,0.0025468465740477223,0.0,-0.0005421569487800261
152,11.98,0.09807516040329975,-0.14884957671165466,0.1531372219324112,0.8,0.1531372219324112,0.1531372219324112,0.16802217960357665,0.1531372219324112,-0.01488495767116546,0.1,0.06802217960357665,0,0,0.01647880221593282,1.4884957671165461e-05,1.0276334034482777,1.0276334034482777,0.0,0.0,0.012961648036727526
153,11.92,-0.005008347245409057,1.0,0.25313722193241117,0.8,0.25313722193241117,0.25313722193241117,0.1531372219324112,0.25313722193241117,0.09999999999999998,0.0,0.1531372219324112,0,0,-0.000766964383634787,9.999999999999998e-05,1.0267424818880546,1.0276334034482777,0.000866964383634811,0.000866964383634811,-0.00318880000438696
154,11.75,-0.014261744966442946,1.0,0.35313722193241115,0.8,0.35313722193241115,0.35313722193241115,0.25313722193241117,0.35313722193241115,0.09999999999999998,0.09999999999999998,0.1531372219324112,0,0,-0.003610178500713916,9.999999999999998e-05,1.022933084005984,1.0276334034482777,0.004573926291731552,0.003706961908096741,-0.0037939332378392043
155,11.91,0.013617021276595757,-1.0,0.25313722193241117,0.8,0.25313722193241117,0.25313722193241117,0.35313722193241115,0.25313722193241117,-0.09999999999999998,0.09999999999999998,0.25313722193241117,0,0,0.00480867706461156,9.999999999999998e-05,1.0277497455572755,1.0277497455572755,0.0,0.0,0.002534775851643382
156,11.9,-0.000839630562552459,0.6871858239173889,0.32185580432415006,0.8,0.32185580432415006,0.32185580432415006,0.25313722193241117,0.32185580432415006,0.06871858239173889,0.0,0.25313722193241117,0,0,-0.00021254174805407705,6.87185823917389e-05,1.0274606803242243,1.0277497455572755,0.00028126033044593675,0.00028126033044593675,-0.0009566503506764487
157,12.13,0.01932773109243701,-1.0,0.22185580432415006,0.8,0.22185580432415006,0.22185580432415006,0.32185580432415006,0.22185580432415006,-0.1,0.06871858239173889,0.25313722193241117,0,0,0.006220742436517198,0.0001,1.0337495025121377,1.0337495025121377,0.0,0.0,0.0033688654739845517
158,12.27,0.011541632316570386,0.04412102326750755,0.22626790665090082,0.8,0.22626790665090082,0.22626790665090082,0.22185580432415006,0.22626790665090082,0.004412102326750766,0.0,0.22185580432415006,0,0,0.0025605781208063263,4.412102326750767e-06,1.0363919378620792,1.0363919378620792,0.0,0.0,0.00010353014059793098
159,13.54,0.10350448247758758,0.9611465930938721,0.322382565960288,0.8,0.322382565960288,0.322382565960288,0.22626790665090082,0.22626790665090082,0.0,0.004412102326750766,0.22185580432415006,1,0,0.023419742579188586,0.0,1.0606639702579557,1.0606639702579557,0.0,0.0,0.020989695051123844
160,14.01,0.03471196454948306,1.0,0.32626790665090083,0.8,0.32626790665090083,0.32626790665090083,0.22626790665090082,0.32626790665090083,0.1,0.0,0.22626790665090082,0,0,0.007854203554351812,0.0001,1.0688885745861028,1.0688885745861028,0.0,0.0,0.0070732769907146595
161,12.64,-0.09778729478943607,1.0,0.42626790665090086,0.8,0.42626790665090086,0.42626790665090086,0.32626790665090083,0.42626790665090086,0.10000000000000003,0.1,0.22626790665090082,0,0,-0.03190485596800385,0.00010000000000000003,1.0346789497106297,1.0688885745861028,0.03200485596800377,0.03200485596800377,-0.07434680169437437
162,13.14,0.03955696202531645,-1.0,0.3262679066509009,0.7399757221356139,0.3262679066509009,0.3262679066509009,0.42626790665090086,0.3262679066509009,-0.09999999999999998,0.10000000000000003,0.32626790665090083,0,0,0.016861863396000824,9.999999999999998e-05,1.052022096924397,1.0688885745861028,0.015779453595747214,0.0,0.016114682915941196
163,13.0,-0.010654490106544944,-1.0,0.22626790665090088,0.8,0.22626790665090088,0.22626790665090088,0.3262679066509009,0.22626790665090088,-0.1,0.0,0.3262679066509009,0,0,-0.0034762181834951528,0.0001,1.0482598363719373,1.0688885745861028,0.019299241010367563,0.0035197874146203484,-0.006179871298742435
164,12.14,-0.0661538461538461,-1.0,0.12626790665090087,0.8,0.12626790665090087,0.12626790665090087,0.22626790665090088,0.12626790665090087,-0.1,0.0,0.22626790665090088,0,0,-0.014968492286136508,0.0001,1.0324641411137,1.0688885745861028,0.03407692283221101,0.014777681821843448,-0.028881639558411762
165,11.55,-0.04859967051070839,-1.0,0.02626790665090087,0.7296153917926265,0.02626790665090087,0.02626790665090087,0.12626790665090087,0.02626790665090087,-0.1,0.0,0.12626790665090087,0,0,-0.006136578659310667,0.0001,1.026025097284727,1.0688885745861028,0.040100978081811324,0.006024055249600313,-0.009685871245081561
166,11.68,0.011255411255411168,-1.0,0.0,0.6994951158787104,0.0,0.0,0.02626790665090087,0.0,-0.02626790665090087,0.0,0.02626790665090087,0,0,0.0002956560921746395,2.626790665090087e-05,1.0263014963239863,1.0688885745861028,0.03984239262601076,0.0,-0.0012962614293550532
167,12.01,0.028253424657534252,-1.0,0.0,0.7007880337561138,0.0,0.0,0.0,0.0,0.0,0.0,0.0,0,0,0.0,0.0,1.0263014963239863,1.0688885745861028,0.03984239262601076,0.0,-0.002447710556729398
168,12.08,0.005828476269775211,-1.0,0.0,0.7007880337561138,0.0,0.0,0.0,0.0,0.0,0.0,0.0,0,0,0.0,0.0,1.0263014963239863,1.0688885745861028,0.03984239262601076,0.0,-0.002585088281581914
169,11.88,-0.01655629139072842,-1.0,0.0,0.7007880337561138,0.0,0.0,0.0,0.0,0.0,0.0,0.0,0,0,-0.0,0.0,1.0263014963239863,1.0688885745861028,0.03984239262601076,0.0,-0.0027602796223691432
170,12.12,0.02020202020202007,-1.0,0.0,0.7007880337561138,0.0,0.0,0.0,0.0,0.0,0.0,0.0,0,0,0.0,0.0,1.0263014963239863,1.0688885745861028,0.03984239262601076,0.0,-0.002217316448457079
171,11.91,-0.017326732673267252,1.0,0.1,0.7007880337561138,0.1,0.1,0.0,0.1,0.1,0.0,0.0,0,0,-0.0,0.0001,1.026198866174354,1.0688885745861028,0.039938408386748066,9.601576073730439e-05,-0.0025904415182047
172,11.49,-0.035264483627204024,-1.0,0.0,0.700307955595363,0.0,0.0,0.1,0.1,-0.0,0.1,0.0,0,0,-0.0035264483627204025,0.0,1.0225800288629079,1.0688885745861028,0.04332401601460336,0.0033856076278552943,-0.004779012500949533
173,11.06,-0.03742384682332461,-1.0,0.0,0.6833799198298999,0.0,0.0,0.1,0.0,-0.1,0.0,0.1,0,0,-0.003742384682332461,0.0001,1.018650883023546,1.0688885745861028,0.04699993316142424,0.0036759171468208826,-0.004092384682332461
174,11.07,0.0009041591320072139,-1.0,0.0,0.6650003433261289,0.0,0.0,0.0,0.0,0.0,0.0,0.0,0,0,0.0,0.0,1.018650883023546,1.0688885745861028,0.04699993316142424,0.0,0.0
175,11.12,0.004516711833784908,-1.0,0.0,0.6650003433261289,0.0,0.0,0.0,0.0,0.0,0.0,0.0,0,0,0.0,0.0,1.018650883023546,1.0688885745861028,0.04699993316142424,0.0,0.0
176,11.57,0.04046762589928067,-1.0,0.0,0.6650003433261289,0.0,0.0,0.0,0.0,0.0,0.0,0.0,0,0,0.0,0.0,1.018650883023546,1.0688885745861028,0.04699993316142424,0.0,0.0
177,12.38,0.07000864304235095,-1.0,0.0,0.6650003433261289,0.0,0.0,0.0,0.0,0.0,0.0,0.0,0,0,0.0,0.0,1.018650883023546,1.0688885745861028,0.04699993316142424,0.0,0.0
178,12.83,0.036348949919224494,0.6148362159729004,0.06148362159729004,0.6650003433261289,0.06148362159729004,0.06148362159729004,0.0,0.06148362159729004,0.06148362159729004,0.0,0.0,0,0,0.0,6.148362159729005e-05,1.0185882526781143,1.0688885745861028,0.047058527056916,5.859389549175975e-05,-0.0009218140877819347
179,12.9,0.005455962587685135,0.539832353591919,0.11546685695648193,0.6647073678706137,0.11546685695648193,0.11546685695648193,0.06148362159729004,0.11546685695648193,0.05398323535919189,0.06148362159729004,0.0,0,0,0.0003354523391902042,5.398323535919189e-05,1.0188749538007684,1.0688885745861028,0.04679030347452325,0.0,-0.0011983335911911613
180,12.66,-0.018604651162790715,-1.0,0.015466856956481922,0.6660484910044779,0.015466856956481922,0.015466856956481922,0.11546685695648193,0.05398323535919189,-0.06148362159729004,0.05398323535919189,0.06148362159729004,0,0,-0.0021482205945392006,6.148362159729005e-05,1.016623541519639,1.0688885745861028,0.048896614959797816,0.002106311485274563,-0.0023975517251651384
181,12.44,-0.017377567140600365,-1.0,0.0,0.6555169276929259,0.0,0.0,0.05398323535919189,0.0,-0.05398323535919189,0.0,0.05398323535919189,0,0,-0.0009380972969211887,5.398323535919189e-05,1.0156149690954395,1.0688885745861028,0.0498401861122821,0.0009435711524842863,-0.0011270386206783602
182,13.03,0.04742765273311896,-0.11665953695774078,0.0,0.6507990710474598,0.0,0.0,0.0,0.0,0.0,0.0,0.0,0,0,0.0,0.0,1.0156149690954395,1.0688885745861028,0.0498401861122821,0.0,-8.730146668351015e-05
183,12.72,-0.02379125095932454,1.0,0.1,0.6507990710474598,0.1,0.1,0.0,0.1,0.1,0.0,0.0,0,0,-0.0,0.0001,1.01551340759853,1.0688885745861028,0.04993520209367087,9.501598138876577e-05,-0.001110531172033587
184,12.49,-0.018081761006289342,-1.0,0.0,0.6503239847757087,0.0,0.0,0.1,0.1,-0.0,0.1,0.0,0,0,-0.0018081761006289343,0.0,1.013677180525042,1.0688885745861028,0.051653086555294,0.0017178844616231315,-0.0020932816150757714
185,12.53,0.0032025620496396435,-1.0,0.0,0.6417345643083084,0.0,0.0,0.1,0.0,-0.1,0.0,0.1,0,0,0.00032025620496396436,0.0001,1.013900449213883,1.0688885745861028,0.05144420726314936,0.0,-0.0012917253142019584
186,12.32,-0.016759776536312776,0.6540820598602295,0.06540820598602295,0.6427789680699076,0.06540820598602295,0.06540820598602295,0.0,0.06540820598602295,0.06540820598602295,0.0,0.0,0,0,-0.0,6.540820598602295e-05,1.0138341318044515,1.0688885745861028,0.05150625059582995,6.204333268058915e-05,-0.00230866768960213
187,13.1,0.06331168831168826,-1.0,0.0,0.642468744520311,0.0,0.0,0.06540820598602295,0.06540820598602295,-0.0,0.06540820598602295,0.0,0,0,0.004141103950413788,0.0,1.0180325243327313,1.0688885745861028,0.047578439383229504,0.0,0.002836767857170928
188,14.73,0.12442748091603059,-1.0,0.0,0.6621078044210574,0.0,0.0,0.06540820598602295,0.0,-0.06540820598602295,0.0,0.06540820598602295,1,0,0.008138578302077669,6.540820598602295e-05,1.026251274065023,1.0688885745861028,0.03988937812118531,0.0,0.004676899313149789
189,16.43,0.1154107264086897,1.0,0.1,0.7005531169498986,0.1,0.1,0.0,0.0,0.0,0.0,0.0,1,0,0.0,0.0,1.026251274065023,1.0688885745861028,0.03988937812118531,0.0,-0.006637590719209997
190,14.71,-0.10468654899573944,1.0,0.1,0.7005531169498986,0.1,0.1,0.0,0.1,0.1,0.0,0.0,0,1,-0.0,0.0001,1.0261486489376164,1.0688885745861028,0.039985389183373236,9.601106218792843e-05,-0.006322793016268695
191,13.9,-0.05506458191706325,1.0,0.2,0.7000730574155993,0.2,0.2,0.1,0.2,0.1,0.1,0.0,0,0,-0.005506458191706326,0.0001,1.0203955894388717,1.0688885745861028,0.045367670962343905,0.005382281778970668,-0.008473594043502373
192,14.0,0.007194244604316521,-1.0,0.1,0.6731616534324407,0.1,0.1,0.2,0.1,-0.1,0.1,0.1,0,0,0.0014388489208633044,0.0001,1.0217617449726455,1.0688885745861028,0.04408956249879069,0.0,-0.0022735527458910957
193,13.75,-0.017857142857142856,1.0,0.2,0.679552184048326,0.2,0.2,0.1,0.2,0.1,0.0,0.1,0,0,-0.0017857142857142857,0.0001,1.0198349942535543,1.0688885745861028,0.045892136466650045,0.001802573967859357,-0.004376101731953277
194,12.99,-0.05527272727272726,-1.0,0.1,0.6705393098327099,0.1,0.1,0.2,0.1,-0.1,0.1,0.1,0,0,-0.011054545454545452,0.0001,1.008459198454017,1.0688885745861028,0.05653477599897197,0.010642639532321925,-0.01626220173073594
195,12.83,-0.012317167051578148,-1.0,0.0,0.6173261269972693,0.0,0.0,0.1,0.0,-0.1,0.0,0.1,0,0,-0.0012317167051578148,0.0001,1.0071162164929657,1.0688885745861028,0.05779120439850964,0.0012564283995376707,-0.004921597955415871
196,12.32,-0.039750584567420096,-1.0,0.0,0.6110439837026151,0.0,0.0,0.0,0.0,0.0,0.0,0.0,0,0,-0.0,0.0,1.0071162164929657,1.0688885745861028,0.05779120439850964,0.0,-0.0027949619054115716
197,12.24,-0.006493506493506499,-1.0,0.0,0.6110439837026151,0.0,0.0,0.0,0.0,0.0,0.0,0.0,0,0,-0.0,0.0,1.0071162164929657,1.0688885745861028,0.05779120439850964,0.0,-0.0005255487293919632
198,10.74,-0.12254901960784313,-1.0,0.0,0.6110439837026151,0.0,0.0,0.0,0.0,0.0,0.0,0.0,0,1,-0.0,0.0,1.0071162164929657,1.0688885745861028,0.05779120439850964,0.0,0.0
199,11.0,0.02420856610800743,-1.0,0.0,0.6110439837026151,0.0,0.0,0.0,0.0,0.0,0.0,0.0,0,0,0.0,0.0,1.0071162164929657,1.0688885745861028,0.05779120439850964,0.0,0.0
200,10.78,-0.02000000000000006,-1.0,0.0,0.6110439837026151,0.0,0.0,0.0,0.0,0.0,0.0,0.0,0,0,-0.0,0.0,1.0071162164929657,1.0688885745861028,0.05779120439850964,0.0,0.0
201,10.65,-0.012059369202226253,-1.0,0.0,0.6110439837026151,0.0,0.0,0.0,0.0,0.0,0.0,0.0,0,0,-0.0,0.0,1.0071162164929657,1.0688885745861028,0.05779120439850964,0.0,0.0
202,11.04,0.036619718309859044,-1.0,0.0,0.6110439837026151,0.0,0.0,0.0,0.0,0.0,0.0,0.0,0,0,0.0,0.0,1.0071162164929657,1.0688885745861028,0.05779120439850964,0.0,0.0
203,10.7,-0.030797101449275353,-1.0,0.0,0.6110439837026151,0.0,0.0,0.0,0.0,0.0,0.0,0.0,0,0,-0.0,0.0,1.0071162164929657,1.0688885745861028,0.05779120439850964,0.0,0.0
204,10.43,-0.025233644859813047,-1.0,0.0,0.6110439837026151,0.0,0.0,0.0,0.0,0.0,0.0,0.0,0,0,-0.0,0.0,1.0071162164929657,1.0688885745861028,0.05779120439850964,0.0,0.0
205,10.71,0.026845637583892728,-1.0,0.0,0.6110439837026151,0.0,0.0,0.0,0.0,0.0,0.0,0.0,0,0,0.0,0.0,1.0071162164929657,1.0688885745861028,0.05779120439850964,0.0,0.0
206,10.65,-0.0056022408963585894,-1.0,0.0,0.6110439837026151,0.0,0.0,0.0,0.0,0.0,0.0,0.0,0,0,-0.0,0.0,1.0071162164929657,1.0688885745861028,0.05779120439850964,0.0,0.0
207,10.02,-0.05915492957746486,-1.0,0.0,0.6110439837026151,0.0,0.0,0.0,0.0,0.0,0.0,0.0,0,0,-0.0,0.0,1.0071162164929657,1.0688885745861028,0.05779120439850964,0.0,0.0
208,10.02,0.0,-1.0,0.0,0.6110439837026151,0.0,0.0,0.0,0.0,0.0,0.0,0.0,0,0,0.0,0.0,1.0071162164929657,1.0688885745861028,0.05779120439850964,0.0,0.0
209,10.32,0.029940119760479115,-1.0,0.0,0.6110439837026151,0.0,0.0,0.0,0.0,0.0,0.0,0.0,0,0,0.0,0.0,1.0071162164929657,1.0688885745861028,0.05779120439850964,0.0,0.0
210,10.19,-0.012596899224806278,-1.0,0.0,0.6110439837026151,0.0,0.0,0.0,0.0,0.0,0.0,0.0,0,0,-0.0,0.0,1.0071162164929657,1.0688885745861028,0.05779120439850964,0.0,0.0
211,9.86,-0.03238469087340531,-1.0,0.0,0.6110439837026151,0.0,0.0,0.0,0.0,0.0,0.0,0.0,0,0,-0.0,0.0,1.0071162164929657,1.0688885745861028,0.05779120439850964,0.0,0.0
212,9.72,-0.014198782961460325,-1.0,0.0,0.6110439837026151,0.0,0.0,0.0,0.0,0.0,0.0,0.0,0,0,-0.0,0.0,1.0071162164929657,1.0688885745861028,0.05779120439850964,0.0,0.0
213,10.08,0.03703703703703698,-1.0,0.0,0.6110439837026151,0.0,0.0,0.0,0.0,0.0,0.0,0.0,0,0,0.0,0.0,1.0071162164929657,1.0688885745861028,0.05779120439850964,0.0,0.0
214,10.22,0.013888888888888945,-1.0,0.0,0.6110439837026151,0.0,0.0,0.0,0.0,0.0,0.0,0.0,0,0,0.0,0.0,1.0071162164929657,1.0688885745861028,0.05779120439850964,0.0,0.0
215,10.45,0.022504892367905933,-1.0,0.0,0.6110439837026151,0.0,0.0,0.0,0.0,0.0,0.0,0.0,0,0,0.0,0.0,1.0071162164929657,1.0688885745861028,0.05779120439850964,0.0,0.0
216,10.29,-0.01531100478468901,-1.0,0.0,0.6110439837026151,0.0,0.0,0.0,0.0,0.0,0.0,0.0,0,0,-0.0,0.0,1.0071162164929657,1.0688885745861028,0.05779120439850964,0.0,0.0
217,10.5,0.020408163265306208,-1.0,0.0,0.6110439837026151,0.0,0.0,0.0,0.0,0.0,0.0,0.0,0,0,0.0,0.0,1.0071162164929657,1.0688885745861028,0.05779120439850964,0.0,0.0
218,10.2,-0.02857142857142864,-1.0,0.0,0.6110439837026151,0.0,0.0,0.0,0.0,0.0,0.0,0.0,0,0,-0.0,0.0,1.0071162164929657,1.0688885745861028,0.05779120439850964,0.0,0.0
219,9.9,-0.029411764705882252,-1.0,0.0,0.6110439837026151,0.0,0.0,0.0,0.0,0.0,0.0,0.0,0,0,-0.0,0.0,1.0071162164929657,1.0688885745861028,0.05779120439850964,0.0,0.0
220,9.9,0.0,-1.0,0.0,0.6110439837026151,0.0,0.0,0.0,0.0,0.0,0.0,0.0,0,0,0.0,0.0,1.0071162164929657,1.0688885745861028,0.05779120439850964,0.0,0.0
221,9.65,-0.025252525252525252,-1.0,0.0,0.6110439837026151,0.0,0.0,0.0,0.0,0.0,0.0,0.0,0,0,-0.0,0.0,1.0071162164929657,1.0688885745861028,0.05779120439850964,0.0,0.0
222,8.5,-0.11917098445595858,-1.0,0.0,0.6110439837026151,0.0,0.0,0.0,0.0,0.0,0.0,0.0,0,1,-0.0,0.0,1.0071162164929657,1.0688885745861028,0.05779120439850964,0.0,0.0
223,8.92,0.04941176470588234,-1.0,0.0,0.6110439837026151,0.0,0.0,0.0,0.0,0.0,0.0,0.0,0,0,0.0,0.0,1.0071162164929657,1.0688885745861028,0.05779120439850964,0.0,0.0
224,8.73,-0.021300448430493217,-1.0,0.0,0.6110439837026151,0.0,0.0,0.0,0.0,0.0,0.0,0.0,0,0,-0.0,0.0,1.0071162164929657,1.0688885745861028,0.05779120439850964,0.0,0.0
225,8.76,0.0034364261168384146,-1.0,0.0,0.6110439837026151,0.0,0.0,0.0,0.0,0.0,0.0,0.0,0,0,0.0,0.0,1.0071162164929657,1.0688885745861028,0.05779120439850964,0.0,0.0
226,8.63,-0.014840182648401713,-1.0,0.0,0.6110439837026151,0.0,0.0,0.0,0.0,0.0,0.0,0.0,0,0,-0.0,0.0,1.0071162164929657,1.0688885745861028,0.05779120439850964,0.0,0.0
227,8.51,-0.01390498261877184,-1.0,0.0,0.6110439837026151,0.0,0.0,0.0,0.0,0.0,0.0,0.0,0,0,-0.0,0.0,1.0071162164929657,1.0688885745861028,0.05779120439850964,0.0,0.0
228,8.47,-0.004700352526439383,-1.0,0.0,0.6110439837026151,0.0,0.0,0.0,0.0,0.0,0.0,0.0,0,0,-0.0,0.0,1.0071162164929657,1.0688885745861028,0.05779120439850964,0.0,0.0
229,8.66,0.02243211334120419,-1.0,0.0,0.6110439837026151,0.0,0.0,0.0,0.0,0.0,0.0,0.0,0,0,0.0,0.0,1.0071162164929657,1.0688885745861028,0.05779120439850964,0.0,0.0
230,8.9,0.027713625866050834,-1.0,0.0,0.6110439837026151,0.0,0.0,0.0,0.0,0.0,0.0,0.0,0,0,0.0,0.0,1.0071162164929657,1.0688885745861028,0.05779120439850964,0.0,0.0
231,9.27,0.04157303370786508,-1.0,0.0,0.6110439837026151,0.0,0.0,0.0,0.0,0.0,0.0,0.0,0,0,0.0,0.0,1.0071162164929657,1.0688885745861028,0.05779120439850964,0.0,0.0
232,9.19,-0.008629989212513492,-1.0,0.0,0.6110439837026151,0.0,0.0,0.0,0.0,0.0,0.0,0.0,0,0,-0.0,0.0,1.0071162164929657,1.0688885745861028,0.05779120439850964,0.0,0.0
233,8.99,-0.021762785636561404,-1.0,0.0,0.6110439837026151,0.0,0.0,0.0,0.0,0.0,0.0,0.0,0,0,-0.0,0.0,1.0071162164929657,1.0688885745861028,0.05779120439850964,0.0,0.0
234,9.06,0.007786429365962212,-1.0,0.0,0.6110439837026151,0.0,0.0,0.0,0.0,0.0,0.0,0.0,0,0,0.0,0.0,1.0071162164929657,1.0688885745861028,0.05779120439850964,0.0,0.0
235,9.1,0.004415011037527499,-1.0,0.0,0.6110439837026151,0.0,0.0,0.0,0.0,0.0,0.0,0.0,0,0,0.0,0.0,1.0071162164929657,1.0688885745861028,0.05779120439850964,0.0,0.0
236,9.0,-0.01098901098901095,-1.0,0.0,0.6110439837026151,0.0,0.0,0.0,0.0,0.0,0.0,0.0,0,0,-0.0,0.0,1.0071162164929657,1.0688885745861028,0.05779120439850964,0.0,0.0
237,10.21,0.13444444444444453,-1.0,0.0,0.6110439837026151,0.0,0.0,0.0,0.0,0.0,0.0,0.0,1,0,0.0,0.0,1.0071162164929657,1.0688885745861028,0.05779120439850964,0.0,0.0
238,10.25,0.00391772771792352,1.0,0.1,0.6110439837026151,0.1,0.1,0.0,0.1,0.1,0.0,0.0,0,0,0.0,0.0001,1.0070155048713163,1.0688885745861028,0.05788542527806986,9.422087956022229e-05,-0.0011309762136317604
239,10.36,0.010731707317073116,-0.4156094193458557,0.05843905806541443,0.6105728648650319,0.05843905806541443,0.05843905806541443,0.1,0.1,-0.0,0.1,0.0,0,0,0.0010731707317073117,0.0,1.0080962044375197,1.0688885745861028,0.056874375490563386,0.0,-0.00031149394862724656
240,10.21,-0.014478764478764342,1.0,0.2,0.6156281210528214,0.2,0.2,0.1,0.2,0.1,0.0,0.1,0,0,-0.0014478764478764344,0.0001,1.0065357960654773,1.0688885745861028,0.05833421743213024,0.0014598419415668556,-0.0031507093950188616
241,10.1,-0.010773751224290029,-1.0,0.1,0.608328917627358,0.1,0.1,0.2,0.1,-0.1,0.1,0.1,0,0,-0.002154750244858006,0.0001,1.0042663092328403,1.0688885745861028,0.06045743858594952,0.0021232211538192783,-0.004262923473055048
242,9.63,-0.04653465346534642,-1.0,0.0,0.5971410110593557,0.0,0.0,0.1,0.0,-0.1,0.0,0.1,0,0,-0.004653465346534643,0.0001,0.9994925641332097,1.0688885745861028,0.06492352159322563,0.004466083007276113,-0.007590056100394208
243,9.66,0.0031152647975077213,0.8683432340621948,0.0868343234062195,0.5692279696472231,0.0868343234062195,0.0868343234062195,0.0,0.0868343234062195,0.0868343234062195,0.0,0.0,0,0,0.0,8.683432340621949e-05,0.9994057738726537,1.0688885745861028,0.06500471832656113,8.119673333549515e-05,-0.0029670545433908243
244,9.68,0.0020703933747411567,-1.0,0.0,0.5687204919763278,0.0,0.0,0.0868343234062195,0.0868343234062195,-0.0,0.0868343234062195,0.0,0,0,0.0001797812078803678,0.0,0.9995854482498431,1.0688885745861028,0.06483662374545951,0.0,-0.0017746833013278264
245,9.74,0.006198347107438068,-1.0,0.0,0.5697711169727253,0.0,0.0,0.0868343234062195,0.0,-0.0868343234062195,0.0,0.0868343234062195,0,0,0.0005382292773112823,8.683432340621949e-05,1.00003665607718,1.0688885745861028,0.06441449571634132,0.0,-0.0028031637679142582
246,9.72,-0.0020533880903490323,0.5986648797988892,0.059866487979888916,0.5724094141281588,0.059866487979888916,0.059866487979888916,0.0,0.059866487979888916,0.059866487979888916,0.0,0.0,0,0,-0.0,5.986648797988892e-05,0.9999767873947296,1.0688885745861028,0.06447050593468763,5.601021834630848e-05,-0.0027982599581718166
247,9.71,-0.0010288065843621179,-1.0,0.0,0.5720593299723696,0.0,0.0,0.059866487979888916,0.059866487979888916,-0.0,0.059866487979888916,0.0,0,0,-6.15910370163453e-05,0.0,0.9999151977874018,1.0688885745861028,0.06452812616638641,5.76202316987795e-05,-0.0027631200884746295
248,9.61,-0.01029866117404752,-1.0,0.0,0.5716992340989036,0.0,0.0,0.059866487979888916,0.0,-0.059866487979888916,0.0,0.059866487979888916,0,0,-0.0006165446753850645,5.986648797988892e-05,0.9992388439852001,1.0688885745861028,0.06516088978486138,0.0006327636184749741,-0.0042022306711041145
249,9.76,0.015608740894901182,0.41998717188835144,0.04199871718883515,0.5677444193520265,0.04199871718883515,0.04199871718883515,0.0,0.04199871718883515,0.04199871718883515,0.0,0.0,0,0,0.0,4.199871718883515e-05,0.9991968772355876,1.0688885745861028,0.06520015182826829,3.9262043406901315e-05,-0.0028170359157037167
250,9.31,-0.04610655737704911,-1.0,0.0,0.5674990624197502,0.0,0.0,0.04199871718883515,0.04199871718883515,-0.0,0.04199871718883515,0.0,0,0,-0.0019364162638294863,0.0,0.997262016151741,1.0688885745861028,0.06701031345769329,0.0018101616294250028,-0.004624626317305934
251,9.41,0.010741138560687395,-1.0,0.0,0.5561855420481191,0.0,0.0,0.04199871718883515,0.0,-0.04199871718883515,0.0,0.04199871718883515,0,0,0.0004511140406964017,4.199871718883515e-05,0.9976700113241007,1.0688885745861028,0.06662861308025436,0.0,-0.0003338074714284964
252,9.2,-0.022316684378321027,-1.0,0.0,0.5585711713890658,0.0,0.0,0.0,0.0,0.0,0.0,0.0,0,0,-0.0,0.0,0.9976700113241007,1.0688885745861028,0.06662861308025436,0.0,-2.7132572833313827e-05
253,9.38,0.019565217391304512,-1.0,0.0,0.5585711713890658,0.0,0.0,0.0,0.0,0.0,0.0,0.0,0,0,0.0,0.0,0.9976700113241007,1.0688885745861028,0.06662861308025436,0.0,0.0
254,10.01,0.0671641791044775,-1.0,0.0,0.5585711713890658,0.0,0.0,0.0,0.0,0.0,0.0,0.0,0,0,0.0,0.0,0.9976700113241007,1.0688885745861028,0.06662861308025436,0.0,-0.0006416406980202777
255,10.36,0.03496503496503493,1.0,0.1,0.5585711713890658,0.1,0.1,0.0,0.1,0.1,0.0,0.0,0,0,0.0,0.0001,0.9975702443229684,1.0688885745861028,0.06672195021894628,9.333713869191795e-05,-0.002431270806800713
256,10.2,-0.015444015444015458,-0.8626885414123535,0.013731145858764643,0.5579877909283412,0.013731145858764643,0.013731145858764643,0.1,0.1,-0.0,0.1,0.0,0,0,-0.001544401544401546,0.0,0.996029595296987,1.0688885745861028,0.06816330628038417,0.0014413560614378873,-0.004340721426229829
257,10.26,0.00588235294117652,-1.0,0.0,0.5489793404949546,0.0,0.0,0.1,0.0,-0.1,0.0,0.1,0,0,0.000588235294117652,0.0001,0.9965158920993966,1.0688885745861028,0.06770835071815642,0.0,-0.0032449274166065686
258,10.34,0.007797270955165699,1.0,0.1,0.5518228080135708,0.1,0.1,0.0,0.1,0.1,0.0,0.0,0,0,0.0,0.0001,0.9964162405101867,1.0688885745861028,0.06780157988308455,9.322916492812694e-05,-0.0009605648574296276
259,10.62,0.027079303675048294,-1.0,0.0,0.5512401260447771,0.0,0.0,0.1,0.1,-0.0,0.1,0.0,0,0,0.0027079303675048294,0.0,0.9991144663065392,1.0688885745861028,0.06527725147270998,0.0,0.0019507079953588037
260,10.37,-0.02354048964218456,-1.0,0.0,0.5670171961196562,0.0,0.0,0.1,0.0,-0.1,0.0,0.1,0,0,-0.002354048964218456,0.0001,0.996662590485364,1.0688885745861028,0.06757110686556479,0.0022938553928548155,-0.004486741610464964
261,9.84,-0.05110896817743485,-0.11165553331375122,0.0,0.5526806026708988,0.0,0.0,0.0,0.0,0.0,0.0,0.0,0,0,-0.0,0.0,0.996662590485364,1.0688885745861028,0.06757110686556479,0.0,-0.0011708241379187756
262,9.57,-0.02743902439024386,-1.0,0.0,0.5526806026708988,0.0,0.0,0.0,0.0,0.0,0.0,0.0,0,0,-0.0,0.0,0.996662590485364,1.0688885745861028,0.06757110686556479,0.0,0.0
263,9.28,-0.030303030303030398,-1.0,0.0,0.5526806026708988,0.0,0.0,0.0,0.0,0.0,0.0,0.0,0,0,-0.0,0.0,0.996662590485364,1.0688885745861028,0.06757110686556479,0.0,0.0
264,9.19,-0.00969827586206895,-1.0,0.0,0.5526806026708988,0.0,0.0,0.0,0.0,0.0,0.0,0.0,0,0,-0.0,0.0,0.996662590485364,1.0688885745861028,0.06757110686556479,0.0,0.0
265,9.3,0.011969532100108945,-1.0,0.0,0.5526806026708988,0.0,0.0,0.0,0.0,0.0,0.0,0.0,0,0,0.0,0.0,0.996662590485364,1.0688885745861028,0.06757110686556479,0.0,0.0
266,9.24,-0.006451612903225859,-1.0,0.0,0.5526806026708988,0.0,0.0,0.0,0.0,0.0,0.0,0.0,0,0,-0.0,0.0,0.996662590485364,1.0688885745861028,0.06757110686556479,0.0,0.0
267,9.81,0.061688311688311716,-1.0,0.0,0.5526806026708988,0.0,0.0,0.0,0.0,0.0,0.0,0.0,0,0,0.0,0.0,0.996662590485364,1.0688885745861028,0.06757110686556479,0.0,0.0
268,10.44,0.06422018348623842,-1.0,0.0,0.5526806026708988,0.0,0.0,0.0,0.0,0.0,0.0,0.0,0,0,0.0,0.0,0.996662590485364,1.0688885745861028,0.06757110686556479,0.0,-0.00034489555382116586
269,10.64,0.019157088122605467,1.0,0.1,0.5526806026708988,0.1,0.1,0.0,0.1,0.1,0.0,0.0,0,0,0.0,0.0001,0.9965629242263154,1.0688885745861028,0.06766434975487826,9.324288931346347e-05,-0.002523125426479732
270,11.24,0.056390977443608985,0.12373435497283936,0.11237343549728394,0.5520978275698478,0.11237343549728394,0.11237343549728394,0.1,0.11237343549728394,0.012373435497283938,0.1,0.0,0,0,0.0056390977443608985,1.237343549728394e-05,1.002170309057372,1.0688885745861028,0.06241835408762379,0.0,0.0033259385974560574
271,11.31,0.006227758007117463,1.0,0.21237343549728394,0.584885294922074,0.21237343549728394,0.21237343549728394,0.11237343549728394,0.21237343549728394,0.09999999999999999,0.012373435497283938,0.1,0,0,0.0006998345627055078,9.999999999999999e-05,1.002771445446462,1.0688885745861028,0.06185596021104702,0.0,-0.0018936882160802172
272,12.04,0.06454465075154718,-1.0,0.11237343549728393,0.5884002460169712,0.11237343549728393,0.11237343549728393,0.21237343549728394,0.11237343549728393,-0.1,0.09999999999999999,0.11237343549728394,0,0,0.013707569223078425,0.0001,1.016416727305301,1.0688885745861028,0.04909010024840048,0.0,0.009534769381199529
273,11.72,-0.026578073089700876,1.0,0.21237343549728394,0.6545495070553425,0.21237343549728394,0.21237343549728394,0.11237343549728393,0.21237343549728394,0.1,0.0,0.11237343549728393,0,0,-0.002986669381987599,0.0001,1.0132793849137878,1.0688885745861028,0.05202524472099263,0.0029351444725921536,-0.006056561023264848
274,12.1,0.03242320819112619,-1.0,0.11237343549728393,0.6398737818042732,0.11237343549728393,0.11237343549728393,0.21237343549728394,0.11237343549728393,-0.1,0.1,0.11237343549728393,0,0,0.0068858281133931465,0.0001,1.0201553246506576,1.0688885745861028,0.045592450975833226,0.0,0.0023438845818436046
275,11.77,-0.02727272727272728,1.0,0.21237343549728394,0.6720377519758743,0.21237343549728394,0.21237343549728394,0.11237343549728393,0.21237343549728394,0.1,0.0,0.11237343549728393,0,0,-0.003064730059016835,0.0001,1.0169268084298695,1.0688885745861028,0.04861289323478269,0.0030204422589494642,-0.005811262901147618
276,11.9,0.011045029736618589,-1.0,0.11237343549728393,0.6569355368649963,0.11237343549728393,0.11237343549728393,0.21237343549728394,0.11237343549728393,-0.1,0.1,0.11237343549728393,0,0,0.0023456709103353507,0.0001,1.0192104913815005,1.0688885745861028,0.04647639088465199,0.0,-0.00122702443143463
277,11.18,-0.06050420168067232,1.0,0.21237343549728394,0.6676180489394381,0.21237343549728394,0.21237343549728394,0.11237343549728393,0.21237343549728394,0.1,0.0,0.11237343549728393,0,0,-0.0067990650048776885,0.0001,1.0121788919478063,1.0688885745861028,0.05305481224762431,0.00657842136297232,-0.00920616009914692
278,11.35,0.015205724508050083,-1.0,0.11237343549728393,0.6347259335261178,0.11237343549728393,0.11237343549728393,0.21237343549728394,0.11237343549728393,-0.1,0.1,0.11237343549728393,0,0,0.003229291952999844,0.0001,1.015346295209375,1.0688885745861028,0.05009154429165873,0.0,0.0008664230686847999
279,11.03,-0.028193832599118968,-1.0,0.012373435497283924,0.649542269859499,0.012373435497283924,0.012373435497283924,0.11237343549728393,0.012373435497283924,-0.1,0.0,0.11237343549728393,0,0,-0.003168237828998316,0.0001,1.0120279020378384,1.0688885745861028,0.05319607104069012,0.0031045267490313957,-0.006649854875919948
280,11.32,0.026291931097008246,-1.0,0.0,0.6340196371119986,0.0,0.0,0.012373435497283924,0.0,-0.012373435497283924,0.0,0.012373435497283924,0,0,0.0003253215135278649,1.2373435497283924e-05,1.0123446142246946,1.0688885745861028,0.052899770570850435,0.0,-0.0011814596817242258
281,11.16,-0.01413427561837457,1.0,0.1,0.6355011478107568,0.1,0.1,0.0,0.1,0.1,0.0,0.0,0,0,-0.0,0.0001,1.0122433797632722,1.0688885745861028,0.05299448059379329,9.47100229428538e-05,-0.002504497338319195
282,11.47,0.02777777777777782,-1.0,0.0,0.6350275889080282,0.0,0.0,0.1,0.1,-0.0,0.1,0.0,0,0,0.0027777777777777822,0.0,1.0150551669292813,1.0688885745861028,0.05036390970655376,0.0,0.00029340939980293523
283,11.96,0.04272013949433306,-1.0,0.0,0.6481804527380274,0.0,0.0,0.1,0.0,-0.1,0.0,0.1,0,0,0.004272013949433306,0.0001,1.0192899912451545,1.0688885745861028,0.04640201469096431,0.0,-0.0006846177444549762
284,12.08,0.010033444816053446,1.0,0.1,0.6679899260434727,0.1,0.1,0.0,0.1,0.1,0.0,0.0,0,0,0.0,0.0001,1.01918806224603,1.0688885745861028,0.04649737448949513,9.535979853082105e-05,-0.004434467348492044
285,12.15,0.00579470198675499,1.0,0.2,0.6675131261381846,0.2,0.2,0.1,0.2,0.1,0.1,0.0,0,0,0.000579470198675499,0.0001,1.0196767325487228,1.0688885745861028,0.04604019839620407,0.0,-0.002237945911433952
286,12.26,0.009053497942386784,-1.0,0.1,0.6697990015181666,0.1,0.1,0.2,0.1,-0.1,0.1,0.1,0,0,0.001810699588477357,0.0001,1.021421093115474,1.0688885745861028,0.04440825975617646,0.0,-0.002574094812389138
287,12.31,0.004078303425774935,1.0,0.2,0.6779587097496502,0.2,0.2,0.1,0.2,0.1,0.0,0.1,0,0,0.0004078303425774936,0.0001,1.0217355175204834,1.0688885745861028,0.04411409962341308,0.0,-0.0023595567208406177
288,12.05,-0.02112103980503654,-1.0,0.1,0.6794295102388007,0.1,0.1,0.2,0.1,-0.1,0.1,0.1,0,0,-0.004224207961007308,0.0001,1.0173173206615775,1.0688885745861028,0.04824754904363605,0.004133449420222965,-0.008294525211997701
289,12.16,0.009128630705394143,-1.0,0.0,0.6587622515892528,0.0,0.0,0.1,0.0,-0.1,0.0,0.1,0,0,0.0009128630705394143,0.0001,1.0181442603425634,1.0688885745861028,0.04747390462395824,0.0,-0.0031854736882511716
290,12.26,0.008223684210526286,1.0,0.1,0.6626304812763701,0.1,0.1,0.0,0.1,0.1,0.0,0.0,0,0,0.0,0.0001,1.0180424459165291,1.0688885745861028,0.047569157233495876,9.525260953763964e-05,-0.0029479505410071045
291,11.83,-0.03507340946166392,-1.0,0.0,0.662154221538175,0.0,0.0,0.1,0.1,-0.0,0.1,0.0,0,0,-0.0035073409461663925,0.0,1.0144718239610309,1.0688885745861028,0.050909656926722474,0.003340499693226598,-0.005487360277149734
292,11.12,-0.06001690617075239,-1.0,0.0,0.6454517148473753,0.0,0.0,0.1,0.0,-0.1,0.0,0.1,0,0,-0.0060016906170752395,0.0001,1.0082818307514807,1.0688885745861028,0.05670071256780935,0.005791055641086874,-0.007513052782727179
293,11.31,0.017086330935251914,-1.0,0.0,0.6164964303420166,0.0,0.0,0.0,0.0,0.0,0.0,0.0,0,0,0.0,0.0,1.0082818307514807,1.0688885745861028,0.05670071256780935,0.0,0.0
294,11.44,0.01149425287356313,-1.0,0.0,0.6164964303420166,0.0,0.0,0.0,0.0,0.0,0.0,0.0,0,0,0.0,0.0,1.0082818307514807,1.0688885745861028,0.05670071256780935,0.0,0.0
295,11.44,0.0,-1.0,0.0,0.6164964303420166,0.0,0.0,0.0,0.0,0.0,0.0,0.0,0,0,0.0,0.0,1.0082818307514807,1.0688885745861028,0.05670071256780935,0.0,0.0
296,11.16,-0.02447552447552442,-1.0,0.0,0.6164964303420166,0.0,0.0,0.0,0.0,0.0,0.0,0.0,0,0,-0.0,0.0,1.0082818307514807,1.0688885745861028,0.05670071256780935,0.0,0.0
297,12.54,0.12365591397849453,-1.0,0.0,0.6164964303420166,0.0,0.0,0.0,0.0,0.0,0.0,0.0,1,0,0.0,0.0,1.0082818307514807,1.0688885745861028,0.05670071256780935,0.0,0.0
298,12.29,-0.019936204146730464,1.0,0.1,0.6164964303420166,0.1,0.1,0.0,0.1,0.1,0.0,0.0,0,0,-0.0,0.0001,1.0081810025684055,1.0688885745861028,0.056795042496552636,9.432992874328777e-05,-0.0030401169951511996
299,11.98,-0.02522375915378346,-1.0,0.0,0.6160247899637916,0.0,0.0,0.1,0.1,-0.0,0.1,0.0,0,0,-0.0025223759153783464,0.0,1.005637991089185,1.0688885745861028,0.059174159964624676,0.0023791174680720395,-0.004424126347590092
300,12.02,0.0033388981636059386,-1.0,0.0,0.6041291929830404,0.0,0.0,0.1,0.0,-0.1,0.0,0.1,0,0,0.0003338898163605939,0.0001,1.005873199574246,1.0688885745861028,0.0589541103816716,0.0,-0.002255405344633079
301,11.35,-0.05574043261231281,0.4407691955566406,0.04407691955566406,0.6052294388462122,0.04407691955566406,0.04407691955566406,0.0,0.04407691955566406,0.04407691955566406,0.0,0.0,0,0,-0.0,4.4076919555664066e-05,1.0058288637821453,1.0688885745861028,0.0589955887856464,4.147840397479563e-05,-0.0016693986949827433
302,11.55,0.017621145374449435,-1.0,0.0,0.605022051935302,0.0,0.0,0.04407691955566406,0.04407691955566406,-0.0,0.04407691955566406,0.0,0,0,0.0007766858071482696,0.0,1.006610076785065,1.0688885745861028,0.05826472401499229,0.0,0.0007490739905123613
303,11.18,-0.03203463203463212,-1.0,0.0,0.6086763754534869,0.0,0.0,0.04407691955566406,0.0,-0.04407691955566406,0.0,0.04407691955566406,0,0,-0.0014119878991857788,4.4076919555664066e-05,1.0051443872660677,1.0688885745861028,0.059635951618921754,0.0013712276039294646,-0.001566257117630603
304,11.59,0.03667262969588552,-1.0,0.0,0.6018202394296599,0.0,0.0,0.0,0.0,0.0,0.0,0.0,0,0,0.0,0.0,1.0051443872660677,1.0688885745861028,0.059635951618921754,0.0,0.0
305,11.77,0.015530629853321804,-1.0,0.0,0.6018202394296599,0.0,0.0,0.0,0.0,0.0,0.0,0.0,0,0,0.0,0.0,1.0051443872660677,1.0688885745861028,0.059635951618921754,0.0,0.0
306,12.15,0.03228547153780805,-1.0,0.0,0.6018202394296599,0.0,0.0,0.0,0.0,0.0,0.0,0.0,0,0,0.0,0.0,1.0051443872660677,1.0688885745861028,0.059635951618921754,0.0,0.0
307,11.86,-0.02386831275720172,0.11568763852119446,0.011568763852119447,0.6018202394296599,0.011568763852119447,0.011568763852119447,0.0,0.011568763852119447,0.011568763852119447,0.0,0.0,0,0,-0.0,1.1568763852119447e-05,1.0051327589880141,1.0688885745861028,0.0596468304685325,1.0878849610748698e-05,-0.0002908651292828496
308,11.72,-0.011804384485666003,-1.0,0.0,0.6017658501913038,0.0,0.0,0.011568763852119447,0.011568763852119447,-0.0,0.011568763852119447,0.0,0,0,-0.00013656213653429248,0.0,1.0049954959109462,1.0688885745861028,0.05977524710646046,0.0001284166379279597,-0.0001435836966238038
309,12.16,0.03754266211604091,-1.0,0.0,0.601123759155477,0.0,0.0,0.011568763852119447,0.0,-0.011568763852119447,0.0,0.011568763852119447,0,0,0.00043432219240038827,1.1568763852119447e-05,1.0054203612025179,1.0688885745861028,0.059377763868568974,0.0,0.0003938315189179702
310,12.18,0.0016447368421052282,0.05500389263033867,0.005500389263033867,0.6031111829032052,0.005500389263033867,0.005500389263033867,0.0,0.005500389263033867,0.005500389263033867,0.0,0.0,0,0,0.0,5.500389263033867e-06,1.0054148309991582,1.0688885745861028,0.05938293765701725,5.173788448276095e-06,-0.0005534724350562094
311,12.23,0.004105090311986922,-0.9746609926223755,0.0,0.603085310762083,0.0,0.0,0.005500389263033867,0.005500389263033867,-0.0,0.005500389263033867,0.0,0,0,2.2579594675837214e-05,0.0,1.0054375328585232,1.0688885745861028,0.05936169890500437,0.0,-0.00038124457707938903
312,12.76,0.043336058871627094,-0.4600495398044586,0.0,0.603191500162038,0.0,0.0,0.005500389263033867,0.0,-0.005500389263033867,0.0,0.005500389263033867,0,0,0.00023836519291970122,5.500389263033867e-06,1.0056716638722014,1.0688885745861028,0.05914265735170789,0.0,-0.0012253309913440578
313,13.06,0.023510971786833913,1.0,0.1,0.6042867168833069,0.1,0.1,0.0,0.1,0.1,0.0,0.0,0,0,0.0,0.0001,1.0055710967058142,1.0688885745861028,0.05923674308597268,9.408573426478856e-05,-0.0034193713747139097
314,13.14,0.006125574272588061,1.0,0.2,0.6038162872244289,0.2,0.2,0.1,0.2,0.1,0.1,0.0,0,0,0.0006125574272588061,0.0001,1.0060865096400677,1.0688885745861028,0.058754547891349075,0.0,-0.0017373570850716612
315,12.83,-0.02359208523592089,-1.0,0.1,0.6062272578526302,0.1,0.1,0.2,0.1,-0.1,0.1,0.1,0,0,-0.004718417047184178,0.0001,1.001238765251076,1.0688885745861028,0.06328986102337407,0.004535313132024994,-0.008308366057545648
316,12.96,0.010132501948558128,-1.0,0.0,0.5794383849953785,0.0,0.0,0.1,0.0,-0.1,0.0,0.1,0,0,0.001013250194855813,0.0001,1.0021531467485387,1.0688885745861028,0.062434410306430176,0.0,-0.0029744022748270475
317,12.65,-0.02391975308641979,1.0,0.1,0.5847849449146617,0.1,0.1,0.0,0.1,0.1,0.0,0.0,0,0,-0.0,0.0001,1.002052931433864,1.0688885745861028,0.06252816686539943,9.375655896925322e-05,-0.003429344657559912
318,12.72,0.005533596837944687,-1.0,0.0,0.5841989800337927,0.0,0.0,0.1,0.1,-0.0,0.1,0.0,0,0,0.0005533596837944687,0.0,1.0026074271271477,1.0688885745861028,0.06200940774824972,0.0,-7.693546110943664e-05
319,12.3,-0.033018867924528295,-1.0,0.0,0.5874411933127205,0.0,0.0,0.1,0.0,-0.1,0.0,0.1,0,0,-0.0033018867924528295,0.0001,0.9991966701627888,1.0688885745861028,0.0652003455554759,0.0031909378072261727,-0.005162480343300786
320,12.54,0.01951219512195109,-1.0,0.0,0.5674978517004032,0.0,0.0,0.0,0.0,0.0,0.0,0.0,0,0,0.0,0.0,0.9991966701627888,1.0688885745861028,0.0652003455554759,0.0,-0.0007756214427020215
321,12.73,0.015151515151515254,-1.0,0.0,0.5674978517004032,0.0,0.0,0.0,0.0,0.0,0.0,0.0,0,0,0.0,0.0,0.9991966701627888,1.0688885745861028,0.0652003455554759,0.0,-0.0014382045965950815
322,12.85,0.009426551453259954,1.0,0.1,0.5674978517004032,0.1,0.1,0.0,0.1,0.1,0.0,0.0,0,0,0.0,0.0001,0.9990967504957725,1.0688885745861028,0.06529382552092035,9.347996544445403e-05,-0.0026775765322158617
323,12.57,-0.02178988326848244,-1.0,0.0,0.5669135864832328,0.0,0.0,0.1,0.1,-0.0,0.1,0.0,0,0,-0.002178988326848244,0.0,0.9969197303390502,1.0688885745861028,0.06733053936414321,0.002036713843222862,-0.004436570726708086
324,12.27,-0.023866348448687406,-1.0,0.0,0.5541841298353205,0.0,0.0,0.1,0.0,-0.1,0.0,0.1,0,0,-0.002386634844868741,0.0001,0.994440755000052,1.0688885745861028,0.06964974774370525,0.0023192083795620377,-0.005656526311993131
325,12.95,0.05541972290138547,-1.0,0.0,0.5396890718504963,0.0,0.0,0.0,0.0,0.0,0.0,0.0,0,0,0.0,0.0,0.994440755000052,1.0688885745861028,0.06964974774370525,0.0,-0.0011827619316347967
326,12.53,-0.03243243243243243,1.0,0.1,0.5396890718504963,0.1,0.1,0.0,0.1,0.1,0.0,0.0,0,0,-0.0,0.0001,0.994341310924552,1.0688885745861028,0.06974278276893088,9.303502522563234e-05,-0.0023864037229836426
327,12.73,0.015961691939345657,-1.0,0.0,0.5391076006010497,0.0,0.0,0.1,0.1,-0.0,0.1,0.0,0,0,0.0015961691939345658,0.0,0.9959284478933063,1.0688885745861028,0.0682579348563514,0.0,0.0010044129424559515
328,12.61,-0.009426551453260093,-1.0,0.0,0.5483879040939598,0.0,0.0,0.1,0.0,-0.1,0.0,0.1,0,0,-0.0009426551453260093,0.0001,0.9948900379727338,1.0688885745861028,0.06922942051469007,0.0009714856583386694,-0.0032104364083034654
329,12.94,0.026169706582077724,-1.0,0.0,0.5423161000027772,0.0,0.0,0.0,0.0,0.0,0.0,0.0,0,0,0.0,0.0,0.9948900379727338,1.0688885745861028,0.06922942051469007,0.0,-0.0017783787240250226
330,12.96,0.0015455950540959314,1.0,0.1,0.5423161000027772,0.1,0.1,0.0,0.1,0.1,0.0,0.0,0,0,0.0,0.0001,0.9947905489689365,1.0688885745861028,0.06932249757263863,9.307705794855958e-05,-0.0017186975225619479
331,12.89,-0.005401234567901256,-1.0,0.0,0.5417343959226869,0.0,0.0,0.1,0.1,-0.0,0.1,0.0,0,0,-0.0005401234567901256,0.0,0.9942532392588452,1.0688885745861028,0.06982517832240649,0.0005026807497678643,-0.0018908580426595708
332,13.03,0.010861132660977407,-1.0,0.0,0.5385926257834289,0.0,0.0,0.1,0.0,-0.1,0.0,0.1,0,0,0.0010861132660977407,0.0001,0.995233685567939,1.0688885745861028,0.06890792059096014,0.0,-0.0007464523969425941
333,13.16,0.009976976208749102,-1.0,0.0,0.5443254750235886,0.0,0.0,0.0,0.0,0.0,0.0,0.0,0,0,0.0,0.0,0.995233685567939,1.0688885745861028,0.06890792059096014,0.0,-0.00084041823012551
334,13.75,0.04483282674772035,-0.30146780610084534,0.0,0.5443254750235886,0.0,0.0,0.0,0.0,0.0,0.0,0.0,0,0,0.0,0.0,0.995233685567939,1.0688885745861028,0.06890792059096014,0.0,-0.0006505591727763366
335,13.77,0.0014545454545454234,1.0,0.1,0.5443254750235886,0.1,0.1,0.0,0.1,0.1,0.0,0.0,0,0,0.0,0.0001,0.9951341621993822,1.0688885745861028,0.06900102979890105,9.310920794090849e-05,-0.001982050010003533
336,13.15,-0.04502541757443713,-1.0,0.0,0.5437435846789834,0.0,0.0,0.1,0.1,-0.0,0.1,0.0,0,0,-0.004502541757443713,0.0,0.9906535290798207,1.0688885745861028,0.07319289153836858,0.004191861739467534,-0.006540424087338254
337,13.36,0.015969581749049357,-1.0,0.0,0.5175444096347441,0.0,0.0,0.1,0.0,-0.1,0.0,0.1,0,0,0.001596958174904936,0.0001,0.9921364959786751,1.0688885745861028,0.07180550006079699,0.0,0.000537419652493685
338,13.49,0.009730538922155748,0.9109166860580444,0.09109166860580445,0.526215628163871,0.09109166860580445,0.09109166860580445,0.0,0.09109166860580445,0.09109166860580445,0.0,0.0,0,0,0.0,9.109166860580446e-05,0.9920461206097718,1.0688885745861028,0.0718900508465871,8.455078579011621e-05,-0.0017676765673073753
339,13.33,-0.011860637509266133,-1.0,0.0,0.5256871957350474,0.0,0.0,0.09109166860580445,0.09109166860580445,-0.0,0.09109166860580445,0.0,0,0,-0.0010804052614476446,0.0,0.9909743087614663,1.0688885745861028,0.07289278571885435,0.0010027348722672497,-0.0026777853495568256
340,13.61,0.02100525131282816,-1.0,0.0,0.5194200932999729,0.0,0.0,0.09109166860580445,0.0,-0.09109166860580445,0.0,0.09109166860580445,0,0,0.0019134033915697815,9.109166860580446e-05,0.9927801728614783,1.0688885745861028,0.07120330737382544,0.0,-0.0007875864592082457
341,13.97,0.02645113886847915,1.0,0.1,0.5299793355184417,0.1,0.1,0.0,0.1,0.1,0.0,0.0,0,0,0.0,0.0001,0.9926808948441922,1.0688885745861028,0.07129618704308806,9.287966926262159e-05,-0.002286085449297681
342,14.04,0.0050107372942017545,-1.0,0.0,0.5293988421576984,0.0,0.0,0.1,0.1,-0.0,0.1,0.0,0,0,0.0005010737294201755,0.0,0.993178301162296,1.0688885745861028,0.07083083796000295,0.0,-0.001837978695298313
343,13.79,-0.017806267806267807,-1.0,0.0,0.5323072694258923,0.0,0.0,0.1,0.0,-0.1,0.0,0.1,0,0,-0.0017806267806267807,0.0001,0.9913105034511929,1.0688885745861028,0.07257825836986781,0.0017474204098648638,-0.005288455530222292
344,14.09,0.021754894851341605,1.0,0.1,0.5213858824242933,0.1,0.1,0.0,0.1,0.1,0.0,0.0,0,0,0.0,0.0001,0.9912113724008478,1.0688885745861028,0.07267100054403079,9.274217416298247e-05,-0.002445691761345275
345,13.75,-0.02413058907026259,-1.0,0.0,0.5208062272538672,0.0,0.0,0.1,0.1,-0.0,0.1,0.0,0,0,-0.002413058907026259,0.0,0.9888195209699302,1.0688885745861028,0.07490870004591177,0.002237699501880977,-0.005295634017219932
346,14.48,0.05309090909090912,-1.0,0.0,0.5068206027173449,0.0,0.0,0.1,0.0,-0.1,0.0,0.1,0,0,0.005309090909090913,0.0001,0.9939703717473464,1.0688885745861028,0.07008981536524175,0.0,0.003010898355670982
347,14.7,0.015193370165745778,1.0,0.1,0.5369386434570819,0.1,0.1,0.0,0.1,0.1,0.0,0.0,0,0,0.0,0.0001,0.9938709747101716,1.0688885745861028,0.07018280638370526,9.29910184635091e-05,-0.003490940568636279
348,14.77,0.004761904761904781,-0.8563864231109619,0.014361357688903814,0.5363574516044076,0.014361357688903814,0.014361357688903814,0.1,0.1,-0.0,0.1,0.0,0,0,0.00047619047619047814,0.0,0.9943442466028908,1.0688885745861028,0.06974003629150699,0.0,-0.0027392008482060885
349,14.74,-0.0020311442112389546,0.005825217813253403,0.10058252178132535,0.5391247835025509,0.10058252178132535,0.10058252178132535,0.1,0.10058252178132535,0.0005825217813253403,0.0,0.1,0,0,-0.00020311442112389547,5.825217813253403e-07,0.9941417017196623,1.0688885745861028,0.06992952740222158,0.00018949111071459024,-0.0035372812209948264
350,15.87,0.07666214382632286,-1.0,0.0005825217813253403,0.5379404671505708,0.0005825217813253403,0.0005825217813253403,0.10058252178132535,0.0005825217813253403,-0.1,0.0005825217813253403,0.1,0,0,0.007710871751214215,0.0001,1.0017079867139844,1.0688885745861028,0.06285088031568879,0.0,0.0032870739584989804
351,16.1,0.014492753623188545,1.0,0.10058252178132535,0.5821820147339983,0.10058252178132535,0.10058252178132535,0.0005825217813253403,0.10058252178132535,0.1,0.0,0.0005825217813253403,0,0,8.442344656889071e-06,0.0001,1.0016162726793825,1.0688885745861028,0.0629366834917939,8.580317610511201e-05,-0.004641037211370054
352,15.97,-0.008074534161490732,1.0,0.20058252178132535,0.5816457126294194,0.20058252178132535,0.20058252178132535,0.10058252178132535,0.20058252178132535,0.1,0.1,0.0005825217813253403,0,0,-0.0008121570081721972,0.0001,1.0007026413767588,1.0688885745861028,0.06379143236304781,0.0008547488712539048,-0.0038140062993970826
353,15.88,-0.005635566687539127,-1.0,0.10058252178132535,0.5763035532093012,0.10058252178132535,0.10058252178132535,0.20058252178132535,0.10058252178132535,-0.1,0.1,0.10058252178132535,0,0,-0.0011303961778534285,0.0001,0.9994713806716411,1.0688885745861028,0.06494333980634186,0.001151907443294048,-0.0056279849857622565
354,15.1,-0.049118387909319966,1.0,0.20058252178132535,0.5691041037448024,0.20058252178132535,0.20058252178132535,0.10058252178132535,0.20058252178132535,0.1,0.0,0.10058252178132535,0,0,-0.004940451321752763,0.0001,0.9944335938298806,1.0688885745861028,0.06965644738512876,0.0047131075787869015,-0.007602912423776071
355,15.1,0.0,-1.0,0.10058252178132535,0.5396472089007683,0.10058252178132535,0.10058252178132535,0.20058252178132535,0.10058252178132535,-0.1,0.1,0.10058252178132535,0,0,0.0,0.0001,0.9943341504704977,1.0688885745861028,0.06974948174039021,9.303435526145098e-05,-0.0025117833316657587
356,14.82,-0.01854304635761585,-1.0,0.0005825217813253403,0.5390657376513217,0.0005825217813253403,0.0005825217813253403,0.10058252178132535,0.0005825217813253403,-0.1,0.0,0.10058252178132535,0,0,-0.0018651063641570219,0.0001,0.9923801781033094,1.0688885745861028,0.0715775229540826,0.0018280412136923857,-0.005108579628812787
357,14.82,0.0,-1.0,0.0,0.5276404585707396,0.0,0.0,0.0005825217813253403,0.0,-0.0005825217813253403,0.0,0.0005825217813253403,0,0,0.0,5.825217813253403e-07,0.9923796000202402,1.0688885745861028,0.07157806378039783,5.408263152317794e-07,-0.0030895584962590556
358,15.03,0.014170040485829897,-1.0,0.0,0.5276371058094711,0.0,0.0,0.0,0.0,0.0,0.0,0.0,0,0,0.0,0.0,0.9923796000202402,1.0688885745861028,0.07157806378039783,0.0,-0.0026931581494754166
359,14.95,-0.005322687957418502,-0.41298922896385193,0.0,0.5276371058094711,0.0,0.0,0.0,0.0,0.0,0.0,0.0,0,0,-0.0,0.0,0.9923796000202402,1.0688885745861028,0.07157806378039783,0.0,-0.002918011752320412
360,14.46,-0.03277591973244137,0.2657623887062073,0.02657623887062073,0.5276371058094711,0.02657623887062073,0.02657623887062073,0.0,0.02657623887062073,0.02657623887062073,0.0,0.0,0,0,-0.0,2.657623887062073e-05,0.9923532263029398,1.0688885745861028,0.07160273774354747,2.4673963149646205e-05,-0.002765149365819503
361,14.55,0.006224066390041484,-1.0,0.0,0.5274828787911185,0.0,0.0,0.02657623887062073,0.02657623887062073,-0.0,0.02657623887062073,0.0,0,0,0.00016541227512834454,0.0,0.9925173737078336,1.0688885745861028,0.07144916944017464,0.0,-0.0009067878142203364
362,15.22,0.046048109965635735,-1.0,0.0,0.5284426998364933,0.0,0.0,0.02657623887062073,0.0,-0.02657623887062073,0.0,0.02657623887062073,0,0,0.0012237855699873462,2.657623887062073e-05,0.9937056247689319,1.0688885745861028,0.07033749972141239,0.0,0.000410639744439389
363,15.33,0.007227332457292998,0.9513520002365112,0.09513520002365113,0.5353906456397235,0.09513520002365113,0.09513520002365113,0.0,0.09513520002365113,0.09513520002365113,0.0,0.0,0,0,0.0,9.513520002365113e-05,0.9936110883855548,1.0688885745861028,0.07042594334933094,8.844362791855798e-05,-0.0020373303954598866
364,15.17,-0.010437051532941954,-1.0,0.0,0.5348378591255742,0.0,0.0,0.09513520002365113,0.09513520002365113,-0.0,0.09513520002365113,0.0,0,0,-0.0009929309852435874,0.0,0.9926245011486152,1.0688885745861028,0.07134894623325791,0.0009230028839269655,-0.0031114197628706116
365,14.85,-0.02109426499670404,-1.0,0.0,0.529069107400164,0.0,0.0,0.09513520002365113,0.0,-0.09513520002365113,0.0,0.09513520002365113,0,0,-0.0020068071198133413,9.513520002365113e-05,0.9905380617019438,1.0688885745861028,0.0733009171835315,0.0019519709502735932,-0.004296538061209278
366,14.81,-0.002693602693602636,-1.0,0.0,0.5168692473342935,0.0,0.0,0.0,0.0,0.0,0.0,0.0,0,0,-0.0,0.0,0.9905380617019438,1.0688885745861028,0.0733009171835315,0.0,-0.0016559912709180138
367,14.47,-0.022957461174881826,-1.0,0.0,0.5168692473342935,0.0,0.0,0.0,0.0,0.0,0.0,0.0,0,0,-0.0,0.0,0.9905380617019438,1.0688885745861028,0.0733009171835315,0.0,-0.0002678949715888521
368,15.25,0.05390463026952311,-1.0,0.0,0.5168692473342935,0.0,0.0,0.0,0.0,0.0,0.0,0.0,0,0,0.0,0.0,0.9905380617019438,1.0688885745861028,0.0733009171835315,0.0,0.0
369,14.98,-0.017704918032786857,-1.0,0.0,0.5168692473342935,0.0,0.0,0.0,0.0,0.0,0.0,0.0,0,0,-0.0,0.0,0.9905380617019438,1.0688885745861028,0.0733009171835315,0.0,-0.0009298230621226098
370,15.56,0.03871829105473966,-1.0,0.0,0.5168692473342935,0.0,0.0,0.0,0.0,0.0,0.0,0.0,0,0,0.0,0.0,0.9905380617019438,1.0688885745861028,0.0733009171835315,0.0,-0.00025111973874239566
371,15.34,-0.014138817480719835,-0.934923529624939,0.0,0.5168692473342935,0.0,0.0,0.0,0.0,0.0,0.0,0.0,0,0,-0.0,0.0,0.9905380617019438,1.0688885745861028,0.0733009171835315,0.0,0.0
372,15.65,0.020208604954367698,-1.0,0.0,0.5168692473342935,0.0,0.0,0.0,0.0,0.0,0.0,0.0,0,0,0.0,0.0,0.9905380617019438,1.0688885745861028,0.0733009171835315,0.0,0.0
373,15.36,-0.018530351437699738,0.4557243287563324,0.04557243287563324,0.5168692473342935,0.04557243287563324,0.04557243287563324,0.0,0.04557243287563324,0.04557243287563324,0.0,0.0,0,0,-0.0,4.5572432875633244e-05,0.9904929204726162,1.0688885745861028,0.07334314911527903,4.223193174753004e-05,-0.0002558992829920674
374,15.94,0.03776041666666667,-1.0,0.0,0.5166053105166541,0.0,0.0,0.04557243287563324,0.04557243287563324,-0.0,0.04557243287563324,0.0,0,0,0.0017208340538976095,0.0,0.99219739442031,1.0688885745861028,0.07174852644999907,0.0,0.0016922444861893072
375,16.29,0.021957340025094082,-0.40926694869995117,0.004645738005638125,0.5265717193502664,0.004645738005638125,0.004645738005638125,0.04557243287563324,0.004645738005638125,-0.04092669486999512,0.0,0.04557243287563324,0,0,0.0010006494044210552,4.0926694869995115e-05,0.9931496287920925,1.0688885745861028,0.07085766243065897,0.0,-0.0013147960281111896
376,16.04,-0.015346838551258441,1.0,0.10464573800563813,0.5321396313624658,0.10464573800563813,0.10464573800563813,0.004645738005638125,0.10464573800563813,0.1,0.0,0.004645738005638125,0,0,-7.12973911239737e-05,0.0001,0.9929795048516846,1.0688885745861028,0.07101682208906743,0.0001591596584084587,-0.0025431513961866148
377,17.8,0.10972568578553626,-1.0,0.004645738005638125,0.5311448391544151,0.004645738005638125,0.004645738005638125,0.10464573800563813,0.1,-0.004645738005638125,0.1,0.004645738005638125,1,0,0.011482325367202199,4.645738005638126e-06,1.0043766054867307,1.0688885745861028,0.06035425079209264,0.0,0.00946311899932578
378,16.95,-0.04775280898876412,1.0,0.2,0.5977859286591963,0.2,0.2,0.1,0.2,0.1,0.0,0.1,0,0,-0.004775280898876412,0.0001,0.9994799874067228,1.0688885745861028,0.06493528776491643,0.00458103697282379,-0.0076866842067463545
379,14.95,-0.11799410029498525,-1.0,0.1,0.5691544417299591,0.1,0.1,0.2,0.2,0.0,0.1,0.1,0,1,-0.02359882005899705,0.0,0.975893439031343,1.0688885745861028,0.08700171165247002,0.022066423887553588,-0.0495709060283903
380,14.97,0.0013377926421405586,-1.0,0.1,0.4312393054408302,0.1,0.1,0.2,0.1,-0.1,0.0,0.2,0,0,0.00026755852842811175,0.0001,0.9760569582998898,1.0688885745861028,0.08684873100281701,0.0,-0.00014844147157188823
381,15.64,0.04475617902471609,-1.0,0.0,0.4321954477620352,0.0,0.0,0.1,0.0,-0.1,0.0,0.1,0,0,0.004475617902471609,0.0001,0.9803278106004588,1.0688885745861028,0.08285312996252825,0.0,0.00373991572282888
382,15.87,0.01470588235294109,-1.0,0.0,0.4571679312771504,0.0,0.0,0.0,0.0,0.0,0.0,0.0,0,0,0.0,0.0,0.9803278106004588,1.0688885745861028,0.08285312996252825,0.0,-0.0018976033048518656
383,16.25,0.023944549464398286,-1.0,0.0,0.4571679312771504,0.0,0.0,0.0,0.0,0.0,0.0,0.0,0,0,0.0,0.0,0.9803278106004588,1.0688885745861028,0.08285312996252825,0.0,-0.0013492452429858881
384,15.86,-0.024000000000000035,-0.4843307137489319,0.0,0.4571679312771504,0.0,0.0,0.0,0.0,0.0,0.0,0.0,0,0,-0.0,0.0,0.9803278106004588,1.0688885745861028,0.08285312996252825,0.0,-0.0020717255878186093
385,16.18,0.02017654476670872,0.13052555918693542,0.013052555918693544,0.4571679312771504,0.013052555918693544,0.013052555918693544,0.0,0.013052555918693544,0.013052555918693544,0.0,0.0,0,0,0.0,1.3052555918693544e-05,0.9803150148168923,1.0688885745861028,0.08286510107333506,1.1971110806807683e-05,-0.0013289647984150962
386,16.1,-0.004944375772558609,1.0,0.11305255591869355,0.4570930995082819,0.11305255591869355,0.11305255591869355,0.013052555918693544,0.11305255591869355,0.1,0.013052555918693544,0.0,0,0,-6.453674125435483e-05,0.0001,0.9801537169789516,1.0688885745861028,0.08301600346089512,0.0001509023875600618,-0.0021751851334920387
387,15.37,-0.04534161490683243,-1.0,0.013052555918693545,0.4561499957031211,0.013052555918693545,0.013052555918693545,0.11305255591869355,0.1,-0.013052555918693545,0.1,0.013052555918693545,0,0,-0.005125985454698542,1.3052555918693545e-05,0.975116669771149,1.0688885745861028,0.08772841907423731,0.004712415613342194,-0.006890134005970779
388,15.3,-0.004554326610279669,-1.0,0.0,0.42669738494293025,0.0,0.0,0.1,0.0,-0.1,0.0,0.1,0,0,-0.00045543266102796693,0.0001,0.9745750581244452,1.0688885745861028,0.08823512450601112,0.0005067054317738073,-0.001888756437857329
389,16.14,0.05490196078431371,-1.0,0.0,0.4235304690941582,0.0,0.0,0.0,0.0,0.0,0.0,0.0,0,0,0.0,0.0,0.9745750581244452,1.0688885745861028,0.08823512450601112,0.0,0.0
390,15.8,-0.021065675340768267,0.29882127046585083,0.029882127046585084,0.4235304690941582,0.029882127046585084,0.029882127046585084,0.0,0.029882127046585084,0.029882127046585084,0.0,0.0,0,0,-0.0,2.9882127046585084e-05,0.9745459357487419,1.0688885745861028,0.08826236997985723,2.7245473846110313e-05,-0.0020274720235920864
391,15.44,-0.022784810126582355,-1.0,0.0,0.42336017676139404,0.0,0.0,0.029882127046585084,0.029882127046585084,-0.0,0.029882127046585084,0.0,0,0,-0.0006808585909348523,0.0,0.9738824077761268,1.0688885745861028,0.088883134377935,0.000620764398077775,-0.0009723300717303469
392,15.76,0.020725388601036288,-1.0,0.0,0.4194804266140291,0.0,0.0,0.029882127046585084,0.0,-0.029882127046585084,0.0,0.029882127046585084,0,0,0.0006193186952660126,2.9882127046585084e-05,0.9744564496804157,1.0688885745861028,0.08834608877941584,0.0,0.0005147312506029649
393,16.55,0.05012690355329955,-1.0,0.0,0.42283695973898816,0.0,0.0,0.0,0.0,0.0,0.0,0.0,0,0,0.0,0.0,0.9744564496804157,1.0688885745861028,0.08834608877941584,0.0,-4.313457052710353e-05
394,17.09,0.03262839879154073,1.0,0.1,0.42283695973898816,0.1,0.1,0.0,0.1,0.1,0.0,0.0,0,0,0.0,0.0001,0.9743590040354476,1.0688885745861028,0.08843725417053791,9.116539112206945e-05,-0.002094391245033088
395,16.91,-0.010532475131655922,-1.0,0.0,0.4222671765878526,0.0,0.0,0.1,0.1,-0.0,0.1,0.0,0,0,-0.0010532475131655923,0.0,0.9733327628375168,1.0688885745861028,0.08939735536567718,0.0009601011951392707,-0.0030234926748278
396,15.66,-0.07392075694855116,-1.0,0.0,0.4162665255413689,0.0,0.0,0.1,0.0,-0.1,0.0,0.1,0,0,-0.007392075694855116,0.0001,0.9660404801020557,1.0688885745861028,0.09621965930721275,0.0068223039415355735,-0.009480583463538826
397,15.85,0.012132822477650032,-1.0,0.0,0.37362713218301224,0.0,0.0,0.0,0.0,0.0,0.0,0.0,0,0,0.0,0.0,0.9660404801020557,1.0688885745861028,0.09621965930721275,0.0,0.0
398,14.03,-0.11482649842271296,-1.0,0.0,0.37362713218301224,0.0,0.0,0.0,0.0,0.0,0.0,0.0,0,1,-0.0,0.0,0.9660404801020557,1.0688885745861028,0.09621965930721275,0.0,0.0
399,14.39,0.025659301496792675,-1.0,0.0,0.37362713218301224,0.0,0.0,0.0,0.0,0.0,0.0,0.0,0,0,0.0,0.0,0.9660404801020557,1.0688885745861028,0.09621965930721275,0.0,0.0
400,14.39,0.0,-1.0,0.0,0.37362713218301224,0.0,0.0,0.0,0.0,0.0,0.0,0.0,0,0,0.0,0.0,0.9660404801020557,1.0688885745861028,0.09621965930721275,0.0,0.0
401,13.71,-0.04725503822098678,-1.0,0.0,0.37362713218301224,0.0,0.0,0.0,0.0,0.0,0.0,0.0,0,0,-0.0,0.0,0.9660404801020557,1.0688885745861028,0.09621965930721275,0.0,0.0
402,14.11,0.02917578409919756,-1.0,0.0,0.37362713218301224,0.0,0.0,0.0,0.0,0.0,0.0,0.0,0,0,0.0,0.0,0.9660404801020557,1.0688885745861028,0.09621965930721275,0.0,0.0
403,13.94,-0.012048192771084333,-1.0,0.0,0.37362713218301224,0.0,0.0,0.0,0.0,0.0,0.0,0.0,0,0,-0.0,0.0,0.9660404801020557,1.0688885745861028,0.09621965930721275,0.0,0.0
404,13.13,-0.058106169296987,-1.0,0.0,0.37362713218301224,0.0,0.0,0.0,0.0,0.0,0.0,0.0,0,0,-0.0,0.0,0.9660404801020557,1.0688885745861028,0.09621965930721275,0.0,0.0
405,13.54,0.0312261995430311,-1.0,0.0,0.37362713218301224,0.0,0.0,0.0,0.0,0.0,0.0,0.0,0,0,0.0,0.0,0.9660404801020557,1.0688885745861028,0.09621965930721275,0.0,0.0
406,13.49,-0.0036927621861151355,-1.0,0.0,0.37362713218301224,0.0,0.0,0.0,0.0,0.0,0.0,0.0,0,0,-0.0,0.0,0.9660404801020557,1.0688885745861028,0.09621965930721275,0.0,0.0
407,13.05,-0.0326167531504818,-1.0,0.0,0.37362713218301224,0.0,0.0,0.0,0.0,0.0,0.0,0.0,0,0,-0.0,0.0,0.9660404801020557,1.0688885745861028,0.09621965930721275,0.0,0.0
408,12.6,-0.03448275862068974,-1.0,0.0,0.37362713218301224,0.0,0.0,0.0,0.0,0.0,0.0,0.0,0,0,-0.0,0.0,0.9660404801020557,1.0688885745861028,0.09621965930721275,0.0,0.0
409,11.25,-0.10714285714285712,-1.0,0.0,0.37362713218301224,0.0,0.0,0.0,0.0,0.0,0.0,0.0,0,1,-0.0,0.0,0.9660404801020557,1.0688885745861028,0.09621965930721275,0.0,0.0
410,10.86,-0.03466666666666672,-1.0,0.0,0.37362713218301224,0.0,0.0,0.0,0.0,0.0,0.0,0.0,0,0,-0.0,0.0,0.9660404801020557,1.0688885745861028,0.09621965930721275,0.0,0.0
411,10.51,-0.03222836095764269,-1.0,0.0,0.37362713218301224,0.0,0.0,0.0,0.0,0.0,0.0,0.0,0,0,-0.0,0.0,0.9660404801020557,1.0688885745861028,0.09621965930721275,0.0,0.0
412,10.46,-0.004757373929590764,-1.0,0.0,0.37362713218301224,0.0,0.0,0.0,0.0,0.0,0.0,0.0,0,0,-0.0,0.0,0.9660404801020557,1.0688885745861028,0.09621965930721275,0.0,0.0
413,10.52,0.005736137667303892,-1.0,0.0,0.37362713218301224,0.0,0.0,0.0,0.0,0.0,0.0,0.0,0,0,0.0,0.0,0.9660404801020557,1.0688885745861028,0.09621965930721275,0.0,0.0
414,9.47,-0.09980988593155884,-1.0,0.0,0.37362713218301224,0.0,0.0,0.0,0.0,0.0,0.0,0.0,0,0,-0.0,0.0,0.9660404801020557,1.0688885745861028,0.09621965930721275,0.0,0.0
415,9.97,0.05279831045406547,-1.0,0.0,0.37362713218301224,0.0,0.0,0.0,0.0,0.0,0.0,0.0,0,0,0.0,0.0,0.9660404801020557,1.0688885745861028,0.09621965930721275,0.0,0.0
416,10.5,0.05315947843530585,-1.0,0.0,0.37362713218301224,0.0,0.0,0.0,0.0,0.0,0.0,0.0,0,0,0.0,0.0,0.9660404801020557,1.0688885745861028,0.09621965930721275,0.0,0.0
417,10.24,-0.024761904761904742,-1.0,0.0,0.37362713218301224,0.0,0.0,0.0,0.0,0.0,0.0,0.0,0,0,-0.0,0.0,0.9660404801020557,1.0688885745861028,0.09621965930721275,0.0,0.0
418,10.02,-0.021484375000000062,-1.0,0.0,0.37362713218301224,0.0,0.0,0.0,0.0,0.0,0.0,0.0,0,0,-0.0,0.0,0.9660404801020557,1.0688885745861028,0.09621965930721275,0.0,0.0
419,9.77,-0.0249500998003992,-1.0,0.0,0.37362713218301224,0.0,0.0,0.0,0.0,0.0,0.0,0.0,0,0,-0.0,0.0,0.9660404801020557,1.0688885745861028,0.09621965930721275,0.0,0.0
420,10.16,0.03991811668372575,-1.0,0.0,0.37362713218301224,0.0,0.0,0.0,0.0,0.0,0.0,0.0,0,0,0.0,0.0,0.9660404801020557,1.0688885745861028,0.09621965930721275,0.0,0.0
421,10.36,0.01968503937007867,-1.0,0.0,0.37362713218301224,0.0,0.0,0.0,0.0,0.0,0.0,0.0,0,0,0.0,0.0,0.9660404801020557,1.0688885745861028,0.09621965930721275,0.0,0.0
422,10.93,0.05501930501930505,-1.0,0.0,0.37362713218301224,0.0,0.0,0.0,0.0,0.0,0.0,0.0,0,0,0.0,0.0,0.9660404801020557,1.0688885745861028,0.09621965930721275,0.0,0.0
423,10.91,-0.0018298261665141422,-1.0,0.0,0.37362713218301224,0.0,0.0,0.0,0.0,0.0,0.0,0.0,0,0,-0.0,0.0,0.9660404801020557,1.0688885745861028,0.09621965930721275,0.0,0.0
424,11.1,0.017415215398716728,-1.0,0.0,0.37362713218301224,0.0,0.0,0.0,0.0,0.0,0.0,0.0,0,0,0.0,0.0,0.9660404801020557,1.0688885745861028,0.09621965930721275,0.0,0.0
425,11.09,-0.0009009009009008817,-1.0,0.0,0.37362713218301224,0.0,0.0,0.0,0.0,0.0,0.0,0.0,0,0,-0.0,0.0,0.9660404801020557,1.0688885745861028,0.09621965930721275,0.0,0.0
426,10.9,-0.017132551848512128,-1.0,0.0,0.37362713218301224,0.0,0.0,0.0,0.0,0.0,0.0,0.0,0,0,-0.0,0.0,0.9660404801020557,1.0688885745861028,0.09621965930721275,0.0,0.0
427,10.57,-0.03027522935779817,-1.0,0.0,0.37362713218301224,0.0,0.0,0.0,0.0,0.0,0.0,0.0,0,0,-0.0,0.0,0.9660404801020557,1.0688885745861028,0.09621965930721275,0.0,0.0
428,10.1,-0.04446546830652797,-1.0,0.0,0.37362713218301224,0.0,0.0,0.0,0.0,0.0,0.0,0.0,0,0,-0.0,0.0,0.9660404801020557,1.0688885745861028,0.09621965930721275,0.0,0.0
429,10.76,0.06534653465346536,-1.0,0.0,0.37362713218301224,0.0,0.0,0.0,0.0,0.0,0.0,0.0,0,0,0.0,0.0,0.9660404801020557,1.0688885745861028,0.09621965930721275,0.0,0.0
430,10.82,0.005576208178438708,-1.0,0.0,0.37362713218301224,0.0,0.0,0.0,0.0,0.0,0.0,0.0,0,0,0.0,0.0,0.9660404801020557,1.0688885745861028,0.09621965930721275,0.0,0.0
431,11.0,0.016635859519408477,-1.0,0.0,0.37362713218301224,0.0,0.0,0.0,0.0,0.0,0.0,0.0,0,0,0.0,0.0,0.9660404801020557,1.0688885745861028,0.09621965930721275,0.0,-0.00042529077444866686
432,10.94,-0.0054545454545455,0.9557678699493408,0.09557678699493409,0.37362713218301224,0.09557678699493409,0.09557678699493409,0.0,0.09557678699493409,0.09557678699493409,0.0,0.0,0,0,-0.0,9.557678699493409e-05,0.9659481490568605,1.0688885745861028,0.0963060397283253,8.638042111254463e-05,-0.0017383253790549612
433,11.42,0.04387568555758688,-1.0,0.0,0.37308724448652114,0.0,0.0,0.09557678699493409,0.09557678699493409,-0.0,0.09557678699493409,0.0,0,0,0.004193497052794187,0.0,0.9699988497730825,1.0688885745861028,0.09251640176929814,0.0,0.0028872473321504707
434,11.11,-0.027145359019264494,-0.24199508130550385,0.0713772788643837,0.39677250050516366,0.0713772788643837,0.0713772788643837,0.09557678699493409,0.0713772788643837,-0.024199508130550385,0.0,0.09557678699493409,0,0,-0.0025944661968852556,2.4199508130550386e-05,0.9674587470512769,1.0688885745861028,0.09489279794584926,0.002376396176551124,-0.0052613470753608916
435,11.01,-0.00900090009000897,-0.9643979072570801,0.0,0.381920000916211,0.0,0.0,0.0713772788643837,0.0,-0.0713772788643837,0.0,0.0713772788643837,0,0,-0.0006424597557550267,7.137727886438371e-05,0.9667681391681652,1.0688885745861028,0.09553889698697628,0.0006460990411270157,-0.0050568337644252065
436,10.91,-0.00908265213442322,1.0,0.1,0.3778818793650367,0.1,0.1,0.0,0.1,0.1,0.0,0.0,0,0,-0.0,0.0001,0.9666714623542484,1.0688885745861028,0.09562934309727755,9.044611030127603e-05,-0.002410161035623191
437,10.9,-0.0009165902841429685,-1.0,0.0,0.37731661312838793,0.0,0.0,0.1,0.1,-0.0,0.1,0.0,0,0,-9.165902841429686e-05,0.0,0.9665828581872131,1.0688885745861028,0.0957122368330157,8.289373573815151e-05,-0.001032297363835814
438,10.9,0.0,-1.0,0.0,0.37679851838014233,0.0,0.0,0.1,0.0,-0.1,0.0,0.1,0,0,0.0,0.0001,0.9664861999013944,1.0688885745861028,0.09580266560933241,9.042877631670887e-05,-0.002132500130664481
439,11.16,0.023853211009174292,-1.0,0.0,0.37623334527575103,0.0,0.0,0.0,0.0,0.0,0.0,0.0,0,0,0.0,0.0,0.9664861999013944,1.0688885745861028,0.09580266560933241,0.0,-0.002227279764124222
440,11.19,0.0026881720430106952,1.0,0.1,0.37623334527575103,0.1,0.1,0.0,0.1,0.1,0.0,0.0,0,0,0.0,0.0001,0.9663895512814042,1.0688885745861028,0.09589308534277148,9.041973343906773e-05,-0.0028531517918871283
441,11.64,0.04021447721179634,-1.0,0.0,0.37566821873748846,0.0,0.0,0.1,0.1,-0.0,0.1,0.0,0,0,0.004021447721179634,0.0,0.9702758363401768,1.0688885745861028,0.0922572666511203,0.0,0.002044297143723303
442,11.71,0.006013745704467378,-1.0,0.0,0.39839207046237946,0.0,0.0,0.1,0.0,-0.1,0.0,0.1,0,0,0.0006013745704467378,0.0001,0.9707623079708367,1.0688885745861028,0.09180214752811132,0.0,-0.003405285194547355
443,11.33,-0.0324508966695133,1.0,0.1,0.4012365624358277,0.1,0.1,0.0,0.1,0.1,0.0,0.0,0,0,-0.0,0.0001,0.9706652317400397,1.0688885745861028,0.09189296731335844,9.08197852471232e-05,-0.0022769534288412992
444,11.39,0.005295675198587864,-1.0,0.0,0.4006689678927425,0.0,0.0,0.1,0.1,-0.0,0.1,0.0,0,0,0.0005295675198587864,0.0,0.9711792645194255,1.0688885745861028,0.09141206332429222,0.0,-0.0004888233281796279
445,11.47,0.007023705004389822,-1.0,0.0,0.4036746252377239,0.0,0.0,0.1,0.0,-0.1,0.0,0.1,0,0,0.0007023705004389823,0.0001,0.97176427425901,1.0688885745861028,0.09086475675418405,0.0,-0.0007677350305409086
446,11.18,-0.025283347863993104,0.28670066595077515,0.028670066595077516,0.40709527992194355,0.028670066595077516,0.028670066595077516,0.0,0.028670066595077516,0.028670066595077516,0.0,0.0,0,0,-0.0,2.8670066595077517e-05,0.9717364137125523,1.0688885745861028,0.09089082172215186,2.6064967967809327e-05,-0.001397659516029661
447,11.13,-0.004472271914132284,-1.0,0.0,0.40693234503751863,0.0,0.0,0.028670066595077516,0.028670066595077516,-0.0,0.028670066595077516,0.0,0,0,-0.00012822033360946738,0.0,0.9716118173454056,1.0688885745861028,0.09100738800427807,0.00011656628212620979,-0.0008589960768885782
448,10.64,-0.04402515723270442,-1.0,0.0,0.4062038179535439,0.0,0.0,0.028670066595077516,0.0,-0.028670066595077516,0.0,0.028670066595077516,0,0,-0.0012622041897203944,2.8670066595077517e-05,0.9703575886632625,1.0688885745861028,0.09218078316628432,0.0011733951620062494,-0.002692716062669031
449,10.74,0.00939849624060147,-1.0,0.0,0.39887011833991765,0.0,0.0,0.0,0.0,0.0,0.0,0.0,0,0,0.0,0.0,0.9703575886632625,1.0688885745861028,0.09218078316628432,0.0,-0.0006484809065308228
450,10.44,-0.027932960893854813,-1.0,0.0,0.39887011833991765,0.0,0.0,0.0,0.0,0.0,0.0,0.0,0,0,-0.0,0.0,0.9703575886632625,1.0688885745861028,0.09218078316628432,0.0,0.0
451,10.73,0.027777777777777866,-1.0,0.0,0.39887011833991765,0.0,0.0,0.0,0.0,0.0,0.0,0.0,0,0,0.0,0.0,0.9703575886632625,1.0688885745861028,0.09218078316628432,0.0,0.0
452,10.8,0.006523765144454826,-1.0,0.0,0.39887011833991765,0.0,0.0,0.0,0.0,0.0,0.0,0.0,0,0,0.0,0.0,0.9703575886632625,1.0688885745861028,0.09218078316628432,0.0,0.0
453,10.55,-0.023148148148148147,-1.0,0.0,0.39887011833991765,0.0,0.0,0.0,0.0,0.0,0.0,0.0,0,0,-0.0,0.0,0.9703575886632625,1.0688885745861028,0.09218078316628432,0.0,0.0
454,10.21,-0.032227488151658754,-1.0,0.0,0.39887011833991765,0.0,0.0,0.0,0.0,0.0,0.0,0.0,0,0,-0.0,0.0,0.9703575886632625,1.0688885745861028,0.09218078316628432,0.0,0.0
455,10.07,-0.013712047012732669,-1.0,0.0,0.39887011833991765,0.0,0.0,0.0,0.0,0.0,0.0,0.0,0,0,-0.0,0.0,0.9703575886632625,1.0688885745861028,0.09218078316628432,0.0,0.0
456,10.45,0.037735849056603675,-1.0,0.0,0.39887011833991765,0.0,0.0,0.0,0.0,0.0,0.0,0.0,0,0,0.0,0.0,0.9703575886632625,1.0688885745861028,0.09218078316628432,0.0,0.0
457,10.43,-0.0019138755980860837,-1.0,0.0,0.39887011833991765,0.0,0.0,0.0,0.0,0.0,0.0,0.0,0,0,-0.0,0.0,0.9703575886632625,1.0688885745861028,0.09218078316628432,0.0,0.0
458,10.41,-0.0019175455417065747,-1.0,0.0,0.39887011833991765,0.0,0.0,0.0,0.0,0.0,0.0,0.0,0,0,-0.0,0.0,0.9703575886632625,1.0688885745861028,0.09218078316628432,0.0,0.0
459,10.36,-0.004803073967339165,-1.0,0.0,0.39887011833991765,0.0,0.0,0.0,0.0,0.0,0.0,0.0,0,0,-0.0,0.0,0.9703575886632625,1.0688885745861028,0.09218078316628432,0.0,0.0
460,10.83,0.04536679536679543,-1.0,0.0,0.39887011833991765,0.0,0.0,0.0,0.0,0.0,0.0,0.0,0,0,0.0,0.0,0.9703575886632625,1.0688885745861028,0.09218078316628432,0.0,0.0
461,11.11,0.025854108956601972,-1.0,0.0,0.39887011833991765,0.0,0.0,0.0,0.0,0.0,0.0,0.0,0,0,0.0,0.0,0.9703575886632625,1.0688885745861028,0.09218078316628432,0.0,0.0
462,11.17,0.005400540054005446,-1.0,0.0,0.39887011833991765,0.0,0.0,0.0,0.0,0.0,0.0,0.0,0,0,0.0,0.0,0.9703575886632625,1.0688885745861028,0.09218078316628432,0.0,0.0
463,11.11,-0.005371530886302641,-0.7214146852493286,0.0,0.39887011833991765,0.0,0.0,0.0,0.0,0.0,0.0,0.0,0,0,-0.0,0.0,0.9703575886632625,1.0688885745861028,0.09218078316628432,0.0,0.0
464,11.03,-0.007200720072007207,-0.3764432966709137,0.0,0.39887011833991765,0.0,0.0,0.0,0.0,0.0,0.0,0.0,0,0,-0.0,0.0,0.9703575886632625,1.0688885745861028,0.09218078316628432,0.0,-1.0322750023059047e-06
465,11.21,0.016319129646418993,-1.0,0.0,0.39887011833991765,0.0,0.0,0.0,0.0,0.0,0.0,0.0,0,0,0.0,0.0,0.9703575886632625,1.0688885745861028,0.09218078316628432,0.0,0.0
466,11.5,0.025869759143621687,-0.5483946204185486,0.0,0.39887011833991765,0.0,0.0,0.0,0.0,0.0,0.0,0.0,0,0,0.0,0.0,0.9703575886632625,1.0688885745861028,0.09218078316628432,0.0,-0.00010273461782553187
467,11.23,-0.02347826086956518,1.0,0.1,0.39887011833991765,0.1,0.1,0.0,0.1,0.1,0.0,0.0,0,0,-0.0,0.0001,0.9702605529043962,1.0688885745861028,0.09227156508796769,9.078192168336663e-05,-0.001639549897053864
468,10.97,-0.02315227070347282,-1.0,0.0,0.3983027100613473,0.0,0.0,0.1,0.1,-0.0,0.1,0.0,0,0,-0.0023152270703472822,0.0,0.9680141794070218,1.0688885745861028,0.09437316253299996,0.0021015974450322716,-0.0030034048699684596
469,10.76,-0.01914311759343672,-1.0,0.0,0.3851677555644576,0.0,0.0,0.1,0.0,-0.1,0.0,0.1,0,0,-0.0019143117593436723,0.0001,0.9660642970622308,1.0688885745861028,0.09619737732128697,0.0018242147882870097,-0.00331533139697621
470,10.62,-0.01301115241635693,-1.0,0.0,0.3737664114740425,0.0,0.0,0.0,0.0,0.0,0.0,0.0,0,0,-0.0,0.0,0.9660642970622308,1.0688885745861028,0.09619737732128697,0.0,-3.471352264981556e-05
471,10.98,0.03389830508474588,-1.0,0.0,0.3737664114740425,0.0,0.0,0.0,0.0,0.0,0.0,0.0,0,0,0.0,0.0,0.9660642970622308,1.0688885745861028,0.09619737732128697,0.0,-0.00021090354308304901
472,11.2,0.02003642987249534,-1.0,0.0,0.3737664114740425,0.0,0.0,0.0,0.0,0.0,0.0,0.0,0,0,0.0,0.0,0.9660642970622308,1.0688885745861028,0.09619737732128697,0.0,-0.0008437463037483345
473,11.35,0.013392857142857175,-0.3882830739021301,0.0,0.3737664114740425,0.0,0.0,0.0,0.0,0.0,0.0,0.0,0,0,0.0,0.0,0.9660642970622308,1.0688885745861028,0.09619737732128697,0.0,-0.0014545469807296424
474,11.3,-0.004405286343612241,1.0,0.1,0.3737664114740425,0.1,0.1,0.0,0.1,0.1,0.0,0.0,0,0,-0.0,0.0001,0.9659676906325246,1.0688885745861028,0.09628775758355483,9.038026226786122e-05,-0.002163694067679459
475,11.35,0.004424778761061852,-1.0,0.0,0.37320151776642363,0.0,0.0,0.1,0.1,-0.0,0.1,0.0,0,0,0.00044247787610618525,0.0,0.966395109964663,1.0688885745861028,0.0958878849099191,0.0,-0.0017118113704182262
476,11.06,-0.025550660792951468,-1.0,0.0,0.37570072189534176,0.0,0.0,0.1,0.0,-0.1,0.0,0.1,0,0,-0.0025550660792951468,0.0001,0.9638292670889992,1.0688885745861028,0.09828836231857456,0.0024004774086554548,-0.0062342159337700894
477,12.47,0.1274864376130199,-1.0,0.0,0.36069772057833493,0.0,0.0,0.0,0.0,0.0,0.0,0.0,1,0,0.0,0.0,0.9638292670889992,1.0688885745861028,0.09828836231857456,0.0,-0.0015024386975198483
478,12.17,-0.024057738572574233,1.0,0.1,0.36069772057833493,0.1,0.1,0.0,0.1,0.1,0.0,0.0,0,0,-0.0,0.0001,0.9637328841622903,1.0688885745861028,0.09837853348234268,9.017116376812406e-05,-0.004287486166980623
479,12.3,0.010682004930156187,0.19358445703983307,0.11935844570398331,0.3601341772884492,0.11935844570398331,0.11935844570398331,0.1,0.11935844570398331,0.019358445703983304,0.1,0.0,0,0,0.0010682004930156186,1.9358445703983303e-05,0.9647436877335765,1.0688885745861028,0.09743287497750025,0.0,-0.0021152230521275413
480,12.57,0.021951219512195086,-0.13269874453544617,0.10608857125043869,0.3660445366113262,0.10608857125043869,0.10608857125043869,0.11935844570398331,0.10608857125043869,-0.01326987445354462,0.019358445703983304,0.1,0,0,0.0026200634422825562,1.326987445354462e-05,0.9672585753733641,1.0688885745861028,0.09508006880145764,0.0,-0.0008942408087371876
481,12.76,0.015115354017501949,1.0,0.2060885712504387,0.38074956127059223,0.2060885712504387,0.2060885712504387,0.10608857125043869,0.2060885712504387,0.1,0.0,0.10608857125043869,0,0,0.0016035663116613602,0.0001,0.9687129127819611,1.0688885745861028,0.09371946167815653,0.0,-0.0007499364157104375
482,13.06,0.023510971786833913,-1.0,0.10608857125043869,0.3892533745669361,0.10608857125043869,0.10608857125043869,0.2060885712504387,0.10608857125043869,-0.1,0.1,0.10608857125043869,0,0,0.004845342584257974,0.0001,0.9733097874189061,1.0688885745861028,0.08941885004637355,0.0,0.0011538852541503478
483,13.64,0.044410413476263406,1.0,0.2060885712504387,0.416132182259984,0.2060885712504387,0.2060885712504387,0.10608857125043869,0.2060885712504387,0.1,0.0,0.10608857125043869,0,0,0.004711437314338013,0.0001,0.97779814449102,1.0688885745861028,0.0852197621537446,0.0,0.0021848250349059467
484,13.53,-0.008064516129032346,-0.36826908588409424,0.16926166266202927,0.44237647988296225,0.16926166266202927,0.16926166266202927,0.2060885712504387,0.16926166266202927,-0.036826908588409424,0.1,0.10608857125043869,0,0,-0.0016620046068583948,3.682690858840943e-05,0.9761370301874133,1.0688885745861028,0.08677381965150571,0.0015540574977611077,-0.005058777783826936
485,13.55,0.0014781966001479194,0.4816301465034485,0.21742467731237414,0.43266362362028277,0.21742467731237414,0.21742467731237414,0.16926166266202927,0.21742467731237414,0.048163014650344865,0.0,0.16926166266202927,0,0,0.00025020201428239573,4.816301465034487e-05,0.9763342479364963,1.0688885745861028,0.08658931234759018,0.0,-0.0022074920855568343
486,13.87,0.023616236162361512,-1.0,0.11742467731237413,0.4338167872321428,0.11742467731237413,0.11742467731237413,0.21742467731237414,0.11742467731237413,-0.1,0.048163014650344865,0.16926166266202927,0,0,0.0051347525269342725,0.0001,0.9812498492584271,1.0688885745861028,0.08199051557980339,0.0,0.0009220558569651678
487,13.18,-0.04974765681326601,1.0,0.21742467731237414,0.46255926452920715,0.21742467731237414,0.21742467731237414,0.11742467731237413,0.21742467731237414,0.1,0.0,0.11742467731237413,0,0,-0.005841602548344492,0.0001,0.9754196526535105,1.0688885745861028,0.08744496307183888,0.005454447492035497,-0.008439540007579521
488,13.65,0.03566009104704102,-1.0,0.11742467731237413,0.42846899331044824,0.11742467731237413,0.11742467731237413,0.21742467731237414,0.11742467731237413,-0.1,0.1,0.11742467731237413,0,0,0.007753383788832776,0.0001,0.9828849136104378,1.0688885745861028,0.08046082914579514,0.0,0.004237156999769119
489,13.74,0.006593406593406583,0.6137816309928894,0.17880284041166308,0.47211980298481204,0.17880284041166308,0.17880284041166308,0.11742467731237413,0.17880284041166308,0.06137816309928895,0.0,0.11742467731237413,0,0,0.000774228641620048,6.137816309928895e-05,0.9835855635914359,1.0688885745861028,0.07980533520783312,0.0,-0.002268931515579059
490,13.35,-0.028384279475982575,-1.0,0.07880284041166308,0.4762166444243144,0.07880284041166308,0.07880284041166308,0.17880284041166308,0.07880284041166308,-0.1,0.06137816309928895,0.11742467731237413,0,0,-0.005075189793344156,0.0001,0.9784953216218568,1.0688885745861028,0.0845675172449553,0.004762182037122184,-0.0100236710279923
491,12.02,-0.09962546816479402,0.5404003858566284,0.1328428789973259,0.44645301849033847,0.1328428789973259,0.1328428789973259,0.07880284041166308,0.1328428789973259,0.054040038585662836,0.0,0.07880284041166308,0,0,-0.007850769868727483,5.404003858566284e-05,0.9707605021092408,1.0688885745861028,0.09180383700411365,0.007236319759158352,-0.01127544881616514
492,11.94,-0.0066555740432612375,-1.0,0.03284287899732591,0.4012260384907348,0.03284287899732591,0.03284287899732591,0.1328428789973259,0.054040038585662836,-0.07880284041166308,0.054040038585662836,0.07880284041166308,0,0,-0.0008841456172866957,7.880284041166308e-05,0.9698257097809403,1.0688885745861028,0.09267838309855804,0.0008745460944443867,-0.002461566495915892
493,12.44,0.04187604690117253,-1.0,0.0,0.3957601063004532,0.0,0.0,0.054040038585662836,0.0,-0.054040038585662836,0.0,0.054040038585662836,0,0,0.0022629831903543903,5.404003858566284e-05,0.9719679996409704,1.0688885745861028,0.09067416122645168,0.0,0.0013060421300877833
494,12.58,0.011254019292604547,-1.0,0.0,0.40828648806097567,0.0,0.0,0.0,0.0,0.0,0.0,0.0,0,0,0.0,0.0,0.9719679996409704,1.0688885745861028,0.09067416122645168,0.0,-0.001928104616740919
495,12.51,-0.005564387917329116,-1.0,0.0,0.40828648806097567,0.0,0.0,0.0,0.0,0.0,0.0,0.0,0,0,-0.0,0.0,0.9719679996409704,1.0688885745861028,0.09067416122645168,0.0,-0.002350240578552299
496,12.13,-0.030375699440447563,-1.0,0.0,0.40828648806097567,0.0,0.0,0.0,0.0,0.0,0.0,0.0,0,0,-0.0,0.0,0.9719679996409704,1.0688885745861028,0.09067416122645168,0.0,-0.001992159735369645
497,11.31,-0.06760098928277002,-1.0,0.0,0.40828648806097567,0.0,0.0,0.0,0.0,0.0,0.0,0.0,0,0,-0.0,0.0,0.9719679996409704,1.0688885745861028,0.09067416122645168,0.0,-0.001388894339292897
498,11.16,-0.013262599469496051,-1.0,0.0,0.40828648806097567,0.0,0.0,0.0,0.0,0.0,0.0,0.0,0,0,-0.0,0.0,0.9719679996409704,1.0688885745861028,0.09067416122645168,0.0,0.0
499,11.36,0.017921146953404955,-1.0,0.0,0.40828648806097567,0.0,0.0,0.0,0.0,0.0,0.0,0.0,0,0,0.0,0.0,0.9719679996409704,1.0688885745861028,0.09067416122645168,0.0,0.0
500,11.66,0.026408450704225418,-1.0,0.0,0.40828648806097567,0.0,0.0,0.0,0.0,0.0,0.0,0.0,0,0,0.0,0.0,0.9719679996409704,1.0688885745861028,0.09067416122645168,0.0,0.0
501,11.44,-0.01886792452830194,-1.0,0.0,0.40828648806097567,0.0,0.0,0.0,0.0,0.0,0.0,0.0,0,0,-0.0,0.0,0.9719679996409704,1.0688885745861028,0.09067416122645168,0.0,0.0
502,11.74,0.026223776223776286,-1.0,0.0,0.40828648806097567,0.0,0.0,0.0,0.0,0.0,0.0,0.0,0,0,0.0,0.0,0.9719679996409704,1.0688885745861028,0.09067416122645168,0.0,0.0
503,12.04,0.02555366269165238,-1.0,0.0,0.40828648806097567,0.0,0.0,0.0,0.0,0.0,0.0,0.0,0,0,0.0,0.0,0.9719679996409704,1.0688885745861028,0.09067416122645168,0.0,0.0
504,11.83,-0.017441860465116202,-1.0,0.0,0.40828648806097567,0.0,0.0,0.0,0.0,0.0,0.0,0.0,0,0,-0.0,0.0,0.9719679996409704,1.0688885745861028,0.09067416122645168,0.0,0.0
505,11.76,-0.005917159763313634,-1.0,0.0,0.40828648806097567,0.0,0.0,0.0,0.0,0.0,0.0,0.0,0,0,-0.0,0.0,0.9719679996409704,1.0688885745861028,0.09067416122645168,0.0,0.0
506,11.65,-0.00935374149659859,-1.0,0.0,0.40828648806097567,0.0,0.0,0.0,0.0,0.0,0.0,0.0,0,0,-0.0,0.0,0.9719679996409704,1.0688885745861028,0.09067416122645168,0.0,0.0
507,11.45,-0.017167381974249017,-1.0,0.0,0.40828648806097567,0.0,0.0,0.0,0.0,0.0,0.0,0.0,0,0,-0.0,0.0,0.9719679996409704,1.0688885745861028,0.09067416122645168,0.0,0.0
508,11.56,0.009606986899563425,-1.0,0.0,0.40828648806097567,0.0,0.0,0.0,0.0,0.0,0.0,0.0,0,0,0.0,0.0,0.9719679996409704,1.0688885745861028,0.09067416122645168,0.0,0.0
509,11.31,-0.02162629757785467,-1.0,0.0,0.40828648806097567,0.0,0.0,0.0,0.0,0.0,0.0,0.0,0,0,-0.0,0.0,0.9719679996409704,1.0688885745861028,0.09067416122645168,0.0,0.0
510,12.29,0.08664898320070721,-1.0,0.0,0.40828648806097567,0.0,0.0,0.0,0.0,0.0,0.0,0.0,0,0,0.0,0.0,0.9719679996409704,1.0688885745861028,0.09067416122645168,0.0,0.0
511,12.32,0.002441008950366244,-1.0,0.0,0.40828648806097567,0.0,0.0,0.0,0.0,0.0,0.0,0.0,0,0,0.0,0.0,0.9719679996409704,1.0688885745861028,0.09067416122645168,0.0,0.0
512,12.18,-0.011363636363636409,1.0,0.1,0.40828648806097567,0.1,0.1,0.0,0.1,0.1,0.0,0.0,0,0,-0.0,0.0001,0.9718708028410062,1.0688885745861028,0.09076509381032904,9.093258387736503e-05,-0.001288668285730562
513,12.43,0.020525451559934318,-1.0,0.0,0.4077181484598308,0.0,0.0,0.1,0.1,-0.0,0.1,0.0,0,0,0.002052545155993432,0.0,0.9738656115496289,1.0688885745861028,0.08889884810796937,0.0,0.0013315662733275095
514,12.33,-0.008045052292839874,-1.0,0.0,0.4193822186485384,0.0,0.0,0.1,0.0,-0.1,0.0,0.1,0,0,-0.0008045052292839875,0.0001,0.9729847450113625,1.0688885745861028,0.08972294386426236,0.0008240957562929835,-0.0018822107193176407
515,12.0,-0.026763990267639908,0.828204870223999,0.08282048702239991,0.414231585715885,0.08282048702239991,0.08282048702239991,0.0,0.08282048702239991,0.08282048702239991,0.0,0.0,0,0,-0.0,8.282048702239992e-05,0.9729041619409153,1.0688885745861028,0.08979833345337675,7.538958911439131e-05,-0.0004522924879742462
516,11.98,-0.0016666666666666312,-1.0,0.0,0.4137604296253988,0.0,0.0,0.08282048702239991,0.08282048702239991,-0.0,0.08282048702239991,0.0,0,0,-0.00013803414503733025,0.0,0.9727698679467186,1.0688885745861028,0.08992397236223003,0.00012563890885328166,-0.0001918419770931467
517,11.95,-0.0025041736227046025,-1.0,0.0,0.4129751849966314,0.0,0.0,0.08282048702239991,0.0,-0.08282048702239991,0.0,0.08282048702239991,0,0,-0.0002073968790210427,8.282048702239992e-05,0.9724875532378767,1.0688885745861028,0.0901880922298703,0.0002641198676402723,-0.0004972685835994424
518,12.14,0.015899581589958266,-1.0,0.0,0.4113244157331667,0.0,0.0,0.0,0.0,0.0,0.0,0.0,0,0,0.0,0.0,0.9724875532378767,1.0688885745861028,0.0901880922298703,0.0,-0.0015404506552269494
519,12.24,0.008237232289950547,-0.31879734992980957,0.0,0.4113244157331667,0.0,0.0,0.0,0.0,0.0,0.0,0.0,0,0,0.0,0.0,0.9724875532378767,1.0688885745861028,0.0901880922298703,0.0,-0.0024037398664264456
520,11.69,-0.04493464052287587,0.06419233977794647,0.006419233977794647,0.4113244157331667,0.006419233977794647,0.006419233977794647,0.0,0.006419233977794647,0.006419233977794647,0.0,0.0,0,0,-0.0,6.4192339777946476e-06,0.972481310612732,1.0688885745861028,0.09019393252538203,5.840295511733151e-06,-0.0022364385182993183
521,11.8,0.009409751924722088,-1.0,0.0,0.41128790788824265,0.0,0.0,0.006419233977794647,0.006419233977794647,-0.0,0.006419233977794647,0.0,0,0,6.040339927779461e-05,0.0,0.9725400517896271,1.0688885745861028,0.09013897714622306,0.0,5.652713495220082e-05
522,11.9,0.00847457627118641,-1.0,0.0,0.4116313796537523,0.0,0.0,0.006419233977794647,0.0,-0.006419233977794647,0.0,0.006419233977794647,0,0,5.440028794741206e-05,6.4192339777946476e-06,0.9725867152863398,1.0688885745861028,0.09009532105538053,0.0,-0.0005793685262853615
523,11.89,-0.0008403361344537636,-1.0,0.0,0.4119042571681078,0.0,0.0,0.0,0.0,0.0,0.0,0.0,0,0,-0.0,0.0,0.9725867152863398,1.0688885745861028,0.09009532105538053,0.0,-0.0002868103475723066
524,11.88,-0.0008410428931875346,-1.0,0.0,0.4119042571681078,0.0,0.0,0.0,0.0,0.0,0.0,0.0,0,0,-0.0,0.0,0.9725867152863398,1.0688885745861028,0.09009532105538053,0.0,0.0
525,11.92,0.003367003367003295,-1.0,0.0,0.4119042571681078,0.0,0.0,0.0,0.0,0.0,0.0,0.0,0,0,0.0,0.0,0.9725867152863398,1.0688885745861028,0.09009532105538053,0.0,-3.340155858142897e-05
526,11.66,-0.021812080536912734,-1.0,0.0,0.4119042571681078,0.0,0.0,0.0,0.0,0.0,0.0,0.0,0,0,-0.0,0.0,0.9725867152863398,1.0688885745861028,0.09009532105538053,0.0,-0.00030759234418266363
527,11.32,-0.02915951972555745,-1.0,0.0,0.4119042571681078,0.0,0.0,0.0,0.0,0.0,0.0,0.0,0,0,-0.0,0.0,0.9725867152863398,1.0688885745861028,0.09009532105538053,0.0,0.0
528,11.09,-0.020318021201413464,-1.0,0.0,0.4119042571681078,0.0,0.0,0.0,0.0,0.0,0.0,0.0,0,0,-0.0,0.0,0.9725867152863398,1.0688885745861028,0.09009532105538053,0.0,0.0
529,11.36,0.024346257889990945,-1.0,0.0,0.4119042571681078,0.0,0.0,0.0,0.0,0.0,0.0,0.0,0,0,0.0,0.0,0.9725867152863398,1.0688885745861028,0.09009532105538053,0.0,0.0
530,11.06,-0.026408450704225258,-1.0,0.0,0.4119042571681078,0.0,0.0,0.0,0.0,0.0,0.0,0.0,0,0,-0.0,0.0,0.9725867152863398,1.0688885745861028,0.09009532105538053,0.0,0.0
531,10.71,-0.03164556962025313,-1.0,0.0,0.4119042571681078,0.0,0.0,0.0,0.0,0.0,0.0,0.0,0,0,-0.0,0.0,0.9725867152863398,1.0688885745861028,0.09009532105538053,0.0,0.0
532,10.77,0.005602240896358424,-1.0,0.0,0.4119042571681078,0.0,0.0,0.0,0.0,0.0,0.0,0.0,0,0,0.0,0.0,0.9725867152863398,1.0688885745861028,0.09009532105538053,0.0,0.0
533,11.0,0.021355617455896047,-1.0,0.0,0.4119042571681078,0.0,0.0,0.0,0.0,0.0,0.0,0.0,0,0,0.0,0.0,0.9725867152863398,1.0688885745861028,0.09009532105538053,0.0,0.0
534,10.88,-0.010909090909090839,-1.0,0.0,0.4119042571681078,0.0,0.0,0.0,0.0,0.0,0.0,0.0,0,0,-0.0,0.0,0.9725867152863398,1.0688885745861028,0.09009532105538053,0.0,0.0
535,10.75,-0.011948529411764776,-1.0,0.0,0.4119042571681078,0.0,0.0,0.0,0.0,0.0,0.0,0.0,0,0,-0.0,0.0,0.9725867152863398,1.0688885745861028,0.09009532105538053,0.0,0.0
536,10.71,-0.0037209302325580604,-1.0,0.0,0.4119042571681078,0.0,0.0,0.0,0.0,0.0,0.0,0.0,0,0,-0.0,0.0,0.9725867152863398,1.0688885745861028,0.09009532105538053,0.0,0.0
537,10.97,0.024276377217553668,-1.0,0.0,0.4119042571681078,0.0,0.0,0.0,0.0,0.0,0.0,0.0,0,0,0.0,0.0,0.9725867152863398,1.0688885745861028,0.09009532105538053,0.0,0.0
538,10.89,-0.007292616226071109,-1.0,0.0,0.4119042571681078,0.0,0.0,0.0,0.0,0.0,0.0,0.0,0,0,-0.0,0.0,0.9725867152863398,1.0688885745861028,0.09009532105538053,0.0,0.0
539,10.71,-0.016528925619834683,-1.0,0.0,0.4119042571681078,0.0,0.0,0.0,0.0,0.0,0.0,0.0,0,0,-0.0,0.0,0.9725867152863398,1.0688885745861028,0.09009532105538053,0.0,0.0
540,10.72,0.0009337068160597372,-1.0,0.0,0.4119042571681078,0.0,0.0,0.0,0.0,0.0,0.0,0.0,0,0,0.0,0.0,0.9725867152863398,1.0688885745861028,0.09009532105538053,0.0,0.0
541,10.38,-0.03171641791044775,-1.0,0.0,0.4119042571681078,0.0,0.0,0.0,0.0,0.0,0.0,0.0,0,0,-0.0,0.0,0.9725867152863398,1.0688885745861028,0.09009532105538053,0.0,0.0
542,10.32,-0.005780346820809296,-1.0,0.0,0.4119042571681078,0.0,0.0,0.0,0.0,0.0,0.0,0.0,0,0,-0.0,0.0,0.9725867152863398,1.0688885745861028,0.09009532105538053,0.0,0.0
543,10.43,0.010658914728682115,-1.0,0.0,0.4119042571681078,0.0,0.0,0.0,0.0,0.0,0.0,0.0,0,0,0.0,0.0,0.9725867152863398,1.0688885745861028,0.09009532105538053,0.0,0.0
544,10.71,0.026845637583892728,-1.0,0.0,0.4119042571681078,0.0,0.0,0.0,0.0,0.0,0.0,0.0,0,0,0.0,0.0,0.9725867152863398,1.0688885745861028,0.09009532105538053,0.0,0.0
545,10.74,0.002801120448179212,-1.0,0.0,0.4119042571681078,0.0,0.0,0.0,0.0,0.0,0.0,0.0,0,0,0.0,0.0,0.9725867152863398,1.0688885745861028,0.09009532105538053,0.0,0.0
546,11.0,0.02420856610800743,-1.0,0.0,0.4119042571681078,0.0,0.0,0.0,0.0,0.0,0.0,0.0,0,0,0.0,0.0,0.9725867152863398,1.0688885745861028,0.09009532105538053,0.0,0.0
547,11.17,0.015454545454545448,-1.0,0.0,0.4119042571681078,0.0,0.0,0.0,0.0,0.0,0.0,0.0,0,0,0.0,0.0,0.9725867152863398,1.0688885745861028,0.09009532105538053,0.0,0.0
548,11.08,-0.008057296329453881,0.2914973795413971,0.02914973795413971,0.4119042571681078,0.02914973795413971,0.02914973795413971,0.0,0.02914973795413971,0.02914973795413971,0.0,0.0,0,0,-0.0,2.9149737954139712e-05,0.9725583646384516,1.0688885745861028,0.09012184453833494,2.652348295441309e-05,-0.0002614999715615298
549,10.88,-0.018050541516245425,-1.0,0.0,0.4117384817498304,0.0,0.0,0.02914973795413971,0.02914973795413971,-0.0,0.02914973795413971,0.0,0,0,-0.0005261685551288738,0.0,0.9720466350089513,1.0688885745861028,0.09060059381273751,0.00047874927440257065,-0.0008545293263532011
550,10.9,0.0018382352941176078,-1.0,0.0,0.4087462820160519,0.0,0.0,0.02914973795413971,0.0,-0.02914973795413971,0.0,0.02914973795413971,0,0,5.3584077121579204e-05,2.9149737954139712e-05,0.9720703863261178,1.0688885745861028,0.09057837323920798,0.0,-4.844000571790979e-05
551,10.93,0.0027522935779815925,-1.0,0.0,0.4088851887780523,0.0,0.0,0.0,0.0,0.0,0.0,0.0,0,0,0.0,0.0,0.9720703863261178,1.0688885745861028,0.09057837323920798,0.0,0.0
552,11.01,0.007319304666056731,-1.0,0.0,0.4088851887780523,0.0,0.0,0.0,0.0,0.0,0.0,0.0,0,0,0.0,0.0,0.9720703863261178,1.0688885745861028,0.09057837323920798,0.0,-0.0006964300836848401
553,11.0,-0.0009082652134423058,-1.0,0.0,0.4088851887780523,0.0,0.0,0.0,0.0,0.0,0.0,0.0,0,0,-0.0,0.0,0.9720703863261178,1.0688885745861028,0.09057837323920798,0.0,-0.0008334542774993423
554,10.79,-0.01909090909090917,-1.0,0.0,0.4088851887780523,0.0,0.0,0.0,0.0,0.0,0.0,0.0,0,0,-0.0,0.0,0.9720703863261178,1.0688885745861028,0.09057837323920798,0.0,-0.0002648088912577381
555,10.81,0.001853568118628485,-1.0,0.0,0.4088851887780523,0.0,0.0,0.0,0.0,0.0,0.0,0.0,0,0,0.0,0.0,0.9720703863261178,1.0688885745861028,0.09057837323920798,0.0,0.0
556,10.74,-0.0064754856614246325,-1.0,0.0,0.4088851887780523,0.0,0.0,0.0,0.0,0.0,0.0,0.0,0,0,-0.0,0.0,0.9720703863261178,1.0688885745861028,0.09057837323920798,0.0,-0.0001429684809549945
557,10.83,0.00837988826815641,-1.0,0.0,0.4088851887780523,0.0,0.0,0.0,0.0,0.0,0.0,0.0,0,0,0.0,0.0,0.9720703863261178,1.0688885745861028,0.09057837323920798,0.0,0.0
558,11.02,0.01754385964912276,-1.0,0.0,0.4088851887780523,0.0,0.0,0.0,0.0,0.0,0.0,0.0,0,0,0.0,0.0,0.9720703863261178,1.0688885745861028,0.09057837323920798,0.0,0.0
559,11.09,0.006352087114337594,-1.0,0.0,0.4088851887780523,0.0,0.0,0.0,0.0,0.0,0.0,0.0,0,0,0.0,0.0,0.9720703863261178,1.0688885745861028,0.09057837323920798,0.0,-0.000591267327267152
560,11.11,0.001803426510369664,-0.33900582790374756,0.0,0.4088851887780523,0.0,0.0,0.0,0.0,0.0,0.0,0.0,0,0,0.0,0.0,0.9720703863261178,1.0688885745861028,0.09057837323920798,0.0,-0.001240849140355737
561,10.8,-0.02790279027902779,-0.33254265785217285,0.0,0.4088851887780523,0.0,0.0,0.0,0.0,0.0,0.0,0.0,0,0,-0.0,0.0,0.9720703863261178,1.0688885745861028,0.09057837323920798,0.0,-0.0012626693231290384
562,10.31,-0.04537037037037039,-1.0,0.0,0.4088851887780523,0.0,0.0,0.0,0.0,0.0,0.0,0.0,0,0,-0.0,0.0,0.9720703863261178,1.0688885745861028,0.09057837323920798,0.0,-0.00090413931845944
563,10.53,0.02133850630455857,-1.0,0.0,0.4088851887780523,0.0,0.0,0.0,0.0,0.0,0.0,0.0,0,0,0.0,0.0,0.9720703863261178,1.0688885745861028,0.09057837323920798,0.0,0.0
564,10.62,0.008547008547008534,-1.0,0.0,0.4088851887780523,0.0,0.0,0.0,0.0,0.0,0.0,0.0,0,0,0.0,0.0,0.9720703863261178,1.0688885745861028,0.09057837323920798,0.0,0.0
565,10.96,0.03201506591337115,-1.0,0.0,0.4088851887780523,0.0,0.0,0.0,0.0,0.0,0.0,0.0,0,0,0.0,0.0,0.9720703863261178,1.0688885745861028,0.09057837323920798,0.0,0.0
566,11.15,0.01733576642335762,-1.0,0.0,0.4088851887780523,0.0,0.0,0.0,0.0,0.0,0.0,0.0,0,0,0.0,0.0,0.9720703863261178,1.0688885745861028,0.09057837323920798,0.0,-0.000621985605717588
567,11.55,0.03587443946188344,-0.7857710123062134,0.0,0.4088851887780523,0.0,0.0,0.0,0.0,0.0,0.0,0.0,0,0,0.0,0.0,0.9720703863261178,1.0688885745861028,0.09057837323920798,0.0,-0.00070280938887919
568,12.21,0.057142857142857155,1.0,0.1,0.4088851887780523,0.1,0.1,0.0,0.1,0.1,0.0,0.0,0,0,0.0,0.0001,0.9719731792874852,1.0688885745861028,0.09066931540188403,9.094216267604982e-05,-0.0016197828879584903
569,11.69,-0.0425880425880427,1.0,0.2,0.40831675604464995,0.2,0.2,0.1,0.2,0.1,0.1,0.0,0,0,-0.00425880425880427,0.0001,0.9677365384541633,1.0688885745861028,0.09463290986257175,0.003963594460687725,-0.006350291494152098
570,11.63,-0.005132591958939155,-1.0,0.1,0.38354432061855726,0.1,0.1,0.2,0.1,-0.1,0.1,0.1,0,0,-0.001026518391787831,0.0001,0.9666463654451897,1.0688885745861028,0.09565282254093092,0.0010199126783591722,-0.0033368717582104744
571,11.5,-0.011177987962166876,-1.0,0.0,0.3771698366906322,0.0,0.0,0.1,0.0,-0.1,0.0,0.1,0,0,-0.0011177987962166876,0.0001,0.9654691846649833,1.0688885745861028,0.09675413544500248,0.0011013129040715608,-0.0038784411631906154
572,11.43,-0.0060869565217391555,1.0,0.1,0.37028666437246494,0.1,0.1,0.0,0.1,0.1,0.0,0.0,0,0,-0.0,0.0001,0.9653726377465168,1.0688885745861028,0.096844460031458,9.032458645551189e-05,-0.0017169433161805282
573,11.29,-0.012248468941382377,-1.0,0.0,0.36972214319387586,0.0,0.0,0.1,0.1,-0.0,0.1,0.0,0,0,-0.0012248468941382378,0.0,0.964190204069487,1.0688885745861028,0.0979506872895122,0.0011062272580542043,-0.002272901002407959
574,11.55,0.023029229406554615,-1.0,0.0,0.36280819066461834,0.0,0.0,0.1,0.0,-0.1,0.0,0.1,0,0,0.0023029229406554617,0.0001,0.9663142407891869,1.0688885745861028,0.09596354216493976,0.0,0.0010452035209800527
575,11.49,-0.005194805194805237,0.34167009592056274,0.03416700959205628,0.3752278428580926,0.03416700959205628,0.03416700959205628,0.0,0.03416700959205628,0.03416700959205628,0.0,0.0,0,0,-0.0,3.4167009592056275e-05,0.966281224721253,1.0688885745861028,0.09599443038726613,3.088822232637234e-05,-0.0021511660394853685
576,11.4,-0.007832898172323747,-1.0,0.0,0.37503482625450835,0.0,0.0,0.03416700959205628,0.03416700959205628,-0.0,0.03416700959205628,0.0,0,0,-0.00026762670698738555,0.0,0.9660226220590571,1.0688885745861028,0.09623636642095985,0.00024193603369372652,-0.0020340567820180456
577,11.32,-0.007017543859649129,-1.0,0.0,0.3735227309224004,0.0,0.0,0.03416700959205628,0.0,-0.03416700959205628,0.0,0.03416700959205628,0,0,-0.0002397684883653074,3.4167009592056275e-05,0.9657579941710454,1.0688885745861028,0.09648393936196001,0.00024757294100015426,-0.002105809937872451
578,11.32,0.0,-1.0,0.0,0.37197538503084426,0.0,0.0,0.0,0.0,0.0,0.0,0.0,0,0,0.0,0.0,0.9657579941710454,1.0688885745861028,0.09648393936196001,0.0,-0.0012290356505006653
579,11.24,-0.007067137809187285,-1.0,0.0,0.37197538503084426,0.0,0.0,0.0,0.0,0.0,0.0,0.0,0,0,-0.0,0.0,0.9657579941710454,1.0688885745861028,0.09648393936196001,0.0,-0.0007730846235062795
580,11.15,-0.008007117437722406,-1.0,0.0,0.37197538503084426,0.0,0.0,0.0,0.0,0.0,0.0,0.0,0,0,-0.0,0.0,0.9657579941710454,1.0688885745861028,0.09648393936196001,0.0,-0.00031763690353653166
581,10.98,-0.015246636771300441,-1.0,0.0,0.37197538503084426,0.0,0.0,0.0,0.0,0.0,0.0,0.0,0,0,-0.0,0.0,0.9657579941710454,1.0688885745861028,0.09648393936196001,0.0,0.0
582,10.96,-0.0018214936247722745,-1.0,0.0,0.37197538503084426,0.0,0.0,0.0,0.0,0.0,0.0,0.0,0,0,-0.0,0.0,0.9657579941710454,1.0688885745861028,0.09648393936196001,0.0,-3.564759814770863e-05
583,11.23,0.024635036496350324,-1.0,0.0,0.37197538503084426,0.0,0.0,0.0,0.0,0.0,0.0,0.0,0,0,0.0,0.0,0.9657579941710454,1.0688885745861028,0.09648393936196001,0.0,-0.0010777384278483773
584,11.2,-0.0026714158504008135,-1.0,0.0,0.37197538503084426,0.0,0.0,0.0,0.0,0.0,0.0,0.0,0,0,-0.0,0.0,0.9657579941710454,1.0688885745861028,0.09648393936196001,0.0,-0.0014663558573749808
585,11.02,-0.016071428571428546,-1.0,0.0,0.37197538503084426,0.0,0.0,0.0,0.0,0.0,0.0,0.0,0,0,-0.0,0.0,0.9657579941710454,1.0688885745861028,0.09648393936196001,0.0,-0.001118004392131641
586,10.99,-0.002722323049001757,-1.0,0.0,0.37197538503084426,0.0,0.0,0.0,0.0,0.0,0.0,0.0,0,0,-0.0,0.0,0.9657579941710454,1.0688885745861028,0.09648393936196001,0.0,0.0
587,10.86,-0.011828935395814448,-1.0,0.0,0.37197538503084426,0.0,0.0,0.0,0.0,0.0,0.0,0.0,0,0,-0.0,0.0,0.9657579941710454,1.0688885745861028,0.09648393936196001,0.0,0.0
588,11.29,0.03959484346224675,-1.0,0.0,0.37197538503084426,0.0,0.0,0.0,0.0,0.0,0.0,0.0,0,0,0.0,0.0,0.9657579941710454,1.0688885745861028,0.09648393936196001,0.0,0.0
589,10.97,-0.028343666961913067,-1.0,0.0,0.37197538503084426,0.0,0.0,0.0,0.0,0.0,0.0,0.0,0,0,-0.0,0.0,0.9657579941710454,1.0688885745861028,0.09648393936196001,0.0,0.0
590,10.58,-0.035551504102096676,-1.0,0.0,0.37197538503084426,0.0,0.0,0.0,0.0,0.0,0.0,0.0,0,0,-0.0,0.0,0.9657579941710454,1.0688885745861028,0.09648393936196001,0.0,0.0
591,10.62,0.0037807183364838514,-1.0,0.0,0.37197538503084426,0.0,0.0,0.0,0.0,0.0,0.0,0.0,0,0,0.0,0.0,0.9657579941710454,1.0688885745861028,0.09648393936196001,0.0,0.0
592,10.69,0.006591337099811703,-1.0,0.0,0.37197538503084426,0.0,0.0,0.0,0.0,0.0,0.0,0.0,0,0,0.0,0.0,0.9657579941710454,1.0688885745861028,0.09648393936196001,0.0,0.0
593,10.71,0.0018709073900843173,-1.0,0.0,0.37197538503084426,0.0,0.0,0.0,0.0,0.0,0.0,0.0,0,0,0.0,0.0,0.9657579941710454,1.0688885745861028,0.09648393936196001,0.0,0.0
594,10.68,-0.0028011204481793775,-1.0,0.0,0.37197538503084426,0.0,0.0,0.0,0.0,0.0,0.0,0.0,0,0,-0.0,0.0,0.9657579941710454,1.0688885745861028,0.09648393936196001,0.0,0.0
595,10.73,0.004681647940074973,-1.0,0.0,0.37197538503084426,0.0,0.0,0.0,0.0,0.0,0.0,0.0,0,0,0.0,0.0,0.9657579941710454,1.0688885745861028,0.09648393936196001,0.0,0.0
596,10.8,0.006523765144454826,-1.0,0.0,0.37197538503084426,0.0,0.0,0.0,0.0,0.0,0.0,0.0,0,0,0.0,0.0,0.9657579941710454,1.0688885745861028,0.09648393936196001,0.0,0.0
597,10.8,0.0,-1.0,0.0,0.37197538503084426,0.0,0.0,0.0,0.0,0.0,0.0,0.0,0,0,0.0,0.0,0.9657579941710454,1.0688885745861028,0.09648393936196001,0.0,0.0
598,10.42,-0.03518518518518526,-1.0,0.0,0.37197538503084426,0.0,0.0,0.0,0.0,0.0,0.0,0.0,0,0,-0.0,0.0,0.9657579941710454,1.0688885745861028,0.09648393936196001,0.0,0.0
599,10.73,0.029750479846449185,-1.0,0.0,0.37197538503084426,0.0,0.0,0.0,0.0,0.0,0.0,0.0,0,0,0.0,0.0,0.9657579941710454,1.0688885745861028,0.09648393936196001,0.0,0.0
600,10.53,-0.01863932898415667,-1.0,0.0,0.37197538503084426,0.0,0.0,0.0,0.0,0.0,0.0,0.0,0,0,-0.0,0.0,0.9657579941710454,1.0688885745861028,0.09648393936196001,0.0,0.0
601,10.55,0.0018993352326686942,-1.0,0.0,0.37197538503084426,0.0,0.0,0.0,0.0,0.0,0.0,0.0,0,0,0.0,0.0,0.9657579941710454,1.0688885745861028,0.09648393936196001,0.0,0.0
602,10.42,-0.012322274881516661,-1.0,0.0,0.37197538503084426,0.0,0.0,0.0,0.0,0.0,0.0,0.0,0,0,-0.0,0.0,0.9657579941710454,1.0688885745861028,0.09648393936196001,0.0,0.0
603,10.66,0.02303262955854129,-1.0,0.0,0.37197538503084426,0.0,0.0,0.0,0.0,0.0,0.0,0.0,0,0,0.0,0.0,0.9657579941710454,1.0688885745861028,0.09648393936196001,0.0,0.0
604,10.82,0.015009380863039413,-1.0,0.0,0.37197538503084426,0.0,0.0,0.0,0.0,0.0,0.0,0.0,0,0,0.0,0.0,0.9657579941710454,1.0688885745861028,0.09648393936196001,0.0,0.0
605,10.84,0.0018484288354897942,-1.0,0.0,0.37197538503084426,0.0,0.0,0.0,0.0,0.0,0.0,0.0,0,0,0.0,0.0,0.9657579941710454,1.0688885745861028,0.09648393936196001,0.0,0.0
606,10.95,0.010147601476014708,-1.0,0.0,0.37197538503084426,0.0,0.0,0.0,0.0,0.0,0.0,0.0,0,0,0.0,0.0,0.9657579941710454,1.0688885745861028,0.09648393936196001,0.0,0.0
607,11.1,0.013698630136986335,-1.0,0.0,0.37197538503084426,0.0,0.0,0.0,0.0,0.0,0.0,0.0,0,0,0.0,0.0,0.9657579941710454,1.0688885745861028,0.09648393936196001,0.0,-0.00021262749646835136
608,11.02,-0.007207207207207214,0.8435208201408386,0.08435208201408387,0.37197538503084426,0.08435208201408387,0.08435208201408387,0.0,0.08435208201408387,0.08435208201408387,0.0,0.0,0,0,-0.0,8.435208201408387e-05,0.9656765304735153,1.0688885745861028,0.09656015282280796,7.621346084794867e-05,-0.0011306132461937125
609,10.88,-0.012704174228675027,-1.0,0.0,0.37149906010006906,0.0,0.0,0.08435208201408387,0.08435208201408387,-0.0,0.08435208201408387,0.0,0,0,-0.0010716235464584066,0.0,0.9646416887651976,1.0688885745861028,0.09752830023585184,0.0009681474130438794,-0.0011265039599109234
610,11.39,0.04687499999999998,-1.0,0.0,0.36544811763455737,0.0,0.0,0.08435208201408387,0.0,-0.08435208201408387,0.0,0.08435208201408387,0,0,0.003954003844410179,8.435208201408387e-05,0.9683745161762085,1.0688885745861028,0.094036049032347,0.0,0.0036492379020776964
611,11.51,0.010535557506584654,1.0,0.1,0.38727468662495756,0.1,0.1,0.0,0.1,0.1,0.0,0.0,0,0,0.0,0.0001,0.9682776787245909,1.0688885745861028,0.09412664542744373,9.059639509673145e-05,-0.002295492575666907
612,11.72,0.01824500434404873,-1.0,0.0,0.3867084890657342,0.0,0.0,0.1,0.1,-0.0,0.1,0.0,0,0,0.001824500434404873,0.0,0.9700443017700484,1.0688885745861028,0.09247387909851036,0.0,-0.0002978733205292426
613,12.33,0.05204778156996582,-1.0,0.0,0.3970382534018235,0.0,0.0,0.1,0.0,-0.1,0.0,0.1,0,0,0.005204778156996583,0.0001,0.9749961627330432,1.0688885745861028,0.08784115957962853,0.0,0.0014547602030066473
614,12.82,0.03974047039740472,1.0,0.1,0.4259927462829938,0.1,0.1,0.0,0.1,0.1,0.0,0.0,0,0,0.0,0.0001,0.97489866311677,1.0688885745861028,0.08793237546367051,9.121588404198411e-05,-0.003921404836672236
615,12.4,-0.03276131045241809,1.0,0.2,0.4254226371689572,0.2,0.2,0.1,0.2,0.1,0.1,0.0,0,0,-0.0032761310452418093,0.0001,0.9716072774742567,1.0688885745861028,0.0910116352862276,0.0030792598225570927,-0.0061877424532786355
616,13.03,0.05080645161290315,-1.0,0.1,0.406177275260168,0.1,0.1,0.2,0.1,-0.1,0.1,0.1,0,0,0.01016129032258063,0.0001,0.9813829003724575,1.0688885745861028,0.08186603944899441,0.0,0.006315261000527584
617,12.25,-0.0598618572524942,1.0,0.2,0.46333724484189276,0.2,0.2,0.1,0.2,0.1,0.0,0.1,0,0,-0.00598618572524942,0.0001,0.9754100217732067,1.0688885745861028,0.08745397325356671,0.005587933804572301,-0.008915842113364474
618,12.29,0.00326530612244891,-1.0,0.1,0.4284126482946854,0.1,0.1,0.2,0.1,-0.1,0.1,0.1,0,0,0.000653061224489782,0.0001,0.9759494832342281,1.0688885745861028,0.08694927943061108,0.0,-0.002660347960999766
619,12.34,0.0040683482506103106,-1.0,0.0,0.43156699128870046,0.0,0.0,0.1,0.0,-0.1,0.0,0.1,0,0,0.00040683482506103107,0.0001,0.9762489385231847,1.0688885745861028,0.08666912367249331,0.0,-0.004652082387919655
620,11.9,-0.03565640194489461,1.0,0.1,0.4333179708611912,0.1,0.1,0.0,0.1,0.1,0.0,0.0,0,0,-0.0,0.0001,0.9761513136293324,1.0688885745861028,0.08676045676012609,9.133308763277503e-05,-0.0034014272233298497
621,12.35,0.03781512605042011,-1.0,0.0,0.43274716325522367,0.0,0.0,0.1,0.1,-0.0,0.1,0.0,0,0,0.003781512605042011,0.0,0.97984264212625,1.0688885745861028,0.08330702991594166,0.0,0.0014063405211500709
622,11.97,-0.03076923076923069,-1.0,0.0,0.45433107614881385,0.0,0.0,0.1,0.0,-0.1,0.0,0.1,0,0,-0.003076923076923069,0.0001,0.9767297574247259,1.0688885745861028,0.08621929296705486,0.0029122630511131953,-0.007780629733305185
623,12.01,0.0033416875522137967,1.0,0.1,0.4361294008832414,0.1,0.1,0.0,0.1,0.1,0.0,0.0,0,0,0.0,0.0001,0.9766320844489834,1.0688885745861028,0.08631067103775816,9.137807070330739e-05,-0.0028418740295754457
624,11.36,-0.0541215653621982,-1.0,0.0,0.4355583138805015,0.0,0.0,0.1,0.1,-0.0,0.1,0.0,0,0,-0.00541215653621982,0.0,0.9713463987296508,1.0688885745861028,0.09125570071157553,0.004945029673817367,-0.007629357791212307
625,11.44,0.007042253521126767,-1.0,0.0,0.4046518620152435,0.0,0.0,0.1,0.0,-0.1,0.0,0.1,0,0,0.0007042253521126767,0.0001,0.9719333108494467,1.0688885745861028,0.09070661436735751,0.0,-0.00028346917876263204
626,11.05,-0.034090909090908984,-1.0,0.0,0.4080836460042295,0.0,0.0,0.0,0.0,0.0,0.0,0.0,0,0,-0.0,0.0,0.9719333108494467,1.0688885745861028,0.09070661436735751,0.0,-0.0008287279980191739
627,10.85,-0.018099547511312312,-1.0,0.0,0.4080836460042295,0.0,0.0,0.0,0.0,0.0,0.0,0.0,0,0,-0.0,0.0,0.9719333108494467,1.0688885745861028,0.09070661436735751,0.0,0.0
628,10.42,-0.03963133640552993,-1.0,0.0,0.4080836460042295,0.0,0.0,0.0,0.0,0.0,0.0,0.0,0,0,-0.0,0.0,0.9719333108494467,1.0688885745861028,0.09070661436735751,0.0,0.0
629,10.67,0.02399232245681382,-1.0,0.0,0.4080836460042295,0.0,0.0,0.0,0.0,0.0,0.0,0.0,0,0,0.0,0.0,0.9719333108494467,1.0688885745861028,0.09070661436735751,0.0,0.0
630,10.36,-0.02905342080599817,-1.0,0.0,0.4080836460042295,0.0,0.0,0.0,0.0,0.0,0.0,0.0,0,0,-0.0,0.0,0.9719333108494467,1.0688885745861028,0.09070661436735751,0.0,0.0
631,10.4,0.0038610038610039504,-1.0,0.0,0.4080836460042295,0.0,0.0,0.0,0.0,0.0,0.0,0.0,0,0,0.0,0.0,0.9719333108494467,1.0688885745861028,0.09070661436735751,0.0,0.0
632,10.77,0.035576923076923,-1.0,0.0,0.4080836460042295,0.0,0.0,0.0,0.0,0.0,0.0,0.0,0,0,0.0,0.0,0.9719333108494467,1.0688885745861028,0.09070661436735751,0.0,0.0
633,11.19,0.03899721448467966,-1.0,0.0,0.4080836460042295,0.0,0.0,0.0,0.0,0.0,0.0,0.0,0,0,0.0,0.0,0.9719333108494467,1.0688885745861028,0.09070661436735751,0.0,0.0
634,11.11,-0.007149240393208228,-1.0,0.0,0.4080836460042295,0.0,0.0,0.0,0.0,0.0,0.0,0.0,0,0,-0.0,0.0,0.9719333108494467,1.0688885745861028,0.09070661436735751,0.0,0.0
635,11.34,0.02070207020702074,-1.0,0.0,0.4080836460042295,0.0,0.0,0.0,0.0,0.0,0.0,0.0,0,0,0.0,0.0,0.9719333108494467,1.0688885745861028,0.09070661436735751,0.0,0.0
636,11.12,-0.019400352733686125,-1.0,0.0,0.4080836460042295,0.0,0.0,0.0,0.0,0.0,0.0,0.0,0,0,-0.0,0.0,0.9719333108494467,1.0688885745861028,0.09070661436735751,0.0,0.0
637,10.94,-0.016187050359712206,-1.0,0.0,0.4080836460042295,0.0,0.0,0.0,0.0,0.0,0.0,0.0,0,0,-0.0,0.0,0.9719333108494467,1.0688885745861028,0.09070661436735751,0.0,0.0
638,11.2,0.023765996343692853,-1.0,0.0,0.4080836460042295,0.0,0.0,0.0,0.0,0.0,0.0,0.0,0,0,0.0,0.0,0.9719333108494467,1.0688885745861028,0.09070661436735751,0.0,0.0
639,11.07,-0.011607142857142769,-1.0,0.0,0.4080836460042295,0.0,0.0,0.0,0.0,0.0,0.0,0.0,0,0,-0.0,0.0,0.9719333108494467,1.0688885745861028,0.09070661436735751,0.0,0.0
640,10.96,-0.009936766034326958,-1.0,0.0,0.4080836460042295,0.0,0.0,0.0,0.0,0.0,0.0,0.0,0,0,-0.0,0.0,0.9719333108494467,1.0688885745861028,0.09070661436735751,0.0,0.0
641,11.0,0.003649635036496272,-1.0,0.0,0.4080836460042295,0.0,0.0,0.0,0.0,0.0,0.0,0.0,0,0,0.0,0.0,0.9719333108494467,1.0688885745861028,0.09070661436735751,0.0,0.0
642,10.73,-0.024545454545454506,-1.0,0.0,0.4080836460042295,0.0,0.0,0.0,0.0,0.0,0.0,0.0,0,0,-0.0,0.0,0.9719333108494467,1.0688885745861028,0.09070661436735751,0.0,0.0
643,11.05,0.02982292637465054,-1.0,0.0,0.4080836460042295,0.0,0.0,0.0,0.0,0.0,0.0,0.0,0,0,0.0,0.0,0.9719333108494467,1.0688885745861028,0.09070661436735751,0.0,0.0
644,10.78,-0.024434389140271615,-1.0,0.0,0.4080836460042295,0.0,0.0,0.0,0.0,0.0,0.0,0.0,0,0,-0.0,0.0,0.9719333108494467,1.0688885745861028,0.09070661436735751,0.0,0.0
645,10.9,0.011131725417439797,-1.0,0.0,0.4080836460042295,0.0,0.0,0.0,0.0,0.0,0.0,0.0,0,0,0.0,0.0,0.9719333108494467,1.0688885745861028,0.09070661436735751,0.0,0.0
646,10.85,-0.004587155963302818,-1.0,0.0,0.4080836460042295,0.0,0.0,0.0,0.0,0.0,0.0,0.0,0,0,-0.0,0.0,0.9719333108494467,1.0688885745861028,0.09070661436735751,0.0,0.0
647,11.05,0.0184331797235024,-1.0,0.0,0.4080836460042295,0.0,0.0,0.0,0.0,0.0,0.0,0.0,0,0,0.0,0.0,0.9719333108494467,1.0688885745861028,0.09070661436735751,0.0,0.0
648,10.88,-0.015384615384615377,-1.0,0.0,0.4080836460042295,0.0,0.0,0.0,0.0,0.0,0.0,0.0,0,0,-0.0,0.0,0.9719333108494467,1.0688885745861028,0.09070661436735751,0.0,-0.0006721033340234943
649,10.82,-0.005514705882352987,-1.0,0.0,0.4080836460042295,0.0,0.0,0.0,0.0,0.0,0.0,0.0,0,0,-0.0,0.0,0.9719333108494467,1.0688885745861028,0.09070661436735751,0.0,-0.0010331757523808676
650,10.68,-0.012939001848428888,-1.0,0.0,0.4080836460042295,0.0,0.0,0.0,0.0,0.0,0.0,0.0,0,0,-0.0,0.0,0.9719333108494467,1.0688885745861028,0.09070661436735751,0.0,-0.0002053916313199164
651,10.47,-0.01966292134831452,-1.0,0.0,0.4080836460042295,0.0,0.0,0.0,0.0,0.0,0.0,0.0,0,0,-0.0,0.0,0.9719333108494467,1.0688885745861028,0.09070661436735751,0.0,-0.00040756931313616575
652,10.62,0.014326647564469778,-1.0,0.0,0.4080836460042295,0.0,0.0,0.0,0.0,0.0,0.0,0.0,0,0,0.0,0.0,0.9719333108494467,1.0688885745861028,0.09070661436735751,0.0,0.0
653,10.7,0.007532956685499066,-1.0,0.0,0.4080836460042295,0.0,0.0,0.0,0.0,0.0,0.0,0.0,0,0,0.0,0.0,0.9719333108494467,1.0688885745861028,0.09070661436735751,0.0,0.0
654,10.67,-0.0028037383177569497,-1.0,0.0,0.4080836460042295,0.0,0.0,0.0,0.0,0.0,0.0,0.0,0,0,-0.0,0.0,0.9719333108494467,1.0688885745861028,0.09070661436735751,0.0,0.0
655,10.65,-0.0018744142455482263,-1.0,0.0,0.4080836460042295,0.0,0.0,0.0,0.0,0.0,0.0,0.0,0,0,-0.0,0.0,0.9719333108494467,1.0688885745861028,0.09070661436735751,0.0,0.0
656,10.7,0.004694835680751073,-1.0,0.0,0.4080836460042295,0.0,0.0,0.0,0.0,0.0,0.0,0.0,0,0,0.0,0.0,0.9719333108494467,1.0688885745861028,0.09070661436735751,0.0,0.0
657,10.8,0.009345794392523497,-1.0,0.0,0.4080836460042295,0.0,0.0,0.0,0.0,0.0,0.0,0.0,0,0,0.0,0.0,0.9719333108494467,1.0688885745861028,0.09070661436735751,0.0,0.0
658,11.01,0.019444444444444358,-1.0,0.0,0.4080836460042295,0.0,0.0,0.0,0.0,0.0,0.0,0.0,0,0,0.0,0.0,0.9719333108494467,1.0688885745861028,0.09070661436735751,0.0,0.0
659,10.97,-0.0036330608537692233,-1.0,0.0,0.4080836460042295,0.0,0.0,0.0,0.0,0.0,0.0,0.0,0,0,-0.0,0.0,0.9719333108494467,1.0688885745861028,0.09070661436735751,0.0,0.0
660,11.19,0.02005469462169543,-1.0,0.0,0.4080836460042295,0.0,0.0,0.0,0.0,0.0,0.0,0.0,0,0,0.0,0.0,0.9719333108494467,1.0688885745861028,0.09070661436735751,0.0,0.0
661,10.8,-0.03485254691688997,0.4723969101905823,0.04723969101905823,0.4080836460042295,0.04723969101905823,0.04723969101905823,0.0,0.04723969101905823,0.04723969101905823,0.0,0.0,0,0,-0.0,4.723969101905823e-05,0.971887397020151,1.0688885745861028,0.09074956910594045,4.295473858294263e-05,-0.0010750652015435699
662,11.51,0.06574074074074066,-1.0,0.0,0.4078151922721033,0.0,0.0,0.04723969101905823,0.04723969101905823,-0.0,0.04723969101905823,0.0,0,0,0.0031055722799566018,0.0,0.9749056635795761,1.0688885745861028,0.08792582617221718,0.0,0.0030758895123006212
663,11.52,0.000868809730668965,0.2887396812438965,0.07611365914344788,0.42546356879611047,0.07611365914344788,0.07611365914344788,0.04723969101905823,0.07611365914344788,0.02887396812438965,0.0,0.04723969101905823,0,0,4.10423032311531e-05,2.8873968124389652e-05,0.9749175265583879,1.0688885745861028,0.08791472774802789,0.0,-0.0021437746502522793
664,11.57,0.0043402777777778396,-1.0,0.0,0.4255329523279176,0.0,0.0,0.07611365914344788,0.02887396812438965,-0.04723969101905823,0.02887396812438965,0.04723969101905823,0,0,0.0003303544233656639,4.723969101905823e-05,0.9751935400729794,1.0688885745861028,0.08765650297029709,0.0,-0.0016092637847029204
665,11.3,-0.023336214347450264,1.0,0.12887396812438967,0.4271468412174284,0.12887396812438967,0.12887396812438967,0.02887396812438965,0.12887396812438967,0.10000000000000002,0.0,0.02887396812438965,0,0,-0.0006738091092122033,0.00010000000000000002,0.974438926428426,1.0688885745861028,0.08836248267902924,0.0007059797087321518,-0.002730775644737158
666,11.31,0.0008849557522123705,-1.0,0.028873968124389665,0.4227344676896543,0.028873968124389665,0.028873968124389665,0.12887396812438967,0.10000000000000002,-0.02887396812438965,0.10000000000000002,0.02887396812438965,0,0,0.00011404775940211232,2.8873968124389652e-05,0.9745219230861585,1.0688885745861028,0.08828483505540802,0.0,-0.0010344683756268762
667,11.53,0.01945181255526073,-1.0,1.3877787807814457e-17,0.42321977988327425,1.3877787807814457e-17,1.3877787807814457e-17,0.10000000000000002,1.3877787807814457e-17,-0.1,0.0,0.10000000000000002,0,0,0.0019451812555260732,0.0001,0.9763200926717363,1.0688885745861028,0.08660255532267343,0.0,7.47140852499226e-05
668,11.51,-0.0017346053772766326,0.6900623440742493,0.06900623440742494,0.4337340392213903,0.06900623440742494,0.06900623440742494,1.3877787807814457e-17,0.06900623440742494,0.06900623440742493,0.0,1.3877787807814457e-17,0,0,-2.4072485356139048e-20,6.900623440742493e-05,0.9762527204985647,1.0688885745861028,0.08666558544084793,6.303011817450355e-05,-0.0017194628280155118
669,11.21,-0.026064291920069413,-1.0,0.0,0.4333400897723378,0.0,0.0,0.06900623440742494,0.06900623440742493,-1.3877787807814457e-17,0.06900623440742493,1.3877787807814457e-17,0,0,-0.0017985986378998618,1.3877787807814457e-20,0.9744968336852299,1.0688885745861028,0.08830830747482117,0.0016427220339732401,-0.0034894095554541104
670,11.21,0.0,-1.0,0.0,0.423073096577776,0.0,0.0,0.06900623440742493,0.0,-0.06900623440742493,0.0,0.06900623440742493,0,0,0.0,6.900623440742493e-05,0.9744295873282953,1.0688885745861028,0.08837121988546284,6.291241064167175e-05,-0.001369322530400118
671,11.64,0.038358608385370176,-1.0,0.0,0.42267989218678315,0.0,0.0,0.0,0.0,0.0,0.0,0.0,0,0,0.0,0.0,0.9744295873282953,1.0688885745861028,0.08837121988546284,0.0,-0.0014156810374057185
672,11.65,0.0008591065292096037,1.0,0.1,0.42267989218678315,0.1,0.1,0.0,0.1,0.1,0.0,0.0,0,0,0.0,0.0001,0.9743321443695625,1.0688885745861028,0.08846238276347429,9.116287801144707e-05,-0.0026774870741138423
673,11.53,-0.010300429184549442,-1.0,0.0,0.42211010903564766,0.0,0.0,0.1,0.1,-0.0,0.1,0.0,0,0,-0.0010300429184549442,0.0,0.9733285404440316,1.0688885745861028,0.08940130563101406,0.0009389228675397709,-0.0031180104771153534
674,11.55,0.0017346053772767868,-1.0,0.0,0.41624184549314225,0.0,0.0,0.1,0.0,-0.1,0.0,0.1,0,0,0.0001734605377276787,0.0001,0.9734000416819983,1.0688885745861028,0.08933441256127159,0.0,-0.002445749685697374
675,11.86,0.026839826839826726,1.0,0.1,0.4166599161968767,0.1,0.1,0.0,0.1,0.1,0.0,0.0,0,0,0.0,0.0001,0.9733027016778302,1.0688885745861028,0.08942547912001543,9.106655874384362e-05,-0.002054485776458672
676,11.53,-0.027824620573355826,-1.0,0.0,0.41609073840541466,0.0,0.0,0.1,0.1,-0.0,0.1,0.0,0,0,-0.0027824620573355828,0.0,0.9705945238401094,1.0688885745861028,0.09195911817474055,0.0025336390547251175,-0.005146186972706551
677,11.57,0.0034692107545534192,-1.0,0.0,0.4002555072357523,0.0,0.0,0.1,0.0,-0.1,0.0,0.1,0,0,0.00034692107545534193,0.0001,0.9708341840837671,1.0688885745861028,0.09173490374364278,0.0,-0.002074928404160315
678,11.33,-0.020743301642178063,-0.8203189969062805,0.0,0.40165686831374114,0.0,0.0,0.0,0.0,0.0,0.0,0.0,0,0,-0.0,0.0,0.9708341840837671,1.0688885745861028,0.09173490374364278,0.0,-0.001936089813880208
679,11.33,0.0,-1.0,0.0,0.40165686831374114,0.0,0.0,0.0,0.0,0.0,0.0,0.0,0,0,0.0,0.0,0.9708341840837671,1.0688885745861028,0.09173490374364278,0.0,-0.0006105153022042414
680,11.5,0.015004413062665483,-1.0,0.0,0.40165686831374114,0.0,0.0,0.0,0.0,0.0,0.0,0.0,0,0,0.0,0.0,0.9708341840837671,1.0688885745861028,0.09173490374364278,0.0,-0.0006786822656421628
681,11.57,0.0060869565217391555,-1.0,0.0,0.40165686831374114,0.0,0.0,0.0,0.0,0.0,0.0,0.0,0,0,0.0,0.0,0.9708341840837671,1.0688885745861028,0.09173490374364278,0.0,-0.0007563168425588174
682,11.7,0.011235955056179688,-0.9777215719223022,0.0,0.40165686831374114,0.0,0.0,0.0,0.0,0.0,0.0,0.0,0,0,0.0,0.0,0.9708341840837671,1.0688885745861028,0.09173490374364278,0.0,-0.0018195791384668714
683,11.85,0.012820512820512851,-1.0,0.0,0.40165686831374114,0.0,0.0,0.0,0.0,0.0,0.0,0.0,0,0,0.0,0.0,0.9708341840837671,1.0688885745861028,0.09173490374364278,0.0,-0.0006776784355725543
684,10.91,-0.07932489451476789,0.2796337902545929,0.02796337902545929,0.40165686831374114,0.02796337902545929,0.02796337902545929,0.0,0.02796337902545929,0.02796337902545929,0.0,0.0,0,0,-0.0,2.7963379025459293e-05,0.9708070362795067,1.0688885745861028,0.09176030190478496,2.5398161142178854e-05,-0.0011685516537409545
685,10.82,-0.00824931255728688,-1.0,0.0,0.40149812438090193,0.0,0.0,0.02796337902545929,0.02796337902545929,-0.0,0.02796337902545929,0.0,0,0,-0.00023067865373889389,0.0,0.9705830918193374,1.0688885745861028,0.09196981341561385,0.00020951151082888864,-0.00024792585149408235
686,10.6,-0.02033271719038823,-1.0,0.0,0.4001886848410253,0.0,0.0,0.02796337902545929,0.0,-0.02796337902545929,0.0,0.02796337902545929,0,0,-0.0005685714774122978,2.7963379025459293e-05,0.970004105173998,1.0688885745861028,0.09251148507260915,0.000541671656995299,-0.0006664433040014053
687,10.67,0.0066037735849056875,-1.0,0.0,0.3968032341501252,0.0,0.0,0.0,0.0,0.0,0.0,0.0,0,0,0.0,0.0,0.970004105173998,1.0688885745861028,0.09251148507260915,0.0,0.0
688,10.64,-0.0028116213683223395,-1.0,0.0,0.3968032341501252,0.0,0.0,0.0,0.0,0.0,0.0,0.0,0,0,-0.0,0.0,0.970004105173998,1.0688885745861028,0.09251148507260915,0.0,0.0
689,10.67,0.0028195488721803907,-1.0,0.0,0.3968032341501252,0.0,0.0,0.0,0.0,0.0,0.0,0.0,0,0,0.0,0.0,0.970004105173998,1.0688885745861028,0.09251148507260915,0.0,0.0
690,10.53,-0.013120899718837916,-1.0,0.0,0.3968032341501252,0.0,0.0,0.0,0.0,0.0,0.0,0.0,0,0,-0.0,0.0,0.970004105173998,1.0688885745861028,0.09251148507260915,0.0,0.0
691,10.63,0.009496676163342965,-1.0,0.0,0.3968032341501252,0.0,0.0,0.0,0.0,0.0,0.0,0.0,0,0,0.0,0.0,0.970004105173998,1.0688885745861028,0.09251148507260915,0.0,0.0
692,10.45,-0.01693320790216383,-1.0,0.0,0.3968032341501252,0.0,0.0,0.0,0.0,0.0,0.0,0.0,0,0,-0.0,0.0,0.970004105173998,1.0688885745861028,0.09251148507260915,0.0,0.0
693,10.5,0.004784688995215379,-1.0,0.0,0.3968032341501252,0.0,0.0,0.0,0.0,0.0,0.0,0.0,0,0,0.0,0.0,0.970004105173998,1.0688885745861028,0.09251148507260915,0.0,0.0
694,10.36,-0.013333333333333388,-1.0,0.0,0.3968032341501252,0.0,0.0,0.0,0.0,0.0,0.0,0.0,0,0,-0.0,0.0,0.970004105173998,1.0688885745861028,0.09251148507260915,0.0,0.0
695,10.37,0.0009652509652509448,-1.0,0.0,0.3968032341501252,0.0,0.0,0.0,0.0,0.0,0.0,0.0,0,0,0.0,0.0,0.970004105173998,1.0688885745861028,0.09251148507260915,0.0,0.0
696,10.26,-0.010607521697203418,-1.0,0.0,0.3968032341501252,0.0,0.0,0.0,0.0,0.0,0.0,0.0,0,0,-0.0,0.0,0.970004105173998,1.0688885745861028,0.09251148507260915,0.0,0.0
697,9.7,-0.0545808966861599,-1.0,0.0,0.3968032341501252,0.0,0.0,0.0,0.0,0.0,0.0,0.0,0,0,-0.0,0.0,0.970004105173998,1.0688885745861028,0.09251148507260915,0.0,0.0
698,9.79,0.009278350515463904,-1.0,0.0,0.3968032341501252,0.0,0.0,0.0,0.0,0.0,0.0,0.0,0,0,0.0,0.0,0.970004105173998,1.0688885745861028,0.09251148507260915,0.0,0.0
699,9.71,-0.008171603677221482,-1.0,0.0,0.3968032341501252,0.0,0.0,0.0,0.0,0.0,0.0,0.0,0,0,-0.0,0.0,0.970004105173998,1.0688885745861028,0.09251148507260915,0.0,0.0
700,9.77,0.006179196704428292,-1.0,0.0,0.3968032341501252,0.0,0.0,0.0,0.0,0.0,0.0,0.0,0,0,0.0,0.0,0.970004105173998,1.0688885745861028,0.09251148507260915,0.0,0.0
701,9.5,-0.027635619242579283,-1.0,0.0,0.3968032341501252,0.0,0.0,0.0,0.0,0.0,0.0,0.0,0,0,-0.0,0.0,0.970004105173998,1.0688885745861028,0.09251148507260915,0.0,0.0
702,9.57,0.007368421052631609,-1.0,0.0,0.3968032341501252,0.0,0.0,0.0,0.0,0.0,0.0,0.0,0,0,0.0,0.0,0.970004105173998,1.0688885745861028,0.09251148507260915,0.0,0.0
703,9.58,0.0010449320794148158,-1.0,0.0,0.3968032341501252,0.0,0.0,0.0,0.0,0.0,0.0,0.0,0,0,0.0,0.0,0.970004105173998,1.0688885745861028,0.09251148507260915,0.0,0.0
704,9.37,-0.021920668058455203,-1.0,0.0,0.3968032341501252,0.0,0.0,0.0,0.0,0.0,0.0,0.0,0,0,-0.0,0.0,0.970004105173998,1.0688885745861028,0.09251148507260915,0.0,0.0
705,9.41,0.0042689434364995655,-1.0,0.0,0.3968032341501252,0.0,0.0,0.0,0.0,0.0,0.0,0.0,0,0,0.0,0.0,0.970004105173998,1.0688885745861028,0.09251148507260915,0.0,0.0
706,9.37,-0.004250797024442181,-1.0,0.0,0.3968032341501252,0.0,0.0,0.0,0.0,0.0,0.0,0.0,0,0,-0.0,0.0,0.970004105173998,1.0688885745861028,0.09251148507260915,0.0,0.0
707,9.64,0.028815368196371545,-1.0,0.0,0.3968032341501252,0.0,0.0,0.0,0.0,0.0,0.0,0.0,0,0,0.0,0.0,0.970004105173998,1.0688885745861028,0.09251148507260915,0.0,0.0
708,9.66,0.0020746887966804537,-1.0,0.0,0.3968032341501252,0.0,0.0,0.0,0.0,0.0,0.0,0.0,0,0,0.0,0.0,0.970004105173998,1.0688885745861028,0.09251148507260915,0.0,0.0
709,9.69,0.003105590062111735,-1.0,0.0,0.3968032341501252,0.0,0.0,0.0,0.0,0.0,0.0,0.0,0,0,0.0,0.0,0.970004105173998,1.0688885745861028,0.09251148507260915,0.0,0.0
710,9.71,0.0020639834881322344,-1.0,0.0,0.3968032341501252,0.0,0.0,0.0,0.0,0.0,0.0,0.0,0,0,0.0,0.0,0.970004105173998,1.0688885745861028,0.09251148507260915,0.0,0.0
711,9.65,-0.006179196704428475,-1.0,0.0,0.3968032341501252,0.0,0.0,0.0,0.0,0.0,0.0,0.0,0,0,-0.0,0.0,0.970004105173998,1.0688885745861028,0.09251148507260915,0.0,0.0
712,9.7,0.0051813471502589565,-1.0,0.0,0.3968032341501252,0.0,0.0,0.0,0.0,0.0,0.0,0.0,0,0,0.0,0.0,0.970004105173998,1.0688885745861028,0.09251148507260915,0.0,0.0
713,9.47,-0.02371134020618543,-1.0,0.0,0.3968032341501252,0.0,0.0,0.0,0.0,0.0,0.0,0.0,0,0,-0.0,0.0,0.970004105173998,1.0688885745861028,0.09251148507260915,0.0,0.0
714,9.6,0.013727560718056916,-1.0,0.0,0.3968032341501252,0.0,0.0,0.0,0.0,0.0,0.0,0.0,0,0,0.0,0.0,0.970004105173998,1.0688885745861028,0.09251148507260915,0.0,0.0
715,9.64,0.004166666666666763,-1.0,0.0,0.3968032341501252,0.0,0.0,0.0,0.0,0.0,0.0,0.0,0,0,0.0,0.0,0.970004105173998,1.0688885745861028,0.09251148507260915,0.0,0.0
716,9.53,-0.011410788381742863,-1.0,0.0,0.3968032341501252,0.0,0.0,0.0,0.0,0.0,0.0,0.0,0,0,-0.0,0.0,0.970004105173998,1.0688885745861028,0.09251148507260915,0.0,0.0
717,9.46,-0.007345225603357661,-1.0,0.0,0.3968032341501252,0.0,0.0,0.0,0.0,0.0,0.0,0.0,0,0,-0.0,0.0,0.970004105173998,1.0688885745861028,0.09251148507260915,0.0,0.0
718,9.71,0.02642706131078224,-1.0,0.0,0.3968032341501252,0.0,0.0,0.0,0.0,0.0,0.0,0.0,0,0,0.0,0.0,0.970004105173998,1.0688885745861028,0.09251148507260915,0.0,0.0
719,9.82,0.011328527291452051,-1.0,0.0,0.3968032341501252,0.0,0.0,0.0,0.0,0.0,0.0,0.0,0,0,0.0,0.0,0.970004105173998,1.0688885745861028,0.09251148507260915,0.0,0.0
720,9.76,-0.006109979633401272,-1.0,0.0,0.3968032341501252,0.0,0.0,0.0,0.0,0.0,0.0,0.0,0,0,-0.0,0.0,0.970004105173998,1.0688885745861028,0.09251148507260915,0.0,-0.0006380583077197901
721,9.73,-0.003073770491803213,-1.0,0.0,0.3968032341501252,0.0,0.0,0.0,0.0,0.0,0.0,0.0,0,0,-0.0,0.0,0.970004105173998,1.0688885745861028,0.09251148507260915,0.0,-0.00023688911476802576
722,9.56,-0.01747173689619732,-1.0,0.0,0.3968032341501252,0.0,0.0,0.0,0.0,0.0,0.0,0.0,0,0,-0.0,0.0,0.970004105173998,1.0688885745861028,0.09251148507260915,0.0,-0.0007998053438992639
723,9.56,0.0,-1.0,0.0,0.3968032341501252,0.0,0.0,0.0,0.0,0.0,0.0,0.0,0,0,0.0,0.0,0.970004105173998,1.0688885745861028,0.09251148507260915,0.0,0.0
724,9.45,-0.01150627615062774,-1.0,0.0,0.3968032341501252,0.0,0.0,0.0,0.0,0.0,0.0,0.0,0,0,-0.0,0.0,0.970004105173998,1.0688885745861028,0.09251148507260915,0.0,0.0
725,9.12,-0.03492063492063493,-1.0,0.0,0.3968032341501252,0.0,0.0,0.0,0.0,0.0,0.0,0.0,0,0,-0.0,0.0,0.970004105173998,1.0688885745861028,0.09251148507260915,0.0,0.0
726,9.34,0.02412280701754393,-1.0,0.0,0.3968032341501252,0.0,0.0,0.0,0.0,0.0,0.0,0.0,0,0,0.0,0.0,0.970004105173998,1.0688885745861028,0.09251148507260915,0.0,0.0
727,9.38,0.004282655246252776,-1.0,0.0,0.3968032341501252,0.0,0.0,0.0,0.0,0.0,0.0,0.0,0,0,0.0,0.0,0.970004105173998,1.0688885745861028,0.09251148507260915,0.0,0.0
728,9.3,-0.00852878464818764,-1.0,0.0,0.3968032341501252,0.0,0.0,0.0,0.0,0.0,0.0,0.0,0,0,-0.0,0.0,0.970004105173998,1.0688885745861028,0.09251148507260915,0.0,0.0
729,9.18,-0.012903225806451719,-1.0,0.0,0.3968032341501252,0.0,0.0,0.0,0.0,0.0,0.0,0.0,0,0,-0.0,0.0,0.970004105173998,1.0688885745861028,0.09251148507260915,0.0,0.0
730,9.1,-0.008714596949891075,-1.0,0.0,0.3968032341501252,0.0,0.0,0.0,0.0,0.0,0.0,0.0,0,0,-0.0,0.0,0.970004105173998,1.0688885745861028,0.09251148507260915,0.0,0.0
731,9.15,0.005494505494505573,-1.0,0.0,0.3968032341501252,0.0,0.0,0.0,0.0,0.0,0.0,0.0,0,0,0.0,0.0,0.970004105173998,1.0688885745861028,0.09251148507260915,0.0,0.0
732,9.19,0.004371584699453458,-1.0,0.0,0.3968032341501252,0.0,0.0,0.0,0.0,0.0,0.0,0.0,0,0,0.0,0.0,0.970004105173998,1.0688885745861028,0.09251148507260915,0.0,0.0
733,8.79,-0.043525571273123,-1.0,0.0,0.3968032341501252,0.0,0.0,0.0,0.0,0.0,0.0,0.0,0,0,-0.0,0.0,0.970004105173998,1.0688885745861028,0.09251148507260915,0.0,0.0
734,8.9,0.012514220705347124,-1.0,0.0,0.3968032341501252,0.0,0.0,0.0,0.0,0.0,0.0,0.0,0,0,0.0,0.0,0.970004105173998,1.0688885745861028,0.09251148507260915,0.0,0.0
735,8.64,-0.02921348314606739,-1.0,0.0,0.3968032341501252,0.0,0.0,0.0,0.0,0.0,0.0,0.0,0,0,-0.0,0.0,0.970004105173998,1.0688885745861028,0.09251148507260915,0.0,0.0
736,8.71,0.008101851851851884,-1.0,0.0,0.3968032341501252,0.0,0.0,0.0,0.0,0.0,0.0,0.0,0,0,0.0,0.0,0.970004105173998,1.0688885745861028,0.09251148507260915,0.0,0.0
737,8.87,0.018369690011480866,-1.0,0.0,0.3968032341501252,0.0,0.0,0.0,0.0,0.0,0.0,0.0,0,0,0.0,0.0,0.970004105173998,1.0688885745861028,0.09251148507260915,0.0,0.0
738,8.92,0.005636978579481478,-1.0,0.0,0.3968032341501252,0.0,0.0,0.0,0.0,0.0,0.0,0.0,0,0,0.0,0.0,0.970004105173998,1.0688885745861028,0.09251148507260915,0.0,0.0
739,8.86,-0.006726457399103195,-1.0,0.0,0.3968032341501252,0.0,0.0,0.0,0.0,0.0,0.0,0.0,0,0,-0.0,0.0,0.970004105173998,1.0688885745861028,0.09251148507260915,0.0,0.0
740,8.91,0.005643340857787891,-1.0,0.0,0.3968032341501252,0.0,0.0,0.0,0.0,0.0,0.0,0.0,0,0,0.0,0.0,0.970004105173998,1.0688885745861028,0.09251148507260915,0.0,0.0
741,8.77,-0.01571268237934911,-1.0,0.0,0.3968032341501252,0.0,0.0,0.0,0.0,0.0,0.0,0.0,0,0,-0.0,0.0,0.970004105173998,1.0688885745861028,0.09251148507260915,0.0,0.0
742,8.68,-0.010262257696693257,-1.0,0.0,0.3968032341501252,0.0,0.0,0.0,0.0,0.0,0.0,0.0,0,0,-0.0,0.0,0.970004105173998,1.0688885745861028,0.09251148507260915,0.0,0.0
743,8.4,-0.03225806451612896,-1.0,0.0,0.3968032341501252,0.0,0.0,0.0,0.0,0.0,0.0,0.0,0,0,-0.0,0.0,0.970004105173998,1.0688885745861028,0.09251148507260915,0.0,0.0
744,8.39,-0.001190476190476165,-1.0,0.0,0.3968032341501252,0.0,0.0,0.0,0.0,0.0,0.0,0.0,0,0,-0.0,0.0,0.970004105173998,1.0688885745861028,0.09251148507260915,0.0,0.0
745,8.62,0.02741358760429066,-1.0,0.0,0.3968032341501252,0.0,0.0,0.0,0.0,0.0,0.0,0.0,0,0,0.0,0.0,0.970004105173998,1.0688885745861028,0.09251148507260915,0.0,0.0
746,9.21,0.06844547563805124,-1.0,0.0,0.3968032341501252,0.0,0.0,0.0,0.0,0.0,0.0,0.0,0,0,0.0,0.0,0.970004105173998,1.0688885745861028,0.09251148507260915,0.0,0.0
747,9.23,0.0021715526601519624,-0.2541775107383728,0.0,0.3968032341501252,0.0,0.0,0.0,0.0,0.0,0.0,0.0,0,0,0.0,0.0,0.970004105173998,1.0688885745861028,0.09251148507260915,0.0,-0.00017576156626917015
748,9.31,0.008667388949079096,-0.027689598500728607,0.0,0.3968032341501252,0.0,0.0,0.0,0.0,0.0,0.0,0.0,0,0,0.0,0.0,0.970004105173998,1.0688885745861028,0.09251148507260915,0.0,-0.0001705082719930054
749,9.25,-0.006444683136412513,1.0,0.1,0.3968032341501252,0.1,0.1,0.0,0.1,0.1,0.0,0.0,0,0,-0.0,0.0001,0.9699071047634806,1.0688885745861028,0.0926022339241019,9.074885149275291e-05,-0.0009257664247333574
750,9.23,-0.0021621621621621162,-1.0,0.0,0.3962360587021986,0.0,0.0,0.1,0.1,-0.0,0.1,0.0,0,0,-0.00021621621621621163,0.0,0.9696973951192074,1.0688885745861028,0.09279842803568593,0.00019619411158403044,-0.0008326585113112323
751,9.43,0.021668472372697648,-1.0,0.0,0.39500983283436175,0.0,0.0,0.1,0.0,-0.1,0.0,0.1,0,0,0.002166847237269765,0.0001,0.9717016115012972,1.0688885745861028,0.09092338097302471,0.0,0.0009090027862656676
752,9.54,0.011664899257688169,1.0,0.1,0.40672885105497025,0.1,0.1,0.0,0.1,0.1,0.0,0.0,0,0,0.0,0.0001,0.9716044413401471,1.0688885745861028,0.09101428863492736,9.090766190264499e-05,-0.0015473359482591003
753,9.18,-0.03773584905660372,-1.0,0.0,0.4061606977183403,0.0,0.0,0.1,0.1,-0.0,0.1,0.0,0,0,-0.0037735849056603718,0.0,0.9679380094860334,1.0688885745861028,0.09444442339479554,0.0034301347598681836,-0.005201886216835791
754,9.15,-0.0032679738562090806,-1.0,0.0,0.3847223505431589,0.0,0.0,0.1,0.0,-0.1,0.0,0.1,0,0,-0.00032679738562090807,0.0001,0.9675248960741416,1.0688885745861028,0.0948309121474251,0.00038648875262956017,-0.002148608939812391
755,9.24,0.009836065573770475,-1.0,0.0,0.38230677918143907,0.0,0.0,0.0,0.0,0.0,0.0,0.0,0,0,0.0,0.0,0.9675248960741416,1.0688885745861028,0.0948309121474251,0.0,-0.0010068080942866756
756,9.67,0.04653679653679651,0.07157401740550995,0.007157401740550995,0.38230677918143907,0.007157401740550995,0.007157401740550995,0.0,0.007157401740550995,0.007157401740550995,0.0,0.0,0,0,0.0,7.157401740550995e-06,0.9675179711097665,1.0688885745861028,0.09483739080622997,6.478658804862092e-06,-0.0020619763237471017
757,9.42,-0.025853154084798345,1.0,0.107157401740551,0.3822663132155731,0.107157401740551,0.107157401740551,0.007157401740550995,0.107157401740551,0.1,0.007157401740550995,0.0,0,0,-0.00018504141004526876,0.0001,0.9672421884230372,1.0688885745861028,0.09509539963267477,0.0002580088264448055,-0.0030027671066268674
758,9.65,0.02441613588110408,-1.0,0.007157401740550989,0.3806537747437954,0.007157401740550989,0.007157401740550989,0.107157401740551,0.1,-0.007157401740550989,0.1,0.007157401740550989,0,0,0.002616369681563352,7.157401740550989e-06,0.9697659286186332,1.0688885745861028,0.09273431143732828,0.0,0.0010708928866630838
759,9.25,-0.041450777202072575,-1.0,0.0,0.39541053437208,0.0,0.0,0.1,0.0,-0.1,0.0,0.1,0,0,-0.004145077720207258,0.0001,0.9656491968812382,1.0688885745861028,0.09658572479815414,0.0038514133608258533,-0.007318962027442041
760,9.28,0.003243243243243174,-1.0,0.0,0.3713391985801403,0.0,0.0,0.0,0.0,0.0,0.0,0.0,0,0,0.0,0.0,0.9656491968812382,1.0688885745861028,0.09658572479815414,0.0,-0.00128588952902348
761,9.44,0.017241379310344845,-1.0,0.0,0.3713391985801403,0.0,0.0,0.0,0.0,0.0,0.0,0.0,0,0,0.0,0.0,0.9656491968812382,1.0688885745861028,0.09658572479815414,0.0,-0.0012447813197380667
762,9.45,0.0010593220338982825,-0.3090270161628723,0.0,0.3713391985801403,0.0,0.0,0.0,0.0,0.0,0.0,0.0,0,0,0.0,0.0,0.9656491968812382,1.0688885745861028,0.09658572479815414,0.0,-0.0022484660505220637
763,9.38,-0.00740740740740725,0.5203174948692322,0.05203174948692322,0.3713391985801403,0.05203174948692322,0.05203174948692322,0.0,0.05203174948692322,0.05203174948692322,0.0,0.0,0,0,-0.0,5.203174948692322e-05,0.9655989524641339,1.0688885745861028,0.0966327310234043,4.7006225250167954e-05,-0.002292118190065258
764,9.09,-0.030916844349680266,-1.0,0.0,0.3710454128739852,0.0,0.0,0.05203174948692322,0.05203174948692322,-0.0,0.05203174948692322,0.0,0,0,-0.0016086575001287612,0.0,0.964045634467136,1.0688885745861028,0.09808593955601431,0.0014532085326100092,-0.004012773379748922
765,9.11,0.0022002200220021533,-1.0,0.0,0.36196287572978975,0.0,0.0,0.05203174948692322,0.0,-0.05203174948692322,0.0,0.05203174948692322,0,0,0.00011448129700092874,5.203174948692322e-05,0.9641058386807911,1.0688885745861028,0.09802961543104323,0.0,-0.0017005581175064226
766,8.91,-0.021953896816684883,-1.0,0.0,0.36231491566298557,0.0,0.0,0.0,0.0,0.0,0.0,0.0,0,0,-0.0,0.0,0.9641058386807911,1.0688885745861028,0.09802961543104323,0.0,-0.0010379680410627513
767,8.88,-0.0033670033670032953,-1.0,0.0,0.36231491566298557,0.0,0.0,0.0,0.0,0.0,0.0,0.0,0,0,-0.0,0.0,0.9641058386807911,1.0688885745861028,0.09802961543104323,0.0,0.0
768,9.11,0.025900900900900747,-1.0,0.0,0.36231491566298557,0.0,0.0,0.0,0.0,0.0,0.0,0.0,0,0,0.0,0.0,0.9641058386807911,1.0688885745861028,0.09802961543104323,0.0,0.0
769,9.15,0.004390779363337094,-1.0,0.0,0.36231491566298557,0.0,0.0,0.0,0.0,0.0,0.0,0.0,0,0,0.0,0.0,0.9641058386807911,1.0688885745861028,0.09802961543104323,0.0,0.0
770,9.4,0.0273224043715847,-1.0,0.0,0.36231491566298557,0.0,0.0,0.0,0.0,0.0,0.0,0.0,0,0,0.0,0.0,0.9641058386807911,1.0688885745861028,0.09802961543104323,0.0,0.0
771,9.45,0.005319148936170099,-1.0,0.0,0.36231491566298557,0.0,0.0,0.0,0.0,0.0,0.0,0.0,0,0,0.0,0.0,0.9641058386807911,1.0688885745861028,0.09802961543104323,0.0,-0.0006424063081393902
772,9.57,0.012698412698412804,-0.774959921836853,0.0,0.36231491566298557,0.0,0.0,0.0,0.0,0.0,0.0,0.0,0,0,0.0,0.0,0.9641058386807911,1.0688885745861028,0.09802961543104323,0.0,-0.0003152290593196241
773,9.59,0.0020898641588296316,0.4840008616447449,0.04840008616447449,0.36231491566298557,0.04840008616447449,0.04840008616447449,0.0,0.04840008616447449,0.04840008616447449,0.0,0.0,0,0,0.0,4.840008616447449e-05,0.9640591758751273,1.0688885745861028,0.09807327087537414,4.3655444330908955e-05,-0.0006538563174034866
774,9.58,-0.0010427528675703635,-1.0,0.0,0.36204203814863006,0.0,0.0,0.04840008616447449,0.04840008616447449,-0.0,0.04840008616447449,0.0,0,0,-5.0469328638658456e-05,0.0,0.9640105204557531,1.0688885745861028,0.09811879051187423,4.5519636500096494e-05,-0.0014050776495259226
775,9.6,0.002087682672233776,-1.0,0.0,0.3617575656682209,0.0,0.0,0.04840008616447449,0.0,-0.04840008616447449,0.0,0.04840008616447449,0,0,0.00010104402122019512,4.840008616447449e-05,0.9640612697629849,1.0688885745861028,0.09807131193605405,0.0,-0.0016214902649116796
776,9.57,-0.0031249999999999334,-0.28505438566207886,0.0,0.362054285040486,0.0,0.0,0.0,0.0,0.0,0.0,0.0,0,0,-0.0,0.0,0.9640612697629849,1.0688885745861028,0.09807131193605405,0.0,-0.0013637373048922324
777,9.34,-0.02403343782654132,-1.0,0.0,0.362054285040486,0.0,0.0,0.0,0.0,0.0,0.0,0.0,0,0,-0.0,0.0,0.9640612697629849,1.0688885745861028,0.09807131193605405,0.0,-0.00010386291629696988
778,9.2,-0.01498929336188443,-1.0,0.0,0.362054285040486,0.0,0.0,0.0,0.0,0.0,0.0,0.0,0,0,-0.0,0.0,0.9640612697629849,1.0688885745861028,0.09807131193605405,0.0,0.0
779,9.15,-0.005434782608695537,-1.0,0.0,0.362054285040486,0.0,0.0,0.0,0.0,0.0,0.0,0.0,0,0,-0.0,0.0,0.9640612697629849,1.0688885745861028,0.09807131193605405,0.0,0.0
780,9.15,0.0,-1.0,0.0,0.362054285040486,0.0,0.0,0.0,0.0,0.0,0.0,0.0,0,0,0.0,0.0,0.9640612697629849,1.0688885745861028,0.09807131193605405,0.0,0.0
781,9.09,-0.006557377049180382,-1.0,0.0,0.362054285040486,0.0,0.0,0.0,0.0,0.0,0.0,0.0,0,0,-0.0,0.0,0.9640612697629849,1.0688885745861028,0.09807131193605405,0.0,0.0
782,9.48,0.042904290429042966,-1.0,0.0,0.362054285040486,0.0,0.0,0.0,0.0,0.0,0.0,0.0,0,0,0.0,0.0,0.9640612697629849,1.0688885745861028,0.09807131193605405,0.0,0.0
783,9.26,-0.023206751054852388,-1.0,0.0,0.362054285040486,0.0,0.0,0.0,0.0,0.0,0.0,0.0,0,0,-0.0,0.0,0.9640612697629849,1.0688885745861028,0.09807131193605405,0.0,-0.0003857555089845328
784,9.27,0.0010799136069114242,-1.0,0.0,0.362054285040486,0.0,0.0,0.0,0.0,0.0,0.0,0.0,0,0,0.0,0.0,0.9640612697629849,1.0688885745861028,0.09807131193605405,0.0,0.0
785,9.2,-0.00755124056094933,-1.0,0.0,0.362054285040486,0.0,0.0,0.0,0.0,0.0,0.0,0.0,0,0,-0.0,0.0,0.9640612697629849,1.0688885745861028,0.09807131193605405,0.0,-0.0004563141302792386
786,9.24,0.004347826086956622,-1.0,0.0,0.362054285040486,0.0,0.0,0.0,0.0,0.0,0.0,0.0,0,0,0.0,0.0,0.9640612697629849,1.0688885745861028,0.09807131193605405,0.0,-8.953218335567736e-05
787,9.02,-0.023809523809523878,-1.0,0.0,0.362054285040486,0.0,0.0,0.0,0.0,0.0,0.0,0.0,0,0,-0.0,0.0,0.9640612697629849,1.0688885745861028,0.09807131193605405,0.0,-0.0007963318332654226
788,9.52,0.05543237250554324,-1.0,0.0,0.362054285040486,0.0,0.0,0.0,0.0,0.0,0.0,0.0,0,0,0.0,0.0,0.9640612697629849,1.0688885745861028,0.09807131193605405,0.0,0.0
789,9.53,0.0010504201680672045,-0.1726113110780716,0.0,0.362054285040486,0.0,0.0,0.0,0.0,0.0,0.0,0.0,0,0,0.0,0.0,0.9640612697629849,1.0688885745861028,0.09807131193605405,0.0,-0.0013928335059897612
790,9.28,-0.02623294858342078,-0.5375999212265015,0.0,0.362054285040486,0.0,0.0,0.0,0.0,0.0,0.0,0.0,0,0,-0.0,0.0,0.9640612697629849,1.0688885745861028,0.09807131193605405,0.0,-0.0012949348752861614
791,9.29,0.0010775862068965287,-1.0,0.0,0.362054285040486,0.0,0.0,0.0,0.0,0.0,0.0,0.0,0,0,0.0,0.0,0.9640612697629849,1.0688885745861028,0.09807131193605405,0.0,0.0
792,9.26,-0.003229278794402515,-1.0,0.0,0.362054285040486,0.0,0.0,0.0,0.0,0.0,0.0,0.0,0,0,-0.0,0.0,0.9640612697629849,1.0688885745861028,0.09807131193605405,0.0,0.0
793,9.13,-0.014038876889848706,-1.0,0.0,0.362054285040486,0.0,0.0,0.0,0.0,0.0,0.0,0.0,0,0,-0.0,0.0,0.9640612697629849,1.0688885745861028,0.09807131193605405,0.0,0.0
794,8.98,-0.016429353778751408,-1.0,0.0,0.362054285040486,0.0,0.0,0.0,0.0,0.0,0.0,0.0,0,0,-0.0,0.0,0.9640612697629849,1.0688885745861028,0.09807131193605405,0.0,0.0
795,9.04,0.006681514476614556,-1.0,0.0,0.362054285040486,0.0,0.0,0.0,0.0,0.0,0.0,0.0,0,0,0.0,0.0,0.9640612697629849,1.0688885745861028,0.09807131193605405,0.0,0.0
796,8.99,-0.0055309734513273165,-1.0,0.0,0.362054285040486,0.0,0.0,0.0,0.0,0.0,0.0,0.0,0,0,-0.0,0.0,0.9640612697629849,1.0688885745861028,0.09807131193605405,0.0,0.0
797,8.89,-0.011123470522803075,-1.0,0.0,0.362054285040486,0.0,0.0,0.0,0.0,0.0,0.0,0.0,0,0,-0.0,0.0,0.9640612697629849,1.0688885745861028,0.09807131193605405,0.0,0.0
798,8.94,0.00562429696287952,-1.0,0.0,0.362054285040486,0.0,0.0,0.0,0.0,0.0,0.0,0.0,0,0,0.0,0.0,0.9640612697629849,1.0688885745861028,0.09807131193605405,0.0,0.0
799,8.78,-0.017897091722595095,-1.0,0.0,0.362054285040486,0.0,0.0,0.0,0.0,0.0,0.0,0.0,0,0,-0.0,0.0,0.9640612697629849,1.0688885745861028,0.09807131193605405,0.0,0.0
800,8.83,0.005694760820045639,-1.0,0.0,0.362054285040486,0.0,0.0,0.0,0.0,0.0,0.0,0.0,0,0,0.0,0.0,0.9640612697629849,1.0688885745861028,0.09807131193605405,0.0,0.0
801,8.68,-0.016987542468856212,-1.0,0.0,0.362054285040486,0.0,0.0,0.0,0.0,0.0,0.0,0.0,0,0,-0.0,0.0,0.9640612697629849,1.0688885745861028,0.09807131193605405,0.0,0.0
802,8.56,-0.013824884792626639,-1.0,0.0,0.362054285040486,0.0,0.0,0.0,0.0,0.0,0.0,0.0,0,0,-0.0,0.0,0.9640612697629849,1.0688885745861028,0.09807131193605405,0.0,0.0
803,8.75,0.02219626168224293,-1.0,0.0,0.362054285040486,0.0,0.0,0.0,0.0,0.0,0.0,0.0,0,0,0.0,0.0,0.9640612697629849,1.0688885745861028,0.09807131193605405,0.0,0.0
804,8.84,0.01028571428571427,-1.0,0.0,0.362054285040486,0.0,0.0,0.0,0.0,0.0,0.0,0.0,0,0,0.0,0.0,0.9640612697629849,1.0688885745861028,0.09807131193605405,0.0,0.0
805,8.83,-0.0011312217194569894,-1.0,0.0,0.362054285040486,0.0,0.0,0.0,0.0,0.0,0.0,0.0,0,0,-0.0,0.0,0.9640612697629849,1.0688885745861028,0.09807131193605405,0.0,0.0
806,8.87,0.004530011325028216,-1.0,0.0,0.362054285040486,0.0,0.0,0.0,0.0,0.0,0.0,0.0,0,0,0.0,0.0,0.9640612697629849,1.0688885745861028,0.09807131193605405,0.0,0.0
807,9.02,0.016910935738444235,-1.0,0.0,0.362054285040486,0.0,0.0,0.0,0.0,0.0,0.0,0.0,0,0,0.0,0.0,0.9640612697629849,1.0688885745861028,0.09807131193605405,0.0,0.0
808,9.09,0.007760532150776085,-1.0,0.0,0.362054285040486,0.0,0.0,0.0,0.0,0.0,0.0,0.0,0,0,0.0,0.0,0.9640612697629849,1.0688885745861028,0.09807131193605405,0.0,-3.249773860866852e-05
809,9.05,-0.0044004400440043065,-1.0,0.0,0.362054285040486,0.0,0.0,0.0,0.0,0.0,0.0,0.0,0,0,-0.0,0.0,0.9640612697629849,1.0688885745861028,0.09807131193605405,0.0,0.0
810,8.99,-0.006629834254143701,-1.0,0.0,0.362054285040486,0.0,0.0,0.0,0.0,0.0,0.0,0.0,0,0,-0.0,0.0,0.9640612697629849,1.0688885745861028,0.09807131193605405,0.0,0.0
811,8.94,-0.005561735261401636,-1.0,0.0,0.362054285040486,0.0,0.0,0.0,0.0,0.0,0.0,0.0,0,0,-0.0,0.0,0.9640612697629849,1.0688885745861028,0.09807131193605405,0.0,0.0
812,9.13,0.0212527964205818,-1.0,0.0,0.362054285040486,0.0,0.0,0.0,0.0,0.0,0.0,0.0,0,0,0.0,0.0,0.9640612697629849,1.0688885745861028,0.09807131193605405,0.0,0.0
813,9.12,-0.001095290251916929,-1.0,0.0,0.362054285040486,0.0,0.0,0.0,0.0,0.0,0.0,0.0,0,0,-0.0,0.0,0.9640612697629849,1.0688885745861028,0.09807131193605405,0.0,-8.15248534930077e-06
814,9.27,0.016447368421052672,-1.0,0.0,0.362054285040486,0.0,0.0,0.0,0.0,0.0,0.0,0.0,0,0,0.0,0.0,0.9640612697629849,1.0688885745861028,0.09807131193605405,0.0,-0.0003152832531552629
815,9.21,-0.006472491909384976,0.31104907393455505,0.031104907393455505,0.362054285040486,0.031104907393455505,0.031104907393455505,0.0,0.031104907393455505,0.031104907393455505,0.0,0.0,0,0,-0.0,3.1104907393455505e-05,0.9640312827264673,1.0688885745861028,0.09809936634437176,2.8054408317712554e-05,-0.0013686218797772129
816,9.14,-0.007600434310532061,-1.0,0.0,0.36187896356581895,0.0,0.0,0.031104907393455505,0.031104907393455505,-0.0,0.031104907393455505,0.0,0,0,-0.0002364108053791416,0.0,0.9638033753145072,1.0688885745861028,0.09831258539954629,0.0002132190551745322,-0.001091845897343108
817,9.02,-0.013129102844639058,-1.0,0.0,0.360546334093835,0.0,0.0,0.031104907393455505,0.0,-0.031104907393455505,0.0,0.031104907393455505,0,0,-0.0004083795281416512,3.1104907393455505e-05,0.9633797987321403,1.0688885745861028,0.09870886298398107,0.0003962775844347788,-0.0012573858376117614
818,9.31,0.03215077605321518,-1.0,0.0,0.35806962140509324,0.0,0.0,0.0,0.0,0.0,0.0,0.0,0,0,0.0,0.0,0.9633797987321403,1.0688885745861028,0.09870886298398107,0.0,-0.0004771632499596866
819,9.26,-0.005370569280343793,0.5148219466209412,0.05148219466209412,0.35806962140509324,0.05148219466209412,0.05148219466209412,0.0,0.05148219466209412,0.05148219466209412,0.0,0.0,0,0,-0.0,5.148219466209412e-05,0.9633302018258084,1.0688885745861028,0.09875526342974418,4.640044576310898e-05,-0.00155177810818455
820,9.13,-0.014038876889848706,-1.0,0.0,0.35777960755536525,0.0,0.0,0.05148219466209412,0.05148219466209412,-0.0,0.05148219466209412,0.0,0,0,-0.0007227521928803656,0.0,0.962633952809971,1.0688885745861028,0.09940664003942216,0.0006513766096779838,-0.002254907718443669
821,9.11,-0.0021905805038336637,-1.0,0.0,0.35370851718505036,0.0,0.0,0.05148219466209412,0.0,-0.05148219466209412,0.0,0.05148219466209412,0,0,-0.00011277589192135289,5.148219466209412e-05,0.9624758323988021,1.0688885745861028,0.09955456978151912,0.0001479297420969583,-0.0013330932119264935
822,9.03,-0.008781558726673994,-1.0,0.0,0.35278394669912394,0.0,0.0,0.0,0.0,0.0,0.0,0.0,0,0,-0.0,0.0,0.9624758323988021,1.0688885745861028,0.09955456978151912,0.0,-0.0013432680139099597
823,8.57,-0.050941306755260145,-1.0,0.0,0.35278394669912394,0.0,0.0,0.0,0.0,0.0,0.0,0.0,0,0,-0.0,0.0,0.9624758323988021,1.0688885745861028,0.09955456978151912,0.0,-0.001296948855522336
824,8.38,-0.022170361726954434,-1.0,0.0,0.35278394669912394,0.0,0.0,0.0,0.0,0.0,0.0,0.0,0,0,-0.0,0.0,0.9624758323988021,1.0688885745861028,0.09955456978151912,0.0,0.0
825,8.57,0.022673031026252923,-1.0,0.0,0.35278394669912394,0.0,0.0,0.0,0.0,0.0,0.0,0.0,0,0,0.0,0.0,0.9624758323988021,1.0688885745861028,0.09955456978151912,0.0,0.0
826,8.66,0.010501750291715269,-1.0,0.0,0.35278394669912394,0.0,0.0,0.0,0.0,0.0,0.0,0.0,0,0,0.0,0.0,0.9624758323988021,1.0688885745861028,0.09955456978151912,0.0,0.0
827,8.6,-0.00692840646651276,-1.0,0.0,0.35278394669912394,0.0,0.0,0.0,0.0,0.0,0.0,0.0,0,0,-0.0,0.0,0.9624758323988021,1.0688885745861028,0.09955456978151912,0.0,0.0
828,8.65,0.005813953488372176,-1.0,0.0,0.35278394669912394,0.0,0.0,0.0,0.0,0.0,0.0,0.0,0,0,0.0,0.0,0.9624758323988021,1.0688885745861028,0.09955456978151912,0.0,0.0
829,8.68,0.003468208092485475,-1.0,0.0,0.35278394669912394,0.0,0.0,0.0,0.0,0.0,0.0,0.0,0,0,0.0,0.0,0.9624758323988021,1.0688885745861028,0.09955456978151912,0.0,0.0
830,8.75,0.00806451612903229,-1.0,0.0,0.35278394669912394,0.0,0.0,0.0,0.0,0.0,0.0,0.0,0,0,0.0,0.0,0.9624758323988021,1.0688885745861028,0.09955456978151912,0.0,0.0
831,8.96,0.024000000000000098,-1.0,0.0,0.35278394669912394,0.0,0.0,0.0,0.0,0.0,0.0,0.0,0,0,0.0,0.0,0.9624758323988021,1.0688885745861028,0.09955456978151912,0.0,0.0
832,9.17,0.023437499999999896,-1.0,0.0,0.35278394669912394,0.0,0.0,0.0,0.0,0.0,0.0,0.0,0,0,0.0,0.0,0.9624758323988021,1.0688885745861028,0.09955456978151912,0.0,-0.00011053046047280323
833,9.29,0.013086150490730558,0.05753202363848686,0.005753202363848686,0.35278394669912394,0.005753202363848686,0.005753202363848686,0.0,0.005753202363848686,0.005753202363848686,0.0,0.0,0,0,0.0,5.753202363848686e-06,0.962470295080568,1.0688885745861028,0.09955975022629672,5.18044477759716e-06,-0.0005273927599137385
834,9.38,0.009687836383207927,0.8874218463897705,0.09449538700282574,0.35275158323965694,0.09449538700282574,0.09449538700282574,0.005753202363848686,0.09449538700282574,0.08874218463897705,0.005753202363848686,0.0,0,0,5.573608318045115e-05,8.874218463897705e-05,0.9624385276883579,1.0688885745861028,0.09958947024853797,2.972002224124748e-05,-0.0010711668260958477
835,9.37,-0.0010660980810236207,-1.0,0.0,0.3525658309521545,0.0,0.0,0.09449538700282574,0.08874218463897705,-0.005753202363848686,0.08874218463897705,0.005753202363848686,0,0,-0.0001007413507492969,5.753202363848686e-06,0.9623360332274529,1.0688885745861028,0.09968535906552223,9.588881698426033e-05,-0.000929657427586451
836,9.27,-0.01067235859124863,-1.0,0.0,0.3519665248754044,0.0,0.0,0.08874218463897705,0.0,-0.08874218463897705,0.0,0.08874218463897705,0,0,-0.000947088416637959,8.874218463897705e-05,0.9613392161155244,1.0688885745861028,0.10061793252137981,0.0009325734558575799,-0.002387624187515107
837,9.45,0.01941747572815531,-0.2037530243396759,0.0,0.34806896783413915,0.0,0.0,0.0,0.0,0.0,0.0,0.0,0,0,0.0,0.0,0.9613392161155244,1.0688885745861028,0.10061793252137981,0.0,-0.0008755266759579155
838,9.54,0.009523809523809509,1.0,0.1,0.34806896783413915,0.1,0.1,0.0,0.1,0.1,0.0,0.0,0,0,0.0,0.0001,0.9612430821939129,1.0688885745861028,0.10070787072812769,8.993820674788044e-05,-0.0017804914934729387
839,9.5,-0.00419287211740033,-1.0,0.0,0.3477878946811237,0.0,0.0,0.1,0.1,-0.0,0.1,0.0,0,0,-0.000419287211740033,0.0,0.9608400452621754,1.0688885745861028,0.10108493241754984,0.00037706168942215623,-0.001549497266264807
840,9.55,0.005263157894736917,-1.0,0.0,0.34660958535973496,0.0,0.0,0.1,0.0,-0.1,0.0,0.1,0,0,0.0005263157894736917,0.0001,0.9612496665446293,1.0688885745861028,0.10070171073084361,0.0,-0.0012885985260180932
841,9.31,-0.025130890052356043,1.0,0.1,0.34780714977535365,0.1,0.1,0.0,0.1,0.1,0.0,0.0,0,0,-0.0,0.0001,0.9611535415779748,1.0688885745861028,0.10079164055977051,8.992982892690182e-05,-0.001813007185780001
842,9.43,0.012889366272824835,-1.0,0.0,0.34752612318846693,0.0,0.0,0.1,0.1,-0.0,0.1,0.0,0,0,0.0012889366272824836,0.0,0.962392407582157,1.0688885745861028,0.09963261796972933,0.0,0.0005203862174053781
843,9.38,-0.005302226935312719,-1.0,0.0,0.35229611993455257,0.0,0.0,0.1,0.0,-0.1,0.0,0.1,0,0,-0.0005302226935312719,0.0001,0.9617858860468166,1.0688885745861028,0.10020004992640014,0.0005674319566708053,-0.002589608635815483
844,9.48,0.010660980810234503,0.4685760736465454,0.046857607364654545,0.3493748450651843,0.046857607364654545,0.046857607364654545,0.0,0.046857607364654545,0.046857607364654545,0.0,0.0,0,0,0.0,4.6857607364654544e-05,0.9617408190613993,1.0688885745861028,0.10024221239916746,4.2162472767323655e-05,-0.002488881547269055
845,9.45,-0.003164556962025436,-1.0,0.0,0.34924308620394223,0.0,0.0,0.046857607364654545,0.046857607364654545,-0.0,0.046857607364654545,0.0,0,0,-0.0001482835676096719,0.0,0.961598208701633,1.0688885745861028,0.10037563169389749,0.00013341929473002778,-0.0031163401724157718
846,9.3,-0.015873015873015723,-1.0,0.0,0.34882615637035647,0.0,0.0,0.046857607364654545,0.0,-0.046857607364654545,0.0,0.046857607364654545,0,0,-0.0007437715454707,4.6857607364654544e-05,0.9608379411245193,1.0688885745861028,0.10108690094608139,0.0007112692521838992,-0.0036883246207851323
847,9.3,0.0,-1.0,0.0,0.34660343863074256,0.0,0.0,0.0,0.0,0.0,0.0,0.0,0,0,0.0,0.0,0.9608379411245193,1.0688885745861028,0.10108690094608139,0.0,-0.0018889450697640497
848,9.32,0.002150537634408556,-1.0,0.0,0.34660343863074256,0.0,0.0,0.0,0.0,0.0,0.0,0.0,0,0,0.0,0.0,0.9608379411245193,1.0688885745861028,0.10108690094608139,0.0,-0.0019934912514604293
849,9.44,0.01287553648068661,-1.0,0.0,0.34660343863074256,0.0,0.0,0.0,0.0,0.0,0.0,0.0,0,0,0.0,0.0,0.9608379411245193,1.0688885745861028,0.10108690094608139,0.0,-0.0018870403823355855
850,9.51,0.007415254237288166,-0.45782843232154846,0.0,0.34660343863074256,0.0,0.0,0.0,0.0,0.0,0.0,0.0,0,0,0.0,0.0,0.9608379411245193,1.0688885745861028,0.10108690094608139,0.0,-0.0022325728566437
851,9.29,-0.023133543638275567,-0.01710779219865799,0.0,0.34660343863074256,0.0,0.0,0.0,0.0,0.0,0.0,0.0,0,0,-0.0,0.0,0.9608379411245193,1.0688885745861028,0.10108690094608139,0.0,-0.002268453046074962
852,9.23,-0.00645855758880503,-1.0,0.0,0.34660343863074256,0.0,0.0,0.0,0.0,0.0,0.0,0.0,0,0,-0.0,0.0,0.9608379411245193,1.0688885745861028,0.10108690094608139,0.0,-0.0007563280426879757
853,9.36,0.014084507042253412,-1.0,0.0,0.34660343863074256,0.0,0.0,0.0,0.0,0.0,0.0,0.0,0,0,0.0,0.0,0.9608379411245193,1.0688885745861028,0.10108690094608139,0.0,0.0
854,9.25,-0.011752136752136691,-1.0,0.0,0.34660343863074256,0.0,0.0,0.0,0.0,0.0,0.0,0.0,0,0,-0.0,0.0,0.9608379411245193,1.0688885745861028,0.10108690094608139,0.0,-0.0001355886595535355
855,9.22,-0.003243243243243174,-1.0,0.0,0.34660343863074256,0.0,0.0,0.0,0.0,0.0,0.0,0.0,0,0,-0.0,0.0,0.9608379411245193,1.0688885745861028,0.10108690094608139,0.0,0.0
856,8.95,-0.029284164859002315,-1.0,0.0,0.34660343863074256,0.0,0.0,0.0,0.0,0.0,0.0,0.0,0,0,-0.0,0.0,0.9608379411245193,1.0688885745861028,0.10108690094608139,0.0,0.0
857,8.74,-0.023463687150837888,-1.0,0.0,0.34660343863074256,0.0,0.0,0.0,0.0,0.0,0.0,0.0,0,0,-0.0,0.0,0.9608379411245193,1.0688885745861028,0.10108690094608139,0.0,0.0
858,8.82,0.009153318077803212,-1.0,0.0,0.34660343863074256,0.0,0.0,0.0,0.0,0.0,0.0,0.0,0,0,0.0,0.0,0.9608379411245193,1.0688885745861028,0.10108690094608139,0.0,0.0
859,9.12,0.03401360544217675,-1.0,0.0,0.34660343863074256,0.0,0.0,0.0,0.0,0.0,0.0,0.0,0,0,0.0,0.0,0.9608379411245193,1.0688885745861028,0.10108690094608139,0.0,0.0
860,9.04,-0.008771929824561412,-1.0,0.0,0.34660343863074256,0.0,0.0,0.0,0.0,0.0,0.0,0.0,0,0,-0.0,0.0,0.9608379411245193,1.0688885745861028,0.10108690094608139,0.0,0.0
861,9.17,0.014380530973451416,-1.0,0.0,0.34660343863074256,0.0,0.0,0.0,0.0,0.0,0.0,0.0,0,0,0.0,0.0,0.9608379411245193,1.0688885745861028,0.10108690094608139,0.0,0.0
862,9.01,-0.01744820065430754,-1.0,0.0,0.34660343863074256,0.0,0.0,0.0,0.0,0.0,0.0,0.0,0,0,-0.0,0.0,0.9608379411245193,1.0688885745861028,0.10108690094608139,0.0,0.0
863,8.89,-0.013318534961154187,-1.0,0.0,0.34660343863074256,0.0,0.0,0.0,0.0,0.0,0.0,0.0,0,0,-0.0,0.0,0.9608379411245193,1.0688885745861028,0.10108690094608139,0.0,0.0
864,8.71,-0.02024746906636667,-1.0,0.0,0.34660343863074256,0.0,0.0,0.0,0.0,0.0,0.0,0.0,0,0,-0.0,0.0,0.9608379411245193,1.0688885745861028,0.10108690094608139,0.0,0.0
865,8.65,-0.006888633754305452,-1.0,0.0,0.34660343863074256,0.0,0.0,0.0,0.0,0.0,0.0,0.0,0,0,-0.0,0.0,0.9608379411245193,1.0688885745861028,0.10108690094608139,0.0,0.0
866,8.53,-0.013872832369942311,-1.0,0.0,0.34660343863074256,0.0,0.0,0.0,0.0,0.0,0.0,0.0,0,0,-0.0,0.0,0.9608379411245193,1.0688885745861028,0.10108690094608139,0.0,0.0
867,8.51,-0.002344665885111322,-1.0,0.0,0.34660343863074256,0.0,0.0,0.0,0.0,0.0,0.0,0.0,0,0,-0.0,0.0,0.9608379411245193,1.0688885745861028,0.10108690094608139,0.0,0.0
868,8.56,0.005875440658049437,-1.0,0.0,0.34660343863074256,0.0,0.0,0.0,0.0,0.0,0.0,0.0,0,0,0.0,0.0,0.9608379411245193,1.0688885745861028,0.10108690094608139,0.0,0.0
869,8.69,0.015186915887850351,-1.0,0.0,0.34660343863074256,0.0,0.0,0.0,0.0,0.0,0.0,0.0,0,0,0.0,0.0,0.9608379411245193,1.0688885745861028,0.10108690094608139,0.0,0.0
870,8.75,0.006904487917146203,-1.0,0.0,0.34660343863074256,0.0,0.0,0.0,0.0,0.0,0.0,0.0,0,0,0.0,0.0,0.9608379411245193,1.0688885745861028,0.10108690094608139,0.0,0.0
871,8.81,0.006857142857142914,-1.0,0.0,0.34660343863074256,0.0,0.0,0.0,0.0,0.0,0.0,0.0,0,0,0.0,0.0,0.9608379411245193,1.0688885745861028,0.10108690094608139,0.0,0.0
872,8.73,-0.0090805902383655,-1.0,0.0,0.34660343863074256,0.0,0.0,0.0,0.0,0.0,0.0,0.0,0,0,-0.0,0.0,0.9608379411245193,1.0688885745861028,0.10108690094608139,0.0,0.0
873,8.66,-0.008018327605956504,-1.0,0.0,0.34660343863074256,0.0,0.0,0.0,0.0,0.0,0.0,0.0,0,0,-0.0,0.0,0.9608379411245193,1.0688885745861028,0.10108690094608139,0.0,0.0
874,8.64,-0.002309468822170851,-1.0,0.0,0.34660343863074256,0.0,0.0,0.0,0.0,0.0,0.0,0.0,0,0,-0.0,0.0,0.9608379411245193,1.0688885745861028,0.10108690094608139,0.0,0.0
875,8.67,0.003472222222222148,-1.0,0.0,0.34660343863074256,0.0,0.0,0.0,0.0,0.0,0.0,0.0,0,0,0.0,0.0,0.9608379411245193,1.0688885745861028,0.10108690094608139,0.0,0.0
876,8.65,-0.0023068050749711156,-1.0,0.0,0.34660343863074256,0.0,0.0,0.0,0.0,0.0,0.0,0.0,0,0,-0.0,0.0,0.9608379411245193,1.0688885745861028,0.10108690094608139,0.0,0.0
877,8.69,0.0046242774566473,-1.0,0.0,0.34660343863074256,0.0,0.0,0.0,0.0,0.0,0.0,0.0,0,0,0.0,0.0,0.9608379411245193,1.0688885745861028,0.10108690094608139,0.0,0.0
878,8.8,0.012658227848101406,-1.0,0.0,0.34660343863074256,0.0,0.0,0.0,0.0,0.0,0.0,0.0,0,0,0.0,0.0,0.9608379411245193,1.0688885745861028,0.10108690094608139,0.0,0.0
879,8.67,-0.014772727272727361,-1.0,0.0,0.34660343863074256,0.0,0.0,0.0,0.0,0.0,0.0,0.0,0,0,-0.0,0.0,0.9608379411245193,1.0688885745861028,0.10108690094608139,0.0,-4.9256654920762456e-06
880,8.74,0.00807381776239911,-1.0,0.0,0.34660343863074256,0.0,0.0,0.0,0.0,0.0,0.0,0.0,0,0,0.0,0.0,0.9608379411245193,1.0688885745861028,0.10108690094608139,0.0,0.0
881,8.6,-0.01601830663615567,-1.0,0.0,0.34660343863074256,0.0,0.0,0.0,0.0,0.0,0.0,0.0,0,0,-0.0,0.0,0.9608379411245193,1.0688885745861028,0.10108690094608139,0.0,0.0
882,8.6,0.0,-1.0,0.0,0.34660343863074256,0.0,0.0,0.0,0.0,0.0,0.0,0.0,0,0,0.0,0.0,0.9608379411245193,1.0688885745861028,0.10108690094608139,0.0,0.0
883,8.57,-0.0034883720930231816,-1.0,0.0,0.34660343863074256,0.0,0.0,0.0,0.0,0.0,0.0,0.0,0,0,-0.0,0.0,0.9608379411245193,1.0688885745861028,0.10108690094608139,0.0,0.0
884,8.57,0.0,-1.0,0.0,0.34660343863074256,0.0,0.0,0.0,0.0,0.0,0.0,0.0,0,0,0.0,0.0,0.9608379411245193,1.0688885745861028,0.10108690094608139,0.0,0.0
885,8.61,0.004667444574095583,-1.0,0.0,0.34660343863074256,0.0,0.0,0.0,0.0,0.0,0.0,0.0,0,0,0.0,0.0,0.9608379411245193,1.0688885745861028,0.10108690094608139,0.0,0.0
886,8.6,-0.001161440185830405,-1.0,0.0,0.34660343863074256,0.0,0.0,0.0,0.0,0.0,0.0,0.0,0,0,-0.0,0.0,0.9608379411245193,1.0688885745861028,0.10108690094608139,0.0,0.0
887,8.54,-0.00697674418604657,-1.0,0.0,0.34660343863074256,0.0,0.0,0.0,0.0,0.0,0.0,0.0,0,0,-0.0,0.0,0.9608379411245193,1.0688885745861028,0.10108690094608139,0.0,-0.00010801287130284823
888,8.22,-0.037470725995315986,-1.0,0.0,0.34660343863074256,0.0,0.0,0.0,0.0,0.0,0.0,0.0,0,0,-0.0,0.0,0.9608379411245193,1.0688885745861028,0.10108690094608139,0.0,0.0
889,8.0,-0.026763990267639978,-1.0,0.0,0.34660343863074256,0.0,0.0,0.0,0.0,0.0,0.0,0.0,0,0,-0.0,0.0,0.9608379411245193,1.0688885745861028,0.10108690094608139,0.0,0.0
890,7.8,-0.025000000000000022,-1.0,0.0,0.34660343863074256,0.0,0.0,0.0,0.0,0.0,0.0,0.0,0,0,-0.0,0.0,0.9608379411245193,1.0688885745861028,0.10108690094608139,0.0,0.0
891,7.75,-0.0064102564102563875,-1.0,0.0,0.34660343863074256,0.0,0.0,0.0,0.0,0.0,0.0,0.0,0,0,-0.0,0.0,0.9608379411245193,1.0688885745861028,0.10108690094608139,0.0,0.0
892,7.68,-0.009032258064516166,-1.0,0.0,0.34660343863074256,0.0,0.0,0.0,0.0,0.0,0.0,0.0,0,0,-0.0,0.0,0.9608379411245193,1.0688885745861028,0.10108690094608139,0.0,0.0
893,7.58,-0.013020833333333287,-1.0,0.0,0.34660343863074256,0.0,0.0,0.0,0.0,0.0,0.0,0.0,0,0,-0.0,0.0,0.9608379411245193,1.0688885745861028,0.10108690094608139,0.0,0.0
894,7.15,-0.056728232189973575,-1.0,0.0,0.34660343863074256,0.0,0.0,0.0,0.0,0.0,0.0,0.0,0,0,-0.0,0.0,0.9608379411245193,1.0688885745861028,0.10108690094608139,0.0,0.0
895,7.29,0.019580419580419534,-1.0,0.0,0.34660343863074256,0.0,0.0,0.0,0.0,0.0,0.0,0.0,0,0,0.0,0.0,0.9608379411245193,1.0688885745861028,0.10108690094608139,0.0,0.0
896,7.51,0.030178326474622735,-1.0,0.0,0.34660343863074256,0.0,0.0,0.0,0.0,0.0,0.0,0.0,0,0,0.0,0.0,0.9608379411245193,1.0688885745861028,0.10108690094608139,0.0,0.0
897,7.6,0.011984021304926746,-1.0,0.0,0.34660343863074256,0.0,0.0,0.0,0.0,0.0,0.0,0.0,0,0,0.0,0.0,0.9608379411245193,1.0688885745861028,0.10108690094608139,0.0,0.0
898,7.5,-0.01315789473684206,-1.0,0.0,0.34660343863074256,0.0,0.0,0.0,0.0,0.0,0.0,0.0,0,0,-0.0,0.0,0.9608379411245193,1.0688885745861028,0.10108690094608139,0.0,0.0
899,7.59,0.011999999999999981,-1.0,0.0,0.34660343863074256,0.0,0.0,0.0,0.0,0.0,0.0,0.0,0,0,0.0,0.0,0.9608379411245193,1.0688885745861028,0.10108690094608139,0.0,0.0
900,7.79,0.026350461133069852,-1.0,0.0,0.34660343863074256,0.0,0.0,0.0,0.0,0.0,0.0,0.0,0,0,0.0,0.0,0.9608379411245193,1.0688885745861028,0.10108690094608139,0.0,0.0
901,7.79,0.0,-1.0,0.0,0.34660343863074256,0.0,0.0,0.0,0.0,0.0,0.0,0.0,0,0,0.0,0.0,0.9608379411245193,1.0688885745861028,0.10108690094608139,0.0,0.0
902,7.62,-0.021822849807445435,-1.0,0.0,0.34660343863074256,0.0,0.0,0.0,0.0,0.0,0.0,0.0,0,0,-0.0,0.0,0.9608379411245193,1.0688885745861028,0.10108690094608139,0.0,0.0
903,7.64,0.0026246719160104427,-1.0,0.0,0.34660343863074256,0.0,0.0,0.0,0.0,0.0,0.0,0.0,0,0,0.0,0.0,0.9608379411245193,1.0688885745861028,0.10108690094608139,0.0,0.0
904,7.48,-0.020942408376963255,-1.0,0.0,0.34660343863074256,0.0,0.0,0.0,0.0,0.0,0.0,0.0,0,0,-0.0,0.0,0.9608379411245193,1.0688885745861028,0.10108690094608139,0.0,0.0
905,7.6,0.016042780748662996,-1.0,0.0,0.34660343863074256,0.0,0.0,0.0,0.0,0.0,0.0,0.0,0,0,0.0,0.0,0.9608379411245193,1.0688885745861028,0.10108690094608139,0.0,0.0
906,7.55,-0.00657894736842103,-1.0,0.0,0.34660343863074256,0.0,0.0,0.0,0.0,0.0,0.0,0.0,0,0,-0.0,0.0,0.9608379411245193,1.0688885745861028,0.10108690094608139,0.0,0.0
907,7.58,0.003973509933774867,-1.0,0.0,0.34660343863074256,0.0,0.0,0.0,0.0,0.0,0.0,0.0,0,0,0.0,0.0,0.9608379411245193,1.0688885745861028,0.10108690094608139,0.0,0.0
908,7.6,0.0026385224274405768,-1.0,0.0,0.34660343863074256,0.0,0.0,0.0,0.0,0.0,0.0,0.0,0,0,0.0,0.0,0.9608379411245193,1.0688885745861028,0.10108690094608139,0.0,0.0
909,7.46,-0.018421052631578907,-1.0,0.0,0.34660343863074256,0.0,0.0,0.0,0.0,0.0,0.0,0.0,0,0,-0.0,0.0,0.9608379411245193,1.0688885745861028,0.10108690094608139,0.0,0.0
910,7.55,0.012064343163538854,-1.0,0.0,0.34660343863074256,0.0,0.0,0.0,0.0,0.0,0.0,0.0,0,0,0.0,0.0,0.9608379411245193,1.0688885745861028,0.10108690094608139,0.0,0.0
911,7.33,-0.029139072847682086,-1.0,0.0,0.34660343863074256,0.0,0.0,0.0,0.0,0.0,0.0,0.0,0,0,-0.0,0.0,0.9608379411245193,1.0688885745861028,0.10108690094608139,0.0,0.0
912,7.44,0.015006821282401136,-1.0,0.0,0.34660343863074256,0.0,0.0,0.0,0.0,0.0,0.0,0.0,0,0,0.0,0.0,0.9608379411245193,1.0688885745861028,0.10108690094608139,0.0,0.0
913,7.4,-0.00537634408602151,-1.0,0.0,0.34660343863074256,0.0,0.0,0.0,0.0,0.0,0.0,0.0,0,0,-0.0,0.0,0.9608379411245193,1.0688885745861028,0.10108690094608139,0.0,0.0
914,7.5,0.013513513513513466,-1.0,0.0,0.34660343863074256,0.0,0.0,0.0,0.0,0.0,0.0,0.0,0,0,0.0,0.0,0.9608379411245193,1.0688885745861028,0.10108690094608139,0.0,0.0
915,7.44,-0.007999999999999948,-1.0,0.0,0.34660343863074256,0.0,0.0,0.0,0.0,0.0,0.0,0.0,0,0,-0.0,0.0,0.9608379411245193,1.0688885745861028,0.10108690094608139,0.0,-0.001118364141059445
916,7.38,-0.008064516129032324,-1.0,0.0,0.34660343863074256,0.0,0.0,0.0,0.0,0.0,0.0,0.0,0,0,-0.0,0.0,0.9608379411245193,1.0688885745861028,0.10108690094608139,0.0,-0.0002971238559229699
917,7.29,-0.012195121951219494,-1.0,0.0,0.34660343863074256,0.0,0.0,0.0,0.0,0.0,0.0,0.0,0,0,-0.0,0.0,0.9608379411245193,1.0688885745861028,0.10108690094608139,0.0,0.0
918,7.25,-0.005486968449931418,-1.0,0.0,0.34660343863074256,0.0,0.0,0.0,0.0,0.0,0.0,0.0,0,0,-0.0,0.0,0.9608379411245193,1.0688885745861028,0.10108690094608139,0.0,0.0
919,7.18,-0.009655172413793142,-1.0,0.0,0.34660343863074256,0.0,0.0,0.0,0.0,0.0,0.0,0.0,0,0,-0.0,0.0,0.9608379411245193,1.0688885745861028,0.10108690094608139,0.0,0.0
920,7.12,-0.008356545961002732,-1.0,0.0,0.34660343863074256,0.0,0.0,0.0,0.0,0.0,0.0,0.0,0,0,-0.0,0.0,0.9608379411245193,1.0688885745861028,0.10108690094608139,0.0,0.0
921,6.51,-0.08567415730337083,-1.0,0.0,0.34660343863074256,0.0,0.0,0.0,0.0,0.0,0.0,0.0,0,0,-0.0,0.0,0.9608379411245193,1.0688885745861028,0.10108690094608139,0.0,0.0
922,6.59,0.012288786482334882,-1.0,0.0,0.34660343863074256,0.0,0.0,0.0,0.0,0.0,0.0,0.0,0,0,0.0,0.0,0.9608379411245193,1.0688885745861028,0.10108690094608139,0.0,0.0
923,6.77,0.027314112291350487,-1.0,0.0,0.34660343863074256,0.0,0.0,0.0,0.0,0.0,0.0,0.0,0,0,0.0,0.0,0.9608379411245193,1.0688885745861028,0.10108690094608139,0.0,0.0
924,6.82,0.007385524372230534,-1.0,0.0,0.34660343863074256,0.0,0.0,0.0,0.0,0.0,0.0,0.0,0,0,0.0,0.0,0.9608379411245193,1.0688885745861028,0.10108690094608139,0.0,0.0
925,6.92,0.014662756598240416,-1.0,0.0,0.34660343863074256,0.0,0.0,0.0,0.0,0.0,0.0,0.0,0,0,0.0,0.0,0.9608379411245193,1.0688885745861028,0.10108690094608139,0.0,0.0
926,7.0,0.011560693641618507,-1.0,0.0,0.34660343863074256,0.0,0.0,0.0,0.0,0.0,0.0,0.0,0,0,0.0,0.0,0.9608379411245193,1.0688885745861028,0.10108690094608139,0.0,0.0
927,6.59,-0.058571428571428594,-1.0,0.0,0.34660343863074256,0.0,0.0,0.0,0.0,0.0,0.0,0.0,0,0,-0.0,0.0,0.9608379411245193,1.0688885745861028,0.10108690094608139,0.0,0.0
928,6.61,0.003034901365705685,-1.0,0.0,0.34660343863074256,0.0,0.0,0.0,0.0,0.0,0.0,0.0,0,0,0.0,0.0,0.9608379411245193,1.0688885745861028,0.10108690094608139,0.0,0.0
929,6.74,0.019667170953101346,-1.0,0.0,0.34660343863074256,0.0,0.0,0.0,0.0,0.0,0.0,0.0,0,0,0.0,0.0,0.9608379411245193,1.0688885745861028,0.10108690094608139,0.0,0.0
930,6.79,0.007418397626112733,-1.0,0.0,0.34660343863074256,0.0,0.0,0.0,0.0,0.0,0.0,0.0,0,0,0.0,0.0,0.9608379411245193,1.0688885745861028,0.10108690094608139,0.0,0.0
931,6.78,-0.0014727540500736062,-1.0,0.0,0.34660343863074256,0.0,0.0,0.0,0.0,0.0,0.0,0.0,0,0,-0.0,0.0,0.9608379411245193,1.0688885745861028,0.10108690094608139,0.0,0.0
932,6.78,0.0,-1.0,0.0,0.34660343863074256,0.0,0.0,0.0,0.0,0.0,0.0,0.0,0,0,0.0,0.0,0.9608379411245193,1.0688885745861028,0.10108690094608139,0.0,0.0
933,6.7,-0.011799410029498535,-1.0,0.0,0.34660343863074256,0.0,0.0,0.0,0.0,0.0,0.0,0.0,0,0,-0.0,0.0,0.9608379411245193,1.0688885745861028,0.10108690094608139,0.0,0.0
934,6.79,0.013432835820895501,-1.0,0.0,0.34660343863074256,0.0,0.0,0.0,0.0,0.0,0.0,0.0,0,0,0.0,0.0,0.9608379411245193,1.0688885745861028,0.10108690094608139,0.0,0.0
935,6.82,0.0044182621502209495,-1.0,0.0,0.34660343863074256,0.0,0.0,0.0,0.0,0.0,0.0,0.0,0,0,0.0,0.0,0.9608379411245193,1.0688885745861028,0.10108690094608139,0.0,0.0
936,6.75,-0.01026392961876837,-1.0,0.0,0.34660343863074256,0.0,0.0,0.0,0.0,0.0,0.0,0.0,0,0,-0.0,0.0,0.9608379411245193,1.0688885745861028,0.10108690094608139,0.0,0.0
937,6.86,0.016296296296296343,-1.0,0.0,0.34660343863074256,0.0,0.0,0.0,0.0,0.0,0.0,0.0,0,0,0.0,0.0,0.9608379411245193,1.0688885745861028,0.10108690094608139,0.0,0.0
938,6.83,-0.004373177842565633,-1.0,0.0,0.34660343863074256,0.0,0.0,0.0,0.0,0.0,0.0,0.0,0,0,-0.0,0.0,0.9608379411245193,1.0688885745861028,0.10108690094608139,0.0,0.0
939,6.5,-0.04831625183016106,-1.0,0.0,0.34660343863074256,0.0,0.0,0.0,0.0,0.0,0.0,0.0,0,0,-0.0,0.0,0.9608379411245193,1.0688885745861028,0.10108690094608139,0.0,0.0
940,6.54,0.006153846153846159,-1.0,0.0,0.34660343863074256,0.0,0.0,0.0,0.0,0.0,0.0,0.0,0,0,0.0,0.0,0.9608379411245193,1.0688885745861028,0.10108690094608139,0.0,0.0
941,6.62,0.012232415902140683,-1.0,0.0,0.34660343863074256,0.0,0.0,0.0,0.0,0.0,0.0,0.0,0,0,0.0,0.0,0.9608379411245193,1.0688885745861028,0.10108690094608139,0.0,0.0
942,6.64,0.003021148036253712,-1.0,0.0,0.34660343863074256,0.0,0.0,0.0,0.0,0.0,0.0,0.0,0,0,0.0,0.0,0.9608379411245193,1.0688885745861028,0.10108690094608139,0.0,-0.00015461620528695638
943,6.57,-0.010542168674698704,-1.0,0.0,0.34660343863074256,0.0,0.0,0.0,0.0,0.0,0.0,0.0,0,0,-0.0,0.0,0.9608379411245193,1.0688885745861028,0.10108690094608139,0.0,0.0
944,6.81,0.0365296803652967,-1.0,0.0,0.34660343863074256,0.0,0.0,0.0,0.0,0.0,0.0,0.0,0,0,0.0,0.0,0.9608379411245193,1.0688885745861028,0.10108690094608139,0.0,0.0
945,6.77,-0.005873715124816452,-1.0,0.0,0.34660343863074256,0.0,0.0,0.0,0.0,0.0,0.0,0.0,0,0,-0.0,0.0,0.9608379411245193,1.0688885745861028,0.10108690094608139,0.0,-0.0001370705970933248
946,6.8,0.004431314623338294,-1.0,0.0,0.34660343863074256,0.0,0.0,0.0,0.0,0.0,0.0,0.0,0,0,0.0,0.0,0.9608379411245193,1.0688885745861028,0.10108690094608139,0.0,0.0
947,6.83,0.004411764705882389,-1.0,0.0,0.34660343863074256,0.0,0.0,0.0,0.0,0.0,0.0,0.0,0,0,0.0,0.0,0.9608379411245193,1.0688885745861028,0.10108690094608139,0.0,0.0
948,6.83,0.0,-0.8093700408935547,0.0,0.34660343863074256,0.0,0.0,0.0,0.0,0.0,0.0,0.0,0,0,0.0,0.0,0.9608379411245193,1.0688885745861028,0.10108690094608139,0.0,-0.0011311786952505802
949,6.82,-0.0014641288433381826,-0.7119472026824951,0.0,0.34660343863074256,0.0,0.0,0.0,0.0,0.0,0.0,0.0,0,0,-0.0,0.0,0.9608379411245193,1.0688885745861028,0.10108690094608139,0.0,-0.0010302962556343106
950,6.73,-0.0131964809384164,-1.0,0.0,0.34660343863074256,0.0,0.0,0.0,0.0,0.0,0.0,0.0,0,0,-0.0,0.0,0.9608379411245193,1.0688885745861028,0.10108690094608139,0.0,-0.00047098139272166214
951,7.0,0.04011887072808314,-1.0,0.0,0.34660343863074256,0.0,0.0,0.0,0.0,0.0,0.0,0.0,0,0,0.0,0.0,0.9608379411245193,1.0688885745861028,0.10108690094608139,0.0,0.0
952,6.79,-0.029999999999999995,0.4929158091545105,0.04929158091545105,0.34660343863074256,0.04929158091545105,0.04929158091545105,0.0,0.04929158091545105,0.04929158091545105,0.0,0.0,0,0,-0.0,4.929158091545105e-05,0.9607905799033977,1.0688885745861028,0.10113120979383938,4.4308847757995595e-05,-0.0013612375992510196
953,6.78,-0.0014727540500736062,-1.0,0.0,0.3464649742469633,0.0,0.0,0.04929158091545105,0.04929158091545105,-0.0,0.04929158091545105,0.0,0,0,-7.25943754277614e-05,0.0,0.9607208319113327,1.0688885745861028,0.10119646261225589,6.525281841650299e-05,-0.00021078358657777748
954,7.04,0.03834808259587017,-1.0,0.0,0.3462610611692538,0.0,0.0,0.04929158091545105,0.0,-0.04929158091545105,0.0,0.04929158091545105,0,0,0.0018902376162267347,4.929158091545105e-05,0.9624894671178809,1.0688885745861028,0.09954181380357816,0.0,0.0013618227740416792
955,6.98,-0.008522727272727217,0.8761196136474609,0.0876119613647461,0.3528636679115091,0.0876119613647461,0.0876119613647461,0.0,0.0876119613647461,0.0876119613647461,0.0,0.0,0,0,-0.0,8.76119613647461e-05,0.9624051415278737,1.0688885745861028,0.0996207047113978,7.889090781965091e-05,-0.0014795517819127463
956,7.09,0.015759312320916822,-1.0,0.0,0.35237057917439124,0.0,0.0,0.0876119613647461,0.0876119613647461,-0.0,0.0876119613647461,0.0,0,0,0.0013807042621951317,0.0,0.9637339384087398,1.0688885745861028,0.09837754718080056,0.0,0.0005586514792187725
957,7.09,0.0,-1.0,0.0,0.36014032401744156,0.0,0.0,0.0876119613647461,0.0,-0.0876119613647461,0.0,0.0876119613647461,0,0,0.0,8.76119613647461e-05,0.963649503788162,1.0688885745861028,0.09845654009230251,7.899291150194332e-05,-0.002195420660548225
958,7.12,0.00423131170662909,1.0,0.1,0.3596466299206502,0.1,0.1,0.0,0.1,0.1,0.0,0.0,0,0,0.0,0.0001,0.9635531388377833,1.0688885745861028,0.09854669443829325,9.015434599074501e-05,-0.0014379158008231787
959,6.95,-0.02387640449438201,-1.0,0.0,0.35908317976302195,0.0,0.0,0.1,0.1,-0.0,0.1,0.0,0,0,-0.0023876404494382014,0.0,0.9612525203883111,1.0688885745861028,0.10069904081393209,0.002152346375638839,-0.00364888447504928
960,7.07,0.017266187050359726,-1.0,0.0,0.3478155083954607,0.0,0.0,0.1,0.0,-0.1,0.0,0.1,0,0,0.0017266187050359726,0.0001,0.9628161117182378,1.0688885745861028,0.09923622105226317,0.0,-0.0005292233272169019
961,7.15,0.011315417256011324,0.8826853036880493,0.08826853036880494,0.3547736242474827,0.08826853036880494,0.08826853036880494,0.0,0.08826853036880494,0.08826853036880494,0.0,0.0,0,0,0.0,8.826853036880495e-05,0.962731125355041,1.0688885745861028,0.09931573014724032,7.950909497715652e-05,-0.0021055488303313007
962,7.17,0.0027972027972027374,-1.0,0.0,0.3542766705216803,0.0,0.0,0.08826853036880494,0.08826853036880494,-0.0,0.08826853036880494,0.0,0,0,0.00024690498005259593,0.0,0.9629688284643428,1.0688885745861028,0.09909334671555861,0.0,-0.0016178237228994378
963,7.3,0.018131101813110166,-1.0,0.0,0.3556665763320017,0.0,0.0,0.08826853036880494,0.0,-0.08826853036880494,0.0,0.08826853036880494,0,0,0.001600405711010409,8.826853036880495e-05,0.9644249694336627,1.0688885745861028,0.09773105226883974,0.0,-0.0011453173397493988
964,7.24,-0.008219178082191728,1.0,0.1,0.3641809135734385,0.1,0.1,0.0,0.1,0.1,0.0,0.0,0,0,-0.0,0.0001,0.9643285269367193,1.0688885745861028,0.0978212791636129,9.022689477315715e-05,-0.0026978407536489366
965,7.24,0.0,-1.0,0.0,0.36361699775452294,0.0,0.0,0.1,0.1,-0.0,0.1,0.0,0,0,0.0,0.0,0.9643285269367193,1.0688885745861028,0.0978212791636129,0.0,-0.0015290375659238566
966,7.18,-0.008287292817679627,-1.0,0.0,0.36361699775452294,0.0,0.0,0.1,0.0,-0.1,0.0,0.1,0,0,-0.0008287292817679627,0.0001,0.963432926796509,1.0688885745861028,0.0986591589590416,0.0008378797954287087,-0.003358109279292514
967,7.16,-0.0027855153203342024,-0.5496492385864258,0.0,0.35838026404984846,0.0,0.0,0.0,0.0,0.0,0.0,0.0,0,0,-0.0,0.0,0.963432926796509,1.0688885745861028,0.0986591589590416,0.0,-0.0017031513877045457
968,7.09,-0.009776536312849202,-1.0,0.0,0.35838026404984846,0.0,0.0,0.0,0.0,0.0,0.0,0.0,0,0,-0.0,0.0,0.963432926796509,1.0688885745861028,0.0986591589590416,0.0,-0.0014479708512262768
969,7.01,-0.011283497884344157,-1.0,0.0,0.35838026404984846,0.0,0.0,0.0,0.0,0.0,0.0,0.0,0,0,-0.0,0.0,0.963432926796509,1.0688885745861028,0.0986591589590416,0.0,-0.0010265230769649478
970,6.99,-0.0028530670470755456,-1.0,0.0,0.35838026404984846,0.0,0.0,0.0,0.0,0.0,0.0,0.0,0,0,-0.0,0.0,0.963432926796509,1.0688885745861028,0.0986591589590416,0.0,-0.0005879035622861693
971,7.14,0.021459227467811082,-1.0,0.0,0.35838026404984846,0.0,0.0,0.0,0.0,0.0,0.0,0.0,0,0,0.0,0.0,0.963432926796509,1.0688885745861028,0.0986591589590416,0.0,-0.0007801335187152288
972,7.04,-0.014005602240896309,-1.0,0.0,0.35838026404984846,0.0,0.0,0.0,0.0,0.0,0.0,0.0,0,0,-0.0,0.0,0.963432926796509,1.0688885745861028,0.0986591589590416,0.0,-0.0006275667174682425
973,7.03,-0.0014204545454545151,-1.0,0.0,0.35838026404984846,0.0,0.0,0.0,0.0,0.0,0.0,0.0,0,0,-0.0,0.0,0.963432926796509,1.0688885745861028,0.0986591589590416,0.0,-0.0008012958563445959
974,7.04,0.0014224751066856027,-1.0,0.0,0.35838026404984846,0.0,0.0,0.0,0.0,0.0,0.0,0.0,0,0,0.0,0.0,0.963432926796509,1.0688885745861028,0.0986591589590416,0.0,-0.000755325318981168
975,6.95,-0.012784090909090889,-1.0,0.0,0.35838026404984846,0.0,0.0,0.0,0.0,0.0,0.0,0.0,0,0,-0.0,0.0,0.963432926796509,1.0688885745861028,0.0986591589590416,0.0,0.0
976,6.75,-0.028776978417266213,-1.0,0.0,0.35838026404984846,0.0,0.0,0.0,0.0,0.0,0.0,0.0,0,0,-0.0,0.0,0.963432926796509,1.0688885745861028,0.0986591589590416,0.0,0.0
977,7.07,0.04740740740740745,-1.0,0.0,0.35838026404984846,0.0,0.0,0.0,0.0,0.0,0.0,0.0,0,0,0.0,0.0,0.963432926796509,1.0688885745861028,0.0986591589590416,0.0,0.0
978,7.2,0.01838755304101837,-1.0,0.0,0.35838026404984846,0.0,0.0,0.0,0.0,0.0,0.0,0.0,0,0,0.0,0.0,0.963432926796509,1.0688885745861028,0.0986591589590416,0.0,0.0
979,7.34,0.0194444444444444,-1.0,0.0,0.35838026404984846,0.0,0.0,0.0,0.0,0.0,0.0,0.0,0,0,0.0,0.0,0.963432926796509,1.0688885745861028,0.0986591589590416,0.0,-0.0005163742961501424
980,7.47,0.017711171662125328,1.0,0.1,0.35838026404984846,0.1,0.1,0.0,0.1,0.1,0.0,0.0,0,0,0.0,0.0001,0.9633365835038294,1.0688885745861028,0.09874929304314566,9.013408410404877e-05,-0.0017146532028288366
981,7.4,-0.009370816599732181,-1.0,0.0,0.35781690702447766,0.0,0.0,0.1,0.1,-0.0,0.1,0.0,0,0,-0.0009370816599732182,0.0,0.9624338584590467,1.0688885745861028,0.09959383855167285,0.0008445455085271947,-0.002467926152119944
982,7.35,-0.0067567567567568525,-1.0,0.0,0.3525384966345902,0.0,0.0,0.1,0.0,-0.1,0.0,0.1,0,0,-0.0006756756756756853,0.0001,0.9616873219255934,1.0688885745861028,0.1002922617093368,0.0006984231576639549,-0.0024339837013819853
983,7.4,0.006802721088435471,-0.13955171406269073,0.0,0.3490866705775375,0.0,0.0,0.0,0.0,0.0,0.0,0.0,0,0,0.0,0.0,0.9616873219255934,1.0688885745861028,0.1002922617093368,0.0,-0.001044008553629774
984,7.34,-0.008108108108108174,-0.36664366722106934,0.0,0.3490866705775375,0.0,0.0,0.0,0.0,0.0,0.0,0.0,0,0,-0.0,0.0,0.9616873219255934,1.0688885745861028,0.1002922617093368,0.0,-0.0008548317905422272
985,7.51,0.023160762942779283,-1.0,0.0,0.3490866705775375,0.0,0.0,0.0,0.0,0.0,0.0,0.0,0,0,0.0,0.0,0.9616873219255934,1.0688885745861028,0.1002922617093368,0.0,-0.0007222053587599816
986,7.45,-0.007989347536617791,0.47897040843963623,0.04789704084396362,0.3490866705775375,0.04789704084396362,0.04789704084396362,0.0,0.04789704084396362,0.04789704084396362,0.0,0.0,0,0,-0.0,4.789704084396363e-05,0.961641259948656,1.0688885745861028,0.10033535504762531,4.309333828850237e-05,-0.0015864815596510697
987,7.46,0.0013422818791946022,-1.0,0.0,0.34895202461631414,0.0,0.0,0.04789704084396362,0.04789704084396362,-0.0,0.04789704084396362,0.0,0,0,6.429132999189611e-05,0.0,0.9617030851442333,1.0688885745861028,0.10027751441105452,0.0,-0.0012305655354537773
988,7.31,-0.02010723860589817,-1.0,0.0,0.3491327710449804,0.0,0.0,0.04789704084396362,0.0,-0.04789704084396362,0.0,0.04789704084396362,0,0,-0.0009630772287660269,4.789704084396363e-05,0.960730828070148,1.0688885745861028,0.10118711069377447,0.0009095962827199433,-0.002699500713158694
989,7.12,-0.02599179206566341,-1.0,0.0,0.34629028141503204,0.0,0.0,0.0,0.0,0.0,0.0,0.0,0,0,-0.0,0.0,0.960730828070148,1.0688885745861028,0.10118711069377447,0.0,-0.0009722374376015124
990,7.29,0.02387640449438201,-1.0,0.0,0.34629028141503204,0.0,0.0,0.0,0.0,0.0,0.0,0.0,0,0,0.0,0.0,0.960730828070148,1.0688885745861028,0.10118711069377447,0.0,-0.00018794875904073886
991,7.49,0.027434842249657088,-1.0,0.0,0.34629028141503204,0.0,0.0,0.0,0.0,0.0,0.0,0.0,0,0,0.0,0.0,0.960730828070148,1.0688885745861028,0.10118711069377447,0.0,-0.0011749754814683144
992,7.52,0.004005340453938499,0.01862436905503273,0.0018624369055032731,0.34629028141503204,0.0018624369055032731,0.0018624369055032731,0.0,0.0018624369055032731,0.0018624369055032731,0.0,0.0,0,0,0.0,1.8624369055032732e-06,0.9607290387695976,1.0688885745861028,0.10118878467607059,1.67398229612703e-06,-0.00169355913876869
993,7.59,0.00930851063829791,0.4306075870990753,0.044923195615410805,0.3462850427255499,0.044923195615410805,0.044923195615410805,0.0018624369055032731,0.044923195615410805,0.04306075870990753,0.0018624369055032731,0.0,0,0,1.7336513748035858e-05,4.3060758709907533e-05,0.9607043247404624,1.0688885745861028,0.10121190591594795,2.3121239877355038e-05,-0.0020182748241940685
994,7.47,-0.01581027667984191,-1.0,0.0,0.346212795376825,0.0,0.0,0.044923195615410805,0.04306075870990753,-0.0018624369055032716,0.04306075870990753,0.0018624369055032716,0,0,-0.0007102481520223058,1.8624369055032717e-06,0.960020197017986,1.0688885745861028,0.10185194243494741,0.000640036518999465,-0.0029035680037083713
995,7.71,0.03212851405622493,-1.0,0.0,0.3442126870156058,0.0,0.0,0.04306075870990753,0.0,-0.04306075870990753,0.0,0.04306075870990753,0,0,0.0013834781914829743,4.3060758709907533e-05,0.9613070248258833,1.0688885745861028,0.10064804912137586,0.0,-0.0005471178138752844
996,7.57,-0.0181582360570687,1.0,0.1,0.3479748576879754,0.1,0.1,0.0,0.1,0.1,0.0,0.0,0,0,-0.0,0.0001,0.9612108941234007,1.0688885745861028,0.10073798431646373,8.993519508787573e-05,-0.0026523467495864353
997,7.46,-0.014531043593130821,-1.0,0.0,0.3476938078180244,0.0,0.0,0.1,0.1,-0.0,0.1,0.0,0,0,-0.001453104359313082,0.0,0.9598141543829307,1.0688885745861028,0.10204470587161815,0.0013067215551544192,-0.0036536551750740464
998,7.38,-0.010723860589812341,-1.0,0.0,0.34361028429128765,0.0,0.0,0.1,0.0,-0.1,0.0,0.1,0,0,-0.0010723860589812342,0.0001,0.9586888816491194,1.0688885745861028,0.1030974561400426,0.0010527502684244544,-0.0028432922884885727
999,7.55,0.023035230352303513,-1.0,0.0,0.3403204571456927,0.0,0.0,0.0,0.0,0.0,0.0,0.0,0,0,0.0,0.0,0.9586888816491194,1.0688885745861028,0.1030974561400426,0.0,-0.0005178305902171738
1000,7.51,-0.005298013245033118,-1.0,0.0,0.3403204571456927,0.0,0.0,0.0,0.0,0.0,0.0,0.0,0,0,-0.0,0.0,0.9586888816491194,1.0688885745861028,0.1030974561400426,0.0,-0.0009279654789209924
1001,7.42,-0.011984021304926746,-1.0,0.0,0.3403204571456927,0.0,0.0,0.0,0.0,0.0,0.0,0.0,0,0,-0.0,0.0,0.9586888816491194,1.0688885745861028,0.1030974561400426,0.0,-0.0002667984920226653
1002,7.42,0.0,-1.0,0.0,0.3403204571456927,0.0,0.0,0.0,0.0,0.0,0.0,0.0,0,0,0.0,0.0,0.9586888816491194,1.0688885745861028,0.1030974561400426,0.0,-1.719578613955034e-05
1003,7.34,-0.010781671159029659,-1.0,0.0,0.3403204571456927,0.0,0.0,0.0,0.0,0.0,0.0,0.0,0,0,-0.0,0.0,0.9586888816491194,1.0688885745861028,0.1030974561400426,0.0,-0.000180523857194152
1004,7.27,-0.009536784741144453,-1.0,0.0,0.3403204571456927,0.0,0.0,0.0,0.0,0.0,0.0,0.0,0,0,-0.0,0.0,0.9586888816491194,1.0688885745861028,0.1030974561400426,0.0,0.0
1005,7.21,-0.008253094910591419,-1.0,0.0,0.3403204571456927,0.0,0.0,0.0,0.0,0.0,0.0,0.0,0,0,-0.0,0.0,0.9586888816491194,1.0688885745861028,0.1030974561400426,0.0,0.0
1006,7.26,0.006934812760055454,-1.0,0.0,0.3403204571456927,0.0,0.0,0.0,0.0,0.0,0.0,0.0,0,0,0.0,0.0,0.9586888816491194,1.0688885745861028,0.1030974561400426,0.0,0.0
1007,7.14,-0.016528925619834725,-1.0,0.0,0.3403204571456927,0.0,0.0,0.0,0.0,0.0,0.0,0.0,0,0,-0.0,0.0,0.9586888816491194,1.0688885745861028,0.1030974561400426,0.0,0.0
1008,7.1,-0.005602240896358549,-1.0,0.0,0.3403204571456927,0.0,0.0,0.0,0.0,0.0,0.0,0.0,0,0,-0.0,0.0,0.9586888816491194,1.0688885745861028,0.1030974561400426,0.0,0.0
1009,7.19,0.012676056338028275,-1.0,0.0,0.3403204571456927,0.0,0.0,0.0,0.0,0.0,0.0,0.0,0,0,0.0,0.0,0.9586888816491194,1.0688885745861028,0.1030974561400426,0.0,0.0
1010,7.12,-0.009735744089012557,-1.0,0.0,0.3403204571456927,0.0,0.0,0.0,0.0,0.0,0.0,0.0,0,0,-0.0,0.0,0.9586888816491194,1.0688885745861028,0.1030974561400426,0.0,0.0
1011,7.21,0.012640449438202228,-1.0,0.0,0.3403204571456927,0.0,0.0,0.0,0.0,0.0,0.0,0.0,0,0,0.0,0.0,0.9586888816491194,1.0688885745861028,0.1030974561400426,0.0,0.0
1012,7.23,0.0027739251040222557,-1.0,0.0,0.3403204571456927,0.0,0.0,0.0,0.0,0.0,0.0,0.0,0,0,0.0,0.0,0.9586888816491194,1.0688885745861028,0.1030974561400426,0.0,0.0
1013,7.34,0.015214384508990238,-1.0,0.0,0.3403204571456927,0.0,0.0,0.0,0.0,0.0,0.0,0.0,0,0,0.0,0.0,0.9586888816491194,1.0688885745861028,0.1030974561400426,0.0,0.0
1014,7.29,-0.006811989100817414,-1.0,0.0,0.3403204571456927,0.0,0.0,0.0,0.0,0.0,0.0,0.0,0,0,-0.0,0.0,0.9586888816491194,1.0688885745861028,0.1030974561400426,0.0,0.0
1015,7.34,0.0068587105624142415,-1.0,0.0,0.3403204571456927,0.0,0.0,0.0,0.0,0.0,0.0,0.0,0,0,0.0,0.0,0.9586888816491194,1.0688885745861028,0.1030974561400426,0.0,0.0
1016,7.37,0.0040871934604904975,-1.0,0.0,0.3403204571456927,0.0,0.0,0.0,0.0,0.0,0.0,0.0,0,0,0.0,0.0,0.9586888816491194,1.0688885745861028,0.1030974561400426,0.0,0.0
1017,7.39,0.002713704206241462,-1.0,0.0,0.3403204571456927,0.0,0.0,0.0,0.0,0.0,0.0,0.0,0,0,0.0,0.0,0.9586888816491194,1.0688885745861028,0.1030974561400426,0.0,0.0
1018,7.28,-0.01488497970230033,-1.0,0.0,0.3403204571456927,0.0,0.0,0.0,0.0,0.0,0.0,0.0,0,0,-0.0,0.0,0.9586888816491194,1.0688885745861028,0.1030974561400426,0.0,0.0
1019,7.28,0.0,-1.0,0.0,0.3403204571456927,0.0,0.0,0.0,0.0,0.0,0.0,0.0,0,0,0.0,0.0,0.9586888816491194,1.0688885745861028,0.1030974561400426,0.0,0.0
1020,7.02,-0.0357142857142858,-1.0,0.0,0.3403204571456927,0.0,0.0,0.0,0.0,0.0,0.0,0.0,0,0,-0.0,0.0,0.9586888816491194,1.0688885745861028,0.1030974561400426,0.0,0.0
1021,6.79,-0.0327635327635327,-1.0,0.0,0.3403204571456927,0.0,0.0,0.0,0.0,0.0,0.0,0.0,0,0,-0.0,0.0,0.9586888816491194,1.0688885745861028,0.1030974561400426,0.0,0.0
1022,6.64,-0.02209131075110462,-1.0,0.0,0.3403204571456927,0.0,0.0,0.0,0.0,0.0,0.0,0.0,0,0,-0.0,0.0,0.9586888816491194,1.0688885745861028,0.1030974561400426,0.0,0.0
1023,6.65,0.001506024096385644,-1.0,0.0,0.3403204571456927,0.0,0.0,0.0,0.0,0.0,0.0,0.0,0,0,0.0,0.0,0.9586888816491194,1.0688885745861028,0.1030974561400426,0.0,0.0
1024,6.58,-0.010526315789473726,-1.0,0.0,0.3403204571456927,0.0,0.0,0.0,0.0,0.0,0.0,0.0,0,0,-0.0,0.0,0.9586888816491194,1.0688885745861028,0.1030974561400426,0.0,0.0
1025,6.59,0.0015197568389057428,-1.0,0.0,0.3403204571456927,0.0,0.0,0.0,0.0,0.0,0.0,0.0,0,0,0.0,0.0,0.9586888816491194,1.0688885745861028,0.1030974561400426,0.0,0.0
1026,6.45,-0.021244309559939254,-1.0,0.0,0.3403204571456927,0.0,0.0,0.0,0.0,0.0,0.0,0.0,0,0,-0.0,0.0,0.9586888816491194,1.0688885745861028,0.1030974561400426,0.0,0.0
1027,6.55,0.015503875968992192,-1.0,0.0,0.3403204571456927,0.0,0.0,0.0,0.0,0.0,0.0,0.0,0,0,0.0,0.0,0.9586888816491194,1.0688885745861028,0.1030974561400426,0.0,0.0
1028,6.46,-0.013740458015267154,-1.0,0.0,0.3403204571456927,0.0,0.0,0.0,0.0,0.0,0.0,0.0,0,0,-0.0,0.0,0.9586888816491194,1.0688885745861028,0.1030974561400426,0.0,0.0
1029,6.28,-0.02786377708978324,-1.0,0.0,0.3403204571456927,0.0,0.0,0.0,0.0,0.0,0.0,0.0,0,0,-0.0,0.0,0.9586888816491194,1.0688885745861028,0.1030974561400426,0.0,0.0
1030,6.42,0.022292993630573195,-1.0,0.0,0.3403204571456927,0.0,0.0,0.0,0.0,0.0,0.0,0.0,0,0,0.0,0.0,0.9586888816491194,1.0688885745861028,0.1030974561400426,0.0,0.0
1031,6.06,-0.056074766355140235,-1.0,0.0,0.3403204571456927,0.0,0.0,0.0,0.0,0.0,0.0,0.0,0,0,-0.0,0.0,0.9586888816491194,1.0688885745861028,0.1030974561400426,0.0,0.0
1032,6.08,0.0033003300330033767,-1.0,0.0,0.3403204571456927,0.0,0.0,0.0,0.0,0.0,0.0,0.0,0,0,0.0,0.0,0.9586888816491194,1.0688885745861028,0.1030974561400426,0.0,0.0
1033,6.21,0.021381578947368404,-1.0,0.0,0.3403204571456927,0.0,0.0,0.0,0.0,0.0,0.0,0.0,0,0,0.0,0.0,0.9586888816491194,1.0688885745861028,0.1030974561400426,0.0,0.0
1034,6.25,0.006441223832528186,-1.0,0.0,0.3403204571456927,0.0,0.0,0.0,0.0,0.0,0.0,0.0,0,0,0.0,0.0,0.9586888816491194,1.0688885745861028,0.1030974561400426,0.0,0.0
1035,6.34,0.014399999999999977,-1.0,0.0,0.3403204571456927,0.0,0.0,0.0,0.0,0.0,0.0,0.0,0,0,0.0,0.0,0.9586888816491194,1.0688885745861028,0.1030974561400426,0.0,0.0
1036,6.42,0.012618296529968466,-1.0,0.0,0.3403204571456927,0.0,0.0,0.0,0.0,0.0,0.0,0.0,0,0,0.0,0.0,0.9586888816491194,1.0688885745861028,0.1030974561400426,0.0,0.0
1037,6.4,-0.0031152647975077217,-1.0,0.0,0.3403204571456927,0.0,0.0,0.0,0.0,0.0,0.0,0.0,0,0,-0.0,0.0,0.9586888816491194,1.0688885745861028,0.1030974561400426,0.0,0.0
1038,6.3,-0.015625000000000083,-1.0,0.0,0.3403204571456927,0.0,0.0,0.0,0.0,0.0,0.0,0.0,0,0,-0.0,0.0,0.9586888816491194,1.0688885745861028,0.1030974561400426,0.0,0.0
1039,6.4,0.01587301587301596,-1.0,0.0,0.3403204571456927,0.0,0.0,0.0,0.0,0.0,0.0,0.0,0,0,0.0,0.0,0.9586888816491194,1.0688885745861028,0.1030974561400426,0.0,0.0
1040,6.37,-0.004687500000000039,-1.0,0.0,0.3403204571456927,0.0,0.0,0.0,0.0,0.0,0.0,0.0,0,0,-0.0,0.0,0.9586888816491194,1.0688885745861028,0.1030974561400426,0.0,0.0
1041,6.19,-0.028257456828885356,-1.0,0.0,0.3403204571456927,0.0,0.0,0.0,0.0,0.0,0.0,0.0,0,0,-0.0,0.0,0.9586888816491194,1.0688885745861028,0.1030974561400426,0.0,0.0
1042,6.28,0.014539579967689798,-1.0,0.0,0.3403204571456927,0.0,0.0,0.0,0.0,0.0,0.0,0.0,0,0,0.0,0.0,0.9586888816491194,1.0688885745861028,0.1030974561400426,0.0,0.0
1043,6.2,-0.012738853503184724,-1.0,0.0,0.3403204571456927,0.0,0.0,0.0,0.0,0.0,0.0,0.0,0,0,-0.0,0.0,0.9586888816491194,1.0688885745861028,0.1030974561400426,0.0,0.0
1044,6.29,0.014516129032258041,-1.0,0.0,0.3403204571456927,0.0,0.0,0.0,0.0,0.0,0.0,0.0,0,0,0.0,0.0,0.9586888816491194,1.0688885745861028,0.1030974561400426,0.0,0.0
1045,6.18,-0.017488076311605774,-1.0,0.0,0.3403204571456927,0.0,0.0,0.0,0.0,0.0,0.0,0.0,0,0,-0.0,0.0,0.9586888816491194,1.0688885745861028,0.1030974561400426,0.0,0.0
1046,6.1,-0.01294498381877024,-1.0,0.0,0.3403204571456927,0.0,0.0,0.0,0.0,0.0,0.0,0.0,0,0,-0.0,0.0,0.9586888816491194,1.0688885745861028,0.1030974561400426,0.0,0.0
1047,6.46,0.05901639344262301,-1.0,0.0,0.3403204571456927,0.0,0.0,0.0,0.0,0.0,0.0,0.0,0,0,0.0,0.0,0.9586888816491194,1.0688885745861028,0.1030974561400426,0.0,0.0
1048,6.56,0.015479876160990657,-1.0,0.0,0.3403204571456927,0.0,0.0,0.0,0.0,0.0,0.0,0.0,0,0,0.0,0.0,0.9586888816491194,1.0688885745861028,0.1030974561400426,0.0,-7.493846555505827e-05
1049,6.53,-0.00457317073170722,1.0,0.1,0.3403204571456927,0.1,0.1,0.0,0.1,0.1,0.0,0.0,0,0,-0.0,0.0001,0.9585930127609544,1.0688885745861028,0.10318714639442862,8.969025438601563e-05,-0.001135454830287685
1050,6.59,0.009188361408882023,-1.0,0.0,0.34004017561686567,0.0,0.0,0.1,0.1,-0.0,0.1,0.0,0,0,0.0009188361408882023,0.0,0.9594738026654822,1.0688885745861028,0.10236312233292265,0.0,-0.00021315791463186965
1051,6.59,0.0,-1.0,0.0,0.34261523596951654,0.0,0.0,0.1,0.0,-0.1,0.0,0.1,0,0,0.0,0.0001,0.9593778552852157,1.0688885745861028,0.10245288602068933,8.976368776668353e-05,-0.0016686390097385736
1052,6.62,0.004552352048558459,1.0,0.1,0.34233472161004586,0.1,0.1,0.0,0.1,0.1,0.0,0.0,0,0,0.0,0.0001,0.9592819174996872,1.0688885745861028,0.10254264073208726,8.975471139792413e-05,-0.0022731069911577032
1053,6.54,-0.012084592145015116,-1.0,0.0,0.34205425381670396,0.0,0.0,0.1,0.1,-0.0,0.1,0.0,0,0,-0.0012084592145015117,0.0,0.95812266442718,1.0688885745861028,0.10362718134751678,0.0010845406154295217,-0.003154365663757661
1054,6.52,-0.003058103975535239,-1.0,0.0,0.33866505455239876,0.0,0.0,0.1,0.0,-0.1,0.0,0.1,0,0,-0.0003058103975535239,0.0001,0.9577338482878237,1.0688885745861028,0.10399093875741035,0.00036375740989356975,-0.0023281776805491794
1055,6.74,0.03374233128834366,-1.0,0.0,0.3375283055009017,0.0,0.0,0.0,0.0,0.0,0.0,0.0,0,0,0.0,0.0,0.9577338482878237,1.0688885745861028,0.10399093875741035,0.0,-0.0013587572431016956
1056,6.85,0.016320474777447986,1.0,0.1,0.3375283055009017,0.1,0.1,0.0,0.1,0.1,0.0,0.0,0,0,0.0,0.0001,0.9576380749029949,1.0688885745861028,0.10408053966353462,8.960090612426808e-05,-0.002014456506253862
1057,6.95,0.01459854014598548,-1.0,0.0,0.33724830336884704,0.0,0.0,0.1,0.1,-0.0,0.1,0.0,0,0,0.001459854014598548,0.0,0.9590360866911743,1.0688885745861028,0.10277262804260558,0.0,-0.0004043213074778839
1058,6.89,-0.008633093525179927,-1.0,0.0,0.34133552890281776,0.0,0.0,0.1,0.0,-0.1,0.0,0.1,0,0,-0.0008633093525179927,0.0001,0.9581122382594625,1.0688885745861028,0.1036369355613473,0.0008643075187417248,-0.0043500226409497545
1059,6.91,0.002902757619738819,1.0,0.1,0.33863457702114486,0.1,0.1,0.0,0.1,0.1,0.0,0.0,0,0,0.0,0.0001,0.9580164270356365,1.0688885745861028,0.10372657186779118,8.963630644387433e-05,-0.0025804804455960857
1060,6.85,-0.008683068017366208,-1.0,0.0,0.3383544584737684,0.0,0.0,0.1,0.1,-0.0,0.1,0.0,0,0,-0.0008683068017366208,0.0,0.9571845748558659,1.0688885745861028,0.10450481218165426,0.0007782403138630878,-0.0028841640624692215
1061,6.9,0.007299270072992805,-1.0,0.0,0.335922472551641,0.0,0.0,0.1,0.0,-0.1,0.0,0.1,0,0,0.0007299270072992805,0.0001,0.9577875312705381,1.0688885745861028,0.10394071557794082,0.0,-0.0021210987921757843
1062,7.0,0.014492753623188354,1.0,0.1,0.33768525663778676,0.1,0.1,0.0,0.1,0.1,0.0,0.0,0,0,0.0,0.0001,0.957691752517411,1.0688885745861028,0.10403032150638303,8.960592844220461e-05,-0.002739894358590966
1063,6.95,-0.0071428571428571175,-1.0,0.0,0.3374052545057321,0.0,0.0,0.1,0.1,-0.0,0.1,0.0,0,0,-0.0007142857142857118,0.0,0.9570076869798986,1.0688885745861028,0.10467029984816419,0.0006399783417811583,-0.0031997992534135234
1064,6.86,-0.012949640287769763,-1.0,0.0,0.3354053091259635,0.0,0.0,0.1,0.0,-0.1,0.0,0.1,0,0,-0.0012949640287769765,0.0001,0.9556726956812986,1.0688885745861028,0.10591925257377159,0.0012489527256074051,-0.005017658325528786
1065,6.95,0.013119533527696771,0.33753591775894165,0.03375359177589417,0.3315023457633781,0.03375359177589417,0.03375359177589417,0.0,0.03375359177589417,0.03375359177589417,0.0,0.0,0,0,0.0,3.375359177589417e-05,0.9556404382952572,1.0688885745861028,0.10594943101033491,3.0178436563318978e-05,-0.0024098989066377963
1066,6.66,-0.041726618705035974,-0.2669200599193573,0.007061585783958435,0.3314080260696351,0.007061585783958435,0.007061585783958435,0.03375359177589417,0.03375359177589417,-0.0,0.03375359177589417,0.0,0,0,-0.001408423253958174,0.0,0.9542944920795394,1.0688885745861028,0.10720863262191449,0.00125920161157958,-0.004379159602831282
1067,7.01,0.0525525525525525,-1.0,0.0,0.3274730252104833,0.0,0.0,0.03375359177589417,0.0,-0.03375359177589417,0.0,0.03375359177589417,0,0,0.0017738374056400822,3.375359177589417e-05,0.9559550444788669,1.0688885745861028,0.10565510081438206,0.0,-0.0002995798676561103
1068,7.05,0.005706134094151218,1.0,0.1,0.33232780024431385,0.1,0.1,0.0,0.1,0.1,0.0,0.0,0,0,0.0,0.0001,0.9558594489744191,1.0688885745861028,0.10574453530430057,8.943448991850789e-05,-0.0021872928081466347
1069,7.09,0.0056737588652482325,-1.0,0.0,0.3320483336227396,0.0,0.0,0.1,0.1,-0.0,0.1,0.0,0,0,0.0005673758865248232,0.0,0.956401780576674,1.0688885745861028,0.10523715631723925,0.0,-0.0011358577436041209
1070,7.04,-0.007052186177715067,-1.0,0.0,0.3336338870229383,0.0,0.0,0.1,0.0,-0.1,0.0,0.1,0,0,-0.0007052186177715068,0.0001,0.9556316680568838,1.0688885745861028,0.10595763601746282,0.0007204797002235697,-0.003654312800862613
1071,7.18,0.01988636363636359,0.33860474824905396,0.033860474824905396,0.33138239141576914,0.033860474824905396,0.033860474824905396,0.0,0.033860474824905396,0.033860474824905396,0.0,0.0,0,0,0.0,3.38604748249054e-05,0.9555993099148457,1.0688885745861028,0.1059879087164209,3.027269895808371e-05,-0.001992239087441081
1072,7.34,0.022284122562674116,1.0,0.1338604748249054,0.33128779232525374,0.1338604748249054,0.1338604748249054,0.033860474824905396,0.1338604748249054,0.1,0.033860474824905396,0.0,0,0,0.0007545509710285332,0.0001,0.9562247983710646,1.0688885745861028,0.10540273223396003,0.0,-0.0013349544640451991
1073,7.32,-0.0027247956403269173,-1.0,0.033860474824905396,0.3331164674835527,0.033860474824905396,0.033860474824905396,0.1338604748249054,0.1,-0.033860474824905396,0.1,0.033860474824905396,0,0,-0.0003647424382149933,3.38604748249054e-05,0.955843644380913,1.0688885745861028,0.10575932131088901,0.00035658907692898145,-0.0029244578086392646
1074,7.32,0.0,-1.0,0.0,0.3320021167399749,0.0,0.0,0.1,0.0,-0.1,0.0,0.1,0,0,0.0,0.0001,0.9557480600164748,1.0688885745861028,0.10584874537875796,8.942406786895118e-05,-0.0038073584220170713
1075,7.36,0.005464480874316944,1.0,0.1,0.331722673401465,0.1,0.1,0.0,0.1,0.1,0.0,0.0,0,0,0.0,0.0001,0.9556524852104732,1.0688885745861028,0.10593816050422007,8.941512546210839e-05,-0.0028168393430050348
1076,7.36,0.0,-1.0,0.0,0.3314432533460195,0.0,0.0,0.1,0.1,-0.0,0.1,0.0,0,0,0.0,0.0,0.9556524852104732,1.0688885745861028,0.10593816050422007,0.0,-0.002069983466458626
1077,7.35,-0.0013586956521740047,-1.0,0.0,0.3314432533460195,0.0,0.0,0.1,0.0,-0.1,0.0,0.1,0,0,-0.00013586956521740047,0.0001,0.9554270758742877,1.0688885745861028,0.10614904248157943,0.0002108819773593562,-0.0029225829284825937
1078,7.32,-0.004081632653061137,0.4214757978916168,0.042147579789161685,0.3307842494922298,0.042147579789161685,0.042147579789161685,0.0,0.042147579789161685,0.042147579789161685,0.0,0.0,0,0,-0.0,4.214757978916168e-05,0.9553868069353745,1.0688885745861028,0.10618671613613109,3.7673654551664826e-05,-0.0019146709243805004
1079,7.36,0.005464480874316944,-1.0,0.0,0.3306665070357355,0.0,0.0,0.042147579789161685,0.042147579789161685,-0.0,0.042147579789161685,0.0,0,0,0.0002303146436566214,0.0,0.955606846507368,1.0688885745861028,0.10598085784816243,0.0,-0.0015382582178260706
1080,7.4,0.005434782608695656,-1.0,0.0,0.3313098181041431,0.0,0.0,0.042147579789161685,0.0,-0.042147579789161685,0.0,0.042147579789161685,0,0,0.00022906293363674846,4.214757978916168e-05,0.9557854640992222,1.0688885745861028,0.10581375194386058,0.0,-0.002009251557080622
1081,7.27,-0.017567567567567673,0.9959992170333862,0.09959992170333863,0.33183203395478783,0.09959992170333863,0.09959992170333863,0.0,0.09959992170333863,0.09959992170333863,0.0,0.0,0,0,-0.0,9.959992170333863e-05,0.9556902679418326,1.0688885745861028,0.10590281282415522,8.906088029463077e-05,-0.002130773829852551
1082,7.19,-0.011004126547455185,-1.0,0.0,0.3315537082033675,0.0,0.0,0.09959992170333863,0.09959992170333863,-0.0,0.09959992170333863,0.0,0,0,-0.0010960101425401664,0.0,0.9546428217150416,1.0688885745861028,0.1068827524097165,0.0009799395855612791,-0.002242061041261541
1083,7.25,0.008344923504867817,-1.0,0.0,0.3284914031627483,0.0,0.0,0.09959992170333863,0.0,-0.09959992170333863,0.0,0.09959992170333863,0,0,0.0008311537277051847,9.959992170333863e-05,0.9553411943046397,1.0688885745861028,0.10622938908803577,0.0,-0.00023581986399198252
1084,7.19,-0.008275862068965464,-1.0,0.0,0.3305331649261166,0.0,0.0,0.0,0.0,0.0,0.0,0.0,0,0,-0.0,0.0,0.9553411943046397,1.0688885745861028,0.10622938908803577,0.0,-0.001200458565166443
1085,7.08,-0.015299026425591142,-1.0,0.0,0.3305331649261166,0.0,0.0,0.0,0.0,0.0,0.0,0.0,0,0,-0.0,0.0,0.9553411943046397,1.0688885745861028,0.10622938908803577,0.0,-0.0011580835005961354
1086,7.06,-0.002824858757062212,-1.0,0.0,0.3305331649261166,0.0,0.0,0.0,0.0,0.0,0.0,0.0,0,0,-0.0,0.0,0.9553411943046397,1.0688885745861028,0.10622938908803577,0.0,-0.0002021868347928051
1087,7.11,0.00708215297450435,-1.0,0.0,0.3305331649261166,0.0,0.0,0.0,0.0,0.0,0.0,0.0,0,0,0.0,0.0,0.9553411943046397,1.0688885745861028,0.10622938908803577,0.0,-0.0011118743965950236
1088,7.07,-0.005625879043600567,-1.0,0.0,0.3305331649261166,0.0,0.0,0.0,0.0,0.0,0.0,0.0,0,0,-0.0,0.0,0.9553411943046397,1.0688885745861028,0.10622938908803577,0.0,-0.00010320359821417151
1089,6.97,-0.01414427157001422,-1.0,0.0,0.3305331649261166,0.0,0.0,0.0,0.0,0.0,0.0,0.0,0,0,-0.0,0.0,0.9553411943046397,1.0688885745861028,0.10622938908803577,0.0,0.0
1090,7.08,0.015781922525107652,-1.0,0.0,0.3305331649261166,0.0,0.0,0.0,0.0,0.0,0.0,0.0,0,0,0.0,0.0,0.9553411943046397,1.0688885745861028,0.10622938908803577,0.0,0.0
1091,7.21,0.018361581920903938,-1.0,0.0,0.3305331649261166,0.0,0.0,0.0,0.0,0.0,0.0,0.0,0,0,0.0,0.0,0.9553411943046397,1.0688885745861028,0.10622938908803577,0.0,0.0
1092,7.25,0.005547850208044388,-1.0,0.0,0.3305331649261166,0.0,0.0,0.0,0.0,0.0,0.0,0.0,0,0,0.0,0.0,0.9553411943046397,1.0688885745861028,0.10622938908803577,0.0,-6.191447651399596e-05
1093,7.39,0.019310344827586163,-1.0,0.0,0.3305331649261166,0.0,0.0,0.0,0.0,0.0,0.0,0.0,0,0,0.0,0.0,0.9553411943046397,1.0688885745861028,0.10622938908803577,0.0,0.0
1094,7.28,-0.01488497970230033,-0.6584480404853821,0.0,0.3305331649261166,0.0,0.0,0.0,0.0,0.0,0.0,0.0,0,0,-0.0,0.0,0.9553411943046397,1.0688885745861028,0.10622938908803577,0.0,-0.0005714080791772233
1095,7.41,0.017857142857142842,-1.0,0.0,0.3305331649261166,0.0,0.0,0.0,0.0,0.0,0.0,0.0,0,0,0.0,0.0,0.9553411943046397,1.0688885745861028,0.10622938908803577,0.0,0.0
1096,7.3,-0.014844804318488572,-0.5492972135543823,0.0,0.3305331649261166,0.0,0.0,0.0,0.0,0.0,0.0,0.0,0,0,-0.0,0.0,0.9553411943046397,1.0688885745861028,0.10622938908803577,0.0,-0.0005425227890895212
1097,7.26,-0.005479452054794526,-1.0,0.0,0.3305331649261166,0.0,0.0,0.0,0.0,0.0,0.0,0.0,0,0,-0.0,0.0,0.9553411943046397,1.0688885745861028,0.10622938908803577,0.0,0.0
1098,7.22,-0.005509641873278242,-1.0,0.0,0.3305331649261166,0.0,0.0,0.0,0.0,0.0,0.0,0.0,0,0,-0.0,0.0,0.9553411943046397,1.0688885745861028,0.10622938908803577,0.0,0.0
1099,7.33,0.015235457063711957,-1.0,0.0,0.3305331649261166,0.0,0.0,0.0,0.0,0.0,0.0,0.0,0,0,0.0,0.0,0.9553411943046397,1.0688885745861028,0.10622938908803577,0.0,0.0
1100,7.4,0.009549795361528005,-1.0,0.0,0.3305331649261166,0.0,0.0,0.0,0.0,0.0,0.0,0.0,0,0,0.0,0.0,0.9553411943046397,1.0688885745861028,0.10622938908803577,0.0,-0.00013490804852590916
1101,7.42,0.002702702702702645,-1.0,0.0,0.3305331649261166,0.0,0.0,0.0,0.0,0.0,0.0,0.0,0,0,0.0,0.0,0.9553411943046397,1.0688885745861028,0.10622938908803577,0.0,-0.0003817390463747205
1102,7.43,0.0013477088948786774,-0.9070459008216858,0.0,0.3305331649261166,0.0,0.0,0.0,0.0,0.0,0.0,0.0,0,0,0.0,0.0,0.9553411943046397,1.0688885745861028,0.10622938908803577,0.0,-0.0009211360133258528
1103,7.43,0.0,-0.3841390907764435,0.0,0.3305331649261166,0.0,0.0,0.0,0.0,0.0,0.0,0.0,0,0,0.0,0.0,0.9553411943046397,1.0688885745861028,0.10622938908803577,0.0,-0.001229177779645448
1104,7.43,0.0,-0.5483791828155518,0.0,0.3305331649261166,0.0,0.0,0.0,0.0,0.0,0.0,0.0,0,0,0.0,0.0,0.9553411943046397,1.0688885745861028,0.10622938908803577,0.0,-0.0010008516564371027
1105,7.54,0.014804845222072722,-0.8265532851219177,0.0,0.3305331649261166,0.0,0.0,0.0,0.0,0.0,0.0,0.0,0,0,0.0,0.0,0.9553411943046397,1.0688885745861028,0.10622938908803577,0.0,-0.0011848595609375626
1106,7.41,-0.017241379310344813,0.942684531211853,0.09426845312118531,0.3305331649261166,0.09426845312118531,0.09426845312118531,0.0,0.09426845312118531,0.09426845312118531,0.0,0.0,0,0,-0.0,9.426845312118532e-05,0.9552511357680497,1.0688885745861028,0.10631364346097162,8.42543729358547e-05,-0.001900951171549376
1107,7.48,0.009446693657220012,-1.0,0.0,0.33026985675121173,0.0,0.0,0.09426845312118531,0.09426845312118531,-0.0,0.09426845312118531,0.0,0,0,0.0008905251981758433,0.0,0.9561018109750372,1.0688885745861028,0.10551779324120764,0.0,-0.0002089493660705822
1108,7.45,-0.004010695187165809,-1.0,0.0,0.33275690712056255,0.0,0.0,0.09426845312118531,0.0,-0.09426845312118531,0.0,0.09426845312118531,0,0,-0.0003780820312347036,9.426845312118532e-05,0.9556501958215297,1.0688885745861028,0.10594030234481784,0.0004225091036102052,-0.0023172068766151304
1109,7.26,-0.025503355704698038,-1.0,0.0,0.3314365478234823,0.0,0.0,0.0,0.0,0.0,0.0,0.0,0,0,-0.0,0.0,0.9556501958215297,1.0688885745861028,0.10594030234481784,0.0,-0.0015483023076749997
1110,7.23,-0.004132231404958589,-1.0,0.0,0.3314365478234823,0.0,0.0,0.0,0.0,0.0,0.0,0.0,0,0,-0.0,0.0,0.9556501958215297,1.0688885745861028,0.10594030234481784,0.0,-0.0008438443781330451
1111,7.17,-0.00829875518672206,-1.0,0.0,0.3314365478234823,0.0,0.0,0.0,0.0,0.0,0.0,0.0,0,0,-0.0,0.0,0.9556501958215297,1.0688885745861028,0.10594030234481784,0.0,-0.0002699820654407346
1112,7.16,-0.0013947001394699842,-1.0,0.0,0.3314365478234823,0.0,0.0,0.0,0.0,0.0,0.0,0.0,0,0,-0.0,0.0,0.9556501958215297,1.0688885745861028,0.10594030234481784,0.0,0.0
1113,7.35,0.02653631284916194,-1.0,0.0,0.3314365478234823,0.0,0.0,0.0,0.0,0.0,0.0,0.0,0,0,0.0,0.0,0.9556501958215297,1.0688885745861028,0.10594030234481784,0.0,0.0
1114,7.68,0.04489795918367348,-1.0,0.0,0.3314365478234823,0.0,0.0,0.0,0.0,0.0,0.0,0.0,0,0,0.0,0.0,0.9556501958215297,1.0688885745861028,0.10594030234481784,0.0,0.0
1115,7.56,-0.015625000000000014,1.0,0.1,0.3314365478234823,0.1,0.1,0.0,0.1,0.1,0.0,0.0,0,0,-0.0,0.0001,0.9555546308019475,1.0688885745861028,0.10602970831458339,8.940596976554638e-05,-0.001796305696042094
1116,7.6,0.005291005291005296,-1.0,0.0,0.33115715105110116,0.0,0.0,0.1,0.1,-0.0,0.1,0.0,0,0,0.0005291005291005296,0.0,0.9560602152626894,1.0688885745861028,0.10555670816025237,0.0,-0.00015211389893812332
1117,7.95,0.04605263157894744,-1.0,0.0,0.3326352763923193,0.0,0.0,0.1,0.0,-0.1,0.0,0.1,0,0,0.004605263157894744,0.0001,0.9603675181272413,1.0688885745861028,0.10152700575070063,0.0,0.0028178993916842116
1118,7.79,-0.02012578616352203,1.0,0.1,0.34522810801869636,0.1,0.1,0.0,0.1,0.1,0.0,0.0,0,0,-0.0,0.0001,0.9602714813754286,1.0688885745861028,0.10161685305012552,8.984729942489167e-05,-0.002695873689489493
1119,7.61,-0.023106546854942196,-1.0,0.0,0.34494733754551765,0.0,0.0,0.1,0.1,-0.0,0.1,0.0,0,0,-0.0023106546854942196,0.0,0.958052625577642,1.0688885745861028,0.10369270627799426,0.0020758532278687403,-0.004161844395358888
1120,7.81,0.026281208935610943,-1.0,0.0,0.3384603032843721,0.0,0.0,0.1,0.0,-0.1,0.0,0.1,0,0,0.0026281208935610943,0.0001,0.9604746984374959,1.0688885745861028,0.10142673308168451,0.0,0.0010486586421211861
1121,7.78,-0.0038412291933417877,1.0,0.1,0.3455414514989218,0.1,0.1,0.0,0.1,0.1,0.0,0.0,0,0,-0.0,0.0001,0.9603786509676522,1.0688885745861028,0.10151659040837631,8.985732669179736e-05,-0.00181056368247389
1122,7.65,-0.016709511568123378,-1.0,0.0,0.3452606577426788,0.0,0.0,0.1,0.1,-0.0,0.1,0.0,0,0,-0.0016709511568123378,0.0,0.9587739051498398,1.0688885745861028,0.10301791230101018,0.0015013218926338695,-0.0029515038267195603
1123,7.6,-0.006535947712418394,-1.0,0.0,0.34056902714085446,0.0,0.0,0.1,0.0,-0.1,0.0,0.1,0,0,-0.0006535947712418395,0.0001,0.9580513781481158,1.0688885745861028,0.10369387331219773,0.0006759610111875536,-0.002003625225690814
1124,7.52,-0.010526315789473694,-1.0,0.0,0.3384566478432668,0.0,0.0,0.0,0.0,0.0,0.0,0.0,0,0,-0.0,0.0,0.9580513781481158,1.0688885745861028,0.10369387331219773,0.0,-0.000717974446891851
1125,7.42,-0.013297872340425485,-1.0,0.0,0.3384566478432668,0.0,0.0,0.0,0.0,0.0,0.0,0.0,0,0,-0.0,0.0,0.9580513781481158,1.0688885745861028,0.10369387331219773,0.0,-0.00028253643778209525
1126,7.5,0.010781671159029659,-1.0,0.0,0.3384566478432668,0.0,0.0,0.0,0.0,0.0,0.0,0.0,0,0,0.0,0.0,0.9580513781481158,1.0688885745861028,0.10369387331219773,0.0,0.0
1127,7.86,0.04800000000000004,-1.0,0.0,0.3384566478432668,0.0,0.0,0.0,0.0,0.0,0.0,0.0,0,0,0.0,0.0,0.9580513781481158,1.0688885745861028,0.10369387331219773,0.0,-0.00024648922659989165
1128,8.24,0.04834605597964375,1.0,0.1,0.3384566478432668,0.1,0.1,0.0,0.1,0.1,0.0,0.0,0,0,0.0,0.0001,0.957955573010301,1.0688885745861028,0.10378350392486652,8.963061266878403e-05,-0.0017189220831675836
1129,9.27,0.12499999999999992,-1.0,0.0,0.3381765525789547,0.0,0.0,0.1,0.1,-0.0,0.1,0.0,1,0,0.012499999999999992,0.0,0.9699300176729297,1.0688885745861028,0.09258079772392735,0.0,0.009850472696196091
1130,8.96,-0.033441208198489614,1.0,0.2,0.39637002945455363,0.2,0.2,0.1,0.2,0.1,0.0,0.1,0,0,-0.0033441208198489616,0.0001,0.966589461505266,1.0688885745861028,0.09570605909081702,0.0031252613668896617,-0.006700795803117131
1131,8.41,-0.061383928571428645,1.0,0.30000000000000004,0.37683712170085915,0.30000000000000004,0.30000000000000004,0.2,0.30000000000000004,0.10000000000000003,0.1,0.1,0,0,-0.01227678571428573,0.00010000000000000003,0.9546261908665286,1.0688885745861028,0.1068983114201769,0.011192252329359886,-0.015875663091634604
1132,8.47,0.00713436385255654,-1.0,0.20000000000000004,0.32844278812435396,0.20000000000000004,0.20000000000000004,0.30000000000000004,0.20000000000000004,-0.1,0.10000000000000003,0.2,0,0,0.0021403091557669622,0.0001,0.9565739234240885,1.0688885745861028,0.1050761078679365,0.0,-0.00018361690981340967
1133,9.05,0.06847697756788666,-1.0,0.10000000000000003,0.33413717374225416,0.10000000000000003,0.10000000000000003,0.20000000000000004,0.10000000000000003,-0.1,0.0,0.20000000000000004,0,0,0.013695395513577336,0.0001,0.9695789242510133,1.0688885745861028,0.0929092635998512,0.0,0.010003449166810882
1134,8.75,-0.03314917127071831,1.0,0.20000000000000004,0.3943171151033801,0.20000000000000004,0.20000000000000004,0.10000000000000003,0.20000000000000004,0.1,0.0,0.10000000000000003,0,0,-0.003314917127071832,0.0001,0.9662678925765407,1.0688885745861028,0.09600690329139226,0.0030976396915410598,-0.006207703801106473
1135,9.51,0.08685714285714283,-1.0,0.10000000000000003,0.374956874555015,0.10000000000000003,0.10000000000000003,0.20000000000000004,0.10000000000000003,-0.1,0.1,0.10000000000000003,0,0,0.01737142857142857,0.0001,0.9829567194640413,1.0688885745861028,0.08039365109252494,0.0,0.013941539556082355
1136,9.66,0.015772870662460605,1.0,0.20000000000000004,0.47253968976756694,0.20000000000000004,0.20000000000000004,0.10000000000000003,0.20000000000000004,0.1,0.0,0.10000000000000003,0,0,0.001577287066246061,0.0001,0.9844088287123852,1.0688885745861028,0.07903512852724613,0.0,-0.0015684307250593051
1137,9.97,0.032091097308488664,1.0,0.30000000000000004,0.4810304645478665,0.30000000000000004,0.30000000000000004,0.20000000000000004,0.30000000000000004,0.1,0.1,0.10000000000000003,0,0,0.006418219461697734,0.0001,0.9906285397322229,1.0688885745861028,0.07321627035276704,0.0,0.005158970251618785
1138,10.25,0.02808425275827476,-1.0,0.20000000000000004,0.5173983316889194,0.20000000000000004,0.20000000000000004,0.30000000000000004,0.20000000000000004,-0.1,0.1,0.20000000000000004,0,0,0.00842527582748243,0.0001,0.9988757955680698,1.0688885745861028,0.06550054017103085,0.0,0.005169870236583846
1139,11.49,0.12097560975609759,1.0,0.30000000000000004,0.5656216092416297,0.30000000000000004,0.30000000000000004,0.20000000000000004,0.20000000000000004,0.0,0.0,0.20000000000000004,1,0,0.024195121951219523,0.0,1.0230437172559608,1.0688885745861028,0.0428902117771201,0.0,0.02109426616998541
1140,12.78,0.11227154046997381,1.0,0.30000000000000004,0.6855489328532222,0.30000000000000004,0.30000000000000004,0.20000000000000004,0.20000000000000004,0.0,0.0,0.20000000000000004,1,0,0.022454308093994766,0.0,1.0460154560768518,1.0688885745861028,0.021398973712585503,0.0,0.018827534142673602
1141,12.5,-0.021909233176838763,1.0,0.30000000000000004,0.7930051270874103,0.30000000000000004,0.30000000000000004,0.20000000000000004,0.30000000000000004,0.1,0.0,0.20000000000000004,0,0,-0.004381846635367753,0.0001,1.041327375224491,1.0688885745861028,0.0257849134296193,0.004385939717033799,-0.00589556247456132
1142,13.96,0.11680000000000007,1.0,0.4,0.7710754327483256,0.4,0.4,0.30000000000000004,0.30000000000000004,0.0,0.1,0.20000000000000004,1,0,0.03504000000000003,0.0,1.077815486452357,1.077815486452357,0.0,0.0,0.03390779482890707
1143,14.89,0.06661891117478508,1.0,0.4,0.8,0.4,0.4,0.30000000000000004,0.4,0.09999999999999998,0.0,0.30000000000000004,0,0,0.019985673352435528,9.999999999999998e-05,1.099248573150145,1.099248573150145,0.0,0.0,0.02119035744813326
1144,15.56,0.044996642041638675,1.0,0.5,0.8,0.5,0.5,0.4,0.5,0.09999999999999998,0.09999999999999998,0.30000000000000004,0,0,0.01799865681665547,9.999999999999998e-05,1.1189236461171574,1.1189236461171574,0.0,0.0,0.021981741781091628
1145,15.53,-0.0019280205655527723,1.0,0.6,0.8,0.6,0.6,0.5,0.6,0.09999999999999998,0.09999999999999998,0.4,0,0,-0.0009640102827763861,9.999999999999998e-05,1.1177330998520472,1.1189236461171574,0.001064010282776368,0.001064010282776368,0.005774895487630214
1146,14.35,-0.07598197037990984,1.0,0.7,0.8,0.7,0.7,0.6,0.7,0.09999999999999998,0.09999999999999998,0.5,0,0,-0.0455891822279459,9.999999999999998e-05,1.0666647885707001,1.1189236461171574,0.04670457875102009,0.04564056846824372,-0.10758600057932552
1147,14.06,-0.020209059233449417,-1.0,0.6,0.6664771042797567,0.6,0.6,0.7,0.6,-0.09999999999999998,0.09999999999999998,0.6,0,0,-0.014146341463414591,9.999999999999998e-05,1.051468717765721,1.1189236461171574,0.06028555083764278,0.013580972086622692,-0.015325393900784946
1148,14.78,0.0512091038406827,-1.0,0.5,0.5982153149322121,0.5,0.5,0.6,0.5,-0.09999999999999998,0.0,0.6,0,0,0.03072546230440962,9.999999999999998e-05,1.0836704333459208,1.1189236461171574,0.03150636139791205,0.0,0.03399398147018332
1149,15.12,0.0230040595399188,-1.0,0.4,0.7424682021155435,0.4,0.4,0.5,0.4,-0.09999999999999998,0.0,0.5,0,0,0.0115020297699594,9.999999999999998e-05,1.096026475887756,1.1189236461171574,0.020463568098554555,0.0,0.01248990679270388
1150,15.66,0.035714285714285775,-1.0,0.30000000000000004,0.7976821638644321,0.30000000000000004,0.30000000000000004,0.4,0.30000000000000004,-0.09999999999999998,0.0,0.4,0,0,0.014285714285714311,9.999999999999998e-05,1.111574394324278,1.1189236461171574,0.006568144143152712,0.0,0.012868466906996032
1151,15.31,-0.022349936143039567,1.0,0.4,0.8,0.4,0.4,0.30000000000000004,0.4,0.09999999999999998,0.0,0.30000000000000004,0,0,-0.0067049808429118715,9.999999999999998e-05,1.10401015186543,1.1189236461171574,0.013328428890996889,0.006760284747844177,-0.005706822025010194
1152,16.9,0.10385369039843227,1.0,0.5,0.8,0.5,0.5,0.4,0.4,0.0,0.09999999999999998,0.30000000000000004,1,0,0.04154147615937291,0.0,1.1498723632688532,1.1498723632688532,0.0,0.0,0.04277680672997938
1153,16.27,-0.03727810650887568,1.0,0.5,0.8,0.5,0.5,0.4,0.5,0.09999999999999998,0.0,0.4,0,0,-0.014911242603550274,9.999999999999998e-05,1.132611350260707,1.1498723632688532,0.015011242603550154,0.015011242603550154,-0.02144468265391443
1154,15.37,-0.0553165334972342,-1.0,0.4,0.8,0.4,0.4,0.5,0.4,-0.09999999999999998,0.09999999999999998,0.4,0,0,-0.0276582667486171,9.999999999999998e-05,1.1011720222776589,1.1498723632688532,0.042352823275749664,0.02734158067219951,-0.06145504771407584
1155,15.25,-0.007807417046193834,-1.0,0.30000000000000004,0.6882358916131781,0.30000000000000004,0.30000000000000004,0.4,0.30000000000000004,-0.09999999999999998,0.0,0.4,0,0,-0.0031229668184775336,9.999999999999998e-05,1.0976229813884222,1.1498723632688532,0.045439288350140605,0.0030864650743909414,-0.004381989774484299
1156,16.32,0.07016393442622952,-1.0,0.20000000000000004,0.67280355990251,0.20000000000000004,0.20000000000000004,0.30000000000000004,0.20000000000000004,-0.1,0.0,0.30000000000000004,0,0,0.021049180327868858,0.0001,1.1206172831575414,1.1498723632688532,0.025442023867888776,0.0,0.018034070479218636
1157,15.56,-0.04656862745098038,1.0,0.30000000000000004,0.7727898765362151,0.30000000000000004,0.30000000000000004,0.20000000000000004,0.30000000000000004,0.1,0.0,0.20000000000000004,0,0,-0.009313725490196078,0.0001,1.110068099674327,1.1498723632688532,0.03461624512947744,0.009174221261588664,-0.010595157113558842
1158,15.97,0.026349614395886897,-1.0,0.20000000000000004,0.7269187659043462,0.20000000000000004,0.20000000000000004,0.30000000000000004,0.20000000000000004,-0.1,0.1,0.20000000000000004,0,0,0.00790488431876607,0.0001,1.1187320527782378,1.1498723632688532,0.02708153659949685,0.0,0.005034143287475717
1159,15.83,-0.008766437069505358,-0.10250811278820038,0.18974918872118,0.7645923193553001,0.18974918872118,0.18974918872118,0.20000000000000004,0.18974918872118,-0.010250811278820049,0.0,0.20000000000000004,0,0,-0.001753287413901072,1.025081127882005e-05,1.1167591260394296,1.1498723632688532,0.028797315499686775,0.0017157789001899237,-0.004527363736115238
1160,17.09,0.07959570435881237,-1.0,0.08974918872117998,0.7560134228329927,0.08974918872117998,0.08974918872117998,0.18974918872118,0.08974918872117998,-0.1,0.0,0.18974918872118,0,0,0.015103220327775538,0.0001,1.133514109260453,1.1498723632688532,0.01422614764120167,0.0,0.010676929176838292
1161,15.17,-0.11234640140433001,1.0,0.18974918872118,0.8,0.18974918872118,0.18974918872118,0.08974918872117998,0.18974918872118,0.1,0.0,0.08974918872117998,0,1,-0.010082998381782655,0.0001,1.1219715369201262,1.1498723632688532,0.024264281184574837,0.010038133543373167,-0.013376101836168986
1162,16.9,0.11404087013843102,-1.0,0.08974918872117998,0.7786785919224586,0.08974918872117998,0.08974918872117998,0.18974918872118,0.1,-0.08974918872117998,0.1,0.08974918872117998,1,0,0.021639162589824727,8.974918872117998e-05,1.1461493653934893,1.1498723632688532,0.0032377488095984607,0.0,0.018687007977687107
1163,16.69,-0.012426035502958422,1.0,0.2,0.8,0.2,0.2,0.1,0.2,0.1,0.0,0.1,0,0,-0.0012426035502958422,0.0001,1.1446105411863428,1.1498723632688532,0.004576005346847523,0.0013382565372490624,-0.0037945417781993307
1164,16.23,-0.02756141402037153,-1.0,0.1,0.8,0.1,0.1,0.2,0.1,-0.1,0.1,0.1,0,0,-0.0055122828040743066,0.0001,1.1381866631286803,1.1498723632688532,0.010162606314802475,0.005586600967954952,-0.008483923654557161
1165,16.4,0.01047443006777561,-1.0,0.0,0.8,0.0,0.0,0.1,0.0,-0.1,0.0,0.1,0,0,0.001047443006777561,0.0001,1.1392650301230691,1.1498723632688532,0.009224791798308478,0.0,-0.0008497677702303324
1166,14.55,-0.11280487804878037,-0.6624776124954224,0.0,0.8,0.0,0.0,0.0,0.0,0.0,0.0,0.0,0,1,-0.0,0.0,1.1392650301230691,1.1498723632688532,0.009224791798308478,0.0,-0.001969679701731697
1167,14.0,-0.037800687285223414,-1.0,0.0,0.8,0.0,0.0,0.0,0.0,0.0,0.0,0.0,0,0,-0.0,0.0,1.1392650301230691,1.1498723632688532,0.009224791798308478,0.0,0.0
1168,14.02,0.0014285714285713982,-1.0,0.0,0.8,0.0,0.0,0.0,0.0,0.0,0.0,0.0,0,0,0.0,0.0,1.1392650301230691,1.1498723632688532,0.009224791798308478,0.0,0.0
1169,13.28,-0.052781740370898736,-1.0,0.0,0.8,0.0,0.0,0.0,0.0,0.0,0.0,0.0,0,0,-0.0,0.0,1.1392650301230691,1.1498723632688532,0.009224791798308478,0.0,0.0
1170,12.67,-0.045933734939759,-1.0,0.0,0.8,0.0,0.0,0.0,0.0,0.0,0.0,0.0,0,0,-0.0,0.0,1.1392650301230691,1.1498723632688532,0.009224791798308478,0.0,0.0
1171,12.58,-0.007103393843725324,-1.0,0.0,0.8,0.0,0.0,0.0,0.0,0.0,0.0,0.0,0,0,-0.0,0.0,1.1392650301230691,1.1498723632688532,0.009224791798308478,0.0,0.0
1172,12.6,0.00158982511923685,-1.0,0.0,0.8,0.0,0.0,0.0,0.0,0.0,0.0,0.0,0,0,0.0,0.0,1.1392650301230691,1.1498723632688532,0.009224791798308478,0.0,0.0
1173,12.5,-0.007936507936507908,-1.0,0.0,0.8,0.0,0.0,0.0,0.0,0.0,0.0,0.0,0,0,-0.0,0.0,1.1392650301230691,1.1498723632688532,0.009224791798308478,0.0,0.0
1174,12.36,-0.011200000000000045,-1.0,0.0,0.8,0.0,0.0,0.0,0.0,0.0,0.0,0.0,0,0,-0.0,0.0,1.1392650301230691,1.1498723632688532,0.009224791798308478,0.0,0.0
1175,12.26,-0.008090614886731363,-1.0,0.0,0.8,0.0,0.0,0.0,0.0,0.0,0.0,0.0,0,0,-0.0,0.0,1.1392650301230691,1.1498723632688532,0.009224791798308478,0.0,0.0
1176,13.02,0.06199021207177812,-1.0,0.0,0.8,0.0,0.0,0.0,0.0,0.0,0.0,0.0,0,0,0.0,0.0,1.1392650301230691,1.1498723632688532,0.009224791798308478,0.0,0.0
1177,12.68,-0.026113671274961586,-1.0,0.0,0.8,0.0,0.0,0.0,0.0,0.0,0.0,0.0,0,0,-0.0,0.0,1.1392650301230691,1.1498723632688532,0.009224791798308478,0.0,0.0
1178,13.45,0.060725552050473156,-1.0,0.0,0.8,0.0,0.0,0.0,0.0,0.0,0.0,0.0,0,0,0.0,0.0,1.1392650301230691,1.1498723632688532,0.009224791798308478,0.0,0.0
1179,14.25,0.05947955390334578,-1.0,0.0,0.8,0.0,0.0,0.0,0.0,0.0,0.0,0.0,0,0,0.0,0.0,1.1392650301230691,1.1498723632688532,0.009224791798308478,0.0,0.0
1180,14.06,-0.013333333333333298,-1.0,0.0,0.8,0.0,0.0,0.0,0.0,0.0,0.0,0.0,0,0,-0.0,0.0,1.1392650301230691,1.1498723632688532,0.009224791798308478,0.0,0.0
1181,13.31,-0.05334281650071124,-1.0,0.0,0.8,0.0,0.0,0.0,0.0,0.0,0.0,0.0,0,0,-0.0,0.0,1.1392650301230691,1.1498723632688532,0.009224791798308478,0.0,0.0
1182,13.13,-0.013523666416228378,-1.0,0.0,0.8,0.0,0.0,0.0,0.0,0.0,0.0,0.0,0,0,-0.0,0.0,1.1392650301230691,1.1498723632688532,0.009224791798308478,0.0,0.0
1183,12.72,-0.031226199543031234,-1.0,0.0,0.8,0.0,0.0,0.0,0.0,0.0,0.0,0.0,0,0,-0.0,0.0,1.1392650301230691,1.1498723632688532,0.009224791798308478,0.0,0.0
1184,14.2,0.11635220125786153,-1.0,0.0,0.8,0.0,0.0,0.0,0.0,0.0,0.0,0.0,1,0,0.0,0.0,1.1392650301230691,1.1498723632688532,0.009224791798308478,0.0,0.0
1185,14.69,0.03450704225352114,-1.0,0.0,0.8,0.0,0.0,0.0,0.0,0.0,0.0,0.0,0,0,0.0,0.0,1.1392650301230691,1.1498723632688532,0.009224791798308478,0.0,0.0
1186,15.8,0.07556160653505795,0.8723586797714233,0.08723586797714233,0.8,0.08723586797714233,0.08723586797714233,0.0,0.08723586797714233,0.08723586797714233,0.0,0.0,0,0,0.0,8.723586797714234e-05,1.1391656453493104,1.1498723632688532,0.00931122293356611,8.643113525763288e-05,-0.00036223311670331883
1187,15.93,0.008227848101265759,1.0,0.18723586797714234,0.8,0.18723586797714234,0.18723586797714234,0.08723586797714233,0.18723586797714234,0.1,0.08723586797714233,0.0,0,0,0.000717763470698001,0.0001,1.1398693802720814,1.1498723632688532,0.008699211596263936,0.0,-0.0017381517958385778
1188,15.95,0.001255492780916483,1.0,0.28723586797714235,0.8,0.28723586797714235,0.28723586797714235,0.18723586797714234,0.28723586797714235,0.1,0.1,0.08723586797714233,0,0,0.00023507328057393388,0.0001,1.1400233461687006,1.1498723632688532,0.008565313346738651,0.0,-0.0010941757588057792
1189,15.82,-0.008150470219435674,-1.0,0.18723586797714234,0.8,0.18723586797714234,0.18723586797714234,0.28723586797714235,0.18723586797714234,-0.1,0.1,0.18723586797714234,0,0,-0.0023411073879014556,0.0001,1.137240426755988,1.1498723632688532,0.010985511884949813,0.0024201985382111615,-0.005188922577105664
1190,15.73,-0.005689001264222494,-1.0,0.08723586797714233,0.8,0.08723586797714233,0.08723586797714233,0.18723586797714234,0.08723586797714233,-0.1,0.0,0.18723586797714234,0,0,-0.0010651850896297587,0.0001,1.1359153311674077,1.1498723632688532,0.01213789681992921,0.001152384934979397,-0.0058146067283369055
1191,16.83,0.0699300699300698,1.0,0.18723586797714234,0.8,0.18723586797714234,0.18723586797714234,0.08723586797714233,0.18723586797714234,0.1,0.0,0.08723586797714233,0,0,0.0061004103480518995,0.0001,1.1427312892750556,1.1498723632688532,0.006210318833559037,0.0,0.002939851722691569
1192,16.12,-0.04218657159833615,1.0,0.28723586797714235,0.8,0.28723586797714235,0.28723586797714235,0.18723586797714234,0.28723586797714235,0.1,0.1,0.08723586797714233,0,0,-0.00789883935019433,0.0001,1.133590765271704,1.1498723632688532,0.014159482841090164,0.007949164007531127,-0.009482887029417448
1193,15.93,-0.011786600496277994,-1.0,0.18723586797714234,0.8,0.18723586797714234,0.18723586797714234,0.28723586797714235,0.18723586797714234,-0.1,0.1,0.18723586797714234,0,0,-0.003385534424048226,0.0001,1.1296395956365664,1.1498723632688532,0.017595663900269096,0.0034361810591789325,-0.006632651281415716
1194,15.75,-0.01129943502824857,-1.0,0.08723586797714233,0.8,0.08723586797714233,0.08723586797714233,0.18723586797714234,0.08723586797714233,-0.1,0.0,0.18723586797714234,0,0,-0.002115659525165447,0.0001,1.1271366989064902,1.1498723632688532,0.0197723374251123,0.002176673524843204,-0.006897026167141088
1195,17.54,0.1136507936507936,1.0,0.18723586797714234,0.8,0.18723586797714234,0.18723586797714234,0.08723586797714233,0.08723586797714233,0.0,0.0,0.08723586797714233,1,0,0.009914425630418076,0.0,1.1383116118831134,1.1498723632688532,0.010053943163635136,0.0,0.005741973283065095
1196,19.25,0.09749144811858614,1.0,0.18723586797714234,0.8,0.18723586797714234,0.18723586797714234,0.08723586797714233,0.18723586797714234,0.1,0.0,0.08723586797714233,0,0,0.008504751096973401,0.0001,1.1478788376517854,1.1498723632688532,0.0017336929564952704,0.0,0.004800374530935723
1197,19.92,0.034805194805194895,1.0,0.28723586797714235,0.8,0.28723586797714235,0.28723586797714235,0.18723586797714234,0.28723586797714235,0.1,0.1,0.08723586797714233,0,0,0.0065167808594641915,0.0001,1.1552445246062135,1.1552445246062135,0.0,0.0,0.004801890449753703
1198,20.69,0.038654618473895556,1.0,0.3872358679771424,0.8,0.3872358679771424,0.3872358679771424,0.28723586797714235,0.3872358679771424,0.10000000000000003,0.1,0.18723586797714234,0,0,0.011102992888674671,0.00010000000000000003,1.1679556718951363,1.1679556718951363,0.0,0.0,0.011792956407925652
1199,20.54,-0.007249879168680625,1.0,0.48723586797714236,0.8,0.48723586797714236,0.48723586797714236,0.3872358679771424,0.48723586797714236,0.09999999999999998,0.10000000000000003,0.28723586797714235,0,0,-0.0028074132526134453,9.999999999999998e-05,1.1645599420962034,1.1679556718951363,0.0029074132526133753,0.0029074132526133753,0.00035826321297226064
1200,21.96,0.06913339824732238,-1.0,0.3872358679771424,0.8,0.3872358679771424,0.3872358679771424,0.48723586797714236,0.3872358679771424,-0.09999999999999998,0.09999999999999998,0.3872358679771424,0,0,0.033684271301243573,9.999999999999998e-05,1.2036708391381228,1.2036708391381228,0.0,0.0,0.034340198354363284
1201,24.36,0.10928961748633872,1.0,0.48723586797714236,0.8,0.48723586797714236,0.48723586797714236,0.3872358679771424,0.3872358679771424,0.0,0.0,0.3872358679771424,1,0,0.042320859888212256,0.0,1.2546112240728142,1.2546112240728142,0.0,0.0,0.04340693034282968
1202,23.93,-0.017651888341543503,1.0,0.48723586797714236,0.8,0.48723586797714236,0.48723586797714236,0.3872358679771424,0.48723586797714236,0.09999999999999998,0.0,0.3872358679771424,0,0,-0.0068354443033731985,9.999999999999998e-05,1.2459099378058702,1.2546112240728142,0.006935444303373296,0.006935444303373296,-0.0033462360513851286
1203,22.4,-0.06393648140409533,1.0,0.5872358679771423,0.8,0.5872358679771423,0.5872358679771423,0.48723586797714236,0.5872358679771423,0.09999999999999998,0.09999999999999998,0.3872358679771424,0,0,-0.03115214701232881,9.999999999999998e-05,1.2069725772654398,1.2546112240728142,0.03797084379073718,0.031035399487363884,-0.06733371108726266
1204,20.99,-0.06294642857142858,-1.0,0.48723586797714236,0.7101457767211012,0.48723586797714236,0.48723586797714236,0.5872358679771423,0.48723586797714236,-0.09999999999999998,0.09999999999999998,0.48723586797714236,0,0,-0.03696440061820406,9.999999999999998e-05,1.1622368621264874,1.2546112240728142,0.07362787784287007,0.03565703405213289,-0.08536323651096488
1205,20.91,-0.0038113387327297905,-1.0,0.3872358679771424,0.514825785907252,0.3872358679771424,0.3872358679771424,0.48723586797714236,0.3872358679771424,-0.09999999999999998,0.0,0.48723586797714236,0,0,-0.0018570209355965013,9.999999999999998e-05,1.159962340255184,1.2546112240728142,0.07544080748008444,0.0018129296372143694,-0.0014252447623161802
1206,20.88,-0.001434720229555291,-1.0,0.2872358679771424,0.5034949429357336,0.2872358679771424,0.2872358679771424,0.3872358679771424,0.2872358679771424,-0.09999999999999998,0.0,0.3872358679771424,0,0,-0.000555575133396208,9.999999999999998e-05,1.1592018977892367,1.2546112240728142,0.07604692549605332,0.0006061180159688817,-0.0020216051017277947
1207,21.7,0.03927203065134101,-1.0,0.1872358679771424,0.4997066952313224,0.1872358679771424,0.1872358679771424,0.2872358679771424,0.1872358679771424,-0.1,0.0,0.2872358679771424,0,0,0.011280335811362875,0.0001,1.1721621642796896,1.2546112240728142,0.06571681984915795,0.0,0.008167529701078376
1208,23.1,0.06451612903225816,-1.0,0.08723586797714239,0.5642698876568667,0.08723586797714239,0.08723586797714239,0.1872358679771424,0.08723586797714239,-0.1,0.0,0.1872358679771424,0,0,0.012079733417880172,0.0001,1.1862043545302856,1.2546112240728142,0.05452435641414162,0.0,0.0068907461392224405
1209,22.27,-0.03593073593073601,1.0,0.1872358679771424,0.6273782268209698,0.1872358679771424,0.1872358679771424,0.08723586797714239,0.1872358679771424,0.1,0.0,0.08723586797714239,0,0,-0.0031344489359752528,0.0001,1.182367637117926,1.2546112240728142,0.057582449103528416,0.003058092689386796,-0.006798083599680778
1210,22.48,0.009429726088908885,0.8319176435470581,0.2704276323318482,0.6120877541648636,0.2704276323318482,0.2704276323318482,0.1872358679771424,0.2704276323318482,0.0831917643547058,0.1,0.08723586797714239,0,0,0.0017655829490435594,8.31917643547058e-05,1.1843568420076744,1.2546112240728142,0.05599693412360419,0.0,5.2359984085112096e-05
1211,21.76,-0.032028469750889625,-1.0,0.17042763233184818,0.6200153209314043,0.17042763233184818,0.17042763233184818,0.2704276323318482,0.17042763233184818,-0.1,0.0831917643547058,0.1872358679771424,0,0,-0.0086613832419453,0.0001,1.1739802378196251,1.2546112240728142,0.06426770676531864,0.008270772641714448,-0.012241760175589571
1212,21.78,0.0009191176470588039,-1.0,0.07042763233184818,0.5733268134302608,0.07042763233184818,0.07042763233184818,0.17042763233184818,0.07042763233184818,-0.1,0.0,0.17042763233184818,0,0,0.00015664304442265122,0.0001,1.1740467356343873,1.2546112240728142,0.06421470403946518,0.0,-0.004427891449142033
1213,21.56,-0.010101010101010211,1.0,0.17042763233184818,0.5736580848700433,0.17042763233184818,0.17042763233184818,0.07042763233184818,0.17042763233184818,0.1,0.0,0.07042763233184818,0,0,-0.0007113902255742318,0.0001,1.1730941255887264,1.2546112240728142,0.06497399108184354,0.0007592870423783621,-0.003787464827917868
1214,21.7,0.00649350649350652,-1.0,0.07042763233184818,0.5689125772573375,0.07042763233184818,0.07042763233184818,0.17042763233184818,0.1,-0.07042763233184818,0.1,0.07042763233184818,0,0,0.0011066729372197978,7.042763233184817e-05,1.1743097388685595,1.2546112240728142,0.06400507477015385,0.0,-0.0026912715049919804
1215,22.14,0.020276497695852595,-0.9832534193992615,0.001674658060073858,0.5749682694679796,0.001674658060073858,0.001674658060073858,0.1,0.001674658060073858,-0.09832534193992615,0.0,0.1,0,0,0.0020276497695852595,9.832534193992615e-05,1.1765753633333804,1.2546112240728142,0.06219923689675585,0.0,-0.0032184841297363855
1216,20.43,-0.07723577235772361,1.0,0.10167465806007386,0.5862547582018831,0.10167465806007386,0.10167465806007386,0.001674658060073858,0.10167465806007386,0.1,0.0,0.001674658060073858,0,0,-0.00012934350870489152,0.0001,1.1763055234112978,1.2546112240728142,0.062414315414232084,0.00021507851747623596,-0.0037542423098858
1217,22.68,0.11013215859030837,-1.0,0.001674658060073858,0.5849105337638455,0.001674658060073858,0.001674658060073858,0.10167465806007386,0.1,-0.001674658060073858,0.1,0.001674658060073858,1,0,0.01119764956608743,1.674658060073858e-06,1.189475410535585,1.2546112240728142,0.051917129615483976,0.0,0.010726677116352036
1218,25.16,0.10934744268077604,-1.0,0.0,0.6404143586794695,0.0,0.0,0.1,0.0,-0.1,0.0,0.1,1,0,0.010934744268077605,0.0001,1.2023630724219045,1.2546112240728142,0.04164489416992283,0.0,0.007062838520082137
1219,24.01,-0.04570747217806036,1.0,0.1,0.6917755320695277,0.1,0.1,0.0,0.1,0.1,0.0,0.0,0,0,-0.0,0.0001,1.2022428361146624,1.2546112240728142,0.041740729680505774,9.583551058294643e-05,-0.004551418468334094
1220,23.43,-0.02415660141607671,0.37108179926872253,0.13710817992687227,0.6912963479784485,0.13710817992687227,0.13710817992687227,0.1,0.13710817992687227,0.037108179926872265,0.1,0.0,0,0,-0.0024156601416076714,3.710817992687227e-05,1.1992940129714487,1.2546112240728142,0.044091117662562136,0.0023503879820563622,-0.005326338033981682
1221,22.99,-0.01877934272300475,-1.0,0.037108179926872265,0.6795444168180539,0.037108179926872265,0.037108179926872265,0.13710817992687227,0.037108179926872265,-0.1,0.037108179926872265,0.1,0,0,-0.002574801500974135,0.0001,1.1960861395454434,1.2546112240728142,0.04664798417583277,0.0025568665132706322,-0.005001106573682844
1222,21.15,-0.08003479773814702,-1.0,0.0,0.6667600773308209,0.0,0.0,0.037108179926872265,0.0,-0.037108179926872265,0.0,0.037108179926872265,0,0,-0.002969945674877989,3.710817992687227e-05,1.1924894441088447,1.2546112240728142,0.04951476503000273,0.0028667808541699633,-0.0030998243046220417
1223,20.94,-0.009929078014184271,-1.0,0.0,0.6524261660910783,0.0,0.0,0.0,0.0,0.0,0.0,0.0,0,0,-0.0,0.0,1.1924894441088447,1.2546112240728142,0.04951476503000273,0.0,0.0
1224,21.56,0.029608404966571033,-1.0,0.0,0.6524261660910783,0.0,0.0,0.0,0.0,0.0,0.0,0.0,0,0,0.0,0.0,1.1924894441088447,1.2546112240728142,0.04951476503000273,0.0,0.0
1225,21.9,0.015769944341372907,-1.0,0.0,0.6524261660910783,0.0,0.0,0.0,0.0,0.0,0.0,0.0,0,0,0.0,0.0,1.1924894441088447,1.2546112240728142,0.04951476503000273,0.0,-0.0002881824122582517
1226,21.15,-0.03424657534246576,-1.0,0.0,0.6524261660910783,0.0,0.0,0.0,0.0,0.0,0.0,0.0,0,0,-0.0,0.0,1.1924894441088447,1.2546112240728142,0.04951476503000273,0.0,-0.0009720821168557717
1227,20.58,-0.026950354609929093,-1.0,0.0,0.6524261660910783,0.0,0.0,0.0,0.0,0.0,0.0,0.0,0,0,-0.0,0.0,1.1924894441088447,1.2546112240728142,0.04951476503000273,0.0,0.0
1228,20.71,0.006316812439261544,-1.0,0.0,0.6524261660910783,0.0,0.0,0.0,0.0,0.0,0.0,0.0,0,0,0.0,0.0,1.1924894441088447,1.2546112240728142,0.04951476503000273,0.0,0.0
1229,20.78,0.003380009657170463,-1.0,0.0,0.6524261660910783,0.0,0.0,0.0,0.0,0.0,0.0,0.0,0,0,0.0,0.0,1.1924894441088447,1.2546112240728142,0.04951476503000273,0.0,0.0
1230,21.12,0.016361886429258895,-1.0,0.0,0.6524261660910783,0.0,0.0,0.0,0.0,0.0,0.0,0.0,0,0,0.0,0.0,1.1924894441088447,1.2546112240728142,0.04951476503000273,0.0,0.0
1231,20.77,-0.016571969696969762,-1.0,0.0,0.6524261660910783,0.0,0.0,0.0,0.0,0.0,0.0,0.0,0,0,-0.0,0.0,1.1924894441088447,1.2546112240728142,0.04951476503000273,0.0,0.0
1232,20.95,0.008666345690900324,-1.0,0.0,0.6524261660910783,0.0,0.0,0.0,0.0,0.0,0.0,0.0,0,0,0.0,0.0,1.1924894441088447,1.2546112240728142,0.04951476503000273,0.0,0.0
1233,22.22,0.06062052505966585,-1.0,0.0,0.6524261660910783,0.0,0.0,0.0,0.0,0.0,0.0,0.0,0,0,0.0,0.0,1.1924894441088447,1.2546112240728142,0.04951476503000273,0.0,0.0
1234,23.43,0.0544554455445545,0.6222389936447144,0.06222389936447144,0.6524261660910783,0.06222389936447144,0.06222389936447144,0.0,0.06222389936447144,0.06222389936447144,0.0,0.0,0,0,0.0,6.222389936447144e-05,1.1924152427656813,1.2546112240728142,0.04957390792761089,5.914289760815955e-05,-0.0010993434681954837
1235,22.63,-0.034144259496372203,1.0,0.16222389936447146,0.6521304525471938,0.16222389936447146,0.16222389936447146,0.06222389936447144,0.16222389936447146,0.10000000000000002,0.06222389936447144,0.0,0,0,-0.0021245889667766624,0.00010000000000000002,1.1897626089728084,1.2546112240728142,0.051688215325771864,0.0021143073981609722,-0.0040882670208709886
1236,20.7,-0.08528501988510825,-1.0,0.06222389936447145,0.6415589168707403,0.06222389936447145,0.06222389936447145,0.16222389936447146,0.10000000000000002,-0.06222389936447144,0.10000000000000002,0.06222389936447144,0,0,-0.013835268483138749,6.222389936447144e-05,1.1732278921776216,1.2546112240728142,0.06486737112952003,0.013179155803748163,-0.02119747996848476
1237,19.95,-0.036231884057971016,-1.0,1.3877787807814457e-17,0.5695789385594582,1.3877787807814457e-17,1.3877787807814457e-17,0.10000000000000002,1.3877787807814457e-17,-0.1,0.0,0.10000000000000002,0,0,-0.0036231884057971024,0.0001,1.168859743692108,1.2546112240728142,0.06834904609121324,0.0034816749616932152,-0.003973188405797102
1238,19.95,0.0,-1.0,0.0,0.5478184469057253,0.0,0.0,1.3877787807814457e-17,0.0,-1.3877787807814457e-17,0.0,1.3877787807814457e-17,0,0,0.0,1.3877787807814457e-20,1.168859743692108,1.2546112240728142,0.06834904609121324,0.0,-4.85722573273506e-20
1239,19.85,-0.005012531328320695,-1.0,0.0,0.5478184469057253,0.0,0.0,0.0,0.0,0.0,0.0,0.0,0,0,-0.0,0.0,1.168859743692108,1.2546112240728142,0.06834904609121324,0.0,0.0
1240,19.84,-0.0005037783375315648,-1.0,0.0,0.5478184469057253,0.0,0.0,0.0,0.0,0.0,0.0,0.0,0,0,-0.0,0.0,1.168859743692108,1.2546112240728142,0.06834904609121324,0.0,0.0
1241,19.34,-0.02520161290322581,-1.0,0.0,0.5478184469057253,0.0,0.0,0.0,0.0,0.0,0.0,0.0,0,0,-0.0,0.0,1.168859743692108,1.2546112240728142,0.06834904609121324,0.0,0.0
1242,19.36,0.0010341261633919118,-1.0,0.0,0.5478184469057253,0.0,0.0,0.0,0.0,0.0,0.0,0.0,0,0,0.0,0.0,1.168859743692108,1.2546112240728142,0.06834904609121324,0.0,0.0
1243,18.55,-0.04183884297520655,-1.0,0.0,0.5478184469057253,0.0,0.0,0.0,0.0,0.0,0.0,0.0,0,0,-0.0,0.0,1.168859743692108,1.2546112240728142,0.06834904609121324,0.0,0.0
1244,18.86,0.01671159029649589,-1.0,0.0,0.5478184469057253,0.0,0.0,0.0,0.0,0.0,0.0,0.0,0,0,0.0,0.0,1.168859743692108,1.2546112240728142,0.06834904609121324,0.0,0.0
1245,20.9,0.10816542948038171,-1.0,0.0,0.5478184469057253,0.0,0.0,0.0,0.0,0.0,0.0,0.0,1,0,0.0,0.0,1.168859743692108,1.2546112240728142,0.06834904609121324,0.0,0.0
1246,19.79,-0.05311004784688993,-1.0,0.0,0.5478184469057253,0.0,0.0,0.0,0.0,0.0,0.0,0.0,0,0,-0.0,0.0,1.168859743692108,1.2546112240728142,0.06834904609121324,0.0,0.0
1247,20.88,0.05507832238504295,-1.0,0.0,0.5478184469057253,0.0,0.0,0.0,0.0,0.0,0.0,0.0,0,0,0.0,0.0,1.168859743692108,1.2546112240728142,0.06834904609121324,0.0,0.0
1248,18.77,-0.10105363984674327,0.22934949398040771,0.022934949398040774,0.5478184469057253,0.022934949398040774,0.022934949398040774,0.0,0.022934949398040774,0.022934949398040774,0.0,0.0,0,1,-0.0,2.2934949398040776e-05,1.168832935953033,1.2546112240728142,0.06837041345869782,2.1367367484578792e-05,-0.0006717171641654816
1249,19.13,0.01917954182205644,-1.0,0.0,0.5476848952485288,0.0,0.0,0.022934949398040774,0.022934949398040774,-0.0,0.022934949398040774,0.0,0,0,0.00043988182116647123,0.0,1.1693470843135392,1.2546112240728142,0.06796060653951758,0.0,0.00042580524438531235
1250,20.04,0.04756926293779405,-1.0,0.0,0.5502462185931722,0.0,0.0,0.022934949398040774,0.0,-0.022934949398040774,0.0,0.022934949398040774,0,0,0.001090998638380403,2.2934949398040776e-05,1.1705960214741118,1.2546112240728142,0.06696512910666134,0.0,0.0010107263154872602
1251,20.25,0.010479041916167707,-1.0,0.0,0.5564679656188642,0.0,0.0,0.0,0.0,0.0,0.0,0.0,0,0,0.0,0.0,1.1705960214741118,1.2546112240728142,0.06696512910666134,0.0,0.0
1252,20.36,0.005432098765432071,-1.0,0.0,0.5564679656188642,0.0,0.0,0.0,0.0,0.0,0.0,0.0,0,0,0.0,0.0,1.1705960214741118,1.2546112240728142,0.06696512910666134,0.0,0.0
1253,19.7,-0.03241650294695482,-1.0,0.0,0.5564679656188642,0.0,0.0,0.0,0.0,0.0,0.0,0.0,0,0,-0.0,0.0,1.1705960214741118,1.2546112240728142,0.06696512910666134,0.0,0.0
1254,19.44,-0.013197969543147108,-1.0,0.0,0.5564679656188642,0.0,0.0,0.0,0.0,0.0,0.0,0.0,0,0,-0.0,0.0,1.1705960214741118,1.2546112240728142,0.06696512910666134,0.0,0.0
1255,18.76,-0.034979423868312744,-1.0,0.0,0.5564679656188642,0.0,0.0,0.0,0.0,0.0,0.0,0.0,0,0,-0.0,0.0,1.1705960214741118,1.2546112240728142,0.06696512910666134,0.0,0.0
1256,18.67,-0.004797441364605535,-1.0,0.0,0.5564679656188642,0.0,0.0,0.0,0.0,0.0,0.0,0.0,0,0,-0.0,0.0,1.1705960214741118,1.2546112240728142,0.06696512910666134,0.0,0.0
1257,17.65,-0.05463310123192303,-1.0,0.0,0.5564679656188642,0.0,0.0,0.0,0.0,0.0,0.0,0.0,0,0,-0.0,0.0,1.1705960214741118,1.2546112240728142,0.06696512910666134,0.0,0.0
1258,17.53,-0.006798866855523935,-1.0,0.0,0.5564679656188642,0.0,0.0,0.0,0.0,0.0,0.0,0.0,0,0,-0.0,0.0,1.1705960214741118,1.2546112240728142,0.06696512910666134,0.0,0.0
1259,17.91,0.02167712492869361,-1.0,0.0,0.5564679656188642,0.0,0.0,0.0,0.0,0.0,0.0,0.0,0,0,0.0,0.0,1.1705960214741118,1.2546112240728142,0.06696512910666134,0.0,0.0
1260,17.73,-0.010050251256281392,-1.0,0.0,0.5564679656188642,0.0,0.0,0.0,0.0,0.0,0.0,0.0,0,0,-0.0,0.0,1.1705960214741118,1.2546112240728142,0.06696512910666134,0.0,0.0
1261,17.31,-0.023688663282572006,-1.0,0.0,0.5564679656188642,0.0,0.0,0.0,0.0,0.0,0.0,0.0,0,0,-0.0,0.0,1.1705960214741118,1.2546112240728142,0.06696512910666134,0.0,0.0
1262,17.04,-0.015597920277296336,-1.0,0.0,0.5564679656188642,0.0,0.0,0.0,0.0,0.0,0.0,0.0,0,0,-0.0,0.0,1.1705960214741118,1.2546112240728142,0.06696512910666134,0.0,0.0
1263,16.58,-0.026995305164319302,-1.0,0.0,0.5564679656188642,0.0,0.0,0.0,0.0,0.0,0.0,0.0,0,0,-0.0,0.0,1.1705960214741118,1.2546112240728142,0.06696512910666134,0.0,0.0
1264,16.75,0.010253317249698536,-1.0,0.0,0.5564679656188642,0.0,0.0,0.0,0.0,0.0,0.0,0.0,0,0,0.0,0.0,1.1705960214741118,1.2546112240728142,0.06696512910666134,0.0,0.0
1265,16.93,0.010746268656716402,-1.0,0.0,0.5564679656188642,0.0,0.0,0.0,0.0,0.0,0.0,0.0,0,0,0.0,0.0,1.1705960214741118,1.2546112240728142,0.06696512910666134,0.0,0.0
1266,16.85,-0.004725339633786078,-1.0,0.0,0.5564679656188642,0.0,0.0,0.0,0.0,0.0,0.0,0.0,0,0,-0.0,0.0,1.1705960214741118,1.2546112240728142,0.06696512910666134,0.0,0.0
1267,16.76,-0.005341246290801178,-1.0,0.0,0.5564679656188642,0.0,0.0,0.0,0.0,0.0,0.0,0.0,0,0,-0.0,0.0,1.1705960214741118,1.2546112240728142,0.06696512910666134,0.0,0.0
1268,18.39,0.09725536992840089,-1.0,0.0,0.5564679656188642,0.0,0.0,0.0,0.0,0.0,0.0,0.0,0,0,0.0,0.0,1.1705960214741118,1.2546112240728142,0.06696512910666134,0.0,0.0
1269,17.74,-0.03534529635671572,-0.0995713621377945,0.0,0.5564679656188642,0.0,0.0,0.0,0.0,0.0,0.0,0.0,0,0,-0.0,0.0,1.1705960214741118,1.2546112240728142,0.06696512910666134,0.0,0.0
1270,18.18,0.024802705749718226,-1.0,0.0,0.5564679656188642,0.0,0.0,0.0,0.0,0.0,0.0,0.0,0,0,0.0,0.0,1.1705960214741118,1.2546112240728142,0.06696512910666134,0.0,0.0
1271,18.25,0.003850385038503866,-1.0,0.0,0.5564679656188642,0.0,0.0,0.0,0.0,0.0,0.0,0.0,0,0,0.0,0.0,1.1705960214741118,1.2546112240728142,0.06696512910666134,0.0,0.0
1272,18.15,-0.005479452054794599,-1.0,0.0,0.5564679656188642,0.0,0.0,0.0,0.0,0.0,0.0,0.0,0,0,-0.0,0.0,1.1705960214741118,1.2546112240728142,0.06696512910666134,0.0,0.0
1273,17.71,-0.024242424242424118,-1.0,0.0,0.5564679656188642,0.0,0.0,0.0,0.0,0.0,0.0,0.0,0,0,-0.0,0.0,1.1705960214741118,1.2546112240728142,0.06696512910666134,0.0,0.0
1274,17.31,-0.0225861095426314,-1.0,0.0,0.5564679656188642,0.0,0.0,0.0,0.0,0.0,0.0,0.0,0,0,-0.0,0.0,1.1705960214741118,1.2546112240728142,0.06696512910666134,0.0,0.0
1275,17.62,0.017908723281340397,-1.0,0.0,0.5564679656188642,0.0,0.0,0.0,0.0,0.0,0.0,0.0,0,0,0.0,0.0,1.1705960214741118,1.2546112240728142,0.06696512910666134,0.0,0.0
1276,17.2,-0.023836549375709518,-1.0,0.0,0.5564679656188642,0.0,0.0,0.0,0.0,0.0,0.0,0.0,0,0,-0.0,0.0,1.1705960214741118,1.2546112240728142,0.06696512910666134,0.0,0.0
1277,16.33,-0.050581395348837266,-1.0,0.0,0.5564679656188642,0.0,0.0,0.0,0.0,0.0,0.0,0.0,0,0,-0.0,0.0,1.1705960214741118,1.2546112240728142,0.06696512910666134,0.0,0.0
1278,15.87,-0.028169014084506987,-1.0,0.0,0.5564679656188642,0.0,0.0,0.0,0.0,0.0,0.0,0.0,0,0,-0.0,0.0,1.1705960214741118,1.2546112240728142,0.06696512910666134,0.0,0.0
1279,15.73,-0.008821676118462431,-1.0,0.0,0.5564679656188642,0.0,0.0,0.0,0.0,0.0,0.0,0.0,0,0,-0.0,0.0,1.1705960214741118,1.2546112240728142,0.06696512910666134,0.0,0.0
1280,15.37,-0.022886204704386598,-1.0,0.0,0.5564679656188642,0.0,0.0,0.0,0.0,0.0,0.0,0.0,0,0,-0.0,0.0,1.1705960214741118,1.2546112240728142,0.06696512910666134,0.0,0.0
1281,14.98,-0.025374105400130045,-1.0,0.0,0.5564679656188642,0.0,0.0,0.0,0.0,0.0,0.0,0.0,0,0,-0.0,0.0,1.1705960214741118,1.2546112240728142,0.06696512910666134,0.0,0.0
1282,14.62,-0.02403204272363159,-1.0,0.0,0.5564679656188642,0.0,0.0,0.0,0.0,0.0,0.0,0.0,0,0,-0.0,0.0,1.1705960214741118,1.2546112240728142,0.06696512910666134,0.0,0.0
1283,13.0,-0.11080711354309161,-1.0,0.0,0.5564679656188642,0.0,0.0,0.0,0.0,0.0,0.0,0.0,0,1,-0.0,0.0,1.1705960214741118,1.2546112240728142,0.06696512910666134,0.0,0.0
1284,12.21,-0.0607692307692307,-1.0,0.0,0.5564679656188642,0.0,0.0,0.0,0.0,0.0,0.0,0.0,0,0,-0.0,0.0,1.1705960214741118,1.2546112240728142,0.06696512910666134,0.0,0.0
1285,11.99,-0.01801801801801807,-1.0,0.0,0.5564679656188642,0.0,0.0,0.0,0.0,0.0,0.0,0.0,0,0,-0.0,0.0,1.1705960214741118,1.2546112240728142,0.06696512910666134,0.0,0.0
1286,12.28,0.024186822351959895,-1.0,0.0,0.5564679656188642,0.0,0.0,0.0,0.0,0.0,0.0,0.0,0,0,0.0,0.0,1.1705960214741118,1.2546112240728142,0.06696512910666134,0.0,0.0
1287,12.52,0.019543973941368097,-1.0,0.0,0.5564679656188642,0.0,0.0,0.0,0.0,0.0,0.0,0.0,0,0,0.0,0.0,1.1705960214741118,1.2546112240728142,0.06696512910666134,0.0,0.0
1288,13.05,0.04233226837060712,-1.0,0.0,0.5564679656188642,0.0,0.0,0.0,0.0,0.0,0.0,0.0,0,0,0.0,0.0,1.1705960214741118,1.2546112240728142,0.06696512910666134,0.0,0.0
1289,13.17,0.009195402298850514,-1.0,0.0,0.5564679656188642,0.0,0.0,0.0,0.0,0.0,0.0,0.0,0,0,0.0,0.0,1.1705960214741118,1.2546112240728142,0.06696512910666134,0.0,0.0
1290,12.98,-0.014426727410782042,-1.0,0.0,0.5564679656188642,0.0,0.0,0.0,0.0,0.0,0.0,0.0,0,0,-0.0,0.0,1.1705960214741118,1.2546112240728142,0.06696512910666134,0.0,0.0
1291,13.05,0.0053929121725732115,-1.0,0.0,0.5564679656188642,0.0,0.0,0.0,0.0,0.0,0.0,0.0,0,0,0.0,0.0,1.1705960214741118,1.2546112240728142,0.06696512910666134,0.0,0.0
1292,13.2,0.011494252873563109,-1.0,0.0,0.5564679656188642,0.0,0.0,0.0,0.0,0.0,0.0,0.0,0,0,0.0,0.0,1.1705960214741118,1.2546112240728142,0.06696512910666134,0.0,0.0
1293,13.42,0.016666666666666715,-1.0,0.0,0.5564679656188642,0.0,0.0,0.0,0.0,0.0,0.0,0.0,0,0,0.0,0.0,1.1705960214741118,1.2546112240728142,0.06696512910666134,0.0,0.0
1294,13.84,0.03129657228017883,-1.0,0.0,0.5564679656188642,0.0,0.0,0.0,0.0,0.0,0.0,0.0,0,0,0.0,0.0,1.1705960214741118,1.2546112240728142,0.06696512910666134,0.0,0.0
1295,13.75,-0.0065028901734103944,-1.0,0.0,0.5564679656188642,0.0,0.0,0.0,0.0,0.0,0.0,0.0,0,0,-0.0,0.0,1.1705960214741118,1.2546112240728142,0.06696512910666134,0.0,0.0
1296,14.04,0.02109090909090903,-1.0,0.0,0.5564679656188642,0.0,0.0,0.0,0.0,0.0,0.0,0.0,0,0,0.0,0.0,1.1705960214741118,1.2546112240728142,0.06696512910666134,0.0,0.0
1297,13.86,-0.012820512820512801,-1.0,0.0,0.5564679656188642,0.0,0.0,0.0,0.0,0.0,0.0,0.0,0,0,-0.0,0.0,1.1705960214741118,1.2546112240728142,0.06696512910666134,0.0,0.0
1298,14.56,0.05050505050505059,-1.0,0.0,0.5564679656188642,0.0,0.0,0.0,0.0,0.0,0.0,0.0,0,0,0.0,0.0,1.1705960214741118,1.2546112240728142,0.06696512910666134,0.0,0.0
1299,14.82,0.017857142857142842,0.8409978151321411,0.08409978151321412,0.5564679656188642,0.08409978151321412,0.08409978151321412,0.0,0.08409978151321412,0.08409978151321412,0.0,0.0,0,0,0.0,8.409978151321412e-05,1.1704975746044655,1.2546112240728142,0.06704359713544777,7.846802878642978e-05,-0.0003490527681545201
1300,14.86,0.00269905533063422,-1.0,0.0,0.555977531151084,0.0,0.0,0.08409978151321412,0.08409978151321412,-0.0,0.08409978151321412,0.0,0,0,0.00022698996359841382,0.0,1.170763265806317,1.2546112240728142,0.06683182539552265,0.0,0.00017228643074014314
1301,14.39,-0.03162853297442792,-1.0,0.0,0.5573010802279657,0.0,0.0,0.08409978151321412,0.0,-0.08409978151321412,0.0,0.08409978151321412,0,0,-0.0026599527127328768,8.409978151321412e-05,1.1675506299466094,1.2546112240728142,0.06939248785259716,0.0025606624570745085,-0.003587839044909415
1302,14.8,0.0284920083391244,-0.16421741247177124,0.0,0.541296953709401,0.0,0.0,0.0,0.0,0.0,0.0,0.0,0,0,0.0,0.0,1.1675506299466094,1.2546112240728142,0.06939248785259716,0.0,-2.6308265806374577e-05
1303,14.57,-0.01554054054054057,1.0,0.1,0.541296953709401,0.1,0.1,0.0,0.1,0.1,0.0,0.0,0,0,-0.0,0.0001,1.1674338748836148,1.2546112240728142,0.06948554860381183,9.306075121466584e-05,-0.001623323945737116
1304,14.41,-0.010981468771448191,-1.0,0.0,0.5407153427615682,0.0,0.0,0.1,0.1,-0.0,0.1,0.0,0,0,-0.0010981468771448192,0.0,1.1661518610196384,1.2546112240728142,0.0705073901427506,0.001021841538938778,-0.0038163640429697246
1305,14.02,-0.027064538514920234,-1.0,0.0,0.5343287982063022,0.0,0.0,0.1,0.0,-0.1,0.0,0.1,0,0,-0.0027064538514920237,0.0001,1.1628791096378552,1.2546112240728142,0.07311596825761787,0.0026085781148672688,-0.007436057117936261
1306,14.17,0.01069900142653355,0.5873645544052124,0.058736455440521244,0.5180252049138774,0.058736455440521244,0.058736455440521244,0.0,0.058736455440521244,0.058736455440521244,0.0,0.0,0,0,0.0,5.873645544052125e-05,1.1628108062408493,1.2546112240728142,0.0731704101402468,5.444188262893057e-05,-0.003297379520519261
1307,13.85,-0.02258292166549049,-1.0,0.0,0.5176849462112502,0.0,0.0,0.058736455440521244,0.058736455440521244,-0.0,0.058736455440521244,0.0,0,0,-0.001326440772121864,0.0,1.1612684065771877,1.2546112240728142,0.07439979469704569,0.0012293845567988848,-0.004290604723756817
1308,13.34,-0.03682310469314078,-1.0,0.0,0.5100013021402209,0.0,0.0,0.058736455440521244,0.0,-0.058736455440521244,0.0,0.058736455440521244,0,0,-0.002162858647990312,5.873645544052125e-05,1.158688538371367,1.2546112240728142,0.0764561035808812,0.0020563088838355115,-0.004702369414028195
1309,13.6,0.019490254872563704,-1.0,0.0,0.49714933000762096,0.0,0.0,0.0,0.0,0.0,0.0,0.0,0,0,0.0,0.0,1.158688538371367,1.2546112240728142,0.0764561035808812,0.0,0.0
1310,13.4,-0.014705882352941124,-1.0,0.0,0.49714933000762096,0.0,0.0,0.0,0.0,0.0,0.0,0.0,0,0,-0.0,0.0,1.158688538371367,1.2546112240728142,0.0764561035808812,0.0,-0.00040588057021398243
1311,13.55,0.011194029850746294,-1.0,0.0,0.49714933000762096,0.0,0.0,0.0,0.0,0.0,0.0,0.0,0,0,0.0,0.0,1.158688538371367,1.2546112240728142,0.0764561035808812,0.0,-0.00016513626601683305
1312,13.6,0.0036900369003689247,-1.0,0.0,0.49714933000762096,0.0,0.0,0.0,0.0,0.0,0.0,0.0,0,0,0.0,0.0,1.158688538371367,1.2546112240728142,0.0764561035808812,0.0,-0.0004425832316847548
1313,13.23,-0.027205882352941118,-1.0,0.0,0.49714933000762096,0.0,0.0,0.0,0.0,0.0,0.0,0.0,0,0,-0.0,0.0,1.158688538371367,1.2546112240728142,0.0764561035808812,0.0,-0.0002805621514091494
1314,12.6,-0.04761904761904768,-1.0,0.0,0.49714933000762096,0.0,0.0,0.0,0.0,0.0,0.0,0.0,0,0,-0.0,0.0,1.158688538371367,1.2546112240728142,0.0764561035808812,0.0,0.0
1315,12.7,0.007936507936507908,-1.0,0.0,0.49714933000762096,0.0,0.0,0.0,0.0,0.0,0.0,0.0,0,0,0.0,0.0,1.158688538371367,1.2546112240728142,0.0764561035808812,0.0,0.0
1316,12.78,0.006299212598425203,-1.0,0.0,0.49714933000762096,0.0,0.0,0.0,0.0,0.0,0.0,0.0,0,0,0.0,0.0,1.158688538371367,1.2546112240728142,0.0764561035808812,0.0,0.0
1317,14.21,0.11189358372456976,-1.0,0.0,0.49714933000762096,0.0,0.0,0.0,0.0,0.0,0.0,0.0,1,0,0.0,0.0,1.158688538371367,1.2546112240728142,0.0764561035808812,0.0,0.0
1318,14.04,-0.011963406052076122,0.24648845195770264,0.024648845195770264,0.49714933000762096,0.024648845195770264,0.024648845195770264,0.0,0.024648845195770264,0.024648845195770264,0.0,0.0,0,0,-0.0,2.4648845195770263e-05,1.1586599780369544,1.2546112240728142,0.07647886787141564,2.2764290534438292e-05,-0.0010198037705739507
1319,13.71,-0.023504273504273383,-1.0,0.0,0.497007070484352,0.0,0.0,0.024648845195770264,0.024648845195770264,-0.0,0.024648845195770264,0.0,0,0,-0.0005793531990458793,0.0,1.1579887046720723,1.2546112240728142,0.07701391279370082,0.0005350449222851772,-0.0005945070455050324
1320,13.53,-0.013129102844639058,-1.0,0.0,0.49366306364802126,0.0,0.0,0.024648845195770264,0.0,-0.024648845195770264,0.0,0.024648845195770264,0,0,-0.00032361722357685517,2.4648845195770263e-05,1.157585416498213,1.2546112240728142,0.0773353575298241,0.0003214447361232775,-0.0004098881817620511
1321,13.45,-0.005912786400591284,-1.0,0.0,0.491654014590111,0.0,0.0,0.0,0.0,0.0,0.0,0.0,0,0,-0.0,0.0,1.157585416498213,1.2546112240728142,0.0773353575298241,0.0,0.0
1322,13.23,-0.01635687732341999,-1.0,0.0,0.491654014590111,0.0,0.0,0.0,0.0,0.0,0.0,0.0,0,0,-0.0,0.0,1.157585416498213,1.2546112240728142,0.0773353575298241,0.0,0.0
1323,13.48,0.01889644746787604,-1.0,0.0,0.491654014590111,0.0,0.0,0.0,0.0,0.0,0.0,0.0,0,0,0.0,0.0,1.157585416498213,1.2546112240728142,0.0773353575298241,0.0,0.0
1324,13.62,0.010385756676557773,-1.0,0.0,0.491654014590111,0.0,0.0,0.0,0.0,0.0,0.0,0.0,0,0,0.0,0.0,1.157585416498213,1.2546112240728142,0.0773353575298241,0.0,0.0
1325,13.0,-0.045521292217327404,-1.0,0.0,0.491654014590111,0.0,0.0,0.0,0.0,0.0,0.0,0.0,0,0,-0.0,0.0,1.157585416498213,1.2546112240728142,0.0773353575298241,0.0,0.0
1326,13.02,0.0015384615384615057,-1.0,0.0,0.491654014590111,0.0,0.0,0.0,0.0,0.0,0.0,0.0,0,0,0.0,0.0,1.157585416498213,1.2546112240728142,0.0773353575298241,0.0,0.0
1327,12.77,-0.019201228878648235,-1.0,0.0,0.491654014590111,0.0,0.0,0.0,0.0,0.0,0.0,0.0,0,0,-0.0,0.0,1.157585416498213,1.2546112240728142,0.0773353575298241,0.0,0.0
1328,12.66,-0.008613938919342165,-1.0,0.0,0.491654014590111,0.0,0.0,0.0,0.0,0.0,0.0,0.0,0,0,-0.0,0.0,1.157585416498213,1.2546112240728142,0.0773353575298241,0.0,0.0
1329,12.32,-0.026856240126382293,-1.0,0.0,0.491654014590111,0.0,0.0,0.0,0.0,0.0,0.0,0.0,0,0,-0.0,0.0,1.157585416498213,1.2546112240728142,0.0773353575298241,0.0,0.0
1330,12.38,0.004870129870129911,-1.0,0.0,0.491654014590111,0.0,0.0,0.0,0.0,0.0,0.0,0.0,0,0,0.0,0.0,1.157585416498213,1.2546112240728142,0.0773353575298241,0.0,0.0
1331,13.25,0.07027463651050074,-1.0,0.0,0.491654014590111,0.0,0.0,0.0,0.0,0.0,0.0,0.0,0,0,0.0,0.0,1.157585416498213,1.2546112240728142,0.0773353575298241,0.0,0.0
1332,13.57,0.024150943396226438,-1.0,0.0,0.491654014590111,0.0,0.0,0.0,0.0,0.0,0.0,0.0,0,0,0.0,0.0,1.157585416498213,1.2546112240728142,0.0773353575298241,0.0,0.0
1333,12.65,-0.06779661016949153,-0.05837855488061905,0.0,0.491654014590111,0.0,0.0,0.0,0.0,0.0,0.0,0.0,0,0,-0.0,0.0,1.157585416498213,1.2546112240728142,0.0773353575298241,0.0,-0.00039045412261972604
1334,12.33,-0.025296442687747056,-1.0,0.0,0.491654014590111,0.0,0.0,0.0,0.0,0.0,0.0,0.0,0,0,-0.0,0.0,1.157585416498213,1.2546112240728142,0.0773353575298241,0.0,0.0
1335,11.92,-0.033252230332522316,-1.0,0.0,0.491654014590111,0.0,0.0,0.0,0.0,0.0,0.0,0.0,0,0,-0.0,0.0,1.157585416498213,1.2546112240728142,0.0773353575298241,0.0,0.0
1336,11.75,-0.014261744966442946,-1.0,0.0,0.491654014590111,0.0,0.0,0.0,0.0,0.0,0.0,0.0,0,0,-0.0,0.0,1.157585416498213,1.2546112240728142,0.0773353575298241,0.0,0.0
1337,11.53,-0.018723404255319202,-1.0,0.0,0.491654014590111,0.0,0.0,0.0,0.0,0.0,0.0,0.0,0,0,-0.0,0.0,1.157585416498213,1.2546112240728142,0.0773353575298241,0.0,0.0
1338,11.64,0.009540329575021787,-1.0,0.0,0.491654014590111,0.0,0.0,0.0,0.0,0.0,0.0,0.0,0,0,0.0,0.0,1.157585416498213,1.2546112240728142,0.0773353575298241,0.0,0.0
1339,11.36,-0.02405498281786951,-1.0,0.0,0.491654014590111,0.0,0.0,0.0,0.0,0.0,0.0,0.0,0,0,-0.0,0.0,1.157585416498213,1.2546112240728142,0.0773353575298241,0.0,0.0
1340,11.6,0.021126760563380302,-1.0,0.0,0.491654014590111,0.0,0.0,0.0,0.0,0.0,0.0,0.0,0,0,0.0,0.0,1.157585416498213,1.2546112240728142,0.0773353575298241,0.0,0.0
1341,11.31,-0.02499999999999993,-1.0,0.0,0.491654014590111,0.0,0.0,0.0,0.0,0.0,0.0,0.0,0,0,-0.0,0.0,1.157585416498213,1.2546112240728142,0.0773353575298241,0.0,0.0
1342,11.17,-0.01237842617152967,-1.0,0.0,0.491654014590111,0.0,0.0,0.0,0.0,0.0,0.0,0.0,0,0,-0.0,0.0,1.157585416498213,1.2546112240728142,0.0773353575298241,0.0,0.0
1343,11.36,0.017009847806624845,-1.0,0.0,0.491654014590111,0.0,0.0,0.0,0.0,0.0,0.0,0.0,0,0,0.0,0.0,1.157585416498213,1.2546112240728142,0.0773353575298241,0.0,0.0
1344,11.13,-0.02024647887323932,-1.0,0.0,0.491654014590111,0.0,0.0,0.0,0.0,0.0,0.0,0.0,0,0,-0.0,0.0,1.157585416498213,1.2546112240728142,0.0773353575298241,0.0,0.0
1345,12.16,0.09254267744833776,-1.0,0.0,0.491654014590111,0.0,0.0,0.0,0.0,0.0,0.0,0.0,0,0,0.0,0.0,1.157585416498213,1.2546112240728142,0.0773353575298241,0.0,0.0
1346,12.65,0.04029605263157896,-1.0,0.0,0.491654014590111,0.0,0.0,0.0,0.0,0.0,0.0,0.0,0,0,0.0,0.0,1.157585416498213,1.2546112240728142,0.0773353575298241,0.0,0.0
1347,12.85,0.01581027667984184,1.0,0.1,0.491654014590111,0.1,0.1,0.0,0.1,0.1,0.0,0.0,0,0,0.0,0.0001,1.157469657956563,1.2546112240728142,0.07742762399407109,9.226646424699558e-05,-0.00041818805382608123
1348,12.95,0.0077821011673151474,-1.0,0.0,0.49107733965192346,0.0,0.0,0.1,0.1,-0.0,0.1,0.0,0,0,0.0007782101167315147,0.0,1.1583704125541947,1.2546112240728142,0.07670966883764621,0.0,-5.907951493058143e-05
1349,12.95,0.0,-1.0,0.0,0.4955645915146949,0.0,0.0,0.1,0.0,-0.1,0.0,0.1,0,0,0.0,0.0001,1.1582545755129392,1.2546112240728142,0.07680199787076251,9.232903311630347e-05,-0.001966188894756999
1350,13.53,0.0447876447876448,1.0,0.1,0.49498749748134885,0.1,0.1,0.0,0.1,0.1,0.0,0.0,0,0,0.0,0.0001,1.158138750055388,1.2546112240728142,0.07689431767097543,9.231980021291719e-05,-0.001996111887022427
1351,12.86,-0.049519586104951954,0.7438251972198486,0.17438251972198487,0.4944104965802602,0.17438251972198487,0.17438251972198487,0.1,0.17438251972198487,0.07438251972198487,0.1,0.0,0,0,-0.004951958610495195,7.438251972198487e-05,1.1523175496214861,1.2546112240728142,0.08153416172960305,0.004639844058627621,-0.007132313266166576
1352,12.04,-0.06376360808709178,-1.0,0.07438251972198487,0.4654114864800245,0.07438251972198487,0.07438251972198487,0.17438251972198487,0.07438251972198487,-0.1,0.07438251972198487,0.1,0,0,-0.011119258644792197,0.0001,1.1393894009913494,1.2546112240728142,0.09183866752556458,0.010304505795961524,-0.012219433713989368
1353,11.95,-0.007475083056478394,-1.0,0.0,0.40100834183892387,0.0,0.0,0.07438251972198487,0.0,-0.07438251972198487,0.0,0.07438251972198487,0,0,-0.0005560155128719791,7.438251972198487e-05,1.138671132154606,1.2546112240728142,0.09241117064283451,0.0005725031172699319,-0.0008163543318989261
1354,11.76,-0.01589958158995812,-1.0,0.0,0.3974302005073407,0.0,0.0,0.0,0.0,0.0,0.0,0.0,0,0,-0.0,0.0,1.138671132154606,1.2546112240728142,0.09241117064283451,0.0,0.0
1355,13.01,0.10629251700680273,-1.0,0.0,0.3974302005073407,0.0,0.0,0.0,0.0,0.0,0.0,0.0,1,0,0.0,0.0,1.138671132154606,1.2546112240728142,0.09241117064283451,0.0,0.0
1356,12.37,-0.04919292851652579,1.0,0.1,0.3974302005073407,0.1,0.1,0.0,0.1,0.1,0.0,0.0,0,0,-0.0,0.0001,1.1385572650413904,1.2546112240728142,0.09250192952577024,9.075888293573475e-05,-0.002709403733816371
1357,13.22,0.06871463217461612,-1.0,0.0,0.39686293192715655,0.0,0.0,0.1,0.1,-0.0,0.1,0.0,0,0,0.0068714632174616125,0.0,1.146380819409096,1.2546112240728142,0.08626608991458914,0.0,0.005676899281372445
1358,13.98,0.05748865355521934,0.4166804254055023,0.14166804254055024,0.4358369190286907,0.14166804254055024,0.14166804254055024,0.1,0.14166804254055024,0.04166804254055023,0.0,0.1,0,0,0.0057488653555219345,4.166804254055023e-05,1.1529234409412812,1.2546112240728142,0.08105123019816962,0.0,0.0029986139054260603
1359,13.75,-0.016452074391988585,1.0,0.24166804254055024,0.4684298098120203,0.24166804254055024,0.24166804254055024,0.14166804254055024,0.24166804254055024,0.1,0.04166804254055023,0.1,0,0,-0.002330733174844536,0.0001,1.1501209916853292,1.2546112240728142,0.08328494945890957,0.0022337192607399525,-0.0044413745448643824
1360,14.15,0.029090909090909115,-1.0,0.14166804254055024,0.4544690515882397,0.14166804254055024,0.14166804254055024,0.24166804254055024,0.14166804254055024,-0.1,0.1,0.14166804254055024,0,0,0.007030343055725104,0.0001,1.1580917247132991,1.2546112240728142,0.07693179967431359,0.0,0.0034473182808470674
1361,15.72,0.1109540636042403,1.0,0.24166804254055024,0.4941762689527503,0.24166804254055024,0.24166804254055024,0.14166804254055024,0.14166804254055024,0.0,0.0,0.14166804254055024,1,0,0.015718645002732432,0.0,1.1762953574146697,1.2546112240728142,0.06242241832008292,0.0,0.012277175267578317
1362,16.94,0.07760814249363872,1.0,0.24166804254055024,0.584859893098852,0.24166804254055024,0.24166804254055024,0.14166804254055024,0.24166804254055024,0.1,0.0,0.14166804254055024,0,0,0.010994593632281894,0.0001,1.1891106173252424,1.2546112240728142,0.052207891568942615,0.0,0.008321326733574773
1363,16.0,-0.05548996458087374,1.0,0.3416680425405503,0.6389605455140797,0.3416680425405503,0.3416680425405503,0.24166804254055024,0.3416680425405503,0.10000000000000003,0.1,0.14166804254055024,0,0,-0.013410151120904221,0.00010000000000000003,1.1730455531857067,1.2546112240728142,0.06501270618504659,0.012804814616103978,-0.01943232444564906
1364,16.64,0.040000000000000036,-1.0,0.24166804254055027,0.5686705730863297,0.24166804254055027,0.24166804254055027,0.3416680425405503,0.24166804254055027,-0.1,0.10000000000000003,0.24166804254055024,0,0,0.013666721701622022,0.0001,1.1889599357491023,1.2546112240728142,0.052327993775306524,0.0,0.01105960773765937
1365,16.62,-0.0012019230769230512,1.0,0.3416680425405503,0.6383600287179826,0.3416680425405503,0.3416680425405503,0.24166804254055027,0.3416680425405503,0.1,0.0,0.24166804254055027,0,0,-0.000290466397284309,0.0001,1.1884956868464749,1.2546112240728142,0.052698027849384335,0.0003700340740778116,-0.0007184881445339471
1366,16.12,-0.030084235860409144,-1.0,0.24166804254055027,0.6365098632912977,0.24166804254055027,0.24166804254055027,0.3416680425405503,0.24166804254055027,-0.1,0.1,0.24166804254055027,0,0,-0.01027882197775422,0.0001,1.1761605016913665,1.2546112240728142,0.0625299063775111,0.009831878528126767,-0.012867238237357408
1367,17.78,0.10297766749379653,-1.0,0.14166804254055027,0.5841880835596699,0.14166804254055027,0.14166804254055027,0.24166804254055027,0.14166804254055027,-0.1,0.0,0.24166804254055027,1,0,0.02488641132861746,0.0001,1.2053132996747618,1.2546112240728142,0.03929338702870663,0.0,0.020671955722230254
1368,16.65,-0.06355455568054007,1.0,0.24166804254055027,0.7035330697918213,0.24166804254055027,0.24166804254055027,0.14166804254055027,0.24166804254055027,0.1,0.0,0.14166804254055027,0,0,-0.00900364949779652,0.0001,1.1943405498594901,1.2546112240728142,0.04803932330341256,0.008745936274705927,-0.011725444096986682
1369,17.14,0.02942942942942955,-1.0,0.14166804254055027,0.6598033770953895,0.14166804254055027,0.14166804254055027,0.24166804254055027,0.14166804254055027,-0.1,0.1,0.14166804254055027,0,0,0.007112152603295503,0.0001,1.2027154480554088,1.2546112240728142,0.04136402976607961,0.0,0.0028466412552197815
1370,18.47,0.07759626604434063,1.0,0.24166804254055027,0.6931798547533037,0.24166804254055027,0.24166804254055027,0.14166804254055027,0.24166804254055027,0.1,0.0,0.14166804254055027,0,0,0.010992911118957505,0.0001,1.2158165205324736,1.2546112240728142,0.030921693346885847,0.0,0.008536055716100078
1371,20.47,0.10828370330265295,1.0,0.3416680425405503,0.745391530544931,0.3416680425405503,0.3416680425405503,0.24166804254055027,0.24166804254055027,0.0,0.1,0.14166804254055027,1,0,0.026168710616193858,0.0,1.2476328712206757,1.2546112240728142,0.005562163575649266,0.0,0.023827263825050626
1372,21.2,0.035661944308744524,1.0,0.3416680425405503,0.8,0.3416680425405503,0.3416680425405503,0.24166804254055027,0.3416680425405503,0.1,0.0,0.24166804254055027,0,0,0.008618352274284407,0.0001,1.2582606475267104,1.2582606475267104,0.0,0.0,0.008214402702206733
1373,20.46,-0.03490566037735842,1.0,0.44166804254055025,0.8,0.44166804254055025,0.44166804254055025,0.3416680425405503,0.44166804254055025,0.09999999999999998,0.1,0.24166804254055027,0,0,-0.011926148654717297,9.999999999999998e-05,1.2431286179331733,1.2582606475267104,0.012026148654717326,0.012026148654717326,-0.013815538581645335
1374,21.06,0.029325513196480833,1.0,0.5416680425405502,0.8,0.5416680425405502,0.5416680425405502,0.44166804254055025,0.5416680425405502,0.09999999999999998,0.09999999999999998,0.3416680425405503,0,0,0.012952142009986765,9.999999999999998e-05,1.259105483467529,1.259105483467529,0.0,0.0,0.01730855288720872
1375,23.32,0.10731244064577405,-1.0,0.44166804254055025,0.8,0.44166804254055025,0.44166804254055025,0.5416680425405502,0.44166804254055025,-0.09999999999999998,0.09999999999999998,0.44166804254055025,1,0,0.05812771966484541,9.999999999999998e-05,1.3321685034906523,1.3321685034906523,0.0,0.0,0.06010660663370734
1376,24.27,0.04073756432246995,1.0,0.5416680425405502,0.8,0.5416680425405502,0.5416680425405502,0.44166804254055025,0.5416680425405502,0.09999999999999998,0.0,0.44166804254055025,0,0,0.01799248029217506,9.999999999999998e-05,1.3560043021852153,1.3560043021852153,0.0,0.0,0.022755040302895754
1377,23.25,-0.042027194066749055,1.0,0.6416680425405502,0.8,0.6416680425405502,0.6416680425405502,0.5416680425405502,0.6416680425405502,0.09999999999999998,0.09999999999999998,0.44166804254055025,0,0,-0.022764787943607787,9.999999999999998e-05,1.3249995513651305,1.3560043021852153,0.02286478794360779,0.02286478794360779,-0.04112663778546165
1378,22.8,-0.01935483870967739,-1.0,0.5416680425405502,0.7856760561469799,0.5416680425405502,0.5416680425405502,0.6416680425405502,0.5416680425405502,-0.09999999999999998,0.09999999999999998,0.5416680425405502,0,0,-0.01241938146852676,9.999999999999998e-05,1.3084113765359637,1.3560043021852153,0.03509791640967145,0.01223312846606366,-0.012484100655337727
1379,21.3,-0.06578947368421052,-1.0,0.44166804254055025,0.7245104216058054,0.44166804254055025,0.44166804254055025,0.5416680425405502,0.44166804254055025,-0.09999999999999998,0.0,0.5416680425405502,0,0,-0.03563605543029936,9.999999999999998e-05,1.2616539150584403,1.3560043021852153,0.06957971075366676,0.03448179434399531,-0.08276257614625399
1380,21.53,0.010798122065727719,-1.0,0.3416680425405503,0.5401267934605546,0.3416680425405503,0.3416680425405503,0.44166804254055025,0.3416680425405503,-0.09999999999999998,0.0,0.44166804254055025,0,0,0.004769185435883884,9.999999999999998e-05,1.2675448111437568,1.3560043021852153,0.06523540588986705,0.0,0.004311292158533952
1381,23.46,0.08964235949837435,-1.0,0.24166804254055027,0.5672787114986017,0.24166804254055027,0.24166804254055027,0.3416680425405503,0.24166804254055027,-0.1,0.0,0.3416680425405503,0,0,0.030627929498525868,0.0001,1.3062403297745757,1.3560043021852153,0.03669897826315477,0.0,0.02829781034344353
1382,23.96,0.021312872975277068,1.0,0.3416680425405503,0.7165051080307376,0.3416680425405503,0.3416680425405503,0.24166804254055027,0.3416680425405503,0.1,0.0,0.24166804254055027,0,0,0.005150640292850603,0.0001,1.3128376798162815,1.3560043021852153,0.031833691308626594,0.0,0.004712247798220732
1383,23.53,-0.01794657762938229,-1.0,0.24166804254055027,0.7408315517023096,0.24166804254055027,0.24166804254055027,0.3416680425405503,0.24166804254055027,-0.1,0.1,0.24166804254055027,0,0,-0.006131772048933077,0.0001,1.3046563746584163,1.3560043021852153,0.03786708304984816,0.006033391741221569,-0.00870416469852331
1384,23.44,-0.003824904377390559,-0.30232134461402893,0.21143590807914736,0.7106645792745035,0.21143590807914736,0.21143590807914736,0.24166804254055027,0.21143590807914736,-0.03023213446140291,0.0,0.24166804254055027,0,0,-0.0009243571537887585,3.023213446140291e-05,1.30341096365832,1.3560043021852153,0.03878552482624176,0.0009184417763935943,-0.0037406782628661246
1385,22.88,-0.02389078498293525,0.8889693021774292,0.3003328382968903,0.7060723766708014,0.3003328382968903,0.3003328382968903,0.21143590807914736,0.3003328382968903,0.08889693021774292,0.0,0.21143590807914736,0,0,-0.005051369817590572,8.889693021774292e-05,1.2967110836230984,1.3560043021852153,0.043726423630489404,0.004940898804247647,-0.006252455371750065
1386,22.36,-0.02272727272727271,-1.0,0.20033283829689028,0.6813678905397509,0.20033283829689028,0.20033283829689028,0.3003328382968903,0.20033283829689028,-0.1,0.08889693021774292,0.21143590807914736,0,0,-0.006825746324929319,0.0001,1.2877303916012006,1.3560043021852153,0.050349331837657545,0.0066229082071681405,-0.009703485727165177
1387,22.18,-0.00805008944543827,-1.0,0.10033283829689027,0.648253338042715,0.10033283829689027,0.10033283829689027,0.20033283829689028,0.10033283829689027,-0.1,0.0,0.20033283829689028,0,0,-0.001612697267148488,0.0001,1.2855248992786812,1.3560043021852153,0.05197579594176493,0.0016264641041073835,-0.005815422236073913
1388,20.86,-0.05951307484220019,-1.0,0.00033283829689026434,0.6401210293213759,0.00033283829689026434,0.00033283829689026434,0.10033283829689027,0.00033283829689026434,-0.1,0.0,0.10033283829689027,0,0,-0.0059711157146932,0.0001,1.277720328861041,1.3560043021852153,0.05773136058493236,0.005755564643167434,-0.010881053916372754
1389,21.9,0.049856184084371966,-1.0,0.0,0.6113431990193801,0.0,0.0,0.00033283829689026434,0.0,-0.00033283829689026434,0.0,0.00033283829689026434,0,0,1.659404740008987e-05,3.3283829689026436e-07,1.277741106138484,1.3560043021852153,0.05771603815755547,0.0,-0.0035401183374890416
1390,21.22,-0.031050228310502272,1.0,0.1,0.611419809614366,0.1,0.1,0.0,0.1,0.1,0.0,0.0,0,0,-0.0,0.0001,1.2776133320278702,1.3560043021852153,0.05781026655373969,9.422839618421913e-05,-0.0033945541267693035
1391,21.76,0.02544769085768156,-1.0,0.0,0.6109486721503313,0.0,0.0,0.1,0.1,-0.0,0.1,0.0,0,0,0.002544769085768156,0.0,1.2808645629387798,1.3560043021852153,0.05541261124713762,0.0,0.0007602623912785146
1392,21.35,-0.01884191176470589,-1.0,0.0,0.6229369357272545,0.0,0.0,0.1,0.0,-0.1,0.0,0.1,0,0,-0.001884191176470589,0.0001,1.278323082774743,1.3560043021852153,0.05728685320930637,0.0018742419621687462,-0.0033728178757101816
1393,20.37,-0.045901639344262314,-1.0,0.0,0.6135657258378384,0.0,0.0,0.0,0.0,0.0,0.0,0.0,0,0,-0.0,0.0,1.278323082774743,1.3560043021852153,0.05728685320930637,0.0,0.0
1394,20.45,0.003927344133529616,-1.0,0.0,0.6135657258378384,0.0,0.0,0.0,0.0,0.0,0.0,0.0,0,0,0.0,0.0,1.278323082774743,1.3560043021852153,0.05728685320930637,0.0,0.0
1395,20.34,-0.005378973105134447,-1.0,0.0,0.6135657258378384,0.0,0.0,0.0,0.0,0.0,0.0,0.0,0,0,-0.0,0.0,1.278323082774743,1.3560043021852153,0.05728685320930637,0.0,0.0
1396,19.55,-0.038839724680432605,-1.0,0.0,0.6135657258378384,0.0,0.0,0.0,0.0,0.0,0.0,0.0,0,0,-0.0,0.0,1.278323082774743,1.3560043021852153,0.05728685320930637,0.0,0.0
1397,19.7,0.007672634271099672,-1.0,0.0,0.6135657258378384,0.0,0.0,0.0,0.0,0.0,0.0,0.0,0,0,0.0,0.0,1.278323082774743,1.3560043021852153,0.05728685320930637,0.0,0.0
1398,20.71,0.05126903553299501,-1.0,0.0,0.6135657258378384,0.0,0.0,0.0,0.0,0.0,0.0,0.0,0,0,0.0,0.0,1.278323082774743,1.3560043021852153,0.05728685320930637,0.0,0.0
1399,20.69,-0.000965717044905822,-1.0,0.0,0.6135657258378384,0.0,0.0,0.0,0.0,0.0,0.0,0.0,0,0,-0.0,0.0,1.278323082774743,1.3560043021852153,0.05728685320930637,0.0,0.0
1400,20.26,-0.02078298695021748,-1.0,0.0,0.6135657258378384,0.0,0.0,0.0,0.0,0.0,0.0,0.0,0,0,-0.0,0.0,1.278323082774743,1.3560043021852153,0.05728685320930637,0.0,0.0
1401,20.95,0.03405725567620917,-1.0,0.0,0.6135657258378384,0.0,0.0,0.0,0.0,0.0,0.0,0.0,0,0,0.0,0.0,1.278323082774743,1.3560043021852153,0.05728685320930637,0.0,0.0
1402,21.35,0.019093078758949982,-1.0,0.0,0.6135657258378384,0.0,0.0,0.0,0.0,0.0,0.0,0.0,0,0,0.0,0.0,1.278323082774743,1.3560043021852153,0.05728685320930637,0.0,0.0
1403,20.5,-0.039812646370023484,-1.0,0.0,0.6135657258378384,0.0,0.0,0.0,0.0,0.0,0.0,0.0,0,0,-0.0,0.0,1.278323082774743,1.3560043021852153,0.05728685320930637,0.0,0.0
1404,19.29,-0.05902439024390248,-1.0,0.0,0.6135657258378384,0.0,0.0,0.0,0.0,0.0,0.0,0.0,0,0,-0.0,0.0,1.278323082774743,1.3560043021852153,0.05728685320930637,0.0,0.0
1405,19.04,-0.012960082944530845,-1.0,0.0,0.6135657258378384,0.0,0.0,0.0,0.0,0.0,0.0,0.0,0,0,-0.0,0.0,1.278323082774743,1.3560043021852153,0.05728685320930637,0.0,0.0
1406,20.69,0.08665966386554634,-1.0,0.0,0.6135657258378384,0.0,0.0,0.0,0.0,0.0,0.0,0.0,0,0,0.0,0.0,1.278323082774743,1.3560043021852153,0.05728685320930637,0.0,0.0
1407,20.64,-0.002416626389560208,-1.0,0.0,0.6135657258378384,0.0,0.0,0.0,0.0,0.0,0.0,0.0,0,0,-0.0,0.0,1.278323082774743,1.3560043021852153,0.05728685320930637,0.0,0.0
1408,22.86,0.10755813953488366,-1.0,0.0,0.6135657258378384,0.0,0.0,0.0,0.0,0.0,0.0,0.0,1,0,0.0,0.0,1.278323082774743,1.3560043021852153,0.05728685320930637,0.0,0.0
1409,22.97,0.00481189851268589,1.0,0.1,0.6135657258378384,0.1,0.1,0.0,0.1,0.1,0.0,0.0,0,0,0.0,0.0001,1.2781952504664655,1.3560043021852153,0.05738112452398538,9.427131467901195e-05,-0.0030470085869338487
1410,22.95,-0.0008707009142359415,1.0,0.2,0.6130943834828373,0.2,0.2,0.1,0.2,0.1,0.1,0.0,0,0,-8.707009142359415e-05,0.0001,1.2779561383641036,1.3560043021852153,0.057557460323198265,0.00017633579921288306,-0.0016854014863629278
1411,23.27,0.013943355119825722,-1.0,0.1,0.6122127004014708,0.1,0.1,0.2,0.1,-0.1,0.1,0.1,0,0,0.0027886710239651445,0.0001,1.2813921420032215,1.3560043021852153,0.05502354237501718,0.0,-2.114226227895987e-05
1412,23.83,0.024065320154705576,0.4744359850883484,0.14744359850883484,0.6248822823210627,0.14744359850883484,0.14744359850883484,0.1,0.14744359850883484,0.04744359850883484,0.0,0.1,0,0,0.002406532015470558,4.744359850883484e-05,1.2844150593630068,1.3560043021852153,0.05279425935953274,0.0,0.0002935571593151412
1413,22.91,-0.03860679815358784,0.020719166845083237,0.14951551519334316,0.6360287047963604,0.14951551519334316,0.14951551519334316,0.14744359850883484,0.14951551519334316,0.002071916684508318,0.04744359850883484,0.1,0,0,-0.005692325246669232,2.071916684508318e-06,1.2771010898924013,1.3560043021852153,0.05818802504214816,0.005393765682615417,-0.00829532088046419
1414,22.67,-0.010475774770842359,-1.0,0.04951551519334316,0.6090598754632524,0.04951551519334316,0.04951551519334316,0.14951551519334316,0.04951551519334316,-0.1,0.002071916684508318,0.14744359850883484,0,0,-0.0015662908619119217,0.0001,1.2749730680165758,1.3560043021852153,0.05975735772965967,0.0015693326875115127,-0.005346826853940715
1415,22.37,-0.013233348037053404,-0.9673810005187988,0.0,0.6012132033755407,0.0,0.0,0.04951551519334316,0.0,-0.04951551519334316,0.0,0.04951551519334316,0,0,-0.0006552560457875157,4.9515515193343156e-05,1.2740745032572212,1.3560043021852153,0.060420014004353366,0.0006626562746936959,-0.004287023189891039
1416,22.45,0.0035762181493070315,1.0,0.1,0.5973749127239645,0.1,0.1,0.0,0.1,0.1,0.0,0.0,0,0,0.0,0.0001,1.2739470958068955,1.3560043021852153,0.06051397200295291,9.395799859954201e-05,-0.002523887415344712
1417,22.25,-0.008908685968819567,-1.0,0.0,0.5967876672745553,0.0,0.0,0.1,0.1,-0.0,0.1,0.0,0,0,-0.0008908685968819568,0.0,1.272812176345152,1.3560043021852153,0.06135093060250488,0.0008369585995519693,-0.0036211922015069358
1418,22.75,0.02247191011235955,-1.0,0.0,0.591556684486779,0.0,0.0,0.1,0.0,-0.1,0.0,0.1,0,0,0.0022471910112359553,0.0001,1.275545147209192,1.3560043021852153,0.05933547175798956,0.0,-0.0013788779560906634
1419,24.03,0.05626373626373631,1.0,0.1,0.6033226490069921,0.1,0.1,0.0,0.1,0.1,0.0,0.0,0,0,0.0,0.0001,1.2754175926944713,1.3560043021852153,0.05942953821081367,9.406645282410836e-05,-0.002500140953217216
1420,24.15,0.00499375780274646,0.49913811683654785,0.1499138116836548,0.6028523124803715,0.1499138116836548,0.1499138116836548,0.1,0.1499138116836548,0.0499138116836548,0.1,0.0,0,0,0.000499375780274646,4.99138116836548e-05,1.2759908443964594,1.3560043021852153,0.05900678755945934,0.0,-0.002396837699862173
1421,24.67,0.02153209109730862,-1.0,0.0499138116836548,0.6049660608221175,0.0499138116836548,0.0499138116836548,0.1499138116836548,0.0499138116836548,-0.1,0.0499138116836548,0.1,0,0,0.0032279578499172248,0.0001,1.279982089974612,1.3560043021852153,0.05606340045388702,0.0,-0.0014734292848164673
1422,24.17,-0.020267531414673693,1.0,0.1499138116836548,0.6196830064103382,0.1499138116836548,0.1499138116836548,0.0499138116836548,0.1499138116836548,0.1,0.0,0.0499138116836548,0,0,-0.0010116297463245805,0.0001,1.2785592238086334,1.3560043021852153,0.05711270845658698,0.001049308002699964,-0.0042746707182927625
1423,23.88,-0.011998345055854476,-1.0,0.0499138116836548,0.6144364565657277,0.0499138116836548,0.0499138116836548,0.1499138116836548,0.1,-0.0499138116836548,0.1,0.0499138116836548,0,0,-0.0017987176412188786,4.99138116836548e-05,1.2761956390131022,1.3560043021852153,0.05885575956027617,0.0017430511036891916,-0.004868157011468715
1424,24.07,0.007956448911222835,-1.0,0.0,0.6057211957920483,0.0,0.0,0.1,0.0,-0.1,0.0,0.1,0,0,0.0007956448911222835,0.0001,1.2770834179894544,1.3560043021852153,0.05820105737760499,0.0,-0.0037885445747777766
1425,22.6,-0.06107187370170332,1.0,0.1,0.6089947201359339,0.1,0.1,0.0,0.1,0.1,0.0,0.0,0,0,-0.0,0.0001,1.2769557096476554,1.3560043021852153,0.05829523727186726,9.41798942622682e-05,-0.003938915207063591
1426,23.31,0.0314159292035397,-1.0,0.0,0.6085238061893171,0.0,0.0,0.1,0.1,-0.0,0.1,0.0,0,0,0.0031415929203539705,0.0,1.28096738466469,1.3560043021852153,0.05533678425621691,0.0,0.0006970567902784691
1427,22.57,-0.03174603174603168,-1.0,0.0,0.6233160771473709,0.0,0.0,0.1,0.0,-0.1,0.0,0.1,0,0,-0.0031746031746031685,0.0001,1.276772724800304,1.3560043021852153,0.05843018142142229,0.003093397165205382,-0.006435892334577366
1428,22.66,0.0039875941515285715,-1.0,0.0,0.6078491002369281,0.0,0.0,0.0,0.0,0.0,0.0,0.0,0,0,0.0,0.0,1.276772724800304,1.3560043021852153,0.05843018142142229,0.0,-0.0017518516579785183
1429,22.39,-0.011915269196822577,-1.0,0.0,0.6078491002369281,0.0,0.0,0.0,0.0,0.0,0.0,0.0,0,0,-0.0,0.0,1.276772724800304,1.3560043021852153,0.05843018142142229,0.0,0.0
1430,21.36,-0.04600267976775351,-1.0,0.0,0.6078491002369281,0.0,0.0,0.0,0.0,0.0,0.0,0.0,0,0,-0.0,0.0,1.276772724800304,1.3560043021852153,0.05843018142142229,0.0,0.0
1431,22.32,0.04494382022471914,-1.0,0.0,0.6078491002369281,0.0,0.0,0.0,0.0,0.0,0.0,0.0,0,0,0.0,0.0,1.276772724800304,1.3560043021852153,0.05843018142142229,0.0,0.0
1432,22.24,-0.0035842293906810864,-1.0,0.0,0.6078491002369281,0.0,0.0,0.0,0.0,0.0,0.0,0.0,0,0,-0.0,0.0,1.276772724800304,1.3560043021852153,0.05843018142142229,0.0,0.0
1433,22.15,-0.0040467625899280515,-1.0,0.0,0.6078491002369281,0.0,0.0,0.0,0.0,0.0,0.0,0.0,0,0,-0.0,0.0,1.276772724800304,1.3560043021852153,0.05843018142142229,0.0,0.0
1434,24.52,0.10699774266365694,-1.0,0.0,0.6078491002369281,0.0,0.0,0.0,0.0,0.0,0.0,0.0,1,0,0.0,0.0,1.276772724800304,1.3560043021852153,0.05843018142142229,0.0,0.0
1435,22.98,-0.06280587275693308,1.0,0.1,0.6078491002369281,0.1,0.1,0.0,0.1,0.1,0.0,0.0,0,0,-0.0,0.0001,1.276645047527824,1.3560043021852153,0.05852433840328019,9.415698185789856e-05,-0.0024334715890548687
1436,22.66,-0.013925152306353362,-1.0,0.0,0.6073783166754717,0.0,0.0,0.1,0.1,-0.0,0.1,0.0,0,0,-0.0013925152306353363,0.0,1.2748672998550263,1.3560043021852153,0.05983535760132605,0.001311019198045861,-0.0018891021998259949
1437,22.82,0.007060900264783766,-1.0,0.0,0.6008232027342045,0.0,0.0,0.1,0.0,-0.1,0.0,0.1,0,0,0.0007060900264783767,0.0001,1.275639984210552,1.3560043021852153,0.059265533188320584,0.0,0.00035609002647837666
1438,24.35,0.06704645048203335,-1.0,0.0,0.6036723420073,0.0,0.0,0.0,0.0,0.0,0.0,0.0,0,0,0.0,0.0,1.275639984210552,1.3560043021852153,0.059265533188320584,0.0,-0.00044562900557325677
1439,25.68,0.054620123203285346,1.0,0.1,0.6036723420073,0.1,0.1,0.0,0.1,0.1,0.0,0.0,0,0,0.0,0.0001,1.2755124202121308,1.3560043021852153,0.059359606635001755,9.407344668117129e-05,-0.0021174229042920127
1440,25.96,0.010903426791277303,-1.0,0.0,0.6032019682277765,0.0,0.0,0.1,0.1,-0.0,0.1,0.0,0,0,0.0010903426791277304,0.0,1.2769031658416456,1.3560043021852153,0.05833398626840439,0.0,-0.0011825569942810442
1441,27.07,0.04275808936825884,0.5981175899505615,0.15981175899505617,0.6083300724673504,0.15981175899505617,0.15981175899505617,0.1,0.15981175899505617,0.05981175899505617,0.0,0.1,0,0,0.004275808936825884,5.981175899505617e-05,1.282286585985197,1.3560043021852153,0.054363925012052935,0.0,0.0021875937416286108
1442,26.92,-0.005541189508681144,0.7398931980133057,0.23380107879638673,0.628180374954466,0.23380107879638673,0.23380107879638673,0.15981175899505617,0.23380107879638673,0.07398931980133056,0.05981175899505617,0.1,0,0,-0.0008855472423072848,7.398931980133056e-05,1.2810561851228428,1.3560043021852153,0.05527129740045278,0.0009073723883998436,-0.0026305537971301526
1443,27.06,0.005200594353640305,-1.0,0.13380107879638672,0.623643511538146,0.13380107879638672,0.13380107879638672,0.23380107879638673,0.13380107879638672,-0.1,0.07398931980133056,0.15981175899505617,0,0,0.0012159045702635008,0.0001,1.2824857215745857,1.3560043021852153,0.05421707032356282,0.0,-0.0019489508123998567
1444,26.92,-0.005173688100517259,0.5566754937171936,0.18946862816810608,0.628914648298726,0.18946862816810608,0.18946862816810608,0.13380107879638672,0.18946862816810608,0.05566754937171936,0.0,0.13380107879638672,0,0,-0.000692245049205238,5.566754937171936e-05,1.281526534345925,1.3560043021852153,0.05492443329218688,0.000707362968624059,-0.0031228083212103417
1445,26.0,-0.03417533432392279,-1.0,0.08946862816810608,0.6253778390630031,0.08946862816810608,0.08946862816810608,0.18946862816810608,0.08946862816810608,-0.1,0.05566754937171936,0.13380107879638672,0,0,-0.00647515371154004,0.0001,1.2731003003971832,1.3560043021852153,0.06113845041231164,0.00621401712012476,-0.010139007643555091
1446,24.89,-0.04269230769230767,-1.0,0.0,0.5928846806289544,0.0,0.0,0.08946862816810608,0.0,-0.08946862816810608,0.0,0.08946862816810608,0,0,-0.0038196222025614498,8.946862816810608e-05,1.2681236356863015,1.3560043021852153,0.06480854548712948,0.0036700950748178446,-0.00847800764709241
1447,25.62,0.029329047810365626,-1.0,0.0,0.5699465781457784,0.0,0.0,0.0,0.0,0.0,0.0,0.0,0,0,0.0,0.0,1.2681236356863015,1.3560043021852153,0.06480854548712948,0.0,-0.0020743669604118046
1448,25.26,-0.014051522248243537,1.0,0.1,0.5699465781457784,0.1,0.1,0.0,0.1,0.1,0.0,0.0,0,0,-0.0,0.0001,1.2679968233227328,1.3560043021852153,0.06490206463258083,9.351914545134565e-05,-0.0030291898839946603
1449,25.85,0.023357086302454467,-1.0,0.0,0.5693620800979644,0.0,0.0,0.1,0.1,-0.0,0.1,0.0,0,0,0.0023357086302454467,0.0,1.2709584944460914,1.3560043021852153,0.06271794831481849,0.0,0.00011348490712700552
1450,26.45,0.023210831721469937,-1.0,0.0,0.5830128010366633,0.0,0.0,0.1,0.0,-0.1,0.0,0.1,0,0,0.002321083172146994,0.0001,1.2737813989706028,1.3560043021852153,0.0606361669222652,0.0,-0.0020079403239714093
1451,25.81,-0.024196597353497187,1.0,0.1,0.5960239594803254,0.1,0.1,0.0,0.1,0.1,0.0,0.0,0,0,-0.0,0.0001,1.273654020830706,1.3560043021852153,0.06073010330557288,9.393638330768006e-05,-0.003976809552108909
1452,25.83,0.0007748934521503129,-1.0,0.0,0.5954368537293024,0.0,0.0,0.1,0.1,-0.0,0.1,0.0,0,0,7.748934521503129e-05,0.0,1.2737527154468107,1.3560043021852153,0.060657319896297746,0.0,-0.002589806158417409
1453,25.72,-0.004258614014711554,-1.0,0.0,0.595891758240862,0.0,0.0,0.1,0.0,-0.1,0.0,0.1,0,0,-0.0004258614014711554,0.0001,1.273082898058738,1.3560043021852153,0.061151283954518784,0.0004939640582210386,-0.0044658705266715296
1454,25.53,-0.007387247278382494,1.0,0.1,0.5928044704722176,0.1,0.1,0.0,0.1,0.1,0.0,0.0,0,0,-0.0,0.0001,1.2729555897689322,1.3560043021852153,0.061245168826123346,9.388487160456177e-05,-0.002876060590673711
1455,25.41,-0.004700352526439522,-1.0,0.0,0.5922176906840958,0.0,0.0,0.1,0.1,-0.0,0.1,0.0,0,0,-0.0004700352526439522,0.0,1.2723572557666907,1.3560043021852153,0.06168641669036485,0.00044124786424150353,-0.001272001204823525
1456,27.45,0.08028335301062571,-1.0,0.0,0.5894599048423421,0.0,0.0,0.1,0.0,-0.1,0.0,0.1,0,0,0.008028335301062572,0.0001,1.282444930713149,1.3560043021852153,0.054247151984344495,0.0,0.005362107907528552
1457,27.4,-0.0018214936247723393,1.0,0.1,0.6287642397029294,0.1,0.1,0.0,0.1,0.1,0.0,0.0,0,0,-0.0,0.0001,1.2823166862200777,1.3560043021852153,0.05434172726914601,9.457528480151522e-05,-0.003812573086564699
1458,27.21,-0.006934306569342983,-1.0,0.0,0.6282913699789059,0.0,0.0,0.1,0.1,-0.0,0.1,0.0,0,0,-0.0006934306569342983,0.0,1.2814274885179542,1.3560043021852153,0.05499747570644118,0.00065574843729517,-0.003966228911832953
1459,25.71,-0.05512679162072767,-1.0,0.0,0.6250126302286025,0.0,0.0,0.1,0.0,-0.1,0.0,0.1,0,0,-0.005512679162072768,0.0001,1.2742352471554423,1.3560043021852153,0.06030147168264971,0.0053039959762085295,-0.009076828851277176
1460,25.41,-0.011668611435239234,-1.0,0.0,0.5981158031151169,0.0,0.0,0.0,0.0,0.0,0.0,0.0,0,0,-0.0,0.0,1.2742352471554423,1.3560043021852153,0.06030147168264971,0.0,0.0
1461,25.91,0.01967729240456513,-1.0,0.0,0.5981158031151169,0.0,0.0,0.0,0.0,0.0,0.0,0.0,0,0,0.0,0.0,1.2742352471554423,1.3560043021852153,0.06030147168264971,0.0,0.0
1462,24.4,-0.05827865688923202,-1.0,0.0,0.5981158031151169,0.0,0.0,0.0,0.0,0.0,0.0,0.0,0,0,-0.0,0.0,1.2742352471554423,1.3560043021852153,0.06030147168264971,0.0,0.0
1463,23.86,-0.022131147540983574,-1.0,0.0,0.5981158031151169,0.0,0.0,0.0,0.0,0.0,0.0,0.0,0,0,-0.0,0.0,1.2742352471554423,1.3560043021852153,0.06030147168264971,0.0,0.0
1464,23.11,-0.03143336127409891,-1.0,0.0,0.5981158031151169,0.0,0.0,0.0,0.0,0.0,0.0,0.0,0,0,-0.0,0.0,1.2742352471554423,1.3560043021852153,0.06030147168264971,0.0,0.0
1465,23.36,0.010817827780181739,-1.0,0.0,0.5981158031151169,0.0,0.0,0.0,0.0,0.0,0.0,0.0,0,0,0.0,0.0,1.2742352471554423,1.3560043021852153,0.06030147168264971,0.0,0.0
1466,22.99,-0.015839041095890453,-1.0,0.0,0.5981158031151169,0.0,0.0,0.0,0.0,0.0,0.0,0.0,0,0,-0.0,0.0,1.2742352471554423,1.3560043021852153,0.06030147168264971,0.0,0.0
1467,22.75,-0.010439321444106066,-1.0,0.0,0.5981158031151169,0.0,0.0,0.0,0.0,0.0,0.0,0.0,0,0,-0.0,0.0,1.2742352471554423,1.3560043021852153,0.06030147168264971,0.0,0.0
1468,21.65,-0.048351648351648416,-1.0,0.0,0.5981158031151169,0.0,0.0,0.0,0.0,0.0,0.0,0.0,0,0,-0.0,0.0,1.2742352471554423,1.3560043021852153,0.06030147168264971,0.0,0.0
1469,21.95,0.013856812933025438,-1.0,0.0,0.5981158031151169,0.0,0.0,0.0,0.0,0.0,0.0,0.0,0,0,0.0,0.0,1.2742352471554423,1.3560043021852153,0.06030147168264971,0.0,0.0
1470,22.25,0.013667425968109373,-1.0,0.0,0.5981158031151169,0.0,0.0,0.0,0.0,0.0,0.0,0.0,0,0,0.0,0.0,1.2742352471554423,1.3560043021852153,0.06030147168264971,0.0,0.0
1471,21.3,-0.04269662921348311,-1.0,0.0,0.5981158031151169,0.0,0.0,0.0,0.0,0.0,0.0,0.0,0,0,-0.0,0.0,1.2742352471554423,1.3560043021852153,0.06030147168264971,0.0,0.0
1472,22.29,0.046478873239436544,-1.0,0.0,0.5981158031151169,0.0,0.0,0.0,0.0,0.0,0.0,0.0,0,0,0.0,0.0,1.2742352471554423,1.3560043021852153,0.06030147168264971,0.0,0.0
1473,22.42,0.005832211754149958,-1.0,0.0,0.5981158031151169,0.0,0.0,0.0,0.0,0.0,0.0,0.0,0,0,0.0,0.0,1.2742352471554423,1.3560043021852153,0.06030147168264971,0.0,0.0
1474,20.78,-0.07314897413024088,-1.0,0.0,0.5981158031151169,0.0,0.0,0.0,0.0,0.0,0.0,0.0,0,0,-0.0,0.0,1.2742352471554423,1.3560043021852153,0.06030147168264971,0.0,0.0
1475,18.87,-0.09191530317613089,-1.0,0.0,0.5981158031151169,0.0,0.0,0.0,0.0,0.0,0.0,0.0,0,0,-0.0,0.0,1.2742352471554423,1.3560043021852153,0.06030147168264971,0.0,0.0
1476,19.26,0.02066772655007952,-1.0,0.0,0.5981158031151169,0.0,0.0,0.0,0.0,0.0,0.0,0.0,0,0,0.0,0.0,1.2742352471554423,1.3560043021852153,0.06030147168264971,0.0,0.0
1477,18.85,-0.021287642782969893,-1.0,0.0,0.5981158031151169,0.0,0.0,0.0,0.0,0.0,0.0,0.0,0,0,-0.0,0.0,1.2742352471554423,1.3560043021852153,0.06030147168264971,0.0,0.0
1478,18.93,0.004244031830238636,-1.0,0.0,0.5981158031151169,0.0,0.0,0.0,0.0,0.0,0.0,0.0,0,0,0.0,0.0,1.2742352471554423,1.3560043021852153,0.06030147168264971,0.0,0.0
1479,19.24,0.016376122556788098,-1.0,0.0,0.5981158031151169,0.0,0.0,0.0,0.0,0.0,0.0,0.0,0,0,0.0,0.0,1.2742352471554423,1.3560043021852153,0.06030147168264971,0.0,0.0
1480,19.09,-0.007796257796257723,-1.0,0.0,0.5981158031151169,0.0,0.0,0.0,0.0,0.0,0.0,0.0,0,0,-0.0,0.0,1.2742352471554423,1.3560043021852153,0.06030147168264971,0.0,0.0
1481,19.23,0.007333682556312235,-1.0,0.0,0.5981158031151169,0.0,0.0,0.0,0.0,0.0,0.0,0.0,0,0,0.0,0.0,1.2742352471554423,1.3560043021852153,0.06030147168264971,0.0,0.0
1482,19.83,0.031201248049921887,-1.0,0.0,0.5981158031151169,0.0,0.0,0.0,0.0,0.0,0.0,0.0,0,0,0.0,0.0,1.2742352471554423,1.3560043021852153,0.06030147168264971,0.0,0.0
1483,19.69,-0.007060010085728544,-1.0,0.0,0.5981158031151169,0.0,0.0,0.0,0.0,0.0,0.0,0.0,0,0,-0.0,0.0,1.2742352471554423,1.3560043021852153,0.06030147168264971,0.0,0.0
1484,20.09,0.020314880650076108,-1.0,0.0,0.5981158031151169,0.0,0.0,0.0,0.0,0.0,0.0,0.0,0,0,0.0,0.0,1.2742352471554423,1.3560043021852153,0.06030147168264971,0.0,0.0
1485,19.81,-0.013937282229965214,-1.0,0.0,0.5981158031151169,0.0,0.0,0.0,0.0,0.0,0.0,0.0,0,0,-0.0,0.0,1.2742352471554423,1.3560043021852153,0.06030147168264971,0.0,0.0
1486,19.68,-0.006562342251388138,-1.0,0.0,0.5981158031151169,0.0,0.0,0.0,0.0,0.0,0.0,0.0,0,0,-0.0,0.0,1.2742352471554423,1.3560043021852153,0.06030147168264971,0.0,0.0
1487,19.8,0.006097560975609807,-1.0,0.0,0.5981158031151169,0.0,0.0,0.0,0.0,0.0,0.0,0.0,0,0,0.0,0.0,1.2742352471554423,1.3560043021852153,0.06030147168264971,0.0,0.0
1488,19.42,-0.019191919191919142,-1.0,0.0,0.5981158031151169,0.0,0.0,0.0,0.0,0.0,0.0,0.0,0,0,-0.0,0.0,1.2742352471554423,1.3560043021852153,0.06030147168264971,0.0,0.0
1489,19.49,0.0036045314109164122,-1.0,0.0,0.5981158031151169,0.0,0.0,0.0,0.0,0.0,0.0,0.0,0,0,0.0,0.0,1.2742352471554423,1.3560043021852153,0.06030147168264971,0.0,0.0
1490,19.15,-0.01744484350949204,-1.0,0.0,0.5981158031151169,0.0,0.0,0.0,0.0,0.0,0.0,0.0,0,0,-0.0,0.0,1.2742352471554423,1.3560043021852153,0.06030147168264971,0.0,0.0
1491,18.78,-0.01932114882506514,-1.0,0.0,0.5981158031151169,0.0,0.0,0.0,0.0,0.0,0.0,0.0,0,0,-0.0,0.0,1.2742352471554423,1.3560043021852153,0.06030147168264971,0.0,0.0
1492,18.8,0.0010649627263045567,-1.0,0.0,0.5981158031151169,0.0,0.0,0.0,0.0,0.0,0.0,0.0,0,0,0.0,0.0,1.2742352471554423,1.3560043021852153,0.06030147168264971,0.0,0.0
1493,18.25,-0.029255319148936205,-1.0,0.0,0.5981158031151169,0.0,0.0,0.0,0.0,0.0,0.0,0.0,0,0,-0.0,0.0,1.2742352471554423,1.3560043021852153,0.06030147168264971,0.0,0.0
1494,19.5,0.0684931506849315,-1.0,0.0,0.5981158031151169,0.0,0.0,0.0,0.0,0.0,0.0,0.0,0,0,0.0,0.0,1.2742352471554423,1.3560043021852153,0.06030147168264971,0.0,0.0
1495,18.48,-0.052307692307692284,-1.0,0.0,0.5981158031151169,0.0,0.0,0.0,0.0,0.0,0.0,0.0,0,0,-0.0,0.0,1.2742352471554423,1.3560043021852153,0.06030147168264971,0.0,0.0
1496,18.47,-0.0005411255411256257,-1.0,0.0,0.5981158031151169,0.0,0.0,0.0,0.0,0.0,0.0,0.0,0,0,-0.0,0.0,1.2742352471554423,1.3560043021852153,0.06030147168264971,0.0,0.0
1497,17.95,-0.028153762858689747,-1.0,0.0,0.5981158031151169,0.0,0.0,0.0,0.0,0.0,0.0,0.0,0,0,-0.0,0.0,1.2742352471554423,1.3560043021852153,0.06030147168264971,0.0,0.0
1498,17.91,-0.002228412256267362,-1.0,0.0,0.5981158031151169,0.0,0.0,0.0,0.0,0.0,0.0,0.0,0,0,-0.0,0.0,1.2742352471554423,1.3560043021852153,0.06030147168264971,0.0,0.0
1499,17.39,-0.02903405918481293,-1.0,0.0,0.5981158031151169,0.0,0.0,0.0,0.0,0.0,0.0,0.0,0,0,-0.0,0.0,1.2742352471554423,1.3560043021852153,0.06030147168264971,0.0,0.0
1500,17.63,0.013801035077630731,-1.0,0.0,0.5981158031151169,0.0,0.0,0.0,0.0,0.0,0.0,0.0,0,0,0.0,0.0,1.2742352471554423,1.3560043021852153,0.06030147168264971,0.0,0.0
1501,17.85,0.012478729438457313,-1.0,0.0,0.5981158031151169,0.0,0.0,0.0,0.0,0.0,0.0,0.0,0,0,0.0,0.0,1.2742352471554423,1.3560043021852153,0.06030147168264971,0.0,0.0
1502,17.81,-0.0022408963585435686,-1.0,0.0,0.5981158031151169,0.0,0.0,0.0,0.0,0.0,0.0,0.0,0,0,-0.0,0.0,1.2742352471554423,1.3560043021852153,0.06030147168264971,0.0,0.0
1503,17.87,0.003368893879842913,-1.0,0.0,0.5981158031151169,0.0,0.0,0.0,0.0,0.0,0.0,0.0,0,0,0.0,0.0,1.2742352471554423,1.3560043021852153,0.06030147168264971,0.0,0.0
1504,18.28,0.022943480693900398,-1.0,0.0,0.5981158031151169,0.0,0.0,0.0,0.0,0.0,0.0,0.0,0,0,0.0,0.0,1.2742352471554423,1.3560043021852153,0.06030147168264971,0.0,0.0
1505,17.78,-0.02735229759299781,-1.0,0.0,0.5981158031151169,0.0,0.0,0.0,0.0,0.0,0.0,0.0,0,0,-0.0,0.0,1.2742352471554423,1.3560043021852153,0.06030147168264971,0.0,0.0
1506,17.88,0.00562429696287952,-1.0,0.0,0.5981158031151169,0.0,0.0,0.0,0.0,0.0,0.0,0.0,0,0,0.0,0.0,1.2742352471554423,1.3560043021852153,0.06030147168264971,0.0,0.0
1507,17.89,0.0005592841163311837,-1.0,0.0,0.5981158031151169,0.0,0.0,0.0,0.0,0.0,0.0,0.0,0,0,0.0,0.0,1.2742352471554423,1.3560043021852153,0.06030147168264971,0.0,0.0
1508,17.74,-0.008384572386808392,-1.0,0.0,0.5981158031151169,0.0,0.0,0.0,0.0,0.0,0.0,0.0,0,0,-0.0,0.0,1.2742352471554423,1.3560043021852153,0.06030147168264971,0.0,0.0
1509,19.61,0.10541149943630221,-1.0,0.0,0.5981158031151169,0.0,0.0,0.0,0.0,0.0,0.0,0.0,1,0,0.0,0.0,1.2742352471554423,1.3560043021852153,0.06030147168264971,0.0,0.0
1510,20.1,0.024987251402345843,1.0,0.1,0.5981158031151169,0.1,0.1,0.0,0.1,0.1,0.0,0.0,0,0,0.0,0.0001,1.2741078236307268,1.3560043021852153,0.06039544153548142,9.396985283170733e-05,-0.0012928106269959098
1511,20.69,0.029353233830845763,-0.7410415410995483,0.025895845890045163,0.5975284878165147,0.025895845890045163,0.025895845890045163,0.1,0.1,-0.0,0.1,0.0,0,0,0.0029353233830845763,0.0,1.2778477421180012,1.3560043021852153,0.057637398304167566,0.0,0.0010138669867098297
1512,22.03,0.06476558724021265,1.0,0.2,0.6118130140053588,0.2,0.2,0.1,0.2,0.1,0.0,0.1,0,0,0.006476558724021266,0.0001,1.2859960132859747,1.3560043021852153,0.0516283678351326,0.0,0.0043291860503185085
1513,24.22,0.0994098955969132,1.0,0.30000000000000004,0.6418581694404083,0.30000000000000004,0.30000000000000004,0.2,0.30000000000000004,0.10000000000000003,0.1,0.1,0,0,0.01988197911938264,0.00010000000000000003,1.3114355595684073,1.3560043021852153,0.03286770001023226,0.0,0.018695460783522543
1514,26.74,0.10404624277456646,1.0,0.4,0.7356615006939761,0.4,0.4,0.30000000000000004,0.30000000000000004,0.0,0.10000000000000003,0.2,1,0,0.031213872832369944,0.0,1.3523705423526233,1.3560043021852153,0.0026797553862742997,0.0,0.030169913199543548
1515,25.03,-0.06394913986537014,1.0,0.4,0.8,0.4,0.4,0.30000000000000004,0.4,0.09999999999999998,0.0,0.30000000000000004,0,0,-0.019184741959611045,9.999999999999998e-05,1.3262904254095738,1.3560043021852153,0.021912818954746158,0.019233063568471858,-0.036558767172869454
1516,24.83,-0.007990411506192683,-1.0,0.30000000000000004,0.7904359061273344,0.30000000000000004,0.30000000000000004,0.4,0.30000000000000004,-0.09999999999999998,0.09999999999999998,0.30000000000000004,0,0,-0.003196164602477073,9.999999999999998e-05,1.3219187538567345,1.3560043021852153,0.025136755299044067,0.00322393634429791,-0.004595574670631274
1517,23.62,-0.048731373338703074,1.0,0.4,0.7743162211037143,0.4,0.4,0.30000000000000004,0.4,0.09999999999999998,0.0,0.30000000000000004,0,0,-0.014619412001610925,9.999999999999998e-05,1.3024608870860612,1.3560043021852153,0.03948616904302463,0.01434941374398056,-0.02243074033417477
1518,24.19,0.024132091447925497,-1.0,0.30000000000000004,0.7025691509271184,0.30000000000000004,0.30000000000000004,0.4,0.30000000000000004,-0.09999999999999998,0.09999999999999998,0.30000000000000004,0,0,0.0096528365791702,9.999999999999998e-05,1.3149030830911554,1.3560043021852153,0.03031053738385991,0.0,0.008371700137066118
1519,23.63,-0.02315006200909476,-1.0,0.20000000000000004,0.748447311670877,0.20000000000000004,0.20000000000000004,0.30000000000000004,0.20000000000000004,-0.1,0.0,0.30000000000000004,0,0,-0.006945018602728429,0.0001,1.3056395664099933,1.3560043021852153,0.03714201768686031,0.0068314803030004,-0.010319176655259839
1520,22.56,-0.045281421921286515,-1.0,0.10000000000000003,0.7142899200341671,0.10000000000000003,0.10000000000000003,0.20000000000000004,0.10000000000000003,-0.1,0.0,0.20000000000000004,0,0,-0.009056284384257304,0.0001,1.293684759236605,1.3560043021852153,0.04595821919457166,0.008816201507711348,-0.014152323888186602
1521,22.74,0.007978723404255306,-1.0,2.7755575615628914e-17,0.6702088952096962,2.7755575615628914e-17,2.7755575615628914e-17,0.10000000000000003,2.7755575615628914e-17,-0.1,0.0,0.10000000000000003,0,0,0.0007978723404255309,0.0001,1.2945875860473064,1.3560043021852153,0.045292419824137134,0.0,-0.005060338940025512
1522,25.11,0.10422163588390507,1.0,0.10000000000000003,0.673537907752576,0.10000000000000003,0.10000000000000003,2.7755575615628914e-17,2.7755575615628914e-17,0.0,0.0,2.7755575615628914e-17,1,0,2.892731495560271e-18,0.0,1.2945875860473064,1.3560043021852153,0.045292419824137134,0.0,-0.005421021865605272
1523,25.23,0.004778972520908044,1.0,0.10000000000000003,0.673537907752576,0.10000000000000003,0.10000000000000003,2.7755575615628914e-17,0.10000000000000003,0.1,0.0,2.7755575615628914e-17,0,0,1.3264313316907595e-19,0.0001,1.2944581272887017,1.3560043021852153,0.04538789058215471,9.54707580175726e-05,-0.00537240890421833
1524,25.29,0.002378121284185443,1.0,0.20000000000000004,0.673060549053743,0.20000000000000004,0.20000000000000004,0.10000000000000003,0.20000000000000004,0.1,0.1,2.7755575615628914e-17,0,0,0.00023781212841854439,0.0001,1.294636519318372,1.3560043021852153,0.045256333455541746,0.0,-0.0030215004710568757
1525,24.64,-0.02570185844207191,0.7345497608184814,0.2734549760818482,0.673718323561726,0.2734549760818482,0.2734549760818482,0.20000000000000004,0.2734549760818482,0.07345497608184817,0.1,0.10000000000000003,0,0,-0.005140371688414383,7.345497608184818e-05,1.2878865089131193,1.3560043021852153,0.050234201441930124,0.004977867986388378,-0.006804241738501936
1526,24.38,-0.010551948051948114,-1.0,0.1734549760818482,0.6488289885260704,0.1734549760818482,0.1734549760818482,0.2734549760818482,0.1734549760818482,-0.1,0.07345497608184817,0.20000000000000004,0,0,-0.0028854827021623764,0.0001,1.284041546018411,1.3560043021852153,0.05306971080463065,0.0028355093627005293,-0.006262093056494727
1527,24.69,0.012715340442986148,-1.0,0.0734549760818482,0.634651446346602,0.0734549760818482,0.0734549760818482,0.1734549760818482,0.0734549760818482,-0.1,0.0,0.1734549760818482,0,0,0.0022055390724107196,0.0001,1.2867451456641514,1.3560043021852153,0.05107591208188055,0.0,-0.0025767505694220447
1528,24.29,-0.016200891049007782,1.0,0.1734549760818482,0.6446204349437458,0.1734549760818482,0.1734549760818482,0.0734549760818482,0.1734549760818482,0.1,0.0,0.0734549760818482,0,0,-0.0011900360645094952,0.0001,1.285085198020412,1.3560043021852153,0.05230005837777675,0.0012241462958961988,-0.0043632272989009005
1529,24.08,-0.00864553314121041,-1.0,0.0734549760818482,0.6384997084777199,0.0734549760818482,0.0734549760818482,0.1734549760818482,0.1,-0.0734549760818482,0.1,0.0734549760818482,0,0,-0.0014996107442234777,7.34549760818482e-05,1.2830636745477346,1.3560043021852153,0.05379085266907787,0.0014907942913011188,-0.0054220192905423525
1530,23.87,-0.008720930232558028,-1.0,0.0,0.6310457378668108,0.0,0.0,0.1,0.0,-0.1,0.0,0.1,0,0,-0.0008720930232558029,0.0001,1.2818164173013138,1.3560043021852153,0.0547106559797391,0.0009198033106612297,-0.005403807664537477
1531,23.28,-0.024717218265605356,0.3147588074207306,0.03147588074207306,0.6264467179818626,0.03147588074207306,0.03147588074207306,0.0,0.03147588074207306,0.03147588074207306,0.0,0.0,0,0,-0.0,3.147588074207306e-05,1.2817760710006296,1.3560043021852153,0.054740409794398204,2.9753814659104483e-05,-0.0033283743112829333
1532,22.71,-0.024484536082474237,-1.0,0.0,0.6262979485137973,0.0,0.0,0.03147588074207306,0.03147588074207306,-0.0,0.03147588074207306,0.0,0,0,-0.0007706723377569439,0.0,1.2807882416395107,1.3560043021852153,0.05546889521256912,0.0007284854181709155,-0.002777991771106374
1533,23.36,0.0286217525319242,-1.0,0.0,0.6226555272981157,0.0,0.0,0.03147588074207306,0.0,-0.03147588074207306,0.0,0.03147588074207306,0,0,0.0009008948693239738,3.147588074207306e-05,1.2819017832571444,1.3560043021852153,0.05464770193476072,0.0,0.0007907292867267181
1534,23.78,0.017979452054794592,-1.0,0.0,0.6267614863856232,0.0,0.0,0.0,0.0,0.0,0.0,0.0,0,0,0.0,0.0,1.2819017832571444,1.3560043021852153,0.05464770193476072,0.0,0.0
1535,23.21,-0.02396972245584526,-1.0,0.0,0.6267614863856232,0.0,0.0,0.0,0.0,0.0,0.0,0.0,0,0,-0.0,0.0,1.2819017832571444,1.3560043021852153,0.05464770193476072,0.0,0.0
1536,23.67,0.019819043515726015,-1.0,0.0,0.6267614863856232,0.0,0.0,0.0,0.0,0.0,0.0,0.0,0,0,0.0,0.0,1.2819017832571444,1.3560043021852153,0.05464770193476072,0.0,0.0
1537,25.01,0.05661174482467257,-1.0,0.0,0.6267614863856232,0.0,0.0,0.0,0.0,0.0,0.0,0.0,0,0,0.0,0.0,1.2819017832571444,1.3560043021852153,0.05464770193476072,0.0,0.0
1538,26.04,0.04118352658936415,1.0,0.1,0.6267614863856232,0.1,0.1,0.0,0.1,0.1,0.0,0.0,0,0,0.0,0.0001,1.2817735930788188,1.3560043021852153,0.054742237164567206,9.45352298064861e-05,-0.0018629476328551487
1539,24.75,-0.04953917050691241,-1.0,0.0,0.6262888215525663,0.0,0.0,0.1,0.1,-0.0,0.1,0.0,0,0,-0.0049539170506912415,0.0,1.2754237930209398,1.3560043021852153,0.05942496571317595,0.004682728548608746,-0.0071353765101243765
1540,25.5,0.030303030303030304,-1.0,0.0,0.602875167136352,0.0,0.0,0.1,0.0,-0.1,0.0,0.1,0,0,0.0030303030303030307,0.0001,1.2791611712265496,1.3560043021852153,0.056668795839977915,0.0,0.00113526546464585
1541,23.9,-0.06274509803921574,1.0,0.1,0.6166560217783987,0.1,0.1,0.0,0.1,0.1,0.0,0.0,0,0,-0.0,0.0001,1.279033255109427,1.3560043021852153,0.05676312896039387,9.433312041595698e-05,-0.002943569851342715
1542,22.95,-0.03974895397489537,-1.0,0.0,0.6161843627737222,0.0,0.0,0.1,0.1,-0.0,0.1,0.0,0,0,-0.003974895397489537,0.0,1.2739492317104566,1.3560043021852153,0.06051239685783155,0.0037492678974376803,-0.004725314350847424
1543,22.27,-0.029629629629629617,-1.0,0.0,0.5967975160107817,0.0,0.0,0.1,0.0,-0.1,0.0,0.1,0,0,-0.002962962962962962,0.0001,1.2700471723970324,1.3560043021852153,0.06339001259041885,0.0028776157325872964,-0.003312962962962962
1544,22.75,0.021553659631791667,-1.0,0.0,0.5788124430929951,0.0,0.0,0.0,0.0,0.0,0.0,0.0,0,0,0.0,0.0,1.2700471723970324,1.3560043021852153,0.06339001259041885,0.0,0.0
1545,23.03,0.012307692307692358,-1.0,0.0,0.5788124430929951,0.0,0.0,0.0,0.0,0.0,0.0,0.0,0,0,0.0,0.0,1.2700471723970324,1.3560043021852153,0.06339001259041885,0.0,0.0
1546,22.46,-0.024750325662179776,-1.0,0.0,0.5788124430929951,0.0,0.0,0.0,0.0,0.0,0.0,0.0,0,0,-0.0,0.0,1.2700471723970324,1.3560043021852153,0.06339001259041885,0.0,0.0
1547,21.87,-0.026268922528940333,-1.0,0.0,0.5788124430929951,0.0,0.0,0.0,0.0,0.0,0.0,0.0,0,0,-0.0,0.0,1.2700471723970324,1.3560043021852153,0.06339001259041885,0.0,0.0
1548,21.14,-0.033379058070416114,-1.0,0.0,0.5788124430929951,0.0,0.0,0.0,0.0,0.0,0.0,0.0,0,0,-0.0,0.0,1.2700471723970324,1.3560043021852153,0.06339001259041885,0.0,0.0
1549,21.12,-0.0009460737937558928,-1.0,0.0,0.5788124430929951,0.0,0.0,0.0,0.0,0.0,0.0,0.0,0,0,-0.0,0.0,1.2700471723970324,1.3560043021852153,0.06339001259041885,0.0,0.0
1550,21.35,0.010890151515151535,-1.0,0.0,0.5788124430929951,0.0,0.0,0.0,0.0,0.0,0.0,0.0,0,0,0.0,0.0,1.2700471723970324,1.3560043021852153,0.06339001259041885,0.0,0.0
1551,20.88,-0.022014051522248355,-1.0,0.0,0.5788124430929951,0.0,0.0,0.0,0.0,0.0,0.0,0.0,0,0,-0.0,0.0,1.2700471723970324,1.3560043021852153,0.06339001259041885,0.0,0.0
1552,21.22,0.016283524904214555,-1.0,0.0,0.5788124430929951,0.0,0.0,0.0,0.0,0.0,0.0,0.0,0,0,0.0,0.0,1.2700471723970324,1.3560043021852153,0.06339001259041885,0.0,0.0
1553,21.59,0.017436380772855843,-1.0,0.0,0.5788124430929951,0.0,0.0,0.0,0.0,0.0,0.0,0.0,0,0,0.0,0.0,1.2700471723970324,1.3560043021852153,0.06339001259041885,0.0,0.0
1554,21.27,-0.014821676702176947,-1.0,0.0,0.5788124430929951,0.0,0.0,0.0,0.0,0.0,0.0,0.0,0,0,-0.0,0.0,1.2700471723970324,1.3560043021852153,0.06339001259041885,0.0,0.0
1555,20.91,-0.016925246826516194,-1.0,0.0,0.5788124430929951,0.0,0.0,0.0,0.0,0.0,0.0,0.0,0,0,-0.0,0.0,1.2700471723970324,1.3560043021852153,0.06339001259041885,0.0,0.0
1556,21.57,0.031563845050215214,-1.0,0.0,0.5788124430929951,0.0,0.0,0.0,0.0,0.0,0.0,0.0,0,0,0.0,0.0,1.2700471723970324,1.3560043021852153,0.06339001259041885,0.0,0.0
1557,21.63,0.002781641168289231,-1.0,0.0,0.5788124430929951,0.0,0.0,0.0,0.0,0.0,0.0,0.0,0,0,0.0,0.0,1.2700471723970324,1.3560043021852153,0.06339001259041885,0.0,0.0
1558,21.16,-0.021729079981507114,-1.0,0.0,0.5788124430929951,0.0,0.0,0.0,0.0,0.0,0.0,0.0,0,0,-0.0,0.0,1.2700471723970324,1.3560043021852153,0.06339001259041885,0.0,0.0
1559,21.17,0.00047258979206056534,-1.0,0.0,0.5788124430929951,0.0,0.0,0.0,0.0,0.0,0.0,0.0,0,0,0.0,0.0,1.2700471723970324,1.3560043021852153,0.06339001259041885,0.0,0.0
1560,21.36,0.00897496457250816,-1.0,0.0,0.5788124430929951,0.0,0.0,0.0,0.0,0.0,0.0,0.0,0,0,0.0,0.0,1.2700471723970324,1.3560043021852153,0.06339001259041885,0.0,0.0
1561,21.37,0.0004681647940075638,-1.0,0.0,0.5788124430929951,0.0,0.0,0.0,0.0,0.0,0.0,0.0,0,0,0.0,0.0,1.2700471723970324,1.3560043021852153,0.06339001259041885,0.0,0.0
1562,20.38,-0.04632662611137117,-1.0,0.0,0.5788124430929951,0.0,0.0,0.0,0.0,0.0,0.0,0.0,0,0,-0.0,0.0,1.2700471723970324,1.3560043021852153,0.06339001259041885,0.0,0.0
1563,20.09,-0.01422963689892047,-1.0,0.0,0.5788124430929951,0.0,0.0,0.0,0.0,0.0,0.0,0.0,0,0,-0.0,0.0,1.2700471723970324,1.3560043021852153,0.06339001259041885,0.0,0.0
1564,20.63,0.026879044300647047,-1.0,0.0,0.5788124430929951,0.0,0.0,0.0,0.0,0.0,0.0,0.0,0,0,0.0,0.0,1.2700471723970324,1.3560043021852153,0.06339001259041885,0.0,0.0
1565,20.44,-0.0092098885118758,-1.0,0.0,0.5788124430929951,0.0,0.0,0.0,0.0,0.0,0.0,0.0,0,0,-0.0,0.0,1.2700471723970324,1.3560043021852153,0.06339001259041885,0.0,0.0
1566,21.22,0.03816046966731886,-1.0,0.0,0.5788124430929951,0.0,0.0,0.0,0.0,0.0,0.0,0.0,0,0,0.0,0.0,1.2700471723970324,1.3560043021852153,0.06339001259041885,0.0,0.0
1567,21.05,-0.00801131008482555,-1.0,0.0,0.5788124430929951,0.0,0.0,0.0,0.0,0.0,0.0,0.0,0,0,-0.0,0.0,1.2700471723970324,1.3560043021852153,0.06339001259041885,0.0,0.0
1568,21.08,0.0014251781472682937,-1.0,0.0,0.5788124430929951,0.0,0.0,0.0,0.0,0.0,0.0,0.0,0,0,0.0,0.0,1.2700471723970324,1.3560043021852153,0.06339001259041885,0.0,0.0
1569,22.03,0.04506641366223923,-1.0,0.0,0.5788124430929951,0.0,0.0,0.0,0.0,0.0,0.0,0.0,0,0,0.0,0.0,1.2700471723970324,1.3560043021852153,0.06339001259041885,0.0,0.0
1570,21.75,-0.012709940989559743,1.0,0.1,0.5788124430929951,0.1,0.1,0.0,0.1,0.1,0.0,0.0,0,0,-0.0,0.0001,1.2699201676797927,1.3560043021852153,0.06348367358915981,9.366099874096034e-05,-0.0016084835792680957
1571,22.36,0.028045977011494225,-1.0,0.0,0.5782270602887352,0.0,0.0,0.1,0.1,-0.0,0.1,0.0,0,0,0.0028045977011494226,0.0,1.2734817828627107,1.3560043021852153,0.060857122053019026,0.0,0.002109458970200153
1572,21.64,-0.03220035778175308,-1.0,0.0,0.5946429943667201,0.0,0.0,0.1,0.0,-0.1,0.0,0.1,0,0,-0.003220035778175308,0.0001,1.269253777780752,1.3560043021852153,0.06397511000862158,0.003117987955602551,-0.006074715929433507
1573,21.48,-0.0073937153419593405,-1.0,0.0,0.57515555843773,0.0,0.0,0.0,0.0,0.0,0.0,0.0,0,0,-0.0,0.0,1.269253777780752,1.3560043021852153,0.06397511000862158,0.0,-0.0007789796584693155
1574,20.53,-0.04422718808193665,-1.0,0.0,0.57515555843773,0.0,0.0,0.0,0.0,0.0,0.0,0.0,0,0,-0.0,0.0,1.269253777780752,1.3560043021852153,0.06397511000862158,0.0,-4.957414616978203e-05
1575,19.74,-0.038480272771553956,-1.0,0.0,0.57515555843773,0.0,0.0,0.0,0.0,0.0,0.0,0.0,0,0,-0.0,0.0,1.269253777780752,1.3560043021852153,0.06397511000862158,0.0,0.0
1576,19.58,-0.008105369807497475,-1.0,0.0,0.57515555843773,0.0,0.0,0.0,0.0,0.0,0.0,0.0,0,0,-0.0,0.0,1.269253777780752,1.3560043021852153,0.06397511000862158,0.0,0.0
1577,19.7,0.006128702757916292,-1.0,0.0,0.57515555843773,0.0,0.0,0.0,0.0,0.0,0.0,0.0,0,0,0.0,0.0,1.269253777780752,1.3560043021852153,0.06397511000862158,0.0,0.0
1578,20.28,0.029441624365482328,-1.0,0.0,0.57515555843773,0.0,0.0,0.0,0.0,0.0,0.0,0.0,0,0,0.0,0.0,1.269253777780752,1.3560043021852153,0.06397511000862158,0.0,0.0
1579,19.66,-0.030571992110453697,-1.0,0.0,0.57515555843773,0.0,0.0,0.0,0.0,0.0,0.0,0.0,0,0,-0.0,0.0,1.269253777780752,1.3560043021852153,0.06397511000862158,0.0,0.0
1580,19.57,-0.004577822990844347,-1.0,0.0,0.57515555843773,0.0,0.0,0.0,0.0,0.0,0.0,0.0,0,0,-0.0,0.0,1.269253777780752,1.3560043021852153,0.06397511000862158,0.0,0.0
1581,18.78,-0.04036791006642816,-1.0,0.0,0.57515555843773,0.0,0.0,0.0,0.0,0.0,0.0,0.0,0,0,-0.0,0.0,1.269253777780752,1.3560043021852153,0.06397511000862158,0.0,0.0
1582,18.75,-0.0015974440894569294,-1.0,0.0,0.57515555843773,0.0,0.0,0.0,0.0,0.0,0.0,0.0,0,0,-0.0,0.0,1.269253777780752,1.3560043021852153,0.06397511000862158,0.0,0.0
1583,19.6,0.045333333333333406,-1.0,0.0,0.57515555843773,0.0,0.0,0.0,0.0,0.0,0.0,0.0,0,0,0.0,0.0,1.269253777780752,1.3560043021852153,0.06397511000862158,0.0,0.0
1584,19.17,-0.021938775510204067,-1.0,0.0,0.57515555843773,0.0,0.0,0.0,0.0,0.0,0.0,0.0,0,0,-0.0,0.0,1.269253777780752,1.3560043021852153,0.06397511000862158,0.0,0.0
1585,19.87,0.036515388628064645,-1.0,0.0,0.57515555843773,0.0,0.0,0.0,0.0,0.0,0.0,0.0,0,0,0.0,0.0,1.269253777780752,1.3560043021852153,0.06397511000862158,0.0,0.0
1586,19.69,-0.009058882737795657,-1.0,0.0,0.57515555843773,0.0,0.0,0.0,0.0,0.0,0.0,0.0,0,0,-0.0,0.0,1.269253777780752,1.3560043021852153,0.06397511000862158,0.0,0.0
1587,19.8,0.00558659217877092,-1.0,0.0,0.57515555843773,0.0,0.0,0.0,0.0,0.0,0.0,0.0,0,0,0.0,0.0,1.269253777780752,1.3560043021852153,0.06397511000862158,0.0,0.0
1588,20.24,0.022222222222222105,-1.0,0.0,0.57515555843773,0.0,0.0,0.0,0.0,0.0,0.0,0.0,0,0,0.0,0.0,1.269253777780752,1.3560043021852153,0.06397511000862158,0.0,0.0
1589,22.36,0.10474308300395263,-1.0,0.0,0.57515555843773,0.0,0.0,0.0,0.0,0.0,0.0,0.0,1,0,0.0,0.0,1.269253777780752,1.3560043021852153,0.06397511000862158,0.0,0.0
1590,22.03,-0.014758497316636776,1.0,0.1,0.57515555843773,0.1,0.1,0.0,0.1,0.1,0.0,0.0,0,0,-0.0,0.0001,1.269126852402974,1.3560043021852153,0.0640687124976207,9.360248899911716e-05,-0.0017491329843605705
1591,22.38,0.015887426236949515,-1.0,0.0,0.5745705481625,0.0,0.0,0.1,0.1,-0.0,0.1,0.0,0,0,0.0015887426236949516,0.0,1.2711431683282624,1.3560043021852153,0.06258175856831598,0.0,0.00039114175597826503
1592,20.48,-0.08489722966934757,-1.0,0.0,0.5838640298698405,0.0,0.0,0.1,0.0,-0.1,0.0,0.1,0,0,-0.008489722966934758,0.0001,1.2602244006610108,1.3560043021852153,0.07063392156636533,0.008052162998049353,-0.010395064697412124
1593,19.03,-0.07080078124999996,-1.0,0.0,0.533538012208216,0.0,0.0,0.0,0.0,0.0,0.0,0.0,0,0,-0.0,0.0,1.2602244006610108,1.3560043021852153,0.07063392156636533,0.0,0.0
1594,19.51,0.025223331581713106,-1.0,0.0,0.533538012208216,0.0,0.0,0.0,0.0,0.0,0.0,0.0,0,0,0.0,0.0,1.2602244006610108,1.3560043021852153,0.07063392156636533,0.0,0.0
1595,20.58,0.054843669912865024,-1.0,0.0,0.533538012208216,0.0,0.0,0.0,0.0,0.0,0.0,0.0,0,0,0.0,0.0,1.2602244006610108,1.3560043021852153,0.07063392156636533,0.0,0.0
1596,20.75,0.008260447035957323,-1.0,0.0,0.533538012208216,0.0,0.0,0.0,0.0,0.0,0.0,0.0,0,0,0.0,0.0,1.2602244006610108,1.3560043021852153,0.07063392156636533,0.0,-0.0014414528377199797
1597,20.8,0.0024096385542169015,-1.0,0.0,0.533538012208216,0.0,0.0,0.0,0.0,0.0,0.0,0.0,0,0,0.0,0.0,1.2602244006610108,1.3560043021852153,0.07063392156636533,0.0,-0.001925737738642475
1598,21.18,0.01826923076923072,0.29870811104774475,0.029870811104774478,0.533538012208216,0.029870811104774478,0.029870811104774478,0.0,0.029870811104774478,0.029870811104774478,0.0,0.0,0,0,0.0,2.9870811104774478e-05,1.260186756735989,1.3560043021852153,0.07066168248494144,2.7760918576105742e-05,-0.001789541468056218
1599,20.82,-0.016997167138810172,1.0,0.1298708111047745,0.5333645068125694,0.1298708111047745,0.1298708111047745,0.029870811104774478,0.1298708111047745,0.10000000000000002,0.029870811104774478,0.0,0,0,-0.0005077191689196787,0.00010000000000000002,1.259420917087502,1.3560043021852153,0.07122645919490683,0.000564776709965395,-0.0020478000865315114
1600,21.13,0.014889529298751139,-1.0,0.029870811104774492,0.5298346079903501,0.029870811104774492,0.029870811104774492,0.1298708111047745,0.10000000000000002,-0.029870811104774478,0.10000000000000002,0.029870811104774478,0,0,0.0019337152469971145,2.9870811104774478e-05,1.2618186585929454,1.3560043021852153,0.06945821885704104,0.0,0.00047502191286525296
1601,21.93,0.037860861334595396,-1.0,1.3877787807814457e-17,0.5408861473217483,1.3877787807814457e-17,1.3877787807814457e-17,0.10000000000000002,1.3877787807814457e-17,-0.1,0.0,0.10000000000000002,0,0,0.0037860861334595404,0.0001,1.2664698308533253,1.3560043021852153,0.06602816170096527,0.0,0.0009681592721856483
1602,21.71,-0.01003191974464199,1.0,0.10000000000000002,0.5623239822695137,0.10000000000000002,0.10000000000000002,1.3877787807814457e-17,0.10000000000000002,0.1,0.0,1.3877787807814457e-17,0,0,-1.3922085352116574e-19,0.0001,1.26634318387024,1.3560043021852153,0.06612155888479522,9.339718382994633e-05,-0.0035331501113354865
1603,22.27,0.025794564716720345,-1.0,1.3877787807814457e-17,0.561740275845888,1.3877787807814457e-17,1.3877787807814457e-17,0.10000000000000002,0.1,-1.3877787807814457e-17,0.1,1.3877787807814457e-17,0,0,0.002579456471672035,1.3877787807814457e-20,1.269609660991232,1.3560043021852153,0.06371266009610548,0.0,-0.00032284914741890786
1604,21.65,-0.027840143691064256,-1.0,0.0,0.5767958968883593,0.0,0.0,0.1,0.0,-0.1,0.0,0.1,0,0,-0.0027840143691064256,0.0001,1.2659480884857768,1.3560043021852153,0.06641292623800084,0.0027002661418953633,-0.0071497204862239
1605,22.23,0.026789838337182535,1.0,0.1,0.5599192142496592,0.1,0.1,0.0,0.1,0.1,0.0,0.0,0,0,0.0,0.0001,1.2658214936769283,1.3560043021852153,0.06650628494537696,9.335870737611773e-05,-0.002779341078726044
1606,22.24,0.0004498425551056235,-1.0,0.0,0.5593357406566772,0.0,0.0,0.1,0.1,-0.0,0.1,0.0,0,0,4.4984255510562356e-05,0.0,1.2658784357144306,1.3560043021852153,0.06646429242558147,0.0,-0.0024794756051748092
1607,22.11,-0.00584532374100715,-1.0,0.0,0.5595981873581973,0.0,0.0,0.1,0.0,-0.1,0.0,0.1,0,0,-0.000584532374100715,0.0001,1.2650119009435081,1.3560043021852153,0.06710332783979515,0.0006390354142136873,-0.004547159058881065
1608,21.8,-0.014020805065581128,1.0,0.1,0.5556042104970587,0.1,0.1,0.0,0.1,0.1,0.0,0.0,0,0,-0.0,0.0001,1.2648853997534137,1.3560043021852153,0.0671966175070112,9.32896672160427e-05,-0.0026657739910714616
1609,20.99,-0.0371559633027524,-1.0,0.0,0.5550211559992352,0.0,0.0,0.1,0.1,-0.0,0.1,0.0,0,0,-0.00371559633027524,0.0,1.260185596203871,1.3560043021852153,0.07066253833187061,0.0034659208248594142,-0.005288646731388308
1610,20.22,-0.036684135302525,-1.0,0.0,0.5333591517077655,0.0,0.0,0.1,0.0,-0.1,0.0,0.1,0,0,-0.0036684135302525,0.0001,1.2554366957525072,1.3560043021852153,0.07416466619659123,0.003502127864720622,-0.0040184135302525
1611,20.1,-0.005934718100890081,-1.0,0.0,0.5114708360306699,0.0,0.0,0.0,0.0,0.0,0.0,0.0,0,0,-0.0,0.0,1.2554366957525072,1.3560043021852153,0.07416466619659123,0.0,0.0
1612,20.07,-0.0014925373134328922,-1.0,0.0,0.5114708360306699,0.0,0.0,0.0,0.0,0.0,0.0,0.0,0,0,-0.0,0.0,1.2554366957525072,1.3560043021852153,0.07416466619659123,0.0,0.0
1613,20.07,0.0,-1.0,0.0,0.5114708360306699,0.0,0.0,0.0,0.0,0.0,0.0,0.0,0,0,0.0,0.0,1.2554366957525072,1.3560043021852153,0.07416466619659123,0.0,0.0
1614,20.35,0.013951170901843604,-1.0,0.0,0.5114708360306699,0.0,0.0,0.0,0.0,0.0,0.0,0.0,0,0,0.0,0.0,1.2554366957525072,1.3560043021852153,0.07416466619659123,0.0,-0.0006009148106173662
1615,19.9,-0.02211302211302225,-1.0,0.0,0.5114708360306699,0.0,0.0,0.0,0.0,0.0,0.0,0.0,0,0,-0.0,0.0,1.2554366957525072,1.3560043021852153,0.07416466619659123,0.0,-0.0004950931888985693
1616,20.06,0.008040201005025133,-1.0,0.0,0.5114708360306699,0.0,0.0,0.0,0.0,0.0,0.0,0.0,0,0,0.0,0.0,1.2554366957525072,1.3560043021852153,0.07416466619659123,0.0,0.0
1617,19.85,-0.010468594217347822,-1.0,0.0,0.5114708360306699,0.0,0.0,0.0,0.0,0.0,0.0,0.0,0,0,-0.0,0.0,1.2554366957525072,1.3560043021852153,0.07416466619659123,0.0,0.0
1618,19.94,0.004534005037783368,-1.0,0.0,0.5114708360306699,0.0,0.0,0.0,0.0,0.0,0.0,0.0,0,0,0.0,0.0,1.2554366957525072,1.3560043021852153,0.07416466619659123,0.0,0.0
1619,19.7,-0.012036108324975025,-1.0,0.0,0.5114708360306699,0.0,0.0,0.0,0.0,0.0,0.0,0.0,0,0,-0.0,0.0,1.2554366957525072,1.3560043021852153,0.07416466619659123,0.0,0.0
1620,20.29,0.029949238578680197,-1.0,0.0,0.5114708360306699,0.0,0.0,0.0,0.0,0.0,0.0,0.0,0,0,0.0,0.0,1.2554366957525072,1.3560043021852153,0.07416466619659123,0.0,0.0
1621,20.55,0.012814194184327332,-1.0,0.0,0.5114708360306699,0.0,0.0,0.0,0.0,0.0,0.0,0.0,0,0,0.0,0.0,1.2554366957525072,1.3560043021852153,0.07416466619659123,0.0,0.0
1622,20.57,0.0009732360097323393,-1.0,0.0,0.5114708360306699,0.0,0.0,0.0,0.0,0.0,0.0,0.0,0,0,0.0,0.0,1.2554366957525072,1.3560043021852153,0.07416466619659123,0.0,0.0
1623,20.05,-0.025279533300923654,-1.0,0.0,0.5114708360306699,0.0,0.0,0.0,0.0,0.0,0.0,0.0,0,0,-0.0,0.0,1.2554366957525072,1.3560043021852153,0.07416466619659123,0.0,0.0
1624,19.88,-0.008478802992518788,-1.0,0.0,0.5114708360306699,0.0,0.0,0.0,0.0,0.0,0.0,0.0,0,0,-0.0,0.0,1.2554366957525072,1.3560043021852153,0.07416466619659123,0.0,0.0
1625,19.66,-0.011066398390341996,-1.0,0.0,0.5114708360306699,0.0,0.0,0.0,0.0,0.0,0.0,0.0,0,0,-0.0,0.0,1.2554366957525072,1.3560043021852153,0.07416466619659123,0.0,0.0
1626,19.87,0.01068158697863687,-1.0,0.0,0.5114708360306699,0.0,0.0,0.0,0.0,0.0,0.0,0.0,0,0,0.0,0.0,1.2554366957525072,1.3560043021852153,0.07416466619659123,0.0,0.0
1627,19.54,-0.016607951685958824,-1.0,0.0,0.5114708360306699,0.0,0.0,0.0,0.0,0.0,0.0,0.0,0,0,-0.0,0.0,1.2554366957525072,1.3560043021852153,0.07416466619659123,0.0,0.0
1628,19.41,-0.006653019447287564,-1.0,0.0,0.5114708360306699,0.0,0.0,0.0,0.0,0.0,0.0,0.0,0,0,-0.0,0.0,1.2554366957525072,1.3560043021852153,0.07416466619659123,0.0,0.0
1629,19.25,-0.008243173621844417,-1.0,0.0,0.5114708360306699,0.0,0.0,0.0,0.0,0.0,0.0,0.0,0,0,-0.0,0.0,1.2554366957525072,1.3560043021852153,0.07416466619659123,0.0,0.0
1630,19.01,-0.012467532467532386,-1.0,0.0,0.5114708360306699,0.0,0.0,0.0,0.0,0.0,0.0,0.0,0,0,-0.0,0.0,1.2554366957525072,1.3560043021852153,0.07416466619659123,0.0,0.0
1631,18.89,-0.006312467122567122,-1.0,0.0,0.5114708360306699,0.0,0.0,0.0,0.0,0.0,0.0,0.0,0,0,-0.0,0.0,1.2554366957525072,1.3560043021852153,0.07416466619659123,0.0,0.0
1632,19.05,0.008470089994706201,-1.0,0.0,0.5114708360306699,0.0,0.0,0.0,0.0,0.0,0.0,0.0,0,0,0.0,0.0,1.2554366957525072,1.3560043021852153,0.07416466619659123,0.0,0.0
1633,19.03,-0.0010498687664041771,-1.0,0.0,0.5114708360306699,0.0,0.0,0.0,0.0,0.0,0.0,0.0,0,0,-0.0,0.0,1.2554366957525072,1.3560043021852153,0.07416466619659123,0.0,0.0
1634,18.08,-0.04992117708880729,-1.0,0.0,0.5114708360306699,0.0,0.0,0.0,0.0,0.0,0.0,0.0,0,0,-0.0,0.0,1.2554366957525072,1.3560043021852153,0.07416466619659123,0.0,0.0
1635,16.18,-0.10508849557522117,-1.0,0.0,0.5114708360306699,0.0,0.0,0.0,0.0,0.0,0.0,0.0,0,1,-0.0,0.0,1.2554366957525072,1.3560043021852153,0.07416466619659123,0.0,0.0
1636,14.47,-0.10568603213844247,-1.0,0.0,0.5114708360306699,0.0,0.0,0.0,0.0,0.0,0.0,0.0,0,1,-0.0,0.0,1.2554366957525072,1.3560043021852153,0.07416466619659123,0.0,0.0
1637,15.36,0.06150656530753274,-1.0,0.0,0.5114708360306699,0.0,0.0,0.0,0.0,0.0,0.0,0.0,0,0,0.0,0.0,1.2554366957525072,1.3560043021852153,0.07416466619659123,0.0,0.0
1638,16.99,0.1061197916666666,-1.0,0.0,0.5114708360306699,0.0,0.0,0.0,0.0,0.0,0.0,0.0,1,0,0.0,0.0,1.2554366957525072,1.3560043021852153,0.07416466619659123,0.0,0.0
1639,16.83,-0.009417304296645095,-1.0,0.0,0.5114708360306699,0.0,0.0,0.0,0.0,0.0,0.0,0.0,0,0,-0.0,0.0,1.2554366957525072,1.3560043021852153,0.07416466619659123,0.0,0.0
1640,16.95,0.00713012477718366,-1.0,0.0,0.5114708360306699,0.0,0.0,0.0,0.0,0.0,0.0,0.0,0,0,0.0,0.0,1.2554366957525072,1.3560043021852153,0.07416466619659123,0.0,0.0
1641,17.13,0.010619469026548657,-1.0,0.0,0.5114708360306699,0.0,0.0,0.0,0.0,0.0,0.0,0.0,0,0,0.0,0.0,1.2554366957525072,1.3560043021852153,0.07416466619659123,0.0,0.0
1642,16.53,-0.03502626970227658,-1.0,0.0,0.5114708360306699,0.0,0.0,0.0,0.0,0.0,0.0,0.0,0,0,-0.0,0.0,1.2554366957525072,1.3560043021852153,0.07416466619659123,0.0,0.0
1643,16.43,-0.0060496067755596745,-1.0,0.0,0.5114708360306699,0.0,0.0,0.0,0.0,0.0,0.0,0.0,0,0,-0.0,0.0,1.2554366957525072,1.3560043021852153,0.07416466619659123,0.0,0.0
1644,16.59,0.00973828362751066,-1.0,0.0,0.5114708360306699,0.0,0.0,0.0,0.0,0.0,0.0,0.0,0,0,0.0,0.0,1.2554366957525072,1.3560043021852153,0.07416466619659123,0.0,0.0
1645,16.84,0.015069318866787222,-1.0,0.0,0.5114708360306699,0.0,0.0,0.0,0.0,0.0,0.0,0.0,0,0,0.0,0.0,1.2554366957525072,1.3560043021852153,0.07416466619659123,0.0,0.0
1646,16.81,-0.0017814726840855782,-1.0,0.0,0.5114708360306699,0.0,0.0,0.0,0.0,0.0,0.0,0.0,0,0,-0.0,0.0,1.2554366957525072,1.3560043021852153,0.07416466619659123,0.0,0.0
1647,17.27,0.0273646638905414,-1.0,0.0,0.5114708360306699,0.0,0.0,0.0,0.0,0.0,0.0,0.0,0,0,0.0,0.0,1.2554366957525072,1.3560043021852153,0.07416466619659123,0.0,0.0
1648,16.95,-0.01852924145917778,-1.0,0.0,0.5114708360306699,0.0,0.0,0.0,0.0,0.0,0.0,0.0,0,0,-0.0,0.0,1.2554366957525072,1.3560043021852153,0.07416466619659123,0.0,0.0
1649,17.27,0.018879056047197657,-1.0,0.0,0.5114708360306699,0.0,0.0,0.0,0.0,0.0,0.0,0.0,0,0,0.0,0.0,1.2554366957525072,1.3560043021852153,0.07416466619659123,0.0,0.0
1650,17.03,-0.013896931094383233,-1.0,0.0,0.5114708360306699,0.0,0.0,0.0,0.0,0.0,0.0,0.0,0,0,-0.0,0.0,1.2554366957525072,1.3560043021852153,0.07416466619659123,0.0,0.0
1651,17.12,0.005284791544333521,-1.0,0.0,0.5114708360306699,0.0,0.0,0.0,0.0,0.0,0.0,0.0,0,0,0.0,0.0,1.2554366957525072,1.3560043021852153,0.07416466619659123,0.0,0.0
1652,17.09,-0.0017523364485981972,-1.0,0.0,0.5114708360306699,0.0,0.0,0.0,0.0,0.0,0.0,0.0,0,0,-0.0,0.0,1.2554366957525072,1.3560043021852153,0.07416466619659123,0.0,0.0
1653,17.84,0.04388531304856641,-1.0,0.0,0.5114708360306699,0.0,0.0,0.0,0.0,0.0,0.0,0.0,0,0,0.0,0.0,1.2554366957525072,1.3560043021852153,0.07416466619659123,0.0,0.0
1654,17.66,-0.010089686098654693,-0.04953841120004654,0.0,0.5114708360306699,0.0,0.0,0.0,0.0,0.0,0.0,0.0,0,0,-0.0,0.0,1.2554366957525072,1.3560043021852153,0.07416466619659123,0.0,0.0
1655,18.06,0.022650056625141482,-0.513478696346283,0.0,0.5114708360306699,0.0,0.0,0.0,0.0,0.0,0.0,0.0,0,0,0.0,0.0,1.2554366957525072,1.3560043021852153,0.07416466619659123,0.0,-0.00021400649588736102
1656,17.72,-0.018826135105204866,1.0,0.1,0.5114708360306699,0.1,0.1,0.0,0.1,0.1,0.0,0.0,0,0,-0.0,0.0001,1.2553111520829319,1.3560043021852153,0.07425724972997161,9.258353338037484e-05,-0.0029833197337523366
1657,18.3,0.03273137697516941,-1.0,0.0,0.5108922053150757,0.0,0.0,0.1,0.1,-0.0,0.1,0.0,0,0,0.003273137697516941,0.0,1.259419958336928,1.3560043021852153,0.07122716623585965,0.0,-5.04656552648081e-05
1658,18.12,-0.009836065573770475,-0.2600920796394348,0.07399079203605652,0.5298302307742495,0.07399079203605652,0.07399079203605652,0.1,0.07399079203605652,-0.026009207963943487,0.0,0.1,0,0,-0.0009836065573770477,2.6009207963943488e-05,1.258148428091806,1.3560043021852153,0.07216486993124835,0.000937703695388703,-0.004770378533811514
1659,18.58,0.025386313465783513,-1.0,0.0,0.523969557510727,0.0,0.0,0.07399079203605652,0.0,-0.07399079203605652,0.0,0.07399079203605652,0,0,0.0018783534402089291,7.399079203605652e-05,1.2604185841213125,1.3560043021852153,0.07049071887888955,0.0,-0.0007560092027335699
1660,18.13,-0.02421959095801934,1.0,0.1,0.534433013202399,0.1,0.1,0.0,0.1,0.1,0.0,0.0,0,0,-0.0,0.0001,1.2602925422629003,1.3560043021852153,0.07058366980700168,9.295092811212324e-05,-0.0028430611057979516
1661,18.25,0.00661886376172096,-1.0,0.0,0.5338520541803684,0.0,0.0,0.1,0.1,-0.0,0.1,0.0,0,0,0.0006618863761720961,0.0,1.2611267127266155,1.3560043021852153,0.06996850180025503,0.0,-0.0010300945646606035
1662,18.08,-0.009315068493150778,-1.0,0.0,0.5376968797311861,0.0,0.0,0.1,0.0,-0.1,0.0,0.1,0,0,-0.0009315068493150778,0.0001,1.2598258518845837,1.3560043021852153,0.07092783566072686,0.0009593338604718255,-0.0035616959136998416
1663,18.09,0.0005530973451328299,0.638193666934967,0.0638193666934967,0.5317010249959615,0.0638193666934967,0.0638193666934967,0.0,0.0638193666934967,0.0638193666934967,0.0,0.0,0,0,0.0,6.381936669349671e-05,1.2597454505965724,1.3560043021852153,0.07098712845786752,5.929279714066149e-05,-0.0024275194359266758
1664,18.0,-0.004975124378109445,-1.0,0.0,0.5313304517435313,0.0,0.0,0.0638193666934967,0.0638193666934967,-0.0,0.0638193666934967,0.0,0,0,-0.0003175092870323214,0.0,1.2593454697167112,1.3560043021852153,0.07128209867235473,0.0002949702144872113,-0.0025867708574568832
1665,18.08,0.00444444444444435,-1.0,0.0,0.5294868987071261,0.0,0.0,0.0638193666934967,0.0,-0.0638193666934967,0.0,0.0638193666934967,0,0,0.00028364162974886824,6.381936669349671e-05,1.259622301887833,1.3560043021852153,0.0710779458015448,0.0,-0.0022332439718032934
1666,17.82,-0.014380530973451218,-0.3440415561199188,0.0,0.5307628572004461,0.0,0.0,0.0,0.0,0.0,0.0,0.0,0,0,-0.0,0.0,1.259622301887833,1.3560043021852153,0.0710779458015448,0.0,-0.00206416712755268
1667,17.79,-0.0016835016835017472,-1.0,0.0,0.5307628572004461,0.0,0.0,0.0,0.0,0.0,0.0,0.0,0,0,-0.0,0.0,1.259622301887833,1.3560043021852153,0.0710779458015448,0.0,-0.0014981343375355344
1668,17.5,-0.016301292861157907,-1.0,0.0,0.5307628572004461,0.0,0.0,0.0,0.0,0.0,0.0,0.0,0,0,-0.0,0.0,1.259622301887833,1.3560043021852153,0.0710779458015448,0.0,-0.0007395297013567505
1669,17.61,0.006285714285714253,-1.0,0.0,0.5307628572004461,0.0,0.0,0.0,0.0,0.0,0.0,0.0,0,0,0.0,0.0,1.259622301887833,1.3560043021852153,0.0710779458015448,0.0,-0.000529710633883209
1670,18.73,0.06360022714366843,-1.0,0.0,0.5307628572004461,0.0,0.0,0.0,0.0,0.0,0.0,0.0,0,0,0.0,0.0,1.259622301887833,1.3560043021852153,0.0710779458015448,0.0,-0.0002944102176214966
1671,17.96,-0.04111051788574477,1.0,0.1,0.5307628572004461,0.1,0.1,0.0,0.1,0.1,0.0,0.0,0,0,-0.0,0.0001,1.2594963396576442,1.3560043021852153,0.07117083800696465,9.2892205419845e-05,-0.00249759653559485
1672,17.82,-0.007795100222717181,-1.0,0.0,0.5301822707074453,0.0,0.0,0.1,0.1,-0.0,0.1,0.0,0,0,-0.0007795100222717181,0.0,1.2585145496378665,1.3560043021852153,0.07189486964771649,0.0007240316407518405,-0.001681198742224232
1673,18.46,0.03591470258136928,-1.0,0.0,0.5256570674497594,0.0,0.0,0.1,0.0,-0.1,0.0,0.1,0,0,0.003591470258136928,0.0001,1.2629086157573597,1.3560043021852153,0.06865441818866719,0.0,0.002345262600466141
1674,19.59,0.061213434452871016,0.44104471802711487,0.04410447180271149,0.5459098875536136,0.04410447180271149,0.04410447180271149,0.0,0.04410447180271149,0.04410447180271149,0.0,0.0,0,0,0.0,4.4104471802711486e-05,1.2628529158399266,1.3560043021852153,0.06869549469361874,4.1076504951553794e-05,-0.0012323685703196766
1675,19.34,-0.012761613067891782,1.0,0.1441044718027115,0.5456531684859273,0.1441044718027115,0.1441044718027115,0.04410447180271149,0.1441044718027115,0.1,0.04410447180271149,0.0,0,0,-0.0005628442037099475,0.0001,1.262015841104524,1.3560043021852153,0.06931280448685005,0.0006173097932313104,-0.0030953977867505663
1676,19.46,0.0062047569803516545,-1.0,0.04410447180271149,0.5417949784561642,0.04410447180271149,0.04410447180271149,0.1441044718027115,0.1,-0.04410447180271149,0.1,0.04410447180271149,0,0,0.0008941332273177624,4.4104471802711486e-05,1.2630885908593783,1.3560043021852153,0.0685216936082742,0.0,-0.0011680513092650266
1677,19.19,-0.013874614594039032,-1.0,0.0,0.5467394165708028,0.0,0.0,0.1,0.0,-0.1,0.0,0.1,0,0,-0.0013874614594039034,0.0001,1.2612097952606622,1.3560043021852153,0.06990723168930267,0.0013855380810284673,-0.004964111936835211
1678,19.43,0.012506513809275583,1.0,0.1,0.5380797930077297,0.1,0.1,0.0,0.1,0.1,0.0,0.0,0,0,0.0,0.0001,1.2610836742811362,1.3560043021852153,0.07000024096613372,9.30092768310492e-05,-0.0017401123346283518
1679,19.69,0.013381369016984127,-1.0,0.0,0.537498508022798,0.0,0.0,0.1,0.1,-0.0,0.1,0.0,0,0,0.0013381369016984127,0.0,1.2627711768818213,1.3560043021852153,0.06875577396999982,0.0,-0.0005256144379580054
1680,19.93,0.012188928390045628,-1.0,0.0,0.545276401938376,0.0,0.0,0.1,0.0,-0.1,0.0,0.1,0,0,0.001218892839004563,0.0001,1.2641840825089359,1.3560043021852153,0.06771381147413039,0.0,-0.0015756116662219047
1681,20.25,0.016056196688409446,1.0,0.1,0.5517886750412119,0.1,0.1,0.0,0.1,0.1,0.0,0.0,0,0,0.0,0.0001,1.264057664100685,1.3560043021852153,0.0678070400929829,9.322861885251166e-05,-0.002797151483551842
1682,19.63,-0.030617283950617333,-1.0,0.0,0.5512059930724182,0.0,0.0,0.1,0.1,-0.0,0.1,0.0,0,0,-0.0030617283950617334,0.0,1.2601874628575127,1.3560043021852153,0.0706611617480068,0.0028541216550238974,-0.005760734292193521
1683,20.19,0.028527763627101493,-1.0,0.0,0.5333677198754517,0.0,0.0,0.1,0.0,-0.1,0.0,0.1,0,0,0.0028527763627101497,0.0001,1.2636564771178507,1.3560043021852153,0.0681028997611181,0.0,-0.00024346298622099968
1684,19.84,-0.01733531451213479,1.0,0.1,0.5493568986666942,0.1,0.1,0.0,0.1,0.1,0.0,0.0,0,0,-0.0,0.0001,1.263530111470139,1.3560043021852153,0.06819608947114195,9.318971002385268e-05,-0.0029968505147687508
1685,19.62,-0.011088709677419298,-1.0,0.0,0.5487744495285443,0.0,0.0,0.1,0.1,-0.0,0.1,0.0,0,0,-0.0011088709677419299,0.0,1.262129019612662,1.3560043021852153,0.06922933977515579,0.0010332503040138413,-0.0033322514554812144
1686,19.23,-0.01987767584097862,-1.0,0.0,0.5423166122301932,0.0,0.0,0.1,0.0,-0.1,0.0,0.1,0,0,-0.001987767584097862,0.0001,1.2594939875585653,1.3560043021852153,0.07117257258780267,0.0019432328126468834,-0.004841124204928451
1687,19.32,0.004680187207488292,-1.0,0.0,0.5301714207994513,0.0,0.0,0.0,0.0,0.0,0.0,0.0,0,0,0.0,0.0,1.2594939875585653,1.3560043021852153,0.07117257258780267,0.0,-0.002012363743727517
1688,20.01,0.03571428571428578,-0.9699820876121521,0.0,0.5301714207994513,0.0,0.0,0.0,0.0,0.0,0.0,0.0,0,0,0.0,0.0,1.2594939875585653,1.3560043021852153,0.07117257258780267,0.0,-0.0021681006116237595
1689,20.07,0.002998500749625123,1.0,0.1,0.5301714207994513,0.1,0.1,0.0,0.1,0.1,0.0,0.0,0,0,0.0,0.0001,1.2593680381598096,1.3560043021852153,0.07126545533054382,9.288274274114883e-05,-0.002973212643613211
1690,20.38,0.015445939212755293,-1.0,0.0,0.5295909274387081,0.0,0.0,0.1,0.1,-0.0,0.1,0.0,0,0,0.0015445939212755293,0.0,1.2613132503762,1.3560043021852153,0.06983093759836878,0.0,-0.0010012710432625383
1691,20.41,0.0014720314033366605,-1.0,0.0,0.5385566301659209,0.0,0.0,0.1,0.0,-0.1,0.0,0.1,0,0,0.00014720314033366607,0.0001,1.261372788322562,1.3560043021852153,0.06978703069758226,0.0,-0.0029690904253735395
1692,20.43,0.0009799118079372648,1.0,0.1,0.5388310443625245,0.1,0.1,0.0,0.1,0.1,0.0,0.0,0,0,0.0,0.0001,1.26124665104373,1.3560043021852153,0.06988005199451242,9.30212969301597e-05,-0.0029265903555768763
1693,20.19,-0.011747430249632816,-1.0,0.0,0.5382496662453353,0.0,0.0,0.1,0.1,-0.0,0.1,0.0,0,0,-0.0011747430249632817,0.0,1.259765010337658,1.3560043021852153,0.07097270391581101,0.001092651921298593,-0.0038011103635013496
1694,22.31,0.1050024764735016,-1.0,0.0,0.5314206037687519,0.0,0.0,0.1,0.0,-0.1,0.0,0.1,1,0,0.01050024764735016,0.0001,1.2728668784226362,1.3560043021852153,0.06131058996538743,0.0,0.007677572117258823
1695,22.84,0.023756163155535685,1.0,0.1,0.5918088167907855,0.1,0.1,0.0,0.1,0.1,0.0,0.0,0,0,0.0,0.0001,1.272739591734794,1.3560043021852153,0.06140445890639095,9.386894100352206e-05,-0.0037129680868278865
1696,23.01,0.007443082311733875,1.0,0.2,0.5912221301349211,0.2,0.2,0.1,0.2,0.1,0.1,0.0,0,0,0.0007443082311733876,0.0001,1.273559628329889,1.3560043021852153,0.060799714073521686,0.0,-0.0019561195791149566
1697,25.41,0.10430247718383305,-1.0,0.1,0.5950017863885817,0.1,0.1,0.2,0.1,-0.1,0.1,0.1,1,0,0.020860495436766612,0.0001,1.2999993571822817,1.3560043021852153,0.041301450823335195,0.0,0.016584915714908225
1698,25.63,0.008658008658008613,1.0,0.2,0.6934927418854637,0.2,0.2,0.1,0.2,0.1,0.0,0.1,0,0,0.0008658008658008614,0.0001,1.3009948978155526,1.3560043021852153,0.04056727864433357,0.0,-0.002684817152511488
1699,25.19,-0.01716738197424884,1.0,0.30000000000000004,0.6971636056925734,0.30000000000000004,0.30000000000000004,0.2,0.30000000000000004,0.10000000000000003,0.1,0.1,0,0,-0.0034334763948497683,0.00010000000000000003,1.2963978630543014,1.3560043021852153,0.04395741151769024,0.003390132873356669,-0.004772267336329331
1700,25.03,-0.006351726875744348,-1.0,0.20000000000000004,0.6802129387885476,0.20000000000000004,0.20000000000000004,0.30000000000000004,0.20000000000000004,-0.1,0.10000000000000003,0.2,0,0,-0.0019055180627233048,0.0001,1.29379791372347,1.3560043021852153,0.04587477219762426,0.0019173606799340187,-0.005192931880273043
1701,24.95,-0.0031961646024771012,-0.056329015642404556,0.19436709843575958,0.670626146349565,0.19436709843575958,0.19436709843575958,0.20000000000000004,0.19436709843575958,-0.005632901564240456,0.0,0.20000000000000004,0,0,-0.0006392329204954203,5.632901564240456e-06,1.292963587668258,1.3560043021852153,0.04649005494699875,0.0006152827493744947,-0.0035478427379822576
1702,26.28,0.053306613226452984,-1.0,0.09436709843575958,0.6675497271153661,0.09436709843575958,0.09436709843575958,0.19436709843575958,0.09436709843575958,-0.1,0.0,0.19436709843575958,0,0,0.010361051740262951,0.0001,1.306230753939598,1.3560043021852153,0.03670604006595451,0.0,0.005487981425813532
1703,25.76,-0.019786910197869084,1.0,0.19436709843575958,0.7164697922787091,0.19436709843575958,0.19436709843575958,0.09436709843575958,0.19436709843575958,0.1,0.0,0.09436709843575958,0,0,-0.0018672333023818468,0.0001,1.303661093299853,1.3560043021852153,0.03860106402391993,0.0018950239579654249,-0.005395568518609652
1704,26.53,0.029891304347826067,-1.0,0.09436709843575958,0.7069946840428716,0.09436709843575958,0.09436709843575958,0.19436709843575958,0.1,-0.09436709843575958,0.1,0.09436709843575958,0,0,0.005809886094547158,9.436709843575958e-05,1.3111121930430998,1.3560043021852153,0.03310617014250721,0.0,0.0008078963612850694
1705,26.14,-0.014700339238597834,1.0,0.2,0.7344691470281771,0.2,0.2,0.1,0.2,0.1,0.0,0.1,0,0,-0.0014700339238597835,0.0001,1.309053702422036,1.3560043021852153,0.0346242262561542,0.0015180561136469914,-0.004782084881938589
1706,26.05,-0.0034429992348890535,-0.945343554019928,0.10546564459800721,0.7268788680452507,0.10546564459800721,0.10546564459800721,0.2,0.10546564459800721,-0.0945343554019928,0.1,0.1,0,0,-0.0006885998469778107,9.45343554019928e-05,1.3080285376949174,1.3560043021852153,0.035380245042721754,0.0007560187865675513,-0.005615109556275625
1707,25.99,-0.002303262955854214,1.0,0.2054656445980072,0.723098778726593,0.2054656445980072,0.2054656445980072,0.10546564459800721,0.2054656445980072,0.09999999999999999,0.0,0.10546564459800721,0,0,-0.0002429151123178761,9.999999999999999e-05,1.3075799949419988,1.3560043021852153,0.03571102773433695,0.00033078269161519736,-0.003204898879126875
1708,25.61,-0.014621008080030744,-1.0,0.1054656445980072,0.7214448615928262,0.1054656445980072,0.1054656445980072,0.2054656445980072,0.1054656445980072,-0.1,0.09999999999999999,0.10546564459800721,0,0,-0.0030041148498361884,0.0001,1.3035211164623506,1.3560043021852153,0.038704291452680124,0.0029932637183431726,-0.007626532377203395
1709,27.48,0.0730183522061695,-0.1905256062746048,0.08641308397054671,0.7064785450720326,0.08641308397054671,0.08641308397054671,0.1054656445980072,0.08641308397054671,-0.019052560627460483,0.0,0.1054656445980072,0,0,0.007700927582907988,1.9052560627460484e-05,1.3135346027679182,1.3560043021852153,0.031319737960164795,0.0,0.0035212911694144887
1710,27.69,0.0076419213973799435,1.0,0.18641308397054673,0.743401312829479,0.18641308397054673,0.18641308397054673,0.08641308397054671,0.18641308397054673,0.10000000000000002,0.0,0.08641308397054671,0,0,0.0006603619954081107,0.00010000000000000002,1.314270657638963,1.3560043021852153,0.030776926355615672,0.0,-0.0027473266715500105
1711,28.6,0.03286384976525822,0.4016263484954834,0.22657571882009508,0.7461153637631298,0.22657571882009508,0.22657571882009508,0.18641308397054673,0.22657571882009508,0.04016263484954835,0.10000000000000002,0.08641308397054671,0,0,0.006126251585886513,4.016263484954835e-05,1.3222694257670913,1.3560043021852153,0.02487814851601864,0.0,0.003736339444618605
1712,30.22,0.056643356643356554,0.5416672229766846,0.28074244111776353,0.7756092600530523,0.28074244111776353,0.28074244111776353,0.22657571882009508,0.28074244111776353,0.054166722297668446,0.04016263484954835,0.18641308397054673,0,0,0.01283400924785152,5.416672229766845e-05,1.3391678208047493,1.3560043021852153,0.012416244810826808,0.0,0.011351855386975203
1713,32.31,0.06915949702183996,1.0,0.38074244111776356,0.8,0.38074244111776356,0.38074244111776356,0.28074244111776353,0.38074244111776356,0.10000000000000003,0.054166722297668446,0.22657571882009508,0,0,0.01941600602038805,0.00010000000000000003,1.3650351944937238,1.3650351944937238,0.0,0.0,0.019805400618209904
1714,34.28,0.06097183534509436,1.0,0.48074244111776354,0.8,0.48074244111776354,0.48074244111776354,0.38074244111776356,0.48074244111776354,0.09999999999999998,0.10000000000000003,0.28074244111776353,0,0,0.023214565428721565,9.999999999999998e-05,1.3965873898093566,1.3965873898093566,0.0,0.0,0.025983084496620176
1715,32.67,-0.04696616102683779,-1.0,0.38074244111776356,0.8,0.38074244111776356,0.38074244111776356,0.48074244111776354,0.38074244111776356,-0.09999999999999998,0.09999999999999998,0.38074244111776356,0,0,-0.022578626901971967,9.999999999999998e-05,1.3649147054598714,1.3965873898093566,0.022678626901971925,0.022678626901971925,-0.04740739960619639
1716,32.64,-0.0009182736455464076,-1.0,0.2807424411177636,0.786606866494156,0.2807424411177636,0.2807424411177636,0.38074244111776356,0.2807424411177636,-0.09999999999999998,0.0,0.38074244111776356,0,0,-0.0003496257494194472,9.999999999999998e-05,1.3643010046625355,1.3965873898093566,0.023118055756774693,0.0004394288548027689,-0.0021056169395873973
1717,34.72,0.06372549019607837,-0.12308576703071594,0.26843386441469197,0.7844097182158554,0.26843386441469197,0.26843386441469197,0.2807424411177636,0.26843386441469197,-0.012308576703071616,0.0,0.2807424411177636,0,0,0.017890449679073155,1.2308576703071616e-05,1.3886921705299975,1.3965873898093566,0.005653222517236712,0.0,0.016224707548504833
1718,33.97,-0.021601382488479263,1.0,0.36843386441469195,0.8,0.36843386441469195,0.36843386441469195,0.26843386441469197,0.36843386441469195,0.09999999999999998,0.0,0.26843386441469197,0,0,-0.0057985425780823436,9.999999999999998e-05,1.3805009106342767,1.3965873898093566,0.011518419321597764,0.005865196804361052,-0.005634287380882397
1719,35.32,0.03974094789520169,-1.0,0.26843386441469197,0.8,0.26843386441469197,0.26843386441469197,0.36843386441469195,0.26843386441469197,-0.09999999999999998,0.09999999999999998,0.26843386441469197,0,0,0.014641911008532077,9.999999999999998e-05,1.4005760320239178,1.4005760320239178,0.0,0.0,0.012690131560821338
1720,36.26,0.02661381653454127,-0.3612693250179291,0.23230693191289906,0.8,0.23230693191289906,0.23230693191289906,0.26843386441469197,0.23230693191289906,-0.03612693250179291,0.0,0.26843386441469197,0,0,0.007144049619190539,3.612693250179291e-05,1.4105312181763732,1.4105312181763732,0.0,0.0,0.004528047660032897
1721,36.02,-0.006618863761720764,1.0,0.33230693191289906,0.8,0.33230693191289906,0.33230693191289906,0.23230693191289906,0.33230693191289906,0.1,0.0,0.23230693191289906,0,0,-0.0015376079332348204,0.0001,1.408221321063412,1.4105312181763732,0.0016376079332349209,0.0016376079332349209,-0.0021772667457219436
1722,39.38,0.09328151027207104,-1.0,0.23230693191289906,0.8,0.23230693191289906,0.23230693191289906,0.33230693191289906,0.23230693191289906,-0.1,0.1,0.23230693191289906,0,0,0.030998092482713506,0.0001,1.4517326736777585,1.4517326736777585,0.0,0.0,0.028209908195542276
1723,43.35,0.10081259522600301,1.0,0.33230693191289906,0.8,0.33230693191289906,0.33230693191289906,0.23230693191289906,0.23230693191289906,0.0,0.0,0.23230693191289906,1,0,0.023419464695129736,0.0,1.4857314757757212,1.4857314757757212,0.0,0.0,0.020725356394212205
1724,42.89,-0.010611303344867378,1.0,0.33230693191289906,0.8,0.33230693191289906,0.33230693191289906,0.23230693191289906,0.33230693191289906,0.1,0.0,0.23230693191289906,0,0,-0.002465079323643224,0.0001,1.481920456686723,1.4857314757757212,0.0025650793236431787,0.0025650793236431787,-0.0031083773388319194
1725,44.53,0.038237351363954314,1.0,0.43230693191289904,0.8,0.43230693191289904,0.43230693191289904,0.33230693191289906,0.43230693191289904,0.09999999999999998,0.1,0.23230693191289906,0,0,0.012706536916231165,9.999999999999998e-05,1.5006023416308623,1.5006023416308623,0.0,0.0,0.01456129799853689
1726,44.13,-0.008982708286548362,1.0,0.532306931912899,0.8,0.532306931912899,0.532306931912899,0.43230693191289904,0.532306931912899,0.09999999999999998,0.09999999999999998,0.33230693191289906,0,0,-0.003883287059626297,9.999999999999998e-05,1.4946250117417992,1.5006023416308623,0.003983287059626259,0.003983287059626259,0.0005143965359403306
1727,48.58,0.10083843190573295,-1.0,0.43230693191289904,0.8,0.43230693191289904,0.43230693191289904,0.532306931912899,0.43230693191289904,-0.09999999999999998,0.09999999999999998,0.43230693191289904,1,0,0.053676996306648496,9.999999999999998e-05,1.574702530475714,1.574702530475714,0.0,0.0,0.05546178691031337
1728,47.58,-0.02058460271716756,1.0,0.532306931912899,0.8,0.532306931912899,0.532306931912899,0.43230693191289904,0.532306931912899,0.09999999999999998,0.0,0.43230693191289904,0,0,-0.008898866445304632,9.999999999999998e-05,1.5605319927128798,1.574702530475714,0.008998866445304683,0.008998866445304683,-0.004363776840656277
1729,44.96,-0.05506515342580911,-1.0,0.43230693191289904,0.8,0.43230693191289904,0.43230693191289904,0.532306931912899,0.43230693191289904,-0.09999999999999998,0.09999999999999998,0.43230693191289904,0,0,-0.029311562875405508,9.999999999999998e-05,1.5146343078901232,1.574702530475714,0.03814575859444665,0.02914689214914197,-0.06578179209651519
1730,45.5,0.01201067615658361,-1.0,0.33230693191289906,0.7092712089442047,0.33230693191289906,0.33230693191289906,0.43230693191289904,0.33230693191289906,-0.09999999999999998,0.0,0.43230693191289904,0,0,0.00519229855945207,9.999999999999998e-05,1.5223472779942888,1.574702530475714,0.033247709626534255,0.0,0.00455308671068681
1731,47.67,0.04769230769230773,-0.7314507961273193,0.25916185230016714,0.733761453630196,0.25916185230016714,0.25916185230016714,0.33230693191289906,0.25916185230016714,-0.07314507961273192,0.0,0.33230693191289906,0,0,0.015848484445076735,7.314507961273193e-05,1.5463628229367392,1.574702530475714,0.01799686416355316,0.0,0.01372657363283022
1732,45.15,-0.05286343612334808,1.0,0.3591618523001672,0.8,0.3591618523001672,0.3591618523001672,0.25916185230016714,0.3591618523001672,0.10000000000000003,0.0,0.25916185230016714,0,0,-0.013700186024678455,0.00010000000000000003,1.5250227283185653,1.574702530475714,0.03154869011491369,0.013551825951360529,-0.020842913480160586
1733,45.39,0.005315614617940244,-1.0,0.2591618523001672,0.7422565497472418,0.2591618523001672,0.2591618523001672,0.3591618523001672,0.2591618523001672,-0.09999999999999998,0.10000000000000003,0.25916185230016714,0,0,0.0019091659922932634,9.999999999999998e-05,1.5277817475761135,1.574702530475714,0.029796600939877765,0.0,-0.00013518521910966218
1734,48.61,0.07094073584489974,-1.0,0.1591618523001672,0.7510169982922402,0.1591618523001672,0.1591618523001672,0.2591618523001672,0.1591618523001672,-0.1,0.0,0.2591618523001672,0,0,0.01838513250510108,0.0001,1.5557174392694175,1.574702530475714,0.012056303231164042,0.0,0.014542118112812287
1735,53.5,0.1005965850648015,1.0,0.2591618523001672,0.8,0.2591618523001672,0.2591618523001672,0.1591618523001672,0.1591618523001672,0.0,0.0,0.1591618523001672,1,0,0.01601113881398514,0.0,1.5806262471448977,1.5806262471448977,0.0,0.0,0.012124901621624926
1736,55.29,0.03345794392523363,1.0,0.2591618523001672,0.8,0.2591618523001672,0.2591618523001672,0.1591618523001672,0.2591618523001672,0.1,0.0,0.1591618523001672,0,0,0.005325228329295311,0.0001,1.5888853801895069,1.5888853801895069,0.0,0.0,0.0029471444414137142
1737,53.55,-0.03147042864894198,1.0,0.3591618523001672,0.8,0.3591618523001672,0.3591618523001672,0.2591618523001672,0.3591618523001672,0.09999999999999998,0.1,0.1591618523001672,0,0,-0.00815593458134005,9.999999999999998e-05,1.5757676464334147,1.5888853801895069,0.008255934581340031,0.008255934581340031,-0.008154697498627067
1738,53.91,0.006722689075630242,-0.4463975429534912,0.31452209800481806,0.8,0.31452209800481806,0.31452209800481806,0.3591618523001672,0.31452209800481806,-0.04463975429534911,0.09999999999999998,0.2591618523001672,0,0,0.0024145334608414565,4.463975429534911e-05,1.5795020482616764,1.5888853801895069,0.005905606562199799,0.0,0.0015782946108112888
1739,52.8,-0.02058987200890372,1.0,0.4145220980048181,0.8,0.4145220980048181,0.4145220980048181,0.31452209800481806,0.4145220980048181,0.10000000000000003,0.0,0.31452209800481806,0,0,-0.006475969741891076,0.00010000000000000003,1.5691152905850525,1.5888853801895069,0.012442741214030417,0.006537134651830618,-0.005358732972636478
1740,55.5,0.051136363636363695,-1.0,0.3145220980048181,0.8,0.3145220980048181,0.3145220980048181,0.4145220980048181,0.3145220980048181,-0.09999999999999998,0.10000000000000003,0.31452209800481806,0,0,0.021197152738882768,9.999999999999998e-05,1.602219155535442,1.602219155535442,0.0,0.0,0.02021129040717576
1741,51.07,-0.07981981981981981,-1.0,0.2145220980048181,0.8,0.2145220980048181,0.2145220980048181,0.3145220980048181,0.2145220980048181,-0.1,0.0,0.3145220980048181,0,0,-0.02510509719209629,0.0001,1.5618350659971327,1.602219155535442,0.025205097192096248,0.025205097192096248,-0.05862590882460103
1742,48.46,-0.05110632465243782,-1.0,0.11452209800481811,0.7739745095378707,0.11452209800481811,0.11452209800481811,0.2145220980048181,0.11452209800481811,-0.1,0.0,0.2145220980048181,0,0,-0.010963435985756317,0.0001,1.544555803724164,1.602219155535442,0.03598967819855301,0.010784581006456764,-0.01672932577708587
1743,53.34,0.10070160957490719,-1.0,0.014522098004818101,0.7200516030212363,0.014522098004818101,0.014522098004818101,0.11452209800481811,0.014522098004818101,-0.1,0.0,0.11452209800481811,1,0,0.01153255960098045,0.0001,1.5622140300072809,1.602219155535442,0.024968572738597563,0.0,0.007306051161321694
1744,58.71,0.10067491563554551,1.0,0.11452209800481811,0.7751571401959908,0.11452209800481811,0.11452209800481811,0.014522098004818101,0.014522098004818101,0.0,0.0,0.014522098004818101,1,0,0.001462010991486186,0.0,1.5644980040902055,1.602219155535442,0.023543066074896927,0.0,-0.0036668269991219854
1745,61.57,0.04871401805484584,1.0,0.11452209800481811,0.7822846729312796,0.11452209800481811,0.11452209800481811,0.014522098004818101,0.11452209800481811,0.1,0.0,0.014522098004818101,0,0,0.0007074297444009497,0.0001,1.5654483267129458,1.602219155535442,0.02294993708910427,0.0,-0.004431362820453534
1746,59.57,-0.0324833522819555,1.0,0.2145220980048181,0.7852503113452307,0.2145220980048181,0.2145220980048181,0.11452209800481811,0.2145220980048181,0.1,0.1,0.014522098004818101,0,0,-0.0037200616535591397,0.0001,1.5594682175894414,1.602219155535442,0.026682328568037657,0.0037323914789333876,-0.006937661351682535
1747,59.4,-0.0028537854624811434,1.0,0.3145220980048181,0.7665883578368434,0.3145220980048181,0.3145220980048181,0.2145220980048181,0.3145220980048181,0.1,0.1,0.11452209800481811,0,0,-0.000612200044667105,0.0001,1.5583575642552172,1.602219155535442,0.027375525457106836,0.0006931968890691795,-0.0015989970115407805
1748,60.79,0.02340067340067341,-1.0,0.2145220980048181,0.7631223756829183,0.2145220980048181,0.2145220980048181,0.3145220980048181,0.2145220980048181,-0.1,0.1,0.2145220980048181,0,0,0.007360028892705343,0.0001,1.5696712851968762,1.602219155535442,0.02031424367017299,0.0,0.004708220021405275
1749,64.03,0.05329823984207932,-0.12218219041824341,0.20230387896299376,0.7984287772328055,0.20230387896299376,0.20230387896299376,0.2145220980048181,0.20230387896299376,-0.012218219041824352,0.0,0.2145220980048181,0,0,0.011433650230886841,1.2218219041824352e-05,1.5875991790616977,1.602219155535442,0.0091248294112789,0.0,0.008667646783105224
1750,65.77,0.027174761830391924,1.0,0.30230387896299377,0.8,0.30230387896299377,0.30230387896299377,0.20230387896299376,0.30230387896299377,0.1,0.0,0.20230387896299376,0,0,0.005497559728183791,0.0001,1.5961683404550988,1.602219155535442,0.0037765214948519326,0.0,0.004216603351829264
1751,70.17,0.06689980234149318,-1.0,0.20230387896299376,0.8,0.20230387896299376,0.20230387896299376,0.30230387896299377,0.20230387896299376,-0.1,0.1,0.20230387896299376,0,0,0.02022406974969096,0.0001,1.6282897434706656,1.6282897434706656,0.0,0.0,0.016742738493891456
1752,70.54,0.0052729086504204725,1.0,0.30230387896299377,0.8,0.30230387896299377,0.30230387896299377,0.20230387896299376,0.30230387896299377,0.1,0.0,0.20230387896299376,0,0,0.001066729873397586,0.0001,1.6298638598082253,1.6298638598082253,0.0,0.0,-0.00027797680189234775
1753,68.3,-0.031755032605613964,1.0,0.4023038789629938,0.8,0.4023038789629938,0.4023038789629938,0.30230387896299377,0.4023038789629938,0.10000000000000003,0.1,0.20230387896299376,0,0,-0.009599669533273444,0.00010000000000000003,1.61405471898386,1.6298638598082253,0.009699669533273407,0.009699669533273407,-0.008631722250735536
1754,68.13,-0.0024890190336749884,-1.0,0.3023038789629938,0.8,0.3023038789629938,0.3023038789629938,0.4023038789629938,0.3023038789629938,-0.09999999999999998,0.10000000000000003,0.30230387896299377,0,0,-0.0010013420120601703,9.999999999999998e-05,1.6122770927120793,1.6298638598082253,0.01079032889177342,0.0010906593585000134,-0.0022686624927013006
1755,64.54,-0.05269338030236297,-1.0,0.20230387896299382,0.8,0.20230387896299382,0.20230387896299382,0.3023038789629938,0.20230387896299382,-0.1,0.0,0.3023038789629938,0,0,-0.01592941326107654,0.0001,1.5864332369016303,1.6298638598082253,0.026646779511820838,0.015856450620047417,-0.030865496862345944
1756,66.25,0.02649519677719234,-1.0,0.10230387896299381,0.7667661007502043,0.10230387896299381,0.10230387896299381,0.20230387896299382,0.10230387896299381,-0.1,0.0,0.20230387896299382,0,0,0.005360081081913823,0.0001,1.594778004358776,1.6298638598082253,0.021526862650710972,0.0,0.001444184336777254
1757,65.68,-0.008603773584905557,-1.0,0.002303878962993805,0.7923656903209211,0.002303878962993805,0.002303878962993805,0.10230387896299381,0.002303878962993805,-0.1,0.0,0.10230387896299381,0,0,-0.0008801994114551814,0.0001,1.5932148038975018,1.6298638598082253,0.022485961444065502,0.0009590987933545299,-0.006418040204054671
1758,68.12,0.03714981729598047,1.0,0.10230387896299381,0.7875701893124112,0.10230387896299381,0.10230387896299381,0.002303878962993805,0.10230387896299381,0.1,0.0,0.002303878962993805,0,0,8.55886825472728e-05,0.0001,1.5931918435731924,1.6298638598082253,0.022500048709189643,1.4087265124140824e-05,-0.003942303491574581
1759,66.08,-0.029947152084556755,1.0,0.20230387896299382,0.7874997533860948,0.20230387896299382,0.20230387896299382,0.10230387896299381,0.20230387896299382,0.1,0.1,0.002303878962993805,0,0,-0.003063709822144862,0.0001,1.588151446889119,1.6298638598082253,0.025592574906234462,0.0030925261970448197,-0.005862634236173078
1760,63.15,-0.04434019370460048,-1.0,0.10230387896299381,0.7720371257520753,0.10230387896299381,0.10230387896299381,0.20230387896299382,0.10230387896299381,-0.1,0.1,0.10230387896299381,0,0,-0.008970193180411196,0.0001,1.5737466064660852,1.6298638598082253,0.03443063848826187,0.008838063582027406,-0.01295858909528063
1761,59.39,-0.05954077593032459,-1.0,0.002303878962993805,0.7278468102234759,0.002303878962993805,0.002303878962993805,0.10230387896299381,0.002303878962993805,-0.1,0.0,0.10230387896299381,0,0,-0.006091252334138662,0.0001,1.5640031441154594,1.6298638598082253,0.04040872205149413,0.0059780835632322615,-0.00952013736466286
1762,63.05,0.061626536453948416,-1.0,0.0,0.6979563847209692,0.0,0.0,0.002303878962993805,0.0,-0.002303878962993805,0.0,0.002303878962993805,0,0,0.0001419800808984226,2.303878962993805e-06,1.5642215981344445,1.6298638598082253,0.04027468998637991,0.0,-0.002353805544640906
1763,63.26,0.0033306899286280867,1.0,0.1,0.6986265458191943,0.1,0.1,0.0,0.1,0.1,0.0,0.0,0,0,0.0,0.0001,1.5640651759746311,1.6298638598082253,0.04037066251738123,9.597253100131903e-05,-0.003459305964413208
1764,59.68,-0.0565918431868479,-1.0,0.0,0.6981466911758614,0.0,0.0,0.1,0.1,-0.0,0.1,0.0,0,0,-0.005659184318684791,0.0,1.5552138428573545,1.6298638598082253,0.04580138181581274,0.005430719298431509,-0.008108372378021787
1765,61.73,0.03434986595174258,-1.0,0.0,0.6709930874439543,0.0,0.0,0.1,0.0,-0.1,0.0,0.1,0,0,0.003434986595174258,0.0001,1.5604004601759132,1.6298638598082253,0.04261914221503473,0.0,0.003084986595174258
1766,67.67,0.09622549813704852,-1.0,0.0,0.6869042865960262,0.0,0.0,0.0,0.0,0.0,0.0,0.0,0,0,0.0,0.0,1.5604004601759132,1.6298638598082253,0.04261914221503473,0.0,0.0
1767,65.13,-0.03753509679326151,1.0,0.1,0.6869042865960262,0.1,0.1,0.0,0.1,0.1,0.0,0.0,0,0,-0.0,0.0001,1.5602444201298955,1.6298638598082253,0.04271488030081327,9.573808577853504e-05,-0.002950601118989088
1768,63.66,-0.022570244127130337,-1.0,0.0,0.6864256054191373,0.0,0.0,0.1,0.1,-0.0,0.1,0.0,0,0,-0.0022570244127130337,0.0,1.5567229103838631,1.6298638598082253,0.0448754961859012,0.002160615885087931,-0.0039005797650346944
1769,66.92,0.051209550738297284,-1.0,0.0,0.6756225243241887,0.0,0.0,0.1,0.0,-0.1,0.0,0.1,0,0,0.005120955073829729,0.0001,1.5645391461793021,1.6298638598082253,0.0400798589623366,0.0,0.0039694971155007025
1770,72.43,0.08233711894799768,1.0,0.1,0.6996007092322177,0.1,0.1,0.0,0.1,0.1,0.0,0.0,0,0,0.0,0.0001,1.5643826922646842,1.6298638598082253,0.04017585097644037,9.599201410376984e-05,-0.0014427435768901338
1771,73.66,0.01698191357172428,1.0,0.2,0.6991207428301759,0.2,0.2,0.1,0.2,0.1,0.1,0.0,0,0,0.001698191357172428,0.0001,1.566882875162772,1.6298638598082253,0.038641868317065425,0.0,-0.00032645762193545935
1772,80.47,0.09245180559326639,-1.0,0.1,0.7067906498932299,0.1,0.1,0.2,0.1,-0.1,0.1,0.1,0,0,0.01849036111865328,0.0001,1.5956984170676491,1.6298638598082253,0.02096214511106235,0.0,0.016029090254289217
1773,77.64,-0.035168385733813826,1.0,0.2,0.7951892741025697,0.2,0.2,0.1,0.2,0.1,0.0,0.1,0,0,-0.0035168385733813827,0.0001,1.5899270334813154,1.6298638598082253,0.024503166989425156,0.003541021878362808,-0.006350998097412292
1774,71.67,-0.07689335394126737,-0.4101496934890747,0.15898503065109254,0.7774841614073184,0.15898503065109254,0.15898503065109254,0.2,0.15898503065109254,-0.04101496934890747,0.1,0.1,0,0,-0.015378670788253473,4.101496934890747e-05,1.5654108582475164,1.6298638598082253,0.03954502161198465,0.015041854622559494,-0.028447606674878428
1775,74.56,0.040323705874145396,-1.0,0.058985030651092535,0.7022748902464502,0.058985030651092535,0.058985030651092535,0.15898503065109254,0.058985030651092535,-0.1,0.0,0.15898503065109254,0,0,0.006410865614366646,0.0001,1.5752899558051867,1.6298638598082253,0.03348371931472851,0.0,0.004131196491936771
1776,73.16,-0.018776824034334838,1.0,0.15898503065109254,0.7325814120488332,0.15898503065109254,0.15898503065109254,0.058985030651092535,0.15898503065109254,0.1,0.0,0.058985030651092535,0,0,-0.0011075515411954114,0.0001,1.5733877119912245,1.6298638598082253,0.03465083753906046,0.0011671182243319506,-0.004062982298607019
1777,74.91,0.023920174958993987,-1.0,0.058985030651092535,0.7267458193022445,0.058985030651092535,0.058985030651092535,0.15898503065109254,0.1,-0.058985030651092535,0.1,0.058985030651092535,0,0,0.0038029497490351554,5.8985030651092536e-05,1.5792784200732584,1.6298638598082253,0.031036604333885297,0.0,0.0010483806410245037
1778,75.89,0.013082365505273048,-1.0,0.0,0.7448169790222136,0.0,0.0,0.1,0.0,-0.1,0.0,0.1,0,0,0.001308236550527305,0.0001,1.5811865619838499,1.6298638598082253,0.02986586734311845,0.0,-0.003480452143790389
1779,72.37,-0.04638292265120564,1.0,0.1,0.7506706673664266,0.1,0.1,0.0,0.1,0.1,0.0,0.0,0,0,-0.0,0.0001,1.5810284433276516,1.6298638598082253,0.029962880756384088,9.701341326563695e-05,-0.0032838972423483805
1780,71.17,-0.016581456404587573,-1.0,0.0,0.750185597316676,0.0,0.0,0.1,0.1,-0.0,0.1,0.0,0,0,-0.0016581456404587574,0.0,1.5784068679069065,1.6298638598082253,0.03157134357674106,0.0016084628203569713,-0.0037806557887382335
1781,67.7,-0.04875649852465925,-1.0,0.0,0.7421432822957198,0.0,0.0,0.1,0.0,-0.1,0.0,0.1,0,0,-0.004875649852465925,0.0001,1.5705532680074743,1.6298638598082253,0.036389905478197246,0.0048185619014561865,-0.008410257463475984
1782,68.27,0.008419497784342587,-1.0,0.0,0.71805047020521,0.0,0.0,0.0,0.0,0.0,0.0,0.0,0,0,0.0,0.0,1.5705532680074743,1.6298638598082253,0.036389905478197246,0.0,-0.0025630003628376204
1783,67.66,-0.0089351105903032,-1.0,0.0,0.71805047020521,0.0,0.0,0.0,0.0,0.0,0.0,0.0,0,0,-0.0,0.0,1.5705532680074743,1.6298638598082253,0.036389905478197246,0.0,-0.001568870460954692
1784,63.94,-0.054980786284362974,-1.0,0.0,0.71805047020521,0.0,0.0,0.0,0.0,0.0,0.0,0.0,0,0,-0.0,0.0,1.5705532680074743,1.6298638598082253,0.036389905478197246,0.0,-0.0011075103653126728
1785,64.61,0.01047857366280891,-1.0,0.0,0.71805047020521,0.0,0.0,0.0,0.0,0.0,0.0,0.0,0,0,0.0,0.0,1.5705532680074743,1.6298638598082253,0.036389905478197246,0.0,-0.000346386445543013
1786,64.39,-0.0034050456585667677,-1.0,0.0,0.71805047020521,0.0,0.0,0.0,0.0,0.0,0.0,0.0,0,0,-0.0,0.0,1.5705532680074743,1.6298638598082253,0.036389905478197246,0.0,0.0
1787,64.73,0.0052803230315266875,-1.0,0.0,0.71805047020521,0.0,0.0,0.0,0.0,0.0,0.0,0.0,0,0,0.0,0.0,1.5705532680074743,1.6298638598082253,0.036389905478197246,0.0,0.0
1788,65.61,0.013594932797775303,-1.0,0.0,0.71805047020521,0.0,0.0,0.0,0.0,0.0,0.0,0.0,0,0,0.0,0.0,1.5705532680074743,1.6298638598082253,0.036389905478197246,0.0,0.0
1789,60.34,-0.08032312147538478,-1.0,0.0,0.71805047020521,0.0,0.0,0.0,0.0,0.0,0.0,0.0,0,0,-0.0,0.0,1.5705532680074743,1.6298638598082253,0.036389905478197246,0.0,0.0
1790,55.61,-0.07838912827311906,-1.0,0.0,0.71805047020521,0.0,0.0,0.0,0.0,0.0,0.0,0.0,0,0,-0.0,0.0,1.5705532680074743,1.6298638598082253,0.036389905478197246,0.0,0.0
1791,56.28,0.012048192771084367,-1.0,0.0,0.71805047020521,0.0,0.0,0.0,0.0,0.0,0.0,0.0,0,0,0.0,0.0,1.5705532680074743,1.6298638598082253,0.036389905478197246,0.0,0.0
1792,58.6,0.0412224591329069,-1.0,0.0,0.71805047020521,0.0,0.0,0.0,0.0,0.0,0.0,0.0,0,0,0.0,0.0,1.5705532680074743,1.6298638598082253,0.036389905478197246,0.0,0.0
1793,59.94,0.022866894197952153,-1.0,0.0,0.71805047020521,0.0,0.0,0.0,0.0,0.0,0.0,0.0,0,0,0.0,0.0,1.5705532680074743,1.6298638598082253,0.036389905478197246,0.0,0.0
1794,60.39,0.007507507507507555,-1.0,0.0,0.71805047020521,0.0,0.0,0.0,0.0,0.0,0.0,0.0,0,0,0.0,0.0,1.5705532680074743,1.6298638598082253,0.036389905478197246,0.0,0.0
1795,59.48,-0.015068719986752835,-1.0,0.0,0.71805047020521,0.0,0.0,0.0,0.0,0.0,0.0,0.0,0,0,-0.0,0.0,1.5705532680074743,1.6298638598082253,0.036389905478197246,0.0,0.0
1796,60.63,0.019334229993275148,-1.0,0.0,0.71805047020521,0.0,0.0,0.0,0.0,0.0,0.0,0.0,0,0,0.0,0.0,1.5705532680074743,1.6298638598082253,0.036389905478197246,0.0,0.0
1797,61.35,0.011875309252845107,-1.0,0.0,0.71805047020521,0.0,0.0,0.0,0.0,0.0,0.0,0.0,0,0,0.0,0.0,1.5705532680074743,1.6298638598082253,0.036389905478197246,0.0,0.0
1798,61.07,-0.0045639771801141175,-1.0,0.0,0.71805047020521,0.0,0.0,0.0,0.0,0.0,0.0,0.0,0,0,-0.0,0.0,1.5705532680074743,1.6298638598082253,0.036389905478197246,0.0,0.0
1799,60.79,-0.004584902570820388,-1.0,0.0,0.71805047020521,0.0,0.0,0.0,0.0,0.0,0.0,0.0,0,0,-0.0,0.0,1.5705532680074743,1.6298638598082253,0.036389905478197246,0.0,0.0
1800,63.08,0.03767066951801282,-1.0,0.0,0.71805047020521,0.0,0.0,0.0,0.0,0.0,0.0,0.0,0,0,0.0,0.0,1.5705532680074743,1.6298638598082253,0.036389905478197246,0.0,0.0
1801,67.66,0.07260621433100822,-1.0,0.0,0.71805047020521,0.0,0.0,0.0,0.0,0.0,0.0,0.0,0,0,0.0,0.0,1.5705532680074743,1.6298638598082253,0.036389905478197246,0.0,0.0
1802,64.88,-0.04108779190067989,1.0,0.1,0.71805047020521,0.1,0.1,0.0,0.1,0.1,0.0,0.0,0,0,-0.0,0.0001,1.5703962126806736,1.6298638598082253,0.03648626648764937,9.636100945212278e-05,-0.0013029464549443302
1803,61.97,-0.04485203452527738,-1.0,0.0,0.7175686597844705,0.0,0.0,0.1,0.1,-0.0,0.1,0.0,0,0,-0.0044852034525277385,0.0,1.5633526661657218,1.6298638598082253,0.040807821611756875,0.004321555124107507,-0.0045512034525277386
1804,61.42,-0.008875262223656562,-1.0,0.0,0.695960895719745,0.0,0.0,0.1,0.0,-0.1,0.0,0.1,0,0,-0.0008875262223656563,0.0001,1.561808814413078,1.6298638598082253,0.041755049040203246,0.0009472274284463705,-0.0012375262223656563
1805,58.81,-0.042494301530446095,-1.0,0.0,0.6912247478989139,0.0,0.0,0.0,0.0,0.0,0.0,0.0,0,0,-0.0,0.0,1.561808814413078,1.6298638598082253,0.041755049040203246,0.0,0.0
1806,58.62,-0.0032307430709063905,-1.0,0.0,0.6912247478989139,0.0,0.0,0.0,0.0,0.0,0.0,0.0,0,0,-0.0,0.0,1.561808814413078,1.6298638598082253,0.041755049040203246,0.0,0.0
1807,61.17,0.04350051177072679,-1.0,0.0,0.6912247478989139,0.0,0.0,0.0,0.0,0.0,0.0,0.0,0,0,0.0,0.0,1.561808814413078,1.6298638598082253,0.041755049040203246,0.0,0.0
1808,57.95,-0.05264018309628901,-1.0,0.0,0.6912247478989139,0.0,0.0,0.0,0.0,0.0,0.0,0.0,0,0,-0.0,0.0,1.561808814413078,1.6298638598082253,0.041755049040203246,0.0,0.0
1809,57.97,0.0003451251078515275,-1.0,0.0,0.6912247478989139,0.0,0.0,0.0,0.0,0.0,0.0,0.0,0,0,0.0,0.0,1.561808814413078,1.6298638598082253,0.041755049040203246,0.0,0.0
1810,60.29,0.04002070036225634,-1.0,0.0,0.6912247478989139,0.0,0.0,0.0,0.0,0.0,0.0,0.0,0,0,0.0,0.0,1.561808814413078,1.6298638598082253,0.041755049040203246,0.0,0.0
1811,62.53,0.0371537568419307,-0.6292994022369385,0.0,0.6912247478989139,0.0,0.0,0.0,0.0,0.0,0.0,0.0,0,0,0.0,0.0,1.561808814413078,1.6298638598082253,0.041755049040203246,0.0,-0.0019069349536557018
1812,64.81,0.036462498000959555,1.0,0.1,0.6912247478989139,0.1,0.1,0.0,0.1,0.1,0.0,0.0,0,0,0.0,0.0001,1.5616526335316367,1.6298638598082253,0.04185087353529916,9.582449509591695e-05,-0.0024567379894824158
1813,66.39,0.02437895386514424,-1.0,0.0,0.6907456383136407,0.0,0.0,0.1,0.1,-0.0,0.1,0.0,0,0,0.002437895386514424,0.0,1.5654597792822618,1.6298638598082253,0.03951500620029796,0.0,6.75798013639213e-05
1814,63.51,-0.04338002711251698,0.12472209334373474,0.11247220933437348,0.70242496356612,0.11247220933437348,0.11247220933437348,0.1,0.11247220933437348,0.012472209334373471,0.0,0.1,0,0,-0.004338002711251699,1.2472209334373471e-05,1.5586492857733079,1.6298638598082253,0.043693572077422964,0.004178565877125007,-0.0068502433159518036
1815,64.91,0.022043772634230806,-1.0,0.012472209334373471,0.681532138589006,0.012472209334373471,0.012472209334373471,0.11247220933437348,0.012472209334373471,-0.1,0.012472209334373471,0.1,0,0,0.0024793118102365407,0.0001,1.5623577984269652,1.6298638598082253,0.04141822089926155,0.0,0.0004874565837817281
1816,63.9,-0.015560006162378648,1.0,0.11247220933437348,0.6929088957634519,0.11247220933437348,0.11247220933437348,0.012472209334373471,0.11247220933437348,0.1,0.0,0.012472209334373471,0,0,-0.0001940676541013277,0.0001,1.5618983595343148,1.6298638598082253,0.041700108794306044,0.0002818878950444914,-0.00249937499250994
1817,61.72,-0.03411580594679186,-1.0,0.012472209334373471,0.6914994508055156,0.012472209334373471,0.012472209334373471,0.11247220933437348,0.1,-0.012472209334373471,0.1,0.012472209334373471,0,0,-0.0038370800680584374,1.2472209334373471e-05,1.5558857501473133,1.6298638598082253,0.045389134322922214,0.0036890255286161702,-0.0051626045234100665
1818,63.34,0.026247569669475123,-1.0,0.0,0.6730543278189447,0.0,0.0,0.1,0.0,-0.1,0.0,0.1,0,0,0.0026247569669475123,0.0001,1.5598139835347722,1.6298638598082253,0.04297897388908018,0.0,0.0022331831210448258
1819,63.72,0.005999368487527556,-1.0,0.0,0.6851051390199775,0.0,0.0,0.0,0.0,0.0,0.0,0.0,0,0,0.0,0.0,1.5598139835347722,1.6298638598082253,0.04297897388908018,0.0,-0.0011723193105855683
1820,62.82,-0.014124293785310712,-0.8590917587280273,0.0,0.6851051390199775,0.0,0.0,0.0,0.0,0.0,0.0,0.0,0,0,-0.0,0.0,1.5598139835347722,1.6298638598082253,0.04297897388908018,0.0,-0.001491110123191304
1821,61.0,-0.02897166507481694,-1.0,0.0,0.6851051390199775,0.0,0.0,0.0,0.0,0.0,0.0,0.0,0,0,-0.0,0.0,1.5598139835347722,1.6298638598082253,0.04297897388908018,0.0,0.0
1822,61.15,0.0024590163934425997,-1.0,0.0,0.6851051390199775,0.0,0.0,0.0,0.0,0.0,0.0,0.0,0,0,0.0,0.0,1.5598139835347722,1.6298638598082253,0.04297897388908018,0.0,0.0
1823,60.6,-0.008994276369582947,-1.0,0.0,0.6851051390199775,0.0,0.0,0.0,0.0,0.0,0.0,0.0,0,0,-0.0,0.0,1.5598139835347722,1.6298638598082253,0.04297897388908018,0.0,0.0
1824,59.1,-0.02475247524752475,-1.0,0.0,0.6851051390199775,0.0,0.0,0.0,0.0,0.0,0.0,0.0,0,0,-0.0,0.0,1.5598139835347722,1.6298638598082253,0.04297897388908018,0.0,0.0
1825,59.67,0.009644670050761426,-1.0,0.0,0.6851051390199775,0.0,0.0,0.0,0.0,0.0,0.0,0.0,0,0,0.0,0.0,1.5598139835347722,1.6298638598082253,0.04297897388908018,0.0,0.0
1826,60.46,0.013239483827719107,-1.0,0.0,0.6851051390199775,0.0,0.0,0.0,0.0,0.0,0.0,0.0,0,0,0.0,0.0,1.5598139835347722,1.6298638598082253,0.04297897388908018,0.0,0.0
1827,63.0,0.0420112471055243,-1.0,0.0,0.6851051390199775,0.0,0.0,0.0,0.0,0.0,0.0,0.0,0,0,0.0,0.0,1.5598139835347722,1.6298638598082253,0.04297897388908018,0.0,-0.0004416210789380658
1828,60.9,-0.033333333333333354,-0.7046561241149902,0.0,0.6851051390199775,0.0,0.0,0.0,0.0,0.0,0.0,0.0,0,0,-0.0,0.0,1.5598139835347722,1.6298638598082253,0.04297897388908018,0.0,-0.0009983703039028497
1829,59.67,-0.02019704433497532,-1.0,0.0,0.6851051390199775,0.0,0.0,0.0,0.0,0.0,0.0,0.0,0,0,-0.0,0.0,1.5598139835347722,1.6298638598082253,0.04297897388908018,0.0,-0.0009588083923372828
1830,61.56,0.031674208144796386,-1.0,0.0,0.6851051390199775,0.0,0.0,0.0,0.0,0.0,0.0,0.0,0,0,0.0,0.0,1.5598139835347722,1.6298638598082253,0.04297897388908018,0.0,-0.00012662595916244622
1831,62.75,0.019330734243014906,-1.0,0.0,0.6851051390199775,0.0,0.0,0.0,0.0,0.0,0.0,0.0,0,0,0.0,0.0,1.5598139835347722,1.6298638598082253,0.04297897388908018,0.0,-0.00036133578620827585
1832,60.11,-0.042071713147410365,-1.0,0.0,0.6851051390199775,0.0,0.0,0.0,0.0,0.0,0.0,0.0,0,0,-0.0,0.0,1.5598139835347722,1.6298638598082253,0.04297897388908018,0.0,-0.00020865008678789968
1833,59.26,-0.014140741973049433,-1.0,0.0,0.6851051390199775,0.0,0.0,0.0,0.0,0.0,0.0,0.0,0,0,-0.0,0.0,1.5598139835347722,1.6298638598082253,0.04297897388908018,0.0,0.0
