step,close,price_return,action_delta,raw_target,risk_cap,shielded_target,target_position,prev_position,position,executed_trade,locked_position,sellable_position,limit_up,limit_down,pnl,cost,equity,max_equity,drawdown,dd_increase,signal,desired_pos_raw,desired_pos,part_gap,part_pen,reward
1,14.17,-0.008397480755773214,-1.0,0.0,0.8,0.0,0.0,0.0,0.0,0.0,0.0,0.0,0,0,-0.0,0.0,1.0,1.0,0.0,0.0,0.0,0.0,0.0,0.0,0.0,-5e-05
2,13.47,-0.04940014114326036,-1.0,0.0,0.8,0.0,0.0,0.0,0.0,0.0,0.0,0.0,0,0,-0.0,0.0,1.0,1.0,0.0,0.0,0.0,0.0,0.0,0.0,0.0,-5e-05
3,14.78,0.09725315515961386,-1.0,0.0,0.8,0.0,0.0,0.0,0.0,0.0,0.0,0.0,0,0,0.0,0.0,1.0,1.0,0.0,0.0,0.0,0.0,0.0,0.0,0.0,-5e-05
4,14.44,-0.0230040595399188,-1.0,0.0,0.8,0.0,0.0,0.0,0.0,0.0,0.0,0.0,0,0,-0.0,0.0,1.0,1.0,0.0,0.0,0.14963265185447233,0.11970612148357787,0.034999999999999996,0.034999999999999996,0.0003273950213427198,-0.003153080713243182
5,14.66,0.015235457063711957,-1.0,0.0,0.8,0.0,0.0,0.0,0.0,0.0,0.0,0.0,0,0,0.0,0.0,1.0,1.0,0.0,0.0,0.02064851611415025,0.016518812891320202,0.02853158451196207,0.02853158451196207,0.00024096770470459855,-0.0006739976786220857
6,14.51,-0.010231923601637131,-1.0,0.0,0.8,0.0,0.0,0.0,0.0,0.0,0.0,0.0,0,0,-0.0,0.0,1.0,1.0,0.0,0.0,0.06011938610801598,0.048095508886412786,0.03537895804301982,0.03537895804301982,0.0003327266302679551,-0.0014979412425716516
7,14.03,-0.033080634045485904,1.0,0.1,0.8,0.1,0.1,0.0,0.1,0.1,0.0,0.0,0,0,-0.0,0.0001,0.9999,1.0,9.999999999998899e-05,9.999999999998899e-05,0.05251419962927925,0.0420113597034234,0.03770029862416108,0.0,0.0,-0.0013142158343650444
8,13.75,-0.0199572344975053,-1.0,0.0,0.8,0.0,0.0,0.1,0.1,-0.0,0.1,0.0,0,0,-0.0019957234497505302,0.0,0.9979044761225945,1.0,0.002095523877405525,0.001995523877405536,0.06746873133578983,0.05397498506863187,0.04339643887972585,0.04339643887972585,0.00045201322685289175,-0.003429261392907427
9,14.12,0.02690909090909085,-1.0,0.0,0.8,0.0,0.0,0.1,0.0,-0.1,0.0,0.1,0,0,0.0026909090909090854,0.0001,1.0004899559016394,1.0004899559016394,0.0,0.0,0.0,0.0,0.028207685271821804,0.028207685271821804,0.0002368760641343302,0.0018440330267747549
10,14.07,-0.0035410764872520492,-1.0,0.0,0.8,0.0,0.0,0.0,0.0,0.0,0.0,0.0,0,0,-0.0,0.0,1.0004899559016394,1.0004899559016394,0.0,0.0,0.0,0.0,0.018334995426684174,0.018334995426684174,0.00012413413242447544,-0.00017413413242447543
11,14.88,0.05756929637526656,-1.0,0.0,0.8,0.0,0.0,0.0,0.0,0.0,0.0,0.0,0,0,0.0,0.0,1.0004899559016394,1.0004899559016394,0.0,0.0,0.0,0.0,0.011917747027344713,0.011917747027344713,6.505208911289043e-05,-0.00011505208911289044
12,14.53,-0.02352150537634418,1.0,0.1,0.8,0.1,0.1,0.0,0.1,0.1,0.0,0.0,0,0,-0.0,0.0001,1.0003899069060491,1.0004899559016394,0.00010000000000007663,0.00010000000000007663,0.13011945061025793,0.10409556048820634,0.044179981738646276,0.0,0.0,-0.00249381564927592
13,14.58,0.0034411562284928227,-1.0,0.0,0.8,0.0,0.0,0.1,0.1,-0.0,0.1,0.0,0,0,0.0003441156228492823,0.0,1.000734156701956,1.000734156701956,0.0,0.0,0.12613050327533962,0.1009044026202717,0.06403352904721518,0.06403352904721518,0.0008101793332585367,-0.0023392473601944164
14,14.11,-0.032235939643347096,1.0,0.2,0.8,0.2,0.2,0.1,0.2,0.1,0.0,0.1,0,0,-0.0032235939643347096,0.0001,0.9974081226988379,1.000734156701956,0.003323593964334653,0.003323593964334653,0.2002965475961918,0.16023723807695345,0.09770482720762358,0.0,0.0,-0.006191271154527489
15,13.96,-0.010630758327427256,-1.0,0.1,0.8,0.1,0.1,0.2,0.1,-0.1,0.1,0.1,0,0,-0.002126151665485451,0.0001,0.9951877409453233,1.000734156701956,0.005542346805580956,0.002218752841246303,0.0,0.0,0.06350813768495533,0.0,0.0,-0.002642151665485451
16,13.99,0.002148997134670441,-1.0,0.0,0.8,0.0,0.0,0.1,0.0,-0.1,0.0,0.1,0,0,0.00021489971346704413,0.0001,0.9953020877316038,1.000734156701956,0.005428083906173813,0.0,0.0,0.0,0.041280289495220966,0.041280289495220966,0.00041935720184378076,-0.0008144574883767366
17,13.8,-0.013581129378127199,-1.0,0.0,0.8,0.0,0.0,0.0,0.0,0.0,0.0,0.0,0,0,-0.0,0.0,0.9953020877316038,1.000734156701956,0.005428083906173813,0.0,0.0,0.0,0.026832188171893628,0.026832188171893628,0.00021976278024153832,-0.0002697627802415383
18,13.06,-0.05362318840579711,-1.0,0.0,0.8,0.0,0.0,0.0,0.0,0.0,0.0,0.0,0,0,-0.0,0.0,0.9953020877316038,1.000734156701956,0.005428083906173813,0.0,0.0,0.0,0.017440922311730857,0.017440922311730857,0.00011516597155634828,-0.00016516597155634828
19,12.63,-0.03292496171516077,-1.0,0.0,0.8,0.0,0.0,0.0,0.0,0.0,0.0,0.0,0,0,-0.0,0.0,0.9953020877316038,1.000734156701956,0.005428083906173813,0.0,0.0,0.0,0.011336599502625057,0.011336599502625057,6.035235352383245e-05,-0.00011035235352383244
20,11.96,-0.05304829770387964,-1.0,0.0,0.8,0.0,0.0,0.0,0.0,0.0,0.0,0.0,0,0,-0.0,0.0,0.9953020877316038,1.000734156701956,0.005428083906173813,0.0,0.0,0.0,0.007368789676706287,0.007368789676706287,3.162745493866215e-05,-8.162745493866215e-05
21,12.37,0.03428093645484936,-1.0,0.0,0.8,0.0,0.0,0.0,0.0,0.0,0.0,0.0,0,0,0.0,0.0,0.9953020877316038,1.000734156701956,0.005428083906173813,0.0,0.0,0.0,0.0047897132898590865,0.0047897132898590865,1.6574265086482487e-05,-6.657426508648249e-05
22,11.83,-0.043654001616814805,-1.0,0.0,0.8,0.0,0.0,0.0,0.0,0.0,0.0,0.0,0,0,-0.0,0.0,0.9953020877316038,1.000734156701956,0.005428083906173813,0.0,0.0,0.0,0.0031133136384084064,0.0031133136384084064,8.68568981253009e-06,-5.868568981253009e-05
23,12.24,0.03465765004226544,-1.0,0.0,0.8,0.0,0.0,0.0,0.0,0.0,0.0,0.0,0,0,0.0,0.0,0.9953020877316038,1.000734156701956,0.005428083906173813,0.0,0.0,0.0,0.002023653864965464,0.002023653864965464,4.551707549375253e-06,-5.455170754937526e-05
24,12.29,0.0040849673202613505,-1.0,0.0,0.8,0.0,0.0,0.0,0.0,0.0,0.0,0.0,0,0,0.0,0.0,0.9953020877316038,1.000734156701956,0.005428083906173813,0.0,0.0,0.0,0.0013153750122275518,0.0013153750122275518,2.3853075647660767e-06,-5.2385307564766076e-05
25,12.54,0.020341741253051264,-1.0,0.0,0.8,0.0,0.0,0.0,0.0,0.0,0.0,0.0,0,0,0.0,0.0,0.9953020877316038,1.000734156701956,0.005428083906173813,0.0,0.0,0.0,0.0008549937579479087,0.0008549937579479087,1.250012685747179e-06,-5.125001268574718e-05
26,12.33,-0.016746411483253516,1.0,0.1,0.8,0.1,0.1,0.0,0.1,0.1,0.0,0.0,0,0,-0.0,0.0001,0.9952025575228306,1.000734156701956,0.005527541097783215,9.94571916094018e-05,0.040151942738662,0.0321215541909296,0.011798289909491501,0.0,0.0,-0.0011263095296276623
27,11.88,-0.036496350364963445,-1.0,0.0,0.8,0.0,0.0,0.1,0.1,-0.0,0.1,0.0,0,0,-0.0036496350364963446,0.0,0.9915704314004845,1.000734156701956,0.009157002626623416,0.0036294615288402004,0.0,0.0,0.007668888441169476,0.007668888441169476,3.357906773866262e-05,-0.003639214104235007
28,11.71,-0.014309764309764304,-1.0,0.0,0.8,0.0,0.0,0.1,0.0,-0.1,0.0,0.1,0,0,-0.0014309764309764304,0.0001,0.9900523604403573,1.000734156701956,0.010673959902400061,0.0015169572757766456,0.0,0.0,0.00498477748676016,0.00498477748676016,1.7597001438683846e-05,-0.0020585734324151143
29,11.45,-0.022203245089667083,-1.0,0.0,0.8,0.0,0.0,0.0,0.0,0.0,0.0,0.0,0,0,-0.0,0.0,0.9900523604403573,1.000734156701956,0.010673959902400061,0.0,0.0,0.0,0.0032401053663941044,0.0032401053663941044,9.221651477730224e-06,-5.922165147773022e-05
30,11.74,0.02532751091703065,-1.0,0.0,0.8,0.0,0.0,0.0,0.0,0.0,0.0,0.0,0,0,0.0,0.0,0.9900523604403573,1.000734156701956,0.010673959902400061,0.0,0.0,0.0,0.002106068488156168,0.002106068488156168,4.832576520098553e-06,-5.4832576520098553e-05
31,11.84,0.008517887563884127,-1.0,0.0,0.8,0.0,0.0,0.0,0.0,0.0,0.0,0.0,0,0,0.0,0.0,0.9900523604403573,1.000734156701956,0.010673959902400061,0.0,0.0,0.0,0.0013689445173015091,0.0013689445173015091,2.532496037071663e-06,-5.2532496037071665e-05
32,11.56,-0.023648648648648594,-1.0,0.0,0.8,0.0,0.0,0.0,0.0,0.0,0.0,0.0,0,0,-0.0,0.0,0.9900523604403573,1.000734156701956,0.010673959902400061,0.0,0.0,0.0,0.000889813936245981,0.000889813936245981,1.3271463268320651e-06,-5.1327146326832065e-05
33,11.95,0.03373702422145318,-1.0,0.0,0.8,0.0,0.0,0.0,0.0,0.0,0.0,0.0,0,0,0.0,0.0,0.9900523604403573,1.000734156701956,0.010673959902400061,0.0,0.0,0.0,0.0005783790585598877,0.0005783790585598877,6.954867241808056e-07,-5.069548672418081e-05
34,11.81,-0.011715481171548017,-1.0,0.0,0.8,0.0,0.0,0.0,0.0,0.0,0.0,0.0,0,0,-0.0,0.0,0.9900523604403573,1.000734156701956,0.010673959902400061,0.0,0.0,0.0,0.000375946388063927,0.000375946388063927,3.6446756000625594e-07,-5.0364467560006257e-05
35,12.13,0.02709568162574092,1.0,0.1,0.8,0.1,0.1,0.0,0.1,0.1,0.0,0.0,0,0,0.0,0.0001,0.9899533552043133,1.000734156701956,0.010772892506409788,9.893260400972714e-05,0.028349127151909806,0.022679301721527847,0.008182120754776298,0.0,0.0,-0.0009469067327090288
36,12.14,0.0008244023083264457,-1.0,0.0,0.8,0.0,0.0,0.1,0.1,-0.0,0.1,0.0,0,0,8.244023083264457e-05,0.0,0.9900349671874298,1.000734156701956,0.010691340395322189,0.0,0.08300455534330509,0.06640364427464407,0.028559653986730018,0.028559653986730018,0.00024132338948281253,-0.0013765523998684056
37,11.93,-0.01729818780889628,-1.0,0.0,0.8,0.0,0.0,0.1,0.0,-0.1,0.0,0.1,0,0,-0.001729818780889628,0.0001,0.9882233826107328,1.000734156701956,0.012501595960763511,0.0018102555654413224,0.07259682219303591,0.058077457754428734,0.03889088530542457,0.03889088530542457,0.0003834791433489894,-0.004069968975919434
38,11.62,-0.025984911986588474,1.0,0.1,0.8,0.1,0.1,0.0,0.1,0.1,0.0,0.0,0,0,-0.0,0.0001,0.9881245602724718,1.000734156701956,0.012600345801167446,9.874984040393435e-05,0.07752735745238137,0.0620218859619051,0.04698673553519275,0.0,0.0,-0.0016944158332761966
39,11.61,-0.0008605851979345772,-1.0,0.0,0.8,0.0,0.0,0.1,0.1,-0.0,0.1,0.0,0,0,-8.605851979345773e-05,0.0,0.9880395237354431,1.000734156701956,0.012685319953852386,8.497415268494089e-05,0.0,0.0,0.030541378097875292,0.030541378097875292,0.0002668719620854721,-0.0003089304818789299
40,11.52,-0.007751937984496112,-1.0,0.0,0.8,0.0,0.0,0.1,0.0,-0.1,0.0,0.1,0,0,-0.0007751937984496112,0.0001,0.9871747976716468,1.000734156701956,0.013549411638946953,0.000864091685094567,0.0,0.0,0.01985189576361894,0.01985189576361894,0.00013985338536827026,-0.0015250471838178814
41,11.75,0.019965277777777814,-1.0,0.0,0.8,0.0,0.0,0.0,0.0,0.0,0.0,0.0,0,0,0.0,0.0,0.9871747976716468,1.000734156701956,0.013549411638946953,0.0,0.0,0.0,0.012903732246352311,0.012903732246352311,7.328971258772279e-05,-0.0001232897125877228
42,11.45,-0.025531914893617082,-1.0,0.0,0.8,0.0,0.0,0.0,0.0,0.0,0.0,0.0,0,0,-0.0,0.0,0.9871747976716468,1.000734156701956,0.013549411638946953,0.0,0.0,0.0,0.008387425960129003,0.008387425960129003,3.8407235956761223e-05,-8.840723595676122e-05
43,11.85,0.03493449781659392,-1.0,0.0,0.8,0.0,0.0,0.0,0.0,0.0,0.0,0.0,0,0,0.0,0.0,0.9871747976716468,1.000734156701956,0.013549411638946953,0.0,0.0,0.0,0.005451826874083852,0.005451826874083852,2.0127187319403375e-05,-7.012718731940338e-05
44,11.71,-0.01181434599156108,1.0,0.1,0.8,0.1,0.1,0.0,0.1,0.1,0.0,0.0,0,0,-0.0,0.0001,0.9870760801918796,1.000734156701956,0.01364805669778309,9.864505883613699e-05,0.05847013306329877,0.04677610645063902,0.01991532472587816,0.0,0.0,-0.0014047460225621413
45,11.45,-0.022203245089667083,-1.0,0.0,0.8,0.0,0.0,0.1,0.1,-0.0,0.1,0.0,0,0,-0.0022203245089667083,0.0,0.9848844509788148,1.000734156701956,0.015838078091963942,0.0021900213941808515,0.011107714257917676,0.008886171406334142,0.016055121064037756,0.016055121064037756,0.00010171625957263059,-0.002446878025259687
46,11.51,0.005240174672489127,-1.0,0.0,0.8,0.0,0.0,0.1,0.0,-0.1,0.0,0.1,0,0,0.0005240174672489127,0.0001,0.9853020591892517,1.000734156701956,0.015420776246473642,0.0,0.0,0.0,0.010435828691624542,0.010435828691624542,5.330407562138018e-05,-0.00013928660837246744
47,11.54,0.002606429192006895,-1.0,0.0,0.8,0.0,0.0,0.0,0.0,0.0,0.0,0.0,0,0,0.0,0.0,0.9853020591892517,1.000734156701956,0.015420776246473642,0.0,0.0,0.0,0.006783288649555953,0.006783288649555953,2.7933827785133674e-05,-7.793382778513368e-05
48,11.61,0.0060658578856152764,1.0,0.1,0.8,0.1,0.1,0.0,0.1,0.1,0.0,0.0,0,0,0.0,0.0001,0.9852035289833329,1.000734156701956,0.015519234168848949,9.845792237530605e-05,0.0013599763801278066,0.0010879811041022453,0.004789931008647156,0.0,0.0,-0.0005366716409779426
49,11.42,-0.016365202411714,-1.0,0.0,0.8,0.0,0.0,0.1,0.1,-0.0,0.1,0.0,0,0,-0.0016365202411714,0.0,0.9835912234664781,1.000734156701956,0.017130356869175592,0.0016111227003266435,0.0,0.0,0.0031134551556206516,0.0031134551556206516,8.686282037753537e-06,-0.0016012065232091535
50,10.99,-0.03765323992994744,-1.0,0.0,0.8,0.0,0.0,0.1,0.0,-0.1,0.0,0.1,0,0,-0.003765323992994744,0.0001,0.979789324711114,1.000734156701956,0.020929466482755392,0.0037991096135798,0.0,0.0,0.0020237458511534238,0.0020237458511534238,4.552017903081024e-06,-0.004379876010897824
51,11.13,0.012738853503184764,-1.0,0.0,0.7953526653350562,0.0,0.0,0.0,0.0,0.0,0.0,0.0,0,0,0.0,0.0,0.979789324711114,1.000734156701956,0.020929466482755392,0.0,0.0,0.0,0.0013154348032497255,0.0013154348032497255,2.3854702046180657e-06,-5.238547020461807e-05
52,11.24,0.009883198562443794,-1.0,0.0,0.7953526653350562,0.0,0.0,0.0,0.0,0.0,0.0,0.0,0,0,0.0,0.0,0.979789324711114,1.000734156701956,0.020929466482755392,0.0,0.0,0.0,0.0008550326221123217,0.0008550326221123217,1.2500979166336263e-06,-5.125009791663363e-05
53,11.09,-0.013345195729537398,-1.0,0.0,0.7953526653350562,0.0,0.0,0.0,0.0,0.0,0.0,0.0,0,0,-0.0,0.0,0.979789324711114,1.000734156701956,0.020929466482755392,0.0,0.0,0.0,0.0005557712043730091,0.0005557712043730091,6.551097549432364e-07,-5.065510975494324e-05
54,11.27,0.016230838593327298,-1.0,0.0,0.7953526653350562,0.0,0.0,0.0,0.0,0.0,0.0,0.0,0,0,0.0,0.0,0.979789324711114,1.000734156701956,0.020929466482755392,0.0,0.0,0.0,0.00036125128284245593,0.00036125128284245593,3.4330814035550973e-07,-5.034330814035551e-05
55,11.25,-0.0017746228926352773,-1.0,0.0,0.7953526653350562,0.0,0.0,0.0,0.0,0.0,0.0,0.0,0,0,-0.0,0.0,0.979789324711114,1.000734156701956,0.020929466482755392,0.0,0.0,0.0,0.00023481333384759635,0.00023481333384759635,1.799095164512863e-07,-5.017990951645129e-05
56,11.37,0.010666666666666597,1.0,0.1,0.7953526653350562,0.1,0.1,0.0,0.1,0.1,0.0,0.0,0,0,0.0,0.0001,0.9796913457786429,1.000734156701956,0.021027373536107105,9.790705335171318e-05,0.03743017932893328,0.029770192893236208,0.010572196179633609,0.0,0.0,-0.0010849387257997859
57,11.02,-0.030782761653474027,-1.0,0.0,0.7948631342501733,0.0,0.0,0.1,0.1,-0.0,0.1,0.0,0,0,-0.003078276165347403,0.0,0.9766755852595355,1.000734156701956,0.02404092163867839,0.003013548102571286,0.05184006941528299,0.041205760055178384,0.021293943536074278,0.021293943536074278,0.00015536534420779562,-0.0039776105646675
58,11.06,0.003629764065335837,-1.0,0.0,0.7797953873877809,0.0,0.0,0.1,0.0,-0.1,0.0,0.1,0,0,0.00036297640653358375,0.0001,0.9769324278952961,1.000734156701956,0.023784267427327095,0.0,0.0,0.0,0.01384106329844828,0.01384106329844828,8.141870426016414e-05,-0.00032844229772658045
59,10.54,-0.04701627486437625,-1.0,0.0,0.7810786660765372,0.0,0.0,0.0,0.0,0.0,0.0,0.0,0,0,-0.0,0.0,0.9769324278952961,1.000734156701956,0.023784267427327095,0.0,0.0,0.0,0.008996691143991382,0.008996691143991382,4.2667207653065875e-05,-9.266720765306588e-05
60,10.55,0.0009487666034157081,-1.0,0.0,0.7810786660765372,0.0,0.0,0.0,0.0,0.0,0.0,0.0,0,0,0.0,0.0,0.9769324278952961,1.000734156701956,0.023784267427327095,0.0,0.0,0.0,0.005847849243594399,0.005847849243594399,2.235961165744758e-05,-7.235961165744758e-05
61,10.53,-0.0018957345971565259,-1.0,0.0,0.7810786660765372,0.0,0.0,0.0,0.0,0.0,0.0,0.0,0,0,-0.0,0.0,0.9769324278952961,1.000734156701956,0.023784267427327095,0.0,0.0,0.0,0.003801102008336359,0.003801102008336359,1.1717481901723216e-05,-6.171748190172322e-05
62,9.16,-0.1301044634377967,-1.0,0.0,0.7810786660765372,0.0,0.0,0.0,0.0,0.0,0.0,0.0,0,1,-0.0,0.0,0.9769324278952961,1.000734156701956,0.023784267427327095,0.0,0.0,0.0,0.0024707163054186335,0.0024707163054186335,6.1405083514265415e-06,-5.614050835142655e-05
63,8.78,-0.04148471615720532,-1.0,0.0,0.7810786660765372,0.0,0.0,0.0,0.0,0.0,0.0,0.0,0,0,-0.0,0.0,0.9769324278952961,1.000734156701956,0.023784267427327095,0.0,0.0,0.0,0.0016059655985221119,0.0016059655985221119,3.2179134672607383e-06,-5.321791346726074e-05
64,8.71,-0.007972665148063612,-1.0,0.0,0.7810786660765372,0.0,0.0,0.0,0.0,0.0,0.0,0.0,0,0,-0.0,0.0,0.9769324278952961,1.000734156701956,0.023784267427327095,0.0,0.0,0.0,0.0010438776390393728,0.0010438776390393728,1.6863371060105142e-06,-5.168633710601052e-05
65,8.39,-0.03673938002296214,-1.0,0.0,0.7810786660765372,0.0,0.0,0.0,0.0,0.0,0.0,0.0,0,0,-0.0,0.0,0.9769324278952961,1.000734156701956,0.023784267427327095,0.0,0.0,0.0,0.0006785204653755923,0.0006785204653755923,8.837194859464804e-07,-5.088371948594648e-05
66,8.58,0.02264600715137062,-1.0,0.0,0.7810786660765372,0.0,0.0,0.0,0.0,0.0,0.0,0.0,0,0,0.0,0.0,0.9769324278952961,1.000734156701956,0.023784267427327095,0.0,0.0,0.0,0.000441038302494135,0.000441038302494135,4.631103277381375e-07,-5.046311032773814e-05
67,8.2,-0.04428904428904438,-1.0,0.0,0.7810786660765372,0.0,0.0,0.0,0.0,0.0,0.0,0.0,0,0,-0.0,0.0,0.9769324278952961,1.000734156701956,0.023784267427327095,0.0,0.0,0.0,0.0002866748966211877,0.0002866748966211877,2.4269146382805213e-07,-5.0242691463828054e-05
68,8.43,0.028048780487804934,-1.0,0.0,0.7810786660765372,0.0,0.0,0.0,0.0,0.0,0.0,0.0,0,0,0.0,0.0,0.9769324278952961,1.000734156701956,0.023784267427327095,0.0,0.0,0.0,0.00018633868280377202,0.00018633868280377202,1.27181673755086e-07,-5.012718167375509e-05
69,9.47,0.12336892052194555,-1.0,0.0,0.7810786660765372,0.0,0.0,0.0,0.0,0.0,0.0,0.0,1,0,0.0,0.0,0.9769324278952961,1.000734156701956,0.023784267427327095,0.0,0.0,0.0,0.00012112014382245182,0.00012112014382245182,6.664914325377883e-08,-5.006664914325378e-05
70,9.01,-0.04857444561774032,-1.0,0.0,0.7810786660765372,0.0,0.0,0.0,0.0,0.0,0.0,0.0,0,0,-0.0,0.0,0.9769324278952961,1.000734156701956,0.023784267427327095,0.0,0.14934174411289752,0.11664765028124555,0.03512112014382245,0.03512112014382245,0.0003290959535787435,-0.0031493853068729925
71,9.01,0.0,1.0,0.1,0.7810786660765372,0.1,0.1,0.0,0.1,0.1,0.0,0.0,0,0,0.0,0.0001,0.9768347346525066,1.000734156701956,0.023881889000584352,9.762157325725676e-05,0.06530628093180985,0.05100934279663763,0.04068199807230777,0.0,0.0,-0.0015086554701635095
72,8.82,-0.021087680355160877,-1.0,0.0,0.7805905506019677,0.0,0.0,0.1,0.1,-0.0,0.1,0.0,0,0,-0.002108768035516088,0.0,0.9747748167880895,1.000734156701956,0.02594029567194828,0.0020584066713639285,0.0164928705514511,0.012874178904764192,0.030949261363667515,0.030949261363667515,0.00027223592617841886,-0.002587695594076563
73,8.91,0.010204081632653045,-1.0,0.0,0.7702985234566008,0.0,0.0,0.1,0.0,-0.1,0.0,0.1,0,0,0.0010204081632653045,0.0001,0.9756720074868066,1.000734156701956,0.025043763168577076,0.0,0.07161824008868053,0.055167424592870946,0.03942561849388872,0.03942561849388872,0.0003914152812801493,-0.0013095254716598685
74,8.89,-0.00224466891133553,1.0,0.1,0.7747811838990795,0.1,0.1,0.0,0.1,0.1,0.0,0.0,0,0,-0.0,0.0001,0.9755744402860579,1.000734156701956,0.025141258792260254,9.749562368317755e-05,0.05102192330412181,0.039530826142375526,0.0394624411708591,0.0,0.0,-0.0012915332342226513
75,8.92,0.003374578177727712,-1.0,0.0,0.7742937017238607,0.0,0.0,0.1,0.1,-0.0,0.1,0.0,0,0,0.0003374578177727712,0.0,0.9759036555077518,1.000734156701956,0.02481228508881547,0.0,0.0,0.0,0.025650586761058414,0.025650586761058414,0.00020540734091921208,0.0001760504768535591
76,9.07,0.01681614349775789,-1.0,0.0,0.7759385757154281,0.0,0.0,0.1,0.0,-0.1,0.0,0.1,0,0,0.001681614349775789,0.0001,0.9774471587333016,1.000734156701956,0.02326991420518684,0.0,0.0,0.0,0.01667288139468797,0.01667288139468797,0.00010764305018241577,0.0009639712995933733
77,9.17,0.011025358324145496,-1.0,0.0,0.7836504295472418,0.0,0.0,0.0,0.0,0.0,0.0,0.0,0,0,0.0,0.0,0.9774471587333016,1.000734156701956,0.02326991420518684,0.0,0.0,0.0,0.01083737290654718,0.01083737290654718,5.6409990999938626e-05,-0.00010640999099993862
78,9.43,0.028353326063249706,1.0,0.1,0.7836504295472418,0.1,0.1,0.0,0.1,0.1,0.0,0.0,0,0,0.0,0.0001,0.9773494140174283,1.000734156701956,0.02336758721376631,9.767300857946998e-05,0.11033362285413494,0.08646299094314622,0.03730633921935684,0.0,0.0,-0.0021930710673828506
79,9.42,-0.0010604453870625436,-1.0,0.0,0.7831620626155772,0.0,0.0,0.1,0.1,-0.0,0.1,0.0,0,0,-0.00010604453870625437,0.0,0.977245771449664,1.000734156701956,0.02347115374746579,0.00010356653369947982,0.21764356148560798,0.17045018052806896,0.07230633921935684,0.07230633921935684,0.0009721528770342514,-0.004342379550321748
80,9.61,0.02016985138004241,1.0,0.2,0.7826442286376524,0.2,0.2,0.1,0.2,0.1,0.0,0.1,0,0,0.002016985138004241,0.0001,0.9791191370697105,1.000734156701956,0.02159916246236716,0.0,0.2287979021757015,0.17906735766221496,0.10730633921935684,0.0,0.0,-0.0013041088489744576
81,9.35,-0.027055150884495296,-1.0,0.1,0.7920041881503674,0.1,0.1,0.2,0.1,-0.1,0.1,0.1,0,0,-0.0054110301768990595,0.0001,0.97372318195854,1.000734156701956,0.026991159003140353,0.005391996540773193,0.3126577182293165,0.24762622229515613,0.14230633921935684,0.04230633921935684,0.0004350890719301891,-0.011114516565914858
82,9.21,-0.014973262032085433,-1.0,0.0,0.765044206381718,0.0,0.0,0.1,0.0,-0.1,0.0,0.1,0,0,-0.0014973262032085433,0.0001,0.9721678284053261,1.000734156701956,0.02854537152081814,0.0015542125176777853,0.15537389567887605,0.11886789871208157,0.1341028850418105,0.1341028850418105,0.0024554278994834665,-0.00744493986753516
83,9.16,-0.005428881650380099,1.0,0.1,0.7572731390606118,0.1,0.1,0.0,0.1,0.1,0.0,0.0,0,0,-0.0,0.0001,0.9720706116224856,1.000734156701956,0.028642516983665992,9.714546284785366e-05,0.053301581838208094,0.04036385619551594,0.1012942249456074,0.0012942249456073945,2.3280089945658585e-06,-0.001328512052935329
84,9.41,0.027292576419213975,-1.0,0.0,0.756787417085059,0.0,0.0,0.1,0.1,-0.0,0.1,0.0,0,0,0.0027292576419213977,0.0,0.9747236427677435,1.000734156701956,0.025991432150106172,0.0,0.0,0.0,0.06584124621464481,0.06584124621464481,0.0008447283463920343,0.0019285292955293634
85,9.49,0.008501594048884174,-1.0,0.0,0.7700428381569723,0.0,0.0,0.1,0.0,-0.1,0.0,0.1,0,0,0.0008501594048884175,0.0001,0.9754548408755328,1.000734156701956,0.025260770462491675,0.0,0.060798201084933605,0.04681721931828058,0.059182836800917335,0.059182836800917335,0.0007198859072961431,-0.001607533132533244
86,9.4,-0.009483667017913578,1.0,0.1,0.7736961465335508,0.1,0.1,0.0,0.1,0.1,0.0,0.0,0,0,-0.0,0.0001,0.9753572953914452,1.000734156701956,0.025358244385445452,9.74739229537766e-05,0.030268059163807204,0.023418280738087164,0.04666524217892677,0.0,0.0,-0.0009760744992898694
87,9.71,0.032978723404255374,-1.0,0.0,0.773208776117041,0.0,0.0,0.1,0.1,-0.0,0.1,0.0,0,0,0.0032978723404255375,0.0,0.9785738992379489,1.000734156701956,0.02214400029778045,0.0,0.06212822839775492,0.048038091441748074,0.047145739420914226,0.047145739420914226,0.0005118393621902109,0.0018856839065894517
88,9.68,-0.003089598352214329,1.0,0.2,0.7892799951138793,0.2,0.2,0.1,0.2,0.1,0.0,0.1,0,0,-0.00030895983522143296,0.0001,0.9781737018173646,1.000734156701956,0.022543904126288893,0.00039990382850844247,0.24065568539335147,0.18994471819139172,0.08214573942091423,0.0,0.0,-0.003777090334098991
89,9.84,0.016528925619834725,-1.0,0.1,0.7872804827991328,0.1,0.1,0.2,0.1,-0.1,0.1,0.1,0,0,0.003305785123966945,0.0001,0.9813095165193063,1.000734156701956,0.01941038991480624,0.0,0.23212810283603888,0.18274992487200342,0.11714573942091422,0.017145739420914213,0.00011225464814824,-0.0008508166872890857
90,9.44,-0.040650406504065074,1.0,0.2,0.8,0.2,0.2,0.1,0.2,0.1,0.0,0.1,0,0,-0.004065040650406508,0.0001,0.9772223224923727,1.000734156701956,0.023494585502177256,0.004084195587371015,0.22404121131308435,0.17923296905046748,0.13887626979125786,0.0,0.0,-0.007327151670688755
91,9.34,-0.010593220338983014,-1.0,0.1,0.7825270682577687,0.1,0.1,0.2,0.1,-0.1,0.1,0.1,0,0,-0.002118644067796603,0.0001,0.9750542139836567,1.000734156701956,0.025661103447224064,0.002166517945046808,0.0072547487876336025,0.0056770372997335256,0.09225653841922435,0.0,0.0,-0.002744916249368634
92,9.25,-0.009635974304068507,-1.0,0.0,0.771694482863657,0.0,0.0,0.1,0.0,-0.1,0.0,0.1,0,0,-0.0009635974304068507,0.0001,0.9740171488271563,1.000734156701956,0.026697407793943025,0.0010363043467189609,0.0,0.0,0.05996674997249583,0.05996674997249583,0.000734236165460021,-0.0023078335958668715
93,8.63,-0.06702702702702694,-1.0,0.0,0.7665129579612044,0.0,0.0,0.0,0.0,0.0,0.0,0.0,0,0,-0.0,0.0,0.9740171488271563,1.000734156701956,0.026697407793943025,0.0,0.0,0.0,0.03897838748212229,0.03897838748212229,0.0003847740789139696,-0.0004347740789139696
94,8.55,-0.009269988412514491,-1.0,0.0,0.7665129579612044,0.0,0.0,0.0,0.0,0.0,0.0,0.0,0,0,-0.0,0.0,0.9740171488271563,1.000734156701956,0.026697407793943025,0.0,0.0,0.0,0.02533595186337949,0.02533595186337949,0.00020163960693945829,-0.0002516396069394583
95,8.48,-0.008187134502924008,-1.0,0.0,0.7665129579612044,0.0,0.0,0.0,0.0,0.0,0.0,0.0,0,0,-0.0,0.0,0.9740171488271563,1.000734156701956,0.026697407793943025,0.0,0.0,0.0,0.016468368711196668,0.016468368711196668,0.0001056685814217489,-0.0001556685814217489
96,8.61,0.015330188679245165,-1.0,0.0,0.7665129579612044,0.0,0.0,0.0,0.0,0.0,0.0,0.0,0,0,0.0,0.0,0.9740171488271563,1.000734156701956,0.026697407793943025,0.0,0.0,0.0,0.010704439662277835,0.010704439662277835,5.5375277055748736e-05,-0.00010537527705574873
97,8.28,-0.03832752613240419,-1.0,0.0,0.7665129579612044,0.0,0.0,0.0,0.0,0.0,0.0,0.0,0,0,-0.0,0.0,0.9740171488271563,1.000734156701956,0.026697407793943025,0.0,0.0,0.0,0.006957885780480593,0.006957885780480593,2.90192341729478e-05,-7.90192341729478e-05
98,8.35,0.008454106280193273,-1.0,0.0,0.7665129579612044,0.0,0.0,0.0,0.0,0.0,0.0,0.0,0,0,0.0,0.0,0.9740171488271563,1.000734156701956,0.026697407793943025,0.0,0.0,0.0,0.004522625757312385,0.004522625757312385,1.5207435461434996e-05,-6.520743546143499e-05
99,8.82,0.05628742514970068,-1.0,0.0,0.7665129579612044,0.0,0.0,0.0,0.0,0.0,0.0,0.0,0,0,0.0,0.0,0.9740171488271563,1.000734156701956,0.026697407793943025,0.0,0.0,0.0,0.0029397067422530505,0.0029397067422530505,7.96940718474579e-06,-5.7969407184745794e-05
100,8.92,0.011337868480725584,0.9828080534934998,0.09828080534934998,0.7665129579612044,0.09828080534934998,0.09828080534934998,0.0,0.09828080534934998,0.09828080534934998,0.0,0.0,0,0,0.0,9.828080534934998e-05,0.9739214216373455,1.000734156701956,0.026793064756553603,9.565696261057757e-05,0.04278508483690763,0.03279532193495914,0.013389172059700182,0.0,0.0,-0.0011594204317141687
101,9.12,0.02242152466367705,-1.0,0.0,0.7660346772530225,0.0,0.0,0.09828080534934998,0.09828080534934998,-0.0,0.09828080534934998,0.0,0,0,0.002203605501106494,0.0,0.9760675602397111,1.000734156701956,0.0246485006003361,0.0,0.12182788897272534,0.09332438760963872,0.04136649750217867,0.04136649750217867,0.0004206715391583284,-3.13695017232672e-05
102,8.78,-0.037280701754385956,-0.935989499092102,0.0046818554401397705,0.7767574969684928,0.0046818554401397705,0.0046818554401397705,0.09828080534934998,0.0046818554401397705,-0.09359894990921021,0.0,0.09828080534934998,0,0,-0.0036639773924099766,9.35989499092102e-05,0.9723999118668492,1.000734156701956,0.028313458319925808,0.003664957719589707,0.17643957814307187,0.1370507650845893,0.07485599115602239,0.07017413571588262,0.000929470505430134,-0.008268056839283146
103,8.74,-0.00455580865603635,1.0,0.10468185544013978,0.758432710171785,0.10468185544013978,0.10468185544013978,0.0046818554401397705,0.10468185544013978,0.1,0.0,0.0046818554401397705,0,0,-2.1329637540499643e-05,0.0001,0.9722819309379979,1.000734156701956,0.028431352695830907,0.00011789437590509905,0.1269251881489547,0.09626421443687545,0.08234886930432096,0.0,0.0,-0.0024481876734860483
104,8.74,0.0,-1.0,0.0046818554401397705,0.7578432388614227,0.0046818554401397705,0.0046818554401397705,0.10468185544013978,0.1,-0.0046818554401397705,0.1,0.0046818554401397705,0,0,0.0,4.681855440139771e-06,0.9722773788545501,1.000734156701956,0.028435901439787786,4.548743956878792e-06,0.0866308332651816,0.0656525912669491,0.07650517199124081,0.07182331655110104,0.0009624278627098107,-0.0022614349188053535
105,8.82,0.009153318077803212,-1.0,0.0,0.7578204959641511,0.0,0.0,0.1,0.0,-0.1,0.0,0.1,0,0,0.0009153318077803213,0.0001,0.9730701075275155,1.000734156701956,0.027643754326934195,0.0,0.0,0.0,0.04972836179430653,0.04972836179430653,0.0005544676760440235,-0.00024913586826370225
106,8.91,0.010204081632653045,-1.0,0.0,0.7617812246093768,0.0,0.0,0.0,0.0,0.0,0.0,0.0,0,0,0.0,0.0,0.9730701075275155,1.000734156701956,0.027643754326934195,0.0,0.0,0.0,0.03232343516629924,0.03232343516629924,0.00029056698562885617,-0.0003405669856288562
107,9.06,0.016835016835016876,-1.0,0.0,0.7617812246093768,0.0,0.0,0.0,0.0,0.0,0.0,0.0,0,0,0.0,0.0,0.9730701075275155,1.000734156701956,0.027643754326934195,0.0,0.0,0.0,0.02101023285809451,0.02101023285809451,0.00015227068553358994,-0.00020227068553358994
108,8.88,-0.01986754966887414,1.0,0.1,0.7617812246093768,0.1,0.1,0.0,0.1,0.1,0.0,0.0,0,0,-0.0,0.0001,0.9729728005167628,1.000734156701956,0.027740989951501472,9.723562456727744e-05,0.11838736184013506,0.09018526948085148,0.045221495676059445,0.0,0.0,-0.0023154878999700527
109,9.1,0.024774774774774643,-1.0,0.0,0.7612950462857625,0.0,0.0,0.1,0.1,-0.0,0.1,0.0,0,0,0.0024774774774774643,0.0,0.9753833187162412,1.000734156701956,0.025332240151831886,0.0,0.04824541633153893,0.03672899645919481,0.04224912095015682,0.04224912095015682,0.00043420669975891273,0.00135394044947916
110,9.05,-0.005494505494505378,-1.0,0.0,0.7733387980616798,0.0,0.0,0.1,0.0,-0.1,0.0,0.1,0,0,-0.0005494505494505378,0.0001,0.9747498554839761,1.000734156701956,0.02596523866399695,0.000632998512165063,0.1649441816666783,0.12755773519737634,0.07210713593668365,0.07210713593668365,0.0009681382372736741,-0.005187303356641094
111,8.75,-0.03314917127071831,1.0,0.1,0.7701738100506371,0.1,0.1,0.0,0.1,0.1,0.0,0.0,0,0,-0.0,0.0001,0.9746523804984277,1.000734156701956,0.0260626421401305,9.74034761335521e-05,0.1163750197745808,0.08962899237450712,0.07823978568992188,0.0,0.0,-0.0022849003005736275
112,8.6,-0.017142857142857182,-1.0,0.0,0.7696867935367057,0.0,0.0,0.1,0.1,-0.0,0.1,0.0,0,0,-0.0017142857142857183,0.0,0.9729815478461448,1.000734156701956,0.027732249039318792,0.0016696068991882904,0.0,0.0,0.05085586069844922,0.05085586069844922,0.0005734314623049856,-0.0022437171765907035
113,8.58,-0.0023255813953487877,-1.0,0.0,0.7613387532541881,0.0,0.0,0.1,0.0,-0.1,0.0,0.1,0,0,-0.00023255813953487877,0.0001,0.9726579749127913,1.000734156701956,0.028055584593708056,0.00032333555438926465,0.0,0.0,0.033056309453991996,0.033056309453991996,0.0003005048962556251,-0.001143063035790504
114,8.72,0.016317016317016382,-1.0,0.0,0.7597220797101792,0.0,0.0,0.0,0.0,0.0,0.0,0.0,0,0,0.0,0.0,0.9726579749127913,1.000734156701956,0.028055584593708056,0.0,0.0,0.0,0.0214866011450948,0.0214866011450948,0.00015747861533550674,-0.00020747861533550673
115,8.6,-0.01376146788990837,-1.0,0.0,0.7597220797101792,0.0,0.0,0.0,0.0,0.0,0.0,0.0,0,0,-0.0,0.0,0.9726579749127913,1.000734156701956,0.028055584593708056,0.0,0.0,0.0,0.013966290744311619,0.013966290744311619,8.252615713420104e-05,-0.00013252615713420105
116,8.6,0.0,-1.0,0.0,0.7597220797101792,0.0,0.0,0.0,0.0,0.0,0.0,0.0,0,0,0.0,0.0,0.9726579749127913,1.000734156701956,0.028055584593708056,0.0,0.0,0.0,0.009078088983802553,0.009078088983802553,4.324756473651355e-05,-9.324756473651354e-05
117,8.38,-0.025581395348837077,0.17433655261993408,0.01743365526199341,0.7597220797101792,0.01743365526199341,0.01743365526199341,0.0,0.01743365526199341,0.01743365526199341,0.0,0.0,0,0,-0.0,1.743365526199341e-05,0.9726410179289688,1.000734156701956,0.028072529137580036,1.6944543871980078e-05,0.0,0.0,0.00590075783947166,0.0,0.0,-8.90940012376428e-05
118,8.41,0.003579952267303026,-1.0,0.0,0.7596373572955686,0.0,0.0,0.01743365526199341,0.01743365526199341,-0.0,0.01743365526199341,0.0,0,0,6.241165368255264e-05,0.0,0.9727017220633372,1.000734156701956,0.02801186953686412,0.0,0.0,0.0,0.0038354925956565794,0.0038354925956565794,1.1876862465765036e-05,5.906925944630788e-05
119,8.42,0.0011890606420927215,-1.0,0.0,0.7599406518052103,0.0,0.0,0.01743365526199341,0.0,-0.01743365526199341,0.0,0.01743365526199341,0,0,2.0729673319849035e-05,1.743365526199341e-05,0.9727049281057779,1.000734156701956,0.02800866584643417,0.0,0.0,0.0,0.0024930701871767767,0.0024930701871767767,6.224031218605875e-06,-0.00013312282736591992
120,8.34,-0.009501187648456066,-1.0,0.0,0.7599566705534933,0.0,0.0,0.0,0.0,0.0,0.0,0.0,0,0,-0.0,0.0,0.9727049281057779,1.000734156701956,0.02800866584643417,0.0,0.0,0.0,0.001620495621664905,0.001620495621664905,3.261683354660723e-06,-5.3261683354660724e-05
121,8.47,0.015587529976019279,-1.0,0.0,0.7599566705534933,0.0,0.0,0.0,0.0,0.0,0.0,0.0,0,0,0.0,0.0,0.9727049281057779,1.000734156701956,0.02800866584643417,0.0,0.0,0.0,0.0010533221540821882,0.0010533221540821882,1.7092745734096386e-06,-5.170927457340964e-05
122,8.56,0.010625737898465154,-1.0,0.0,0.7599566705534933,0.0,0.0,0.0,0.0,0.0,0.0,0.0,0,0,0.0,0.0,0.9727049281057779,1.000734156701956,0.02800866584643417,0.0,0.0,0.0,0.0006846594001534223,0.0006846594001534223,8.957397912737011e-07,-5.0895739791273705e-05
123,8.55,-0.0011682242990653955,1.0,0.1,0.7599566705534933,0.1,0.1,0.0,0.1,0.1,0.0,0.0,0,0,-0.0,0.0001,0.9726076576129673,1.000734156701956,0.028105864979849557,9.719913341538558e-05,0.042254369242575446,0.032111489765925566,0.011684050028173671,0.0,0.0,-0.0011582664124871467
124,8.94,0.045614035087719156,-1.0,0.0,0.7594706784943938,0.0,0.0,0.1,0.1,-0.0,0.1,0.0,0,0,0.0045614035087719156,0.0,0.9770441135950616,1.000734156701956,0.02367266366221372,0.0,0.02783463966433438,0.021139592671518995,0.014993489953344534,0.014993489953344534,9.179607324612932e-05,0.004090520912627903
125,8.85,-0.010067114093959717,1.0,0.2,0.7816366773103298,0.2,0.2,0.1,0.2,0.1,0.0,0.1,0,0,-0.0010067114093959717,0.0001,0.9759628077270628,1.000734156701956,0.024753176264643916,0.0010805126024301948,0.22080988525600237,0.17259310502877687,0.04999348995334454,0.0,0.0,-0.004228753986570401
126,8.99,0.015819209039548088,-1.0,0.1,0.7762341216212493,0.1,0.1,0.2,0.1,-0.1,0.1,0.1,0,0,0.003163841807909618,0.0001,0.9789530033803419,1.000734156701956,0.02176517427305243,0.0,0.2034942605243404,0.15795918857307703,0.08499348995334455,0.0,0.0,-0.0004452709520603561
127,8.92,-0.007786429365962212,1.0,0.2,0.7911741282793107,0.2,0.2,0.1,0.2,0.1,0.0,0.1,0,0,-0.0007786429365962212,0.0001,0.978092853238662,1.000734156701956,0.02262469339300989,0.0008595191199574602,0.227435434558463,0.17994103167661815,0.11822512955649031,0.0,0.0,-0.004082842325121162
128,9.1,0.020179372197309385,-1.0,0.1,0.7868765309456291,0.1,0.1,0.2,0.1,-0.1,0.1,0.1,0,0,0.0040358744394618775,0.0001,0.9819425038991445,1.000734156701956,0.018777866905974126,0.0,0.1639670528209968,0.1290218257131647,0.12200397321132633,0.022003973211326328,0.0001632005678973843,0.0008643746686853413
129,8.94,-0.0175824175824176,1.0,0.2,0.8,0.2,0.2,0.1,0.2,0.1,0.0,0.1,0,0,-0.00175824175824176,0.0001,0.9801178173342067,1.000734156701956,0.020601214847800475,0.001823347941826349,0.2530891488359953,0.20247131906879626,0.1501675442614408,0.0,0.0,-0.005380547203808102
130,8.77,-0.019015659955257263,-1.0,0.1,0.7969939257950343,0.1,0.1,0.2,0.1,-0.1,0.1,0.1,0,0,-0.0038031319910514527,0.0001,0.97629228812637,1.000734156701956,0.02442393757812492,0.003822722730324444,0.04331064880230927,0.03451832401768246,0.10969031717612539,0.009690317176125382,4.769545462431545e-05,-0.005025149307470869
131,8.87,0.011402508551881374,-1.0,0.0,0.7778803087776469,0.0,0.0,0.1,0.0,-0.1,0.0,0.1,0,0,0.0011402508551881375,0.0001,0.977307877014007,1.000734156701956,0.02340909374488955,0.0,0.0,0.0,0.0712987061644815,0.0712987061644815,0.0009519025225594367,-0.00042165166737129917
132,8.89,0.0022547914317927117,1.0,0.1,0.782954526693055,0.1,0.1,0.0,0.1,0.1,0.0,0.0,0,0,0.0,0.0001,0.9772101462263056,1.000734156701956,0.023506752835515028,9.765909062547581e-05,0.0,0.0,0.04634415900691298,0.0,0.0,-0.000516
133,8.7,-0.021372328458942776,-1.0,0.0,0.7824662342671963,0.0,0.0,0.1,0.1,-0.0,0.1,0.0,0,0,-0.0021372328458942776,0.0,0.9751216206044496,1.000734156701956,0.025593746277148933,0.0020869934416339053,0.023501039168416928,0.018388769619477077,0.03655977272131041,0.03655977272131041,0.0003495225781572143,-0.002799971219411429
134,8.66,-0.00459770114942519,-1.0,0.0,0.7720312677330811,0.0,0.0,0.1,0.0,-0.1,0.0,0.1,0,0,-0.000459770114942519,0.0001,0.974575776662801,1.000734156701956,0.026139189777795977,0.0005454435006470443,0.0,0.0,0.02376385226885177,0.02376385226885177,0.0001831661724069636,-0.0012529362873494824
135,8.67,0.0011547344110854256,-1.0,0.0,0.7693040478982255,0.0,0.0,0.0,0.0,0.0,0.0,0.0,0,0,0.0,0.0,0.974575776662801,1.000734156701956,0.026139189777795977,0.0,0.0,0.0,0.015446503974753651,0.015446503974753651,9.598763802642499e-05,-0.000145987638026425
136,8.62,-0.005767012687427994,1.0,0.1,0.7693040478982255,0.1,0.1,0.0,0.1,0.1,0.0,0.0,0,0,-0.0,0.0001,0.9744783190851348,1.000734156701956,0.026236575858818133,9.738608102215565e-05,0.0,0.0,0.010040227583589873,0.0,0.0,-0.000516
137,8.58,-0.004640371229698278,-1.0,0.0,0.7688171245165515,0.0,0.0,0.1,0.1,-0.0,0.1,0.0,0,0,-0.0004640371229698278,0.0,0.9740261249695501,1.000734156701956,0.02668843823660984,0.00045186237779170843,0.0,0.0,0.006526147929333418,0.006526147929333418,2.6360605093006962e-05,-0.0004463977280628347
138,8.38,-0.02331002331002323,-1.0,0.0,0.7665578104563968,0.0,0.0,0.1,0.0,-0.1,0.0,0.1,0,0,-0.0023310023310023228,0.0001,0.9716582651892919,1.000734156701956,0.02905456091204824,0.002366122675438398,0.0,0.0,0.004241996154066722,0.004241996154066722,1.3814189522960683e-05,-0.0029548165205252838
139,8.4,0.002386634844868684,-1.0,0.0,0.7547271918516749,0.0,0.0,0.0,0.0,0.0,0.0,0.0,0,0,0.0,0.0,0.9716582651892919,1.000734156701956,0.02905456091204824,0.0,0.0,0.0,0.002757297500143369,0.002757297500143369,7.239281173667038e-06,-5.7239281173667044e-05
140,8.32,-0.009523809523809532,-1.0,0.0,0.7547271918516749,0.0,0.0,0.0,0.0,0.0,0.0,0.0,0,0,-0.0,0.0,0.9716582651892919,1.000734156701956,0.02905456091204824,0.0,0.0,0.0,0.00179224337509319,0.00179224337509319,3.7937217977430783e-06,-5.379372179774308e-05
141,8.72,0.04807692307692312,-1.0,0.0,0.7547271918516749,0.0,0.0,0.0,0.0,0.0,0.0,0.0,0,0,0.0,0.0,0.9716582651892919,1.000734156701956,0.02905456091204824,0.0,0.0,0.0,0.0011649581938105735,0.0011649581938105735,1.9880875923183103e-06,-5.198808759231831e-05
142,8.97,0.0286697247706422,1.0,0.1,0.7547271918516749,0.1,0.1,0.0,0.1,0.1,0.0,0.0,0,0,0.0,0.0001,0.971561099362773,1.000734156701956,0.02915165545595697,9.709454390872951e-05,0.034488704980577656,0.026029563460592247,0.009867570037184158,0.0,0.0,-0.0010402283157047803
143,9.36,0.04347826086956508,-1.0,0.0,0.7542417213332172,0.0,0.0,0.1,0.1,-0.0,0.1,0.0,0,0,0.004347826086956508,0.0,0.9757852780556546,1.000734156701956,0.024930575697069836,0.0,0.17212221715947446,0.12982175735005183,0.04486757003718416,0.04486757003718416,0.0004751916803833202,0.001300376705749176
144,10.61,0.13354700854700854,1.0,0.2,0.7753471206879818,0.2,0.2,0.1,0.1,0.0,0.0,0.1,1,0,0.013354700854700856,0.0,0.9888165985425089,1.000734156701956,0.011908815222938894,0.0,0.40008739793223136,0.3102066120103024,0.07986757003718417,0.0,0.0,0.00731737240613094
145,10.68,0.006597549481621139,1.0,0.2,0.8,0.2,0.2,0.1,0.2,0.1,0.0,0.1,0,0,0.000659754948162114,0.0001,0.989370093526368,1.000734156701956,0.011355726293024532,0.0,0.724180039525183,0.5793440316201464,0.11486757003718417,0.0,0.0,-0.008804077541950155
146,10.37,-0.029026217228464466,1.0,0.30000000000000004,0.8,0.30000000000000004,0.30000000000000004,0.2,0.30000000000000004,0.10000000000000003,0.1,0.1,0,0,-0.005805243445692894,0.00010000000000000003,0.9835276222662068,1.000734156701956,0.01719391141045444,0.005838185117429909,0.7280255085901117,0.5824204068720894,0.14986757003718418,0.0,0.0,-0.013258288328157966
147,10.77,0.03857280617164902,1.0,0.4,0.8,0.4,0.4,0.30000000000000004,0.4,0.09999999999999998,0.10000000000000003,0.2,0,0,0.01157184185149471,9.999999999999998e-05,0.9948104956054215,1.000734156701956,0.005919315391468999,0.0,0.6159328300958568,0.4927462640766854,0.18486757003718418,0.0,0.0,0.006927498606842886
148,10.74,-0.0027855153203342024,-1.0,0.30000000000000004,0.8,0.30000000000000004,0.30000000000000004,0.4,0.30000000000000004,-0.09999999999999998,0.09999999999999998,0.30000000000000004,0,0,-0.001114206128133681,9.999999999999998e-05,0.9936025906053256,1.000734156701956,0.007126334250580017,0.0012070188591110174,0.665122318258519,0.5320978546068152,0.21986757003718418,0.0,0.0,-0.007963380383415462
149,10.68,-0.005586592178770996,-1.0,0.20000000000000004,0.8,0.20000000000000004,0.20000000000000004,0.30000000000000004,0.20000000000000004,-0.1,0.0,0.30000000000000004,0,0,-0.001675977653631299,0.0001,0.9918379746078204,1.000734156701956,0.008889655693829967,0.0017633214432499506,0.5861251531818678,0.46890012254549424,0.2548675700371842,0.05486757003718415,0.000642604251239854,-0.01007053380432631
150,10.5,-0.016853932584269638,-1.0,0.10000000000000003,0.8,0.10000000000000003,0.10000000000000003,0.20000000000000004,0.10000000000000003,-0.1,0.0,0.20000000000000004,0,0,-0.0033707865168539283,0.0001,0.9883955167386479,1.000734156701956,0.012329588113562266,0.003439932419732299,0.23057248736973693,0.18445798989578954,0.23022421698769607,0.13022421698769604,0.0023496741365127425,-0.009741162461386671
151,10.91,0.03904761904761906,1.0,0.20000000000000004,0.8,0.20000000000000004,0.20000000000000004,0.10000000000000003,0.20000000000000004,0.1,0.0,0.10000000000000003,0,0,0.0039047619047619074,0.0001,0.9921561263475726,1.000734156701956,0.008571737355956253,0.0,0.12229578698380239,0.09783662958704192,0.18388856139746712,0.0,0.0,0.001904294146162758
152,11.98,0.09807516040329975,-1.0,0.10000000000000003,0.8,0.10000000000000003,0.10000000000000003,0.20000000000000004,0.10000000000000003,-0.1,0.1,0.10000000000000003,0,0,0.019615032080659952,0.0001,1.0115180849822687,1.0115180849822687,0.0,0.0,0.3638390699136264,0.29107125593090116,0.2188885613974671,0.11888856139746706,0.002049651913064367,0.011519026304908465
153,11.92,-0.005008347245409057,1.0,0.20000000000000004,0.8,0.20000000000000004,0.20000000000000004,0.10000000000000003,0.20000000000000004,0.1,0.0,0.10000000000000003,0,0,-0.0005008347245409058,0.0001,1.0109103297923103,1.0115180849822687,0.0006008347245408109,0.0006008347245408109,0.6058855212318321,0.48470841698546574,0.25388856139746707,0.05388856139746703,0.000625482105116126,-0.009123297292931749
154,11.75,-0.014261744966442946,1.0,0.30000000000000004,0.8,0.30000000000000004,0.30000000000000004,0.20000000000000004,0.30000000000000004,0.1,0.1,0.10000000000000003,0,0,-0.0028523489932885896,0.0001,1.007925769697843,1.0115180849822687,0.003551409844035254,0.0029505751194944434,0.5754155735554025,0.46033245884432206,0.28888856139746705,0.0,0.0,-0.008840338499420453
155,11.91,0.013617021276595757,-1.0,0.20000000000000004,0.8,0.20000000000000004,0.20000000000000004,0.30000000000000004,0.20000000000000004,-0.1,0.1,0.20000000000000004,0,0,0.0040851063829787275,0.0001,1.0119424611162346,1.0119424611162346,0.0,0.0,0.5169142071895457,0.4135313657516366,0.323888561397467,0.12388856139746698,0.0021803028335896165,-0.004988932619761255
156,11.9,-0.000839630562552459,1.0,0.30000000000000004,0.8,0.30000000000000004,0.30000000000000004,0.20000000000000004,0.30000000000000004,0.1,0.0,0.20000000000000004,0,0,-0.00016792611251049183,0.0001,1.0116713353065434,1.0119424611162346,0.00026792611251056037,0.00026792611251056037,0.5780730512720683,0.46245844101765465,0.358888561397467,0.058888561397466954,0.0007145233435223408,-0.006895950748244687
157,12.13,0.01932773109243701,-1.0,0.20000000000000004,0.8,0.20000000000000004,0.20000000000000004,0.30000000000000004,0.20000000000000004,-0.1,0.1,0.20000000000000004,0,0,0.005798319327731104,0.0001,1.0174361616298322,1.0174361616298322,0.0,0.0,0.4694113456171713,0.37552907649373707,0.3647127416811615,0.16471274168116148,0.003342418285908137,-0.003848799643829956
158,12.27,0.011541632316570386,1.0,0.30000000000000004,0.8,0.30000000000000004,0.30000000000000004,0.20000000000000004,0.30000000000000004,0.1,0.0,0.20000000000000004,0,0,0.0023083264633140775,0.0001,1.0196829928302922,1.0196829928302922,0.0,0.0,0.26153260835802855,0.20922608668642284,0.310292412433003,0.01029241243300294,5.220904815173957e-05,-0.0007185956250747355
159,13.54,0.10350448247758758,-1.0,0.20000000000000004,0.8,0.20000000000000004,0.20000000000000004,0.30000000000000004,0.20000000000000004,-0.1,0.1,0.20000000000000004,1,0,0.03105134474327628,0.0001,1.0512435526702384,1.0512435526702384,0.0,0.0,0.30146403647165465,0.24117122917732373,0.2860999982935153,0.08609999829351525,0.001263207567116754,0.025565983123911007
160,14.01,0.03471196454948306,1.0,0.30000000000000004,0.8,0.30000000000000004,0.30000000000000004,0.20000000000000004,0.30000000000000004,0.1,0.0,0.20000000000000004,0,0,0.006942392909896613,0.0001,1.0584365741016037,1.0584365741016037,0.0,0.0,0.6718680110886177,0.5374944088708942,0.32109999829351527,0.02109999829351522,0.00015324758334773114,-0.00012478757990184666
161,12.64,-0.09778729478943607,1.0,0.4,0.8,0.4,0.4,0.30000000000000004,0.4,0.09999999999999998,0.1,0.20000000000000004,0,0,-0.029336188436830824,9.999999999999998e-05,1.0272802356579154,1.0584365741016037,0.02943618843683074,0.02943618843683074,0.7122001892860828,0.5697601514288663,0.35609999829351524,0.0,0.0,-0.0773947642850038
162,13.14,0.03955696202531645,-1.0,0.30000000000000004,0.7528190609079474,0.30000000000000004,0.30000000000000004,0.4,0.30000000000000004,-0.09999999999999998,0.09999999999999998,0.30000000000000004,0,0,0.01582278481012658,9.999999999999998e-05,1.043431941742861,1.0584365741016037,0.014176222483126668,0.0,0.33832233354135,0.25469550142078445,0.3206084243880595,0.020608424388059432,0.00014792350477961576,0.011962966903350006
163,13.0,-0.010654490106544944,-1.0,0.20000000000000004,0.8,0.20000000000000004,0.20000000000000004,0.30000000000000004,0.20000000000000004,-0.1,0.0,0.30000000000000004,0,0,-0.0031963470319634835,0.0001,1.039992427958641,1.0584365741016037,0.017425839766183494,0.003249617283056826,0.42132475904806344,0.33705980723845075,0.3263664083856964,0.12636640838569638,0.002246039901813787,-0.011150813945973255
164,12.14,-0.0661538461538461,1.0,0.30000000000000004,0.8,0.30000000000000004,0.30000000000000004,0.20000000000000004,0.30000000000000004,0.1,0.0,0.20000000000000004,0,0,-0.013230769230769223,0.0001,1.026128528899777,1.0584365741016037,0.030524309148377317,0.013098469382193823,0.3227638883805122,0.2582111107044098,0.3025120541972461,0.0025120541972460386,6.295257684840368e-06,-0.023616230457733395
165,11.55,-0.04859967051070839,-1.0,0.20000000000000004,0.7473784513784689,0.20000000000000004,0.20000000000000004,0.30000000000000004,0.20000000000000004,-0.1,0.1,0.20000000000000004,0,0,-0.014579901153212518,0.0001,1.0110650635250369,1.0584365741016037,0.04475611646052158,0.014231807312144261,0.0,0.0,0.19663283522820996,0.0,0.0,-0.024373877239929894
166,11.68,0.011255411255411168,-1.0,0.10000000000000003,0.6762194089622449,0.10000000000000003,0.10000000000000003,0.20000000000000004,0.10000000000000003,-0.1,0.0,0.20000000000000004,0,0,0.002251082251082234,0.0001,1.0132399476378748,1.0584365741016037,0.04270130829718503,0.0,0.0,0.0,0.12781134289833648,0.02781134289833645,0.0002319011722073996,0.0015031810788748345
167,12.01,0.028253424657534252,-1.0,2.7755575615628914e-17,0.686493461581922,2.7755575615628914e-17,2.7755575615628914e-17,0.10000000000000003,2.7755575615628914e-17,-0.1,0.0,0.10000000000000003,0,0,0.002825342465753426,0.0001,1.01600137349517,1.0584365741016037,0.04009234152027721,0.0,0.0,0.0,0.08307737288391871,0.08307737288391868,0.0011972756120766153,0.0010180668536768104
168,12.08,0.005828476269775211,-1.0,0.0,0.6995382919932686,0.0,0.0,2.7755575615628914e-17,0.0,-2.7755575615628914e-17,0.0,2.7755575615628914e-17,0,0,1.617727138296446e-19,2.7755575615628914e-20,1.01600137349517,1.0584365741016037,0.04009234152027721,0.0,0.0,0.0,0.05400029237454716,0.05400029237454716,0.000627428397720383,-0.000677428397720383
169,11.88,-0.01655629139072842,-1.0,0.0,0.6995382919932686,0.0,0.0,0.0,0.0,0.0,0.0,0.0,0,0,-0.0,0.0,1.01600137349517,1.0584365741016037,0.04009234152027721,0.0,0.0,0.0,0.03510019004345566,0.03510019004345566,0.0003288018149665407,-0.0003788018149665407
170,12.12,0.02020202020202007,-1.0,0.0,0.6995382919932686,0.0,0.0,0.0,0.0,0.0,0.0,0.0,0,0,0.0,0.0,1.01600137349517,1.0584365741016037,0.04009234152027721,0.0,0.0,0.0,0.02281512352824618,0.02281512352824618,0.0001723075237239602,-0.0002223075237239602
171,11.91,-0.017326732673267252,1.0,0.1,0.6995382919932686,0.1,0.1,0.0,0.1,0.1,0.0,0.0,0,0,-0.0,0.0001,1.0158997733578206,1.0584365741016037,0.04018833228612516,9.599076584795169e-05,0.13062637165508115,0.09137814891687338,0.0468121824142657,0.0,0.0,-0.0025015208491572325
172,11.49,-0.035264483627204024,-1.0,0.0,0.6990583442176782,0.0,0.0,0.1,0.1,-0.0,0.1,0.0,0,0,-0.0035264483627204025,0.0,1.0123172552653747,1.0584365741016037,0.04357305857025478,0.0033847262841296202,0.013964290090360945,0.009761853508743054,0.033844567297332775,0.033844567297332775,0.0003113174420232379,-0.004006023014117128
173,11.06,-0.03742384682332461,-1.0,0.0,0.6821347042947672,0.0,0.0,0.1,0.0,-0.1,0.0,0.1,0,0,-0.003742384682332461,0.0001,1.0084275429500822,1.0584365741016037,0.04724801879977456,0.003674960229519783,0.0,0.0,0.021998968743266303,0.021998968743266303,0.00016314489484360172,-0.004515529577176062
174,11.07,0.0009041591320072139,-1.0,0.0,0.6637599147890295,0.0,0.0,0.0,0.0,0.0,0.0,0.0,0,0,0.0,0.0,1.0084275429500822,1.0584365741016037,0.04724801879977456,0.0,0.0,0.0,0.014299329683123098,0.014299329683123098,8.549555251563171e-05,-0.0001354955525156317
175,11.12,0.004516711833784908,-1.0,0.0,0.6637599147890295,0.0,0.0,0.0,0.0,0.0,0.0,0.0,0,0,0.0,0.0,1.0084275429500822,1.0584365741016037,0.04724801879977456,0.0,0.0,0.0,0.009294564294030014,0.009294564294030014,4.480366674642413e-05,-9.480366674642412e-05
176,11.57,0.04046762589928067,-1.0,0.0,0.6637599147890295,0.0,0.0,0.0,0.0,0.0,0.0,0.0,0,0,0.0,0.0,1.0084275429500822,1.0584365741016037,0.04724801879977456,0.0,0.0,0.0,0.006041466791119509,0.006041466791119509,2.347921610960536e-05,-7.347921610960536e-05
177,12.38,0.07000864304235095,-1.0,0.0,0.6637599147890295,0.0,0.0,0.0,0.0,0.0,0.0,0.0,0,0,0.0,0.0,1.0084275429500822,1.0584365741016037,0.04724801879977456,0.0,0.0,0.0,0.003926953414227681,0.003926953414227681,1.2304206980236728e-05,-6.230420698023673e-05
178,12.83,0.036348949919224494,1.0,0.1,0.6637599147890295,0.1,0.1,0.0,0.1,0.1,0.0,0.0,0,0,0.0,0.0001,1.0083267001957872,1.0584365741016037,0.04734329399789458,9.527519812001922e-05,0.2474732673705312,0.16426283486242652,0.03892695341422768,0.0,0.0,-0.004277593664032075
179,12.9,0.005455962587685135,1.0,0.2,0.6632835246656741,0.2,0.2,0.1,0.2,0.1,0.1,0.0,0,0,0.0005455962587685135,0.0001,1.008776006801011,1.0584365741016037,0.04691879373380916,0.0,0.45396360066283464,0.3011065771175655,0.07392695341422767,0.0,0.0,-0.005567552389450637
180,12.66,-0.018604651162790715,1.0,0.30000000000000004,0.6654060274396212,0.30000000000000004,0.30000000000000004,0.2,0.30000000000000004,0.10000000000000003,0.1,0.1,0,0,-0.003720930232558143,0.00010000000000000003,1.0049215440587458,1.0584365741016037,0.05056045052891457,0.003641656795105412,0.47328996647647864,0.31492999642014513,0.10892695341422767,0.0,0.0,-0.008728513910732337
181,12.44,-0.017377567140600365,-1.0,0.20000000000000004,0.6471977397837692,0.20000000000000004,0.20000000000000004,0.30000000000000004,0.20000000000000004,-0.1,0.10000000000000003,0.2,0,0,-0.0052132701421801105,0.0001,0.999582124423465,1.0584365741016037,0.055605079338924196,0.005044628810009624,0.41437500275200656,0.26818256520399175,0.14392695341422768,0.0,0.0,-0.010835520176304993
182,13.03,0.04742765273311896,-1.0,0.10000000000000003,0.6219746001109283,0.10000000000000003,0.10000000000000003,0.20000000000000004,0.10000000000000003,-0.1,0.0,0.20000000000000004,0,0,0.009485530546623794,0.0001,1.0089637329861003,1.0584365741016037,0.04674143196298348,0.0,0.2596336176434187,0.161485515509119,0.15007245014743964,0.05007245014743961,0.0005602324603226531,0.004462867098121179
183,12.72,-0.02379125095932454,1.0,0.20000000000000004,0.666292832795148,0.20000000000000004,0.20000000000000004,0.10000000000000003,0.20000000000000004,0.1,0.0,0.10000000000000003,0,0,-0.002379125095932455,0.0001,1.0064623856747688,1.0584365741016037,0.049104679201916704,0.0023632472389332262,0.2726354428436177,0.18165504153263368,0.16112635713225754,0.0,0.0,-0.0062438045871933134
184,12.49,-0.018081761006289342,-1.0,0.10000000000000003,0.6544766031242035,0.10000000000000003,0.10000000000000003,0.20000000000000004,0.10000000000000003,-0.1,0.1,0.10000000000000003,0,0,-0.003616352201257869,0.0001,1.002722016972283,1.0584365741016037,0.05263854112053052,0.003533861918613816,0.0592414370096019,0.03877213445824072,0.11830237919635164,0.01830237919635161,0.0001238030453783107,-0.005156625089182129
185,12.53,0.0032025620496396435,-1.0,2.7755575615628914e-17,0.6368072904687194,2.7755575615628914e-17,2.7755575615628914e-17,0.10000000000000003,2.7755575615628914e-17,-0.1,0.0,0.10000000000000003,0,0,0.00032025620496396447,0.0001,1.0029428727183751,1.0584365741016037,0.052429878880868634,0.0,0.0,0.0,0.07689654647762857,0.07689654647762854,0.0010661793275502276,-0.0013559231225862632
186,12.32,-0.016759776536312776,1.0,0.10000000000000003,0.6378506138961322,0.10000000000000003,0.10000000000000003,2.7755575615628914e-17,0.10000000000000003,0.1,0.0,2.7755575615628914e-17,0,0,-4.651772449546725e-19,0.0001,1.0028425784311032,1.0584365741016037,0.05252463589298058,9.475701211194426e-05,0.02252837668624241,0.014369738899403033,0.055012163825249635,0.0,0.0,-0.000858431325630885
187,13.1,0.06331168831168826,-1.0,2.7755575615628914e-17,0.6373768128495341,2.7755575615628914e-17,2.7755575615628914e-17,0.10000000000000003,0.1,-2.7755575615628914e-17,0.1,2.7755575615628914e-17,0,0,0.006331168831168828,2.7755575615628914e-20,1.0091917441062352,1.0584365741016037,0.04652600939944587,0.0,0.0,0.0,0.035757906486412264,0.035757906486412236,0.00033808673454948485,0.006037082096619343
188,14.73,0.12442748091603059,-1.0,0.0,0.6673699446055668,0.0,0.0,0.1,0.0,-0.1,0.0,0.1,1,0,0.01244274809160306,0.0001,1.021647943579864,1.0584365741016037,0.03475752012156777,0.0,0.12688200400293023,0.08467723598287885,0.05287967181017557,0.05287967181017557,0.000607999372415347,0.008871087544933359
189,16.43,0.1154107264086897,1.0,0.1,0.726212394984421,0.1,0.1,0.0,0.0,0.0,0.0,0.0,1,0,0.0,0.0,1.021647943579864,1.0584365741016037,0.03475752012156777,0.0,0.6335397976223356,0.4600844537492617,0.08787967181017557,0.0,0.0,-0.011802163245894325
190,14.71,-0.10468654899573944,1.0,0.1,0.726212394984421,0.1,0.1,0.0,0.1,0.1,0.0,0.0,0,1,-0.0,0.0001,1.021545778785506,1.0584365741016037,0.034854044369555616,9.652424798784615e-05,0.8428812780247289,0.612110831601868,0.12287967181017556,0.022879671810175556,0.00017303927634201564,-0.013500834702317893
191,13.9,-0.05506458191706325,1.0,0.2,0.7257297836262674,0.2,0.2,0.1,0.2,0.1,0.1,0.0,0,0,-0.005506458191706326,0.0001,1.015818525085831,1.0584365741016037,0.04026509481869221,0.0054110504491365966,0.613550358434025,0.44527176887014375,0.15787967181017554,0.0,0.0,-0.013598482636288236
192,14.0,0.007194244604316521,1.0,0.30000000000000004,0.6986745275582372,0.30000000000000004,0.30000000000000004,0.2,0.30000000000000004,0.10000000000000003,0.1,0.1,0,0,0.0014388489208633044,0.00010000000000000003,1.017178552621935,1.0584365741016037,0.0389801547765754,0.0,0.45253707583202796,0.3161761276595283,0.19287967181017557,0.0,0.0,-0.0033695070071241636
193,13.75,-0.017857142857142856,-1.0,0.20000000000000004,0.7050992190861585,0.20000000000000004,0.20000000000000004,0.30000000000000004,0.20000000000000004,-0.1,0.10000000000000003,0.2,0,0,-0.005357142857142858,0.0001,1.0116276639490553,1.0584365741016037,0.044224577360508915,0.005244422583933518,0.32042251958783285,0.22592966833900027,0.20444717059526418,0.004447170595264144,1.4828447658921072e-05,-0.009829210547690908
194,12.99,-0.05527272727272726,-1.0,0.10000000000000003,0.6788771055669071,0.10000000000000003,0.10000000000000003,0.20000000000000004,0.10000000000000003,-0.1,0.0,0.20000000000000004,0,0,-0.011054545454545454,0.0001,1.00034341718846,1.0584365741016037,0.0548858177566785,0.010661240396169586,0.0,0.0,0.13289066088692172,0.03289066088692169,0.000298248936961822,-0.013323523263080362
195,12.83,-0.012317167051578148,-1.0,2.7755575615628914e-17,0.625570902232716,2.7755575615628914e-17,2.7755575615628914e-17,0.10000000000000003,2.7755575615628914e-17,-0.1,0.0,0.10000000000000003,0,0,-0.0012317167051578153,0.0001,0.9990112431488954,1.0584365741016037,0.05614444210145351,0.001258624344775007,0.0,0.0,0.08637892957649912,0.08637892957649909,0.0012693510049036254,-0.0031110677100614405
196,12.32,-0.039750584567420096,-1.0,0.0,0.6192777879581333,0.0,0.0,2.7755575615628914e-17,0.0,-2.7755575615628914e-17,0.0,2.7755575615628914e-17,0,0,-1.1033003557264802e-18,2.7755575615628914e-20,0.9990112431488954,1.0584365741016037,0.05614444210145351,0.0,0.0,0.0,0.05614630422472443,0.05614630422472443,0.0006651992733486626,-0.0007151992733486638
197,12.24,-0.006493506493506499,-1.0,0.0,0.6192777879581333,0.0,0.0,0.0,0.0,0.0,0.0,0.0,0,0,-0.0,0.0,0.9990112431488954,1.0584365741016037,0.05614444210145351,0.0,0.0,0.0,0.036495097746070876,0.036495097746070876,0.0003485955197216582,-0.00039859551972165825
198,10.74,-0.12254901960784313,-1.0,0.0,0.6192777879581333,0.0,0.0,0.0,0.0,0.0,0.0,0.0,0,1,-0.0,0.0,0.9990112431488954,1.0584365741016037,0.05614444210145351,0.0,0.0,0.0,0.02372181353494607,0.02372181353494607,0.00018268035044337647,-0.00023268035044337647
199,11.0,0.02420856610800743,-1.0,0.0,0.6192777879581333,0.0,0.0,0.0,0.0,0.0,0.0,0.0,0,0,0.0,0.0,0.9990112431488954,1.0584365741016037,0.05614444210145351,0.0,0.0,0.0,0.015419178797714947,0.015419178797714947,9.573304460356041e-05,-0.00014573304460356042
200,10.78,-0.02000000000000006,-1.0,0.0,0.6192777879581333,0.0,0.0,0.0,0.0,0.0,0.0,0.0,0,0,-0.0,0.0,0.9990112431488954,1.0584365741016037,0.05614444210145351,0.0,0.0,0.0,0.010022466218514716,0.010022466218514716,5.016859124051227e-05,-0.00010016859124051227
201,10.65,-0.012059369202226253,-1.0,0.0,0.6192777879581333,0.0,0.0,0.0,0.0,0.0,0.0,0.0,0,0,-0.0,0.0,0.9990112431488954,1.0584365741016037,0.05614444210145351,0.0,0.0,0.0,0.006514603042034566,0.006514603042034566,2.6290687374252787e-05,-7.629068737425279e-05
202,11.04,0.036619718309859044,-1.0,0.0,0.6192777879581333,0.0,0.0,0.0,0.0,0.0,0.0,0.0,0,0,0.0,0.0,0.9990112431488954,1.0584365741016037,0.05614444210145351,0.0,0.0,0.0,0.004234491977322468,0.004234491977322468,1.3777549369425684e-05,-6.377754936942568e-05
203,10.7,-0.030797101449275353,-1.0,0.0,0.6192777879581333,0.0,0.0,0.0,0.0,0.0,0.0,0.0,0,0,-0.0,0.0,0.9990112431488954,1.0584365741016037,0.05614444210145351,0.0,0.0,0.0,0.002752419785259604,0.002752419785259604,7.2200800201541715e-06,-5.7220080020154176e-05
204,10.43,-0.025233644859813047,-1.0,0.0,0.6192777879581333,0.0,0.0,0.0,0.0,0.0,0.0,0.0,0,0,-0.0,0.0,0.9990112431488954,1.0584365741016037,0.05614444210145351,0.0,0.0,0.0,0.0017890728604187428,0.0017890728604187428,3.783659495578529e-06,-5.378365949557853e-05
205,10.71,0.026845637583892728,-1.0,0.0,0.6192777879581333,0.0,0.0,0.0,0.0,0.0,0.0,0.0,0,0,0.0,0.0,0.9990112431488954,1.0584365741016037,0.05614444210145351,0.0,0.0,0.0,0.001162897359272183,0.001162897359272183,1.98281447553484e-06,-5.1982814475534845e-05
206,10.65,-0.0056022408963585894,-1.0,0.0,0.6192777879581333,0.0,0.0,0.0,0.0,0.0,0.0,0.0,0,0,-0.0,0.0,0.9990112431488954,1.0584365741016037,0.05614444210145351,0.0,0.0,0.0,0.0007558832835269189,0.0007558832835269189,1.0390874889732536e-06,-5.103908748897326e-05
207,10.02,-0.05915492957746486,-1.0,0.0,0.6192777879581333,0.0,0.0,0.0,0.0,0.0,0.0,0.0,0,0,-0.0,0.0,0.9990112431488954,1.0584365741016037,0.05614444210145351,0.0,0.0,0.0,0.0004913241342924973,0.0004913241342924973,5.445304253437553e-07,-5.054453042534376e-05
208,10.02,0.0,-1.0,0.0,0.6192777879581333,0.0,0.0,0.0,0.0,0.0,0.0,0.0,0,0,0.0,0.0,0.9990112431488954,1.0584365741016037,0.05614444210145351,0.0,0.0,0.0,0.00031936068729012323,0.00031936068729012323,2.853594016592798e-07,-5.028535940165928e-05
209,10.32,0.029940119760479115,-1.0,0.0,0.6192777879581333,0.0,0.0,0.0,0.0,0.0,0.0,0.0,0,0,0.0,0.0,0.9990112431488954,1.0584365741016037,0.05614444210145351,0.0,0.0,0.0,0.0002075844467385801,0.0002075844467385801,1.4954166806002882e-07,-5.014954166806003e-05
210,10.19,-0.012596899224806278,-1.0,0.0,0.6192777879581333,0.0,0.0,0.0,0.0,0.0,0.0,0.0,0,0,-0.0,0.0,0.9990112431488954,1.0584365741016037,0.05614444210145351,0.0,0.0,0.0,0.00013492989038007706,0.00013492989038007706,7.83668256806797e-08,-5.007836682568068e-05
211,9.86,-0.03238469087340531,-1.0,0.0,0.6192777879581333,0.0,0.0,0.0,0.0,0.0,0.0,0.0,0,0,-0.0,0.0,0.9990112431488954,1.0584365741016037,0.05614444210145351,0.0,0.0,0.0,8.77044287470501e-05,8.77044287470501e-05,4.106788059098542e-08,-5.004106788059099e-05
212,9.72,-0.014198782961460325,-1.0,0.0,0.6192777879581333,0.0,0.0,0.0,0.0,0.0,0.0,0.0,0,0,-0.0,0.0,0.9990112431488954,1.0584365741016037,0.05614444210145351,0.0,0.0,0.0,5.7007878685582565e-05,5.7007878685582565e-05,2.1521489502556667e-08,-5.002152148950256e-05
213,10.08,0.03703703703703698,-1.0,0.0,0.6192777879581333,0.0,0.0,0.0,0.0,0.0,0.0,0.0,0,0,0.0,0.0,0.9990112431488954,1.0584365741016037,0.05614444210145351,0.0,0.0,0.0,3.705512114562867e-05,3.705512114562867e-05,1.1278266707299372e-08,-5.0011278266707304e-05
214,10.22,0.013888888888888945,-1.0,0.0,0.6192777879581333,0.0,0.0,0.0,0.0,0.0,0.0,0.0,0,0,0.0,0.0,0.9990112431488954,1.0584365741016037,0.05614444210145351,0.0,0.0,0.0,2.4085828744658637e-05,2.4085828744658637e-05,5.910339054639626e-09,-5.000591033905464e-05
215,10.45,0.022504892367905933,-1.0,0.0,0.6192777879581333,0.0,0.0,0.0,0.0,0.0,0.0,0.0,0,0,0.0,0.0,0.9990112431488954,1.0584365741016037,0.05614444210145351,0.0,0.0,0.0,1.5655788684028115e-05,1.5655788684028115e-05,3.0972939944920907e-09,-5.000309729399449e-05
216,10.29,-0.01531100478468901,1.0,0.1,0.6192777879581333,0.1,0.1,0.0,0.1,0.1,0.0,0.0,0,0,-0.0,0.0001,0.9989113420245805,1.0584365741016037,0.05623882765724338,9.438555578987484e-05,0.05376545238079297,0.03329575041894582,0.011663688909275655,0.0,0.0,-0.0013332348761880533
217,10.5,0.020408163265306208,-1.0,0.0,0.6188058681831359,0.0,0.0,0.1,0.1,-0.0,0.1,0.0,0,0,0.0020408163265306207,0.0,1.0009499366001409,1.0584365741016037,0.05431278444838065,0.0,0.09719448365916805,0.0601445168433231,0.02863197868619226,0.02863197868619226,0.000242240663562998,0.0003652195113482684
218,10.2,-0.02857142857142864,0.7232115268707275,0.17232115268707277,0.628436078880546,0.17232115268707277,0.17232115268707277,0.1,0.17232115268707277,0.07232115268707276,0.0,0.1,0,0,-0.002857142857142864,7.232115268707276e-05,0.9980176897852292,1.0584365741016037,0.0570831411108954,0.002770356662514753,0.23544642137564972,0.14796302583577006,0.06363197868619226,0.0,0.0,-0.006295805904036721
219,9.9,-0.029411764705882252,-1.0,0.07232115268707276,0.6145842947112183,0.07232115268707276,0.07232115268707276,0.17232115268707277,0.07232115268707276,-0.1,0.07232115268707276,0.1,0,0,-0.005068269196678593,0.0001,0.9928596657013719,1.0584365741016037,0.061956389267720915,0.0048732481568255145,0.008039015802446654,0.004940652857119016,0.04309001464601663,0.0,0.0,-0.005723670169354217
220,9.9,0.0,-1.0,0.0,0.5877725578847603,0.0,0.0,0.07232115268707276,0.0,-0.07232115268707276,0.0,0.07232115268707276,0,0,0.0,7.232115268707276e-05,0.9927878609458918,1.0584365741016037,0.062024229662919865,6.784039519894952e-05,0.0,0.0,0.028008509519910813,0.028008509519910813,0.0002343716091703967,-0.0006893700642180042
221,9.65,-0.025252525252525252,-1.0,0.0,0.5873485732826773,0.0,0.0,0.0,0.0,0.0,0.0,0.0,0,0,-0.0,0.0,0.9927878609458918,1.0584365741016037,0.062024229662919865,0.0,0.0,0.0,0.01820553118794203,0.01820553118794203,0.00012282168093099,-0.00017282168093098998
222,8.5,-0.11917098445595858,-1.0,0.0,0.5873485732826773,0.0,0.0,0.0,0.0,0.0,0.0,0.0,0,1,-0.0,0.0,0.9927878609458918,1.0584365741016037,0.062024229662919865,0.0,0.0,0.0,0.011833595272162321,0.011833595272162321,6.436430316842021e-05,-0.00011436430316842021
223,8.92,0.04941176470588234,-1.0,0.0,0.5873485732826773,0.0,0.0,0.0,0.0,0.0,0.0,0.0,0,0,0.0,0.0,0.9927878609458918,1.0584365741016037,0.062024229662919865,0.0,0.0,0.0,0.007691836926905509,0.007691836926905509,3.372990412567313e-05,-8.372990412567313e-05
224,8.73,-0.021300448430493217,-1.0,0.0,0.5873485732826773,0.0,0.0,0.0,0.0,0.0,0.0,0.0,0,0,-0.0,0.0,0.9927878609458918,1.0584365741016037,0.062024229662919865,0.0,0.0,0.0,0.00499969400248858,0.00499969400248858,1.76760467576274e-05,-6.76760467576274e-05
225,8.76,0.0034364261168384146,-1.0,0.0,0.5873485732826773,0.0,0.0,0.0,0.0,0.0,0.0,0.0,0,0,0.0,0.0,0.9927878609458918,1.0584365741016037,0.062024229662919865,0.0,0.0,0.0,0.0032498011016175773,0.0032498011016175773,9.263074920512983e-06,-5.926307492051298e-05
226,8.63,-0.014840182648401713,-1.0,0.0,0.5873485732826773,0.0,0.0,0.0,0.0,0.0,0.0,0.0,0,0,-0.0,0.0,0.9927878609458918,1.0584365741016037,0.062024229662919865,0.0,0.0,0.0,0.0021123707160514253,0.0021123707160514253,4.854284340813425e-06,-5.485428434081343e-05
227,8.51,-0.01390498261877184,-1.0,0.0,0.5873485732826773,0.0,0.0,0.0,0.0,0.0,0.0,0.0,0,0,-0.0,0.0,0.9927878609458918,1.0584365741016037,0.062024229662919865,0.0,0.0,0.0,0.0013730409654334264,0.0013730409654334264,2.543871950045878e-06,-5.254387195004588e-05
228,8.47,-0.004700352526439383,-1.0,0.0,0.5873485732826773,0.0,0.0,0.0,0.0,0.0,0.0,0.0,0,0,-0.0,0.0,0.9927878609458918,1.0584365741016037,0.062024229662919865,0.0,0.0,0.0,0.0008924766275317272,0.0008924766275317272,1.333107837095887e-06,-5.133310783709589e-05
229,8.66,0.02243211334120419,-1.0,0.0,0.5873485732826773,0.0,0.0,0.0,0.0,0.0,0.0,0.0,0,0,0.0,0.0,0.9927878609458918,1.0584365741016037,0.062024229662919865,0.0,0.0,0.0,0.0005801098078956227,0.0005801098078956227,6.986108342813493e-07,-5.069861083428135e-05
230,8.9,0.027713625866050834,-1.0,0.0,0.5873485732826773,0.0,0.0,0.0,0.0,0.0,0.0,0.0,0,0,0.0,0.0,0.9927878609458918,1.0584365741016037,0.062024229662919865,0.0,0.0,0.0,0.00037707137513215476,0.00037707137513215476,3.6610473976245794e-07,-5.036610473976246e-05
231,9.27,0.04157303370786508,-1.0,0.0,0.5873485732826773,0.0,0.0,0.0,0.0,0.0,0.0,0.0,0,0,0.0,0.0,0.9927878609458918,1.0584365741016037,0.062024229662919865,0.0,0.0,0.0,0.0002450963938359006,0.0002450963938359006,1.918560003645156e-07,-5.019185600036452e-05
232,9.19,-0.008629989212513492,1.0,0.1,0.5873485732826773,0.1,0.1,0.0,0.1,0.1,0.0,0.0,0,0,-0.0,0.0001,0.9926885821597972,1.0584365741016037,0.0621180272399536,9.379757703373293e-05,0.18610155866969919,0.10930648497033028,0.0352450963938359,0.0,0.0,-0.0033447436917794274
233,8.99,-0.021762785636561404,1.0,0.2,0.5867623290050359,0.2,0.2,0.1,0.2,0.1,0.1,0.0,0,0,-0.0021762785636561407,0.0001,0.9904289464198407,1.0584365741016037,0.06425290786978674,0.0021348806298331427,0.19153562823803555,0.11238589131239246,0.062244374615330694,0.0,0.0,-0.005035320353807782
234,9.06,0.007786429365962212,-1.0,0.1,0.5734193403280465,0.1,0.1,0.2,0.1,-0.1,0.1,0.1,0,0,0.0015572858731924424,0.0001,0.9918722845318593,1.0584365741016037,0.06288925685154441,0.0,0.12152601481388832,0.06968536724727625,0.06484872203651164,0.0,0.0,-0.00080590955197866
235,9.1,0.004415011037527499,-1.0,0.0,0.5819421526049121,0.0,0.0,0.1,0.0,-0.1,0.0,0.1,0,0,0.00044150110375274995,0.0001,0.9922110100118088,1.0584365741016037,0.06256923249842054,0.0,0.1005685640776572,0.05852508666373687,0.06263544965604047,0.06263544965604047,0.0007837910565498531,-0.0028178368164376443
236,9.0,-0.01098901098901095,-0.1886305809020996,0.0,0.5839423075322351,0.0,0.0,0.0,0.0,0.0,0.0,0.0,0,0,-0.0,0.0,0.9922110100118088,1.0584365741016037,0.06256923249842054,0.0,0.04966524311734952,0.029001636670094533,0.05086361511095939,0.05086361511095939,0.0005735626210409604,-0.0015448528808677938
237,10.21,0.13444444444444453,-1.0,0.0,0.5839423075322351,0.0,0.0,0.0,0.0,0.0,0.0,0.0,1,0,0.0,0.0,0.9922110100118088,1.0584365741016037,0.06256923249842054,0.0,0.0,0.0,0.0330613498221236,0.0330613498221236,0.00030057362956542404,-0.00035057362956542406
238,10.25,0.00391772771792352,1.0,0.1,0.5839423075322351,0.1,0.1,0.0,0.1,0.1,0.0,0.0,0,0,0.0,0.0001,0.9921117889108076,1.0584365741016037,0.06266297557517066,9.374307675011351e-05,0.461903322959253,0.26972489226563345,0.0680613498221236,0.0,0.0,-0.007536930508980646
239,10.36,0.010731707317073116,1.0,0.2,0.5833564125005591,0.2,0.2,0.1,0.2,0.1,0.1,0.0,0,0,0.0010731707317073117,0.0001,0.9930772830663575,1.0584365741016037,0.06175078661725476,0.0,0.5192800509758734,0.30292534762039297,0.10306134982212362,0.0,0.0,-0.005849901900393518
240,10.21,-0.014478764478764342,1.0,0.30000000000000004,0.5890575734901183,0.30000000000000004,0.30000000000000004,0.2,0.30000000000000004,0.10000000000000003,0.1,0.1,0,0,-0.0028957528957528687,0.00010000000000000003,0.990102268919905,1.0584365741016037,0.06456154941518395,0.0028107627979291894,0.5364598905215772,0.31600576138541475,0.13806134982212362,0.0,0.0,-0.008509767844760008
241,10.1,-0.010773751224290029,-1.0,0.20000000000000004,0.5714903384454225,0.20000000000000004,0.20000000000000004,0.30000000000000004,0.20000000000000004,-0.1,0.10000000000000003,0.2,0,0,-0.003232125367287009,0.0001,0.9868031240334286,1.0584365741016037,0.06767854760591326,0.003116998190729303,0.4761930970307461,0.272139754187475,0.17306134982212362,0.0,0.0,-0.00962091977046826
242,9.63,-0.04653465346534642,1.0,0.30000000000000004,0.5520090725284892,0.30000000000000004,0.30000000000000004,0.20000000000000004,0.30000000000000004,0.1,0.0,0.20000000000000004,0,0,-0.009306930693069286,0.0001,0.9775203354379419,1.0584365741016037,0.0764488308922461,0.00877028328633285,0.4566966035464999,0.2521006685506145,0.20072511137709542,0.0,0.0,-0.01415521808711568
243,9.66,0.0031152647975077213,-1.0,0.20000000000000004,0.4971948251153898,0.20000000000000004,0.20000000000000004,0.30000000000000004,0.20000000000000004,-0.1,0.1,0.20000000000000004,0,0,0.0009345794392523165,0.0001,0.9783361538113495,1.0584365741016037,0.07567805407541127,0.0,0.0,0.0,0.13047132239511203,0.0,0.0,0.00045057943925231643
244,9.68,0.0020703933747411567,-1.0,0.10000000000000003,0.5020121842647254,0.10000000000000003,0.10000000000000003,0.20000000000000004,0.10000000000000003,-0.1,0.0,0.20000000000000004,0,0,0.00041407867494823144,0.0001,0.9786434283341926,1.0584365741016037,0.07538774426340965,0.0,0.0,0.0,0.08480635955682282,0.0,0.0,-0.00010192132505176856
245,9.74,0.006198347107438068,-1.0,2.7755575615628914e-17,0.5038265869045458,2.7755575615628914e-17,2.7755575615628914e-17,0.10000000000000003,2.7755575615628914e-17,-0.1,0.0,0.10000000000000003,0,0,0.000619834710743807,0.0001,0.979152161157682,1.0584365741016037,0.07490709871889868,0.0,0.0,0.0,0.055124133711934836,0.05512413371193481,0.00064711679367609,-0.0006372820829322831
246,9.72,-0.0020533880903490323,1.0,0.10000000000000003,0.5068306144350218,0.10000000000000003,0.10000000000000003,2.7755575615628914e-17,0.10000000000000003,0.1,0.0,2.7755575615628914e-17,0,0,-5.699296840991442e-20,0.0001,0.9790542459415662,1.0584365741016037,0.07499960800902682,9.250929012813436e-05,0.0,0.0,0.03583068691275765,0.0,0.0,-0.0005160000000000001
247,9.71,-0.0010288065843621179,-1.0,2.7755575615628914e-17,0.5062524493807149,2.7755575615628914e-17,2.7755575615628914e-17,0.10000000000000003,0.1,-2.7755575615628914e-17,0.1,2.7755575615628914e-17,0,0,-0.00010288065843621182,2.7755575615628914e-20,0.9789535201960989,1.0584365741016037,0.07509477265840862,9.516464938180702e-05,0.0,0.0,0.02328994649329247,0.023289946493292444,0.00017771444946329608,-0.00023659510789950805
248,9.61,-0.01029866117404752,-1.0,0.0,0.5056576602184516,0.0,0.0,0.1,0.0,-0.1,0.0,0.1,0,0,-0.001029866117404752,0.0001,0.9778474337831152,1.0584365741016037,0.07613979173659245,0.0010450190781838287,0.05873419509014223,0.029699395664095386,0.025533253703073494,0.025533253703073494,0.00020399956674227042,-0.0029333850030691605
249,9.76,0.015608740894901182,1.0,0.1,0.49912629500283656,0.1,0.1,0.0,0.1,0.1,0.0,0.0,0,0,0.0,0.0001,0.9777496490397369,1.0584365741016037,0.07623217775741878,9.238602082632663e-05,0.0,0.0,0.01659661490699777,0.0,0.0,-0.000516
250,9.31,-0.04610655737704911,-1.0,0.0,0.4985488750065894,0.0,0.0,0.1,0.1,-0.0,0.1,0.0,0,0,-0.004610655737704911,0.0,0.9732415820103529,1.0584365741016037,0.08049135316734868,0.0042591754099298995,0.04856463117151222,0.02421184223566736,0.019261944472032125,0.019261944472032125,0.00013366576680448733,-0.005438503898316384
251,9.41,0.010741138560687395,-1.0,0.0,0.47192902155540684,0.0,0.0,0.1,0.0,-0.1,0.0,0.1,0,0,0.0010741138560687396,0.0001,0.9741896301206916,1.0584365741016037,0.07959564705369387,0.0,0.0,0.0,0.01252026390682088,0.01252026390682088,7.004711116661343e-05,0.0003940667449021262
252,9.2,-0.022316684378321027,-1.0,0.0,0.47752720155128053,0.0,0.0,0.0,0.0,0.0,0.0,0.0,0,0,-0.0,0.0,0.9741896301206916,1.0584365741016037,0.07959564705369387,0.0,0.0,0.0,0.008138171539433572,0.008138171539433572,3.6707961208682336e-05,-8.670796120868233e-05
253,9.38,0.019565217391304512,-1.0,0.0,0.47752720155128053,0.0,0.0,0.0,0.0,0.0,0.0,0.0,0,0,0.0,0.0,0.9741896301206916,1.0584365741016037,0.07959564705369387,0.0,0.0,0.0,0.005289811500631822,0.005289811500631822,1.9236687904131214e-05,-6.923668790413121e-05
254,10.01,0.0671641791044775,-1.0,0.0,0.47752720155128053,0.0,0.0,0.0,0.0,0.0,0.0,0.0,0,0,0.0,0.0,0.9741896301206916,1.0584365741016037,0.07959564705369387,0.0,0.0,0.0,0.003438377475410684,0.003438377475410684,1.0080923846934386e-05,-6.0080923846934385e-05
255,10.36,0.03496503496503493,1.0,0.1,0.47752720155128053,0.1,0.1,0.0,0.1,0.1,0.0,0.0,0,0,0.0,0.0001,0.9740922111576795,1.0584365741016037,0.07968768748898851,9.204043529463524e-05,0.12364145678628925,0.05904215885488029,0.022899700958225043,0.0,0.0,-0.002395350143151596
256,10.2,-0.015444015444015458,1.0,0.2,0.47695197016308366,0.2,0.2,0.1,0.2,0.1,0.1,0.0,0,0,-0.001544401544401546,0.0001,0.9724904124212623,1.0584365741016037,0.08120105047701336,0.0015133629880248467,0.38499669385699975,0.1836249316413696,0.05789970095822504,0.0,0.0,-0.006802360548228342
257,10.26,0.00588235294117652,-1.0,0.1,0.4674934115293966,0.1,0.1,0.2,0.1,-0.1,0.1,0.1,0,0,0.001176470588235304,0.0001,0.9735372697475747,1.0584365741016037,0.0802119904313503,0.0,0.28944341952815084,0.1353128916399496,0.08499431769682864,0.0,0.0,-0.003739069388592588
258,10.34,0.007797270955165699,1.0,0.2,0.4736750651182523,0.2,0.2,0.1,0.2,0.1,0.0,0.1,0,0,0.0007797270955165699,0.0001,0.9741990094083174,1.0584365741016037,0.07958678559911521,0.0,0.3649641614491481,0.17287442294025357,0.11575235453202737,0.0,0.0,-0.004229828506452867
259,10.62,0.027079303675048294,1.0,0.30000000000000004,0.47758256867834004,0.30000000000000004,0.30000000000000004,0.2,0.30000000000000004,0.10000000000000003,0.1,0.1,0,0,0.005415860735009659,0.00010000000000000003,0.9793777156705163,1.0584365741016037,0.07469399713269755,0.0,0.350302662213589,0.16729844523482673,0.13379348627800713,0.0,0.0,0.0015889551777592042
260,10.37,-0.02354048964218456,-1.0,0.20000000000000004,0.508162498848946,0.20000000000000004,0.20000000000000004,0.30000000000000004,0.20000000000000004,-0.1,0.10000000000000003,0.2,0,0,-0.007062146892655369,0.0001,0.9723632686074909,1.0584365741016037,0.08132117464588891,0.006627177513191362,0.2909388272715324,0.14784420147848382,0.13871123659817397,0.0,0.0,-0.01115378835082237
261,9.84,-0.05110896817743485,-1.0,0.10000000000000003,0.46674267240201783,0.10000000000000003,0.10000000000000003,0.20000000000000004,0.10000000000000003,-0.1,0.0,0.20000000000000004,0,0,-0.010221793635486972,0.0001,0.9623267356101969,1.0584365741016037,0.09080358789848553,0.00948241325259662,0.08088083711696965,0.03775053806208673,0.10337499211054343,0.003374992110543401,9.803454719906844e-06,-0.011976985814384814
262,9.57,-0.02743902439024386,-1.0,2.7755575615628914e-17,0.4074775878388136,2.7755575615628914e-17,2.7755575615628914e-17,0.10000000000000003,2.7755575615628914e-17,-0.1,0.0,0.10000000000000003,0,0,-0.002743902439024387,0.0001,0.9595899722596567,1.0584365741016037,0.09338925379241321,0.0025856658939276828,0.0,0.0,0.06719374487185323,0.0671937448718532,0.0008708899391054134,-0.004224792378129801
263,9.28,-0.030303030303030398,-1.0,0.0,0.39131718539223237,0.0,0.0,2.7755575615628914e-17,0.0,-2.7755575615628914e-17,0.0,2.7755575615628914e-17,0,0,-8.410780489584545e-19,2.7755575615628914e-20,0.9595899722596567,1.0584365741016037,0.09338925379241321,0.0,0.0,0.0,0.0436759341667046,0.0436759341667046,0.0004563870453654119,-0.0005063870453654129
264,9.19,-0.00969827586206895,-1.0,0.0,0.39131718539223237,0.0,0.0,0.0,0.0,0.0,0.0,0.0,0,0,-0.0,0.0,0.9595899722596567,1.0584365741016037,0.09338925379241321,0.0,0.0,0.0,0.02838935720835799,0.02838935720835799,0.0002391681495268243,-0.0002891681495268243
265,9.3,0.011969532100108945,-1.0,0.0,0.39131718539223237,0.0,0.0,0.0,0.0,0.0,0.0,0.0,0,0,0.0,0.0,0.9595899722596567,1.0584365741016037,0.09338925379241321,0.0,0.0,0.0,0.018453082185432696,0.018453082185432696,0.00012533529233347627,-0.00017533529233347626
266,9.24,-0.006451612903225859,-1.0,0.0,0.39131718539223237,0.0,0.0,0.0,0.0,0.0,0.0,0.0,0,0,-0.0,0.0,0.9595899722596567,1.0584365741016037,0.09338925379241321,0.0,0.0,0.0,0.011994503420531252,0.011994503420531252,6.568155306380413e-05,-0.00011568155306380414
267,9.81,0.061688311688311716,-1.0,0.0,0.39131718539223237,0.0,0.0,0.0,0.0,0.0,0.0,0.0,0,0,0.0,0.0,0.9595899722596567,1.0584365741016037,0.09338925379241321,0.0,0.0,0.0,0.007796427223345314,0.007796427223345314,3.442020465708092e-05,-8.442020465708092e-05
268,10.44,0.06422018348623842,1.0,0.1,0.39131718539223237,0.1,0.1,0.0,0.1,0.1,0.0,0.0,0,0,0.0,0.0001,0.9594940132624308,1.0584365741016037,0.09347991486703393,9.066107462071815e-05,0.08343803218537475,0.032650735909447344,0.016495435263481024,0.0,0.0,-0.001784258089217696
269,10.64,0.019157088122605467,1.0,0.2,0.3907505221717218,0.2,0.2,0.1,0.2,0.1,0.1,0.0,0,0,0.0019157088122605467,0.0001,0.9612361749976226,1.0584365741016037,0.09183393835996684,0.0,0.41516269051688426,0.16222503810568945,0.05149543526348102,0.0,0.0,-0.0037163085501488173
270,11.24,0.056390977443608985,1.0,0.30000000000000004,0.40103786476453845,0.30000000000000004,0.30000000000000004,0.2,0.30000000000000004,0.10000000000000003,0.1,0.1,0,0,0.011278195488721797,0.00010000000000000003,0.9719810608725772,1.0584365741016037,0.081682280586732,0.0,0.48896072616518255,0.196091765575003,0.08649543526348102,0.0,0.0,0.006120172517536048
271,11.31,0.006227758007117463,1.0,0.4,0.4644857518408798,0.4,0.4,0.30000000000000004,0.4,0.09999999999999998,0.10000000000000003,0.2,0,0,0.001868327402135239,9.999999999999998e-05,0.9736998416168746,1.0584365741016037,0.08005839419962721,0.0,0.6117957589622047,0.2841704130746213,0.12149543526348103,0.0,0.0,-0.0027478837588077523
272,12.04,0.06454465075154718,-1.0,0.30000000000000004,0.4746350258620132,0.30000000000000004,0.30000000000000004,0.4,0.30000000000000004,-0.09999999999999998,0.09999999999999998,0.30000000000000004,0,0,0.025817860300618875,9.999999999999998e-05,0.9987413181183122,1.0584365741016037,0.056399464496926115,0.0,0.6189240274316354,0.29376302176663566,0.15649543526348103,0.0,0.0,0.019412189637275173
273,11.72,-0.026578073089700876,1.0,0.4,0.6180026769683561,0.4,0.4,0.30000000000000004,0.4,0.09999999999999998,0.0,0.30000000000000004,0,0,-0.007973421926910263,9.999999999999998e-05,0.9906780580613046,1.0584365741016037,0.06401754975050089,0.007618085253574776,0.6892551704139045,0.42596154043007345,0.19149543526348103,0.0,0.0,-0.013116357085724813
274,12.1,0.03242320819112619,-1.0,0.30000000000000004,0.5748903177684862,0.30000000000000004,0.30000000000000004,0.4,0.30000000000000004,-0.09999999999999998,0.09999999999999998,0.30000000000000004,0,0,0.012969283276450479,9.999999999999998e-05,1.0034273746262594,1.0584365741016037,0.05197212645645384,0.0,0.5105515712056099,0.293511155007593,0.22649543526348104,0.0,0.0,0.007603988192876627
275,11.77,-0.02727272727272728,-1.0,0.20000000000000004,0.6401393763760954,0.20000000000000004,0.20000000000000004,0.30000000000000004,0.20000000000000004,-0.1,0.0,0.30000000000000004,0,0,-0.008181818181818184,0.0001,0.9951171715509456,1.0584365741016037,0.0598235209364372,0.007851394479983356,0.5665591541534134,0.36267682361993414,0.261495435263481,0.061495435263480974,0.000762490301446846,-0.01645364199476735
276,11.9,0.011045029736618589,-1.0,0.10000000000000003,0.6008823975970456,0.10000000000000003,0.10000000000000003,0.20000000000000004,0.10000000000000003,-0.1,0.0,0.20000000000000004,0,0,0.002209005947323718,0.0001,0.9972158795840305,1.0584365741016037,0.0578406831505583,0.0,0.31673064204093837,0.19031786758201066,0.2365832865749664,0.13658328657496638,0.002523866287561912,-0.005645166099260455
277,11.18,-0.06050420168067232,1.0,0.20000000000000004,0.6107965871739004,0.20000000000000004,0.20000000000000004,0.10000000000000003,0.20000000000000004,0.1,0.0,0.10000000000000003,0,0,-0.006050420168067234,0.0001,0.9910825829263199,1.0584365741016037,0.06363535881444159,0.005794675663883288,0.3347584423649275,0.20446931412414857,0.22534339621718014,0.025343396217180097,0.00020172848381533142,-0.010887153337207666
278,11.35,0.015205724508050083,-1.0,0.10000000000000003,0.577279020473929,0.10000000000000003,0.10000000000000003,0.20000000000000004,0.10000000000000003,-0.1,0.1,0.10000000000000003,0,0,0.003041144901610017,0.0001,0.9939975004121683,1.0584365741016037,0.06088137472397065,0.0,0.0,0.0,0.1464732075411671,0.04647320754116707,0.0005009264645048564,0.0020242184371051606
279,11.03,-0.028193832599118968,-1.0,2.7755575615628914e-17,0.5944913983346408,2.7755575615628914e-17,2.7755575615628914e-17,0.10000000000000003,2.7755575615628914e-17,-0.1,0.0,0.10000000000000003,0,0,-0.002819383259911898,0.0001,0.9910956407490707,1.0584365741016037,0.06362302191767294,0.00274164719370229,0.004390099931632391,0.002609876647184951,0.09612104172827336,0.09612104172827333,0.0014900392469608737,-0.005000858860604552
280,11.32,0.026291931097008246,-1.0,0.0,0.5773561339831053,0.0,0.0,2.7755575615628914e-17,0.0,-2.7755575615628914e-17,0.0,2.7755575615628914e-17,0,0,7.297476816439176e-19,2.7755575615628914e-20,0.9910956407490707,1.0584365741016037,0.06362302191767294,0.0,0.0,0.0,0.062478677123377686,0.062478677123377686,0.0007808502301651509,-0.0008308502301651503
281,11.16,-0.01413427561837457,1.0,0.1,0.5773561339831053,0.1,0.1,0.0,0.1,0.1,0.0,0.0,0,0,-0.0,0.0001,0.9909965311849959,1.0584365741016037,0.06371665961548115,9.363769780820763e-05,0.0,0.0,0.0406111401301955,0.0,0.0,-0.000516
282,11.47,0.02777777777777782,-1.0,0.0,0.5767708908772315,0.0,0.0,0.1,0.1,-0.0,0.1,0.0,0,0,0.0027777777777777822,0.0,0.9937492993271764,1.0584365741016037,0.061115872558857524,0.0,0.0,0.0,0.026397241084627075,0.026397241084627075,0.0002144409944591046,0.0026073367833186777
283,11.96,0.04272013949433306,1.0,0.2,0.5930257992820694,0.2,0.2,0.1,0.2,0.1,0.0,0.1,0,0,0.004272013949433306,0.0001,0.9978952352662088,1.0584365741016037,0.057198834882271656,0.0,0.15860587873197024,0.09405737800586163,0.05007828900705917,0.0,0.0,0.0018213010531568747
284,12.08,0.010033444816053446,-1.0,0.1,0.6140058316336877,0.1,0.1,0.2,0.1,-0.1,0.1,0.1,0,0,0.002006688963210689,0.0001,0.9997979110977314,1.0584365741016037,0.05540120630623952,0.0,0.28268809847573295,0.17357214099753823,0.08507828900705916,0.0,0.0,-0.0028061701336204517
285,12.15,0.00579470198675499,1.0,0.2,0.6229939699217225,0.2,0.2,0.1,0.2,0.1,0.0,0.1,0,0,0.000579470198675499,0.0001,1.0002772844008008,1.0584365741016037,0.05494829933495857,0.0,0.3802625877466112,0.23690129915296868,0.12007828900705916,0.0,0.0,-0.00461978588938248
286,12.26,0.009053497942386784,0.8095648288726807,0.2809564828872681,0.6252584993882949,0.2809564828872681,0.2809564828872681,0.2,0.2809564828872681,0.08095648288726809,0.1,0.1,0,0,0.001810699588477357,8.09564828872681e-05,1.0020075071371717,1.0584365741016037,0.05331360267130678,0.0,0.31835843940602926,0.19905632009061328,0.1477205998863031,0.0,0.0,-0.0017755360225981383
287,12.31,0.004078303425774935,-1.0,0.1809564828872681,0.6334319911938824,0.1809564828872681,0.1809564828872681,0.2809564828872681,0.1809564828872681,-0.1,0.08095648288726809,0.2,0,0,0.0011458257866528226,0.0001,1.0030554324265555,1.0584365741016037,0.052323533625106944,0.0,0.3704682394540992,0.23466643459150205,0.17815164203312273,0.0,0.0,-0.004134689801571229
288,12.05,-0.02112103980503654,1.0,0.2809564828872681,0.6383823245804183,0.2809564828872681,0.2809564828872681,0.1809564828872681,0.2809564828872681,0.1,0.0,0.1809564828872681,0,0,-0.003821989078041403,0.0001,0.9991214599759084,1.0584365741016037,0.05604031037574618,0.0037167767506392363,0.3011544985939619,0.19225170887026372,0.18308666542612206,0.0,0.0,-0.007340537093997041
289,12.16,0.009128630705394143,-1.0,0.1809564828872681,0.6197984531566847,0.1809564828872681,0.1809564828872681,0.2809564828872681,0.1809564828872681,-0.1,0.1,0.1809564828872681,0,0,0.0025647479765642596,0.0001,1.001584042572726,1.0584365741016037,0.05371368764078649,0.0,0.07361718150242008,0.04562781522095487,0.13497606785431354,0.0,0.0,0.0011234719765980184
290,12.26,0.008223684210526286,-1.0,0.08095648288726809,0.6314315661830129,0.08095648288726809,0.08095648288726809,0.1809564828872681,0.08095648288726809,-0.1,0.0,0.1809564828872681,0,0,0.0014881289711123967,0.0001,1.002974370399225,1.0584365741016037,0.05240012019563356,0.0,0.07488568009028646,0.04728518226408964,0.10428425789773518,0.023327775010467094,0.00017814760223031239,-0.0003916655267678639
291,11.83,-0.03507340946166392,1.0,0.1809564828872681,0.637999401990649,0.1809564828872681,0.1809564828872681,0.08095648288726809,0.1809564828872681,0.1,0.0,0.08095648288726809,0,0,-0.002839419872881342,0.0001,1.000026207602883,1.0584365741016037,0.05518551411387049,0.002785393918236928,0.08808229046968007,0.056196448645622524,0.08745352465949574,0.0,0.0,-0.004467776287445962
292,11.12,-0.06001690617075239,-1.0,0.08095648288726809,0.6240724228366488,0.08095648288726809,0.08095648288726809,0.1809564828872681,0.1,-0.08095648288726809,0.1,0.08095648288726809,0,0,-0.01086044825443453,8.09564828872681e-05,0.9890845161175708,1.0584365741016037,0.06552311180563532,0.01033759769176483,0.0,0.0,0.05684479102867223,0.0,0.0,-0.012012519480485857
293,11.31,0.017086330935251914,-1.0,0.0,0.5654805604377078,0.0,0.0,0.1,0.0,-0.1,0.0,0.1,0,0,0.0017086330935251915,0.0001,0.9906755902024909,1.0584365741016037,0.0640198813581514,0.0,0.0,0.0,0.03694911416863695,0.03694911416863695,0.00035512075121942445,0.0007435123423057672
294,11.44,0.01149425287356313,-1.0,0.0,0.5748757425701938,0.0,0.0,0.0,0.0,0.0,0.0,0.0,0,0,0.0,0.0,0.9906755902024909,1.0584365741016037,0.0640198813581514,0.0,0.0,0.0,0.02401692420961402,0.02401692420961402,0.00018609987682652643,-0.00023609987682652643
295,11.44,0.0,-1.0,0.0,0.5748757425701938,0.0,0.0,0.0,0.0,0.0,0.0,0.0,0,0,0.0,0.0,0.9906755902024909,1.0584365741016037,0.0640198813581514,0.0,0.0,0.0,0.015611000736249114,0.015611000736249114,9.752503630363447e-05,-0.00014752503630363446
296,11.16,-0.02447552447552442,-1.0,0.0,0.5748757425701938,0.0,0.0,0.0,0.0,0.0,0.0,0.0,0,0,-0.0,0.0,0.9906755902024909,1.0584365741016037,0.0640198813581514,0.0,0.0,0.0,0.010147150478561923,0.010147150478561923,5.1107678673484826e-05,-0.00010110767867348484
297,12.54,0.12365591397849453,-1.0,0.0,0.5748757425701938,0.0,0.0,0.0,0.0,0.0,0.0,0.0,1,0,0.0,0.0,0.9906755902024909,1.0584365741016037,0.0640198813581514,0.0,0.0,0.0,0.00659564781106525,0.00659564781106525,2.6782813094885613e-05,-7.678281309488562e-05
298,12.29,-0.019936204146730464,1.0,0.1,0.5748757425701938,0.1,0.1,0.0,0.1,0.1,0.0,0.0,0,0,-0.0,0.0001,0.9905765226434706,1.0584365741016037,0.06411347937001556,9.359801186416272e-05,0.4257876511353982,0.24477499212368065,0.04159564781106525,0.0,0.0,-0.006987972297258052
299,11.98,-0.02522375915378346,1.0,0.2,0.5742907322949637,0.2,0.2,0.1,0.2,0.1,0.1,0.0,0,0,-0.0025223759153783464,0.0001,0.9879788586281513,1.0584365741016037,0.06656772564124276,0.0024542462712272006,0.30508624454467026,0.17520820279267907,0.07659564781106526,0.0,0.0,-0.006789445347732259
300,12.02,0.0033388981636059386,-1.0,0.1,0.5589517097930441,0.1,0.1,0.2,0.1,-0.1,0.1,0.1,0,0,0.0006677796327211878,0.0001,0.9885398129016395,1.0584365741016037,0.06603774180733721,0.0,0.1589397826378768,0.08883966325957603,0.08088105321804402,0.0,0.0,-0.0022641050633745398
301,11.35,-0.05574043261231281,1.0,0.2,0.5622640982279674,0.2,0.2,0.1,0.2,0.1,0.0,0.1,0,0,-0.005574043261231281,0.0001,0.9829307952377861,1.0584365741016037,0.0713370840646796,0.005299342257342396,0.1691436140921722,0.09510338164855453,0.08585886816872271,0.0,0.0,-0.008155424075974218
302,11.55,0.017621145374449435,-1.0,0.1,0.5291432406771015,0.1,0.1,0.2,0.1,-0.1,0.1,0.1,0,0,0.003524229074889887,0.0001,0.9862965754454439,1.0584365741016037,0.06815712950716196,0.0,0.0,0.0,0.05580826430966976,0.0,0.0,0.003008229074889887
303,11.18,-0.03203463203463212,-1.0,0.0,0.5490179438156714,0.0,0.0,0.1,0.0,-0.1,0.0,0.1,0,0,-0.0032034632034632117,0.0001,0.9830383810007581,1.0584365741016037,0.07123543814124457,0.0030783086340826077,0.0,0.0,0.036275371801285344,0.036275371801285344,0.0003454520807748334,-0.0041589152842380454
304,11.59,0.03667262969588552,-1.0,0.0,0.529778495805231,0.0,0.0,0.0,0.0,0.0,0.0,0.0,0,0,0.0,0.0,0.9830383810007581,1.0584365741016037,0.07123543814124457,0.0,0.0,0.0,0.023578991670835475,0.023578991670835475,0.0001810330414680292,-0.0002310330414680292
305,11.77,0.015530629853321804,-1.0,0.0,0.529778495805231,0.0,0.0,0.0,0.0,0.0,0.0,0.0,0,0,0.0,0.0,0.9830383810007581,1.0584365741016037,0.07123543814124457,0.0,0.0,0.0,0.015326344586043058,0.015326344586043058,9.486977768278861e-05,-0.0001448697776827886
306,12.15,0.03228547153780805,-1.0,0.0,0.529778495805231,0.0,0.0,0.0,0.0,0.0,0.0,0.0,0,0,0.0,0.0,0.9830383810007581,1.0584365741016037,0.07123543814124457,0.0,0.0,0.0,0.009962123980927988,0.009962123980927988,4.971619901315751e-05,-9.971619901315751e-05
307,11.86,-0.02386831275720172,1.0,0.1,0.529778495805231,0.1,0.1,0.0,0.1,0.1,0.0,0.0,0,0,-0.0,0.0001,0.9829400771626581,1.0584365741016037,0.07132831459743041,9.287645618584472e-05,0.24731437233871564,0.1310218361686196,0.04496212398092799,0.0,0.0,-0.0042751784595484775
308,11.72,-0.011804384485666003,-1.0,0.0,0.5291980490106163,0.0,0.0,0.1,0.1,-0.0,0.1,0.0,0,0,-0.0011804384485666003,0.0,0.9817797769029383,1.0584365741016037,0.07242455436097474,0.0010962397635443238,0.09354761488204044,0.049505215285172294,0.04655220593741349,0.04655220593741349,0.000502204271707386,-0.0030605664664810008
309,12.16,0.03754266211604091,-1.0,0.0,0.5223465416599852,0.0,0.0,0.1,0.0,-0.1,0.0,0.1,0,0,0.003754266211604091,0.0001,0.985367461568911,1.0584365741016037,0.06903494675126236,0.0,0.13893186898372795,0.07257058129000846,0.055658637310821726,0.055658637310821726,0.0006565515913226246,-8.947154936668684e-05
310,12.18,0.0016447368421052282,1.0,0.1,0.5435315690948774,0.1,0.1,0.0,0.1,0.1,0.0,0.0,0,0,0.0,0.0001,0.9852689248227541,1.0584365741016037,0.06912804325658724,9.309650532488001e-05,0.19738378016469066,0.10728431574679266,0.07372762476341155,0.0,0.0,-0.0035162334585032975
311,12.23,0.004105090311986922,-1.0,0.0,0.5429497253164011,0.0,0.0,0.1,0.1,-0.0,0.1,0.0,0,0,0.0004105090311986922,0.0,0.9856733866145533,1.0584365741016037,0.06874591191145443,0.0,0.16003739425587538,0.08689225925158012,0.07833524683427055,0.07833524683427055,0.001096240464337751,-0.003074299825828364
312,12.76,0.043336058871627094,-1.0,0.0,0.545338055492814,0.0,0.0,0.1,0.0,-0.1,0.0,0.1,0,0,0.0043336058871627095,0.0001,0.9898463392669443,1.0584365741016037,0.06480334912167837,0.0,0.08045269520532373,0.04387391636242729,0.06627378116912541,0.06627378116912541,0.0008530659912239554,0.0013781423998799986
313,13.06,0.023510971786833913,1.0,0.1,0.5699790813036317,0.1,0.1,0.0,0.1,0.1,0.0,0.0,0,0,0.0,0.0001,0.9897473546330177,1.0584365741016037,0.06489686878676616,9.351966508779064e-05,0.32839196140201243,0.18717654846741674,0.10127378116912542,0.0012737811691254097,2.27306701924494e-06,-0.005509830880329834
314,13.14,0.006125574272588061,1.0,0.2,0.5693945832558177,0.2,0.2,0.1,0.2,0.1,0.1,0.0,0,0,0.0006125574272588061,0.0001,0.9902546569907447,1.0584365741016037,0.06441757473160976,0.0,0.4371600348830147,0.24891655587831288,0.13627378116912542,0.0,0.0,-0.005292227005290576
315,12.83,-0.02359208523592089,-1.0,0.1,0.5723901357508647,0.1,0.1,0.2,0.1,-0.1,0.1,0.1,0,0,-0.004718417047184178,0.0001,0.9854831970704468,1.0584365741016037,0.06892560103856898,0.00450802630695922,0.36248418331358134,0.20748237089440216,0.1611967875729723,0.06119678757297228,0.0007569425903537887,-0.011501119223904404
316,12.96,0.010132501948558128,1.0,0.2,0.5442149736001133,0.2,0.2,0.1,0.2,0.1,0.0,0.1,0,0,0.001013250194855813,0.0001,0.9863831897921986,1.0584365741016037,0.06807529716229213,0.0,0.2474191715063924,0.13464921788951323,0.1519051381837616,0.0,0.0,-0.0025387475318234525
317,12.65,-0.02391975308641979,-1.0,0.1,0.5495293796075087,0.1,0.1,0.2,0.1,-0.1,0.1,0.1,0,0,-0.004783950617283959,0.0001,0.9815657430035345,1.0584365741016037,0.07262677138997853,0.004551474227686397,0.2684491798836368,0.14752071127759944,0.15037058876660486,0.05037058876660486,0.0005652434587189353,-0.009945621610234174
318,12.72,0.005533596837944687,-1.0,0.0,0.5210826903601349,0.0,0.0,0.1,0.0,-0.1,0.0,0.1,0,0,0.0005533596837944687,0.0001,0.9820107453384062,1.0584365741016037,0.07220633775629635,0.0,0.03285878865129184,0.01712214599239022,0.10373363379562973,0.10373363379562973,0.001670511199602957,-0.002336682045289952
319,12.3,-0.033018867924528295,1.0,0.1,0.523710370438218,0.1,0.1,0.0,0.1,0.1,0.0,0.0,0,0,-0.0,0.0001,0.9819125442638723,1.0584365741016037,0.07229911712252073,9.277936622437144e-05,0.0,0.0,0.06742686196715933,0.0,0.0,-0.000516
320,12.54,0.01951219512195109,-1.0,0.0,0.5231305290032768,0.0,0.0,0.1,0.1,-0.0,0.1,0.0,0,0,0.0019512195121951092,0.0,0.9838284711795091,1.0584365741016037,0.07048896905836957,0.0,0.0,0.0,0.043827460278653564,0.043827460278653564,0.0004587641381909621,0.001536455374004147
321,12.73,0.015151515151515254,-1.0,0.0,0.5344439562426505,0.0,0.0,0.1,0.0,-0.1,0.0,0.1,0,0,0.0015151515151515256,0.0001,0.9852207375311479,1.0584365741016037,0.06917357011458254,0.0,0.0,0.0,0.02848784918112482,0.02848784918112482,0.00024041385730515344,0.0006647376578463721
322,12.85,0.009426551453259954,1.0,0.1,0.5426652062698631,0.1,0.1,0.0,0.1,0.1,0.0,0.0,0,0,0.0,0.0001,0.9851222154573949,1.0584365741016037,0.06926665275757102,9.308264298847624e-05,0.0,0.0,0.018517101967731132,0.0,0.0,-0.000516
323,12.57,-0.02178988326848244,-1.0,0.0,0.5420834090575154,0.0,0.0,0.1,0.1,-0.0,0.1,0.0,0,0,-0.002178988326848244,0.0,0.9829756456493943,1.0584365741016037,0.07129470985662066,0.0020280570990496433,0.10535718209734984,0.05711238044002483,0.032025449433033926,0.032025449433033926,0.00028655820897085095,-0.004022975703698813
324,12.27,-0.023866348448687406,-1.0,0.0,0.5294080622511869,0.0,0.0,0.1,0.0,-0.1,0.0,0.1,0,0,-0.002386634844868741,0.0001,0.9805313441572652,1.0584365741016037,0.07360406079170514,0.0023093509350844837,0.0,0.0,0.020816542131472052,0.020816542131472052,0.0001501698991398969,-0.003146804744008638
325,12.95,0.05541972290138547,1.0,0.1,0.5149746112546719,0.1,0.1,0.0,0.1,0.1,0.0,0.0,0,0,0.0,0.0001,0.9804332910228495,1.0584365741016037,0.07369670038562594,9.263959392079302e-05,0.0,0.0,0.013530752385456835,0.0,0.0,-0.000516
326,12.53,-0.03243243243243243,-1.0,0.0,0.5143956080100479,0.0,0.0,0.1,0.1,-0.0,0.1,0.0,0,0,-0.003243243243243243,0.0,0.9772535073762889,1.0584365741016037,0.07670092730329417,0.003004226917668232,0.1467737901581728,0.07549979302835248,0.03521991661047031,0.03521991661047031,0.000330485560681207,-0.005760690414328677
327,12.73,0.015961691939345657,-1.0,0.0,0.4956192135836947,0.0,0.0,0.1,0.0,-0.1,0.0,0.1,0,0,0.0015961691939345658,0.0001,0.9787156439686898,1.0584365741016037,0.07531951567393701,0.0,0.0,0.0,0.022892945796805703,0.022892945796805703,0.0001731898851996854,0.0008129793087348806
328,12.61,-0.009426551453260093,1.0,0.1,0.5042530395114516,0.1,0.1,0.0,0.1,0.1,0.0,0.0,0,0,-0.0,0.0001,0.9786177724042929,1.0584365741016037,0.07541198372236962,9.246804843261736e-05,0.0,0.0,0.014880414767923707,0.0,0.0,-0.000516
329,12.94,0.026169706582077724,-1.0,0.0,0.5036751072877885,0.0,0.0,0.1,0.1,-0.0,0.1,0.0,0,0,0.0026169706582077727,0.0,0.9811787864002756,1.0584365741016037,0.0729923640128406,0.0,0.0061629094351706255,0.003104104070964489,0.010758706023987982,0.010758706023987982,5.5796899325483054e-05,0.0025114975354676963
330,12.96,0.0015455950540959314,1.0,0.2,0.5187977369895016,0.2,0.2,0.1,0.2,0.1,0.0,0.1,0,0,0.00015455950540959316,0.0001,0.9812323190295799,1.0584365741016037,0.07294178693471029,0.0,0.18921315240414718,0.09816335527592124,0.04135033326216461,0.0,0.0,-0.0026756835844018315
331,12.89,-0.005401234567901256,-1.0,0.1,0.5191138278713182,0.1,0.1,0.2,0.1,-0.1,0.1,0.1,0,0,-0.0010802469135802511,0.0001,0.98007422261354,1.0584365741016037,0.07403594452938979,0.0010941575946794985,0.03100755784506879,0.016096452045894983,0.032511474836470246,0.0,0.0,-0.0020675617928252966
332,13.03,0.010861132660977407,-1.0,0.0,0.5122753590367314,0.0,0.0,0.1,0.0,-0.1,0.0,0.1,0,0,0.0010861132660977407,0.0001,0.9810406868062197,1.0584365741016037,0.07312283909036055,0.0,0.10187340630745995,0.05218723579244886,0.03939799117106276,0.03939799117106276,0.00039100392964747934,-0.0018046423505531204
333,13.16,0.009976976208749102,1.0,0.1,0.5179822709431887,0.1,0.1,0.0,0.1,0.1,0.0,0.0,0,0,0.0,0.0001,0.9809425827375391,1.0584365741016037,0.07321552680645149,9.26877160909445e-05,0.10157033429634199,0.05261163241927807,0.04402276560793812,0.0,0.0,-0.002059869081304398
334,13.75,0.04483282674772035,1.0,0.2,0.5174029417356636,0.2,0.2,0.1,0.2,0.1,0.1,0.0,0,0,0.004483282674772035,0.0001,0.9852423313653987,1.0584365741016037,0.06915316848185443,0.0,0.1738639345618991,0.08995771120406351,0.060099996566582006,0.0,0.0,0.0018433698862044853
335,13.77,0.0014545454545454234,-1.0,0.1,0.5427927043303248,0.1,0.1,0.2,0.1,-0.1,0.1,0.1,0,0,0.0002909090909090847,0.0001,0.9854304230832049,1.0584365741016037,0.06897546135947362,0.0,0.28913515827417235,0.1569404544766145,0.09399415683509338,0.0,0.0,-0.004619945314858334
336,13.15,-0.04502541757443713,1.0,0.2,0.5439033530666547,0.2,0.2,0.1,0.2,0.1,0.0,0.1,0,0,-0.004502541757443713,0.0001,0.9808949384119091,1.0584365741016037,0.07326054067577137,0.004285079316297749,0.28548792991518923,0.15527784234092953,0.11544344676213603,0.0,0.0,-0.00852659208839206
337,13.36,0.015969581749049357,-1.0,0.1,0.5171216357520081,0.1,0.1,0.2,0.1,-0.1,0.1,0.1,0,0,0.003193916349809872,0.0001,0.9839297452993074,1.0584365741016037,0.0703932863105542,0.0,0.09458643437986121,0.0489126916664638,0.09215768247865075,0.0,0.0,0.0012402025472359815
338,13.49,0.009730538922155748,-1.0,0.0,0.5350419584677961,0.0,0.0,0.1,0.0,-0.1,0.0,0.1,0,0,0.0009730538922155748,0.0001,0.9847887689931076,1.0584365741016037,0.06958168955093794,0.0,0.12981592072196121,0.06945696446337829,0.08421243117330539,0.08421243117330539,0.0012218961951284625,-0.003266927632305268
339,13.33,-0.011860637509266133,1.0,0.1,0.5401144534364413,0.1,0.1,0.0,0.1,0.1,0.0,0.0,0,0,-0.0,0.0001,0.9846902901162083,1.0584365741016037,0.06967473138198282,9.304183104488772e-05,0.13938649629500818,0.0752846612627989,0.08108771170462811,0.0,0.0,-0.002634674743684124
340,13.61,0.02100525131282816,-1.0,0.0,0.5395329356208659,0.0,0.0,0.1,0.1,-0.0,0.1,0.0,0,0,0.002100525131282816,0.0,0.9867586568171277,1.0584365741016037,0.06772055977498315,0.0,0.0,0.0,0.05270701260800827,0.05270701260800827,0.0006050240055432976,0.0015395011257395184
341,13.97,0.02645113886847915,-1.0,0.0,0.5517464861285829,0.0,0.0,0.1,0.0,-0.1,0.0,0.1,0,0,0.002645113886847915,0.0001,0.9892700699775604,1.0584365741016037,0.06534780242524364,0.0,0.031100487738201142,0.01715958482643756,0.04026541288445853,0.04026541288445853,0.000403987790106503,0.001054212049197781
342,14.04,0.0050107372942017545,1.0,0.1,0.5665762148805867,0.1,0.1,0.0,0.1,0.1,0.0,0.0,0,0,0.0,0.0001,0.9891711429705626,1.0584365741016037,0.06544126764500112,9.346521975747701e-05,0.277596154564426,0.15727937851851878,0.07526541288445854,0.0,0.0,-0.0047354615493792745
343,13.79,-0.017806267806267807,1.0,0.2,0.5659920893618026,0.2,0.2,0.1,0.2,0.1,0.1,0.0,0,0,-0.0017806267806267807,0.0001,0.987310881228469,1.0584365741016037,0.06719882382513655,0.0017575561801354278,0.24762391795764024,0.14015317870080038,0.09797613092017818,0.0,0.0,-0.0053351633633015195
344,14.09,0.021754894851341605,-1.0,0.1,0.5550073724251312,0.1,0.1,0.2,0.1,-0.1,0.1,0.1,0,0,0.0043509789702683216,0.0001,0.9915079190216882,1.0584365741016037,0.06323350564177571,0.0,0.1310468410104056,0.07273196289379913,0.0891406721109455,0.0,0.0,0.0018430669869101562
345,13.75,-0.02413058907026259,1.0,0.2,0.5797906111930893,0.2,0.2,0.1,0.2,0.1,0.0,0.1,0,0,-0.002413058907026259,0.0001,0.9890162012144037,1.0584365741016037,0.06558765502422641,0.002354149382450696,0.2519674751925742,0.14608837644268213,0.10907236862705333,0.0,0.0,-0.006021455599414179
346,14.48,0.05309090909090912,-1.0,0.1,0.5650771580645232,0.1,0.1,0.2,0.1,-0.1,0.1,0.1,0,0,0.010618181818181825,0.0001,0.9994188534399043,1.0584365741016037,0.05575933608661756,0.0,0.07593072971613357,0.0429067209577582,0.08591439194280004,0.0,0.0,0.008948034726496598
347,14.7,0.015193370165745778,1.0,0.2,0.6212033160075541,0.2,0.2,0.1,0.2,0.1,0.0,0.1,0,0,0.0015193370165745778,0.0001,1.000837365613654,1.0584365741016037,0.05441914035977045,0.0,0.22126231099424876,0.13744888129712202,0.10395146321681273,0.0,0.0,-0.0017083156397541066
348,14.77,0.004761904761904781,-1.0,0.1,0.6279042936904539,0.1,0.1,0.2,0.1,-0.1,0.1,0.1,0,0,0.0009523809523809563,0.0001,1.0016904603205343,1.0584365741016037,0.05361314524607699,0.0,0.262758257528473,0.1649870381047502,0.12531391442759085,0.025313914427590845,0.00020137658227597596,-0.0037589211443278085
349,14.74,-0.0020311442112389546,1.0,0.2,0.6319342754823263,0.2,0.2,0.1,0.2,0.1,0.0,0.1,0,0,-0.00020311442112389547,0.0001,1.001386833496509,1.0584365741016037,0.05390000874971491,0.0002868635036379144,0.32163442383738305,0.2032518165978521,0.1525921801871823,0.0,0.0,-0.004675381276707446
350,15.87,0.07666214382632286,-1.0,0.1,0.6304999642116483,0.1,0.1,0.2,0.1,-0.1,0.1,0.1,0,0,0.015332428765264573,0.0001,1.0166403871042184,1.0584365741016037,0.03948860802817752,0.0,0.24226712585266805,0.15274941417976612,0.15264721208458665,0.05264721208458664,0.0006039946219956734,0.010529973830308348
351,16.1,0.014492753623188545,1.0,0.2,0.7025569506013912,0.2,0.2,0.1,0.2,0.1,0.0,0.1,0,0,0.0014492753623188545,0.0001,1.0180121149308763,1.0584365741016037,0.03819261367176352,0.0,0.5661343487408765,0.3977416216820948,0.18764721208458662,0.0,0.0,-0.006054790562068014
352,15.97,-0.008074534161490732,1.0,0.30000000000000004,0.7090369254373403,0.30000000000000004,0.30000000000000004,0.2,0.30000000000000004,0.10000000000000003,0.1,0.1,0,0,-0.0016149068322981464,0.00010000000000000003,1.016266318999619,1.0584365741016037,0.039842023729932625,0.0016494100581691054,0.4990389458621098,0.35383703984756165,0.22264721208458665,0.0,0.0,-0.006869680712574399
353,15.88,-0.005635566687539127,-1.0,0.20000000000000004,0.7007898777748115,0.20000000000000004,0.20000000000000004,0.30000000000000004,0.20000000000000004,-0.1,0.10000000000000003,0.2,0,0,-0.0016906700062617383,0.0001,1.0144465213838123,1.0584365741016037,0.04156134981931251,0.0017193260893798856,0.4175075248508644,0.2925850473103013,0.2471254544135868,0.04712545441358676,0.000511509060392719,-0.007863272374805176
354,15.1,-0.049118387909319966,-1.0,0.10000000000000003,0.6921932488706838,0.10000000000000003,0.10000000000000003,0.20000000000000004,0.10000000000000003,-0.1,0.0,0.20000000000000004,0,0,-0.009823677581863996,0.0001,1.0043794811815558,1.0584365741016037,0.05107258596570259,0.00951123614639008,0.36805512771155224,0.2547652746141738,0.24979939148379227,0.14979939148379223,0.0028989123075656674,-0.018833027830645253
355,15.1,0.0,1.0,0.20000000000000004,0.644637068364928,0.20000000000000004,0.20000000000000004,0.10000000000000003,0.20000000000000004,0.1,0.0,0.10000000000000003,0,0,0.0,0.0001,1.0042790432334376,1.0584365741016037,0.05116747870710607,9.489274140347947e-05,0.1453680211016912,0.0937096149570052,0.1951679696994168,0.0,0.0,-0.00228656346166097
356,14.82,-0.01854304635761585,-1.0,0.10000000000000003,0.6441626153925277,0.10000000000000003,0.10000000000000003,0.20000000000000004,0.10000000000000003,-0.1,0.1,0.10000000000000003,0,0,-0.003708609271523171,0.0001,1.0004541367581823,1.0584365741016037,0.05478121104482495,0.003613732337718882,0.0,0.0,0.12685918030462093,0.026859180304620894,0.00022009447277726102,-0.004444703744300432
357,14.82,0.0,-1.0,2.7755575615628914e-17,0.6260939516170586,2.7755575615628914e-17,2.7755575615628914e-17,0.10000000000000003,2.7755575615628914e-17,-0.1,0.0,0.10000000000000003,0,0,0.0,0.0001,1.0003540913445066,1.0584365741016037,0.054875732923720354,9.452187889540109e-05,0.0,0.0,0.08245846719800361,0.08245846719800358,0.0011839214542766013,-0.0017939214542766011
358,15.03,0.014170040485829897,0.7929320335388184,0.07929320335388187,0.625621342663356,0.07929320335388187,0.07929320335388187,2.7755575615628914e-17,0.07929320335388187,0.07929320335388185,0.0,2.7755575615628914e-17,0,0,3.932976301809748e-19,7.929320335388184e-05,1.0002747700641157,1.0584365741016037,0.05495067485442435,7.494193070399502e-05,0.0,0.0,0.05359800367870235,0.0,0.0,-0.00040816778436366904
359,14.95,-0.005322687957418502,-1.0,0.0,0.6252466343386947,0.0,0.0,0.07929320335388187,0.07929320335388185,-2.7755575615628914e-17,0.07929320335388185,2.7755575615628914e-17,0,0,-0.0004220529785968434,2.7755575615628914e-20,0.9998526011179948,1.0584365741016037,0.055349535737023045,0.0003988608825986964,0.0,0.0,0.03483870239115653,0.03483870239115653,0.0003251344293807119,-0.0007113132535594865
360,14.46,-0.03277591973244137,-1.0,0.0,0.6232523188039144,0.0,0.0,0.07929320335388185,0.0,-0.07929320335388185,0.0,0.07929320335388185,0,0,-0.0025989076684549825,7.929320335388184e-05,0.9971747950100003,1.0584365741016037,0.05787949943396673,0.0025299636969436864,0.0,0.0,0.022645156554251745,0.022645156554251745,0.00017038564221336268,-0.0032633352494500834
361,14.55,0.006224066390041484,-1.0,0.0,0.6106024995493554,0.0,0.0,0.0,0.0,0.0,0.0,0.0,0,0,0.0,0.0,0.9971747950100003,1.0584365741016037,0.05787949943396673,0.0,0.0,0.0,0.014719351760263635,0.014719351760263635,8.9290042668678e-05,-0.000139290042668678
362,15.22,0.046048109965635735,1.0,0.1,0.6106024995493554,0.1,0.1,0.0,0.1,0.1,0.0,0.0,0,0,0.0,0.0001,0.9970750775304993,1.0584365741016037,0.05797371148402333,9.4212050056601e-05,0.0,0.0,0.009567578644171364,0.0,0.0,-0.000516
363,15.33,0.007227332457292998,-1.0,0.0,0.6101314365911267,0.0,0.0,0.1,0.1,-0.0,0.1,0.0,0,0,0.0007227332457292999,0.0,0.9977956968375188,1.0584365741016037,0.05729287776696177,0.0,0.11146905434907428,0.06801077426545507,0.03002269711162066,0.03002269711162066,0.00026010252102472614,-0.0011876989014013553
364,15.17,-0.010437051532941954,-1.0,0.0,0.6135356068657761,0.0,0.0,0.1,0.0,-0.1,0.0,0.1,0,0,-0.0010437051532941955,0.0001,0.9966545127571109,1.0584365741016037,0.058371056760706856,0.0010781789937450853,0.093922451244113,0.057624768122378135,0.03968342196538578,0.03968342196538578,0.0003952607376913313,-0.0037912273615638226
365,14.85,-0.02109426499670404,1.0,0.1,0.6081447206485551,0.1,0.1,0.0,0.1,0.1,0.0,0.0,0,0,-0.0,0.0001,0.9965548473058352,1.0584365741016037,0.058465219655030785,9.416289432392921e-05,0.05694504986702303,0.03463083144369876,0.037915015282795325,0.0,0.0,-0.00138156475797875
366,14.81,-0.002693602693602636,-1.0,0.0,0.6076738998341957,0.0,0.0,0.1,0.1,-0.0,0.1,0.0,0,0,-0.0002693602693602636,0.0,0.9962864150237326,1.0584365741016037,0.05871883171707659,0.0002536120620458063,0.055838530917580315,0.033931617843698345,0.036520826179111385,0.036520826179111385,0.0003489642156933949,-0.0014230701550008791
367,14.47,-0.022957461174881826,-1.0,0.0,0.606405848269534,0.0,0.0,0.1,0.0,-0.1,0.0,0.1,0,0,-0.002295746117488183,0.0001,0.9938995657130333,1.0584365741016037,0.06097390242145514,0.0022550707043785465,0.023463459124036936,0.014228378833449157,0.028718469608129606,0.028718469608129606,0.00024333912587090492,-0.003584332410109973
368,15.25,0.05390463026952311,-1.0,0.0,0.5939131168650122,0.0,0.0,0.0,0.0,0.0,0.0,0.0,0,0,0.0,0.0,0.9938995657130333,1.0584365741016037,0.06097390242145514,0.0,0.0,0.0,0.018667005245284245,0.018667005245284245,0.00012752107894609845,-0.00017752107894609845
369,14.98,-0.017704918032786857,1.0,0.1,0.5939131168650122,0.1,0.1,0.0,0.1,0.1,0.0,0.0,0,0,-0.0,0.0001,0.993800175756462,1.0584365741016037,0.06106780503121302,9.390260975788295e-05,0.0,0.0,0.012133553409434759,0.0,0.0,-0.000516
370,15.56,0.03871829105473966,-1.0,0.0,0.5933262206615686,0.0,0.0,0.1,0.1,-0.0,0.1,0.0,0,0,0.003871829105473966,0.0,0.997648000201981,1.0584365741016037,0.057432420030666315,0.0,0.0,0.0,0.007886809716132594,0.007886809716132594,3.5020476305572295e-05,0.003880808629168394
371,15.34,-0.014138817480719835,-1.0,0.0,0.6128378972457946,0.0,0.0,0.1,0.0,-0.1,0.0,0.1,0,0,-0.0014138817480719836,0.0001,0.9961376791034746,1.0584365741016037,0.05885935588630632,0.0014269358556400075,0.18306402827548246,0.11218857414969136,0.042886809716132596,0.042886809716132596,0.00044407427531437723,-0.005863793747896561
372,15.65,0.020208604954367698,1.0,0.1,0.6057032212663587,0.1,0.1,0.0,0.1,0.1,0.0,0.0,0,0,0.0,0.0001,0.9960380653355643,1.0584365741016037,0.05895346995071769,9.411406441136444e-05,0.13127617856653775,0.07951440423328963,0.05570646779713756,0.0,0.0,-0.002511397914211373
373,15.36,-0.018530351437699738,1.0,0.2,0.6052326425958687,0.2,0.2,0.1,0.2,0.1,0.1,0.0,0,0,-0.0018530351437699738,0.0001,0.9940927679894312,1.0584365741016037,0.06079136689582674,0.001837896945109052,0.2846070888492711,0.17225350048576155,0.09070646779713756,0.0,0.0,-0.005866163045500935
374,15.94,0.03776041666666667,-1.0,0.1,0.5950539637358233,0.1,0.1,0.2,0.1,-0.1,0.1,0.1,0,0,0.007552083333333334,0.0001,1.0015008301375525,1.0584365741016037,0.0537923058945483,0.0,0.053396028052159,0.031773518140186426,0.07007993541720467,0.0,0.0,0.006224463706940517
375,16.29,0.021957340025094082,1.0,0.2,0.631038473550729,0.2,0.2,0.1,0.2,0.1,0.0,0.1,0,0,0.0021957340025094084,0.0001,1.0035997094808131,1.0584365741016037,0.051809306256575566,0.0,0.2677224550035543,0.16894316934069661,0.10468206729042684,0.0,0.0,-0.0016080244395346643
376,16.04,-0.015346838551258441,-1.0,0.1,0.640953464064998,0.1,0.1,0.2,0.1,-0.1,0.1,0.1,0,0,-0.0030693677102516886,0.0001,1.0004189329675666,1.0584365741016037,0.0548144712244872,0.0030051649679116374,0.2488937256311792,0.1595292956273475,0.12387859720834907,0.02387859720834906,0.00018449441298206356,-0.007553046752827676
377,17.8,0.10972568578553626,1.0,0.2,0.6259276360316879,0.2,0.2,0.1,0.1,0.0,0.0,0.1,1,0,0.010972568578553627,0.0,1.0113960983168366,1.0584365741016037,0.04444335819054142,0.0,0.2153647074479325,0.13480272221754044,0.12770204096156607,0.0,0.0,0.007743025025345053
378,16.95,-0.04775280898876412,1.0,0.2,0.677783211323694,0.2,0.2,0.1,0.2,0.1,0.0,0.1,0,0,-0.004775280898876412,0.0001,1.0064652582375144,1.0584365741016037,0.049101965234149565,0.004658607043608147,0.5611215234065664,0.3803187480773459,0.16270204096156607,0.0,0.0,-0.012217187789117836
379,14.95,-0.11799410029498525,1.0,0.30000000000000004,0.654490181807341,0.30000000000000004,0.30000000000000004,0.2,0.30000000000000004,0.10000000000000003,0.1,0.1,0,1,-0.02359882005899705,0.00010000000000000003,0.9826132191869116,1.0584365741016037,0.07163712665451936,0.0225351614203698,0.4177395359358538,0.27340642482277117,0.19770204096156607,0.0,0.0,-0.0556504747287948
380,14.97,0.0013377926421405586,-1.0,0.20000000000000004,0.5272679761070315,0.20000000000000004,0.20000000000000004,0.30000000000000004,0.20000000000000004,-0.1,0.10000000000000003,0.2,0,0,0.00040133779264216765,0.0001,0.9829093176854024,1.0584365741016037,0.07135737583549454,0.0,0.0,0.0,0.12850632662501796,0.0,0.0,-8.266220735783235e-05
381,15.64,0.04475617902471609,-1.0,0.10000000000000003,0.5290163945424421,0.10000000000000003,0.10000000000000003,0.20000000000000004,0.10000000000000003,-0.1,0.0,0.20000000000000004,0,0,0.00895123580494322,0.0001,0.9916092798311118,1.0584365741016037,0.06313774099049313,0.0,0.0,0.0,0.08352911230626167,0.0,0.0,0.008435235804943222
382,15.87,0.01470588235294109,-1.0,2.7755575615628914e-17,0.5803891256456509,2.7755575615628914e-17,2.7755575615628914e-17,0.10000000000000003,2.7755575615628914e-17,-0.1,0.0,0.10000000000000003,0,0,0.0014705882352941094,0.0001,0.9929683678440568,1.0584365741016037,0.061853688600203585,0.0,0.0,0.0,0.054293922999070085,0.05429392299907006,0.0006325528813590352,0.00022803535393507422
383,16.25,0.023944549464398286,-1.0,0.0,0.5884144486862337,0.0,0.0,2.7755575615628914e-17,0.0,-2.7755575615628914e-17,0.0,2.7755575615628914e-17,0,0,6.645947532412734e-19,2.7755575615628914e-20,0.9929683678440568,1.0584365741016037,0.061853688600203585,0.0,0.0,0.0,0.03529104994939555,0.03529104994939555,0.00033148728398145477,-0.00038148728398145425
384,15.86,-0.024000000000000035,-1.0,0.0,0.5884144486862337,0.0,0.0,0.0,0.0,0.0,0.0,0.0,0,0,-0.0,0.0,0.9929683678440568,1.0584365741016037,0.061853688600203585,0.0,0.0,0.0,0.02293918246710711,0.02293918246710711,0.00017371483504322516,-0.00022371483504322515
385,16.18,0.02017654476670872,1.0,0.1,0.5884144486862337,0.1,0.1,0.0,0.1,0.1,0.0,0.0,0,0,0.0,0.0001,0.9928690710072724,1.0584365741016037,0.0619475032313436,9.381463114001287e-05,0.1958422845623646,0.11523642990021626,0.05524321906869531,0.0,0.0,-0.003492802725347942
386,16.1,-0.004944375772558609,1.0,0.2,0.5878281112763348,0.2,0.2,0.1,0.2,0.1,0.1,0.0,0,0,-0.000494437577255861,0.0001,0.9922788723221706,1.0584365741016037,0.06250511688486153,0.0005576136535179327,0.27005839777261076,0.15874791789698692,0.09024321906869531,0.0,0.0,-0.004327161709636235
387,15.37,-0.04534161490683243,-1.0,0.1,0.5843430090699534,0.1,0.1,0.2,0.1,-0.1,0.1,0.1,0,0,-0.009068322981366487,0.0001,0.9831813391331348,1.0584365741016037,0.0711003727666396,0.008595255881778063,0.11843638350982456,0.0692074727234939,0.08288070784787481,0.0,0.0,-0.011384556010715818
388,15.3,-0.004554326610279669,-1.0,0.0,0.53062269315297,0.0,0.0,0.1,0.0,-0.1,0.0,0.1,0,0,-0.00045543266102796693,0.0001,0.982635248105667,1.0584365741016037,0.07161631395842168,0.0005159411917820822,0.0,0.0,0.05387246010111863,0.05387246010111863,0.0006252017955247493,-0.001690634456552716
389,16.14,0.05490196078431371,-1.0,0.0,0.5273980353045733,0.0,0.0,0.0,0.0,0.0,0.0,0.0,0,0,0.0,0.0,0.982635248105667,1.0584365741016037,0.07161631395842168,0.0,0.0,0.0,0.035017099065727114,0.035017099065727114,0.0003276349713142725,-0.0003776349713142725
390,15.8,-0.021065675340768267,1.0,0.1,0.5273980353045733,0.1,0.1,0.0,0.1,0.1,0.0,0.0,0,0,-0.0,0.0001,0.9825369845808565,1.0584365741016037,0.07170915232702584,9.283836860415895e-05,0.077497254503512,0.040871899766650725,0.037066279311050374,0.0,0.0,-0.0016939582684533823
391,15.44,-0.022784810126582355,-1.0,0.0,0.5268177747744736,0.0,0.0,0.1,0.1,-0.0,0.1,0.0,0,0,-0.0022784810126582357,0.0,0.9802982927172544,1.0584365741016037,0.0738242453976732,0.0021150930706473614,0.0,0.0,0.024093081552182743,0.024093081552182743,0.00018698575847689815,-0.0024214667711351338
392,15.76,0.020725388601036288,-1.0,0.0,0.5135984890184545,0.0,0.0,0.1,0.0,-0.1,0.0,0.1,0,0,0.002072538860103629,0.0001,0.9822319691941326,1.0584365741016037,0.0719973277304342,0.0,0.0,0.0,0.015660503008918785,0.015660503008918785,9.79892797066205e-05,0.001364549580397009
393,16.55,0.05012690355329955,1.0,0.1,0.5250166900474698,0.1,0.1,0.0,0.1,0.1,0.0,0.0,0,0,0.0,0.0001,0.9821337459972131,1.0584365741016037,0.07209012799766117,9.280026722696677e-05,0.06228838890675103,0.03270244377221196,0.021625182276071395,0.0,0.0,-0.0014627835113826156
394,17.09,0.03262839879154073,1.0,0.2,0.5244367089141424,0.2,0.2,0.1,0.2,0.1,0.1,0.0,0,0,0.0032628398791540733,0.0001,0.9852400777757161,1.0584365741016037,0.06915529765023144,0.0,0.2824109326886053,0.14810666010058554,0.05662518227607139,0.0,0.0,-0.0007230556861846323
395,16.91,-0.010532475131655922,-1.0,0.1,0.5427793864175081,0.1,0.1,0.2,0.1,-0.1,0.1,0.1,0,0,-0.0021064950263311845,0.0001,0.9830661504443619,1.0584365741016037,0.07120920185625292,0.002053904206021473,0.26869502517141075,0.14584212089597523,0.08785111079303773,0.0,0.0,-0.006706659408936627
396,15.66,-0.07392075694855116,1.0,0.2,0.5299425017106165,0.2,0.2,0.1,0.2,0.1,0.0,0.1,0,0,-0.007392075694855116,0.0001,0.9757009444321829,1.0584365741016037,0.07816777282063071,0.006958570964377797,0.2789372472395882,0.1478207026224201,0.10884046793332156,0.0,0.0,-0.01133489756062601
397,15.85,0.012132822477650032,-1.0,0.1,0.48645141385779533,0.1,0.1,0.2,0.1,-0.1,0.1,0.1,0,0,0.0024265644955300068,0.0001,0.9779709756077538,1.0584365741016037,0.07602307069003995,0.0,0.008120414311674207,0.003950187023024993,0.07212886961471776,0.0,0.0,0.0017871341979925589
398,14.03,-0.11482649842271296,-1.0,0.0,0.4998557999755146,0.0,0.0,0.1,0.1,0.0,0.0,0.1,0,1,-0.011482649842271297,0.0,0.9667412773389455,1.0584365741016037,0.08663277423164327,0.010609703541603316,0.00940558107629245,0.004701434253124724,0.0485292672381602,0.0485292672381602,0.0005345343329456733,-0.013457496799103909
399,14.39,0.025659301496792675,-1.0,0.0,0.433545167003263,0.0,0.0,0.1,0.0,-0.1,0.0,0.1,0,0,0.002565930149679268,0.0001,0.9691251938016751,1.0584365741016037,0.08438047445189222,0.0,0.0,0.0,0.03154402370480413,0.03154402370480413,0.00028012098188898534,0.0016758091677902822
400,14.39,0.0,-1.0,0.0,0.44762201458596657,0.0,0.0,0.0,0.0,0.0,0.0,0.0,0,0,0.0,0.0,0.9691251938016751,1.0584365741016037,0.08438047445189222,0.0,0.0,0.0,0.020503615408122684,0.020503615408122684,0.00014679649118520553,-0.00019679649118520552
401,13.71,-0.04725503822098678,-1.0,0.0,0.44762201458596657,0.0,0.0,0.0,0.0,0.0,0.0,0.0,0,0,-0.0,0.0,0.9691251938016751,1.0584365741016037,0.08438047445189222,0.0,0.0,0.0,0.013327350015279744,0.013327350015279744,7.692822465126259e-05,-0.0001269282246512626
402,14.11,0.02917578409919756,-1.0,0.0,0.44762201458596657,0.0,0.0,0.0,0.0,0.0,0.0,0.0,0,0,0.0,0.0,0.9691251938016751,1.0584365741016037,0.08438047445189222,0.0,0.0,0.0,0.008662777509931835,0.008662777509931835,4.0313986391737074e-05,-9.031398639173708e-05
403,13.94,-0.012048192771084333,-1.0,0.0,0.44762201458596657,0.0,0.0,0.0,0.0,0.0,0.0,0.0,0,0,-0.0,0.0,0.9691251938016751,1.0584365741016037,0.08438047445189222,0.0,0.0,0.0,0.0056308053814556926,0.0056308053814556926,2.1126413694852992e-05,-7.1126413694853e-05
404,13.13,-0.058106169296987,-1.0,0.0,0.44762201458596657,0.0,0.0,0.0,0.0,0.0,0.0,0.0,0,0,-0.0,0.0,0.9691251938016751,1.0584365741016037,0.08438047445189222,0.0,0.0,0.0,0.0036600234979462004,0.0036600234979462004,1.1071228512830795e-05,-6.10712285128308e-05
405,13.54,0.0312261995430311,-1.0,0.0,0.44762201458596657,0.0,0.0,0.0,0.0,0.0,0.0,0.0,0,0,0.0,0.0,0.9691251938016751,1.0584365741016037,0.08438047445189222,0.0,0.0,0.0,0.0023790152736650303,0.0023790152736650303,5.801841360949004e-06,-5.5801841360949006e-05
406,13.49,-0.0036927621861151355,-1.0,0.0,0.44762201458596657,0.0,0.0,0.0,0.0,0.0,0.0,0.0,0,0,-0.0,0.0,0.9691251938016751,1.0584365741016037,0.08438047445189222,0.0,0.0,0.0,0.0015463599278822697,0.0015463599278822697,3.040436130336157e-06,-5.304043613033616e-05
407,13.05,-0.0326167531504818,-1.0,0.0,0.44762201458596657,0.0,0.0,0.0,0.0,0.0,0.0,0.0,0,0,-0.0,0.0,0.9691251938016751,1.0584365741016037,0.08438047445189222,0.0,0.0,0.0,0.0010051339531234754,0.0010051339531234754,1.5933306837506204e-06,-5.1593330683750624e-05
408,12.6,-0.03448275862068974,-1.0,0.0,0.44762201458596657,0.0,0.0,0.0,0.0,0.0,0.0,0.0,0,0,-0.0,0.0,0.9691251938016751,1.0584365741016037,0.08438047445189222,0.0,0.0,0.0,0.0006533370695302591,0.0006533370695302591,8.349797722935675e-07,-5.083497977229357e-05
409,11.25,-0.10714285714285712,-1.0,0.0,0.44762201458596657,0.0,0.0,0.0,0.0,0.0,0.0,0.0,0,1,-0.0,0.0,0.9691251938016751,1.0584365741016037,0.08438047445189222,0.0,0.0,0.0,0.0004246690951946684,0.0004246690951946684,4.3756843902501423e-07,-5.0437568439025016e-05
410,10.86,-0.03466666666666672,-1.0,0.0,0.44762201458596657,0.0,0.0,0.0,0.0,0.0,0.0,0.0,0,0,-0.0,0.0,0.9691251938016751,1.0584365741016037,0.08438047445189222,0.0,0.0,0.0,0.0002760349118765345,0.0002760349118765345,2.2930631996612098e-07,-5.022930631996613e-05
411,10.51,-0.03222836095764269,-1.0,0.0,0.44762201458596657,0.0,0.0,0.0,0.0,0.0,0.0,0.0,0,0,-0.0,0.0,0.9691251938016751,1.0584365741016037,0.08438047445189222,0.0,0.0,0.0,0.00017942269271974744,0.00017942269271974744,1.2016723256724456e-07,-5.0120167232567246e-05
412,10.46,-0.004757373929590764,-1.0,0.0,0.44762201458596657,0.0,0.0,0.0,0.0,0.0,0.0,0.0,0,0,-0.0,0.0,0.9691251938016751,1.0584365741016037,0.08438047445189222,0.0,0.0,0.0,0.00011662475026783584,0.00011662475026783584,6.297324812069599e-08,-5.00629732481207e-05
413,10.52,0.005736137667303892,-1.0,0.0,0.44762201458596657,0.0,0.0,0.0,0.0,0.0,0.0,0.0,0,0,0.0,0.0,0.9691251938016751,1.0584365741016037,0.08438047445189222,0.0,0.0,0.0,7.58060876740933e-05,7.58060876740933e-05,3.3000926243779545e-08,-5.003300092624378e-05
414,9.47,-0.09980988593155884,-1.0,0.0,0.44762201458596657,0.0,0.0,0.0,0.0,0.0,0.0,0.0,0,0,-0.0,0.0,0.9691251938016751,1.0584365741016037,0.08438047445189222,0.0,0.0,0.0,4.9273956988160646e-05,4.9273956988160646e-05,1.729402826514614e-08,-5.001729402826515e-05
415,9.97,0.05279831045406547,-1.0,0.0,0.44762201458596657,0.0,0.0,0.0,0.0,0.0,0.0,0.0,0,0,0.0,0.0,0.9691251938016751,1.0584365741016037,0.08438047445189222,0.0,0.0,0.0,3.202807204230442e-05,3.202807204230442e-05,9.062879369697957e-09,-5.00090628793697e-05
416,10.5,0.05315947843530585,-1.0,0.0,0.44762201458596657,0.0,0.0,0.0,0.0,0.0,0.0,0.0,0,0,0.0,0.0,0.9691251938016751,1.0584365741016037,0.08438047445189222,0.0,0.0,0.0,2.0818246827497873e-05,2.0818246827497873e-05,4.749372512315759e-09,-5.000474937251232e-05
417,10.24,-0.024761904761904742,-1.0,0.0,0.44762201458596657,0.0,0.0,0.0,0.0,0.0,0.0,0.0,0,0,-0.0,0.0,0.9691251938016751,1.0584365741016037,0.08438047445189222,0.0,0.0,0.0,1.3531860437873618e-05,1.3531860437873618e-05,2.488893246903302e-09,-5.0002488893246904e-05
418,10.02,-0.021484375000000062,-1.0,0.0,0.44762201458596657,0.0,0.0,0.0,0.0,0.0,0.0,0.0,0,0,-0.0,0.0,0.9691251938016751,1.0584365741016037,0.08438047445189222,0.0,0.0,0.0,8.795709284617852e-06,8.795709284617852e-06,1.3042964261947152e-09,-5.0001304296426196e-05
419,9.77,-0.0249500998003992,-1.0,0.0,0.44762201458596657,0.0,0.0,0.0,0.0,0.0,0.0,0.0,0,0,-0.0,0.0,0.9691251938016751,1.0584365741016037,0.08438047445189222,0.0,0.0,0.0,5.717211035001604e-06,5.717211035001604e-06,6.835123079308193e-10,-5.000068351230793e-05
420,10.16,0.03991811668372575,-1.0,0.0,0.44762201458596657,0.0,0.0,0.0,0.0,0.0,0.0,0.0,0,0,0.0,0.0,0.9691251938016751,1.0584365741016037,0.08438047445189222,0.0,0.0,0.0,3.7161871727510427e-06,3.7161871727510427e-06,3.581924060437237e-10,-5.000035819240604e-05
421,10.36,0.01968503937007867,-1.0,0.0,0.44762201458596657,0.0,0.0,0.0,0.0,0.0,0.0,0.0,0,0,0.0,0.0,0.9691251938016751,1.0584365741016037,0.08438047445189222,0.0,0.0,0.0,2.415521662288178e-06,2.415521662288178e-06,1.8770956756550128e-10,-5.000018770956757e-05
422,10.93,0.05501930501930505,-1.0,0.0,0.44762201458596657,0.0,0.0,0.0,0.0,0.0,0.0,0.0,0,0,0.0,0.0,0.9691251938016751,1.0584365741016037,0.08438047445189222,0.0,0.0,0.0,1.5700890804873158e-06,1.5700890804873158e-06,9.836858950975765e-11,-5.0000098368589515e-05
423,10.91,-0.0018298261665141422,1.0,0.1,0.44762201458596657,0.1,0.1,0.0,0.1,0.1,0.0,0.0,0,0,-0.0,0.0001,0.9690282812822949,1.0584365741016037,0.084472036404447,9.156195255478894e-05,0.1507271642978115,0.06746879693581635,0.023615099485438037,0.0,0.0,-0.002807052897326734
424,11.1,0.017415215398716728,-1.0,0.0,0.4470497634300084,0.0,0.0,0.1,0.1,-0.0,0.1,0.0,0,0,0.0017415215398716728,0.0,0.9707158649068929,1.0584365741016037,0.08287762473549047,0.0,0.21988171200296602,0.0982980673335112,0.04975413823226364,0.04975413823226364,0.0005548988400633222,-0.0021115793226367326
425,11.09,-0.0009009009009008817,1.0,0.2,0.45701486841201616,0.2,0.2,0.1,0.2,0.1,0.0,0.1,0,0,-9.009009009008818e-05,0.0001,0.9705313414406809,1.0584365741016037,0.08305196061042812,0.0001743358749376478,0.3522875621395421,0.1610006538543928,0.08475413823226363,0.0,0.0,-0.00494245586062041
426,10.9,-0.017132551848512128,-1.0,0.1,0.45592526756587204,0.1,0.1,0.2,0.1,-0.1,0.1,0.1,0,0,-0.0034265103697024256,0.0001,0.9671087526009691,1.0584365741016037,0.08628558737981379,0.0032336267693856696,0.2812688549813779,0.12823757796533117,0.09997334213883727,0.0,0.0,-0.008217796965419367
427,10.57,-0.03027522935779817,-1.0,0.0,0.4357151020359341,0.0,0.0,0.1,0.0,-0.1,0.0,0.1,0,0,-0.0030275229357798173,0.0001,0.9640840977958162,1.0584365741016037,0.08914325016203596,0.002857662782222173,0.17471594173255062,0.07612637437930261,0.09162690342300014,0.09162690342300014,0.0013867702578949177,-0.008265273912813549
428,10.1,-0.04446546830652797,-1.0,0.0,0.41785466336169225,0.0,0.0,0.0,0.0,0.0,0.0,0.0,0,0,-0.0,0.0,0.9640840977958162,1.0584365741016037,0.08914325016203596,0.0,0.0,0.0,0.05955748722495009,0.05955748722495009,0.000726732451693513,-0.000776732451693513
429,10.76,0.06534653465346536,-1.0,0.0,0.41785466336169225,0.0,0.0,0.0,0.0,0.0,0.0,0.0,0,0,0.0,0.0,0.9640840977958162,1.0584365741016037,0.08914325016203596,0.0,0.0,0.0,0.03871236669621756,0.03871236669621756,0.0003808417820743918,-0.0004308417820743918
430,10.82,0.005576208178438708,-1.0,0.0,0.41785466336169225,0.0,0.0,0.0,0.0,0.0,0.0,0.0,0,0,0.0,0.0,0.9640840977958162,1.0584365741016037,0.08914325016203596,0.0,0.0,0.0,0.025163038352541415,0.025163038352541415,0.000199578899546331,-0.000249578899546331
431,11.0,0.016635859519408477,-1.0,0.0,0.41785466336169225,0.0,0.0,0.0,0.0,0.0,0.0,0.0,0,0,0.0,0.0,0.9640840977958162,1.0584365741016037,0.08914325016203596,0.0,0.0,0.0,0.01635597492915192,0.01635597492915192,0.00010458867440217985,-0.00015458867440217984
432,10.94,-0.0054545454545455,1.0,0.1,0.41785466336169225,0.1,0.1,0.0,0.1,0.1,0.0,0.0,0,0,-0.0,0.0001,0.9639876893860366,1.0584365741016037,0.08923433583701972,9.108567498375408e-05,0.10101043120361354,0.04220767972660531,0.02540407160826061,0.0,0.0,-0.0020513585542949256
433,11.42,0.04387568555758688,1.0,0.2,0.4172853924379728,0.2,0.2,0.1,0.2,0.1,0.1,0.0,0,0,0.004387568555758688,0.0001,0.9681208526911866,1.0584365741016037,0.08532936561368988,0.0,0.16507293210702473,0.06888252325516665,0.04062152968467772,0.0,0.0,0.0018566641976315809
434,11.11,-0.027145359019264494,1.0,0.30000000000000004,0.44169144556322093,0.30000000000000004,0.30000000000000004,0.2,0.30000000000000004,0.10000000000000003,0.1,0.1,0,0,-0.005429071803852899,0.00010000000000000003,0.9627680429818498,1.0584365741016037,0.09038664522808743,0.005057279614397545,0.4485596516677467,0.19812496096646187,0.07562152968467772,0.0,0.0,-0.010199244459863265
435,11.01,-0.00900090009000897,-1.0,0.20000000000000004,0.41008347496865133,0.20000000000000004,0.20000000000000004,0.30000000000000004,0.20000000000000004,-0.1,0.10000000000000003,0.2,0,0,-0.0027002700270026916,0.0001,0.9600720324881317,1.0584365741016037,0.09293380824161662,0.0025471630135291967,0.16317804282726334,0.06691661884118756,0.07257481088945616,0.0,0.0,-0.005207677758060757
436,10.91,-0.00908265213442322,-1.0,0.10000000000000003,0.394163679709216,0.10000000000000003,0.10000000000000003,0.20000000000000004,0.10000000000000003,-0.1,0.0,0.20000000000000004,0,0,-0.0018165304268846442,0.0001,0.9582320252258671,1.0584365741016037,0.09467222819731998,0.0017384199557033547,0.09791292347163588,0.03859371820666686,0.060681428450479906,0.0,0.0,-0.0038208068636535093
437,10.9,-0.0009165902841429685,-1.0,2.7755575615628914e-17,0.38329859115725107,2.7755575615628914e-17,2.7755575615628914e-17,0.10000000000000003,2.7755575615628914e-17,-0.1,0.0,0.10000000000000003,0,0,-9.165902841429687e-05,0.0001,0.9580483714069169,1.0584365741016037,0.09484574243846014,0.000173514241140163,0.004025255264445617,0.0015428746719103128,0.03998293462798055,0.03998293462798052,0.00039974404672417347,-0.0011760715602939366
438,10.9,0.0,1.0,0.10000000000000003,0.38221411258526716,0.10000000000000003,0.10000000000000003,2.7755575615628914e-17,0.10000000000000003,0.1,0.0,2.7755575615628914e-17,0,0,0.0,0.0001,0.9579525665697762,1.0584365741016037,0.09493625786421628,9.051542575613802e-05,0.011505814338372316,0.004397684616911817,0.02752809712410649,0.0,0.0,-0.0006908883779432591
439,11.16,0.023853211009174292,-1.0,2.7755575615628914e-17,0.38164838068733115,2.7755575615628914e-17,2.7755575615628914e-17,0.10000000000000003,0.1,-2.7755575615628914e-17,0.1,2.7755575615628914e-17,0,0,0.00238532110091743,2.7755575615628914e-20,0.9602375910404932,1.0584365741016037,0.09277739022242441,0.0,0.0,0.0,0.017893263130669218,0.01789326313066919,0.00011967524551869344,0.0023096458553987366
440,11.19,0.0026881720430106952,-1.0,0.0,0.3951412890157654,0.0,0.0,0.1,0.0,-0.1,0.0,0.1,0,0,0.0002688172043010695,0.0001,0.9603996956660774,1.0584365741016037,0.0926242354377631,0.0,0.05589772617355663,0.022087499573269453,0.0193612458855793,0.0193612458855793,0.00013470073177030605,-0.0015127863479887118
441,11.64,0.04021447721179634,1.0,0.1,0.39609854892406005,0.1,0.1,0.0,0.1,0.1,0.0,0.0,0,0,0.0,0.0001,0.9603036556965108,1.0584365741016037,0.09271497301421935,9.073757645625125e-05,0.08815197437194384,0.03491686913351789,0.024805714022357803,0.0,0.0,-0.0018559100104535466
442,11.71,0.006013745704467378,1.0,0.2,0.3955314200422621,0.2,0.2,0.1,0.2,0.1,0.1,0.0,0,0,0.0006013745704467378,0.0001,0.960785127529384,1.0584365741016037,0.0922600833735416,0.0,0.2814840776259489,0.11133579694267791,0.05509124304446984,0.0,0.0,-0.0033730279921150284
443,11.33,-0.0324508966695133,-1.0,0.1,0.39837446846571967,0.1,0.1,0.2,0.1,-0.1,0.1,0.1,0,0,-0.00649017933390266,0.0001,0.9544533812376189,1.0584365741016037,0.09824225221265176,0.005982168839110166,0.3038970090964236,0.12106480946710972,0.07818199129239381,0.0,0.0,-0.011625413872168297
444,11.39,0.005295675198587864,1.0,0.2,0.36098591834904253,0.2,0.2,0.1,0.2,0.1,0.0,0.1,0,0,0.0005295675198587864,0.0001,0.9548633834094181,1.0584365741016037,0.09785488637342118,0.0,0.15717196762227892,0.05673686707085433,0.07067619781485499,0.0,0.0,-0.0019033648786574721
445,11.47,0.007023705004389822,-1.0,0.1,0.36340693794782364,0.1,0.1,0.2,0.1,-0.1,0.1,0.1,0,0,0.0014047410008779645,0.0001,0.9561092328159895,1.0584365741016037,0.09667782065493084,0.0,0.10857898193739343,0.0394583553513602,0.05974995295263181,0.0,0.0,-0.0007616595245704156
446,11.18,-0.025283347863993104,-1.0,0.0,0.3707636412290424,0.0,0.0,0.1,0.0,-0.1,0.0,0.1,0,0,-0.0025283347863993104,0.0001,0.9535962576597816,1.0584365741016037,0.09905205376222956,0.002374233107298715,0.12967735045358558,0.048079646639106,0.055665345742897776,0.055665345742897776,0.0006566702943131965,-0.0062005199316265205
447,11.13,-0.004472271914132284,-1.0,0.0,0.3559246458174212,0.0,0.0,0.0,0.0,0.0,0.0,0.0,0,0,-0.0,0.0,0.9535962576597816,1.0584365741016037,0.09905205376222956,0.0,0.0,0.0,0.03618247473288356,0.03618247473288356,0.00034412593594626377,-0.0003941259359462638
448,10.64,-0.04402515723270442,-1.0,0.0,0.3559246458174212,0.0,0.0,0.0,0.0,0.0,0.0,0.0,0,0,-0.0,0.0,0.9535962576597816,1.0584365741016037,0.09905205376222956,0.0,0.0,0.0,0.023518608576374313,0.023518608576374313,0.0001803380795757616,-0.0002303380795757616
449,10.74,0.00939849624060147,-1.0,0.0,0.3559246458174212,0.0,0.0,0.0,0.0,0.0,0.0,0.0,0,0,0.0,0.0,0.9535962576597816,1.0584365741016037,0.09905205376222956,0.0,0.0,0.0,0.015287095574643304,0.015287095574643304,9.450558515924269e-05,-0.0001445055851592427
450,10.44,-0.027932960893854813,-1.0,0.0,0.3559246458174212,0.0,0.0,0.0,0.0,0.0,0.0,0.0,0,0,-0.0,0.0,0.9535962576597816,1.0584365741016037,0.09905205376222956,0.0,0.0,0.0,0.009936612123518148,0.009936612123518148,4.952534510349354e-05,-9.952534510349355e-05
451,10.73,0.027777777777777866,-1.0,0.0,0.3559246458174212,0.0,0.0,0.0,0.0,0.0,0.0,0.0,0,0,0.0,0.0,0.9535962576597816,1.0584365741016037,0.09905205376222956,0.0,0.0,0.0,0.006458797880286796,0.006458797880286796,2.5953596324357028e-05,-7.595359632435702e-05
452,10.8,0.006523765144454826,-1.0,0.0,0.3559246458174212,0.0,0.0,0.0,0.0,0.0,0.0,0.0,0,0,0.0,0.0,0.9535962576597816,1.0584365741016037,0.09905205376222956,0.0,0.0,0.0,0.004198218622186418,0.004198218622186418,1.3600897899046915e-05,-6.360089789904692e-05
453,10.55,-0.023148148148148147,-1.0,0.0,0.3559246458174212,0.0,0.0,0.0,0.0,0.0,0.0,0.0,0,0,-0.0,0.0,0.9535962576597816,1.0584365741016037,0.09905205376222956,0.0,0.0,0.0,0.0027288421044211718,0.0027288421044211718,7.12750639057655e-06,-5.712750639057655e-05
454,10.21,-0.032227488151658754,-1.0,0.0,0.3559246458174212,0.0,0.0,0.0,0.0,0.0,0.0,0.0,0,0,-0.0,0.0,0.9535962576597816,1.0584365741016037,0.09905205376222956,0.0,0.0,0.0,0.0017737473678737616,0.0017737473678737616,3.7351465855257592e-06,-5.373514658552576e-05
455,10.07,-0.013712047012732669,-1.0,0.0,0.3559246458174212,0.0,0.0,0.0,0.0,0.0,0.0,0.0,0,0,-0.0,0.0,0.9535962576597816,1.0584365741016037,0.09905205376222956,0.0,0.0,0.0,0.0011529357891179451,0.0011529357891179451,1.957391442512085e-06,-5.195739144251209e-05
456,10.45,0.037735849056603675,-1.0,0.0,0.3559246458174212,0.0,0.0,0.0,0.0,0.0,0.0,0.0,0,0,0.0,0.0,0.9535962576597816,1.0584365741016037,0.09905205376222956,0.0,0.0,0.0,0.0007494082629266644,0.0007494082629266644,1.0257646310500117e-06,-5.102576463105001e-05
457,10.43,-0.0019138755980860837,-1.0,0.0,0.3559246458174212,0.0,0.0,0.0,0.0,0.0,0.0,0.0,0,0,-0.0,0.0,0.9535962576597816,1.0584365741016037,0.09905205376222956,0.0,0.0,0.0,0.0004871153709023319,0.0004871153709023319,5.375486248998815e-07,-5.0537548624899885e-05
458,10.41,-0.0019175455417065747,-1.0,0.0,0.3559246458174212,0.0,0.0,0.0,0.0,0.0,0.0,0.0,0,0,-0.0,0.0,0.9535962576597816,1.0584365741016037,0.09905205376222956,0.0,0.0,0.0,0.00031662499108651575,0.00031662499108651575,2.8170061180210953e-07,-5.028170061180211e-05
459,10.36,-0.004803073967339165,-1.0,0.0,0.3559246458174212,0.0,0.0,0.0,0.0,0.0,0.0,0.0,0,0,-0.0,0.0,0.9535962576597816,1.0584365741016037,0.09905205376222956,0.0,0.0,0.0,0.00020580624420623523,0.00020580624420623523,1.4762429111312998e-07,-5.0147624291113135e-05
460,10.83,0.04536679536679543,-1.0,0.0,0.3559246458174212,0.0,0.0,0.0,0.0,0.0,0.0,0.0,0,0,0.0,0.0,0.9535962576597816,1.0584365741016037,0.09905205376222956,0.0,0.0,0.0,0.0001337740587340529,0.0001337740587340529,7.736203051615434e-08,-5.0077362030516156e-05
461,11.11,0.025854108956601972,1.0,0.1,0.3559246458174212,0.1,0.1,0.0,0.1,0.1,0.0,0.0,0,0,0.0,0.0001,0.9535008980340156,1.0584365741016037,0.09914214855685337,9.009479462381009e-05,0.21273485174774753,0.07571757676133865,0.02658810500464566,0.0,0.0,-0.003749569746565762
462,11.17,0.005400540054005446,1.0,0.2,0.3553615681888228,0.2,0.2,0.1,0.2,0.1,0.1,0.0,0,0,0.0005400540054005446,0.0001,0.9539204899233485,1.0584365741016037,0.09874572245102924,0.0,0.22398776047688268,0.07959664181816746,0.04514109288937829,0.0,0.0,-0.0027213942245128005
463,11.11,-0.005371530886302641,-1.0,0.1,0.35783921220013915,0.1,0.1,0.2,0.1,-0.1,0.1,0.1,0,0,-0.0010743061772605282,0.0001,0.9528002951994161,1.0584365741016037,0.09980407091643752,0.001058348465408282,0.2560542837459029,0.09162626317610478,0.06141090248973256,0.0,0.0,-0.005482331290198253
464,11.03,-0.007200720072007207,1.0,0.2,0.3512245401802268,0.2,0.2,0.1,0.2,0.1,0.0,0.1,0,0,-0.0007200720072007208,0.0001,0.9520189303488705,1.0584365741016037,0.10054229639887495,0.0007382254824374324,0.23994698240228834,0.0842752685618767,0.06941343061498301,0.0,0.0,-0.004179414588989096
465,11.21,0.016319129646418993,-1.0,0.1,0.34830531422050925,0.1,0.1,0.2,0.1,-0.1,0.1,0.1,0,0,0.003263825929283799,0.0001,0.9550309525258774,1.0584365741016037,0.09769656879392753,0.0,0.22481774192876353,0.07830521424484334,0.07252555488543412,0.0,0.0,-0.0006694037480334066
466,11.5,0.025869759143621687,-1.0,0.0,0.3643964681833279,0.0,0.0,0.1,0.0,-0.1,0.0,0.1,0,0,0.002586975914362169,0.0001,0.9574060915022797,1.0584365741016037,0.09545256189307161,0.0,0.17043672857556522,0.06210654194165644,0.06887890035511193,0.06887890035511193,0.0009038561385485922,-0.0020884815392631577
467,11.23,-0.02347826086956518,1.0,0.1,0.37842148766475536,0.1,0.1,0.0,0.1,0.1,0.0,0.0,0,0,-0.0,0.0001,0.9573103508931295,1.0584365741016037,0.09554301663688226,9.045474381065566e-05,0.20750148796801804,0.07852302176950772,0.07225434285015045,0.0,0.0,-0.0036700226171138737
468,10.97,-0.02315227070347282,-1.0,0.0,0.3778561282958492,0.0,0.0,0.1,0.1,-0.0,0.1,0.0,0,0,-0.0023152270703472822,0.0,0.9550939600540181,1.0584365741016037,0.09763703992872917,0.002094023291846908,0.08254484193149982,0.031190074383029388,0.05788184888665808,0.05788184888665808,0.0006962794810636253,-0.004222188148769705
469,10.76,-0.01914311759343672,-1.0,0.0,0.36476848498574876,0.0,0.0,0.1,0.0,-0.1,0.0,0.1,0,0,-0.0019143117593436723,0.0001,0.9531701030590033,1.0584365741016037,0.09945468025039683,0.00181764032166766,0.0,0.0,0.037623201776327754,0.037623201776327754,0.00036488300167712294,-0.0028891947610207953
470,10.62,-0.01301115241635693,1.0,0.1,0.3534082587870019,0.1,0.1,0.0,0.1,0.1,0.0,0.0,0,0,-0.0,0.0001,0.9530747860486974,1.0584365741016037,0.09954473478237175,9.005453197491464e-05,0.0,0.0,0.02445508115461304,0.0,0.0,-0.000516
471,10.98,0.03389830508474588,-1.0,0.0,0.35284541398904706,0.0,0.0,0.1,0.1,-0.0,0.1,0.0,0,0,0.0033898305084745883,0.0,0.9563055480353031,1.0584365741016037,0.09649234405282055,0.0,0.0,0.0,0.015895802750498476,0.015895802750498476,0.00010020599433557989,0.0033336245141390086
472,11.2,0.02003642987249534,-1.0,0.0,0.3719228584376372,0.0,0.0,0.1,0.0,-0.1,0.0,0.1,0,0,0.002003642987249534,0.0001,0.9581260123854884,1.0584365741016037,0.09477238803965032,0.0,0.0,0.0,0.01033227178782401,0.01033227178782401,5.2512626026769325e-05,0.001341130361222765
473,11.35,0.013392857142857175,1.0,0.1,0.3826725561226102,0.1,0.1,0.0,0.1,0.1,0.0,0.0,0,0,0.0,0.0001,0.9580301997842499,1.0584365741016037,0.0948629108008464,9.052276119607405e-05,0.04589266596423009,0.017561863791813043,0.012862628989220172,0.0,0.0,-0.0012135685226562973
474,11.3,-0.004405286343612241,1.0,0.2,0.3821068242246741,0.2,0.2,0.1,0.2,0.1,0.1,0.0,0,0,-0.00044052863436122407,0.0001,0.9575123570286838,1.0584365741016037,0.09535216331558083,0.0004892525147344312,0.17113622733857872,0.06539232033813618,0.031248020961340772,0.0,0.0,-0.0030466178533596
475,11.35,0.004424778761061852,-1.0,0.1,0.3790489662493869,0.1,0.1,0.2,0.1,-0.1,0.1,0.1,0,0,0.0008849557522123705,0.0001,0.9582639618611478,1.0584365741016037,0.09464205479244894,0.0,0.2003568967705836,0.07594507460182484,0.046891989735510196,0.0,0.0,-0.0026764690787005
476,11.06,-0.025550660792951468,1.0,0.2,0.38348713741247725,0.2,0.2,0.1,0.2,0.1,0.0,0.1,0,0,-0.0025550660792951468,0.0001,0.9557197077209993,1.0584365741016037,0.09704583996238983,0.0024037851699408863,0.24725034830915552,0.09481732829731598,0.06366585823214221,0.0,0.0,-0.006104970398328676
477,12.47,0.1274864376130199,-1.0,0.1,0.36846350730044325,0.1,0.1,0.2,0.1,-0.1,0.1,0.1,1,0,0.02549728752260398,0.0001,0.9799923959290087,1.0584365741016037,0.07411325354018322,0.0,0.03016218073932552,0.011113662903041758,0.04527258986695706,0.0,0.0,0.02452282237536623
478,12.17,-0.024057738572574233,1.0,0.2,0.5117921423189042,0.2,0.2,0.1,0.2,0.1,0.0,0.1,0,0,-0.0024057738572574234,0.0001,0.9775367566029788,1.0584365741016037,0.07643331634424327,0.0023200628040600524,0.472857051314262,0.24200452330272618,0.08027258986695707,0.0,0.0,-0.008753201293554273
479,12.3,0.010682004930156187,0.00017017126083374023,0.20001701712608339,0.49729177579540484,0.20001701712608339,0.20001701712608339,0.2,0.20001701712608339,1.7017126083374023e-05,0.1,0.1,0,0,0.0021364009860312372,1.7017126083374025e-08,0.9796251504588008,1.0584365741016037,0.07446022328706631,0.0,0.33267472672221643,0.16543640561394202,0.1100799253784018,0.0,0.0,-0.001912697984253738
480,12.57,0.021951219512195086,1.0,0.3000170171260834,0.509623604270095,0.3000170171260834,0.3000170171260834,0.20001701712608339,0.3000170171260834,0.10000000000000003,1.7017126083374023e-05,0.2,0,0,0.00439061744910914,0.00010000000000000003,0.9838283472229454,1.0584365741016037,0.0704890861712573,0.0,0.37465963083084264,0.19093539143851723,0.1383793384994422,0.0,0.0,0.00033006589300188657
481,12.76,0.015115354017501949,-1.0,0.2000170171260834,0.5344432111845908,0.2000170171260834,0.2000170171260834,0.3000170171260834,0.2000170171260834,-0.1,0.10000000000000003,0.20001701712608339,0,0,0.004534863425135696,0.0001,0.9881914915766561,1.0584365741016037,0.06636683221625383,0.0,0.4369533486250688,0.23352675077704177,0.17168093279660204,0.0,0.0,-0.0013671454742097933
482,13.06,0.023510971786833913,1.0,0.3000170171260834,0.5602073188881093,0.3000170171260834,0.3000170171260834,0.2000170171260834,0.3000170171260834,0.1,0.0,0.2000170171260834,0,0,0.004702594446538023,0.0001,0.9927397362479029,1.0584365741016037,0.06206969738310869,0.0,0.5279424982080148,0.29575725144820236,0.20668093279660205,0.0,0.0,-0.0008293996002414263
483,13.64,0.044410413476263406,-1.0,0.2000170171260834,0.5870643801990405,0.2000170171260834,0.2000170171260834,0.3000170171260834,0.2000170171260834,-0.1,0.1,0.2000170171260834,0,0,0.013323879780484564,0.0001,1.0058676071733552,1.0584365741016037,0.049666619818829326,0.0,0.3248777494160102,0.19072415460136924,0.20109606042827055,0.0010790433021871382,1.7722635862186819e-06,0.00880978264601631
484,13.53,-0.008064516129032346,1.0,0.3000170171260834,0.6516668960489163,0.3000170171260834,0.3000170171260834,0.2000170171260834,0.3000170171260834,0.1,0.0,0.2000170171260834,0,0,-0.0016130404606942387,0.0001,1.0041445152641657,1.0584365741016037,0.051294579350227854,0.0016279595313985276,0.5427307561700743,0.3536796672636335,0.23609606042827053,0.0,0.0,-0.00728699473760725
485,13.55,0.0014781966001479194,-1.0,0.2000170171260834,0.6435270994940775,0.2000170171260834,0.2000170171260834,0.3000170171260834,0.2000170171260834,-0.1,0.1,0.2000170171260834,0,0,0.00044348413470229664,0.0001,1.0044894229741073,1.0584365741016037,0.050968714089728605,0.0,0.475095503261922,0.3057368311968237,0.2604703301972642,0.060453313071180764,0.0007431905257311011,-0.006674659833915347
486,13.87,0.023616236162361512,1.0,0.3000170171260834,0.645156429711875,0.3000170171260834,0.3000170171260834,0.2000170171260834,0.3000170171260834,0.1,0.0,0.2000170171260834,0,0,0.004723649112940693,0.0001,1.0091338296035999,1.0584365741016037,0.046580726426476544,0.0,0.4127202982840027,0.26626915411052726,0.26249991856690624,0.0,0.0,0.000297733284412056
487,13.18,-0.04974765681326601,-1.0,0.2000170171260834,0.6670963592860546,0.2000170171260834,0.2000170171260834,0.3000170171260834,0.2000170171260834,-0.1,0.1,0.2000170171260834,0,0,-0.01492514360612815,0.0001,0.9939714488960038,1.0584365741016037,0.0609059879287691,0.014325261502292554,0.4533525190676001,0.3024298149431577,0.27647538229859425,0.07645836517251084,0.0010570791721757598,-0.031603148882311374
488,13.65,0.03566009104704102,-1.0,0.10001701712608341,0.5943375671283826,0.10001701712608341,0.10001701712608341,0.2000170171260834,0.10001701712608341,-0.1,0.0,0.2000170171260834,0,0,0.0071326250416736976,0.0001,1.0009616773982184,1.0584365741016037,0.054301691862991205,0.0,0.15397284210267867,0.09151184437914864,0.2117381440267883,0.1117211269007049,0.001867123159186587,0.002409194513768047
489,13.74,0.006593406593406583,1.0,0.2000170171260834,0.6284915484530887,0.2000170171260834,0.2000170171260834,0.10001701712608341,0.2000170171260834,0.1,0.0,0.10001701712608341,0,0,0.0006594528601719774,0.0001,1.0015216682715613,1.0584365741016037,0.05377261823964422,0.0,0.16496266802164086,0.10367764266187389,0.17391696854906827,0.0,0.0,-0.001870001197682755
490,13.35,-0.028384279475982575,-1.0,0.10001701712608341,0.6311369143468634,0.10001701712608341,0.10001701712608341,0.2000170171260834,0.10001701712608341,-0.1,0.1,0.10001701712608341,0,0,-0.005677338914059145,0.0001,0.9957355381641826,1.0584365741016037,0.05923929451383662,0.005466676274192395,0.20096038815315515,0.1268335192849303,0.15743776130662,0.05742074418053658,0.0006879759069164441,-0.009935810501058021
491,12.02,-0.09962546816479402,1.0,0.2000170171260834,0.603803528105157,0.2000170171260834,0.2000170171260834,0.10001701712608341,0.2000170171260834,0.1,0.0,0.10001701712608341,0,0,-0.009964242155632281,0.0001,0.9857142145851294,1.0584365741016037,0.06870733806435282,0.009468043550516204,0.049813342002831835,0.03007747164801867,0.11286165992610954,0.0,0.0,-0.011065899437150561
492,11.94,-0.0066555740432612375,-1.0,0.10001701712608341,0.5455791283412471,0.10001701712608341,0.10001701712608341,0.2000170171260834,0.10001701712608341,-0.1,0.1,0.10001701712608341,0,0,-0.0013312280673948992,0.0001,0.984303432734785,1.0584365741016037,0.07004023026107406,0.0013328921967212387,0.0,0.0,0.0733600789519712,0.0,0.0,-0.001847221601060737
493,12.44,0.04187604690117253,-1.0,1.701712608340178e-05,0.5372485410437774,1.701712608340178e-05,1.701712608340178e-05,0.10001701712608341,1.701712608340178e-05,-0.1,0.0,0.10001701712608341,0,0,0.004188317300087245,0.0001,0.9883275774873699,1.0584365741016037,0.0662382596460653,0.0,0.0,0.0,0.047684051318781284,0.04766703419269788,0.0005203519678117309,0.003107973840664806
494,12.58,0.011254019292604547,-1.0,0.0,0.5610108640054674,0.0,0.0,1.701712608340178e-05,0.0,-1.701712608340178e-05,0.0,1.701712608340178e-05,0,0,1.9151106524728767e-07,1.701712608340178e-08,0.988327749944542,1.0584365741016037,0.06623809671030106,0.0,0.0,0.0,0.030994633357207837,0.030994633357207837,0.00027283479730028543,-0.0003227385821411052
495,12.51,-0.005564387917329116,-1.0,0.0,0.5610118884602995,0.0,0.0,0.0,0.0,0.0,0.0,0.0,0,0,-0.0,0.0,0.988327749944542,1.0584365741016037,0.06623809671030106,0.0,0.0,0.0,0.020146511682185095,0.020146511682185095,0.0001429781898050799,-0.0001929781898050799
496,12.13,-0.030375699440447563,-1.0,0.0,0.5610118884602995,0.0,0.0,0.0,0.0,0.0,0.0,0.0,0,0,-0.0,0.0,0.988327749944542,1.0584365741016037,0.06623809671030106,0.0,0.0,0.0,0.013095232593420313,0.013095232593420313,7.49272562085909e-05,-0.0001249272562085909
497,11.31,-0.06760098928277002,1.0,0.1,0.5610118884602995,0.1,0.1,0.0,0.1,0.1,0.0,0.0,0,0,-0.0,0.0001,0.9882289171695475,1.0584365741016037,0.06633147290063003,9.337619032896705e-05,0.0,0.0,0.008511901185723203,0.0,0.0,-0.000516
498,11.16,-0.013262599469496051,-1.0,0.0,0.5604282751689313,0.0,0.0,0.1,0.1,-0.0,0.1,0.0,0,0,-0.0013262599469496053,0.0,0.9869182687382883,1.0584365741016037,0.06756976007184928,0.0012382871712192517,0.0,0.0,0.005532735770720082,0.005532735770720082,2.0576897736284275e-05,-0.0013028368446858895
499,11.36,0.017921146953404955,-1.0,0.0,0.5526889845740701,0.0,0.0,0.1,0.0,-0.1,0.0,0.1,0,0,0.0017921146953404955,0.0001,0.9885882476439204,1.0584365741016037,0.06599198116048692,0.0,0.0,0.0,0.0035962782509680533,0.0035962782509680533,1.0783256458669812e-05,0.001171331438881826
500,11.66,0.026408450704225418,-1.0,0.0,0.5625501073906247,0.0,0.0,0.0,0.0,0.0,0.0,0.0,0,0,0.0,0.0,0.9885882476439204,1.0584365741016037,0.06599198116048692,0.0,0.0,0.0,0.002337580863129235,0.002337580863129235,5.65093054082707e-06,-5.5650930540827076e-05
501,11.44,-0.01886792452830194,-1.0,0.0,0.5625501073906247,0.0,0.0,0.0,0.0,0.0,0.0,0.0,0,0,-0.0,0.0,0.9885882476439204,1.0584365741016037,0.06599198116048692,0.0,0.0,0.0,0.0015194275610340027,0.0015194275610340027,2.9613518049621975e-06,-5.29613518049622e-05
502,11.74,0.026223776223776286,-1.0,0.0,0.5625501073906247,0.0,0.0,0.0,0.0,0.0,0.0,0.0,0,0,0.0,0.0,0.9885882476439204,1.0584365741016037,0.06599198116048692,0.0,0.0,0.0,0.0009876279146721018,0.0009876279146721018,1.551886799774634e-06,-5.155188679977464e-05
503,12.04,0.02555366269165238,-1.0,0.0,0.5625501073906247,0.0,0.0,0.0,0.0,0.0,0.0,0.0,0,0,0.0,0.0,0.9885882476439204,1.0584365741016037,0.06599198116048692,0.0,0.017578012747378566,0.009888512958751582,0.00410293768009992,0.00410293768009992,1.314051496149911e-05,-0.0003892126514253715
504,11.83,-0.017441860465116202,1.0,0.1,0.5625501073906247,0.1,0.1,0.0,0.1,0.1,0.0,0.0,0,0,-0.0,0.0001,0.988489388819156,1.0584365741016037,0.06608538196237083,9.340080188391386e-05,0.1699675435934198,0.095615259901399,0.036132250457554596,0.0,0.0,-0.0030995066626199807
505,11.76,-0.005917159763313634,-1.0,0.0,0.5619663544008703,0.0,0.0,0.1,0.1,-0.0,0.1,0.0,0,0,-0.0005917159763313634,0.0,0.9879044838553578,1.0584365741016037,0.06663799416239304,0.0005526122000222011,0.055952606576781666,0.031443482337180154,0.03449118161542354,0.03449118161542354,0.00032028169164484015,-0.001718477287943285
506,11.65,-0.00935374149659859,-1.0,0.0,0.5585125446329952,0.0,0.0,0.1,0.0,-0.1,0.0,0.1,0,0,-0.0009353741496598592,0.0001,0.986881633090441,1.0584365741016037,0.0676043730555119,0.0009663788931188605,0.0,0.0,0.022419268050025302,0.022419268050025302,0.00016784258075661567,-0.0017132167304164745
507,11.45,-0.017167381974249017,-1.0,0.0,0.5524726849061211,0.0,0.0,0.0,0.0,0.0,0.0,0.0,0,0,-0.0,0.0,0.986881633090441,1.0584365741016037,0.0676043730555119,0.0,0.0,0.0,0.014572524232516447,0.014572524232516447,8.795735956796423e-05,-0.00013795735956796424
508,11.56,0.009606986899563425,-1.0,0.0,0.5524726849061211,0.0,0.0,0.0,0.0,0.0,0.0,0.0,0,0,0.0,0.0,0.986881633090441,1.0584365741016037,0.0676043730555119,0.0,0.0,0.0,0.00947214075113569,0.00947214075113569,4.609376874028558e-05,-9.609376874028558e-05
509,11.31,-0.02162629757785467,-1.0,0.0,0.5524726849061211,0.0,0.0,0.0,0.0,0.0,0.0,0.0,0,0,-0.0,0.0,0.986881633090441,1.0584365741016037,0.0676043730555119,0.0,0.0,0.0,0.006156891488238199,0.006156891488238199,2.415528987135218e-05,-7.415528987135218e-05
510,12.29,0.08664898320070721,-1.0,0.0,0.5524726849061211,0.0,0.0,0.0,0.0,0.0,0.0,0.0,0,0,0.0,0.0,0.986881633090441,1.0584365741016037,0.0676043730555119,0.0,0.0,0.0,0.0040019794673548294,0.0040019794673548294,1.2658501240300928e-05,-6.265850124030093e-05
511,12.32,0.002441008950366244,1.0,0.1,0.5524726849061211,0.1,0.1,0.0,0.1,0.1,0.0,0.0,0,0,0.0,0.0001,0.9867829449271319,1.0584365741016037,0.06769761261820634,9.323956269444156e-05,0.19279747125675412,0.10651533658832966,0.03900197946735483,0.0,0.0,-0.003446521563102662
512,12.18,-0.011363636363636409,1.0,0.2,0.55188990980507,0.2,0.2,0.1,0.2,0.1,0.1,0.0,0,0,-0.0011363636363636409,0.0001,0.9855629223770402,1.0584365741016037,0.06885027738806015,0.0011526647698538173,0.2285883558992195,0.1261556071197095,0.06950574914567896,0.0,0.0,-0.004454859249513963
513,12.43,0.020525451559934318,-1.0,0.1,0.5446857571615696,0.1,0.1,0.2,0.1,-0.1,0.1,0.1,0,0,0.004105090311986864,0.0001,0.9895101908893059,1.0584365741016037,0.06512093865501788,0.0,0.22593816862466704,0.12306530244902517,0.08825159280185013,0.0,0.0,0.00015483014889192462
514,12.33,-0.008045052292839874,1.0,0.2,0.5679941535004034,0.2,0.2,0.1,0.2,0.1,0.0,0.1,0,0,-0.0008045052292839875,0.0001,0.9886151737472167,1.0584365741016037,0.06596654165475252,0.0008456029997346431,0.28636922928070196,0.16265604797385524,0.11429315211205192,0.0,0.0,-0.004839483672364692
515,12.0,-0.026763990267639908,-1.0,0.1,0.5627091307202363,0.1,0.1,0.2,0.1,-0.1,0.1,0.1,0,0,-0.005352798053527982,0.0001,0.9832244548521197,1.0584365741016037,0.07105963747834745,0.005093095823594934,0.31088666121920194,0.17493876288717372,0.13551911588334453,0.035519115883344526,0.00033470578983582795,-0.010928981093895678
516,11.98,-0.0016666666666666312,-1.0,0.0,0.5308772701787348,0.0,0.0,0.1,0.0,-0.1,0.0,0.1,0,0,-0.00016666666666666314,0.0001,0.9829622616641592,1.0584365741016037,0.07130735490835317,0.00024771743000572,0.0,0.0,0.08808742532417395,0.08808742532417395,0.0013071965074166034,-0.0020838631740832665
517,11.95,-0.0025041736227046025,-0.7179116606712341,0.0,0.5293290395307327,0.0,0.0,0.0,0.0,0.0,0.0,0.0,0,0,-0.0,0.0,0.9829622616641592,1.0584365741016037,0.07130735490835317,0.0,0.0,0.0,0.05725682646071307,0.05725682646071307,0.0006850320860804404,-0.0007350320860804405
518,12.14,0.015899581589958266,1.0,0.1,0.5293290395307327,0.1,0.1,0.0,0.1,0.1,0.0,0.0,0,0,0.0,0.0001,0.9828639654379928,1.0584365741016037,0.07140022417286233,9.286926450916e-05,0.0,0.0,0.03721693719946349,0.0,0.0,-0.000516
519,12.24,0.008237232289950547,-1.0,0.0,0.5287485927361181,0.0,0.0,0.1,0.1,-0.0,0.1,0.0,0,0,0.0008237232289950547,0.0,0.9836735733172663,1.0584365741016037,0.07063531496707387,0.0,0.0,0.0,0.024191009179651272,0.024191009179651272,0.00018812693663984096,0.0006795962923552138
520,11.69,-0.04493464052287587,-1.0,0.0,0.5335293043421435,0.0,0.0,0.1,0.0,-0.1,0.0,0.1,0,0,-0.004493464052287587,0.0001,0.9791551041190483,1.0584365741016037,0.07490431823923813,0.004269003272164257,0.018939913571758324,0.01010499891224054,0.019260905586057517,0.019260905586057517,0.00013365495312846814,-0.005588454402172173
521,11.8,0.009409751924722088,0.02924954891204834,0.0029249548912048343,0.5068480301671666,0.0029249548912048343,0.0029249548912048343,0.0,0.0029249548912048343,0.0029249548912048343,0.0,0.0,0,0,0.0,2.9249548912048345e-06,0.9791522401345373,1.0584365741016037,0.07490702410237728,2.7058631391491117e-06,0.0,0.0,0.012519588630937386,0.009594633739732551,4.699077477423371e-05,-6.19131779360477e-05
522,11.9,0.00847457627118641,0.9420064687728882,0.09712560176849366,0.5068310800963091,0.09712560176849366,0.09712560176849366,0.0029249548912048343,0.09712560176849366,0.09420064687728882,0.0029249548912048343,0.0,0,0,2.4787753315295114e-05,9.420064687728882e-05,0.9790842743443118,1.0584365741016037,0.07497123748264826,6.421338027098877e-05,0.0,0.0,0.008137732610109302,0.0,0.0,-0.00045983309782461065
523,11.89,-0.0008403361344537636,-1.0,0.0,0.5064297731989172,0.0,0.0,0.09712560176849366,0.09420064687728882,-0.0029249548912048395,0.09420064687728882,0.0029249548912048395,0,0,-8.161815274663159e-05,2.9249548912048396e-06,0.9790014995171193,1.0584365741016037,0.07504944228888588,7.820480623761672e-05,0.0,0.0,0.005289526196571046,0.005289526196571046,1.9235131639459636e-05,-7.545696546145371e-05
524,11.88,-0.0008410428931875346,-1.0,0.0,0.5059409685456425,0.0,0.0,0.09420064687728882,0.0,-0.09420064687728882,0.0,0.09420064687728882,0,0,-7.92267845898123e-05,9.420064687728882e-05,0.9788317138016557,1.0584365741016037,0.07520985408834376,0.0001604117994578741,0.0,0.0,0.00343819202777118,0.00343819202777118,1.0080108291485442e-05,-0.0006668305153941152
525,11.92,0.003367003367003295,-0.6424709558486938,0.0,0.504938399794094,0.0,0.0,0.0,0.0,0.0,0.0,0.0,0,0,0.0,0.0,0.9788317138016557,1.0584365741016037,0.07520985408834376,0.0,0.0,0.0,0.002234824818051267,0.002234824818051267,5.2824480264866035e-06,-5.528244802648661e-05
526,11.66,-0.021812080536912734,1.0,0.1,0.504938399794094,0.1,0.1,0.0,0.1,0.1,0.0,0.0,0,0,-0.0,0.0001,0.9787338306302755,1.0584365741016037,0.07530233310293491,9.247901459115415e-05,0.055550145483846784,0.028049401568942714,0.011269926680863273,0.0,0.0,-0.001360362211354471
