step,close,price_return,action_delta,raw_target,risk_cap,shielded_target,target_position,prev_position,position,executed_trade,locked_position,sellable_position,limit_up,limit_down,pnl,cost,equity,max_equity,drawdown,dd_increase,signal,desired_pos_raw,desired_pos,part_gap,part_pen,reward
1,14.17,-0.008397480755773214,-1.0,0.4724907962705793,0.8,0.4724907962705793,0.4724907962705793,0.5724907962705793,0.4724907962705793,-0.09999999999999998,0.0,0.5724907962705793,0,0,-0.004807480444539473,9.999999999999998e-05,0.9950925195554605,1.0,0.00490748044453948,0.00490748044453948,0.0,0.0,0.37211901757587657,0.0,0.0,-0.005105183577940427
2,13.47,-0.04940014114326036,-1.0,0.37249079627057935,0.8,0.37249079627057935,0.37249079627057935,0.4724907962705793,0.37249079627057935,-0.09999999999999998,0.0,0.4724907962705793,0,0,-0.023341112024658092,9.999999999999998e-05,0.9717664443296617,1.0,0.02823355567033825,0.02332607522579877,0.0,0.0,0.2418773614243198,0.0,0.0,-0.04629026671410411
3,14.78,0.09725315515961386,-1.0,0.27249079627057937,0.7588322196166079,0.27249079627057937,0.27249079627057937,0.37249079627057935,0.27249079627057937,-0.09999999999999998,0.0,0.37249079627057935,0,0,0.036225905205230766,9.999999999999998e-05,1.0068723867791392,1.0068723867791392,0.0,0.0,0.0,0.0,0.15722028492580786,0.0,0.0,0.035917599862934746
4,14.44,-0.0230040595399188,-1.0,0.17249079627057937,0.8,0.17249079627057937,0.17249079627057937,0.27249079627057937,0.17249079627057937,-0.1,0.0,0.27249079627057937,0,0,-0.006268394501488292,0.0001,1.0004602262074744,1.0068723867791392,0.006368394501488345,0.006368394501488345,0.14963265185447233,0.11970612148357787,0.14409032772102737,0.0,0.0,-0.01000494978267484
5,14.66,0.015235457063711957,-1.0,0.07249079627057936,0.8,0.07249079627057936,0.07249079627057936,0.17249079627057937,0.07249079627057936,-0.1,0.0,0.17249079627057937,0,0,0.0026279761204658983,0.0001,1.002989365768803,1.0068723867791392,0.0038565175302478247,0.0,0.02064851611415025,0.016518812891320202,0.09944029753062987,0.02694950126005051,0.0002465875574341112,0.0014578922781628705
6,14.51,-0.010231923601637131,-1.0,0.0,0.8,0.0,0.0,0.07249079627057936,0.0,-0.07249079627057936,0.0,0.07249079627057936,0,0,-0.0007417202892624099,7.249079627057936e-05,1.0021727207085223,1.0068723867791392,0.004667588596456147,0.0008110710662083223,0.06011938610801598,0.048095508886412786,0.0814696215051539,0.0814696215051539,0.0014477151020704931,-0.004384081637847513
7,14.03,-0.033080634045485904,-1.0,0.0,0.8,0.0,0.0,0.0,0.0,0.0,0.0,0.0,0,0,-0.0,0.0,1.0021727207085223,1.0068723867791392,0.004667588596456147,0.0,0.05251419962927925,0.0420113597034234,0.06765922987454823,0.06765922987454823,0.0010755070641009152,-0.00274557012266418
8,13.75,-0.0199572344975053,-1.0,0.0,0.8,0.0,0.0,0.0,0.0,0.0,0.0,0.0,0,0,-0.0,0.0,1.0021727207085223,1.0068723867791392,0.004667588596456147,0.0,0.06746873133578983,0.05397498506863187,0.0628697441924775,0.0628697441924775,0.0009563055940033946,-0.0030877159557125104
9,14.12,0.02690909090909085,-1.0,0.0,0.8,0.0,0.0,0.0,0.0,0.0,0.0,0.0,0,0,0.0,0.0,1.0021727207085223,1.0068723867791392,0.004667588596456147,0.0,0.0,0.0,0.04086533372511038,0.04086533372511038,0.00048001860099441317,-0.0005300186009944131
10,14.07,-0.0035410764872520492,-1.0,0.0,0.8,0.0,0.0,0.0,0.0,0.0,0.0,0.0,0,0,-0.0,0.0,1.0021727207085223,1.0068723867791392,0.004667588596456147,0.0,0.0,0.0,0.026562466921321748,0.026562466921321748,0.00024094584277817757,-0.00029094584277817757
11,14.88,0.05756929637526656,-1.0,0.0,0.8,0.0,0.0,0.0,0.0,0.0,0.0,0.0,0,0,0.0,0.0,1.0021727207085223,1.0068723867791392,0.004667588596456147,0.0,0.0,0.0,0.017265603498859135,0.017265603498859135,0.00012094301977427316,-0.00017094301977427315
12,14.53,-0.02352150537634418,1.0,0.1,0.8,0.1,0.1,0.0,0.1,0.1,0.0,0.0,0,0,-0.0,0.0001,1.0020725034364515,1.0068723867791392,0.004767121837596418,9.953324114027069e-05,0.13011945061025793,0.10409556048820634,0.047656088445130654,0.0,0.0,-0.0037130818257446537
13,14.58,0.0034411562284928227,-1.0,0.0,0.8,0.0,0.0,0.1,0.1,-0.0,0.1,0.0,0,0,0.0003441156228492823,0.0,1.0024173322401115,1.0068723867791392,0.0044246466558476045,0.0,0.12613050327533962,0.1009044026202717,0.06629299840643002,0.06629299840643002,0.0010409700796818696,-0.0039070214413363495
14,14.11,-0.032235939643347096,-1.0,0.0,0.8,0.0,0.0,0.1,0.0,-0.1,0.0,0.1,0,0,-0.0032235939643347096,0.0001,0.9990857040449338,1.0068723867791392,0.007733534891262628,0.0033088882354150237,0.2002965475961918,0.16023723807695345,0.09917348229111322,0.09917348229111322,0.0019830007921527023,-0.01183574324982993
15,13.96,-0.010630758327427256,-1.0,0.0,0.8,0.0,0.0,0.0,0.0,0.0,0.0,0.0,0,0,-0.0,0.0,0.9990857040449338,1.0068723867791392,0.007733534891262628,0.0,0.0,0.0,0.0644627634892236,0.0644627634892236,0.0009953693379906908,-0.0010453693379906908
16,13.99,0.002148997134670441,-1.0,0.0,0.8,0.0,0.0,0.0,0.0,0.0,0.0,0.0,0,0,0.0,0.0,0.9990857040449338,1.0068723867791392,0.007733534891262628,0.0,0.0,0.0,0.04190079626799534,0.04190079626799534,0.0004996266884676725,-0.0005496266884676725
17,13.8,-0.013581129378127199,-1.0,0.0,0.8,0.0,0.0,0.0,0.0,0.0,0.0,0.0,0,0,-0.0,0.0,0.9990857040449338,1.0068723867791392,0.007733534891262628,0.0,0.0,0.0,0.027235517574196972,0.027235517574196972,0.00025078814295514024,-0.00030078814295514026
18,13.06,-0.05362318840579711,-1.0,0.0,0.8,0.0,0.0,0.0,0.0,0.0,0.0,0.0,0,0,-0.0,0.0,0.9990857040449338,1.0068723867791392,0.007733534891262628,0.0,0.0,0.0,0.017703086423228032,0.017703086423228032,0.0001258833727233075,-0.00017588337272330748
19,12.63,-0.03292496171516077,-1.0,0.0,0.8,0.0,0.0,0.0,0.0,0.0,0.0,0.0,0,0,-0.0,0.0,0.9990857040449338,1.0068723867791392,0.007733534891262628,0.0,0.0,0.0,0.01150700617509822,0.01150700617509822,6.318729163774591e-05,-0.00011318729163774591
20,11.96,-0.05304829770387964,-1.0,0.0,0.8,0.0,0.0,0.0,0.0,0.0,0.0,0.0,0,0,-0.0,0.0,0.9990857040449338,1.0068723867791392,0.007733534891262628,0.0,0.0,0.0,0.0074795540138138435,0.0074795540138138435,3.171692764611089e-05,-8.17169276461109e-05
21,12.37,0.03428093645484936,-1.0,0.0,0.8,0.0,0.0,0.0,0.0,0.0,0.0,0.0,0,0,0.0,0.0,0.9990857040449338,1.0068723867791392,0.007733534891262628,0.0,0.0,0.0,0.0048617101089789986,0.0048617101089789986,1.592034526619441e-05,-6.592034526619441e-05
22,11.83,-0.043654001616814805,-1.0,0.0,0.8,0.0,0.0,0.0,0.0,0.0,0.0,0.0,0,0,-0.0,0.0,0.9990857040449338,1.0068723867791392,0.007733534891262628,0.0,0.0,0.0,0.0031601115708363493,0.0031601115708363493,7.991234088712798e-06,-5.7991234088712804e-05
23,12.24,0.03465765004226544,-1.0,0.0,0.8,0.0,0.0,0.0,0.0,0.0,0.0,0.0,0,0,0.0,0.0,0.9990857040449338,1.0068723867791392,0.007733534891262628,0.0,0.0,0.0,0.002054072521043627,0.002054072521043627,4.011208374745913e-06,-5.401120837474591e-05
24,12.29,0.0040849673202613505,-1.0,0.0,0.8,0.0,0.0,0.0,0.0,0.0,0.0,0.0,0,0,0.0,0.0,0.9990857040449338,1.0068723867791392,0.007733534891262628,0.0,0.0,0.0,0.0013351471386783577,0.0013351471386783577,2.0134302720974903e-06,-5.201343027209749e-05
25,12.54,0.020341741253051264,-1.0,0.0,0.8,0.0,0.0,0.0,0.0,0.0,0.0,0.0,0,0,0.0,0.0,0.9990857040449338,1.0068723867791392,0.007733534891262628,0.0,0.0,0.0,0.0008678456401409326,0.0008678456401409326,1.01064344752605e-06,-5.101064344752605e-05
26,12.33,-0.016746411483253516,-1.0,0.0,0.8,0.0,0.0,0.0,0.0,0.0,0.0,0.0,0,0,-0.0,0.0,0.9990857040449338,1.0068723867791392,0.007733534891262628,0.0,0.040151942738662,0.0321215541909296,0.011806643632916966,0.011806643632916966,6.584037788018472e-05,-0.0013545278113679074
27,11.88,-0.036496350364963445,-1.0,0.0,0.8,0.0,0.0,0.0,0.0,0.0,0.0,0.0,0,0,-0.0,0.0,0.9990857040449338,1.0068723867791392,0.007733534891262628,0.0,0.0,0.0,0.007674318361396028,0.007674318361396028,3.304864708223968e-05,-8.304864708223969e-05
28,11.71,-0.014309764309764304,-1.0,0.0,0.8,0.0,0.0,0.0,0.0,0.0,0.0,0.0,0,0,-0.0,0.0,0.9990857040449338,1.0068723867791392,0.007733534891262628,0.0,0.0,0.0,0.0049883069349074185,0.0049883069349074185,1.658880324098415e-05,-6.658880324098415e-05
29,11.45,-0.022203245089667083,-1.0,0.0,0.8,0.0,0.0,0.0,0.0,0.0,0.0,0.0,0,0,-0.0,0.0,0.9990857040449338,1.0068723867791392,0.007733534891262628,0.0,0.0,0.0,0.003242399507689822,0.003242399507689822,8.326767273809895e-06,-5.83267672738099e-05
30,11.74,0.02532751091703065,-1.0,0.0,0.8,0.0,0.0,0.0,0.0,0.0,0.0,0.0,0,0,0.0,0.0,0.9990857040449338,1.0068723867791392,0.007733534891262628,0.0,0.0,0.0,0.0021075596799983846,0.0021075596799983846,4.179629610705907e-06,-5.417962961070591e-05
31,11.84,0.008517887563884127,-1.0,0.0,0.8,0.0,0.0,0.0,0.0,0.0,0.0,0.0,0,0,0.0,0.0,0.9990857040449338,1.0068723867791392,0.007733534891262628,0.0,0.0,0.0,0.00136991379199895,0.00136991379199895,2.097969489027951e-06,-5.209796948902796e-05
32,11.56,-0.023648648648648594,-1.0,0.0,0.8,0.0,0.0,0.0,0.0,0.0,0.0,0.0,0,0,-0.0,0.0,0.9990857040449338,1.0068723867791392,0.007733534891262628,0.0,0.0,0.0,0.0008904439647993176,0.0008904439647993176,1.0530779965808566e-06,-5.105307799658086e-05
33,11.95,0.03373702422145318,-1.0,0.0,0.8,0.0,0.0,0.0,0.0,0.0,0.0,0.0,0,0,0.0,0.0,0.9990857040449338,1.0068723867791392,0.007733534891262628,0.0,0.0,0.0,0.0005787885771195565,0.0005787885771195565,5.28593610480279e-07,-5.0528593610480284e-05
34,11.81,-0.011715481171548017,-1.0,0.0,0.8,0.0,0.0,0.0,0.0,0.0,0.0,0.0,0,0,-0.0,0.0,0.9990857040449338,1.0068723867791392,0.007733534891262628,0.0,0.0,0.0,0.00037621257512771174,0.00037621257512771174,2.6532811999469346e-07,-5.02653281199947e-05
35,12.13,0.02709568162574092,-1.0,0.0,0.8,0.0,0.0,0.0,0.0,0.0,0.0,0.0,0,0,0.0,0.0,0.9990857040449338,1.0068723867791392,0.007733534891262628,0.0,0.028349127151909806,0.022679301721527847,0.008182293776367758,0.008182293776367758,3.6617618552228465e-05,-0.0009611881911886459
36,12.14,0.0008244023083264457,-1.0,0.0,0.8,0.0,0.0,0.0,0.0,0.0,0.0,0.0,0,0,0.0,0.0,0.9990857040449338,1.0068723867791392,0.007733534891262628,0.0,0.08300455534330509,0.06640364427464407,0.028559766450764468,0.028559766450764468,0.000270581082327391,-0.002881271614668353
37,11.93,-0.01729818780889628,-1.0,0.0,0.8,0.0,0.0,0.0,0.0,0.0,0.0,0.0,0,0,-0.0,0.0,0.9990857040449338,1.0068723867791392,0.007733534891262628,0.0,0.07259682219303591,0.058077457754428734,0.038890958407046955,0.038890958407046955,0.00044345322767240015,-0.002733065192327558
38,11.62,-0.025984911986588474,-1.0,0.0,0.8,0.0,0.0,0.0,0.0,0.0,0.0,0.0,0,0,-0.0,0.0,0.9990857040449338,1.0068723867791392,0.007733534891262628,0.0,0.07752735745238137,0.0620218859619051,0.0469867830512473,0.0469867830512473,0.0006001379995761108,-0.0030418569769820763
39,11.61,-0.0008605851979345772,-1.0,0.0,0.8,0.0,0.0,0.0,0.0,0.0,0.0,0.0,0,0,-0.0,0.0,0.9990857040449338,1.0068723867791392,0.007733534891262628,0.0,0.0,0.0,0.030541408983310748,0.030541408983310748,0.00030123990151948,-0.00035123990151948004
40,11.52,-0.007751937984496112,-1.0,0.0,0.8,0.0,0.0,0.0,0.0,0.0,0.0,0.0,0,0,-0.0,0.0,0.9990857040449338,1.0068723867791392,0.007733534891262628,0.0,0.0,0.0,0.019851915839151985,0.019851915839151985,0.00015120768611812834,-0.00020120768611812834
41,11.75,0.019965277777777814,-1.0,0.0,0.8,0.0,0.0,0.0,0.0,0.0,0.0,0.0,0,0,0.0,0.0,0.9990857040449338,1.0068723867791392,0.007733534891262628,0.0,0.0,0.0,0.012903745295448792,0.012903745295448792,7.589885744176528e-05,-0.0001258988574417653
42,11.45,-0.025531914893617082,-1.0,0.0,0.8,0.0,0.0,0.0,0.0,0.0,0.0,0.0,0,0,-0.0,0.0,0.9990857040449338,1.0068723867791392,0.007733534891262628,0.0,0.0,0.0,0.008387434442041715,0.008387434442041715,3.8097511501267284e-05,-8.809751150126729e-05
43,11.85,0.03493449781659392,-1.0,0.0,0.8,0.0,0.0,0.0,0.0,0.0,0.0,0.0,0,0,0.0,0.0,0.9990857040449338,1.0068723867791392,0.007733534891262628,0.0,0.0,0.0,0.005451832387327115,0.005451832387327115,1.9123086058348388e-05,-6.912308605834839e-05
44,11.71,-0.01181434599156108,-1.0,0.0,0.8,0.0,0.0,0.0,0.0,0.0,0.0,0.0,0,0,-0.0,0.0,0.9990857040449338,1.0068723867791392,0.007733534891262628,0.0,0.05847013306329877,0.04677610645063902,0.01991532830948628,0.01991532830948628,0.00015198122455336847,-0.0020057848295561356
45,11.45,-0.022203245089667083,-1.0,0.0,0.8,0.0,0.0,0.0,0.0,0.0,0.0,0.0,0,0,-0.0,0.0,0.9990857040449338,1.0068723867791392,0.007733534891262628,0.0,0.011107714257917676,0.008886171406334142,0.016055123393383032,0.016055123393383032,0.00010766432535301188,-0.0005003373102097722
46,11.51,0.005240174672489127,-1.0,0.0,0.8,0.0,0.0,0.0,0.0,0.0,0.0,0.0,0,0,0.0,0.0,0.9990857040449338,1.0068723867791392,0.007733534891262628,0.0,0.0,0.0,0.010435830205698972,0.010435830205698972,5.404222160471503e-05,-0.00010404222160471504
47,11.54,0.002606429192006895,-1.0,0.0,0.8,0.0,0.0,0.0,0.0,0.0,0.0,0.0,0,0,0.0,0.0,0.9990857040449338,1.0068723867791392,0.007733534891262628,0.0,0.0,0.0,0.006783289633704332,0.006783289633704332,2.7126550102804553e-05,-7.712655010280456e-05
48,11.61,0.0060658578856152764,-1.0,0.0,0.8,0.0,0.0,0.0,0.0,0.0,0.0,0.0,0,0,0.0,0.0,0.9990857040449338,1.0068723867791392,0.007733534891262628,0.0,0.0013599763801278066,0.0010879811041022453,0.004789931648343602,0.004789931648343602,1.55459366212512e-05,-0.00010750120794819404
49,11.42,-0.016365202411714,-1.0,0.0,0.8,0.0,0.0,0.0,0.0,0.0,0.0,0.0,0,0,-0.0,0.0,0.9990857040449338,1.0068723867791392,0.007733534891262628,0.0,0.0,0.0,0.003113455571423341,0.003113455571423341,7.80329927470269e-06,-5.780329927470269e-05
50,10.99,-0.03765323992994744,-1.0,0.0,0.8,0.0,0.0,0.0,0.0,0.0,0.0,0.0,0,0,-0.0,0.0,0.9990857040449338,1.0068723867791392,0.007733534891262628,0.0,0.0,0.0,0.002023746121425172,0.002023746121425172,3.9168742967430635e-06,-5.3916874296743066e-05
51,11.13,0.012738853503184764,-1.0,0.0,0.8,0.0,0.0,0.0,0.0,0.0,0.0,0.0,0,0,0.0,0.0,0.9990857040449338,1.0068723867791392,0.007733534891262628,0.0,0.0,0.0,0.0013154349789263617,0.0013154349789263617,1.9660791822021975e-06,-5.19660791822022e-05
52,11.24,0.009883198562443794,-1.0,0.0,0.8,0.0,0.0,0.0,0.0,0.0,0.0,0.0,0,0,0.0,0.0,0.9990857040449338,1.0068723867791392,0.007733534891262628,0.0,0.0,0.0,0.0008550327363021352,0.0008550327363021352,9.868755180382107e-07,-5.098687551803821e-05
53,11.09,-0.013345195729537398,-1.0,0.0,0.8,0.0,0.0,0.0,0.0,0.0,0.0,0.0,0,0,-0.0,0.0,0.9990857040449338,1.0068723867791392,0.007733534891262628,0.0,0.0,0.0,0.0005557712785963879,0.0005557712785963879,4.953632065888104e-07,-5.049536320658881e-05
54,11.27,0.016230838593327298,-1.0,0.0,0.8,0.0,0.0,0.0,0.0,0.0,0.0,0.0,0,0,0.0,0.0,0.9990857040449338,1.0068723867791392,0.007733534891262628,0.0,0.0,0.0,0.00036125133108765213,0.00036125133108765213,2.4864808373171886e-07,-5.0248648083731724e-05
55,11.25,-0.0017746228926352773,-1.0,0.0,0.8,0.0,0.0,0.0,0.0,0.0,0.0,0.0,0,0,-0.0,0.0,0.9990857040449338,1.0068723867791392,0.007733534891262628,0.0,0.0,0.0,0.00023481336520697388,0.00023481336520697388,1.2480916774017917e-07,-5.012480916774018e-05
56,11.37,0.010666666666666597,-1.0,0.0,0.8,0.0,0.0,0.0,0.0,0.0,0.0,0.0,0,0,0.0,0.0,0.9990857040449338,1.0068723867791392,0.007733534891262628,0.0,0.03743017932893328,0.029944143463146625,0.010633078899485851,0.010633078899485851,5.568579769673146e-05,-0.0012604068299943232
57,11.02,-0.030782761653474027,-1.0,0.0,0.8,0.0,0.0,0.0,0.0,0.0,0.0,0.0,0,0,-0.0,0.0,0.9990857040449338,1.0068723867791392,0.007733534891262628,0.0,0.05184006941528299,0.041472055532226396,0.021426720720945043,0.021426720720945043,0.00017085162797790047,-0.0018201177694393805
58,11.06,0.003629764065335837,-1.0,0.0,0.8,0.0,0.0,0.0,0.0,0.0,0.0,0.0,0,0,0.0,0.0,0.9990857040449338,1.0068723867791392,0.007733534891262628,0.0,0.0,0.0,0.013927368468614278,0.013927368468614278,8.575915476583376e-05,-0.00013575915476583377
59,10.54,-0.04701627486437625,-1.0,0.0,0.8,0.0,0.0,0.0,0.0,0.0,0.0,0.0,0,0,-0.0,0.0,0.9990857040449338,1.0068723867791392,0.007733534891262628,0.0,0.0,0.0,0.009052789504599281,0.009052789504599281,4.304689813726297e-05,-9.304689813726297e-05
60,10.55,0.0009487666034157081,-1.0,0.0,0.8,0.0,0.0,0.0,0.0,0.0,0.0,0.0,0,0,0.0,0.0,0.9990857040449338,1.0068723867791392,0.007733534891262628,0.0,0.0,0.0,0.005884313177989533,0.005884313177989533,2.1607435897655778e-05,-7.160743589765579e-05
61,10.53,-0.0018957345971565259,-1.0,0.0,0.8,0.0,0.0,0.0,0.0,0.0,0.0,0.0,0,0,-0.0,0.0,0.9990857040449338,1.0068723867791392,0.007733534891262628,0.0,0.0,0.0,0.0038248035656931966,0.0038248035656931966,1.0845875226190896e-05,-6.08458752261909e-05
62,9.16,-0.1301044634377967,-1.0,0.0,0.8,0.0,0.0,0.0,0.0,0.0,0.0,0.0,0,1,-0.0,0.0,0.9990857040449338,1.0068723867791392,0.007733534891262628,0.0,0.0,0.0,0.002486122317700578,0.002486122317700578,5.444098502907677e-06,-5.544409850290768e-05
63,8.78,-0.04148471615720532,-1.0,0.0,0.8,0.0,0.0,0.0,0.0,0.0,0.0,0.0,0,0,-0.0,0.0,0.9990857040449338,1.0068723867791392,0.007733534891262628,0.0,0.0,0.0,0.0016159795065053756,0.0016159795065053756,2.732670982401726e-06,-5.273267098240173e-05
64,8.71,-0.007972665148063612,-1.0,0.0,0.8,0.0,0.0,0.0,0.0,0.0,0.0,0.0,0,0,-0.0,0.0,0.9990857040449338,1.0068723867791392,0.007733534891262628,0.0,0.0,0.0,0.0010503866792284941,0.0010503866792284941,1.3716670802469954e-06,-5.1371667080247e-05
65,8.39,-0.03673938002296214,-1.0,0.0,0.8,0.0,0.0,0.0,0.0,0.0,0.0,0.0,0,0,-0.0,0.0,0.9990857040449338,1.0068723867791392,0.007733534891262628,0.0,0.0,0.0,0.0006827513414985212,0.0006827513414985212,6.885097368654698e-07,-5.068850973686547e-05
66,8.58,0.02264600715137062,-1.0,0.0,0.8,0.0,0.0,0.0,0.0,0.0,0.0,0.0,0,0,0.0,0.0,0.9990857040449338,1.0068723867791392,0.007733534891262628,0.0,0.0,0.0,0.0004437883719740388,0.0004437883719740388,3.455981882084663e-07,-5.034559818820847e-05
67,8.2,-0.04428904428904438,-1.0,0.0,0.8,0.0,0.0,0.0,0.0,0.0,0.0,0.0,0,0,-0.0,0.0,0.9990857040449338,1.0068723867791392,0.007733534891262628,0.0,0.0,0.0,0.00028846244178312524,0.00028846244178312524,1.7347337488171486e-07,-5.0173473374881715e-05
68,8.43,0.028048780487804934,-1.0,0.0,0.8,0.0,0.0,0.0,0.0,0.0,0.0,0.0,0,0,0.0,0.0,0.9990857040449338,1.0068723867791392,0.007733534891262628,0.0,0.0,0.0,0.00018750058715903141,0.00018750058715903141,8.707514338790383e-08,-5.008707514338791e-05
69,9.47,0.12336892052194555,-1.0,0.0,0.8,0.0,0.0,0.0,0.0,0.0,0.0,0.0,1,0,0.0,0.0,0.9990857040449338,1.0068723867791392,0.007733534891262628,0.0,0.0,0.0,0.00012187538165337043,0.00012187538165337043,4.370746001335338e-08,-5.004370746001336e-05
70,9.01,-0.04857444561774032,-1.0,0.0,0.8,0.0,0.0,0.0,0.0,0.0,0.0,0.0,0,0,-0.0,0.0,0.9990857040449338,1.0068723867791392,0.007733534891262628,0.0,0.14934174411289752,0.11947339529031803,0.03512187538165337,0.03512187538165337,0.0003767162056556982,-0.0050339090115385865
71,9.01,0.0,-1.0,0.0,0.8,0.0,0.0,0.0,0.0,0.0,0.0,0.0,0,0,0.0,0.0,0.9990857040449338,1.0068723867791392,0.007733534891262628,0.0,0.06530628093180985,0.05224502474544788,0.04111497765898145,0.04111497765898145,0.00048471904157289166,-0.0025494178083192254
72,8.82,-0.021087680355160877,-1.0,0.0,0.8,0.0,0.0,0.0,0.0,0.0,0.0,0.0,0,0,-0.0,0.0,0.9990857040449338,1.0068723867791392,0.007733534891262628,0.0,0.0164928705514511,0.01319429644116088,0.03134273923274425,0.03134273923274425,0.000313985148248557,-0.0008727902047608233
73,8.91,0.010204081632653045,-1.0,0.0,0.8,0.0,0.0,0.0,0.0,0.0,0.0,0.0,0,0,0.0,0.0,0.9990857040449338,1.0068723867791392,0.007733534891262628,0.0,0.07161824008868053,0.05729459207094443,0.040425887726114315,0.040425887726114315,0.0004717862634569621,-0.0027312089701927566
74,8.89,-0.00224466891133553,-1.0,0.0,0.8,0.0,0.0,0.0,0.0,0.0,0.0,0.0,0,0,-0.0,0.0,0.9990857040449338,1.0068723867791392,0.007733534891262628,0.0,0.05102192330412181,0.04081753864329745,0.04056296554712841,0.04056296554712841,0.00047434847075953376,-0.0020983748046916914
75,8.92,0.003374578177727712,-1.0,0.0,0.8,0.0,0.0,0.0,0.0,0.0,0.0,0.0,0,0,0.0,0.0,0.9990857040449338,1.0068723867791392,0.007733534891262628,0.0,0.0,0.0,0.026365927605633468,0.026365927605633468,0.0002380997149296425,-0.0002880997149296425
76,9.07,0.01681614349775789,-1.0,0.0,0.8,0.0,0.0,0.0,0.0,0.0,0.0,0.0,0,0,0.0,0.0,0.9990857040449338,1.0068723867791392,0.007733534891262628,0.0,0.0,0.0,0.017137852943661755,0.017137852943661755,0.0001195144029004706,-0.0001695144029004706
77,9.17,0.011025358324145496,-1.0,0.0,0.8,0.0,0.0,0.0,0.0,0.0,0.0,0.0,0,0,0.0,0.0,0.9990857040449338,1.0068723867791392,0.007733534891262628,0.0,0.0,0.0,0.011139604413380142,0.011139604413380142,5.999038052135759e-05,-0.00010999038052135758
78,9.43,0.028353326063249706,-1.0,0.0,0.8,0.0,0.0,0.0,0.0,0.0,0.0,0.0,0,0,0.0,0.0,0.9990857040449338,1.0068723867791392,0.007733534891262628,0.0,0.11033362285413494,0.08826689828330796,0.03813415726785488,0.03813415726785488,0.00042972699084330276,-0.0038835192558933657
79,9.42,-0.0010604453870625436,-1.0,0.0,0.8,0.0,0.0,0.0,0.0,0.0,0.0,0.0,0,0,-0.0,0.0,0.9990857040449338,1.0068723867791392,0.007733534891262628,0.0,0.21764356148560798,0.1741148491884864,0.07313415726785488,0.07313415726785488,0.001218098490858792,-0.007982402362689798
80,9.61,0.02016985138004241,-1.0,0.0,0.8,0.0,0.0,0.0,0.0,0.0,0.0,0.0,0,0,0.0,0.0,0.9990857040449338,1.0068723867791392,0.007733534891262628,0.0,0.2287979021757015,0.18303832174056123,0.10813415726785489,0.10813415726785489,0.002277354434156814,-0.009385769716277205
81,9.35,-0.027055150884495296,1.0,0.1,0.8,0.1,0.1,0.0,0.1,0.1,0.0,0.0,0,0,-0.0,0.0001,0.9989857954745294,1.0068723867791392,0.007832761537773436,9.922664651080756e-05,0.3126577182293165,0.2501261745834532,0.1431341572678549,0.04313415726785488,0.0005233642998907932,-0.008945933430207158
82,9.21,-0.014973262032085433,-1.0,0.0,0.8,0.0,0.0,0.1,0.1,-0.0,0.1,0.0,0,0,-0.0014973262032085433,0.0,0.9974899878663323,1.0068723867791392,0.009318359541887963,0.0014855980041145276,0.15537389567887605,0.12429911654310084,0.13654189301419098,0.13654189301419098,0.003307618850542224,-0.008769591562265769
83,9.16,-0.005428881650380099,-1.0,0.0,0.8,0.0,0.0,0.1,0.0,-0.1,0.0,0.1,0,0,-0.0005428881650380099,0.0001,0.9968487133583891,1.0068723867791392,0.009955257043858908,0.0006368975019709448,0.053301581838208094,0.04264126547056648,0.10367667337392242,0.10367667337392242,0.0021290196654757828,-0.004766261630222512
84,9.41,0.027292576419213975,-1.0,0.0,0.8,0.0,0.0,0.0,0.0,0.0,0.0,0.0,0,0,0.0,0.0,0.9968487133583891,1.0068723867791392,0.009955257043858908,0.0,0.0,0.0,0.06738983769304957,0.06738983769304957,0.0010686636653802226,-0.0011186636653802225
85,9.49,0.008501594048884174,1.0,0.1,0.8,0.1,0.1,0.0,0.1,0.1,0.0,0.0,0,0,0.0,0.0001,0.9967490284870533,1.0068723867791392,0.010054261518154509,9.900447429560082e-05,0.060798201084933605,0.048638560867946885,0.06082689080426363,0.0,0.0,-0.001924593587991287
86,9.4,-0.009483667017913578,-1.0,0.0,0.8,0.0,0.0,0.1,0.1,-0.0,0.1,0.0,0,0,-0.0009483667017913578,0.0,0.9958037448983933,1.0068723867791392,0.010993093093110914,0.0009388315749564047,0.030268059163807204,0.024214447331045764,0.04801253558863738,0.04801253558863738,0.0006212371438163104,-0.0023065197720338938
87,9.71,0.032978723404255374,-1.0,0.0,0.8,0.0,0.0,0.1,0.0,-0.1,0.0,0.1,0,0,0.0032978723404255375,0.0001,0.9989881981506961,1.0068723867791392,0.007830375261023533,0.0,0.06212822839775492,0.049702582718203936,0.048604052083985674,0.048604052083985674,0.000633528199837815,0.00029768829451698366
88,9.68,-0.003089598352214329,1.0,0.1,0.8,0.1,0.1,0.0,0.1,0.1,0.0,0.0,0,0,-0.0,0.0001,0.998888299330881,1.0068723867791392,0.007929592223497452,9.92169624739192e-05,0.24065568539335147,0.1925245483146812,0.08360405208398569,0.0,0.0,-0.006564916683148468
89,9.84,0.016528925619834725,1.0,0.2,0.8,0.2,0.2,0.1,0.2,0.1,0.1,0.0,0,0,0.0016528925619834726,0.0001,1.0004394655411641,1.0068723867791392,0.006389013466297484,0.0,0.23212810283603888,0.18570248226883113,0.1186040520839857,0.0,0.0,-0.0036850744592749674
90,9.44,-0.040650406504065074,-1.0,0.1,0.8,0.1,0.1,0.2,0.1,-0.1,0.1,0.1,0,0,-0.008130081300813016,0.0001,0.9922057674032184,1.0068723867791392,0.014566512666850901,0.008177499200553417,0.22404121131308435,0.17923296905046748,0.1398241730222543,0.0398241730222543,0.0004606009324211417,-0.014726945485111734
91,9.34,-0.010593220338983014,-1.0,0.0,0.8,0.0,0.0,0.1,0.0,-0.1,0.0,0.1,0,0,-0.0010593220338983014,0.0001,0.991055481394907,1.0068723867791392,0.015708947421657404,0.0011424347548065032,0.0072547487876336025,0.005803799030106882,0.09291704212500272,0.09291704212500272,0.0017866627748397176,-0.0035197938088365154
92,9.25,-0.009635974304068507,-1.0,0.0,0.8,0.0,0.0,0.0,0.0,0.0,0.0,0.0,0,0,-0.0,0.0,0.991055481394907,1.0068723867791392,0.015708947421657404,0.0,0.0,0.0,0.06039607738125177,0.06039607738125177,0.000896817263231771,-0.000946817263231771
93,8.63,-0.06702702702702694,-1.0,0.0,0.8,0.0,0.0,0.0,0.0,0.0,0.0,0.0,0,0,-0.0,0.0,0.991055481394907,1.0068723867791392,0.015708947421657404,0.0,0.0,0.0,0.039257450297813655,0.039257450297813655,0.00045015837065429207,-0.0005001583706542921
94,8.55,-0.009269988412514491,-1.0,0.0,0.8,0.0,0.0,0.0,0.0,0.0,0.0,0.0,0,0,-0.0,0.0,0.991055481394907,1.0068723867791392,0.015708947421657404,0.0,0.0,0.0,0.025517342693578877,0.025517342693578877,0.0002259574686819522,-0.0002759574686819522
95,8.48,-0.008187134502924008,-1.0,0.0,0.8,0.0,0.0,0.0,0.0,0.0,0.0,0.0,0,0,-0.0,0.0,0.991055481394907,1.0068723867791392,0.015708947421657404,0.0,0.0,0.0,0.016586272750826272,0.016586272750826272,0.00011341958959675878,-0.00016341958959675877
96,8.61,0.015330188679245165,-1.0,0.0,0.8,0.0,0.0,0.0,0.0,0.0,0.0,0.0,0,0,0.0,0.0,0.991055481394907,1.0068723867791392,0.015708947421657404,0.0,0.0,0.0,0.010781077288037077,0.010781077288037077,5.693108255874469e-05,-0.0001069310825587447
97,8.28,-0.03832752613240419,-1.0,0.0,0.8,0.0,0.0,0.0,0.0,0.0,0.0,0.0,0,0,-0.0,0.0,0.991055481394907,1.0068723867791392,0.015708947421657404,0.0,0.0,0.0,0.0070077002372241,0.0070077002372241,2.857661690395701e-05,-7.857661690395701e-05
98,8.35,0.008454106280193273,-1.0,0.0,0.8,0.0,0.0,0.0,0.0,0.0,0.0,0.0,0,0,0.0,0.0,0.991055481394907,1.0068723867791392,0.015708947421657404,0.0,0.0,0.0,0.004555005154195665,0.004555005154195665,1.4344062978828551e-05,-6.434406297882855e-05
99,8.82,0.05628742514970068,-1.0,0.0,0.8,0.0,0.0,0.0,0.0,0.0,0.0,0.0,0,0,0.0,0.0,0.991055481394907,1.0068723867791392,0.015708947421657404,0.0,0.0,0.0,0.0029607533502271823,0.0029607533502271823,7.200017532939993e-06,-5.720001753293999e-05
100,8.92,0.011337868480725584,-1.0,0.0,0.8,0.0,0.0,0.0,0.0,0.0,0.0,0.0,0,0,0.0,0.0,0.991055481394907,1.0068723867791392,0.015708947421657404,0.0,0.04278508483690763,0.034228067869526105,0.013904313431981804,0.013904313431981804,8.553212570730475e-05,-0.0014554519929259049
101,9.12,0.02242152466367705,-1.0,0.0,0.8,0.0,0.0,0.0,0.0,0.0,0.0,0.0,0,0,0.0,0.0,0.991055481394907,1.0068723867791392,0.015708947421657404,0.0,0.12182788897272534,0.09746231117818027,0.04314961264315127,0.04314961264315127,0.0005236643743238464,-0.004332054749132423
102,8.78,-0.037280701754385956,-1.0,0.0,0.8,0.0,0.0,0.0,0.0,0.0,0.0,0.0,0,0,-0.0,0.0,0.991055481394907,1.0068723867791392,0.015708947421657404,0.0,0.17643957814307187,0.14115166251445752,0.07745033009810845,0.07745033009810845,0.0013351412808392435,-0.00682830226655301
103,8.74,-0.00455580865603635,-1.0,0.0,0.8,0.0,0.0,0.0,0.0,0.0,0.0,0.0,0,0,-0.0,0.0,0.991055481394907,1.0068723867791392,0.015708947421657404,0.0,0.1269251881489547,0.10154015051916376,0.0858817672454778,0.0858817672454778,0.0015751849118067936,-0.005540826966202046
104,8.74,0.0,-1.0,0.0,0.8,0.0,0.0,0.0,0.0,0.0,0.0,0.0,0,0,0.0,0.0,0.991055481394907,1.0068723867791392,0.015708947421657404,0.0,0.0866308332651816,0.06930466661214528,0.08007978202381141,0.08007978202381141,0.0014084018884407666,-0.004130963094671619
105,8.82,0.009153318077803212,-1.0,0.0,0.8,0.0,0.0,0.0,0.0,0.0,0.0,0.0,0,0,0.0,0.0,0.991055481394907,1.0068723867791392,0.015708947421657404,0.0,0.0,0.0,0.05205185831547742,0.05205185831547742,0.0007069488125621341,-0.0007569488125621341
106,8.91,0.010204081632653045,-1.0,0.0,0.8,0.0,0.0,0.0,0.0,0.0,0.0,0.0,0,0,0.0,0.0,0.991055481394907,1.0068723867791392,0.015708947421657404,0.0,0.0,0.0,0.03383370790506032,0.03383370790506032,0.0003548537016918596,-0.0004048537016918596
107,9.06,0.016835016835016876,-1.0,0.0,0.8,0.0,0.0,0.0,0.0,0.0,0.0,0.0,0,0,0.0,0.0,0.991055481394907,1.0068723867791392,0.015708947421657404,0.0,0.0,0.0,0.02199191013828921,0.02199191013828921,0.000178119189631354,-0.00022811918963135398
108,8.88,-0.01986754966887414,-1.0,0.0,0.8,0.0,0.0,0.0,0.0,0.0,0.0,0.0,0,0,-0.0,0.0,0.991055481394907,1.0068723867791392,0.015708947421657404,0.0,0.11838736184013506,0.09470988947210805,0.047443202905125804,0.047443202905125804,0.0006094925312337545,-0.004311742644001921
109,9.1,0.024774774774774643,-1.0,0.0,0.8,0.0,0.0,0.0,0.0,0.0,0.0,0.0,0,0,0.0,0.0,0.991055481394907,1.0068723867791392,0.015708947421657404,0.0,0.04824541633153893,0.03859633306523114,0.04434679846116267,0.04434679846116267,0.0005471036629656184,-0.0020854747567935943
110,9.05,-0.005494505494505378,-1.0,0.0,0.8,0.0,0.0,0.0,0.0,0.0,0.0,0.0,0,0,-0.0,0.0,0.991055481394907,1.0068723867791392,0.015708947421657404,0.0,0.1649441816666783,0.13195534533334263,0.07500978986642565,0.07500978986642565,0.0012684656326874563,-0.006406993637104481
111,8.75,-0.03314917127071831,-1.0,0.0,0.8,0.0,0.0,0.0,0.0,0.0,0.0,0.0,0,0,-0.0,0.0,0.991055481394907,1.0068723867791392,0.015708947421657404,0.0,0.1163750197745808,0.09310001581966465,0.0813413689500593,0.0813413689500593,0.0014440703480935494,-0.005084239708139367
112,8.6,-0.017142857142857182,-1.0,0.0,0.8,0.0,0.0,0.0,0.0,0.0,0.0,0.0,0,0,-0.0,0.0,0.991055481394907,1.0068723867791392,0.015708947421657404,0.0,0.0,0.0,0.05287188981753855,0.05287188981753855,0.0007248526334845639,-0.0007748526334845639
113,8.58,-0.0023255813953487877,-1.0,0.0,0.8,0.0,0.0,0.0,0.0,0.0,0.0,0.0,0,0,-0.0,0.0,0.991055481394907,1.0068723867791392,0.015708947421657404,0.0,0.0,0.0,0.03436672838140006,0.03436672838140006,0.0003638405434770899,-0.00041384054347708995
114,8.72,0.016317016317016382,-1.0,0.0,0.8,0.0,0.0,0.0,0.0,0.0,0.0,0.0,0,0,0.0,0.0,0.991055481394907,1.0068723867791392,0.015708947421657404,0.0,0.0,0.0,0.022338373447910037,0.022338373447910037,0.00018263014433888135,-0.00023263014433888134
115,8.6,-0.01376146788990837,-1.0,0.0,0.8,0.0,0.0,0.0,0.0,0.0,0.0,0.0,0,0,-0.0,0.0,0.991055481394907,1.0068723867791392,0.015708947421657404,0.0,0.0,0.0,0.014519942741141524,0.014519942741141524,9.167139346948792e-05,-0.00014167139346948793
116,8.6,0.0,-1.0,0.0,0.8,0.0,0.0,0.0,0.0,0.0,0.0,0.0,0,0,0.0,0.0,0.991055481394907,1.0068723867791392,0.015708947421657404,0.0,0.0,0.0,0.009437962781741992,0.009437962781741992,4.601455258691688e-05,-9.601455258691688e-05
117,8.38,-0.025581395348837077,-1.0,0.0,0.8,0.0,0.0,0.0,0.0,0.0,0.0,0.0,0,0,-0.0,0.0,0.991055481394907,1.0068723867791392,0.015708947421657404,0.0,0.0,0.0,0.006134675808132295,0.006134675808132295,2.309705317699656e-05,-7.309705317699656e-05
118,8.41,0.003579952267303026,-1.0,0.0,0.8,0.0,0.0,0.0,0.0,0.0,0.0,0.0,0,0,0.0,0.0,0.991055481394907,1.0068723867791392,0.015708947421657404,0.0,0.0,0.0,0.003987539275285992,0.003987539275285992,1.1593590189828064e-05,-6.159359018982807e-05
119,8.42,0.0011890606420927215,-1.0,0.0,0.8,0.0,0.0,0.0,0.0,0.0,0.0,0.0,0,0,0.0,0.0,0.991055481394907,1.0068723867791392,0.015708947421657404,0.0,0.0,0.0,0.002591900528935895,0.002591900528935895,5.81941481710507e-06,-5.581941481710507e-05
120,8.34,-0.009501187648456066,-1.0,0.0,0.8,0.0,0.0,0.0,0.0,0.0,0.0,0.0,0,0,-0.0,0.0,0.991055481394907,1.0068723867791392,0.015708947421657404,0.0,0.0,0.0,0.0016847353438083318,0.0016847353438083318,2.921061401950785e-06,-5.292106140195079e-05
121,8.47,0.015587529976019279,-1.0,0.0,0.8,0.0,0.0,0.0,0.0,0.0,0.0,0.0,0,0,0.0,0.0,0.991055481394907,1.0068723867791392,0.015708947421657404,0.0,0.0,0.0,0.0010950779734754156,0.0010950779734754156,1.4662298499303954e-06,-5.14662298499304e-05
122,8.56,0.010625737898465154,-1.0,0.0,0.8,0.0,0.0,0.0,0.0,0.0,0.0,0.0,0,0,0.0,0.0,0.991055481394907,1.0068723867791392,0.015708947421657404,0.0,0.0,0.0,0.0007118006827590202,0.0007118006827590202,7.359756187908886e-07,-5.073597561879089e-05
123,8.55,-0.0011682242990653955,-1.0,0.0,0.8,0.0,0.0,0.0,0.0,0.0,0.0,0.0,0,0,-0.0,0.0,0.991055481394907,1.0068723867791392,0.015708947421657404,0.0,0.042254369242575446,0.03380349539406036,0.012293893831714487,0.012293893831714487,7.024139373170981e-05,-0.0014237886848651622
124,8.94,0.045614035087719156,-1.0,0.0,0.8,0.0,0.0,0.0,0.0,0.0,0.0,0.0,0,0,0.0,0.0,0.991055481394907,1.0068723867791392,0.015708947421657404,0.0,0.02783463966433438,0.022267711731467507,0.015784730096628043,0.015784730096628043,0.00010477784054069267,-0.0010134764741854083
125,8.85,-0.010067114093959717,0.8855054378509521,0.08855054378509522,0.8,0.08855054378509522,0.08855054378509522,0.0,0.08855054378509522,0.08855054378509522,0.0,0.0,0,0,-0.0,8.855054378509522e-05,0.9909677228931082,1.0068723867791392,0.015796106929606063,8.715950794865868e-05,0.22080988525600237,0.17664790820480192,0.05078473009662804,0.0,0.0,-0.006117709092883859
126,8.99,0.015819209039548088,-1.0,0.0,0.8,0.0,0.0,0.08855054378509522,0.08855054378509522,-0.0,0.08855054378509522,0.0,0,0,0.001400799562702077,0.0,0.9923558700459888,1.0068723867791392,0.01441743454658331,0.0,0.2034942605243404,0.16279540841947232,0.08578473009662804,0.08578473009662804,0.001572338214294332,-0.0054799757627965
127,8.92,-0.007786429365962212,-0.8405439853668213,0.004496145248413089,0.8,0.004496145248413089,0.004496145248413089,0.08855054378509522,0.004496145248413089,-0.08405439853668213,0.0,0.08855054378509522,0,0,-0.000689492554500188,8.405439853668214e-05,0.9915882361863865,1.0068723867791392,0.015179828937056059,0.0007623943904727492,0.227435434558463,0.1819483476467704,0.11944199623917787,0.11494585099076478,0.002511188228010514,-0.010314776994547116
128,9.1,0.020179372197309385,-1.0,0.0,0.8,0.0,0.0,0.004496145248413089,0.0,-0.004496145248413089,0.0,0.004496145248413089,0,0,9.072938842089178e-05,4.4961452484130885e-06,0.9916737440558846,1.0068723867791392,0.015094904699763531,0.0,0.1639670528209968,0.13117364225679745,0.12354807234534472,0.12354807234534472,0.0028185616917403736,-0.007854200463840885
129,8.94,-0.0175824175824176,1.0,0.1,0.8,0.1,0.1,0.0,0.1,0.1,0.0,0.0,0,0,-0.0,0.0001,0.991574576681479,1.0068723867791392,0.015193395209293595,9.849050953006366e-05,0.2530891488359953,0.20247131906879626,0.15117120869855277,0.05117120869855277,0.000687909120780833,-0.007573609160749514
130,8.77,-0.019015659955257263,-1.0,0.0,0.8,0.0,0.0,0.1,0.1,-0.0,0.1,0.0,0,0,-0.0019015659955257263,0.0,0.9896890321844337,1.0068723867791392,0.017066069961132684,0.0018726747518390888,0.04331064880230927,0.03464851904184742,0.11038826731870591,0.11038826731870591,0.0023537842557068314,-0.005328764990332137
131,8.87,0.011402508551881374,-1.0,0.0,0.8,0.0,0.0,0.1,0.0,-0.1,0.0,0.1,0,0,0.0011402508551881375,0.0001,0.9907185570465339,1.0068723867791392,0.01604357209981632,0.0,0.0,0.0,0.07175237375715884,0.07175237375715884,0.0011814844883810838,-0.0004912336331929463
132,8.89,0.0022547914317927117,-1.0,0.0,0.8,0.0,0.0,0.0,0.0,0.0,0.0,0.0,0,0,0.0,0.0,0.9907185570465339,1.0068723867791392,0.01604357209981632,0.0,0.0,0.0,0.04663904294215325,0.04663904294215325,0.0005930473843984172,-0.0006430473843984172
133,8.7,-0.021372328458942776,-1.0,0.0,0.8,0.0,0.0,0.0,0.0,0.0,0.0,0.0,0,0,-0.0,0.0,0.9907185570465339,1.0068723867791392,0.01604357209981632,0.0,0.023501039168416928,0.018800831334733543,0.03689566887955635,0.03689566887955635,0.00040761542278654,-0.0011826224811322021
134,8.66,-0.00459770114942519,-1.0,0.0,0.8,0.0,0.0,0.0,0.0,0.0,0.0,0.0,0,0,-0.0,0.0,0.9907185570465339,1.0068723867791392,0.01604357209981632,0.0,0.0,0.0,0.02398218477171163,0.02398218477171163,0.00020460299115331393,-0.0002546029911533139
135,8.67,0.0011547344110854256,-1.0,0.0,0.8,0.0,0.0,0.0,0.0,0.0,0.0,0.0,0,0,0.0,0.0,0.9907185570465339,1.0068723867791392,0.01604357209981632,0.0,0.0,0.0,0.015588420101612559,0.015588420101612559,0.00010270068709055088,-0.00015270068709055088
136,8.62,-0.005767012687427994,-1.0,0.0,0.8,0.0,0.0,0.0,0.0,0.0,0.0,0.0,0,0,-0.0,0.0,0.9907185570465339,1.0068723867791392,0.01604357209981632,0.0,0.0,0.0,0.010132473066048163,0.010132473066048163,5.155071814648009e-05,-0.00010155071814648008
137,8.58,-0.004640371229698278,-1.0,0.0,0.8,0.0,0.0,0.0,0.0,0.0,0.0,0.0,0,0,-0.0,0.0,0.9907185570465339,1.0068723867791392,0.01604357209981632,0.0,0.0,0.0,0.006586107492931306,0.006586107492931306,2.5875937315538528e-05,-7.587593731553853e-05
138,8.38,-0.02331002331002323,-1.0,0.0,0.8,0.0,0.0,0.0,0.0,0.0,0.0,0.0,0,0,-0.0,0.0,0.9907185570465339,1.0068723867791392,0.01604357209981632,0.0,0.0,0.0,0.004280969870405349,0.004280969870405349,1.2988454012515005e-05,-6.2988454012515e-05
139,8.4,0.002386634844868684,-1.0,0.0,0.8,0.0,0.0,0.0,0.0,0.0,0.0,0.0,0,0,0.0,0.0,0.9907185570465339,1.0068723867791392,0.01604357209981632,0.0,0.0,0.0,0.002782630415763477,0.002782630415763477,6.51956818329099e-06,-5.651956818329099e-05
140,8.32,-0.009523809523809532,-1.0,0.0,0.8,0.0,0.0,0.0,0.0,0.0,0.0,0.0,0,0,-0.0,0.0,0.9907185570465339,1.0068723867791392,0.01604357209981632,0.0,0.0,0.0,0.0018087097702462601,0.0018087097702462601,3.272504122170721e-06,-5.3272504122170726e-05
141,8.72,0.04807692307692312,-1.0,0.0,0.8,0.0,0.0,0.0,0.0,0.0,0.0,0.0,0,0,0.0,0.0,0.9907185570465339,1.0068723867791392,0.01604357209981632,0.0,0.0,0.0,0.001175661350660069,0.001175661350660069,1.6426368938162495e-06,-5.1642636893816255e-05
142,8.97,0.0286697247706422,-1.0,0.0,0.8,0.0,0.0,0.0,0.0,0.0,0.0,0.0,0,0,0.0,0.0,0.9907185570465339,1.0068723867791392,0.01604357209981632,0.0,0.034488704980577656,0.027590963984462126,0.01042101727249079,0.01042101727249079,5.3919539214923326e-05,-0.001167896087865744
143,9.36,0.04347826086956508,1.0,0.1,0.8,0.1,0.1,0.0,0.1,0.1,0.0,0.0,0,0,0.0,0.0001,0.9906194851908292,1.0068723867791392,0.016141967742606365,9.839564279004454e-05,0.17212221715947446,0.13769777372757958,0.04542101727249079,0.0,0.0,-0.0047967532027144415
144,10.61,0.13354700854700854,1.0,0.2,0.8,0.2,0.2,0.1,0.1,0.0,0.1,0.0,1,0,0.013354700854700856,0.0,1.0038489120763905,1.0068723867791392,0.003002838038314256,0.0,0.40008739793223136,0.32006991834578513,0.08042101727249079,0.0,0.0,0.0030764459880492866
145,10.68,0.006597549481621139,1.0,0.2,0.8,0.2,0.2,0.1,0.2,0.1,0.0,0.1,0,0,0.000659754948162114,0.0001,1.0044108214721326,1.0068723867791392,0.002444763943602456,0.0,0.724180039525183,0.5793440316201464,0.1154210172724908,0.0,0.0,-0.01530653390558184
146,10.37,-0.029026217228464466,1.0,0.30000000000000004,0.8,0.30000000000000004,0.30000000000000004,0.2,0.30000000000000004,0.10000000000000003,0.1,0.1,0,0,-0.005805243445692894,0.00010000000000000003,0.9984795310518513,1.0068723867791392,0.008335570463041087,0.005890806519438631,0.7280255085901117,0.5824204068720894,0.1504210172724908,0.0,0.0,-0.018776887295160836
147,10.77,0.03857280617164902,0.247023344039917,0.32470233440399177,0.8,0.32470233440399177,0.32470233440399177,0.30000000000000004,0.32470233440399177,0.02470233440399172,0.10000000000000003,0.2,0,0,0.01157184185149471,2.4702334403991722e-05,1.0100091135018663,1.0100091135018663,0.0,0.0,0.6159328300958568,0.4927462640766854,0.18542101727249077,0.0,0.0,0.0014939225808882342
148,10.74,-0.0027855153203342024,0.07964116334915161,0.33266645073890694,0.8,0.33266645073890694,0.33266645073890694,0.32470233440399177,0.33266645073890694,0.007964116334915172,0.02470233440399172,0.30000000000000004,0,0,-0.0009044633270305984,7.964116334915173e-06,1.0090875534686579,1.0100091135018663,0.0009124274433655604,0.0009124274433655604,0.665122318258519,0.5320978546068152,0.2204210172724908,0.0,0.0,-0.011496973296488308
149,10.68,-0.005586592178770996,-1.0,0.23266645073890693,0.8,0.23266645073890693,0.23266645073890693,0.33266645073890694,0.23266645073890693,-0.1,0.007964116334915172,0.32470233440399177,0,0,-0.0018584717918374842,0.0001,1.0071112839596952,1.0100091135018663,0.0028691122717931293,0.001956684828427569,0.5861251531818678,0.46890012254549424,0.2554210172724908,0.022754566533583848,0.00018810472027553323,-0.01421886840723508
150,10.5,-0.016853932584269638,-1.0,0.13266645073890693,0.8,0.13266645073890693,0.13266645073890693,0.23266645073890693,0.13266645073890693,-0.1,0.0,0.23266645073890693,0,0,-0.00392134467537483,0.0001,1.003061342360434,1.0100091135018663,0.006878919257810701,0.004009806986017571,0.23057248736973693,0.18445798989578954,0.23058395769064532,0.0979175069517384,0.0019429720041525761,-0.011840970498970907
151,10.91,0.03904761904761906,1.0,0.23266645073890693,0.8,0.23266645073890693,0.23266645073890693,0.13266645073890693,0.23266645073890693,0.1,0.0,0.13266645073890693,0,0,0.005180309028852558,0.0001,1.0081572039545206,1.0100091135018663,0.0018335572645724323,0.0,0.12229578698380239,0.09783662958704192,0.18412239285438414,0.0,0.0,0.002390361759637669
152,11.98,0.09807516040329975,1.0,0.33266645073890694,0.8,0.33266645073890694,0.33266645073890694,0.23266645073890693,0.33266645073890694,0.1,0.1,0.13266645073890693,0,0,0.022818799476684738,0.0001,1.0310613253121383,1.0310613253121383,0.0,0.0,0.3638390699136264,0.29107125593090116,0.21912239285438412,0.0,0.0,0.016687116609366132
153,11.92,-0.005008347245409057,1.0,0.43266645073890697,0.8,0.43266645073890697,0.43266645073890697,0.33266645073890694,0.43266645073890697,0.10000000000000003,0.1,0.23266645073890693,0,0,-0.0016661091021982122,0.00010000000000000003,1.02924035852058,1.0310613253121383,0.0017661091021981916,0.0017661091021981916,0.6058855212318321,0.48470841698546574,0.2541223928543841,0.0,0.0,-0.009128515471271007
154,11.75,-0.014261744966442946,-0.08693814277648926,0.42397263646125805,0.8,0.42397263646125805,0.42397263646125805,0.43266645073890697,0.42397263646125805,-0.008693814277648926,0.10000000000000003,0.33266645073890694,0,0,-0.0061705785759743415,8.693814277648926e-06,1.0228804019902409,1.0310613253121383,0.007934468223236681,0.006168359121038489,0.5754155735554025,0.46033245884432206,0.28912239285438407,0.0,0.0,-0.013117347172588788
155,11.91,0.013617021276595757,-1.0,0.32397263646125807,0.8,0.32397263646125807,0.32397263646125807,0.42397263646125805,0.32397263646125807,-0.09999999999999998,0.0,0.42397263646125805,0,0,0.005773244411387349,9.999999999999998e-05,1.0286834525143498,1.0310613253121383,0.0023062379893540232,0.0,0.5169142071895457,0.4135313657516366,0.3241223928543841,0.00014975639312603262,6.077242712159958e-08,-0.00300165676184683
156,11.9,-0.000839630562552459,1.0,0.42397263646125805,0.8,0.42397263646125805,0.42397263646125805,0.32397263646125807,0.42397263646125805,0.09999999999999998,0.0,0.32397263646125807,0,0,-0.0002720173270035694,9.999999999999998e-05,1.0283007644460127,1.0310613253121383,0.002677397355865249,0.0003711593665112257,0.5780730512720683,0.46245844101765465,0.35912239285438413,0.0,0.0,-0.007616413688984778
157,12.13,0.01932773109243701,-1.0,0.32397263646125807,0.8,0.32397263646125807,0.32397263646125807,0.42397263646125805,0.32397263646125807,-0.09999999999999998,0.09999999999999998,0.32397263646125807,0,0,0.00819442910807475,9.999999999999998e-05,1.0366242720856,1.0366242720856,0.0,0.0,0.4694113456171713,0.37552907649373707,0.3648647321281577,0.04089209566689961,0.0004805216681094511,-0.0002822114603988899
158,12.27,0.011541632316570386,-1.0,0.22397263646125806,0.8,0.22397263646125806,0.22397263646125806,0.32397263646125807,0.22397263646125806,-0.1,0.0,0.32397263646125807,0,0,0.0037391730506657656,0.0001,1.04039672720024,1.04039672720024,0.0,0.0,0.26153260835802855,0.20922608668642284,0.3103912062235505,0.08641856976229242,0.0015909674926698413,-0.003555686411433779
159,13.54,0.10350448247758758,1.0,0.32397263646125807,0.8,0.32397263646125807,0.32397263646125807,0.22397263646125806,0.22397263646125806,0.0,0.0,0.22397263646125806,1,0,0.02318217182606338,0.0,1.0645153828974698,1.0645153828974698,0.0,0.0,0.30146403647165465,0.24117122917732373,0.28616421425737115,0.0,0.0,0.017055965996980317
160,14.01,0.03471196454948306,1.0,0.32397263646125807,0.8,0.32397263646125807,0.32397263646125807,0.22397263646125806,0.32397263646125807,0.1,0.0,0.22397263646125806,0,0,0.007774530216897447,0.0001,1.0726850383698687,1.0726850383698687,0.0,0.0,0.6718680110886177,0.5374944088708942,0.32116421425737113,0.0,0.0,-0.003540491020968677
161,12.64,-0.09778729478943607,1.0,0.42397263646125805,0.8,0.42397263646125805,0.42397263646125805,0.32397263646125807,0.42397263646125805,0.09999999999999998,0.1,0.22397263646125806,0,0,-0.03168040770534785,9.999999999999998e-05,1.0385946705110476,1.0726850383698687,0.03178040770534785,0.03178040770534785,0.7122001892860828,0.5697601514288663,0.3561642142573711,0.0,0.0,-0.08022105169280341
162,13.14,0.03955696202531645,-1.0,0.32397263646125807,0.7410979658379975,0.32397263646125807,0.32397263646125807,0.42397263646125805,0.32397263646125807,-0.09999999999999998,0.09999999999999998,0.32397263646125807,0,0,0.01677106948027128,9.999999999999998e-05,1.0559091544249766,1.0726850383698687,0.01563915161004392,0.0,0.33832233354135,0.250729993185059,0.3192622368820619,0.0,0.0,0.010923912322342898
163,13.0,-0.010654490106544944,0.616765022277832,0.38564913868904127,0.8,0.38564913868904127,0.38564913868904127,0.32397263646125807,0.38564913868904127,0.0616765022277832,0.0,0.32397263646125807,0,0,-0.0034517632499677557,6.16765022277832e-05,1.0521992812271126,1.0726850383698687,0.0190976441452822,0.0034584925352382813,0.42132475904806344,0.33705980723845075,0.325491386506798,0.0,0.0,-0.009410314337598584
164,12.14,-0.0661538461538461,-1.0,0.2856491386890413,0.8,0.2856491386890413,0.2856491386890413,0.38564913868904127,0.2856491386890413,-0.09999999999999998,0.0616765022277832,0.32397263646125807,0,0,-0.025512173790198097,9.999999999999998e-05,1.0252501703744024,1.0726850383698687,0.04422068575464788,0.02512304160936568,0.3227638883805122,0.2582111107044098,0.3019432899759621,0.0162941512869208,0.00011024039936607579,-0.05798526322656225
165,11.55,-0.04859967051070839,-1.0,0.1856491386890413,0.6788965702087161,0.1856491386890413,0.1856491386890413,0.2856491386890413,0.1856491386890413,-0.1,0.0,0.2856491386890413,0,0,-0.013882454021955051,0.0001,1.0109146570061407,1.0726850383698687,0.057584826071219244,0.013364140316571363,0.0,0.0,0.19626313848437538,0.01061399979533409,5.552601510072762e-05,-0.016994115462471572
166,11.68,0.011255411255411168,-1.0,0.08564913868904128,0.6120758704888117,0.08564913868904128,0.08564913868904128,0.1856491386890413,0.08564913868904128,-0.1,0.0,0.1856491386890413,0,0,0.002089557405158024,0.0001,1.01292592974797,1.0726850383698687,0.055709836983195975,0.0,0.0,0.0,0.127571040014844,0.04192190132580273,0.000500029401326557,0.0012279511082010832
167,12.01,0.028253424657534252,-1.0,0.0,0.6214508242949777,0.0,0.0,0.08564913868904128,0.0,-0.08564913868904128,0.0,0.08564913868904128,0,0,0.00241988148693353,8.564913868904128e-05,1.0152903342195634,1.0726850383698687,0.053505644338553066,0.0,0.0,0.0,0.08292117600964861,0.08292117600964861,0.001489205773893522,0.0005380791582838427
168,12.08,0.005828476269775211,-1.0,0.0,0.6324717789930263,0.0,0.0,0.0,0.0,0.0,0.0,0.0,0,0,0.0,0.0,1.0152903342195634,1.0726850383698687,0.053505644338553066,0.0,0.0,0.0,0.0538987644062716,0.0538987644062716,0.0007475084080441269,-0.000797508408044127
169,11.88,-0.01655629139072842,-1.0,0.0,0.6324717789930263,0.0,0.0,0.0,0.0,0.0,0.0,0.0,0,0,-0.0,0.0,1.0152903342195634,1.0726850383698687,0.053505644338553066,0.0,0.0,0.0,0.03503419686407654,0.03503419686407654,0.0003752126333997258,-0.0004252126333997258
170,12.12,0.02020202020202007,-1.0,0.0,0.6324717789930263,0.0,0.0,0.0,0.0,0.0,0.0,0.0,0,0,0.0,0.0,1.0152903342195634,1.0726850383698687,0.053505644338553066,0.0,0.0,0.0,0.022772227961649755,0.022772227961649755,0.00018833837686337603,-0.00023833837686337603
171,11.91,-0.017326732673267252,1.0,0.1,0.6324717789930263,0.1,0.1,0.0,0.1,0.1,0.0,0.0,0,0,-0.0,0.0001,1.0151888051861415,1.0726850383698687,0.05360029377411912,9.464943556605765e-05,0.13062637165508115,0.0826174936640934,0.04371807095750503,0.0,0.0,-0.0037261603887010935
172,11.49,-0.035264483627204024,-1.0,0.0,0.6319985367399731,0.0,0.0,0.1,0.1,-0.0,0.1,0.0,0,0,-0.0035264483627204025,0.0,1.0116087942862408,1.0726850383698687,0.05693772346861838,0.0033374296944992596,0.013964290090360945,0.008825410903720623,0.03150563993868049,0.03150563993868049,0.00031660026613446445,-0.004159327313186179
173,11.06,-0.03742384682332461,-1.0,0.0,0.6153113782452025,0.0,0.0,0.1,0.0,-0.1,0.0,0.1,0,0,-0.003742384682332461,0.0001,1.0077218041505627,1.0726850383698687,0.06056133151444806,0.0036236080458296738,0.0,0.0,0.02047866596014232,0.02047866596014232,0.00015891783732866572,-0.004351302519661126
174,11.07,0.0009041591320072139,-1.0,0.0,0.5964916696772856,0.0,0.0,0.0,0.0,0.0,0.0,0.0,0,0,0.0,0.0,1.0077218041505627,1.0726850383698687,0.06056133151444806,0.0,0.0,0.0,0.013311132874092508,0.013311132874092508,7.976897596950903e-05,-0.00012976897596950903
175,11.12,0.004516711833784908,-1.0,0.0,0.5964916696772856,0.0,0.0,0.0,0.0,0.0,0.0,0.0,0,0,0.0,0.0,1.0077218041505627,1.0726850383698687,0.06056133151444806,0.0,0.0,0.0,0.008652236368160132,0.008652236368160132,4.004012157593294e-05,-9.004012157593294e-05
176,11.57,0.04046762589928067,-1.0,0.0,0.5964916696772856,0.0,0.0,0.0,0.0,0.0,0.0,0.0,0,0,0.0,0.0,1.0077218041505627,1.0726850383698687,0.06056133151444806,0.0,0.0,0.0,0.0056239536393040855,0.0056239536393040855,2.0098181233118793e-05,-7.00981812331188e-05
177,12.38,0.07000864304235095,-1.0,0.0,0.5964916696772856,0.0,0.0,0.0,0.0,0.0,0.0,0.0,0,0,0.0,0.0,1.0077218041505627,1.0726850383698687,0.06056133151444806,0.0,0.0,0.0,0.0036555698655476557,0.0036555698655476557,1.0088303256353854e-05,-6.008830325635386e-05
178,12.83,0.036348949919224494,1.0,0.1,0.5964916696772856,0.1,0.1,0.0,0.1,0.1,0.0,0.0,0,0,0.0,0.0001,1.0076210319701475,1.0726850383698687,0.060655275381296704,9.394386684864753e-05,0.2474732673705312,0.1476157424543415,0.03865556986554766,0.0,0.0,-0.006740810298159706
179,12.9,0.005455962587685135,1.0,0.2,0.595904517360134,0.2,0.2,0.1,0.2,0.1,0.1,0.0,0,0,0.0005455962587685135,0.0001,1.00807002413225,1.0726850383698687,0.060236706886312566,0.0,0.45396360066283464,0.2705189603520551,0.07365556986554767,0.0,0.0,-0.009584017515548715
180,12.66,-0.018604651162790715,-1.0,0.1,0.5985205791890991,0.1,0.1,0.2,0.1,-0.1,0.1,0.1,0,0,-0.003720930232558143,0.0001,1.0042182589005075,1.0726850383698687,0.06382747686441899,0.003590769978106423,0.47328996647647864,0.2832737848598913,0.10865556986554767,0.008655569865547663,4.006480681317278e-05,-0.016327876174464465
181,12.44,-0.017377567140600365,-1.0,0.0,0.5760782662785073,0.0,0.0,0.1,0.0,-0.1,0.0,0.1,0,0,-0.0017377567140600366,0.0001,1.0023727500528314,1.0726850383698687,0.06554793420432993,0.0017204573399109413,0.41437500275200656,0.23871243317452764,0.14365556986554767,0.14365556986554767,0.0035876158812667707,-0.01855884143022621
182,13.03,0.04742765273311896,1.0,0.1,0.5653254020967807,0.1,0.1,0.0,0.1,0.1,0.0,0.0,0,0,0.0,0.0001,1.0022725127778263,1.0726850383698687,0.06564137941090942,9.344520657948718e-05,0.2596336176434187,0.1467774792921075,0.1447482381648436,0.04474823816484361,0.0005550492145106833,-0.007609596549710886
183,12.72,-0.02379125095932454,-1.0,0.0,0.5647413697102539,0.0,0.0,0.1,0.1,-0.0,0.1,0.0,0,0,-0.002379125095932454,0.0,0.9998879810897133,1.0726850383698687,0.06786433545375367,0.002222956042844254,0.2726354428436177,0.15396851342306628,0.14797533450522155,0.14797533450522155,0.0037617758638054683,-0.013130895385103257
184,12.49,-0.018081761006289342,-1.0,0.0,0.5508478995424876,0.0,0.0,0.1,0.0,-0.1,0.0,0.1,0,0,-0.0018081761006289343,0.0001,0.9979800187408919,1.0726850383698687,0.06964301445138459,0.0017786789976309142,0.0592414370096019,0.03263302114261779,0.10760552482831023,0.10760552482831023,0.002259567393460581,-0.006345341825835734
185,12.53,0.0032025620496396435,-0.2291707992553711,0.0,0.5397311676308678,0.0,0.0,0.0,0.0,0.0,0.0,0.0,0,0,0.0,0.0,0.9979800187408919,1.0726850383698687,0.06964301445138459,0.0,0.0,0.0,0.06994359113840165,0.06994359113840165,0.0011341922350583788,-0.0011841922350583787
186,12.32,-0.016759776536312776,1.0,0.1,0.5397311676308678,0.1,0.1,0.0,0.1,0.1,0.0,0.0,0,0,-0.0,0.0001,0.9978802207390178,1.0726850383698687,0.06973605014993946,9.303569855487193e-05,0.02252837668624241,0.012159267053693636,0.04971907770875385,0.0,0.0,-0.0009372321185050542
187,13.1,0.06331168831168826,-1.0,0.0,0.5391496963814212,0.0,0.0,0.1,0.1,-0.0,0.1,0.0,0,0,0.006331168831168826,0.0,1.0041979688898006,1.0726850383698687,0.06384639202588871,0.0,0.0,0.0,0.03231740051069,0.03231740051069,0.00032975262375428075,0.006045416207414545
188,14.73,0.12442748091603059,1.0,0.2,0.5759600348776628,0.2,0.2,0.1,0.1,0.0,0.0,0.1,1,0,0.01244274809160306,0.0,1.0166929512507958,1.0726850383698687,0.05219806850682153,0.0,0.12688200400293023,0.07307896345087544,0.04658394753975491,0.0,0.0,0.00921319238832746
189,16.43,0.1154107264086897,1.0,0.2,0.6390096634666635,0.2,0.2,0.1,0.1,0.0,0.0,0.1,1,0,0.01154107264086897,0.0,1.0284266784546408,1.0726850383698687,0.04125941756630282,0.0,0.6335397976223356,0.4048380528713868,0.0815839475397549,0.0,0.0,-0.004760254137787287
190,14.71,-0.10468654899573944,1.0,0.2,0.6937029041376462,0.2,0.2,0.1,0.2,0.1,0.0,0.1,0,1,-0.010468654899573944,0.0001,1.0175575918005386,1.0726850383698687,0.05139201592026103,0.010132598353958217,0.8428812780247289,0.5847091904090053,0.1165839475397549,0.0,0.0,-0.028998890504908087
191,13.9,-0.05506458191706325,1.0,0.30000000000000004,0.6430399246553083,0.30000000000000004,0.30000000000000004,0.2,0.30000000000000004,0.10000000000000003,0.1,0.1,0,0,-0.011012916383412652,0.00010000000000000003,1.0062495593675524,1.0726850383698687,0.061933817127976847,0.010541801207715813,0.613550358434025,0.39453737625965285,0.1515839475397549,0.0,0.0,-0.021992692620164685
192,14.0,0.007194244604316521,-1.0,0.20000000000000004,0.587913653254811,0.20000000000000004,0.20000000000000004,0.30000000000000004,0.20000000000000004,-0.1,0.10000000000000003,0.2,0,0,0.0021582733812949566,0.0001,1.0083206960505386,1.0726850383698687,0.060003020473878226,0.0,0.45253707583202796,0.266052725485657,0.18658394753975488,0.0,0.0,-0.007940527456676845
193,13.75,-0.017857142857142856,1.0,0.30000000000000004,0.5999811258167033,0.30000000000000004,0.30000000000000004,0.20000000000000004,0.30000000000000004,0.1,0.0,0.20000000000000004,0,0,-0.0035714285714285718,0.0001,1.0046187186378959,1.0726850383698687,0.06345415224156706,0.0034511317676888323,0.32042251958783285,0.1922474640393326,0.1885661783146071,0.0,0.0,-0.009450780412256861
194,12.99,-0.05527272727272726,-1.0,0.20000000000000004,0.5784115552907618,0.20000000000000004,0.20000000000000004,0.30000000000000004,0.20000000000000004,-0.1,0.1,0.20000000000000004,0,0,-0.01658181818181818,0.0001,0.9878598518315274,1.0726850383698687,0.07907743979280998,0.015623287551242926,0.0,0.0,0.12256801590449462,0.0,0.0,-0.024152393284304033
195,12.83,-0.012317167051578148,-1.0,0.10000000000000003,0.48076601550281106,0.10000000000000003,0.10000000000000003,0.20000000000000004,0.10000000000000003,-0.1,0.0,0.20000000000000004,0,0,-0.00246343341031563,0.0001,0.985327538882633,1.0726850383698687,0.08143816345195846,0.002360723659148481,0.0,0.0,0.0796692103379215,0.0,0.0,-0.0028194334103156297
196,12.32,-0.039750584567420096,-1.0,2.7755575615628914e-17,0.4660114910487055,2.7755575615628914e-17,2.7755575615628914e-17,0.10000000000000003,2.7755575615628914e-17,-0.1,0.0,0.10000000000000003,0,0,-0.003975058456742011,0.0001,0.9813122715626486,1.0726850383698687,0.08518135663202403,0.0037431931800655655,0.0,0.0,0.05178498671964898,0.05178498671964895,0.0007011584587628511,-0.0051262169155048614
197,12.24,-0.006493506493506499,-1.0,0.0,0.4426165282765634,0.0,0.0,2.7755575615628914e-17,0.0,-2.7755575615628914e-17,0.0,2.7755575615628914e-17,0,0,-1.80231010491097e-19,2.7755575615628914e-20,0.9813122715626486,1.0726850383698687,0.08518135663202403,0.0,0.0,0.0,0.033660241367771834,0.033660241367771834,0.00035194722749843933,-0.0004019472274984396
198,10.74,-0.12254901960784313,-1.0,0.0,0.4426165282765634,0.0,0.0,0.0,0.0,0.0,0.0,0.0,0,1,-0.0,0.0,0.9813122715626486,1.0726850383698687,0.08518135663202403,0.0,0.0,0.0,0.021879156889051694,0.021879156889051694,0.00017666028184612254,-0.00022666028184612253
199,11.0,0.02420856610800743,-1.0,0.0,0.4426165282765634,0.0,0.0,0.0,0.0,0.0,0.0,0.0,0,0,0.0,0.0,0.9813122715626486,1.0726850383698687,0.08518135663202403,0.0,0.0,0.0,0.014221451977883602,0.014221451977883602,8.867481469814915e-05,-0.00013867481469814915
200,10.78,-0.02000000000000006,-1.0,0.0,0.4426165282765634,0.0,0.0,0.0,0.0,0.0,0.0,0.0,0,0,-0.0,0.0,0.9813122715626486,1.0726850383698687,0.08518135663202403,0.0,0.0,0.0,0.009243943785624341,0.009243943785624341,4.451041671381593e-05,-9.451041671381593e-05
201,10.65,-0.012059369202226253,-1.0,0.0,0.4426165282765634,0.0,0.0,0.0,0.0,0.0,0.0,0.0,0,0,-0.0,0.0,0.9813122715626486,1.0726850383698687,0.08518135663202403,0.0,0.0,0.0,0.006008563460655821,0.006008563460655821,2.2342050589916785e-05,-7.234205058991678e-05
202,11.04,0.036619718309859044,-1.0,0.0,0.4426165282765634,0.0,0.0,0.0,0.0,0.0,0.0,0.0,0,0,0.0,0.0,0.9813122715626486,1.0726850383698687,0.08518135663202403,0.0,0.0,0.0,0.003905566249426284,0.003905566249426284,1.1214615845361443e-05,-6.121461584536144e-05
203,10.7,-0.030797101449275353,-1.0,0.0,0.4426165282765634,0.0,0.0,0.0,0.0,0.0,0.0,0.0,0,0,-0.0,0.0,0.9813122715626486,1.0726850383698687,0.08518135663202403,0.0,0.0,0.0,0.0025386180621270846,0.0025386180621270846,5.629188245406278e-06,-5.562918824540628e-05
204,10.43,-0.025233644859813047,-1.0,0.0,0.4426165282765634,0.0,0.0,0.0,0.0,0.0,0.0,0.0,0,0,-0.0,0.0,0.9813122715626486,1.0726850383698687,0.08518135663202403,0.0,0.0,0.0,0.001650101740382605,0.001650101740382605,2.825576973760257e-06,-5.2825576973760256e-05
205,10.71,0.026845637583892728,-1.0,0.0,0.4426165282765634,0.0,0.0,0.0,0.0,0.0,0.0,0.0,0,0,0.0,0.0,0.9813122715626486,1.0726850383698687,0.08518135663202403,0.0,0.0,0.0,0.0010725661312486934,0.0010725661312486934,1.4183013405457624e-06,-5.1418301340545766e-05
206,10.65,-0.0056022408963585894,-1.0,0.0,0.4426165282765634,0.0,0.0,0.0,0.0,0.0,0.0,0.0,0,0,-0.0,0.0,0.9813122715626486,1.0726850383698687,0.08518135663202403,0.0,0.0,0.0,0.0006971679853116507,0.0006971679853116507,7.119178529816913e-07,-5.071191785298169e-05
207,10.02,-0.05915492957746486,-1.0,0.0,0.4426165282765634,0.0,0.0,0.0,0.0,0.0,0.0,0.0,0,0,-0.0,0.0,0.9813122715626486,1.0726850383698687,0.08518135663202403,0.0,0.0,0.0,0.00045315919045257295,0.00045315919045257295,3.5734791676854356e-07,-5.035734791676855e-05
208,10.02,0.0,-1.0,0.0,0.4426165282765634,0.0,0.0,0.0,0.0,0.0,0.0,0.0,0,0,0.0,0.0,0.9813122715626486,1.0726850383698687,0.08518135663202403,0.0,0.0,0.0,0.00029455347379417243,0.00029455347379417243,1.7937116351835892e-07,-5.017937116351836e-05
209,10.32,0.029940119760479115,-1.0,0.0,0.4426165282765634,0.0,0.0,0.0,0.0,0.0,0.0,0.0,0,0,0.0,0.0,0.9813122715626486,1.0726850383698687,0.08518135663202403,0.0,0.0,0.0,0.0001914597579662121,0.0001914597579662121,9.003554461118957e-08,-5.009003554461119e-05
210,10.19,-0.012596899224806278,-1.0,0.0,0.4426165282765634,0.0,0.0,0.0,0.0,0.0,0.0,0.0,0,0,-0.0,0.0,0.9813122715626486,1.0726850383698687,0.08518135663202403,0.0,0.0,0.0,0.00012444884267803788,0.00012444884267803788,4.519343652807272e-08,-5.004519343652807e-05
211,9.86,-0.03238469087340531,-1.0,0.0,0.4426165282765634,0.0,0.0,0.0,0.0,0.0,0.0,0.0,0,0,-0.0,0.0,0.9813122715626486,1.0726850383698687,0.08518135663202403,0.0,0.0,0.0,8.089174774072463e-05,8.089174774072463e-05,2.2684893105684655e-08,-5.0022684893105686e-05
212,9.72,-0.014198782961460325,-1.0,0.0,0.4426165282765634,0.0,0.0,0.0,0.0,0.0,0.0,0.0,0,0,-0.0,0.0,0.9813122715626486,1.0726850383698687,0.08518135663202403,0.0,0.0,0.0,5.257963603147101e-05,5.257963603147101e-05,1.1386706007556724e-08,-5.001138670600756e-05
213,10.08,0.03703703703703698,-1.0,0.0,0.4426165282765634,0.0,0.0,0.0,0.0,0.0,0.0,0.0,0,0,0.0,0.0,0.9813122715626486,1.0726850383698687,0.08518135663202403,0.0,0.0,0.0,3.417676342045616e-05,3.417676342045616e-05,5.71556908372812e-09,-5.000571556908373e-05
214,10.22,0.013888888888888945,-1.0,0.0,0.4426165282765634,0.0,0.0,0.0,0.0,0.0,0.0,0.0,0,0,0.0,0.0,0.9813122715626486,1.0726850383698687,0.08518135663202403,0.0,0.0,0.0,2.22148962232965e-05,2.22148962232965e-05,2.8689359266138027e-09,-5.000286893592662e-05
215,10.45,0.022504892367905933,-1.0,0.0,0.4426165282765634,0.0,0.0,0.0,0.0,0.0,0.0,0.0,0,0,0.0,0.0,0.9813122715626486,1.0726850383698687,0.08518135663202403,0.0,0.0,0.0,1.4439682545142726e-05,1.4439682545142726e-05,1.4400654126372069e-09,-5.000144006541264e-05
216,10.29,-0.01531100478468901,-1.0,0.0,0.4426165282765634,0.0,0.0,0.0,0.0,0.0,0.0,0.0,0,0,-0.0,0.0,0.9813122715626486,1.0726850383698687,0.08518135663202403,0.0,0.05376545238079297,0.023797477874005477,0.008338503049556259,0.008338503049556259,3.774252349486228e-05,-0.0017464067294423256
217,10.5,0.020408163265306208,-1.0,0.0,0.4426165282765634,0.0,0.0,0.0,0.0,0.0,0.0,0.0,0,0,0.0,0.0,0.9813122715626486,1.0726850383698687,0.08518135663202403,0.0,0.09719448365916805,0.04301988492485413,0.020476986705910513,0.020476986705910513,0.00015889698777634147,-0.003207346808661676
218,10.2,-0.02857142857142864,0.6110403537750244,0.06110403537750245,0.4426165282765634,0.06110403537750245,0.06110403537750245,0.0,0.06110403537750245,0.06110403537750245,0.0,0.0,0,0,-0.0,6.110403537750244e-05,0.9812523094228907,1.0726850383698687,0.08523725574277236,5.589911074832532e-05,0.23544642137564972,0.10421247762443092,0.04978440852739265,0.0,0.0,-0.006675254475602148
219,9.9,-0.029411764705882252,-1.0,0.0,0.4422671426127051,0.0,0.0,0.06110403537750245,0.06110403537750245,-0.0,0.06110403537750245,0.0,0,0,-0.001797177511103007,0.0,0.979488824839678,1.0726850383698687,0.08688124677474623,0.0016439910319738793,0.008039015802446654,0.0035553925483664643,0.033604252934733486,0.033604252934733486,0.00035101104223178846,-0.0023404161467513868
220,9.9,0.0,-1.0,0.0,0.4319921866101305,0.0,0.0,0.06110403537750245,0.0,-0.06110403537750245,0.0,0.06110403537750245,0,0,0.0,6.110403537750244e-05,0.9794289741198732,1.0726850383698687,0.08693704201534716,5.5795240600925444e-05,0.0,0.0,0.021842764407576768,0.021842764407576768,0.00017619036266465244,-0.00047060650417466224
221,9.65,-0.025252525252525252,-1.0,0.0,0.43164349943820324,0.0,0.0,0.0,0.0,0.0,0.0,0.0,0,0,-0.0,0.0,0.9794289741198732,1.0726850383698687,0.08693704201534716,0.0,0.0,0.0,0.0141977968649249,0.0141977968649249,8.843893826964744e-05,-0.00013843893826964745
222,8.5,-0.11917098445595858,-1.0,0.0,0.43164349943820324,0.0,0.0,0.0,0.0,0.0,0.0,0.0,0,1,-0.0,0.0,0.9794289741198732,1.0726850383698687,0.08693704201534716,0.0,0.0,0.0,0.009228567962201185,0.009228567962201185,4.439201829188164e-05,-9.439201829188164e-05
223,8.92,0.04941176470588234,-1.0,0.0,0.43164349943820324,0.0,0.0,0.0,0.0,0.0,0.0,0.0,0,0,0.0,0.0,0.9794289741198732,1.0726850383698687,0.08693704201534716,0.0,0.0,0.0,0.00599856917543077,0.00599856917543077,2.2282620377217806e-05,-7.228262037721781e-05
224,8.73,-0.021300448430493217,-1.0,0.0,0.43164349943820324,0.0,0.0,0.0,0.0,0.0,0.0,0.0,0,0,-0.0,0.0,0.9794289741198732,1.0726850383698687,0.08693704201534716,0.0,0.0,0.0,0.0038990699640300006,0.0038990699640300006,1.1184784787449151e-05,-6.118478478744915e-05
225,8.76,0.0034364261168384146,-1.0,0.0,0.43164349943820324,0.0,0.0,0.0,0.0,0.0,0.0,0.0,0,0,0.0,0.0,0.9794289741198732,1.0726850383698687,0.08693704201534716,0.0,0.0,0.0,0.0025343954766195004,0.0025343954766195004,5.614214514440953e-06,-5.561421451444095e-05
226,8.63,-0.014840182648401713,-1.0,0.0,0.43164349943820324,0.0,0.0,0.0,0.0,0.0,0.0,0.0,0,0,-0.0,0.0,0.9794289741198732,1.0726850383698687,0.08693704201534716,0.0,0.0,0.0,0.0016473570598026753,0.0016473570598026753,2.818060893717734e-06,-5.2818060893717736e-05
227,8.51,-0.01390498261877184,-1.0,0.0,0.43164349943820324,0.0,0.0,0.0,0.0,0.0,0.0,0.0,0,0,-0.0,0.0,0.9794289741198732,1.0726850383698687,0.08693704201534716,0.0,0.0,0.0,0.001070782088871739,0.001070782088871739,1.4145286362453824e-06,-5.141452863624539e-05
228,8.47,-0.004700352526439383,-1.0,0.0,0.43164349943820324,0.0,0.0,0.0,0.0,0.0,0.0,0.0,0,0,-0.0,0.0,0.9794289741198732,1.0726850383698687,0.08693704201534716,0.0,0.0,0.0,0.0006960083577666304,0.0006960083577666304,7.100241400811395e-07,-5.071002414008114e-05
229,8.66,0.02243211334120419,-1.0,0.0,0.43164349943820324,0.0,0.0,0.0,0.0,0.0,0.0,0.0,0,0,0.0,0.0,0.9794289741198732,1.0726850383698687,0.08693704201534716,0.0,0.0,0.0,0.00045240543254830974,0.00045240543254830974,3.5639736558186437e-07,-5.035639736558187e-05
230,8.9,0.027713625866050834,-1.0,0.0,0.43164349943820324,0.0,0.0,0.0,0.0,0.0,0.0,0.0,0,0,0.0,0.0,0.9794289741198732,1.0726850383698687,0.08693704201534716,0.0,0.0,0.0,0.00029406353115640137,0.00029406353115640137,1.7889403334818687e-07,-5.017889403334819e-05
231,9.27,0.04157303370786508,-1.0,0.0,0.43164349943820324,0.0,0.0,0.0,0.0,0.0,0.0,0.0,0,0,0.0,0.0,0.9794289741198732,1.0726850383698687,0.08693704201534716,0.0,0.0,0.0,0.0001911412952516609,0.0001911412952516609,8.97960486193075e-08,-5.008979604861931e-05
232,9.19,-0.008629989212513492,-0.6050302982330322,0.0,0.43164349943820324,0.0,0.0,0.0,0.0,0.0,0.0,0.0,0,0,-0.0,0.0,0.9794289741198732,1.0726850383698687,0.08693704201534716,0.0,0.18610155866969919,0.08032952803509305,0.028239576654196148,0.028239576654196148,0.00026574376145508104,-0.006056976846415301
233,8.99,-0.021762785636561404,-1.0,0.0,0.43164349943820324,0.0,0.0,0.0,0.0,0.0,0.0,0.0,0,0,-0.0,0.0,0.9794289741198732,1.0726850383698687,0.08693704201534716,0.0,0.19153562823803555,0.0826751088397604,0.04729201291914363,0.04729201291914363,0.0006063878156319409,-0.006565261946775338
234,9.06,0.007786429365962212,-1.0,0.0,0.43164349943820324,0.0,0.0,0.0,0.0,0.0,0.0,0.0,0,0,0.0,0.0,0.9794289741198732,1.0726850383698687,0.08693704201534716,0.0,0.12152601481388832,0.05245591430704568,0.04909937840490935,0.04909937840490935,0.0006438898474824099,-0.004442967404490864
235,9.1,0.004415011037527499,-1.0,0.0,0.43164349943820324,0.0,0.0,0.0,0.0,0.0,0.0,0.0,0,0,0.0,0.0,0.9794289741198732,1.0726850383698687,0.08693704201534716,0.0,0.1005685640776572,0.043409766931955134,0.047108014389375376,0.047108014389375376,0.0006026173973632963,-0.0037551575991590204
236,9.0,-0.01098901098901095,-1.0,0.0,0.43164349943820324,0.0,0.0,0.0,0.0,0.0,0.0,0.0,0,0,-0.0,0.0,0.9794289741198732,1.0726850383698687,0.08693704201534716,0.0,0.04966524311734952,0.021437679339621884,0.03812339712196165,0.03812339712196165,0.00042953300061434127,-0.0020117057507845738
237,10.21,0.13444444444444453,-1.0,0.0,0.43164349943820324,0.0,0.0,0.0,0.0,0.0,0.0,0.0,1,0,0.0,0.0,0.9794289741198732,1.0726850383698687,0.08693704201534716,0.0,0.0,0.0,0.024780208129275075,0.024780208129275075,0.00021560454244827582,-0.0002656045424482758
238,10.25,0.00391772771792352,1.0,0.1,0.43164349943820324,0.1,0.1,0.0,0.1,0.1,0.0,0.0,0,0,0.0,0.0001,0.9793310312224612,1.0726850383698687,0.08702834831114557,9.130629579841287e-05,0.461903322959253,0.19937756672426654,0.05978020812927508,0.0,0.0,-0.012273105732348726
239,10.36,0.010731707317073116,1.0,0.2,0.4310728315306218,0.2,0.2,0.1,0.2,0.1,0.1,0.0,0,0,0.0010731707317073117,0.0001,0.9802840875186997,1.0726850383698687,0.08613987102084351,0.0,0.5192800509758734,0.22384752193153537,0.09478020812927507,0.0,0.0,-0.010467278369371554
240,10.21,-0.014478764478764342,1.0,0.30000000000000004,0.4366257958154991,0.30000000000000004,0.30000000000000004,0.2,0.30000000000000004,0.10000000000000003,0.1,0.1,0,0,-0.0028957528957528687,0.00010000000000000003,0.9773473986248551,1.0726850383698687,0.08887757014854587,0.002737699127702359,0.5364598905215772,0.23423222662207915,0.12978020812927507,0.0,0.0,-0.012534154990828309
241,10.1,-0.010773751224290029,-1.0,0.20000000000000004,0.41951516494606145,0.20000000000000004,0.20000000000000004,0.30000000000000004,0.20000000000000004,-0.1,0.10000000000000003,0.2,0,0,-0.003232125367287009,0.0001,0.9740907545652453,1.0726850383698687,0.09191354430975804,0.0030359741612121655,0.4761930970307461,0.1997702256470293,0.15427671426048906,0.0,0.0,-0.013841896263151124
242,9.63,-0.04653465346534642,1.0,0.30000000000000004,0.4005403522451913,0.30000000000000004,0.30000000000000004,0.20000000000000004,0.30000000000000004,0.1,0.0,0.20000000000000004,0,0,-0.009306930693069286,0.0001,0.9649275503482905,1.0726850383698687,0.10045585066175107,0.008542306351993031,0.4566966035464999,0.18292541845369753,0.16430376072811204,0.0,0.0,-0.01755745159477838
243,9.66,0.0031152647975077213,-1.0,0.20000000000000004,0.34857546761633745,0.20000000000000004,0.20000000000000004,0.30000000000000004,0.20000000000000004,-0.1,0.1,0.20000000000000004,0,0,0.0009345794392523165,0.0001,0.9657328590421793,1.0726850383698687,0.09970510961001361,0.0,0.0,0.0,0.10679744447327283,0.0,0.0,0.0006105794392523165
244,9.68,0.0020703933747411567,-1.0,0.10000000000000003,0.3518430780681422,0.10000000000000003,0.10000000000000003,0.20000000000000004,0.10000000000000003,-0.1,0.0,0.20000000000000004,0,0,0.00041407867494823144,0.0001,0.9660361751389013,1.0726850383698687,0.09942234618377722,0.0,0.0,0.0,0.06941833890762734,0.0,0.0,5.807867494823143e-05
245,9.74,0.006198347107438068,-1.0,2.7755575615628914e-17,0.35361035578568834,2.7755575615628914e-17,2.7755575615628914e-17,0.10000000000000003,2.7755575615628914e-17,-0.1,0.0,0.10000000000000003,0,0,0.000619834710743807,0.0001,0.9665383542745727,1.0726850383698687,0.09895419465960331,0.0,0.0,0.0,0.045121920289957776,0.04512192028995775,0.0005624839119702832,-0.00039264920122647625
246,9.72,-0.0020533880903490323,-0.16963768005371094,0.0,0.3565362919182847,0.0,0.0,2.7755575615628914e-17,0.0,-2.7755575615628914e-17,0.0,2.7755575615628914e-17,0,0,-5.699296840991442e-20,2.7755575615628914e-20,0.9665383542745727,1.0726850383698687,0.09895419465960331,0.0,0.0,0.0,0.029329248188472556,0.029329248188472556,0.0002823393925528807,-0.0003323393925528809
247,9.71,-0.0010288065843621179,-1.0,0.0,0.3565362919182847,0.0,0.0,0.0,0.0,0.0,0.0,0.0,0,0,-0.0,0.0,0.9665383542745727,1.0726850383698687,0.09895419465960331,0.0,0.0,0.0,0.019064011322507162,0.019064011322507162,0.00014172055571847375,-0.00019172055571847375
248,9.61,-0.01029866117404752,0.6548084616661072,0.06548084616661072,0.3565362919182847,0.06548084616661072,0.06548084616661072,0.0,0.06548084616661072,0.06548084616661072,0.0,0.0,0,0,-0.0,6.548084616661073e-05,0.9664750645252823,1.0726850383698687,0.09901319590137186,5.900124176855259e-05,0.05873419509014223,0.020940872126244434,0.019720912603815206,0.0,0.0,-0.0018322509376926947
249,9.76,0.015608740894901182,-1.0,0.0,0.3561675347448749,0.0,0.0,0.06548084616661072,0.06548084616661072,-0.0,0.06548084616661072,0.0,0,0,0.00102207356139351,0.0,0.9674628731364797,1.0726850383698687,0.0980923211097382,0.0,0.0,0.0,0.012818593192479884,0.012818593192479884,7.509907212020783e-05,0.0009771422676277904
250,9.31,-0.04610655737704911,-1.0,0.0,0.3619230151235972,0.0,0.0,0.06548084616661072,0.0,-0.06548084616661072,0.0,0.06548084616661072,0,0,-0.003019096390878563,6.548084616661073e-05,0.9644786591803165,1.0726850383698687,0.10087432500595946,0.002782003896221255,0.04856463117151222,0.017576657741959135,0.014483915784797623,0.014483915784797623,9.130773560375702e-05,-0.004920546382789916
251,9.41,0.010741138560687395,-1.0,0.0,0.34726772774014314,0.0,0.0,0.0,0.0,0.0,0.0,0.0,0,0,0.0,0.0,0.9644786591803165,1.0726850383698687,0.10087432500595946,0.0,0.0,0.0,0.009414545260118454,0.009414545260118454,4.5832014137865254e-05,-9.583201413786526e-05
252,9.2,-0.022316684378321027,-1.0,0.0,0.34726772774014314,0.0,0.0,0.0,0.0,0.0,0.0,0.0,0,0,-0.0,0.0,0.9644786591803165,1.0726850383698687,0.10087432500595946,0.0,0.0,0.0,0.006119454419076995,0.006119454419076995,2.3005427810073175e-05,-7.300542781007318e-05
253,9.38,0.019565217391304512,-1.0,0.0,0.34726772774014314,0.0,0.0,0.0,0.0,0.0,0.0,0.0,0,0,0.0,0.0,0.9644786591803165,1.0726850383698687,0.10087432500595946,0.0,0.0,0.0,0.003977645372400047,0.003977645372400047,1.1547598740314477e-05,-6.154759874031447e-05
254,10.01,0.0671641791044775,-1.0,0.0,0.34726772774014314,0.0,0.0,0.0,0.0,0.0,0.0,0.0,0,0,0.0,0.0,0.9644786591803165,1.0726850383698687,0.10087432500595946,0.0,0.0,0.0,0.0025854694920600303,0.0025854694920600303,5.796329360540085e-06,-5.579632936054009e-05
255,10.36,0.03496503496503493,1.0,0.1,0.34726772774014314,0.1,0.1,0.0,0.1,0.1,0.0,0.0,0,0,0.0,0.0001,0.9643822113143985,1.0726850383698687,0.10096423757345883,8.991256749937837e-05,0.12364145678628925,0.04293668775265577,0.01670839588326854,0.0,0.0,-0.0035459495850862625
256,10.2,-0.015444015444015458,1.0,0.2,0.34698674771938515,0.2,0.2,0.1,0.2,0.1,0.1,0.0,0,0,-0.001544401544401546,0.0001,0.9627963797167198,1.0726850383698687,0.10244261336966516,0.001478375796206327,0.38499669385699975,0.13358875068415613,0.05170839588326854,0.0,0.0,-0.010184330131712742
257,10.26,0.00588235294117652,-1.0,0.1,0.34236682895580534,0.1,0.1,0.2,0.1,-0.1,0.1,0.1,0,0,0.001176470588235304,0.0001,0.9638328017019443,1.0726850383698687,0.10147641924170427,0.0,0.28944341952815084,0.09909582570597782,0.06829399632121678,0.0,0.0,-0.006647169635590988
258,10.34,0.007797270955165699,-0.14632785320281982,0.08536721467971803,0.34538620002573533,0.08536721467971803,0.08536721467971803,0.1,0.08536721467971803,-0.014632785320281977,0.0,0.1,0,0,0.0007797270955165699,1.4632785320281977e-05,0.9645702246945069,1.0726850383698687,0.10078896396248897,0.0,0.3649641614491481,0.12605358486850024,0.088509852312766,0.003142637633047965,7.920651003170764e-06,-0.008888787565032644
259,10.62,0.027079303675048294,-1.0,0.0,0.34753448180857405,0.0,0.0,0.08536721467971803,0.0,-0.08536721467971803,0.0,0.08536721467971803,0,0,0.002311684730205125,8.536721467971802e-05,0.9667176642806987,1.0726850383698687,0.0987870346828048,0.0,0.350302662213589,0.12174225418856362,0.10014119296929516,0.10014119296929516,0.0020140507247574024,-0.01090067198256037
260,10.37,-0.02354048964218456,1.0,0.1,0.3575810495824622,0.1,0.1,0.0,0.1,0.1,0.0,0.0,0,0,-0.0,0.0001,0.9666209925142707,1.0726850383698687,0.09887715597933647,9.012129653167278e-05,0.2909388272715324,0.10403421122004523,0.1015037493570577,0.0015037493570576876,2.4354023145799056e-06,-0.007864657145920115
261,9.84,-0.05110896817743485,-1.0,0.0,0.35701778568934883,0.0,0.0,0.1,0.1,-0.0,0.1,0.0,0,0,-0.005110896817743485,0.0,0.9616806923596655,1.0726850383698687,0.10348270185523763,0.00460554587590116,0.08088083711696965,0.028875897372201403,0.076084001162358,0.076084001162358,0.001297655275449439,-0.00845127769081074
262,9.57,-0.02743902439024386,-1.0,0.0,0.3391165597365667,0.0,0.0,0.1,0.0,-0.1,0.0,0.1,0,0,-0.002743902439024386,0.0001,0.9589457662931012,1.0726850383698687,0.10603230958605898,0.002549607730821357,0.0,0.0,0.0494546007555327,0.0494546007555327,0.0006513594334281898,-0.003845261872452576
263,9.28,-0.030303030303030398,-1.0,0.0,0.33114902526163775,0.0,0.0,0.0,0.0,0.0,0.0,0.0,0,0,-0.0,0.0,0.9589457662931012,1.0726850383698687,0.10603230958605898,0.0,0.0,0.0,0.03214549049109626,0.03214549049109626,0.00032695055423633066,-0.0003769505542363307
264,9.19,-0.00969827586206895,-1.0,0.0,0.33114902526163775,0.0,0.0,0.0,0.0,0.0,0.0,0.0,0,0,-0.0,0.0,0.9589457662931012,1.0726850383698687,0.10603230958605898,0.0,0.0,0.0,0.020894568819212568,0.020894568819212568,0.0001641131753520981,-0.0002141131753520981
265,9.3,0.011969532100108945,-1.0,0.0,0.33114902526163775,0.0,0.0,0.0,0.0,0.0,0.0,0.0,0,0,0.0,0.0,0.9589457662931012,1.0726850383698687,0.10603230958605898,0.0,0.0,0.0,0.01358146973248817,0.01358146973248817,8.23767813670086e-05,-0.0001323767813670086
266,9.24,-0.006451612903225859,-1.0,0.0,0.33114902526163775,0.0,0.0,0.0,0.0,0.0,0.0,0.0,0,0,-0.0,0.0,0.9589457662931012,1.0726850383698687,0.10603230958605898,0.0,0.0,0.0,0.00882795532611731,0.00882795532611731,4.1349112244211904e-05,-9.13491122442119e-05
267,9.81,0.061688311688311716,-1.0,0.0,0.33114902526163775,0.0,0.0,0.0,0.0,0.0,0.0,0.0,0,0,0.0,0.0,0.9589457662931012,1.0726850383698687,0.10603230958605898,0.0,0.0,0.0,0.005738170961976252,0.005738170961976252,2.075523047892691e-05,-7.075523047892691e-05
268,10.44,0.06422018348623842,0.8894062042236328,0.08894062042236328,0.33114902526163775,0.08894062042236328,0.08894062042236328,0.0,0.08894062042236328,0.08894062042236328,0.0,0.0,0,0,0.0,8.894062042236328e-05,0.9588604770616956,1.0726850383698687,0.10611181962708204,7.951004102305093e-05,0.08343803218537475,0.02763042302793601,0.013400459185062165,0.0,0.0,-0.0025074961227418728
269,10.64,0.019157088122605467,1.0,0.1889406204223633,0.3309005716817978,0.1889406204223633,0.1889406204223633,0.08894062042236328,0.1889406204223633,0.1,0.08894062042236328,0.0,0,0,0.0017038433031104168,0.0001,0.9603983390164483,1.0726850383698687,0.10467816305526134,0.0,0.41516269051688426,0.1373775716329903,0.04840045918506217,0.0,0.0,-0.00778346019146822
270,11.24,0.056390977443608985,1.0,0.2889406204223633,0.3353807454930583,0.2889406204223633,0.2889406204223633,0.1889406204223633,0.2889406204223633,0.1,0.1,0.08894062042236328,0,0,0.010654546264418975,0.0001,0.9705349077178685,1.0726850383698687,0.09522844730568356,0.0,0.48896072616518255,0.16398801285810605,0.08340045918506217,0.0,0.0,0.0016138886347708045
271,11.31,0.006227758007117463,1.0,0.3889406204223633,0.37982219681694207,0.37982219681694207,0.37982219681694207,0.2889406204223633,0.37982219681694207,0.09088157639457878,0.1,0.1889406204223633,0,0,0.0017994522624168606,9.088157639457878e-05,0.9721931352109568,1.0726850383698687,0.09368258115320298,0.0,0.6117957589622047,0.23237360917231298,0.11840045918506217,0.0,0.0,-0.010246351330996328
272,12.04,0.06454465075154718,-1.0,0.2798221968169421,0.38948387690414765,0.2798221968169421,0.2798221968169421,0.37982219681694207,0.2798221968169421,-0.09999999999999998,0.09088157639457878,0.2889406204223633,0,0,0.024515491041234943,9.999999999999998e-05,0.99592970799405,1.0726850383698687,0.07155439633283389,0.0,0.6189240274316354,0.2410609297132024,0.15340045918506218,0.0,0.0,0.012914625642381276
273,11.72,-0.026578073089700876,1.0,0.37982219681694207,0.5277849998343163,0.37982219681694207,0.37982219681694207,0.2798221968169421,0.37982219681694207,0.09999999999999998,0.0,0.2798221968169421,0,0,-0.0074371347991213504,9.999999999999998e-05,0.9884232515344493,1.0726850383698687,0.07855221600132489,0.006997819668491001,0.6892551704139045,0.3637785400027042,0.18840045918506215,0.0,0.0,-0.017416072408097033
274,12.1,0.03242320819112619,-1.0,0.2798221968169421,0.4840486481814762,0.2798221968169421,0.2798221968169421,0.37982219681694207,0.2798221968169421,-0.09999999999999998,0.09999999999999998,0.2798221968169421,0,0,0.012315054163006621,9.999999999999998e-05,1.0004968950879178,1.0726850383698687,0.06729668141139855,0.0,0.5105515712056099,0.24713179786900416,0.20895642772444184,0.0,0.0,0.0026917116623579192
275,11.77,-0.02727272727272728,-0.003156423568725586,0.27950655446006956,0.5543957263242678,0.27950655446006956,0.27950655446006956,0.2798221968169421,0.27950655446006956,-0.0003156423568725364,0.0,0.2798221968169421,0,0,-0.007631514458643877,3.156423568725364e-07,0.992861272768028,1.0726850383698687,0.07441491467350636,0.007118233262107809,0.5665591541534134,0.31409797377254445,0.24395642772444187,0.0,0.0,-0.017885678846675673
276,11.9,0.011045029736618589,-1.0,0.17950655446006955,0.5099067728988997,0.17950655446006955,0.17950655446006955,0.27950655446006956,0.17950655446006955,-0.1,0.0,0.27950655446006956,0,0,0.0030871582055912714,0.0001,0.9958271064659909,1.0726850383698687,0.07165004559090037,0.0,0.31673064204093837,0.16150309956129147,0.21509776286733923,0.035591208407269675,0.00038480292160711886,-0.004741224759593271
277,11.18,-0.06050420168067232,1.0,0.27950655446006956,0.5271872304398143,0.27950655446006956,0.27950655446006956,0.17950655446006955,0.27950655446006956,0.1,0.0,0.17950655446006955,0,0,-0.010860900774054638,0.0001,0.9849119443639033,1.0726850383698687,0.08182559732477664,0.01017555173387627,0.3347584423649275,0.17648037609671233,0.20158167749761982,0.0,0.0,-0.017280953606486803
278,11.35,0.015205724508050083,-1.0,0.17950655446006955,0.46359000578863707,0.17950655446006955,0.17950655446006955,0.27950655446006956,0.17950655446006955,-0.1,0.1,0.17950655446006955,0,0,0.004250099665314115,0.0001,0.9889994270945718,1.0726850383698687,0.0780150820435342,0.0,0.0,0.0,0.1310280903734529,0.0,0.0,0.003920519380687674
279,11.03,-0.028193832599118968,-1.0,0.07950655446006955,0.48740574009997994,0.07950655446006955,0.07950655446006955,0.17950655446006955,0.07950655446006955,-0.1,0.0,0.17950655446006955,0,0,-0.0050609777468918335,0.0001,0.9838952230596479,1.0726850383698687,0.0827734256880774,0.004758343644543195,0.004390099931632391,0.002139759906290157,0.08591717470994595,0.006410620249876403,2.4781641423272527e-05,-0.0055668421321447325
280,11.32,0.026291931097008246,-1.0,0.0,0.45766609572229977,0.0,0.0,0.07950655446006955,0.0,-0.07950655446006955,0.0,0.07950655446006955,0,0,0.002090380851624682,7.950655446006955e-05,0.9858737126748015,1.0726850383698687,0.08092899834511733,0.0,0.0,0.0,0.055846163561464865,0.055846163561464865,0.0007911873544323857,0.0009311672793520181
281,11.16,-0.01413427561837457,0.9888195395469666,0.09888195395469666,0.4691937737199583,0.09888195395469666,0.09888195395469666,0.0,0.09888195395469666,0.09888195395469666,0.0,0.0,0,0,-0.0,9.888195395469667e-05,0.9857762275557397,1.0726850383698687,0.08101987788158403,9.087953646670643e-05,0.0,0.0,0.036300006314952164,0.0,0.0,-0.0003519534233321776
282,11.47,0.02777777777777782,-1.0,0.0,0.4686257600817145,0.0,0.0,0.09888195395469666,0.09888195395469666,-0.0,0.09888195395469666,0.0,0,0,0.0027467209431860226,0.0,0.9884838797652619,1.0726850383698687,0.0784956959337898,0.0,0.0,0.0,0.023595004104718906,0.023595004104718906,0.0001993434997186382,0.0025909518359539933
283,11.96,0.04272013949433306,0.7580404281616211,0.17468599677085878,0.484401898834019,0.17468599677085878,0.17468599677085878,0.09888195395469666,0.17468599677085878,0.07580404281616211,0.0,0.09888195395469666,0,0,0.00422425086641686,7.580404281616211e-05,0.9925845525764545,1.0726850383698687,0.07467288433065201,0.0,0.15860587873197024,0.07682898882400453,0.04222689875646887,0.0,0.0,0.0003955537059383477
284,12.08,0.010033444816053446,1.0,0.2746859967708588,0.5082944672577657,0.2746859967708588,0.2746859967708588,0.17468599677085878,0.2746859967708588,0.10000000000000003,0.07580404281616211,0.09888195395469666,0,0,0.001752702308737702,0.00010000000000000003,0.9942249993581151,1.0726850383698687,0.07314359407024754,0.0,0.28268809847573295,0.1436887964148335,0.07722689875646888,0.0,0.0,-0.0037745496768293104
285,12.15,0.00579470198675499,-1.0,0.1746859967708588,0.517852537708548,0.1746859967708588,0.1746859967708588,0.2746859967708588,0.1746859967708588,-0.1,0.10000000000000003,0.17468599677085878,0,0,0.0015917234912218704,0.0001,0.9957081081452178,1.0726850383698687,0.07176098059653253,0.0,0.3802625877466112,0.19691994606020202,0.11222689875646888,0.0,0.0,-0.00735720519591405
286,12.26,0.009053497942386784,1.0,0.2746859967708588,0.5264938607830304,0.2746859967708588,0.2746859967708588,0.1746859967708588,0.2746859967708588,0.1,0.0,0.1746859967708588,0,0,0.0015815193123287546,0.0001,0.9971832689368773,1.0726850383698687,0.07038577656282922,0.0,0.31835843940602926,0.16761376387574078,0.13161230154821404,0.0,0.0,-0.0046043208886961656
287,12.31,0.004078303425774935,1.0,0.3746859967708588,0.5350888971255556,0.3746859967708588,0.3746859967708588,0.2746859967708588,0.3746859967708588,0.09999999999999998,0.1,0.1746859967708588,0,0,0.0011202528416429964,9.999999999999998e-05,0.9982006480006489,1.0726850383698687,0.06943733500973576,0.0,0.3704682394540992,0.19823344166954018,0.1549297005906782,0.0,0.0,-0.00446069611528447
288,12.05,-0.02112103980503654,-1.0,0.2746859967708588,0.5410166721805775,0.2746859967708588,0.2746859967708588,0.3746859967708588,0.2746859967708588,-0.09999999999999998,0.09999999999999998,0.2746859967708588,0,0,-0.0079137578521871,9.999999999999998e-05,0.9902013097196755,1.0726850383698687,0.07689463887325362,0.007457303863517867,0.3011544985939619,0.16292960464151565,0.1577296670084713,0.0,0.0,-0.013781958457324682
289,12.16,0.009128630705394143,-1.0,0.1746859967708588,0.49440849423672484,0.1746859967708588,0.1746859967708588,0.2746859967708588,0.1746859967708588,-0.1,0.0,0.2746859967708588,0,0,0.0025075070244642583,0.0001,0.9925852263284592,1.0726850383698687,0.07467225623202041,0.0,0.07361718150242008,0.03639695985656319,0.11526321950530347,0.0,0.0,0.0005081408699652707
290,12.26,0.008223684210526286,-1.0,0.0746859967708588,0.508298378812579,0.0746859967708588,0.0746859967708588,0.1746859967708588,0.0746859967708588,-0.1,0.0,0.1746859967708588,0,0,0.0014365624734445574,0.0001,0.9939118784936652,1.0726850383698687,0.07343549789406309,0.0,0.07488568009028646,0.03806426978617003,0.08824358710360676,0.013557590332747962,8.214516339975177e-05,-0.0010232546033674711
291,11.83,-0.03507340946166392,-1.0,0.0,0.5160281233510506,0.0,0.0,0.0746859967708588,0.0,-0.0746859967708588,0.0,0.0746859967708588,0,0,-0.00261949254579684,7.46859967708588e-05,0.9912341024374245,1.0726850383698687,0.0759318280939418,0.0024963301998787157,0.08808229046968007,0.04545293905153114,0.07326686028538029,0.07326686028538029,0.00122163682801917,-0.006907212021889075
292,11.12,-0.06001690617075239,-1.0,0.0,0.5004260953540661,0.0,0.0,0.0,0.0,0.0,0.0,0.0,0,0,-0.0,0.0,0.9912341024374245,1.0726850383698687,0.0759318280939418,0.0,0.0,0.0,0.047623459185497194,0.047623459185497194,0.0006132018936061279,-0.0006632018936061279
293,11.31,0.017086330935251914,-1.0,0.0,0.5004260953540661,0.0,0.0,0.0,0.0,0.0,0.0,0.0,0,0,0.0,0.0,0.9912341024374245,1.0726850383698687,0.0759318280939418,0.0,0.0,0.0,0.03095524847057318,0.03095524847057318,0.00030779733689908085,-0.0003577973368990809
294,11.44,0.01149425287356313,-1.0,0.0,0.5004260953540661,0.0,0.0,0.0,0.0,0.0,0.0,0.0,0,0,0.0,0.0,0.9912341024374245,1.0726850383698687,0.0759318280939418,0.0,0.0,0.0,0.020120911505872568,0.020120911505872568,0.00015449919771940432,-0.00020449919771940432
295,11.44,0.0,-1.0,0.0,0.5004260953540661,0.0,0.0,0.0,0.0,0.0,0.0,0.0,0,0,0.0,0.0,0.9912341024374245,1.0726850383698687,0.0759318280939418,0.0,0.0,0.0,0.01307859247881717,0.01307859247881717,7.755103515975503e-05,-0.00012755103515975504
296,11.16,-0.02447552447552442,-1.0,0.0,0.5004260953540661,0.0,0.0,0.0,0.0,0.0,0.0,0.0,0,0,-0.0,0.0,0.9912341024374245,1.0726850383698687,0.0759318280939418,0.0,0.0,0.0,0.00850108511123116,0.00850108511123116,3.8926823848446514e-05,-8.892682384844652e-05
297,12.54,0.12365591397849453,-1.0,0.0,0.5004260953540661,0.0,0.0,0.0,0.0,0.0,0.0,0.0,1,0,0.0,0.0,0.9912341024374245,1.0726850383698687,0.0759318280939418,0.0,0.0,0.0,0.005525705322300254,0.005525705322300254,1.9539360265230155e-05,-6.953936026523016e-05
298,12.29,-0.019936204146730464,1.0,0.1,0.5004260953540661,0.1,0.1,0.0,0.1,0.1,0.0,0.0,0,0,-0.0,0.0001,0.9911349790271807,1.0726850383698687,0.07602423491113243,9.240681719062394e-05,0.4257876511353982,0.2130752517076666,0.04052570532230025,0.0,0.0,-0.011341321399293272
299,11.98,-0.02522375915378346,0.43540158867836,0.143540158867836,0.49984853565943277,0.143540158867836,0.143540158867836,0.1,0.143540158867836,0.04354015886783599,0.1,0.0,0,0,-0.0025223759153783464,4.3540158867835994e-05,0.9885918098527472,1.0726850383698687,0.0783950791789879,0.002370844267855471,0.30508624454467026,0.15249691258548903,0.07552570532230024,0.0,0.0,-0.009950446697646557
300,12.02,0.0033388981636059386,-1.0,0.04354015886783599,0.4850307744025124,0.04354015886783599,0.04354015886783599,0.143540158867836,0.04354015886783599,-0.1,0.04354015886783599,0.1,0,0,0.0004792659728475223,0.0001,0.98896674908726,1.0726850383698687,0.07804554579211173,0.0,0.1589397826378768,0.07709068585621638,0.07607344850917089,0.032533289641334895,0.00033328422221281525,-0.004710928034096377
301,11.35,-0.05574043261231281,-1.0,0.0,0.4872153311996046,0.0,0.0,0.04354015886783599,0.0,-0.04354015886783599,0.0,0.04354015886783599,0,0,-0.0024269472913020064,4.3540158867835994e-05,0.9865235191450047,1.0726850383698687,0.08032322270086048,0.002277676908748749,0.1691436140921722,0.0824093619602158,0.0782910182170366,0.0782910182170366,0.0013584044422468478,-0.009227592863763711
302,11.55,0.017621145374449435,-1.0,0.0,0.47297987938244795,0.0,0.0,0.0,0.0,0.0,0.0,0.0,0,0,0.0,0.0,0.9865235191450047,1.0726850383698687,0.08032322270086048,0.0,0.0,0.0,0.05088916184107379,0.05088916184107379,0.000681852541740557,-0.000731852541740557
303,11.18,-0.03203463203463212,-1.0,0.0,0.47297987938244795,0.0,0.0,0.0,0.0,0.0,0.0,0.0,0,0,-0.0,0.0,0.9865235191450047,1.0726850383698687,0.08032322270086048,0.0,0.0,0.0,0.03307795519669796,0.03307795519669796,0.00034225660209786976,-0.0003922566020978698
304,11.59,0.03667262969588552,-1.0,0.0,0.47297987938244795,0.0,0.0,0.0,0.0,0.0,0.0,0.0,0,0,0.0,0.0,0.9865235191450047,1.0726850383698687,0.08032322270086048,0.0,0.0,0.0,0.021500670877853678,0.021500670877853678,0.00017179606221098592,-0.00022179606221098592
305,11.77,0.015530629853321804,-1.0,0.0,0.47297987938244795,0.0,0.0,0.0,0.0,0.0,0.0,0.0,0,0,0.0,0.0,0.9865235191450047,1.0726850383698687,0.08032322270086048,0.0,0.0,0.0,0.01397543607060489,0.01397543607060489,8.623321452470128e-05,-0.0001362332145247013
306,12.15,0.03228547153780805,-1.0,0.0,0.47297987938244795,0.0,0.0,0.0,0.0,0.0,0.0,0.0,0,0,0.0,0.0,0.9865235191450047,1.0726850383698687,0.08032322270086048,0.0,0.0,0.0,0.00908403344589318,0.00908403344589318,4.328485293295407e-05,-9.328485293295407e-05
307,11.86,-0.02386831275720172,1.0,0.1,0.47297987938244795,0.1,0.1,0.0,0.1,0.1,0.0,0.0,0,0,-0.0,0.0001,0.9864248667930902,1.0726850383698687,0.08041519037859042,9.196767772993997e-05,0.24731437233871564,0.11697472199831155,0.04408403344589318,0.0,0.0,-0.006736710806338864
308,11.72,-0.011804384485666003,-1.0,0.0,0.47240506708940966,0.0,0.0,0.1,0.1,-0.0,0.1,0.0,0,0,-0.0011804384485666003,0.0,0.9852604529537053,1.0726850383698687,0.08150070364458539,0.0010855132659949723,0.09354761488204044,0.04419236728440457,0.044121950289372165,0.044121950289372165,0.000542672118087872,-0.0040926390306111156
309,12.16,0.03754266211604091,-1.0,0.0,0.46562061496414914,0.0,0.0,0.1,0.0,-0.1,0.0,0.1,0,0,0.003754266211604091,0.0001,0.9888608569365639,1.0726850383698687,0.0781442627005316,0.0,0.13893186898372795,0.064689542274322,0.05132060748410461,0.05132060748410461,0.0006911253908998211,-0.0016729073374437376
310,12.18,0.0016447368421052282,0.5628762245178223,0.05628762245178223,0.486598376560066,0.05628762245178223,0.05628762245178223,0.0,0.05628762245178223,0.05628762245178223,0.0,0.0,0,0,0.0,5.6287622451782234e-05,0.9888051963099913,1.0726850383698687,0.07819615176822771,5.188906769611201e-05,0.19738378016469066,0.09604662698742743,0.0669747143102676,0.010687091858485362,5.6139075276113744e-05,-0.005709929061430177
311,12.23,0.004105090311986922,-0.6140105724334717,0.0,0.48627404347346426,0.0,0.0,0.05628762245178223,0.05628762245178223,-0.0,0.05628762245178223,0.0,0,0,0.0002310657736115888,0.0,0.9890336753476278,1.0726850383698687,0.07798315444891796,0.0,0.16003739425587538,0.07782203081176148,0.07077127508579045,0.07077127508579045,0.0011557428611971203,-0.005321214856006912
312,12.76,0.043336058871627094,-0.005973339080810547,0.05569028854370118,0.4876052759615863,0.05569028854370118,0.05569028854370118,0.05628762245178223,0.05569028854370118,-0.0005973339080810533,0.0,0.05628762245178223,0,0,0.0024392837203143537,5.973339080810533e-07,0.9914456183073954,1.0726850383698687,0.07573464451963526,0.0,0.08045269520532373,0.03922915864744527,0.05973153433236964,0.004041245788668463,1.1844436693940297e-05,0.00022563161118170264
313,13.06,0.023510971786833913,1.0,0.15569028854370118,0.5016584679508953,0.15569028854370118,0.15569028854370118,0.05569028854370118,0.15569028854370118,0.1,0.0,0.05569028854370118,0,0,0.0013093328027515983,0.0001,0.9926446060157589,1.0726850383698687,0.074616900106806,0.0,0.32839196140201243,0.1647406082443231,0.09473153433236964,0.0,0.0,-0.006731772127108342
314,13.14,0.006125574272588061,1.0,0.2556902885437012,0.50864436514904,0.2556902885437012,0.2556902885437012,0.15569028854370118,0.2556902885437012,0.1,0.1,0.05569028854370117,0,0,0.0009536924259951076,0.0001,0.9934920191976195,1.0726850383698687,0.0738269075632832,0.0,0.4371600348830147,0.22235898841160318,0.12973153433236964,0.0,0.0,-0.0077778318211382935
315,12.83,-0.02359208523592089,0.20529890060424805,0.276220178604126,0.5135818183443693,0.276220178604126,0.276220178604126,0.2556902885437012,0.276220178604126,0.020529890060424827,0.1,0.15569028854370118,0,0,-0.006032267081320205,2.0529890060424827e-05,0.9874786137127294,1.0726850383698687,0.07943284525215837,0.0056059376888751705,0.36248418331358134,0.1861652859872628,0.14948334741158226,0.0,0.0,-0.012691311877954112
316,12.96,0.010132501948558128,-1.0,0.176220178604126,0.47854471803015125,0.176220178604126,0.176220178604126,0.276220178604126,0.176220178604126,-0.1,0.020529890060424827,0.2556902885437012,0,0,0.002798801497937381,0.0001,0.9901436224745985,1.0726850383698687,0.07694841723597284,0.0,0.2474191715063924,0.11840113766378019,0.13860457399985154,0.0,0.0,-0.003123085163857152
317,12.65,-0.02391975308641979,1.0,0.276220178604126,0.49407237991955455,0.276220178604126,0.276220178604126,0.176220178604126,0.276220178604126,0.1,0.0,0.176220178604126,0,0,-0.0042151431610554894,0.0001,0.9858710109936145,1.0726850383698687,0.08093151696063852,0.0039830997246656785,0.2684491798836368,0.13263332519256105,0.13651463691729987,0.0,0.0,-0.009461941643132635
318,12.72,0.005533596837944687,-1.0,0.176220178604126,0.4691780343684477,0.176220178604126,0.176220178604126,0.276220178604126,0.176220178604126,-0.1,0.1,0.176220178604126,0,0,0.0015284911069003084,0.0001,0.9872793189653697,1.0726850383698687,0.07961863580598445,0.0,0.03285878865129184,0.015416621871141362,0.0941303316511444,0.0,0.0,0.000455401433258781
319,12.3,-0.033018867924528295,-1.0,0.076220178604126,0.4773835450441497,0.076220178604126,0.076220178604126,0.176220178604126,0.076220178604126,-0.1,0.0,0.176220178604126,0,0,-0.005818590802966424,0.0001,0.9814360166681823,1.0726850383698687,0.08506599648332488,0.005447360677340432,0.0,0.0,0.06118471557324386,0.0,0.0,-0.006183966423040228
320,12.54,0.01951219512195109,-1.0,0.0,0.44333751164768387,0.0,0.0,0.076220178604126,0.0,-0.076220178604126,0.0,0.076220178604126,0,0,0.0014872229971536683,7.6220178604126e-05,0.982820825653927,1.0726850383698687,0.0837750220255761,0.0,0.0,0.0,0.039770065122608514,0.039770065122608514,0.00045960005332664443,0.0006727422294105199
321,12.73,0.015151515151515254,-1.0,0.0,0.45140611790492086,0.0,0.0,0.0,0.0,0.0,0.0,0.0,0,0,0.0,0.0,0.982820825653927,1.0726850383698687,0.0837750220255761,0.0,0.0,0.0,0.025850542329695535,0.025850542329695535,0.00023069673125223863,-0.00028069673125223865
322,12.85,0.009426551453259954,0.07788931578397751,0.007788931578397751,0.45140611790492086,0.007788931578397751,0.007788931578397751,0.0,0.007788931578397751,0.007788931578397751,0.0,0.0,0,0,0.0,7.788931578397751e-06,0.9828131705297622,1.0726850383698687,0.0837821584392399,7.1364136638024656e-06,0.0,0.0,0.016802852514302098,0.009013920935904345,4.2751561115772245e-05,-7.004922211324416e-05
323,12.57,-0.02178988326848244,1.0,0.10778893157839775,0.4513615075535979,0.10778893157839775,0.10778893157839775,0.007788931578397751,0.10778893157839775,0.1,0.007788931578397751,0.0,0,0,-0.0001697199098794837,0.0001,0.9825480862499786,1.0726850383698687,0.08402928063289566,0.0002471221936557605,0.10535718209734984,0.04755417654305876,0.02756581592436693,0.0,0.0,-0.0032065457793931376
324,12.27,-0.023866348448687406,-1.0,0.007788931578397745,0.44981700219589416,0.007788931578397745,0.007788931578397745,0.10778893157839775,0.1,-0.007788931578397745,0.1,0.007788931578397745,0,0,-0.002572528199961766,7.788931578397745e-06,0.9800128005904658,1.0726850383698687,0.08639277557206772,0.0023634949391720533,0.0,0.0,0.017917780350838505,0.01012884877244076,5.152121855445543e-05,-0.0026112051448298123
325,12.95,0.05541972290138547,-1.0,0.0,0.43504515514190123,0.0,0.0,0.1,0.0,-0.1,0.0,0.1,0,0,0.005541972290138548,0.0001,0.9853460030952603,1.0726850383698687,0.08142095037266041,0.0,0.0,0.0,0.011646557228045029,0.011646557228045029,6.441783001488082e-05,0.005027554460123667
326,12.53,-0.03243243243243243,1.0,0.1,0.4661190588060709,0.1,0.1,0.0,0.1,0.1,0.0,0.0,0,0,-0.0,0.0001,0.9852474684949508,1.0726850383698687,0.08151280827762312,9.185790496271662e-05,0.1467737901581728,0.06841406092592725,0.03151518352230381,0.0,0.0,-0.004142763786080859
327,12.73,0.015961691939345657,-1.0,0.0,0.4655449450049636,0.0,0.0,0.1,0.1,-0.0,0.1,0.0,0,0,0.0015961691939345658,0.0,0.9868200901525644,1.0726850383698687,0.08004674731717241,0.0,0.0,0.0,0.020484869289497474,0.020484869289497474,0.0001589948665078144,0.0014811743274267513
328,12.61,-0.009426551453260093,-1.0,0.0,0.47470780872121754,0.0,0.0,0.1,0.0,-0.1,0.0,0.1,0,0,-0.0009426551453260093,0.0001,0.9857911771080559,1.0726850383698687,0.0810059413095415,0.0009591939923690868,0.0,0.0,0.013315165038173359,0.013315165038173359,7.980764084718262e-05,-0.0014724627861731918
329,12.94,0.026169706582077724,-1.0,0.0,0.4687128853085676,0.0,0.0,0.0,0.0,0.0,0.0,0.0,0,0,0.0,0.0,0.9857911771080559,1.0726850383698687,0.0810059413095415,0.0,0.0061629094351706255,0.0028886350632542183,0.00966587954695166,0.00966587954695166,4.7805315976234625e-05,-0.00028793107205124844
330,12.96,0.0015455950540959314,1.0,0.1,0.4687128853085676,0.1,0.1,0.0,0.1,0.1,0.0,0.0,0,0,0.0,0.0001,0.985692597990345,1.0726850383698687,0.08109784071541057,9.189940586906697e-05,0.18921315240414718,0.08868664260167755,0.037323146616105723,0.0,0.0,-0.005237699332026997
331,12.89,-0.005401234567901256,-1.0,0.0,0.4681384921106879,0.0,0.0,0.1,0.1,-0.0,0.1,0.0,0,0,-0.0005401234567901256,0.0,0.9851602022969861,1.0726850383698687,0.08159416132613524,0.0004963206107246737,0.03100755784506879,0.014515831373625436,0.029340586281237622,0.029340586281237622,0.0002825140475014897,-0.00157863249669439
332,13.03,0.010861132660977407,-1.0,0.0,0.4650364894453649,0.0,0.0,0.1,0.0,-0.1,0.0,0.1,0,0,0.0010861132660977407,0.0001,0.9861316818417027,1.0726850383698687,0.08068850914495726,0.0,0.10187340630745995,0.04737485123706247,0.035652579015776314,0.035652579015776314,0.00038586510764461647,-0.002892546426132015
333,13.16,0.009976976208749102,-1.0,0.0,0.47069683522309264,0.0,0.0,0.0,0.0,0.0,0.0,0.0,0,0,0.0,0.0,0.9861316818417027,1.0726850383698687,0.08068850914495726,0.0,0.10157033429634199,0.047808834905839724,0.03990726857729851,0.03990726857729851,0.00046213960961361775,-0.003645584422655768
334,13.75,0.04483282674772035,0.05344599485397339,0.005344599485397339,0.47069683522309264,0.005344599485397339,0.005344599485397339,0.0,0.005344599485397339,0.005344599485397339,0.0,0.0,0,0,0.0,5.344599485397339e-06,0.9861264113628234,1.0726850383698687,0.08069342249667823,4.913351720967074e-06,0.1738639345618991,0.08183720375772079,0.0545827458904463,0.04923814640504896,0.0006468040037116871,-0.005842417487615821
335,13.77,0.0014545454545454234,1.0,0.10534459948539734,0.4706661015781311,0.10534459948539734,0.10534459948539734,0.005344599485397339,0.10534459948539734,0.1,0.005344599485397339,0.0,0,0,7.77396288785051e-06,0.0001,0.9860354648318118,1.0726850383698687,0.08077820649921247,8.478400253424112e-05,0.28913515827417235,0.1360861177740806,0.08310892604971831,0.0,0.0,-0.007740996223666399
336,13.15,-0.04502541757443713,1.0,0.20534459948539735,0.4701362255993169,0.20534459948539735,0.20534459948539735,0.10534459948539734,0.20534459948539735,0.1,0.1,0.005344599485397339,0,0,-0.00474318458104185,0.0001,0.981259913072178,1.0726850383698687,0.08523016731605311,0.004451960816840642,0.28548792991518923,0.13421821782448937,0.10099717817088819,0.0,0.0,-0.01116826702717083
337,13.36,0.015969581749049357,-1.0,0.10534459948539734,0.4423114735672557,0.10534459948539734,0.10534459948539734,0.20534459948539735,0.10534459948539734,-0.1,0.1,0.10534459948539734,0,0,0.0032792673682078516,0.0001,0.9843796006935388,1.0726850383698687,0.08232186943758009,0.0,0.09458643437986121,0.041836665170028944,0.08029099862058746,0.0,0.0,0.0005061832877231997
338,13.49,0.009730538922155748,-1.0,0.005344599485397339,0.4604883290862152,0.005344599485397339,0.005344599485397339,0.10534459948539734,0.005344599485397339,-0.1,0.0,0.10534459948539734,0,0,0.0010250597255315672,0.0001,0.9852902106167751,1.0726850383698687,0.0814729623579958,0.0,0.12981592072196121,0.05977871642204449,0.07311169985109742,0.06776710036570008,0.0010782519006216947,-0.004315874443522807
339,13.33,-0.011860637509266133,1.0,0.10534459948539734,0.4657939806614095,0.10534459948539734,0.10534459948539734,0.005344599485397339,0.10534459948539734,0.1,0.0,0.005344599485397339,0,0,-6.339035712850815e-05,0.0001,0.9851292236973872,1.0726850383698687,0.08162304081870835,0.00015007846071254938,0.13938649629500818,0.06492539095969867,0.07024649173910785,0.0,0.0,-0.003982259622733938
340,13.61,0.02100525131282816,-1.0,0.005344599485397339,0.464855999130409,0.005344599485397339,0.005344599485397339,0.10534459948539734,0.1,-0.005344599485397339,0.1,0.005344599485397339,0,0,0.002212789786639999,5.344599485397339e-06,0.9873038424609633,1.0726850383698687,0.07959577402017001,0.0,0.0,0.0,0.04566021963042011,0.04031562014502277,0.0004697289621548127,0.001765682426543597
341,13.97,0.02645113886847915,-1.0,0.0,0.4775264099270921,0.0,0.0,0.1,0.0,-0.1,0.0,0.1,0,0,0.002645113886847915,0.0001,0.989816643180949,1.0726850383698687,0.07725324044311523,0.0,0.031100487738201142,0.01485130425660474,0.03487709924958473,0.03487709924958473,0.0003725242581579543,0.0008631395819664559
342,14.04,0.0050107372942017545,1.0,0.1,0.49216726646096876,0.1,0.1,0.0,0.1,0.1,0.0,0.0,0,0,0.0,0.0001,0.9897176615166309,1.0726850383698687,0.07734551511907092,9.22746759556975e-05,0.277596154564426,0.13662374057205012,0.06987709924958474,0.0,0.0,-0.00751798078776219
343,13.79,-0.017806267806267807,1.0,0.2,0.4915905449566525,0.2,0.2,0.1,0.2,0.1,0.1,0.0,0,0,-0.0017806267806267807,0.0001,0.9878563719771234,1.0726850383698687,0.0790806838526034,0.00173516873353248,0.24762391795764024,0.12172957677309777,0.0880254663828143,0.0,0.0,-0.007453303408511811
344,14.09,0.021754894851341605,-1.0,0.1,0.480745712670685,0.1,0.1,0.2,0.1,-0.1,0.1,0.1,0,0,0.0043509789702683216,0.0001,0.9920557286400437,1.0726850383698687,0.07516587520634697,0.0,0.1310468410104056,0.06300020697478939,0.07926662559000558,0.0,0.0,0.000613970472199857
345,13.75,-0.02413058907026259,1.0,0.2,0.5052132796519849,0.2,0.2,0.1,0.2,0.1,0.0,0.1,0,0,-0.002413058907026259,0.0001,0.9895626341549184,1.0726850383698687,0.07749003784118147,0.002324162634834495,0.2519674751925742,0.12729731450767054,0.09607736671118831,0.0,0.0,-0.008179556371185863
346,14.48,0.05309090909090912,-1.0,0.1,0.49068725519155554,0.1,0.1,0.2,0.1,-0.1,0.1,0.1,0,0,0.010618181818181825,0.0001,0.9999710338614388,1.0726850383698687,0.06778691033011094,0.0,0.07593072971613357,0.03725824134910146,0.07549067283445791,0.0,0.0,0.00830316899150558
347,14.7,0.015193370165745778,1.0,0.2,0.5513318147522457,0.2,0.2,0.1,0.2,0.1,0.0,0.1,0,0,0.0015193370165745778,0.0001,1.0013903297653006,1.0726850383698687,0.0664637857846072,0.0,0.22126231099424876,0.12198895145673493,0.09176507035225487,0.0,0.0,-0.0035839289009011953
348,14.77,0.004761904761904781,0.11129128932952881,0.21112912893295288,0.5596013538549509,0.21112912893295288,0.21112912893295288,0.2,0.21112912893295288,0.01112912893295287,0.1,0.1,0,0,0.0009523809523809563,1.112912893295287e-05,1.0023328902391755,1.0726850383698687,0.06558509312072214,0.0,0.262758257528473,0.14703987664950133,0.11111125255629113,0.0,0.0,-0.0045660753048480255
349,14.74,-0.0020311442112389546,0.22994834184646606,0.23412396311759948,0.5650931768128061,0.23412396311759948,0.23412396311759948,0.21112912893295288,0.23412396311759948,0.022994834184646595,0.01112912893295287,0.2,0,0,-0.00042883370805609015,2.2994834184646594e-05,1.0018800076305387,1.0726850383698687,0.06600728844594544,0.00042219532522330683,0.32163442383738305,0.18175341833862332,0.1358360105801074,0.0,0.0,-0.006922974505099042
350,15.87,0.07666214382632286,-1.0,0.13412396311759947,0.562454460562214,0.13412396311759947,0.13412396311759947,0.23412396311759948,0.13412396311759947,-0.1,0.022994834184646595,0.21112912893295288,0,0,0.01794844493371012,0.0001,1.0197620077769176,1.0726850383698687,0.04933697096528619,0.0,0.24226712585266805,0.13626422558342044,0.13598588583126697,0.001861922713667502,3.427903811265227e-06,0.011698012429591932
351,16.1,0.014492753623188545,-0.05225658416748047,0.12889830470085142,0.6533151507414295,0.12889830470085142,0.12889830470085142,0.13412396311759947,0.12889830470085142,-0.005225658416748047,0.0,0.13412396311759947,0,0,0.0019438255524289964,5.225658416748047e-06,1.0217389182971117,1.0726850383698687,0.047494015717958075,0.0,0.5661343487408765,0.3698641473875468,0.17098588583126698,0.04208758113041555,0.0005031950190148476,-0.012444924446905542
352,15.97,-0.008074534161490732,0.7503671646118164,0.20393502116203308,0.6625299170647656,0.20393502116203308,0.20393502116203308,0.12889830470085142,0.20393502116203308,0.07503671646118165,0.0,0.12889830470085142,0,0,-0.0010407937646652661,7.503671646118165e-05,1.0205988308683227,1.0726850383698687,0.04855685092867527,0.0010628352107171918,0.4990389458621098,0.33062823141411163,0.20598588583126698,0.002050864669233904,4.001190163874874e-06,-0.0119646926262971
353,15.88,-0.005635566687539127,-1.0,0.10393502116203307,0.6572157532012396,0.10393502116203307,0.10393502116203307,0.20393502116203308,0.10393502116203307,-0.1,0.07503671646118165,0.12889830470085142,0,0,-0.0011492894116833406,0.0001,1.0193238075553426,1.0726850383698687,0.04974547878062867,0.0011886278519534013,0.4175075248508644,0.2743925224120461,0.22992820863453967,0.1259931874725066,0.0029083407477898497,-0.015114836443503808
354,15.1,-0.049118387909319966,0.0007524490356445312,0.10401026606559752,0.6512726113237369,0.10401026606559752,0.10401026606559752,0.10393502116203307,0.10401026606559752,7.524490356444757e-05,0.0,0.10393502116203307,0,0,-0.00510512068680012,7.524490356444758e-08,1.0141199597999224,1.0726850383698687,0.05459671429644075,0.004851235515812083,0.36805512771155224,0.23970422413579412,0.23334981405997873,0.12933954799438122,0.003032914233073874,-0.01752665198514663
355,15.1,0.0,-1.0,0.004010266065597512,0.6270164266271921,0.004010266065597512,0.004010266065597512,0.10401026606559752,0.004010266065597512,-0.1,7.524490356444757e-05,0.10393502116203307,0,0,0.0,0.0001,1.0140185478039425,1.0726850383698687,0.054691254625011024,9.454032857027228e-05,0.1453680211016912,0.09114813713704868,0.18357922713695324,0.17956896107135573,0.005126961060197831,-0.009861521702990136
356,14.82,-0.01854304635761585,-1.0,0.0,0.6265437245412322,0.0,0.0,0.004010266065597512,0.0,-0.004010266065597512,0.0,0.004010266065597512,0,0,-7.43625495607484e-05,4.010266065597512e-06,1.0139390763152538,1.0726850383698687,0.054765341133022234,7.408650801121047e-05,0.0,0.0,0.1193264976390196,0.1193264976390196,0.0026660544630056552,-0.0028064580768287937
357,14.82,0.0,-1.0,0.0,0.6261733003004138,0.0,0.0,0.0,0.0,0.0,0.0,0.0,0,0,0.0,0.0,1.0139390763152538,1.0726850383698687,0.054765341133022234,0.0,0.0,0.0,0.07756222346536275,0.07756222346536275,0.0013382288481126913,-0.0013882288481126912
358,15.03,0.014170040485829897,-1.0,0.0,0.6261733003004138,0.0,0.0,0.0,0.0,0.0,0.0,0.0,0,0,0.0,0.0,1.0139390763152538,1.0726850383698687,0.054765341133022234,0.0,0.0,0.0,0.050415445252485785,0.050415445252485785,0.0006717253809969231,-0.0007217253809969231
359,14.95,-0.005322687957418502,-1.0,0.0,0.6261733003004138,0.0,0.0,0.0,0.0,0.0,0.0,0.0,0,0,-0.0,0.0,1.0139390763152538,1.0726850383698687,0.054765341133022234,0.0,0.0,0.0,0.03277003941411576,0.03277003941411576,0.00033717326308711066,-0.0003871732630871107
360,14.46,-0.03277591973244137,-1.0,0.0,0.6261733003004138,0.0,0.0,0.0,0.0,0.0,0.0,0.0,0,0,-0.0,0.0,1.0139390763152538,1.0726850383698687,0.054765341133022234,0.0,0.0,0.0,0.021300525619175247,0.021300525619175247,0.0001692444748359608,-0.00021924447483596078
361,14.55,0.006224066390041484,-1.0,0.0,0.6261733003004138,0.0,0.0,0.0,0.0,0.0,0.0,0.0,0,0,0.0,0.0,1.0139390763152538,1.0726850383698687,0.054765341133022234,0.0,0.0,0.0,0.01384534165246391,0.01384534165246391,8.495244255206528e-05,-0.00013495244255206528
362,15.22,0.046048109965635735,-1.0,0.0,0.6261733003004138,0.0,0.0,0.0,0.0,0.0,0.0,0.0,0,0,0.0,0.0,1.0139390763152538,1.0726850383698687,0.054765341133022234,0.0,0.0,0.0,0.008999472074101542,0.008999472074101542,4.264196809117053e-05,-9.264196809117054e-05
363,15.33,0.007227332457292998,1.0,0.1,0.6261733003004138,0.1,0.1,0.0,0.1,0.1,0.0,0.0,0,0,0.0,0.0001,1.0138376824076223,1.0726850383698687,0.05485986459890894,9.452346588670335e-05,0.11146905434907428,0.06979894564312604,0.030279287823260115,0.0,0.0,-0.0032319016022061163
364,15.17,-0.010437051532941954,-1.0,0.0,0.6257006727202598,0.0,0.0,0.1,0.1,-0.0,0.1,0.0,0,0,-0.0010437051532941955,0.0,1.0127795347938895,1.0726850383698687,0.05584631222881234,0.0009864476299034017,0.093922451244113,0.0587673409269773,0.04025010640956113,0.04025010640956113,0.00046850824648267517,-0.0038914126418749854
365,14.85,-0.02109426499670404,-1.0,0.0,0.620768444244574,0.0,0.0,0.1,0.0,-0.1,0.0,0.1,0,0,-0.002109426499670404,0.0001,1.010541872851392,1.0726850383698687,0.05793235040633558,0.0020860381775232376,0.05694504986702303,0.03534969001338157,0.03853496067089828,0.03853496067089828,0.00043697627590720144,-0.004753157563975266
366,14.81,-0.002693602693602636,-1.0,0.0,0.6103382460820406,0.0,0.0,0.0,0.0,0.0,0.0,0.0,0,0,-0.0,0.0,1.010541872851392,1.0726850383698687,0.05793235040633558,0.0,0.055838530917580315,0.03408039102403376,0.036975861294495704,0.036975861294495704,0.0004090338645212002,-0.002181652543328553
367,14.47,-0.022957461174881826,-1.0,0.0,0.6103382460820406,0.0,0.0,0.0,0.0,0.0,0.0,0.0,0,0,-0.0,0.0,1.010541872851392,1.0726850383698687,0.05793235040633558,0.0,0.023463459124036936,0.014320646488782356,0.029046536112496035,0.029046536112496035,0.00027799753509484006,-0.0010518452490713794
368,15.25,0.05390463026952311,-1.0,0.0,0.6103382460820406,0.0,0.0,0.0,0.0,0.0,0.0,0.0,0,0,0.0,0.0,1.010541872851392,1.0726850383698687,0.05793235040633558,0.0,0.0,0.0,0.018880248473122422,0.018880248473122422,0.00013954115579046448,-0.00018954115579046448
369,14.98,-0.017704918032786857,-1.0,0.0,0.6103382460820406,0.0,0.0,0.0,0.0,0.0,0.0,0.0,0,0,-0.0,0.0,1.010541872851392,1.0726850383698687,0.05793235040633558,0.0,0.0,0.0,0.012272161507529574,0.012272161507529574,7.004283024558408e-05,-0.00012004283024558409
370,15.56,0.03871829105473966,-1.0,0.0,0.6103382460820406,0.0,0.0,0.0,0.0,0.0,0.0,0.0,0,0,0.0,0.0,1.010541872851392,1.0726850383698687,0.05793235040633558,0.0,0.0,0.0,0.007976904979894223,0.007976904979894223,3.515807247704449e-05,-8.51580724770445e-05
371,15.34,-0.014138817480719835,-1.0,0.0,0.6103382460820406,0.0,0.0,0.0,0.0,0.0,0.0,0.0,0,0,-0.0,0.0,1.010541872851392,1.0726850383698687,0.05793235040633558,0.0,0.18306402827548246,0.11173097793837104,0.042976904979894225,0.042976904979894225,0.0005203148306628048,-0.0062178401029614385
372,15.65,0.020208604954367698,-1.0,0.0,0.6103382460820406,0.0,0.0,0.0,0.0,0.0,0.0,0.0,0,0,0.0,0.0,1.010541872851392,1.0726850383698687,0.05793235040633558,0.0,0.13127617856653775,0.08012287257865341,0.05597799363945994,0.05597799363945994,0.0007941777444708337,-0.004894047853248524
373,15.36,-0.018530351437699738,1.0,0.1,0.6103382460820406,0.1,0.1,0.0,0.1,0.1,0.0,0.0,0,0,-0.0,0.0001,1.0104408186641067,1.0726850383698687,0.05802655717129503,9.420676495945635e-05,0.2846070888492711,0.1737065914307796,0.09097799363945994,0.0,0.0,-0.007698862892311194
374,15.94,0.03776041666666667,-1.0,0.0,0.6098672203767149,0.0,0.0,0.1,0.1,-0.0,0.1,0.0,0,0,0.003776041666666667,0.0,1.0142562852970831,1.0726850383698687,0.05446962620228045,0.0,0.053396028052159,0.032564487207327304,0.07053326638821351,0.07053326638821351,0.0011495301892349428,0.0012928939536860223
375,16.29,0.021957340025094082,0.6463032364845276,0.16463032364845276,0.6276518680198364,0.16463032364845276,0.16463032364845276,0.1,0.16463032364845276,0.06463032364845275,0.0,0.1,0,0,0.0021957340025094084,6.463032364845276e-05,1.0164177705979875,1.0726850383698687,0.052454602944205383,0.0,0.2677224550035543,0.16803649899383746,0.1046593978001819,0.0,0.0,-0.004177247821007436
376,16.04,-0.015346838551258441,-1.0,0.06463032364845275,0.6377269901375807,0.06463032364845275,0.06463032364845275,0.16463032364845276,0.06463032364845275,-0.1,0.06463032364845275,0.1,0,0,-0.002526554997674229,0.0001,1.0137480934228986,1.0726850383698687,0.05494338304236538,0.002488780098159997,0.2488937256311792,0.15872624651090075,0.1235827948489335,0.05895247120048075,0.00086276637473748,-0.010550708781016084
377,17.8,0.10972568578553626,0.6923172473907471,0.13386204838752747,0.6252830863042641,0.13386204838752747,0.13386204838752747,0.06463032364845275,0.06463032364845275,0.0,0.0,0.06463032364845275,1,0,0.007091606584867641,0.0,1.0209371960776135,1.0726850383698687,0.04824141331447589,0.0,0.2153647074479325,0.13466390895405816,0.12746118478572713,0.0,0.0,0.0012450760872951467
378,16.95,-0.04775280898876412,1.0,0.16463032364845276,0.65879292935486,0.16463032364845276,0.16463032364845276,0.06463032364845275,0.16463032364845276,0.1,0.0,0.06463032364845275,0,0,-0.003086279500066569,0.0001,1.0176842048188959,1.0726850383698687,0.051273982188244346,0.0030325688737684597,0.5611215234065664,0.36966289212907355,0.16246118478572713,0.0,0.0,-0.016374011970327583
379,14.95,-0.11799410029498525,0.412952184677124,0.20592554211616515,0.6436300851443759,0.20592554211616515,0.20592554211616515,0.16463032364845276,0.20592554211616515,0.04129521846771239,0.1,0.06463032364845275,0,1,-0.019425406920171417,4.129521846771239e-05,0.9978732495324887,1.0726850383698687,0.06974254898816297,0.018468566799918623,0.4177395359358538,0.2688697330825657,0.1974611847857271,0.0,0.0,-0.04136941180139481
380,14.97,0.0013377926421405586,-1.0,0.10592554211616514,0.539109090717169,0.10592554211616514,0.10592554211616514,0.20592554211616515,0.10592554211616514,-0.1,0.04129521846771239,0.16463032364845276,0,0,0.00027548567507181145,0.0001,0.9980483619933189,1.0726850383698687,0.06957930213138164,0.0,0.0,0.0,0.12834977011072263,0.022424227994557483,0.00018375450178031096,-0.000262038187933979
381,15.64,0.04475617902471609,-1.0,0.005925542116165139,0.5401293545976348,0.005925542116165139,0.005925542116165139,0.10592554211616514,0.005925542116165139,-0.1,0.0,0.10592554211616514,0,0,0.004740822526241192,0.0001,1.0026801273139356,1.0726850383698687,0.06526138479783192,0.0,0.0,0.0,0.0834273505719697,0.07750180845580457,0.001336561434044273,0.003007202796025379
382,15.87,0.01470588235294109,-1.0,0.0,0.5671163354077216,0.0,0.0,0.005925542116165139,0.0,-0.005925542116165139,0.0,0.005925542116165139,0,0,8.714032523772211e-05,5.925542116165139e-06,1.002761559763016,1.0726850383698687,0.06518547020392272,0.0,0.0,0.0,0.05422777787178031,0.05422777787178031,0.0007548225750615708,-0.0007413844182885092
383,16.25,0.023944549464398286,-1.0,0.0,0.5675907976933475,0.0,0.0,0.0,0.0,0.0,0.0,0.0,0,0,0.0,0.0,1.002761559763016,1.0726850383698687,0.06518547020392272,0.0,0.0,0.0,0.035248055616657205,0.035248055616657205,0.00037888398724432166,-0.0004288839872443217
384,15.86,-0.024000000000000035,-1.0,0.0,0.5675907976933475,0.0,0.0,0.0,0.0,0.0,0.0,0.0,0,0,-0.0,0.0,1.002761559763016,1.0726850383698687,0.06518547020392272,0.0,0.0,0.0,0.022911236150827186,0.022911236150827186,0.00019018121679580883,-0.00024018121679580883
385,16.18,0.02017654476670872,-1.0,0.0,0.5675907976933475,0.0,0.0,0.0,0.0,0.0,0.0,0.0,0,0,0.0,0.0,1.002761559763016,1.0726850383698687,0.06518547020392272,0.0,0.1958422845623646,0.11115827851684008,0.053797700978931697,0.053797700978931697,0.0007452670726509252,-0.0068370015513998725
386,16.1,-0.004944375772558609,1.0,0.1,0.5675907976933475,0.1,0.1,0.0,0.1,0.1,0.0,0.0,0,0,-0.0,0.0001,1.0026612836070397,1.0726850383698687,0.06527895165690233,9.348145297960464e-05,0.27005839777261076,0.15328266141554348,0.08861743713174582,0.0,0.0,-0.0073235066625333585
387,15.37,-0.04534161490683243,-1.0,0.0,0.567006532476177,0.0,0.0,0.1,0.1,-0.0,0.1,0.0,0,0,-0.004534161490683243,0.0,0.9981150554267096,1.0726850383698687,0.06951712783883061,0.004238176181928288,0.11843638350982456,0.0671542031329243,0.0811053052321583,0.0811053052321583,0.0014373707666197077,-0.008983190951856424
388,15.3,-0.004554326610279669,-1.0,0.0,0.5405179489418833,0.0,0.0,0.1,0.0,-0.1,0.0,0.1,0,0,-0.00045543266102796693,0.0001,0.9975606697254619,1.0726850383698687,0.07003394841655607,0.000516820577725452,0.0,0.0,0.052718448400902895,0.052718448400902895,0.0007214897715014413,-0.0016269224325294084
389,16.14,0.05490196078431371,-1.0,0.0,0.5372878428564252,0.0,0.0,0.0,0.0,0.0,0.0,0.0,0,0,0.0,0.0,0.9975606697254619,1.0726850383698687,0.07003394841655607,0.0,0.0,0.0,0.034266991460586885,0.034266991460586885,0.0003621525513597187,-0.0004121525513597187
390,15.8,-0.021065675340768267,1.0,0.1,0.5372878428564252,0.1,0.1,0.0,0.1,0.1,0.0,0.0,0,0,-0.0,0.0001,0.9974609136584893,1.0726850383698687,0.07012694502171442,9.299660515835195e-05,0.077497254503512,0.04163833269948734,0.036846960894202044,0.0,0.0,-0.0023554291661906095
391,15.44,-0.022784810126582355,-1.0,0.0,0.5367066044376222,0.0,0.0,0.1,0.1,-0.0,0.1,0.0,0,0,-0.0022784810126582357,0.0,0.9951882179058497,1.0726850383698687,0.07224564312166501,0.0021186980999505917,0.0,0.0,0.023950524581231328,0.023950524581231328,0.0002041709902302648,-0.0024386520028885
392,15.76,0.020725388601036288,-1.0,0.0,0.5234647341091693,0.0,0.0,0.1,0.0,-0.1,0.0,0.1,0,0,0.002072538860103629,0.0001,0.9971512653387863,1.0726850383698687,0.07041561160009198,0.0,0.0,0.0,0.015567840977800364,0.015567840977800364,0.00010248384377183494,0.0015200550163317944
393,16.55,0.05012690355329955,-1.0,0.0,0.5349024463461223,0.0,0.0,0.0,0.0,0.0,0.0,0.0,0,0,0.0,0.0,0.9971512653387863,1.0726850383698687,0.07041561160009198,0.0,0.06228838890675103,0.03331821160517979,0.02178047069738316,0.02178047069738316,0.0001753870828446085,-0.002146983880617878
394,17.09,0.03262839879154073,1.0,0.1,0.5349024463461223,0.1,0.1,0.0,0.1,0.1,0.0,0.0,0,0,0.0,0.0001,0.9970515502122524,1.0726850383698687,0.07050857003893193,9.295843883995458e-05,0.2824109326886053,0.15106229877002503,0.05678047069738316,0.0,0.0,-0.007642202063366015
395,16.91,-0.010532475131655922,-0.3059685230255127,0.06940314769744874,0.5343214407579628,0.06940314769744874,0.06940314769744874,0.1,0.1,-0.0,0.1,0.0,0,0,-0.0010532475131655923,0.0,0.9960014081464935,1.0726850383698687,0.07148755457604714,0.0009789845371152017,0.26869502517141075,0.1435695129740853,0.0871566354942289,0.017753487796780168,0.0001264572940623079,-0.008068036456650296
396,15.66,-0.07392075694855116,-1.0,0.0,0.5282027911412783,0.0,0.0,0.1,0.0,-0.1,0.0,0.1,0,0,-0.007392075694855116,0.0001,0.9885392902044777,1.0726850383698687,0.0784440401007784,0.006956485524731271,0.2789372472395882,0.1473354325452153,0.10821921446207414,0.10821921446207414,0.002280221259419072,-0.018727511031615483
397,15.85,0.012132822477650032,-1.0,0.0,0.4847247418045014,0.0,0.0,0.0,0.0,0.0,0.0,0.0,0,0,0.0,0.0,0.9885392902044777,1.0726850383698687,0.0784440401007784,0.0,0.008120414311674207,0.003936165730571858,0.07172014740604835,0.07172014740604835,0.0011806355731144933,-0.0014811503546296426
398,14.03,-0.11482649842271296,-1.0,0.0,0.4847247418045014,0.0,0.0,0.0,0.0,0.0,0.0,0.0,0,1,-0.0,0.0,0.9885392902044777,1.0726850383698687,0.0784440401007784,0.0,0.00940558107629245,0.004559117858727162,0.04821378706448593,0.04821378706448593,0.0006254087884333168,-0.0009655709646369389
399,14.39,0.025659301496792675,-1.0,0.0,0.4847247418045014,0.0,0.0,0.0,0.0,0.0,0.0,0.0,0,0,0.0,0.0,0.9885392902044777,1.0726850383698687,0.0784440401007784,0.0,0.0,0.0,0.031338961591915855,0.031338961591915855,0.00031392460062542097,-0.000363924600625421
400,14.39,0.0,-1.0,0.0,0.4847247418045014,0.0,0.0,0.0,0.0,0.0,0.0,0.0,0,0,0.0,0.0,0.9885392902044777,1.0726850383698687,0.0784440401007784,0.0,0.0,0.0,0.020370325034745305,0.020370325034745305,0.00015757478420586288,-0.00020757478420586287
401,13.71,-0.04725503822098678,-1.0,0.0,0.4847247418045014,0.0,0.0,0.0,0.0,0.0,0.0,0.0,0,0,-0.0,0.0,0.9885392902044777,1.0726850383698687,0.0784440401007784,0.0,0.0,0.0,0.013240711272584449,0.013240711272584449,7.909482903874588e-05,-0.0001290948290387459
402,14.11,0.02917578409919756,-1.0,0.0,0.4847247418045014,0.0,0.0,0.0,0.0,0.0,0.0,0.0,0,0,0.0,0.0,0.9885392902044777,1.0726850383698687,0.0784440401007784,0.0,0.0,0.0,0.008606462327179891,0.008606462327179891,3.9701732813388006e-05,-8.970173281338802e-05
403,13.94,-0.012048192771084333,-1.0,0.0,0.4847247418045014,0.0,0.0,0.0,0.0,0.0,0.0,0.0,0,0,-0.0,0.0,0.9885392902044777,1.0726850383698687,0.0784440401007784,0.0,0.0,0.0,0.0055942005126669294,0.0055942005126669294,1.9928326637048667e-05,-6.992832663704867e-05
404,13.13,-0.058106169296987,-1.0,0.0,0.4847247418045014,0.0,0.0,0.0,0.0,0.0,0.0,0.0,0,0,-0.0,0.0,0.9885392902044777,1.0726850383698687,0.0784440401007784,0.0,0.0,0.0,0.0036362303332335044,0.0036362303332335044,1.0003044562805142e-05,-6.000304456280515e-05
405,13.54,0.0312261995430311,-1.0,0.0,0.4847247418045014,0.0,0.0,0.0,0.0,0.0,0.0,0.0,0,0,0.0,0.0,0.9885392902044777,1.0726850383698687,0.0784440401007784,0.0,0.0,0.0,0.002363549716601778,0.002363549716601778,5.021038762955778e-06,-5.502103876295578e-05
406,13.49,-0.0036927621861151355,-1.0,0.0,0.4847247418045014,0.0,0.0,0.0,0.0,0.0,0.0,0.0,0,0,-0.0,0.0,0.9885392902044777,1.0726850383698687,0.0784440401007784,0.0,0.0,0.0,0.0015363073157911556,0.0015363073157911556,2.5203156999667154e-06,-5.2520315699966717e-05
407,13.05,-0.0326167531504818,-1.0,0.0,0.4847247418045014,0.0,0.0,0.0,0.0,0.0,0.0,0.0,0,0,-0.0,0.0,0.9885392902044777,1.0726850383698687,0.0784440401007784,0.0,0.0,0.0,0.000998599755264251,0.000998599755264251,1.2650751223755604e-06,-5.126507512237556e-05
408,12.6,-0.03448275862068974,-1.0,0.0,0.4847247418045014,0.0,0.0,0.0,0.0,0.0,0.0,0.0,0,0,-0.0,0.0,0.9885392902044777,1.0726850383698687,0.0784440401007784,0.0,0.0,0.0,0.0006490898409217633,0.0006490898409217633,6.350057912485629e-07,-5.063500579124856e-05
409,11.25,-0.10714285714285712,-1.0,0.0,0.4847247418045014,0.0,0.0,0.0,0.0,0.0,0.0,0.0,0,1,-0.0,0.0,0.9885392902044777,1.0726850383698687,0.0784440401007784,0.0,0.0,0.0,0.00042190839659914613,0.00042190839659914613,3.187418263051628e-07,-5.0318741826305165e-05
410,10.86,-0.03466666666666672,-1.0,0.0,0.4847247418045014,0.0,0.0,0.0,0.0,0.0,0.0,0.0,0,0,-0.0,0.0,0.9885392902044777,1.0726850383698687,0.0784440401007784,0.0,0.0,0.0,0.000274240457789445,0.000274240457789445,1.5999279571386192e-07,-5.015999279571386e-05
411,10.51,-0.03222836095764269,-1.0,0.0,0.4847247418045014,0.0,0.0,0.0,0.0,0.0,0.0,0.0,0,0,-0.0,0.0,0.9885392902044777,1.0726850383698687,0.0784440401007784,0.0,0.0,0.0,0.00017825629756313926,0.00017825629756313926,8.030855246411986e-08,-5.0080308552464125e-05
412,10.46,-0.004757373929590764,-1.0,0.0,0.4847247418045014,0.0,0.0,0.0,0.0,0.0,0.0,0.0,0,0,-0.0,0.0,0.9885392902044777,1.0726850383698687,0.0784440401007784,0.0,0.0,0.0,0.00011586659341604053,0.00011586659341604053,4.031096256619452e-08,-5.00403109625662e-05
413,10.52,0.005736137667303892,-1.0,0.0,0.4847247418045014,0.0,0.0,0.0,0.0,0.0,0.0,0.0,0,0,0.0,0.0,0.9885392902044777,1.0726850383698687,0.0784440401007784,0.0,0.0,0.0,7.531328572042635e-05,7.531328572042635e-05,2.0234130153686167e-08,-5.0020234130153686e-05
414,9.47,-0.09980988593155884,-1.0,0.0,0.4847247418045014,0.0,0.0,0.0,0.0,0.0,0.0,0.0,0,0,-0.0,0.0,0.9885392902044777,1.0726850383698687,0.0784440401007784,0.0,0.0,0.0,4.895363571827713e-05,4.895363571827713e-05,1.0156542960342473e-08,-5.001015654296035e-05
415,9.97,0.05279831045406547,-1.0,0.0,0.4847247418045014,0.0,0.0,0.0,0.0,0.0,0.0,0.0,0,0,0.0,0.0,0.9885392902044777,1.0726850383698687,0.0784440401007784,0.0,0.0,0.0,3.181986321688014e-05,3.181986321688014e-05,5.0980874454091535e-09,-5.000509808744541e-05
416,10.5,0.05315947843530585,-1.0,0.0,0.4847247418045014,0.0,0.0,0.0,0.0,0.0,0.0,0.0,0,0,0.0,0.0,0.9885392902044777,1.0726850383698687,0.0784440401007784,0.0,0.0,0.0,2.0682911090972092e-05,2.0682911090972092e-05,2.558990367344643e-09,-5.000255899036735e-05
417,10.24,-0.024761904761904742,-1.0,0.0,0.4847247418045014,0.0,0.0,0.0,0.0,0.0,0.0,0.0,0,0,-0.0,0.0,0.9885392902044777,1.0726850383698687,0.0784440401007784,0.0,0.0,0.0,1.344389220913186e-05,1.344389220913186e-05,1.2844879124346045e-09,-5.000128448791244e-05
418,10.02,-0.021484375000000062,-1.0,0.0,0.4847247418045014,0.0,0.0,0.0,0.0,0.0,0.0,0.0,0,0,-0.0,0.0,0.9885392902044777,1.0726850383698687,0.0784440401007784,0.0,0.0,0.0,8.73852993593571e-06,8.73852993593571e-06,6.447500616825886e-10,-5.0000644750061685e-05
419,9.77,-0.0249500998003992,-1.0,0.0,0.4847247418045014,0.0,0.0,0.0,0.0,0.0,0.0,0.0,0,0,-0.0,0.0,0.9885392902044777,1.0726850383698687,0.0784440401007784,0.0,0.0,0.0,5.680044458358212e-06,5.680044458358212e-06,3.2363297312139235e-10,-5.0000323632973125e-05
420,10.16,0.03991811668372575,-1.0,0.0,0.4847247418045014,0.0,0.0,0.0,0.0,0.0,0.0,0.0,0,0,0.0,0.0,0.9885392902044777,1.0726850383698687,0.0784440401007784,0.0,0.0,0.0,3.692028897932838e-06,3.692028897932838e-06,1.624479120142445e-10,-5.000016244791202e-05
421,10.36,0.01968503937007867,-1.0,0.0,0.4847247418045014,0.0,0.0,0.0,0.0,0.0,0.0,0.0,0,0,0.0,0.0,0.9885392902044777,1.0726850383698687,0.0784440401007784,0.0,0.0,0.0,2.3998187836563446e-06,2.3998187836563446e-06,8.154090067914457e-11,-5.000008154090068e-05
422,10.93,0.05501930501930505,-1.0,0.0,0.4847247418045014,0.0,0.0,0.0,0.0,0.0,0.0,0.0,0,0,0.0,0.0,0.9885392902044777,1.0726850383698687,0.0784440401007784,0.0,0.0,0.0,1.5598822093766241e-06,1.5598822093766241e-06,4.0929541051799415e-11,-5.0000040929541056e-05
423,10.91,-0.0018298261665141422,-1.0,0.0,0.4847247418045014,0.0,0.0,0.0,0.0,0.0,0.0,0.0,0,0,-0.0,0.0,0.9885392902044777,1.0726850383698687,0.0784440401007784,0.0,0.1507271642978115,0.07306118579718134,0.02557242895244956,0.02557242895244956,0.00022673844094119757,-0.004926671459528681
424,11.1,0.017415215398716728,-1.0,0.0,0.4847247418045014,0.0,0.0,0.0,0.0,0.0,0.0,0.0,0,0,0.0,0.0,0.9885392902044777,1.0726850383698687,0.0784440401007784,0.0,0.21988171200296602,0.10658210607816945,0.05392581594645152,0.05392581594645152,0.0007481087720321382,-0.00758145958732364
425,11.09,-0.0009009009009008817,1.0,0.1,0.4847247418045014,0.1,0.1,0.0,0.1,0.1,0.0,0.0,0,0,-0.0,0.0001,0.9884404362754573,1.0726850383698687,0.0785361956967683,9.215559598989287e-05,0.3522875621395421,0.17076249759902679,0.08892581594645152,0.0,0.0,-0.009445019103200185
426,10.9,-0.017132551848512128,-1.0,0.0,0.48414876535824486,0.0,0.0,0.1,0.1,-0.0,0.1,0.0,0,0,-0.0017132551848512128,0.0,0.9867469855730918,1.0726850383698687,0.0801148983371435,0.0015787026403751986,0.2812688549813779,0.13617596887296132,0.10546336947072996,0.10546336947072996,0.002188026689058205,-0.011114018332428966
427,10.57,-0.03027522935779817,-1.0,0.0,0.4742818683417278,0.0,0.0,0.1,0.0,-0.1,0.0,0.1,0,0,-0.0030275229357798173,0.0001,0.9836609117439004,1.0726850383698687,0.08299186009087625,0.002876961753732754,0.17471594173255062,0.08286460327399855,0.09755380130187397,0.09755380130187397,0.00193143769011785,-0.010798947428346852
428,10.1,-0.04446546830652797,-1.0,0.0,0.456300869960205,0.0,0.0,0.0,0.0,0.0,0.0,0.0,0,0,-0.0,0.0,0.9836609117439004,1.0726850383698687,0.08299186009087625,0.0,0.0,0.0,0.06340997084621808,0.06340997084621808,0.0009694871845693294,-0.0010194871845693293
429,10.76,0.06534653465346536,-1.0,0.0,0.456300869960205,0.0,0.0,0.0,0.0,0.0,0.0,0.0,0,0,0.0,0.0,0.9836609117439004,1.0726850383698687,0.08299186009087625,0.0,0.0,0.0,0.041216481050041755,0.041216481050041755,0.00048663511427428705,-0.000536635114274287
430,10.82,0.005576208178438708,-1.0,0.0,0.456300869960205,0.0,0.0,0.0,0.0,0.0,0.0,0.0,0,0,0.0,0.0,0.9836609117439004,1.0726850383698687,0.08299186009087625,0.0,0.0,0.0,0.02679071268252714,0.02679071268252714,0.0002442670085937722,-0.0002942670085937722
431,11.0,0.016635859519408477,-1.0,0.0,0.456300869960205,0.0,0.0,0.0,0.0,0.0,0.0,0.0,0,0,0.0,0.0,0.9836609117439004,1.0726850383698687,0.08299186009087625,0.0,0.0,0.0,0.017413963243642642,0.017413963243642642,0.00012261008245640002,-0.00017261008245640001
432,10.94,-0.0054545454545455,1.0,0.1,0.456300869960205,0.1,0.1,0.0,0.1,0.1,0.0,0.0,0,0,-0.0,0.0001,0.9835625456527259,1.0726850383698687,0.0830835609048672,9.170081399094421e-05,0.10101043120361354,0.0460911476332643,0.027450977780010224,0.0,0.0,-0.002962069125053229
433,11.42,0.04387568555758688,-1.0,0.0,0.455727734047801,0.0,0.0,0.1,0.1,-0.0,0.1,0.0,0,0,0.004387568555758688,0.0,0.9878779937506538,1.0726850383698687,0.07906052716843519,0.0,0.16507293210702473,0.07522831330176087,0.04417304521262295,0.04417304521262295,0.0005436779638045218,-0.0003709910564070719
434,11.11,-0.027145359019264494,1.0,0.2,0.4808717206150273,0.2,0.2,0.1,0.2,0.1,0.0,0.1,0,0,-0.0027145359019264494,0.0001,0.9850975756705195,1.0726850383698687,0.08165254437822086,0.002592017209785677,0.4485596516677467,0.21569965149594666,0.07917304521262294,0.0,0.0,-0.012727424377949777
435,11.01,-0.00900090009000897,-1.0,0.1,0.46467159726063967,0.1,0.1,0.2,0.1,-0.1,0.1,0.1,0,0,-0.001800180018001794,0.0001,0.9832257129414484,1.0726850383698687,0.08339756986297606,0.0017450254847551916,0.16317804282726334,0.07582420179840953,0.07800095001764826,0.0,0.0,-0.006366173522945188
436,10.91,-0.00908265213442322,-1.0,0.0,0.4537652045524916,0.0,0.0,0.1,0.0,-0.1,0.0,0.1,0,0,-0.000908265213442322,0.0001,0.9822343606581275,1.0726850383698687,0.08432174820783994,0.0009241783448638852,0.09791292347163588,0.044429477747439314,0.06625093472307512,0.06625093472307512,0.0010399134685489969,-0.005418792371091285
437,10.9,-0.0009165902841429685,-1.0,0.0,0.4479890953787421,0.0,0.0,0.0,0.0,0.0,0.0,0.0,0,0,-0.0,0.0,0.9822343606581275,1.0726850383698687,0.08432174820783994,0.0,0.004025255264445617,0.001803270464587511,0.043694252232604466,0.043694252232604466,0.0005342799605297758,-0.0007084590854379231
438,10.9,0.0,-1.0,0.0,0.4479890953787421,0.0,0.0,0.0,0.0,0.0,0.0,0.0,0,0,0.0,0.0,0.9822343606581275,1.0726850383698687,0.08432174820783994,0.0,0.011505814338372316,0.005154479357043174,0.030205331726158018,0.030205331726158018,0.00029595369223101665,-0.0007009080645698026
439,11.16,0.023853211009174292,-1.0,0.0,0.4479890953787421,0.0,0.0,0.0,0.0,0.0,0.0,0.0,0,0,0.0,0.0,0.9822343606581275,1.0726850383698687,0.08432174820783994,0.0,0.0,0.0,0.019633465622002712,0.019633465622002712,0.00014855426779335502,-0.00019855426779335502
440,11.19,0.0026881720430106952,1.0,0.1,0.4479890953787421,0.1,0.1,0.0,0.1,0.1,0.0,0.0,0,0,0.0,0.0001,0.9821361372220617,1.0726850383698687,0.08441331603301915,9.156782517920348e-05,0.05589772617355663,0.02504157178222027,0.021526302778078855,0.0,0.0,-0.0017981613352777608
441,11.64,0.04021447721179634,-1.0,0.0,0.4474167976566552,0.0,0.0,0.1,0.1,-0.0,0.1,0.0,0,0,0.004021447721179634,0.0,0.9860857463529816,1.0726850383698687,0.08073133204923764,0.0,0.08815197437194384,0.039440674080606655,0.027796332733963584,0.027796332733963584,0.00025910153730632473,0.0015320252450771584
442,11.71,0.006013745704467378,1.0,0.2,0.47042917311515486,0.2,0.2,0.1,0.2,0.1,0.0,0.1,0,0,0.0006013745704467378,0.0001,0.986580144670483,1.0726850383698687,0.08027043411571864,0.0,0.2814840776259489,0.1324183218826572,0.0627963327339636,0.0,0.0,-0.0058026815062737595
443,11.33,-0.0324508966695133,-1.0,0.1,0.4733098004044972,0.1,0.1,0.2,0.1,-0.1,0.1,0.1,0,0,-0.00649017933390266,0.0001,0.980078404589837,1.0726850383698687,0.08633161689358847,0.006061182777869822,0.3038970090964236,0.1438374327189519,0.09116071772870951,0.0,0.0,-0.014686722168590387
444,11.39,0.005295675198587864,-1.0,0.0,0.43542741649264255,0.0,0.0,0.1,0.0,-0.1,0.0,0.1,0,0,0.0005295675198587864,0.0001,0.980499414439364,1.0726850383698687,0.0859391346322839,0.0,0.15717196762227892,0.06843698380683418,0.08320741085605314,0.08320741085605314,0.001497439208625453,-0.00626662688991397
445,11.47,0.007023705004389822,-1.0,0.0,0.4378804270218609,0.0,0.0,0.0,0.0,0.0,0.0,0.0,0,0,0.0,0.0,0.980499414439364,1.0726850383698687,0.0859391346322839,0.0,0.10857898193739343,0.047544610976344756,0.07072543089815521,0.07072543089815521,0.001154545227382465,-0.004554206820151052
446,11.18,-0.025283347863993104,-0.4917292892932892,0.0,0.4378804270218609,0.0,0.0,0.0,0.0,0.0,0.0,0.0,0,0,-0.0,0.0,0.980499414439364,1.0726850383698687,0.0859391346322839,0.0,0.12967735045358558,0.056783173591679566,0.06584564084088873,0.06584564084088873,0.0010297533963885064,-0.0050802996578816215
447,11.13,-0.004472271914132284,-1.0,0.0,0.4378804270218609,0.0,0.0,0.0,0.0,0.0,0.0,0.0,0,0,-0.0,0.0,0.980499414439364,1.0726850383698687,0.0859391346322839,0.0,0.0,0.0,0.04279966654657768,0.04279966654657768,0.0005168858028262267,-0.0005668858028262268
448,10.64,-0.04402515723270442,-1.0,0.0,0.4378804270218609,0.0,0.0,0.0,0.0,0.0,0.0,0.0,0,0,-0.0,0.0,0.980499414439364,1.0726850383698687,0.0859391346322839,0.0,0.0,0.0,0.027819783255275492,0.027819783255275492,0.0002594513736010193,-0.00030945137360101935
449,10.74,0.00939849624060147,-1.0,0.0,0.4378804270218609,0.0,0.0,0.0,0.0,0.0,0.0,0.0,0,0,0.0,0.0,0.980499414439364,1.0726850383698687,0.0859391346322839,0.0,0.0,0.0,0.01808285911592907,0.01808285911592907,0.00013023189047830459,-0.00018023189047830458
450,10.44,-0.027932960893854813,-1.0,0.0,0.4378804270218609,0.0,0.0,0.0,0.0,0.0,0.0,0.0,0,0,-0.0,0.0,0.980499414439364,1.0726850383698687,0.0859391346322839,0.0,0.0,0.0,0.011753858425353897,0.011753858425353897,6.537003470883336e-05,-0.00011537003470883336
451,10.73,0.027777777777777866,-1.0,0.0,0.4378804270218609,0.0,0.0,0.0,0.0,0.0,0.0,0.0,0,0,0.0,0.0,0.980499414439364,1.0726850383698687,0.0859391346322839,0.0,0.0,0.0,0.007640007976480033,0.007640007976480033,3.281255783157013e-05,-8.281255783157014e-05
452,10.8,0.006523765144454826,-1.0,0.0,0.4378804270218609,0.0,0.0,0.0,0.0,0.0,0.0,0.0,0,0,0.0,0.0,0.980499414439364,1.0726850383698687,0.0859391346322839,0.0,0.0,0.0,0.004966005184712022,0.004966005184712022,1.647029799273835e-05,-6.647029799273835e-05
453,10.55,-0.023148148148148147,-1.0,0.0,0.4378804270218609,0.0,0.0,0.0,0.0,0.0,0.0,0.0,0,0,-0.0,0.0,0.980499414439364,1.0726850383698687,0.0859391346322839,0.0,0.0,0.0,0.003227903370062814,0.003227903370062814,8.267283439531244e-06,-5.826728343953125e-05
454,10.21,-0.032227488151658754,-1.0,0.0,0.4378804270218609,0.0,0.0,0.0,0.0,0.0,0.0,0.0,0,0,-0.0,0.0,0.980499414439364,1.0726850383698687,0.0859391346322839,0.0,0.0,0.0,0.002098137190540829,0.002098137190540829,4.149771637385173e-06,-5.414977163738517e-05
455,10.07,-0.013712047012732669,-1.0,0.0,0.4378804270218609,0.0,0.0,0.0,0.0,0.0,0.0,0.0,0,0,-0.0,0.0,0.980499414439364,1.0726850383698687,0.0859391346322839,0.0,0.0,0.0,0.001363789173851539,0.001363789173851539,2.0829822478449864e-06,-5.208298224784499e-05
456,10.45,0.037735849056603675,-1.0,0.0,0.4378804270218609,0.0,0.0,0.0,0.0,0.0,0.0,0.0,0,0,0.0,0.0,0.980499414439364,1.0726850383698687,0.0859391346322839,0.0,0.0,0.0,0.0008864629630035005,0.0008864629630035005,1.0455551350703478e-06,-5.104555513507035e-05
457,10.43,-0.0019138755980860837,-1.0,0.0,0.4378804270218609,0.0,0.0,0.0,0.0,0.0,0.0,0.0,0,0,-0.0,0.0,0.980499414439364,1.0726850383698687,0.0859391346322839,0.0,0.0,0.0,0.0005762009259522754,0.0005762009259522754,5.24817502214895e-07,-5.0524817502214895e-05
458,10.41,-0.0019175455417065747,-1.0,0.0,0.4378804270218609,0.0,0.0,0.0,0.0,0.0,0.0,0.0,0,0,-0.0,0.0,0.980499414439364,1.0726850383698687,0.0859391346322839,0.0,0.0,0.0,0.000374530601868979,0.000374530601868979,2.634326984703197e-07,-5.026343269847032e-05
459,10.36,-0.004803073967339165,-1.0,0.0,0.4378804270218609,0.0,0.0,0.0,0.0,0.0,0.0,0.0,0,0,-0.0,0.0,0.980499414439364,1.0726850383698687,0.0859391346322839,0.0,0.0,0.0,0.00024344489121483635,0.00024344489121483635,1.3223032069334216e-07,-5.0132230320693345e-05
460,10.83,0.04536679536679543,-1.0,0.0,0.4378804270218609,0.0,0.0,0.0,0.0,0.0,0.0,0.0,0,0,0.0,0.0,0.980499414439364,1.0726850383698687,0.0859391346322839,0.0,0.0,0.0,0.00015823917928964364,0.00015823917928964364,6.637314886190595e-08,-5.0066373148861905e-05
461,11.11,0.025854108956601972,-0.7725676894187927,0.0,0.4378804270218609,0.0,0.0,0.0,0.0,0.0,0.0,0.0,0,0,0.0,0.0,0.980499414439364,1.0726850383698687,0.0859391346322839,0.0,0.21273485174774753,0.09315242772573597,0.03270620517054585,0.03270620517054585,0.00033612300525346175,-0.006948993181671473
462,11.17,0.005400540054005446,0.1292034387588501,0.012920343875885011,0.4378804270218609,0.012920343875885011,0.012920343875885011,0.0,0.012920343875885011,0.012920343875885011,0.0,0.0,0,0,0.0,1.2920343875885012e-05,0.9804867460497593,1.0726850383698687,0.08595094461298797,1.180998070406114e-05,0.22398776047688268,0.0980798562052877,0.0555869830327055,0.042666639156820486,0.000514317714487357,-0.007157723940178227
463,11.11,-0.005371530886302641,0.22937342524528503,0.035857686400413515,0.4378065731416958,0.035857686400413515,0.035857686400413515,0.012920343875885011,0.035857686400413515,0.022937342524528503,0.012920343875885011,0.0,0,0,-6.940202619096751e-05,2.2937342524528503e-05,0.980396208522595,1.0726850383698687,0.0860353473257375,8.440271274953726e-05,0.2560542837459029,0.11210224850504516,0.07536732594802437,0.03950963954761085,0.0004547941765557894,-0.007894793109488336
464,11.03,-0.007200720072007207,-1.0,0.0,0.43727907203544675,0.0,0.0,0.035857686400413515,0.022937342524528503,-0.012920343875885011,0.022937342524528503,0.012920343875885011,0,0,-0.00025820116219919744,1.2920343875885012e-05,0.98013040202599,1.0726850383698687,0.08628314279887,0.0002477954731325005,0.23994698240228834,0.10492379380257832,0.08571208969711824,0.08571208969711824,0.0015702084877895896,-0.008836190162138257
465,11.21,0.016319129646418993,-1.0,0.0,0.43573037572615736,0.0,0.0,0.022937342524528503,0.0,-0.022937342524528503,0.0,0.022937342524528503,0,0,0.00037431746640210014,2.2937342524528503e-05,0.9804748003680702,1.0726850383698687,0.08596208085639749,0.0,0.22481774192876353,0.09795991916052642,0.08999883000931111,0.08999883000931111,0.0016977313517608289,-0.008400790593959198
466,11.5,0.025869759143621687,0.6391388177871704,0.06391388177871704,0.43773700334537374,0.06391388177871704,0.06391388177871704,0.0,0.06391388177871704,0.06391388177871704,0.0,0.0,0,0,0.0,6.391388177871704e-05,0.9804121344175925,1.0726850383698687,0.08602050056790293,5.8419711505441896e-05,0.17043672857556522,0.07460646282665674,0.08461150149538207,0.020697619716665033,0.00016164513274577924,-0.005043379104129601
467,11.23,-0.02347826086956518,0.04084336757659912,0.06799821853637696,0.4373718783300049,0.06799821853637696,0.06799821853637696,0.06391388177871704,0.06799821853637696,0.004084336757659915,0.06391388177871704,0.0,0,0,-0.0015005867895872672,4.084336757659915e-06,0.978936936587016,1.0726850383698687,0.08739573913076971,0.0013752385628667818,0.20750148796801804,0.09075531554884296,0.08676183641409338,0.018763617877716424,0.0001381645143717716,-0.00725629971132665
468,10.97,-0.02315227070347282,-1.0,0.0,0.428776609156836,0.0,0.0,0.06799821853637696,0.004084336757659915,-0.06391388177871704,0.004084336757659915,0.06391388177871704,0,0,-0.0015743131629081027,6.391388177871704e-05,0.9773332156224562,1.0726850383698687,0.08889079211202214,0.0014950529812524233,0.08254484193149982,0.03539329742677551,0.06878284776853212,0.06878284776853212,0.0011042266673070946,-0.005394348536833926
469,10.76,-0.01914311759343672,-1.0,0.0,0.41943255663369505,0.0,0.0,0.004084336757659915,0.0,-0.004084336757659915,0.0,0.004084336757659915,0,0,-7.818693884307982e-05,4.084336757659915e-06,0.97725280917212,1.0726850383698687,0.08896575022876668,7.495811674454456e-05,0.0,0.0,0.04470885104954588,0.04470885104954588,0.000554267739669411,-0.0006987920255431305
470,10.62,-0.01301115241635693,-1.0,0.0,0.4189640548125465,0.0,0.0,0.0,0.0,0.0,0.0,0.0,0,0,-0.0,0.0,0.97725280917212,1.0726850383698687,0.08896575022876668,0.0,0.0,0.0,0.029060753182204826,0.029060753182204826,0.0002782152762054237,-0.00032821527620542374
471,10.98,0.03389830508474588,-1.0,0.0,0.4189640548125465,0.0,0.0,0.0,0.0,0.0,0.0,0.0,0,0,0.0,0.0,0.97725280917212,1.0726850383698687,0.08896575022876668,0.0,0.0,0.0,0.018889489568433136,0.018889489568433136,0.0001396504511704526,-0.0001896504511704526
472,11.2,0.02003642987249534,-1.0,0.0,0.4189640548125465,0.0,0.0,0.0,0.0,0.0,0.0,0.0,0,0,0.0,0.0,0.97725280917212,1.0726850383698687,0.08896575022876668,0.0,0.0,0.0,0.01227816821948154,0.01227816821948154,7.009769117678225e-05,-0.00012009769117678226
473,11.35,0.013392857142857175,0.3956187963485718,0.03956187963485718,0.4189640548125465,0.03956187963485718,0.03956187963485718,0.0,0.03956187963485718,0.03956187963485718,0.0,0.0,0,0,0.0,3.9561879634857185e-05,0.9772141472141107,1.0726850383698687,0.08900179245609935,3.60422273326666e-05,0.04589266596423009,0.019227377418531585,0.014710391439149054,0.0,0.0,-0.0014399304377070664
474,11.3,-0.004405286343612241,1.0,0.1395618796348572,0.41873881444788136,0.1395618796348572,0.1395618796348572,0.03956187963485718,0.1395618796348572,0.1,0.03956187963485718,0.0,0,0,-0.00017428140808306756,0.0001,0.9769461155418141,1.0726850383698687,0.08925166232722566,0.00024986987112630976,0.17113622733857872,0.07166138094483955,0.03464323776614073,0.0,0.0,-0.004647141869809738
475,11.35,0.004424778761061852,-1.0,0.03956187963485719,0.4171771261886764,0.03956187963485719,0.03956187963485719,0.1395618796348572,0.1,-0.03956187963485719,0.1,0.03956187963485719,0,0,0.0006175304408621867,3.956187963485719e-05,0.9775107596826104,1.0726850383698687,0.08872527842086081,0.0,0.2003568967705836,0.08358431440683337,0.05177261459038315,0.012210734955525958,6.948273010889489e-05,-0.004735407744467194
476,11.06,-0.025550660792951468,1.0,0.2,0.4204670231834233,0.2,0.2,0.1,0.2,0.1,0.0,0.1,0,0,-0.0025550660792951468,0.0001,0.974915404022431,1.0726850383698687,0.0911447730230447,0.0024194946021838942,0.24725034830915552,0.10396061793461518,0.07003841576086436,0.0,0.0,-0.008219673602772908
477,12.47,0.1274864376130199,-1.0,0.1,0.4053451851058986,0.1,0.1,0.2,0.1,-0.1,0.1,0.1,1,0,0.02549728752260398,0.0001,0.9996756108486045,1.0726850383698687,0.06806231550708937,0.0,0.03016218073932552,0.012226094734979473,0.049804103401804654,0.0,0.0,0.02436310325952938
478,12.17,-0.024057738572574233,1.0,0.2,0.5496105443698844,0.2,0.2,0.1,0.2,0.1,0.0,0.1,0,0,-0.0024057738572574234,0.0001,0.9971706498372023,1.0726850383698687,0.07039754059348463,0.0023352250863952623,0.472857051314262,0.2598872213819699,0.08480410340180466,0.0,0.0,-0.012943486165645482
479,12.3,0.010682004930156187,-1.0,0.1,0.5350153692082915,0.1,0.1,0.2,0.1,-0.1,0.1,0.1,0,0,0.0021364009860312372,0.0001,0.9992012891317721,1.0726850383698687,0.0685044972285322,0.0,0.33267472672221643,0.1779860917435541,0.11741779932141697,0.01741779932141696,0.00012265330045454053,-0.006925260263856488
480,12.57,0.021951219512195086,1.0,0.2,0.5468468911959108,0.2,0.2,0.1,0.2,0.1,0.0,0.1,0,0,0.0021951219512195085,0.0001,1.0012947376863188,1.0726850383698687,0.06655290055321351,0.0,0.37465963083084264,0.20488145437645391,0.1480300785906799,0.0,0.0,-0.0062215260747266925
481,12.76,0.015115354017501949,-1.0,0.1,0.559044376389216,0.1,0.1,0.2,0.1,-0.1,0.1,0.1,0,0,0.00302307080350039,0.0001,1.0042215930997482,1.0726850383698687,0.06382436859020854,0.0,0.4369533486250688,0.24427631229328128,0.1817162603865904,0.08171626038659038,0.0014547339046071422,-0.010061059495633524
482,13.06,0.023510971786833913,1.0,0.2,0.5760976843541875,0.2,0.2,0.1,0.2,0.1,0.0,0.1,0,0,0.0023510971786833913,0.0001,1.0064821934947479,1.0726850383698687,0.061716946267589945,0.0,0.5279424982080148,0.3041464506898021,0.21671626038659036,0.016716260386590354,0.00011484513191396277,-0.009491305914523691
483,13.64,0.044410413476263406,1.0,0.30000000000000004,0.5892690768468082,0.30000000000000004,0.30000000000000004,0.2,0.30000000000000004,0.10000000000000003,0.1,0.1,0,0,0.008882082695252681,0.00010000000000000003,1.0153212033493182,1.0726850383698687,0.05347686689815759,0.0,0.3248777494160102,0.19144041148644103,0.20786971327153808,0.0,0.0,0.0029252098554141052
484,13.53,-0.008064516129032346,-1.0,0.20000000000000004,0.6326156683308009,0.20000000000000004,0.20000000000000004,0.30000000000000004,0.20000000000000004,-0.1,0.10000000000000003,0.2,0,0,-0.0024193548387097044,0.0001,1.0127632489628156,1.0726850383698687,0.055861494533488355,0.0023846276353307674,0.5427307561700743,0.3433399800382125,0.24286971327153808,0.042869713271538046,0.0005182399790023456,-0.01498457915098565
485,13.55,0.0014781966001479194,1.0,0.30000000000000004,0.6206925228282932,0.30000000000000004,0.30000000000000004,0.20000000000000004,0.30000000000000004,0.1,0.0,0.20000000000000004,0,0,0.00029563932002958394,0.0001,1.0129613852761936,1.0726850383698687,0.05567678391826512,0.0,0.475095503261922,0.29488822650401997,0.26107619290290673,0.0,0.0,-0.008275022436727859
486,13.87,0.023616236162361512,-1.0,0.20000000000000004,0.6216160781726133,0.20000000000000004,0.20000000000000004,0.30000000000000004,0.20000000000000004,-0.1,0.1,0.20000000000000004,0,0,0.007084870848708454,0.0001,1.0200367897270766,1.0726850383698687,0.04908080821449726,0.0,0.4127202982840027,0.25655357320153294,0.2594932760074259,0.05949327600742585,0.0008754646236666445,-0.003029352217892647
487,13.18,-0.04974765681326601,1.0,0.30000000000000004,0.6545959614253631,0.30000000000000004,0.30000000000000004,0.20000000000000004,0.30000000000000004,0.1,0.0,0.20000000000000004,0,0,-0.009949531362653204,0.0001,1.0097858980176542,1.0726850383698687,0.05863710045569455,0.009556292241197292,0.4533525190676001,0.29676272808366594,0.2725375842341099,0.0,0.0,-0.018141865194429445
488,13.65,0.03566009104704102,-1.0,0.20000000000000004,0.6068144939888136,0.20000000000000004,0.20000000000000004,0.30000000000000004,0.20000000000000004,-0.1,0.1,0.20000000000000004,0,0,0.010698027314112308,0.0001,1.0204876365462507,1.0726850383698687,0.048660510733832,0.0,0.15397284210267867,0.09343295226855645,0.20985096304616618,0.009850963046166145,4.9278319708867275e-05,0.006998935604985583
489,13.74,0.006593406593406583,1.0,0.30000000000000004,0.6566974535620275,0.30000000000000004,0.30000000000000004,0.20000000000000004,0.30000000000000004,0.1,0.0,0.20000000000000004,0,0,0.001318681318681317,0.0001,1.021731285764855,1.0726850383698687,0.047501131070539354,0.0,0.16496266802164086,0.10833056402260965,0.1743188233879214,0.0,0.0,-0.0018556691048952337
490,13.35,-0.028384279475982575,-1.0,0.20000000000000004,0.6624943405424162,0.20000000000000004,0.20000000000000004,0.30000000000000004,0.20000000000000004,-0.1,0.1,0.20000000000000004,0,0,-0.008515283842794773,0.0001,1.0129287807269272,1.0726850383698687,0.055707179186307645,0.008206048115768291,0.20096038815315515,0.1331351198246725,0.1599045271407843,0.0,0.0,-0.013180028226902923
491,12.02,-0.09962546816479402,-1.0,0.10000000000000003,0.6214641049548913,0.10000000000000003,0.10000000000000003,0.20000000000000004,0.10000000000000003,-0.1,0.0,0.20000000000000004,0,0,-0.019925093632958808,0.0001,0.9926447870493517,1.0726850383698687,0.0746167313400326,0.01890955215372496,0.049813342002831835,0.030957204002601782,0.11477296404242042,0.014772964042420386,9.424063682981535e-05,-0.0354796228009116
492,11.94,-0.0066555740432612375,-1.0,2.7755575615628914e-17,0.5086454361700008,2.7755575615628914e-17,2.7755575615628914e-17,0.10000000000000003,2.7755575615628914e-17,-0.1,0.0,0.10000000000000003,0,0,-0.000665557404326124,0.0001,0.9918848604827603,1.0726850383698687,0.0753251653531948,0.0007084340131622013,0.0,0.0,0.07460242662757327,0.07460242662757324,0.0012574615482893606,-0.002373018952615485
493,12.44,0.04187604690117253,-1.0,0.0,0.5042176958197458,0.0,0.0,2.7755575615628914e-17,0.0,-2.7755575615628914e-17,0.0,2.7755575615628914e-17,0,0,1.162293786249117e-18,2.7755575615628914e-20,0.9918848604827603,1.0726850383698687,0.0753251653531948,0.0,0.0,0.0,0.048491577307922626,0.048491577307922626,0.000631184149710187,-0.0006811841497101859
494,12.58,0.011254019292604547,-1.0,0.0,0.5042176958197458,0.0,0.0,0.0,0.0,0.0,0.0,0.0,0,0,0.0,0.0,0.9918848604827603,1.0726850383698687,0.0753251653531948,0.0,0.0,0.0,0.031519525250149706,0.031519525250149706,0.000316823549306412,-0.000366823549306412
495,12.51,-0.005564387917329116,-1.0,0.0,0.5042176958197458,0.0,0.0,0.0,0.0,0.0,0.0,0.0,0,0,-0.0,0.0,0.9918848604827603,1.0726850383698687,0.0753251653531948,0.0,0.0,0.0,0.02048769141259731,0.02048769141259731,0.00015902991455219752,-0.00020902991455219752
496,12.13,-0.030375699440447563,-1.0,0.0,0.5042176958197458,0.0,0.0,0.0,0.0,0.0,0.0,0.0,0,0,-0.0,0.0,0.9918848604827603,1.0726850383698687,0.0753251653531948,0.0,0.0,0.0,0.013316999418188251,0.013316999418188251,7.982523325000642e-05,-0.0001298252332500064
497,11.31,-0.06760098928277002,-1.0,0.0,0.5042176958197458,0.0,0.0,0.0,0.0,0.0,0.0,0.0,0,0,-0.0,0.0,0.9918848604827603,1.0726850383698687,0.0753251653531948,0.0,0.0,0.0,0.008656049621822363,0.008656049621822363,4.00683599771819e-05,-9.006835997718191e-05
498,11.16,-0.013262599469496051,-1.0,0.0,0.5042176958197458,0.0,0.0,0.0,0.0,0.0,0.0,0.0,0,0,-0.0,0.0,0.9918848604827603,1.0726850383698687,0.0753251653531948,0.0,0.0,0.0,0.005626432254184536,0.005626432254184536,2.0112355528393072e-05,-7.011235552839307e-05
499,11.36,0.017921146953404955,-1.0,0.0,0.5042176958197458,0.0,0.0,0.0,0.0,0.0,0.0,0.0,0,0,0.0,0.0,0.9918848604827603,1.0726850383698687,0.0753251653531948,0.0,0.0,0.0,0.0036571809652199486,0.0036571809652199486,1.0095418058808534e-05,-6.009541805880854e-05
500,11.66,0.026408450704225418,-1.0,0.0,0.5042176958197458,0.0,0.0,0.0,0.0,0.0,0.0,0.0,0,0,0.0,0.0,0.9918848604827603,1.0726850383698687,0.0753251653531948,0.0,0.0,0.0,0.0023771676273929665,0.0023771676273929665,5.067405736649705e-06,-5.506740573664971e-05
501,11.44,-0.01886792452830194,-1.0,0.0,0.5042176958197458,0.0,0.0,0.0,0.0,0.0,0.0,0.0,0,0,-0.0,0.0,0.9918848604827603,1.0726850383698687,0.0753251653531948,0.0,0.0,0.0,0.0015451589578054283,0.0015451589578054283,2.543589651289879e-06,-5.254358965128988e-05
502,11.74,0.026223776223776286,-1.0,0.0,0.5042176958197458,0.0,0.0,0.0,0.0,0.0,0.0,0.0,0,0,0.0,0.0,0.9918848604827603,1.0726850383698687,0.0753251653531948,0.0,0.0,0.0,0.0010043533225735284,0.0010043533225735284,1.2767575067763334e-06,-5.1276757506776335e-05
503,12.04,0.02555366269165238,-1.0,0.0,0.5042176958197458,0.0,0.0,0.0,0.0,0.0,0.0,0.0,0,0,0.0,0.0,0.9918848604827603,1.0726850383698687,0.0753251653531948,0.0,0.017578012747378566,0.00886314508457334,0.0037549304392734627,0.0037549304392734627,1.0530597673291183e-05,-0.00060281229092992
504,11.83,-0.017441860465116202,-1.0,0.0,0.5042176958197458,0.0,0.0,0.0,0.0,0.0,0.0,0.0,0,0,-0.0,0.0,0.9918848604827603,1.0726850383698687,0.0753251653531948,0.0,0.1699675435934198,0.08570064319481634,0.03243592990371347,0.03243592990371347,0.00033168982723424375,-0.005625188547091244
505,11.76,-0.005917159763313634,-1.0,0.0,0.5042176958197458,0.0,0.0,0.0,0.0,0.0,0.0,0.0,0,0,-0.0,0.0,0.9918848604827603,1.0726850383698687,0.0753251653531948,0.0,0.055952606576781666,0.02821229436325361,0.030957657464552514,0.030957657464552514,0.00030783566315541254,-0.002083973576049127
506,11.65,-0.00935374149659859,-1.0,0.0,0.5042176958197458,0.0,0.0,0.0,0.0,0.0,0.0,0.0,0,0,-0.0,0.0,0.9918848604827603,1.0726850383698687,0.0753251653531948,0.0,0.0,0.0,0.020122477351959135,0.020122477351959135,0.00015451843562417142,-0.00020451843562417142
507,11.45,-0.017167381974249017,-1.0,0.0,0.5042176958197458,0.0,0.0,0.0,0.0,0.0,0.0,0.0,0,0,-0.0,0.0,0.9918848604827603,1.0726850383698687,0.0753251653531948,0.0,0.0,0.0,0.013079610278773439,0.013079610278773439,7.756069164633242e-05,-0.00012756069164633242
508,11.56,0.009606986899563425,-1.0,0.0,0.5042176958197458,0.0,0.0,0.0,0.0,0.0,0.0,0.0,0,0,0.0,0.0,0.9918848604827603,1.0726850383698687,0.0753251653531948,0.0,0.0,0.0,0.008501746681202736,0.008501746681202736,3.893167093206337e-05,-8.893167093206337e-05
509,11.31,-0.02162629757785467,-1.0,0.0,0.5042176958197458,0.0,0.0,0.0,0.0,0.0,0.0,0.0,0,0,-0.0,0.0,0.9918848604827603,1.0726850383698687,0.0753251653531948,0.0,0.0,0.0,0.005526135342781778,0.005526135342781778,1.9541793263961166e-05,-6.954179326396117e-05
510,12.29,0.08664898320070721,-1.0,0.0,0.5042176958197458,0.0,0.0,0.0,0.0,0.0,0.0,0.0,0,0,0.0,0.0,0.9918848604827603,1.0726850383698687,0.0753251653531948,0.0,0.0,0.0,0.003591987972808156,0.003591987972808156,9.809023728721792e-06,-5.9809023728721797e-05
511,12.32,0.002441008950366244,1.0,0.1,0.5042176958197458,0.1,0.1,0.0,0.1,0.1,0.0,0.0,0,0,0.0,0.0001,0.991785671996712,1.0726850383698687,0.07541763283665949,9.246748346468381e-05,0.19279747125675412,0.09721189671695424,0.03635895603325928,0.0,0.0,-0.005330174758424257
512,12.18,-0.011363636363636409,-1.0,0.0,0.5036398101622114,0.0,0.0,0.1,0.1,-0.0,0.1,0.0,0,0,-0.0011363636363636409,0.0,0.9906586428239885,1.0726850383698687,0.07646829461752684,0.0010506617808673513,0.2285883558992195,0.11512619617037492,0.06392749008124976,0.06392749008124976,0.0009821780691112508,-0.007972121287674754
513,12.43,0.020525451559934318,-1.0,0.0,0.4970731478210193,0.0,0.0,0.1,0.0,-0.1,0.0,0.1,0,0,0.002052545155993432,0.0001,0.9925929485582775,1.0726850383698687,0.07466505725977596,0.0,0.22593816862466704,0.1123077966911795,0.08086059739472518,0.08086059739472518,0.0014304382013197272,-0.006798085547397273
514,12.33,-0.008045052292839874,1.0,0.1,0.5083434082590605,0.1,0.1,0.0,0.1,0.1,0.0,0.0,0,0,-0.0,0.0001,0.9924936892634217,1.0726850383698687,0.07475759075404992,9.253349427396085e-05,0.28636922928070196,0.1455739100330724,0.10351025681814671,0.0035102568181467064,9.454361704635569e-06,-0.007753780477146747
515,12.0,-0.026763990267639908,-1.0,0.0,0.5077650569402388,0.0,0.0,0.1,0.1,-0.0,0.1,0.0,0,0,-0.002676399026763991,0.0,0.9898373801194077,1.0726850383698687,0.07723390863767657,0.0024763178836266497,0.31088666121920194,0.1578573832359288,0.12253175106437045,0.12253175106437045,0.002781556019387697,-0.013434830905607098
516,11.98,-0.0016666666666666312,-1.0,0.0,0.49228805899889333,0.0,0.0,0.1,0.0,-0.1,0.0,0.1,0,0,-0.00016666666666666314,0.0001,0.9895734234847092,1.0726850383698687,0.07747997959537316,0.0002460709576965897,0.0,0.0,0.0796456381918408,0.0796456381918408,0.0013962049760940032,-0.0020128716427606666
517,11.95,-0.0025041736227046025,-1.0,0.0,0.49075011946534053,0.0,0.0,0.0,0.0,0.0,0.0,0.0,0,0,-0.0,0.0,0.9895734234847092,1.0726850383698687,0.07747997959537316,0.0,0.0,0.0,0.05176966482469652,0.05176966482469652,0.0007008265595523668,-0.0007508265595523668
518,12.14,0.015899581589958266,-1.0,0.0,0.49075011946534053,0.0,0.0,0.0,0.0,0.0,0.0,0.0,0,0,0.0,0.0,0.9895734234847092,1.0726850383698687,0.07747997959537316,0.0,0.0,0.0,0.03365028213605274,0.03365028213605274,0.0003517806303398668,-0.0004017806303398668
519,12.24,0.008237232289950547,-1.0,0.0,0.49075011946534053,0.0,0.0,0.0,0.0,0.0,0.0,0.0,0,0,0.0,0.0,0.9895734234847092,1.0726850383698687,0.07747997959537316,0.0,0.0,0.0,0.02187268338843428,0.02187268338843428,0.0001765766582267595,-0.00022657665822675948
520,11.69,-0.04493464052287587,-1.0,0.0,0.49075011946534053,0.0,0.0,0.0,0.0,0.0,0.0,0.0,0,0,-0.0,0.0,0.9895734234847092,1.0726850383698687,0.07747997959537316,0.0,0.018939913571758324,0.009294764848003623,0.017470411899283552,0.017470411899283552,0.0001232466201102569,-0.0007575429537990012
521,11.8,0.009409751924722088,-1.0,0.0,0.49075011946534053,0.0,0.0,0.0,0.0,0.0,0.0,0.0,0,0,0.0,0.0,0.9895734234847092,1.0726850383698687,0.07747997959537316,0.0,0.0,0.0,0.01135576773453431,0.01135576773453431,6.186377088410654e-05,-0.00011186377088410655
522,11.9,0.00847457627118641,-1.0,0.0,0.49075011946534053,0.0,0.0,0.0,0.0,0.0,0.0,0.0,0,0,0.0,0.0,0.9895734234847092,1.0726850383698687,0.07747997959537316,0.0,0.0,0.0,0.007381249027447302,0.007381249027447302,3.105258500863932e-05,-8.105258500863932e-05
523,11.89,-0.0008403361344537636,-1.0,0.0,0.49075011946534053,0.0,0.0,0.0,0.0,0.0,0.0,0.0,0,0,-0.0,0.0,0.9895734234847092,1.0726850383698687,0.07747997959537316,0.0,0.0,0.0,0.004797811867840746,0.004797811867840746,1.5586877779002326e-05,-6.558687777900233e-05
524,11.88,-0.0008410428931875346,-1.0,0.0,0.49075011946534053,0.0,0.0,0.0,0.0,0.0,0.0,0.0,0,0,-0.0,0.0,0.9895734234847092,1.0726850383698687,0.07747997959537316,0.0,0.0,0.0,0.003118577714096485,0.003118577714096485,7.82384973199377e-06,-5.782384973199377e-05
525,11.92,0.003367003367003295,-1.0,0.0,0.49075011946534053,0.0,0.0,0.0,0.0,0.0,0.0,0.0,0,0,0.0,0.0,0.9895734234847092,1.0726850383698687,0.07747997959537316,0.0,0.0,0.0,0.002027075514162715,0.002027075514162715,3.927189620443475e-06,-5.392718962044348e-05
526,11.66,-0.021812080536912734,-1.0,0.0,0.49075011946534053,0.0,0.0,0.0,0.0,0.0,0.0,0.0,0,0,-0.0,0.0,0.9895734234847092,1.0726850383698687,0.07747997959537316,0.0,0.055550145483846784,0.027261240532514858,0.010859033270585964,0.010859033270585964,5.7591163026204845e-05,-0.0018213131512028779
