step,close,price_return,action_delta,raw_target,risk_cap,shielded_target,target_position,prev_position,position,executed_trade,locked_position,sellable_position,limit_up,limit_down,pnl,cost,equity,max_equity,drawdown,dd_increase,reward
1,14.17,-0.008397480755773214,1.0,0.1,0.8,0.1,0.1,0.0,0.1,0.1,0.0,0.0,0,0,-0.0008397480755773214,0.0001,0.9990602519244227,1.0,0.0009397480755772847,0.0009397480755772847,-0.002815244226731891
2,13.47,-0.04940014114326036,1.0,0.2,0.8,0.2,0.2,0.1,0.2,0.1,0.1,0.0,0,0,-0.009880028228652072,0.0001,0.9890896024080927,1.0,0.010910397591907262,0.009970649516329977,-0.029875327261312028
3,14.78,0.09725315515961386,-1.0,0.1,0.8,0.1,0.1,0.2,0.1,-0.1,0.1,0.1,0,0,0.009725315515961386,0.0001,0.9986099019048273,1.0,0.0013900980951726538,0.0,0.009629315515961386
4,14.44,-0.0230040595399188,0.9726914167404175,0.19726914167404175,0.8,0.19726914167404175,0.19726914167404175,0.1,0.19726914167404175,0.09726914167404174,0.0,0.1,0,0,-0.0045379910804583335,9.726914167404174e-05,0.9939810851491003,1.0,0.00601891485089967,0.0046288167557270166,-0.013846515887973093
5,14.66,0.015235457063711957,0.8219044208526611,0.27945958375930785,0.8,0.27945958375930785,0.27945958375930785,0.19726914167404175,0.27945958375930785,0.0821904420852661,0.09726914167404174,0.1,0,0,0.00425769448940775,8.21904420852661e-05,0.9981314571931023,1.0,0.0018685428068977439,0.0,0.004255225981162481
6,14.51,-0.010231923601637131,-1.0,0.17945958375930784,0.8,0.17945958375930784,0.17945958375930784,0.27945958375930785,0.17945958375930784,-0.1,0.0821904420852661,0.19726914167404175,0,0,-0.0018362167506068374,0.0001,0.9961988583463773,1.0,0.003801141653622664,0.00193259884672492,-0.00576306213912293
7,14.03,-0.033080634045485904,1.0,0.27945958375930785,0.8,0.27945958375930785,0.27945958375930785,0.17945958375930784,0.27945958375930785,0.1,0.0,0.17945958375930784,0,0,-0.009244700220845479,0.0001,0.9868896786547819,1.0,0.013110321345218057,0.009309179691595393,-0.027892242449153636
8,13.75,-0.0199572344975053,-0.8882004618644714,0.1906395375728607,0.8,0.1906395375728607,0.1906395375728607,0.27945958375930785,0.1906395375728607,-0.08882004618644715,0.1,0.17945958375930784,0,0,-0.0038046379558375537,8.882004618644716e-05,0.9830472651383085,1.0,0.016952734861691465,0.0038424135164734086,-0.011530117395491922
9,14.12,0.02690909090909085,1.0,0.2906395375728607,0.8,0.2906395375728607,0.2906395375728607,0.1906395375728607,0.2906395375728607,0.1,0.0,0.1906395375728607,0,0,0.007820845738324235,0.0001,0.9906372214259229,1.0,0.00936277857407708,0.0,0.007794546656387612
10,14.07,-0.0035410764872520492,-1.0,0.1906395375728607,0.8,0.1906395375728607,0.1906395375728607,0.2906395375728607,0.1906395375728607,-0.1,0.1,0.1906395375728607,0,0,-0.0006750691840398606,0.0001,0.9898694090430329,1.0,0.010130590956967112,0.0007678123828900318,-0.0022681162872478047
11,14.88,0.05756929637526656,1.0,0.2906395375728607,0.8,0.2906395375728607,0.2906395375728607,0.1906395375728607,0.2906395375728607,0.1,0.0,0.1906395375728607,0,0,0.016731913676902438,0.0001,1.006332831605643,1.006332831605643,0.0,0.0,0.016705614594965813
12,14.53,-0.02352150537634418,-1.0,0.1906395375728607,0.8,0.1906395375728607,0.1906395375728607,0.2906395375728607,0.1906395375728607,-0.1,0.1,0.1906395375728607,0,0,-0.004484128907963811,0.0001,1.0017196721812465,1.006332831605643,0.004584128907963856,0.004584128907963856,-0.013709809061319403
13,14.58,0.0034411562284928227,1.0,0.2906395375728607,0.8,0.2906395375728607,0.2906395375728607,0.1906395375728607,0.2906395375728607,0.1,0.0,0.1906395375728607,0,0,0.0010001360549651234,0.0001,1.0026213561751447,1.006332831605643,0.0036881191927093547,0.0,0.0009738369730284998
14,14.11,-0.032235939643347096,0.9753324389457703,0.3881727814674377,0.8,0.3881727814674377,0.3881727814674377,0.2906395375728607,0.3881727814674377,0.09753324389457702,0.1,0.1906395375728607,0,0,-0.012513114354574485,9.753324389457702e-05,0.9899776515777208,1.006332831605643,0.016252257219738046,0.01256413802702869,-0.03764519347055657
15,13.96,-0.010630758327427256,-1.0,0.28817278146743774,0.8,0.28817278146743774,0.28817278146743774,0.3881727814674377,0.28817278146743774,-0.09999999999999998,0.09753324389457702,0.2906395375728607,0,0,-0.0030634951963228385,9.999999999999998e-05,0.9868458620324877,1.006332831605643,0.019364338478416836,0.0031120812586787894,-0.009314580175987162
16,13.99,0.002148997134670441,-0.7947434186935425,0.20869843959808348,0.8,0.20869843959808348,0.20869843959808348,0.28817278146743774,0.20869843959808348,-0.07947434186935426,0.0,0.28817278146743774,0,0,0.00044849234870647357,7.947434186935426e-05,0.9872100259255505,1.006332831605643,0.01900246626116861,0.0,0.00042836687644688735
17,13.8,-0.013581129378127199,1.0,0.3086984395980835,0.8,0.3086984395980835,0.3086984395980835,0.20869843959808348,0.3086984395980835,0.10000000000000003,0.0,0.20869843959808348,0,0,-0.004192473447007556,0.00010000000000000003,0.9829724531026455,1.006332831605643,0.02321337212632242,0.004210905865153811,-0.012636242949522505
18,13.06,-0.05362318840579711,-1.0,0.2086984395980835,0.783933141827985,0.2086984395980835,0.2086984395980835,0.3086984395980835,0.2086984395980835,-0.1,0.10000000000000003,0.20869843959808348,0,0,-0.011191075746563901,0.0001,0.9718736366778779,1.006332831605643,0.03424234392987476,0.011028971803552341,-0.03329993331312414
19,12.63,-0.03292496171516077,1.0,0.3086984395980835,0.7287882842141311,0.3086984395980835,0.3086984395980835,0.2086984395980835,0.3086984395980835,0.1,0.0,0.2086984395980835,0,0,-0.01016388430529677,0.0001,0.9618984381116481,1.006332831605643,0.044154768778733096,0.009912424848858334,-0.03001069177522076
20,11.96,-0.05304829770387964,-1.0,0.2086984395980835,0.6792261652678642,0.2086984395980835,0.2086984395980835,0.3086984395980835,0.2086984395980835,-0.1,0.1,0.2086984395980835,0,0,-0.011071096954134278,0.0001,0.9511529773994725,1.006332831605643,0.05483260852985285,0.010677839751119751,-0.03247769041582934
21,12.37,0.03428093645484936,-0.1970791220664978,0.18899052739143374,0.6258369624658257,0.18899052739143374,0.18899052739143374,0.2086984395980835,0.18899052739143374,-0.019707912206649775,0.0,0.2086984395980835,0,0,0.006478772260074207,1.9707912206649775e-05,0.9572965356851616,1.006332831605643,0.04872771152884092,0.0,0.006541174256532878
22,11.83,-0.043654001616814805,-1.0,0.08899052739143373,0.6563614510035661,0.08899052739143373,0.08899052739143373,0.18899052739143374,0.08899052739143373,-0.1,0.0,0.18899052739143374,0,0,-0.0038847926266268504,0.0001,0.9534819075082679,1.006332831605643,0.052518334329855296,0.0037906228010143733,-0.01156739550059998
23,12.24,0.03465765004226544,1.0,0.18899052739143374,0.6374083288054583,0.18899052739143374,0.18899052739143374,0.08899052739143373,0.18899052739143374,0.1,0.0,0.08899052739143373,0,0,0.006549967559635491,0.0001,0.9596318348803955,1.006332831605643,0.04640710832293355,0.0,0.006491931424404136
24,12.29,0.0040849673202613505,-1.0,0.08899052739143373,0.6679644636842834,0.08899052739143373,0.08899052739143373,0.18899052739143374,0.1,-0.08899052739143373,0.1,0.08899052739143373,0,0,0.0004084967320261351,8.899052739143373e-05,0.9599384432058047,1.006332831605643,0.046102429477347266,0.0,0.00032901094093898447
25,12.54,0.020341741253051264,1.0,0.2,0.6694878466459955,0.2,0.2,0.1,0.2,0.1,0.0,0.1,0,0,0.004068348250610253,0.0001,0.9637478132475941,1.006332831605643,0.04231703172210222,0.0,0.004014348250610254
26,12.33,-0.016746411483253516,1.0,0.30000000000000004,0.6884148359326603,0.30000000000000004,0.30000000000000004,0.2,0.30000000000000004,0.10000000000000003,0.1,0.1,0,0,-0.005023923444976056,0.00010000000000000003,0.9588096432322504,1.006332831605643,0.047224125936115545,0.004907094214013322,-0.014862111873002699
27,11.88,-0.036496350364963445,-1.0,0.20000000000000004,0.6638793662224467,0.20000000000000004,0.20000000000000004,0.30000000000000004,0.20000000000000004,-0.1,0.10000000000000003,0.2,0,0,-0.00729927007299269,0.0001,0.9517151517333852,1.006332831605643,0.054273971947345914,0.007049846011230369,-0.021452962095453432
28,11.71,-0.014309764309764304,1.0,0.30000000000000004,0.6286301478786396,0.30000000000000004,0.30000000000000004,0.20000000000000004,0.30000000000000004,0.1,0.0,0.20000000000000004,0,0,-0.004292929292929292,0.0001,0.947534334364811,1.006332831605643,0.05842847951906398,0.0041545075717180635,-0.01262594443636542
29,11.45,-0.022203245089667083,-1.0,0.20000000000000004,0.6078575938988083,0.20000000000000004,0.20000000000000004,0.30000000000000004,0.20000000000000004,-0.1,0.1,0.20000000000000004,0,0,-0.004440649017933417,0.0001,0.9432319135200193,1.006332831605643,0.06270382531884976,0.004275345799785779,-0.013045340617504975
30,11.74,0.02532751091703065,0.3121127784252167,0.2312112778425217,0.5831010904167346,0.2312112778425217,0.2312112778425217,0.20000000000000004,0.2312112778425217,0.031211277842521673,0.0,0.20000000000000004,0,0,0.005856006163697075,3.121127784252167e-05,0.9487260459460656,1.006332831605643,0.05724426735403593,0.0,0.0059158408206378636
31,11.84,0.008517887563884127,-1.0,0.1312112778425217,0.6137786634312932,0.1312112778425217,0.1312112778425217,0.2312112778425217,0.1312112778425217,-0.1,0.031211277842521673,0.20000000000000004,0,0,0.0011176429117761605,0.0001,0.94969151028194,1.006332831605643,0.05628487866517244,0.0,0.001036039838821833
32,11.56,-0.023648648648648594,1.0,0.2312112778425217,0.6185756079897937,0.2312112778425217,0.2312112778425217,0.1312112778425217,0.2312112778425217,0.1,0.0,0.1312112778425217,0,0,-0.005467834273302866,0.0001,0.9444037853419275,1.006332831605643,0.06153932806197463,0.00525444939680219,-0.01602008149320268
33,11.95,0.03373702422145318,-1.0,0.1312112778425217,0.5903791900726577,0.1312112778425217,0.1312112778425217,0.2312112778425217,0.1312112778425217,-0.1,0.1,0.1312112778425217,0,0,0.004426678058700978,0.0001,0.9484899164785205,1.006332831605643,0.0574789108637466,0.0,0.00434507498574665
34,11.81,-0.011715481171548017,1.0,0.2312112778425217,0.6126054391311764,0.2312112778425217,0.2312112778425217,0.1312112778425217,0.2312112778425217,0.1,0.0,0.1312112778425217,0,0,-0.0027087513722136203,0.0001,0.9458258441240808,1.006332831605643,0.060126218266198274,0.0026473074024516707,-0.00804671460341239
35,12.13,0.02709568162574092,1.0,0.3312112778425217,0.5992111315950949,0.3312112778425217,0.3312112778425217,0.2312112778425217,0.3312112778425217,0.09999999999999998,0.1,0.1312112778425217,0,0,0.008974395335275786,9.999999999999998e-05,0.9542194765831589,1.006332831605643,0.05178540676183174,0.0,0.008957301555639254
36,12.14,0.0008244023083264457,-1.0,0.23121127784252168,0.6410729713777696,0.23121127784252168,0.23121127784252168,0.3312112778425217,0.23121127784252168,-0.1,0.09999999999999998,0.2312112778425217,0,0,0.00019061111116448206,0.0001,0.9543059394702269,1.006332831605643,0.051699487983916007,0.0,0.000147262684869052
37,11.93,-0.01729818780889628,1.0,0.3312112778425217,0.641502553228526,0.3312112778425217,0.3312112778425217,0.23121127784252168,0.3312112778425217,0.1,0.0,0.23121127784252168,0,0,-0.005729354888544467,0.0001,0.9487429514768092,1.006332831605643,0.0572274682094461,0.005527980225530096,-0.016802409119241198
38,11.62,-0.025984911986588474,-1.0,0.23121127784252168,0.6138626501010699,0.23121127784252168,0.23121127784252168,0.3312112778425217,0.23121127784252168,-0.1,0.1,0.23121127784252168,0,0,-0.00600800470504458,0.0001,0.942948025065311,1.006332831605643,0.06298592726940962,0.005758459059963514,-0.01756827125126704
39,11.61,-0.0008605851979345772,1.0,0.3312112778425217,0.5813379570846454,0.3312112778425217,0.3312112778425217,0.23121127784252168,0.3312112778425217,0.1,0.0,0.23121127784252168,0,0,-0.0002850355231002708,0.0001,0.9425849565792236,1.006332831605643,0.06334671097305573,0.000360783703646117,-0.0010236967100290372
40,11.52,-0.007751937984496112,-1.0,0.23121127784252168,0.5790830388670428,0.23121127784252168,0.23121127784252168,0.3312112778425217,0.23121127784252168,-0.1,0.1,0.23121127784252168,0,0,-0.0017923354871513281,0.0001,0.9408012696162338,1.006332831605643,0.06511917323103837,0.0017724622579826377,-0.005380608429412033
41,11.75,0.019965277777777814,1.0,0.3312112778425217,0.5680051896729124,0.3312112778425217,0.3312112778425217,0.23121127784252168,0.3312112778425217,0.1,0.0,0.23121127784252168,0,0,0.006612725165258692,0.0001,0.9469284497203708,1.006332831605643,0.059030551344022235,0.0,0.0065956313856221594
42,11.45,-0.025531914893617082,-1.0,0.23121127784252168,0.604847242688051,0.23121127784252168,0.23121127784252168,0.3312112778425217,0.23121127784252168,-0.1,0.1,0.23121127784252168,0,0,-0.005903266668319716,0.0001,0.9412437857208809,1.006332831605643,0.06467944187104585,0.005648890527023616,-0.01724439614866238
43,11.85,0.03493449781659392,1.0,0.3312112778425217,0.5707534760244052,0.3312112778425217,0.3312112778425217,0.23121127784252168,0.3312112778425217,0.1,0.0,0.23121127784252168,0,0,0.011570699662620856,0.0001,0.9520405104961933,1.006332831605643,0.053950660660473736,0.0,0.011553605882984324
44,11.71,-0.01181434599156108,-1.0,0.23121127784252168,0.6302467003507137,0.23121127784252168,0.23121127784252168,0.3312112778425217,0.23121127784252168,-0.1,0.1,0.23121127784252168,0,0,-0.002731610033582511,0.0001,0.9493447030342953,1.006332831605643,0.05662950346201162,0.0026788428015378854,-0.00813264406295371
45,11.45,-0.022203245089667083,1.0,0.3312112778425217,0.6168524749622832,0.3312112778425217,0.3312112778425217,0.23121127784252168,0.3312112778425217,0.1,0.0,0.23121127784252168,0,0,-0.00735396517839933,0.0001,0.9422683206755798,1.006332831605643,0.06366135429353513,0.007031850831523509,-0.021434760621082884
46,11.51,0.005240174672489127,-1.0,0.23121127784252168,0.5771165512507914,0.23121127784252168,0.23121127784252168,0.3312112778425217,0.23121127784252168,-0.1,0.1,0.23121127784252168,0,0,0.0012115874821442287,0.0001,0.943315734345664,1.006332831605643,0.06262053197591978,0.0,0.0011682390558487986
47,11.54,0.002606429192006895,1.0,0.3312112778425217,0.583621653169803,0.3312112778425217,0.3312112778425217,0.23121127784252168,0.3312112778425217,0.1,0.0,0.23121127784252168,0,0,0.000863278743290655,0.0001,0.9440357471939017,1.006332831605643,0.061905050153579805,0.0,0.0008461849636541223
48,11.61,0.0060658578856152764,-1.0,0.23121127784252168,0.5880934450778361,0.23121127784252168,0.23121127784252168,0.3312112778425217,0.23121127784252168,-0.1,0.1,0.23121127784252168,0,0,0.0014024947529442447,0.0001,0.9452653488012136,1.006332831605643,0.060683186403641315,0.0,0.0013591463266488146
49,11.42,-0.016365202411714,1.0,0.3312112778425217,0.5957300806419128,0.3312112778425217,0.3312112778425217,0.23121127784252168,0.3312112778425217,0.1,0.0,0.23121127784252168,0,0,-0.005420339602935312,0.0001,0.9400471630609438,1.006332831605643,0.06586853420944028,0.005185347805798962,-0.015808128994169772
50,10.99,-0.03765323992994744,-1.0,0.23121127784252168,0.5633216615775456,0.23121127784252168,0.23121127784252168,0.3312112778425217,0.23121127784252168,-0.1,0.1,0.23121127784252168,0,0,-0.008705853719114209,0.0001,0.9317692452539608,1.006332831605643,0.07409435925161377,0.008225825042173493,-0.025200852229756626
51,11.13,0.012738853503184764,1.0,0.3312112778425217,0.5119102340213625,0.3312112778425217,0.3312112778425217,0.23121127784252168,0.3312112778425217,0.1,0.0,0.23121127784252168,0,0,0.0042192519470385095,0.0001,0.9356074375316638,1.006332831605643,0.07028032063818702,0.0,0.004202158167401977
52,11.24,0.009883198562443794,-1.0,0.23121127784252168,0.5357479941115945,0.23121127784252168,0.23121127784252168,0.3312112778425217,0.23121127784252168,-0.1,0.1,0.23121127784252168,0,0,0.0022851069687940028,0.0001,0.9376518398634697,1.006332831605643,0.06824878368778863,0.0,0.0022417585424985725
53,11.09,-0.013345195729537398,1.0,0.3312112778425217,0.5484450873000397,0.3312112778425217,0.3312112778425217,0.23121127784252168,0.3312112778425217,0.1,0.0,0.23121127784252168,0,0,-0.004420079330638645,0.0001,0.9334135791627676,1.006332831605643,0.0724603731019388,0.004211589414150174,-0.012860351938575525
54,11.27,0.016230838593327298,-1.0,0.23121127784252168,0.5221226517130532,0.23121127784252168,0.23121127784252168,0.3312112778425217,0.23121127784252168,-0.1,0.1,0.23121127784252168,0,0,0.0037527529316189216,0.0001,0.9368231083504673,1.006332831605643,0.06907230001059414,0.0,0.0037094045053234913
55,11.25,-0.0017746228926352773,1.0,0.3312112778425217,0.543298133091556,0.3312112778425217,0.3312112778425217,0.23121127784252168,0.3312112778425217,0.1,0.0,0.23121127784252168,0,0,-0.0005877751159583224,0.0001,0.9361787847284891,1.006332831605643,0.06971256891740318,0.0006402689068090439,-0.0018854067092129432
56,11.37,0.010666666666666597,-1.0,0.23121127784252168,0.5392964262530482,0.23121127784252168,0.23121127784252168,0.3312112778425217,0.23121127784252168,-0.1,0.1,0.23121127784252168,0,0,0.002466253630320215,0.0001,0.9383940211764816,1.006332831605643,0.06751127290636279,0.0,0.002422905204024785
57,11.02,-0.030782761653474027,1.0,0.3312112778425217,0.5530545286845976,0.3312112778425217,0.3312112778425217,0.23121127784252168,0.3312112778425217,0.1,0.0,0.23121127784252168,0,0,-0.010195597822768908,0.0001,0.9287326937351577,1.006332831605643,0.07711180181478461,0.009600528908421821,-0.029413749419249083
58,11.06,0.003629764065335837,-1.0,0.23121127784252168,0.49305123128264294,0.23121127784252168,0.23121127784252168,0.3312112778425217,0.23121127784252168,-0.1,0.1,0.23121127784252168,0,0,0.0008392423878131653,0.0001,0.9294192523093147,1.006332831605643,0.07642956373947352,0.0,0.0007958939615177352
59,10.54,-0.04701627486437625,1.0,0.3312112778425217,0.49731524512428454,0.3312112778425217,0.3312112778425217,0.23121127784252168,0.3312112778425217,0.1,0.0,0.23121127784252168,0,0,-0.01557232047722529,0.0001,0.9148530959294199,1.006332831605643,0.09090405559983934,0.014474491860365826,-0.04453839797759347
60,10.55,0.0009487666034157081,-1.0,0.23121127784252168,0.4068496435928949,0.23121127784252168,0.23121127784252168,0.3312112778425217,0.23121127784252168,-0.1,0.1,0.23121127784252168,0,0,0.00021936553875005486,0.0001,0.9149622978620927,1.006332831605643,0.09079554087266047,0.0,0.0001760171124546248
61,10.53,-0.0018957345971565259,-0.30498820543289185,0.20071245729923248,0.4075278792578416,0.20071245729923248,0.20071245729923248,0.23121127784252168,0.20071245729923248,-0.0304988205432892,0.0,0.23121127784252168,0,0,-0.0003804975493824569,3.04988205432892e-05,0.9145862516790525,1.006332831605643,0.09116922060488208,0.00037367973222161843,-0.0010773490645701457
62,9.16,-0.1301044634377967,1.0,0.30071245729923246,0.40519235507140805,0.30071245729923246,0.30071245729923246,0.20071245729923248,0.30071245729923246,0.09999999999999998,0.0,0.20071245729923248,0,1,-0.03912403290597799,9.999999999999998e-05,0.8787124904478383,1.006332831605643,0.1268172290018418,0.035648008396959724,-0.11044387901470287
63,8.78,-0.04148471615720532,-1.0,0.20071245729923246,0.26619616747007224,0.20071245729923246,0.20071245729923246,0.30071245729923246,0.20071245729923246,-0.1,0.09999999999999998,0.20071245729923248,0,0,-0.008326499320273852,0.0001,0.8713080202443635,1.006332831605643,0.13417510302813257,0.007357874026290762,-0.023095991192784895
64,8.71,-0.007972665148063612,-1.0,0.10071245729923245,0.2432027909918068,0.10071245729923245,0.10071245729923245,0.20071245729923246,0.10071245729923245,-0.1,0.0,0.20071245729923246,0,0,-0.0008029466982854352,0.0001,0.8705212755442943,1.006332831605643,0.1349568967601466,0.0007817937320140356,-0.002462192487367117
65,8.39,-0.03673938002296214,1.0,0.20071245729923246,0.24075969904797728,0.20071245729923246,0.20071245729923246,0.10071245729923245,0.20071245729923246,0.1,0.0,0.10071245729923245,0,0,-0.007374051244059062,0.0001,0.8640149549218326,1.006332831605643,0.14142227324208112,0.006465376481934515,-0.020358548027857613
66,8.58,0.02264600715137062,-1.0,0.10071245729923245,0.22055540085000674,0.10071245729923245,0.10071245729923245,0.20071245729923246,0.10071245729923245,-0.1,0.1,0.10071245729923245,0,0,0.0022807350282305263,0.0001,0.8658991425989456,1.006332831605643,0.13954994271888158,0.0,0.002185076703176916
67,8.2,-0.04428904428904438,-0.22171790897846222,0.07854066640138622,0.22640643492495532,0.07854066640138622,0.07854066640138622,0.10071245729923245,0.07854066640138622,-0.022171790897846225,0.0,0.10071245729923245,0,0,-0.0034784910527420544,2.2171790897846226e-05,0.86286792164411,1.006332831605643,0.14256208826321332,0.00301214554433174,-0.009492616609678737
68,8.43,0.028048780487804934,1.0,0.17854066640138622,0.2169934645311769,0.17854066640138622,0.17854066640138622,0.07854066640138622,0.17854066640138622,0.09999999999999999,0.0,0.07854066640138622,0,0,0.005007847960038891,9.999999999999999e-05,0.867102746213134,1.006332831605643,0.13835391335723593,0.0,0.0049458462981442925
69,9.47,0.12336892052194555,-1.0,0.07854066640138621,0.23014401868135545,0.07854066640138621,0.07854066640138621,0.17854066640138622,0.09999999999999999,-0.07854066640138622,0.09999999999999999,0.07854066640138622,1,0,0.012336892052194555,7.854066640138623e-05,0.8777319963638007,1.006332831605643,0.12779155285697544,0.0,0.012273081052592474
70,9.01,-0.04857444561774032,1.0,0.2,0.2631513945769199,0.2,0.2,0.09999999999999999,0.2,0.10000000000000002,0.0,0.09999999999999999,0,0,-0.009714889123548065,0.00010000000000000002,0.8691171541392995,1.006332831605643,0.13635218205830632,0.008560629201330883,-0.026890147526209832
71,9.01,0.0,1.0,0.30000000000000004,0.23639943301819705,0.23639943301819705,0.23639943301819705,0.2,0.23639943301819705,0.036399433018197036,0.10000000000000002,0.09999999999999999,0,0,0.0,3.639943301819704e-05,0.8690855187676625,1.006332831605643,0.1363836183492067,3.143629090038291e-05,-9.162886675938182e-06
72,8.82,-0.021087680355160877,-0.021309394389390945,0.23426849357925794,0.23630117848657634,0.23426849357925794,0.23426849357925794,0.23639943301819705,0.23426849357925794,-0.0021309394389391056,0.036399433018197036,0.2,0,0,-0.00494017910988445,2.1309394389391058e-06,0.8647902286745357,1.006332831605643,0.14065187827099968,0.004268259921792972,-0.013372263302731585
73,8.91,0.010204081632653045,1.0,0.3342684935792579,0.22296286970535767,0.22296286970535767,0.22296286970535767,0.23426849357925794,0.22296286970535767,-0.011305623873900272,0.0,0.23426849357925794,0,0,0.002275131323524054,1.1305623873900272e-05,0.8667479630190155,1.006332831605643,0.13870646390808347,0.0,0.0023621231447760694
74,8.89,-0.00224466891133553,0.4373076856136322,0.2666936382667209,0.22904231064172786,0.22904231064172786,0.22904231064172786,0.22296286970535767,0.22904231064172786,0.006079440936370195,0.0,0.22296286970535767,0,0,-0.0005141241540779416,6.079440936370195e-06,0.8662970776126817,1.006332831605643,0.139154511901921,0.00044804799383751925,-0.0013133901448109599
75,8.92,0.003374578177727712,-1.0,0.12904231064172786,0.22764216028306844,0.12904231064172786,0.12904231064172786,0.22904231064172786,0.12904231064172786,-0.1,0.006079440936370195,0.22296286970535767,0,0,0.0004354633654951353,0.0001,0.8665876885458562,1.006332831605643,0.13886572977731235,0.0,0.0003528976011187183
76,9.07,0.01681614349775789,1.0,0.22904231064172786,0.22854461185785957,0.22854461185785957,0.22854461185785957,0.12904231064172786,0.22854461185785957,0.09950230121613171,0.0,0.12904231064172786,0,0,0.0038432389886411456,9.950230121613172e-05,0.8698319646683362,1.006332831605643,0.13564186981708065,0.0,0.003799772720166108
77,9.17,0.011025358324145496,-1.0,0.12854461185785956,0.23861914724250782,0.12854461185785956,0.12854461185785956,0.22854461185785957,0.12854461185785956,-0.1,0.09950230121613171,0.12904231064172786,0,0,0.0014172504063711038,0.0001,0.8709777511772703,1.006332831605643,0.13450329371884695,0.0,0.001334462943143207
78,9.43,0.028353326063249706,1.0,0.22854461185785957,0.24217721857265306,0.22854461185785957,0.22854461185785957,0.12854461185785956,0.22854461185785957,0.1,0.0,0.12854461185785956,0,0,0.006479999900004738,0.0001,0.8765345891426876,1.006332831605643,0.12898142481931882,0.0,0.006435787083353898
79,9.42,-0.0010604453870625436,0.1769818663597107,0.24624279849383063,0.2594330426316853,0.24624279849383063,0.24624279849383063,0.22854461185785957,0.24624279849383063,0.017698186635971058,0.1,0.12854461185785956,0,0,-0.00026112703976015415,1.7698186635971057e-05,0.8762901891874258,1.006332831605643,0.12922428677073874,0.00024286195141992595,-0.0006620338529437082
80,9.61,0.02016985138004241,1.0,0.34624279849383066,0.25867410786564066,0.25867410786564066,0.25867410786564066,0.24624279849383063,0.25867410786564066,0.012431309371810029,0.017698186635971058,0.22854461185785957,0,0,0.005217418311515031,1.2431309371810029e-05,0.8808512682322519,1.006332831605643,0.12469191050159859,0.0,0.00531382843572865
81,9.35,-0.027055150884495296,0.5738384127616882,0.3160579491418095,0.27283777799553766,0.27283777799553766,0.27283777799553766,0.25867410786564066,0.27283777799553766,0.014163670129897,0.012431309371810029,0.24624279849383063,0,0,-0.007381667250659702,1.4163670129897e-05,0.8743366411860432,1.006332831605643,0.13116554113512807,0.006473630633529487,-0.020231135627977122
82,9.21,-0.014973262032085433,0.0946289449930191,0.2823006724948396,0.2526077054453149,0.2526077054453149,0.2526077054453149,0.27283777799553766,0.2526077054453149,-0.020230072550222744,0.014163670129897,0.25867410786564066,0,0,-0.0037823613649565543,2.0230072550222744e-05,0.8710118961607706,1.006332831605643,0.13446936360901854,0.0033038224738904665,-0.010307073190005839
83,9.16,-0.005428881650380099,1.0,0.35260770544531495,0.2422832496477717,0.2422832496477717,0.2422832496477717,0.2526077054453149,0.2422832496477717,-0.010324455797543208,0.0,0.2526077054453149,0,0,-0.0013153270882072484,1.0324455797543209e-05,0.8698572378957785,1.006332831605643,0.1356167556335337,0.0011473920245151648,-0.0035154485749811604
84,9.41,0.027292576419213975,1.0,0.3422832496477717,0.23869765773554694,0.23869765773554694,0.23869765773554694,0.2422832496477717,0.23869765773554694,-0.003585591912224767,0.0,0.2422832496477717,0,0,0.006514674064834796,3.5855919122247673e-06,0.8755209553305299,1.006332831605643,0.12998867985495188,0.0,0.006618328328522726
85,9.49,0.008501594048884174,1.0,0.33869765773554694,0.2562853585940393,0.2562853585940393,0.2562853585940393,0.23869765773554694,0.2562853585940393,0.017587700858492344,0.0,0.23869765773554694,0,0,0.002178834079439231,1.7587700858492345e-05,0.8774131718246095,1.006332831605643,0.12810837103996414,0.0,0.002266814432290111
86,9.4,-0.009483667017913578,1.0,0.3562853585940393,0.2621613521139873,0.2621613521139873,0.2621613521139873,0.2562853585940393,0.2621613521139873,0.005875993519947997,0.017587700858492344,0.23869765773554694,0,0,-0.0024862509684150493,5.875993519947998e-06,0.8752265468023485,1.006332831605643,0.13028123567638095,0.0021728646364168047,-0.006724734564985529
87,9.71,0.032978723404255374,1.0,0.36216135211398726,0.25537112578867943,0.25537112578867943,0.25537112578867943,0.2621613521139873,0.25537112578867943,-0.0067902263253078465,0.005875993519947997,0.2562853585940393,0,0,0.008421813722818165,6.790226325307847e-06,0.8825915987584447,1.006332831605643,0.12296253183925676,0.0,0.008525722411671465
88,9.68,-0.003089598352214329,1.0,0.35537112578867946,0.27824207991451316,0.27824207991451316,0.27824207991451316,0.25537112578867943,0.27824207991451316,0.02287095412583373,0.0,0.25537112578867943,0,0,-0.0008596562716205676,2.2870954125833733e-05,0.8818126876433254,1.006332831605643,0.12373654128290823,0.0007740094436514688,-0.00232148753518464
89,9.84,0.016528925619834725,1.0,0.3782420799145132,0.2758233187729452,0.2758233187729452,0.2758233187729452,0.27824207991451316,0.2758233187729452,-0.002418761141567971,0.02287095412583373,0.25537112578867943,0,0,0.004559063120213974,2.418761141567971e-06,0.8858307944522338,1.006332831605643,0.1197437203366838,0.0,0.004675281867858035
90,9.44,-0.040650406504065074,1.0,0.37582331877294517,0.28830087594765064,0.28830087594765064,0.28830087594765064,0.2758233187729452,0.28830087594765064,0.012477557174705445,0.0,0.2758233187729452,0,0,-0.011719547802750035,1.2477557174705444e-05,0.8754382051071179,1.006332831605643,0.13007090933292684,0.010327188996243034,-0.03226953204247288
91,9.34,-0.010593220338983014,1.0,0.3883008759476506,0.2560284066957061,0.2560284066957061,0.2560284066957061,0.28830087594765064,0.2560284066957061,-0.03227246925194455,0.012477557174705445,0.2758233187729452,0,0,-0.0027121653251663685,3.2272469251944544e-05,0.8730356194103441,1.006332831605643,0.13245837560781756,0.002387466274890726,-0.007421219861829399
92,9.25,-0.009635974304068507,1.0,0.3560284066957061,0.24856758155055475,0.24856758155055475,0.24856758155055475,0.2560284066957061,0.24856758155055475,-0.00746082514515134,0.0,0.2560284066957061,0,0,-0.0023951908286455985,7.46082514515134e-06,0.8709380189355497,1.006332831605643,0.1345427759263957,0.00208440031857815,-0.006463113660148028
93,8.63,-0.06702702702702694,1.0,0.3485675815505548,0.24205381833151807,0.24205381833151807,0.24205381833151807,0.24856758155055475,0.24205381833151807,-0.006513763219036683,0.0,0.24856758155055475,0,0,-0.01622414782330173,6.513763219036683e-06,0.856802118687372,1.006332831605643,0.14858971924794404,0.014046943321548322,-0.044217726850809345
94,8.55,-0.009269988412514491,1.0,0.34205381833151804,0.1981571394969132,0.1981571394969132,0.1981571394969132,0.24205381833151807,0.1981571394969132,-0.04389667883460488,0.0,0.24205381833151807,0,0,-0.0018369143869934029,4.389667883460488e-05,0.8551906357813198,1.006332831605643,0.1501910611255423,0.001601341877598278,-0.005010108627903877
95,8.48,-0.008187134502924008,1.0,0.2981571394969132,0.19315295703905186,0.19315295703905186,0.19315295703905186,0.1981571394969132,0.19315295703905186,-0.005004182457861328,0.0,0.1981571394969132,0,0,-0.0015813692389162201,5.004182457861328e-06,0.8538339840865082,1.006332831605643,0.15153917543941894,0.0013481143138766305,-0.0041915972050206
96,8.61,0.015330188679245165,1.0,0.29315295703905186,0.18894007280670266,0.18894007280670266,0.18894007280670266,0.19315295703905186,0.18894007280670266,-0.0042128842323491955,0.0,0.19315295703905186,0,0,0.0028964869651970705,4.212884232349196e-06,0.8563035059881284,1.006332831605643,0.14908519418782848,0.0,0.0029821126718652473
97,8.28,-0.03832752613240419,1.0,0.28894007280670264,0.19660876915050557,0.19660876915050557,0.19660876915050557,0.18894007280670266,0.19660876915050557,0.0076686963438029054,0.0,0.18894007280670266,0,0,-0.007535527737475825,7.668696343802905e-06,0.8498442404354916,1.006332831605643,0.15550381171651514,0.006418617528686665,-0.020289493582738686
98,8.35,0.008454106280193273,1.0,0.2966087691505056,0.17655059546449037,0.17655059546449037,0.17655059546449037,0.19660876915050557,0.17655059546449037,-0.0200581736860152,0.0076686963438029054,0.18894007280670266,0,0,0.00149257749788821,2.0058173686015203e-05,0.8510956525020947,1.006332831605643,0.15426027476005263,0.0,0.0015497185269825618
99,8.82,0.05628742514970068,1.0,0.27655059546449035,0.18043663203928234,0.18043663203928234,0.18043663203928234,0.17655059546449037,0.18043663203928234,0.0038860365747919734,0.0,0.17655059546449037,0,0,0.010156313420175188,3.886036574791974e-06,0.8597363393106203,1.006332831605643,0.14567396361412785,0.0,0.01023921191762756
100,8.92,0.011337868480725584,1.0,0.2804366320392824,0.20726887360393603,0.20726887360393603,0.20726887360393603,0.18043663203928234,0.20726887360393603,0.02683224156465369,0.0038860365747919734,0.17655059546449037,0,0,0.002349987229069561,2.6832241564653693e-05,0.861733640075229,1.006332831605643,0.1436892318217427,0.0,0.0024083239593059155
101,9.12,0.02242152466367705,1.0,0.30726887360393607,0.21347115598789645,0.21347115598789645,0.21347115598789645,0.20726887360393603,0.21347115598789645,0.006202282383960422,0.02683224156465369,0.18043663203928234,0,0,0.004786348788966271,6.202282383960423e-06,0.8658528531244392,1.006332831605643,0.13959594089468652,0.0,0.004877786098319783
102,8.78,-0.037280701754385956,1.0,0.31347115598789643,0.22626268528556523,0.22626268528556523,0.22626268528556523,0.21347115598789645,0.22626268528556523,0.012791529297668774,0.006202282383960422,0.20726887360393603,0,0,-0.00843523168827765,1.2791529297668774e-05,0.85853810811824,1.006332831605643,0.14686465436250426,0.007268713467817739,-0.02288680518833987
103,8.74,-0.00455580865603635,1.0,0.32626268528556523,0.2035479605216213,0.2035479605216213,0.2035479605216213,0.22626268528556523,0.2035479605216213,-0.022714724763943928,0.012791529297668774,0.21347115598789645,0,0,-0.0009273255604629475,2.2714724763943928e-05,0.8577224623291253,1.006332831605643,0.1476751673096108,0.0008105129471065453,-0.0024851538288484885
104,8.74,0.0,1.0,0.3035479605216213,0.20101508908159998,0.20101508908159998,0.20101508908159998,0.2035479605216213,0.20101508908159998,-0.002532871440021317,0.0,0.2035479605216213,0,0,0.0,2.532871440021317e-06,0.857720289828397,1.006332831605643,0.14767732613883716,2.1588292263563513e-06,8.824784821312516e-05
105,8.82,0.009153318077803212,1.0,0.3010150890816,0.2010083369929341,0.2010083369929341,0.2010083369929341,0.20101508908159998,0.2010083369929341,-6.7520886658789525e-06,0.0,0.20101508908159998,0,0,0.001839893244786584,6.752088665878953e-09,0.8592983978041652,1.006332831605643,0.14610914916377984,0.0,0.0019362455079249465
106,8.91,0.010204081632653045,1.0,0.3010083369929341,0.20590890981437077,0.20590890981437077,0.20590890981437077,0.2010083369929341,0.20590890981437077,0.004900572821436661,0.0,0.2010083369929341,0,0,0.002101111324636433,4.9005728214366604e-06,0.8610996683446597,1.006332831605643,0.1443192139813805,0.0,0.002191866723808335
107,9.06,0.016835016835016876,1.0,0.3059089098143708,0.21150243319744141,0.21150243319744141,0.21150243319744141,0.20590890981437077,0.21150243319744141,0.005593523383070648,0.004900572821436661,0.2010083369929341,0,0,0.0035606470235259586,5.593523383070648e-06,0.8641609237345801,1.006332831605643,0.14127722300804013,0.0,0.0036523182308207548
108,8.88,-0.01986754966887414,1.0,0.3115024331974414,0.22100867554706644,0.22100867554706644,0.22100867554706644,0.21150243319744141,0.22100867554706644,0.009506242349625021,0.005593523383070648,0.20590890981437077,0,0,-0.004390900838683431,9.506242349625021e-06,0.8603582638866264,1.006332831605643,0.14505595279655992,0.0037787297885197857,-0.011859321474719443
109,9.1,0.024774774774774643,1.0,0.32100867554706647,0.209200157226892,0.209200157226892,0.209200157226892,0.22100867554706644,0.209200157226892,-0.011808518320174433,0.009506242349625021,0.21150243319744141,0,0,0.005182886778143693,1.1808518320174432e-05,0.8648072438006699,1.006332831605643,0.14063497022070084,0.0,0.005264435271529312
110,9.05,-0.005494505494505378,1.0,0.309200157226892,0.22301572226146643,0.22301572226146643,0.22301572226146643,0.209200157226892,0.22301572226146643,0.013815565034574429,0.0,0.209200157226892,0,0,-0.0012253611113267127,1.381556503457443e-05,0.8637355948346037,1.006332831605643,0.14169987532208395,0.0010649051013831012,-0.003271926835713379
111,8.75,-0.03314917127071831,1.0,0.32301572226146646,0.21968787387176328,0.21968787387176328,0.21968787387176328,0.22301572226146643,0.21968787387176328,-0.003327848389703153,0.013815565034574429,0.209200157226892,0,0,-0.007282470957075043,3.327848389703153e-06,0.8574425910695204,1.006332831605643,0.14795327734519256,0.006253402023108617,-0.019691411708709552
112,8.6,-0.017142857142857182,1.0,0.3196878738717633,0.2001460254211084,0.2001460254211084,0.2001460254211084,0.21968787387176328,0.2001460254211084,-0.019541848450654875,0.0,0.21968787387176328,0,0,-0.0034310747215047233,1.9541848450654875e-05,0.8544838854569904,1.006332831605643,0.15089336388476143,0.0029400865395688702,-0.009244508016960902
113,8.58,-0.0023255813953487877,1.0,0.3001460254211084,0.19095824882586918,0.19095824882586918,0.19095824882586918,0.2001460254211084,0.19095824882586918,-0.009187776595239228,0.0,0.2001460254211084,0,0,-0.00044408895075782586,9.187776595239229e-06,0.8540965677978145,1.006332831605643,0.1512782441619535,0.00038488027719207896,-0.001134935252416107
114,8.72,0.016317016317016382,1.0,0.2909582488258692,0.18975549228689706,0.18975549228689706,0.18975549228689706,0.19095824882586918,0.18975549228689706,-0.0012027565389721162,0.0,0.19095824882586918,0,0,0.0030962434638887757,1.2027565389721163e-06,0.8567400314431565,1.006332831605643,0.1486514157784214,0.0,0.0031866883363406303
115,8.6,-0.01376146788990837,1.0,0.28975549228689707,0.19796430915784147,0.19796430915784147,0.19796430915784147,0.18975549228689706,0.19796430915784147,0.008208816870944408,0.0,0.18975549228689706,0,0,-0.002724279483823529,8.208816870944408e-06,0.8543989993305015,1.006332831605643,0.15097771582461963,0.002326300046198243,-0.007293928136651933
116,8.6,0.0,1.0,0.29796430915784144,0.19069463797112757,0.19069463797112757,0.19069463797112757,0.19796430915784147,0.19069463797112757,-0.0072696711867139,0.008208816870944408,0.18975549228689706,0,0,0.0,7.2696711867139e-06,0.8543927881307141,1.006332831605643,0.15098388793745576,6.172112836128063e-06,6.93493833597859e-05
117,8.38,-0.025581395348837077,1.0,0.2906946379711276,0.19067535959383328,0.19067535959383328,0.19067535959383328,0.19069463797112757,0.19067535959383328,-1.9278377294290605e-05,0.0,0.19069463797112757,0,0,-0.004877741757051524,1.9278377294290606e-08,0.8502252642798186,1.006332831605643,0.1551251856473258,0.00414129770987004,-0.013067775134254988
118,8.41,0.003579952267303026,1.0,0.2906753595938333,0.1777337942293958,0.1777337942293958,0.1777337942293958,0.19067535959383328,0.1777337942293958,-0.012941565364437468,0.0,0.19067535959383328,0,0,0.000636278499627895,1.2941565364437468e-05,0.8507552410894881,1.006332831605643,0.15459854397071082,0.0,0.00070455284715217
119,8.42,0.0011890606420927215,1.0,0.2777337942293958,0.17937953435097825,0.17937953435097825,0.17937953435097825,0.1777337942293958,0.17937953435097825,0.0016457401215824452,0.0,0.1777337942293958,0,0,0.0002132931442936676,1.6457401215824452e-06,0.8509353012278505,1.006332831605643,0.15441961694705886,0.0,0.00029914604431549656
120,8.34,-0.009501187648456066,1.0,0.2793795343509783,0.1799387004247704,0.1799387004247704,0.1799387004247704,0.17937953435097825,0.1799387004247704,0.0005591660737921389,0.0016457401215824452,0.1777337942293958,0,0,-0.0017096313579550648,5.591660737921389e-07,0.849480039739129,1.006332831605643,0.15586572050546071,0.0014461035584018567,-0.004514140765160938
121,8.47,0.015587529976019279,1.0,0.2799387004247704,0.1754196438960202,0.1754196438960202,0.1754196438960202,0.1799387004247704,0.1754196438960202,-0.004519056528750204,0.0005591660737921389,0.17937953435097825,0,0,0.002734358957611842,4.519056528750204e-06,0.8517989842467826,1.006332831605643,0.15356136906742446,0.0,0.002814368928277565
122,8.56,0.010625737898465154,1.0,0.2754196438960202,0.18262072317511452,0.18262072317511452,0.18262072317511452,0.1754196438960202,0.18262072317511452,0.00720107927909433,0.0,0.1754196438960202,0,0,0.0019404799392869281,7.20107927909433e-06,0.8534457492160031,1.006332831605643,0.15192496715594841,0.0,0.0020192405571535545
123,8.55,-0.0011682242990653955,1.0,0.28262072317511455,0.187734475733878,0.187734475733878,0.187734475733878,0.18262072317511452,0.187734475733878,0.005113752558763479,0.00720107927909433,0.1754196438960202,0,0,-0.00021931597632461914,5.113752558763479e-06,0.85325421061789,1.006332831605643,0.1521153004056423,0.00019033324969389143,-0.0005161589591376649
124,8.94,0.045614035087719156,1.0,0.287734475733878,0.18713968657160726,0.18713968657160726,0.18713968657160726,0.187734475733878,0.18713968657160726,-0.0005947891622707369,0.005113752558763479,0.18262072317511452,0,0,0.00853619622958206,5.947891622707369e-07,0.8605372484870841,1.006332831605643,0.14487809454247497,0.0,0.008626575100407544
125,8.85,-0.010067114093959717,1.0,0.28713968657160727,0.20975597053941558,0.20975597053941558,0.20975597053941558,0.18713968657160726,0.20975597053941558,0.02261628396780832,0.0,0.18713968657160726,0,0,-0.00211163728730955,2.261628396780832e-05,0.8587006437912833,1.006332831605643,0.14670314152307526,0.0018250469806002922,-0.0056962006324443575
126,8.99,0.015819209039548088,1.0,0.3097559705394156,0.20405269079092786,0.20405269079092786,0.20405269079092786,0.20975597053941558,0.20405269079092786,-0.005703279748487722,0.02261628396780832,0.18713968657160726,0,0,0.0032279521707039567,5.703279748487722e-06,0.8614675909884025,1.006332831605643,0.1439536066671922,0.0,0.0033168463651843715
127,8.92,-0.007786429365962212,1.0,0.3040526907909279,0.2126449797319654,0.2126449797319654,0.2126449797319654,0.20405269079092786,0.2126449797319654,0.00859228894103753,0.0,0.20405269079092786,0,0,-0.0016557451147094146,8.592288941037529e-06,0.8600338182546878,1.006332831605643,0.1453783566988761,0.001424750031683908,-0.004417677356092732
128,9.1,0.020179372197309385,1.0,0.31264497973196537,0.20819265246568558,0.20819265246568558,0.20819265246568558,0.2126449797319654,0.20819265246568558,-0.00445232726627981,0.00859228894103753,0.20405269079092786,0,0,0.004201197022850151,4.45232726627981e-06,0.863643160619471,1.006332831605643,0.14179172785062089,0.0,0.004293427615105724
129,8.94,-0.0175824175824176,1.0,0.3081926524656856,0.21940084025427037,0.21940084025427037,0.21940084025427037,0.20819265246568558,0.21940084025427037,0.01120818778858479,0.0,0.20819265246568558,0,0,-0.0038575971912838784,1.1208187788584789e-05,0.8603018933140673,1.006332831605643,0.14511196863027687,0.0033202407796559807,-0.010412132565348724
130,8.77,-0.019015659955257263,1.0,0.3194008402542704,0.20902511514899522,0.20902511514899522,0.20902511514899522,0.21940084025427037,0.20902511514899522,-0.010375725105275152,0.01120818778858479,0.20819265246568558,0,0,-0.003974750511781786,1.0375725105275151e-05,0.8568734816673778,1.006332831605643,0.14851880535368908,0.0034068367234122154,-0.01070478737643256
131,8.87,0.011402508551881374,1.0,0.3090251151489952,0.19837874770354016,0.19837874770354016,0.19837874770354016,0.20902511514899522,0.19837874770354016,-0.010646367445455052,0.0,0.20902511514899522,0,0,0.002262015367201134,1.0646367445455052e-05,0.8588026200607164,1.006332831605643,0.14660180698818745,0.0,0.0023414605881308206
132,8.89,0.0022547914317927117,1.0,0.29837874770354017,0.20436934046629315,0.20436934046629315,0.20436934046629315,0.19837874770354016,0.20436934046629315,0.005990592762752989,0.0,0.19837874770354016,0,0,0.00046081023780452534,5.990592762752989e-06,0.8591932203635334,1.006332831605643,0.14621366472496247,0.0,0.000549385856546595
133,8.7,-0.021372328458942776,1.0,0.30436934046629316,0.2055822949874572,0.2055822949874572,0.2055822949874572,0.20436934046629315,0.2055822949874572,0.0012129545211640447,0.005990592762752989,0.19837874770354016,0,0,-0.0043937723338152,1.2129545211640446e-06,0.8554170788001974,1.006332831605643,0.14996604310787887,0.0037523783829163937,-0.011802357602444646
134,8.66,-0.00459770114942519,1.0,0.3055822949874572,0.19385610558287775,0.19385610558287775,0.19385610558287775,0.2055822949874572,0.19385610558287775,-0.011726189404579451,0.0012129545211640447,0.20436934046629315,0,0,-0.000891292439461488,1.172618940457945e-05,0.8546446212425906,1.006332831605643,0.1507336396061212,0.0007675964982423455,-0.0023503091705063778
135,8.67,0.0011547344110854256,1.0,0.2938561055828778,0.1914573911597281,0.1914573911597281,0.1914573911597281,0.19385610558287775,0.1914573911597281,-0.0023987144231496504,0.0,0.19385610558287775,0,0,0.0002210824378287806,2.3987144231496503e-06,0.8548315181105526,1.006332831605643,0.15054791887626703,0.0,0.0003103652413120795
136,8.62,-0.005767012687427994,1.0,0.29145739115972813,0.1920377448220925,0.1920377448220925,0.1920377448220925,0.1914573911597281,0.1920377448220925,0.0005803536623643912,0.0,0.1914573911597281,0,0,-0.001107484110854067,5.803536623643913e-07,0.8538843096821856,1.006332831605643,0.15148916654166977,0.0009412476654027391,-0.002897754422521649
137,8.58,-0.004640371229698278,1.0,0.2920377448220925,0.1890963487347212,0.1890963487347212,0.1890963487347212,0.1920377448220925,0.1890963487347212,-0.0029413960873712897,0.0005803536623643912,0.1914573911597281,0,0,-0.0008774772563095926,2.94139608737129e-06,0.8531325340089524,1.006332831605643,0.15223621130620732,0.0007470447645375466,-0.002283975527737792
138,8.38,-0.02331002331002323,1.0,0.28909634873472123,0.18676184900309048,0.18676184900309048,0.18676184900309048,0.1890963487347212,0.18676184900309048,-0.002334499731630718,0.0,0.1890963487347212,0,0,-0.004353423053685078,2.3344997316307183e-06,0.8494164955298774,1.006332831605643,0.15592886483232343,0.003692653526116113,-0.011651102739058727
139,8.4,0.002386634844868684,1.0,0.2867618490030905,0.17522229664246164,0.17522229664246164,0.17522229664246164,0.18676184900309048,0.17522229664246164,-0.01153955236062884,0.0,0.18676184900309048,0,0,0.000418191638764816,1.153955236062884e-05,0.8497619125200109,1.006332831605643,0.15558562154413383,0.0,0.00048759397626495444
140,8.32,-0.009523809523809532,1.0,0.2752222966424617,0.1762949474177616,0.1762949474177616,0.1762949474177616,0.17522229664246164,0.1762949474177616,0.0010726507752999714,0.0,0.17522229664246164,0,0,-0.0016789994992167786,1.0726507752999714e-06,0.848334251196662,1.006332831605643,0.15700429862443047,0.0014186770802966375,-0.004430833612613366
141,8.72,0.04807692307692312,1.0,0.2762949474177616,0.17186157256587498,0.17186157256587498,0.17186157256587498,0.1762949474177616,0.17186157256587498,-0.0044333748518866345,0.0010726507752999714,0.17522229664246164,0,0,0.008262575604128613,4.433374851886634e-06,0.8553399161010109,1.006332831605643,0.15004272022380216,0.0,0.008341320645315417
142,8.97,0.0286697247706422,1.0,0.27186157256587495,0.19361647628443218,0.19361647628443218,0.19361647628443218,0.17186157256587498,0.19361647628443218,0.021754903718557206,0.0,0.17186157256587498,0,0,0.005550931086136243,2.1754903718557208e-05,0.8600692411929878,1.006332831605643,0.14534315667639106,0.0,0.005611976212395787
143,9.36,0.04347826086956508,1.0,0.2936164762844322,0.20830264166174628,0.20830264166174628,0.20830264166174628,0.19361647628443218,0.20830264166174628,0.014686165377314098,0.021754903718557206,0.17186157256587498,0,0,0.00905663659398894,1.4686165377314099e-05,0.8678459446370285,1.006332831605643,0.13761539186558522,0.0,0.009133554936606059
144,10.61,0.13354700854700854,1.0,0.30830264166174626,0.2324518825873525,0.2324518825873525,0.2324518825873525,0.20830264166174628,0.20830264166174628,0.0,0.014686165377314098,0.19361647628443218,1,0,0.02781819466636569,0.0,0.8919878520653572,1.006332831605643,0.11362540895922468,0.0,0.02791714225704878
145,10.68,0.006597549481621139,1.0,0.30830264166174626,0.30742060244136626,0.30742060244136626,0.30742060244136626,0.20830264166174628,0.30742060244136626,0.09911796077961998,0.0,0.20830264166174628,0,0,0.002028222636276694,9.911796077961999e-05,0.893708590001263,1.006332831605643,0.11191549959140622,0.0,0.0020072936004888364
146,10.37,-0.029026217228464466,1.0,0.40742060244136624,0.3127640657131558,0.3127640657131558,0.3127640657131558,0.30742060244136626,0.3127640657131558,0.005343463271789528,0.09911796077961998,0.20830264166174628,0,0,-0.009078357712647795,5.343463271789528e-06,0.8855904082313392,1.006332831605643,0.11998259381208366,0.008067094220677445,-0.02509159572596333
147,10.77,0.03857280617164902,1.0,0.4127640657131558,0.2875543976210413,0.2875543976210413,0.2875543976210413,0.3127640657131558,0.2875543976210413,-0.0252096680921145,0.005343463271789528,0.30742060244136626,0,0,0.011091780043241718,2.52096680921145e-05,0.8953908568075887,1.006332831605643,0.11024381925514855,0.0,0.01117688566072145
148,10.74,-0.0027855153203342024,1.0,0.38755439762104127,0.317988063581688,0.317988063581688,0.317988063581688,0.2875543976210413,0.317988063581688,0.030433665960646727,0.0,0.2875543976210413,0,0,-0.0008857606227901984,3.0433665960646727e-05,0.8945705048183817,1.006332831605643,0.11105900878632784,0.0008151895311792889,-0.0024316671910889925
149,10.68,-0.005586592178770996,1.0,0.41798806358168805,0.31544059366030974,0.31544059366030974,0.31544059366030974,0.317988063581688,0.31544059366030974,-0.002547469921378276,0.030433665960646727,0.2875543976210413,0,0,-0.0017622379534095662,2.547469921378276e-06,0.8929917798313365,1.006332831605643,0.11262779888982305,0.0015687901034952129,-0.004774076669963135
150,10.5,-0.016853932584269638,1.0,0.4154405936603097,0.3105381349106595,0.3105381349106595,0.3105381349106595,0.31544059366030974,0.3105381349106595,-0.004902458749650229,0.0,0.31544059366030974,0,0,-0.005233788790629085,4.902458749650229e-06,0.888313671608567,1.006332831605643,0.1172764678747208,0.004648668984897755,-0.014410017927542953
151,10.91,0.03904761904761906,1.0,0.4105381349106595,0.2960110394290878,0.2960110394290878,0.2960110394290878,0.3105381349106595,0.2960110394290878,-0.014527095481571717,0.0,0.3105381349106595,0,0,0.011558526301516766,1.4527095481571717e-05,0.8985683639283264,1.006332831605643,0.10708630812071811,0.0,0.011661768760673529
152,11.98,0.09807516040329975,1.0,0.3960110394290878,0.3278552865612295,0.3278552865612295,0.3278552865612295,0.2960110394290878,0.3278552865612295,0.03184424713214168,0.0,0.2960110394290878,0,0,0.03215445981856239,3.184424713214168e-05,0.9274327300474451,1.006332831605643,0.0784035848580134,0.0,0.03223891316644523
153,11.92,-0.005008347245409057,1.0,0.4278552865612295,0.4849775958835032,0.4278552865612295,0.4278552865612295,0.3278552865612295,0.4278552865612295,0.10000000000000003,0.03184424713214168,0.2960110394290878,0,0,-0.0021428478458826363,0.00010000000000000003,0.9253526395466571,1.006332831605643,0.08047058539248773,0.002067000534474339,-0.006279971830637611
154,11.75,-0.014261744966442946,1.0,0.5278552865612295,0.472058847922305,0.472058847922305,0.472058847922305,0.4278552865612295,0.472058847922305,0.044203561361075505,0.10000000000000003,0.3278552865612295,0,0,-0.00673238289822079,4.420356136107551e-05,0.919081907379167,1.006332831605643,0.08670185597270422,0.006231270580216483,-0.019111697825483026
155,11.91,0.013617021276595757,-0.31245121359825134,0.44081372656247986,0.4331134058576821,0.4331134058576821,0.4331134058576821,0.472058847922305,0.4331134058576821,-0.038945442064622915,0.044203561361075505,0.4278552865612295,0,0,0.00589771446274291,3.894544206462292e-05,0.924466595985586,1.006332831605643,0.08135105309983404,0.0,0.0059866120097604005
156,11.9,-0.000839630562552459,1.0,0.5331134058576821,0.46655589565968336,0.46655589565968336,0.46655589565968336,0.4331134058576821,0.46655589565968336,0.03344248980200126,0.0,0.4331134058576821,0,0,-0.0003917345891349063,3.344248980200126e-05,0.9240735339787302,1.006332831605643,0.08174164157564548,0.00039058847581144307,-0.00107374638032987
157,12.13,0.01932773109243701,-0.23378045856952667,0.4431778498027307,0.46411475949329106,0.4431778498027307,0.4431778498027307,0.46655589565968336,0.4431778498027307,-0.02337804585695269,0.03344248980200126,0.4331134058576821,0,0,0.008565622307111618,2.337804585695269e-05,0.9319671958213372,1.006332831605643,0.07389765438304594,0.0,0.008678617984274363
158,12.27,0.011541632316570386,-1.0,0.3431778498027307,0.5131396729520816,0.3431778498027307,0.3431778498027307,0.4431778498027307,0.3431778498027307,-0.09999999999999998,0.0,0.4431778498027307,0,0,0.003960832561614335,9.999999999999998e-05,0.9355653651173206,1.006332831605643,0.07032212829170068,0.0,0.003946076649538838
159,13.54,0.10350448247758758,1.0,0.4431778498027307,0.5354867115632926,0.4431778498027307,0.4431778498027307,0.3431778498027307,0.3431778498027307,0.0,0.0,0.3431778498027307,1,0,0.03552044574160292,0.0,0.9687970639066933,1.006332831605643,0.03729955589251715,0.0,0.03565568982952742
160,14.01,0.03471196454948306,1.0,0.4431778498027307,0.7135022260270285,0.4431778498027307,0.4431778498027307,0.3431778498027307,0.4431778498027307,0.09999999999999998,0.0,0.3431778498027307,0,0,0.015383573811468515,9.999999999999998e-05,0.9836037453412452,1.006332831605643,0.022586052596666958,0.0,0.01538163655741669
161,12.64,-0.09778729478943607,1.0,0.5431778498027307,0.7870697338137284,0.5431778498027307,0.5431778498027307,0.4431778498027307,0.5431778498027307,0.09999999999999998,0.09999999999999998,0.3431778498027307,0,0,-0.053115892521751654,9.999999999999998e-05,0.9312603941451731,1.006332831605643,0.0746000081709437,0.05201395557427674,-0.15714492226633328
162,13.14,0.03955696202531645,0.6641416549682617,0.6095920152995569,0.5087499305628701,0.5087499305628701,0.5087499305628701,0.5431778498027307,0.5087499305628701,-0.03442791923986055,0.09999999999999998,0.4431778498027307,0,0,0.020124601683657834,3.442791923986055e-05,0.94996957728347,1.006332831605643,0.05600856153350704,0.0,0.020222913868027128
163,13.0,-0.010654490106544944,-1.0,0.4087499305628701,0.6199571877762983,0.4087499305628701,0.4087499305628701,0.5087499305628701,0.4087499305628701,-0.09999999999999998,0.0,0.5087499305628701,0,0,-0.0043550220912330325,9.999999999999998e-05,0.9457374418306728,1.006332831605643,0.06021406424581017,0.004205502712303126,-0.012771023460942652
164,12.14,-0.0661538461538461,1.0,0.5087499305628701,0.5986620936543083,0.5087499305628701,0.5087499305628701,0.4087499305628701,0.5087499305628701,0.09999999999999998,0.0,0.4087499305628701,0,0,-0.033655764637236,9.999999999999998e-05,0.9138133513356149,1.006332831605643,0.09193725710251317,0.031723192856703004,-0.09710219628741291
165,11.55,-0.04859967051070839,-1.0,0.4087499305628701,0.40039213225744497,0.40039213225744497,0.40039213225744497,0.5087499305628701,0.40039213225744497,-0.10835779830542513,0.09999999999999998,0.4087499305628701,0,0,-0.019458925702791802,0.00010835779830542513,0.8959325064229432,1.006332831605643,0.10970557822957225,0.017768321127059075,-0.05501405769075782
166,11.68,0.011255411255411168,-1.0,0.300392132257445,0.31967007871755126,0.300392132257445,0.300392132257445,0.40039213225744497,0.300392132257445,-0.09999999999999998,0.0,0.40039213225744497,0,0,0.0033810369864474064,9.999999999999998e-05,0.8988720941138774,1.006332831605643,0.1067844893029157,0.0,0.003357131005928569
167,12.01,0.028253424657534252,-0.6239983439445496,0.23799229786299003,0.3287984602155951,0.23799229786299003,0.23799229786299003,0.300392132257445,0.23799229786299003,-0.062399834394454956,0.0,0.300392132257445,0,0,0.006724097456745438,6.239983439445496e-05,0.9048601082060335,1.006332831605643,0.10083415765905789,0.0,0.006739308883566286
168,12.08,0.005828476269775211,1.0,0.33799229786299,0.34739324674013533,0.33799229786299,0.33799229786299,0.23799229786299003,0.33799229786299,0.09999999999999998,0.0,0.23799229786299003,0,0,0.001969980087461232,9.999999999999998e-05,0.9065521785903168,1.006332831605643,0.09915273543855499,0.0,0.0019542321901302034
169,11.88,-0.01655629139072842,-1.0,0.23799229786299,0.35529539771989804,0.23799229786299,0.23799229786299,0.33799229786299,0.23799229786299,-0.1,0.09999999999999998,0.23799229786299003,0,0,-0.003940269832168695,0.0001,0.9028894631718716,1.006332831605643,0.10279240146495423,0.0036396660263992436,-0.011260790706554651
170,12.12,0.02020202020202007,1.0,0.33799229786299,0.3412737356499928,0.33799229786299,0.33799229786299,0.23799229786299,0.33799229786299,0.1,0.0,0.23799229786299,0,0,0.006828127229555309,0.0001,0.908964218354317,1.006332831605643,0.09675587459068653,0.0,0.00681237933222428
171,11.91,-0.017326732673267252,0.8193545937538147,0.4199277572383715,0.3702757678983422,0.3702757678983422,0.3702757678983422,0.33799229786299,0.3702757678983422,0.0322834700353522,0.1,0.23799229786299,0,0,-0.006415669245763328,3.22834700353522e-05,0.9031032600540154,1.006332831605643,0.10257995000214871,0.005824075411462182,-0.017972342299577337
172,11.49,-0.035264483627204024,-1.0,0.2702757678983422,0.34193765223036354,0.2702757678983422,0.2702757678983422,0.3702757678983422,0.2702757678983422,-0.10000000000000003,0.0322834700353522,0.33799229786299,0,0,-0.009531135391881083,0.00010000000000000003,0.894405350283586,1.006332831605643,0.11122312400706669,0.008643174004917972,-0.026849147335405846
173,11.06,-0.03742384682332461,0.6618378758430481,0.336459555482647,0.3149277376015398,0.3149277376015398,0.3149277376015398,0.2702757678983422,0.3149277376015398,0.044651969703197625,0.0,0.2702757678983422,0,0,-0.01178580741241619,4.4651969703197626e-05,0.8838241241159058,1.006332831605643,0.12173776273826802,0.010514638731201328,-0.03275261387475921
174,11.07,0.0009041591320072139,-1.0,0.2149277376015398,0.2820694897332338,0.2149277376015398,0.2149277376015398,0.3149277376015398,0.2149277376015398,-0.1,0.044651969703197625,0.2702757678983422,0,0,0.00019432887667408246,0.0001,0.8839074942527112,1.006332831605643,0.12165491724800179,0.0,0.00014556915980069653
175,11.12,0.004516711833784908,1.0,0.3149277376015398,0.28232837412590933,0.28232837412590933,0.28232837412590933,0.2149277376015398,0.28232837412590933,0.06740063652436953,0.0,0.2149277376015398,0,0,0.0012751959084277475,6.740063652436953e-05,0.8849750735450697,1.006332831605643,0.12059405620995427,0.0,0.0012956663916147912
176,11.57,0.04046762589928067,-1.0,0.18232837412590933,0.2856435798116622,0.18232837412590933,0.18232837412590933,0.28232837412590933,0.18232837412590933,-0.1,0.06740063652436953,0.2149277376015398,0,0,0.007378396434951384,0.0001,0.891416272965381,1.006332831605643,0.11419339112379773,0.0,0.0073178472778200904
177,12.38,0.07000864304235095,1.0,0.28232837412590933,0.30564564131255756,0.28232837412590933,0.28232837412590933,0.18232837412590933,0.28232837412590933,0.1,0.0,0.18232837412590933,0,0,0.0197654263649081,0.0001,0.9089463540418624,1.006332831605643,0.09677362648339388,0.0,0.019736997802881694
178,12.83,0.036348949919224494,-0.8229053616523743,0.2000378379606719,0.3701648473797083,0.2000378379606719,0.2000378379606719,0.28232837412590933,0.2000378379606719,-0.08229053616523743,0.1,0.18232837412590933,0,0,0.007271165353982407,8.229053616523744e-05,0.9154806555971806,1.006332831605643,0.0902804451520321,0.0,0.007243743170541365
179,12.9,0.005455962587685135,1.0,0.3000378379606719,0.4107472285675632,0.3000378379606719,0.3000378379606719,0.2000378379606719,0.3000378379606719,0.1,0.0,0.2000378379606719,0,0,0.0016369952188033607,0.0001,0.9168877449877404,1.006332831605643,0.0888822105457789,0.0,0.0016130042990548953
180,12.66,-0.018604651162790715,1.0,0.40003783796067194,0.41948620081399157,0.40003783796067194,0.40003783796067194,0.3000378379606719,0.40003783796067194,0.10000000000000003,0.1,0.2000378379606719,0,0,-0.007442564427175299,0.00010000000000000003,0.9099720600986829,1.006332831605643,0.09575437517348287,0.006872164627703972,-0.021192889142886993
181,12.44,-0.017377567140600365,-1.0,0.30003783796067196,0.3765351403560476,0.30003783796067196,0.30003783796067196,0.40003783796067194,0.30003783796067196,-0.09999999999999998,0.10000000000000003,0.3000378379606719,0,0,-0.00521392767388215,9.999999999999998e-05,0.905136534386065,1.006332831605643,0.10055947102323533,0.004805095849752458,-0.014848110293135533
182,13.03,0.04742765273311896,1.0,0.40003783796067194,0.3482516467571477,0.3482516467571477,0.3482516467571477,0.30003783796067196,0.3482516467571477,0.04821380879647574,0.0,0.30003783796067196,0,0,0.016516758166134817,4.8213808796475744e-05,0.9200428155520494,1.006332831605643,0.08574699477499367,0.0,0.01658062091531295
183,12.72,-0.02379125095932454,-1.0,0.2482516467571477,0.43908127434954014,0.2482516467571477,0.2482516467571477,0.3482516467571477,0.2482516467571477,-0.1,0.04821380879647574,0.30003783796067196,0,0,-0.005906217229064887,0.0001,0.9145168385418032,1.006332831605643,0.09123819692670052,0.005491202151706842,-0.016926647872494864
184,12.49,-0.018081761006289342,1.0,0.3482516467571477,0.40476129241775805,0.3482516467571477,0.3482516467571477,0.2482516467571477,0.3482516467571477,0.1,0.0,0.2482516467571477,0,0,-0.006297003046709443,0.0001,0.9086666715393842,1.006332831605643,0.0970515489496936,0.005813352022993087,-0.017937523630322773
185,12.53,0.0032025620496396435,-1.0,0.2482516467571477,0.3684278376458364,0.2482516467571477,0.2482516467571477,0.3482516467571477,0.2482516467571477,-0.1,0.1,0.2482516467571477,0,0,0.0007950413026649877,0.0001,0.9092982324064591,1.006332831605643,0.09642396248203632,0.0,0.0007570149626486948
186,12.32,-0.016759776536312776,1.0,0.3482516467571477,0.37235024236711756,0.3482516467571477,0.3482516467571477,0.2482516467571477,0.3482516467571477,0.1,0.0,0.2482516467571477,0,0,-0.005836619778052729,0.0001,0.9039000745358066,1.006332831605643,0.10178814985733997,0.005364187375303656,-0.016578811066287197
187,13.1,0.06331168831168826,-1.0,0.2482516467571477,0.34441203661269976,0.2482516467571477,0.2482516467571477,0.3482516467571477,0.2482516467571477,-0.1,0.1,0.2482516467571477,0,0,0.01571723088235187,0.0001,0.9180164906944074,1.006332831605643,0.08776056801239754,0.0,0.015679204542335578
188,14.73,0.12442748091603059,1.0,0.3482516467571477,0.426496452097462,0.3482516467571477,0.3482516467571477,0.2482516467571477,0.2482516467571477,0.0,0.0,0.2482516467571477,1,0,0.03088932703924816,0.0,0.9463734023028898,1.006332831605643,0.05958210585963456,0.0,0.03100130069923187
189,16.43,0.1154107264086897,1.0,0.3482516467571477,0.6020894661595231,0.3482516467571477,0.3482516467571477,0.2482516467571477,0.2482516467571477,0.0,0.0,0.2482516467571477,1,0,0.02865090288439585,0.0,0.973487854744645,1.006332831605643,0.03263828410387101,0.0,0.02876287654437956
190,14.71,-0.10468654899573944,1.0,0.3482516467571477,0.7368085734561982,0.3482516467571477,0.3482516467571477,0.2482516467571477,0.3482516467571477,0.1,0.0,0.2482516467571477,0,1,-0.03645726308108909,0.0001,0.9378998031325,1.006332831605643,0.0680023808464596,0.035364096742588585,-0.1071992731038934
191,13.9,-0.05506458191706325,1.0,0.4482516467571477,0.5499851223093853,0.4482516467571477,0.4482516467571477,0.3482516467571477,0.4482516467571477,0.09999999999999998,0.1,0.2482516467571477,0,0,-0.02468278952231746,9.999999999999998e-05,0.9146560297184442,1.006332831605643,0.09109988167724287,0.02309750083078327,-0.070879397919122
192,14.0,0.007194244604316521,-0.5358133912086487,0.3946703076362828,0.4056257460314945,0.3946703076362828,0.3946703076362828,0.4482516467571477,0.3946703076362828,-0.05358133912086488,0.09999999999999998,0.3482516467571477,0,0,0.002839354731196269,5.358133912086488e-05,0.917204054148935,1.006332831605643,0.08856789191156526,0.0,0.0029023261160589105
193,13.75,-0.017857142857142856,-0.46821287274360657,0.3478490203619221,0.42145068608670766,0.3478490203619221,0.3478490203619221,0.3946703076362828,0.3478490203619221,-0.04682128727436069,0.0,0.3946703076362828,0,0,-0.006211589649320037,4.682128727436069e-05,0.9114638142653606,1.006332831605643,0.09427200858478921,0.005704116673223944,-0.01755394487904236
194,12.99,-0.05527272727272726,0.9349061846733093,0.44133963882925303,0.3857999373280908,0.3857999373280908,0.3857999373280908,0.3478490203619221,0.3857999373280908,0.0379509169661687,0.0,0.3478490203619221,0,0,-0.021324214717770833,3.79509169661687e-05,0.8919929732949549,1.006332831605643,0.11362031995741854,0.019348311372629337,-0.05993558883106732
195,12.83,-0.012317167051578148,-1.0,0.28579993732809084,0.30743650477432766,0.28579993732809084,0.28579993732809084,0.3857999373280908,0.28579993732809084,-0.09999999999999998,0.0379509169661687,0.3478490203619221,0,0,-0.0035202455714006603,9.999999999999998e-05,0.8887637396836633,1.006332831605643,0.11682923206867224,0.003208912111253695,-0.00996559879401724
196,12.32,-0.039750584567420096,0.970426619052887,0.38284259923337954,0.2974086519337314,0.2974086519337314,0.2974086519337314,0.28579993732809084,0.2974086519337314,0.011608714605640558,0.0,0.28579993732809084,0,0,-0.011822167769774197,1.1608714605640558e-05,0.8782463082408253,1.006332831605643,0.12728047753390967,0.01045124546523743,-0.0326166977247443
197,12.24,-0.006493506493506499,-0.35386571288108826,0.26202208064562255,0.264748519660108,0.26202208064562255,0.26202208064562255,0.2974086519337314,0.26202208064562255,-0.03538657128810885,0.011608714605640558,0.28579993732809084,0,0,-0.0017014420821144336,3.538657128810885e-05,0.8767209448879276,1.006332831605643,0.12879624180691254,0.001515764273002873,-0.004670030579112486
198,10.74,-0.12254901960784313,-1.0,0.16202208064562254,0.26001176647954416,0.16202208064562254,0.16202208064562254,0.26202208064562255,0.26202208064562255,0.0,0.0,0.26202208064562255,0,1,-0.03211054909872825,0.0,0.8485689539412204,1.006332831605643,0.1567710728593682,0.027974831052455656,-0.08794419129769972
199,11.0,0.02420856610800743,-1.0,0.16202208064562254,0.1725903790466312,0.16202208064562254,0.16202208064562254,0.26202208064562255,0.16202208064562254,-0.1,0.0,0.26202208064562255,0,0,0.0039223222502664645,0.0001,0.8518124579347554,1.006332831605643,0.15354798016909021,0.0,0.003853784805883796
200,10.78,-0.02000000000000006,-0.9265832901000977,0.06936375163561277,0.18266253955871423,0.06936375163561277,0.06936375163561277,0.16202208064562254,0.06936375163561277,-0.09265832901000977,0.0,0.16202208064562254,0,0,-0.0013872750327122596,9.265832901000977e-05,0.8505518322603269,1.006332831605643,0.1548006727523353,0.0012526925832450908,-0.003992916239760668
201,10.65,-0.012059369202226253,1.0,0.1693637516356128,0.17874791138088192,0.1693637516356128,0.1693637516356128,0.06936375163561277,0.1693637516356128,0.10000000000000002,0.0,0.06936375163561277,0,0,-0.002042420010448005,0.00010000000000000002,0.8487295929949692,1.006332831605643,0.15661144470384789,0.0018107719515125797,-0.005729556110712649
202,11.04,0.036619718309859044,1.0,0.26936375163561277,0.17308924198371775,0.17308924198371775,0.17308924198371775,0.1693637516356128,0.17308924198371775,0.0037254903481049595,0.10000000000000002,0.06936375163561277,0,0,0.006338479283910772,3.7254903481049595e-06,0.854106086003903,1.006332831605643,0.15126878585373818,0.0,0.006418768662164546
203,10.7,-0.030797101449275353,-0.9067685008049011,0.08241239190322763,0.18978506177864074,0.08241239190322763,0.08241239190322763,0.17308924198371775,0.08241239190322763,-0.09067685008049012,0.0037254903481049595,0.1693637516356128,0,0,-0.00253806279412114,9.067685008049011e-05,0.8518608634752707,1.006332831605643,0.15349987924363587,0.002231093389897687,-0.007090892495298839
204,10.43,-0.025233644859813047,1.0,0.18241239190322764,0.1828128550222553,0.18241239190322764,0.18241239190322764,0.08241239190322763,0.18241239190322764,0.1,0.0,0.08241239190322763,0,0,-0.0046029295153150835,0.0001,0.847854621877491,1.006332831605643,0.15748090964625872,0.003981030402622848,-0.012625507453850757
205,10.71,0.026845637583892728,1.0,0.28241239190322764,0.17037215493843977,0.17037215493843977,0.17037215493843977,0.18241239190322764,0.17037215493843977,-0.01204023696478787,0.1,0.08241239190322763,0,0,0.0045737491258641735,1.2040236964787871e-05,0.8517222878426041,1.006332831605643,0.1536375828227246,0.0,0.004640496060673035
206,10.65,-0.0056022408963585894,1.0,0.2703721549384398,0.18238253742665958,0.18238253742665958,0.18238253742665958,0.17037215493843977,0.18238253742665958,0.012010382488219812,0.0,0.17037215493843977,0,0,-0.0010217509099532834,1.2010382488219811e-05,0.8508418103095227,1.006332831605643,0.1545125195289797,0.0008749367062551028,-0.002700168407714735
207,10.02,-0.05915492957746486,1.0,0.2823825374266596,0.17964836061213765,0.17964836061213765,0.17964836061213765,0.18238253742665958,0.17964836061213765,-0.002734176814521927,0.012010382488219812,0.17037215493843977,0,0,-0.010627086120718015,2.734176814521927e-06,0.8417975147643052,1.006332831605643,0.16349989951020016,0.008987379981220456,-0.028517522452095802
208,10.02,0.0,1.0,0.27964836061213766,0.15156279169271084,0.15156279169271084,0.15156279169271084,0.17964836061213765,0.15156279169271084,-0.028085568919426818,0.0,0.17964836061213765,0,0,0.0,2.8085568919426817e-05,0.841773872402188,1.006332831605643,0.16352339309142364,2.349358122347156e-05,-1.1960608705869683e-05
209,10.32,0.029940119760479115,-0.7813952565193176,0.07342326604077906,0.15148940347383205,0.07342326604077906,0.07342326604077906,0.15156279169271084,0.07342326604077906,-0.07813952565193177,0.0,0.15156279169271084,0,0,0.002198301378466444,7.813952565193178e-05,0.8435585692551512,1.006332831605643,0.1617499272986843,0.0,0.002121911464015357
210,10.19,-0.012596899224806278,1.0,0.17342326604077907,0.15703147128465583,0.15703147128465583,0.15703147128465583,0.07342326604077906,0.15703147128465583,0.08360820524387677,0.0,0.07342326604077906,0,0,-0.0019781096188958703,8.360820524387677e-05,0.8418193895172119,1.006332831605643,0.16347816241465912,0.0017282351159748355,-0.005480568605724857
211,9.86,-0.03238469087340531,0.2509876489639282,0.18213023618104865,0.1516307316745282,0.1516307316745282,0.1516307316745282,0.15703147128465583,0.1516307316745282,-0.005400739610127631,0.08360820524387677,0.07342326604077906,0,0,-0.0049105143721878625,5.400739610127631e-06,0.8376810768588798,1.006332831605643,0.16759043275739377,0.004112270342734647,-0.013065972855340526
212,9.72,-0.014198782961460325,1.0,0.2516307316745282,0.13877987712885714,0.13877987712885714,0.13877987712885714,0.1516307316745282,0.13877987712885714,-0.012850854545671059,0.0,0.1516307316745282,0,0,-0.0019705053547707744,1.2850854545671059e-05,0.8360196568936649,1.006332831605643,0.16924139744127883,0.0016509646838850645,-0.005219998990659636
213,10.08,0.03703703703703698,1.0,0.23877987712885715,0.13362062946232428,0.13362062946232428,0.13362062946232428,0.13877987712885714,0.13362062946232428,-0.005159247666532862,0.0,0.13877987712885714,0,0,0.004948912202308299,5.159247666532862e-06,0.8401527315425714,1.006332831605643,0.1651343321452852,0.0,0.00501063302491515
214,10.22,0.013888888888888945,1.0,0.2336206294623243,0.14645523242906847,0.14645523242906847,0.14645523242906847,0.13362062946232428,0.14645523242906847,0.012834602966744185,0.0,0.13362062946232428,0,0,0.002034100450403737,1.2834602966744186e-05,0.8418509035654693,1.006332831605643,0.16344684668365278,0.0,0.0020898522043475507
215,10.45,0.022504892367905933,1.0,0.24645523242906847,0.15172861367711907,0.15172861367711907,0.15172861367711907,0.14645523242906847,0.15172861367711907,0.0052733812480506015,0.012834602966744185,0.13362062946232428,0,0,0.0034146361199351447,5.273381248050602e-06,0.8447210786676155,1.006332831605643,0.16059473353380485,0.0,0.003483950272944312
216,10.29,-0.01531100478468901,1.0,0.2517286136771191,0.16064146384833525,0.16064146384833525,0.16064146384833525,0.15172861367711907,0.16064146384833525,0.00891285017121618,0.0052733812480506015,0.14645523242906847,0,0,-0.0024595822216013077,8.912850171216181e-06,0.8426358888479021,1.006332831605643,0.16266680129729658,0.002072067763491725,-0.006536185553476983
217,10.5,0.020408163265306208,1.0,0.26064146384833525,0.15416625738388715,0.15416625738388715,0.15416625738388715,0.16064146384833525,0.15416625738388715,-0.006475206464448102,0.00891285017121618,0.15172861367711907,0,0,0.0031462501506915874,6.4752064644481025e-06,0.8452815758988134,1.006332831605643,0.16003776350004018,0.0,0.0032147767544757947
218,10.2,-0.02857142857142864,1.0,0.25416625738388715,0.16238196604188362,0.16238196604188362,0.16238196604188362,0.15416625738388715,0.16238196604188362,0.008215708657996479,0.0,0.15416625738388715,0,0,-0.004639484744053829,8.21570865799648e-06,0.8413529603358395,1.006332831605643,0.16394165636688185,0.003903892866841674,-0.012377985602836417
219,9.9,-0.029411764705882252,1.0,0.26238196604188363,0.1501823388065043,0.1501823388065043,0.1501823388065043,0.16238196604188362,0.1501823388065043,-0.012199627235379318,0.008215708657996479,0.15416625738388715,0,0,-0.0044171276119559936,1.2199627235379317e-05,0.8376263327508496,1.006332831605643,0.1676448323618893,0.0037031759950074405,-0.011765202480473675
220,9.9,0.0,1.0,0.2501823388065043,0.13860991075899196,0.13860991075899196,0.13860991075899196,0.1501823388065043,0.13860991075899196,-0.011572428047512351,0.0,0.1501823388065043,0,0,0.0,1.1572428047512351e-05,0.8376166393803832,1.006332831605643,0.1676544647321767,9.632370287421255e-06,3.501493939291471e-05
221,9.65,-0.025252525252525252,1.0,0.23860991075899196,0.1385797824737035,0.1385797824737035,0.1385797824737035,0.13860991075899196,0.1385797824737035,-3.0128285288449907e-05,0.0,0.13860991075899196,0,0,-0.003499489456406654,3.012828528844991e-08,0.8346853835464078,1.006332831605643,0.17056727423407733,0.0029128095019006206,-0.00925352839681788
222,8.5,-0.11917098445595858,1.0,0.2385797824737035,0.12947726846016927,0.12947726846016927,0.12947726846016927,0.1385797824737035,0.1385797824737035,0.0,0.0,0.1385797824737035,0,1,-0.016514689103083843,0.0,0.8209008139382505,1.006332831605643,0.18426509783202494,0.013697823597947606,-0.043838711043161116
223,8.92,0.04941176470588234,1.0,0.2385797824737035,0.1,0.1,0.1,0.1385797824737035,0.1,-0.0385797824737035,0.0,0.1385797824737035,0,0,0.004941176470588234,3.85797824737035e-05,0.8249253595499346,1.006332831605643,0.18026587860227689,0.0,0.004937306796877679
224,8.73,-0.021300448430493217,1.0,0.2,0.1,0.1,0.1,0.1,0.1,0.0,0.0,0.1,0,0,-0.002130044843049322,0.0,0.8231682315419246,1.006332831605643,0.1820119490402317,0.0017460704379548275,-0.005568185718958977
225,8.76,0.0034364261168384146,1.0,0.2,0.1,0.1,0.1,0.1,0.1,0.0,0.0,0.1,0,0,0.0003436426116838415,0.0,0.8234511072228669,1.006332831605643,0.18173085349007376,0.0,0.0003976426116838415
226,8.63,-0.014840182648401713,1.0,0.2,0.1,0.1,0.1,0.1,0.1,0.0,0.0,0.1,0,0,-0.0014840182648401714,0.0,0.8222290907395453,1.006332831605643,0.1829451798490496,0.0012143263589758369,-0.003858670982791845
227,8.51,-0.01390498261877184,1.0,0.2,0.1,0.1,0.1,0.1,0.1,0.0,0.0,0.1,0,0,-0.0013904982618771842,0.0,0.8210857826180071,1.006332831605643,0.18408129315632785,0.0011361133072782525,-0.0036087248764336893
228,8.47,-0.004700352526439383,1.0,0.2,0.1,0.1,0.1,0.1,0.1,0.0,0.0,0.1,0,0,-0.0004700352526439383,0.0,0.820699843354732,1.006332831605643,0.18446480371183596,0.0003835105555081153,-0.0011830563636601689
229,8.66,0.02243211334120419,1.0,0.2,0.1,0.1,0.1,0.1,0.1,0.0,0.0,0.1,0,0,0.002243211334120419,0.0,0.8225408465452562,1.006332831605643,0.18263538591614825,0.0,0.0022972113341204192
230,8.9,0.027713625866050834,1.0,0.2,0.1,0.1,0.1,0.1,0.1,0.0,0.0,0.1,0,0,0.0027713625866050834,0.0,0.8248204054733261,1.006332831605643,0.1803701722050614,0.0,0.0028253625866050836
231,9.27,0.04157303370786508,1.0,0.2,0.1,0.1,0.1,0.1,0.1,0.0,0.0,0.1,0,0,0.0041573033707865085,0.0,0.8282494341252938,1.006332831605643,0.17696272235917238,0.0,0.004211303370786509
232,9.19,-0.008629989212513492,1.0,0.2,0.10949150510432948,0.10949150510432948,0.10949150510432948,0.1,0.10949150510432948,0.009491505104329473,0.0,0.1,0,0,-0.0009449105079122294,9.491505104329472e-06,0.8274589511980849,1.006332831605643,0.1777482307937404,0.0007855084345680385,-0.0024716627654562096
233,8.99,-0.021762785636561404,1.0,0.20949150510432948,0.10703677162831743,0.10703677162831743,0.10703677162831743,0.10949150510432948,0.10703677162831743,-0.00245473347601205,0.009491505104329473,0.1,0,0,-0.0023294183161766497,2.4547334760120498e-06,0.8255294219700922,1.006332831605643,0.17966561753438176,0.001917386740641347,-0.006110525956984738
234,9.06,0.007786429365962212,1.0,0.20703677162831743,0.10104496814621744,0.10104496814621744,0.10104496814621744,0.10703677162831743,0.10104496814621744,-0.005991803482099989,0.0,0.10703677162831743,0,0,0.0007867795072564238,5.9918034820999885e-06,0.8261739851918705,1.006332831605643,0.17902511053556916,0.0,0.0008322927315684022
235,9.1,0.004415011037527499,1.0,0.20104496814621745,0.10304652005742729,0.10304652005742729,0.10304652005742729,0.10104496814621744,0.10304652005742729,0.002001551911209848,0.0,0.10104496814621744,0,0,0.0004549515234323403,2.001551911209848e-06,0.8265482006749348,1.006332831605643,0.17865324998276647,0.0,0.0005074059564224145
236,9.0,-0.01098901098901095,1.0,0.2030465200574273,0.10420857779988923,0.10420857779988923,0.10420857779988923,0.10304652005742729,0.10420857779988923,0.0011620577424619472,0.002001551911209848,0.10104496814621744,0,0,-0.0011451492065921852,1.162057742461947e-06,0.8256007191619856,1.006332831605643,0.17959476901423588,0.0009415190314694122,-0.002973920866077014
237,10.21,0.13444444444444453,1.0,0.20420857779988924,0.10126634352220079,0.10126634352220079,0.10126634352220079,0.10420857779988923,0.10126634352220079,-0.0029422342776884436,0.0011620577424619472,0.10304652005742729,1,0,0.01361469729576256,2.9422342776884435e-06,0.8368385939298042,1.006332831605643,0.16842761395889688,0.0,0.013664890827061134
238,10.25,0.00391772771792352,1.0,0.2012663435222008,0.1361636988845375,0.1361636988845375,0.1361636988845375,0.10126634352220079,0.1361636988845375,0.03489735536233671,0.0,0.10126634352220079,0,0,0.0005334522972949444,3.4897355362336706e-05,0.8372558039464078,1.006332831605643,0.16801302943626148,0.0,0.0005516801518458105
239,10.36,0.010731707317073116,1.0,0.2361636988845375,0.1374592617180689,0.1374592617180689,0.1374592617180689,0.1361636988845375,0.1374592617180689,0.0012955628335314107,0.03489735536233671,0.10126634352220079,0,0,0.0014751725647792686,1.2955628335314108e-06,0.83848981602059,1.006332831605643,0.166786782974429,0.0,0.001544367748380567
240,10.21,-0.014478764478764342,1.0,0.23745926171806891,0.14129128158353385,0.14129128158353385,0.14129128158353385,0.1374592617180689,0.14129128158353385,0.0038320198654649418,0.0012955628335314107,0.1361636988845375,0,0,-0.0020457231889507606,3.832019865464942e-06,0.8367712848506257,1.006332831605643,0.16849449946343828,0.0017077164890092755,-0.005394107363568299
241,10.1,-0.010773751224290029,1.0,0.24129128158353386,0.1359547100987964,0.1359547100987964,0.1359547100987964,0.14129128158353385,0.1359547100987964,-0.005336571484737457,0.0038320198654649418,0.1374592617180689,0,0,-0.0014647422243749036,5.336571484737457e-06,0.8355411651277826,1.006332831605643,0.16971687806841762,0.0012223786049793406,-0.003847021675420242
242,9.63,-0.04653465346534642,1.0,0.2359547100987964,0.13213475086067258,0.13213475086067258,0.13213475086067258,0.1359547100987964,0.13213475086067258,-0.00381995923812381,0.0,0.1359547100987964,0,0,-0.006148844842031284,3.81995923812381e-06,0.8304003604110893,1.006332831605643,0.17482533180781412,0.005108453739396501,-0.016302677164596074
243,9.66,0.0031152647975077213,1.0,0.2321347508606726,0.11617085747713074,0.11617085747713074,0.11617085747713074,0.13213475086067258,0.11617085747713074,-0.015963893383541844,0.0,0.13213475086067258,0,0,0.00036190298279479205,1.5963893383541844e-05,0.8306876283556166,1.006332831605643,0.1745398716344946,0.0,0.0003995622563295746
244,9.68,0.0020703933747411567,1.0,0.21617085747713075,0.11706287823908629,0.11706287823908629,0.11706287823908629,0.11617085747713074,0.11706287823908629,0.0008920207619555476,0.0,0.11617085747713074,0,0,0.00024236620753433498,8.920207619555476e-07,0.8308882179751357,1.006332831605643,0.1743405443212845,0.0,0.00030304367285788195
245,9.74,0.006198347107438068,1.0,0.2170628782390863,0.11768579334311008,0.11768579334311008,0.11768579334311008,0.11706287823908629,0.11768579334311008,0.0006229151040237912,0.0008920207619555476,0.11617085747713074,0,0,0.0007294573967548206,6.229151040237913e-07,0.8314937979587935,1.006332831605643,0.17373877523988465,0.0,0.0007908245325317726
246,9.72,-0.0020533880903490323,1.0,0.21768579334311008,0.11956631988575014,0.11956631988575014,0.11956631988575014,0.11768579334311008,0.11956631988575014,0.0018805265426400652,0.0006229151040237912,0.11706287823908629,0,0,-0.000245516057260262,1.8805265426400653e-06,0.8312880892337252,1.006332831605643,0.1739431894442191,0.00020441420433445212,-0.0005940031267222892
247,9.71,-0.0010288065843621179,1.0,0.21956631988575015,0.11892752573182938,0.11892752573182938,0.11892752573182938,0.11956631988575014,0.11892752573182938,-0.0006387941539207631,0.0018805265426400652,0.11768579334311008,0,0,-0.00012235342153480127,6.387941539207631e-07,0.8311858472697548,1.006332831605643,0.1740447880016341,0.00010159855741498358,-0.0002636384659825689
248,9.61,-0.01029866117404752,1.0,0.2189275257318294,0.11861003786614693,0.11861003786614693,0.11861003786614693,0.11892752573182938,0.11861003786614693,-0.0003174878656824476,0.0,0.11892752573182938,0,0,-0.0012215245918243936,3.1748786568244757e-07,0.8301702694255177,1.006332831605643,0.17505397483559298,0.0010091868339588972,-0.0031776494734705885
249,9.76,0.015608740894901182,1.0,0.21861003786614694,0.11545634679789468,0.11545634679789468,0.11545634679789468,0.11861003786614693,0.11545634679789468,-0.003153691068252251,0.0,0.11861003786614693,0,0,0.001802128201840192,3.1536910682522513e-06,0.8316637245798149,1.006332831605643,0.17356991796355967,0.0,0.001858673372507001
250,9.31,-0.04610655737704911,1.0,0.2154563467978947,0.12009400725652067,0.12009400725652067,0.12009400725652067,0.11545634679789468,0.12009400725652067,0.004637660458625986,0.0,0.11545634679789468,0,0,-0.005537121236212522,4.637660458625986e-06,0.827054844735086,1.006332831605643,0.17814979422316182,0.004579876259602156,-0.014640427384098218
251,9.41,0.010741138560687395,1.0,0.22009400725652067,0.10578190759129621,0.10578190759129621,0.10578190759129621,0.12009400725652067,0.10578190759129621,-0.014312099665224454,0.004637660458625986,0.11545634679789468,0,0,0.0011362181266519424,1.4312099665224454e-05,0.8279827225500428,1.006332831605643,0.17722775552402054,0.0,0.0011715052345246913
252,9.2,-0.022316684378321027,1.0,0.20578190759129622,0.10866327993873429,0.10866327993873429,0.10866327993873429,0.10578190759129621,0.10866327993873429,0.0028813723474380715,0.0,0.10578190759129621,0,0,-0.002425004121905876,2.8813723474380717e-06,0.8259724753084713,1.006332831605643,0.1792253523214579,0.0019975967974373565,-0.006366406432382733
253,9.38,0.019565217391304512,1.0,0.2086632799387343,0.10242076441955097,0.10242076441955097,0.10242076441955097,0.10866327993873429,0.10242076441955097,-0.0062425155191833115,0.0028813723474380715,0.10578190759129621,0,0,0.002003884521252101,6.2425155191833115e-06,0.8276224726207266,1.006332831605643,0.17758573840801464,0.0,0.0020496791988344858
254,10.01,0.0671641791044775,1.0,0.20242076441955098,0.10754457526212016,0.10754457526212016,0.10754457526212016,0.10242076441955097,0.10754457526212016,0.0051238108425691875,0.0,0.10242076441955097,0,0,0.007223143114619999,5.123810842569188e-06,0.833596267604343,1.006332831605643,0.17164953639214187,0.0,0.007273044642112431
255,10.36,0.03496503496503493,1.0,0.20754457526212017,0.12609521709662416,0.12609521709662416,0.12609521709662416,0.10754457526212016,0.12609521709662416,0.018550641834504,0.0051238108425691875,0.10242076441955097,0,0,0.004408923674707134,1.8550641834504002e-05,0.8372560661779365,1.006332831605643,0.16801276885495034,0.0,0.004447214839948565
256,10.2,-0.015444015444015458,1.0,0.22609521709662417,0.13746009990838604,0.13746009990838604,0.13746009990838604,0.12609521709662416,0.13746009990838604,0.011364882811761873,0.018550641834504,0.10754457526212016,0,0,-0.0021229359059210216,1.1364882811761873e-05,0.8354691098955216,1.006332831605643,0.16978847985859882,0.0017757110036484836,-0.005620266344930694
257,10.26,0.00588235294117652,1.0,0.23746009990838604,0.13191100061212402,0.13191100061212402,0.13191100061212402,0.13746009990838604,0.13191100061212402,-0.005549099296262017,0.011364882811761873,0.12609521709662416,0,0,0.0007759470624242654,5.549099296262017e-06,0.8361127535960414,1.006332831605643,0.16914888659451652,0.0,0.0008363297065976517
258,10.34,0.007797270955165699,1.0,0.23191100061212402,0.1339097119894813,0.1339097119894813,0.1339097119894813,0.13191100061212402,0.1339097119894813,0.0019987113773572707,0.0,0.13191100061212402,0,0,0.0010441303079101864,1.9987113773572706e-06,0.836984093114828,1.006332831605643,0.1682830303972221,0.0,0.0011107189814587757
259,10.62,0.027079303675048294,1.0,0.2339097119894813,0.13661553003160656,0.13661553003160656,0.13661553003160656,0.1339097119894813,0.13661553003160656,0.002705818042125274,0.0019987113773572707,0.13191100061212402,0,0,0.003699453424453554,2.705818042125274e-06,0.8400782120576549,1.006332831605643,0.16520838268063107,0.0,0.00376616573358184
260,10.37,-0.02354048964218456,1.0,0.23661553003160657,0.14622379876927943,0.14622379876927943,0.14622379876927943,0.13661553003160656,0.14622379876927943,0.00960826873767287,0.002705818042125274,0.1339097119894813,0,0,-0.003442179820369102,9.60826873767287e-06,0.8371784400913562,1.006332831605643,0.16808990644218016,0.0028815237615490985,-0.009144734306908152
261,9.84,-0.05110896817743485,1.0,0.24622379876927944,0.13721902705994984,0.13721902705994984,0.13721902705994984,0.14622379876927943,0.13721902705994984,-0.00900477170932959,0.00960826873767287,0.13661553003160656,0,0,-0.007013122887345548,9.00477170932959e-06,0.8312996662116263,1.006332831605643,0.17393168531999945,0.005841778877819281,-0.0186391538211445
262,9.57,-0.02743902439024386,1.0,0.23721902705994985,0.1189634747832091,0.1189634747832091,0.1189634747832091,0.13721902705994984,0.1189634747832091,-0.01825555227674075,0.0,0.13721902705994984,0,0,-0.0032642416861246347,1.825555227674075e-05,0.8285709273530026,1.006332831605643,0.17664325228166747,0.0027115669616680216,-0.00865187223800536
263,9.28,-0.030303030303030398,1.0,0.2189634747832091,0.11048983633817608,0.11048983633817608,0.11048983633817608,0.1189634747832091,0.11048983633817608,-0.008473638445033016,0.0,0.1189634747832091,0,0,-0.003348176858732619,8.473638445033017e-06,0.8257897043377563,1.006332831605643,0.17940697311825068,0.0027637208365832167,-0.008829359890124119
264,9.19,-0.00969827586206895,1.0,0.21048983633817608,0.10185321644258738,0.10185321644258738,0.10185321644258738,0.11048983633817608,0.10185321644258738,-0.008636619895588699,0.0,0.11048983633817608,0,0,-0.0009878005904992294,8.6366198955887e-06,0.8249668567483933,1.006332831605643,0.18022464254482612,0.0008176694265754347,-0.00258120689024775
265,9.3,0.011969532100108945,1.0,0.20185321644258739,0.1,0.1,0.1,0.10185321644258738,0.1,-0.0018532164425873743,0.0,0.10185321644258738,0,0,0.0011969532100108947,1.8532164425873744e-06,0.8259527746335874,1.006332831605643,0.17924492902040395,0.0,0.0012481733853470136
266,9.24,-0.006451612903225859,1.0,0.2,0.10235957652639949,0.10235957652639949,0.10235957652639949,0.1,0.10235957652639949,0.0023595765263994817,0.0,0.1,0,0,-0.0006603843646864537,2.359576526399482e-06,0.8254053794364711,1.006332831605643,0.17978887947091537,0.0005439504505114212,-0.001696695374327054
267,9.81,0.061688311688311716,1.0,0.2023595765263995,0.10065977312936131,0.10065977312936131,0.10065977312936131,0.10235957652639949,0.10065977312936131,-0.0016998033970381798,0.0023595765263994817,0.1,0,0,0.006209531459278785,1.69980339703818e-06,0.8305293570798717,1.006332831605643,0.17469714691238883,0.0,0.006261298184104971
268,10.44,0.06422018348623842,1.0,0.2006597731293613,0.11657141931646786,0.11657141931646786,0.11657141931646786,0.10065977312936131,0.11657141931646786,0.015911646187106554,0.0,0.10065977312936131,0,0,0.007486237937754804,1.5911646187106554e-05,0.8367336823719843,1.006332831605643,0.16853186531046263,0.0,0.007524159982583152
269,10.64,0.019157088122605467,1.0,0.21657141931646787,0.13583792224794108,0.13583792224794108,0.13583792224794108,0.11657141931646786,0.13583792224794108,0.019266502931473223,0.015911646187106554,0.10065977312936131,0,0,0.002602259046895437,1.9266502931473223e-05,0.8388949592348347,1.006332831605643,0.1663841893180159,0.0,0.0026437908811746094
270,11.24,0.056390977443608985,1.0,0.2358379222479411,0.14254940524956616,0.14254940524956616,0.14254940524956616,0.13583792224794108,0.14254940524956616,0.006711483001625079,0.019266502931473223,0.11657141931646786,0,0,0.008038500296028163,6.7114830016250795e-06,0.8456327863837214,1.006332831605643,0.15968876317541827,0.0,0.008101770514913263
271,11.31,0.006227758007117463,1.0,0.24254940524956617,0.16347263790900218,0.16347263790900218,0.16347263790900218,0.14254940524956616,0.16347263790900218,0.02092323265943602,0.006711483001625079,0.13583792224794108,0,0,0.001018068029682402,2.092323265943602e-05,0.8464760047168559,1.006332831605643,0.15885085119773876,0.0,0.0010687327814316928
272,12.04,0.06454465075154718,1.0,0.2634726379090022,0.16609109789362958,0.16609109789362958,0.16609109789362958,0.16347263790900218,0.16609109789362958,0.002618459984627397,0.02092323265943602,0.14254940524956616,0,0,0.010720291906485355,2.618459984627397e-06,0.8555482581157097,1.006332831605643,0.1498356893010742,0.0,0.010799467123564886
273,11.72,-0.026578073089700876,1.0,0.2660910978936296,0.19426346607700948,0.19426346607700948,0.19426346607700948,0.16609109789362958,0.19426346607700948,0.028172368183379898,0.002618459984627397,0.16347263790900218,0,0,-0.005163148600053385,2.81723681833799e-05,0.8511068325040151,1.006332831605643,0.15424916511365214,0.004413475812577949,-0.013938443674389499
274,12.1,0.03242320819112619,1.0,0.2942634660770095,0.18047137037131505,0.18047137037131505,0.18047137037131505,0.19426346607700948,0.18047137037131505,-0.013792095705694424,0.028172368183379898,0.16609109789362958,0,0,0.0058514608140869916,1.3792095705694423e-05,0.8560753122361243,1.006332831605643,0.1493119519212913,0.0,0.005919513543437019
275,11.77,-0.02727272727272728,1.0,0.2804713703713151,0.19590017236961826,0.19590017236961826,0.19590017236961826,0.18047137037131505,0.19590017236961826,0.01542880199830321,0.0,0.18047137037131505,0,0,-0.005342731973716863,1.542880199830321e-05,0.8514883230770426,1.006332831605643,0.15387007525287635,0.004558123331585062,-0.01438760786298334
276,11.9,0.011045029736618589,1.0,0.2959001723696183,0.18165601268621115,0.18165601268621115,0.18165601268621115,0.19590017236961826,0.18165601268621115,-0.014244159683407115,0.01542880199830321,0.18047137037131505,0,0,0.0020063960619547657,1.4244159683407115e-05,0.8531846171596225,1.006332831605643,0.15218445591372254,0.0,0.0020742240858743497
277,11.18,-0.06050420168067232,1.0,0.28165601268621115,0.18692357316817043,0.18692357316817043,0.18692357316817043,0.18165601268621115,0.18692357316817043,0.0052675604819592825,0.0,0.18165601268621115,0,0,-0.011309661569838892,5.267560481959283e-06,0.8435308936813815,1.006332831605643,0.16177742871064316,0.009592972796920618,-0.03041231861382574
278,11.35,0.015205724508050083,1.0,0.2869235731681704,0.15694555677714864,0.15694555677714864,0.15694555677714864,0.18692357316817043,0.15694555677714864,-0.029978016391021794,0.0052675604819592825,0.18165601268621115,0,0,0.002386470899115855,2.9978016391021797e-05,0.8455186682287001,1.006332831605643,0.15980216318726048,0.0,0.0024208920639203577
279,11.03,-0.028193832599118968,1.0,0.25694555677714864,0.16311822310323668,0.16311822310323668,0.16311822310323668,0.15694555677714864,0.16311822310323668,0.006172666326088039,0.0,0.15694555677714864,0,0,-0.004598927876038395,6.172666326088039e-06,0.8416249697510608,1.006332831605643,0.16367135870126032,0.0038691955139998346,-0.012264671502490266
280,11.32,0.026291931097008246,1.0,0.2631182231032367,0.15102700181554127,0.15102700181554127,0.15102700181554127,0.16311822310323668,0.15102700181554127,-0.012091221287695408,0.006172666326088039,0.15694555677714864,0,0,0.00397079152552195,1.209122128769541e-05,0.8449567107748656,1.006332831605643,0.1603605842545111,0.0,0.004029585401513297
281,11.16,-0.01413427561837457,1.0,0.2510270018155413,0.16137315742907274,0.16137315742907274,0.16137315742907274,0.15102700181554127,0.16137315742907274,0.010346155613531471,0.0,0.15102700181554127,0,0,-0.002280892684509864,1.034615561353147e-05,0.8430207131409153,1.006332831605643,0.16228439869556566,0.00192381444105455,-0.006062841683144995
282,11.47,0.02777777777777782,1.0,0.26137315742907274,0.15536123737936133,0.15536123737936133,0.15536123737936133,0.16137315742907274,0.15536123737936133,-0.006011920049711406,0.010346155613531471,0.15102700181554127,0,0,0.004315589927204488,6.011920049711405e-06,0.8466537766658433,1.006332831605643,0.15867419796393367,0.0,0.004385306521109511
283,11.96,0.04272013949433306,1.0,0.25536123737936134,0.16664313934972602,0.16664313934972602,0.16664313934972602,0.15536123737936133,0.16664313934972602,0.011281901970364688,0.0,0.15536123737936133,0,0,0.007119018158793878,1.1281901970364689e-05,0.8526715684112276,1.006332831605643,0.15269427605700087,0.0,0.007185419227912767
284,12.08,0.010033444816053446,1.0,0.26664313934972605,0.1853304062059244,0.1853304062059244,0.1853304062059244,0.16664313934972602,0.1853304062059244,0.01868726685619837,0.011281901970364688,0.15536123737936133,0,0,0.0018595024034039115,1.868726685619837e-05,0.8542411791408628,1.006332831605643,0.1511345428550831,0.0,0.0019220613311644967
285,12.15,0.00579470198675499,1.0,0.2853304062059244,0.19020457603237104,0.19020457603237104,0.19020457603237104,0.1853304062059244,0.19020457603237104,0.004874169826446645,0.01868726685619837,0.16664313934972602,0,0,0.0011021788346246711,4.874169826446645e-06,0.8551785419715968,1.006332831605643,0.15020307882917194,0.0,0.0011872836570582315
286,12.26,0.009053497942386784,1.0,0.29020457603237104,0.1931153781731666,0.1931153781731666,0.1931153781731666,0.19020457603237104,0.1931153781731666,0.0029108021407955598,0.004874169826446645,0.1853304062059244,0,0,0.0017483696789340093,2.91080214079556e-06,0.8566712209489241,1.006332831605643,0.14871979324964288,0.0,0.0018374965730545369
287,12.31,0.004078303425774935,1.0,0.2931153781731666,0.19775066375922734,0.19775066375922734,0.19775066375922734,0.1931153781731666,0.19775066375922734,0.0046352855860607445,0.0029108021407955598,0.19020457603237104,0,0,0.0008064872094585242,4.6352855860607445e-06,0.8573581444155681,1.006332831605643,0.1480371925781056,0.0,0.0008947214843246405
288,12.05,-0.02112103980503654,1.0,0.2977506637592273,0.1998837649841,0.1998837649841,0.1998837649841,0.19775066375922734,0.1998837649841,0.0021331012248726466,0.0046352855860607445,0.1931153781731666,0,0,-0.004221752956609744,2.1331012248726465e-06,0.8537367613028002,1.006332831605643,0.15163578640216865,0.003598593824063051,-0.011326182109285227
289,12.16,0.009128630705394143,1.0,0.29988376498409997,0.18863818459414483,0.18863818459414483,0.18863818459414483,0.1998837649841,0.18863818459414483,-0.011245580389955157,0.0021331012248726466,0.19775066375922734,0,0,0.0017220083240959189,1.1245580389955156e-05,0.8551973023469691,1.006332831605643,0.15018443651245217,0.0,0.0017969722454552882
290,12.26,0.008223684210526286,1.0,0.2886381845941448,0.19317363240020805,0.19317363240020805,0.19317363240020805,0.18863818459414483,0.19317363240020805,0.004535447806063214,0.0,0.18863818459414483,0,0,0.0015885989506595997,4.535447806063214e-06,0.8565519891813559,1.006332831605643,0.1488382746941745,0.0,0.0016753103270378154
291,11.83,-0.03507340946166392,1.0,0.29317363240020805,0.19738036990356486,0.19738036990356486,0.19738036990356486,0.19317363240020805,0.19738036990356486,0.004206737503356817,0.004535447806063214,0.18863818459414483,0,0,-0.006922802533322417,4.206737503356817e-06,0.8506186456113524,1.006332831605643,0.15473427985634,0.005896005162165513,-0.0186260701482203
292,11.12,-0.06001690617075239,1.0,0.29738036990356487,0.17895536348437494,0.17895536348437494,0.17895536348437494,0.19738036990356486,0.17895536348437494,-0.018425006419189927,0.004206737503356817,0.19317363240020805,0,0,-0.01074034725899462,1.8425006419189928e-05,0.841467033318505,1.006332831605643,0.16382830124312672,0.009094021386786721,-0.028867869337378112
293,11.31,0.017086330935251914,1.0,0.27895536348437494,0.15053656734775486,0.15053656734775486,0.15053656734775486,0.17895536348437494,0.15053656734775486,-0.028418796136620073,0.0,0.17895536348437494,0,0,0.002572117607560577,2.8418796136620074e-05,0.8436074720110098,1.006332831605643,0.16170133228685243,0.0,0.0026062145988989924
294,11.44,0.01149425287356313,1.0,0.25053656734775487,0.157183323430445,0.157183323430445,0.157183323430445,0.15053656734775486,0.157183323430445,0.006646756082690136,0.0,0.15053656734775486,0,0,0.0018067048670165954,6.646756082690136e-06,0.8451260144834477,1.006332831605643,0.16019234597065027,0.0,0.0018762207686520433
295,11.44,0.0,1.0,0.25718332343044503,0.16189893558856533,0.16189893558856533,0.16189893558856533,0.157183323430445,0.16189893558856533,0.00471561215812033,0.006646756082690136,0.15053656734775486,0,0,0.0,4.71561215812033e-06,0.8451220291969387,1.006332831605643,0.1601963061778341,3.96020718382295e-06,6.641876954148654e-05
296,11.16,-0.02447552447552442,1.0,0.26189893558856536,0.1618865489983231,0.1618865489983231,0.1618865489983231,0.16189893558856533,0.1618865489983231,-1.238659024221933e-05,0.00471561215812033,0.157183323430445,0,0,-0.003962258192266641,1.238659024221933e-08,0.8417734270451079,1.006332831605643,0.16352383564588088,0.0033275294680467915,-0.010535928131694546
297,12.54,0.12365591397849453,1.0,0.2618865489983231,0.15148800648997016,0.15148800648997016,0.15148800648997016,0.1618865489983231,0.15148800648997016,-0.010398542508352954,0.0,0.1618865489983231,1,0,0.01873238789929737,1.0398542508352954e-05,0.8575331001870742,1.006332831605643,0.14786333779963542,0.0,0.018793913719762637
298,12.29,-0.019936204146730464,1.0,0.25148800648997016,0.20042705200799513,0.20042705200799513,0.20042705200799513,0.15148800648997016,0.20042705200799513,0.04893904551802497,0.0,0.15148800648997016,0,0,-0.003995754625358755,4.893904551802497e-05,0.8540646414841802,1.006332831605643,0.15130996956395934,0.0034466317643239153,-0.010866273092984794
299,11.98,-0.02522375915378346,1.0,0.30042705200799513,0.1896563529988305,0.1896563529988305,0.1896563529988305,0.20042705200799513,0.1896563529988305,-0.010770699009164636,0.04893904551802497,0.15148800648997016,0,0,-0.004783846170027438,1.0770699009164636e-05,0.8499697287468724,1.006332831605643,0.1553791131004712,0.00406914353651186,-0.012846077199105296
300,12.02,0.0033388981636059386,1.0,0.2896563529988305,0.1769402608297046,0.1769402608297046,0.1769402608297046,0.1896563529988305,0.1769402608297046,-0.012716092169125892,0.0,0.1896563529988305,0,0,0.0005907855119522564,1.2716092169125893e-05,0.8504610702548023,1.006332831605643,0.15489086359444446,0.0,0.0006590908166549
301,11.35,-0.05574043261231281,1.0,0.2769402608297046,0.17846604660367807,0.17846604660367807,0.17846604660367807,0.1769402608297046,0.17846604660367807,0.0015257857739734704,0.0,0.1769402608297046,0,0,-0.009947774644298194,1.5257857739734704e-06,0.8419995775627566,1.006332831605643,0.1632991082887422,0.00840824469429774,-0.026678583161466634
302,11.55,0.017621145374449435,1.0,0.2784660466036781,0.1521902702773502,0.1521902702773502,0.1521902702773502,0.17846604660367807,0.1521902702773502,-0.026275776326327882,0.0015257857739734704,0.1769402608297046,0,0,0.0026817668771339383,2.6275776326327884e-05,0.8442354999478583,1.006332831605643,0.16107725651676508,0.0,0.002719770247790601
303,11.18,-0.03203463203463212,1.0,0.2521902702773502,0.15913355946779417,0.15913355946779417,0.15913355946779417,0.1521902702773502,0.15913355946779417,0.006943289190443985,0.0,0.1521902702773502,0,0,-0.005097785021912034,6.943289190443985e-06,0.8399259070900367,1.006332831605643,0.16535972919625175,0.004282472679486671,-0.0135928592728397
304,11.59,0.03667262969588552,1.0,0.25913355946779415,0.14575082659976688,0.14575082659976688,0.14575082659976688,0.15913355946779417,0.14575082659976688,-0.013382732868027297,0.006943289190443985,0.1521902702773502,0,0,0.005345066091762472,1.3382732868027298e-05,0.8444041260715729,1.006332831605643,0.1609096915537443,0.0,0.005399696506347581
305,11.77,0.015530629853321804,1.0,0.24575082659976688,0.15965719558536517,0.15965719558536517,0.15965719558536517,0.14575082659976688,0.15965719558536517,0.0139063689855983,0.0,0.14575082659976688,0,0,0.0024795768080557107,1.39063689855983e-05,0.8464861483638563,1.006332831605643,0.15884077138449829,0.0,0.0025392173198672224
306,12.15,0.03228547153780805,1.0,0.25965719558536515,0.1661225765966512,0.1661225765966512,0.1661225765966512,0.15965719558536517,0.1661225765966512,0.00646538101128602,0.0139063689855983,0.14575082659976688,0,0,0.00536334571849852,6.46538101128602e-06,0.8510206733679819,1.006332831605643,0.15433478205203197,0.0,0.0054367631666665155
307,11.86,-0.02386831275720172,1.0,0.2661225765966512,0.18020380139563139,0.18020380139563139,0.18020380139563139,0.1661225765966512,0.18020380139563139,0.01408122479898019,0.00646538101128602,0.15965719558536517,0,0,-0.004301160691747594,1.4081224798980191e-05,0.8473483132864168,1.006332831605643,0.15798403204788644,0.0036492499958544755,-0.0115321442858401
308,11.72,-0.011804384485666003,1.0,0.2802038013956314,0.16879989616799357,0.16879989616799357,0.16879989616799357,0.18020380139563139,0.16879989616799357,-0.011403905227637817,0.01408122479898019,0.1661225765966512,0,0,-0.0019925788755074956,1.1403905227637817e-05,0.8456502418573058,1.006332831605643,0.15967141754876663,0.0016873855008801841,-0.005300271840376319
309,12.16,0.03754266211604091,1.0,0.2687998961679936,0.1635268408828441,0.1635268408828441,0.1635268408828441,0.16879989616799357,0.1635268408828441,-0.005273055285149458,0.0,0.16879989616799357,0,0,0.006139232934168202,5.273055285149459e-06,0.8508374265124263,1.006332831605643,0.15451687573893197,0.0,0.00621339483915671
310,12.18,0.0016447368421052282,1.0,0.2635268408828441,0.17963476330254843,0.17963476330254843,0.17963476330254843,0.1635268408828441,0.17963476330254843,0.016107922419704324,0.0,0.1635268408828441,0,0,0.0002954519133265536,1.6107922419704323e-05,0.8510751028347612,1.006332831605643,0.15428069510875653,0.0,0.0003597096987664686
311,12.23,0.004105090311986922,1.0,0.27963476330254844,0.18037283644292196,0.18037283644292196,0.18037283644292196,0.17963476330254843,0.18037283644292196,0.0007380731403735241,0.016107922419704324,0.1635268408828441,0,0,0.0007404467834274405,7.380731403735241e-07,0.8517046505014366,1.006332831605643,0.15365510917247044,0.0,0.0008280427595067543
312,12.76,0.043336058871627094,1.0,0.280372836442922,0.18232777565927288,0.18232777565927288,0.18232777565927288,0.18037283644292196,0.18232777565927288,0.001954939216350926,0.0007380731403735241,0.17963476330254843,0,0,0.007901367219903067,1.9549392163509262e-06,0.8584326166771258,1.006332831605643,0.1469694819481709,0.0,0.00798788542580799
313,13.06,0.023510971786833913,1.0,0.2823277756592729,0.20322036780600441,0.20322036780600441,0.20322036780600441,0.18232777565927288,0.20322036780600441,0.02089259214673153,0.001954939216350926,0.18037283644292196,0,0,0.00477790833399698,2.0892592146731533e-05,0.8625161941479765,1.006332831605643,0.1429116023455197,0.0,0.004843722555725761
314,13.14,0.006125574272588061,1.0,0.3032203678060044,0.21590125598181026,0.21590125598181026,0.21590125598181026,0.20322036780600441,0.21590125598181026,0.012680888175805843,0.02089259214673153,0.18232777565927288,0,0,0.001322519179061626,1.2680888175805843e-05,0.8636459508855807,1.006332831605643,0.14178895514359782,0.0,0.0014050705889862897
315,12.83,-0.02359208523592089,1.0,0.3159012559818103,0.21940950155421418,0.21940950155421418,0.21940950155421418,0.21590125598181026,0.21940950155421418,0.003508245572403923,0.012680888175805843,0.20322036780600441,0,0,-0.005176327662237938,3.508245572403923e-06,0.8591724065775486,1.006332831605643,0.14623434753022446,0.00444539238662664,-0.013969613420540657
316,12.96,0.010132501948558128,1.0,0.3194095015542142,0.2055176612007797,0.2055176612007797,0.2055176612007797,0.21940950155421418,0.2055176612007797,-0.013891840353434493,0.003508245572403923,0.21590125598181026,0,0,0.0020824081025800096,1.3891840353434493e-05,0.8609496186726107,1.006332831605643,0.14446831939396015,0.0,0.0021595384333310623
317,12.65,-0.02391975308641979,1.0,0.3055176612007797,0.21103649251336712,0.21103649251336712,0.21103649251336712,0.2055176612007797,0.21103649251336712,0.00551883131258743,0.0,0.2055176612007797,0,0,-0.00504794079314382,5.51883131258743e-06,0.8565988445359575,1.006332831605643,0.14879171419934611,0.0043233948053859605,-0.013603108596080007
318,12.72,0.005533596837944687,1.0,0.3110364925133671,0.1975258890558467,0.1975258890558467,0.1975258890558467,0.21103649251336712,0.1975258890558467,-0.01351060345752042,0.00551883131258743,0.2055176612007797,0,0,0.0010930286350916464,1.351060345752042e-05,0.857523558434511,1.006332831605643,0.14787281950614795,0.0,0.0011678683772304921
319,12.3,-0.033018867924528295,1.0,0.2975258890558467,0.20039743595012272,0.20039743595012272,0.20039743595012272,0.1975258890558467,0.20039743595012272,0.002871546894276017,0.0,0.1975258890558467,0,0,-0.00661689647005122,2.871546894276017e-06,0.8518469514086089,1.006332831605643,0.15351370376195111,0.005640884255803169,-0.017806829319830127
320,12.54,0.01951219512195109,1.0,0.3003974359501227,0.1827696882209224,0.1827696882209224,0.1827696882209224,0.20039743595012272,0.1827696882209224,-0.01762774772920031,0.002871546894276017,0.1975258890558467,0,0,0.0035662378189448038,1.762774772920031e-05,0.8548698240795116,1.006332831605643,0.15050985396597497,0.0,0.0036294151549241325
321,12.73,0.015151515151515254,1.0,0.2827696882209224,0.19215672128099812,0.19215672128099812,0.19215672128099812,0.1827696882209224,0.19215672128099812,0.009387033060075711,0.0,0.1827696882209224,0,0,0.002911465473954537,9.387033060075712e-06,0.8573507233657441,1.006332831605643,0.1480445669274172,0.0,0.0029905244338129444
322,12.85,0.009426551453259954,1.0,0.2921567212809981,0.19986071475037853,0.19986071475037853,0.19986071475037853,0.19215672128099812,0.19986071475037853,0.007703993469380416,0.009387033060075711,0.1827696882209224,0,0,0.0018839973110797539,7.703993469380416e-06,0.8589593647988437,1.006332831605643,0.14644604864144126,0.0,0.0019683911665455906
323,12.57,-0.02178988326848244,1.0,0.29986071475037857,0.20485609620990985,0.20485609620990985,0.20485609620990985,0.19986071475037853,0.20485609620990985,0.004995381459531323,0.007703993469380416,0.19215672128099812,0,0,-0.0044637904232509434,4.995381459531323e-06,0.8551208593826075,1.006332831605643,0.15026039842282693,0.003814349781385673,-0.01200224901257826
324,12.27,-0.023866348448687406,1.0,0.30485609620990983,0.19293623827594153,0.19293623827594153,0.19293623827594153,0.20485609620990985,0.19293623827594153,-0.011919857933968325,0.004995381459531323,0.19986071475037853,0,0,-0.004604683491072601,1.1919857933968326e-05,0.8511731055593764,1.006332831605643,0.15418330911325157,0.003922910690424636,-0.012374957551081305
325,12.95,0.05541972290138547,1.0,0.2929362382759415,0.18067714609417376,0.18067714609417376,0.18067714609417376,0.19293623827594153,0.18067714609417376,-0.012259092181767767,0.0,0.19293623827594153,0,0,0.01001307737115225,1.2259092181767767e-05,0.8596855331120226,1.006332831605643,0.1457244500903732,0.0,0.010083508481863662
326,12.53,-0.03243243243243243,1.0,0.28067714609417377,0.20711110755979814,0.20711110755979814,0.20711110755979814,0.18067714609417376,0.20711110755979814,0.026433961465624378,0.0,0.18067714609417376,0,0,-0.006717117001939398,2.643396146562438e-05,0.8538881999069796,1.006332831605643,0.15148530079797962,0.00576085070760643,-0.018179939701339604
327,12.73,0.015961691939345657,1.0,0.30711110755979815,0.18910845592819103,0.18910845592819103,0.18910845592819103,0.20711110755979814,0.18910845592819103,-0.01800265163160711,0.026433961465624378,0.18067714609417376,0,0,0.00301849091665111,1.8002651631607107e-05,0.8564502814304391,1.006332831605643,0.14893934240032744,0.0,0.0030834948078984873
328,12.61,-0.009426551453260093,1.0,0.289108455928191,0.1970645584185167,0.1970645584185167,0.1970645584185167,0.18910845592819103,0.1970645584185167,0.007956102490325662,0.0,0.18910845592819103,0,0,-0.001857639199546127,7.956102490325662e-06,0.8548524918089746,1.006332831605643,0.15052707716489352,0.0015877347645660844,-0.004950104811473485
329,12.94,0.026169706582077724,1.0,0.2970645584185167,0.19210289083618604,0.19210289083618604,0.19210289083618604,0.1970645584185167,0.19210289083618604,-0.004961667582330659,0.007956102490325662,0.18910845592819103,0,0,0.005027276286751896,4.961667582330659e-06,0.8591458299758202,1.006332831605643,0.14626075688595017,0.0,0.00511295340747954
330,12.96,0.0015455950540959314,1.0,0.292102890836186,0.20543514602066978,0.20543514602066978,0.20543514602066978,0.19210289083618604,0.20543514602066978,0.013332255184483749,0.0,0.19210289083618604,0,0,0.00031751954562702267,1.3332255184483748e-05,0.8594071712179356,1.006332831605643,0.1460010602588428,0.0,0.00039546009093037855
331,12.89,-0.005401234567901256,1.0,0.3054351460206698,0.20624670051217958,0.20624670051217958,0.20624670051217958,0.20543514602066978,0.20624670051217958,0.0008115544915097972,0.013332255184483749,0.19210289083618604,0,0,-0.001113986808321962,8.115544915097972e-07,0.8584491055104717,1.006332831605643,0.1469530968787107,0.0009520366198678964,-0.0029210519803710084
332,13.03,0.010861132660977407,1.0,0.3062467005121796,0.20327159054760763,0.20327159054760763,0.20327159054760763,0.20624670051217958,0.20327159054760763,-0.0029751099645719536,0.0008115544915097972,0.20543514602066978,0,0,0.0022077597111454478,2.9751099645719537e-06,0.8603418008791986,1.006332831605643,0.14507231220262387,0.0,0.0023004683968129024
333,13.16,0.009976976208749102,1.0,0.30327159054760766,0.20914902761754625,0.20914902761754625,0.20914902761754625,0.20327159054760763,0.20914902761754625,0.005877437069938624,0.0,0.20327159054760763,0,0,0.0020866748726232676,5.877437069938624e-06,0.8621319978921675,1.006332831605643,0.14329338086227145,0.0,0.002177102144136868
334,13.75,0.04483282674772035,1.0,0.30914902761754626,0.214708185197614,0.214708185197614,0.214708185197614,0.20914902761754625,0.214708185197614,0.005559157580067753,0.005877437069938624,0.20327159054760763,0,0,0.009625974868282084,5.559157580067753e-06,0.8704260661093883,1.006332831605643,0.13505150704405636,0.0,0.00971880128015604
335,13.77,0.0014545454545454234,1.0,0.314708185197614,0.24046405069666932,0.24046405069666932,0.24046405069666932,0.214708185197614,0.24046405069666932,0.025755865499055314,0.005559157580067753,0.20914902761754625,0,0,0.0003497658919224206,2.5755865499055315e-05,0.8707080928820681,1.006332831605643,0.13477125505999882,0.0,0.000420716748285369
336,13.15,-0.04502541757443713,1.0,0.3404640506966693,0.24133981987969802,0.24133981987969802,0.24133981987969802,0.24046405069666932,0.24133981987969802,0.0008757691830287018,0.025755865499055314,0.214708185197614,0,0,-0.010866426167422847,8.757691830287018e-07,0.8612458451380723,1.006332831605643,0.14417395707549238,0.009402702015493564,-0.029563286905452436
337,13.36,0.015969581749049357,1.0,0.341339819879698,0.21195640638643207,0.21195640638643207,0.21195640638643207,0.24133981987969802,0.21195640638643207,-0.029383413493265953,0.0008757691830287018,0.24046405069666932,0,0,0.0033848551590228543,2.9383413493265953e-05,0.8641357312373878,1.006332831605643,0.14130225696937085,0.0,0.0034409985716898645
338,13.49,0.009730538922155748,1.0,0.3119564063864321,0.2209304444507997,0.2209304444507997,0.2209304444507997,0.21195640638643207,0.2209304444507997,0.00897403806436764,0.0,0.21195640638643207,0,0,0.002149772288817675,8.97403806436764e-06,0.8659856714992343,1.006332831605643,0.139463958343165,0.0,0.002239583341620466
339,13.33,-0.011860637509266133,1.0,0.3209304444507997,0.22667512148772856,0.22667512148772856,0.22667512148772856,0.2209304444507997,0.22667512148772856,0.0057446770369288525,0.00897403806436764,0.21195640638643207,0,0,-0.002688511448334811,5.7446770369288525e-06,0.8636524842993133,1.006332831605643,0.14178246284450216,0.0023185045013371652,-0.007228961360092784
340,13.61,0.02100525131282816,1.0,0.3266751214877286,0.21942980438634055,0.21942980438634055,0.21942980438634055,0.22667512148772856,0.21942980438634055,-0.00724531710138801,0.0057446770369288525,0.2209304444507997,0,0,0.004609178186659806,7.2453171013880105e-06,0.867626955054686,1.006332831605643,0.13783300335103488,0.0,0.0047010784302077115
341,13.97,0.02645113886847915,1.0,0.31942980438634055,0.2317718774095055,0.2317718774095055,0.2317718774095055,0.21942980438634055,0.2317718774095055,0.012342073023164951,0.0,0.21942980438634055,0,0,0.006130630115166956,1.2342073023164951e-05,0.8729353466788387,1.006332831605643,0.13255801732510655,0.0,0.006218949210183155
342,14.04,0.0050107372942017545,1.0,0.33177187740950553,0.24825619384773595,0.24825619384773595,0.24825619384773595,0.2317718774095055,0.24825619384773595,0.01648431643823045,0.012342073023164951,0.21942980438634055,0,0,0.0012439465690294307,1.648431643823045e-05,0.8740068418658395,1.006332831605643,0.13149326503506026,0.0,0.0013311951280104678
343,13.79,-0.017806267806267807,1.0,0.348256193847736,0.2515835300100231,0.2515835300100231,0.2515835300100231,0.24825619384773595,0.2515835300100231,0.0033273361622871422,0.01648431643823045,0.2317718774095055,0,0,-0.004479763711004685,3.3273361622871425e-06,0.8700885896179081,1.006332831605643,0.13538685980298576,0.003893594767925501,-0.012158970696636488
344,14.09,0.021754894851341605,1.0,0.35158353001002307,0.23941607996959635,0.23941607996959635,0.23941607996959635,0.2515835300100231,0.23941607996959635,-0.012167450040426742,0.0033273361622871422,0.24825619384773595,0,0,0.0052084716454589616,1.2167450040426741e-05,0.8746098346065255,1.006332831605643,0.13089406691516597,0.0,0.005299478082771274
345,13.75,-0.02413058907026259,1.0,0.33941607996959633,0.25345604717852155,0.25345604717852155,0.25345604717852155,0.23941607996959635,0.25345604717852155,0.014039967208925197,0.0,0.23941607996959635,0,0,-0.006116043721837991,1.4039967208925197e-05,0.8692484031251241,1.006332831605643,0.1362217590196232,0.005327692104457216,-0.016678958233969515
346,14.48,0.05309090909090912,1.0,0.3534560471785215,0.2368070263429724,0.2368070263429724,0.2368070263429724,0.25345604717852155,0.2368070263429724,-0.016649020835549144,0.014039967208925197,0.23941607996959635,0,0,0.01257230030766327,1.6649020835549143e-05,0.8801623829563949,1.006332831605643,0.1253764606367242,0.0,0.012655764451580488
347,14.7,0.015193370165745778,1.0,0.33680702634297244,0.270698553324737,0.270698553324737,0.270698553324737,0.2368070263429724,0.270698553324737,0.03389152698176462,0.0,0.2368070263429724,0,0,0.004112823323994602,3.389152698176462e-05,0.8837525052867704,1.006332831605643,0.12180893087159936,0.0,0.004180438541453534
348,14.77,0.004761904761904781,1.0,0.370698553324737,0.2818470899024184,0.2818470899024184,0.2818470899024184,0.270698553324737,0.2818470899024184,0.01114853657768139,0.03389152698176462,0.2368070263429724,0,0,0.0013421289995353312,1.114853657768139e-05,0.8849287626053969,1.006332831605643,0.12064007571584566,0.0,0.0014468517793583828
349,14.74,-0.0020311442112389546,1.0,0.38184708990241845,0.28549976032307905,0.28549976032307905,0.28549976032307905,0.2818470899024184,0.28549976032307905,0.003652670420660642,0.01114853657768139,0.270698553324737,0,0,-0.000579891185490331,3.652670420660642e-06,0.8844123678630595,1.006332831605643,0.12115322079679608,0.0005131450809504196,-0.001489266564715035
350,15.87,0.07666214382632286,1.0,0.3854997603230791,0.2838961858310618,0.2838961858310618,0.2838961858310618,0.28549976032307905,0.2838961858310618,-0.0016035744920172568,0.003652670420660642,0.2818470899024184,0,0,0.021764090229925342,1.6035744920172568e-06,0.9036593802165795,1.006332831605643,0.10202732949221581,0.0,0.0218836643530883
351,16.1,0.014492753623188545,1.0,0.3838961858310618,0.34366460368045143,0.34366460368045143,0.34366460368045143,0.2838961858310618,0.34366460368045143,0.05976841784938963,0.0,0.2838961858310618,0,0,0.004980646430151518,5.976841784938963e-05,0.908106177791298,1.006332831605643,0.09760851552226574,0.0,0.005026329349691999
352,15.97,-0.008074534161490732,1.0,0.44366460368045146,0.3649467866926544,0.3649467866926544,0.3649467866926544,0.34366460368045143,0.3649467866926544,0.02128218301220297,0.05976841784938963,0.2838961858310618,0,0,-0.002946775296276109,2.128218301220297e-05,0.9054108664583166,1.006332831605643,0.10028686531701597,0.0026783497947502344,-0.008196341782549665
353,15.88,-0.005635566687539127,1.0,0.46494678669265443,0.3491035507992022,0.3491035507992022,0.3491035507992022,0.3649467866926544,0.3491035507992022,-0.015843235893452212,0.02128218301220297,0.34366460368045143,0,0,-0.0019673963413856074,1.5843235893452213e-05,0.903615219794258,1.006332831605643,0.10207121201391703,0.0017843466969010569,-0.005423516432056744
354,15.1,-0.049118387909319966,1.0,0.44910355079920217,0.343527466431341,0.343527466431341,0.343527466431341,0.3491035507992022,0.343527466431341,-0.005576084367861167,0.0,0.3491035507992022,0,0,-0.0168735153536805,5.576084367861167e-06,0.8883630158745385,1.006332831605643,0.1172274341311901,0.015156222117273077,-0.047059013907035284
355,15.1,0.0,1.0,0.443527466431341,0.29616426527567447,0.29616426527567447,0.29616426527567447,0.343527466431341,0.29616426527567447,-0.04736320115566656,0.0,0.343527466431341,0,0,0.0,4.736320115566656e-05,0.8883209401583184,1.006332831605643,0.117269245065802,4.1810934611891115e-05,-2.959607500764544e-05
356,14.82,-0.01854304635761585,0.21841195225715637,0.3180054605013901,0.2960336007184575,0.2960336007184575,0.2960336007184575,0.29616426527567447,0.2960336007184575,-0.0001306645572169418,0.0,0.29616426527567447,0,0,-0.005489364781534299,1.306645572169418e-07,0.8834445064026516,1.006332831605643,0.1221149915251382,0.004845746459336206,-0.015056015072264062
357,14.82,0.0,1.0,0.3960336007184575,0.2808906449013646,0.2808906449013646,0.2808906449013646,0.2960336007184575,0.2808906449013646,-0.015142955817092907,0.0,0.2960336007184575,0,0,0.0,1.5142955817092907e-05,0.8834311284415243,1.006332831605643,0.12212828529903404,1.329377389583386e-05,7.189267278764898e-05
358,15.03,0.014170040485829897,1.0,0.3808906449013646,0.2808491079145373,0.2808491079145373,0.2808491079145373,0.2808906449013646,0.2808491079145373,-4.153698682729523e-05,0.0,0.2808906449013646,0,0,0.003979643229558204,4.153698682729523e-08,0.8869468324555405,1.006332831605643,0.11863470553734942,0.0,0.00410076465597685
359,14.95,-0.005322687957418502,0.9641385674476624,0.37726296465930353,0.29176653679533077,0.29176653679533077,0.29176653679533077,0.2808491079145373,0.29176653679533077,0.010917428880793445,0.0,0.2808491079145373,0,0,-0.0015529822317782093,1.0917428880793446e-05,0.8855597366052407,1.006332831605643,0.12001307242227623,0.0013783668849268044,-0.004202108850071934
360,14.46,-0.03277591973244137,1.0,0.3917665367953308,0.2874591466047237,0.2874591466047237,0.2874591466047237,0.29176653679533077,0.2874591466047237,-0.004307390190607052,0.010917428880793445,0.2808491079145373,0,0,-0.009421737915472522,4.307390190607052e-06,0.8772124104071285,1.006332831605643,0.12830786907001523,0.008294796647739008,-0.025894896464853642
361,14.55,0.006224066390041484,1.0,0.3874591466047237,0.26153792478254745,0.26153792478254745,0.26153792478254745,0.2874591466047237,0.26153792478254745,-0.025921221822176266,0.0,0.2874591466047237,0,0,0.0016278294073602511,2.5921221822176267e-05,0.8786176241478153,1.006332831605643,0.12691149831020931,0.0,0.0017048290778367784
362,15.22,0.046048109965635735,1.0,0.3615379247825474,0.26590159013972503,0.26590159013972503,0.26590159013972503,0.26153792478254745,0.26590159013972503,0.004363665357177582,0.0,0.26153792478254745,0,0,0.012244265662791461,4.363665357177582e-06,0.889371817760603,1.006332831605643,0.11622498061443962,0.0,0.012354838925456229
363,15.33,0.007227332457292998,1.0,0.365901590139725,0.29929693173680505,0.29929693173680505,0.29929693173680505,0.26590159013972503,0.29929693173680505,0.03339534159708002,0.004363665357177582,0.26153792478254745,0,0,0.002163118429109618,3.339534159708002e-05,0.8912659334542706,1.006332831605643,0.1143427845514875,0.0,0.0022388563837478417
364,15.17,-0.010437051532941954,1.0,0.399296931736805,0.305178792588973,0.305178792588973,0.305178792588973,0.29929693173680505,0.305178792588973,0.005881860852167964,0.03339534159708002,0.26590159013972503,0,0,-0.0031851667850121153,5.881860852167964e-06,0.8884218605042165,1.006332831605643,0.11716895980954437,0.0028261752580568678,-0.008719113274118357
365,14.85,-0.02109426499670404,1.0,0.40517879258897305,0.29634699076481175,0.29634699076481175,0.29634699076481175,0.305178792588973,0.29634699076481175,-0.008831801824161267,0.005881860852167964,0.29929693173680505,0,0,-0.0062512219541687435,8.831801824161267e-06,0.8828602918994608,1.006332831605643,0.12269552957859578,0.005526569769051415,-0.017192493923910146
366,14.81,-0.002693602693602636,1.0,0.3963469907648117,0.2790764750921651,0.2790764750921651,0.2790764750921651,0.29634699076481175,0.2790764750921651,-0.017270515672646647,0.0,0.29634699076481175,0,0,-0.0007517211450293849,1.727051567264665e-05,0.882181379697425,1.006332831605643,0.12337016940024656,0.0006746398216507798,-0.002006190884154536
367,14.47,-0.022957461174881826,1.0,0.37907647509216513,0.27696821689697004,0.27696821689697004,0.27696821689697004,0.2790764750921651,0.27696821689697004,-0.0021082581951950563,0.0,0.2790764750921651,0,0,-0.006358487086088438,2.1082581951950563e-06,0.8765701809209079,1.006332831605643,0.1289460570194195,0.005575887619172937,-0.017393270617491574
368,15.25,0.05390463026952311,-0.07100829482078552,0.26986738741489147,0.25954359062129084,0.25954359062129084,0.25954359062129084,0.27696821689697004,0.25954359062129084,-0.0174246262756792,0.0,0.27696821689697004,0,0,0.013990601291265147,1.74246262756792e-05,0.8888186509181776,1.006332831605643,0.11677466638941612,0.0,0.01407977278096485
369,14.98,-0.017704918032786857,-0.46501782536506653,0.21304180808478418,0.2975791770971413,0.21304180808478418,0.21304180808478418,0.25954359062129084,0.21304180808478418,-0.046501782536506664,0.0,0.25954359062129084,0,0,-0.0037718877496978123,4.6501782536506664e-05,0.8854247950854569,1.006332831605643,0.12014716475787902,0.0033724983684629006,-0.010486044162772722
370,15.56,0.03871829105473966,1.0,0.3130418080847842,0.28704012129534506,0.28704012129534506,0.28704012129534506,0.21304180808478418,0.28704012129534506,0.07399831321056088,0.0,0.21304180808478418,0,0,0.011113702960700945,7.399831321056089e-05,0.8951996233107651,1.006332831605643,0.11043384932354895,0.0,0.011125494344922363
371,15.34,-0.014138817480719835,-1.0,0.18704012129534506,0.3173942290250562,0.18704012129534506,0.18704012129534506,0.28704012129534506,0.18704012129534506,-0.1,0.07399831321056088,0.21304180808478418,0,0,-0.002644526136566583,0.0001,0.8927427245471441,1.006332831605643,0.11287528687428543,0.002441437550736475,-0.007586167569446832
372,15.65,0.020208604954367698,1.0,0.28704012129534506,0.30976471807857975,0.28704012129534506,0.28704012129534506,0.18704012129534506,0.28704012129534506,0.1,0.0,0.18704012129534506,0,0,0.005800680417311415,0.0001,0.8978319655146673,1.006332831605643,0.10781807239445663,0.0,0.005773469271348675
373,15.36,-0.018530351437699738,0.5979210734367371,0.34683222863901875,0.3255685171115472,0.3255685171115472,0.3255685171115472,0.28704012129534506,0.3255685171115472,0.038528395816202154,0.1,0.18704012129534506,0,0,-0.006032899039127731,3.8528395816202156e-05,0.8923808438872719,1.006332831605643,0.11323489022668207,0.005416817832225432,-0.016792583102636496
374,15.94,0.03776041666666667,-1.0,0.2255685171115472,0.30864096097699845,0.2255685171115472,0.2255685171115472,0.3255685171115472,0.2255685171115472,-0.1,0.038528395816202154,0.28704012129534506,0,0,0.008517561193014153,0.0001,0.8998925142481666,1.006332831605643,0.10577049065133524,0.0,0.00847237360973394
375,16.29,0.021957340025094082,1.0,0.3255685171115472,0.3319672154264916,0.3255685171115472,0.3255685171115472,0.2255685171115472,0.3255685171115472,0.1,0.0,0.2255685171115472,0,0,0.007148618631683903,0.0001,0.906235513390609,1.006332831605643,0.09946740787073878,0.0,0.0071303628263503045
376,16.04,-0.015346838551258441,-0.7820398211479187,0.24736453499675534,0.3533287238391317,0.24736453499675534,0.24736453499675534,0.3255685171115472,0.24736453499675534,-0.07820398211479188,0.1,0.2255685171115472,0,0,-0.003796263581902323,7.820398211479187e-05,0.9027243332886168,1.006332831605643,0.1029564921892838,0.0034890843185450132,-0.01078003299907098
377,17.8,0.10972568578553626,1.0,0.34736453499675535,0.3407609727234803,0.3407609727234803,0.3407609727234803,0.24736453499675534,0.24736453499675534,0.0,0.0,0.24736453499675534,1,0,0.027142243241539264,0.0,0.9272262967227929,1.006332831605643,0.0786087191020416,0.0,0.027253948434632823
378,16.95,-0.04775280898876412,1.0,0.34736453499675535,0.48369549066119083,0.34736453499675535,0.34736453499675535,0.24736453499675534,0.34736453499675535,0.1,0.0,0.24736453499675534,0,0,-0.016587632289170928,0.0001,0.9117530852342333,1.006332831605643,0.0939845579921149,0.015375838890073296,-0.047353288620423574
379,14.95,-0.11799410029498525,1.0,0.4473645349967553,0.38759650514060784,0.38759650514060784,0.38759650514060784,0.34736453499675535,0.38759650514060784,0.04023197014385249,0.1,0.24736453499675534,0,1,-0.04573410090154665,4.0231970143852495e-05,0.8700181960139307,1.006332831605643,0.1354568104214756,0.04147225242936069,-0.12859653444287777
380,14.97,0.0013377926421405586,-1.0,0.28759650514060786,0.2391974519952081,0.2391974519952081,0.2391974519952081,0.38759650514060784,0.2391974519952081,-0.14839905314539975,0.04023197014385249,0.34736453499675535,0,0,0.00031999659129795886,0.00014839905314539974,0.8701674889945146,1.006332831605643,0.13530845693851742,0.0,0.00020658723015238412
381,15.64,0.04475617902471609,1.0,0.3391974519952081,0.23966106437284587,0.23966106437284587,0.23966106437284587,0.2391974519952081,0.23966106437284587,0.0004636123776377843,0.0,0.2391974519952081,0,0,0.010726313502325098,4.636123776377843e-07,0.8795007748605822,1.006332831605643,0.12603390524653296,0.0,0.010834952266916553
382,15.87,0.01470588235294109,1.0,0.3396610643728459,0.2686440557251609,0.2686440557251609,0.2686440557251609,0.23966106437284587,0.2686440557251609,0.028982991352315052,0.0004636123776377843,0.2391974519952081,0,0,0.003950647878311167,2.8982991352315052e-05,0.8829498821674061,1.006332831605643,0.12260650310034567,0.0,0.0040250580475119134
383,16.25,0.023944549464398286,-1.0,0.16864405572516092,0.2793546844282636,0.16864405572516092,0.16864405572516092,0.2686440557251609,0.16864405572516092,-0.1,0.028982991352315052,0.23966106437284587,0,0,0.004038105934187857,0.0001,0.88642703233796,1.006332831605643,0.1191512345635873,0.0,0.003972227877104094
384,15.86,-0.024000000000000035,1.0,0.2686440557251609,0.2901523917920918,0.2686440557251609,0.2686440557251609,0.16864405572516092,0.2686440557251609,0.1,0.0,0.16864405572516092,0,0,-0.0064474573374038715,0.0001,0.8806231891610058,1.006332831605643,0.12491855427598703,0.005767319712399729,-0.018014212105974113
385,16.18,0.02017654476670872,1.0,0.3686440557251609,0.2721295071775514,0.2721295071775514,0.2721295071775514,0.2686440557251609,0.2721295071775514,0.0034854514523904867,0.1,0.16864405572516092,0,0,0.005490633183910247,3.485451452390487e-06,0.8854552986965604,1.006332831605643,0.1201168531053666,0.0,0.005604250029832174
386,16.1,-0.004944375772558609,1.0,0.37212950717755144,0.28713483680118224,0.28713483680118224,0.28713483680118224,0.2721295071775514,0.28713483680118224,0.015005329623630825,0.0034854514523904867,0.2686440557251609,0,0,-0.0014197025305373355,1.5005329623630826e-05,0.8841849290196993,1.006332831605643,0.1213792283722395,0.001262375266872895,-0.003844148005340767
387,15.37,-0.04534161490683243,1.0,0.3871348368011822,0.283189917356611,0.283189917356611,0.283189917356611,0.28713483680118224,0.283189917356611,-0.00394491944457126,0.015005329623630825,0.2721295071775514,0,0,-0.012840288178281157,3.94491944457126e-06,0.8728282516898741,1.006332831605643,0.13266443836753014,0.011285209995290646,-0.035294829515190806
388,15.3,-0.004554326610279669,1.0,0.383189917356611,0.24792361855634493,0.24792361855634493,0.24792361855634493,0.283189917356611,0.24792361855634493,-0.03526629880026605,0.0,0.283189917356611,0,0,-0.001129125133307988,3.526629880026605e-05,0.8718119379519044,1.006332831605643,0.1336743564642578,0.0010099180967276522,-0.0030899862762127275
389,16.14,0.05490196078431371,1.0,0.3479236185563449,0.24476764574778492,0.24476764574778492,0.24476764574778492,0.24792361855634493,0.24476764574778492,-0.0031559728085600036,0.0,0.24792361855634493,0,0,0.013438223688113678,3.1559728085600035e-06,0.8835247903732995,1.006332831605643,0.12203521277984997,0.0,0.013544403596106562
390,15.8,-0.021065675340768267,1.0,0.34476764574778496,0.28113995995458607,0.28113995995458607,0.28113995995458607,0.24476764574778492,0.28113995995458607,0.03637231420680115,0.0,0.24476764574778492,0,0,-0.005922403121719902,3.637231420680115e-05,0.8782600645553907,1.006332831605643,0.127266807787546,0.005231595007696044,-0.0163188914386994
391,15.44,-0.022784810126582355,1.0,0.38113995995458605,0.2647912208001536,0.2647912208001536,0.2647912208001536,0.28113995995458607,0.2647912208001536,-0.016348739154432468,0.03637231420680115,0.24476764574778492,0,0,-0.006033217689117444,1.6348739154432468e-05,0.8729469719535645,1.006332831605643,0.13254646520799307,0.005279657420447059,-0.016500249540630816
392,15.76,0.020725388601036288,1.0,0.3647912208001536,0.24829228259750186,0.24829228259750186,0.24829228259750186,0.2647912208001536,0.24829228259750186,-0.016498938202651747,0.0,0.2647912208001536,0,0,0.005145954043471545,1.6498938202651748e-05,0.8774247142554809,1.006332831605643,0.12809690124537054,0.0,0.005233191571167582
393,16.55,0.05012690355329955,1.0,0.3482922825975019,0.2621971614669808,0.2621971614669808,0.2621971614669808,0.24829228259750186,0.2621971614669808,0.013904878869478943,0.0,0.24829228259750186,0,0,0.013143131824804257,1.3904878869478944e-05,0.8889446224569131,1.006332831605643,0.11664948758695719,0.0,0.013238344392491422
394,17.09,0.03262839879154073,1.0,0.3621971614669808,0.2979703558615393,0.2979703558615393,0.2979703558615393,0.2621971614669808,0.2979703558615393,0.035773194394558505,0.013904878869478943,0.24829228259750186,0,0,0.009722295599107611,3.5773194394558506e-05,0.8975554044588913,1.006332831605643,0.10809289305725339,0.0,0.009794146221249345
395,16.91,-0.010532475131655922,0.9139962792396545,0.38936998378550475,0.32470969799937627,0.32470969799937627,0.32470969799937627,0.2979703558615393,0.32470969799937627,0.026739342137836963,0.035773194394558505,0.2621971614669808,0,0,-0.003419996819185935,2.6739342137836965e-05,0.8944617677895512,1.006332831605643,0.11116706153529463,0.0030741684780412337,-0.00947687880246044
396,15.66,-0.07392075694855116,0.7730188369750977,0.40201158169688606,0.3151029426608871,0.3151029426608871,0.3151029426608871,0.32470969799937627,0.3151029426608871,-0.009606755338489148,0.026739342137836963,0.2979703558615393,0,0,-0.02329264803820869,9.606755338489148e-06,0.8736187917734325,1.006332831605643,0.1318788731362964,0.020711811601001773,-0.06460119352630757
397,15.85,0.012132822477650032,1.0,0.4151029426608871,0.2503785382968719,0.2503785382968719,0.2503785382968719,0.3151029426608871,0.2503785382968719,-0.06472440436401522,0.0,0.3151029426608871,0,0,0.003037798357369447,6.472440436401523e-05,0.8762161250481101,1.006332831605643,0.12929788482596427,0.0,0.00305332522633774
398,14.03,-0.11482649842271296,-1.0,0.1503785382968719,0.25844411775584225,0.1503785382968719,0.1503785382968719,0.2503785382968719,0.2503785382968719,0.0,0.0,0.2503785382968719,0,1,-0.02875009083282694,0.0,0.8510248318637892,1.006332831605643,0.15433064972555244,0.025032764899588167,-0.07870300715648897
399,14.39,0.025659301496792675,-0.4530004560947418,0.20507849268739772,0.18021670021328964,0.18021670021328964,0.18021670021328964,0.2503785382968719,0.18021670021328964,-0.07016183808358226,0.0,0.2503785382968719,0,0,0.0046242346455299,7.016183808358226e-05,0.8549004609090416,1.006332831605643,0.15047940993337683,0.0,0.0046076350731110395
400,14.39,0.0,0.46468567848205566,0.22668526806149522,0.19225185588199392,0.19225185588199392,0.19225185588199392,0.18021670021328964,0.19225185588199392,0.012035155668704278,0.0,0.18021670021328964,0,0,0.0,1.2035155668704278e-05,0.8548901720489133,1.006332831605643,0.15048963404592208,1.0224112545254016e-05,5.467368928158932e-05
401,13.71,-0.04725503822098678,1.0,0.2922518558819939,0.192219911517685,0.192219911517685,0.192219911517685,0.19225185588199392,0.192219911517685,-3.1944364308922335e-05,0.012035155668704278,0.18021670021328964,0,0,-0.009083359265602902,3.1944364308922334e-08,0.8471248701746369,1.006332831605643,0.1582060690368053,0.007716434990883231,-0.024423114313635533
402,14.11,0.02917578409919756,1.0,0.292219911517685,0.168106014283785,0.168106014283785,0.168106014283785,0.192219911517685,0.168106014283785,-0.024113897233900006,0.0,0.192219911517685,0,0,0.004904624778520332,2.4113897233900005e-05,0.8512592723213325,1.006332831605643,0.15409768459693865,0.0,0.0049523617620167255
403,13.94,-0.012048192771084333,0.6404809355735779,0.23215410784114276,0.18094471506985746,0.18094471506985746,0.18094471506985746,0.168106014283785,0.18094471506985746,0.012838700786072466,0.0,0.168106014283785,0,0,-0.002180056808070571,1.2838700786072465e-05,0.8493925496861865,1.006332831605643,0.1559526599853174,0.0018549753883787545,-0.005820343400912302
404,13.13,-0.058106169296987,1.0,0.28094471506985746,0.1751479305348795,0.1751479305348795,0.1751479305348795,0.18094471506985746,0.1751479305348795,-0.00579678453497795,0.012838700786072466,0.168106014283785,0,0,-0.010177175303676627,5.7967845349779505e-06,0.8407432090607971,1.006332831605643,0.1645475704898162,0.008594910504498787,-0.02728900880969813
405,13.54,0.0312261995430311,1.0,0.2751479305348795,0.14828882031394852,0.14828882031394852,0.14828882031394852,0.1751479305348795,0.14828882031394852,-0.026859110220930987,0.0,0.1751479305348795,0,0,0.00463049629312404,2.685911022093099e-05,0.8446136857593028,1.006332831605643,0.16070145062077623,0.0,0.004665987175442952
406,13.49,-0.0036927621861151355,1.0,0.24828882031394853,0.1603079572343696,0.1603079572343696,0.1603079572343696,0.14828882031394852,0.1603079572343696,0.012019136920421086,0.0,0.14828882031394852,0,0,-0.0005919791626084424,1.2019136920421086e-05,0.8441035405293454,1.006332831605643,0.1612083855173983,0.0005069348966220688,-0.0015431120715841838
407,13.05,-0.0326167531504818,1.0,0.2603079572343696,0.15872377753496847,0.15872377753496847,0.15872377753496847,0.1603079572343696,0.15872377753496847,-0.0015841796994011392,0.012019136920421086,0.14828882031394852,0,0,-0.005177054270970055,1.5841796994011393e-06,0.839732233478014,1.006332831605643,0.16555218402425703,0.0043437985068587315,-0.01378690923024862
408,12.6,-0.03448275862068974,1.0,0.25872377753496845,0.14514942504721645,0.14514942504721645,0.14514942504721645,0.15872377753496847,0.14514942504721645,-0.013574352487752017,0.0,0.15872377753496847,0,0,-0.0050051525878350624,1.3574352487752017e-05,0.8355178466952005,1.006332831605643,0.16974004975858795,0.0041878657343309145,-0.013326796943555111
409,11.25,-0.10714285714285712,1.0,0.24514942504721646,0.13206234053049712,0.13206234053049712,0.13206234053049712,0.14514942504721645,0.14514942504721645,0.0,0.0,0.14514942504721645,0,1,-0.01555172411220176,0.0,0.8225241036525759,1.006332831605643,0.1826520234461527,0.012911973687564748,-0.04130122284565785
410,10.86,-0.03466666666666672,1.0,0.24514942504721646,0.1,0.1,0.1,0.14514942504721645,0.1,-0.045149425047216446,0.0,0.14514942504721645,0,0,-0.003466666666666672,4.514942504721645e-05,0.8196355502695463,1.006332831605643,0.18552239922274424,0.0028703757765915494,-0.009221142357420598
411,10.51,-0.03222836095764269,1.0,0.2,0.1,0.1,0.1,0.1,0.1,0.0,0.0,0.1,0,0,-0.0032228360957642695,0.0,0.8169939992327659,1.006332831605643,0.18814732703372067,0.002624927810976424,-0.008418691717717119
412,10.46,-0.004757373929590764,0.12963023781776428,0.11296302378177643,0.1,0.1,0.1,0.1,0.1,0.0,0.0,0.1,0,0,-0.00047573739295907647,0.0,0.8166053246375078,1.006332831605643,0.18853355570782446,0.000386228674103789,-0.0011941947411666545
413,10.52,0.005736137667303892,-1.0,0.0,0.1,0.0,0.0,0.1,0.0,-0.1,0.0,0.1,0,0,0.0,0.0001,0.8165236641050441,1.006332831605643,0.18861470235225364,8.114664442918085e-05,-0.0003122932888583617
414,9.47,-0.09980988593155884,1.0,0.1,0.1,0.1,0.1,0.0,0.1,0.1,0.0,0.0,0,0,-0.009980988593155885,0.0001,0.8082922983611592,1.006332831605643,0.19679426828249502,0.008179565930241384,-0.02643612045363865
415,9.97,0.05279831045406547,1.0,0.2,0.1,0.1,0.1,0.1,0.1,0.0,0.1,0.0,0,0,0.005279831045406547,0.0,0.8125599451318095,1.006332831605643,0.19255347772432443,0.0,0.005333831045406547
416,10.5,0.05315947843530585,-1.0,0.0,0.1,0.0,0.0,0.1,0.0,-0.1,0.0,0.1,0,0,0.0,0.0001,0.8124786891372964,1.006332831605643,0.19263422237655195,8.07446522275157e-05,-0.0003114893044550314
417,10.24,-0.024761904761904742,1.0,0.1,0.1,0.1,0.1,0.0,0.1,0.1,0.0,0.0,0,0,-0.0024761904761904743,0.0001,0.8103855892762332,1.006332831605643,0.19471415040366757,0.002079928027115624,-0.0067320465304217215
418,10.02,-0.021484375000000062,1.0,0.2,0.1,0.1,0.1,0.1,0.1,0.0,0.1,0.0,0,0,-0.0021484375000000062,0.0,0.8086445264867724,1.006332831605643,0.19644425672115978,0.0017301063174922082,-0.0055546501349844225
419,9.77,-0.0249500998003992,1.0,0.2,0.1,0.1,0.1,0.1,0.1,0.0,0.0,0.1,0,0,-0.00249500998003992,0.0,0.8066269503228832,1.006332831605643,0.19844913632015893,0.002004879598999143,-0.006450769178038206
420,10.16,0.03991811668372575,1.0,0.2,0.1,0.1,0.1,0.1,0.1,0.0,0.0,0.1,0,0,0.003991811668372576,0.0,0.8098468531952059,1.006332831605643,0.19524949622972765,0.0,0.004045811668372576
421,10.36,0.01968503937007867,1.0,0.2,0.1,0.1,0.1,0.1,0.1,0.0,0.0,0.1,0,0,0.001968503937007867,0.0,0.8114410399140941,1.006332831605643,0.19366534169474675,0.0,0.0020225039370078673
422,10.93,0.05501930501930505,1.0,0.2,0.1,0.1,0.1,0.1,0.1,0.0,0.0,0.1,0,0,0.005501930501930505,0.0,0.8159055321221157,1.006332831605643,0.18922894444345337,0.0,0.0055559305019305056
423,10.91,-0.0018298261665141422,1.0,0.2,0.1,0.1,0.1,0.1,0.1,0.0,0.0,0.1,0,0,-0.00018298261665141422,0.0,0.8157562355929077,1.006332831605643,0.1893773014527043,0.0001483570092509212,-0.00042569663515325663
424,11.1,0.017415215398716728,1.0,0.2,0.1,0.1,0.1,0.1,0.1,0.0,0.0,0.1,0,0,0.0017415215398716728,0.0,0.8171768926484774,1.006332831605643,0.18796558456247525,0.0,0.0017955215398716728
425,11.09,-0.0009009009009008817,1.0,0.2,0.1,0.1,0.1,0.1,0.1,0.0,0.0,0.1,0,0,-9.009009009008818e-05,0.0,0.8171032731085991,1.006332831605643,0.1880387408161183,7.31562536430419e-05,-0.000182402597376172
426,10.9,-0.017132551848512128,1.0,0.2,0.1,0.1,0.1,0.1,0.1,0.0,0.0,0.1,0,0,-0.0017132551848512128,0.0,0.8157033666893869,1.006332831605643,0.18942983765331337,0.0013910968371950716,-0.004441448859241356
427,10.57,-0.03027522935779817,1.0,0.2,0.1,0.1,0.1,0.1,0.1,0.0,0.0,0.1,0,0,-0.0030275229357798173,0.0,0.813233806037942,1.006332831605643,0.19188385741087668,0.0024540197575633194,-0.007881562450906458
428,10.1,-0.04446546830652797,1.0,0.2,0.1,0.1,0.1,0.1,0.1,0.0,0.0,0.1,0,0,-0.004446546830652797,0.0,0.8096177238351243,1.006332831605643,0.19547718368350572,0.0035933262726290383,-0.011579199375910875
429,10.76,0.06534653465346536,1.0,0.2,0.1,0.1,0.1,0.1,0.1,0.0,0.0,0.1,0,0,0.006534653465346537,0.0,0.8149082950997895,1.006332831605643,0.1902199058739128,0.0,0.006588653465346537
430,10.82,0.005576208178438708,1.0,0.2,0.1,0.1,0.1,0.1,0.1,0.0,0.0,0.1,0,0,0.0005576208178438709,0.0,0.8153627049297708,1.006332831605643,0.18976835563555247,0.0,0.0006116208178438709
431,11.0,0.016635859519408477,1.0,0.2,0.1,0.1,0.1,0.1,0.1,0.0,0.0,0.1,0,0,0.0016635859519408477,0.0,0.8167191308714286,1.006332831605643,0.18842046565416976,0.0,0.0017175859519408478
432,10.94,-0.0054545454545455,1.0,0.2,0.1,0.1,0.1,0.1,0.1,0.0,0.0,0.1,0,0,-0.00054545454545455,0.0,0.816273647709135,1.006332831605643,0.1888631454001766,0.000442679746006841,-0.001376814037468232
433,11.42,0.04387568555758688,1.0,0.2,0.1,0.1,0.1,0.1,0.1,0.0,0.0,0.1,0,0,0.004387568555758688,0.0,0.819855104298718,1.006332831605643,0.1853042268425175,0.0,0.004441568555758688
434,11.11,-0.027145359019264494,1.0,0.2,0.1,0.1,0.1,0.1,0.1,0.0,0.0,0.1,0,0,-0.0027145359019264494,0.0,0.8176295781837214,1.006332831605643,0.18751574776790128,0.002211520925383792,-0.007083577752694033
435,11.01,-0.00900090009000897,1.0,0.2,0.1,0.1,0.1,0.1,0.1,0.0,0.0,0.1,0,0,-0.000900090009000897,0.0,0.8168936379693346,1.006332831605643,0.188247056725806,0.0007313089579047138,-0.0023087079248103244
436,10.91,-0.00908265213442322,1.0,0.2,0.1,0.1,0.1,0.1,0.1,0.0,0.0,0.1,0,0,-0.000908265213442322,0.0,0.8161516818948846,1.006332831605643,0.1889843436860914,0.0007372869602854104,-0.0023288391340131427
437,10.9,-0.0009165902841429685,1.0,0.2,0.1,0.1,0.1,0.1,0.1,0.0,0.0,0.1,0,0,-9.165902841429686e-05,0.0,0.8160768742246834,1.006332831605643,0.18905868059317793,7.433690708652518e-05,-0.00018633284258734724
438,10.9,0.0,1.0,0.2,0.1,0.1,0.1,0.1,0.1,0.0,0.0,0.1,0,0,0.0,0.0,0.8160768742246834,1.006332831605643,0.18905868059317793,0.0,5.399999999999999e-05
439,11.16,0.023853211009174292,1.0,0.2,0.1,0.1,0.1,0.1,0.1,0.0,0.0,0.1,0,0,0.0023853211009174295,0.0,0.8180234796127424,1.006332831605643,0.18712432515239097,0.0,0.0024393211009174297
440,11.19,0.0026881720430106952,1.0,0.2,0.1,0.1,0.1,0.1,0.1,0.0,0.0,0.1,0,0,0.0002688172043010695,0.0,0.8182433783975844,1.006332831605643,0.18690581018603417,0.0,0.00032281720430106953
441,11.64,0.04021447721179634,1.0,0.2,0.1,0.1,0.1,0.1,0.1,0.0,0.0,0.1,0,0,0.004021447721179634,0.0,0.8215339013670118,1.006332831605643,0.18363599440930234,0.0,0.0040754477211796345
442,11.71,0.006013745704467378,1.0,0.2,0.1,0.1,0.1,0.1,0.1,0.0,0.0,0.1,0,0,0.0006013745704467378,0.0,0.8220279509640538,1.006332831605643,0.18314505385611204,0.0,0.0006553745704467377
443,11.33,-0.0324508966695133,1.0,0.2,0.1,0.1,0.1,0.1,0.1,0.0,0.0,0.1,0,0,-0.00324508966695133,0.0,0.8193603965544352,1.006332831605643,0.18579582140124168,0.002650767545129634,-0.0084926247572106
444,11.39,0.005295675198587864,1.0,0.2,0.1,0.1,0.1,0.1,0.1,0.0,0.0,0.1,0,0,0.0005295675198587864,0.0,0.8197943032075091,1.006332831605643,0.18536464531372235,0.0,0.0005835675198587864
445,11.47,0.007023705004389822,1.0,0.2,0.1,0.1,0.1,0.1,0.1,0.0,0.0,0.1,0,0,0.0007023705004389823,0.0,0.82037010254251,1.006332831605643,0.18479246947197608,0.0,0.0007563705004389822
446,11.18,-0.025283347863993104,1.0,0.2,0.1,0.1,0.1,0.1,0.1,0.0,0.0,0.1,0,0,-0.0025283347863993104,0.0,0.8182959322745298,1.006332831605643,0.18685358702954477,0.002061117557568687,-0.006596569901536684
447,11.13,-0.004472271914132284,1.0,0.2,0.1,0.1,0.1,0.1,0.1,0.0,0.0,0.1,0,0,-0.0004472271914132284,0.0,0.8179299680829938,1.006332831605643,0.18721724821602528,0.0003636611864805128,-0.001120549564374254
448,10.64,-0.04402515723270442,1.0,0.2,0.1,0.1,0.1,0.1,0.1,0.0,0.0,0.1,0,0,-0.004402515723270442,0.0,0.8143290185379743,1.006332831605643,0.1907955370603572,0.0035782888443319227,-0.01150509341193429
449,10.74,0.00939849624060147,1.0,0.2,0.1,0.1,0.1,0.1,0.1,0.0,0.0,0.1,0,0,0.0009398496240601471,0.0,0.8150943653599086,1.006332831605643,0.19003500655007546,0.0,0.000993849624060147
450,10.44,-0.027932960893854813,1.0,0.2,0.1,0.1,0.1,0.1,0.1,0.0,0.0,0.1,0,0,-0.0027932960893854815,0.0,0.8128175654566686,1.006332831605643,0.19229747859881835,0.002262472048742886,-0.007264240186871254
451,10.73,0.027777777777777866,1.0,0.2,0.1,0.1,0.1,0.1,0.1,0.0,0.0,0.1,0,0,0.002777777777777787,0.0,0.8150753920273816,1.006332831605643,0.1900538604838151,0.0,0.0028317777777777872
452,10.8,0.006523765144454826,1.0,0.2,0.1,0.1,0.1,0.1,0.1,0.0,0.0,0.1,0,0,0.0006523765144454826,0.0,0.8156071280706426,1.006332831605643,0.18952547064442898,0.0,0.0007063765144454825
453,10.55,-0.023148148148148147,1.0,0.2,0.1,0.1,0.1,0.1,0.1,0.0,0.0,0.1,0,0,-0.0023148148148148147,0.0,0.8137191486075162,1.006332831605643,0.1914015690920113,0.001876098447582325,-0.0060130117099794645
454,10.21,-0.032227488151658754,1.0,0.2,0.1,0.1,0.1,0.1,0.1,0.0,0.0,0.1,0,0,-0.0032227488151658754,0.0,0.8110967361854635,1.006332831605643,0.194007478727165,0.002605909635153697,-0.00838056808547327
455,10.07,-0.013712047012732669,1.0,0.2,0.1,0.1,0.1,0.1,0.1,0.0,0.0,0.1,0,0,-0.0013712047012732669,0.0,0.8099845565276186,1.006332831605643,0.19511265946152542,0.001105180734360417,-0.0035275661699941006
456,10.45,0.037735849056603675,1.0,0.2,0.1,0.1,0.1,0.1,0.1,0.0,0.0,0.1,0,0,0.003773584905660368,0.0,0.8130411020239492,1.006332831605643,0.19207534874251234,0.0,0.003827584905660368
457,10.43,-0.0019138755980860837,1.0,0.2,0.1,0.1,0.1,0.1,0.1,0.0,0.0,0.1,0,0,-0.00019138755980860838,0.0,0.8128854960714087,1.006332831605643,0.19222997547002577,0.00015462672751342943,-0.0004466410148354673
458,10.41,-0.0019175455417065747,1.0,0.2,0.1,0.1,0.1,0.1,0.1,0.0,0.0,0.1,0,0,-0.00019175455417065748,0.0,0.8127296215755178,1.006332831605643,0.1923848690509519,0.00015489358092612981,-0.00044754171602291704
459,10.36,-0.004803073967339165,1.0,0.2,0.1,0.1,0.1,0.1,0.1,0.0,0.0,0.1,0,0,-0.0004803073967339165,0.0,0.8123392615267303,1.006332831605643,0.19277277257206094,0.0003879035211090398,-0.001202114438951996
460,10.83,0.04536679536679543,1.0,0.2,0.1,0.1,0.1,0.1,0.1,0.0,0.0,0.1,0,0,0.004536679536679543,0.0,0.81602458443134,1.006332831605643,0.18911064132793806,0.0,0.004590679536679543
461,11.11,0.025854108956601972,1.0,0.2,0.1,0.1,0.1,0.1,0.1,0.0,0.0,0.1,0,0,0.0025854108956601973,0.0,0.8181343432830553,1.006332831605643,0.1870141591448524,0.0,0.0026394108956601975
462,11.17,0.005400540054005446,1.0,0.2,0.1,0.1,0.1,0.1,0.1,0.0,0.0,0.1,0,0,0.0005400540054005446,0.0,0.8185761800121011,1.006332831605643,0.18657510288516466,0.0,0.0005940540054005446
463,11.11,-0.005371530886302641,1.0,0.2,0.1,0.1,0.1,0.1,0.1,0.0,0.0,0.1,0,0,-0.0005371530886302641,0.0,0.8181364792887285,1.006332831605643,0.18701203658101861,0.00043693369585395825,-0.0013570204803381805
464,11.03,-0.007200720072007207,1.0,0.2,0.1,0.1,0.1,0.1,0.1,0.0,0.0,0.1,0,0,-0.0007200720072007208,0.0,0.8175473621119229,1.006332831605643,0.18759744645566773,0.0005854098746491121,-0.001836891756498945
465,11.21,0.016319129646418993,1.0,0.2,0.1,0.1,0.1,0.1,0.1,0.0,0.0,0.1,0,0,0.0016319129646418995,0.0,0.8188815282513621,1.006332831605643,0.18627167619603063,0.0,0.0016859129646418995
466,11.5,0.025869759143621687,1.0,0.2,0.1,0.1,0.1,0.1,0.1,0.0,0.0,0.1,0,0,0.002586975914362169,0.0,0.8209999550416645,1.006332831605643,0.18416658062151542,0.0,0.002640975914362169
467,11.23,-0.02347826086956518,1.0,0.2,0.1,0.1,0.1,0.1,0.1,0.0,0.0,0.1,0,0,-0.0023478260869565183,0.0,0.8190723899298276,1.006332831605643,0.18608201560614313,0.0019154349846277063,-0.006124696056211931
468,10.97,-0.02315227070347282,1.0,0.2,0.1,0.1,0.1,0.1,0.1,0.0,0.0,0.1,0,0,-0.0023152270703472822,0.0,0.817176051360088,1.006332831605643,0.18796642055665427,0.0018844049505111482,-0.006030036971369578
469,10.76,-0.01914311759343672,1.0,0.2,0.1,0.1,0.1,0.1,0.1,0.0,0.0,0.1,0,0,-0.0019143117593436723,0.0,0.8156117216355153,1.006332831605643,0.18952090598676463,0.0015544854301103583,-0.004969282619564389
470,10.62,-0.01301115241635693,1.0,0.2,0.1,0.1,0.1,0.1,0.1,0.0,0.0,0.1,0,0,-0.001301115241635693,0.0,0.8145505167932386,1.006332831605643,0.1905754326890123,0.0010545267022476768,-0.0033561686461310463
471,10.98,0.03389830508474588,1.0,0.2,0.1,0.1,0.1,0.1,0.1,0.0,0.0,0.1,0,0,0.0033898305084745883,0.0,0.817311704985758,1.006332831605643,0.18783162059643277,0.0,0.0034438305084745885
472,11.2,0.02003642987249534,1.0,0.2,0.1,0.1,0.1,0.1,0.1,0.0,0.0,0.1,0,0,0.002003642987249534,0.0,0.8189493058518498,1.006332831605643,0.1862043251185749,0.0,0.0020576429872495344
473,11.35,0.013392857142857175,1.0,0.2,0.1,0.1,0.1,0.1,0.1,0.0,0.0,0.1,0,0,0.0013392857142857176,0.0,0.8200461129579014,1.006332831605643,0.18511442019685864,0.0,0.0013932857142857176
474,11.3,-0.004405286343612241,1.0,0.2,0.1,0.1,0.1,0.1,0.1,0.0,0.0,0.1,0,0,-0.00044052863436122407,0.0,0.8196848591636469,1.006332831605643,0.18547340062848997,0.00035898043163132276,-0.0011044894976238696
475,11.35,0.004424778761061852,1.0,0.2,0.1,0.1,0.1,0.1,0.1,0.0,0.0,0.1,0,0,0.00044247787610618525,0.0,0.8200475515792061,1.006332831605643,0.185112990628768,0.0,0.0004964778761061853
476,11.06,-0.025550660792951468,1.0,0.2,0.1,0.1,0.1,0.1,0.1,0.0,0.0,0.1,0,0,-0.0025550660792951468,0.0,0.817952275896757,1.006332831605643,0.18719508078487068,0.002082090156102695,-0.0066652463915005365
477,12.47,0.1274864376130199,1.0,0.2,0.1,0.1,0.1,0.1,0.1,0.0,0.0,0.1,1,0,0.01274864376130199,0.0,0.828380058075911,1.006332831605643,0.17683292042236315,0.0,0.01280264376130199
478,12.17,-0.024057738572574233,1.0,0.2,0.1098971426516982,0.1098971426516982,0.1098971426516982,0.1,0.1098971426516982,0.009897142651698193,0.0,0.1,0,0,-0.0026438767277874526,9.897142651698193e-06,0.8261817247229963,1.006332831605643,0.17901741970915191,0.002184499286788766,-0.006969029158929317
479,12.3,0.010682004930156187,1.0,0.2098971426516982,0.10307054817985206,0.10307054817985206,0.10307054817985206,0.1098971426516982,0.10307054817985206,-0.006826594471846137,0.009897142651698193,0.1,0,0,0.0011010001038110806,6.826594471846137e-06,0.8270857108800883,1.006332831605643,0.17811912231816882,0.0,0.0011462284182699653
480,12.57,0.021951219512195086,1.0,0.20307054817985207,0.10587774068422295,0.10587774068422295,0.10587774068422295,0.10307054817985206,0.10587774068422295,0.0028071925043708923,0.0,0.10307054817985206,0,0,0.002324145527214646,2.8071925043708923e-06,0.8290056566468453,1.006332831605643,0.17621125873024068,0.0,0.002376735325285186
481,12.76,0.015115354017501949,1.0,0.20587774068422296,0.11183983497619307,0.11183983497619307,0.11183983497619307,0.10587774068422295,0.11183983497619307,0.005962094291970116,0.0028071925043708923,0.10307054817985206,0,0,0.0016904986989241548,5.962094291970116e-06,0.830402147020914,1.006332831605643,0.17482355644108802,0.0,0.0017411545692594143
482,13.06,0.023510971786833913,1.0,0.21183983497619308,0.11617639884644965,0.11617639884644965,0.11617639884644965,0.11183983497619307,0.11617639884644965,0.004336563870256577,0.005962094291970116,0.10587774068422295,0,0,0.0027314200355748417,4.336563870256577e-06,0.8326667229909227,1.006332831605643,0.17257323140061853,0.0,0.002786522855687969
483,13.64,0.044410413476263406,1.0,0.21617639884644965,0.1232086293427683,0.1232086293427683,0.1232086293427683,0.11617639884644965,0.1232086293427683,0.007032230496318653,0.004336563870256577,0.11183983497619307,0,0,0.005471746172956021,7.032230496318654e-06,0.8372170084414734,1.006332831605643,0.16805158080188914,0.0,0.005526014785010489
484,13.53,-0.008064516129032346,1.0,0.2232086293427683,0.1373387951430439,0.1373387951430439,0.1373387951430439,0.1232086293427683,0.1373387951430439,0.014130165800275596,0.007032230496318653,0.11617639884644965,0,0,-0.0011075709285729468,1.4130165800275597e-05,0.8362779012068767,1.006332831605643,0.16898477825416575,0.0009331974522766018,-0.002924074971531543
485,13.55,0.0014781966001479194,1.0,0.2373387951430439,0.1344225447651869,0.1344225447651869,0.1344225447651869,0.1373387951430439,0.1344225447651869,-0.002916250377857005,0.014130165800275596,0.1232086293427683,0,0,0.00019870294865513075,2.916250377857005e-06,0.8364416332959963,1.006332831605643,0.16882207652768194,0.0,0.00026414044762276817
486,13.87,0.023616236162361512,1.0,0.2344225447651869,0.13493100032479186,0.13493100032479186,0.13493100032479186,0.1344225447651869,0.13493100032479186,0.0005084555596049645,0.0,0.1344225447651869,0,0,0.003186562369293962,5.084555596049645e-07,0.8391065814353693,1.006332831605643,0.16617389885159342,0.0,0.0032558344612402404
487,13.18,-0.04974765681326601,1.0,0.23493100032479186,0.14320654645820666,0.14320654645820666,0.14320654645820666,0.13493100032479186,0.14320654645820666,0.008275546133414802,0.0005084555596049645,0.1344225447651869,0,0,-0.0071241901266159,8.275546133414802e-06,0.8331216825475035,1.006332831605643,0.17212113489507683,0.005947236043483406,-0.018957456473877
488,13.65,0.03566009104704102,1.0,0.24320654645820666,0.1246214456884423,0.1246214456884423,0.1246214456884423,0.14320654645820666,0.1246214456884423,-0.018585100769764357,0.008275546133414802,0.13493100032479186,0,0,0.00444401209966373,1.8585100769764358e-05,0.8368086017348133,1.006332831605643,0.16845741741362769,0.0,0.0044815890130868626
489,13.74,0.006593406593406583,1.0,0.2246214456884423,0.13607056662707712,0.13607056662707712,0.13607056662707712,0.1246214456884423,0.13607056662707712,0.011449120938634816,0.0,0.1246214456884423,0,0,0.00089716857116754,1.1449120938634815e-05,0.8375497793894887,1.006332831605643,0.16772090397453734,0.0,0.0009505281102745057
490,13.35,-0.028384279475982575,1.0,0.23607056662707712,0.13837219067182432,0.13837219067182432,0.13837219067182432,0.13607056662707712,0.13837219067182432,0.002301624044747208,0.011449120938634816,0.1246214456884423,0,0,-0.003927594931733011,2.301624044747208e-06,0.8342582953961735,1.006332831605643,0.1709916747274537,0.0032707707529163466,-0.01040105367712052
491,12.02,-0.09962546816479402,1.0,0.23837219067182433,0.12815101854780467,0.12815101854780467,0.12815101854780467,0.13837219067182432,0.12815101854780467,-0.010221172124019656,0.002301624044747208,0.13607056662707712,0,0,-0.012767105218620243,1.0221172124019657e-05,0.8235987048617106,1.006332831605643,0.18158418468010531,0.010592509952651624,-0.03390041988111374
492,11.94,-0.0066555740432612375,1.0,0.22815101854780467,0.1,0.1,0.1,0.12815101854780467,0.1,-0.028151018547804663,0.0,0.12815101854780467,0,0,-0.0006655574043261238,2.8151018547804662e-05,0.8230273675030799,1.006332831605643,0.18215192662460603,0.0005677419445007104,-0.0017892678211492514
493,12.44,0.04187604690117253,1.0,0.2,0.1,0.1,0.1,0.1,0.1,0.0,0.0,0.1,0,0,0.004187604690117253,0.0,0.8264738807673306,1.006332831605643,0.1787271021967359,0.0,0.004241604690117254
494,12.58,0.011254019292604547,1.0,0.2,0.10397779606590238,0.10397779606590238,0.10397779606590238,0.1,0.10397779606590238,0.0039777960659023726,0.0,0.1,0,0,0.0011701681229281666,3.977796065902373e-06,0.8274377066124858,1.006332831605643,0.17776934168760358,0.0,0.0012201012772240212
495,12.51,-0.005564387917329116,1.0,0.20397779606590238,0.10697078742390675,0.10697078742390675,0.10697078742390675,0.10397779606590238,0.10697078742390675,0.0029929913580043765,0.0039777960659023726,0.1,0,0,-0.0005952269570487681,2.992991358004377e-06,0.8269427168703264,1.006332831605643,0.17826121646959758,0.0004918747819940006,-0.001526149185236686
496,12.13,-0.030375699440447563,1.0,0.20697078742390676,0.10543368608065184,0.10543368608065184,0.10543368608065184,0.10697078742390675,0.10543368608065184,-0.0015371013432549097,0.0029929913580043765,0.10397779606590238,0,0,-0.0032026219592843803,1.5371013432549097e-06,0.8242930608714464,1.006332831605643,0.18089419823831557,0.0026329817687179846,-0.008414300694383174
497,11.31,-0.06760098928277002,1.0,0.20543368608065185,0.1,0.1,0.1,0.10543368608065184,0.1,-0.0054336860806518394,0.0,0.10543368608065184,0,0,-0.006760098928277002,5.43368608065184e-06,0.8187162792843319,1.006332831605643,0.18643588525474386,0.005541687016428293,-0.01779762349025456
498,11.16,-0.013262599469496051,1.0,0.2,0.1,0.1,0.1,0.1,0.1,0.0,0.0,0.1,0,0,-0.0013262599469496053,0.0,0.8176304486752015,1.006332831605643,0.18751488275440595,0.0010789974996620877,-0.0034302549462737805
499,11.36,0.017921146953404955,1.0,0.2,0.1,0.1,0.1,0.1,0.1,0.0,0.0,0.1,0,0,0.0017921146953404955,0.0,0.8190957362176302,1.006332831605643,0.18605881623604467,0.0,0.0018461146953404955
500,11.66,0.026408450704225418,1.0,0.2,0.1,0.1,0.1,0.1,0.1,0.0,0.0,0.1,0,0,0.002640845070422542,0.0,0.8212588411548246,1.006332831605643,0.18390932367328777,0.0,0.0026948450704225423
501,11.44,-0.01886792452830194,1.0,0.2,0.1,0.1,0.1,0.1,0.1,0.0,0.0,0.1,0,0,-0.0018867924528301943,0.0,0.8197092961715137,1.006332831605643,0.18544911740220607,0.0015397937289182984,-0.004912379910666791
502,11.74,0.026223776223776286,1.0,0.2,0.1,0.1,0.1,0.1,0.1,0.0,0.0,0.1,0,0,0.002622377622377629,0.0,0.8218588834866488,1.006332831605643,0.1833130573953936,0.0,0.0026763776223776292
503,12.04,0.02555366269165238,1.0,0.2,0.1,0.1,0.1,0.1,0.1,0.0,0.0,0.1,0,0,0.002555366269165238,0.0,0.8239590339555245,1.006332831605643,0.181226123129794,0.0,0.0026093662691652384
504,11.83,-0.017441860465116202,1.0,0.2,0.1,0.1,0.1,0.1,0.1,0.0,0.0,0.1,0,0,-0.0017441860465116203,0.0,0.8225218961056021,1.006332831605643,0.1826542171010792,0.0014280939712852103,-0.0045463739890820405
505,11.76,-0.005917159763313634,1.0,0.2,0.1,0.1,0.1,0.1,0.1,0.0,0.0,0.1,0,0,-0.0005917159763313634,0.0,0.8220351967587941,1.006332831605643,0.18313785365900753,0.00048363655792832416,-0.0015049890921880118
506,11.65,-0.00935374149659859,1.0,0.2,0.1,0.1,0.1,0.1,0.1,0.0,0.0,0.1,0,0,-0.0009353741496598592,0.0,0.8212662862856354,1.006332831605643,0.18390192539453057,0.0007640717355230364,-0.002409517620705932
507,11.45,-0.017167381974249017,1.0,0.2,0.1,0.1,0.1,0.1,0.1,0.0,0.0,0.1,0,0,-0.0017167381974249017,0.0,0.8198563870817115,1.006332831605643,0.18530295213205072,0.0014010267375201557,-0.004464791672465213
508,11.56,0.009606986899563425,1.0,0.2,0.1,0.1,0.1,0.1,0.1,0.0,0.0,0.1,0,0,0.0009606986899563426,0.0,0.8206440220387333,1.006332831605643,0.1845202737454526,0.0,0.0010146986899563426
509,11.31,-0.02162629757785467,1.0,0.2,0.1,0.1,0.1,0.1,0.1,0.0,0.0,0.1,0,0,-0.002162629757785467,0.0,0.8188692728561237,1.006332831605643,0.18628385446832138,0.0017635807228687794,-0.005635791203523026
510,12.29,0.08664898320070721,1.0,0.2,0.1,0.1,0.1,0.1,0.1,0.0,0.0,0.1,0,0,0.008664898320070722,0.0,0.8259646918428523,1.006332831605643,0.17923308680588945,0.0,0.008718898320070721
511,12.32,0.002441008950366244,1.0,0.2,0.10239659659874001,0.10239659659874001,0.10239659659874001,0.1,0.10239659659874001,0.002396596598740003,0.0,0.1,0,0,0.00024995100878456606,2.396596598740003e-06,0.8261691630466277,1.006332831605643,0.1790299023351521,0.0,0.00030150303404869697
512,12.18,-0.011363636363636409,1.0,0.20239659659874001,0.1030315723301049,0.1030315723301049,0.1030315723301049,0.10239659659874001,0.1030315723301049,0.0006349757313648952,0.002396596598740003,0.1,0,0,-0.001170813321933015,6.349757313648951e-07,0.8252013485869939,1.006332831605643,0.17999162635849494,0.0009617240233428526,-0.0030397641917557926
513,12.43,0.020525451559934318,1.0,0.2030315723301049,0.10002614781572958,0.10002614781572958,0.10002614781572958,0.1030315723301049,0.10002614781572958,-0.0030054245143753267,0.0006349757313648952,0.10239659659874001,0,0,0.002053081851718587,3.005424514375327e-06,0.8268930744194293,1.006332831605643,0.17831054652158237,0.0,0.0021025862654883492
514,12.33,-0.008045052292839874,1.0,0.20002614781572958,0.1052795521945549,0.1052795521945549,0.1052795521945549,0.10002614781572958,0.1052795521945549,0.0052534043788253215,0.0,0.10002614781572958,0,0,-0.0008469795027719591,5.253404378825322e-06,0.826188368930714,1.006332831605643,0.17901081731329538,0.0007002707917130035,-0.0021988837319156427
515,12.0,-0.026763990267639908,1.0,0.2052795521945549,0.10309117697487954,0.10309117697487954,0.10309117697487954,0.1052795521945549,0.10309117697487954,-0.0021883752196753536,0.0052534043788253215,0.10002614781572958,0,0,-0.0027591312572352194,2.188375219675354e-06,0.8239069987674796,1.006332831605643,0.1812778308614814,0.0022670135481860088,-0.007240962884713862
516,11.98,-0.0016666666666666312,1.0,0.20309117697487955,0.1,0.1,0.1,0.10309117697487954,0.1,-0.0030911769748795392,0.0,0.10309117697487954,0,0,-0.00016666666666666314,3.0911769748795394e-06,0.8237671340920077,1.006332831605643,0.18141681537145582,0.00013898450997443246,-0.00039527245207784733
517,11.95,-0.0025041736227046025,1.0,0.2,0.1,0.1,0.1,0.1,0.1,0.0,0.0,0.1,0,0,-0.0002504173622704603,0.0,0.8235608484991633,1.006332831605643,0.18162180281334944,0.0002049874418936226,-0.0006063922460577057
518,12.14,0.015899581589958266,1.0,0.2,0.1,0.1,0.1,0.1,0.1,0.0,0.0,0.1,0,0,0.0015899581589958267,0.0,0.8248702757896641,1.006332831605643,0.18032061572158825,0.0,0.0016439581589958268
519,12.24,0.008237232289950547,1.0,0.2,0.1,0.1,0.1,0.1,0.1,0.0,0.0,0.1,0,0,0.0008237232289950547,0.0,0.8255497405967397,1.006332831605643,0.17964542677242964,0.0,0.0008777232289950548
520,11.69,-0.04493464052287587,1.0,0.2,0.10110801868451813,0.10110801868451813,0.10110801868451813,0.1,0.10110801868451813,0.001108018684518125,0.0,0.1,0,0,-0.004543252473569039,1.108018684518125e-06,0.8217981449711818,1.006332831605643,0.1833734136846445,0.003727986912214848,-0.011946357213680188
521,11.8,0.009409751924722088,1.0,0.20110801868451814,0.1,0.1,0.1,0.10110801868451813,0.1,-0.001108018684518125,0.001108018684518125,0.1,0,0,0.0009409751924722089,1.108018684518125e-06,0.8225705260711198,1.006332831605643,0.1826058931629244,0.0,0.0009933131644454317
522,11.9,0.00847457627118641,1.0,0.2,0.1,0.1,0.1,0.1,0.1,0.0,0.0,0.1,0,0,0.000847457627118641,0.0,0.8232676197372818,1.006332831605643,0.18191318629272343,0.0,0.000901457627118641
523,11.89,-0.0008403361344537636,1.0,0.2,0.1,0.1,0.1,0.1,0.1,0.0,0.0,0.1,0,0,-8.403361344537636e-05,0.0,0.8231984375843627,1.006332831605643,0.18198193308379124,6.874679106780301e-05,-0.00016752719558098242
524,11.88,-0.0008410428931875346,1.0,0.2,0.1,0.1,0.1,0.1,0.1,0.0,0.0,0.1,0,0,-8.410428931875346e-05,0.0,0.8231292030648014,1.006332831605643,0.1820507319119591,6.879882816787641e-05,-0.0001677019456545063
525,11.92,0.003367003367003295,1.0,0.2,0.1,0.1,0.1,0.1,0.1,0.0,0.0,0.1,0,0,0.0003367003367003295,0.0,0.8234063509446212,1.006332831605643,0.18177532811799005,0.0,0.0003907003367003295
526,11.66,-0.021812080536912734,1.0,0.2,0.1,0.1,0.1,0.1,0.1,0.0,0.0,0.1,0,0,-0.0021812080536912737,0.0,0.8216103303804803,1.006332831605643,0.18356004636202802,0.001784718244037975,-0.005696644541767224
527,11.32,-0.02915951972555745,1.0,0.2,0.1,0.1,0.1,0.1,0.1,0.0,0.0,0.1,0,0,-0.002915951972555745,0.0,0.8192145541169351,1.006332831605643,0.185940746055312,0.002380699693283972,-0.007623351359123689
528,11.09,-0.020318021201413464,1.0,0.2,0.1,0.1,0.1,0.1,0.1,0.0,0.0,0.1,0,0,-0.0020318021201413466,0.0,0.8175500722490298,1.006332831605643,0.1875947533733974,0.0016540073180854042,-0.005285816756312155
529,11.36,0.024346257889990945,1.0,0.2,0.1,0.1,0.1,0.1,0.1,0.0,0.0,0.1,0,0,0.0024346257889990945,0.0,0.8195405007387253,1.006332831605643,0.18561685060884212,0.0,0.0024886257889990947
530,11.06,-0.026408450704225258,1.0,0.2,0.1,0.1,0.1,0.1,0.1,0.0,0.0,0.1,0,0,-0.002640845070422526,0.0,0.8173762212473379,1.006332831605643,0.18776751033434688,0.0021506597255047666,-0.006888164521432059
531,10.71,-0.03164556962025313,1.0,0.2,0.1,0.1,0.1,0.1,0.1,0.0,0.0,0.1,0,0,-0.0031645569620253134,0.0,0.8147895876357957,1.006332831605643,0.19033786631430147,0.002570355979954586,-0.008251268921934486
532,10.77,0.005602240896358424,1.0,0.2,0.1,0.1,0.1,0.1,0.1,0.0,0.0,0.1,0,0,0.0005602240896358424,0.0,0.8152460523907737,1.006332831605643,0.18988427408254474,0.0,0.0006142240896358423
533,11.0,0.021355617455896047,1.0,0.2,0.1,0.1,0.1,0.1,0.1,0.0,0.0,0.1,0,0,0.0021355617455896046,0.0,0.8169870606735025,1.006332831605643,0.18815422192877485,0.0,0.002189561745589605
534,10.88,-0.010909090909090839,1.0,0.2,0.1,0.1,0.1,0.1,0.1,0.0,0.0,0.1,0,0,-0.001090909090909084,0.0,0.8160958020618587,1.006332831605643,0.18903987186848883,0.0008856499397139894,-0.002808208970337063
535,10.75,-0.011948529411764776,1.0,0.2,0.1,0.1,0.1,0.1,0.1,0.0,0.0,0.1,0,0,-0.0011948529411764776,0.0,0.8151206875924834,1.006332831605643,0.1900088499627636,0.0009689780942747639,-0.003078809129726005
536,10.71,-0.0037209302325580604,1.0,0.2,0.1,0.1,0.1,0.1,0.1,0.0,0.0,0.1,0,0,-0.00037209302325580607,0.0,0.8148173868715187,1.006332831605643,0.1903102420185914,0.00030139205582779827,-0.0009208771349114028
537,10.97,0.024276377217553668,1.0,0.2,0.1,0.1,0.1,0.1,0.1,0.0,0.0,0.1,0,0,0.002427637721755367,0.0,0.8167954682962302,1.006332831605643,0.18834460861919672,0.0,0.0024816377217553674
538,10.89,-0.007292616226071109,1.0,0.2,0.1,0.1,0.1,0.1,0.1,0.0,0.0,0.1,0,0,-0.000729261622607111,0.0,0.8161998107076823,1.006332831605643,0.18893651774691292,0.0005919091277162003,-0.0018590798780395116
539,10.71,-0.016528925619834683,1.0,0.2,0.1,0.1,0.1,0.1,0.1,0.0,0.0,0.1,0,0,-0.0016528925619834684,0.0,0.8148507201114713,1.006332831605643,0.19027711854402543,0.0013406007971125122,-0.004280094156208492
540,10.72,0.0009337068160597372,1.0,0.2,0.1,0.1,0.1,0.1,0.1,0.0,0.0,0.1,0,0,9.337068160597372e-05,0.0,0.8149268032786152,1.006332831605643,0.19020151416667194,0.0,0.0001473706816059737
541,10.38,-0.03171641791044775,1.0,0.2,0.1,0.1,0.1,0.1,0.1,0.0,0.0,0.1,0,0,-0.003171641791044775,0.0,0.8123421473726943,1.006332831605643,0.19276990488666568,0.002568390719993735,-0.008254423231032246
542,10.32,-0.005780346820809296,1.0,0.2,0.1,0.1,0.1,0.1,0.1,0.0,0.0,0.1,0,0,-0.0005780346820809297,0.0,0.8118725854377967,1.006332831605643,0.1932365118780607,0.0004666069913950299,-0.0014572486648709896
543,10.43,0.010658914728682115,1.0,0.2,0.1,0.1,0.1,0.1,0.1,0.0,0.0,0.1,0,0,0.0010658914728682116,0.0,0.8127379535036704,1.006332831605643,0.19237658955545006,0.0,0.0011198914728682116
544,10.71,0.026845637583892728,1.0,0.2,0.1,0.1,0.1,0.1,0.1,0.0,0.0,0.1,0,0,0.002684563758389273,0.0,0.8149198003587138,1.006332831605643,0.19020847301734387,0.0,0.002738563758389273
545,10.74,0.002801120448179212,1.0,0.2,0.1,0.1,0.1,0.1,0.1,0.0,0.0,0.1,0,0,0.0002801120448179212,0.0,0.8151480692103549,1.006332831605643,0.18998164065684456,0.0,0.0003341120448179212
546,11.0,0.02420856610800743,1.0,0.2,0.1,0.1,0.1,0.1,0.1,0.0,0.0,0.1,0,0,0.002420856610800743,0.0,0.8171214258024843,1.006332831605643,0.1880207023567587,0.0,0.0024748566108007434
547,11.17,0.015454545454545448,1.0,0.2,0.1,0.1,0.1,0.1,0.1,0.0,0.0,0.1,0,0,0.001545454545454545,0.0,0.818384249824179,1.006332831605643,0.18676582526040095,0.0,0.001599454545454545
548,11.08,-0.008057296329453881,1.0,0.2,0.1,0.1,0.1,0.1,0.1,0.0,0.0,0.1,0,0,-0.0008057296329453882,0.0,0.81772485338296,1.006332831605643,0.18742107213351245,0.000655246873111498,-0.002062223379168384
549,10.88,-0.018050541516245425,1.0,0.2,0.1,0.1,0.1,0.1,0.1,0.0,0.0,0.1,0,0,-0.0018050541516245425,0.0,0.8162488157414745,1.006332831605643,0.1888878211007805,0.0014667489672680611,-0.004684552086160664
550,10.9,0.0018382352941176078,1.0,0.2,0.1,0.1,0.1,0.1,0.1,0.0,0.0,0.1,0,0,0.0001838235294117608,0.0,0.8163988614796622,1.006332831605643,0.18873871959730637,0.0,0.00023782352941176078
551,10.93,0.0027522935779815925,1.0,0.2,0.1,0.1,0.1,0.1,0.1,0.0,0.0,0.1,0,0,0.00027522935779815925,0.0,0.8166235584140143,1.006332831605643,0.1885154366760947,0.0,0.00032922935779815927
552,11.01,0.007319304666056731,1.0,0.2,0.1,0.1,0.1,0.1,0.1,0.0,0.0,0.1,0,0,0.0007319304666056731,0.0,0.8172212700761654,1.006332831605643,0.18792148640101783,0.0,0.000785930466605673
553,11.0,-0.0009082652134423058,1.0,0.2,0.1,0.1,0.1,0.1,0.1,0.0,0.0,0.1,0,0,-9.082652134423059e-05,0.0,0.8171470447110359,1.006332831605643,0.18799524466746637,7.3758266448537e-05,-0.00018434305424130462
554,10.79,-0.01909090909090917,1.0,0.2,0.1,0.1,0.1,0.1,0.1,0.0,0.0,0.1,0,0,-0.001909090909090917,0.0,0.8155870367165875,1.006332831605643,0.18954543556401038,0.0015501908965440125,-0.0049554727021789416
555,10.81,0.001853568118628485,1.0,0.2,0.1,0.1,0.1,0.1,0.1,0.0,0.0,0.1,0,0,0.0001853568118628485,0.0,0.81573821132951,1.006332831605643,0.1893952122897868,0.0,0.0002393568118628485
556,10.74,-0.0064754856614246325,1.0,0.2,0.1,0.1,0.1,0.1,0.1,0.0,0.0,0.1,0,0,-0.0006475485661424633,0.0,0.8152099812204159,1.006332831605643,0.18992011825777683,0.0005249059679900137,-0.0016433605021224905
557,10.83,0.00837988826815641,1.0,0.2,0.1,0.1,0.1,0.1,0.1,0.0,0.0,0.1,0,0,0.0008379888268156411,0.0,0.8158931180761873,1.006332831605643,0.18924128036804863,0.0,0.000891988826815641
558,11.02,0.01754385964912276,1.0,0.2,0.1,0.1,0.1,0.1,0.1,0.0,0.0,0.1,0,0,0.0017543859649122762,0.0,0.8173245095114087,1.006332831605643,0.18781889664939605,0.0,0.0018083859649122762
559,11.09,0.006352087114337594,1.0,0.2,0.1,0.1,0.1,0.1,0.1,0.0,0.0,0.1,0,0,0.0006352087114337595,0.0,0.8178436811599187,1.006332831605643,0.18730299213728582,0.0,0.0006892087114337594
560,11.11,0.001803426510369664,1.0,0.2,0.1,0.1,0.1,0.1,0.1,0.0,0.0,0.1,0,0,0.00018034265103696642,0.0,0.8179911732575129,1.006332831605643,0.18715642820439804,0.0,0.0002343426510369664
561,10.8,-0.02790279027902779,1.0,0.2,0.1,0.1,0.1,0.1,0.1,0.0,0.0,0.1,0,0,-0.002790279027902779,0.0,0.8157087496417629,1.006332831605643,0.1894244885757449,0.0022680603713468583,-0.007272399770596495
562,10.31,-0.04537037037037039,1.0,0.2,0.1,0.1,0.1,0.1,0.1,0.0,0.0,0.1,0,0,-0.004537037037037039,0.0,0.8120078488332031,1.006332831605643,0.19310209969239192,0.0036776111166470227,-0.011838259270331086
563,10.53,0.02133850630455857,1.0,0.2,0.1,0.1,0.1,0.1,0.1,0.0,0.0,0.1,0,0,0.002133850630455857,0.0,0.8137405522933708,1.006332831605643,0.19138030009910711,0.0,0.002187850630455857
564,10.62,0.008547008547008534,1.0,0.2,0.1,0.1,0.1,0.1,0.1,0.0,0.0,0.1,0,0,0.0008547008547008534,0.0,0.8144360570389207,1.006332831605643,0.19068917215047385,0.0,0.0009087008547008533
565,10.96,0.03201506591337115,1.0,0.2,0.1,0.1,0.1,0.1,0.1,0.0,0.0,0.1,0,0,0.0032015065913371154,0.0,0.8170434794437534,1.006332831605643,0.1880981582006731,0.0,0.0032555065913371156
566,11.15,0.01733576642335762,1.0,0.2,0.1,0.1,0.1,0.1,0.1,0.0,0.0,0.1,0,0,0.001733576642335762,0.0,0.81845988693549,1.006332831605643,0.1866906641318603,0.0,0.001787576642335762
567,11.55,0.03587443946188344,1.0,0.2,0.1,0.1,0.1,0.1,0.1,0.0,0.0,0.1,0,0,0.0035874439461883443,0.0,0.8213960659020746,1.006332831605643,0.1837729624785218,0.0,0.0036414439461883445
568,12.21,0.057142857142857155,1.0,0.2,0.1,0.1,0.1,0.1,0.1,0.0,0.0,0.1,0,0,0.005714285714285716,0.0,0.8260897577072294,1.006332831605643,0.179108807978399,0.0,0.005768285714285716
569,11.69,-0.0425880425880427,1.0,0.2,0.1027849581123498,0.1027849581123498,0.1027849581123498,0.1,0.1027849581123498,0.0027849581123498,0.0,0.1,0,0,-0.004377410173498938,2.7849581123498e-06,0.8224713233722463,1.006332831605643,0.18270447158127456,0.003595663602875554,-0.011517582690119654
570,11.63,-0.005132591958939155,1.0,0.2027849581123498,0.1,0.1,0.1,0.1027849581123498,0.1,-0.0027849581123498,0.0027849581123498,0.1,0,0,-0.0005132591958939155,2.7849581123498e-06,0.8220468918539822,1.006332831605643,0.18312623216081056,0.00042176057953599577,-0.001306957792134432
571,11.5,-0.011177987962166876,1.0,0.2,0.1,0.1,0.1,0.1,0.1,0.0,0.0,0.1,0,0,-0.0011177987962166876,0.0,0.8211280088278341,1.006332831605643,0.1840393326751622,0.0009131005143516446,-0.002889999824919977
572,11.43,-0.0060869565217391555,1.0,0.2,0.1,0.1,0.1,0.1,0.1,0.0,0.0,0.1,0,0,-0.0006086956521739156,0.0,0.8206281917789824,1.006332831605643,0.18453600438570775,0.0004966717105455432,-0.0015480390732650019
573,11.29,-0.012248468941382377,1.0,0.2,0.1,0.1,0.1,0.1,0.1,0.0,0.0,0.1,0,0,-0.0012248468941382378,0.0,0.8196230478870395,1.006332831605643,0.18553482292801754,0.0009988185423097928,-0.003168483978757823
574,11.55,0.023029229406554615,1.0,0.2,0.1,0.1,0.1,0.1,0.1,0.0,0.0,0.1,0,0,0.0023029229406554617,0.0,0.8215105766067086,1.006332831605643,0.18365917238737345,0.0,0.002356922940655462
575,11.49,-0.005194805194805237,1.0,0.2,0.1,0.1,0.1,0.1,0.1,0.0,0.0,0.1,0,0,-0.0005194805194805237,0.0,0.8210838178656142,1.006332831605643,0.18408324554457475,0.00042407315720130456,-0.001313626833883133
576,11.4,-0.007832898172323747,1.0,0.2,0.1,0.1,0.1,0.1,0.1,0.0,0.0,0.1,0,0,-0.0007832898172323747,0.0,0.8204406712719858,1.006332831605643,0.18472234483004896,0.0006390992854742039,-0.002007488388180782
577,11.32,-0.007017543859649129,1.0,0.2,0.1,0.1,0.1,0.1,0.1,0.0,0.0,0.1,0,0,-0.000701754385964913,0.0,0.8198649234324967,1.006332831605643,0.18529446950034364,0.000572124670294688,-0.001792003726554289
578,11.32,0.0,1.0,0.2,0.1,0.1,0.1,0.1,0.1,0.0,0.0,0.1,0,0,0.0,0.0,0.8198649234324967,1.006332831605643,0.18529446950034364,0.0,5.399999999999999e-05
579,11.24,-0.007067137809187285,1.0,0.2,0.1,0.1,0.1,0.1,0.1,0.0,0.0,0.1,0,0,-0.0007067137809187285,0.0,0.8192855135926151,1.006332831605643,0.18587023312613843,0.000575763625794784,-0.0018042410325082964
580,11.15,-0.008007117437722406,1.0,0.2,0.1,0.1,0.1,0.1,0.1,0.0,0.0,0.1,0,0,-0.0008007117437722407,0.0,0.818629502060379,1.006332831605643,0.18652211639142896,0.0006518832652905315,-0.0020504782743533036
581,10.98,-0.015246636771300441,1.0,0.2,0.1,0.1,0.1,0.1,0.1,0.0,0.0,0.1,0,0,-0.0015246636771300442,0.0,0.8173813673935605,1.006332831605643,0.18776239657271557,0.0012402801812866071,-0.003951224039703258
582,10.96,-0.0018214936247722745,1.0,0.2,0.1,0.1,0.1,0.1,0.1,0.0,0.0,0.1,0,0,-0.00018214936247722745,0.0,0.817232481898589,1.006332831605643,0.18791034513435986,0.00014794856164429548,-0.0004240464857658184
583,11.23,0.024635036496350324,1.0,0.2,0.1,0.1,0.1,0.1,0.1,0.0,0.0,0.1,0,0,0.0024635036496350325,0.0,0.8192457371003464,1.006332831605643,0.18590975930576753,0.0,0.0025175036496350328
584,11.2,-0.0026714158504008135,1.0,0.2,0.1,0.1,0.1,0.1,0.1,0.0,0.0,0.1,0,0,-0.00026714158504008136,0.0,0.8190268824956002,1.006332831605643,0.1861272366630322,0.000217477357264656,-0.0006480962995693934
585,11.02,-0.016071428571428546,1.0,0.2,0.1,0.1,0.1,0.1,0.1,0.0,0.0,0.1,0,0,-0.0016071428571428547,0.0,0.8177105892915895,1.006332831605643,0.18743524646125226,0.0013080097982200722,-0.004169162453582999
586,10.99,-0.002722323049001757,1.0,0.2,0.1,0.1,0.1,0.1,0.1,0.0,0.0,0.1,0,0,-0.0002722323049001757,0.0,0.8174879820531253,1.006332831605643,0.18765645283698873,0.00022120637573647128,-0.0006606450563731184
587,10.86,-0.011828935395814448,1.0,0.2,0.1,0.1,0.1,0.1,0.1,0.0,0.0,0.1,0,0,-0.0011828935395814448,0.0,0.8165209808004692,1.006332831605643,0.18861736877084856,0.0009609159338598294,-0.0030507254073011032
588,11.29,0.03959484346224675,1.0,0.2,0.1,0.1,0.1,0.1,0.1,0.0,0.0,0.1,0,0,0.003959484346224676,0.0,0.8197539828423127,1.006332831605643,0.18540471194369812,0.0,0.004013484346224676
589,10.97,-0.028343666961913067,1.0,0.2,0.1,0.1,0.1,0.1,0.1,0.0,0.0,0.1,0,0,-0.002834366696191307,0.0,0.8174304994542743,1.006332831605643,0.1877135736990393,0.002308861755341174,-0.007398090206873655
590,10.58,-0.035551504102096676,1.0,0.2,0.1,0.1,0.1,0.1,0.1,0.0,0.0,0.1,0,0,-0.003555150410209668,0.0,0.8145244110788215,1.006332831605643,0.19060137412071093,0.002887800421671638,-0.009276751253552946
591,10.62,0.0037807183364838514,1.0,0.2,0.1,0.1,0.1,0.1,0.1,0.0,0.0,0.1,0,0,0.00037807183364838514,0.0,0.8148323598164694,1.006332831605643,0.19029536329807226,0.0,0.00043207183364838515
592,10.69,0.006591337099811703,1.0,0.2,0.1,0.1,0.1,0.1,0.1,0.0,0.0,0.1,0,0,0.0006591337099811703,0.0,0.815369443292808,1.006332831605643,0.18976165967689387,0.0,0.0007131337099811702
593,10.71,0.0018709073900843173,1.0,0.2,0.1,0.1,0.1,0.1,0.1,0.0,0.0,0.1,0,0,0.00018709073900843173,0.0,0.8155219913645186,1.006332831605643,0.1896100715870298,0.0,0.00024109073900843174
594,10.68,-0.0028011204481793775,1.0,0.2,0.1,0.1,0.1,0.1,0.1,0.0,0.0,0.1,0,0,-0.0002801120448179378,0.0,0.8152935538319236,1.006332831605643,0.18983707156697735,0.00022699997994754528,-0.0006801120047130283
595,10.73,0.004681647940074973,1.0,0.2,0.1,0.1,0.1,0.1,0.1,0.0,0.0,0.1,0,0,0.00046816479400749736,0.0,0.8156752455706089,1.006332831605643,0.18945778180647507,0.0,0.0005221647940074973
596,10.8,0.006523765144454826,1.0,0.2,0.1,0.1,0.1,0.1,0.1,0.0,0.0,0.1,0,0,0.0006523765144454826,0.0,0.8162073729442337,1.006332831605643,0.18892900309935903,0.0,0.0007063765144454825
597,10.8,0.0,1.0,0.2,0.1,0.1,0.1,0.1,0.1,0.0,0.0,0.1,0,0,0.0,0.0,0.8162073729442337,1.006332831605643,0.18892900309935903,0.0,5.399999999999999e-05
598,10.42,-0.03518518518518526,1.0,0.2,0.1,0.1,0.1,0.1,0.1,0.0,0.0,0.1,0,0,-0.003518518518518526,0.0,0.8133355321875781,1.006332831605643,0.19178277142178718,0.0028537683224281463,-0.009172055163374819
599,10.73,0.029750479846449185,1.0,0.2,0.1,0.1,0.1,0.1,0.1,0.0,0.0,0.1,0,0,0.0029750479846449187,0.0,0.8157552444234528,1.006332831605643,0.18937828638475035,0.0,0.003029047984644919
600,10.53,-0.01863932898415667,1.0,0.2,0.1,0.1,0.1,0.1,0.1,0.0,0.0,0.1,0,0,-0.001863932898415667,0.0,0.8142347313863169,1.006332831605643,0.19088923086492787,0.001510944480177523,-0.0048318218587707126
601,10.55,0.0018993352326686942,1.0,0.2,0.1,0.1,0.1,0.1,0.1,0.0,0.0,0.1,0,0,0.00018993352326686944,0.0,0.8143893818576153,1.006332831605643,0.19073555360583286,0.0,0.00024393352326686942
602,10.42,-0.012322274881516661,1.0,0.2,0.1,0.1,0.1,0.1,0.1,0.0,0.0,0.1,0,0,-0.0012322274881516662,0.0,0.8133858688752316,1.006332831605643,0.19173275150186356,0.0009971978960306993,-0.003172623280213065
603,10.66,0.02303262955854129,1.0,0.2,0.1,0.1,0.1,0.1,0.1,0.0,0.0,0.1,0,0,0.002303262955854129,0.0,0.8152593104158271,1.006332831605643,0.18987109948996767,0.0,0.002357262955854129
604,10.82,0.015009380863039413,1.0,0.2,0.1,0.1,0.1,0.1,0.1,0.0,0.0,0.1,0,0,0.0015009380863039415,0.0,0.8164829641650442,1.006332831605643,0.18865514616837653,0.0,0.0015549380863039415
605,10.84,0.0018484288354897942,1.0,0.2,0.1,0.1,0.1,0.1,0.1,0.0,0.0,0.1,0,0,0.00018484288354897943,0.0,0.8166338852305091,1.006332831605643,0.18850517484604168,0.0,0.0002388428835489794
606,10.95,0.010147601476014708,1.0,0.2,0.1,0.1,0.1,0.1,0.1,0.0,0.0,0.1,0,0,0.0010147601476014707,0.0,0.8174625727524218,1.006332831605643,0.1876817022374907,0.0,0.0010687601476014707
607,11.1,0.013698630136986335,1.0,0.2,0.1,0.1,0.1,0.1,0.1,0.0,0.0,0.1,0,0,0.0013698630136986336,0.0,0.8185823844959184,1.006332831605643,0.18656893744603517,0.0,0.0014238630136986336
608,11.02,-0.007207207207207214,1.0,0.2,0.1,0.1,0.1,0.1,0.1,0.0,0.0,0.1,0,0,-0.0007207207207207215,0.0,0.8179924152097952,1.006332831605643,0.1871551940676957,0.0005862566216605358,-0.0018392339640417932
609,10.88,-0.012704174228675027,1.0,0.2,0.1,0.1,0.1,0.1,0.1,0.0,0.0,0.1,0,0,-0.0012704174228675028,0.0,0.8169532233937392,1.006332831605643,0.1881878462712394,0.0010326522035437047,-0.0032817218299549117
610,11.39,0.04687499999999998,1.0,0.2,0.1,0.1,0.1,0.1,0.1,0.0,0.0,0.1,0,0,0.004687499999999998,0.0,0.8207826916283973,1.006332831605643,0.18438247680063588,0.0,0.004741499999999998
611,11.51,0.010535557506584654,1.0,0.2,0.1,0.1,0.1,0.1,0.1,0.0,0.0,0.1,0,0,0.0010535557506584654,0.0,0.8216474319532034,1.006332831605643,0.1835231782687313,0.0,0.0011075557506584654
612,11.72,0.01824500434404873,1.0,0.2,0.1,0.1,0.1,0.1,0.1,0.0,0.0,0.1,0,0,0.001824500434404873,0.0,0.8231465280497297,1.006332831605643,0.18203351595280115,0.0,0.001878500434404873
613,12.33,0.05204778156996582,1.0,0.2,0.1,0.1,0.1,0.1,0.1,0.0,0.0,0.1,0,0,0.005204778156996583,0.0,0.8274308231189305,1.006332831605643,0.177776181863477,0.0,0.005258778156996583
614,12.82,0.03974047039740472,1.0,0.2,0.10694941357081958,0.10694941357081958,0.10694941357081958,0.1,0.10694941357081958,0.006949413570819574,0.0,0.1,0,0,0.00425022000403095,6.949413570819574e-06,0.8309418359963111,1.006332831605643,0.17428726371720257,0.0,0.004297102625579328
615,12.4,-0.03276131045241809,1.0,0.20694941357081958,0.11785231381944924,0.11785231381944924,0.11785231381944924,0.10694941357081958,0.11785231381944924,0.010902900248629666,0.006949413570819574,0.1,0,0,-0.0038609962405747795,1.0902900248629666e-05,0.8277245130154428,1.006332831605643,0.17748434015138284,0.003197076434180268,-0.010209125571740151
616,13.03,0.05080645161290315,1.0,0.21785231381944925,0.10786145776812911,0.10786145776812911,0.10786145776812911,0.11785231381944924,0.10786145776812911,-0.009990856051320135,0.010902900248629666,0.10694941357081958,0,0,0.005480057934993648,9.990856051320135e-06,0.8322522216245221,1.006332831605643,0.17298512431853047,0.0,0.005522808069134426
617,12.25,-0.0598618572524942,1.0,0.20786145776812912,0.12192149497853705,0.12192149497853705,0.12192149497853705,0.10786145776812911,0.12192149497853705,0.014060037210407939,0.0,0.10786145776812911,0,0,-0.007298447128415873,1.4060037210407938e-05,0.8261663712902844,1.006332831605643,0.17903267652303073,0.006047552204500262,-0.019350407606807563
618,12.29,0.00326530612244891,1.0,0.22192149497853705,0.10302286446403236,0.10302286446403236,0.10302286446403236,0.12192149497853705,0.10302286446403236,-0.01889863051450469,0.014060037210407939,0.10786145776812911,0,0,0.0003364011900866291,1.889863051450469e-05,0.8264286812278014,1.006332831605643,0.17877201729650172,0.0,0.00036349873663186685
619,12.34,0.0040683482506103106,1.0,0.20302286446403237,0.1038374457539096,0.1038374457539096,0.1038374457539096,0.10302286446403236,0.1038374457539096,0.000814581289877242,0.0,0.10302286446403236,0,0,0.00042244689078076115,8.145812898772421e-07,0.826777130261297,1.006332831605643,0.17842576104553598,0.0,0.0004770581572138733
620,11.9,-0.03565640194489461,1.0,0.2038374457539096,0.10491950288721305,0.10491950288721305,0.10491950288721305,0.1038374457539096,0.10491950288721305,0.001082057133303449,0.000814581289877242,0.10302286446403236,0,0,-0.0037410519668049994,1.082057133303449e-06,0.8236832194319321,1.006332831605643,0.18150020195831867,0.0030744409127826944,-0.009835210037589678
621,12.35,0.03781512605042011,1.0,0.20491950288721306,0.1,0.1,0.1,0.10491950288721305,0.1,-0.004919502887213045,0.001082057133303449,0.1038374457539096,0,0,0.003781512605042011,4.919502887213046e-06,0.8267939357967994,1.006332831605643,0.17840906126691938,0.0,0.003828133350711192
622,11.97,-0.03076923076923069,1.0,0.2,0.10497170351751961,0.10497170351751961,0.10497170351751961,0.1,0.10497170351751961,0.0049717035175196045,0.0,0.1,0,0,-0.003229898569769826,4.971703517519605e-06,0.8241193646717561,1.006332831605643,0.18106680137142928,0.0026577401045098925,-0.008496464747078998
623,12.01,0.0033416875522137967,1.0,0.20497170351751962,0.1,0.1,0.1,0.10497170351751961,0.1,-0.0049717035175196045,0.0049717035175196045,0.1,0,0,0.0003341687552213797,4.971703517519605e-06,0.8243906623368581,1.006332831605643,0.18079721097689833,0.0,0.0003807111999451003
624,11.36,-0.0541215653621982,1.0,0.2,0.1,0.1,0.1,0.1,0.1,0.0,0.0,0.1,0,0,-0.00541215653621982,0.0,0.8199289310252931,1.006332831605643,0.1852308647059992,0.004433653729100873,-0.014225463994421567
625,11.44,0.007042253521126767,1.0,0.2,0.1,0.1,0.1,0.1,0.1,0.0,0.0,0.1,0,0,0.0007042253521126767,0.0,0.8205063457654518,1.006332831605643,0.1846570836248062,0.0,0.0007582253521126768
626,11.05,-0.034090909090908984,1.0,0.2,0.1,0.1,0.1,0.1,0.1,0.0,0.0,0.1,0,0,-0.0034090909090908985,0.0,0.8177091650412514,1.006332831605643,0.18743666174881257,0.0027795781240063655,-0.00891424715710363
627,10.85,-0.018099547511312312,1.0,0.2,0.1,0.1,0.1,0.1,0.1,0.0,0.0,0.1,0,0,-0.0018099547511312313,0.0,0.8162291484529414,1.006332831605643,0.18890736462347538,0.0014707028746628048,-0.00469736050045684
628,10.42,-0.03963133640552993,1.0,0.2,0.1,0.1,0.1,0.1,0.1,0.0,0.0,0.1,0,0,-0.003963133640552993,0.0,0.8129943232563076,1.006332831605643,0.19212183313234085,0.0032144685088654756,-0.010338070658283946
629,10.67,0.02399232245681382,1.0,0.2,0.1,0.1,0.1,0.1,0.1,0.0,0.0,0.1,0,0,0.002399232245681382,0.0,0.8149448854522201,1.006332831605643,0.19018354578380994,0.0,0.0024532322456813824
630,10.36,-0.02905342080599817,1.0,0.2,0.1,0.1,0.1,0.1,0.1,0.0,0.0,0.1,0,0,-0.002905342080599817,0.0,0.8125771917831462,1.006332831605643,0.1925363396058063,0.002352793821996352,-0.00755692972459252
631,10.4,0.0038610038610039504,1.0,0.2,0.1,0.1,0.1,0.1,0.1,0.0,0.0,0.1,0,0,0.00038610038610039504,0.0,0.81289092815063,1.006332831605643,0.19222457757476613,0.0,0.00044010038610039505
632,10.77,0.035576923076923,1.0,0.2,0.1,0.1,0.1,0.1,0.1,0.0,0.0,0.1,0,0,0.0035576923076923,0.0,0.8157829439527043,1.006332831605643,0.18935076116806102,0.0,0.0036116923076923
633,11.19,0.03899721448467966,1.0,0.2,0.1,0.1,0.1,0.1,0.1,0.0,0.0,0.1,0,0,0.003899721448467966,0.0,0.8189642701965311,1.006332831605643,0.18618945494420386,0.0,0.003953721448467966
634,11.11,-0.007149240393208228,1.0,0.2,0.1,0.1,0.1,0.1,0.1,0.0,0.0,0.1,0,0,-0.0007149240393208229,0.0,0.8183787729524227,1.006332831605643,0.18677126766631708,0.0005818127221132174,-0.0018245494835472578
635,11.34,0.02070207020702074,1.0,0.2,0.1,0.1,0.1,0.1,0.1,0.0,0.0,0.1,0,0,0.0020702070207020743,0.0,0.8200729864337823,1.006332831605643,0.18508771583520323,0.0,0.0021242070207020745
636,11.12,-0.019400352733686125,1.0,0.2,0.1,0.1,0.1,0.1,0.1,0.0,0.0,0.1,0,0,-0.0019400352733686126,0.0,0.8184820159133641,1.006332831605643,0.18666867441118426,0.001580958575981034,-0.00504795242533068
637,10.94,-0.016187050359712206,1.0,0.2,0.1,0.1,0.1,0.1,0.1,0.0,0.0,0.1,0,0,-0.0016187050359712206,0.0,0.8171571349523533,1.006332831605643,0.187985217923828,0.0013165435126437364,-0.004197792061258693
638,11.2,0.023765996343692853,1.0,0.2,0.1,0.1,0.1,0.1,0.1,0.0,0.0,0.1,0,0,0.0023765996343692855,0.0,0.8190991903005033,1.006332831605643,0.18605538388964338,0.0,0.0024305996343692857
639,11.07,-0.011607142857142769,1.0,0.2,0.1,0.1,0.1,0.1,0.1,0.0,0.0,0.1,0,0,-0.0011607142857142769,0.0,0.8181484501689045,1.006332831605643,0.1870001410333429,0.000944757143699515,-0.002996228573113307
640,10.96,-0.009936766034326958,1.0,0.2,0.1,0.1,0.1,0.1,0.1,0.0,0.0,0.1,0,0,-0.0009936766034326957,0.0,0.8173354751958368,1.006332831605643,0.18780799997179223,0.0008078589384493406,-0.002555394480331377
641,11.0,0.003649635036496272,1.0,0.2,0.1,0.1,0.1,0.1,0.1,0.0,0.0,0.1,0,0,0.00036496350364962726,0.0,0.8176337728145214,1.006332831605643,0.18751157953382575,0.0,0.0004189635036496273
642,10.73,-0.024545454545454506,1.0,0.2,0.1,0.1,0.1,0.1,0.1,0.0,0.0,0.1,0,0,-0.0024545454545454506,0.0,0.8156268535539767,1.006332831605643,0.1895058692931518,0.0019942897593260567,-0.006389124973197564
643,11.05,0.02982292637465054,1.0,0.2,0.1,0.1,0.1,0.1,0.1,0.0,0.0,0.1,0,0,0.002982292637465054,0.0,0.8180592915142494,1.006332831605643,0.18708873861443626,0.0,0.003036292637465054
644,10.78,-0.024434389140271615,1.0,0.2,0.1,0.1,0.1,0.1,0.1,0.0,0.0,0.1,0,0,-0.0024434389140271617,0.0,0.8160604136073819,1.006332831605643,0.1890750376241567,0.0019862990097204436,-0.006362036933468049
645,10.9,0.011131725417439797,1.0,0.2,0.1,0.1,0.1,0.1,0.1,0.0,0.0,0.1,0,0,0.0011131725417439797,0.0,0.8169688296522138,1.006332831605643,0.1881723382226252,0.0,0.0011671725417439797
646,10.85,-0.004587155963302818,1.0,0.2,0.1,0.1,0.1,0.1,0.1,0.0,0.0,0.1,0,0,-0.00045871559633028176,0.0,0.8165940733083367,1.006332831605643,0.18854473623261483,0.000372398009989644,-0.0011495116163095698
647,11.05,0.0184331797235024,1.0,0.2,0.1,0.1,0.1,0.1,0.1,0.0,0.0,0.1,0,0,0.0018433179723502402,0.0,0.8180993158397807,1.006332831605643,0.18704896616115413,0.0,0.0018973179723502402
648,10.88,-0.015384615384615377,1.0,0.2,0.1,0.1,0.1,0.1,0.1,0.0,0.0,0.1,0,0,-0.0015384615384615378,0.0,0.8168407015077195,1.006332831605643,0.18829966005936774,0.0012506938982136118,-0.003985849334888761
649,10.82,-0.005514705882352987,1.0,0.2,0.1,0.1,0.1,0.1,0.1,0.0,0.0,0.1,0,0,-0.0005514705882352987,0.0,0.8163902378855644,1.006332831605643,0.18874728892330567,0.00044762886393792667,-0.001392728316111152
650,10.68,-0.012939001848428888,1.0,0.2,0.1,0.1,0.1,0.1,0.1,0.0,0.0,0.1,0,0,-0.001293900184842889,0.0,0.8153339104058603,1.006332831605643,0.1897969689561221,0.0010496800328164413,-0.0033392602504757713
651,10.47,-0.01966292134831452,1.0,0.2,0.1,0.1,0.1,0.1,0.1,0.0,0.0,0.1,0,0,-0.001966292134831452,0.0,0.8137307257505679,1.006332831605643,0.1913900648036803,0.0015930958475581791,-0.00509848382994781
652,10.62,0.014326647564469778,1.0,0.2,0.1,0.1,0.1,0.1,0.1,0.0,0.0,0.1,0,0,0.001432664756446978,0.0,0.8148965290825887,1.006332831605643,0.19023159784781174,0.0,0.001486664756446978
653,10.7,0.007532956685499066,1.0,0.2,0.1,0.1,0.1,0.1,0.1,0.0,0.0,0.1,0,0,0.0007532956685499066,0.0,0.815510387108263,1.006332831605643,0.1896216028179419,0.0,0.0008072956685499065
654,10.67,-0.0028037383177569497,1.0,0.2,0.1,0.1,0.1,0.1,0.1,0.0,0.0,0.1,0,0,-0.00028037383177569497,0.0,0.8152817393361765,1.006332831605643,0.1898488117143481,0.00022720889640617803,-0.0006807916245880511
655,10.65,-0.0018744142455482263,1.0,0.2,0.1,0.1,0.1,0.1,0.1,0.0,0.0,0.1,0,0,-0.00018744142455482264,0.0,0.8151289217655419,1.006332831605643,0.1900006676071851,0.00015185589283700507,-0.00043715321022883274
656,10.7,0.004694835680751073,1.0,0.2,0.1,0.1,0.1,0.1,0.1,0.0,0.0,0.1,0,0,0.00046948356807510733,0.0,0.8155116114001736,1.006332831605643,0.18962038623047484,0.0,0.0005234835680751073
657,10.8,0.009345794392523497,1.0,0.2,0.1,0.1,0.1,0.1,0.1,0.0,0.0,0.1,0,0,0.0009345794392523498,0.0,0.8162737717846598,1.006332831605643,0.18886302210545655,0.0,0.0009885794392523498
658,11.01,0.019444444444444358,1.0,0.2,0.1,0.1,0.1,0.1,0.1,0.0,0.0,0.1,0,0,0.001944444444444436,0.0,0.8178609707853522,1.006332831605643,0.18728581131510597,0.0,0.001998444444444436
659,10.97,-0.0036330608537692233,1.0,0.2,0.1,0.1,0.1,0.1,0.1,0.0,0.0,0.1,0,0,-0.00036330608537692236,0.0,0.8175638369176736,1.006332831605643,0.18758107532552737,0.00029526401042140327,-0.000899834106219729
660,11.19,0.02005469462169543,1.0,0.2,0.1,0.1,0.1,0.1,0.1,0.0,0.0,0.1,0,0,0.002005469462169543,0.0,0.8192034362259862,1.006332831605643,0.18595179398160405,0.0,0.002059469462169543
661,10.8,-0.03485254691688997,1.0,0.2,0.1,0.1,0.1,0.1,0.1,0.0,0.0,0.1,0,0,-0.0034852546916889974,0.0,0.8163483036064318,1.006332831605643,0.1887889593108907,0.002837165329286656,-0.009105585350262312
662,11.51,0.06574074074074066,1.0,0.2,0.1,0.1,0.1,0.1,0.1,0.0,0.0,0.1,0,0,0.0065740740740740655,0.0,0.8217150378245852,1.006332831605643,0.18345599783969382,0.0,0.006628074074074066
663,11.52,0.000868809730668965,1.0,0.2,0.1,0.1,0.1,0.1,0.1,0.0,0.0,0.1,0,0,8.68809730668965e-05,0.0,0.8217864292266551,1.006332831605643,0.18338505570223418,0.0,0.00014088097306689647
664,11.57,0.0043402777777778396,1.0,0.2,0.1,0.1,0.1,0.1,0.1,0.0,0.0,0.1,0,0,0.000434027777777784,0.0,0.8221431073643403,1.006332831605643,0.18303062213266053,0.0,0.000488027777777784
665,11.3,-0.023336214347450264,1.0,0.2,0.1,0.1,0.1,0.1,0.1,0.0,0.0,0.1,0,0,-0.0023336214347450266,0.0,0.8202245365865669,1.006332831605643,0.18493711938438212,0.001906497251721595,-0.006092615938188216
666,11.31,0.0008849557522123705,1.0,0.2,0.1,0.1,0.1,0.1,0.1,0.0,0.0,0.1,0,0,8.849557522123706e-05,0.0,0.8202971228287427,1.006332831605643,0.1848649899259206,0.0,0.00014249557522123704
667,11.53,0.01945181255526073,1.0,0.2,0.1,0.1,0.1,0.1,0.1,0.0,0.0,0.1,0,0,0.001945181255526073,0.0,0.8218927494160311,1.006332831605643,0.18327940458360148,0.0,0.001999181255526073
668,11.51,-0.0017346053772766326,1.0,0.2,0.1,0.1,0.1,0.1,0.1,0.0,0.0,0.1,0,0,-0.00017346053772766327,0.0,0.8217501834577629,1.006332831605643,0.18342107337725572,0.00014166879365423712,-0.0004027981250361375
669,11.21,-0.026064291920069413,1.0,0.2,0.1,0.1,0.1,0.1,0.1,0.0,0.0,0.1,0,0,-0.0026064291920069415,0.0,0.8196083497910615,1.006332831605643,0.18554942852918296,0.002128355151927247,-0.006809139495861436
670,11.21,0.0,1.0,0.2,0.1,0.1,0.1,0.1,0.1,0.0,0.0,0.1,0,0,0.0,0.0,0.8196083497910615,1.006332831605643,0.18554942852918296,0.0,5.399999999999999e-05
671,11.64,0.038358608385370176,1.0,0.2,0.1,0.1,0.1,0.1,0.1,0.0,0.0,0.1,0,0,0.0038358608385370176,0.0,0.8227522533629629,1.006332831605643,0.18242530947715402,0.0,0.003889860838537018
672,11.65,0.0008591065292096037,1.0,0.2,0.1,0.1,0.1,0.1,0.1,0.0,0.0,0.1,0,0,8.591065292096038e-05,0.0,0.8228229365462415,1.006332831605643,0.18235507110167953,0.0,0.00013991065292096036
673,11.53,-0.010300429184549442,1.0,0.2,0.1,0.1,0.1,0.1,0.1,0.0,0.0,0.1,0,0,-0.0010300429184549442,0.0,0.8219753936073098,1.006332831605643,0.18319728047050182,0.0008422093688222887,-0.0026604616560995213
674,11.55,0.0017346053772767868,1.0,0.2,0.1,0.1,0.1,0.1,0.1,0.0,0.0,0.1,0,0,0.0001734605377276787,0.0,0.8221179739010839,1.006332831605643,0.18305559743155472,0.0,0.00022746053772767868
675,11.86,0.026839826839826726,1.0,0.2,0.1,0.1,0.1,0.1,0.1,0.0,0.0,0.1,0,0,0.0026839826839826727,0.0,0.8243245243072252,1.006332831605643,0.18086293280128451,0.0,0.002737982683982673
676,11.53,-0.027824620573355826,1.0,0.2,0.1,0.1,0.1,0.1,0.1,0.0,0.0,0.1,0,0,-0.0027824620573355828,0.0,0.8220308725954092,1.006332831605643,0.18314215061052208,0.002279217809237566,-0.007286897675810714
677,11.57,0.0034692107545534192,1.0,0.2,0.1,0.1,0.1,0.1,0.1,0.0,0.0,0.1,0,0,0.00034692107545534193,0.0,0.8223160524297876,1.006332831605643,0.18285876540691767,0.0,0.00040092107545534195
678,11.33,-0.020743301642178063,1.0,0.2,0.1,0.1,0.1,0.1,0.1,0.0,0.0,0.1,0,0,-0.0020743301642178066,0.0,0.820610297437712,1.006332831605643,0.18455378611826026,0.0016950207113425875,-0.005410371586902982
679,11.33,0.0,1.0,0.2,0.1,0.1,0.1,0.1,0.1,0.0,0.0,0.1,0,0,0.0,0.0,0.820610297437712,1.006332831605643,0.18455378611826026,0.0,5.399999999999999e-05
680,11.5,0.015004413062665483,1.0,0.2,0.1,0.1,0.1,0.1,0.1,0.0,0.0,0.1,0,0,0.0015004413062665485,0.0,0.8218415750243351,1.006332831605643,0.18333025693591354,0.0,0.0015544413062665485
681,11.57,0.0060869565217391555,1.0,0.2,0.1,0.1,0.1,0.1,0.1,0.0,0.0,0.1,0,0,0.0006086956521739156,0.0,0.822341826417828,1.006332831605643,0.18283315361404853,0.0,0.0006626956521739155
682,11.7,0.011235955056179688,1.0,0.2,0.1,0.1,0.1,0.1,0.1,0.0,0.0,0.1,0,0,0.001123595505617969,0.0,0.8232658059980728,1.006332831605643,0.1819149886181093,0.0,0.001177595505617969
683,11.85,0.012820512820512851,1.0,0.2,0.1,0.1,0.1,0.1,0.1,0.0,0.0,0.1,0,0,0.0012820512820512853,0.0,0.8243212749801215,1.006332831605643,0.18086616168044026,0.0,0.0013360512820512853
684,10.91,-0.07932489451476789,1.0,0.2,0.1,0.1,0.1,0.1,0.1,0.0,0.0,0.1,0,0,-0.00793248945147679,0.0,0.8177823551617138,1.006332831605643,0.18736393221225786,0.006497770531817604,-0.020874030515111993
685,10.82,-0.00824931255728688,1.0,0.2,0.1,0.1,0.1,0.1,0.1,0.0,0.0,0.1,0,0,-0.000824931255728688,0.0,0.8171077409365575,1.006332831605643,0.18803430110410846,0.0006703688918505979,-0.0021116690394298834
686,10.6,-0.02033271719038823,1.0,0.2,0.1,0.1,0.1,0.1,0.1,0.0,0.0,0.1,0,0,-0.002033271719038823,0.0,0.8154463388755036,1.006332831605643,0.189685247996503,0.0016509468923945336,-0.00528116550382789
687,10.67,0.0066037735849056875,1.0,0.2,0.1,0.1,0.1,0.1,0.1,0.0,0.0,0.1,0,0,0.0006603773584905688,0.0,0.815984841174761,1.006332831605643,0.18915013448102894,0.0,0.0007143773584905687
688,10.64,-0.0028116213683223395,1.0,0.2,0.1,0.1,0.1,0.1,0.1,0.0,0.0,0.1,0,0,-0.00028116213683223397,0.0,0.8157554171331935,1.006332831605643,0.18937811476186842,0.0002279802808394793,-0.0006831226985111926
689,10.67,0.0028195488721803907,1.0,0.2,0.1,0.1,0.1,0.1,0.1,0.0,0.0,0.1,0,0,0.00028195488721803906,0.0,0.8159854233598287,1.006332831605643,0.18914955595963975,0.0,0.00033595488721803907
690,10.53,-0.013120899718837916,1.0,0.2,0.1,0.1,0.1,0.1,0.1,0.0,0.0,0.1,0,0,-0.0013120899718837918,0.0,0.8149147770686349,1.006332831605643,0.19021346469596265,0.0010639087363228938,-0.0033859074445295794
691,10.63,0.009496676163342965,1.0,0.2,0.1,0.1,0.1,0.1,0.1,0.0,0.0,0.1,0,0,0.0009496676163342965,0.0,0.8156886752424893,1.006332831605643,0.1894444366472408,0.0,0.0010036676163342965
692,10.45,-0.01693320790216383,1.0,0.2,0.1,0.1,0.1,0.1,0.1,0.0,0.0,0.1,0,0,-0.001693320790216383,0.0,0.8143074526503572,1.006332831605643,0.19081696723429156,0.001372530587050752,-0.0043843819643178865
693,10.5,0.004784688995215379,1.0,0.2,0.1,0.1,0.1,0.1,0.1,0.0,0.0,0.1,0,0,0.00047846889952153794,0.0,0.8146970734410991,1.006332831605643,0.19042979831909254,0.0,0.0005324688995215379
694,10.36,-0.013333333333333388,1.0,0.2,0.1,0.1,0.1,0.1,0.1,0.0,0.0,0.1,0,0,-0.001333333333333339,0.0,0.813610810676511,1.006332831605643,0.19150922525466707,0.001079426935574529,-0.003438187204482397
695,10.37,0.0009652509652509448,1.0,0.2,0.1,0.1,0.1,0.1,0.1,0.0,0.0,0.1,0,0,9.652509652509448e-05,0.0,0.8136893445385454,1.006332831605643,0.19143118560459516,0.0,0.00015052509652509446
696,10.26,-0.010607521697203418,1.0,0.2,0.1,0.1,0.1,0.1,0.1,0.0,0.0,0.1,0,0,-0.0010607521697203418,0.0,0.8128262218008477,1.006332831605643,0.19228887672883332,0.0008576911242381691,-0.0027221344181966797
697,9.7,-0.0545808966861599,1.0,0.2,0.1,0.1,0.1,0.1,0.1,0.0,0.0,0.1,0,0,-0.00545808966861599,0.0,0.8083897433972564,1.006332831605643,0.1966974364659858,0.004408559737152484,-0.01422120914292096
698,9.79,0.009278350515463904,1.0,0.2,0.1,0.1,0.1,0.1,0.1,0.0,0.0,0.1,0,0,0.0009278350515463904,0.0,0.8091397957364911,1.006332831605643,0.19595210419054182,0.0,0.0009818350515463905
699,9.71,-0.008171603677221482,1.0,0.2,0.1,0.1,0.1,0.1,0.1,0.0,0.0,0.1,0,0,-0.0008171603677221482,0.0,0.8084785987634684,1.006332831605643,0.19660914026474774,0.0006570360742059189,-0.002077232516133986
700,9.77,0.006179196704428292,1.0,0.2,0.1,0.1,0.1,0.1,0.1,0.0,0.0,0.1,0,0,0.0006179196704428293,0.0,0.8089781735927764,1.006332831605643,0.1961127092494634,0.0,0.0006719196704428292
701,9.5,-0.027635619242579283,1.0,0.2,0.1,0.1,0.1,0.1,0.1,0.0,0.0,0.1,0,0,-0.0027635619242579283,0.0,0.8067425123146796,1.006332831605643,0.19833430155757642,0.0022215923081130295,-0.007152746540483987
702,9.57,0.007368421052631609,1.0,0.2,0.1,0.1,0.1,0.1,0.1,0.0,0.0,0.1,0,0,0.000736842105263161,0.0,0.8073369541658588,1.006332831605643,0.1977436005166189,0.0,0.0007908421052631609
703,9.58,0.0010449320794148158,1.0,0.2,0.1,0.1,0.1,0.1,0.1,0.0,0.0,0.1,0,0,0.00010449320794148158,0.0,0.8074213153940893,1.006332831605643,0.19765977017184527,0.0,0.00015849320794148155
704,9.37,-0.021920668058455203,1.0,0.2,0.1,0.1,0.1,0.1,0.1,0.0,0.0,0.1,0,0,-0.0021920668058455204,0.0,0.8056513939302818,1.006332831605643,0.19941855355664603,0.0017587833848007606,-0.005655633575447041
705,9.41,0.0042689434364995655,1.0,0.2,0.1,0.1,0.1,0.1,0.1,0.0,0.0,0.1,0,0,0.00042689434364995656,0.0,0.8059953219533045,1.006332831605643,0.19907678986552818,0.0,0.0004808943436499566
706,9.37,-0.004250797024442181,1.0,0.2,0.1,0.1,0.1,0.1,0.1,0.0,0.0,0.1,0,0,-0.0004250797024442181,0.0,0.8056527097016771,1.006332831605643,0.1994172460653728,0.0003404561998446298,-0.0010519921021334777
707,9.64,0.028815368196371545,1.0,0.2,0.1,0.1,0.1,0.1,0.1,0.0,0.0,0.1,0,0,0.0028815368196371547,0.0,0.8079742276485229,1.006332831605643,0.19711033738274372,0.0,0.002935536819637155
708,9.66,0.0020746887966804537,1.0,0.2,0.1,0.1,0.1,0.1,0.1,0.0,0.0,0.1,0,0,0.00020746887966804537,0.0,0.8081418571563338,1.006332831605643,0.19694376276394346,0.0,0.0002614688796680454
709,9.69,0.003105590062111735,1.0,0.2,0.1,0.1,0.1,0.1,0.1,0.0,0.0,0.1,0,0,0.0003105590062111735,0.0,0.8083928328883699,1.006332831605643,0.19669436641697574,0.0,0.00036455900621117353
710,9.71,0.0020639834881322344,1.0,0.2,0.1,0.1,0.1,0.1,0.1,0.0,0.0,0.1,0,0,0.00020639834881322345,0.0,0.8085596838342706,1.006332831605643,0.19652856546061181,0.0,0.0002603983488132235
711,9.65,-0.006179196704428475,1.0,0.2,0.1,0.1,0.1,0.1,0.1,0.0,0.0,0.1,0,0,-0.0006179196704428476,0.0,0.8080600589009023,1.006332831605643,0.19702504626465267,0.0004964808040408553,-0.0015568812785245582
712,9.7,0.0051813471502589565,1.0,0.2,0.1,0.1,0.1,0.1,0.1,0.0,0.0,0.1,0,0,0.0005181347150258957,0.0,0.8084787428692446,1.006332831605643,0.19660899706582619,0.0,0.0005721347150258956
713,9.47,-0.02371134020618543,1.0,0.2,0.1,0.1,0.1,0.1,0.1,0.0,0.0,0.1,0,0,-0.0023711340206185433,0.0,0.8065617314170804,1.006332831605643,0.19851394480474224,0.0019049477389160574,-0.006127029498450658
714,9.6,0.013727560718056916,1.0,0.2,0.1,0.1,0.1,0.1,0.1,0.0,0.0,0.1,0,0,0.0013727560718056918,0.0,0.8076689439311694,1.006332831605643,0.1974136999560053,0.0,0.0014267560718056918
715,9.64,0.004166666666666763,1.0,0.2,0.1,0.1,0.1,0.1,0.1,0.0,0.0,0.1,0,0,0.0004166666666666763,0.0,0.8080054726578074,1.006332831605643,0.1970792889976536,0.0,0.0004706666666666763
716,9.53,-0.011410788381742863,1.0,0.2,0.1,0.1,0.1,0.1,0.1,0.0,0.0,0.1,0,0,-0.0011410788381742863,0.0,0.8070834747118286,1.006332831605643,0.1979954848297102,0.0009161958320565988,-0.0029194705022874837
717,9.46,-0.007345225603357661,1.0,0.2,0.1,0.1,0.1,0.1,0.1,0.0,0.0,0.1,0,0,-0.0007345225603357661,0.0,0.8064906536915786,1.006332831605643,0.19858457523959394,0.0005890904098837524,-0.0018587033801032709
718,9.71,0.02642706131078224,1.0,0.2,0.1,0.1,0.1,0.1,0.1,0.0,0.0,0.1,0,0,0.002642706131078224,0.0,0.8086219714867466,1.006332831605643,0.19646666978303892,0.0,0.0026967061310782243
719,9.82,0.011328527291452051,1.0,0.2,0.1,0.1,0.1,0.1,0.1,0.0,0.0,0.1,0,0,0.001132852729145205,0.0,0.8095380210939922,1.006332831605643,0.1955563848569435,0.0,0.0011868527291452051
720,9.76,-0.006109979633401272,1.0,0.2,0.1,0.1,0.1,0.1,0.1,0.0,0.0,0.1,0,0,-0.0006109979633401272,0.0,0.8090433950118574,1.006332831605643,0.19604789826741784,0.0004915134104743479,-0.001540024784288823
721,9.73,-0.003073770491803213,1.0,0.2,0.1,0.1,0.1,0.1,0.1,0.0,0.0,0.1,0,0,-0.00030737704918032134,0.0,0.8087947136404399,1.006332831605643,0.19629501469213068,0.0002471164247128399,-0.0007476098986060011
722,9.56,-0.01747173689619732,1.0,0.2,0.1,0.1,0.1,0.1,0.1,0.0,0.0,0.1,0,0,-0.001747173689619732,0.0,0.8073816087964638,1.006332831605643,0.19769922689667674,0.0014042122045460625,-0.004501598098711857
723,9.56,0.0,1.0,0.2,0.1,0.1,0.1,0.1,0.1,0.0,0.0,0.1,0,0,0.0,0.0,0.8073816087964638,1.006332831605643,0.19769922689667674,0.0,5.399999999999999e-05
724,9.45,-0.01150627615062774,1.0,0.2,0.1,0.1,0.1,0.1,0.1,0.0,0.0,0.1,0,0,-0.0011506276150627741,0.0,0.8064526132214888,1.006332831605643,0.19862237632179566,0.0009231494251189243,-0.0029429264653006225
725,9.12,-0.03492063492063493,1.0,0.2,0.1,0.1,0.1,0.1,0.1,0.0,0.0,0.1,0,0,-0.003492063492063493,0.0,0.8036364294927788,1.006332831605643,0.20142083786479892,0.0027984615430032556,-0.009034986578070005
726,9.34,0.02412280701754393,1.0,0.2,0.1,0.1,0.1,0.1,0.1,0.0,0.0,0.1,0,0,0.0024122807017543935,0.0,0.805575026142871,1.006332831605643,0.199494440763157,0.0,0.0024662807017543937
727,9.38,0.004282655246252776,1.0,0.2,0.1,0.1,0.1,0.1,0.1,0.0,0.0,0.1,0,0,0.0004282655246252776,0.0,0.8059200261540671,1.006332831605643,0.199151611829865,0.0,0.00048226552462527763
728,9.3,-0.00852878464818764,1.0,0.2,0.1,0.1,0.1,0.1,0.1,0.0,0.0,0.1,0,0,-0.000852878464818764,0.0,0.8052326743193942,1.006332831605643,0.19983463817372007,0.0006830263438550865,-0.0021649311525289367
729,9.18,-0.012903225806451719,1.0,0.2,0.1,0.1,0.1,0.1,0.1,0.0,0.0,0.1,0,0,-0.001290322580645172,0.0,0.8041936644170465,1.006332831605643,0.20086710960833465,0.0010324714346145736,-0.0033012654498743186
730,9.1,-0.008714596949891075,1.0,0.2,0.1,0.1,0.1,0.1,0.1,0.0,0.0,0.1,0,0,-0.0008714596949891076,0.0,0.8034928420515415,1.006332831605643,0.20156352171325115,0.0006964121049164995,-0.0022102839048221065
731,9.15,0.005494505494505573,1.0,0.2,0.1,0.1,0.1,0.1,0.1,0.0,0.0,0.1,0,0,0.0005494505494505574,0.0,0.8039343216350863,1.006332831605643,0.20112482035155516,0.0,0.0006034505494505574
732,9.19,0.004371584699453458,1.0,0.2,0.1,0.1,0.1,0.1,0.1,0.0,0.0,0.1,0,0,0.00043715846994534587,0.0,0.8042857683330689,1.006332831605643,0.20077558530034267,0.0,0.0004911584699453458
733,8.79,-0.043525571273123,1.0,0.2,0.1,0.1,0.1,0.1,0.1,0.0,0.0,0.1,0,0,-0.0043525571273123,0.0,0.8007850685797149,1.006332831605643,0.2042542552228657,0.00347866992252302,-0.011255896972358341
734,8.9,0.012514220705347124,1.0,0.2,0.1,0.1,0.1,0.1,0.1,0.0,0.0,0.1,0,0,0.0012514220705347125,0.0,0.8017871886882901,1.006332831605643,0.20325844143531757,0.0,0.0013054220705347125
735,8.64,-0.02921348314606739,1.0,0.2,0.1,0.1,0.1,0.1,0.1,0.0,0.0,0.1,0,0,-0.002921348314606739,0.0,0.7994448890359422,1.006332831605643,0.20558600104460772,0.002327559609290153,-0.0075224675331870446
736,8.71,0.008101851851851884,1.0,0.2,0.1,0.1,0.1,0.1,0.1,0.0,0.0,0.1,0,0,0.0008101851851851885,0.0,0.8000925874414112,1.006332831605643,0.20494237859175032,0.0,0.0008641851851851884
737,8.87,0.018369690011480866,1.0,0.2,0.1,0.1,0.1,0.1,0.1,0.0,0.0,0.1,0,0,0.0018369690011480868,0.0,0.8015623327225895,1.006332831605643,0.2034818823870968,0.0,0.0018909690011480868
738,8.92,0.005636978579481478,1.0,0.2,0.1,0.1,0.1,0.1,0.1,0.0,0.0,0.1,0,0,0.0005636978579481479,0.0,0.8020141716925572,1.006332831605643,0.20303288683038145,0.0,0.0006176978579481479
739,8.86,-0.006726457399103195,1.0,0.2,0.1,0.1,0.1,0.1,0.1,0.0,0.0,0.1,0,0,-0.0006726457399103196,0.0,0.8014747002766205,1.006332831605643,0.20356896336390362,0.0005360765335221673,-0.0016907988069546542
740,8.91,0.005643340857787891,1.0,0.2,0.1,0.1,0.1,0.1,0.1,0.0,0.0,0.1,0,0,0.0005643340857787891,0.0,0.8019269997688759,1.006332831605643,0.2031195101829577,0.0,0.000618334085778789
741,8.77,-0.01571268237934911,1.0,0.2,0.1,0.1,0.1,0.1,0.1,0.0,0.0,0.1,0,0,-0.0015712682379349112,0.0,0.8006669573449966,1.006332831605643,0.20437162318603733,0.001252113003079619,-0.004021494244094149
742,8.68,-0.010262257696693257,1.0,0.2,0.1,0.1,0.1,0.1,0.1,0.0,0.0,0.1,0,0,-0.0010262257696693259,0.0,0.7998452922804464,1.006332831605643,0.205188117529404,0.0008164943433666694,-0.0026052144564026646
743,8.4,-0.03225806451612896,1.0,0.2,0.1,0.1,0.1,0.1,0.1,0.0,0.0,0.1,0,0,-0.0032258064516128963,0.0,0.7972651461763159,1.006332831605643,0.20775202682769625,0.002563909298292255,-0.008299625048197408
744,8.39,-0.001190476190476165,1.0,0.2,0.1,0.1,0.1,0.1,0.1,0.0,0.0,0.1,0,0,-0.0001190476190476165,0.0,0.797170233658914,1.006332831605643,0.20784634206259767,9.431523490141536e-05,-0.0002536780888504472
745,8.62,0.02741358760429066,1.0,0.2,0.1,0.1,0.1,0.1,0.1,0.0,0.0,0.1,0,0,0.0027413587604290662,0.0,0.7993555632625081,1.006332831605643,0.2056747646928051,0.0,0.0027953587604290665
746,9.21,0.06844547563805124,1.0,0.2,0.1,0.1,0.1,0.1,0.1,0.0,0.0,0.1,0,0,0.006844547563805124,0.0,0.8048267904356505,1.006332831605643,0.2002379678386144,0.0,0.006898547563805125
747,9.23,0.0021715526601519624,1.0,0.2,0.1,0.1,0.1,0.1,0.1,0.0,0.0,0.1,0,0,0.00021715526601519624,0.0,0.8050015628114238,1.006332831605643,0.2000642953017715,0.0,0.0002711552660151963
748,9.31,0.008667388949079096,1.0,0.2,0.1,0.1,0.1,0.1,0.1,0.0,0.0,0.1,0,0,0.0008667388949079096,0.0,0.8056992889763741,1.006332831605643,0.19937095991308396,0.0,0.0009207388949079095
749,9.25,-0.006444683136412513,1.0,0.2,0.1,0.1,0.1,0.1,0.1,0.0,0.0,0.1,0,0,-0.0006444683136412514,0.0,0.8051800413143055,1.006332831605643,0.199886939960401,0.0005159800473170384,-0.0016224284082753282
750,9.23,-0.0021621621621621162,1.0,0.2,0.1,0.1,0.1,0.1,0.1,0.0,0.0,0.1,0,0,-0.00021621621621621163,0.0,0.8050059483323997,1.006332831605643,0.20005993737878797,0.00017299741838697202,-0.0005082110529901557
751,9.43,0.021668472372697648,1.0,0.2,0.1,0.1,0.1,0.1,0.1,0.0,0.0,0.1,0,0,0.002166847237269765,0.0,0.8067502732475295,1.006332831605643,0.19832658946411583,0.0,0.0022208472372697652
752,9.54,0.011664899257688169,1.0,0.2,0.1,0.1,0.1,0.1,0.1,0.0,0.0,0.1,0,0,0.001166489925768817,0.0,0.8076913393138839,1.006332831605643,0.197391445506969,0.0,0.001220489925768817
753,9.18,-0.03773584905660372,1.0,0.2,0.1,0.1,0.1,0.1,0.1,0.0,0.0,0.1,0,0,-0.0037735849056603718,0.0,0.8046434474674165,1.006332831605643,0.20042015703335778,0.003028711526388783,-0.00977700795843794
754,9.15,-0.0032679738562090806,1.0,0.2,0.1,0.1,0.1,0.1,0.1,0.0,0.0,0.1,0,0,-0.00032679738562090807,0.0,0.8043804920924271,1.006332831605643,0.20068145763563444,0.00026130060227666507,-0.0007953985901742383
755,9.24,0.009836065573770475,1.0,0.2,0.1,0.1,0.1,0.1,0.1,0.0,0.0,0.1,0,0,0.0009836065573770477,0.0,0.8051716860190753,1.006332831605643,0.1998952426759319,0.0,0.0010376065573770477
756,9.67,0.04653679653679651,1.0,0.2,0.1,0.1,0.1,0.1,0.1,0.0,0.0,0.1,0,0,0.004653679653679651,0.0,0.8089186971120211,1.006332831605643,0.19617181144596066,0.0,0.004707679653679651
757,9.42,-0.025853154084798345,1.0,0.2,0.1,0.1,0.1,0.1,0.1,0.0,0.0,0.1,0,0,-0.0025853154084798345,0.0,0.80682738714017,1.006332831605643,0.19824996084759985,0.0020781494016391955,-0.006687614211758225
758,9.65,0.02441613588110408,1.0,0.2,0.1,0.1,0.1,0.1,0.1,0.0,0.0,0.1,0,0,0.002441613588110408,0.0,0.8087973478518711,1.006332831605643,0.19629239705773727,0.0,0.0024956135881104083
759,9.25,-0.041450777202072575,1.0,0.2,0.1,0.1,0.1,0.1,0.1,0.0,0.0,0.1,0,0,-0.004145077720207258,0.0,0.8054448199851276,1.006332831605643,0.19962382753625438,0.003331430478517111,-0.010753938677241483
760,9.28,0.003243243243243174,1.0,0.2,0.1,0.1,0.1,0.1,0.1,0.0,0.0,0.1,0,0,0.0003243243243243174,0.0,0.8057060453321498,1.006332831605643,0.19936424607491476,0.0,0.00037832432432431743
761,9.44,0.017241379310344845,1.0,0.2,0.1,0.1,0.1,0.1,0.1,0.0,0.0,0.1,0,0,0.0017241379310344845,0.0,0.8070951936861708,1.006332831605643,0.19798383960263016,0.0,0.0017781379310344845
762,9.45,0.0010593220338982825,1.0,0.2,0.1,0.1,0.1,0.1,0.1,0.0,0.0,0.1,0,0,0.00010593220338982826,0.0,0.8071806910583833,1.006332831605643,0.197898880263605,0.0,0.00015993220338982823
763,9.38,-0.00740740740740725,1.0,0.2,0.1,0.1,0.1,0.1,0.1,0.0,0.0,0.1,0,0,-0.000740740740740725,0.0,0.8065827794353772,1.006332831605643,0.19849302924118745,0.0005941489775824482,-0.0018750386959056214
764,9.09,-0.030916844349680266,1.0,0.2,0.1,0.1,0.1,0.1,0.1,0.0,0.0,0.1,0,0,-0.003091684434968027,0.0,0.8040890800106836,1.006332831605643,0.2009710358672008,0.002478006626013357,-0.007993697686994743
765,9.11,0.0022002200220021533,1.0,0.2,0.1,0.1,0.1,0.1,0.1,0.0,0.0,0.1,0,0,0.00022002200220021533,0.0,0.8042659973000148,1.006332831605643,0.20079523191469642,0.0,0.00027402200220021534
766,8.91,-0.021953896816684883,1.0,0.2,0.1,0.1,0.1,0.1,0.1,0.0,0.0,0.1,0,0,-0.0021953896816684884,0.0,0.8025003200282256,1.006332831605643,0.2025497978160911,0.0017545659013946668,-0.0056505214844578214
767,8.88,-0.0033670033670032953,1.0,0.2,0.1,0.1,0.1,0.1,0.1,0.0,0.0,0.1,0,0,-0.00033670033670032956,0.0,0.80223011790027,1.006332831605643,0.20281829956766811,0.00026850175157702716,-0.000819703839854384
768,9.11,0.025900900900900747,1.0,0.2,0.1,0.1,0.1,0.1,0.1,0.0,0.0,0.1,0,0,0.002590090090090075,0.0,0.8043079661786153,1.006332831605643,0.20075352714537714,0.0,0.002644090090090075
769,9.15,0.004390779363337094,1.0,0.2,0.1,0.1,0.1,0.1,0.1,0.0,0.0,0.1,0,0,0.0004390779363337094,0.0,0.8046611200605818,1.006332831605643,0.20040259565345417,0.0,0.0004930779363337094
770,9.4,0.0273224043715847,1.0,0.2,0.1,0.1,0.1,0.1,0.1,0.0,0.0,0.1,0,0,0.00273224043715847,0.0,0.8068596477110205,1.006332831605643,0.1982179032918516,0.0,0.00278624043715847
771,9.45,0.005319148936170099,1.0,0.2,0.1,0.1,0.1,0.1,0.1,0.0,0.0,0.1,0,0,0.0005319148936170099,0.0,0.8072888283746965,1.006332831605643,0.1977914234531771,0.0,0.0005859148936170098
772,9.57,0.012698412698412804,1.0,0.2,0.1,0.1,0.1,0.1,0.1,0.0,0.0,0.1,0,0,0.0012698412698412805,0.0,0.8083139570456486,1.006332831605643,0.19677274589565727,0.0,0.0013238412698412805
773,9.59,0.0020898641588296316,1.0,0.2,0.1,0.1,0.1,0.1,0.1,0.0,0.0,0.1,0,0,0.00020898641588296317,0.0,0.8084828836824397,1.006332831605643,0.1966048823106825,0.0,0.0002629864158829632
774,9.58,-0.0010427528675703635,1.0,0.2,0.1,0.1,0.1,0.1,0.1,0.0,0.0,0.1,0,0,-0.00010427528675703636,0.0,0.8083985788979056,1.006332831605643,0.19668865656695875,8.37742562762589e-05,-0.00021782379930955414
775,9.6,0.002087682672233776,1.0,0.2,0.1,0.1,0.1,0.1,0.1,0.0,0.0,0.1,0,0,0.0002087682672233776,0.0,0.8085673468684479,1.006332831605643,0.1965209506497494,0.0,0.0002627682672233776
776,9.57,-0.0031249999999999334,1.0,0.2,0.1,0.1,0.1,0.1,0.1,0.0,0.0,0.1,0,0,-0.00031249999999999334,0.0,0.8083146695725516,1.006332831605643,0.19677203785267122,0.0002510872029218292,-0.0007606744058436518
777,9.34,-0.02403343782654132,1.0,0.2,0.1,0.1,0.1,0.1,0.1,0.0,0.0,0.1,0,0,-0.002403343782654132,0.0,0.8063720115370062,1.006332831605643,0.19870247078155204,0.0019304329288808153,-0.0062102096404157625
778,9.2,-0.01498929336188443,1.0,0.2,0.1,0.1,0.1,0.1,0.1,0.0,0.0,0.1,0,0,-0.001498929336188443,0.0,0.8051633168730321,1.006332831605643,0.19990355915511288,0.001201088373560838,-0.0038471060833101187
779,9.15,-0.005434782608695537,1.0,0.2,0.1,0.1,0.1,0.1,0.1,0.0,0.0,0.1,0,0,-0.0005434782608695537,0.0,0.804725728113862,1.006332831605643,0.20033839417731117,0.0004348350221982933,-0.0013591483052661404
780,9.15,0.0,1.0,0.2,0.1,0.1,0.1,0.1,0.1,0.0,0.0,0.1,0,0,0.0,0.0,0.804725728113862,1.006332831605643,0.20033839417731117,0.0,5.399999999999999e-05
781,9.09,-0.006557377049180382,1.0,0.2,0.1,0.1,0.1,0.1,0.1,0.0,0.0,0.1,0,0,-0.0006557377049180382,0.0,0.8041980391118202,1.006332831605643,0.20086276244342435,0.0005243682661131843,-0.0016504742371444068
782,9.48,0.042904290429042966,1.0,0.2,0.1,0.1,0.1,0.1,0.1,0.0,0.0,0.1,0,0,0.0042904290429042966,0.0,0.8076483937350721,1.006332831605643,0.1974341208301454,0.0,0.004344429042904297
783,9.26,-0.023206751054852388,1.0,0.2,0.1,0.1,0.1,0.1,0.1,0.0,0.0,0.1,0,0,-0.002320675105485239,0.0,0.805774104213746,1.006332831605643,0.1992966154864468,0.0018624946563014222,-0.005991664418088083
784,9.27,0.0010799136069114242,1.0,0.2,0.1,0.1,0.1,0.1,0.1,0.0,0.0,0.1,0,0,0.00010799136069114242,0.0,0.8058611208556697,1.006332831605643,0.19921014643844312,0.0,0.0001619913606911424
785,9.2,-0.00755124056094933,1.0,0.2,0.1,0.1,0.1,0.1,0.1,0.0,0.0,0.1,0,0,-0.0007551240560949331,0.0,0.80525259573744,1.006332831605643,0.19981484212074418,0.0006046956823010652,-0.0019105154206970636
786,9.24,0.004347826086956622,1.0,0.2,0.1,0.1,0.1,0.1,0.1,0.0,0.0,0.1,0,0,0.0004347826086956623,0.0,0.8056027055616737,1.006332831605643,0.1994669355303619,0.0,0.0004887826086956622
787,9.02,-0.023809523809523878,1.0,0.2,0.1,0.1,0.1,0.1,0.1,0.0,0.0,0.1,0,0,-0.002380952380952388,0.0,0.803684603881765,1.006332831605643,0.20137296663624193,0.0019060311058800294,-0.006139014592712447
788,9.52,0.05543237250554324,1.0,0.2,0.1,0.1,0.1,0.1,0.1,0.0,0.0,0.1,0,0,0.005543237250554324,0.0,0.8081396183156995,1.006332831605643,0.1969459875156002,0.0,0.005597237250554324
789,9.53,0.0010504201680672045,1.0,0.2,0.1,0.1,0.1,0.1,0.1,0.0,0.0,0.1,0,0,0.00010504201680672046,0.0,0.8082245069310687,1.006332831605643,0.19686163310252414,0.0,0.00015904201680672046
790,9.28,-0.02623294858342078,1.0,0.2,0.1,0.1,0.1,0.1,0.1,0.0,0.0,0.1,0,0,-0.002623294858342078,0.0,0.8061042957376504,1.006332831605643,0.1989685018509435,0.002106868748419366,-0.00678303235518081
791,9.29,0.0010775862068965287,1.0,0.2,0.1,0.1,0.1,0.1,0.1,0.0,0.0,0.1,0,0,0.00010775862068965288,0.0,0.8061911604246911,1.006332831605643,0.19888218380157402,0.0,0.00016175862068965288
792,9.26,-0.003229278794402515,1.0,0.2,0.1,0.1,0.1,0.1,0.1,0.0,0.0,0.1,0,0,-0.0003229278794402515,0.0,0.8059308188228317,1.006332831605643,0.19914088707914077,0.0002587032775667464,-0.0007863344345737444
793,9.13,-0.014038876889848706,1.0,0.2,0.1,0.1,0.1,0.1,0.1,0.0,0.0,0.1,0,0,-0.0014038876889848706,0.0,0.8047993824681128,1.006332831605643,0.20026520332838174,0.0011243162492409753,-0.0035985201874668207
794,8.98,-0.016429353778751408,1.0,0.2,0.1,0.1,0.1,0.1,0.1,0.0,0.0,0.1,0,0,-0.0016429353778751408,0.0,0.8034771490905638,1.006332831605643,0.20157911591875138,0.0013139125903696425,-0.0042167605586144255
795,9.04,0.006681514476614556,1.0,0.2,0.1,0.1,0.1,0.1,0.1,0.0,0.0,0.1,0,0,0.0006681514476614557,0.0,0.8040139935108915,1.006332831605643,0.20104564984920936,0.0,0.0007221514476614556
796,8.99,-0.0055309734513273165,1.0,0.2,0.1,0.1,0.1,0.1,0.1,0.0,0.0,0.1,0,0,-0.0005530973451327316,0.0,0.803569295505631,1.006332831605643,0.20148754937916005,0.00044189952995069004,-0.0013828964050341117
797,8.89,-0.011123470522803075,1.0,0.2,0.1,0.1,0.1,0.1,0.1,0.0,0.0,0.1,0,0,-0.0011123470522803075,0.0,0.8026754475684723,1.006332831605643,0.20237577234981738,0.0008882229706573264,-0.00283479299359496
798,8.94,0.00562429696287952,1.0,0.2,0.1,0.1,0.1,0.1,0.1,0.0,0.0,0.1,0,0,0.000562429696287952,0.0,0.8031268960766661,1.006332831605643,0.20192716479770811,0.0,0.000616429696287952
799,8.78,-0.017897091722595095,1.0,0.2,0.1,0.1,0.1,0.1,0.1,0.0,0.0,0.1,0,0,-0.0017897091722595096,0.0,0.8016895325042693,1.006332831605643,0.20335548307100085,0.0014283182732927335,-0.004592345718844976
800,8.83,0.005694760820045639,1.0,0.2,0.1,0.1,0.1,0.1,0.1,0.0,0.0,0.1,0,0,0.0005694760820045639,0.0,0.8021460755182239,1.006332831605643,0.2029018130727497,0.0,0.0006234760820045638
801,8.68,-0.016987542468856212,1.0,0.2,0.1,0.1,0.1,0.1,0.1,0.0,0.0,0.1,0,0,-0.0016987542468856213,0.0,0.8007834264658147,1.006332831605643,0.20425588700297723,0.0013540739302275173,-0.004352902107340656
802,8.56,-0.013824884792626639,1.0,0.2,0.1,0.1,0.1,0.1,0.1,0.0,0.0,0.1,0,0,-0.001382488479262664,0.0,0.7996763526043412,1.006332831605643,0.20535599407163668,0.001100107068659456,-0.0035287026165815756
803,8.75,0.02219626168224293,1.0,0.2,0.1,0.1,0.1,0.1,0.1,0.0,0.0,0.1,0,0,0.002219626168224293,0.0,0.8014513351626921,1.006332831605643,0.20359218144165542,0.0,0.0022736261682242934
804,8.84,0.01028571428571427,1.0,0.2,0.1,0.1,0.1,0.1,0.1,0.0,0.0,0.1,0,0,0.001028571428571427,0.0,0.8022756851074307,1.006332831605643,0.2027730191139955,0.0,0.001082571428571427
805,8.83,-0.0011312217194569894,1.0,0.2,0.1,0.1,0.1,0.1,0.1,0.0,0.0,0.1,0,0,-0.00011312217194569895,0.0,0.8021849299394321,1.006332831605643,0.20286320316160708,9.01840476115745e-05,-0.00023949026716884797
806,8.87,0.004530011325028216,1.0,0.2,0.1,0.1,0.1,0.1,0.1,0.0,0.0,0.1,0,0,0.0004530011325028216,0.0,0.8025483206211713,1.006332831605643,0.2025020992898797,0.0,0.0005070011325028215
807,9.02,0.016910935738444235,1.0,0.2,0.1,0.1,0.1,0.1,0.1,0.0,0.0,0.1,0,0,0.0016910935738444237,0.0,0.8039055049288734,1.006332831605643,0.20115345571483445,0.0,0.0017450935738444237
808,9.09,0.007760532150776085,1.0,0.2,0.1,0.1,0.1,0.1,0.1,0.0,0.0,0.1,0,0,0.0007760532150776086,0.0,0.804529378380592,1.006332831605643,0.20053350828578828,0.0,0.0008300532150776085
809,9.05,-0.0044004400440043065,1.0,0.2,0.1,0.1,0.1,0.1,0.1,0.0,0.0,0.1,0,0,-0.00044004400440043065,0.0,0.8041753500512716,1.006332831605643,0.20088530872218618,0.00035180043639790326,-0.0010896448771962372
810,8.99,-0.006629834254143701,1.0,0.2,0.1,0.1,0.1,0.1,0.1,0.0,0.0,0.1,0,0,-0.0006629834254143702,0.0,0.8036421951230608,1.006332831605643,0.20141510851750855,0.000529799795322361,-0.0016685830160590922
811,8.94,-0.005561735261401636,1.0,0.2,0.1,0.1,0.1,0.1,0.1,0.0,0.0,0.1,0,0,-0.0005561735261401636,0.0,0.8031952306096442,1.006332831605643,0.20185926029252663,0.00044415177501808123,-0.001390477076176326
812,9.13,0.0212527964205818,1.0,0.2,0.1,0.1,0.1,0.1,0.1,0.0,0.0,0.1,0,0,0.00212527964205818,0.0,0.804902245081857,1.006332831605643,0.2001629880269291,0.0,0.00217927964205818
813,9.12,-0.001095290251916929,1.0,0.2,0.1,0.1,0.1,0.1,0.1,0.0,0.0,0.1,0,0,-0.0001095290251916929,0.0,0.8048140849235786,1.006332831605643,0.2002505933951627,8.760536823360088e-05,-0.00023073976165889466
814,9.27,0.016447368421052672,1.0,0.2,0.1,0.1,0.1,0.1,0.1,0.0,0.0,0.1,0,0,0.0016447368421052674,0.0,0.8061377923000977,1.006332831605643,0.19893521608166786,0.0,0.0016987368421052674
815,9.21,-0.006472491909384976,1.0,0.2,0.1,0.1,0.1,0.1,0.1,0.0,0.0,0.1,0,0,-0.0006472491909384976,0.0,0.8056160202662466,1.006332831605643,0.19945370461494832,0.000518488533280459,-0.0016302262574994155
816,9.14,-0.007600434310532061,1.0,0.2,0.1,0.1,0.1,0.1,0.1,0.0,0.0,0.1,0,0,-0.0007600434310532061,0.0,0.805003717102092,1.006332831605643,0.20006215456800974,0.0006084499530614185,-0.0019229433371760433
817,9.02,-0.013129102844639058,1.0,0.2,0.1,0.1,0.1,0.1,0.1,0.0,0.0,0.1,0,0,-0.001312910284463906,0.0,0.8039468194428769,1.006332831605643,0.2011124011922093,0.0010502466241995578,-0.0033594035328630215
818,9.31,0.03215077605321518,1.0,0.2,0.1,0.1,0.1,0.1,0.1,0.0,0.0,0.1,0,0,0.0032150776053215184,0.0,0.8065315708579371,1.006332831605643,0.19854391556411335,0.0,0.0032690776053215186
819,9.26,-0.005370569280343793,1.0,0.2,0.1,0.1,0.1,0.1,0.1,0.0,0.0,0.1,0,0,-0.0005370569280343793,0.0,0.8060984174901294,1.006332831605643,0.19897434310677492,0.0004304275426615656,-0.0013439120133575105
820,9.13,-0.014038876889848706,1.0,0.2,0.1,0.1,0.1,0.1,0.1,0.0,0.0,0.1,0,0,-0.0014038876889848706,0.0,0.8049667458457048,1.006332831605643,0.2000988931650484,0.0011245500582734713,-0.003598987805531813
821,9.11,-0.0021905805038336637,1.0,0.2,0.1,0.1,0.1,0.1,0.1,0.0,0.0,0.1,0,0,-0.00021905805038336637,0.0,0.8047904113997364,1.006332831605643,0.2002741179420112,0.00017522477696280125,-0.000515507604308969
822,9.03,-0.008781558726673994,1.0,0.2,0.1,0.1,0.1,0.1,0.1,0.0,0.0,0.1,0,0,-0.0008781558726673994,0.0,0.8040836799736993,1.006332831605643,0.20097640192186447,0.0007022839798532798,-0.002228723832373959
823,8.57,-0.050941306755260145,1.0,0.2,0.1,0.1,0.1,0.1,0.1,0.0,0.0,0.1,0,0,-0.005094130675526015,0.0,0.7999875726338554,1.006332831605643,0.2050467325433035,0.004070330621439022,-0.013180791918404062
824,8.38,-0.022170361726954434,1.0,0.2,0.1,0.1,0.1,0.1,0.1,0.0,0.0,0.1,0,0,-0.0022170361726954434,0.0,0.7982139712476194,1.006332831605643,0.20680917269285742,0.0017624401495539288,-0.005687916471803301
825,8.57,0.022673031026252923,1.0,0.2,0.1,0.1,0.1,0.1,0.1,0.0,0.0,0.1,0,0,0.0022673031026252924,0.0,0.8000237642611879,1.006332831605643,0.20501076866913004,0.0,0.0023213031026252926
826,8.66,0.010501750291715269,1.0,0.2,0.1,0.1,0.1,0.1,0.1,0.0,0.0,0.1,0,0,0.001050175029171527,0.0,0.8008639292411589,1.006332831605643,0.20417589082992604,0.0,0.001104175029171527
827,8.6,-0.00692840646651276,1.0,0.2,0.1,0.1,0.1,0.1,0.1,0.0,0.0,0.1,0,0,-0.000692840646651276,0.0,0.8003090581585437,1.006332831605643,0.2047272701203442,0.0005513792904181525,-0.001741599227487581
828,8.65,0.005813953488372176,1.0,0.2,0.1,0.1,0.1,0.1,0.1,0.0,0.0,0.1,0,0,0.0005813953488372176,0.0,0.8007743541225893,1.006332831605643,0.2042649022541351,0.0,0.0006353953488372177
829,8.68,0.003468208092485475,1.0,0.2,0.1,0.1,0.1,0.1,0.1,0.0,0.0,0.1,0,0,0.00034682080924854753,0.0,0.8010520793321116,1.006332831605643,0.2039889247635874,0.0,0.00040082080924854754
830,8.75,0.00806451612903229,1.0,0.2,0.1,0.1,0.1,0.1,0.1,0.0,0.0,0.1,0,0,0.0008064516129032292,0.0,0.8016980890735085,1.006332831605643,0.2033469803480742,0.0,0.0008604516129032291
831,8.96,0.024000000000000098,1.0,0.2,0.1,0.1,0.1,0.1,0.1,0.0,0.0,0.1,0,0,0.0024000000000000098,0.0,0.8036221644872849,1.006332831605643,0.2014350131009096,0.0,0.00245400000000001
832,9.17,0.023437499999999896,1.0,0.2,0.1,0.1,0.1,0.1,0.1,0.0,0.0,0.1,0,0,0.0023437499999999895,0.0,0.805505653935302,1.006332831605643,0.19956337641286476,0.0,0.0023977499999999897
833,9.29,0.013086150490730558,1.0,0.2,0.1,0.1,0.1,0.1,0.1,0.0,0.0,0.1,0,0,0.001308615049073056,0.0,0.8065597507561553,1.006332831605643,0.19851591300140933,0.0,0.001362615049073056
834,9.38,0.009687836383207927,1.0,0.2,0.1,0.1,0.1,0.1,0.1,0.0,0.0,0.1,0,0,0.0009687836383207928,0.0,0.8073411326460159,1.006332831605643,0.19773944833155063,0.0,0.001022783638320793
835,9.37,-0.0010660980810236207,1.0,0.2,0.1,0.1,0.1,0.1,0.1,0.0,0.0,0.1,0,0,-0.00010660980810236207,0.0,0.8072550621627914,1.006332831605643,0.19782497717501207,8.552884346144096e-05,-0.000223667495025244
836,9.27,-0.01067235859124863,1.0,0.2,0.1,0.1,0.1,0.1,0.1,0.0,0.0,0.1,0,0,-0.001067235859124863,0.0,0.8063935306129912,1.006332831605643,0.19868108712466517,0.0008561099496530999,-0.0027254557584310626
837,9.45,0.01941747572815531,1.0,0.2,0.1,0.1,0.1,0.1,0.1,0.0,0.0,0.1,0,0,0.001941747572815531,0.0,0.8079593432937933,1.006332831605643,0.19712512807053822,0.0,0.001995747572815531
838,9.54,0.009523809523809509,1.0,0.2,0.1,0.1,0.1,0.1,0.1,0.0,0.0,0.1,0,0,0.000952380952380951,0.0,0.8087288283826446,1.006332831605643,0.1963604853353672,0.0,0.001006380952380951
839,9.5,-0.00419287211740033,1.0,0.2,0.1,0.1,0.1,0.1,0.1,0.0,0.0,0.1,0,0,-0.000419287211740033,0.0,0.8083897387271383,1.006332831605643,0.19669744110671505,0.0003369557713478466,-0.0010391987544357262
840,9.55,0.005263157894736917,1.0,0.2,0.1,0.1,0.1,0.1,0.1,0.0,0.0,0.1,0,0,0.0005263157894736917,0.0,0.8088152070106789,1.006332831605643,0.19627465028624488,0.0,0.0005803157894736917
841,9.31,-0.025130890052356043,1.0,0.2,0.1,0.1,0.1,0.1,0.1,0.0,0.0,0.1,0,0,-0.0025130890052356045,0.0,0.806782582406673,1.006332831605643,0.19829448362583965,0.0020198333395947676,-0.00649875568442514
842,9.43,0.012889366272824835,1.0,0.2,0.1,0.1,0.1,0.1,0.1,0.0,0.0,0.1,0,0,0.0012889366272824836,0.0,0.8078224740273906,1.006332831605643,0.19726113602149048,0.0,0.0013429366272824836
843,9.38,-0.005302226935312719,1.0,0.2,0.1,0.1,0.1,0.1,0.1,0.0,0.0,0.1,0,0,-0.0005302226935312719,0.0,0.8073941482193167,1.006332831605643,0.19768676638415145,0.000425630362660967,-0.0013274834188532058
844,9.48,0.010660980810234503,1.0,0.2,0.1,0.1,0.1,0.1,0.1,0.0,0.0,0.1,0,0,0.0010660980810234505,0.0,0.8082549095713629,1.006332831605643,0.19683142178541377,0.0,0.0011200980810234505
845,9.45,-0.003164556962025436,1.0,0.2,0.1,0.1,0.1,0.1,0.1,0.0,0.0,0.1,0,0,-0.00031645569620254363,0.0,0.8079991327012453,1.006332831605643,0.19708558905700072,0.00025416727158694696,-0.0007707902393764375
846,9.3,-0.015873015873015723,1.0,0.2,0.1,0.1,0.1,0.1,0.1,0.0,0.0,0.1,0,0,-0.0015873015873015723,0.0,0.8067165943953704,1.006332831605643,0.19836005637595786,0.0012744673189571398,-0.0040822362252158515
847,9.3,0.0,1.0,0.2,0.1,0.1,0.1,0.1,0.1,0.0,0.0,0.1,0,0,0.0,0.0,0.8067165943953704,1.006332831605643,0.19836005637595786,0.0,5.399999999999999e-05
848,9.32,0.002150537634408556,1.0,0.2,0.1,0.1,0.1,0.1,0.1,0.0,0.0,0.1,0,0,0.00021505376344085563,0.0,0.8068900818350253,1.006332831605643,0.19818766068915697,0.0,0.0002690537634408556
849,9.44,0.01287553648068661,1.0,0.2,0.1,0.1,0.1,0.1,0.1,0.0,0.0,0.1,0,0,0.0012875536480686611,0.0,0.8079289961034825,1.006332831605643,0.19715528428661078,0.0,0.0013415536480686611
850,9.51,0.007415254237288166,1.0,0.2,0.1,0.1,0.1,0.1,0.1,0.0,0.0,0.1,0,0,0.0007415254237288166,0.0,0.8085280959946609,1.006332831605643,0.19655995451860295,0.0,0.0007955254237288165
851,9.29,-0.023133543638275567,1.0,0.2,0.1,0.1,0.1,0.1,0.1,0.0,0.0,0.1,0,0,-0.0023133543638275567,0.0,0.8066576839955145,1.006332831605643,0.19841859605389112,0.0018586415352881691,-0.005976637434403895
852,9.23,-0.00645855758880503,1.0,0.2,0.1,0.1,0.1,0.1,0.1,0.0,0.0,0.1,0,0,-0.000645855758880503,0.0,0.8061366994848608,1.006332831605643,0.19893630201984125,0.0005177059659501326,-0.0016272676907807683
853,9.36,0.014084507042253412,1.0,0.2,0.1,0.1,0.1,0.1,0.1,0.0,0.0,0.1,0,0,0.0014084507042253413,0.0,0.8072721032869521,1.006332831605643,0.19780804329029175,0.0,0.0014624507042253414
854,9.25,-0.011752136752136691,1.0,0.2,0.1,0.1,0.1,0.1,0.1,0.0,0.0,0.1,0,0,-0.0011752136752136693,0.0,0.8063233860715507,1.006332831605643,0.19875079024796344,0.0009427469576716863,-0.0030067075905570416
855,9.22,-0.003243243243243174,1.0,0.2,0.1,0.1,0.1,0.1,0.1,0.0,0.0,0.1,0,0,-0.0003243243243243174,0.0,0.8060618757841762,1.006332831605643,0.19901065485653166,0.00025986460856822213,-0.0007900535414607617
856,8.95,-0.029284164859002315,1.0,0.2,0.1,0.1,0.1,0.1,0.1,0.0,0.0,0.1,0,0,-0.0029284164859002316,0.0,0.8037013908984741,1.006332831605643,0.20135628525988022,0.002345630403348564,-0.007565677292597359
857,8.74,-0.023463687150837888,1.0,0.2,0.1,0.1,0.1,0.1,0.1,0.0,0.0,0.1,0,0,-0.0023463687150837888,0.0,0.8018156110986007,1.006332831605643,0.20323019788664473,0.0018739126267645068,-0.006040193968612802
858,8.82,0.009153318077803212,1.0,0.2,0.1,0.1,0.1,0.1,0.1,0.0,0.0,0.1,0,0,0.0009153318077803213,0.0,0.8025495384314141,1.006332831605643,0.20250088914329148,0.0,0.0009693318077803212
859,9.12,0.03401360544217675,1.0,0.2,0.1,0.1,0.1,0.1,0.1,0.0,0.0,0.1,0,0,0.0034013605442176752,0.0,0.8052792987662147,1.006332831605643,0.19978830713357487,0.0,0.0034553605442176755
860,9.04,-0.008771929824561412,1.0,0.2,0.1,0.1,0.1,0.1,0.1,0.0,0.0,0.1,0,0,-0.0008771929824561412,0.0,0.8045729134164198,1.006332831605643,0.20049024721503667,0.0007019400814617938,-0.0022270731453797286
861,9.17,0.014380530973451416,1.0,0.2,0.1,0.1,0.1,0.1,0.1,0.0,0.0,0.1,0,0,0.0014380530973451416,0.0,0.8057299319865984,1.006332831605643,0.1993405097386865,0.0,0.0014920530973451416
862,9.01,-0.01744820065430754,1.0,0.2,0.1,0.1,0.1,0.1,0.1,0.0,0.0,0.1,0,0,-0.001744820065430754,0.0,0.80432407823395,1.006332831605643,0.20073751648287197,0.0013970067441854694,-0.004484833553801693
863,8.89,-0.013318534961154187,1.0,0.2,0.1,0.1,0.1,0.1,0.1,0.0,0.0,0.1,0,0,-0.0013318534961154187,0.0,0.8032528363983443,1.006332831605643,0.20180201701585815,0.001064500532986179,-0.0034068545620877765
864,8.71,-0.02024746906636667,1.0,0.2,0.1,0.1,0.1,0.1,0.1,0.0,0.0,0.1,0,0,-0.0020247469066366672,0.0,0.8016264527025997,1.006332831605643,0.20341816591278888,0.0016161488969307358,-0.005203044700498139
865,8.65,-0.006888633754305452,1.0,0.2,0.1,0.1,0.1,0.1,0.1,0.0,0.0,0.1,0,0,-0.0006888633754305452,0.0,0.8010742415985566,1.006332831605643,0.20396690196382486,0.0005487360510359751,-0.0017323354775024954
866,8.53,-0.013872832369942311,1.0,0.2,0.1,0.1,0.1,0.1,0.1,0.0,0.0,0.1,0,0,-0.001387283236994231,0.0,0.799962924731599,1.006332831605643,0.205071225336823,0.0011043233729981505,-0.003541929982990532
867,8.51,-0.002344665885111322,1.0,0.2,0.1,0.1,0.1,0.1,0.1,0.0,0.0,0.1,0,0,-0.0002344665885111322,0.0,0.7997753601537019,1.006332831605643,0.20525760957472758,0.00018638423790456882,-0.0005532350643202699
868,8.56,0.005875440658049437,1.0,0.2,0.1,0.1,0.1,0.1,0.1,0.0,0.0,0.1,0,0,0.0005875440658049437,0.0,0.8002452634205373,1.006332831605643,0.2047906633993895,0.0,0.0006415440658049436
869,8.69,0.015186915887850351,1.0,0.2,0.1,0.1,0.1,0.1,0.1,0.0,0.0,0.1,0,0,0.0015186915887850352,0.0,0.8014605891710591,1.006332831605643,0.2035829856685708,0.0,0.0015726915887850352
870,8.75,0.006904487917146203,1.0,0.2,0.1,0.1,0.1,0.1,0.1,0.0,0.0,0.1,0,0,0.0006904487917146203,0.0,0.8020139566664591,1.006332831605643,0.20303310050332474,0.0,0.0007444487917146202
871,8.81,0.006857142857142914,1.0,0.2,0.1,0.1,0.1,0.1,0.1,0.0,0.0,0.1,0,0,0.0006857142857142914,0.0,0.8025639090938876,1.006332831605643,0.20248660891509837,0.0,0.0007397142857142914
872,8.73,-0.0090805902383655,1.0,0.2,0.1,0.1,0.1,0.1,0.1,0.0,0.0,0.1,0,0,-0.00090805902383655,0.0,0.8018351336940295,1.006332831605643,0.20321079814650342,0.000724189231405048,-0.002302437486646646
873,8.66,-0.008018327605956504,1.0,0.2,0.1,0.1,0.1,0.1,0.1,0.0,0.0,0.1,0,0,-0.0008018327605956504,0.0,0.8011921960152371,1.006332831605643,0.20384968983183838,0.000638891685334958,-0.002025616131265566
874,8.64,-0.002309468822170851,1.0,0.2,0.1,0.1,0.1,0.1,0.1,0.0,0.0,0.1,0,0,-0.00023094688221708513,0.0,0.8010071631755107,1.006332831605643,0.20403355826374786,0.0001838684319094841,-0.0005446837460360534
875,8.67,0.003472222222222148,1.0,0.2,0.1,0.1,0.1,0.1,0.1,0.0,0.0,0.1,0,0,0.0003472222222222148,0.0,0.8012852906627245,1.006332831605643,0.20375718102703383,0.0,0.0004012222222222148
876,8.65,-0.0023068050749711156,1.0,0.2,0.1,0.1,0.1,0.1,0.1,0.0,0.0,0.1,0,0,-0.00023068050749711156,0.0,0.8011004497652244,1.006332831605643,0.20394085872460543,0.0001836776975716048,-0.0005440359026403211
877,8.69,0.0046242774566473,1.0,0.2,0.1,0.1,0.1,0.1,0.1,0.0,0.0,0.1,0,0,0.00046242774566473006,0.0,0.8014709008402603,1.006332831605643,0.2035727388904897,0.0,0.00051642774566473
878,8.8,0.012658227848101406,1.0,0.2,0.1,0.1,0.1,0.1,0.1,0.0,0.0,0.1,0,0,0.0012658227848101407,0.0,0.8024854209679062,1.006332831605643,0.20256460311693336,0.0,0.0013198227848101407
879,8.67,-0.014772727272727361,1.0,0.2,0.1,0.1,0.1,0.1,0.1,0.0,0.0,0.1,0,0,-0.0014772727272727361,0.0,0.8012999311414764,1.006332831605643,0.20374263268051063,0.0011780295635772653,-0.0037793318544272663
880,8.74,0.00807381776239911,1.0,0.2,0.1,0.1,0.1,0.1,0.1,0.0,0.0,0.1,0,0,0.000807381776239911,0.0,0.8019468861031823,1.006332831605643,0.20309974899294003,0.0,0.000861381776239911
881,8.6,-0.01601830663615567,1.0,0.2,0.1,0.1,0.1,0.1,0.1,0.0,0.0,0.1,0,0,-0.001601830663615567,0.0,0.8006623029904313,1.006332831605643,0.20437624825084602,0.0012764992579059886,-0.004100829179427544
882,8.6,0.0,1.0,0.2,0.1,0.1,0.1,0.1,0.1,0.0,0.0,0.1,0,0,0.0,0.0,0.8006623029904313,1.006332831605643,0.20437624825084602,0.0,5.399999999999999e-05
883,8.57,-0.0034883720930231816,1.0,0.2,0.1,0.1,0.1,0.1,0.1,0.0,0.0,0.1,0,0,-0.00034883720930231816,0.0,0.8003830021870625,1.006332831605643,0.2046537914200609,0.0002775431692148833,-0.0008499235477320849
884,8.57,0.0,1.0,0.2,0.1,0.1,0.1,0.1,0.1,0.0,0.0,0.1,0,0,0.0,0.0,0.8003830021870625,1.006332831605643,0.2046537914200609,0.0,5.399999999999999e-05
885,8.61,0.004667444574095583,1.0,0.2,0.1,0.1,0.1,0.1,0.1,0.0,0.0,0.1,0,0,0.00046674445740955837,0.0,0.8007565765171382,1.006332831605643,0.20428256798548447,0.0,0.0005207444574095583
886,8.6,-0.001161440185830405,1.0,0.2,0.1,0.1,0.1,0.1,0.1,0.0,0.0,0.1,0,0,-0.0001161440185830405,0.0,0.8006635734304346,1.006332831605643,0.20437498580569527,9.241782021079947e-05,-0.0002469796590046394
887,8.54,-0.00697674418604657,1.0,0.2,0.1,0.1,0.1,0.1,0.1,0.0,0.0,0.1,0,0,-0.000697674418604657,0.0,0.8001049709373436,1.006332831605643,0.20493007302490063,0.000555087219205358,-0.001753848857015373
888,8.22,-0.037470725995315986,1.0,0.2,0.1,0.1,0.1,0.1,0.1,0.0,0.0,0.1,0,0,-0.0037470725995315986,0.0,0.7971069195239953,1.006332831605643,0.20790925776298058,0.002979184738079954,-0.009651442075691508
889,8.0,-0.026763990267639978,1.0,0.2,0.1,0.1,0.1,0.1,0.1,0.0,0.0,0.1,0,0,-0.002676399026763998,0.0,0.7949735433403544,1.006332831605643,0.21002920865461247,0.0021199508916318888,-0.006862300810027776
890,7.8,-0.025000000000000022,1.0,0.2,0.1,0.1,0.1,0.1,0.1,0.0,0.0,0.1,0,0,-0.0025000000000000022,0.0,0.7929861094820035,1.006332831605643,0.21200413563297593,0.0019749269783634615,-0.006395853956726925
891,7.75,-0.0064102564102563875,1.0,0.2,0.1,0.1,0.1,0.1,0.1,0.0,0.0,0.1,0,0,-0.0006410256410256387,0.0,0.7924777850528484,1.006332831605643,0.2125092611870574,0.0005051255540814703,-0.0015972767491885794
892,7.68,-0.009032258064516166,1.0,0.2,0.1,0.1,0.1,0.1,0.1,0.0,0.0,0.1,0,0,-0.0009032258064516167,0.0,0.791761998666349,1.006332831605643,0.21322054314469494,0.0007112819576375329,-0.002271789721726682
893,7.58,-0.013020833333333287,1.0,0.2,0.1,0.1,0.1,0.1,0.1,0.0,0.0,0.1,0,0,-0.0013020833333333287,0.0,0.7907310585639188,1.006332831605643,0.21424499556247534,0.0010244524177804026,-0.0032969881688941337
894,7.15,-0.056728232189973575,1.0,0.2,0.1,0.1,0.1,0.1,0.1,0.0,0.0,0.1,0,0,-0.005672823218997358,0.0,0.786245381054915,1.006332831605643,0.21870244479609188,0.004457449233616545,-0.01453372168623045
895,7.29,0.019580419580419534,1.0,0.2,0.1,0.1,0.1,0.1,0.1,0.0,0.0,0.1,0,0,0.0019580419580419533,0.0,0.7877848825003373,1.006332831605643,0.217172631401287,0.0,0.0020120419580419535
896,7.51,0.030178326474622735,1.0,0.2,0.1,0.1,0.1,0.1,0.1,0.0,0.0,0.1,0,0,0.0030178326474622737,0.0,0.7901622854379241,1.006332831605643,0.21481018941100274,0.0,0.003071832647462274
897,7.6,0.011984021304926746,1.0,0.2,0.1,0.1,0.1,0.1,0.1,0.0,0.0,0.1,0,0,0.0011984021304926747,0.0,0.7911092176042279,1.006332831605643,0.2138692162691517,0.0,0.0012524021304926747
898,7.5,-0.01315789473684206,1.0,0.2,0.1,0.1,0.1,0.1,0.1,0.0,0.0,0.1,0,0,-0.001315789473684206,0.0,0.7900682844231698,1.006332831605643,0.2149035988793238,0.0010343826101721076,-0.003330554694028421
899,7.59,0.011999999999999981,1.0,0.2,0.1,0.1,0.1,0.1,0.1,0.0,0.0,0.1,0,0,0.0011999999999999982,0.0,0.7910163663644777,1.006332831605643,0.2139614831979789,0.0,0.0012539999999999982
900,7.79,0.026350461133069852,1.0,0.2,0.1,0.1,0.1,0.1,0.1,0.0,0.0,0.1,0,0,0.0026350461133069856,0.0,0.7931007309662286,1.006332831605643,0.21189023545937022,0.0,0.002689046113306986
901,7.79,0.0,1.0,0.2,0.1,0.1,0.1,0.1,0.1,0.0,0.0,0.1,0,0,0.0,0.0,0.7931007309662286,1.006332831605643,0.21189023545937022,0.0,5.399999999999999e-05
902,7.62,-0.021822849807445435,1.0,0.2,0.1,0.1,0.1,0.1,0.1,0.0,0.0,0.1,0,0,-0.002182284980744544,0.0,0.7913699591528234,1.006332831605643,0.21361011556170542,0.0017198801023352028,-0.00556804518541495
903,7.64,0.0026246719160104427,1.0,0.2,0.1,0.1,0.1,0.1,0.1,0.0,0.0,0.1,0,0,0.0002624671916010443,0.0,0.7915776678035196,1.006332831605643,0.21340371401723351,0.0,0.0003164671916010443
904,7.48,-0.020942408376963255,1.0,0.2,0.1,0.1,0.1,0.1,0.1,0.0,0.0,0.1,0,0,-0.0020942408376963258,0.0,0.789919913525397,1.006332831605643,0.21505103608211887,0.0016473220648853537,-0.005334884967467033
905,7.6,0.016042780748662996,1.0,0.2,0.1,0.1,0.1,0.1,0.1,0.0,0.0,0.1,0,0,0.0016042780748662996,0.0,0.7911871647235662,1.006332831605643,0.2137917596694163,0.0,0.0016582780748662996
906,7.55,-0.00657894736842103,1.0,0.2,0.1,0.1,0.1,0.1,0.1,0.0,0.0,0.1,0,0,-0.000657894736842103,0.0,0.7906666468520376,1.006332831605643,0.21430900193279165,0.0005172422633753504,-0.0016383792635928038
907,7.58,0.003973509933774867,1.0,0.2,0.1,0.1,0.1,0.1,0.1,0.0,0.0,0.1,0,0,0.00039735099337748675,0.0,0.7909808190295946,1.006332831605643,0.21399680683422198,0.0,0.00045135099337748676
908,7.6,0.0026385224274405768,1.0,0.2,0.1,0.1,0.1,0.1,0.1,0.0,0.0,0.1,0,0,0.0002638522427440577,0.0,0.791189521092663,1.006332831605643,0.21378941812890123,0.0,0.0003178522427440577
909,7.46,-0.018421052631578907,1.0,0.2,0.1,0.1,0.1,0.1,0.1,0.0,0.0,0.1,0,0,-0.0018421052631578908,0.0,0.7897320667117029,1.006332831605643,0.21523770077971638,0.001448282650815147,-0.004684670564788184
910,7.55,0.012064343163538854,1.0,0.2,0.1,0.1,0.1,0.1,0.1,0.0,0.0,0.1,0,0,0.0012064343163538855,0.0,0.790684826577709,1.006332831605643,0.21429093661175624,0.0,0.0012604343163538855
911,7.33,-0.029139072847682086,1.0,0.2,0.1,0.1,0.1,0.1,0.1,0.0,0.0,0.1,0,0,-0.002913907284768209,0.0,0.7883808443015885,1.006332831605643,0.21658041997527167,0.002289483363515421,-0.007438874011799051
912,7.44,0.015006821282401136,1.0,0.2,0.1,0.1,0.1,0.1,0.1,0.0,0.0,0.1,0,0,0.0015006821282401136,0.0,0.7895639533448788,1.006332831605643,0.2154047562126151,0.0,0.0015546821282401136
913,7.4,-0.00537634408602151,1.0,0.2,0.1,0.1,0.1,0.1,0.1,0.0,0.0,0.1,0,0,-0.0005376344086021511,0.0,0.7891394565957687,1.006332831605643,0.21582658161250082,0.00042182539988572243,-0.001327285208373596
914,7.5,0.013513513513513466,1.0,0.2,0.1,0.1,0.1,0.1,0.1,0.0,0.0,0.1,0,0,0.0013513513513513467,0.0,0.7902058612668441,1.006332831605643,0.214766887803869,0.0,0.0014053513513513467
915,7.44,-0.007999999999999948,1.0,0.2,0.1,0.1,0.1,0.1,0.1,0.0,0.0,0.1,0,0,-0.0007999999999999948,0.0,0.7895736965778306,1.006332831605643,0.21539507429362592,0.0006281864897569323,-0.002002372979513859
916,7.38,-0.008064516129032324,1.0,0.2,0.1,0.1,0.1,0.1,0.1,0.0,0.0,0.1,0,0,-0.0008064516129032324,0.0,0.7889369435967194,1.006332831605643,0.2160278202014537,0.0006327459078277753,-0.0020179434285587826
917,7.29,-0.012195121951219494,1.0,0.2,0.1,0.1,0.1,0.1,0.1,0.0,0.0,0.1,0,0,-0.0012195121951219495,0.0,0.7879748253728209,1.006332831605643,0.21698388383535439,0.0009560636339006889,-0.0030776394629233273
918,7.25,-0.005486968449931418,1.0,0.2,0.1,0.1,0.1,0.1,0.1,0.0,0.0,0.1,0,0,-0.0005486968449931417,0.0,0.7875424660722048,1.006332831605643,0.21741352230787275,0.00042963847251836773,-0.0013539737900298773
919,7.18,-0.009655172413793142,1.0,0.2,0.1,0.1,0.1,0.1,0.1,0.0,0.0,0.1,0,0,-0.0009655172413793143,0.0,0.7867820802428938,1.006332831605643,0.21816912304495475,0.0007556007370820017,-0.0024227187155433172
920,7.12,-0.008356545961002732,1.0,0.2,0.1,0.1,0.1,0.1,0.1,0.0,0.0,0.1,0,0,-0.0008356545961002732,0.0,0.7861246021814094,1.006332831605643,0.21882246361065535,0.0006533405657005997,-0.0020883357275014724
921,6.51,-0.08567415730337083,1.0,0.2,0.1,0.1,0.1,0.1,0.1,0.0,0.0,0.1,0,0,-0.008567415730337083,0.0,0.7793895458986755,1.006332831605643,0.22551513632410336,0.006692672713448006,-0.021898761157233094
922,6.59,0.012288786482334882,1.0,0.2,0.1,0.1,0.1,0.1,0.1,0.0,0.0,0.1,0,0,0.0012288786482334882,0.0,0.7803473210702868,1.006332831605643,0.22456338841175197,0.0,0.0012828786482334883
923,6.77,0.027314112291350487,1.0,0.2,0.1,0.1,0.1,0.1,0.1,0.0,0.0,0.1,0,0,0.002731411229135049,0.0,0.7824787705056836,1.006332831605643,0.22244535214337746,0.0,0.0027854112291350493
924,6.82,0.007385524372230534,1.0,0.2,0.1,0.1,0.1,0.1,0.1,0.0,0.0,0.1,0,0,0.0007385524372230534,0.0,0.7830566721087158,1.006332831605643,0.22187108726312893,0.0,0.0007925524372230534
925,6.92,0.014662756598240416,1.0,0.2,0.1,0.1,0.1,0.1,0.1,0.0,0.0,0.1,0,0,0.0014662756598240417,0.0,0.7842048490472916,1.006332831605643,0.22073013577817752,0.0,0.0015202756598240417
926,7.0,0.011560693641618507,1.0,0.2,0.1,0.1,0.1,0.1,0.1,0.0,0.0,0.1,0,0,0.0011560693641618507,0.0,0.7851114442485024,1.006332831605643,0.219829245761736,0.0,0.0012100693641618507
927,6.59,-0.058571428571428594,1.0,0.2,0.1,0.1,0.1,0.1,0.1,0.0,0.0,0.1,0,0,-0.005857142857142859,0.0,0.7805129343607612,1.006332831605643,0.2243988173222744,0.004569571560538416,-0.014942285978219692
928,6.61,0.003034901365705685,1.0,0.2,0.1,0.1,0.1,0.1,0.1,0.0,0.0,0.1,0,0,0.0003034901365705685,0.0,0.7807498123378055,1.006332831605643,0.2241634300134192,0.0,0.0003574901365705685
929,6.74,0.019667170953101346,1.0,0.2,0.1,0.1,0.1,0.1,0.1,0.0,0.0,0.1,0,0,0.0019667170953101346,0.0,0.7822853263408904,1.006332831605643,0.22263757896805983,0.0,0.002020717095310135
930,6.79,0.007418397626112733,1.0,0.2,0.1,0.1,0.1,0.1,0.1,0.0,0.0,0.1,0,0,0.0007418397626112734,0.0,0.7828656567016775,1.006332831605643,0.2220609006141785,0.0,0.0007958397626112733
931,6.78,-0.0014727540500736062,1.0,0.2,0.1,0.1,0.1,0.1,0.1,0.0,0.0,0.1,0,0,-0.00014727540500736064,0.0,0.7827503598450204,1.006332831605643,0.2221754719101116,0.0001145712959331191,-0.00032241799687359883
932,6.78,0.0,1.0,0.2,0.1,0.1,0.1,0.1,0.1,0.0,0.0,0.1,0,0,0.0,0.0,0.7827503598450204,1.006332831605643,0.2221754719101116,0.0,5.399999999999999e-05
933,6.7,-0.011799410029498535,1.0,0.2,0.1,0.1,0.1,0.1,0.1,0.0,0.0,0.1,0,0,-0.0011799410029498536,0.0,0.7818267606003655,1.006332831605643,0.223093258963905,0.0009177870537933897,-0.0029615151105366324
934,6.79,0.013432835820895501,1.0,0.2,0.1,0.1,0.1,0.1,0.1,0.0,0.0,0.1,0,0,0.0013432835820895502,0.0,0.7828769756519182,1.006332831605643,0.22204965289385659,0.0,0.0013972835820895502
935,6.82,0.0044182621502209495,1.0,0.2,0.1,0.1,0.1,0.1,0.1,0.0,0.0,0.1,0,0,0.00044182621502209495,0.0,0.7832228712228984,1.006332831605643,0.2217059340365196,0.0,0.0004958262150220948
936,6.75,-0.01026392961876837,1.0,0.2,0.1,0.1,0.1,0.1,0.1,0.0,0.0,0.1,0,0,-0.001026392961876837,0.0,0.7824189767802943,1.006332831605643,0.22250476958809495,0.0007988355515753665,-0.0025700640650275696
937,6.86,0.016296296296296343,1.0,0.2,0.1,0.1,0.1,0.1,0.1,0.0,0.0,0.1,0,0,0.0016296296296296345,0.0,0.7836940299276399,1.006332831605643,0.22123774032372,0.0,0.0016836296296296345
938,6.83,-0.004373177842565633,1.0,0.2,0.1,0.1,0.1,0.1,0.1,0.0,0.0,0.1,0,0,-0.00043731778425656334,0.0,0.7833513065909369,1.006332831605643,0.22157830690958424,0.0003405665858642326,-0.0010644509559850285
939,6.5,-0.04831625183016106,1.0,0.2,0.1,0.1,0.1,0.1,0.1,0.0,0.0,0.1,0,0,-0.004831625183016107,0.0,0.7795664466908636,1.006332831605643,0.22533934876492587,0.0037610418553416236,-0.012299708893699355
940,6.54,0.006153846153846159,1.0,0.2,0.1,0.1,0.1,0.1,0.1,0.0,0.0,0.1,0,0,0.000615384615384616,0.0,0.7800461798888273,1.006332831605643,0.2248626345180119,0.0,0.0006693846153846159
941,6.62,0.012232415902140683,1.0,0.2,0.1,0.1,0.1,0.1,0.1,0.0,0.0,0.1,0,0,0.0012232415902140685,0.0,0.7810003648183549,1.006332831605643,0.2239144542544254,0.0,0.0012772415902140685
942,6.64,0.003021148036253712,1.0,0.2,0.1,0.1,0.1,0.1,0.1,0.0,0.0,0.1,0,0,0.0003021148036253712,0.0,0.7812363165902033,1.006332831605643,0.223679987322176,0.0,0.0003561148036253712
943,6.57,-0.010542168674698704,1.0,0.2,0.1,0.1,0.1,0.1,0.1,0.0,0.0,0.1,0,0,-0.0010542168674698704,0.0,0.7804127240877738,1.006332831605643,0.22449839697409543,0.0008184096519194273,-0.0026370361713087247
944,6.81,0.0365296803652967,1.0,0.2,0.1,0.1,0.1,0.1,0.1,0.0,0.0,0.1,0,0,0.00365296803652967,0.0,0.7832635468241674,1.006332831605643,0.22166551440596438,0.0,0.00370696803652967
945,6.77,-0.005873715124816452,1.0,0.2,0.1,0.1,0.1,0.1,0.1,0.0,0.0,0.1,0,0,-0.0005873715124816453,0.0,0.7828034801299976,1.006332831605643,0.22212268590998438,0.0004571715040199986,-0.0014477145205216426
946,6.8,0.004431314623338294,1.0,0.2,0.1,0.1,0.1,0.1,0.1,0.0,0.0,0.1,0,0,0.0004431314623338294,0.0,0.7831503649808677,1.006332831605643,0.2217779839982753,0.0,0.0004971314623338294
947,6.83,0.004411764705882389,1.0,0.2,0.1,0.1,0.1,0.1,0.1,0.0,0.0,0.1,0,0,0.00044117647058823894,0.0,0.7834958724948299,1.006332831605643,0.2214346507559215,0.0,0.0004951764705882389
948,6.83,0.0,1.0,0.2,0.1,0.1,0.1,0.1,0.1,0.0,0.0,0.1,0,0,0.0,0.0,0.7834958724948299,1.006332831605643,0.2214346507559215,0.0,5.399999999999999e-05
949,6.82,-0.0014641288433381826,1.0,0.2,0.1,0.1,0.1,0.1,0.1,0.0,0.0,0.1,0,0,-0.00014641288433381826,0.0,0.7833811586042743,1.006332831605643,0.22154864275434671,0.00011399199842521135,-0.00032039688118424095
950,6.73,-0.0131964809384164,1.0,0.2,0.1,0.1,0.1,0.1,0.1,0.0,0.0,0.1,0,0,-0.00131964809384164,0.0,0.7823473711515707,1.006332831605643,0.22257592460408435,0.0010272818497376324,-0.0033202117933169044
951,7.0,0.04011887072808314,1.0,0.2,0.1,0.1,0.1,0.1,0.1,0.0,0.0,0.1,0,0,0.0040118870728083145,0.0,0.7854860604563393,1.006332831605643,0.21945698700591348,0.0,0.004065887072808315
952,6.79,-0.029999999999999995,1.0,0.2,0.1,0.1,0.1,0.1,0.1,0.0,0.0,0.1,0,0,-0.0029999999999999996,0.0,0.7831296022749703,1.006332831605643,0.22179861604489573,0.002341629038982246,-0.007629258077964491
953,6.78,-0.0014727540500736062,1.0,0.2,0.1,0.1,0.1,0.1,0.1,0.0,0.0,0.1,0,0,-0.00014727540500736064,0.0,0.783014266545622,1.006332831605643,0.22191322596889498,0.00011460992399925374,-0.0003224952530058681
954,7.04,0.03834808259587017,1.0,0.2,0.1,0.1,0.1,0.1,0.1,0.0,0.0,0.1,0,0,0.003834808259587017,0.0,0.7860169761223456,1.006332831605643,0.21892941238116517,0.0,0.0038888082595870174
955,6.98,-0.008522727272727217,1.0,0.2,0.1,0.1,0.1,0.1,0.1,0.0,0.0,0.1,0,0,-0.0008522727272727217,0.0,0.7853470752904231,1.006332831605643,0.21959509754106754,0.0006656851599023683,-0.002129643047077458
956,7.09,0.015759312320916822,1.0,0.2,0.1,0.1,0.1,0.1,0.1,0.0,0.0,0.1,0,0,0.0015759312320916823,0.0,0.7865847282744053,1.006332831605643,0.21836523308160494,0.0,0.0016299312320916823
957,7.09,0.0,1.0,0.2,0.1,0.1,0.1,0.1,0.1,0.0,0.0,0.1,0,0,0.0,0.0,0.7865847282744053,1.006332831605643,0.21836523308160494,0.0,5.399999999999999e-05
958,7.12,0.00423131170662909,1.0,0.2,0.1,0.1,0.1,0.1,0.1,0.0,0.0,0.1,0,0,0.00042313117066290903,0.0,0.7869175567913056,1.006332831605643,0.21803449904764793,0.0,0.00047713117066290904
959,6.95,-0.02387640449438201,1.0,0.2,0.1,0.1,0.1,0.1,0.1,0.0,0.0,0.1,0,0,-0.0023876404494382014,0.0,0.7850386806023376,1.006332831605643,0.21990155150778695,0.0018670524601390182,-0.006067745369716238
960,7.07,0.017266187050359726,1.0,0.2,0.1,0.1,0.1,0.1,0.1,0.0,0.0,0.1,0,0,0.0017266187050359726,0.0,0.7863941430724424,1.006332831605643,0.21855461893485076,0.0,0.0017806187050359726
961,7.15,0.011315417256011324,1.0,0.2,0.1,0.1,0.1,0.1,0.1,0.0,0.0,0.1,0,0,0.0011315417256011326,0.0,0.7872839808580971,1.006332831605643,0.21767038087989732,0.0,0.0011855417256011326
962,7.17,0.0027972027972027374,1.0,0.2,0.1,0.1,0.1,0.1,0.1,0.0,0.0,0.1,0,0,0.00027972027972027376,0.0,0.787504200153442,1.006332831605643,0.2174515474200036,0.0,0.00033372027972027377
963,7.3,0.018131101813110166,1.0,0.2,0.1,0.1,0.1,0.1,0.1,0.0,0.0,0.1,0,0,0.0018131101813110167,0.0,0.7889320320365655,1.006332831605643,0.2160327008532616,0.0,0.0018671101813110167
964,7.24,-0.008219178082191728,1.0,0.2,0.1,0.1,0.1,0.1,0.1,0.0,0.0,0.1,0,0,-0.0008219178082191728,0.0,0.7882835947499601,1.006332831605643,0.21667705753749172,0.0006443566842301296,-0.0020566311766794317
965,7.24,0.0,1.0,0.2,0.1,0.1,0.1,0.1,0.1,0.0,0.0,0.1,0,0,0.0,0.0,0.7882835947499601,1.006332831605643,0.21667705753749172,0.0,5.399999999999999e-05
966,7.18,-0.008287292817679627,1.0,0.2,0.1,0.1,0.1,0.1,0.1,0.0,0.0,0.1,0,0,-0.0008287292817679627,0.0,0.7876303210526535,1.006332831605643,0.21732622019699108,0.0006491626594993527,-0.0020730546007666677
967,7.16,-0.0027855153203342024,1.0,0.2,0.1,0.1,0.1,0.1,0.1,0.0,0.0,0.1,0,0,-0.00027855153203342023,0.0,0.7874109254200483,1.006332831605643,0.2175442351774376,0.00021801498044651813,-0.0006605814929264566
968,7.09,-0.009776536312849202,1.0,0.2,0.1,0.1,0.1,0.1,0.1,0.0,0.0,0.1,0,0,-0.0009776536312849202,0.0,0.786641110269498,1.006332831605643,0.21830920589723615,0.0007649707197985578,-0.0024535950708820357
969,7.01,-0.011283497884344157,1.0,0.2,0.1,0.1,0.1,0.1,0.1,0.0,0.0,0.1,0,0,-0.0011283497884344157,0.0,0.7857535039391516,1.006332831605643,0.2191912265393832,0.0008820206421470411,-0.0028383910727284977
970,6.99,-0.0028530670470755456,1.0,0.2,0.1,0.1,0.1,0.1,0.1,0.0,0.0,0.1,0,0,-0.00028530670470755455,0.0,0.7855293231962303,1.006332831605643,0.219413996517546,0.0002227699781628123,-0.0006768466610331793
971,7.14,0.021459227467811082,1.0,0.2,0.1,0.1,0.1,0.1,0.1,0.0,0.0,0.1,0,0,0.0021459227467811085,0.0,0.7872150084391406,1.006332831605643,0.21773891925685404,0.0,0.0021999227467811087
972,7.04,-0.014005602240896309,1.0,0.2,0.1,0.1,0.1,0.1,0.1,0.0,0.0,0.1,0,0,-0.0014005602240896309,0.0,0.7861124664105144,1.006332831605643,0.21883452301139628,0.0010956037545422348,-0.0035377677331741002
973,7.03,-0.0014204545454545151,1.0,0.2,0.1,0.1,0.1,0.1,0.1,0.0,0.0,0.1,0,0,-0.00014204545454545153,0.0,0.7860008027078993,1.006332831605643,0.2189454840166503,0.0001109610052540122,-0.00030996746505347595
974,7.04,0.0014224751066856027,1.0,0.2,0.1,0.1,0.1,0.1,0.1,0.0,0.0,0.1,0,0,0.00014224751066856028,0.0,0.7861126093654679,1.006332831605643,0.21883438095605529,0.0,0.00019624751066856026
975,6.95,-0.012784090909090889,1.0,0.2,0.1,0.1,0.1,0.1,0.1,0.0,0.0,0.1,0,0,-0.001278409090909089,0.0,0.7851076358591769,1.006332831605643,0.21983303018494665,0.0009986492288913684,-0.0032217075486918254
976,6.75,-0.028776978417266213,1.0,0.2,0.1,0.1,0.1,0.1,0.1,0.0,0.0,0.1,0,0,-0.0028776978417266214,0.0,0.7828483333099419,1.006332831605643,0.2220781149901698,0.0022450848052231465,-0.007313867452172914
977,7.07,0.04740740740740745,1.0,0.2,0.1,0.1,0.1,0.1,0.1,0.0,0.0,0.1,0,0,0.004740740740740745,0.0,0.7865596142974852,1.006332831605643,0.21839018901678992,0.0,0.004794740740740745
978,7.2,0.01838755304101837,1.0,0.2,0.1,0.1,0.1,0.1,0.1,0.0,0.0,0.1,0,0,0.001838755304101837,0.0,0.7880059049602671,1.006332831605643,0.2169529998311064,0.0,0.0018927553041018371
979,7.34,0.0194444444444444,1.0,0.2,0.1,0.1,0.1,0.1,0.1,0.0,0.0,0.1,0,0,0.00194444444444444,0.0,0.7895381386643566,1.006332831605643,0.21543040844188902,0.0,0.0019984444444444403
980,7.47,0.017711171662125328,1.0,0.2,0.1,0.1,0.1,0.1,0.1,0.0,0.0,0.1,0,0,0.0017711171662125329,0.0,0.7909365032151245,1.006332831605643,0.2140408437701921,0.0,0.001825117166212533
981,7.4,-0.009370816599732181,1.0,0.2,0.1,0.1,0.1,0.1,0.1,0.0,0.0,0.1,0,0,-0.0009370816599732182,0.0,0.7901953311237583,1.006332831605643,0.2147773516809831,0.0007365079107909955,-0.002356097481555209
982,7.35,-0.0067567567567568525,1.0,0.2,0.1,0.1,0.1,0.1,0.1,0.0,0.0,0.1,0,0,-0.0006756756756756853,0.0,0.7896614153594854,1.006332831605643,0.21530790752444195,0.0005305558434588464,-0.001682787362593378
983,7.4,0.006802721088435471,1.0,0.2,0.1,0.1,0.1,0.1,0.1,0.0,0.0,0.1,0,0,0.0006802721088435471,0.0,0.7901985999957843,1.006332831605643,0.2147741033799008,0.0,0.0007342721088435471
984,7.34,-0.008108108108108174,1.0,0.2,0.1,0.1,0.1,0.1,0.1,0.0,0.0,0.1,0,0,-0.0008108108108108175,0.0,0.7895578984282202,1.006332831605643,0.21541077302580897,0.0006366696459081667,-0.0020301501026271504
985,7.51,0.023160762942779283,1.0,0.2,0.1,0.1,0.1,0.1,0.1,0.0,0.0,0.1,0,0,0.0023160762942779282,0.0,0.7913865747597297,1.006332831605643,0.2135936045164682,0.0,0.0023700762942779285
986,7.45,-0.007989347536617791,1.0,0.2,0.1,0.1,0.1,0.1,0.1,0.0,0.0,0.1,0,0,-0.0007989347536617791,0.0,0.7907543085215728,1.006332831605643,0.2142218919163219,0.0006282873998537108,-0.0020015095533692006
987,7.46,0.0013422818791946022,1.0,0.2,0.1,0.1,0.1,0.1,0.1,0.0,0.0,0.1,0,0,0.00013422818791946023,0.0,0.7908604500394952,1.006332831605643,0.21411641834476697,0.0,0.0001882281879194602
988,7.31,-0.02010723860589817,1.0,0.2,0.1,0.1,0.1,0.1,0.1,0.0,0.0,0.1,0,0,-0.002010723860589817,0.0,0.789270248062204,1.006332831605643,0.21569661321404693,0.0015801948692799606,-0.005117113599149738
989,7.12,-0.02599179206566341,1.0,0.2,0.1,0.1,0.1,0.1,0.1,0.0,0.0,0.1,0,0,-0.002599179206566341,0.0,0.7872187932450793,1.006332831605643,0.21773515826862055,0.002038545054573626,-0.0066222693157135925
990,7.29,0.02387640449438201,1.0,0.2,0.1,0.1,0.1,0.1,0.1,0.0,0.0,0.1,0,0,0.0023876404494382014,0.0,0.7890983886783892,1.006332831605643,0.21586739109032926,0.0,0.0024416404494382016
991,7.49,0.027434842249657088,1.0,0.2,0.1,0.1,0.1,0.1,0.1,0.0,0.0,0.1,0,0,0.002743484224965709,0.0,0.7912632676596741,1.006332831605643,0.21371613564750447,0.0,0.002797484224965709
992,7.52,0.004005340453938499,1.0,0.2,0.1,0.1,0.1,0.1,0.1,0.0,0.0,0.1,0,0,0.00040053404539384994,0.0,0.7915801955372415,1.006332831605643,0.21340120219048742,0.0,0.00045453404539384996
993,7.59,0.00930851063829791,1.0,0.2,0.1,0.1,0.1,0.1,0.1,0.0,0.0,0.1,0,0,0.0009308510638297911,0.0,0.7923170388043639,1.006332831605643,0.2126689958627392,0.0,0.0009848510638297912
994,7.47,-0.01581027667984191,1.0,0.2,0.1,0.1,0.1,0.1,0.1,0.0,0.0,0.1,0,0,-0.001581027667984191,0.0,0.7910643636441989,1.006332831605643,0.21391378796414204,0.0012447921014028251,-0.004016611870789841
995,7.71,0.03212851405622493,1.0,0.2,0.1,0.1,0.1,0.1,0.1,0.0,0.0,0.1,0,0,0.003212851405622493,0.0,0.7936059358968709,1.006332831605643,0.21138820977286224,0.0,0.0032668514056224934
996,7.57,-0.0181582360570687,1.0,0.2,0.1,0.1,0.1,0.1,0.1,0.0,0.0,0.1,0,0,-0.0018158236057068703,0.0,0.7921648875048403,1.006332831605643,0.21282018967729543,0.001431979904433195,-0.00462578341457326
997,7.46,-0.014531043593130821,1.0,0.2,0.1,0.1,0.1,0.1,0.1,0.0,0.0,0.1,0,0,-0.001453104359313082,0.0,0.7910137892535122,1.006332831605643,0.21396404409123865,0.0011438544139432127,-0.0036868131871995074
998,7.38,-0.010723860589812341,1.0,0.2,0.1,0.1,0.1,0.1,0.1,0.0,0.0,0.1,0,0,-0.0010723860589812342,0.0,0.7901655170934548,1.006332831605643,0.21480697809221314,0.0008429340009744879,-0.0027042540609302098
999,7.55,0.023035230352303513,1.0,0.2,0.1,0.1,0.1,0.1,0.1,0.0,0.0,0.1,0,0,0.0023035230352303512,0.0,0.7919856815637244,1.006332831605643,0.21299826787914636,0.0,0.0023575230352303514
1000,7.51,-0.005298013245033118,1.0,0.2,0.1,0.1,0.1,0.1,0.1,0.0,0.0,0.1,0,0,-0.0005298013245033118,0.0,0.7915660865006443,1.006332831605643,0.21341522243921035,0.00041695456006399234,-0.0013097104446312964
1001,7.42,-0.011984021304926746,1.0,0.2,0.1,0.1,0.1,0.1,0.1,0.0,0.0,0.1,0,0,-0.0011984021304926747,0.0,0.7906174720161562,1.006332831605643,0.21435786731245232,0.0009426448732419712,-0.003029691876976617
1002,7.42,0.0,1.0,0.2,0.1,0.1,0.1,0.1,0.1,0.0,0.0,0.1,0,0,0.0,0.0,0.7906174720161562,1.006332831605643,0.21435786731245232,0.0,5.399999999999999e-05
1003,7.34,-0.010781671159029659,1.0,0.2,0.1,0.1,0.1,0.1,0.1,0.0,0.0,0.1,0,0,-0.001078167115902966,0.0,0.7897650542565701,1.006332831605643,0.21520492082478385,0.0008470535123315248,-0.002718274140566015
1004,7.27,-0.009536784741144453,1.0,0.2,0.1,0.1,0.1,0.1,0.1,0.0,0.0,0.1,0,0,-0.0009536784741144453,0.0,0.7890118723247178,1.006332831605643,0.21595336299838414,0.0007484421736002889,-0.0023965628213150226
1005,7.21,-0.008253094910591419,1.0,0.2,0.1,0.1,0.1,0.1,0.1,0.0,0.0,0.1,0,0,-0.0008253094910591419,0.0,0.7883606933379298,1.006332831605643,0.21660044412933466,0.000647081130950522,-0.0020654717529601857
1006,7.26,0.006934812760055454,1.0,0.2,0.1,0.1,0.1,0.1,0.1,0.0,0.0,0.1,0,0,0.0006934812760055454,0.0,0.7889074067174984,1.006332831605643,0.21605717120570733,0.0,0.0007474812760055453
1007,7.14,-0.016528925619834725,1.0,0.2,0.1,0.1,0.1,0.1,0.1,0.0,0.0,0.1,0,0,-0.0016528925619834726,0.0,0.7876034275328414,1.006332831605643,0.21735294447644163,0.0012957732707342962,-0.004190439103452064
1008,7.1,-0.005602240896358549,1.0,0.2,0.1,0.1,0.1,0.1,0.1,0.0,0.0,0.1,0,0,-0.0005602240896358548,0.0,0.7871621931196577,1.006332831605643,0.2177914022106285,0.00043845773418688117,-0.0013831395580096173
1009,7.19,0.012676056338028275,1.0,0.2,0.1,0.1,0.1,0.1,0.1,0.0,0.0,0.1,0,0,0.0012676056338028277,0.0,0.7881600043503728,1.006332831605643,0.21679987018526167,0.0,0.0013216056338028277
1010,7.12,-0.009735744089012557,1.0,0.2,0.1,0.1,0.1,0.1,0.1,0.0,0.0,0.1,0,0,-0.0009735744089012558,0.0,0.7873926719400178,1.006332831605643,0.21756237378869742,0.0007625036034357435,-0.0024445816157727426
1011,7.21,0.012640449438202228,1.0,0.2,0.1,0.1,0.1,0.1,0.1,0.0,0.0,0.1,0,0,0.001264044943820223,0.0,0.7883879716657847,1.006332831605643,0.21657333746343035,0.0,0.001318044943820223
1012,7.23,0.0027739251040222557,1.0,0.2,0.1,0.1,0.1,0.1,0.1,0.0,0.0,0.1,0,0,0.0002773925104022256,0.0,0.788606664584416,1.006332831605643,0.21635602077479327,0.0,0.0003313925104022256
1013,7.34,0.015214384508990238,1.0,0.2,0.1,0.1,0.1,0.1,0.1,0.0,0.0,0.1,0,0,0.0015214384508990238,0.0,0.7898064810865499,1.006332831605643,0.21516375469298452,0.0,0.0015754384508990238
1014,7.29,-0.006811989100817414,1.0,0.2,0.1,0.1,0.1,0.1,0.1,0.0,0.0,0.1,0,0,-0.0006811989100817415,0.0,0.7892684657724582,1.006332831605643,0.21569838428788035,0.0005346295948958357,-0.0016964580998734128
1015,7.34,0.0068587105624142415,1.0,0.2,0.1,0.1,0.1,0.1,0.1,0.0,0.0,0.1,0,0,0.0006858710562414242,0.0,0.7898098021687356,1.006332831605643,0.21516045451030003,0.0,0.0007398710562414242
1016,7.37,0.0040871934604904975,1.0,0.2,0.1,0.1,0.1,0.1,0.1,0.0,0.0,0.1,0,0,0.00040871934604904975,0.0,0.7901326127145812,1.006332831605643,0.21483967540451399,0.0,0.00046271934604904977
1017,7.39,0.002713704206241462,1.0,0.2,0.1,0.1,0.1,0.1,0.1,0.0,0.0,0.1,0,0,0.0002713704206241462,0.0,0.7903470313340424,1.006332831605643,0.21462660611697118,0.0,0.0003253704206241462
1018,7.28,-0.01488497970230033,1.0,0.2,0.1,0.1,0.1,0.1,0.1,0.0,0.0,0.1,0,0,-0.0014884979702300331,0.0,0.7891706013821244,1.006332831605643,0.2157956328196387,0.001169026702667525,-0.003772551375565083
1019,7.28,0.0,1.0,0.2,0.1,0.1,0.1,0.1,0.1,0.0,0.0,0.1,0,0,0.0,0.0,0.7891706013821244,1.006332831605643,0.2157956328196387,0.0,5.399999999999999e-05
1020,7.02,-0.0357142857142858,1.0,0.2,0.1,0.1,0.1,0.1,0.1,0.0,0.0,0.1,0,0,-0.0035714285714285804,0.0,0.7863521349486168,1.006332831605643,0.21859636270242572,0.002800729882787012,-0.009118888337002605
1021,6.79,-0.0327635327635327,1.0,0.2,0.1,0.1,0.1,0.1,0.1,0.0,0.0,0.1,0,0,-0.00327635327635327,0.0,0.7837757675549105,1.006332831605643,0.22115651706963996,0.00256015436721424,-0.008342662010781751
1022,6.64,-0.02209131075110462,1.0,0.2,0.1,0.1,0.1,0.1,0.1,0.0,0.0,0.1,0,0,-0.002209131075110462,0.0,0.7820443041508864,1.006332831605643,0.22287708441042864,0.0017205673407886812,-0.005596265756687825
1023,6.65,0.001506024096385644,1.0,0.2,0.1,0.1,0.1,0.1,0.1,0.0,0.0,0.1,0,0,0.0001506024096385644,0.0,0.7821620819075357,1.006332831605643,0.22276004782675551,0.0,0.00020460240963856438
1024,6.58,-0.010526315789473726,1.0,0.2,0.1,0.1,0.1,0.1,0.1,0.0,0.0,0.1,0,0,-0.0010526315789473725,0.0,0.7813387534002645,1.006332831605643,0.2235781951448327,0.0008181473180771948,-0.002634926215101762
1025,6.59,0.0015197568389057428,1.0,0.2,0.1,0.1,0.1,0.1,0.1,0.0,0.0,0.1,0,0,0.0001519756838905743,0.0,0.7814574978916627,1.006332831605643,0.22346019791005226,0.0,0.00020597568389057428
1026,6.45,-0.021244309559939254,1.0,0.2,0.1,0.1,0.1,0.1,0.1,0.0,0.0,0.1,0,0,-0.0021244309559939256,0.0,0.7797973453923481,1.006332831605643,0.22510990310417353,0.001649705194121276,-0.005369841344236477
1027,6.55,0.015503875968992192,1.0,0.2,0.1,0.1,0.1,0.1,0.1,0.0,0.0,0.1,0,0,0.0015503875968992194,0.0,0.7810063335247394,1.006332831605643,0.2239085231089862,0.0,0.0016043875968992194
1028,6.46,-0.013740458015267154,1.0,0.2,0.1,0.1,0.1,0.1,0.1,0.0,0.0,0.1,0,0,-0.0013740458015267156,0.0,0.779933195051194,1.006332831605643,0.22497490834440895,0.0010663852354227399,-0.003452816272372195
1029,6.28,-0.02786377708978324,1.0,0.2,0.1,0.1,0.1,0.1,0.1,0.0,0.0,0.1,0,0,-0.002786377708978324,0.0,0.7777600065820112,1.006332831605643,0.22713442098369688,0.0021595126392879305,-0.007051402987554184
1030,6.42,0.022292993630573195,1.0,0.2,0.1,0.1,0.1,0.1,0.1,0.0,0.0,0.1,0,0,0.0022292993630573196,0.0,0.7794938664692959,1.006332831605643,0.22541147224066693,0.0,0.00228329936305732
1031,6.06,-0.056074766355140235,1.0,0.2,0.1,0.1,0.1,0.1,0.1,0.0,0.0,0.1,0,0,-0.0056074766355140235,0.0,0.7751228728255428,1.006332831605643,0.22975495931221457,0.004343487071547636,-0.014240450778609297
1032,6.08,0.0033003300330033767,1.0,0.2,0.1,0.1,0.1,0.1,0.1,0.0,0.0,0.1,0,0,0.0003300330033003377,0.0,0.7753786889551881,1.006332831605643,0.22950075302815928,0.0,0.0003840330033003377
1033,6.21,0.021381578947368404,1.0,0.2,0.1,0.1,0.1,0.1,0.1,0.0,0.0,0.1,0,0,0.0021381578947368405,0.0,0.7770365710203884,1.006332831605643,0.22785330398035766,0.0,0.0021921578947368407
1034,6.25,0.006441223832528186,1.0,0.2,0.1,0.1,0.1,0.1,0.1,0.0,0.0,0.1,0,0,0.0006441223832528187,0.0,0.7775370776683885,1.006332831605643,0.22735594701029677,0.0,0.0006981223832528187
1035,6.34,0.014399999999999977,1.0,0.2,0.1,0.1,0.1,0.1,0.1,0.0,0.0,0.1,0,0,0.0014399999999999977,0.0,0.7786567310602311,1.006332831605643,0.22624333957399148,0.0,0.0014939999999999977
1036,6.42,0.012618296529968466,1.0,0.2,0.1,0.1,0.1,0.1,0.1,0.0,0.0,0.1,0,0,0.0012618296529968466,0.0,0.7796392632129886,1.006332831605643,0.22526699047566207,0.0,0.0013158296529968466
1037,6.4,-0.0031152647975077217,1.0,0.2,0.1,0.1,0.1,0.1,0.1,0.0,0.0,0.1,0,0,-0.0003115264797507722,0.0,0.7793963849378444,1.006332831605643,0.22550834032286593,0.00024134984720386443,-0.0007402261741585012
1038,6.3,-0.015625000000000083,1.0,0.2,0.1,0.1,0.1,0.1,0.1,0.0,0.0,0.1,0,0,-0.0015625000000000083,0.0,0.7781785780863789,1.006332831605643,0.2267184835411115,0.0012101432182455574,-0.003928786436491123
1039,6.4,0.01587301587301596,1.0,0.2,0.1,0.1,0.1,0.1,0.1,0.0,0.0,0.1,0,0,0.001587301587301596,0.0,0.7794137821785795,1.006332831605643,0.22549105256260535,0.0,0.001641301587301596
1040,6.37,-0.004687500000000039,1.0,0.2,0.1,0.1,0.1,0.1,0.1,0.0,0.0,0.1,0,0,-0.0004687500000000039,0.0,0.7790484319681833,1.006332831605643,0.22585410363171662,0.0003630510691112754,-0.0011408521382225546
1041,6.19,-0.028257456828885356,1.0,0.2,0.1,0.1,0.1,0.1,0.1,0.0,0.0,0.1,0,0,-0.002825745682888536,0.0,0.7768470392247881,1.006332831605643,0.22804164305630514,0.0021875394245885194,-0.007146824532065574
1042,6.28,0.014539579967689798,1.0,0.2,0.1,0.1,0.1,0.1,0.1,0.0,0.0,0.1,0,0,0.00145395799676898,0.0,0.7779765421897353,1.006332831605643,0.2269192480300542,0.0,0.00150795799676898
1043,6.2,-0.012738853503184724,1.0,0.2,0.1,0.1,0.1,0.1,0.1,0.0,0.0,0.1,0,0,-0.0012738853503184726,0.0,0.7769854892697484,1.006332831605643,0.22790406427460191,0.0009848162445477149,-0.0031895178394139023
1044,6.29,0.014516129032258041,1.0,0.2,0.1,0.1,0.1,0.1,0.1,0.0,0.0,0.1,0,0,0.0014516129032258042,0.0,0.7781133714315916,1.006332831605643,0.22678327985177466,0.0,0.0015056129032258042
1045,6.18,-0.017488076311605774,1.0,0.2,0.1,0.1,0.1,0.1,0.1,0.0,0.0,0.1,0,0,-0.0017488076311605776,0.0,0.776752600829724,1.006332831605643,0.22813548715251086,0.0013522073007362079,-0.004399222232632993
1046,6.1,-0.01294498381877024,1.0,0.2,0.1,0.1,0.1,0.1,0.1,0.0,0.0,0.1,0,0,-0.001294498381877024,0.0,0.7757470958448311,1.006332831605643,0.22913466451542022,0.0009991773629093592,-0.003238853107695742
1047,6.46,0.05901639344262301,1.0,0.2,0.1,0.1,0.1,0.1,0.1,0.0,0.0,0.1,0,0,0.005901639344262301,0.0,0.7803252754268662,1.006332831605643,0.22458529532239643,0.0,0.005955639344262301
1048,6.56,0.015479876160990657,1.0,0.2,0.1,0.1,0.1,0.1,0.1,0.0,0.0,0.1,0,0,0.0015479876160990657,0.0,0.7815332092897561,1.006332831605643,0.2233849629622144,0.0,0.0016019876160990657
1049,6.53,-0.00457317073170722,1.0,0.2,0.1,0.1,0.1,0.1,0.1,0.0,0.0,0.1,0,0,-0.000457317073170722,0.0,0.781175800809898,1.006332831605643,0.22374012227793288,0.0003551593157184729,-0.0011136357046076678
1050,6.59,0.009188361408882023,1.0,0.2,0.1,0.1,0.1,0.1,0.1,0.0,0.0,0.1,0,0,0.0009188361408882023,0.0,0.7818935733680695,1.006332831605643,0.2230268666475603,0.0,0.0009728361408882022
1051,6.59,0.0,1.0,0.2,0.1,0.1,0.1,0.1,0.1,0.0,0.0,0.1,0,0,0.0,0.0,0.7818935733680695,1.006332831605643,0.2230268666475603,0.0,5.399999999999999e-05
1052,6.62,0.004552352048558459,1.0,0.2,0.1,0.1,0.1,0.1,0.1,0.0,0.0,0.1,0,0,0.00045523520485584595,0.0,0.7822495188491173,1.006332831605643,0.22267316112403102,0.0,0.000509235204855846
1053,6.54,-0.012084592145015116,1.0,0.2,0.1,0.1,0.1,0.1,0.1,0.0,0.0,0.1,0,0,-0.0012084592145015117,0.0,0.7813042022100247,1.006332831605643,0.22361252890515,0.0009393677811189716,-0.0030331947767394543
1054,6.52,-0.003058103975535239,1.0,0.2,0.1,0.1,0.1,0.1,0.1,0.0,0.0,0.1,0,0,-0.0003058103975535239,0.0,0.7810652712613366,1.006332831605643,0.2238499562663411,0.00023742736119111707,-0.0007266651199357581
1055,6.74,0.03374233128834366,1.0,0.2,0.1,0.1,0.1,0.1,0.1,0.0,0.0,0.1,0,0,0.0033742331288343663,0.0,0.7837007675754087,1.006332831605643,0.22123104507582864,0.0,0.0034282331288343665
1056,6.85,0.016320474777447986,1.0,0.2,0.1,0.1,0.1,0.1,0.1,0.0,0.0,0.1,0,0,0.0016320474777447988,0.0,0.7849798044364368,1.006332831605643,0.21996005716719877,0.0,0.0016860474777447988
1057,6.95,0.01459854014598548,1.0,0.2,0.1,0.1,0.1,0.1,0.1,0.0,0.0,0.1,0,0,0.001459854014598548,0.0,0.786125760355322,1.006332831605643,0.21882131272510716,0.0,0.001513854014598548
1058,6.89,-0.008633093525179927,1.0,0.2,0.1,0.1,0.1,0.1,0.1,0.0,0.0,0.1,0,0,-0.0008633093525179927,0.0,0.785447090634152,1.006332831605643,0.21949571159181927,0.0006743988667121115,-0.0021581070859422154
1059,6.91,0.002902757619738819,1.0,0.2,0.1,0.1,0.1,0.1,0.1,0.0,0.0,0.1,0,0,0.00029027576197388193,0.0,0.7856750868868759,1.006332831605643,0.21926915011477774,0.0,0.00034427576197388195
1060,6.85,-0.008683068017366208,1.0,0.2,0.1,0.1,0.1,0.1,0.1,0.0,0.0,0.1,0,0,-0.0008683068017366208,0.0,0.784992879864977,1.006332831605643,0.2199470640220587,0.0006779139072809748,-0.00217013461629857
1061,6.9,0.007299270072992805,1.0,0.2,0.1,0.1,0.1,0.1,0.1,0.0,0.0,0.1,0,0,0.0007299270072992805,0.0,0.7855658673685282,1.006332831605643,0.21937768231696525,0.0,0.0007839270072992804
1062,7.0,0.014492753623188354,1.0,0.2,0.1,0.1,0.1,0.1,0.1,0.0,0.0,0.1,0,0,0.0014492753623188354,0.0,0.7867043686255839,1.006332831605643,0.2182463456246711,0.0,0.0015032753623188354
1063,6.95,-0.0071428571428571175,1.0,0.2,0.1,0.1,0.1,0.1,0.1,0.0,0.0,0.1,0,0,-0.0007142857142857118,0.0,0.7861424369337086,1.006332831605643,0.21880474109208198,0.0005583954674108771,-0.001777076649107466
1064,6.86,-0.012949640287769763,1.0,0.2,0.1,0.1,0.1,0.1,0.1,0.0,0.0,0.1,0,0,-0.0012949640287769765,0.0,0.7851244107563844,1.006332831605643,0.2198163608518188,0.0010116197597368204,-0.003264203548250617
1065,6.95,0.013119533527696771,1.0,0.2,0.1,0.1,0.1,0.1,0.1,0.0,0.0,0.1,0,0,0.0013119533527696772,0.0,0.7861544573594176,1.006332831605643,0.21879279631066226,0.0,0.0013659533527696772
1066,6.66,-0.041726618705035974,1.0,0.2,0.1,0.1,0.1,0.1,0.1,0.0,0.0,0.1,0,0,-0.004172661870503597,0.0,0.7828741006308675,1.006332831605643,0.2220525098224595,0.003259713511797241,-0.01063808889409808
1067,7.01,0.0525525525525525,1.0,0.2,0.1,0.1,0.1,0.1,0.1,0.0,0.0,0.1,0,0,0.0052552552552552504,0.0,0.786988303862411,1.006332831605643,0.2179641971863914,0.0,0.005309255255255251
1068,7.05,0.005706134094151218,1.0,0.2,0.1,0.1,0.1,0.1,0.1,0.0,0.0,0.1,0,0,0.0005706134094151218,0.0,0.7874373699416478,1.006332831605643,0.2175179570706632,0.0,0.0006246134094151217
1069,7.09,0.0056737588652482325,1.0,0.2,0.1,0.1,0.1,0.1,0.1,0.0,0.0,0.1,0,0,0.0005673758865248232,0.0,0.7878841429175012,1.006332831605643,0.21707399562786645,0.0,0.0006213758865248232
1070,7.04,-0.007052186177715067,1.0,0.2,0.1,0.1,0.1,0.1,0.1,0.0,0.0,0.1,0,0,-0.0007052186177715068,0.0,0.7873285123512688,1.006332831605643,0.2176261296224872,0.0005521339946207571,-0.001755486607013021
1071,7.18,0.01988636363636359,1.0,0.2,0.1,0.1,0.1,0.1,0.1,0.0,0.0,0.1,0,0,0.001988636363636359,0.0,0.7888942224610582,1.006332831605643,0.21607027249389554,0.0,0.0020426363636363593
1072,7.34,0.022284122562674116,1.0,0.2,0.1,0.1,0.1,0.1,0.1,0.0,0.0,0.1,0,0,0.0022284122562674117,0.0,0.790652204015289,1.006332831605643,0.21432335388106855,0.0,0.002282412256267412
1073,7.32,-0.0027247956403269173,1.0,0.2,0.1,0.1,0.1,0.1,0.1,0.0,0.0,0.1,0,0,-0.00027247956403269176,0.0,0.7904367674474375,1.006332831605643,0.21453743471107364,0.0002140808300050978,-0.0006466412240428875
1074,7.32,0.0,1.0,0.2,0.1,0.1,0.1,0.1,0.1,0.0,0.0,0.1,0,0,0.0,0.0,0.7904367674474375,1.006332831605643,0.21453743471107364,0.0,5.399999999999999e-05
1075,7.36,0.005464480874316944,1.0,0.2,0.1,0.1,0.1,0.1,0.1,0.0,0.0,0.1,0,0,0.0005464480874316944,0.0,0.7908687001072449,1.006332831605643,0.2141082201945223,0.0,0.0006004480874316943
1076,7.36,0.0,1.0,0.2,0.1,0.1,0.1,0.1,0.1,0.0,0.0,0.1,0,0,0.0,0.0,0.7908687001072449,1.006332831605643,0.2141082201945223,0.0,5.399999999999999e-05
1077,7.35,-0.0013586956521740047,1.0,0.2,0.1,0.1,0.1,0.1,0.1,0.0,0.0,0.1,0,0,-0.00013586956521740047,0.0,0.7907612451208172,1.006332831605643,0.2142149989689524,0.0001067787744301052,-0.00029542711407761087
1078,7.32,-0.004081632653061137,1.0,0.2,0.1,0.1,0.1,0.1,0.1,0.0,0.0,0.1,0,0,-0.00040816326530611374,0.0,0.7904384854289312,1.006332831605643,0.21453572754080177,0.00032072857184936576,-0.0009956204090048452
1079,7.36,0.005464480874316944,1.0,0.2,0.1,0.1,0.1,0.1,0.1,0.0,0.0,0.1,0,0,0.0005464480874316944,0.0,0.7908704190275263,1.006332831605643,0.2141065120913705,0.0,0.0006004480874316943
1080,7.4,0.005434782608695656,1.0,0.2,0.1,0.1,0.1,0.1,0.1,0.0,0.0,0.1,0,0,0.0005434782608695657,0.0,0.7913002399074326,1.006332831605643,0.21367939606533318,0.0,0.0005974782608695657
1081,7.27,-0.017567567567567673,1.0,0.2,0.1,0.1,0.1,0.1,0.1,0.0,0.0,0.1,0,0,-0.0017567567567567674,0.0,0.789910117864352,1.006332831605643,0.21506077009927246,0.0013813740339392866,-0.00446550482463534
1082,7.19,-0.011004126547455185,1.0,0.2,0.1,0.1,0.1,0.1,0.1,0.0,0.0,0.1,0,0,-0.0011004126547455185,0.0,0.7890408907745425,1.006332831605643,0.2159245271610614,0.0008637570617889279,-0.002773926778323374
1083,7.25,0.008344923504867817,1.0,0.2,0.1,0.1,0.1,0.1,0.1,0.0,0.0,0.1,0,0,0.0008344923504867817,0.0,0.7896993393621152,1.006332831605643,0.21527022217677294,0.0,0.0008884923504867817
1084,7.19,-0.008275862068965464,1.0,0.2,0.1,0.1,0.1,0.1,0.1,0.0,0.0,0.1,0,0,-0.0008275862068965464,0.0,0.7890457950812638,1.006332831605643,0.21591965371704042,0.0006494315402674755,-0.002072449287431497
1085,7.08,-0.015299026425591142,1.0,0.2,0.1,0.1,0.1,0.1,0.1,0.0,0.0,0.1,0,0,-0.0015299026425591143,0.0,0.7878386318342688,1.006332831605643,0.2171192203107974,0.0011995665937569733,-0.0038750358300730604
1086,7.06,-0.002824858757062212,1.0,0.2,0.1,0.1,0.1,0.1,0.1,0.0,0.0,0.1,0,0,-0.0002824858757062212,0.0,0.78761607854844,1.006332831605643,0.21734037307342147,0.00022115276262407724,-0.0006707914009543757
1087,7.11,0.00708215297450435,1.0,0.2,0.1,0.1,0.1,0.1,0.1,0.0,0.0,0.1,0,0,0.000708215297450435,0.0,0.7881738803037859,1.006332831605643,0.21678608155293522,0.0,0.000762215297450435
1088,7.07,-0.005625879043600567,1.0,0.2,0.1,0.1,0.1,0.1,0.1,0.0,0.0,0.1,0,0,-0.0005625879043600567,0.0,0.7877304632121944,1.006332831605643,0.21722670822998,0.00044062667704478087,-0.0013898412584496184
1089,6.97,-0.01414427157001422,1.0,0.2,0.1,0.1,0.1,0.1,0.1,0.0,0.0,0.1,0,0,-0.001414427157001422,0.0,0.7866162758526297,1.006332831605643,0.21833388403163495,0.0011071758016549527,-0.003574778760311327
1090,7.08,0.015781922525107652,1.0,0.2,0.1,0.1,0.1,0.1,0.1,0.0,0.0,0.1,0,0,0.0015781922525107653,0.0,0.7878577075648792,1.006332831605643,0.21710026462336357,0.0,0.0016321922525107653
1091,7.21,0.018361581920903938,1.0,0.2,0.1,0.1,0.1,0.1,0.1,0.0,0.0,0.1,0,0,0.001836158192090394,0.0,0.789304338948826,1.006332831605643,0.2156627368606663,0.0,0.001890158192090394
1092,7.25,0.005547850208044388,1.0,0.2,0.1,0.1,0.1,0.1,0.1,0.0,0.0,0.1,0,0,0.0005547850208044388,0.0,0.7897422331729308,1.006332831605643,0.21522759829581783,0.0,0.0006087850208044387
1093,7.39,0.019310344827586163,1.0,0.2,0.1,0.1,0.1,0.1,0.1,0.0,0.0,0.1,0,0,0.0019310344827586164,0.0,0.7912672526576785,1.006332831605643,0.2137121757270098,0.0,0.0019850344827586166
1094,7.28,-0.01488497970230033,1.0,0.2,0.1,0.1,0.1,0.1,0.1,0.0,0.0,0.1,0,0,-0.0014884979702300331,0.0,0.7900894529581881,1.006332831605643,0.21488256355745666,0.0011703878304468729,-0.0037752736311237787
1095,7.41,0.017857142857142842,1.0,0.2,0.1,0.1,0.1,0.1,0.1,0.0,0.0,0.1,0,0,0.0017857142857142844,0.0,0.7915003269813278,1.006332831605643,0.21348056813523777,0.0,0.0018397142857142844
1096,7.3,-0.014844804318488572,1.0,0.2,0.1,0.1,0.1,0.1,0.1,0.0,0.0,0.1,0,0,-0.0014844804318488573,0.0,0.790325360234122,1.006332831605643,0.2146481408411099,0.0011675727058721164,-0.00376562584359309
1097,7.26,-0.005479452054794526,1.0,0.2,0.1,0.1,0.1,0.1,0.1,0.0,0.0,0.1,0,0,-0.0005479452054794526,0.0,0.789892305242213,1.006332831605643,0.21507847062695032,0.0004303297858404276,-0.0013546047771603078
1098,7.22,-0.005509641873278242,1.0,0.2,0.1,0.1,0.1,0.1,0.1,0.0,0.0,0.1,0,0,-0.0005509641873278243,0.0,0.7894571028701787,1.006332831605643,0.2155109342794975,0.000432463652547177,-0.0013618914924221784
1099,7.33,0.015235457063711957,1.0,0.2,0.1,0.1,0.1,0.1,0.1,0.0,0.0,0.1,0,0,0.0015235457063711958,0.0,0.7906598768496207,1.006332831605643,0.21431572933172396,0.0,0.0015775457063711958
1100,7.4,0.009549795361528005,1.0,0.2,0.1,0.1,0.1,0.1,0.1,0.0,0.0,0.1,0,0,0.0009549795361528005,0.0,0.7914149408520691,1.006332831605643,0.2135654169313587,0.0,0.0010089795361528007
1101,7.42,0.002702702702702645,1.0,0.2,0.1,0.1,0.1,0.1,0.1,0.0,0.0,0.1,0,0,0.00027027027027026453,0.0,0.791628836782029,1.006332831605643,0.21335286704404294,0.0,0.00032427027027026454
1102,7.43,0.0013477088948786774,1.0,0.2,0.1,0.1,0.1,0.1,0.1,0.0,0.0,0.1,0,0,0.00013477088948786776,0.0,0.7917355253045064,1.006332831605643,0.21324684991022133,0.0,0.00018877088948786774
1103,7.43,0.0,1.0,0.2,0.1,0.1,0.1,0.1,0.1,0.0,0.0,0.1,0,0,0.0,0.0,0.7917355253045064,1.006332831605643,0.21324684991022133,0.0,5.399999999999999e-05
1104,7.43,0.0,1.0,0.2,0.1,0.1,0.1,0.1,0.1,0.0,0.0,0.1,0,0,0.0,0.0,0.7917355253045064,1.006332831605643,0.21324684991022133,0.0,5.399999999999999e-05
1105,7.54,0.014804845222072722,1.0,0.2,0.1,0.1,0.1,0.1,0.1,0.0,0.0,0.1,0,0,0.0014804845222072722,0.0,0.7929076774954013,1.006332831605643,0.21208207404871574,0.0,0.0015344845222072722
1106,7.41,-0.017241379310344813,1.0,0.2,0.1,0.1,0.1,0.1,0.1,0.0,0.0,0.1,0,0,-0.0017241379310344814,0.0,0.7915405952928231,1.006332831605643,0.21344055323139027,0.001358479182674538,-0.004387096296383557
1107,7.48,0.009446693657220012,1.0,0.2,0.1,0.1,0.1,0.1,0.1,0.0,0.0,0.1,0,0,0.0009446693657220013,0.0,0.7922883394449216,1.006332831605643,0.21269751461770867,0.0,0.0009986693657220013
1108,7.45,-0.004010695187165809,1.0,0.2,0.1,0.1,0.1,0.1,0.1,0.0,0.0,0.1,0,0,-0.0004010695187165809,0.0,0.7919705767419357,1.006332831605643,0.21301327764660527,0.000315763028896604,-0.000978595576509789
1109,7.26,-0.025503355704698038,1.0,0.2,0.1,0.1,0.1,0.1,0.1,0.0,0.0,0.1,0,0,-0.002550335570469804,0.0,0.7899507860093052,1.006332831605643,0.2150203578781106,0.002007080231505337,-0.006510496033480478
1110,7.23,-0.004132231404958589,1.0,0.2,0.1,0.1,0.1,0.1,0.1,0.0,0.0,0.1,0,0,-0.000413223140495859,0.0,0.7896243600646733,1.006332831605643,0.21534472963105353,0.0003243717529429202,-0.0010079666463816994
1111,7.17,-0.00829875518672206,1.0,0.2,0.1,0.1,0.1,0.1,0.1,0.0,0.0,0.1,0,0,-0.000829875518672206,0.0,0.7889690701393084,1.006332831605643,0.21599589583052986,0.0006511661994763329,-0.0020782079176248714
1112,7.16,-0.0013947001394699842,1.0,0.2,0.1,0.1,0.1,0.1,0.1,0.0,0.0,0.1,0,0,-0.00013947001394699841,0.0,0.7888590326120923,1.006332831605643,0.21610524089387287,0.0001093450633430082,-0.0003041601406330148
1113,7.35,0.02653631284916194,1.0,0.2,0.1,0.1,0.1,0.1,0.1,0.0,0.0,0.1,0,0,0.0026536312849161944,0.0,0.7909523736204205,1.006332831605643,0.21402507323702705,0.0,0.0027076312849161946
1114,7.68,0.04489795918367348,1.0,0.2,0.1,0.1,0.1,0.1,0.1,0.0,0.0,0.1,0,0,0.004489795918367348,0.0,0.7945035883591245,1.006332831605643,0.21049620621890747,0.0,0.004543795918367348
1115,7.56,-0.015625000000000014,1.0,0.2,0.1,0.1,0.1,0.1,0.1,0.0,0.0,0.1,0,0,-0.0015625000000000014,0.0,0.7932621765023133,1.006332831605643,0.21172980589669047,0.0012335996777829983,-0.003975699355565998
1116,7.6,0.005291005291005296,1.0,0.2,0.1,0.1,0.1,0.1,0.1,0.0,0.0,0.1,0,0,0.0005291005291005296,0.0,0.7936818919396162,1.006332831605643,0.21131273171991613,0.0,0.0005831005291005296
1117,7.95,0.04605263157894744,1.0,0.2,0.1,0.1,0.1,0.1,0.1,0.0,0.0,0.1,0,0,0.004605263157894744,0.0,0.797337005915654,1.006332831605643,0.20768061930020512,0.0,0.0046592631578947444
1118,7.79,-0.02012578616352203,1.0,0.2,0.1,0.1,0.1,0.1,0.1,0.0,0.0,0.1,0,0,-0.002012578616352203,0.0,0.7957323025075219,1.006332831605643,0.20927522434312293,0.0015946050429178071,-0.005147788702187817
1119,7.61,-0.023106546854942196,1.0,0.2,0.1,0.1,0.1,0.1,0.1,0.0,0.0,0.1,0,0,-0.0023106546854942196,0.0,0.7938936399343338,1.006332831605643,0.21110231625093087,0.0018270919078079428,-0.005910838501110105
1120,7.81,0.026281208935610943,1.0,0.2,0.1,0.1,0.1,0.1,0.1,0.0,0.0,0.1,0,0,0.0026281208935610943,0.0,0.7959800883967104,1.006332831605643,0.20902899776538808,0.0,0.0026821208935610946
1121,7.78,-0.0038412291933417877,1.0,0.2,0.1,0.1,0.1,0.1,0.1,0.0,0.0,0.1,0,0,-0.0003841229193341788,0.0,0.7956743342014235,1.006332831605643,0.20933282785587518,0.00030383009048709497,-0.0009377831003083689
1122,7.65,-0.016709511568123378,1.0,0.2,0.1,0.1,0.1,0.1,0.1,0.0,0.0,0.1,0,0,-0.0016709511568123378,0.0,0.7943448012522437,1.006332831605643,0.210653994081823,0.0013211662259478285,-0.004259283608707995
1123,7.6,-0.006535947712418394,1.0,0.2,0.1,0.1,0.1,0.1,0.1,0.0,0.0,0.1,0,0,-0.0006535947712418395,0.0,0.7938256216435822,1.006332831605643,0.2111699065039917,0.0005159124221686961,-0.0016314196155792317
1124,7.52,-0.010526315789473694,1.0,0.2,0.1,0.1,0.1,0.1,0.1,0.0,0.0,0.1,0,0,-0.0010526315789473695,0.0,0.7929900157260625,1.006332831605643,0.21200025397082967,0.0008303474668379662,-0.0026593265126233015
1125,7.42,-0.013297872340425485,1.0,0.2,0.1,0.1,0.1,0.1,0.1,0.0,0.0,0.1,0,0,-0.0013297872340425486,0.0,0.7919355077264268,1.006332831605643,0.213048125973528,0.0010478720026983468,-0.003371531239439242
1126,7.5,0.010781671159029659,1.0,0.2,0.1,0.1,0.1,0.1,0.1,0.0,0.0,0.1,0,0,0.001078167115902966,0.0,0.7927893465487734,1.006332831605643,0.21219966034115442,0.0,0.001132167115902966
1127,7.86,0.04800000000000004,1.0,0.2,0.1,0.1,0.1,0.1,0.1,0.0,0.0,0.1,0,0,0.004800000000000005,0.0,0.7965947354122075,1.006332831605643,0.208418218710792,0.0,0.004854000000000005
1128,8.24,0.04834605597964375,1.0,0.2,0.1,0.1,0.1,0.1,0.1,0.0,0.0,0.1,0,0,0.004834605597964375,0.0,0.8004459567793404,1.006332831605643,0.2045912329997245,0.0,0.004888605597964375
1129,9.27,0.12499999999999992,1.0,0.2,0.1,0.1,0.1,0.1,0.1,0.0,0.0,0.1,1,0,0.012499999999999992,0.0,0.8104515312390821,1.006332831605643,0.1946486234122211,0.0,0.01255399999999999
1130,8.96,-0.033441208198489614,1.0,0.2,0.1,0.1,0.1,0.1,0.1,0.0,0.0,0.1,0,0,-0.0033441208198489616,0.0,0.8077412833999871,1.006332831605643,0.19734181571796225,0.0026931923057411378,-0.008676505431331239
1131,8.41,-0.061383928571428645,1.0,0.2,0.1,0.1,0.1,0.1,0.1,0.0,0.0,0.1,0,0,-0.006138392857142865,0.0,0.8027830500755452,1.006332831605643,0.2022688469830864,0.004927031265124143,-0.015938455387391148
1132,8.47,0.00713436385255654,1.0,0.2,0.1,0.1,0.1,0.1,0.1,0.0,0.0,0.1,0,0,0.000713436385255654,0.0,0.8033557847129356,1.006332831605643,0.2016997165528722,0.0,0.0007674363852556539
1133,9.05,0.06847697756788666,1.0,0.2,0.1,0.1,0.1,0.1,0.1,0.0,0.0,0.1,0,0,0.006847697756788666,0.0,0.8088569223178175,1.006332831605643,0.1962331974926676,0.0,0.0069016977567886665
1134,8.75,-0.03314917127071831,1.0,0.2,0.1,0.1,0.1,0.1,0.1,0.0,0.0,0.1,0,0,-0.003314917127071831,0.0,0.8061756286526754,1.006332831605643,0.19889761783247098,0.0026644203398033806,-0.008589757806678594
1135,9.51,0.08685714285714283,1.0,0.2,0.1,0.1,0.1,0.1,0.1,0.0,0.0,0.1,0,0,0.008685714285714283,0.0,0.8131778398272586,1.006332831605643,0.19193947142735887,0.0,0.008739714285714281
1136,9.66,0.015772870662460605,1.0,0.2,0.1,0.1,0.1,0.1,0.1,0.0,0.0,0.1,0,0,0.0015772870662460606,0.0,0.814460454716576,1.006332831605643,0.19066492800689727,0.0,0.0016312870662460606
1137,9.97,0.032091097308488664,1.0,0.2,0.1,0.1,0.1,0.1,0.1,0.0,0.0,0.1,0,0,0.0032091097308488666,0.0,0.8170741476871985,1.006332831605643,0.18806768295184698,0.0,0.003263109730848867
1138,10.25,0.02808425275827476,1.0,0.2,0.1,0.1,0.1,0.1,0.1,0.0,0.0,0.1,0,0,0.002808425275827476,0.0,0.8193688393757885,1.006332831605643,0.1857874317103877,0.0,0.0028624252758274763
1139,11.49,0.12097560975609759,1.0,0.2,0.1,0.1,0.1,0.1,0.1,0.0,0.0,0.1,1,0,0.01209756097560976,0.0,0.8292812038716517,1.006332831605643,0.1759374455183963,0.0,0.012151560975609758
1140,12.78,0.11227154046997381,1.0,0.2,0.11269548759161033,0.11269548759161033,0.11269548759161033,0.1,0.1,0.0,0.0,0.1,1,0,0.011227154046997381,0.0,0.8385916716957983,1.006332831605643,0.16668556827486908,0.0,0.01128115404699738
1141,12.5,-0.021909233176838763,1.0,0.2,0.14160760529599806,0.14160760529599806,0.14160760529599806,0.1,0.14160760529599806,0.04160760529599805,0.0,0.1,0,0,-0.0031025140440437693,4.1607605295998054e-05,0.8359550374658635,1.006332831605643,0.1693056102203633,0.002620041945494228,-0.008332076408125224
1142,13.96,0.11680000000000007,1.0,0.24160760529599806,0.13341997601362587,0.13341997601362587,0.13341997601362587,0.14160760529599806,0.13341997601362587,-0.008187629282372183,0.04160760529599805,0.1,1,0,0.015583453198391512,8.187629282372182e-06,0.848975259178229,1.006332831605643,0.1563673244927763,0.0,0.01564054320607644
1143,14.89,0.06661891117478508,1.0,0.23341997601362588,0.17385208830457574,0.17385208830457574,0.17385208830457574,0.13341997601362587,0.17385208830457574,0.04043211229094987,0.0,0.13341997601362587,0,0,0.011581836828313423,4.043211229094987e-05,0.858773626238295,1.006332831605643,0.1466306183530866,0.0,0.011607365183695026
1144,15.56,0.044996642041638675,1.0,0.27385208830457575,0.2042793281394577,0.2042793281394577,0.2042793281394577,0.17385208830457574,0.2042793281394577,0.030427239834881964,0.04043211229094987,0.13341997601362587,0,0,0.009191883804797626,3.0427239834881964e-05,0.8666412435142127,1.006332831605643,0.1388125118292593,0.0,0.009243772515585913
1145,15.53,-0.0019280205655527723,1.0,0.3042793281394577,0.22871089950355505,0.22871089950355505,0.22871089950355505,0.2042793281394577,0.22871089950355505,0.02443157136409735,0.030427239834881964,0.17385208830457574,0,0,-0.0004409593178089275,2.443157136409735e-05,0.8662379165752996,1.006332831605643,0.13921330064012377,0.00040078881086447193,-0.0011733429622129195
1146,14.35,-0.07598197037990984,1.0,0.32871089950355503,0.2274584569052278,0.2274584569052278,0.2274584569052278,0.22871089950355505,0.2274584569052278,-0.0012524425983272414,0.02443157136409735,0.2042793281394577,0,0,-0.017282741735233018,1.2524425983272414e-06,0.8512658654685954,1.006332831605643,0.15409113294021448,0.01487783230009071,-0.04693485233493941
1147,14.06,-0.020209059233449417,1.0,0.3274584569052278,0.18096520416649875,0.18096520416649875,0.18096520416649875,0.2274584569052278,0.18096520416649875,-0.04649325273872906,0.0,0.2274584569052278,0,0,-0.0036571365301940406,4.6493252738729064e-05,0.8481130918560518,1.006332831605643,0.1572240662139041,0.003132933273689631,-0.00990381287725291
1148,14.78,0.0512091038406827,1.0,0.2809652041664987,0.1711748152993621,0.1711748152993621,0.1711748152993621,0.18096520416649875,0.1711748152993621,-0.009790388867136651,0.0,0.18096520416649875,0,0,0.008765708891574716,9.790388867136652e-06,0.8555391009694227,1.006332831605643,0.14984478882162985,0.0,0.008836147707017966
1149,15.12,0.0230040595399188,1.0,0.2711748152993621,0.1942350141723553,0.1942350141723553,0.1942350141723553,0.1711748152993621,0.1942350141723553,0.02306019887299321,0.0,0.1711748152993621,0,0,0.004468193830757834,2.306019887299321e-05,0.8593420866005342,1.006332831605643,0.14606573530009884,0.0,0.004527508196513436
1150,15.66,0.035714285714285775,1.0,0.2942350141723553,0.20604455694736182,0.20604455694736182,0.20604455694736182,0.1942350141723553,0.20604455694736182,0.01180954277500651,0.02306019887299321,0.1711748152993621,0,0,0.007358734176691506,1.180954277500651e-05,0.8656556081455408,1.006332831605643,0.1397919446150299,0.0,0.007439173981028832
1151,15.31,-0.022349936143039567,1.0,0.3060445569473618,0.2256501544282483,0.2256501544282483,0.2256501544282483,0.20604455694736182,0.2256501544282483,0.019605597480886472,0.01180954277500651,0.1942350141723553,0,0,-0.0050432665421383666,1.9605597480886472e-05,0.8612729044845555,1.006332831605643,0.14414706801291455,0.004355123397884658,-0.013678082436788159
1152,16.9,0.10385369039843227,1.0,0.3256501544282483,0.21204041168266133,0.21204041168266133,0.21204041168266133,0.2256501544282483,0.21204041168266133,-0.013609742745586961,0.019605597480886472,0.20604455694736182,1,0,0.02202117926684723,1.3609742745586961e-05,0.8802274278092242,1.006332831605643,0.1253118251098026,0.0,0.022101012218026513
1153,16.27,-0.03727810650887568,1.0,0.31204041168266133,0.27090055719116857,0.27090055719116857,0.27090055719116857,0.21204041168266133,0.27090055719116857,0.05886014550850724,0.0,0.21204041168266133,0,0,-0.010098659824286151,5.8860145508507243e-05,0.8712865001332911,1.006332831605643,0.13419648771359297,0.008884662603790366,-0.027837767182946838
1154,15.37,-0.0553165334972342,1.0,0.37090055719116855,0.24313596859707898,0.24313596859707898,0.24313596859707898,0.27090055719116857,0.24313596859707898,-0.02776458859408959,0.05886014550850724,0.21204041168266133,0,0,-0.013449438951282802,2.776458859408959e-05,0.8595439946294477,1.006332831605643,0.14586509787421723,0.01166861016062426,-0.0367178936337996
1155,15.25,-0.007807417046193834,1.0,0.34313596859707896,0.20667156987071386,0.20667156987071386,0.20667156987071386,0.24313596859707898,0.20667156987071386,-0.036464398726365116,0.0,0.24313596859707898,0,0,-0.0016135711375722514,3.646439872636512e-05,0.858125716493297,1.006332831605643,0.14727445081551774,0.0014093529413005124,-0.004388598559016089
1156,16.32,0.07016393442622952,1.0,0.30667156987071387,0.2022673454154123,0.2022673454154123,0.2022673454154123,0.20667156987071386,0.2022673454154123,-0.004404224455301559,0.0,0.20667156987071386,0,0,0.014191872760294506,4.4042244553015585e-06,0.8703003480958401,1.006332831605643,0.13517643391675674,0.0,0.014282079583447963
1157,15.56,-0.04656862745098038,1.0,0.30226734541541234,0.24007364027339537,0.24007364027339537,0.24007364027339537,0.2022673454154123,0.24007364027339537,0.037806294857983064,0.0,0.2022673454154123,0,0,-0.011179899914692428,3.7806294857983065e-05,0.8605375744768315,1.006332831605643,0.14487777060417426,0.009701336687417517,-0.03052981975930287
1158,15.97,0.026349614395886897,1.0,0.3400736402733954,0.2097569484281189,0.2097569484281189,0.2097569484281189,0.24007364027339537,0.2097569484281189,-0.030316691845276467,0.037806294857983064,0.2022673454154123,0,0,0.0055270147079388675,3.0316691845276468e-05,0.8652676896552325,1.006332831605643,0.14017742194233654,0.0,0.005580995052779499
1159,15.83,-0.008766437069505358,1.0,0.3097569484281189,0.22444553524412697,0.22444553524412697,0.22444553524412697,0.2097569484281189,0.22444553524412697,0.01468858681600807,0.0,0.2097569484281189,0,0,-0.001967587660249086,1.468858681600807e-05,0.8635524900666761,1.006332831605643,0.14188182781551043,0.0017044058731738865,-0.005293990444649008
1160,17.09,0.07959570435881237,1.0,0.324445535244127,0.21911930143996763,0.21911930143996763,0.21911930143996763,0.22444553524412697,0.21911930143996763,-0.005326233804159336,0.01468858681600807,0.2097569484281189,0,0,0.017440955136725153,5.326233804159336e-06,0.8786090708216721,1.006332831605643,0.1269199978104488,0.0,0.01753562940592477
1161,15.17,-0.11234640140433001,1.0,0.31911930143996764,0.2658750008802201,0.2658750008802201,0.2658750008802201,0.21911930143996763,0.2658750008802201,0.04675569944025246,0.0,0.21911930143996763,0,1,-0.0298700995722658,4.6755699440252456e-05,0.852323850409492,1.006332831605643,0.1530398058765744,0.0261198080661256,-0.0820627379628051
1162,16.9,0.11404087013843102,1.0,0.36587500088022007,0.18425058424679996,0.18425058424679996,0.18425058424679996,0.2658750008802201,0.18425058424679996,-0.08162441663342013,0.04675569944025246,0.21911930143996763,1,0,0.021012096951019358,8.162441663342012e-05,0.8701633913508899,1.006332831605643,0.13531252879575584,0.0,0.020979841709940137
1163,16.69,-0.012426035502958422,1.0,0.28425058424679994,0.23964835181970254,0.23964835181970254,0.23964835181970254,0.18425058424679996,0.23964835181970254,0.05539776757290257,0.0,0.18425058424679996,0,0,-0.002977878927937094,5.5397767572902575e-05,0.8675239450146193,1.006332831605643,0.13793536515105922,0.0026228363553033873,-0.008197318078329342
1164,16.23,-0.02756141402037153,1.0,0.33964835181970254,0.23145196810512908,0.23145196810512908,0.23145196810512908,0.23964835181970254,0.23145196810512908,-0.008196383714573457,0.05539776757290257,0.18425058424679996,0,0,-0.006379143518775289,8.196383714573457e-06,0.861982774704262,1.006332831605643,0.14344166499175517,0.00550629984069595,-0.017297308602999818
1165,16.4,0.01047443006777561,1.0,0.3314519681051291,0.21424480565061987,0.21424480565061987,0.21424480565061987,0.23145196810512908,0.21424480565061987,-0.017207162454509206,0.0,0.23145196810512908,0,0,0.0022440922341715945,1.7207162454509205e-05,0.8639023112773282,1.006332831605643,0.14153420802247046,0.0,0.0023192878718312398
1166,14.55,-0.11280487804878037,1.0,0.31424480565061985,0.22020559609098553,0.22020559609098553,0.22020559609098553,0.21424480565061987,0.22020559609098553,0.005960790440365654,0.0,0.21424480565061987,0,1,-0.02484026541270261,5.960790440365655e-06,0.8424375990339137,1.006332831605643,0.16286384327760442,0.021329635255133955,-0.06740544805370637
1167,14.0,-0.037800687285223414,1.0,0.32020559609098553,0.15355046689755908,0.15355046689755908,0.15355046689755908,0.22020559609098553,0.15355046689755908,-0.06665512919342645,0.005960790440365654,0.21424480565061987,0,0,-0.00580431318169468,6.665512919342646e-05,0.8374916745860849,1.006332831605643,0.16777864312562032,0.004914799848015905,-0.015655911938908768
1168,14.02,0.0014285714285713982,1.0,0.2535504668975591,0.13819174692299482,0.13819174692299482,0.13819174692299482,0.15355046689755908,0.13819174692299482,-0.015358719974564256,0.0,0.15355046689755908,0,0,0.00019741678131855983,1.5358719974564255e-05,0.8376441466967518,1.006332831605643,0.16762713051877864,0.0,0.0002458355741599329
1169,13.28,-0.052781740370898736,1.0,0.23819174692299483,0.13866523131992342,0.13866523131992342,0.13866523131992342,0.13819174692299482,0.13866523131992342,0.00047348439692859734,0.0,0.13819174692299482,0,0,-0.007318992237998814,4.7348439692859734e-07,0.8315130390774396,1.006332831605643,0.17371965520519855,0.006092524686419909,-0.01943308952646828
1170,12.67,-0.045933734939759,1.0,0.23866523131992343,0.11962606422891098,0.11962606422891098,0.11962606422891098,0.13866523131992342,0.11962606422891098,-0.019039167091012443,0.00047348439692859734,0.13819174692299482,0,0,-0.005494871926177382,1.9039167091012445e-05,0.8269281501070732,1.006332831605643,0.1782756915645122,0.004556036359313648,-0.01457231399404959
1171,12.58,-0.007103393843725324,1.0,0.21962606422891098,0.10538847036965482,0.10538847036965482,0.10538847036965482,0.11962606422891098,0.10538847036965482,-0.014237593859256159,0.0,0.11962606422891098,0,0,-0.0007486158116234348,1.423759385925616e-05,0.8262973251516745,1.006332831605643,0.1789025467515701,0.0006268551870579064,-0.001967113532118452
1172,12.6,0.00158982511923685,1.0,0.20538847036965482,0.1034295264662331,0.1034295264662331,0.1034295264662331,0.10538847036965482,0.1034295264662331,-0.001958943903421717,0.0,0.10538847036965482,0,0,0.00016443485924678996,1.958943903421717e-06,0.8264315785659245,1.006332831605643,0.17876913819126727,0.0,0.0002171355591043797
1173,12.5,-0.007936507936507908,1.0,0.2034295264662331,0.10384643301675453,0.10384643301675453,0.10384643301675453,0.1034295264662331,0.10384643301675453,0.00041690655052142866,0.0,0.1034295264662331,0,0,-0.0008241780398155092,4.169065505214287e-07,0.8257501072627218,1.006332831605643,0.17944632100971453,0.0006771828184472528,-0.0021233316257159266
1174,12.36,-0.011200000000000045,1.0,0.20384643301675454,0.10173023529661096,0.10173023529661096,0.10173023529661096,0.10384643301675453,0.10173023529661096,-0.00211619772014357,0.00041690655052142866,0.1034295264662331,0,0,-0.0011393786353220473,2.11619772014357e-06,0.8248075177818973,1.006332831605643,0.18038297879451576,0.0009366577848012314,-0.002961039784790861
1175,12.26,-0.008090614886731363,1.0,0.20173023529661097,0.1,0.1,0.1,0.10173023529661096,0.1,-0.0017302352966109547,0.0,0.10173023529661096,0,0,-0.0008090614886731364,1.7302352966109546e-06,0.8241387706726118,1.006332831605643,0.18104751749213385,0.0006645386976180945,-0.0020867342368542418
1176,13.02,0.06199021207177812,1.0,0.2,0.1,0.1,0.1,0.1,0.1,0.0,0.0,0.1,0,0,0.006199021207177812,0.0,0.8292476243896688,1.006332831605643,0.1759708136853966,0.0,0.006253021207177812
1177,12.68,-0.026113671274961586,1.0,0.2,0.11259122602938343,0.11259122602938343,0.11259122602938343,0.1,0.11259122602938343,0.012591226029383423,0.0,0.1,0,0,-0.0029401702649762174,1.2591226029383424e-05,0.8267990539378631,1.006332831605643,0.17840397533421104,0.002433161648814436,-0.007765431736538813
1178,13.45,0.060725552050473156,1.0,0.21259122602938343,0.10498758256741661,0.10498758256741661,0.10498758256741661,0.11259122602938343,0.10498758256741661,-0.007603643461966819,0.012591226029383423,0.1,0,0,0.006375428909851005,7.603643461966819e-06,0.8320639658437552,1.006332831605643,0.17317219540957945,0.0,0.006420402558702495
1179,14.25,0.05947955390334578,1.0,0.20498758256741662,0.12133690379845824,0.12133690379845824,0.12133690379845824,0.10498758256741661,0.12133690379845824,0.01634932123104163,0.0,0.10498758256741661,0,0,0.007217064909945478,1.634932123104163e-05,0.8380554218134139,1.006332831605643,0.1672184435478827,0.0,0.007256509483843952
1180,14.06,-0.013333333333333298,1.0,0.22133690379845825,0.13994235396647767,0.13994235396647767,0.13994235396647767,0.12133690379845824,0.13994235396647767,0.018605450168019427,0.01634932123104163,0.10498758256741661,0,0,-0.0018658980528863639,1.8605450168019427e-05,0.8364761034352527,1.006332831605643,0.16878782330829586,0.0015693797604131587,-0.004960350654045031
1181,13.31,-0.05334281650071124,1.0,0.23994235396647767,0.13503805585474257,0.13503805585474257,0.13503805585474257,0.13994235396647767,0.13503805585474257,-0.004904298111735095,0.018605450168019427,0.12133690379845824,0,0,-0.007203310234072328,4.904298111735095e-06,0.8304466042306461,1.006332831605643,0.17477937899965326,0.0059915556913573975,-0.019123696396359295
1182,13.13,-0.013523666416228378,1.0,0.23503805585474258,0.11631442085200594,0.11631442085200594,0.11631442085200594,0.13503805585474257,0.11631442085200594,-0.018723635002736633,0.0,0.13503805585474257,0,0,-0.0015729974269993265,1.8723635002736632e-05,0.829124764879824,1.006332831605643,0.17609290004289802,0.001313521043244753,-0.004166453740180616
1183,12.72,-0.031226199543031234,1.0,0.21631442085200595,0.11220970973669697,0.11220970973669697,0.11220970973669697,0.11631442085200594,0.11220970973669697,-0.004104711115308968,0.0,0.11631442085200594,0,0,-0.0035038827869037143,4.104711115308968e-06,0.8262162055703276,1.006332831605643,0.17898315584907665,0.002890255806178632,-0.00923078025146744
1184,14.2,0.11635220125786153,1.0,0.21220970973669698,0.10317765027593151,0.10317765027593151,0.10317765027593151,0.11220970973669697,0.10317765027593151,-0.009032059460765463,0.0,0.11220970973669697,1,0,0.012004946730218435,9.032059460765463e-06,0.8361274246719463,1.006332831605643,0.1691343078433875,0.0,0.01204691785468297
1185,14.69,0.03450704225352114,1.0,0.20317765027593152,0.13395530022950816,0.13395530022950816,0.13395530022950816,0.10317765027593151,0.13395530022950816,0.030777649953576652,0.0,0.10317765027593151,0,0,0.004622401205102749,3.077764995357665e-05,0.8399666070501763,1.006332831605643,0.1653192853601158,0.0,0.004645841496834343
1186,15.8,0.07556160653505795,1.0,0.23395530022950817,0.14587725363926934,0.14587725363926934,0.14587725363926934,0.13395530022950816,0.14587725363926934,0.011921953409761182,0.030777649953576652,0.10317765027593151,0,0,0.01102271964190532,1.1921953409761182e-05,0.8492153094254978,1.006332831605643,0.1561287848767272,0.0,0.01107959496009664
1187,15.93,0.008227848101265759,1.0,0.24587725363926935,0.17459756545941738,0.17459756545941738,0.17459756545941738,0.14587725363926934,0.17459756545941738,0.02872031182014803,0.011921953409761182,0.13395530022950816,0,0,0.0014365622474508913,2.872031182014803e-05,0.8504108703504867,1.006332831605643,0.154940747591805,0.0,0.0014799497330777061
1188,15.95,0.001255492780916483,1.0,0.2745975654594174,0.17831014320468938,0.17831014320468938,0.17831014320468938,0.17459756545941738,0.17831014320468938,0.0037125777452720055,0.02872031182014803,0.14587725363926934,0,0,0.00022386709755767178,3.7125777452720055e-06,0.8505980921472919,1.006332831605643,0.1547547039778781,0.0,0.00030620761256077133
1189,15.82,-0.008150470219435674,1.0,0.2783101432046894,0.17889156788801458,0.17889156788801458,0.17889156788801458,0.17831014320468938,0.17889156788801458,0.000581424683325199,0.0037125777452720055,0.17459756545941738,0,0,-0.001458050396579418,5.81424683325199e-07,0.8493573827029804,1.006332831605643,0.15598760566342862,0.0012329016855505137,-0.003836592279809483
1190,15.73,-0.005689001264222494,1.0,0.2788915678880146,0.17503873296300723,0.17503873296300723,0.17503873296300723,0.17889156788801458,0.17503873296300723,-0.003852834925007348,0.000581424683325199,0.17831014320468938,0,0,-0.0009957955731144516,3.852834925007348e-06,0.8485083239475049,1.006332831605643,0.15683132130979274,0.0008437156463641238,-0.0026023660132747824
1191,16.83,0.0699300699300698,1.0,0.27503873296300724,0.17240211218817503,0.17240211218817503,0.17240211218817503,0.17503873296300723,0.17240211218817503,-0.0026366207748322046,0.0,0.17503873296300723,0,0,0.012056091761410818,2.6366207748322044e-06,0.8587357809666623,1.006332831605643,0.1466682254652111,0.0,0.012137744604589308
1192,16.12,-0.04218657159833615,1.0,0.272402112188175,0.2041617952305427,0.2041617952305427,0.2041617952305427,0.17240211218817503,0.2041617952305427,0.031759683042367676,0.0,0.17240211218817503,0,0,-0.008612886192138134,3.1759683042367674e-05,0.8513123142398589,1.006332831605643,0.15404497647010373,0.007376751004892629,-0.023316539872527672
1193,15.93,-0.011786600496277994,1.0,0.3041617952305427,0.18110946603330488,0.18110946603330488,0.18110946603330488,0.2041617952305427,0.18110946603330488,-0.02305232919723782,0.031759683042367676,0.17240211218817503,0,0,-0.002134664922228794,2.305232919723782e-05,0.8494754229730721,1.006332831605643,0.15587030821830472,0.0018253317482009868,-0.005730921616018763
1194,15.75,-0.01129943502824857,1.0,0.2811094660333049,0.1754053015283713,0.1754053015283713,0.1754053015283713,0.18110946603330488,0.1754053015283713,-0.005704164504933579,0.0,0.18110946603330488,0,0,-0.001981980808230181,5.704164504933579e-06,0.8477869334401207,1.006332831605643,0.15754817212169875,0.001677863903394028,-0.00525948189274117
1195,17.54,0.1136507936507936,1.0,0.2754053015283713,0.1701619554333517,0.1701619554333517,0.1701619554333517,0.1754053015283713,0.1701619554333517,-0.005243346095019613,0.0,0.1754053015283713,1,0,0.01933904128417139,5.243346095019613e-06,0.8641778747057933,1.006332831605643,0.14126037870893665,0.0,0.019415900383642725
1196,19.25,0.09749144811858614,1.0,0.2701619554333517,0.22106129527253154,0.22106129527253154,0.22106129527253154,0.1701619554333517,0.22106129527253154,0.05089933983917985,0.0,0.1701619554333517,0,0,0.02155158579908946,5.0899339839179857e-05,0.882758292234864,1.006332831605643,0.122796887361422,0.0,0.021578552708733666
1197,19.92,0.034805194805194895,1.0,0.3210612952725316,0.2787597322845423,0.2787597322845423,0.2787597322845423,0.22106129527253154,0.2787597322845423,0.05769843701201077,0.05089933983917985,0.1701619554333517,0,0,0.009702286786007472,5.7698437012010776e-05,0.8912721325751316,1.006332831605643,0.11433662444156534,0.0,0.009736370776854172
1198,20.69,0.038654618473895556,1.0,0.3787597322845423,0.30519804768320297,0.30519804768320297,0.30519804768320297,0.2787597322845423,0.30519804768320297,0.02643831539866065,0.05769843701201077,0.22106129527253154,0,0,0.011797314092171994,2.643831539866065e-05,0.9017631861309732,1.006332831605643,0.10391159086782942,0.0,0.01188488793869814
1199,20.54,-0.007249879168680625,1.0,0.405198047683203,0.33777627013638994,0.33777627013638994,0.33777627013638994,0.30519804768320297,0.33777627013638994,0.03257822245318698,0.02643831539866065,0.2787597322845423,0,0,-0.002448837144536453,3.257822245318698e-05,0.8995255371035222,1.006332831605643,0.10613515841643129,0.002223567548601868,-0.006810629498538486
1200,21.96,0.06913339824732238,1.0,0.43777627013639,0.330827625841142,0.330827625841142,0.330827625841142,0.33777627013638994,0.330827625841142,-0.006948644295247941,0.03257822245318698,0.30519804768320297,0,0,0.02287123800849183,6.948644295247941e-06,0.9200925492743415,1.006332831605643,0.08569757402598287,0.0,0.02299364346674183
1201,24.36,0.10928961748633872,1.0,0.430827625841142,0.4393901474814036,0.430827625841142,0.430827625841142,0.330827625841142,0.330827625841142,0.0,0.0,0.330827625841142,1,0,0.036156024682091996,0.0,0.9533594381957136,1.006332831605643,0.05264003294556967,0.0,0.03628885310678487
1202,23.93,-0.017651888341543503,1.0,0.430827625841142,0.6367998398881227,0.430827625841142,0.430827625841142,0.330827625841142,0.430827625841142,0.09999999999999998,0.0,0.330827625841142,0,0,-0.007604921145800121,9.999999999999998e-05,0.9460138789008112,1.006332831605643,0.0599393667884119,0.007299333842842232,-0.02220645972189265
1203,22.4,-0.06393648140409533,1.0,0.530827625841142,0.6003031708350037,0.530827625841142,0.530827625841142,0.430827625841142,0.530827625841142,0.09999999999999998,0.09999999999999998,0.330827625841142,0,0,-0.03393925062837225,9.999999999999998e-05,0.913812275378988,1.006332831605643,0.09193832628816738,0.03199895949975548,-0.0979377398333922
1204,20.99,-0.06294642857142858,1.0,0.6308276258411419,0.4003854733010366,0.4003854733010366,0.4003854733010366,0.530827625841142,0.4003854733010366,-0.13044215254010538,0.09999999999999998,0.430827625841142,0,0,-0.025202835596181326,0.0001304421525401054,0.890662415196621,1.006332831605643,0.11494250488127805,0.023004178593110672,-0.0712628098435705
1205,20.91,-0.0038113387327297905,1.0,0.5003854733010366,0.30330466888903335,0.30330466888903335,0.30330466888903335,0.4003854733010366,0.30330466888903335,-0.09708080441200323,0.0,0.4003854733010366,0,0,-0.001155996832354557,9.708080441200323e-05,0.8895463460422297,1.006332831605643,0.1160515506356639,0.0011090457543858484,-0.0033929229797127706
1206,20.88,-0.001434720229555291,1.0,0.4033046688890334,0.29983891490909576,0.29983891490909576,0.29983891490909576,0.30330466888903335,0.29983891490909576,-0.0034657539799375914,0.0,0.30330466888903335,0,0,-0.00043018495682798724,3.4657539799375913e-06,0.8891605936369719,1.006332831605643,0.11643487550904834,0.00038332487338443855,-0.0010760720105576318
1207,21.7,0.03927203065134101,1.0,0.39983891490909573,0.2986410245305759,0.2986410245305759,0.2986410245305759,0.29983891490909576,0.2986410245305759,-0.0011978903785198614,0.0,0.29983891490909576,0,0,0.011728239469112658,1.1978903785198614e-06,0.8995878168887247,1.006332831605643,0.10607327055662343,0.0,0.01185211537134362
1208,23.1,0.06451612903225816,1.0,0.3986410245305759,0.33102103825682283,0.33102103825682283,0.33102103825682283,0.2986410245305759,0.33102103825682283,0.03238001372624694,0.0,0.2986410245305759,0,0,0.021356196016569247,3.238001372624694e-05,0.9187704619744591,1.006332831605643,0.08701134145794961,0.0,0.021440493662272797
1209,22.27,-0.03593073593073601,1.0,0.4310210382568228,0.4311790954363828,0.4310210382568228,0.4310210382568228,0.33102103825682283,0.4310210382568228,0.09999999999999998,0.03238001372624694,0.2986410245305759,0,0,-0.015486903106197563,9.999999999999998e-05,0.9044496758068268,1.006332831605643,0.10124200721570191,0.014230665757752295,-0.04395108948000005
1210,22.48,0.009429726088908885,1.0,0.5310210382568228,0.34611873179679,0.34611873179679,0.34611873179679,0.4310210382568228,0.34611873179679,-0.08490230646003283,0.09999999999999998,0.33102103825682283,0,0,0.0032638048350842478,8.490230646003283e-05,0.9073248331682624,1.006332831605643,0.09838494315981873,0.0,0.003272243708571902
1211,21.76,-0.032028469750889625,1.0,0.44611873179678996,0.360094083851613,0.360094083851613,0.360094083851613,0.34611873179679,0.360094083851613,0.013975352054823031,0.0,0.34611873179679,0,0,-0.0115332624721157,1.3975352054823032e-05,0.8968477375358926,1.006332831605643,0.10879610664700531,0.010411163487186584,-0.032238296673795096
1212,21.78,0.0009191176470588039,1.0,0.460094083851613,0.32251217253540543,0.32251217253540543,0.32251217253540543,0.360094083851613,0.32251217253540543,-0.037581911316207584,0.013975352054823031,0.34611873179679,0,0,0.0002964266291685648,3.758191131620759e-05,0.8970798818354715,1.006332831605643,0.10856542322668158,0.0,0.0003711526048553924
1213,21.56,-0.010101010101010211,1.0,0.4225121725354054,0.32323306277427755,0.32323306277427755,0.32323306277427755,0.32251217253540543,0.32323306277427755,0.0007208902388721183,0.0,0.32251217253540543,0,0,-0.003264980432063445,7.208902388721184e-07,0.8941502868791505,1.006332831605643,0.11147658230279626,0.0029111590761146805,-0.008957127849708812
1214,21.7,0.00649350649350652,1.0,0.4232330627742775,0.3141356710349036,0.3141356710349036,0.3141356710349036,0.32323306277427755,0.3141356710349036,-0.009097391739373961,0.0007208902388721183,0.32251217253540543,0,0,0.0020398420197071743,9.097391739373961e-06,0.8959660777708264,1.006332831605643,0.10967221814548395,0.0,0.002155468602829126
1215,22.14,0.020276497695852595,1.0,0.41413567103490356,0.3197743169967138,0.3197743169967138,0.3197743169967138,0.3141356710349036,0.3197743169967138,0.00563864596181024,0.0,0.3141356710349036,0,0,0.006483903201776706,5.63864596181024e-06,0.9017703830556617,1.006332831605643,0.10390443923323844,0.0,0.006605956454745589
1216,20.43,-0.07723577235772361,1.0,0.41977431699671386,0.33779862187818044,0.33779862187818044,0.33779862187818044,0.3197743169967138,0.33779862187818044,0.018024304881466613,0.00563864596181024,0.3141356710349036,0,0,-0.0260901374621359,1.8024304881466612e-05,0.8782268160181392,1.006332831605643,0.12729984709244324,0.023395407859204798,-0.07277377521010645
1217,22.68,0.11013215859030837,0.30495181679725647,0.3682938035579061,0.26468798369275875,0.26468798369275875,0.26468798369275875,0.33779862187818044,0.26468798369275875,-0.07311063818542168,0.018024304881466613,0.3197743169967138,1,0,0.02915065899699986,7.311063818542169e-05,0.9037634987309142,1.006332831605643,0.1019238661935291,0.0,0.029157769992710577
1218,25.16,0.10934744268077604,0.4179011881351471,0.3064781025062735,0.34398791231222514,0.3064781025062735,0.3064781025062735,0.26468798369275875,0.26468798369275875,0.0,0.0,0.26468798369275875,1,0,0.02894295412513412,0.0,0.9299210842146537,1.006332831605643,0.07593088985189067,0.0,0.029059731078122972
1219,24.01,-0.04570747217806036,1.0,0.3646879836927588,0.5004319161201574,0.3646879836927588,0.3646879836927588,0.26468798369275875,0.3646879836927588,0.10000000000000003,0.0,0.26468798369275875,0,0,-0.016668965868309703,0.00010000000000000003,0.9143272692932366,1.006332831605643,0.09142657321992365,0.015495683368032975,-0.04767131820942993
1220,23.43,-0.02415660141607671,1.0,0.46468798369275877,0.4035839144189586,0.4035839144189586,0.4035839144189586,0.3646879836927588,0.4035839144189586,0.03889593072619979,0.10000000000000003,0.26468798369275875,0,0,-0.009749215758558798,3.889593072619979e-05,0.9053777318608355,1.006332831605643,0.1003197913991634,0.008893218179239756,-0.027449573650062876
1221,22.99,-0.01877934272300475,-1.0,0.3035839144189586,0.3490006629377728,0.3035839144189586,0.3035839144189586,0.4035839144189586,0.3035839144189586,-0.09999999999999998,0.03889593072619979,0.3646879836927588,0,0,-0.005701106374064967,9.999999999999998e-05,0.9001255393296012,1.006332831605643,0.10553893199189776,0.005219140592734359,-0.016162535126738674
1222,21.15,-0.08003479773814702,1.0,0.4035839144189586,0.3326908297838944,0.3326908297838944,0.3326908297838944,0.3035839144189586,0.3326908297838944,0.029106915364935815,0.0,0.3035839144189586,0,0,-0.02662684327109029,2.9106915364935816e-05,0.8761318377916751,1.006332831605643,0.1293816416644453,0.023842709672547535,-0.07422271840429578
1223,20.94,-0.009929078014184271,-1.0,0.2326908297838944,0.25818236954624985,0.2326908297838944,0.2326908297838944,0.3326908297838944,0.2326908297838944,-0.1,0.029106915364935815,0.3035839144189586,0,0,-0.0023104054021095607,0.0001,0.8740200048769019,1.006332831605643,0.1314801848585531,0.0020985431941077937,-0.006550364305814121
1224,21.56,0.029608404966571033,-1.0,0.1326908297838944,0.2516244150710482,0.1326908297838944,0.1326908297838944,0.2326908297838944,0.1326908297838944,-0.1,0.0,0.2326908297838944,0,0,0.003928763823591891,0.0001,0.8773664210526702,1.006332831605643,0.12815482761026684,0.0,0.0038478142076769843
1225,21.9,0.015769944341372907,1.0,0.2326908297838944,0.26201615892460656,0.2326908297838944,0.2326908297838944,0.1326908297838944,0.2326908297838944,0.1,0.0,0.1326908297838944,0,0,0.003669521434439892,0.0001,0.8804981992984756,1.006332831605643,0.1250427575799086,0.0,0.003626648918950918
1226,21.15,-0.03424657534246576,1.0,0.3326908297838944,0.27174140177764966,0.27174140177764966,0.27174140177764966,0.2326908297838944,0.27174140177764966,0.03905057199375525,0.1,0.1326908297838944,0,0,-0.009306212389645538,3.905057199375525e-05,0.8722697120887815,1.006332831605643,0.13321946309051516,0.008176705510606563,-0.025599460461446757
1227,20.58,-0.026950354609929093,0.8232765793800354,0.3540690597156532,0.24618916995953147,0.24618916995953147,0.24618916995953147,0.27174140177764966,0.24618916995953147,-0.025552231818118193,0.03905057199375525,0.2326908297838944,0,0,-0.006634885431533476,2.5552231818118194e-05,0.8664600140457845,1.006332831605643,0.13899260082440715,0.0057731377338919865,-0.018108141209512124
1228,20.71,0.006316812439261544,1.0,0.3461891699595315,0.22814810127172197,0.22814810127172197,0.22814810127172197,0.24618916995953147,0.22814810127172197,-0.018041068687809497,0.0,0.24618916995953147,0,0,0.0014411687641071157,1.8041068687809498e-05,0.8676930972887466,1.006332831605643,0.13776727734867936,0.0,0.0015197650881700994
1229,20.78,0.003380009657170463,0.7144010663032532,0.2995882079020473,0.2319772806033344,0.2319772806033344,0.2319772806033344,0.22814810127172197,0.2319772806033344,0.00382917933161242,0.0,0.22814810127172197,0,0,0.0007840854486834125,3.82917933161242e-06,0.8683701202677794,1.006332831605643,0.1370945148611904,0.0,0.0008852399728183236
1230,21.12,0.016361886429258895,0.8172305226325989,0.31370033286659427,0.23407964818324506,0.23407964818324506,0.23407964818324506,0.2319772806033344,0.23407964818324506,0.002102367579910669,0.00382917933161242,0.22814810127172197,0,0,0.003829984618975134,2.102367579910669e-06,0.8716941388387944,1.006332831605643,0.13379141426999588,0.0,0.0039344028874990595
1231,20.77,-0.016571969696969762,0.06592530012130737,0.24067217819537579,0.24440182224048052,0.24067217819537579,0.24067217819537579,0.23407964818324506,0.24067217819537579,0.006592530012130726,0.002102367579910669,0.2319772806033344,0,0,-0.003988412043957474,6.592530012130726e-06,0.8682117167670309,1.006332831605643,0.13725192153199903,0.003460507262003143,-0.010809665914479114
1232,20.95,0.008666345690900324,1.0,0.34067217819537576,0.23358772359933933,0.23358772359933933,0.23358772359933933,0.24067217819537579,0.23358772359933933,-0.00708445459603646,0.006592530012130726,0.23407964818324506,0,0,0.0020243519618623504,7.08445459603646e-06,0.8699631320526929,1.006332831605643,0.1355115278663491,0.0,0.0021211399793581065
1233,22.22,0.06062052505966585,1.0,0.3335877235993393,0.23902646117051082,0.23902646117051082,0.23902646117051082,0.23358772359933933,0.23902646117051082,0.005438737571171498,0.0,0.23358772359933933,0,0,0.014489909579310198,5.438737571171498e-06,0.8825640876722982,1.006332831605643,0.12298986979870961,0.0,0.01459088716017193
1234,23.43,0.0544554455445545,1.0,0.33902646117051083,0.2781566543513576,0.2781566543513576,0.2781566543513576,0.23902646117051082,0.2781566543513576,0.03913019318084679,0.005438737571171498,0.23358772359933933,0,0,0.015147144543885821,3.9130193180846794e-05,0.8958978785742682,1.006332831605643,0.10973998816591485,0.0,0.0152089205721094
1235,22.63,-0.034144259496372203,1.0,0.3781566543513576,0.3195625342432489,0.3195625342432489,0.3195625342432489,0.2781566543513576,0.3195625342432489,0.04140587989189126,0.03913019318084679,0.23902646117051082,0,0,-0.010911226094519819,4.140587989189126e-05,0.886085438823588,1.006332831605643,0.11949067843706898,0.009750690271154133,-0.03034425006409515
1236,20.7,-0.08528501988510825,1.0,0.41956253424324885,0.2890916386626824,0.2890916386626824,0.2890916386626824,0.3195625342432489,0.2890916386626824,-0.03047089558056648,0.04140587989189126,0.2781566543513576,0,0,-0.024655186151965398,3.047089558056648e-05,0.8642118375659646,1.006332831605643,0.14122662957633889,0.021735951139269905,-0.06804948417600525
1237,19.95,-0.036231884057971016,1.0,0.38909163866268237,0.22116676755410544,0.22116676755410544,0.22116676755410544,0.2890916386626824,0.22116676755410544,-0.06792487110857695,0.0,0.2890916386626824,0,0,-0.008013288679496574,6.792487110857695e-05,0.8572279571536332,1.006332831605643,0.14816656057430544,0.0069399309979665535,-0.02189168676500228
1238,19.95,0.0,1.0,0.32116676755410545,0.19947947785446446,0.19947947785446446,0.19947947785446446,0.22116676755410544,0.19947947785446446,-0.021687289699640983,0.0,0.22116676755410544,0,0,0.0,2.1687289699640983e-05,0.8572093662025878,1.006332831605643,0.14818503453288207,1.8473958576625815e-05,2.6333597758911688e-05
1239,19.85,-0.005012531328320695,-1.0,0.09947947785446445,0.19942178242096775,0.09947947785446445,0.09947947785446445,0.19947947785446446,0.09947947785446445,-0.1,0.0,0.19947947785446446,0,0,-0.0004986439992704879,0.0001,0.8566962029593922,1.006332831605643,0.14869496845044775,0.0005099339175656803,-0.001614761847597688
1240,19.84,-0.0005037783375315648,1.0,0.19947947785446446,0.19782824292969184,0.19782824292969184,0.19782824292969184,0.09947947785446445,0.19782824292969184,0.09834876507522738,0.0,0.09947947785446445,0,0,-9.96615833399107e-05,9.834876507522739e-05,0.8565265682457582,1.006332831605643,0.14886353565635246,0.0001685672059047183,-0.0004891038052247628
1241,19.34,-0.02520161290322581,-1.0,0.09782824292969183,0.19730144031536717,0.09782824292969183,0.09782824292969183,0.19782824292969184,0.09834876507522738,-0.09947947785446445,0.09834876507522738,0.09947947785446445,0,0,-0.0024785475069361742,9.947947785446445e-05,0.8543184196396305,1.006332831605643,0.15105778842916973,0.0021942527728172623,-0.006963066498062352
1242,19.36,0.0010341261633919118,1.0,0.1983487650752274,0.19044439159533152,0.19044439159533152,0.19044439159533152,0.09834876507522738,0.19044439159533152,0.09209562652010414,0.0,0.09834876507522738,0,0,0.00019694352801998704,9.209562652010414e-05,0.8544079931331425,1.006332831605643,0.15096877861979174,0.0,0.00015130528342296014
1243,18.55,-0.04183884297520655,1.0,0.29044439159533153,0.19072257764836567,0.19072257764836567,0.19072257764836567,0.19044439159533152,0.19072257764836567,0.00027818605303414623,0.09209562652010414,0.09834876507522738,0,0,-0.007979611978056609,2.7818605303414623e-07,0.8475899111926026,1.006332831605643,0.15774395451230575,0.0067751758925140015,-0.021437772556550046
1244,18.86,0.01671159029649589,1.0,0.2907225776483657,0.16955012306796569,0.16955012306796569,0.16955012306796569,0.19072257764836567,0.16955012306796569,-0.021172454580399985,0.00027818605303414623,0.19044439159533152,0,0,0.002833452191432299,2.1172454580399984e-05,0.8499735711250097,1.006332831605643,0.15537529490233967,0.0,0.002886175236863061
1245,20.9,0.10816542948038171,1.0,0.26955012306796566,0.17695218175865954,0.17695218175865954,0.17695218175865954,0.16955012306796569,0.16955012306796569,0.0,0.0,0.16955012306796569,1,0,0.018339461880098083,0.0,0.8655616290317476,1.006332831605643,0.1398853323202121,0.0,0.018423943607399445
1246,19.79,-0.05311004784688993,1.0,0.26955012306796566,0.22535832449949617,0.22535832449949617,0.22535832449949617,0.16955012306796569,0.22535832449949617,0.05580820143153048,0.0,0.16955012306796569,0,0,-0.011968791396863188,5.5808201431530484e-05,0.8551535970149932,1.006332831605643,0.15022786680768185,0.010342534487469746,-0.032632829503903005
1247,20.88,0.05507832238504295,1.0,0.3253583244994962,0.1930379387010883,0.1930379387010883,0.1930379387010883,0.22535832449949617,0.1930379387010883,-0.032320385798407875,0.05580820143153048,0.16955012306796569,0,0,0.0106322058203227,3.232038579840788e-05,0.8642181271722735,1.006332831605643,0.14122037955039185,0.0,0.010677189817378962
1248,18.77,-0.10105363984674327,1.0,0.2930379387010883,0.22118632532817212,0.22118632532817212,0.22118632532817212,0.1930379387010883,0.22118632532817212,0.028148386627083827,0.0,0.1930379387010883,0,1,-0.022351683258737695,2.814838662708383e-05,0.8448770709812855,1.006332831605643,0.16043972287652444,0.019219343326132593,-0.06072923473005391
1249,19.13,0.01917954182205644,1.0,0.32118632532817215,0.16112584471938668,0.16112584471938668,0.16112584471938668,0.22118632532817212,0.16112584471938668,-0.06006048060878544,0.028148386627083827,0.1930379387010883,0,0,0.003090319877409649,6.006048060878544e-05,0.8474372676647682,1.006332831605643,0.1578956374575902,0.0,0.003081327740626181
1250,20.04,0.04756926293779405,1.0,0.2611258447193867,0.16907612644362108,0.16907612644362108,0.16907612644362108,0.16112584471938668,0.16907612644362108,0.007950281724234398,0.0,0.16112584471938668,0,0,0.008042826715300325,7.950281724234399e-06,0.8542463213956619,1.006332831605643,0.15112943296038664,0.0,0.008115194926660239
1251,20.25,0.010479041916167707,1.0,0.2690761264436211,0.19022050164839674,0.19022050164839674,0.19022050164839674,0.16907612644362108,0.19022050164839674,0.02114437520477566,0.007950281724234398,0.16112584471938668,0,0,0.001993328610087998,2.1144375204775662e-05,0.8559310525234254,1.006332831605643,0.14945530381061478,0.0,0.002054034044721452
1252,20.36,0.005432098765432071,1.0,0.29022050164839674,0.19545215964510507,0.19545215964510507,0.19545215964510507,0.19022050164839674,0.19545215964510507,0.005231657996708328,0.02114437520477566,0.16907612644362108,0,0,0.0010617154351092073,5.231657996708328e-06,0.8568353297947431,1.006332831605643,0.14855671713738175,0.0,0.0011482183158752462
1253,19.7,-0.03241650294695482,1.0,0.2954521596451051,0.19826023690592184,0.19826023690592184,0.19826023690592184,0.19545215964510507,0.19826023690592184,0.002808077260816777,0.005231657996708328,0.19022050164839674,0,0,-0.006426903553924776,2.808077260816777e-06,0.8513261257087511,1.006332831605643,0.15403125191649836,0.005474534779116608,-0.01728481335882846
1254,19.44,-0.013197969543147108,1.0,0.29826023690592185,0.18115235343786537,0.18115235343786537,0.18115235343786537,0.19826023690592184,0.18115235343786537,-0.017107883468056473,0.002808077260816777,0.19545215964510507,0,0,-0.0023908432433423672,1.7107883468056474e-05,0.8492761740050675,1.006332831605643,0.1560683033166925,0.0020370514001941398,-0.006401606161963658
1255,18.76,-0.034979423868312744,1.0,0.2811523534378654,0.1747865308098045,0.1747865308098045,0.1747865308098045,0.18115235343786537,0.1747865308098045,-0.006365822628060874,0.0,0.18115235343786537,0,0,-0.0061139321476680565,6.365822628060874e-06,0.8440783507610834,1.006332831605643,0.16123341676697192,0.005165113450279424,-0.01636716606249463
1256,18.67,-0.004797441364605535,1.0,0.27478653080980453,0.15864559300483047,0.15864559300483047,0.15864559300483047,0.1747865308098045,0.15864559300483047,-0.016140937804974026,0.0,0.1747865308098045,0,0,-0.0007610929301937483,1.6140937804974025e-05,0.8434223044796273,1.006332831605643,0.1618853345628063,0.0006519177958343725,-0.0020090536272749683
1257,17.65,-0.05463310123192303,1.0,0.2586455930048305,0.1566083248728846,0.1566083248728846,0.1566083248728846,0.15864559300483047,0.1566083248728846,-0.0020372681319458796,0.0,0.15864559300483047,0,0,-0.008555998466542194,2.0372681319458797e-06,0.8362042662584694,1.006332831605643,0.16905794981937225,0.007172615256565956,-0.022825035587399987
1258,17.53,-0.006798866855523935,1.0,0.2566083248728846,0.13419390507312165,0.13419390507312165,0.13419390507312165,0.1566083248728846,0.13419390507312165,-0.02241441979976294,0.0,0.1566083248728846,0,0,-0.000912366493414972,2.241441979976294e-05,0.8354225984708222,1.006332831605643,0.16983469858786868,0.0007767487684964269,-0.002429774119558862
1259,17.91,0.02167712492869361,1.0,0.23419390507312166,0.13176655248080296,0.13176655248080296,0.13176655248080296,0.13419390507312165,0.13176655248080296,-0.002427352592318688,0.0,0.13419390507312165,0,0,0.0028563200195496287,2.427352592318688e-06,0.8378068048984086,1.006332831605643,0.1674654959218061,0.0,0.0029213214675380267
1260,17.73,-0.010050251256281392,1.0,0.23176655248080297,0.1391703341182598,0.1391703341182598,0.1391703341182598,0.13176655248080296,0.1391703341182598,0.0074037816374568355,0.0,0.13176655248080296,0,0,-0.0013986968253091416,7.403781637456836e-06,0.836628764241537,1.006332831605643,0.16863612319329443,0.0011706272714883392,-0.003679175869410202
1261,17.31,-0.023688663282572006,1.0,0.2391703341182598,0.13551209904521594,0.13551209904521594,0.13551209904521594,0.1391703341182598,0.13551209904521594,-0.0036582350730438584,0.0074037816374568355,0.13176655248080296,0,0,-0.003210100484996668,3.6582350730438586e-06,0.8339400412549945,1.006332831605643,0.171307926101933,0.002671802908638554,-0.008488904512848798
1262,17.04,-0.015597920277296336,1.0,0.23551209904521594,0.1271627455977638,0.1271627455977638,0.1271627455977638,0.13551209904521594,0.1271627455977638,-0.008349353447452135,0.0,0.13551209904521594,0,0,-0.0019834743680760356,8.349353447452135e-06,0.8322789796984946,1.006332831605643,0.1729585346325616,0.0016506085306286222,-0.005230620030466576
1263,16.58,-0.026995305164319302,1.0,0.2271627455977638,0.12200456895219172,0.12200456895219172,0.12200456895219172,0.1271627455977638,0.12200456895219172,-0.005158176645572082,0.0,0.1271627455977638,0,0,-0.0032935505703056514,5.1581766455720826e-06,0.8295335337482596,1.006332831605643,0.17568670354846053,0.0027281689158989153,-0.008693353994607652
1264,16.75,0.010253317249698536,1.0,0.22200456895219173,0.11347905583975326,0.11347905583975326,0.11347905583975326,0.12200456895219172,0.11347905583975326,-0.00852551311243846,0.0,0.12200456895219172,0,0,0.0011635367607212455,8.52551311243846e-06,0.8304916543100075,1.006332831605643,0.1747346124195055,0.0,0.0012111094268878707
1265,16.93,0.010746268656716402,1.0,0.21347905583975327,0.11645435206884017,0.11645435206884017,0.11645435206884017,0.11347905583975326,0.11645435206884017,0.0029752962290869045,0.0,0.11347905583975326,0,0,0.0012514497535755938,2.9752962290869046e-06,0.8315285019274529,1.006332831605643,0.1737042896625792,0.0,0.0013087224508038034
1266,16.85,-0.004725339633786078,1.0,0.21645435206884017,0.11967407390763182,0.11967407390763182,0.11967407390763182,0.11645435206884017,0.11967407390763182,0.003219721838791656,0.0029752962290869045,0.11347905583975326,0,0,-0.000565500644572377,3.219721838791656e-06,0.8310555947331554,1.006332831605643,0.17417422086172626,0.0004699311991470667,-0.0014469813116595085
1267,16.76,-0.005341246290801178,1.0,0.21967407390763183,0.11820556447199648,0.11820556447199648,0.11820556447199648,0.11967407390763182,0.11820556447199648,-0.00146850943563534,0.003219721838791656,0.11645435206884017,0,0,-0.0006313650327881107,1.4685094356353402e-06,0.8305296748773555,1.006332831605643,0.17469683111479803,0.0005226102530717647,-0.0016162484976851813
1268,18.39,0.09725536992840089,1.0,0.2182055644719965,0.11657239720517118,0.11657239720517118,0.11657239720517118,0.11820556447199648,0.11657239720517118,-0.0016331672668253028,0.0,0.11820556447199648,0,0,0.011337291613629409,1.6331672668253029e-06,0.8399442756013338,1.006332831605643,0.1653414762776147,0.0,0.011396631826778178
1269,17.74,-0.03534529635671572,1.0,0.21657239720517119,0.14580787010746135,0.14580787010746135,0.14580787010746135,0.11657239720517118,0.14580787010746135,0.02923547290229017,0.0,0.11657239720517118,0,0,-0.005153622380089732,2.9235472902290173e-05,0.8355909638164576,1.006332831605643,0.1696673927618561,0.00432591648424141,-0.013774579796852676
1270,18.18,0.024802705749718226,1.0,0.24580787010746136,0.13228939697418554,0.13228939697418554,0.13228939697418554,0.14580787010746135,0.13228939697418554,-0.01351847313327581,0.02923547290229017,0.11657239720517118,0,0,0.0032811349869583885,1.351847313327581e-05,0.8383213546486272,1.006332831605643,0.16695418422247735,0.0,0.00332973062471191
1271,18.25,0.003850385038503866,1.0,0.23228939697418555,0.1407681576933789,0.1407681576933789,0.1407681576933789,0.13228939697418554,0.1407681576933789,0.008478760719193346,0.0,0.13228939697418554,0,0,0.000542011608280339,8.478760719193346e-06,0.8387686266281442,1.006332831605643,0.16650972691623667,0.0,0.0006018649572853436
1272,18.15,-0.005479452054794599,1.0,0.2407681576933789,0.1421570856150143,0.1421570856150143,0.1421570856150143,0.1407681576933789,0.1421570856150143,0.001388927921635419,0.008478760719193346,0.13228939697418554,0,0,-0.0007789429348768019,1.3889279216354188e-06,0.8381141087432705,1.006332831605643,0.16716012593365656,0.0006503990174198948,-0.0020086552924243684
1273,17.71,-0.024242424242424118,1.0,0.2421570856150143,0.1401246137943276,0.1401246137943276,0.1401246137943276,0.1421570856150143,0.1401246137943276,-0.002032471820686693,0.001388927921635419,0.1407681576933789,0,0,-0.0033969603344079246,2.0324718206866933e-06,0.8352653649168534,1.006332831605643,0.16999094267434842,0.002830816740691855,-0.008989348699680674
1274,17.31,-0.0225861095426314,1.0,0.24012461379432762,0.13127830662106688,0.13127830662106688,0.13127830662106688,0.1401246137943276,0.13127830662106688,-0.008846307173260737,0.0,0.1401246137943276,0,0,-0.00296506621391457,8.846307173260736e-06,0.8327813587896963,1.006332831605643,0.1724593170025454,0.0024683743281969928,-0.007846657743369385
1275,17.62,0.017908723281340397,1.0,0.23127830662106688,0.1235646273969106,0.1235646273969106,0.1235646273969106,0.13127830662106688,0.1235646273969106,-0.007713679224156278,0.0,0.13127830662106688,0,0,0.0022128847194132044,7.713679224156278e-06,0.8346177841249085,1.006332831605643,0.17063444825382126,0.0,0.002266292046728874
1276,17.2,-0.023836549375709518,1.0,0.2235646273969106,0.12926734835185355,0.12926734835185355,0.12926734835185355,0.1235646273969106,0.12926734835185355,0.0057027209549429525,0.0,0.1235646273969106,0,0,-0.0030812875316559994,5.702720954942953e-06,0.8320413271606591,1.006332831605643,0.17319469162791304,0.002560243374091775,-0.008142793980670802
1277,16.33,-0.050581395348837266,1.0,0.22926734835185356,0.12126658894407563,0.12126658894407563,0.12126658894407563,0.12926734835185355,0.12126658894407563,-0.008000759407777919,0.0057027209549429525,0.1235646273969106,0,0,-0.006133833277985228,8.00075940777792e-06,0.8269310674169862,1.006332831605643,0.17827279261316992,0.005078100985256878,-0.016238099785600684
1278,15.87,-0.028169014084506987,1.0,0.22126658894407564,0.10539750419862848,0.10539750419862848,0.10539750419862848,0.12126658894407563,0.10539750419862848,-0.015869084745447154,0.0,0.12126658894407563,0,0,-0.00296894378024305,1.5869084745447154e-05,0.8244628329285013,1.006332831605643,0.18072549455328918,0.002452701940119262,-0.007841577965415347
1279,15.73,-0.008821676118462431,1.0,0.20539750419862848,0.1,0.1,0.1,0.10539750419862848,0.1,-0.005397504198628472,0.0,0.10539750419862848,0,0,-0.0008821676118462432,5.397504198628472e-06,0.8237310684785185,1.006332831605643,0.18145265402478852,0.0007271594714993446,-0.002290582811142875
1280,15.37,-0.022886204704386598,1.0,0.2,0.1,0.1,0.1,0.1,0.1,0.0,0.0,0.1,0,0,-0.0022886204704386597,0.0,0.8218458606930623,1.006332831605643,0.1833259982368106,0.0018733442120220656,-0.005981308894482791
1281,14.98,-0.025374105400130045,1.0,0.2,0.1,0.1,0.1,0.1,0.1,0.0,0.0,0.1,0,0,-0.0025374105400130047,0.0,0.8197605003438737,1.006332831605643,0.18539823545663905,0.0020722372198284655,-0.006627884979669936
1282,14.62,-0.02403204272363159,1.0,0.2,0.1,0.1,0.1,0.1,0.1,0.0,0.0,0.1,0,0,-0.002403204272363159,0.0,0.8177904484071328,1.006332831605643,0.1873558898974642,0.0019576544408251573,-0.006264513154013473
1283,13.0,-0.11080711354309161,1.0,0.2,0.1,0.1,0.1,0.1,0.1,0.0,0.0,0.1,0,1,-0.011080711354309162,0.0,0.8087287485000222,1.006332831605643,0.19636056471528993,0.009004674817825714,-0.029036060989960588
1284,12.21,-0.0607692307692307,1.0,0.2,0.1,0.1,0.1,0.1,0.1,0.0,0.0,0.1,0,0,-0.00607692307692307,0.0,0.8038141661052912,1.006332831605643,0.20124421974509707,0.0048836550298071435,-0.015790233136537355
1285,11.99,-0.01801801801801807,1.0,0.2,0.1,0.1,0.1,0.1,0.1,0.0,0.0,0.1,0,0,-0.001801801801801807,0.0,0.8023658522924889,1.006332831605643,0.20268341934915995,0.0014391996040628852,-0.004626201009927577
1286,12.28,0.024186822351959895,0.15771043300628662,0.11577104330062866,0.1,0.1,0.1,0.1,0.1,0.0,0.0,0.1,0,0,0.0024186822351959895,0.0,0.8043065203255566,1.006332831605643,0.2007549638997126,0.0,0.0024726822351959898
1287,12.52,0.019543973941368097,-0.46388527750968933,0.05361147224903107,0.1,0.05361147224903107,0.05361147224903107,0.1,0.05361147224903107,-0.04638852775096894,0.0,0.1,0,0,0.001047781216593442,4.638852775096894e-05,0.8051119469945989,1.006332831605643,0.1999546057639682,0.0,0.0010086407943423821
1288,13.05,0.04233226837060712,1.0,0.15361147224903107,0.1,0.1,0.1,0.05361147224903107,0.1,0.04638852775096894,0.0,0.05361147224903107,0,0,0.004233226837060712,4.638852775096894e-05,0.8084828205375587,1.006332831605643,0.19660494505819406,0.0,0.004217644045434258
1289,13.17,0.009195402298850514,1.0,0.2,0.1,0.1,0.1,0.1,0.1,0.0,0.04638852775096894,0.05361147224903107,0,0,0.0009195402298850515,0.0,0.8092262530162139,1.006332831605643,0.19586619098468444,0.0,0.0009735402298850514
1290,12.98,-0.014426727410782042,1.0,0.2,0.1,0.1,0.1,0.1,0.1,0.0,0.0,0.1,0,0,-0.0014426727410782043,0.0,0.8080588043596225,1.006332831605643,0.19702629291113022,0.001160101926445778,-0.00370887659396976
1291,13.05,0.0053929121725732115,1.0,0.2,0.1,0.1,0.1,0.1,0.1,0.0,0.0,0.1,0,0,0.0005392912172573212,0.0,0.808494583375841,1.006332831605643,0.19659325624320872,0.0,0.0005932912172573211
1292,13.2,0.011494252873563109,1.0,0.2,0.1,0.1,0.1,0.1,0.1,0.0,0.0,0.1,0,0,0.001149425287356311,0.0,0.8094238874946638,1.006332831605643,0.19566980021590213,0.0,0.001203425287356311
1293,13.42,0.016666666666666715,1.0,0.2,0.1,0.1,0.1,0.1,0.1,0.0,0.0,0.1,0,0,0.0016666666666666715,0.0,0.8107729273071549,1.006332831605643,0.19432924988292863,0.0,0.0017206666666666716
1294,13.84,0.03129657228017883,1.0,0.2,0.1,0.1,0.1,0.1,0.1,0.0,0.0,0.1,0,0,0.0031296572280178833,0.0,0.813310368659383,1.006332831605643,0.1918077765964221,0.0,0.0031836572280178835
1295,13.75,-0.0065028901734103944,1.0,0.2,0.1,0.1,0.1,0.1,0.1,0.0,0.0,0.1,0,0,-0.0006502890173410395,0.0,0.8127814818589543,1.006332831605643,0.1923333351232018,0.0005255585267797125,-0.0016474060709004644
1296,14.04,0.02109090909090903,1.0,0.2,0.1,0.1,0.1,0.1,0.1,0.0,0.0,0.1,0,0,0.002109090909090903,0.0,0.8144957118934204,1.006332831605643,0.1906298927027344,0.0,0.002163090909090903
1297,13.86,-0.012820512820512801,1.0,0.2,0.1,0.1,0.1,0.1,0.1,0.0,0.0,0.1,0,0,-0.00128205128205128,0.0,0.8134514866217621,1.006332831605643,0.19166754668644886,0.0010376539837144705,-0.003303359249480221
1298,14.56,0.05050505050505059,1.0,0.2,0.1,0.1,0.1,0.1,0.1,0.0,0.0,0.1,0,0,0.005050505050505059,0.0,0.8175598274632861,1.006332831605643,0.1875850595485017,0.0,0.005104505050505059
1299,14.82,0.017857142857142842,1.0,0.2,0.1,0.1,0.1,0.1,0.1,0.0,0.0,0.1,0,0,0.0017857142857142844,0.0,0.8190197557266135,1.006332831605643,0.18613431858340973,0.0,0.0018397142857142844
1300,14.86,0.00269905533063422,1.0,0.2,0.1,0.1,0.1,0.1,0.1,0.0,0.0,0.1,0,0,0.00026990553306342204,0.0,0.8192408136903724,1.006332831605643,0.1859146517328249,0.0,0.00032390553306342205
1301,14.39,-0.03162853297442792,1.0,0.2,0.1,0.1,0.1,0.1,0.1,0.0,0.0,0.1,0,0,-0.0031628532974427924,0.0,0.8166496751813921,1.006332831605643,0.18848948426099157,0.002574832528166676,-0.008258518353776147
1302,14.8,0.0284920083391244,1.0,0.2,0.1,0.1,0.1,0.1,0.1,0.0,0.0,0.1,0,0,0.0028492008339124405,0.0,0.8189764741169333,1.006332831605643,0.1861773278228192,0.0,0.0029032008339124407
1303,14.57,-0.01554054054054057,1.0,0.2,0.1,0.1,0.1,0.1,0.1,0.0,0.0,0.1,0,0,-0.001554054054054057,0.0,0.817703740407157,1.006332831605643,0.18744205224579727,0.001264724422978064,-0.004029502900010185
1304,14.41,-0.010981468771448191,1.0,0.2,0.1,0.1,0.1,0.1,0.1,0.0,0.0,0.1,0,0,-0.0010981468771448192,0.0,0.8168057815981993,1.006332831605643,0.18833436021862268,0.0008923079728254124,-0.0028287628227956435
1305,14.02,-0.027064538514920234,1.0,0.2,0.1,0.1,0.1,0.1,0.1,0.0,0.0,0.1,0,0,-0.0027064538514920237,0.0,0.8145951344446719,1.006332831605643,0.1905310958155327,0.0021967355969100266,-0.007045925045312077
1306,14.17,0.01069900142653355,1.0,0.2,0.1,0.1,0.1,0.1,0.1,0.0,0.0,0.1,0,0,0.001069900142653355,0.0,0.815466669895219,1.006332831605643,0.18966504491947228,0.0,0.001123900142653355
1307,13.85,-0.02258292166549049,1.0,0.2,0.1,0.1,0.1,0.1,0.1,0.0,0.0,0.1,0,0,-0.002258292166549049,0.0,0.8136251079025127,1.006332831605643,0.19149501800081156,0.0018299730813392812,-0.005864238329227611
1308,13.34,-0.03682310469314078,1.0,0.2,0.1,0.1,0.1,0.1,0.1,0.0,0.0,0.1,0,0,-0.0036823104693140783,0.0,0.8106290876495865,1.006332831605643,0.19447218436051977,0.002977166359708211,-0.009582643188730502
1309,13.6,0.019490254872563704,1.0,0.2,0.1,0.1,0.1,0.1,0.1,0.0,0.0,0.1,0,0,0.0019490254872563705,0.0,0.8122090244021268,1.006332831605643,0.19290219011714457,0.0,0.0020030254872563705
1310,13.4,-0.014705882352941124,1.0,0.2,0.1,0.1,0.1,0.1,0.1,0.0,0.0,0.1,0,0,-0.0014705882352941124,0.0,0.8110145993662413,1.006332831605643,0.19408909866108998,0.001186908543945403,-0.0037904053231849182
1311,13.55,0.011194029850746294,1.0,0.2,0.1,0.1,0.1,0.1,0.1,0.0,0.0,0.1,0,0,0.0011194029850746295,0.0,0.8119224515297111,1.006332831605643,0.19318695959242693,0.0,0.0011734029850746295
1312,13.6,0.0036900369003689247,1.0,0.2,0.1,0.1,0.1,0.1,0.1,0.0,0.0,0.1,0,0,0.0003690036900368925,0.0,0.8122220539103493,1.006332831605643,0.1928892426033467,0.0,0.0004230036900368925
1313,13.23,-0.027205882352941118,1.0,0.2,0.1,0.1,0.1,0.1,0.1,0.0,0.0,0.1,0,0,-0.002720588235294112,0.0,0.8100123321460344,1.006332831605643,0.19508505863449932,0.0021958160311526254,-0.007058220297599362
1314,12.6,-0.04761904761904768,1.0,0.2,0.1,0.1,0.1,0.1,0.1,0.0,0.0,0.1,0,0,-0.004761904761904768,0.0,0.8061551305643866,1.006332831605643,0.19891798692671603,0.0038329282922167085,-0.012373761346338188
1315,12.7,0.007936507936507908,1.0,0.2,0.1,0.1,0.1,0.1,0.1,0.0,0.0,0.1,0,0,0.0007936507936507908,0.0,0.8067949362235647,1.006332831605643,0.19828220755126105,0.0,0.0008476507936507907
1316,12.78,0.006299212598425203,1.0,0.2,0.1,0.1,0.1,0.1,0.1,0.0,0.0,0.1,0,0,0.0006299212598425203,0.0,0.8073031535062253,1.006332831605643,0.19777718846940348,0.0,0.0006839212598425203
1317,14.21,0.11189358372456976,1.0,0.2,0.1,0.1,0.1,0.1,0.1,0.0,0.0,0.1,1,0,0.011189358372456977,0.0,0.8163363578060211,1.006332831605643,0.1888008299366276,0.0,0.011243358372456975
1318,14.04,-0.011963406052076122,1.0,0.2,0.1,0.1,0.1,0.1,0.1,0.0,0.0,0.1,0,0,-0.0011963406052076123,0.0,0.8153597414736705,1.006332831605643,0.1897713004426851,0.0009704705060574748,-0.0030832816173225613
1319,13.71,-0.023504273504273383,1.0,0.2,0.1,0.1,0.1,0.1,0.1,0.0,0.0,0.1,0,0,-0.0023504273504273386,0.0,0.8134432976368734,1.006332831605643,0.1916756841382258,0.0019043836955407178,-0.006105194741508774
1320,13.53,-0.013129102844639058,1.0,0.2,0.1,0.1,0.1,0.1,0.1,0.0,0.0,0.1,0,0,-0.001312910284463906,0.0,0.8123753195655777,1.006332831605643,0.19273694144570297,0.0010612573074771647,-0.0033814248994182353
1321,13.45,-0.005912786400591284,1.0,0.2,0.1,0.1,0.1,0.1,0.1,0.0,0.0,0.1,0,0,-0.0005912786400591284,0.0,0.8118949793914074,1.006332831605643,0.1932142588491349,0.00047731740343193163,-0.0014919134469229915
1322,13.23,-0.01635687732341999,1.0,0.2,0.1,0.1,0.1,0.1,0.1,0.0,0.0,0.1,0,0,-0.0016356877323419991,0.0,0.8105669727336668,1.006332831605643,0.19453390838856383,0.0013196495394289243,-0.004220986811199847
1323,13.48,0.01889644746787604,1.0,0.2,0.1,0.1,0.1,0.1,0.1,0.0,0.0,0.1,0,0,0.0018896447467876042,0.0,0.8120986563556125,1.006332831605643,0.19301186361983474,0.0,0.0019436447467876042
1324,13.62,0.010385756676557773,1.0,0.2,0.1,0.1,0.1,0.1,0.1,0.0,0.0,0.1,0,0,0.0010385756676557774,0.0,0.8129420822598394,1.006332831605643,0.1921737453773034,0.0,0.0010925756676557774
1325,13.0,-0.045521292217327404,1.0,0.2,0.1,0.1,0.1,0.1,0.1,0.0,0.0,0.1,0,0,-0.004552129221732741,0.0,0.8092414648516082,1.006332831605643,0.19585107487705425,0.0036773294997508588,-0.01185278822123446
1326,13.02,0.0015384615384615057,1.0,0.2,0.1,0.1,0.1,0.1,0.1,0.0,0.0,0.1,0,0,0.00015384615384615057,0.0,0.8093659635385084,1.006332831605643,0.19572735965780458,0.0,0.00020784615384615056
1327,12.77,-0.019201228878648235,1.0,0.2,0.1,0.1,0.1,0.1,0.1,0.0,0.0,0.1,0,0,-0.0019201228878648236,0.0,0.8078118814272593,1.006332831605643,0.19727166196260915,0.0015443023048045679,-0.004954727497473959
1328,12.66,-0.008613938919342165,1.0,0.2,0.1,0.1,0.1,0.1,0.1,0.0,0.0,0.1,0,0,-0.0008613938919342165,0.0,0.8071160372067661,1.006332831605643,0.197963127249877,0.0006914652872678506,-0.0021903244664699174
1329,12.32,-0.026856240126382293,1.0,0.2,0.1,0.1,0.1,0.1,0.1,0.0,0.0,0.1,0,0,-0.0026856240126382296,0.0,0.8049484269962581,1.006332831605643,0.20011709673435604,0.002153969484479046,-0.006939562981596321
1330,12.38,0.004870129870129911,1.0,0.2,0.1,0.1,0.1,0.1,0.1,0.0,0.0,0.1,0,0,0.0004870129870129911,0.0,0.8053404473340809,1.006332831605643,0.19972754337237605,0.0,0.000541012987012991
1331,13.25,0.07027463651050074,1.0,0.2,0.1,0.1,0.1,0.1,0.1,0.0,0.0,0.1,0,0,0.007027463651050074,0.0,0.8109999480544416,1.006332831605643,0.19410365777248884,0.0,0.007081463651050075
1332,13.57,0.024150943396226438,1.0,0.2,0.1,0.1,0.1,0.1,0.1,0.0,0.0,0.1,0,0,0.002415094339622644,0.0,0.8129585894384221,1.006332831605643,0.19215734207805263,0.0,0.002469094339622644
1333,12.65,-0.06779661016949153,1.0,0.2,0.1,0.1,0.1,0.1,0.1,0.0,0.0,0.1,0,0,-0.006779661016949153,0.0,0.8074470057812125,1.006332831605643,0.1976342414537946,0.005476899375741973,-0.017679459768433096
1334,12.33,-0.025296442687747056,1.0,0.2,0.1,0.1,0.1,0.1,0.1,0.0,0.0,0.1,0,0,-0.0025296442687747058,0.0,0.8054044520906988,1.006332831605643,0.1996639413963621,0.002029699942567492,-0.00653504415390969
1335,11.92,-0.033252230332522316,1.0,0.2,0.1,0.1,0.1,0.1,0.1,0.0,0.0,0.1,0,0,-0.0033252230332522317,0.0,0.8027263026555229,1.006332831605643,0.2023252372927732,0.00266129589641112,-0.008593814826074473
1336,11.75,-0.014261744966442946,1.0,0.2,0.1,0.1,0.1,0.1,0.1,0.0,0.0,0.1,0,0,-0.0014261744966442948,0.0,0.8015814748748901,1.006332831605643,0.203462860695963,0.0011376234031897914,-0.0036474213030238773
1337,11.53,-0.018723404255319202,1.0,0.2,0.1,0.1,0.1,0.1,0.1,0.0,0.0,0.1,0,0,-0.0018723404255319204,0.0,0.8000806414751243,1.006332831605643,0.20495424938231957,0.001491388686356565,-0.0048011177982450505
1338,11.64,0.009540329575021787,1.0,0.2,0.1,0.1,0.1,0.1,0.1,0.0,0.0,0.1,0,0,0.0009540329575021787,0.0,0.800843944775751,1.006332831605643,0.2041957495335082,0.0,0.0010080329575021787
1339,11.36,-0.02405498281786951,1.0,0.2,0.1,0.1,0.1,0.1,0.1,0.0,0.0,0.1,0,0,-0.0024054982817869512,0.0,0.7989175160426135,1.006332831605643,0.20611005529064408,0.0019143057571358868,-0.006180109796058725
1340,11.6,0.021126760563380302,1.0,0.2,0.1,0.1,0.1,0.1,0.1,0.0,0.0,0.1,0,0,0.00211267605633803,0.0,0.8006053699497458,1.006332831605643,0.20443282301308904,0.0,0.0021666760563380304
1341,11.31,-0.02499999999999993,1.0,0.2,0.1,0.1,0.1,0.1,0.1,0.0,0.0,0.1,0,0,-0.002499999999999993,0.0,0.7986038565248715,1.006332831605643,0.2064217409555563,0.00198891794246725,-0.006423835884934493
1342,11.17,-0.01237842617152967,1.0,0.2,0.1,0.1,0.1,0.1,0.1,0.0,0.0,0.1,0,0,-0.001237842617152967,0.0,0.7976153106370423,1.006332831605643,0.2074040659446476,0.0009823249890913155,-0.003148492595335598
1343,11.36,0.017009847806624845,1.0,0.2,0.1,0.1,0.1,0.1,0.1,0.0,0.0,0.1,0,0,0.0017009847806624845,0.0,0.7989720421412592,1.006332831605643,0.2060558723236046,0.0,0.0017549847806624845
1344,11.13,-0.02024647887323932,1.0,0.2,0.1,0.1,0.1,0.1,0.1,0.0,0.0,0.1,0,0,-0.002024647887323932,0.0,0.7973544050841069,1.006332831605643,0.20766332962435788,0.00160745730075329,-0.005185562488830512
1345,12.16,0.09254267744833776,1.0,0.2,0.1,0.1,0.1,0.1,0.1,0.0,0.0,0.1,0,0,0.009254267744833776,0.0,0.8047333362362779,1.006332831605643,0.20033083393265164,0.0,0.009308267744833775
1346,12.65,0.04029605263157896,1.0,0.2,0.1,0.1,0.1,0.1,0.1,0.0,0.0,0.1,0,0,0.004029605263157896,0.0,0.8079760939234142,1.006332831605643,0.19710848285228155,0.0,0.004083605263157896
1347,12.85,0.01581027667984184,1.0,0.2,0.1,0.1,0.1,0.1,0.1,0.0,0.0,0.1,0,0,0.001581027667984184,0.0,0.8092535264829769,1.006332831605643,0.19583908914928122,0.0,0.001635027667984184
1348,12.95,0.0077821011673151474,1.0,0.2,0.1,0.1,0.1,0.1,0.1,0.0,0.0,0.1,0,0,0.0007782101167315147,0.0,0.8098832957642866,1.006332831605643,0.19521328299297713,0.0,0.0008322101167315146
1349,12.95,0.0,1.0,0.2,0.1,0.1,0.1,0.1,0.1,0.0,0.0,0.1,0,0,0.0,0.0,0.8098832957642866,1.006332831605643,0.19521328299297713,0.0,5.399999999999999e-05
1350,13.53,0.0447876447876448,1.0,0.2,0.1,0.1,0.1,0.1,0.1,0.0,0.0,0.1,0,0,0.00447876447876448,0.0,0.8135105723013004,1.006332831605643,0.1916088328318646,0.0,0.00453276447876448
1351,12.86,-0.049519586104951954,1.0,0.2,0.1,0.1,0.1,0.1,0.1,0.0,0.0,0.1,0,0,-0.004951958610495195,0.0,0.8094821016180641,1.006332831605643,0.19561195243277113,0.004003119600906518,-0.012904197812308234
1352,12.04,-0.06376360808709178,1.0,0.2,0.1,0.1,0.1,0.1,0.1,0.0,0.0,0.1,0,0,-0.006376360808709178,0.0,0.8043205516699552,1.006332831605643,0.20074102085427284,0.005129068421501709,-0.016580497651712593
1353,11.95,-0.007475083056478394,1.0,0.2,0.1,0.1,0.1,0.1,0.1,0.0,0.0,0.1,0,0,-0.0007475083056478395,0.0,0.8037193153771787,1.006332831605643,0.20133847357954787,0.0005974527252750328,-0.001888413756197905
1354,11.76,-0.01589958158995812,1.0,0.2,0.1,0.1,0.1,0.1,0.1,0.0,0.0,0.1,0,0,-0.001589958158995812,0.0,0.8024414352941522,1.006332831605643,0.20260831198975607,0.001269838410208196,-0.004075634979412204
1355,13.01,0.10629251700680273,1.0,0.2,0.1,0.1,0.1,0.1,0.1,0.0,0.0,0.1,1,0,0.010629251700680274,0.0,0.810970787284949,1.006332831605643,0.19413263503386483,0.0,0.010683251700680272
1356,12.37,-0.04919292851652579,1.0,0.2,0.1,0.1,0.1,0.1,0.1,0.0,0.0,0.1,0,0,-0.00491929285165258,0.0,0.806981384488159,1.006332831605643,0.19809693260172287,0.003964297567858044,-0.01279388798736867
1357,13.22,0.06871463217461612,1.0,0.2,0.1,0.1,0.1,0.1,0.1,0.0,0.0,0.1,0,0,0.0068714632174616125,0.0,0.8125265273888457,1.006332831605643,0.19258668517012595,0.0,0.006925463217461613
1358,13.98,0.05748865355521934,1.0,0.2,0.1,0.1,0.1,0.1,0.1,0.0,0.0,0.1,0,0,0.0057488653555219345,0.0,0.817197632992594,1.006332831605643,0.18794497473691335,0.0,0.005802865355521935
1359,13.75,-0.016452074391988585,1.0,0.2,0.1,0.1,0.1,0.1,0.1,0.0,0.0,0.1,0,0,-0.0016452074391988586,0.0,0.8158531733674989,1.006332831605643,0.189280973705515,0.0013359989686016482,-0.004263205376402155
1360,14.15,0.029090909090909115,1.0,0.2,0.1,0.1,0.1,0.1,0.1,0.0,0.0,0.1,0,0,0.0029090909090909115,0.0,0.8182265644172952,1.006332831605643,0.18692251835629464,0.0,0.0029630909090909117
1361,15.72,0.1109540636042403,1.0,0.2,0.1,0.1,0.1,0.1,0.1,0.0,0.0,0.1,1,0,0.011095406360424031,0.0,0.8273051206443989,1.006332831605643,0.17790109329494747,0.0,0.01114940636042403
1362,16.94,0.07760814249363872,1.0,0.2,0.10655909627980312,0.10655909627980312,0.10655909627980312,0.1,0.10655909627980312,0.006559096279803112,0.0,0.1,0,0,0.008269853528076328,6.559096279803112e-06,0.8341413864412164,1.006332831605643,0.1711078479767857,0.0,0.008317137436824523
1363,16.0,-0.05548996458087374,1.0,0.20655909627980312,0.12778798900822408,0.12778798900822408,0.12778798900822408,0.10655909627980312,0.12778798900822408,0.02122889272842096,0.006559096279803112,0.1,0,0,-0.007090950983927437,2.1228892728420963e-05,0.8282088228582833,1.006332831605643,0.17700307806032317,0.005895230083537484,-0.018846379558770963
1364,16.64,0.040000000000000036,1.0,0.22778798900822408,0.10936540402772812,0.10936540402772812,0.10936540402772812,0.12778798900822408,0.10936540402772812,-0.018422584980495954,0.02122889272842096,0.10655909627980312,0,0,0.004374616161109129,1.8422584980495953e-05,0.8318166608121117,1.006332831605643,0.17341794415579587,0.0,0.004405425051096133
1365,16.62,-0.0012019230769230512,1.0,0.20936540402772813,0.12056893520343992,0.12056893520343992,0.12056893520343992,0.10936540402772812,0.12056893520343992,0.011203531175711795,0.0,0.10936540402772812,0,0,-0.0001449145855810545,1.1203531175711794e-05,0.8316867991615389,1.006332831605643,0.17354698858969914,0.00012904443390326925,-0.0003561895099107515
1366,16.12,-0.030084235860409144,1.0,0.22056893520343993,0.12016567252863644,0.12016567252863644,0.12016567252863644,0.12056893520343992,0.12016567252863644,-0.00040326267480347844,0.011203531175711795,0.10936540402772812,0,0,-0.0036150924346761864,4.0326267480347844e-07,0.8286798391176268,1.006332831605643,0.1765350258965158,0.0029880373068166544,-0.009528336412117073
1367,17.78,0.10297766749379653,1.0,0.22016567252863645,0.11082804613114344,0.11082804613114344,0.11082804613114344,0.12016567252863644,0.11082804613114344,-0.009337626397492998,0.0,0.12016567252863644,1,0,0.011412813683480032,9.337626397492999e-06,0.8381296698219918,1.006332831605643,0.16714466278048049,0.0,0.011457934358076929
1368,16.65,-0.06355455568054007,1.0,0.21082804613114345,0.14017294943594957,0.14017294943594957,0.14017294943594957,0.11082804613114344,0.14017294943594957,0.02934490330480613,0.0,0.11082804613114344,0,0,-0.008908629519832584,2.934490330480613e-05,0.8306384882698502,1.006332831605643,0.174588702482722,0.007444039702241528,-0.023768411583063427
1369,17.14,0.02942942942942955,1.0,0.24017294943594958,0.11691032760136619,0.11691032760136619,0.11691032760136619,0.14017294943594957,0.11691032760136619,-0.023262621834583386,0.02934490330480613,0.11082804613114344,0,0,0.003440604235715896,2.3262621834583386e-05,0.8334770637419061,1.006332831605643,0.17176799010714858,0.0,0.003467655684704925
1370,18.47,0.07759626604434063,1.0,0.2169103276013662,0.12572501637321912,0.12572501637321912,0.12572501637321912,0.11691032760136619,0.12572501637321912,0.00881468877185293,0.0,0.11691032760136619,0,0,0.009755791818925393,8.81468877185293e-06,0.8416009456207061,1.006332831605643,0.16369523164826177,0.0,0.009808520727746317
1371,20.47,0.10828370330265295,1.0,0.22572501637321912,0.15095240287731548,0.15095240287731548,0.15095240287731548,0.12572501637321912,0.12572501637321912,0.0,0.00881468877185293,0.11691032760136619,1,0,0.013613970370678843,0.0,0.8530584759583216,1.006332831605643,0.1523098033110638,0.0,0.013679921312657547
1372,21.2,0.035661944308744524,1.0,0.22572501637321912,0.18653185889329207,0.18653185889329207,0.18653185889329207,0.12572501637321912,0.18653185889329207,0.06080684252007296,0.0,0.12572501637321912,0,0,0.006652088763659174,6.080684252007296e-05,0.8586812248685802,1.006332831605643,0.14672243824290113,0.0,0.006651921134585728
1373,20.46,-0.03490566037735842,1.0,0.2865318588932921,0.20399238765422226,0.20399238765422226,0.20399238765422226,0.18653185889329207,0.20399238765422226,0.017460528760930183,0.06080684252007296,0.12572501637321912,0,0,-0.007120489003024725,1.7460528760930185e-05,0.8525520016215764,1.006332831605643,0.15281309041532845,0.006090652172427324,-0.01923055644496076
1374,21.06,0.029325513196480833,1.0,0.30399238765422226,0.18495908789542984,0.18495908789542984,0.18495908789542984,0.20399238765422226,0.18495908789542984,-0.01903329975879242,0.017460528760930183,0.18653185889329207,0,0,0.005424020172886486,1.9033299758792423e-05,0.8571600339989999,1.006332831605643,0.14823405628993758,0.0,0.0054859197574684895
1375,23.32,0.10731244064577405,1.0,0.28495908789542984,0.19926857985744542,0.19926857985744542,0.19926857985744542,0.18495908789542984,0.18495908789542984,0.0,0.0,0.18495908789542984,1,0,0.01984841114167482,0.0,0.874173298768024,1.006332831605643,0.1313278556427036,0.0,0.019938860675895013
1376,24.27,0.04073756432246995,1.0,0.28495908789542984,0.252100460605057,0.252100460605057,0.252100460605057,0.18495908789542984,0.252100460605057,0.06714137270962714,0.0,0.18495908789542984,0,0,0.010269958729622811,6.714137270962714e-05,0.8830923292736446,1.006332831605643,0.12246495241078785,0.0,0.010282374161579035
1377,23.25,-0.042027194066749055,1.0,0.35210046060505695,0.27979701608507174,0.27979701608507174,0.27979701608507174,0.252100460605057,0.27979701608507174,0.027696555480014762,0.06714137270962714,0.18495908789542984,0,0,-0.011759083494304616,2.7696555480014762e-05,0.8726835142248441,1.006332831605643,0.13280826500269918,0.010343312591911333,-0.03236634712382233
1378,22.8,-0.01935483870967739,1.0,0.37979701608507177,0.2474741622818411,0.2474741622818411,0.2474741622818411,0.27979701608507174,0.2474741622818411,-0.03232285380323063,0.027696555480014762,0.252100460605057,0,0,-0.004789822495777562,3.232285380323064e-05,0.868475307475069,1.006332831605643,0.13698998959481132,0.004181724592112135,-0.013090017539935833
1379,21.3,-0.06578947368421052,1.0,0.34747416228184114,0.23440626301015866,0.23440626301015866,0.23440626301015866,0.2474741622818411,0.23440626301015866,-0.013067899271682448,0.0,0.2474741622818411,0,0,-0.015421464671720963,1.3067899271682448e-05,0.8550707970547421,1.006332831605643,0.150310145709503,0.013320156114691672,-0.04197370276988876
1380,21.53,0.010798122065727719,1.0,0.33440626301015863,0.19278080053824015,0.19278080053824015,0.19278080053824015,0.23440626301015866,0.19278080053824015,-0.041625462471918506,0.0,0.23440626301015866,0,0,0.002081670616140625,4.162546247191851e-05,0.8568151800903172,1.006332831605643,0.14857674004013624,0.0,0.0021126022405219924
1381,23.46,0.08964235949837435,1.0,0.2927808005382402,0.1981976985950372,0.1981976985950372,0.1981976985950372,0.19278080053824015,0.1981976985950372,0.005416898056797043,0.0,0.19278080053824015,0,0,0.01776690934920677,5.416898056797043e-06,0.8720334964435221,1.006332831605643,0.13345419223562557,0.0,0.017854133224641574
1382,23.96,0.021312872975277068,1.0,0.2981976985950372,0.2454556602997735,0.2454556602997735,0.2454556602997735,0.1981976985950372,0.2454556602997735,0.04725796170473631,0.005416898056797043,0.19278080053824015,0,0,0.0052313653090318305,4.725796170473631e-05,0.8765542116995504,1.006332831605643,0.1289619257467987,0.0,0.0052716026739506715
1383,23.53,-0.01794657762938229,1.0,0.3454556602997735,0.2594939976941931,0.2594939976941931,0.2594939976941931,0.2454556602997735,0.2594939976941931,0.01403833739441962,0.04725796170473631,0.1981976985950372,0,0,-0.004657029173977586,1.403833739441962e-05,0.8724597677993243,1.006332831605643,0.13303060339661088,0.004068677649812169,-0.012700147861980626
1384,23.44,-0.003824904377390559,1.0,0.3594939976941931,0.24677934907505794,0.24677934907505794,0.24677934907505794,0.2594939976941931,0.24677934907505794,-0.012714648619135183,0.01403833739441962,0.2454556602997735,0,0,-0.000943907412526782,1.2714648619135184e-05,0.8716251535379852,1.006332831605643,0.1338599654477401,0.0008293620511292121,-0.00251017590654682
1385,22.88,-0.02389078498293525,1.0,0.3467793490750579,0.24418761804832162,0.24418761804832162,0.24418761804832162,0.24677934907505794,0.24418761804832162,-0.0025917310267363214,0.0,0.24677934907505794,0,0,-0.00583383387828757,2.5917310267363213e-06,0.8665379781701535,1.006332831605643,0.13891512732665331,0.0050551618789132224,-0.015837309217509993
1386,22.36,-0.02272727272727271,1.0,0.34418761804832165,0.22839024514111897,0.22839024514111897,0.22839024514111897,0.24418761804832162,0.22839024514111897,-0.01579737290720265,0.0,0.24418761804832162,0,0,-0.005190687389570882,1.579737290720265e-05,0.8620263613907021,1.006332831605643,0.14339835259542746,0.004483225268774149,-0.014075097101840685
1387,22.18,-0.00805008944543827,1.0,0.328390245141119,0.2143801268207098,0.2143801268207098,0.2143801268207098,0.22839024514111897,0.2143801268207098,-0.01401011832040916,0.0,0.22839024514111897,0,0,-0.0017257791962311138,1.401011832040916e-05,0.8605266171382929,1.006332831605643,0.14488865898840905,0.0014903063929815885,-0.004626354386847877
1388,20.86,-0.05951307484220019,1.0,0.3143801268207098,0.20972295515414585,0.20972295515414585,0.20972295515414585,0.2143801268207098,0.20972295515414585,-0.004657171666563958,0.0,0.2143801268207098,0,0,-0.012481257926216077,4.657171666563958e-06,0.8497821548572361,1.006332831605643,0.15556550659151633,0.010676847603107276,-0.03374249534758914
1389,21.9,0.049856184084371966,1.0,0.30972295515414583,0.17635781169154738,0.17635781169154738,0.17635781169154738,0.20972295515414585,0.17635781169154738,-0.03336514346259847,0.0,0.20972295515414585,0,0,0.008792527524410792,3.336514346259847e-05,0.8572255347400627,1.006332831605643,0.14816896774367766,0.0,0.008829633249585044
1390,21.22,-0.031050228310502272,1.0,0.2763578116915474,0.1994719807077389,0.1994719807077389,0.1994719807077389,0.17635781169154738,0.1994719807077389,0.02311416901619151,0.0,0.17635781169154738,0,0,-0.006193650542523397,2.311416901619151e-05,0.85189636528586,1.006332831605643,0.15346460084520314,0.0052956331015254765,-0.016723778253326476
1391,21.76,0.02544769085768156,1.0,0.2994719807077389,0.1829231236150884,0.1829231236150884,0.1829231236150884,0.1994719807077389,0.1829231236150884,-0.0165488570926505,0.02311416901619151,0.17635781169154738,0,0,0.0046549711004782385,1.65488570926505e-05,0.8558478203356612,1.006332831605643,0.14953801221995028,0.0,0.004719825167516455
1392,21.35,-0.01884191176470589,1.0,0.2829231236150884,0.19519371763065252,0.19519371763065252,0.19519371763065252,0.1829231236150884,0.19519371763065252,0.012270594015564129,0.0,0.1829231236150884,0,0,-0.003677822804621671,1.227059401556413e-05,0.8526896619436025,1.006332831605643,0.15267629638684935,0.003138284166899069,-0.009878541151306248
1393,20.37,-0.045901639344262314,1.0,0.2951937176306525,0.18538656495717298,0.18538656495717298,0.18538656495717298,0.19519371763065252,0.18538656495717298,-0.009807152673479536,0.012270594015564129,0.1829231236150884,0,0,-0.008509547243935812,9.807152673479535e-06,0.84542529652318,1.006332831605643,0.1598949473065773,0.007218650919727954,-0.02287094878050761
1394,20.45,0.003927344133529616,1.0,0.28538656495717296,0.1628283023857625,0.1628283023857625,0.1628283023857625,0.18538656495717298,0.1628283023857625,-0.02255826257141047,0.0,0.18538656495717298,0,0,0.0006394827781473108,2.255826257141047e-05,0.8459468601146931,1.006332831605643,0.1593766659039116,0.0,0.0006874345320869549
1395,20.34,-0.005378973105134447,1.0,0.2628283023857625,0.1644479189091273,0.1644479189091273,0.1644479189091273,0.1628283023857625,0.1644479189091273,0.0016196165233647863,0.0,0.1628283023857625,0,0,-0.0008845609330075262,1.6196165233647864e-06,0.8451971984613228,1.006332831605643,0.1601216099520693,0.0007449440481576974,-0.0022944355735826177
1396,19.55,-0.038839724680432605,1.0,0.26444791890912733,0.16211998500164757,0.16211998500164757,0.16211998500164757,0.1644479189091273,0.16211998500164757,-0.0023279339074797345,0.0016196165233647863,0.1628283023857625,0,0,-0.006296695582659855,2.3279339074797345e-06,0.8398732814320781,1.006332831605643,0.16541202368203797,0.005290413729968663,-0.016799512686179574
1397,19.7,0.007672634271099672,1.0,0.26211998500164757,0.14558742605405262,0.14558742605405262,0.14558742605405262,0.16211998500164757,0.14558742605405262,-0.01653255894759495,0.0,0.16211998500164757,0,0,0.0011170390745835134,1.653255894759495e-05,0.8407975674506026,1.006332831605643,0.1644935541762286,0.0,0.001166875272619526
1398,20.71,0.05126903553299501,1.0,0.24558742605405262,0.14845762253059547,0.14845762253059547,0.14845762253059547,0.14558742605405262,0.14845762253059547,0.0028701964765428523,0.0,0.14558742605405262,0,0,0.007611279124665059,2.8701964765428524e-06,0.847194699169593,1.006332831605643,0.15813667947426396,0.0,0.00768282460405614
1399,20.69,-0.000965717044905822,1.0,0.24845762253059547,0.1683228727452815,0.1683228727452815,0.1683228727452815,0.14845762253059547,0.1683228727452815,0.01986525021468602,0.0028701964765428523,0.14558742605405262,0,0,-0.00016255226725763196,1.986525021468602e-05,0.8470401560157548,1.006332831605643,0.15829025009124525,0.00015357061698129115,-0.0004154972065886089
1400,20.26,-0.02078298695021748,1.0,0.2683228727452815,0.16784296222258813,0.16784296222258813,0.16784296222258813,0.1683228727452815,0.16784296222258813,-0.0004799105226933609,0.01986525021468602,0.14845762253059547,0,0,-0.0034882780935578945,4.799105226933608e-07,0.8440850378916772,1.006332831605643,0.16122677171835204,0.0029365216271067807,-0.009278238192202535
1401,20.95,0.03405725567620917,1.0,0.26784296222258813,0.15866636149824415,0.15866636149824415,0.15866636149824415,0.16784296222258813,0.15866636149824415,-0.00917660072434398,0.0,0.16784296222258813,0,0,0.005403740840759531,9.17660072434398e-06,0.8486385088526363,1.006332831605643,0.15670195565556513,0.0,0.005470070748009308
1402,21.35,0.019093078758949982,1.0,0.2586663614982442,0.17280639931781056,0.17280639931781056,0.17280639931781056,0.15866636149824415,0.17280639931781056,0.014140037819566409,0.0,0.15866636149824415,0,0,0.0032994061922255176,1.414003781956641e-05,0.8514265122230954,1.006332831605643,0.1539314971324036,0.0,0.0033639627440997426
1403,20.5,-0.039812646370023484,1.0,0.2728063993178106,0.18146406710358529,0.18146406710358529,0.18146406710358529,0.17280639931781056,0.18146406710358529,0.00865766778577473,0.014140037819566409,0.15866636149824415,0,0,-0.007224564732461252,8.657667785774732e-06,0.8452679549027191,1.006332831605643,0.16005129877948895,0.0061198016470853656,-0.019388033612638356
1404,19.29,-0.05902439024390248,1.0,0.2814640671035853,0.1623396839969966,0.1623396839969966,0.1623396839969966,0.18146406710358529,0.1623396839969966,-0.019124383106588677,0.00865766778577473,0.17280639931781056,0,0,-0.009582000860310538,1.9124383106588677e-05,0.837152431403451,1.006332831605643,0.1681157514579527,0.008064452678463757,-0.025658001485299887
1405,19.04,-0.012960082944530845,1.0,0.2623396839969966,0.13713828139273168,0.13713828139273168,0.13713828139273168,0.1623396839969966,0.13713828139273168,-0.025201402604264928,0.0,0.1623396839969966,0,0,-0.0017773235017202137,2.5201402604264927e-05,0.8356434432971304,1.006332831605643,0.1696152435334651,0.001499492075512393,-0.00474311093274977
1406,20.69,0.08665966386554634,1.0,0.2371382813927317,0.13245237842474122,0.13245237842474122,0.13245237842474122,0.13713828139273168,0.13245237842474122,-0.004685902967990457,0.0,0.13713828139273168,0,0,0.011478278592480217,4.685902967990457e-06,0.8452312757991831,1.006332831605643,0.16008774706218828,0.0,0.011540194985552853
1407,20.64,-0.002416626389560208,1.0,0.23245237842474123,0.16222578324612255,0.16222578324612255,0.16222578324612255,0.13245237842474122,0.16222578324612255,0.029773404821381327,0.0,0.13245237842474122,0,0,-0.00039203910885965404,2.9773404821381326e-05,0.8448747466700964,1.006332831605643,0.1604420325608715,0.00035428549868321557,-0.0010637250663603744
1408,22.86,0.10755813953488366,1.0,0.26222578324612256,0.16111862696943352,0.16111862696943352,0.16111862696943352,0.16222578324612255,0.16111862696943352,-0.0011071562766890308,0.029773404821381327,0.13245237842474122,1,0,0.0173296197612472,1.1071562766890308e-06,0.8595151693673905,1.006332831605643,0.14589374173949912,0.0,0.01740905467583992
1409,22.97,0.00481189851268589,1.0,0.26111862696943355,0.20658206977129442,0.20658206977129442,0.20658206977129442,0.16111862696943352,0.20658206977129442,0.045463442801860904,0.0,0.16111862696943352,0,0,0.0009940519542800644,4.546344280186091e-05,0.8603304955824937,1.006332831605643,0.14508354635533147,0.0,0.0010242003410094545
1410,22.95,-0.0008707009142359415,1.0,0.30658206977129443,0.2091139167564837,0.2091139167564837,0.2091139167564837,0.20658206977129442,0.2091139167564837,0.0025318469851892678,0.045463442801860904,0.16111862696943352,0,0,-0.0001820756784993289,2.531846985189268e-06,0.8601716720986053,1.006332831605643,0.14524137036633483,0.00015782401100336574,-0.00040229029903869666
1411,23.27,0.013943355119825722,1.0,0.3091139167564837,0.20862073488710223,0.20862073488710223,0.20862073488710223,0.2091139167564837,0.20862073488710223,-0.0004931818693814649,0.0025318469851892678,0.20658206977129442,0,0,0.0029088729918898813,4.93181869381465e-07,0.8626733780228885,1.006332831605643,0.14275540762546754,0.0,0.00300719209340317
1412,23.83,0.024065320154705576,1.0,0.30862073488710223,0.21638936214316012,0.21638936214316012,0.21638936214316012,0.20862073488710223,0.21638936214316012,0.007768627256057897,0.0,0.20862073488710223,0,0,0.005207479278047675,7.768627256057897e-06,0.8671590299747484,1.006332831605643,0.13829798378816427,0.0,0.00529756534082025
1413,22.91,-0.03860679815358784,1.0,0.31638936214316016,0.23031878136247985,0.23031878136247985,0.23031878136247985,0.21638936214316012,0.23031878136247985,0.013929419219319727,0.007768627256057897,0.20862073488710223,0,0,-0.008891870703041588,1.3929419219319728e-05,0.8594362849795797,1.006332831605643,0.14597212970949602,0.007674145921331754,-0.024154693450345568
1414,22.67,-0.010475774770842359,1.0,0.33031878136247983,0.20633708536804488,0.20633708536804488,0.20633708536804488,0.23031878136247985,0.20633708536804488,-0.023981695994434976,0.013929419219319727,0.21638936214316012,0,0,-0.0021615408331877107,2.3981695994434977e-05,0.8575579676163603,1.006332831605643,0.1478386268605653,0.001866497151069263,-0.00583225042377597
1415,22.37,-0.013233348037053404,1.0,0.3063370853680449,0.2005043052155585,0.2005043052155585,0.2005043052155585,0.20633708536804488,0.2005043052155585,-0.0058327801524863665,0.0,0.20633708536804488,0,0,-0.002653343253845068,5.832780152486367e-06,0.8552775700211112,1.006332831605643,0.15010467396111615,0.0022660471005508664,-0.00709800522789218
1416,22.45,0.0035762181493070315,1.0,0.3005043052155585,0.19342290088730077,0.19342290088730077,0.19342290088730077,0.2005043052155585,0.19342290088730077,-0.00708140432825774,0.0,0.2005043052155585,0,0,0.0006917224886447801,7.08140432825774e-06,0.855863128184042,1.006332831605643,0.1495228007035414,0.0,0.0007747066715321788
1417,22.25,-0.008908685968819567,1.0,0.2934229008873008,0.19524126164808603,0.19524126164808603,0.19524126164808603,0.19342290088730077,0.19524126164808603,0.0018183607607852592,0.0,0.19342290088730077,0,0,-0.001739343088178934,1.8183607607852592e-06,0.854372932299679,1.006332831605643,0.15100361881615854,0.0014808181126171327,-0.004609433587715488
1418,22.75,0.02247191011235955,1.0,0.29524126164808606,0.19061370603939448,0.19061370603939448,0.19061370603939448,0.19524126164808603,0.19061370603939448,-0.004627555608691547,0.0018183607607852592,0.19342290088730077,0,0,0.004283454068300999,4.627555608691547e-06,0.8580286458541295,1.006332831605643,0.14737091059116936,0.0,0.004369080807553555
1419,24.03,0.05626373626373631,1.0,0.2906137060393945,0.20196592286414178,0.20196592286414178,0.20196592286414178,0.19061370603939448,0.20196592286414178,0.011352216824747297,0.0,0.19061370603939448,0,0,0.011363357418290185,1.1352216824747297e-05,0.8677689915048719,1.006332831605643,0.13769186073327966,0.0,0.01144303450637253
1420,24.15,0.00499375780274646,1.0,0.3019659228641418,0.2322129517808379,0.2322129517808379,0.2322129517808379,0.20196592286414178,0.2322129517808379,0.030247028916696117,0.011352216824747297,0.19061370603939448,0,0,0.0011596152398543468,3.024702891669612e-05,0.868749022218315,1.006332831605643,0.13671799733275894,0.0,0.0012212187545629436
1421,24.67,0.02153209109730862,1.0,0.3322129517808379,0.23525628112399957,0.23525628112399957,0.23525628112399957,0.2322129517808379,0.23525628112399957,0.003043329343161677,0.030247028916696117,0.20196592286414178,0,0,0.0050655596763760045,3.043329343161677e-06,0.8731470783447639,1.006332831605643,0.13234761808215686,0.0,0.005168941140350686
1422,24.17,-0.020267531414673693,1.0,0.3352562811239996,0.24891370758540626,0.24891370758540626,0.24891370758540626,0.23525628112399957,0.24891370758540626,0.013657426461406691,0.003043329343161677,0.2322129517808379,0,0,-0.005044866388030123,1.3657426461406692e-05,0.8687302430554031,1.006332831605643,0.13673665831878865,0.0043890402366317804,-0.013731259596728896
1423,23.88,-0.011998345055854476,1.0,0.3489137075854063,0.23519793376470063,0.23519793376470063,0.23519793376470063,0.24891370758540626,0.23519793376470063,-0.013715773820705629,0.013657426461406691,0.23525628112399957,0,0,-0.0028219859657328842,1.371577382070563e-05,0.8662667831939681,1.006332831605643,0.13918461567848692,0.0024479573596982718,-0.007630546426429977
1424,24.07,0.007956448911222835,1.0,0.33519793376470064,0.22754809670303344,0.22754809670303344,0.22754809670303344,0.23519793376470063,0.22754809670303344,-0.007649837061667192,0.0,0.23519793376470063,0,0,0.0018104748062636787,7.649837061667192e-06,0.8678285105807007,1.006332831605643,0.1376327162097587,0.0,0.0019044620269050943
1425,22.6,-0.06107187370170332,1.0,0.3275480967030334,0.232397772745768,0.232397772745768,0.232397772745768,0.22754809670303344,0.232397772745768,0.004849676042734563,0.0,0.22754809670303344,0,0,-0.014192967425686693,4.8496760427345635e-06,0.8555072401118097,1.006332831605643,0.1498764491795277,0.012243732969768995,-0.03858067445050764
1426,23.31,0.0314159292035397,1.0,0.332397772745768,0.1941361077149324,0.1941361077149324,0.1941361077149324,0.232397772745768,0.1941361077149324,-0.03826166503083561,0.004849676042734563,0.22754809670303344,0,0,0.006098966215823074,3.8261665030835615e-05,0.8606922167351911,1.006332831605643,0.14472410150633427,0.0,0.006135442085914558
1427,22.57,-0.03174603174603168,1.0,0.29413610771493237,0.21023718491371338,0.21023718491371338,0.21023718491371338,0.1941361077149324,0.21023718491371338,0.016101077198780983,0.0,0.1941361077149324,0,0,-0.0066741963464670775,1.6101077198780985e-05,0.8549339298149985,1.006332831605643,0.1504461516465499,0.005722050140215623,-0.01804282573610053
1428,22.66,0.0039875941515285715,1.0,0.3102371849137134,0.1923557914813197,0.1923557914813197,0.1923557914813197,0.21023718491371338,0.1923557914813197,-0.017881393432393672,0.016101077198780983,0.1941361077149324,0,0,0.0007670368291235599,1.7881393432393672e-05,0.8555744082156761,1.006332831605643,0.14980970376314368,0.0,0.0008334277635539182
1429,22.39,-0.011915269196822577,1.0,0.29235579148131974,0.19434467740551492,0.19434467740551492,0.19434467740551492,0.1923557914813197,0.19434467740551492,0.001988885924195216,0.0,0.1923557914813197,0,0,-0.0023156691482563523,1.988885924195216e-06,0.8535914793146359,1.006332831605643,0.15178015413379928,0.001970450370655602,-0.006165608324192052
1430,21.36,-0.04600267976775351,1.0,0.29434467740551495,0.188187005372878,0.188187005372878,0.188187005372878,0.19434467740551492,0.188187005372878,-0.006157672032636924,0.001988885924195216,0.1923557914813197,0,0,-0.008657106544621016,6.157672032636924e-06,0.8461965907962489,1.006332831605643,0.15912850677234744,0.007348352638548161,-0.023271384735937296
1431,22.32,0.04494382022471914,1.0,0.288187005372878,0.16522343121699992,0.16522343121699992,0.16522343121699992,0.188187005372878,0.16522343121699992,-0.022963574155878075,0.0,0.188187005372878,0,0,0.007425772189528093,2.2963574155878074e-05,0.8524608222088939,1.006332831605643,0.15290369603786097,0.0,0.007474081617690604
1432,22.24,-0.0035842293906810864,1.0,0.2652234312169999,0.18467596583275026,0.18467596583275026,0.18467596583275026,0.16522343121699992,0.18467596583275026,0.019452534615750333,0.0,0.16522343121699992,0,0,-0.0006619210244901596,1.9452534615750334e-05,0.851879977944467,1.006332831605643,0.15348088506139712,0.000577189023536151,-0.0017551354214001922
1433,22.15,-0.0040467625899280515,1.0,0.28467596583275023,0.1828722268363863,0.1828722268363863,0.1828722268363863,0.18467596583275026,0.1828722268363863,-0.0018037389963639627,0.019452534615750333,0.16522343121699992,0,0,-0.0007400404862983247,1.8037389963639628e-06,0.8512480157021848,1.006332831605643,0.15410887037841586,0.0006279853170187422,-0.0019090587435373822
1434,24.52,0.10699774266365694,1.0,0.2828722268363863,0.18090979047330982,0.18090979047330982,0.18090979047330982,0.1828722268363863,0.18090979047330982,-0.0019624363630764696,0.0,0.1828722268363863,1,0,0.0193569392063993,1.9624363630764696e-06,0.86772390127164,1.006332831605643,0.1377366672146104,0.0,0.019442904414765216
1435,22.98,-0.06280587275693308,1.0,0.28090979047330983,0.23207292743174618,0.23207292743174618,0.23207292743174618,0.18090979047330982,0.23207292743174618,0.051163136958436356,0.0,0.18090979047330982,0,0,-0.014575542750607216,5.116313695843636e-05,0.8550319589761287,1.006332831605643,0.15034873938089438,0.012612072166283989,-0.039769502738341844
1436,22.66,-0.013925152306353362,1.0,0.3320729274317462,0.19266019426482897,0.19266019426482897,0.19266019426482897,0.23207292743174618,0.19266019426482897,-0.03941273316691721,0.051163136958436356,0.18090979047330982,0,0,-0.00268282254850937,3.941273316691721e-05,0.8527043608104431,1.006332831605643,0.15266169001967247,0.002312950638778094,-0.007274517579529534
1437,22.82,0.007060900264783766,1.0,0.292660194264829,0.1854321997633286,0.1854321997633286,0.1854321997633286,0.19266019426482897,0.1854321997633286,-0.007227994501500384,0.0,0.19266019426482897,0,0,0.001309318268408323,7.227994501500384e-06,0.8538146588651722,1.006332831605643,0.15155837904753858,0.0,0.0013891045360886294
1438,24.35,0.06704645048203335,1.0,0.28543219976332856,0.18888004906676945,0.18888004906676945,0.18888004906676945,0.1854321997633286,0.18888004906676945,0.0034478493034408586,0.0,0.1854321997633286,0,0,0.012663736856799187,3.4478493034408587e-06,0.8646241992052417,1.006332831605643,0.1408168629202922,0.0,0.012750487708522808
1439,25.68,0.054620123203285346,1.0,0.28888004906676945,0.22244728952805698,0.22244728952805698,0.22244728952805698,0.18888004906676945,0.22244728952805698,0.033567240461287534,0.0034478493034408586,0.1854321997633286,0,0,0.012150098360259359,3.356724046128753e-05,0.8751004452218426,1.006332831605643,0.13040654370226007,0.0,0.012203526195313234
1440,25.96,0.010903426791277303,1.0,0.322447289528057,0.25497955121218724,0.25497955121218724,0.25497955121218724,0.22244728952805698,0.25497955121218724,0.03253226168413026,0.033567240461287534,0.18888004906676945,0,0,0.0027801508699148254,3.253226168413026e-05,0.8775048874892051,1.006332831605643,0.12801723254014077,0.0,0.0028453314651941215
1441,27.07,0.04275808936825884,1.0,0.35497955121218727,0.26244615055730114,0.26244615055730114,0.26244615055730114,0.25497955121218724,0.26244615055730114,0.0074665993451139,0.03253226168413026,0.22244728952805698,0,0,0.011221695959884596,7.4665993451139e-06,0.8873454285625034,1.006332831605643,0.11823861778740795,0.0,0.011326636962035898
1442,26.92,-0.005541189508681144,1.0,0.3624461505573011,0.29300431106310804,0.29300431106310804,0.29300431106310804,0.26244615055730114,0.29300431106310804,0.030558160505806897,0.0074665993451139,0.25497955121218724,0,0,-0.0016235924144612408,3.0558160505806896e-05,0.8858776256116524,1.006332831605643,0.11969718388477864,0.0014585660973706893,-0.004462270179104405
1443,27.06,0.005200594353640305,1.0,0.39300431106310807,0.288446301967675,0.288446301967675,0.288446301967675,0.29300431106310804,0.288446301967675,-0.004558009095433024,0.030558160505806897,0.26244615055730114,0,0,0.001500092209341517,4.558009095433024e-06,0.8872024858979874,1.006332831605643,0.11838066091670535,0.0,0.0016164022154076761
1444,26.92,-0.005173688100517259,1.0,0.38844630196767505,0.29256044272405185,0.29256044272405185,0.29256044272405185,0.288446301967675,0.29256044272405185,0.004114140756376838,0.0,0.288446301967675,0,0,-0.001513616481203488,4.114140756376838e-06,0.8858559515172612,1.006332831605643,0.1197187215845441,0.0013380606678387447,-0.004071727729969248
1445,26.0,-0.03417533432392279,1.0,0.3925604427240519,0.2883789906285955,0.2883789906285955,0.2883789906285955,0.29256044272405185,0.2883789906285955,-0.0041814520954563394,0.004114140756376838,0.288446301967675,0,0,-0.00985544841672765,4.18145209545634e-06,0.8771217397182068,1.006332831605643,0.12839796917017493,0.008679247585630837,-0.02709708583709693
1446,24.89,-0.04269230769230767,1.0,0.3883789906285955,0.261256339402116,0.261256339402116,0.261256339402116,0.2883789906285955,0.261256339402116,-0.0271226512264795,0.0,0.2883789906285955,0,0,-0.0111536360283211,2.71226512264795e-05,0.8673148532138326,1.006332831605643,0.1381431411414868,0.009745171971311861,-0.03056886306906995
1447,25.62,0.029329047810365626,1.0,0.361256339402116,0.230802696572244,0.230802696572244,0.230802696572244,0.261256339402116,0.230802696572244,-0.030453642829872007,0.0,0.261256339402116,0,0,0.006769223322528655,3.0453642829872006e-05,0.8731594882494224,1.006332831605643,0.13233528627277064,0.0,0.006830062545380181
1448,25.26,-0.014051522248243537,1.0,0.33080269657224404,0.2489522177738661,0.2489522177738661,0.2489522177738661,0.230802696572244,0.2489522177738661,0.01814952120162211,0.0,0.230802696572244,0,0,-0.0034981576267990497,1.814952120162211e-05,0.8700891912995463,1.006332831605643,0.13538626190771766,0.003050975634947023,-0.009515148171871926
1449,25.85,0.023357086302454467,1.0,0.3489522177738661,0.23941794261474553,0.23941794261474553,0.23941794261474553,0.2489522177738661,0.23941794261474553,-0.009534275159120587,0.01814952120162211,0.230802696572244,0,0,0.005592105548008703,9.534275159120587e-06,0.8749465262237119,1.006332831605643,0.13055949409133272,0.0,0.005687062330091343
1450,26.45,0.023210831721469937,1.0,0.33941794261474556,0.25450159646690057,0.25450159646690057,0.25450159646690057,0.23941794261474553,0.25450159646690057,0.015083653852155043,0.0,0.23941794261474553,0,0,0.005907193728438677,1.5083653852155044e-05,0.8801018074655992,1.006332831605643,0.12543665492721462,0.0,0.005998406567978064
1451,25.81,-0.024196597353497187,1.0,0.3545015964669006,0.27051047273079576,0.27051047273079576,0.27051047273079576,0.25450159646690057,0.27051047273079576,0.01600887626389519,0.015083653852155043,0.23941794261474553,0,0,-0.006545432988571245,1.6008876263895188e-05,0.8743270706207774,1.006332831605643,0.13117505147302538,0.005738396545810764,-0.017927838660464362
1452,25.83,0.0007748934521503129,1.0,0.37051047273079574,0.25257794968905634,0.25257794968905634,0.25257794968905634,0.27051047273079576,0.25257794968905634,-0.017932523041739423,0.01600887626389519,0.25450159646690057,0,0,0.0001957209993716009,1.7932523041739423e-05,0.874482515898477,1.006332831605643,0.1310205844092294,0.0,0.0002820916122209491
1453,25.72,-0.004258614014711554,1.0,0.3525779496890563,0.2530606541794735,0.2530606541794735,0.2530606541794735,0.25257794968905634,0.2530606541794735,0.0004827044904171518,0.0,0.25257794968905634,0,0,-0.0010776876484607798,4.827044904171518e-07,0.8735396747756611,1.006332831605643,0.13195749225244427,0.0009369078432148736,-0.002838814815934714
1454,25.53,-0.007387247278382494,1.0,0.3530606541794735,0.2501328554016914,0.2501328554016914,0.2501328554016914,0.2530606541794735,0.2501328554016914,-0.002927798777782098,0.0004827044904171518,0.25257794968905634,0,0,-0.0018477932553001865,2.927798777782098e-06,0.8719229965079814,1.006332831605643,0.13356399679736722,0.0016065045449229487,-0.004952654197282583
1455,25.41,-0.004700352526439522,1.0,0.35013285540169137,0.2451125144971607,0.2451125144971607,0.2451125144971607,0.2501328554016914,0.2451125144971607,-0.005020340904530685,0.0,0.2501328554016914,0,0,-0.0011521152267786733,5.020340904530685e-06,0.8709140633964411,1.006332831605643,0.13456658071379432,0.0010025839164271022,-0.0030537941491492497
1456,27.45,0.08028335301062571,1.0,0.34511251449716074,0.24197945222393594,0.24197945222393594,0.24197945222393594,0.2451125144971607,0.24197945222393594,-0.003133062273224768,0.0,0.2451125144971607,0,0,0.019426921784212087,3.133062273224768e-06,0.8878305141588188,1.006332831605643,0.117756584824674,0.0,0.019532277428957457
1457,27.4,-0.0018214936247723393,1.0,0.34197945222393594,0.294510678761401,0.294510678761401,0.294510678761401,0.24197945222393594,0.294510678761401,0.05253122653746509,0.0,0.24197945222393594,0,0,-0.0005364493237912664,5.2531226537465086e-05,0.8873075992539908,1.006332831605643,0.11827620903686788,0.0005196242121938838,-0.0015298301046710917
1458,27.21,-0.006934306569342983,1.0,0.394510678761401,0.2928868480033861,0.2928868480033861,0.2928868480033861,0.294510678761401,0.2928868480033861,-0.0016238307580149214,0.05253122653746509,0.24197945222393594,0,0,-0.00203096719418404,1.6238307580149213e-06,0.8855040657913843,1.006332831605643,0.12006839290085741,0.0017921838639895354,-0.005493508182938117
1459,25.71,-0.05512679162072767,1.0,0.39288684800338614,0.2872862698518128,0.2872862698518128,0.2872862698518128,0.2928868480033861,0.2872862698518128,-0.005600578151573277,0.0,0.2928868480033861,0,0,-0.015837170333617024,5.600578151573276e-06,0.8714752277356118,1.006332831605643,0.1340089477701534,0.01394055486929599,-0.0436038292180325
1460,25.41,-0.011668611435239234,1.0,0.3872862698518128,0.24372204989327717,0.24372204989327717,0.24372204989327717,0.2872862698518128,0.24372204989327717,-0.043564219958535655,0.0,0.2872862698518128,0,0,-0.0028438978984046412,4.356421995853566e-05,0.8689588760284332,1.006332831605643,0.13650946412830864,0.002500516358155236,-0.0077996839772794604
1461,25.91,0.01967729240456513,1.0,0.34372204989327715,0.2359079275294499,0.2359079275294499,0.2359079275294499,0.24372204989327717,0.2359079275294499,-0.00781412236382728,0.0,0.24372204989327717,0,0,0.004642029270551945,7.81412236382728e-06,0.8729858184148768,1.006332831605643,0.13250786320665492,0.0,0.00473846131336113
1462,24.4,-0.05827865688923202,-0.4814840853214264,0.18775951899730725,0.2484129354370418,0.18775951899730725,0.18775951899730725,0.2359079275294499,0.18775951899730725,-0.04814840853214264,0.0,0.2359079275294499,0,0,-0.01094237258533131,4.814840853214264e-05,0.863391249450243,1.006332831605643,0.14204205374809362,0.009534190541438697,-0.029991472751792994
1463,23.86,-0.022131147540983574,1.0,0.28775951899730723,0.21861857585773187,0.21861857585773187,0.21861857585773187,0.18775951899730725,0.21861857585773187,0.030859056860424616,0.0,0.18775951899730725,0,0,-0.004838279957507173,3.0859056860424616e-05,0.8591872774328813,1.006332831605643,0.1462195702568755,0.00417751650878187,-0.013137106863872948
1464,23.11,-0.03143336127409891,-0.9493166208267212,0.12368691377505975,0.20556385480048003,0.12368691377505975,0.12368691377505975,0.21861857585773187,0.12368691377505975,-0.09493166208267212,0.030859056860424616,0.18775951899730725,0,0,-0.003887895445569774,9.493166208267212e-05,0.8557652830537715,1.006332831605643,0.1496200300964395,0.003400459839564024,-0.010766179541140316
1465,23.36,0.010817827780181739,1.0,0.22368691377505975,0.19493741765812153,0.19493741765812153,0.19493741765812153,0.12368691377505975,0.19493741765812153,0.07125050388306178,0.0,0.12368691377505975,0,0,0.0021087994121389174,7.125050388306178e-05,0.857508946671981,1.006332831605643,0.1478873393171599,0.0,0.0020960857488272673
1466,22.99,-0.015839041095890453,0.8461955785751343,0.27955697551563496,0.20035208054073952,0.20035208054073952,0.20035208054073952,0.19493741765812153,0.20035208054073952,0.005414662882617993,0.07125050388306178,0.12368691377505975,0,0,-0.0031733848373319273,5.414662882617993e-06,0.8547830976608706,1.006332831605643,0.150596034617065,0.0027086952999051117,-0.008502770756847838
1467,22.75,-0.010439321444106066,1.0,0.30035208054073953,0.1918873827924227,0.1918873827924227,0.1918873827924227,0.20035208054073952,0.1918873827924227,-0.008464697748316818,0.005414662882617993,0.19493741765812153,0,0,-0.0020031740700383275,8.464697748316818e-06,0.8530635828435672,1.006332831605643,0.152304728563341,0.0017086939462760131,-0.0053402190401423315
1468,21.65,-0.048351648351648416,1.0,0.2918873827924227,0.18654773794318905,0.18654773794318905,0.18654773794318905,0.1918873827924227,0.18654773794318905,-0.00533964484923366,0.0,0.1918873827924227,0,0,-0.009019890625824537,5.33964484923366e-06,0.845364487572878,1.006332831605643,0.1599553735874182,0.007650645024077196,-0.0242381415336059
1469,21.95,0.013856812933025438,1.0,0.28654773794318905,0.16263947673376158,0.16263947673376158,0.16263947673376158,0.18654773794318905,0.16263947673376158,-0.02390826120942746,0.0,0.18654773794318905,0,0,0.0022536648046248774,2.3908261209427462e-05,0.8472494445706147,1.006332831605643,0.15808227858491372,0.0,0.002299515139215654
1470,22.25,0.013667425968109373,1.0,0.2626394767337616,0.16849288568127543,0.16849288568127543,0.16849288568127543,0.16263947673376158,0.16849288568127543,0.0058534089475138495,0.0,0.16263947673376158,0,0,0.0023028640412019476,5.853408947513849e-06,0.849195585552965,1.006332831605643,0.15614838462733985,0.0,0.00237814574767432
1471,21.3,-0.04269662921348311,1.0,0.26849288568127544,0.17453628443400845,0.17453628443400845,0.17453628443400845,0.16849288568127543,0.17453628443400845,0.00604339875273302,0.0058534089475138495,0.16263947673376158,0,0,-0.007452111020777883,6.04339875273302e-06,0.8428621537435272,1.006332831605643,0.16244196028195956,0.006293575654619715,-0.019961883406236426
1472,22.29,0.046478873239436544,1.0,0.27453628443400846,0.154868893700297,0.154868893700297,0.154868893700297,0.17453628443400845,0.154868893700297,-0.01966739073371146,0.00604339875273302,0.16849288568127543,0,0,0.0071981316790278764,1.966739073371146e-05,0.8489126096141298,1.006332831605643,0.15642957980446998,0.0,0.007247161304605915
1473,22.42,0.005832211754149958,1.0,0.254868893700297,0.17365758158486974,0.17365758158486974,0.17365758158486974,0.154868893700297,0.17365758158486974,0.018788687884572747,0.0,0.154868893700297,0,0,0.0010128077885165326,1.8788687884572746e-05,0.8497564449628535,1.006332831605643,0.1555910546940676,0.0,0.0010707251322554518
1474,20.78,-0.07314897413024088,1.0,0.27365758158486975,0.1762779507807751,0.1762779507807751,0.1762779507807751,0.17365758158486974,0.1762779507807751,0.0026203691959053588,0.018788687884572747,0.154868893700297,0,0,-0.012894551261394794,2.620369195905359e-06,0.838796990247967,1.006332831605643,0.1664815417880843,0.010890487094016715,-0.03459233358231249
1475,18.87,-0.09191530317613089,1.0,0.2762779507807751,0.14224518873057182,0.14224518873057182,0.14224518873057182,0.1762779507807751,0.14224518873057182,-0.03403276205020328,0.0026203691959053588,0.17365758158486974,0,0,-0.013074509647516466,3.4032762050203284e-05,0.8278015843282847,1.006332831605643,0.17740775384671176,0.010926212058627455,-0.03490477601083854
1476,19.26,0.02066772655007952,1.0,0.24224518873057183,0.10810076110367359,0.10810076110367359,0.10810076110367359,0.14224518873057182,0.10810076110367359,-0.03414442762689823,0.0,0.14224518873057182,0,0,0.0022341969703461983,3.414442762689823e-05,0.8296227913087532,1.006332831605643,0.17559800768394104,0.0,0.002240829320837339
1477,18.85,-0.021287642782969893,0.9311306476593018,0.20121382586960376,0.11375621743795539,0.11375621743795539,0.11375621743795539,0.10810076110367359,0.11375621743795539,0.0056554563342818,0.0,0.10810076110367359,0,0,-0.0024216017211610447,5.6554563342818e-06,0.8276090834339354,1.006332831605643,0.17759904333693158,0.002001035652990535,-0.0063716667673842375
1478,18.93,0.004244031830238636,0.6273632049560547,0.17649253793356084,0.10750299170916411,0.10750299170916411,0.10750299170916411,0.11375621743795539,0.10750299170916411,-0.0062532257287912785,0.0056554563342818,0.10810076110367359,0,0,0.00045624611865957267,6.2532257287912785e-06,0.8279815016396055,1.006332831605643,0.17722896875129382,0.0,0.0005044339391560318
1479,19.24,0.016376122556788098,-0.2330782562494278,0.08419516608422133,0.10865946151617842,0.08419516608422133,0.08419516608422133,0.10750299170916411,0.08419516608422133,-0.023307825624942782,0.0,0.10750299170916411,0,0,0.001378790358484337,2.330782562494278e-05,0.8291038161026087,1.006332831605643,0.1761137169898934,0.0,0.001390092424102286
1480,19.09,-0.007796257796257723,1.0,0.18419516608422132,0.11214465685486089,0.11214465685486089,0.11214465685486089,0.08419516608422133,0.11214465685486089,0.02794949077063956,0.0,0.08419516608422133,0,0,-0.0008743086553133563,2.794949077063956e-05,0.8283557504305809,1.006332831605643,0.17685707510018614,0.0007433581102927467,-0.002343208172378549
1481,19.23,0.007333682556312235,1.0,0.2121446568548609,0.10982165895702656,0.10982165895702656,0.10982165895702656,0.11214465685486089,0.10982165895702656,-0.002322997897834328,0.02794949077063956,0.08419516608422133,0,0,0.000805397184598417,2.3229978978343282e-06,0.8290209815511567,1.006332831605643,0.17619603026523384,0.0,0.0008605692050602373
1482,19.83,0.031201248049921887,1.0,0.20982165895702656,0.11188742555975531,0.11188742555975531,0.11188742555975531,0.10982165895702656,0.11188742555975531,0.0020657666027287525,0.0,0.10982165895702656,0,0,0.0034910273185570955,2.0657666027287524e-06,0.8319134038815522,1.006332831605643,0.17332180988848178,0.0,0.0035475498463898216
1483,19.69,-0.007060010085728544,1.0,0.21188742555975532,0.12086933329987837,0.12086933329987837,0.12086933329987837,0.11188742555975531,0.12086933329987837,0.008981907740123057,0.0020657666027287525,0.10982165895702656,0,0,-0.0008533387121524263,8.981907740123058e-06,0.8311960277994201,1.006332831605643,0.1740346715378304,0.0007128616493486117,-0.0022287789099193216
1484,20.09,0.020314880650076108,1.0,0.22086933329987837,0.11864165626755471,0.11864165626755471,0.11864165626755471,0.12086933329987837,0.11864165626755471,-0.002227677032323655,0.008981907740123057,0.11188742555975531,0,0,0.002410191087202728,2.227677032323655e-06,0.8331975174210401,1.006332831605643,0.17204577724882417,0.0,0.00246958905985363
1485,19.81,-0.013937282229965214,1.0,0.21864165626755472,0.12485693060143088,0.12485693060143088,0.12485693060143088,0.11864165626755471,0.12485693060143088,0.0062152743338761696,0.0,0.11864165626755471,0,0,-0.0017401662801593226,6.21527433387617e-06,0.8317424366453665,1.006332831605643,0.1734917012314015,0.0014459239825773407,-0.004575776550325485
1486,19.68,-0.006562342251388138,1.0,0.2248569306014309,0.12033843286622545,0.12033843286622545,0.12033843286622545,0.12485693060143088,0.12033843286622545,-0.0045184977352054345,0.0062152743338761696,0.11864165626755471,0,0,-0.0007897019824638662,4.518497735205434e-06,0.8310818497679321,1.006332831605643,0.17414813104933802,0.0006564298179365102,-0.002045825108274779
1487,19.8,0.006097560975609807,1.0,0.22033843286622545,0.11828710176340304,0.11828710176340304,0.11828710176340304,0.12033843286622545,0.11828710176340304,-0.002051331102822407,0.0,0.12033843286622545,0,0,0.0007212628156305123,2.051331102822407e-06,0.8316795733788678,1.006332831605643,0.17355416890066996,0.0,0.0007807629769681691
1488,19.42,-0.019191919191919142,1.0,0.21828710176340305,0.12014322765458849,0.12014322765458849,0.12014322765458849,0.11828710176340304,0.12014322765458849,0.001856125891185445,0.0,0.11828710176340304,0,0,-0.0023057791166032075,1.856125891185445e-06,0.829760360284876,1.006332831605643,0.17546130442652738,0.0019071355258574174,-0.006059409057652825
1489,19.49,0.0036045314109164122,1.0,0.2201432276545885,0.11418341510292615,0.11418341510292615,0.11418341510292615,0.12014322765458849,0.11418341510292615,-0.005959812551662336,0.001856125891185445,0.11828710176340304,0,0,0.00041157770634420474,5.959812551662336e-06,0.8300969259345673,1.006332831605643,0.17512685677747838,0.0,0.00046332532520772663
1490,19.15,-0.01744484350949204,1.0,0.21418341510292616,0.11522859186227533,0.11522859186227533,0.11522859186227533,0.11418341510292615,0.11522859186227533,0.0010451767593491756,0.0,0.11418341510292615,0,0,-0.002010144752856521,1.0451767593491756e-06,0.8284274433565225,1.006332831605643,0.1767858333363382,0.001658976558859826,-0.005268495057627369
1491,18.78,-0.01932114882506514,1.0,0.21522859186227533,0.11004429161848558,0.11004429161848558,0.11004429161848558,0.11522859186227533,0.11004429161848558,-0.005184300243789741,0.0010451767593491756,0.11418341510292615,0,0,-0.0021261821357096283,5.184300243789741e-06,0.8266617609091298,1.006332831605643,0.17854040438076643,0.0017545710444282214,-0.005584339947631353
1492,18.8,0.0010649627263045567,1.0,0.2100442916184856,0.10456122309276297,0.10456122309276297,0.10456122309276297,0.11004429161848558,0.10456122309276297,-0.005483068525722612,0.0,0.11004429161848558,0,0,0.00011135380521060783,5.483068525722612e-06,0.8267492801987466,1.006332831605643,0.1784534358482212,0.0,0.00015930610665288898
1493,18.25,-0.029255319148936205,1.0,0.20456122309276298,0.10483302958616109,0.10483302958616109,0.10483302958616109,0.10456122309276297,0.10483302958616109,0.00027180649339811347,0.0,0.10456122309276297,0,0,-0.003066923737893014,2.7180649339811346e-07,0.8242134784901963,1.006332831605643,0.1809732798092935,0.002519843961072299,-0.008050713530481342
1494,19.5,0.0684931506849315,1.0,0.2048330295861611,0.1,0.1,0.1,0.10483302958616109,0.1,-0.004833029586161081,0.00027180649339811347,0.10456122309276297,0,0,0.00684931506849315,4.833029586161081e-06,0.8298547928399476,1.006332831605643,0.1753674661335633,0.0,0.006896065524113909
1495,18.48,-0.052307692307692284,1.0,0.2,0.1144766885816689,0.1144766885816689,0.1144766885816689,0.1,0.1144766885816689,0.014476688581668895,0.0,0.1,0,0,-0.005988011402733448,1.4476688581668896e-05,0.824873599328405,1.006332831605643,0.1803173130978076,0.004949846964244303,-0.01584859729828273
1496,18.47,-0.0005411255411256257,1.0,0.2144766885816689,0.1,0.1,0.1,0.1144766885816689,0.1,-0.014476688581668895,0.014476688581668895,0.1,0,0,-5.411255411256257e-05,1.4476688581668896e-05,0.8248170218729085,1.006332831605643,0.1803735345125519,5.6221414744289655e-05,-0.00013427041647364523
1497,17.95,-0.028153762858689747,1.0,0.2,0.1,0.1,0.1,0.1,0.1,0.0,0.0,0.1,0,0,-0.002815376285868975,0.0,0.8224948515893465,1.006332831605643,0.18268109142675576,0.0023075569142038677,-0.00737649011427671
1498,17.91,-0.002228412256267362,1.0,0.2,0.1,0.1,0.1,0.1,0.1,0.0,0.0,0.1,0,0,-0.0002228412256267362,0.0,0.8223115658285467,1.006332831605643,0.1828632237740701,0.00018213234731434547,-0.0005331059202554272
1499,17.39,-0.02903405918481293,1.0,0.2,0.1,0.1,0.1,0.1,0.1,0.0,0.0,0.1,0,0,-0.002903405918481293,0.0,0.8199240615614845,1.006332831605643,0.18523570352637322,0.0023724797523031194,-0.007594365423087532
1500,17.63,0.013801035077630731,1.0,0.2,0.1,0.1,0.1,0.1,0.1,0.0,0.0,0.1,0,0,0.0013801035077630733,0.0,0.8210556416349447,1.006332831605643,0.18411124446280996,0.0,0.0014341035077630733
1501,17.85,0.012478729438457313,1.0,0.2,0.1,0.1,0.1,0.1,0.1,0.0,0.0,0.1,0,0,0.0012478729438457313,0.0,0.8220802147555328,1.006332831605643,0.18309311895958716,0.0,0.0013018729438457313
1502,17.81,-0.0022408963585435686,1.0,0.2,0.1,0.1,0.1,0.1,0.1,0.0,0.0,0.1,0,0,-0.00022408963585435687,0.0,0.8218959950995651,1.006332831605643,0.1832761793250865,0.0001830603654993379,-0.0005362103668530327
1503,17.87,0.003368893879842913,1.0,0.2,0.1,0.1,0.1,0.1,0.1,0.0,0.0,0.1,0,0,0.00033688938798429133,0.0,0.8221728831383409,1.006332831605643,0.18300103373698717,0.0,0.00039088938798429135
1504,18.28,0.022943480693900398,1.0,0.2,0.1,0.1,0.1,0.1,0.1,0.0,0.0,0.1,0,0,0.00229434806939004,0.0,0.8240592339054742,1.006332831605643,0.18112655373604797,0.0,0.0023483480693900403
1505,17.78,-0.02735229759299781,1.0,0.2,0.1,0.1,0.1,0.1,0.1,0.0,0.0,0.1,0,0,-0.0027352297592997815,0.0,0.8218052425654702,1.006332831605643,0.18336636075536952,0.0022398070193215547,-0.007160843797942891
1506,17.88,0.00562429696287952,1.0,0.2,0.1,0.1,0.1,0.1,0.1,0.0,0.0,0.1,0,0,0.000562429696287952,0.0,0.8222674502384542,1.006332831605643,0.1829070617456706,0.0,0.000616429696287952
1507,17.89,0.0005592841163311837,1.0,0.2,0.1,0.1,0.1,0.1,0.1,0.0,0.0,0.1,0,0,5.592841163311837e-05,0.0,0.8223134383508836,1.006332831605643,0.18286136303547743,0.0,0.00010992841163311836
1508,17.74,-0.008384572386808392,1.0,0.2,0.1,0.1,0.1,0.1,0.1,0.0,0.0,0.1,0,0,-0.0008384572386808393,0.0,0.8216239636960337,1.006332831605643,0.1835464988406461,0.0006851358051686851,-0.0021547288490182093
1509,19.61,0.10541149943630221,1.0,0.2,0.1,0.1,0.1,0.1,0.1,0.0,0.0,0.1,1,0,0.010541149943630222,0.0,0.8302848250946335,1.006332831605643,0.17494014006292338,0.0,0.01059514994363022
1510,20.1,0.024987251402345843,1.0,0.2,0.11581206545526462,0.11581206545526462,0.11581206545526462,0.1,0.11581206545526462,0.015812065455264618,0.0,0.1,0,0,0.0028938251949556294,1.581206545526462e-05,0.8326743957224809,1.006332831605643,0.17256560695340065,0.0,0.002931546875342882
1511,20.69,0.029353233830845763,1.0,0.21581206545526463,0.12323247120067815,0.12323247120067815,0.12323247120067815,0.11581206545526462,0.12323247120067815,0.0074204057454135275,0.015812065455264618,0.1,0,0,0.0036172715427064722,7.4204057454135275e-06,0.8356802263365981,1.006332831605643,0.16957869196890066,0.0,0.0036709686716338234
1512,22.03,0.06476558724021265,1.0,0.22323247120067816,0.13256660513851637,0.13256660513851637,0.13256660513851637,0.12323247120067815,0.13256660513851637,0.009334133937838218,0.0074204057454135275,0.11581206545526462,0,0,0.008585754030237406,9.334133937838218e-06,0.8428473708566955,1.006332831605643,0.16245665014039157,0.0,0.008640748449534988
1513,24.22,0.0994098955969132,1.0,0.23256660513851637,0.15482297949736903,0.15482297949736903,0.15482297949736903,0.13256660513851637,0.15482297949736903,0.022256374358852665,0.009334133937838218,0.12323247120067815,0,0,0.015390936227836488,2.2256374358852665e-05,0.8558008222647373,1.006332831605643,0.1495847145329901,0.0,0.015436063361008367
1514,26.74,0.10404624277456646,1.0,0.25482297949736904,0.19504777938321208,0.19504777938321208,0.19504777938321208,0.15482297949736903,0.15482297949736903,0.0,0.022256374358852665,0.13256660513851637,1,0,0.016108749311864984,0.0,0.8695867031714879,1.006332831605643,0.13588558788842392,0.0,0.016187261006575138
1515,25.03,-0.06394913986537014,1.0,0.25482297949736904,0.23785755820712556,0.23785755820712556,0.23785755820712556,0.15482297949736903,0.23785755820712556,0.08303457870975653,0.0,0.15482297949736903,0,0,-0.015210786257822892,8.303457870975653e-05,0.8562873999313521,1.006332831605643,0.1491011988895241,0.013215611001100191,-0.04165779132396139
1516,24.83,-0.007990411506192683,1.0,0.3378575582071256,0.19655875712824936,0.19655875712824936,0.19655875712824936,0.23785755820712556,0.19655875712824936,-0.04129880107887621,0.08303457870975653,0.15482297949736903,0,0,-0.0015705853546004965,4.129880107887621e-05,0.8549071638386948,1.006332831605643,0.15047274918512069,0.0013715502955965742,-0.004280880100137291
1517,23.62,-0.048731373338703074,1.0,0.29655875712824936,0.1922726709415363,0.1922726709415363,0.1922726709415363,0.19655875712824936,0.1922726709415363,-0.004286086186713056,0.0,0.19655875712824936,0,0,-0.009369711310481612,4.286086186713056e-06,0.8468932663104778,1.006332831605643,0.15843621542265815,0.007963466237537464,-0.02520989058026628
1518,24.19,0.024132091447925497,1.0,0.2922726709415363,0.1673868469916759,0.1673868469916759,0.1673868469916759,0.1922726709415363,0.1673868469916759,-0.024885823949860386,0.0,0.1922726709415363,0,0,0.004039394698783036,2.4885823949860387e-05,0.8502931268441178,1.006332831605643,0.15505775014073403,0.0,0.004085687057125762
1519,23.63,-0.02315006200909476,1.0,0.2673868469916759,0.17794455252802865,0.17794455252802865,0.17794455252802865,0.1673868469916759,0.17794455252802865,0.01055770553635274,0.0,0.1673868469916759,0,0,-0.004119427425204483,1.055770553635274e-05,0.8467814288734805,1.006332831605643,0.15854734906898751,0.0034895989282534845,-0.011026693666763804
1520,22.56,-0.045281421921286515,1.0,0.27794455252802863,0.16703955680360613,0.16703955680360613,0.16703955680360613,0.17794455252802865,0.16703955680360613,-0.010904995724422523,0.01055770553635274,0.1673868469916759,0,0,-0.007563788649168794,1.0904995724422524e-05,0.8403673189655789,1.006332831605643,0.16492109511647324,0.006373746047485723,-0.020244155831767
1521,22.74,0.007978723404255306,1.0,0.26703955680360614,0.14712159373119751,0.14712159373119751,0.14712159373119751,0.16703955680360613,0.14712159373119751,-0.019917963072408618,0.0,0.16703955680360613,0,0,0.0011738425031744464,1.991796307240862e-05,0.841337039437633,1.006332831605643,0.1639574770752066,0.0,0.0012192516567993475
1522,25.11,0.10422163588390507,1.0,0.24712159373119752,0.15013288557779284,0.15013288557779284,0.15013288557779284,0.14712159373119751,0.14712159373119751,0.0,0.0,0.14712159373119751,1,0,0.015333253172512678,0.0,0.8542374732667426,1.006332831605643,0.15113822540821448,0.0,0.015408539270746192
1523,25.23,0.004778972520908044,1.0,0.24712159373119752,0.19019302763244594,0.19019302763244594,0.19019302763244594,0.14712159373119751,0.19019302763244594,0.04307143390124843,0.0,0.14712159373119751,0,0,0.0009089272527237635,4.307143390124843e-05,0.8549771197536269,1.006332831605643,0.15040323350130813,0.0,0.0009367318857953606
1524,25.29,0.002378121284185443,1.0,0.2901930276324459,0.19248990193206264,0.19248990193206264,0.19248990193206264,0.19019302763244594,0.19248990193206264,0.002296874299616697,0.04307143390124843,0.14712159373119751,0,0,0.0004577643327754068,2.2968742996166968e-06,0.855366534009416,1.006332831605643,0.15001626982134178,0.0,0.0005475815450777302
1525,24.64,-0.02570185844207191,1.0,0.29248990193206265,0.193699177729057,0.193699177729057,0.193699177729057,0.19248990193206264,0.193699177729057,0.001209275796994369,0.002296874299616697,0.19019302763244594,0,0,-0.004978428846337951,1.2092757969943691e-06,0.8511071182082643,1.006332831605643,0.1542488812073338,0.004232611385992013,-0.013351757648251784
1526,24.38,-0.010551948051948114,1.0,0.293699177729057,0.18047225512776094,0.18047225512776094,0.18047225512776094,0.193699177729057,0.18047225512776094,-0.01322692260129607,0.001209275796994369,0.19248990193206264,0,0,-0.00190433386092606,1.322692260129607e-05,0.8494750685758072,1.006332831605643,0.15587066038535496,0.001621779178021171,-0.00507899138871623
1527,24.69,0.012715340442986148,1.0,0.28047225512776097,0.17540418394128177,0.17540418394128177,0.17540418394128177,0.18047225512776094,0.17540418394128177,-0.005068071186479173,0.0,0.18047225512776094,0,0,0.0022303239139375617,5.0680711864791726e-06,0.8513653679354269,1.006332831605643,0.15399225664033983,0.0,0.0023095043408761476
1528,24.29,-0.016200891049007782,1.0,0.27540418394128174,0.18127421699675228,0.18127421699675228,0.18127421699675228,0.17540418394128177,0.18127421699675228,0.005870033055470514,0.0,0.17540418394128177,0,0,-0.0029368038395585785,5.870033055470514e-06,0.8488600773111549,1.006332831605643,0.15648178152275352,0.0024895248824136906,-0.007835610328819785
1529,24.08,-0.00864553314121041,1.0,0.28127421699675226,0.17349441386979914,0.17349441386979914,0.17349441386979914,0.18127421699675228,0.17349441386979914,-0.007779803126953144,0.005870033055470514,0.17540418394128177,0,0,-0.0014999517049262235,7.779803126953145e-06,0.8475802242266643,1.006332831605643,0.1577535805183686,0.001271798995615081,-0.0039691829395113514
1530,23.87,-0.008720930232558028,1.0,0.2734944138697991,0.169520041348806,0.169520041348806,0.169520041348806,0.17349441386979914,0.169520041348806,-0.003974372520993141,0.0,0.17349441386979914,0,0,-0.0014783724536232893,3.974372520993142e-06,0.8463238163713793,1.006332831605643,0.15900208182511855,0.001248501306749944,-0.003896866827746724
1531,23.28,-0.024717218265605356,1.0,0.269520041348806,0.16561849825314687,0.16561849825314687,0.16561849825314687,0.169520041348806,0.16561849825314687,-0.003901543095659127,0.0,0.169520041348806,0,0,-0.004093628570144811,3.901543095659127e-06,0.8428559790482449,1.006332831605643,0.16244809612001274,0.0034460142948941896,-0.01090859606780297
1532,22.71,-0.024484536082474237,1.0,0.2656184982531469,0.15484970845526017,0.15484970845526017,0.15484970845526017,0.16561849825314687,0.15484970845526017,-0.010768789797886702,0.0,0.16561849825314687,0,0,-0.0037914232740334335,1.0768789797886702e-05,0.8396512787337549,1.006332831605643,0.16563262932199208,0.0031845332019793393,-0.010098120096940994
1533,23.36,0.0286217525319242,1.0,0.25484970845526017,0.14489801451820214,0.14489801451820214,0.14489801451820214,0.15484970845526017,0.14489801451820214,-0.009951693937058026,0.0,0.15484970845526017,0,0,0.0041472351139071415,9.951693937058025e-06,0.8431251540478166,1.006332831605643,0.162180615033122,0.0,0.004206649120945685
1534,23.78,0.017979452054794592,1.0,0.24489801451820215,0.1556855704659671,0.1556855704659671,0.1556855704659671,0.14489801451820214,0.1556855704659671,0.010787555947764954,0.0,0.14489801451820214,0,0,0.0027991412498162005,1.0787555947764955e-05,0.8454760851854992,1.006332831605643,0.15984447825625508,0.0,0.0028618284600633453
1535,23.21,-0.02396972245584526,1.0,0.25568557046596707,0.16298602186377167,0.16298602186377167,0.16298602186377167,0.1556855704659671,0.16298602186377167,0.00730045139780458,0.010787555947764954,0.14489801451820214,0,0,-0.003906729708256934,7.300451397804581e-06,0.8421668662888163,1.006332831605643,0.1631328723071606,0.003288394050905502,-0.01041261554004017
1536,23.67,0.019819043515726015,1.0,0.2629860218637717,0.1527097620094642,0.1527097620094642,0.1527097620094642,0.16298602186377167,0.1527097620094642,-0.010276259854307468,0.00730045139780458,0.1556855704659671,0,0,0.003026561418541735,1.0276259854307467e-05,0.8447070817087414,1.006332831605643,0.16060864241010744,0.0,0.00308878072311816
1537,25.01,0.05661174482467257,1.0,0.2527097620094642,0.16059797108410123,0.16059797108410123,0.16059797108410123,0.1527097620094642,0.16059797108410123,0.007888209074637026,0.0,0.1527097620094642,0,0,0.009091731358373283,7.888209074637026e-06,0.8523802683460855,1.006332831605643,0.15298374297688394,0.0,0.009160782802421991
1538,26.04,0.04118352658936415,1.0,0.2605979710841012,0.18442581258921167,0.18442581258921167,0.18442581258921167,0.16059797108410123,0.18442581258921167,0.023827841505110442,0.007888209074637026,0.1527097620094642,0,0,0.007595305356532889,2.3827841505110444e-05,0.8588340463821214,1.006332831605643,0.1465705784319703,0.0,0.007649811353619237
1539,24.75,-0.04953917050691241,1.0,0.2844258125892117,0.20446694307211163,0.20446694307211163,0.20446694307211163,0.18442581258921167,0.20446694307211163,0.02004113048289996,0.023827841505110442,0.16059797108410123,0,0,-0.01012912275587649,2.004113048289996e-05,0.850117598894204,1.006332831605643,0.15523217349690513,0.00866159506493483,-0.027384778454112788
1540,25.5,0.030303030303030304,1.0,0.30446694307211164,0.17739944942511301,0.17739944942511301,0.17739944942511301,0.20446694307211163,0.17739944942511301,-0.02706749364699862,0.02004113048289996,0.18442581258921167,0,0,0.0053757408916700914,2.706749364699862e-05,0.8546646002806009,1.006332831605643,0.15071378629578208,0.0,0.005422696982060862
1541,23.9,-0.06274509803921574,1.0,0.277399449425113,0.1915194172431967,0.1915194172431967,0.1915194172431967,0.17739944942511301,0.1915194172431967,0.014119967818083695,0.0,0.17739944942511301,0,0,-0.012016904611337843,1.4119967818083696e-05,0.8443821094676904,1.006332831605643,0.16093156960759586,0.010217783311813777,-0.03238074734865531
1542,22.95,-0.03974895397489537,1.0,0.29151941724319674,0.15958883650838926,0.15958883650838926,0.15958883650838926,0.1915194172431967,0.15958883650838926,-0.03193058073480745,0.014119967818083695,0.17739944942511301,0,0,-0.006343489317279067,3.193058073480745e-05,0.8389988189654632,1.006332831605643,0.1662809831745148,0.0053494135669189535,-0.017009740178357016
1543,22.27,-0.029629629629629617,1.0,0.25958883650838926,0.14287192225715148,0.14287192225715148,0.14287192225715148,0.15958883650838926,0.14287192225715148,-0.01671691425123778,0.0,0.15958883650838926,0,0,-0.004233242140952635,1.671691425123778e-05,0.8354331083374956,1.006332831605643,0.16982425485956795,0.00354327168505314,-0.011271385160783154
1544,22.75,0.021553659631791667,1.0,0.24287192225715148,0.13179919533704282,0.13179919533704282,0.13179919533704282,0.14287192225715148,0.13179919533704282,-0.011072726920108661,0.0,0.14287192225715148,0,0,0.0028407549960386444,1.1072726920108661e-05,0.837797118591193,1.006332831605643,0.16747512127329162,0.0,0.002892802806125812
1545,23.03,0.012307692307692358,1.0,0.23179919533704282,0.1391402523991001,0.1391402523991001,0.1391402523991001,0.13179919533704282,0.1391402523991001,0.007341057062057288,0.0,0.13179919533704282,0,0,0.0017124954141427774,7.3410570620572884e-06,0.8392256919983084,1.006332831605643,0.1660555378489527,0.0,0.0017733519740865404
1546,22.46,-0.024750325662179776,1.0,0.2391402523991001,0.14357642121871056,0.14357642121871056,0.14357642121871056,0.1391402523991001,0.14357642121871056,0.004436168819610453,0.007341057062057288,0.13179919533704282,0,0,-0.003553563182573385,4.436168819610453e-06,0.8362397275305061,1.006332831605643,0.16902271170438388,0.0029671738554311877,-0.009420787807171933
1547,21.87,-0.026268922528940333,1.0,0.24357642121871056,0.13430403396756857,0.13430403396756857,0.13430403396756857,0.14357642121871056,0.13430403396756857,-0.00927238725114199,0.004436168819610453,0.1391402523991001,0,0,-0.0035280222636182297,9.27238725114199e-06,0.833281701215468,1.006332831605643,0.17196212322126594,0.002939411516882068,-0.009350994002002516
1548,21.14,-0.033379058070416114,1.0,0.23430403396756858,0.1251183528481222,0.1251183528481222,0.1251183528481222,0.13430403396756857,0.1251183528481222,-0.00918568111944637,0.0,0.13430403396756857,0,0,-0.004176332765392284,9.185681119446371e-06,0.8297939852838899,1.006332831605643,0.17542789102893377,0.00346576780766783,-0.011055968652029896
1549,21.12,-0.0009460737937558928,1.0,0.2251183528481222,0.11428786292966797,0.11428786292966797,0.11428786292966797,0.1251183528481222,0.11428786292966797,-0.010830489918454228,0.0,0.1251183528481222,0,0,-0.00010812475206212445,1.0830489918454229e-05,0.8296952769395765,1.006332831605643,0.17552597820368684,9.808717475306983e-05,-0.000259809148055963
1550,21.35,0.010890151515151535,1.0,0.21428786292966798,0.11398131810423712,0.11398131810423712,0.11398131810423712,0.11428786292966797,0.11398131810423712,-0.0003065448254308545,0.0,0.11428786292966797,0,0,0.001241273824051827,3.065448254308545e-07,0.8307249016299871,1.006332831605643,0.17450283292006546,0.0,0.0013014077531501554
1551,20.88,-0.022014051522248355,1.0,0.21398131810423712,0.11717864163510955,0.11717864163510955,0.11717864163510955,0.11398131810423712,0.11717864163510955,0.0031973235308724313,0.0,0.11398131810423712,0,0,-0.002579576654262378,3.1973235308724315e-06,0.8285793269713524,1.006332831605643,0.1766349055219415,0.002132072601876034,-0.0067864491587629585
1552,21.22,0.016283524904214555,1.0,0.21717864163510955,0.11051591337026498,0.11051591337026498,0.11051591337026498,0.11717864163510955,0.11051591337026498,-0.00666272826484457,0.0031973235308724313,0.11398131810423712,0,0,0.001799588627676728,6.6627282648445696e-06,0.8300649083063966,1.006332831605643,0.17515867291938012,0.0,0.0018485758230367818
1553,21.59,0.017436380772855843,1.0,0.21051591337026498,0.11512912661130761,0.11512912661130761,0.11512912661130761,0.11051591337026498,0.11512912661130761,0.004613213241042635,0.0,0.11051591337026498,0,0,0.00200743528964109,4.613213241042636e-06,0.8317273806295976,1.006332831605643,0.17350666249997593,0.0,0.0020616401162697412
1554,21.27,-0.014821676702176947,1.0,0.21512912661130762,0.12029168047298033,0.12029168047298033,0.12029168047298033,0.11512912661130761,0.12029168047298033,0.00516255386167272,0.004613213241042635,0.11051591337026498,0,0,-0.0017829243979320863,5.16255386167272e-06,0.8302401797528443,1.006332831605643,0.17498450445250416,0.0014778419525282305,-0.004682859178531876
1555,20.91,-0.016925246826516194,1.0,0.22029168047298034,0.11567343809003483,0.11567343809003483,0.11567343809003483,0.12029168047298033,0.11567343809003483,-0.004618242382945503,0.00516255386167272,0.11512912661130761,0,0,-0.0019578014909455792,4.618242382945503e-06,0.828610900040695,1.006332831605643,0.1766035311412684,0.0016190266887642357,-0.005141406375762189
1556,21.57,0.031563845050215214,1.0,0.21567343809003484,0.11061398163737077,0.11061398163737077,0.11061398163737077,0.11567343809003483,0.11061398163737077,-0.005059456452664063,0.0,0.11567343809003483,0,0,0.003491402576789322,5.059456452664063e-06,0.8314997219514879,1.006332831605643,0.17373288852675323,0.0,0.0035428405093325447
1557,21.63,0.002781641168289231,1.0,0.21061398163737077,0.11958471350659858,0.11958471350659858,0.11958471350659858,0.11061398163737077,0.11958471350659858,0.00897073186922781,0.0,0.11061398163737077,0,0,0.00033264176218802786,8.970731869227811e-06,0.8317688543232019,1.006332831605643,0.173465449799464,0.0,0.0003823561902654721
1558,21.16,-0.021729079981507114,1.0,0.21958471350659858,0.12042048238504804,0.12042048238504804,0.12042048238504804,0.11958471350659858,0.12042048238504804,0.0008357688784494666,0.00897073186922781,0.11061398163737077,0,0,-0.0026166262931563776,8.357688784494666e-07,0.8295917309026287,1.006332831605643,0.17562887262757493,0.002163422828110939,-0.00688117396881161
1559,21.17,0.00047258979206056534,1.0,0.22042048238504805,0.11365977898535515,0.11365977898535515,0.11365977898535515,0.12042048238504804,0.11365977898535515,-0.006760703399692897,0.0008357688784494666,0.11958471350659858,0,0,5.37144513163388e-05,6.760703399692897e-06,0.8296306833436352,1.006332831605643,0.17559016531347058,0.0,0.00010401813639261268
1560,21.36,0.00897496457250816,1.0,0.21365977898535515,0.11378071122166747,0.11378071122166747,0.11378071122166747,0.11365977898535515,0.11378071122166747,0.00012093223631232108,0.0,0.11365977898535515,0,0,0.0010211778522492472,1.2093223631232108e-07,0.8304777834939184,1.006332831605643,0.17474839594683703,0.0,0.0010814972504801141
1561,21.37,0.0004681647940075638,1.0,0.21378071122166747,0.11641127839976473,0.11641127839976473,0.11641127839976473,0.11378071122166747,0.11641127839976473,0.0026305671780972595,0.00012093223631232108,0.11365977898535515,0,0,5.449966217218302e-05,2.6305671780972597e-06,0.8305208596249609,1.006332831605643,0.17470559089299242,0.0,0.00011226962700169544
1562,20.38,-0.04632662611137117,1.0,0.21641127839976473,0.11654501632147785,0.11654501632147785,0.11654501632147785,0.11641127839976473,0.11654501632147785,0.00013373792171311738,0.0026305671780972595,0.11378071122166747,0,0,-0.005399137396268755,1.337379217131174e-07,0.8260366523212448,1.006332831605643,0.17916157917329267,0.004455988280300249,-0.014249537198456562
1563,20.09,-0.01422963689892047,1.0,0.21654501632147785,0.10262006745051619,0.10262006745051619,0.10262006745051619,0.11654501632147785,0.10262006745051619,-0.013924948870961656,0.00013373792171311738,0.11641127839976473,0,0,-0.0014602462983635727,1.3924948870961658e-05,0.8248189328392309,1.006332831605643,0.18037163557190086,0.0012100563986081891,-0.003845993005362213
1564,20.63,0.026879044300647047,1.0,0.2026200674505162,0.1,0.1,0.1,0.10262006745051619,0.1,-0.0026200674505161836,0.0,0.10262006745051619,0,0,0.002687904430064705,2.6200674505161836e-06,0.8270338062215722,1.006332831605643,0.17817070034174706,0.0,0.0027379743288889306
1565,20.44,-0.0092098885118758,1.0,0.2,0.10571657531268774,0.10571657531268774,0.10571657531268774,0.1,0.10571657531268774,0.005716575312687738,0.0,0.1,0,0,-0.0009736378724871757,5.716575312687738e-06,0.8262238469849683,1.006332831605643,0.17897556252169955,0.0008048621799524869,-0.002535212746751074
1566,21.22,0.03816046966731886,1.0,0.20571657531268775,0.10320135243545517,0.10320135243545517,0.10320135243545517,0.10571657531268774,0.10320135243545517,-0.0025152228772325758,0.005716575312687738,0.1,0,0,0.003938212079239471,2.5152228772325757e-06,0.8294756135821986,1.006332831605643,0.17574425922411963,0.0,0.003989969744898191
1567,21.05,-0.00801131008482555,1.0,0.20320135243545517,0.11329917088446856,0.11329917088446856,0.11329917088446856,0.10320135243545517,0.11329917088446856,0.01009781844901339,0.0,0.10320135243545517,0,0,-0.0009076747903091162,1.0097818449013391e-05,0.8287143435844201,1.006332831605643,0.17650073856561527,0.0007564793414956417,-0.002375502719717103
1568,21.08,0.0014251781472682937,1.0,0.21329917088446856,0.11093519479335162,0.11093519479335162,0.11093519479335162,0.11329917088446856,0.11093519479335162,-0.002363976091116937,0.01009781844901339,0.10320135243545517,0,0,0.00015810241538243613,2.363976091116937e-06,0.8288434062629083,1.006332831605643,0.17637248807588188,0.0,0.00021373359765546838
1569,22.03,0.04506641366223923,1.0,0.21093519479335163,0.1113359894633324,0.1113359894633324,0.1113359894633324,0.11093519479335162,0.1113359894633324,0.0004007946699807752,0.0,0.11093519479335162,0,0,0.005017513756649246,4.007946699807752e-07,0.8330018072599211,1.006332831605643,0.17224025580996452,0.0,0.005076276736792407
1570,21.75,-0.012709940989559743,1.0,0.2113359894633324,0.12424919605537316,0.12424919605537316,0.12424919605537316,0.1113359894633324,0.12424919605537316,0.01291320659204076,0.0004007946699807752,0.11093519479335162,0,0,-0.001579199949864032,1.291320659204076e-05,0.831675574123231,1.006332831605643,0.1735581429890741,0.001317887179109578,-0.004169057317970269
1571,22.36,0.028045977011494225,1.0,0.22424919605537316,0.12013079449821754,0.12013079449821754,0.12013079449821754,0.12424919605537316,0.12013079449821754,-0.004118401557155621,0.01291320659204076,0.1113359894633324,0,0,0.003369185500869546,4.118401557155621e-06,0.8344742182350149,1.006332831605643,0.17077711068655194,0.0,0.0034264275305606793
1572,21.64,-0.03220035778175308,1.0,0.22013079449821754,0.1288215242353907,0.1288215242353907,0.1288215242353907,0.12013079449821754,0.1288215242353907,0.008690729737173164,0.0,0.12013079449821754,0,0,-0.0041480991703703556,8.690729737173164e-06,0.8310054842327554,1.006332831605643,0.17422401601778809,0.0034469053312361497,-0.010987610003970976
1573,21.48,-0.0073937153419593405,1.0,0.2288215242353907,0.11804994046978018,0.11804994046978018,0.11804994046978018,0.1288215242353907,0.11804994046978018,-0.01077158376561052,0.008690729737173164,0.12013079449821754,0,0,-0.0008728276559688005,1.0771583765610522e-05,0.8302712084186722,1.006332831605643,0.17495367104942575,0.0007296550316376604,-0.00228582660367762
1574,20.53,-0.04422718808193665,1.0,0.21804994046978018,0.11576978341037761,0.11576978341037761,0.11576978341037761,0.11804994046978018,0.11576978341037761,-0.002280157059402571,0.0,0.11804994046978018,0,0,-0.00512017198509584,2.280157059402571e-06,0.8260181838885382,1.006332831605643,0.1791799313845359,0.0042262603351101435,-0.013514692606509537
1575,19.74,-0.038480272771553956,1.0,0.2157697834103776,0.1025626979799206,0.1025626979799206,0.1025626979799206,0.11576978341037761,0.1025626979799206,-0.01320708543045701,0.0,0.11576978341037761,0,0,-0.00394664059445385,1.320708543045701e-05,0.8227472776995249,1.006332831605643,0.18243025382884528,0.0032503224443093948,-0.010411869956640524
1576,19.58,-0.008105369807497475,1.0,0.2025626979799206,0.1,0.1,0.1,0.1025626979799206,0.1,-0.002562697979920592,0.0,0.1025626979799206,0,0,-0.0008105369807497475,2.562697979920592e-06,0.8220783021523518,1.006332831605643,0.1830950195267961,0.0006647656979508199,-0.002089912423621268
1577,19.7,0.006128702757916292,1.0,0.2,0.1,0.1,0.1,0.1,0.1,0.0,0.0,0.1,0,0,0.0006128702757916293,0.0,0.8225821295081143,1.006332831605643,0.1825943627461179,0.0,0.0006668702757916292
1578,20.28,0.029441624365482328,1.0,0.2,0.1,0.1,0.1,0.1,0.1,0.0,0.0,0.1,0,0,0.002944162436548233,0.0,0.8250039449147879,1.006332831605643,0.18018778777349226,0.0,0.0029981624365482333
1579,19.66,-0.030571992110453697,1.0,0.2,0.1,0.1,0.1,0.1,0.1,0.0,0.0,0.1,0,0,-0.00305719921104537,0.0,0.822481743505285,1.006332831605643,0.18269411702191657,0.0025063292484243105,-0.008015857707893993
1580,19.57,-0.004577822990844347,1.0,0.2,0.1,0.1,0.1,0.1,0.1,0.0,0.0,0.1,0,0,-0.00045778229908443474,0.0,0.8221052259217881,1.006332831605643,0.18306826518808156,0.00037414816616498925,-0.0011520786314144131
1581,18.78,-0.04036791006642816,1.0,0.2,0.1,0.1,0.1,0.1,0.1,0.0,0.0,0.1,0,0,-0.004036791006642816,0.0,0.818786558939273,1.006332831605643,0.18636604786821143,0.003297782680129868,-0.010578356366902554
1582,18.75,-0.0015974440894569294,1.0,0.2,0.1,0.1,0.1,0.1,0.1,0.0,0.0,0.1,0,0,-0.00015974440894569295,0.0,0.8186557623643625,1.006332831605643,0.1864960213429929,0.0001299734747814696,-0.0003656913585086321
1583,19.6,0.045333333333333406,1.0,0.2,0.1,0.1,0.1,0.1,0.1,0.0,0.0,0.1,0,0,0.004533333333333341,0.0,0.8223670018204143,1.006332831605643,0.1828081366397478,0.0,0.004587333333333341
1584,19.17,-0.021938775510204067,1.0,0.2,0.1,0.1,0.1,0.1,0.1,0.0,0.0,0.1,0,0,-0.0021938775510204067,0.0,0.8205628293164206,1.006332831605643,0.18460095552365038,0.0017928188839025916,-0.00572551531882559
1585,19.87,0.036515388628064645,1.0,0.2,0.1,0.1,0.1,0.1,0.1,0.0,0.0,0.1,0,0,0.0036515388628064645,0.0,0.8235591463770439,1.006332831605643,0.18162349422404978,0.0,0.0037055388628064647
1586,19.69,-0.009058882737795657,1.0,0.2,0.1,0.1,0.1,0.1,0.1,0.0,0.0,0.1,0,0,-0.0009058882737795657,0.0,0.822813093803577,1.006332831605643,0.18236485190416885,0.0007413576801190702,-0.0023346036340177057
1587,19.8,0.00558659217877092,1.0,0.2,0.1,0.1,0.1,0.1,0.1,0.0,0.0,0.1,0,0,0.0005586592178770921,0.0,0.8232727659230203,1.006332831605643,0.18190807249182483,0.0,0.0006126592178770921
1588,20.24,0.022222222222222105,1.0,0.2,0.1,0.1,0.1,0.1,0.1,0.0,0.0,0.1,0,0,0.0022222222222222105,0.0,0.8251022609584048,1.006332831605643,0.18009009043069563,0.0,0.0022762222222222107
1589,22.36,0.10474308300395263,1.0,0.2,0.1,0.1,0.1,0.1,0.1,0.0,0.0,0.1,1,0,0.010474308300395264,0.0,0.8337446364190363,1.006332831605643,0.17150210125931753,0.0,0.010528308300395263
1590,22.03,-0.014758497316636776,1.0,0.2,0.12655594237428067,0.12655594237428067,0.12655594237428067,0.1,0.12655594237428067,0.02655594237428066,0.0,0.1,0,0,-0.0018677755359352598,2.655594237428066e-05,0.8321652477093959,1.006332831605643,0.17307155090861537,0.0015694496492978383,-0.004980185026597934
1591,22.38,0.015887426236949515,1.0,0.22655594237428067,0.12165141143190195,0.12165141143190195,0.12165141143190195,0.12655594237428067,0.12165141143190195,-0.004904530942378721,0.02655594237428066,0.1,0,0,0.0019327278257451391,4.904530942378721e-06,0.8337695152590553,1.006332831605643,0.17147737898132198,0.0,0.001989482436648688
1592,20.48,-0.08489722966934757,1.0,0.22165141143190195,0.12663319558184405,0.12663319558184405,0.12663319558184405,0.12165141143190195,0.12663319558184405,0.004981784149942103,0.0,0.12165141143190195,0,0,-0.010750807489075224,4.981784149942103e-06,0.8248016660504898,1.006332831605643,0.18038879370109911,0.008911414719777133,-0.028514751267239256
1593,19.03,-0.07080078124999996,1.0,0.22663319558184405,0.1,0.1,0.1,0.12663319558184405,0.1,-0.026633195581844044,0.004981784149942103,0.12165141143190195,0,0,-0.0070800781249999965,2.6633195581844046e-05,0.818940038713134,1.006332831605643,0.1862135339393792,0.005824740238280085,-0.018715508394932932
1594,19.51,0.025223331581713106,1.0,0.2,0.1,0.1,0.1,0.1,0.1,0.0,0.0,0.1,0,0,0.002522333158171311,0.0,0.8210056783273344,1.006332831605643,0.18416089335236333,0.0,0.002576333158171311
1595,20.58,0.054843669912865024,1.0,0.2,0.1,0.1,0.1,0.1,0.1,0.0,0.0,0.1,0,0,0.005484366991286503,0.0,0.8255083747692116,1.006332831605643,0.1796865322856644,0.0,0.005538366991286503
1596,20.75,0.008260447035957323,1.0,0.2,0.10097958930148027,0.10097958930148027,0.10097958930148027,0.1,0.10097958930148027,0.0009795893014802604,0.0,0.1,0,0,0.0008341365491376005,9.795893014802604e-07,0.8261961528170535,1.006332831605643,0.17900308241079094,0.0,0.0008871367922929709
1597,20.8,0.0024096385542169015,1.0,0.20097958930148027,0.10311534479569051,0.10311534479569051,0.10311534479569051,0.10097958930148027,0.10311534479569051,0.0021357554942102452,0.0009795893014802604,0.1,0,0,0.000248470710351065,2.135755494210245e-06,0.8263996738090607,1.006332831605643,0.17880084217215894,0.0,0.00030075661938776347
1598,21.18,0.01826923076923072,1.0,0.20311534479569052,0.1037473868609454,0.1037473868609454,0.1037473868609454,0.10311534479569051,0.1037473868609454,0.0006320420652548842,0.0021357554942102452,0.10097958930148027,0,0,0.0018953849522672667,6.320420652548841e-07,0.8279654969960004,1.006332831605643,0.17724487267800915,0.0,0.0019502272091176667
1599,20.82,-0.016997167138810172,1.0,0.2037473868609454,0.1086097754568233,0.1086097754568233,0.1086097754568233,0.1037473868609454,0.1086097754568233,0.004862388595877898,0.0006320420652548842,0.10311534479569051,0,0,-0.0018460585063482685,4.862388595877898e-06,0.8264329983573178,1.006332831605643,0.17876772733459179,0.0015228546565826395,-0.004840973187128139
1600,21.13,0.014889529298751139,1.0,0.2086097754568233,0.1038508567989839,0.1038508567989839,0.1038508567989839,0.1086097754568233,0.1038508567989839,-0.004758918657839395,0.004862388595877898,0.1037473868609454,0,0,0.0015462903750088797,4.758918657839395e-06,0.8277069708208522,1.006332831605643,0.17750177195330727,0.0,0.001594991510826781
1601,21.93,0.037860861334595396,1.0,0.2038508567989839,0.1078069753975148,0.1078069753975148,0.1078069753975148,0.1038508567989839,0.1078069753975148,0.0039561185985309,0.0,0.1038508567989839,0,0,0.004081664946427445,3.9561185985309e-06,0.831082118842624,1.006332831605643,0.17414786366792762,0.0,0.0041334415474015415
1602,21.71,-0.01003191974464199,1.0,0.2078069753975148,0.1182879399537202,0.1182879399537202,0.1182879399537202,0.1078069753975148,0.1182879399537202,0.010480964556205397,0.0039561185985309,0.1038508567989839,0,0,-0.0011866551203747518,1.0480964556205396e-05,0.8300872004486165,1.006332831605643,0.1751365210611481,0.0009886573932204878,-0.0031171138117209
1603,22.27,0.025794564716720345,1.0,0.2182879399537202,0.11519837044472941,0.11519837044472941,0.11519837044472941,0.1182879399537202,0.11519837044472941,-0.0030895695089907804,0.010480964556205397,0.1078069753975148,0,0,0.002971491821697297,3.0895695089907803e-06,0.8325512331639409,1.006332831605643,0.17268799445251815,0.0,0.003028014090968776
1604,21.65,-0.027840143691064256,1.0,0.21519837044472942,0.12285002358541708,0.12285002358541708,0.12285002358541708,0.11519837044472941,0.12285002358541708,0.007651653140687664,0.0,0.11519837044472941,0,0,-0.0034201623090686444,7.651653140687664e-06,0.829697402422647,1.006332831605643,0.1755238660962371,0.002835871643718957,-0.009038728339043301
1605,22.23,0.026789838337182535,1.0,0.22285002358541708,0.1139879304945168,0.1139879304945168,0.1139879304945168,0.12285002358541708,0.1139879304945168,-0.008862093090900275,0.007651653140687664,0.11519837044472941,0,0,0.0030537182303381045,8.862093090900274e-06,0.8322237116504716,1.006332831605643,0.17301345487990646,0.0,0.0031010219000194104
1606,22.24,0.0004498425551056235,1.0,0.2139879304945168,0.12183297276782096,0.12183297276782096,0.12183297276782096,0.1139879304945168,0.12183297276782096,0.007845042273304154,0.0,0.1139879304945168,0,0,5.480565576599043e-05,7.845042273304154e-06,0.8322627933865339,1.006332831605643,0.17297461908439743,0.0,0.00010723191206466
1607,22.11,-0.00584532374100715,1.0,0.22183297276782096,0.12195432409929186,0.12195432409929186,0.12195432409929186,0.12183297276782096,0.12195432409929186,0.00012135133147089805,0.007845042273304154,0.1139879304945168,0,0,-0.0007128625059760711,1.2135133147089806e-07,0.8316694034498117,1.006332831605643,0.1735642748305738,0.0005896557461763652,-0.0018281071451663419
1608,21.8,-0.014020805065581128,1.0,0.22195432409929186,0.12011165581930941,0.12011165581930941,0.12011165581930941,0.12195432409929186,0.12011165581930941,-0.0018426682799824456,0.00012135133147089805,0.12183297276782096,0,0,-0.0016840621123467103,1.8426682799824457e-06,0.8302672880266346,1.006332831605643,0.17495756677051766,0.0013932919399438637,-0.004409999087081019
1609,20.99,-0.0371559633027524,1.0,0.22011165581930942,0.11575758308465028,0.11575758308465028,0.11575758308465028,0.12011165581930941,0.11575758308465028,-0.004354072734659126,0.0,0.12011165581930941,0,0,-0.0043010845091085775,4.354072734659125e-06,0.8266926232115224,1.006332831605643,0.17850973629420172,0.0035521695236840622,-0.011350540006552862
1610,20.22,-0.036684135302525,1.0,0.2157575830846503,0.10465705618568971,0.10465705618568971,0.10465705618568971,0.11575758308465028,0.10465705618568971,-0.011100526898960572,0.0,0.11575758308465028,0,0,-0.003839253609479802,1.1100526898960572e-05,0.823509563850226,1.006332831605643,0.1816727647290563,0.003163028434854581,-0.010125738895471664
1611,20.1,-0.005934718100890081,1.0,0.20465705618568972,0.1,0.1,0.1,0.10465705618568971,0.1,-0.004657056185689706,0.0,0.10465705618568971,0,0,-0.0005934718100890082,4.657056185689706e-06,0.8230169990084338,1.006332831605643,0.18216222987053068,0.0004894651414743822,-0.0015253876773163072
1612,20.07,-0.0014925373134328922,1.0,0.2,0.1,0.1,0.1,0.1,0.1,0.0,0.0,0.1,0,0,-0.00014925373134328922,0.0,0.8228941606503728,1.006332831605643,0.18228429520935605,0.00012206533882536119,-0.0003393844089940116
1613,20.07,0.0,1.0,0.2,0.1,0.1,0.1,0.1,0.1,0.0,0.0,0.1,0,0,0.0,0.0,0.8228941606503728,1.006332831605643,0.18228429520935605,0.0,5.399999999999999e-05
1614,20.35,0.013951170901843604,1.0,0.2,0.1,0.1,0.1,0.1,0.1,0.0,0.0,0.1,0,0,0.0013951170901843604,0.0,0.824042194357309,1.006332831605643,0.18114348605469055,0.0,0.0014491170901843604
1615,19.9,-0.02211302211302225,1.0,0.2,0.1,0.1,0.1,0.1,0.1,0.0,0.0,0.1,0,0,-0.0022113022113022253,0.0,0.8222199880307203,1.006332831605643,0.18295422527471708,0.0018107392200265304,-0.005778780651355286
1616,20.06,0.008040201005025133,1.0,0.2,0.1,0.1,0.1,0.1,0.1,0.0,0.0,0.1,0,0,0.0008040201005025133,0.0,0.822881069428132,1.006332831605643,0.18229730404880723,0.0,0.0008580201005025132
1617,19.85,-0.010468594217347822,1.0,0.2,0.1,0.1,0.1,0.1,0.1,0.0,0.0,0.1,0,0,-0.001046859421734782,0.0,0.822019628627634,1.006332831605643,0.18315332382024163,0.000856019771434402,-0.002704898964603586
1618,19.94,0.004534005037783368,1.0,0.2,0.1,0.1,0.1,0.1,0.1,0.0,0.0,0.1,0,0,0.0004534005037783368,0.0,0.8223923327413695,1.006332831605643,0.18278296512575204,0.0,0.0005074005037783367
1619,19.7,-0.012036108324975025,1.0,0.2,0.1,0.1,0.1,0.1,0.1,0.0,0.0,0.1,0,0,-0.0012036108324975025,0.0,0.8214024924211191,1.006332831605643,0.18376657640142818,0.000983611275676144,-0.00311683338384979
1620,20.29,0.029949238578680197,1.0,0.2,0.1,0.1,0.1,0.1,0.1,0.0,0.0,0.1,0,0,0.0029949238578680197,0.0,0.8238625303425833,1.006332831605643,0.18132201944750356,0.0,0.00304892385786802
1621,20.55,0.012814194184327332,1.0,0.2,0.1,0.1,0.1,0.1,0.1,0.0,0.0,0.1,0,0,0.0012814194184327333,0.0,0.8249182437870834,1.006332831605643,0.18027294958578025,0.0,0.0013354194184327334
1622,20.57,0.0009732360097323393,1.0,0.2,0.1,0.1,0.1,0.1,0.1,0.0,0.0,0.1,0,0,9.732360097323394e-05,0.0,0.8249985278010773,1.006332831605643,0.1801931707974188,0.0,0.0001513236009732339
1623,20.05,-0.025279533300923654,1.0,0.2,0.1,0.1,0.1,0.1,0.1,0.0,0.0,0.1,0,0,-0.0025279533300923657,0.0,0.8229129700254013,1.006332831605643,0.18226560420133386,0.0020724334039150527,-0.006618820137922471
1624,19.88,-0.008478802992518788,1.0,0.2,0.1,0.1,0.1,0.1,0.1,0.0,0.0,0.1,0,0,-0.0008478802992518789,0.0,0.8222152383301179,1.006332831605643,0.18295894508555224,0.0006933408842183797,-0.002180562067688638
1625,19.66,-0.011066398390341996,1.0,0.2,0.1,0.1,0.1,0.1,0.1,0.0,0.0,0.1,0,0,-0.0011066398390341997,0.0,0.8213053421911207,1.006332831605643,0.18386311526704716,0.0009041701814949121,-0.0028609802020240238
1626,19.87,0.01068158697863687,1.0,0.2,0.1,0.1,0.1,0.1,0.1,0.0,0.0,0.1,0,0,0.001068158697863687,0.0,0.822182626635984,1.006332831605643,0.1829913515549724,0.0,0.001122158697863687
1627,19.54,-0.016607951685958824,1.0,0.2,0.1,0.1,0.1,0.1,0.1,0.0,0.0,0.1,0,0,-0.0016607951685958825,0.0,0.8208171497019635,1.006332831605643,0.18434823557101088,0.0013568840160384787,-0.00432056320067284
1628,19.41,-0.006653019447287564,1.0,0.2,0.1,0.1,0.1,0.1,0.1,0.0,0.0,0.1,0,0,-0.0006653019447287565,0.0,0.820271058456,1.006332831605643,0.184890890276107,0.0005426547050961239,-0.0016966113549210043
1629,19.25,-0.008243173621844417,1.0,0.2,0.1,0.1,0.1,0.1,0.1,0.0,0.0,0.1,0,0,-0.0008243173621844418,0.0,0.8195948947808173,1.006332831605643,0.18556279886732716,0.000671908591220155,-0.0021141345446247517
1630,19.01,-0.012467532467532386,1.0,0.2,0.1,0.1,0.1,0.1,0.1,0.0,0.0,0.1,0,0,-0.0012467532467532387,0.0,0.8185730621847269,1.006332831605643,0.18657820109211593,0.0010154022247887695,-0.0032235576963307775
1631,18.89,-0.006312467122567122,1.0,0.2,0.1,0.1,0.1,0.1,0.1,0.0,0.0,0.1,0,0,-0.0006312467122567122,0.0,0.8180563406304809,1.006332831605643,0.18709167092835444,0.0005134698362385115,-0.0016041863847337352
1632,19.05,0.008470089994706201,1.0,0.2,0.1,0.1,0.1,0.1,0.1,0.0,0.0,0.1,0,0,0.0008470089994706202,0.0,0.8187492417130688,1.006332831605643,0.18640313025788624,0.0,0.0009010089994706201
1633,19.03,-0.0010498687664041771,1.0,0.2,0.1,0.1,0.1,0.1,0.1,0.0,0.0,0.1,0,0,-0.00010498687664041772,0.0,0.8186632837874297,1.006332831605643,0.18648854725208486,8.541699419861715e-05,-0.000221820865037652
1634,18.08,-0.04992117708880729,1.0,0.2,0.1,0.1,0.1,0.1,0.1,0.0,0.0,0.1,0,0,-0.004992117708880729,0.0,0.814576420310824,1.006332831605643,0.19054969218172504,0.004061144929640187,-0.013060407568161105
1635,16.18,-0.10508849557522117,1.0,0.2,0.1,0.1,0.1,0.1,0.1,0.0,0.0,0.1,0,1,-0.010508849557522118,0.0,0.8060161592566727,1.006332831605643,0.1990560836908772,0.008506391509152167,-0.02746763257582645
1636,14.47,-0.10568603213844247,1.0,0.2,0.1,0.1,0.1,0.1,0.1,0.0,0.0,0.1,0,1,-0.010568603213844247,0.0,0.7974976942855423,1.006332831605643,0.20752094213889075,0.008464858448013535,-0.027444320109871315
1637,15.36,0.06150656530753274,1.0,0.2,0.1,0.1,0.1,0.1,0.1,0.0,0.0,0.1,0,0,0.006150656530753275,0.0,0.8024028286871603,1.006332831605643,0.20264667564617217,0.0,0.006204656530753275
1638,16.99,0.1061197916666666,-1.0,0.0,0.1,0.0,0.0,0.1,0.0,-0.1,0.0,0.1,1,0,0.0,0.0001,0.8023225884042916,1.006332831605643,0.20272641097860752,7.973533243535447e-05,-0.00030947066487070895
1639,16.83,-0.009417304296645095,1.0,0.1,0.1,0.1,0.1,0.0,0.1,0.1,0.0,0.0,0,0,-0.0009417304296645096,0.0001,0.8014867845495437,1.006332831605643,0.2035569551370589,0.0008305441584513795,-0.0026988187465672685
1640,16.95,0.00713012477718366,1.0,0.2,0.1,0.1,0.1,0.1,0.1,0.0,0.1,0.0,0,0,0.000713012477718366,0.0,0.8020582546276539,1.006332831605643,0.2029890813082796,0.0,0.0007670124777183659
1641,17.13,0.010619469026548657,1.0,0.2,0.1,0.1,0.1,0.1,0.1,0.0,0.0,0.1,0,0,0.0010619469026548658,0.0,0.8029099979069045,1.006332831605643,0.2021426980317928,0.0,0.0011159469026548658
1642,16.53,-0.03502626970227658,1.0,0.2,0.1,0.1,0.1,0.1,0.1,0.0,0.0,0.1,0,0,-0.0035026269702276586,0.0,0.8000977036935704,1.006332831605643,0.20493729453605972,0.0027945965042669163,-0.009037819978761493
1643,16.43,-0.0060496067755596745,1.0,0.2,0.1,0.1,0.1,0.1,0.1,0.0,0.0,0.1,0,0,-0.0006049606775559675,0.0,0.7996136760446328,1.006332831605643,0.20541827620905675,0.0004809816729970384,-0.0015129240235500442
1644,16.59,0.00973828362751066,1.0,0.2,0.1,0.1,0.1,0.1,0.1,0.0,0.0,0.1,0,0,0.0009738283627510661,0.0,0.8003923625216088,1.006332831605643,0.20464448998990542,0.0,0.0010278283627510661
1645,16.84,0.015069318866787222,1.0,0.2,0.1,0.1,0.1,0.1,0.1,0.0,0.0,0.1,0,0,0.0015069318866787222,0.0,0.8015984992945467,1.006332831605643,0.2034459434106256,0.0,0.0015609318866787222
1646,16.81,-0.0017814726840855782,1.0,0.2,0.1,0.1,0.1,0.1,0.1,0.0,0.0,0.1,0,0,-0.00017814726840855783,0.0,0.801455696711537,1.006332831605643,0.20358784733994673,0.00014190392932111884,-0.0004079551270507955
1647,17.27,0.0273646638905414,1.0,0.2,0.1,0.1,0.1,0.1,0.1,0.0,0.0,0.1,0,0,0.00273646638905414,0.0,0.8036488532879041,1.006332831605643,0.20140849225235824,0.0,0.00279046638905414
1648,16.95,-0.01852924145917778,1.0,0.2,0.1,0.1,0.1,0.1,0.1,0.0,0.0,0.1,0,0,-0.0018529241459177782,0.0,0.8021597529228078,1.006332831605643,0.20288822173978874,0.0014797294874304978,-0.004758383120778774
1649,17.27,0.018879056047197657,1.0,0.2,0.1,0.1,0.1,0.1,0.1,0.0,0.0,0.1,0,0,0.0018879056047197659,0.0,0.8036741548162315,1.006332831605643,0.20138334994602308,0.0,0.0019419056047197659
1650,17.03,-0.013896931094383233,1.0,0.2,0.1,0.1,0.1,0.1,0.1,0.0,0.0,0.1,0,0,-0.0013896931094383234,0.0,0.8025572943810497,1.006332831605643,0.20249318200168578,0.0011098320556627017,-0.0035553572207637266
1651,17.12,0.005284791544333521,1.0,0.2,0.1,0.1,0.1,0.1,0.1,0.0,0.0,0.1,0,0,0.0005284791544333521,0.0,0.8029814291813685,1.006332831605643,0.20207171627285525,0.0,0.000582479154433352
1652,17.09,-0.0017523364485981972,1.0,0.2,0.1,0.1,0.1,0.1,0.1,0.0,0.0,0.1,0,0,-0.00017523364485981974,0.0,0.8028407198187782,1.006332831605643,0.20221154015434956,0.00013982388149430536,-0.00040088140784843044
1653,17.84,0.04388531304856641,1.0,0.2,0.1,0.1,0.1,0.1,0.1,0.0,0.0,0.1,0,0,0.004388531304856641,0.0,0.8063640114505166,1.006332831605643,0.19871042052366353,0.0,0.004442531304856641
1654,17.66,-0.010089686098654693,1.0,0.2,0.1,0.1,0.1,0.1,0.1,0.0,0.0,0.1,0,0,-0.0010089686098654694,0.0,0.8055504154748379,1.006332831605643,0.19951889655676744,0.0008084760331039109,-0.002571920676073291
1655,18.06,0.022650056625141482,1.0,0.2,0.1,0.1,0.1,0.1,0.1,0.0,0.0,0.1,0,0,0.002265005662514148,0.0,0.8073749917273291,1.006332831605643,0.19770580232473287,0.0,0.0023190056625141484
1656,17.72,-0.018826135105204866,1.0,0.2,0.1,0.1,0.1,0.1,0.1,0.0,0.0,0.1,0,0,-0.0018826135105204868,0.0,0.8058550166598468,1.006332831605643,0.19921621222068853,0.001510409895955661,-0.004849433302431809
1657,18.3,0.03273137697516941,1.0,0.2,0.1,0.1,0.1,0.1,0.1,0.0,0.0,0.1,0,0,0.003273137697516941,0.0,0.8084926910936093,1.006332831605643,0.19659513661734765,0.0,0.0033271376975169413
1658,18.12,-0.009836065573770475,1.0,0.2,0.1,0.1,0.1,0.1,0.1,0.0,0.0,0.1,0,0,-0.0009836065573770477,0.0,0.8076974523810583,1.006332831605643,0.1973853709091994,0.000790234291851738,-0.0025100751410805236
1659,18.58,0.025386313465783513,1.0,0.2,0.1,0.1,0.1,0.1,0.1,0.0,0.0,0.1,0,0,0.0025386313465783515,0.0,0.8097478984522243,1.006332831605643,0.19534782825256716,0.0,0.0025926313465783517
1660,18.13,-0.02421959095801934,1.0,0.2,0.1,0.1,0.1,0.1,0.1,0.0,0.0,0.1,0,0,-0.002421959095801934,0.0,0.8077867221642614,1.006332831605643,0.19729666289888764,0.0019488346463204798,-0.006265628388442893
1661,18.25,0.00661886376172096,1.0,0.2,0.1,0.1,0.1,0.1,0.1,0.0,0.0,0.1,0,0,0.0006618863761720961,0.0,0.8083213851905146,1.006332831605643,0.19676536449595264,0.0,0.000715886376172096
1662,18.08,-0.009315068493150778,1.0,0.2,0.1,0.1,0.1,0.1,0.1,0.0,0.0,0.1,0,0,-0.0009315068493150778,0.0,0.8075684282837617,1.006332831605643,0.19751358306053174,0.0007482185645791006,-0.002373943978473279
1663,18.09,0.0005530973451328299,1.0,0.2,0.1,0.1,0.1,0.1,0.1,0.0,0.0,0.1,0,0,5.530973451328299e-05,0.0,0.8076130946791314,1.006332831605643,0.19746919774986027,0.0,0.00010930973451328298
1664,18.0,-0.004975124378109445,1.0,0.2,0.1,0.1,0.1,0.1,0.1,0.0,0.0,0.1,0,0,-0.0004975124378109445,0.0,0.8072112971195896,1.006332831605643,0.1978684668057061,0.0003992690558458356,-0.0012420505495026157
1665,18.08,0.00444444444444435,1.0,0.2,0.1,0.1,0.1,0.1,0.1,0.0,0.0,0.1,0,0,0.00044444444444443503,0.0,0.8075700576960873,1.006332831605643,0.19751196390206416,0.0,0.0004984444444444349
1666,17.82,-0.014380530973451218,1.0,0.2,0.1,0.1,0.1,0.1,0.1,0.0,0.0,0.1,0,0,-0.0014380530973451219,0.0,0.8064087290732942,1.006332831605643,0.1986659843079572,0.001154020405893047,-0.0036920939091312156
1667,17.79,-0.0016835016835017472,1.0,0.2,0.1,0.1,0.1,0.1,0.1,0.0,0.0,0.1,0,0,-0.00016835016835017473,0.0,0.8062729700279957,1.006332831605643,0.19880088902440365,0.00013490471644644897,-0.00038415960124307266
1668,17.5,-0.016301292861157907,1.0,0.2,0.1,0.1,0.1,0.1,0.1,0.0,0.0,0.1,0,0,-0.001630129286115791,0.0,0.8049586408469495,1.006332831605643,0.20010694715921495,0.0013060581348112998,-0.00418824555573839
1669,17.61,0.006285714285714253,1.0,0.2,0.1,0.1,0.1,0.1,0.1,0.0,0.0,0.1,0,0,0.0006285714285714254,0.0,0.8054646148497675,1.006332831605643,0.1996041572402865,0.0,0.0006825714285714253
1670,18.73,0.06360022714366843,1.0,0.2,0.1,0.1,0.1,0.1,0.1,0.0,0.0,0.1,0,0,0.006360022714366843,0.0,0.8105873880958306,1.006332831605643,0.19451362149985005,0.0,0.006414022714366844
1671,17.96,-0.04111051788574477,1.0,0.2,0.1,0.1,0.1,0.1,0.1,0.0,0.0,0.1,0,0,-0.004111051788574477,0.0,0.8072550213642034,1.006332831605643,0.19782501771685548,0.0033113962170054356,-0.01067984422258535
1672,17.82,-0.007795100222717181,1.0,0.2,0.1,0.1,0.1,0.1,0.1,0.0,0.0,0.1,0,0,-0.0007795100222717181,0.0,0.8066257579845207,1.006332831605643,0.19845032115516087,0.0006253034383053857,-0.0019761168988824893
1673,18.46,0.03591470258136928,1.0,0.2,0.1,0.1,0.1,0.1,0.1,0.0,0.0,0.1,0,0,0.003591470258136928,0.0,0.8095227304037693,1.006332831605643,0.1955715793231704,0.0,0.003645470258136928
1674,19.59,0.061213434452871016,1.0,0.2,0.1,0.1,0.1,0.1,0.1,0.0,0.0,0.1,0,0,0.006121343445287102,0.0,0.8144780970633374,1.006332831605643,0.19064739668305758,0.0,0.006175343445287102
1675,19.34,-0.012761613067891782,1.0,0.2,0.1,0.1,0.1,0.1,0.1,0.0,0.0,0.1,0,0,-0.0012761613067891783,0.0,0.8134386916306379,1.006332831605643,0.19168026115895978,0.001032864475902201,-0.00328789025859358
1676,19.46,0.0062047569803516545,1.0,0.2,0.1,0.1,0.1,0.1,0.1,0.0,0.0,0.1,0,0,0.0006204756980351655,0.0,0.8139434105706362,1.006332831605643,0.19117871840476675,0.0,0.0006744756980351655
1677,19.19,-0.013874614594039032,1.0,0.2,0.1,0.1,0.1,0.1,0.1,0.0,0.0,0.1,0,0,-0.0013874614594039034,0.0,0.8128140954583337,1.006332831605643,0.1923009267605258,0.0011222083557590468,-0.0035778781709219967
1678,19.43,0.012506513809275583,1.0,0.2,0.1,0.1,0.1,0.1,0.1,0.0,0.0,0.1,0,0,0.0012506513809275584,0.0,0.8138306425292561,1.006332831605643,0.19129077679920492,0.0,0.0013046513809275584
1679,19.69,0.013381369016984127,1.0,0.2,0.1,0.1,0.1,0.1,0.1,0.0,0.0,0.1,0,0,0.0013381369016984127,0.0,0.8149196593437574,1.006332831605643,0.19020861314489607,0.0,0.0013921369016984127
1680,19.93,0.012188928390045628,1.0,0.2,0.1,0.1,0.1,0.1,0.1,0.0,0.0,0.1,0,0,0.001218892839004563,0.0,0.8159129590808957,1.006332831605643,0.18922156422237071,0.0,0.001272892839004563
1681,20.25,0.016056196688409446,1.0,0.2,0.1,0.1,0.1,0.1,0.1,0.0,0.0,0.1,0,0,0.0016056196688409446,0.0,0.8172230049760582,1.006332831605643,0.18791976241881408,0.0,0.0016596196688409446
1682,19.63,-0.030617283950617333,1.0,0.2,0.1,0.1,0.1,0.1,0.1,0.0,0.0,0.1,0,0,-0.0030617283950617334,0.0,0.8147208900966253,1.006332831605643,0.19040613154128486,0.002486369122470772,-0.007980466640003278
1683,20.19,0.028527763627101493,1.0,0.2,0.1,0.1,0.1,0.1,0.1,0.0,0.0,0.1,0,0,0.0028527763627101497,0.0,0.8170451065940991,1.006332831605643,0.18809654128995076,0.0,0.00290677636271015
1684,19.84,-0.01733531451213479,1.0,0.2,0.1,0.1,0.1,0.1,0.1,0.0,0.0,0.1,0,0,-0.001733531451213479,0.0,0.8156287332047581,1.006332831605643,0.18950400147097365,0.0014074601810228904,-0.004494451813259259
1685,19.62,-0.011088709677419298,1.0,0.2,0.1,0.1,0.1,0.1,0.1,0.0,0.0,0.1,0,0,-0.0011088709677419299,0.0,0.8147243061820513,1.006332831605643,0.1904027369532135,0.000898735482239843,-0.0028523419322216154
1686,19.23,-0.01987767584097862,1.0,0.2,0.1,0.1,0.1,0.1,0.1,0.0,0.0,0.1,0,0,-0.001987767584097862,0.0,0.8131048236162459,1.006332831605643,0.1920120281488723,0.0016092911956588074,-0.005152349975415476
1687,19.32,0.004680187207488292,1.0,0.2,0.1,0.1,0.1,0.1,0.1,0.0,0.0,0.1,0,0,0.0004680187207488292,0.0,0.8134853718956295,1.006332831605643,0.19163387465190607,0.0,0.0005220187207488292
1688,20.01,0.03571428571428578,1.0,0.2,0.1,0.1,0.1,0.1,0.1,0.0,0.0,0.1,0,0,0.0035714285714285783,0.0,0.8163906767952568,1.006332831605643,0.18874685277566286,0.0,0.0036254285714285785
1689,20.07,0.002998500749625123,1.0,0.2,0.1,0.1,0.1,0.1,0.1,0.0,0.0,0.1,0,0,0.0002998500749625123,0.0,0.8166354716008926,1.006332831605643,0.18850359845865405,0.0,0.00035385007496251233
1690,20.38,0.015445939212755293,1.0,0.2,0.1,0.1,0.1,0.1,0.1,0.0,0.0,0.1,0,0,0.0015445939212755293,0.0,0.8178968417862252,1.006332831605643,0.18725016604969635,0.0,0.0015985939212755293
1691,20.41,0.0014720314033366605,1.0,0.2,0.1,0.1,0.1,0.1,0.1,0.0,0.0,0.1,0,0,0.00014720314033366607,0.0,0.818017238769805,1.006332831605643,0.18713052672183333,0.0,0.00020120314033366605
1692,20.43,0.0009799118079372648,1.0,0.2,0.1,0.1,0.1,0.1,0.1,0.0,0.0,0.1,0,0,9.799118079372648e-05,0.0,0.8180973972449417,1.006332831605643,0.18705087268231566,0.0,0.00015199118079372645
1693,20.19,-0.011747430249632816,1.0,0.2,0.1,0.1,0.1,0.1,0.1,0.0,0.0,0.1,0,0,-0.0011747430249632817,0.0,0.8171363430337876,1.006332831605643,0.1880058789992821,0.0009550063169664336,-0.0030307556588961486
1694,22.31,0.1050024764735016,1.0,0.2,0.1,0.1,0.1,0.1,0.1,0.0,0.0,0.1,1,0,0.01050024764735016,0.0,0.8257164769972924,1.006332831605643,0.17947973964058211,0.0,0.010554247647350159
1695,22.84,0.023756163155535685,1.0,0.2,0.10162583403599787,0.10162583403599787,0.10162583403599787,0.1,0.10162583403599787,0.001625834035997864,0.0,0.1,0,0,0.002414239894176557,1.625834035997864e-06,0.8277086121793858,1.006332831605643,0.17750014092380878,0.0,0.0024665799574580516
1696,23.01,0.007443082311733875,1.0,0.20162583403599788,0.1078120511055464,0.1078120511055464,0.1078120511055464,0.10162583403599787,0.1078120511055464,0.0061862170695485275,0.001625834035997864,0.1,0,0,0.0008024539705754409,6.186217069548528e-06,0.8283676898565635,1.006332831605643,0.17684521080876317,0.0,0.0008508878126162949
1697,25.41,0.10430247718383305,1.0,0.2078120511055464,0.10985872559549578,0.10985872559549578,0.10985872559549578,0.1078120511055464,0.1078120511055464,0.0,0.0061862170695485275,0.10162583403599787,1,0,0.011245064000578496,0.0,0.837682737545012,1.006332831605643,0.16758878252192494,0.0,0.011302777168223673
1698,25.63,0.008658008658008613,1.0,0.2078120511055464,0.1387850459691462,0.1387850459691462,0.1387850459691462,0.1078120511055464,0.1387850459691462,0.030972994863599806,0.0,0.1078120511055464,0,0,0.001201602129602991,3.097299486359981e-05,0.8386633533632506,1.006332831605643,0.16661433769866107,0.0,0.0012268568914982842
1699,25.19,-0.01716738197424884,1.0,0.2387850459691462,0.14183019139132835,0.14183019139132835,0.14183019139132835,0.1387850459691462,0.14183019139132835,0.0030451454221821495,0.030972994863599806,0.1078120511055464,0,0,-0.0024348530710957533,3.0451454221821494e-06,0.8366187774698275,1.006332831605643,0.16864604711845702,0.0020317094197959407,-0.006429810995900172
1700,25.03,-0.006351726875744348,1.0,0.24183019139132836,0.13548108600348163,0.13548108600348163,0.13548108600348163,0.14183019139132835,0.13548108600348163,-0.006349105387846721,0.0030451454221821495,0.1387850459691462,0,0,-0.0008605388551233457,6.3491053878467205e-06,0.8358935227241012,1.006332831605643,0.1693667378511335,0.0007206907326764711,-0.002241168401754779
1701,24.95,-0.0031961646024771012,1.0,0.23548108600348164,0.13322896175357463,0.13322896175357463,0.13322896175357463,0.13548108600348163,0.13322896175357463,-0.002252124249907006,0.0,0.13548108600348163,0,0,-0.00042582169158155076,2.252124249907006e-06,0.8355356985942,1.006332831605643,0.16972231020121803,0.00035557235008454313,-0.001071057174823314
1702,26.28,0.053306613226452984,1.0,0.23322896175357463,0.13211780078981478,0.13211780078981478,0.13211780078981478,0.13322896175357463,0.13211780078981478,-0.0011111609637598496,0.0,0.13322896175357463,0,0,0.007042752507032221,1.1111609637598498e-06,0.8414192413155371,1.006332831605643,0.16387579249201267,0.0,0.0071098833780891485
1703,25.76,-0.019786910197869084,1.0,0.23211780078981478,0.15038816109549175,0.15038816109549175,0.15038816109549175,0.13211780078981478,0.15038816109549175,0.01827036030567697,0.0,0.13211780078981478,0,0,-0.0029757170384191642,1.827036030567697e-05,0.8389000427099939,1.006332831605643,0.16637913783306033,0.0025033453410476525,-0.007933150323714302
1704,26.53,0.029891304347826067,1.0,0.2503881610954918,0.1425651911672057,0.1425651911672057,0.1425651911672057,0.15038816109549175,0.1425651911672057,-0.007822969928286044,0.01827036030567697,0.13211780078981478,0,0,0.004261459518584951,7.822969928286044e-06,0.8424684185923348,1.006332831605643,0.1628332176660243,0.0,0.0043230692781533195
1705,26.14,-0.014700339238597834,1.0,0.2425651911672057,0.15364620685822836,0.15364620685822836,0.15364620685822836,0.1425651911672057,0.15364620685822836,0.011081015691022655,0.0,0.1425651911672057,0,0,-0.002258651363539734,1.1081015691022655e-05,0.8405562407441765,1.006332831605643,0.1647333622187041,0.001900144552679811,-0.005997538562450106
1706,26.05,-0.0034429992348890535,1.0,0.25364620685822836,0.14770823382094048,0.14770823382094048,0.14770823382094048,0.15364620685822836,0.14770823382094048,-0.00593797303728788,0.011081015691022655,0.1425651911672057,0,0,-0.0005085593360323115,5.93797303728788e-06,0.8401237768201919,1.006332831605643,0.1651631046561982,0.00042974243749410723,-0.0013014168636869944
1707,25.99,-0.002303262955854214,1.0,0.24770823382094048,0.14636531323449048,0.14636531323449048,0.14636531323449048,0.14770823382094048,0.14636531323449048,-0.0013429205864499971,0.0,0.14770823382094048,0,0,-0.0003371178039950004,1.342920586449997e-06,0.8398394279179513,1.006332831605643,0.16544566415670356,0.00028255950050534717,-0.0008292856808956138
1708,25.61,-0.014621008080030744,1.0,0.24636531323449049,0.14548227973537986,0.14548227973537986,0.14548227973537986,0.14636531323449048,0.14548227973537986,-0.0008830334991106192,0.0,0.14636531323449048,0,0,-0.002127097587512282,8.830334991106192e-07,0.8380522658905806,1.006332831605643,0.16722157961055914,0.001775915453855581,-0.005605662733861084
1709,27.48,0.0730183522061695,1.0,0.24548227973537987,0.13993257507944432,0.13993257507944432,0.13993257507944432,0.14548227973537986,0.13993257507944432,-0.0055497046559355445,0.0,0.14548227973537986,0,0,0.010217646052267123,5.5497046559355445e-06,0.8466105363741891,1.006332831605643,0.15871716614533063,0.0,0.01028153236498987
1710,27.69,0.0076419213973799435,1.0,0.23993257507944432,0.16650884263446813,0.16650884263446813,0.16650884263446813,0.13993257507944432,0.16650884263446813,0.02657626755502382,0.0,0.13993257507944432,0,0,0.0012724474873813119,2.657626755502382e-05,0.8476653040758594,1.006332831605643,0.15766903607489727,0.0,0.001315853274824175
1711,28.6,0.03286384976525822,1.0,0.26650884263446817,0.1697842575632211,0.1697842575632211,0.1697842575632211,0.16650884263446813,0.1697842575632211,0.0032754149287529677,0.02657626755502382,0.13993257507944432,0,0,0.0055797643330636046,3.2754149287529678e-06,0.8523923002503256,1.006332831605643,0.15297178678916726,0.0,0.00565942574873863
1712,30.22,0.056643356643356554,1.0,0.2697842575632211,0.18446315862445328,0.18446315862445328,0.18446315862445328,0.1697842575632211,0.18446315862445328,0.01467890106123218,0.0032754149287529677,0.16650884263446813,0,0,0.01044861248152496,1.467890106123218e-05,0.8612861048956363,1.006332831605643,0.1441339506717465,0.0,0.010516856030973958
1713,32.31,0.06915949702183996,1.0,0.28446315862445326,0.21208138987594388,0.21208138987594388,0.21208138987594388,0.18446315862445328,0.21208138987594388,0.0276182312514906,0.01467890106123218,0.1697842575632211,0,0,0.01466744225151302,2.7618231251490598e-05,0.8738951819024048,1.006332831605643,0.13160422232466454,0.0,0.014726276629002322
1714,34.28,0.06097183534509436,1.0,0.3120813898759439,0.2512367986154981,0.2512367986154981,0.2512367986154981,0.21208138987594388,0.2512367986154981,0.0391554087395542,0.0276182312514906,0.18446315862445328,0,0,0.015318368717812779,3.91554087395542e-05,0.8872476127964629,1.006332831605643,0.11833581800086461,0.0,0.015372505726485608
1715,32.67,-0.04696616102683779,1.0,0.35123679861549806,0.292700560205401,0.292700560205401,0.292700560205401,0.2512367986154981,0.292700560205401,0.04146376158990289,0.0391554087395542,0.21208138987594388,0,0,-0.013747021643252491,4.146376158990289e-05,0.8750138120369376,1.006332831605643,0.130492631706332,0.012156813705467381,-0.0379986285312156
1716,32.64,-0.0009182736455464076,1.0,0.392700560205401,0.25471053868651294,0.25471053868651294,0.25471053868651294,0.292700560205401,0.25471053868651294,-0.03799002151888803,0.04146376158990289,0.2512367986154981,0,0,-0.00023389397491875352,3.799002151888803e-05,0.8747759097847828,1.006332831605643,0.13072903684455572,0.0002364051382237331,-0.0006497894355434282
1717,34.72,0.06372549019607837,1.0,0.3547105386865129,0.25397176705420843,0.25397176705420843,0.25397176705420843,0.25471053868651294,0.25397176705420843,-0.0007387716323045135,0.0,0.25471053868651294,0,0,0.01618447535149366,7.387716323045135e-07,0.8889330526751483,1.006332831605643,0.11666098456032563,0.0,0.01629704925920135
1718,33.97,-0.021601382488479263,1.0,0.3539717670542084,0.29793443009322396,0.29793443009322396,0.29793443009322396,0.25397176705420843,0.29793443009322396,0.043962663039015526,0.0,0.25397176705420843,0,0,-0.006435795580930817,4.396266303901553e-05,0.8831729813987393,1.006332831605643,0.12238480782784097,0.005723823267515346,-0.017823884407245083
1719,35.32,0.03974094789520169,1.0,0.39793443009322393,0.28004747200844704,0.28004747200844704,0.28004747200844704,0.29793443009322396,0.28004747200844704,-0.017886958084776916,0.043962663039015526,0.25397176705420843,0,0,0.011129351993270647,1.7886958084776917e-05,0.8929863271015724,1.006332831605643,0.11263321730567195,0.0,0.011223494087401559
1720,36.26,0.02661381653454127,1.0,0.380047472008447,0.31052118483980173,0.31052118483980173,0.31052118483980173,0.28004747200844704,0.31052118483980173,0.030473712831354693,0.0,0.28004747200844704,0,0,0.008264153843414862,3.0473712831354695e-05,0.9003388908799115,1.006332831605643,0.10532692305846178,0.0,0.008346901941331123
1721,36.02,-0.006618863761720764,1.0,0.4105211848398017,0.3333533726634676,0.3333533726634676,0.3333533726634676,0.31052118483980173,0.3333533726634676,0.02283218782366586,0.030473712831354693,0.28004747200844704,0,0,-0.0022064205581696227,2.2832187823665862e-05,0.8983318079350929,1.006332831605643,0.10732137547199992,0.001994452413538142,-0.00609623632602299
1722,39.38,0.09328151027207104,1.0,0.43335337266346763,0.3271207058805107,0.3271207058805107,0.3271207058805107,0.3333533726634676,0.3271207058805107,-0.006232666782956919,0.02283218782366586,0.31052118483980173,0,0,0.03051431348579999,6.23266678295692e-06,0.9257381873338704,1.006332831605643,0.08008746384949081,0.0,0.030637032135424402
1723,43.35,0.10081259522600301,1.0,0.42712070588051065,0.47445337139383903,0.42712070588051065,0.42712070588051065,0.3271207058805107,0.3271207058805107,0.0,0.0,0.3271207058805107,1,0,0.0329778873119763,0.0,0.95626707695616,1.006332831605643,0.04975069189544496,0.0,0.03310995496177515
1724,42.89,-0.010611303344867378,1.0,0.42712070588051065,0.6512465342916484,0.42712070588051065,0.42712070588051065,0.3271207058805107,0.42712070588051065,0.09999999999999998,0.0,0.3271207058805107,0,0,-0.004532307374971978,9.999999999999998e-05,0.9518373539231331,1.006332831605643,0.0541525387734397,0.00440184687799474,-0.013339187965868273
1725,44.53,0.038237351363954314,1.0,0.5271207058805106,0.6292373143179192,0.5271207058805106,0.5271207058805106,0.42712070588051065,0.5271207058805106,0.09999999999999998,0.09999999999999998,0.3271207058805107,0,0,0.020155699641968703,9.999999999999998e-05,0.9709271180014217,1.006332831605643,0.035182906183961124,0.0,0.020155258322356227
1726,44.13,-0.008982708286548362,1.0,0.6271207058805106,0.7240854777414704,0.6271207058805106,0.6271207058805106,0.5271207058805106,0.6271207058805106,0.09999999999999998,0.09999999999999998,0.42712070588051065,0,0,-0.005633242361378921,9.999999999999998e-05,0.9653605575186844,1.006332831605643,0.04071443641720973,0.005531530233248608,-0.016705998632194272
1727,48.58,0.10083843190573295,1.0,0.7271207058805106,0.6964278236057425,0.6964278236057425,0.6964278236057425,0.6271207058805106,0.6271207058805106,0.0,0.09999999999999998,0.5271207058805106,1,0,0.06323786859660706,0.0,1.0264079016033985,1.0264079016033985,0.0,0.0,0.06337817279228893
1728,47.58,-0.02058460271716756,0.04573864862322807,0.6316945707428334,0.8,0.6316945707428334,0.6316945707428334,0.6271207058805106,0.6316945707428334,0.004573864862322807,0.0,0.6271207058805106,0,0,-0.013003181777332923,4.573864862322808e-06,1.0130566384301232,1.0264079016033985,0.013007755642195145,0.013007755642195145,-0.038885959934994586
1729,44.96,-0.05506515342580911,1.0,0.7316945707428334,0.8,0.7316945707428334,0.7316945707428334,0.6316945707428334,0.7316945707428334,0.09999999999999998,0.004573864862322807,0.6271207058805106,0,0,-0.04029087379878566,9.999999999999998e-05,0.97213839559627,1.0264079016033985,0.052873234824431466,0.03986547918223632,-0.12005404158772533
1730,45.5,0.01201067615658361,-1.0,0.6316945707428334,0.6356338240247332,0.6316945707428334,0.6316945707428334,0.7316945707428334,0.6316945707428334,-0.09999999999999998,0.09999999999999998,0.6316945707428334,0,0,0.007587078919064268,9.999999999999998e-05,0.9794168724843517,1.0264079016033985,0.045782021987204026,0.0,0.007576672843086385
1731,47.67,0.04769230769230773,-1.0,0.5316945707428334,0.6710898891123573,0.5316945707428334,0.5316945707428334,0.6316945707428334,0.5316945707428334,-0.09999999999999998,0.0,0.6316945707428334,0,0,0.02535774106619669,9.999999999999998e-05,1.0041547302454257,1.0264079016033985,0.02168063137784704,0.0,0.025357138338707945
1732,45.15,-0.05286343612334808,-0.12509919703006744,0.5191846510398267,0.7915968462826922,0.5191846510398267,0.5191846510398267,0.5316945707428334,0.5191846510398267,-0.012509919703006744,0.0,0.5316945707428334,0,0,-0.027445884636466644,1.2509919703006745e-05,0.9765822534669026,1.0264079016033985,0.04854371060341693,0.02686307922556989,-0.08104102879766223
1733,45.39,0.005315614617940244,-1.0,0.4191846510398267,0.6572814486956513,0.4191846510398267,0.4191846510398267,0.5191846510398267,0.4191846510398267,-0.09999999999999998,0.0,0.5191846510398267,0,0,0.002228224058683483,9.999999999999998e-05,0.9786606393140143,1.0264079016033985,0.04651879843753738,0.0,0.00222430538630695
1734,48.61,0.07094073584489974,-0.5881534218788147,0.36036930885194524,0.667406005415655,0.36036930885194524,0.36036930885194524,0.4191846510398267,0.36036930885194524,-0.05881534218788148,0.0,0.4191846510398267,0,0,0.025564863945874938,5.881534218788148e-05,1.003622405146873,1.0264079016033985,0.022199260567783277,0.0,0.025614942894646824
1735,53.5,0.1005965850648015,1.0,0.46036930885194527,0.789003699645675,0.46036930885194527,0.46036930885194527,0.36036930885194524,0.36036930885194524,0.0,0.0,0.36036930885194524,1,0,0.036251921832668434,0.0,1.040005646127772,1.040005646127772,0.0,0.0,0.03639022379472215
1736,55.29,0.03345794392523363,1.0,0.46036930885194527,0.8,0.46036930885194527,0.46036930885194527,0.36036930885194524,0.46036930885194527,0.10000000000000003,0.0,0.36036930885194524,0,0,0.015403010520466947,0.00010000000000000003,1.0559208634718105,1.0559208634718105,0.0,0.0,0.015402068165458424
1737,53.55,-0.03147042864894198,1.0,0.5603693088519452,0.8,0.5603693088519452,0.5603693088519452,0.46036930885194527,0.5603693088519452,0.09999999999999998,0.10000000000000003,0.36036930885194524,0,0,-0.017635062351282073,9.999999999999998e-05,1.0371940411201184,1.0559208634718105,0.01773506235128201,0.01773506235128201,-0.053107373725916854
1738,53.91,0.006722689075630242,1.0,0.6603693088519452,0.8,0.6603693088519452,0.6603693088519452,0.5603693088519452,0.6603693088519452,0.09999999999999998,0.09999999999999998,0.46036930885194527,0,0,0.0044394575385004655,9.999999999999998e-05,1.041694900620745,1.0559208634718105,0.013472565362797439,0.0,0.004424026549367475
1739,52.8,-0.02058987200890372,-1.0,0.5603693088519452,0.8,0.5603693088519452,0.5603693088519452,0.6603693088519452,0.5603693088519452,-0.09999999999999998,0.09999999999999998,0.5603693088519452,0,0,-0.01153793234697939,9.999999999999998e-05,1.0295717258411272,1.0559208634718105,0.024953704905544452,0.011481139542747014,-0.034502398104544175
1740,55.5,0.051136363636363695,-1.0,0.46036930885194527,0.7752314783638947,0.46036930885194527,0.46036930885194527,0.5603693088519452,0.46036930885194527,-0.09999999999999998,0.0,0.5603693088519452,0,0,0.0235416123844745,9.999999999999998e-05,1.0537065471603093,1.0559208634718105,0.002097047599022336,0.0,0.023540670029465978
1741,51.07,-0.07981981981981981,-0.14807428419589996,0.4455618804323553,0.8,0.4455618804323553,0.4455618804323553,0.46036930885194527,0.4455618804323553,-0.014807428419589985,0.0,0.46036930885194527,0,0,-0.03556466901469069,1.4807428419589986e-05,1.0162162198876679,1.0559208634718105,0.03760191218648327,0.03550486458746093,-0.10644838743755917
1742,48.46,-0.05110632465243782,1.0,0.5455618804323553,0.711990447344596,0.5455618804323553,0.5455618804323553,0.4455618804323553,0.5455618804323553,0.10000000000000003,0.0,0.4455618804323553,0,0,-0.027881662579370414,0.00010000000000000003,0.9877808005150879,1.0559208634718105,0.06453141074671237,0.026929498560229102,-0.08174190523079773
1743,53.34,0.10070160957490719,-1.0,0.44556188043235534,0.5716786984361337,0.44556188043235534,0.44556188043235534,0.5455618804323553,0.44556188043235534,-0.09999999999999998,0.10000000000000003,0.4455618804323553,1,0,0.04486879852476053,9.999999999999998e-05,1.0320025601599745,1.0559208634718105,0.022651605948189994,0.0,0.04486702041944329
1744,58.71,0.10067491563554551,-1.0,0.34556188043235536,0.7867419734600521,0.34556188043235536,0.34556188043235536,0.44556188043235534,0.34556188043235536,-0.09999999999999998,0.0,0.44556188043235534,1,0,0.03478941315938784,9.999999999999998e-05,1.0678021233509098,1.0678021233509098,0.0,0.0,0.03477510247972248
1745,61.57,0.04871401805484584,1.0,0.44556188043235534,0.8,0.44556188043235534,0.44556188043235534,0.34556188043235536,0.44556188043235534,0.09999999999999998,0.0,0.34556188043235536,0,0,0.021705109487932823,9.999999999999998e-05,1.0908721051373533,1.0908721051373533,0.0,0.0,0.021703331382615584
1746,59.57,-0.0324833522819555,-0.9178455471992493,0.3537773257124304,0.8,0.3537773257124304,0.3537773257124304,0.44556188043235534,0.3537773257124304,-0.09178455471992492,0.09999999999999998,0.34556188043235536,0,0,-0.011491873500484992,9.178455471992492e-05,1.0782358156894807,1.0908721051373533,0.011583658055204919,0.011583658055204919,-0.0346596950852602
1747,59.4,-0.0028537854624811434,1.0,0.45377732571243046,0.8,0.45377732571243046,0.45377732571243046,0.3537773257124304,0.45377732571243046,0.10000000000000003,0.0,0.3537773257124304,0,0,-0.0012949831353217048,0.00010000000000000003,1.076731694910694,1.0908721051373533,0.01296248218289431,0.001378824127689391,-0.004053913312071463
1748,60.79,0.02340067340067341,0.6488732099533081,0.5186646467077612,0.8,0.5186646467077612,0.5186646467077612,0.45377732571243046,0.5186646467077612,0.06488732099533079,0.10000000000000003,0.3537773257124304,0,0,0.01213710200208398,6.488732099533078e-05,1.0897302310855883,1.0908721051373533,0.0010467533695173632,0.0,0.012189561999168949
1749,64.03,0.05329823984207932,-1.0,0.41866464670776127,0.8,0.41866464670776127,0.41866464670776127,0.5186646467077612,0.41866464670776127,-0.09999999999999998,0.06488732099533079,0.45377732571243046,0,0,0.022314088753629665,9.999999999999998e-05,1.113937595156437,1.113937595156437,0.0,0.0,0.022310119489812562
1750,65.77,0.027174761830391924,1.0,0.5186646467077612,0.8,0.5186646467077612,0.5186646467077612,0.41866464670776127,0.5186646467077612,0.09999999999999998,0.0,0.41866464670776127,0,0,0.014094588244127782,9.999999999999998e-05,1.1295266931303052,1.1295266931303052,0.0,0.0,0.014094379222705747
1751,70.17,0.06689980234149318,-1.0,0.41866464670776127,0.8,0.41866464670776127,0.41866464670776127,0.5186646467077612,0.41866464670776127,-0.09999999999999998,0.09999999999999998,0.41866464670776127,0,0,0.0280085821121203,9.999999999999998e-05,1.161050181593364,1.161050181593364,0.0,0.0,0.028004612848303197
1752,70.54,0.0052729086504204725,1.0,0.5186646467077612,0.8,0.5186646467077612,0.5186646467077612,0.41866464670776127,0.5186646467077612,0.09999999999999998,0.0,0.41866464670776127,0,0,0.0027348713022926326,9.999999999999998e-05,1.164109399397366,1.164109399397366,0.0,0.0,0.0027346622808705973
1753,68.3,-0.031755032605613964,1.0,0.6186646467077612,0.8,0.6186646467077612,0.6186646467077612,0.5186646467077612,0.6186646467077612,0.09999999999999998,0.09999999999999998,0.41866464670776127,0,0,-0.0196457160281456,9.999999999999998e-05,1.1411232257711705,1.164109399397366,0.019745716028145475,0.019745716028145475,-0.05914559686346352
1754,68.13,-0.0024890190336749884,-1.0,0.5186646467077612,0.8,0.5186646467077612,0.5186646467077612,0.6186646467077612,0.5186646467077612,-0.09999999999999998,0.09999999999999998,0.5186646467077612,0,0,-0.0012909661777499313,9.999999999999998e-05,1.139535961959478,1.164109399397366,0.021109216582744717,0.0013635005545992417,-0.00401817630837045
1755,64.54,-0.05269338030236297,-1.0,0.41866464670776127,0.7944539204241232,0.41866464670776127,0.41866464670776127,0.5186646467077612,0.41866464670776127,-0.09999999999999998,0.0,0.5186646467077612,0,0,-0.022060855448126502,9.999999999999998e-05,1.1142828702285523,1.164109399397366,0.042802273733557765,0.021693057150813048,-0.0654509390135697
1756,66.25,0.02649519677719234,-1.0,0.3186646467077613,0.6859886288671386,0.3186646467077613,0.3186646467077613,0.41866464670776127,0.3186646467077613,-0.09999999999999998,0.0,0.41866464670776127,0,0,0.008443082520456613,9.999999999999998e-05,1.1235794241660004,1.164109399397366,0.03481629411492336,0.0,0.00842335301424444
1757,65.68,-0.008603773584905557,-0.43592575192451477,0.2750720715153098,0.7259185254592343,0.2750720715153098,0.2750720715153098,0.3186646467077613,0.2750720715153098,-0.043592575192451466,0.0,0.3186646467077613,0,0,-0.002366657822848675,4.359257519245147e-05,1.1208713164116735,1.164109399397366,0.0371426285262157,0.00232633441129234,-0.00696507105202948
1758,68.12,0.03714981729598047,1.0,0.37507207151530986,0.7142868652961225,0.37507207151530986,0.37507207151530986,0.2750720715153098,0.37507207151530986,0.10000000000000003,0.0,0.2750720715153098,0,0,0.013933858929618683,0.00010000000000000003,1.1363772920811686,1.164109399397366,0.023822595479903917,0.0,0.013924494737229398
1759,66.08,-0.029947152084556755,-1.0,0.2750720715153099,0.7808870185171376,0.2750720715153099,0.2750720715153099,0.37507207151530986,0.2750720715153099,-0.09999999999999998,0.10000000000000003,0.2750720715153098,0,0,-0.008237625159883057,9.999999999999998e-05,1.1269026041795929,1.164109399397366,0.03196159676833997,0.008139001288436053,-0.02454598328056261
1760,63.15,-0.04434019370460048,1.0,0.37507207151530986,0.7401920124903372,0.37507207151530986,0.37507207151530986,0.2750720715153099,0.37507207151530986,0.09999999999999998,0.0,0.2750720715153099,0,0,-0.016630768304174603,9.999999999999998e-05,1.1080486578076931,1.164109399397366,0.04815762300235202,0.016196026234012048,-0.049032184964587985
1761,59.39,-0.05954077593032459,-1.0,0.2750720715153099,0.659211894128266,0.2750720715153099,0.2750720715153099,0.37507207151530986,0.2750720715153099,-0.09999999999999998,0.09999999999999998,0.2750720715153099,0,0,-0.01637800457478329,9.999999999999998e-05,1.0897902269552555,1.164109399397366,0.06384208604499182,0.015684463042639804,-0.047777286203870346
1762,63.05,0.061626536453948416,1.0,0.37507207151530986,0.5759869501000685,0.37507207151530986,0.37507207151530986,0.2750720715153099,0.37507207151530986,0.09999999999999998,0.0,0.2750720715153099,0,0,0.02311439268809619,9.999999999999998e-05,1.1148710871860532,1.164109399397366,0.04229698019516233,0.0,0.023105028495706902
1763,63.26,0.0033306899286280867,-1.0,0.2750720715153099,0.6885151021210408,0.2750720715153099,0.2750720715153099,0.37507207151530986,0.2750720715153099,-0.09999999999999998,0.09999999999999998,0.2750720715153099,0,0,0.0009161797782429074,9.999999999999998e-05,1.1157810224227622,1.164109399397366,0.04151532235683539,0.0,0.0008858242344354592
1764,59.68,-0.0565918431868479,1.0,0.37507207151530986,0.692423397305317,0.37507207151530986,0.37507207151530986,0.2750720715153099,0.37507207151530986,0.09999999999999998,0.0,0.2750720715153099,0,0,-0.02122601985496062,9.999999999999998e-05,1.0919858541847862,1.164109399397366,0.06195598562292898,0.02044066326609359,-0.062116710579537084
1765,61.73,0.03434986595174258,-1.0,0.2750720715153099,0.5877750957387762,0.2750720715153099,0.2750720715153099,0.37507207151530986,0.2750720715153099,-0.09999999999999998,0.09999999999999998,0.2750720715153099,0,0,0.009448688783619043,9.999999999999998e-05,1.1021944900916743,1.164109399397366,0.05318650406718102,0.0,0.009418333239811595
1766,67.67,0.09622549813704852,-1.0,0.17507207151530987,0.6340674884658811,0.17507207151530987,0.17507207151530987,0.2750720715153099,0.17507207151530987,-0.1,0.0,0.2750720715153099,0,0,0.016846397291445676,0.0001,1.1206522769151919,1.164109399397366,0.0373307891033874,0.0,0.016783050396220064
1767,65.13,-0.03753509679326151,1.0,0.2750720715153099,0.713346061857721,0.2750720715153099,0.2750720715153099,0.17507207151530987,0.2750720715153099,0.1,0.0,0.17507207151530987,0,0,-0.010324856829450108,0.0001,1.1089696373727538,1.164109399397366,0.04736647780110424,0.010035688697716844,-0.030426589768691246
1768,63.66,-0.022570244127130337,1.0,0.37507207151530986,0.6631676122580403,0.37507207151530986,0.37507207151530986,0.2750720715153099,0.37507207151530986,0.09999999999999998,0.1,0.17507207151530987,0,0,-0.008465468219369032,9.999999999999998e-05,1.0994707931875922,1.164109399397366,0.0555262299602045,0.00815975215910026,-0.024794336729958837
1769,66.92,0.051209550738297284,-1.0,0.2750720715153099,0.6223688475832048,0.2750720715153099,0.2750720715153099,0.37507207151530986,0.2750720715153099,-0.09999999999999998,0.09999999999999998,0.2750720715153099,0,0,0.0140863172029518,9.999999999999998e-05,1.1148483404564948,1.164109399397366,0.042316520222560224,0.0,0.014055961659144352
1770,72.43,0.08233711894799768,1.0,0.37507207151530986,0.6884174063829661,0.37507207151530986,0.37507207151530986,0.2750720715153099,0.37507207151530986,0.09999999999999998,0.0,0.2750720715153099,0,0,0.03088235376642796,9.999999999999998e-05,1.1491659964683418,1.164109399397366,0.01283676855178727,0.0,0.030872989574038674
1771,73.66,0.01698191357172428,-1.0,0.2750720715153099,0.8,0.2750720715153099,0.2750720715153099,0.37507207151530986,0.2750720715153099,-0.09999999999999998,0.09999999999999998,0.2750720715153099,0,0,0.004671250144468153,9.999999999999998e-05,1.1544191216957156,1.164109399397366,0.008324198487416015,0.0,0.004640894600660705
1772,80.47,0.09245180559326639,1.0,0.37507207151530986,0.8,0.37507207151530986,0.37507207151530986,0.2750720715153099,0.37507207151530986,0.09999999999999998,0.0,0.2750720715153099,0,0,0.034676090239197134,9.999999999999998e-05,1.1943344214213214,1.1943344214213214,0.0,0.0,0.034666726046807844
1773,77.64,-0.035168385733813826,-1.0,0.2750720715153099,0.8,0.2750720715153099,0.2750720715153099,0.37507207151530986,0.2750720715153099,-0.09999999999999998,0.09999999999999998,0.2750720715153099,0,0,-0.00967384071564964,9.999999999999998e-05,1.182661187025132,1.1943344214213214,0.009773840715649493,0.009773840715649493,-0.029251877690756076
1774,71.67,-0.07689335394126737,1.0,0.37507207151530986,0.8,0.37507207151530986,0.37507207151530986,0.2750720715153099,0.37507207151530986,0.09999999999999998,0.0,0.2750720715153099,0,0,-0.028840549548511066,9.999999999999998e-05,1.1484343223429303,1.1943344214213214,0.03843152994265002,0.028657689227000526,-0.08616529219490139
1775,74.56,0.040323705874145396,1.0,0.47507207151530984,0.7078423552238139,0.47507207151530984,0.47507207151530984,0.37507207151530986,0.47507207151530984,0.09999999999999998,0.09999999999999998,0.2750720715153099,0,0,0.019156666480804323,9.999999999999998e-05,1.170319652198928,1.1943344214213214,0.020107240310309794,0.0,0.019156293639833198
1776,73.16,-0.018776824034334838,-1.0,0.37507207151530986,0.7994638025760785,0.37507207151530986,0.37507207151530986,0.47507207151530984,0.37507207151530986,-0.09999999999999998,0.09999999999999998,0.37507207151530986,0,0,-0.007042662287036425,9.999999999999998e-05,1.1619604541553892,1.1943344214213214,0.027106283370285422,0.0069990430599756286,-0.021050112599376967
1777,74.91,0.023920174958993987,-1.0,0.2750720715153099,0.7644685838380398,0.2750720715153099,0.2750720715153099,0.37507207151530986,0.2750720715153099,-0.09999999999999998,0.0,0.37507207151530986,0,0,0.006579772076979119,9.999999999999998e-05,1.1694896930607792,1.1943344214213214,0.020802153831399786,0.0,0.006549416533171671
1778,75.89,0.013082365505273048,0.9328092932701111,0.368353000842321,0.7959892336280157,0.368353000842321,0.368353000842321,0.2750720715153099,0.368353000842321,0.0932809293270111,0.0,0.2750720715153099,0,0,0.004818928591983394,9.32809293270111e-05,1.1750162892952924,1.1943344214213214,0.016174809818375116,0.0,0.004818608638560543
1779,72.37,-0.04638292265120564,-1.0,0.26835300084232094,0.8,0.26835300084232094,0.26835300084232094,0.368353000842321,0.26835300084232094,-0.10000000000000003,0.0932809293270111,0.2750720715153099,0,0,-0.012446996481288294,0.00010000000000000003,1.160273364048048,1.1943344214213214,0.028518861017786706,0.01234405119941159,-0.037167295079442726
1780,71.17,-0.016581456404587573,1.0,0.3683530008423209,0.7574056942026535,0.3683530008423209,0.3683530008423209,0.26835300084232094,0.3683530008423209,0.09999999999999998,0.0,0.26835300084232094,0,0,-0.006107829224965954,9.999999999999998e-05,1.153070585149761,1.1943344214213214,0.03454965002386378,0.0060307890060770745,-0.01817980579655244
1781,67.7,-0.04875649852465925,-1.0,0.26835300084232094,0.7272517509776659,0.26835300084232094,0.26835300084232094,0.3683530008423209,0.26835300084232094,-0.09999999999999998,0.09999999999999998,0.26835300084232094,0,0,-0.013083952689656503,9.999999999999998e-05,1.137868557107312,1.1943344214213214,0.04727810176216146,0.012728451738297682,-0.03857305236558312
1782,68.27,0.008419497784342587,1.0,0.3683530008423209,0.6636094875667814,0.3683530008423209,0.3683530008423209,0.26835300084232094,0.3683530008423209,0.09999999999999998,0.0,0.26835300084232094,0,0,0.003101347274447864,9.999999999999998e-05,1.141283695799866,1.1943344214213214,0.04441865248957844,0.0,0.003090948715015531
1783,67.66,-0.0089351105903032,-1.0,0.26835300084232094,0.677906741949988,0.26835300084232094,0.26835300084232094,0.3683530008423209,0.26835300084232094,-0.09999999999999998,0.09999999999999998,0.26835300084232094,0,0,-0.0023977637397658656,9.999999999999998e-05,1.138433038767711,1.1943344214213214,0.04680546892978661,0.0023868164402081685,-0.007203592819513456
1784,63.94,-0.054980786284362974,0.3185000419616699,0.30020300503848796,0.6659726627204546,0.30020300503848796,0.30020300503848796,0.26835300084232094,0.30020300503848796,0.031850004196167014,0.0,0.26835300084232094,0,0,-0.016505397261944648,3.1850004196167016e-05,1.1196064901096654,1.1943344214213214,0.06256868258282784,0.01576321365304123,-0.04795355087783876
1785,64.61,0.01047857366280891,0.4620339870452881,0.3464064037430168,0.583945753425761,0.3464064037430168,0.3464064037430168,0.30020300503848796,0.3464064037430168,0.04620339870452883,0.031850004196167014,0.26835300084232094,0,0,0.0036298450188899257,4.620339870452883e-05,1.123618758525852,1.1943344214213214,0.05920926469766658,0.0,0.0036963853251464405
1786,64.39,-0.0034050456585667677,-1.0,0.24640640374301678,0.6039536759306328,0.24640640374301678,0.24640640374301678,0.3464064037430168,0.24640640374301678,-0.1,0.04620339870452883,0.30020300503848796,0,0,-0.0008390250553082095,0.0001,1.122563652358982,1.1943344214213214,0.06009269076991723,0.0008834260722506496,-0.0026444630270470388
1787,64.73,0.0052803230315266875,0.3030702769756317,0.27671343144057997,0.599420679174378,0.27671343144057997,0.27671343144057997,0.24640640374301678,0.27671343144057997,0.030307027697563188,0.0,0.24640640374301678,0,0,0.0014611363051684754,3.030702769756319e-05,1.1241698492986019,1.1943344214213214,0.0587478438737619,0.0,0.0015357616286027062
1788,65.61,0.013594932797775303,-1.0,0.17671343144057997,0.6062607854653155,0.17671343144057997,0.17671343144057997,0.27671343144057997,0.17671343144057997,-0.1,0.030307027697563188,0.24640640374301678,0,0,0.002402407224898958,0.0001,1.1267581460816405,1.1943344214213214,0.05658069810904517,0.0,0.0023396987016524036
1789,60.34,-0.08032312147538478,1.0,0.27671343144057997,0.6170965187297294,0.27671343144057997,0.27671343144057997,0.17671343144057997,0.27671343144057997,0.1,0.0,0.17671343144057997,0,0,-0.022226486567472264,0.0001,1.1016015954683587,1.1943344214213214,0.07764393648020773,0.021063238371162564,-0.06438287744481681
1790,55.61,-0.07838912827311906,0.8676500916481018,0.36347844060539014,0.4897253852365167,0.36347844060539014,0.36347844060539014,0.27671343144057997,0.36347844060539014,0.08676500916481017,0.1,0.17671343144057997,0,0,-0.028492758105129214,8.676500916481017e-05,1.0701183472079276,1.1943344214213214,0.1040044329171808,0.026360496436973066,-0.08120508137453028
1791,56.28,0.012048192771084367,-1.0,0.26347844060539016,0.33748613987133647,0.26347844060539016,0.26347844060539016,0.36347844060539014,0.26347844060539016,-0.09999999999999998,0.08676500916481017,0.27671343144057997,0,0,0.0031744390434384436,9.999999999999998e-05,1.0734083608356837,1.1943344214213214,0.10124974916299345,0.0,0.003140873574603369
1792,58.6,0.0412224591329069,-1.0,0.16347844060539016,0.3460945406929147,0.16347844060539016,0.16347844060539016,0.26347844060539016,0.16347844060539016,-0.1,0.0,0.26347844060539016,0,0,0.006738983336967043,0.0001,1.080534701057033,1.1943344214213214,0.09528296122359156,0.0,0.006671035281004615
1793,59.94,0.022866894197952153,-1.0,0.06347844060539015,0.3794814724530275,0.06347844060539015,0.06347844060539015,0.16347844060539016,0.06347844060539015,-0.1,0.0,0.16347844060539016,0,0,0.0014515547851744464,0.0001,1.0819951029027934,1.1943344214213214,0.09406018658060462,0.0,0.0013372241420846654
1794,60.39,0.007507507507507555,1.0,0.16347844060539016,0.38712381236787363,0.16347844060539016,0.16347844060539016,0.06347844060539015,0.16347844060539016,0.1,0.0,0.06347844060539015,0,0,0.0012273156201605946,0.0001,1.083214852883233,1.1943344214213214,0.09303890647801155,0.0,0.0011593675641981668
1795,59.48,-0.015068719986752835,1.0,0.26347844060539016,0.3935068178973561,0.26347844060539016,0.26347844060539016,0.16347844060539016,0.26347844060539016,0.1,0.1,0.06347844060539015,0,0,-0.003970282844028912,0.0001,1.0788058620511451,1.1943344214213214,0.09673049465717577,0.0036915881791642208,-0.011387024671192427
1796,60.63,0.019334229993275148,-0.9297642111778259,0.17050201948760757,0.370434418698924,0.17050201948760757,0.17050201948760757,0.26347844060539016,0.17050201948760757,-0.09297642111778259,0.1,0.16347844060539016,0,0,0.003296525259091286,9.29764211177826e-05,1.0822618693169181,1.1943344214213214,0.09383682668295783,0.0,0.003241919275917565
1797,61.35,0.011875309252845107,1.0,0.27050201948760755,0.38851981834105853,0.27050201948760755,0.27050201948760755,0.17050201948760757,0.27050201948760755,0.09999999999999998,0.0,0.17050201948760757,0,0,0.0032122951349344733,9.999999999999998e-05,1.0856301876675183,1.1943344214213214,0.09101657944718641,0.0,0.0031806935410989136
1798,61.07,-0.0045639771801141175,-1.0,0.17050201948760754,0.40614635535069155,0.17050201948760754,0.17050201948760754,0.27050201948760755,0.17050201948760754,-0.1,0.09999999999999998,0.17050201948760757,0,0,-0.0007781673261048134,0.0001,1.0846768227084758,1.1943344214213214,0.09181481898708678,0.0007982395399003667,-0.002439787757402594
1799,60.79,-0.004584902570820388,1.0,0.27050201948760755,0.40115740001698735,0.27050201948760755,0.27050201948760755,0.17050201948760754,0.27050201948760755,0.1,0.0,0.17050201948760754,0,0,-0.0012402254045608386,0.0001,1.0832231112749435,1.1943344214213214,0.09303199183872597,0.0012171728516391922,-0.0037061727016747827
1800,63.08,0.03767066951801282,-1.0,0.17050201948760754,0.3935500312648172,0.17050201948760754,0.17050201948760754,0.27050201948760755,0.17050201948760754,-0.1,0.1,0.17050201948760754,0,0,0.006422925228271445,0.0001,1.0900722500130706,1.1943344214213214,0.08729730093868789,0.0,0.0063577838767743975
1801,67.66,0.07260621433100822,1.0,0.27050201948760755,0.4293918874157404,0.27050201948760755,0.27050201948760755,0.17050201948760754,0.27050201948760755,0.1,0.0,0.17050201948760754,0,0,0.019640127603887798,0.0001,1.111372400875783,1.1943344214213214,0.0694629737346171,0.0,0.019608526010052234
1802,64.88,-0.04108779190067989,0.40513235330581665,0.3110152548181892,0.5408563915654901,0.3110152548181892,0.3110152548181892,0.27050201948760755,0.3110152548181892,0.040513235330581654,0.1,0.17050201948760754,0,0,-0.012778930067906686,4.051323533058166e-05,1.0971252253939732,1.1943344214213214,0.08139194038438927,0.011928966649772166,-0.03656906236079375
1803,61.97,-0.04485203452527738,0.6493885517120361,0.3759541099893928,0.466300387311344,0.3759541099893928,0.3759541099893928,0.3110152548181892,0.3759541099893928,0.06493885517120362,0.040513235330581654,0.27050201948760755,0,0,-0.016862306721164178,6.493885517120362e-05,1.078553917275737,1.1943344214213214,0.09694144459790369,0.01554950421351442,-0.04791795586064694
1804,61.42,-0.008875262223656562,-1.0,0.27595410998939285,0.3691159918962026,0.27595410998939285,0.27595410998939285,0.3759541099893928,0.27595410998939285,-0.09999999999999998,0.06493885517120362,0.3110152548181892,0,0,-0.0024491650878516263,9.999999999999998e-05,1.075804505284452,1.1943344214213214,0.09924348993962048,0.0023020453417167963,-0.007083373707783606
1805,58.81,-0.042494301530446095,0.3526613414287567,0.3112202441322685,0.35472817570584264,0.3112202441322685,0.3112202441322685,0.27595410998939285,0.3112202441322685,0.03526613414287566,0.0,0.27595410998939285,0,0,-0.013225086896535666,3.526613414287566e-05,1.0615389577523857,1.1943344214213214,0.11118783925770308,0.011944349318082595,-0.03703806741165046
1806,58.62,-0.0032307430709063905,-1.0,0.2112202441322685,0.3150380061943729,0.2112202441322685,0.2112202441322685,0.3112202441322685,0.2112202441322685,-0.1,0.03526613414287566,0.27595410998939285,0,0,-0.0006823983401654827,0.0001,1.0607084114338192,1.1943344214213214,0.11188324441698677,0.0006954051592836935,-0.0021232449071722855
1807,61.17,0.04350051177072679,-1.0,0.1112202441322685,0.3128648580987923,0.1112202441322685,0.1112202441322685,0.2112202441322685,0.1112202441322685,-0.1,0.0,0.2112202441322685,0,0,0.004838137539018852,0.0001,1.065734193775987,1.1943344214213214,0.10767522507832715,0.0,0.004747447719875309
1808,57.95,-0.05264018309628901,1.0,0.2112202441322685,0.3260149233046192,0.2112202441322685,0.2112202441322685,0.1112202441322685,0.2112202441322685,0.1,0.0,0.1112202441322685,0,0,-0.011118672324765478,0.0001,1.053778071070716,1.1943344214213214,0.1176859243354435,0.010010699257116354,-0.031190107087437604
1809,57.97,0.0003451251078515275,1.0,0.3112202441322685,0.2947314953438396,0.2947314953438396,0.2947314953438396,0.2112202441322685,0.2947314953438396,0.08351125121157107,0.1,0.1112202441322685,0,0,0.00010171923911778461,8.351125121157107e-05,1.0537972582490898,1.1943344214213214,0.11766985917142449,0.0,0.00010117126689816229
1810,60.29,0.04002070036225634,-1.0,0.19473149534383957,0.2947816936306107,0.19473149534383957,0.19473149534383957,0.2947314953438396,0.19473149534383957,-0.1,0.08351125121157107,0.2112202441322685,0,0,0.00779329082624992,0.0001,1.0619044270287048,1.1943344214213214,0.11088183679326422,0.0,0.0077373775102889146
1811,62.53,0.0371537568419307,1.0,0.2947314953438396,0.31599426493091176,0.2947314953438396,0.2947314953438396,0.19473149534383957,0.2947314953438396,0.1,0.0,0.19473149534383957,0,0,0.010950382311663646,0.0001,1.0734264960404145,1.1943344214213214,0.10123456480222687,0.0,0.010925101216261382
1812,64.81,0.036462498000959555,1.0,0.39473149534383956,0.3461419915780907,0.3461419915780907,0.3461419915780907,0.2947314953438396,0.3461419915780907,0.051410496234251146,0.1,0.19473149534383957,0,0,0.012621201675964292,5.141049623425115e-05,1.0869192429424317,1.1943344214213214,0.08993727096223178,0.0,0.012679882559559581
1813,66.39,0.02437895386514424,-1.0,0.24614199157809072,0.412892064456849,0.24614199157809072,0.24614199157809072,0.3461419915780907,0.24614199157809072,-0.1,0.051410496234251146,0.2947314953438396,0,0,0.006000684256956996,0.0001,1.093332810207846,1.1943344214213214,0.08456727814415516,0.0,0.005962017923893033
1814,63.51,-0.04338002711251698,1.0,0.3461419915780907,0.4464545086064578,0.3461419915780907,0.3461419915780907,0.24614199157809072,0.3461419915780907,0.1,0.0,0.24614199157809072,0,0,-0.0150156489794382,0.0001,1.0768063752310415,1.1943344214213214,0.09840463783201968,0.013837359687864523,-0.04270457172722058
1815,64.91,0.022043772634230806,1.0,0.44614199157809076,0.3599710095733807,0.3599710095733807,0.3599710095733807,0.3461419915780907,0.3599710095733807,0.01382901799528996,0.1,0.24614199157809072,0,0,0.007935119089950125,1.3829017995289962e-05,1.085336070880577,1.1943344214213214,0.09126283944075775,0.0,0.008052610692061252
1816,63.9,-0.015560006162378648,-1.0,0.2599710095733807,0.40460725166392053,0.2599710095733807,0.2599710095733807,0.3599710095733807,0.2599710095733807,-0.09999999999999998,0.01382901799528996,0.3461419915780907,0,0,-0.004045150511001602,9.999999999999998e-05,1.080837189511758,1.1943344214213214,0.09502969174621609,0.0037668523054583403,-0.011613423471665416
1817,61.72,-0.03411580594679186,1.0,0.3599710095733807,0.38106444143306184,0.3599710095733807,0.3599710095733807,0.2599710095733807,0.3599710095733807,0.09999999999999998,0.0,0.2599710095733807,0,0,-0.01228070110907621,9.999999999999998e-05,1.0674556673208389,1.1943344214213214,0.10623385864529475,0.01120416689907866,-0.03470079977812947
1818,63.34,0.026247569669475123,-1.0,0.2599710095733807,0.33051919508749755,0.2599710095733807,0.2599710095733807,0.3599710095733807,0.2599710095733807,-0.09999999999999998,0.09999999999999998,0.2599710095733807,0,0,0.006823607185821094,9.999999999999998e-05,1.0746328199161828,1.1943344214213214,0.10022452619483861,0.0,0.006789038836073962
1819,63.72,0.005999368487527556,-0.1073884516954422,0.2492321644038365,0.34929836019874494,0.2492321644038365,0.2492321644038365,0.2599710095733807,0.2492321644038365,-0.010738845169544209,0.0,0.2599710095733807,0,0,0.0014952355932026638,1.073884516954421e-05,1.0762281088426782,1.1943344214213214,0.09888881243001474,0.0,0.0015913966210265966
1820,62.82,-0.014124293785310712,1.0,0.34923216440383653,0.35694490969788695,0.34923216440383653,0.34923216440383653,0.2492321644038365,0.34923216440383653,0.10000000000000003,0.0,0.2492321644038365,0,0,-0.004932657689319717,0.00010000000000000003,1.070811821175249,1.1943344214213214,0.10342379657707082,0.0045349841470560814,-0.014016264547582091
1821,61.0,-0.02897166507481694,-1.0,0.24923216440383653,0.33930063564343715,0.24923216440383653,0.24923216440383653,0.34923216440383653,0.24923216440383653,-0.1,0.10000000000000003,0.2492321644038365,0,0,-0.007220670792979665,0.0001,1.0629727603511943,1.1943344214213214,0.1099873358031495,0.006563539226078677,-0.02038547994955877
1822,61.15,0.0024590163934425997,0.06934453547000885,0.2561666179508374,0.3187895830724564,0.2561666179508374,0.2561666179508374,0.24923216440383653,0.2561666179508374,0.006934453547000868,0.0,0.24923216440383653,0,0,0.0006299179129938565,6.934453547000869e-06,1.0636349747987357,1.1943344214213214,0.10943287263465656,0.0,0.0007338434017524354
1823,60.6,-0.008994276369582947,0.07120953500270844,0.26328757145110826,0.32052226215637813,0.26328757145110826,0.26328757145110826,0.2561666179508374,0.26328757145110826,0.007120953500270866,0.006934453547000868,0.24923216440383653,0,0,-0.0023680811823075846,7.1209535002708654e-06,1.0611086267348737,1.1943344214213214,0.11154814957765508,0.002115276942998512,-0.006492936162852723
1824,59.1,-0.02475247524752475,0.12692901492118835,0.2759804729432271,0.3139120372016769,0.2759804729432271,0.2759804729432271,0.26328757145110826,0.2759804729432271,0.012692901492118824,0.007120953500270866,0.2561666179508374,0,0,-0.006831199825327402,1.2692901492118825e-05,1.0538465131219974,1.1943344214213214,0.11762861873488996,0.006080469157234883,-0.018891288341136993
1825,59.67,0.009644670050761426,-1.0,0.17598047294322708,0.2949105653918715,0.17598047294322708,0.17598047294322708,0.2759804729432271,0.17598047294322708,-0.1,0.012692901492118824,0.26328757145110826,0,0,0.0016972735969143736,0.0001,1.0555297943326074,1.1943344214213214,0.11621923022492237,0.0,0.001634280404565917
1826,60.46,0.013239483827719107,1.0,0.2759804729432271,0.2993149062624949,0.2759804729432271,0.2759804729432271,0.17598047294322708,0.2759804729432271,0.1,0.0,0.17598047294322708,0,0,0.0036538390082981255,0.0001,1.0592809772901275,1.1943344214213214,0.11307841565051198,0.0,0.003623728159196481
1827,63.0,0.0420112471055243,0.5456323027610779,0.3305437032193349,0.3091299518947942,0.3091299518947942,0.3091299518947942,0.2759804729432271,0.3091299518947942,0.03314947895156711,0.1,0.17598047294322708,0,0,0.012986934796771038,3.314947895156711e-05,1.0730026756611937,1.1943344214213214,0.1015894238531085,0.0,0.013065351753185479
1828,60.9,-0.033333333333333354,-1.0,0.2091299518947942,0.3450330425054456,0.2091299518947942,0.2091299518947942,0.3091299518947942,0.2091299518947942,-0.1,0.03314947895156711,0.2759804729432271,0,0,-0.006970998396493144,0.0001,1.0654154754621605,1.1943344214213214,0.10794208359643565,0.0063526597433271464,-0.019727081114078275
1829,59.67,-0.02019704433497532,1.0,0.3091299518947942,0.32518099378825455,0.3091299518947942,0.3091299518947942,0.2091299518947942,0.3091299518947942,0.1,0.0,0.2091299518947942,0,0,-0.006243511343687946,0.0001,1.0586570003078257,1.1943344214213214,0.11360086310836821,0.0056587795119325685,-0.017582929192711295
1830,61.56,0.031674208144796386,0.5223654508590698,0.36136649698070117,0.3074972968553849,0.3074972968553849,0.3074972968553849,0.3091299518947942,0.3074972968553849,-0.001632655039409292,0.1,0.2091299518947942,0,0,0.009739733384559704,1.6326550394092922e-06,1.0689663088148351,1.1943344214213214,0.10496901902675765,0.0,0.0098650500275698
1831,62.75,0.019330734243014906,-1.0,0.2074972968553849,0.3344718212263737,0.2074972968553849,0.2074972968553849,0.3074972968553849,0.2074972968553849,-0.1,0.0,0.3074972968553849,0,0,0.004011075101655418,0.0001,1.0731471163297492,1.1943344214213214,0.10146848564186305,0.0,0.0039597404028472736
1832,60.11,-0.042071713147410365,1.0,0.3074972968553849,0.34541097320621983,0.3074972968553849,0.3074972968553849,0.2074972968553849,0.3074972968553849,0.1,0.0,0.2074972968553849,0,0,-0.012936938066903846,0.0001,1.0591565638374818,1.1943344214213214,0.11318258534571143,0.011714099703848388,-0.03638737184903141
1833,59.26,-0.014140741973049433,-1.0,0.2074972968553849,0.3088044313719058,0.2074972968553849,0.2074972968553849,0.3074972968553849,0.2074972968553849,-0.1,0.1,0.2074972968553849,0,0,-0.0029341657349372394,0.0001,1.0559429072835522,1.1943344214213214,0.11587333635840114,0.0026907510126897016,-0.008367002459124787
