step,close,price_return,action_delta,raw_target,risk_cap,shielded_target,target_position,prev_position,position,executed_trade,locked_position,sellable_position,limit_up,limit_down,pnl,cost,equity,max_equity,drawdown,dd_increase,signal,desired_pos_raw,desired_pos,part_gap,part_pen,reward
1,14.17,-0.008397480755773214,1.0,0.1,0.8,0.1,0.1,0.0,0.1,0.1,0.0,0.0,0,0,-0.0,0.0001,0.9999,1.0,9.999999999998899e-05,9.999999999998899e-05,0.0,0.0,0.0,0.0,0.0,-0.00039600000000000003
2,13.47,-0.04940014114326036,1.0,0.2,0.8,0.2,0.2,0.1,0.2,0.1,0.1,0.0,0,0,-0.004940014114326036,0.0001,0.9948604898870854,1.0,0.00513951011291458,0.005039510112914591,0.0,0.0,0.0,0.0,0.0,-0.005294014114326036
3,14.78,0.09725315515961386,1.0,0.30000000000000004,0.8,0.30000000000000004,0.30000000000000004,0.2,0.30000000000000004,0.10000000000000003,0.1,0.1,0,0,0.019450631031922773,0.00010000000000000003,1.0141116681551283,1.0141116681551283,0.0,0.0,0.0,0.0,0.0,0.0,0.0,0.01912663103192277
4,14.44,-0.0230040595399188,1.0,0.4,0.8,0.4,0.4,0.30000000000000004,0.4,0.09999999999999998,0.10000000000000003,0.2,0,0,-0.006901217861975641,9.999999999999998e-05,1.0070116514300027,1.0141116681551283,0.0070012178619756555,0.0070012178619756555,0.14963265185447233,0.11970612148357787,0.034999999999999996,0.0,0.0,-0.00840427907681142
5,14.66,0.015235457063711957,1.0,0.5,0.8,0.5,0.5,0.4,0.5,0.09999999999999998,0.09999999999999998,0.30000000000000004,0,0,0.006094182825484783,9.999999999999998e-05,1.0130478633760676,1.0141116681551283,0.0010490016163565452,0.0,0.02064851611415025,0.016518812891320202,0.02853158451196207,0.0,0.0,0.005690940244914032
6,14.51,-0.010231923601637131,1.0,0.6,0.8,0.6,0.6,0.5,0.6,0.09999999999999998,0.09999999999999998,0.4,0,0,-0.005115961800818566,9.999999999999998e-05,1.0077638444182972,1.0141116681551283,0.006259491864815075,0.00521049024845853,0.06011938610801598,0.048095508886412786,0.03537895804301982,0.0,0.0,-0.005542200573034597
7,14.03,-0.033080634045485904,1.0,0.7,0.8,0.7,0.7,0.6,0.7,0.09999999999999998,0.09999999999999998,0.5,0,0,-0.01984838042729154,9.999999999999998e-05,0.9876605878689713,1.0141116681551283,0.0260830055671057,0.019823513702290622,0.05251419962927925,0.0420113597034234,0.03770029862416108,0.0,0.0,-0.03976689363224351
8,13.75,-0.0199572344975053,1.0,0.7999999999999999,0.7695849720396255,0.7695849720396255,0.7695849720396255,0.7,0.7695849720396255,0.06958497203962555,0.09999999999999998,0.6,0,0,-0.01397006414825371,6.958497203962555e-05,0.9737941797653483,1.0141116681551283,0.039756458441234155,0.013673452874128456,0.06746873133578983,0.05192292171860282,0.04267821670721569,0.0,0.0,-0.03652290886032363
9,14.12,0.02690909090909085,1.0,0.8695849720396255,0.7012177087391276,0.7012177087391276,0.7012177087391276,0.7695849720396255,0.7012177087391276,-0.06836726330049792,0.06958497203962555,0.7,0,0,0.020708831974884424,6.836726330049792e-05,0.993893744169141,1.0141116681551283,0.01993658550716388,0.0,0.0,0.0,0.027740840859690197,0.0,0.0,-0.0636567455000029
10,14.07,-0.0035410764872520492,1.0,0.8012177087391276,0.8,0.8,0.8,0.7012177087391276,0.8,0.09878229126087246,0.0,0.7012177087391276,0,0,-0.0024830655408608804,9.878229126087245e-05,0.9913276617603985,1.0141116681551283,0.022466960109214038,0.002530374602050158,0.0,0.0,0.018031546558798628,0.0,0.0,-0.0034404402210985673
11,14.88,0.05756929637526656,1.0,0.9,0.7876652028414711,0.7876652028414711,0.7876652028414711,0.8,0.7876652028414711,-0.01233479715852892,0.09878229126087246,0.7012177087391276,0,0,0.04605543710021325,1.233479715852892e-05,1.0369714627066806,1.0369714627066806,0.0,0.0,0.0,0.0,0.011720505263219109,0.0,0.0,-0.010067118827620071
12,14.53,-0.02352150537634418,1.0,0.8876652028414711,0.8,0.8,0.8,0.7876652028414711,0.8,0.01233479715852892,0.0,0.7876652028414711,0,0,-0.01852707130339489,1.233479715852892e-05,1.0177466276448766,1.0369714627066806,0.01853940610055344,0.01853940610055344,0.13011945061025793,0.10409556048820634,0.04405177459196463,0.0,0.0,-0.07887751371000966
13,14.58,0.0034411562284928227,1.0,0.9,0.8,0.8,0.8,0.8,0.8,0.0,0.01233479715852892,0.7876652028414711,0,0,0.002752924982794258,0.0,1.0205484077622746,1.0369714627066806,0.01583751871197968,0.0,0.12613050327533962,0.1009044026202717,0.0639501944018721,0.0,0.0,-0.04664655300410438
14,14.11,-0.032235939643347096,1.0,0.9,0.8,0.8,0.8,0.8,0.8,0.0,0.0,0.8,0,0,-0.025788751714677677,0.0,0.9942297382616837,1.0369714627066806,0.041217840588817535,0.025380321876837857,0.2002965475961918,0.16023723807695345,0.09765065968815057,0.0,0.0,-0.10565220927796862
15,13.96,-0.010630758327427256,1.0,0.9,0.6939107939627467,0.6939107939627467,0.6939107939627467,0.8,0.6939107939627467,-0.10608920603725336,0.0,0.8,0,0,-0.008504606661941805,0.00010608920603725336,0.9856687283626119,1.0369714627066806,0.04947362216715149,0.008255781578333954,0.0,0.0,0.06347292879729786,0.0,0.0,-0.11189917194534527
16,13.99,0.002148997134670441,1.0,0.7939107939627467,0.6526318952478057,0.6526318952478057,0.6526318952478057,0.6939107939627467,0.6526318952478057,-0.04127889871494095,0.0,0.6939107939627467,0,0,0.0014912123079428336,4.127889871494095e-05,0.987097882382296,1.0369714627066806,0.048095422215579255,0.0,0.0,0.0,0.041257403718243615,0.0,0.0,-0.06919796999101303
17,13.8,-0.013581129378127199,1.0,0.7526318952478057,0.6595228813623738,0.6595228813623738,0.6595228813623738,0.6526318952478057,0.6595228813623738,0.006890986114568065,0.0,0.6526318952478057,0,0,-0.008863478205652807,6.890986114568065e-06,0.9783419597371532,1.0369714627066806,0.05653916725586058,0.008443745040281322,0.0,0.0,0.02681731241685835,0.0,0.0,-0.05531426311569121
18,13.06,-0.05362318840579711,1.0,0.7595228813623738,0.6173041664109604,0.6173041664109604,0.6173041664109604,0.6595228813623738,0.6173041664109604,-0.04221871495141338,0.006890986114568065,0.6526318952478057,0,0,-0.03536571972522875,4.221871495141338e-05,0.943700887853335,1.0369714627066806,0.08994517034238611,0.03340600308652553,0.0,0.0,0.017431253070957928,0.0,0.0,-0.15333532375174228
19,12.63,-0.03292496171516077,1.0,0.7173041664109604,0.4128427043603956,0.4128427043603956,0.4128427043603956,0.6173041664109604,0.4128427043603956,-0.2044614620505648,0.0,0.6173041664109604,0,0,-0.020324716045690108,0.00020446146205056482,0.9243274848123814,1.0369714627066806,0.10862784748220396,0.018682677139817847,0.0,0.0,0.011330314496122653,0.0,0.0,-0.19069543576634565
20,11.96,-0.05304829770387964,1.0,0.5128427043603956,0.3230379739779624,0.3230379739779624,0.3230379739779624,0.4128427043603956,0.3230379739779624,-0.0898047303824332,0.0,0.4128427043603956,0,0,-0.021900602685785038,8.98047303824332e-05,0.9040011468353957,1.0369714627066806,0.12822948427549652,0.019601636793292562,0.0,0.0,0.0073647044224797245,0.0,0.0,-0.1362791520855
21,12.37,0.03428093645484936,1.0,0.4230379739779624,0.26178286261966827,0.26178286261966827,0.26178286261966827,0.3230379739779624,0.26178286261966827,-0.061255111358294145,0.0,0.3230379739779624,0,0,0.01107404425844181,6.125511135829415e-05,0.9139567208542155,1.0369714627066806,0.11862885940117836,0.0,0.0,0.0,0.004787057874611821,0.0,0.0,-0.06971320786454259
22,11.83,-0.043654001616814805,1.0,0.3617828626196683,0.2917848140008574,0.2917848140008574,0.2917848140008574,0.26178286261966827,0.2917848140008574,0.030001951381189107,0.0,0.26178286261966827,0,0,-0.011427869508053407,3.0001951381189107e-05,0.9034847222271816,1.0369714627066806,0.12872749663821492,0.010098637237036565,0.0,0.0,0.003111587618497684,0.0,0.0,-0.046635189210955746
23,12.24,0.03465765004226544,1.0,0.3917848140008574,0.26022657603137656,0.26022657603137656,0.26022657603137656,0.2917848140008574,0.26022657603137656,-0.03155823796948082,0.030001951381189107,0.26178286261966827,0,0,0.010112575971289228,3.1558237969480816e-05,0.9125927677337372,1.0369714627066806,0.11994418308127093,0.0,0.0,0.0,0.0020225319520234945,0.0,0.0,-0.05569304986121884
24,12.29,0.0040849673202613505,1.0,0.36022657603137653,0.28767442181784336,0.28767442181784336,0.28767442181784336,0.26022657603137656,0.28767442181784336,0.027447845786466807,0.0,0.26022657603137656,0,0,0.001063017058951679,2.7447845786466807e-05,0.9135378207081595,1.0369714627066806,0.11903282437140295,0.0,0.0,0.0,0.0013146457688152716,0.0,0.0,-0.03521362464454424
25,12.54,0.020341741253051264,1.0,0.3876744218178434,0.2905224295340463,0.2905224295340463,0.2905224295340463,0.28767442181784336,0.2905224295340463,0.002848007716202916,0.027447845786466807,0.26022657603137656,0,0,0.005851798653739695,2.848007716202916e-06,0.9188810583347574,1.0369714627066806,0.11388009084038452,0.0,0.0,0.0,0.0008545197497299266,0.0,0.0,-0.04261334203439877
26,12.33,-0.016746411483253516,1.0,0.39052242953404626,0.30662471745217423,0.30662471745217423,0.30662471745217423,0.2905224295340463,0.30662471745217423,0.016102287918127955,0.002848007716202916,0.28767442181784336,0,0,-0.004865208150091663,1.6102287918127957e-05,0.9143957146334185,1.0369714627066806,0.11820551720229361,0.004325426361909093,0.040151942738662,0.012311578097398116,0.004864490171413793,0.0,0.0,-0.04719265239845082
27,11.88,-0.036496350364963445,1.0,0.4066247174521742,0.2931077577180821,0.2931077577180821,0.2931077577180821,0.30662471745217423,0.2931077577180821,-0.013516959734092115,0.016102287918127955,0.2905224295340463,0,0,-0.011190683118692472,1.3516959734092116e-05,0.90415064209581,1.0369714627066806,0.12808531901561165,0.009879801813318045,0.0,0.0,0.0031619186114189655,0.0,0.0,-0.0678856719444918
28,11.71,-0.014309764309764304,1.0,0.39310775771808215,0.2622333899151329,0.2622333899151329,0.2622333899151329,0.2931077577180821,0.2622333899151329,-0.03087436780294922,0.0,0.2931077577180821,0,0,-0.004194302930309254,3.087436780294922e-05,0.9003304453287533,1.0369714627066806,0.13176931313159757,0.0036839941159859113,0.0,0.0,0.0020552470974223276,0.0,0.0,-0.06965434126341989
29,11.45,-0.022203245089667083,1.0,0.3622333899151329,0.2507208924752963,0.2507208924752963,0.2507208924752963,0.2622333899151329,0.2507208924752963,-0.011512497439836622,0.0,0.2622333899151329,0,0,-0.005822432226979928,1.1512497439836622e-05,0.8950779672769931,1.0369714627066806,0.13683452296683285,0.005065209835235285,0.0,0.0,0.001335910613324513,0.0,0.0,-0.061517771229446475
30,11.74,0.02532751091703065,1.0,0.35072089247529625,0.23489213399732947,0.23489213399732947,0.23489213399732947,0.2507208924752963,0.23489213399732947,-0.015828758477966803,0.0,0.2507208924752963,0,0,0.006350136141295734,1.5828758477966803e-05,0.9007476662533132,1.0369714627066806,0.13136696751306834,0.0,0.0,0.0,0.0008683418986609334,0.0,0.0,-0.0515276418192084
31,11.84,0.008517887563884127,1.0,0.3348921339973295,0.2519782245171402,0.2519782245171402,0.2519782245171402,0.23489213399732947,0.2519782245171402,0.01708609051981072,0.0,0.23489213399732947,0,0,0.002000784787030057,1.708609051981072e-05,0.9025344782247445,1.0369714627066806,0.12964386129877822,0.0,0.0,0.0,0.0005644222341296067,0.0,0.0,-0.039419966241071934
32,11.56,-0.023648648648648594,1.0,0.3519782245171402,0.25736294537898463,0.25736294537898463,0.25736294537898463,0.2519782245171402,0.25736294537898463,0.005384720861844439,0.01708609051981072,0.23489213399732947,0,0,-0.0059589444987161394,5.384720861844439e-06,0.8971514654645921,1.0369714627066806,0.134834951848273,0.0051910905494947646,0.0,0.0,0.00036687445218424436,0.0,0.0,-0.05317613895583733
33,11.95,0.03373702422145318,1.0,0.3573629453789846,0.24114079624550516,0.24114079624550516,0.24114079624550516,0.25736294537898463,0.24114079624550516,-0.01622214913347947,0.005384720861844439,0.2519782245171402,0,0,0.008682659921955336,1.622214913347947e-05,0.904926572812837,1.0369714627066806,0.12733705279524563,0.0,0.0,0.0,0.00023846839391975885,0.0,0.0,-0.049391619168306096
34,11.81,-0.011715481171548017,1.0,0.3411407962455052,0.26457170806931946,0.26457170806931946,0.26457170806931946,0.24114079624550516,0.26457170806931946,0.023430911823814293,0.0,0.24114079624550516,0,0,-0.0028250804581063126,2.3430911823814293e-05,0.9023488791812276,1.0369714627066806,0.12982284312247513,0.002485790327229509,0.0,0.0,0.00015500445604784327,0.0,0.0,-0.04109831953779118
35,12.13,0.02709568162574092,1.0,0.3645717080693195,0.25680359304067757,0.25680359304067757,0.25680359304067757,0.26457170806931946,0.25680359304067757,-0.0077681150286418865,0.023430911823814293,0.24114079624550516,0,0,0.00716875076902475,7.768115028641886e-06,0.9088105838528974,1.0369714627066806,0.1235915195961714,0.0,0.028349127151909806,0.007280157712177469,0.002648808095693212,0.0,0.0,-0.046984327770012733
36,12.14,0.0008244023083264457,1.0,0.35680359304067755,0.2762765003377474,0.2762765003377474,0.2762765003377474,0.25680359304067757,0.2762765003377474,0.019472907297069852,0.0,0.25680359304067757,0,0,0.00021170947488925975,1.9472907297069854e-05,0.9089852904801287,1.0369714627066806,0.12342304183808993,0.0,0.08300455534330509,0.022932208062339202,0.009747998084019308,0.0,0.0,-0.04099162114698922
37,11.93,-0.01729818780889628,1.0,0.3762765003377474,0.2768030002722353,0.2768030002722353,0.2768030002722353,0.2762765003377474,0.2768030002722353,0.0005264999344878896,0.019472907297069852,0.25680359304067757,0,0,-0.0047790827900269514,5.264999344878895e-07,0.9046406959413115,1.0369714627066806,0.1276127372106868,0.004189695372596877,0.07259682219303591,0.02009501819326234,0.013369455122254369,0.0,0.0,-0.05524717811096353
38,11.62,-0.025984911986588474,1.0,0.37680300027223534,0.2637101881216822,0.2637101881216822,0.2637101881216822,0.2768030002722353,0.2637101881216822,-0.013092812150553135,0.0005264999344878896,0.2762765003377474,0,0,-0.00719270159969766,1.3092812150553134e-05,0.8981220410697671,1.0369714627066806,0.13389898047386156,0.006286243263174757,0.07752735745238137,0.02044475401834439,0.015845809735885875,0.0,0.0,-0.0646187295832675
39,11.61,-0.0008605851979345772,1.0,0.3637101881216822,0.244065707923306,0.244065707923306,0.244065707923306,0.2637101881216822,0.244065707923306,-0.01964448019837617,0.0,0.2637101881216822,0,0,-0.00022694508444206246,1.964448019837617e-05,0.8979005735466656,1.0369714627066806,0.13411255194720126,0.0002135714733396965,0.0,0.0,0.01029977632832582,0.0,0.0,-0.060026886761639336
40,11.52,-0.007751937984496112,1.0,0.34406570792330604,0.24339827560021615,0.24339827560021615,0.24339827560021615,0.244065707923306,0.24339827560021615,-0.000667432323089856,0.0,0.244065707923306,0,0,-0.0018919822319636095,6.67432323089856e-07,0.8962011623275797,1.0369714627066806,0.13575137353506841,0.0016388215878671564,0.0,0.0,0.006694854613411783,0.0,0.0,-0.05211820850594142
41,11.75,0.019965277777777814,1.0,0.3433982756002162,0.23827697932859837,0.23827697932859837,0.23827697932859837,0.24339827560021615,0.23827697932859837,-0.005121296271617781,0.0,0.24339827560021615,0,0,0.004859514182990436,5.121296271617781e-06,0.9005516748750517,1.0369714627066806,0.1315559711504007,0.0,0.0,0.0,0.0043516554987176595,0.0,0.0,-0.047615279149770366
42,11.45,-0.025531914893617082,1.0,0.33827697932859835,0.25138757974032644,0.25138757974032644,0.25138757974032644,0.23827697932859837,0.25138757974032644,0.013110600411728068,0.0,0.23827697932859837,0,0,-0.00608366755732593,1.3110600411728068e-05,0.8950612110937595,1.0369714627066806,0.1368506817367086,0.005294710586307899,0.0,0.0,0.0028285760741664787,0.0,0.0,-0.04947444993461908
43,11.85,0.03493449781659392,1.0,0.3513875797403264,0.23484160974765722,0.23484160974765722,0.23484160974765722,0.25138757974032644,0.23484160974765722,-0.01654596999266922,0.013110600411728068,0.23827697932859837,0,0,0.008782098855557264,1.654596999266922e-05,0.9029069174754195,1.0369714627066806,0.12928470073933251,0.0,0.0,0.0,0.0018385744482082112,0.0,0.0,-0.049457528388897075
44,11.71,-0.01181434599156108,1.0,0.3348416097476572,0.2584853287797685,0.2584853287797685,0.2584853287797685,0.23484160974765722,0.2584853287797685,0.023643719032111266,0.0,0.23484160974765722,0,0,-0.0027745000307739854,2.3643719032111267e-05,0.900380454127629,1.0369714627066806,0.13172108731181925,0.0024363865724867373,0.05847013306329877,0.015113671568663594,0.006484858440367594,0.0,0.0,-0.041660027366417676
45,11.45,-0.022203245089667083,1.0,0.35848532877976846,0.2508715804678672,0.2508715804678672,0.2508715804678672,0.2584853287797685,0.2508715804678672,-0.007613748311901314,0.023643719032111266,0.23484160974765722,0,0,-0.005739213106980376,7.613748311901314e-06,0.8952061235538681,1.0369714627066806,0.1367109358851397,0.004989848573320438,0.011107714257917676,0.00278660983126927,0.005190471427183181,0.0,0.0,-0.059606144102206
46,11.51,0.005240174672489127,1.0,0.35087158046786715,0.23527830690288895,0.23527830690288895,0.23527830690288895,0.2508715804678672,0.23527830690288895,-0.015593273564978222,0.0,0.2508715804678672,0,0,0.0013146109020150355,1.559327356497822e-05,0.896369012089461,1.0369714627066806,0.13558950817240636,0.0,0.0,0.0,0.0033738064276690677,0.0,0.0,-0.05644424215639419
47,11.54,0.002606429192006895,1.0,0.33527830690288896,0.2387827806188657,0.2387827806188657,0.2387827806188657,0.23527830690288895,0.2387827806188657,0.003504473715976758,0.0,0.23527830690288895,0,0,0.0006132362473576471,3.5044737159767583e-06,0.8969155567570398,1.0369714627066806,0.13506244963006975,0.0,0.0,0.0,0.002192974177984894,0.0,0.0,-0.047541237687796604
48,11.61,0.0060658578856152764,1.0,0.3387827806188657,0.24042982459205262,0.24042982459205262,0.24042982459205262,0.2387827806188657,0.24042982459205262,0.0016470439731869069,0.003504473715976758,0.23527830690288895,0,0,0.001448422412766089,1.647043973186907e-06,0.898213192092443,1.0369714627066806,0.13381107928665054,0.0,0.0013599763801278066,0.0003269788825234632,0.0015398758245733933,0.0,0.0,-0.04764328346522343
49,11.42,-0.016365202411714,1.0,0.3404298245920526,0.24434035495055667,0.24434035495055667,0.24434035495055667,0.24042982459205262,0.24434035495055667,0.003910530358504055,0.0016470439731869069,0.2387827806188657,0,0,-0.003934682745261833,3.910530358504055e-06,0.8946754956539942,1.0369714627066806,0.137222645145189,0.003411565858538468,0.0,0.0,0.0010009192859727057,0.0,0.0,-0.05188623206508716
50,10.99,-0.03765323992994744,1.0,0.3443403549505567,0.23367922604229416,0.23367922604229416,0.23367922604229416,0.24434035495055667,0.23367922604229416,-0.010661128908262513,0.003910530358504055,0.24042982459205262,0,0,-0.00920020600952183,1.0661128908262513e-05,0.8864347585315161,1.0369714627066806,0.1451695727308029,0.007946927585613883,0.0,0.0,0.0006505975358822588,0.0,0.0,-0.06447130159652514
51,11.13,0.012738853503184764,1.0,0.33367922604229416,0.2088450904953243,0.2088450904953243,0.2088450904953243,0.23367922604229416,0.2088450904953243,-0.024834135546969865,0.0,0.23367922604229416,0,0,0.0029768054272903835,2.4834135546969865e-05,0.8890514884907046,1.0369714627066806,0.1426461378501955,0.0,0.0,0.0,0.0004228883983234682,0.0,0.0,-0.05945287866495312
52,11.24,0.009883198562443794,1.0,0.30884509049532427,0.21673083156513862,0.21673083156513862,0.21673083156513862,0.2088450904953243,0.21673083156513862,0.007885741069814323,0.0,0.2088450904953243,0,0,0.0020640574981568333,7.885741069814323e-06,0.8908795310519352,1.0369714627066806,0.14088327105301376,0.0,0.0,0.0,0.00027487745891025434,0.0,0.0,-0.043926702654821626
53,11.09,-0.013345195729537398,1.0,0.3167308315651386,0.22223979085843523,0.22223979085843523,0.22223979085843523,0.21673083156513862,0.22223979085843523,0.005508959293296617,0.007885741069814323,0.2088450904953243,0,0,-0.002892315367862177,5.508959293296617e-06,0.888297918674288,1.0369714627066806,0.1433728404100226,0.002489569357008836,0.0,0.0,0.00017867034829166533,0.0,0.0,-0.05005891647830311
54,11.27,0.016230838593327298,1.0,0.32223979085843524,0.21445989459922463,0.21445989459922463,0.21445989459922463,0.22223979085843523,0.21445989459922463,-0.007779896259210606,0.005508959293296617,0.21673083156513862,0,0,0.003607138174438078,7.779896259210605e-06,0.8914952211413573,1.0369714627066806,0.14028953235183964,0.0,0.0,0.0,0.00011613572638958247,0.0,0.0,-0.05021673937940905
55,11.25,-0.0017746228926352773,1.0,0.31445989459922463,0.22409521825768974,0.22409521825768974,0.22409521825768974,0.21445989459922463,0.22409521825768974,0.009635323658465117,0.0,0.21445989459922463,0,0,-0.00038058543850793267,9.635323658465118e-06,0.8911473411966957,1.0369714627066806,0.14062500922576782,0.00033547687392818104,0.0,0.0,7.548822215322861e-05,0.0,0.0,-0.045501956634891434
56,11.37,0.010666666666666597,1.0,0.3240952182576897,0.2230468284354582,0.2230468284354582,0.2230468284354582,0.22409521825768974,0.2230468284354582,-0.0010483898222315435,0.009635323658465117,0.21445989459922463,0,0,0.002390348994748675,1.0483898222315436e-06,0.8932765600780956,1.0369714627066806,0.13857170404045221,0.0,0.03743017932893328,0.008348682787089015,0.0029711063198807537,0.0,0.0,-0.04853272860907692
57,11.02,-0.030782761653474027,1.0,0.3230468284354582,0.22946340814383498,0.22946340814383498,0.22946340814383498,0.2230468284354582,0.22946340814383498,0.0064165797083767795,0.0,0.2230468284354582,0,0,-0.006865997357292023,6.41657970837678e-06,0.8871375937970192,1.0369714627066806,0.1444917958673311,0.005920091826878887,0.05184006941528299,0.011895399006443817,0.006094608760177826,0.0,0.0,-0.05426043555842355
58,11.06,0.003629764065335837,1.0,0.329463408143835,0.21096315086061707,0.21096315086061707,0.21096315086061707,0.22946340814383498,0.21096315086061707,-0.018500257283217914,0.0064165797083767795,0.2230468284354582,0,0,0.0008328980331899829,1.8500257283217913e-05,0.8878600766803307,1.0369714627066806,0.14379507188861548,0.0,0.0,0.0,0.003961495694115587,0.0,0.0,-0.058400607146289724
59,10.54,-0.04701627486437625,1.0,0.3109631508606171,0.2131403967755259,0.2131403967755259,0.2131403967755259,0.21096315086061707,0.2131403967755259,0.0021772459149088375,0.0,0.21096315086061707,0,0,-0.009918701487117645,2.1772459149088375e-06,0.8790517245276842,1.0369714627066806,0.15228937715103336,0.008494305262417873,0.0,0.0,0.0025749722011751317,0.0,0.0,-0.058739249195457595
60,10.55,0.0009487666034157081,1.0,0.3131403967755259,0.18659570105578116,0.18659570105578116,0.18659570105578116,0.2131403967755259,0.18659570105578116,-0.026544695719744743,0.0021772459149088375,0.21096315086061707,0,0,0.00020222049029939207,2.6544695719744742e-05,0.8792061526378673,1.0369714627066806,0.1521404549137907,0.0,0.0,0.0,0.0016737319307638357,0.0,0.0,-0.06309851185306986
61,10.53,-0.0018957345971565259,1.0,0.28659570105578114,0.18706108294631069,0.18706108294631069,0.18706108294631069,0.18659570105578116,0.18706108294631069,0.00046538189052952594,0.0,0.18659570105578116,0,0,-0.0003537359261721208,4.6538189052952596e-07,0.8788947366685461,1.0369714627066806,0.15244076787371375,0.00030031295992305473,0.0,0.0,0.0010879257549964933,0.0,0.0,-0.050031897658898775
62,9.16,-0.1301044634377967,1.0,0.2870610829463107,0.1861225891878824,0.1861225891878824,0.1861225891878824,0.18706108294631069,0.18706108294631069,0.0,0.00046538189052952594,0.18659570105578116,0,1,-0.024337481826822934,0.0,0.8575046519871851,1.0369714627066806,0.1730682252827432,0.020627457409029465,0.0,0.0,0.0007071517407477207,0.0,0.0,-0.09597040198358006
63,8.78,-0.04148471615720532,1.0,0.2870610829463107,0.12166179567860877,0.12166179567860877,0.12166179567860877,0.18706108294631069,0.12166179567860877,-0.06539928726770192,0.0,0.18706108294631069,0,0,-0.00776017593008714,6.539928726770192e-05,0.8507941848338276,1.0369714627066806,0.17953944208541386,0.006471216802670654,0.0,0.0,0.0004596486314860185,0.0,0.0,-0.09069000023475225
64,8.71,-0.007972665148063612,1.0,0.22166179567860878,0.10143924355817599,0.10143924355817599,0.10143924355817599,0.12166179567860877,0.10143924355817599,-0.02022255212043278,0.0,0.12166179567860877,0,0,-0.0009699687582576803,2.022255212043278e-05,0.8499517358250849,1.0369714627066806,0.18035185500036893,0.0008124129149550685,0.0,0.0,0.000298771610465912,0.0,0.0,-0.06111755670896131
65,8.39,-0.03673938002296214,1.0,0.201439243558176,0.1,0.1,0.1,0.10143924355817599,0.1,-0.0014392435581759844,0.0,0.10143924355817599,0,0,-0.003726814918325642,1.4392435581759844e-06,0.8467828997285947,1.0369714627066806,0.18340771160824412,0.0030558566078751903,0.0,0.0,0.00019420154680284282,0.0,0.0,-0.05439891329342543
66,8.58,0.02264600715137062,1.0,0.2,0.1,0.1,0.1,0.1,0.1,0.0,0.0,0.1,0,0,0.0022646007151370623,0.0,0.8487005248888858,1.0369714627066806,0.1815584561279768,0.0,0.0,0.0,0.00012623100542184784,0.0,0.0,-0.047681399284862945
67,8.2,-0.04428904428904438,1.0,0.2,0.1,0.1,0.1,0.1,0.1,0.0,0.0,0.1,0,0,-0.004428904428904438,0.0,0.8449417113753919,1.0369714627066806,0.18518325550643103,0.0036247993784542243,0.0,0.0,8.20501535242011e-05,0.0,0.0,-0.05437490442890444
68,8.43,0.028048780487804934,1.0,0.2,0.1,0.1,0.1,0.1,0.1,0.0,0.0,0.1,0,0,0.0028048780487804938,0.0,0.8473116698341279,1.0369714627066806,0.1828977939060221,0.0,0.0,0.0,5.333259979073072e-05,0.0,0.0,-0.047141121951219514
69,9.47,0.12336892052194555,1.0,0.2,0.1,0.1,0.1,0.1,0.1,0.0,0.0,0.1,1,0,0.012336892052194556,0.0,0.8577648624394362,1.0369714627066806,0.1728172921938307,0.0,0.0,0.0,3.466618986397497e-05,0.0,0.0,-0.03760910794780545
70,9.01,-0.04857444561774032,1.0,0.2,0.1224459692864252,0.1224459692864252,0.1224459692864252,0.1,0.1224459692864252,0.0224459692864252,0.0,0.1,0,0,-0.0048574445617740325,2.24459692864252e-05,0.8535790638093416,1.0369714627066806,0.176853853257111,0.004036561063280292,0.14934174411289752,0.01828629461282902,0.0064227361379017404,0.0,0.0,-0.04610924105188827
71,9.01,0.0,1.0,0.2224459692864252,0.10983171724083227,0.10983171724083227,0.10983171724083227,0.1224459692864252,0.10983171724083227,-0.012614252045592939,0.0224459692864252,0.1,0,0,0.0,1.2614252045592938e-05,0.8535682965478899,1.0369714627066806,0.1768642366300763,1.038337296530023e-05,0.06530628093180985,0.0071727009813528945,0.006685223833109644,0.0,0.0,-0.05739617351952
72,8.82,-0.021087680355160877,1.0,0.20983171724083227,0.10979926064910733,0.10979926064910733,0.10979926064910733,0.10983171724083227,0.10979926064910733,-3.245659172493309e-05,0.0,0.10983171724083227,0,0,-0.002316096146033083,3.245659172493309e-08,0.8515913226019616,1.0369714627066806,0.1787707249154608,0.0019064882853845055,0.0164928705514511,0.0018109049925307658,0.004979212238907037,0.0,0.0,-0.052549354728005405
73,8.91,0.010204081632653045,1.0,0.20979926064910734,0.10384149700710912,0.10384149700710912,0.10384149700710912,0.10979926064910733,0.10384149700710912,-0.005957763641998209,0.0,0.10979926064910733,0,0,0.0011204006188684403,5.957763641998209e-06,0.8525403724670083,1.0369714627066806,0.1778555118173399,0.0,0.07161824008868053,0.0074369452638231425,0.005839418797627674,0.0,0.0,-0.053038712518074724
74,8.89,-0.00224466891133553,1.0,0.20384149700710913,0.10670154206758878,0.10670154206758878,0.10670154206758878,0.10384149700710912,0.10670154206758878,0.0028600450604796546,0.0,0.10384149700710912,0,0,-0.00023308978003839934,2.8600450604796546e-06,0.852339215715235,1.0369714627066806,0.17804949666553266,0.00019398484819274642,0.05102192330412181,0.005444117895804041,0.0057010634819894025,0.0,0.0,-0.04961586258798626
75,8.92,0.003374578177727712,1.0,0.20670154206758878,0.10609534420377914,0.10609534420377914,0.10609534420377914,0.10670154206758878,0.10609534420377914,-0.0006061978638096377,0.0028600450604796546,0.10384149700710912,0,0,0.00036007269539118053,6.061978638096377e-07,0.8526456031078132,1.0369714627066806,0.17775403299695827,0.0,0.0,0.0,0.003705691263293112,0.0,0.0,-0.04988885065361555
76,9.07,0.01681614349775789,1.0,0.20609534420377915,0.10701865740424138,0.10701865740424138,0.10701865740424138,0.10609534420377914,0.10701865740424138,0.0009233132004622391,0.0,0.10609534420377914,0,0,0.0017841145325747658,9.23313200462239e-07,0.8541660332605131,1.0369714627066806,0.1762878112084326,0.0,0.0,0.0,0.002408699321140523,0.0,0.0,-0.04770104437797322
77,9.17,0.011025358324145496,1.0,0.20701865740424139,0.11160057820677732,0.11160057820677732,0.11160057820677732,0.10701865740424138,0.11160057820677732,0.004581920802535944,0.0009233132004622391,0.10609534420377914,0,0,0.0011799190452507276,4.581920802535944e-06,0.8551699663098469,1.0369714627066806,0.17531967169308535,0.0,0.0,0.0,0.00156565455874134,0.0,0.0,-0.0464902516636023
78,9.43,0.028353326063249706,1.0,0.21160057820677733,0.11462602615650663,0.11462602615650663,0.11462602615650663,0.11160057820677732,0.11462602615650663,0.0030254479497293096,0.004581920802535944,0.10701865740424138,0,0,0.0031642475827439566,3.02544794972931e-06,0.8578733485363569,1.0369714627066806,0.17271267398511206,0.0,0.11033362285413494,0.012647104739220209,0.005444162121908944,0.0,0.0,-0.04710301013290082
79,9.42,-0.0010604453870625436,1.0,0.21462602615650664,0.12277291007623989,0.12277291007623989,0.12277291007623989,0.11462602615650663,0.12277291007623989,0.008146883919733255,0.0030254479497293096,0.11160057820677732,0,0,-0.00012155464067497792,8.146883919733255e-06,0.8577620810551426,1.0369714627066806,0.17281997441257402,0.00010730042746195934,0.21764356148560798,0.026720733402945136,0.01289096207027161,0.0,0.0,-0.04957140305249437
80,9.61,0.02016985138004241,1.0,0.2227729100762399,0.12243758738325378,0.12243758738325378,0.12243758738325378,0.12277291007623989,0.12243758738325378,-0.00033532269298611195,0.008146883919733255,0.11462602615650663,0,0,0.00247631134973307,3.3532269298611193e-07,0.8598858794047392,1.0369714627066806,0.17077189649917315,0.0,0.2287979021757015,0.028013463140742604,0.018183837444936457,0.0,0.0,-0.05136394512342276
81,9.35,-0.027055150884495296,1.0,0.22243758738325378,0.12883782238044628,0.12883782238044628,0.12883782238044628,0.12243758738325378,0.12883782238044628,0.0064002349971925,0.0,0.12243758738325378,0,0,-0.0033125674005875087,6.4002349971925e-06,0.8570319460006985,1.0369714627066806,0.17352407773720968,0.0027521812380365274,0.3126577182293165,0.040282139567104296,0.0259182431876952,0.0,0.0,-0.055118597954309005
82,9.21,-0.014973262032085433,1.0,0.22883782238044628,0.12023724466849475,0.12023724466849475,0.12023724466849475,0.12883782238044628,0.12023724466849475,-0.008600577711951524,0.0064002349971925,0.12243758738325378,0,0,-0.001929122474145703,8.600577711951523e-06,0.8553712554427546,1.0369714627066806,0.17512555918358355,0.0016014814463738702,0.15537389567887605,0.0186817291098382,0.023385463260445247,0.0,0.0,-0.05875167182030981
83,9.16,-0.005428881650380099,1.0,0.22023724466849476,0.11523264311547485,0.11523264311547485,0.11523264311547485,0.12023724466849475,0.11523264311547485,-0.005004601553019905,0.0,0.12023724466849475,0,0,-0.0006527537712730535,5.004601553019905e-06,0.8548086278376124,1.0369714627066806,0.17566812725356082,0.0005425680699772673,0.053301581838208094,0.0061420821574525095,0.01735027987439779,0.0,0.0,-0.053998171978166525
84,9.41,0.027292576419213975,1.0,0.21523264311547485,0.11353712380227982,0.11353712380227982,0.11353712380227982,0.11523264311547485,0.11353712380227982,-0.001695519313195032,0.0,0.11523264311547485,0,0,0.0031449957182171084,1.6955193131950319e-06,0.857495547967519,1.0369714627066806,0.17307700471399415,0.0,0.0,0.0,0.011277681918358564,0.0,0.0,-0.0476500059080972
85,9.49,0.008501594048884174,1.0,0.21353712380227982,0.1216343682287867,0.1216343682287867,0.1216343682287867,0.11353712380227982,0.1216343682287867,0.008097244426506889,0.0,0.11353712380227982,0,0,0.0009652465360448877,8.09724442650689e-06,0.858316299223822,1.0369714627066806,0.17228551595483324,0.0,0.060798201084933605,0.0073951507784126335,0.009918796019377488,0.0,0.0,-0.04595257467975063
86,9.4,-0.009483667017913578,1.0,0.2216343682287867,0.12410777472241957,0.12410777472241957,0.12410777472241957,0.1216343682287867,0.12410777472241957,0.002473406493632868,0.008097244426506889,0.11353712380227982,0,0,-0.0011535398462160997,2.4734064936328683e-06,0.8573240742069025,1.0369714627066806,0.17324236486784927,0.000956848913016034,0.030268059163807204,0.003756501467986652,0.007761992926390696,0.0,0.0,-0.050355410046872044
87,9.71,0.032978723404255374,1.0,0.22410777472241958,0.12111762389826775,0.12111762389826775,0.12111762389826775,0.12410777472241957,0.12111762389826775,-0.002990150824151827,0.002473406493632868,0.1216343682287867,0,0,0.0040929159748883115,2.990150824151827e-06,0.8608304660775933,1.0369714627066806,0.16986098746568,0.0,0.06212822839775492,0.007524823400544958,0.0076789835923446875,0.0,0.0,-0.04836856609478734
88,9.68,-0.003089598352214329,1.0,0.22111762389826775,0.1316844098297229,0.1316844098297229,0.1316844098297229,0.12111762389826775,0.1316844098297229,0.010566785931455158,0.0,0.12111762389826775,0,0,-0.0003742048112202029,1.0566785931455158e-05,0.8604992429642838,1.0369714627066806,0.17018040137939072,0.0003194139137107088,0.24065568539335147,0.03169060190319096,0.01608305000114088,0.0,0.0,-0.04893215185733296
89,9.84,0.016528925619834725,1.0,0.2316844098297229,0.13068626486039123,0.13068626486039123,0.13068626486039123,0.1316844098297229,0.13068626486039123,-0.0009981449693316768,0.010566785931455158,0.12111762389826775,0,0,0.0021766018153673225,9.98144969331677e-07,0.8623713482756515,1.0369714627066806,0.1683750428148636,0.0,0.23212810283603888,0.03033595472877071,0.021071566655811322,0.0,0.0,-0.05199128131749583
90,9.44,-0.040650406504065074,1.0,0.23068626486039123,0.13632798418669761,0.13632798418669761,0.13632798418669761,0.13068626486039123,0.13632798418669761,0.005641719326306388,0.0,0.13068626486039123,0,0,-0.005312449791072819,5.6417193263063885e-06,0.8577851785295754,1.0369714627066806,0.17279770043950587,0.004422657624642279,0.22404121131308435,0.03054308671305874,0.024386598675847918,0.0,0.0,-0.056010863890809365
91,9.34,-0.010593220338983014,1.0,0.23632798418669762,0.12250720374570542,0.12250720374570542,0.12250720374570542,0.13632798418669761,0.12250720374570542,-0.013820780440992192,0.005641719326306388,0.13068626486039123,0,0,-0.00144415237485908,1.3820780440992192e-05,0.856534550766265,1.0369714627066806,0.1740037391862676,0.0012060387467617284,0.0072547487876336025,0.0008887589878505391,0.016162354785048835,0.0,0.0,-0.058470668800191125
92,9.25,-0.009635974304068507,1.0,0.22250720374570543,0.1187383275507986,0.1187383275507986,0.1187383275507986,0.12250720374570542,0.1187383275507986,-0.0037688761949068172,0.0,0.12250720374570542,0,0,-0.0011804762673569026,3.7688761949068172e-06,0.8555202038842357,1.0369714627066806,0.1749819212467282,0.0009781820604606029,0.0,0.0,0.010505530610281743,0.0,0.0,-0.05301909058541465
93,8.63,-0.06702702702702694,1.0,0.2187383275507986,0.11568149403030517,0.11568149403030517,0.11568149403030517,0.1187383275507986,0.11568149403030517,-0.003056833520493435,0.0,0.1187383275507986,0,0,-0.007958677089891356,3.056833520493435e-06,0.8487087796548063,1.0369714627066806,0.18155049567176623,0.006568574425038026,0.0,0.0,0.006828594896683133,0.0,0.0,-0.05943947002939876
94,8.55,-0.009269988412514491,1.0,0.21568149403030518,0.1,0.1,0.1,0.11568149403030517,0.1,-0.015681494030305165,0.0,0.11568149403030517,0,0,-0.0010723661092032933,1.5681494030305164e-05,0.8477853441012596,1.0369714627066806,0.18244100769331825,0.0008905120215520201,0.0,0.0,0.004438586682844036,0.0,0.0,-0.058929679847492256
95,8.48,-0.008187134502924008,1.0,0.2,0.1,0.1,0.1,0.1,0.1,0.0,0.0,0.1,0,0,-0.0008187134502924009,0.0,0.8470912508370831,1.0369714627066806,0.18311035423672722,0.0006693465434089718,0.0,0.0,0.0028850813438486235,0.0,0.0,-0.050764713450292404
96,8.61,0.015330188679245165,1.0,0.2,0.1,0.1,0.1,0.1,0.1,0.0,0.0,0.1,0,0,0.0015330188679245167,0.0,0.8483898577074702,1.0369714627066806,0.18185804699675992,0.0,0.0,0.0,0.0018753028735016054,0.0,0.0,-0.04841298113207549
97,8.28,-0.03832752613240419,1.0,0.2,0.1,0.1,0.1,0.1,0.1,0.0,0.0,0.1,0,0,-0.0038327526132404194,0.0,0.8451381892632952,1.0369714627066806,0.18499378270513475,0.0031357357083748316,0.0,0.0,0.0012189468677760436,0.0,0.0,-0.05377875261324042
98,8.35,0.008454106280193273,1.0,0.2,0.1,0.1,0.1,0.1,0.1,0.0,0.0,0.1,0,0,0.0008454106280193273,0.0,0.8458526780706435,1.0369714627066806,0.18430476778713178,0.0,0.0,0.0,0.0007923154640544284,0.0,0.0,-0.049100589371980675
99,8.82,0.05628742514970068,1.0,0.2,0.1,0.1,0.1,0.1,0.1,0.0,0.0,0.1,0,0,0.005628742514970068,0.0,0.8506137650011011,1.0369714627066806,0.17971342935431672,0.0,0.0,0.0,0.0005150050516353785,0.0,0.0,-0.04431725748502994
100,8.92,0.011337868480725584,1.0,0.2,0.10089553743912227,0.10089553743912227,0.10089553743912227,0.1,0.10089553743912227,0.0008955374391222681,0.0,0.1,0,0,0.0011337868480725585,8.955374391222682e-07,0.8515774179441761,1.0369714627066806,0.1787841338262029,0.0,0.04278508483690763,0.004316824128998236,0.0018456417287123785,0.0,0.0,-0.04909424194693217
101,9.12,0.02242152466367705,1.0,0.20089553743912228,0.10379958749125195,0.10379958749125195,0.10379958749125195,0.10089553743912227,0.10379958749125195,0.002904050052129681,0.0008955374391222681,0.1,0,0,0.002262231781146231,2.9040500521296807e-06,0.8535014104197108,1.0369714627066806,0.176928738046542,0.0,0.12182788897272534,0.012645684620298933,0.005625656740767673,0.0,0.0,-0.04830018351899232
102,8.78,-0.037280701754385956,1.0,0.20379958749125196,0.10959767587783431,0.10959767587783431,0.10959767587783431,0.10379958749125195,0.10959767587783431,0.005798088386582356,0.002904050052129681,0.10089553743912227,0,0,-0.003869721463489655,5.798088386582357e-06,0.8501936490160753,1.0369714627066806,0.18011856681483007,0.0031898287682880777,0.17643957814307187,0.01933736769734621,0.01042475557557016,0.0,0.0,-0.05388688758468715
103,8.74,-0.00455580865603635,1.0,0.20959767587783432,0.1,0.1,0.1,0.10959767587783431,0.1,-0.009597675877834305,0.005798088386582356,0.10379958749125195,0,0,-0.0004993060404457038,9.597675877834306e-06,0.8497609823084964,1.0369714627066806,0.18053580752312262,0.0004172407082925489,0.1269251881489547,0.01269251881489547,0.011218472709334019,0.0,0.0,-0.057445061719345346
104,8.74,0.0,1.0,0.2,0.1,0.1,0.1,0.1,0.1,0.0,0.0,0.1,0,0,0.0,0.0,0.8497609823084964,1.0369714627066806,0.18053580752312262,0.0,0.0866308332651816,0.00866308332651816,0.010324086425348468,0.0,0.0,-0.05141872416550809
105,8.82,0.009153318077803212,1.0,0.2,0.1,0.1,0.1,0.1,0.1,0.0,0.0,0.1,0,0,0.0009153318077803213,0.0,0.8505387955646141,1.0369714627066806,0.17978572588241146,0.0,0.0,0.0,0.006710656176476504,0.0,0.0,-0.049030668192219684
106,8.91,0.010204081632653045,1.0,0.2,0.10066959858252336,0.10066959858252336,0.10066959858252336,0.1,0.10066959858252336,0.0006695985825233564,0.0,0.1,0,0,0.0010204081632653045,6.695985825233564e-07,0.85140612277521,1.0369714627066806,0.17894932175579062,0.0,0.0,0.0,0.0043619265147097274,0.0,0.0,-0.048593484600792124
107,9.06,0.016835016835016876,1.0,0.20066959858252337,0.10328335538814903,0.10328335538814903,0.10328335538814903,0.10066959858252336,0.10328335538814903,0.002613756805625672,0.0006695985825233564,0.1,0,0,0.001694774386911172,2.613756805625672e-06,0.852846838696401,1.0369714627066806,0.17755997212274433,0.0,0.0,0.0,0.002835252234561323,0.0,0.0,-0.046954539573568564
108,8.88,-0.01986754966887414,1.0,0.20328335538814904,0.10762508809869467,0.10762508809869467,0.10762508809869467,0.10328335538814903,0.10762508809869467,0.004341732710545637,0.002613756805625672,0.10066959858252336,0,0,-0.0020519871931420305,4.341732710545637e-06,0.8510931050726677,1.0369714627066806,0.1792511793418473,0.0016912072191029859,0.11838736184013506,0.01274145024781658,0.006302421539200663,0.0,0.0,-0.05182853720732861
109,9.1,0.024774774774774643,1.0,0.20762508809869468,0.10234006531846154,0.10234006531846154,0.10234006531846154,0.10762508809869467,0.10234006531846154,-0.0052850227802331284,0.004341732710545637,0.10328335538814903,0,0,0.0026663873177604396,5.285022780233128e-06,0.8533579508878183,1.0369714627066806,0.1770670827715917,0.0,0.04824541633153893,0.004937439058686065,0.005824677671020554,0.0,0.0,-0.050761571883927936
110,9.05,-0.005494505494505378,1.0,0.20234006531846155,0.10916535593870322,0.10916535593870322,0.10916535593870322,0.10234006531846154,0.10916535593870322,0.006825290620241675,0.0,0.10234006531846154,0,0,-0.0005623080512003262,6.825290620241675e-06,0.8528722764254604,1.0369714627066806,0.17753544133286803,0.000468358561276333,0.1649441816666783,0.018006190301661062,0.010088207091744732,0.0,0.0,-0.04988072550455343
111,8.75,-0.03314917127071831,1.0,0.20916535593870322,0.10770173594658455,0.10770173594658455,0.10770173594658455,0.10916535593870322,0.10770173594658455,-0.0014636199921186643,0.006825290620241675,0.10234006531846154,0,0,-0.003618741080840999,1.4636199921186644e-06,0.8497847042011347,1.0369714627066806,0.18051293139442337,0.0029774900615553435,0.1163750197745808,0.012533791650540457,0.010944161687323236,0.0,0.0,-0.05625096276962786
112,8.6,-0.017142857142857182,1.0,0.20770173594658456,0.1,0.1,0.1,0.10770173594658455,0.1,-0.007701735946584548,0.0,0.10770173594658455,0,0,-0.001846315473370025,7.701735946584548e-06,0.8482091887353318,1.0369714627066806,0.18203227452243054,0.0015193431280071668,0.0,0.0,0.007113705096760103,0.0,0.0,-0.055677841258421935
113,8.58,-0.0023255813953487877,1.0,0.2,0.1,0.1,0.1,0.1,0.1,0.0,0.0,0.1,0,0,-0.00023255813953487877,0.0,0.848011930784463,1.0369714627066806,0.18222249957486727,0.0001902250524367377,0.0,0.0,0.004623908312894067,0.0,0.0,-0.05017855813953488
114,8.72,0.016317016317016382,1.0,0.2,0.1,0.1,0.1,0.1,0.1,0.0,0.0,0.1,0,0,0.0016317016317016382,0.0,0.8493956332356264,1.0369714627066806,0.1808881306930548,0.0,0.0,0.0,0.0030055404033811437,0.0,0.0,-0.04831429836829837
115,8.6,-0.01376146788990837,1.0,0.2,0.1,0.1,0.1,0.1,0.1,0.0,0.0,0.1,0,0,-0.001376146788990837,0.0,0.8482267401623664,1.0369714627066806,0.18201534886182572,0.001127218168770927,0.0,0.0,0.0019536012621977437,0.0,0.0,-0.051322146788990844
116,8.6,0.0,1.0,0.2,0.1,0.1,0.1,0.1,0.1,0.0,0.0,0.1,0,0,0.0,0.0,0.8482267401623664,1.0369714627066806,0.18201534886182572,0.0,0.0,0.0,0.0012698408204285334,0.0,0.0,-0.049946000000000004
117,8.38,-0.025581395348837077,1.0,0.2,0.1,0.1,0.1,0.1,0.1,0.0,0.0,0.1,0,0,-0.0025581395348837077,0.0,0.8460568578038116,1.0369714627066806,0.18410786773683033,0.002092518875004612,0.0,0.0,0.0008253965332785468,0.0,0.0,-0.05250413953488371
118,8.41,0.003579952267303026,1.0,0.2,0.1,0.1,0.1,0.1,0.1,0.0,0.0,0.1,0,0,0.0003579952267303026,0.0,0.8463597421204477,1.0369714627066806,0.18381578224795334,0.0,0.0,0.0,0.0005365077466310555,0.0,0.0,-0.0495880047732697
119,8.42,0.0011890606420927215,1.0,0.2,0.1,0.1,0.1,0.1,0.1,0.0,0.0,0.1,0,0,0.00011890606420927215,0.0,0.8464603794262885,1.0369714627066806,0.1837187329949507,0.0,0.0,0.0,0.00034873003531018604,0.0,0.0,-0.04982709393579073
120,8.34,-0.009501187648456066,1.0,0.2,0.1,0.1,0.1,0.1,0.1,0.0,0.0,0.1,0,0,-0.0009501187648456067,0.0,0.8456561415360973,1.0369714627066806,0.18449429714412413,0.00077556414917343,0.0,0.0,0.00022667452295162092,0.0,0.0,-0.05089611876484561
121,8.47,0.015587529976019279,1.0,0.2,0.1,0.1,0.1,0.1,0.1,0.0,0.0,0.1,0,0,0.001558752997601928,0.0,0.8469743105816572,1.0369714627066806,0.183223125185236,0.0,0.0,0.0,0.0001473384399185536,0.0,0.0,-0.048387247002398076
122,8.56,0.010625737898465154,1.0,0.2,0.1,0.1,0.1,0.1,0.1,0.0,0.0,0.1,0,0,0.0010625737898465155,0.0,0.8478742832847544,1.0369714627066806,0.1823552394859052,0.0,0.0,0.0,9.576998594705985e-05,0.0,0.0,-0.048883426210153486
123,8.55,-0.0011682242990653955,1.0,0.2,0.1,0.1,0.1,0.1,0.1,0.0,0.0,0.1,0,0,-0.00011682242990653955,0.0,0.8477752325507258,1.0369714627066806,0.18245075873362884,9.551924772363551e-05,0.042254369242575446,0.004225436924257545,0.0015411534143557294,0.0,0.0,-0.05078114670703033
124,8.94,0.045614035087719156,1.0,0.2,0.1,0.1,0.1,0.1,0.1,0.0,0.0,0.1,0,0,0.0045614035087719156,0.0,0.8516422774711327,1.0369714627066806,0.1787215867559225,0.0,0.02783463966433438,0.0027834639664334384,0.0019759621075829273,0.0,0.0,-0.04585778536552177
125,8.85,-0.010067114093959717,1.0,0.2,0.10399502553353257,0.10399502553353257,0.10399502553353257,0.1,0.10399502553353257,0.003995025533532565,0.0,0.1,0,0,-0.0010067114093959717,3.995025533532564e-06,0.8507815171410347,1.0369714627066806,0.17955165813305696,0.0008300713771344503,0.22080988525600237,0.022963129655254363,0.009321470749267929,0.0,0.0,-0.05269857203687432
126,8.99,0.015819209039548088,1.0,0.20399502553353258,0.10140105933261723,0.10140105933261723,0.10140105933261723,0.10399502553353257,0.10140105933261723,-0.002593966200915343,0.003995025533532565,0.1,0,0,0.0016451190479880927,2.593966200915343e-06,0.8521789471220597,1.0369714627066806,0.1782040511532299,0.0,0.2034942605243404,0.020634533585275706,0.013281042741870652,0.0,0.0,-0.05305971477260293
127,8.92,-0.007786429365962212,1.0,0.20140105933261723,0.10561236031658958,0.10561236031658958,0.10561236031658958,0.10140105933261723,0.10561236031658958,0.004211300983972349,0.0,0.10140105933261723,0,0,-0.0007895521861271674,4.2113009839723494e-06,0.8515025185893493,1.0369714627066806,0.17885636277128034,0.0006523116180504329,0.227435434558463,0.02401999306334852,0.017039675354387905,0.0,0.0,-0.0524742864140387
128,9.1,0.020179372197309385,1.0,0.20561236031658958,0.1035738814652967,0.1035738814652967,0.1035738814652967,0.10561236031658958,0.1035738814652967,-0.0020384788512928798,0.004211300983972349,0.10140105933261723,0,0,0.002131191127464809,2.03847885129288e-06,0.853315497432105,1.0369714627066806,0.1771080226211826,0.0,0.1639670528209968,0.016982704093095966,0.01701973541293573,0.0,0.0,-0.0516113735871134
129,8.94,-0.0175824175824176,1.0,0.2035738814652967,0.10903743878308139,0.10903743878308139,0.10903743878308139,0.1035738814652967,0.10903743878308139,0.005463557317784695,0.0,0.1035738814652967,0,0,-0.001821079234554669,5.463557317784695e-06,0.8517568801610773,1.0369714627066806,0.17861107003095358,0.0015030474097709745,0.2530891488359953,0.027596192572867013,0.020721495418911676,0.0,0.0,-0.05328949481769022
130,8.77,-0.019015659955257263,1.0,0.2090374387830814,0.10434040651032439,0.10434040651032439,0.10434040651032439,0.10903743878308139,0.10434040651032439,-0.004697032272757001,0.005463557317784695,0.1035738814652967,0,0,-0.0020734188582912563,4.697032272757001e-06,0.8499868306535173,1.0369714627066806,0.18031801141865567,0.0017069413877020823,0.04331064880230927,0.004519050702258843,0.015050639768083183,0.0,0.0,-0.05511764100322784
131,8.87,0.011402508551881374,1.0,0.2043404065103244,0.1,0.1,0.1,0.10434040651032439,0.1,-0.004340406510324385,0.0,0.10434040651032439,0,0,0.001189742377540753,4.340406510324385e-06,0.8509944067179237,1.0369714627066806,0.1793463587737734,0.0,0.0,0.0,0.00978291584925407,0.0,0.0,-0.0509459927069179
132,8.89,0.0022547914317927117,1.0,0.2,0.10204264745426181,0.10204264745426181,0.10204264745426181,0.1,0.10204264745426181,0.0020426474542618034,0.0,0.1,0,0,0.00022547914317927117,2.0426474542618036e-06,0.8511845499260423,1.0369714627066806,0.17916299479997386,0.0,0.0,0.0,0.006358895302015145,0.0,0.0,-0.04870741107590114
133,8.7,-0.021372328458942776,1.0,0.20204264745426181,0.10261564366828682,0.10261564366828682,0.10261564366828682,0.10204264745426181,0.10261564366828682,0.0005729962140250122,0.0020426474542618034,0.1,0,0,-0.002180888978212584,5.729962140250122e-07,0.8493277231971592,1.0369714627066806,0.18095361951401995,0.0017906247140460907,0.023501039168416928,0.0024115742611407233,0.004977332937709098,0.0,0.0,-0.05223939150569161
134,8.66,-0.00459770114942519,1.0,0.20261564366828683,0.1,0.1,0.1,0.10261564366828682,0.1,-0.0026156436682868156,0.0005729962140250122,0.10204264745426181,0,0,-0.00047179606284268805,2.6156436682868155e-06,0.8489247921826102,1.0369714627066806,0.18134218470509791,0.0003885651910779664,0.0,0.0,0.003235266409510914,0.0,0.0,-0.05173738829349339
135,8.67,0.0011547344110854256,1.0,0.2,0.1,0.1,0.1,0.1,0.1,0.0,0.0,0.1,0,0,0.00011547344110854257,0.0,0.849022820449606,1.0369714627066806,0.1812476514700753,0.0,0.0,0.0,0.002102923166182094,0.0,0.0,-0.04983052655889146
136,8.62,-0.005767012687427994,1.0,0.2,0.1,0.1,0.1,0.1,0.1,0.0,0.0,0.1,0,0,-0.0005767012687427994,0.0,0.8485331879118612,1.0369714627066806,0.1817198269882586,0.0004721755181832932,0.0,0.0,0.0013669000580183613,0.0,0.0,-0.0505227012687428
137,8.58,-0.004640371229698278,1.0,0.2,0.1,0.1,0.1,0.1,0.1,0.0,0.0,0.1,0,0,-0.0004640371229698278,0.0,0.8481394370125981,1.0369714627066806,0.18209953936552625,0.0003797123772676658,0.0,0.0,0.0008884850377119349,0.0,0.0,-0.050410037122969834
138,8.38,-0.02331002331002323,1.0,0.2,0.1,0.1,0.1,0.1,0.1,0.0,0.0,0.1,0,0,-0.0023310023310023228,0.0,0.8461624220079067,1.0369714627066806,0.1840060672457931,0.0019065278802668506,0.0,0.0,0.0005775152745127577,0.0,0.0,-0.052277002331002326
139,8.4,0.002386634844868684,1.0,0.2,0.1,0.1,0.1,0.1,0.1,0.0,0.0,0.1,0,0,0.00023866348448686842,0.0,0.846364370079985,1.0369714627066806,0.1838113192904818,0.0,0.0,0.0,0.0003753849284332925,0.0,0.0,-0.04970733651551314
140,8.32,-0.009523809523809532,1.0,0.2,0.1,0.1,0.1,0.1,0.1,0.0,0.0,0.1,0,0,-0.0009523809523809532,0.0,0.8455583087751469,1.0369714627066806,0.1845886418435385,0.0007773225530566807,0.0,0.0,0.00024400020348164014,0.0,0.0,-0.05089838095238096
141,8.72,0.04807692307692312,1.0,0.2,0.1,0.1,0.1,0.1,0.1,0.0,0.0,0.1,0,0,0.004807692307692312,0.0,0.8496234929519505,1.0369714627066806,0.18066839492932474,0.0,0.0,0.0,0.0001586001322630661,0.0,0.0,-0.04513830769230769
142,8.97,0.0286697247706422,1.0,0.2,0.1,0.1,0.1,0.1,0.1,0.0,0.0,0.1,0,0,0.0028669724770642203,0.0,0.8520593401221109,1.0369714627066806,0.17831939376799824,0.0,0.034488704980577656,0.0034488704980577658,0.001310194760291211,0.0,0.0,-0.047665335507605607
143,9.36,0.04347826086956508,1.0,0.2,0.10525189191408918,0.10525189191408918,0.10525189191408918,0.1,0.10525189191408918,0.005251891914089174,0.0,0.1,0,0,0.004347826086956508,5.2518919140891745e-06,0.8557594710251701,1.0369714627066806,0.17475118477080828,0.0,0.17212221715947446,0.01811618899648239,0.007192292742958124,0.0,0.0,-0.04589231578420977
144,10.61,0.13354700854700854,1.0,0.20525189191408919,0.11640257053369218,0.11640257053369218,0.11640257053369218,0.10525189191408918,0.10525189191408918,0.0,0.005251891914089174,0.1,1,0,0.014056075309039687,0.0,0.8677880905963239,1.0369714627066806,0.163151425275251,0.0,0.40008739793223136,0.046571201557447935,0.020974910828029554,0.0,0.0,-0.037050530314205306
145,10.68,0.006597549481621139,1.0,0.20525189191408919,0.15265178717919511,0.15265178717919511,0.15265178717919511,0.10525189191408918,0.15265178717919511,0.047399895265105935,0.0,0.10525189191408918,0,0,0.0006944045649374432,4.739989526510594e-05,0.8683495535432258,1.0369714627066806,0.16260998033959534,0.0,0.724180039525183,0.11054737727301933,0.05232527408377597,0.0,0.0,-0.036908517272085536
146,10.37,-0.029026217228464466,1.0,0.2526517871791951,0.15434381403273537,0.15434381403273537,0.15434381403273537,0.15265178717919511,0.15434381403273537,0.0016920268535402516,0.047399895265105935,0.10525189191408918,0,0,-0.004430903934976645,1.6920268535402518e-06,0.864500510818733,1.0369714627066806,0.16632179195921903,0.003711811619623695,0.7280255085901117,0.1123662337089198,0.07333960995257631,0.0,0.0,-0.06470371470892054
147,10.77,0.03857280617164902,1.0,0.25434381403273537,0.1427443776305595,0.1427443776305595,0.1427443776305595,0.15434381403273537,0.1427443776305595,-0.011599436402175867,0.0016920268535402516,0.15265178717919511,0,0,0.005953474022477744,1.1599436402175868e-05,0.8696372644336162,1.0369714627066806,0.16136818060189648,0.0,0.6159328300958568,0.08792094849426221,0.07844307844216637,0.0,0.0,-0.059506048737337995
148,10.74,-0.0027855153203342024,1.0,0.2427443776305595,0.15822444893659462,0.15822444893659462,0.15822444893659462,0.1427443776305595,0.15822444893659462,0.015480071306035126,0.0,0.1427443776305595,0,0,-0.0003976166507814943,1.5480071306035127e-05,0.8692780201302736,1.0369714627066806,0.16171461665752812,0.0003464360556316437,0.665122318258519,0.10523861228188447,0.08782151528606771,0.0,0.0,-0.05279261563173775
149,10.68,-0.005586592178770996,1.0,0.25822444893659463,0.1571418330097464,0.1571418330097464,0.1571418330097464,0.15822444893659462,0.1571418330097464,-0.0010826159268482183,0.015480071306035126,0.1427443776305595,0,0,-0.0008839354689195303,1.0826159268482184e-06,0.8685086933616989,1.0369714627066806,0.1624565143820485,0.0007418977245203795,0.5861251531818678,0.0921047809441171,0.089320658266385,0.0,0.0,-0.060310005872931456
150,10.5,-0.016853932584269638,1.0,0.2571418330097464,0.1548233985925276,0.1548233985925276,0.1548233985925276,0.1571418330097464,0.1548233985925276,-0.0023184344172187954,0.0,0.1571418330097464,0,0,-0.002648457859714823,2.3184344172187953e-06,0.8662064711060882,1.0369714627066806,0.1646766547990292,0.0022201404169807093,0.23057248736973693,0.03569801611651532,0.07055273351393061,0.0,0.0,-0.057280105418796516
151,10.91,0.03904761904761906,1.0,0.2548233985925276,0.14788546450688758,0.14788546450688758,0.14788546450688758,0.1548233985925276,0.14788546450688758,-0.0069379340856400296,0.0,0.1548233985925276,0,0,0.006045485087898699,6.93793408564003e-06,0.8714370997268002,1.0369714627066806,0.15963251539035242,0.0,0.12229578698380239,0.01808576926533499,0.05218929602692215,0.0,0.0,-0.04928243610768602
152,11.98,0.09807516040329975,1.0,0.2478854645068876,0.1636483784788299,0.1636483784788299,0.1636483784788299,0.14788546450688758,0.1636483784788299,0.01576291397194232,0.0,0.14788546450688758,0,0,0.014503890652829492,1.576291397194232e-05,0.8840625917440216,1.0369714627066806,0.14745716392574545,0.0,0.3638390699136264,0.05954167381861059,0.0547626282540131,0.0,0.0,-0.033093996105767264
153,11.92,-0.005008347245409057,1.0,0.26364837847882994,0.2016963515449227,0.2016963515449227,0.2016963515449227,0.1636483784788299,0.2016963515449227,0.03804797306609278,0.01576291397194232,0.14788546450688758,0,0,-0.0008196079055701065,3.804797306609279e-05,0.88330437026513,1.0369714627066806,0.1481883523008937,0.0007311883751482395,0.6058855212318321,0.12220489908635433,0.07836742304533253,0.0,0.0,-0.04032179174337613
154,11.75,-0.014261744966442946,1.0,0.3016963515449227,0.1994113981742609,0.1994113981742609,0.1994113981742609,0.2016963515449227,0.1994113981742609,-0.0022849533706617853,0.03804797306609278,0.1636483784788299,0,0,-0.0028765419263957082,2.2849533706617853e-06,0.8807614899009956,1.0369714627066806,0.15064057056878802,0.002452218267894324,0.5754155735554025,0.11474442405392708,0.09109937339834062,0.0,0.0,-0.06199949175591335
155,11.91,0.013617021276595757,1.0,0.2994113981742609,0.19174819663364814,0.19174819663364814,0.19174819663364814,0.1994113981742609,0.19174819663364814,-0.007663201540612757,0.0,0.1994113981742609,0,0,0.0027153892517346187,7.663201540612757e-06,0.8831463507312082,1.0369714627066806,0.1483407379157392,0.0,0.5169142071895457,0.09911736704290736,0.09390567117393897,0.0,0.0,-0.058422470562575365
156,11.9,-0.000839630562552459,1.0,0.29174819663364815,0.19893521294186597,0.19893521294186597,0.19893521294186597,0.19174819663364814,0.19893521294186597,0.007187016308217831,0.0,0.19174819663364814,0,0,-0.00016099764620792952,7.187016308217831e-06,0.8829978190602581,1.0369714627066806,0.14848397394131158,0.00014323602557236859,0.5780730512720683,0.11499908555076312,0.10128836620582743,0.0,0.0,-0.05461570352800829
157,12.13,0.01932773109243701,1.0,0.298935212941866,0.19848757274638262,0.19848757274638262,0.19848757274638262,0.19893521294186597,0.19848757274638262,-0.0004476401954833509,0.007187016308217831,0.19174819663364814,0,0,0.0038449663005570805,4.476401954833509e-07,0.8863925206526938,1.0369714627066806,0.14521030468953205,0.0,0.4694113456171713,0.09317231861116565,0.0984477495476958,0.0,0.0,-0.052878471378345754
158,12.27,0.011541632316570386,1.0,0.2984875727463826,0.20871777869937594,0.20871777869937594,0.20871777869937594,0.19848757274638262,0.20871777869937594,0.010230205952993315,0.0,0.19848757274638262,0,0,0.002290870584047265,1.0230205952993316e-05,0.888414063226135,1.0369714627066806,0.14326083679562815,0.0,0.26153260835802855,0.05458650507394156,0.08309631398188182,0.0,0.0,-0.04613402658065436
159,13.54,0.10350448247758758,1.0,0.30871777869937594,0.21480988562276074,0.21480988562276074,0.21480988562276074,0.20871777869937594,0.20871777869937594,0.0,0.010230205952993315,0.19848757274638262,1,0,0.02160322566815056,0.0,0.9076066727207679,1.0369714627066806,0.12475250731418155,0.0,0.30146403647165465,0.06475745519385191,0.07667771340607135,0.0,0.0,-0.02939328167755429
160,14.01,0.03471196454948306,1.0,0.30871777869937594,0.2726484168330563,0.2726484168330563,0.2726484168330563,0.20871777869937594,0.2726484168330563,0.06393063813368036,0.0,0.20871777869937594,0,0,0.007245004135059589,6.393063813368036e-05,0.9141242629438762,1.0369714627066806,0.11846729074120452,0.0,0.6718680110886177,0.18318374954408592,0.11167771340607135,0.0,0.0,-0.018900225650572682
161,12.64,-0.09778729478943607,1.0,0.3726484168330563,0.2922897072516145,0.2922897072516145,0.2922897072516145,0.2726484168330563,0.2922897072516145,0.01964129041855822,0.06393063813368036,0.20871777869937594,0,0,-0.02666155111072712,1.964129041855822e-05,0.8897343376057152,1.0369714627066806,0.1419876345648416,0.023520343823637074,0.7122001892860828,0.20816878483097356,0.1454495884047871,0.0,0.0,-0.10184480573582627
162,13.14,0.03955696202531645,1.0,0.3922897072516145,0.21878863535985454,0.21878863535985454,0.21878863535985454,0.2922897072516145,0.21878863535985454,-0.07350107189175997,0.01964129041855822,0.2726484168330563,0,0,0.011562092850142978,7.350107189175997e-05,0.89995613220156,1.0369714627066806,0.13213028075766534,0.0,0.33832233354135,0.07402108166727352,0.12044961104665736,0.0,0.0,-0.07996246003902038
163,13.0,-0.010654490106544944,1.0,0.3187886353598546,0.2495928745729361,0.2495928745729361,0.2495928745729361,0.21878863535985454,0.2495928745729361,0.030804239213081563,0.0,0.21878863535985454,0,0,-0.0023310813508660394,3.0804239213081565e-05,0.8978305387812098,1.0369714627066806,0.13418008974160986,0.0020498089839445233,0.42132475904806344,0.10515965773955582,0.11509812738917183,0.0,0.0,-0.04222690850663752
164,12.14,-0.0661538461538461,1.0,0.3495928745729361,0.24318723790481092,0.24318723790481092,0.24318723790481092,0.2495928745729361,0.24318723790481092,-0.006405636668125186,0.030804239213081563,0.21878863535985454,0,0,-0.016511528625594223,6.405636668125186e-06,0.8830002329629701,1.0369714627066806,0.14848164610221584,0.014301556360605983,0.3227638883805122,0.07849205851067345,0.1022860032816974,0.0,0.0,-0.08233637273503035
165,11.55,-0.04859967051070839,1.0,0.3431872379048109,0.19849483706246454,0.19849483706246454,0.19849483706246454,0.24318723790481092,0.19849483706246454,-0.04469240084234638,0.0,0.24318723790481092,0,0,-0.011818819634583064,4.469240084234638e-05,0.8725247490719304,1.0369714627066806,0.1585836443420679,0.010101998239852056,0.0,0.0,0.06648590213310332,0.0,0.0,-0.08447467555721772
166,11.68,0.011255411255411168,1.0,0.29849483706246455,0.16692612171401938,0.16692612171401938,0.16692612171401938,0.19849483706246454,0.16692612171401938,-0.03156871534844516,0.0,0.19849483706246454,0,0,0.002234141023213869,3.156871534844516e-05,0.8744465479221635,1.0369714627066806,0.15673036397771073,0.0,0.0,0.0,0.04321583638651716,0.0,0.0,-0.06360883879511459
167,12.01,0.028253424657534252,1.0,0.2669261217140194,0.17271759771032208,0.17271759771032208,0.17271759771032208,0.16692612171401938,0.17271759771032208,0.005791475996302697,0.0,0.16692612171401938,0,0,0.004716234603221439,5.7914759963026975e-06,0.8785655786539491,1.0369714627066806,0.15275819031631194,0.0,0.0,0.0,0.028090293651236154,0.0,0.0,-0.04232835730311969
168,12.08,0.005828476269775211,1.0,0.2727175977103221,0.18513063751367187,0.18513063751367187,0.18513063751367187,0.17271759771032208,0.18513063751367187,0.01241303980334979,0.005791475996302697,0.16692612171401938,0,0,0.0010066804196271935,1.241303980334979e-05,0.8794391077498408,1.0369714627066806,0.15191580542212055,0.0,0.0,0.0,0.0182586908733035,0.0,0.0,-0.04275214398707253
169,11.88,-0.01655629139072842,1.0,0.28513063751367185,0.18776311390304706,0.18776311390304706,0.18776311390304706,0.18513063751367187,0.18776311390304706,0.0026324763893751935,0.01241303980334979,0.17271759771032208,0,0,-0.003065076780027669,2.6324763893751937e-06,0.8767412442585414,1.0369714627066806,0.15451748115604816,0.002601675733927611,0.0,0.0,0.011868149067647275,0.0,0.0,-0.051669179852915956
170,12.12,0.02020202020202007,1.0,0.2877631139030471,0.1796328540912705,0.1796328540912705,0.1796328540912705,0.18776311390304706,0.1796328540912705,-0.008130259811776563,0.0026324763893751935,0.18513063751367187,0,0,0.003793194220263552,8.130259811776563e-06,0.880059765944826,1.0369714627066806,0.15131727574477993,0.0,0.0,0.0,0.007714296893970729,0.0,0.0,-0.050220102919684366
171,11.91,-0.017326732673267252,1.0,0.2796328540912705,0.1896335355957527,0.1896335355957527,0.1896335355957527,0.1796328540912705,0.1896335355957527,0.01000068150448219,0.0,0.1796328540912705,0,0,-0.0031124504421754656,1.000068150448219e-05,0.8773118223397461,1.0369714627066806,0.15396724607077839,0.002649970325998452,0.13062637165508115,0.02477114069899785,0.01368419222573022,0.0,0.0,-0.04993430237417229
172,11.49,-0.035264483627204024,1.0,0.28963353559575267,0.18135235496076155,0.18135235496076155,0.18135235496076155,0.1896335355957527,0.18135235496076155,-0.008281180634991142,0.01000068150448219,0.1796328540912705,0,0,-0.006687328711185232,8.281180634991142e-06,0.8714376846238773,1.0369714627066806,0.1596319513467908,0.005664705276012427,0.013964290090360945,0.002532456893242183,0.009781084859359407,0.0,0.0,-0.06097941822956164
173,11.06,-0.03742384682332461,1.0,0.28135235496076155,0.16365014799172167,0.16365014799172167,0.16365014799172167,0.18135235496076155,0.16365014799172167,-0.017702206969039874,0.0,0.18135235496076155,0,0,-0.006786902753100733,1.7702206969039876e-05,0.8655078954326939,1.0369714627066806,0.1653503239389406,0.005718372592149801,0.0,0.0,0.006357705158583615,0.0,0.0,-0.06563554490274895
174,11.07,0.0009041591320072139,1.0,0.2636501479917217,0.14578025639312434,0.14578025639312434,0.14578025639312434,0.16365014799172167,0.14578025639312434,-0.017869891598597337,0.0,0.16365014799172167,0,0,0.00014796577576104718,1.786989159859734e-05,0.8656204944475997,1.0369714627066806,0.16524173945136764,0.0,0.0,0.0,0.00413250835307935,0.0,0.0,-0.05879267751178788
175,11.12,0.004516711833784908,1.0,0.24578025639312434,0.14611958377318127,0.14611958377318127,0.14611958377318127,0.14578025639312434,0.14611958377318127,0.00033932738005693075,0.0,0.14578025639312434,0,0,0.0006584474091830227,3.3932738005693076e-07,0.8661901662907701,1.0369714627066806,0.1646923782937487,0.0,0.0,0.0,0.002686130429501577,0.0,0.0,-0.049098554683392095
176,11.57,0.04046762589928067,1.0,0.24611958377318127,0.14783633724107723,0.14783633724107723,0.14783633724107723,0.14611958377318127,0.14783633724107723,0.0017167534678959595,0.00033932738005693075,0.14578025639312434,0,0,0.005913112652691702,1.7167534678959596e-06,0.8713105592877294,1.0369714627066806,0.15975454424420388,0.0,0.0,0.0,0.0017459847791760253,0.0,0.0,-0.04316064755118652
177,12.38,0.07000864304235095,1.0,0.24783633724107723,0.16326704845065837,0.16326704845065837,0.16326704845065837,0.14783633724107723,0.16326704845065837,0.015430711209581144,0.0017167534678959595,0.14611958377318127,0,0,0.01034982136259919,1.5430711209581143e-05,0.8803150229860894,1.0369714627066806,0.1510711194613687,0.0,0.0,0.0,0.0011348901064644164,0.0,0.0,-0.03192229468144883
178,12.83,0.036348949919224494,1.0,0.2632670484506584,0.1904027614762467,0.1904027614762467,0.1904027614762467,0.16326704845065837,0.1904027614762467,0.027135713025588343,0.015430711209581144,0.14783633724107723,0,0,0.00593458576759258,2.7135713025588344e-05,0.8855154400166648,1.0369714627066806,0.14605611449970718,0.0,0.2474732673705312,0.04711959349889868,0.01722953629381641,0.0,0.0,-0.03406305624073299
179,12.9,0.005455962587685135,1.0,0.2904027614762467,0.2060746386665215,0.2060746386665215,0.2060746386665215,0.1904027614762467,0.2060746386665215,0.015671877190274797,0.027135713025588343,0.16326704845065837,0,0,0.0010388303432063385,1.5671877190274796e-05,0.8864214626359058,1.0369714627066806,0.1451823945837549,0.0,0.45396360066283464,0.09355038497434671,0.043941833332002016,0.0,0.0,-0.0473703502438598
180,12.66,-0.018604651162790715,1.0,0.3060746386665215,0.2088049970584876,0.2088049970584876,0.2088049970584876,0.2060746386665215,0.2088049970584876,0.0027303583919660868,0.015671877190274797,0.1904027614762467,0,0,-0.003833946765888776,2.730358391966087e-06,0.8830205496877392,1.0369714627066806,0.14846205373588778,0.00327965915213288,0.47328996647647864,0.09882531005793281,0.06315105018607779,0.0,0.0,-0.05888297092830403
181,12.44,-0.017377567140600365,1.0,0.30880499705848763,0.19855607152174473,0.19855607152174473,0.19855607152174473,0.2088049970584876,0.19855607152174473,-0.010248925536742864,0.0027303583919660868,0.2060746386665215,0,0,-0.00362852285567673,1.0248925536742865e-05,0.879807439429304,1.0369714627066806,0.15156060598538604,0.00309855224949826,0.41437500275200656,0.08227667268325059,0.06984501806008828,0.0,0.0,-0.06452282672871598
182,13.03,0.04742765273311896,1.0,0.29855607152174474,0.18887311071358864,0.18887311071358864,0.18887311071358864,0.19855607152174473,0.18887311071358864,-0.009682960808156088,0.0,0.19855607152174473,0,0,0.00941704840818564,9.682960808156087e-06,0.888084109535337,1.0369714627066806,0.14357902654593893,0.0,0.2596336176434187,0.04903780901013496,0.06256249489260461,0.0,0.0,-0.04909762336683566
183,12.72,-0.02379125095932454,1.0,0.2888731107135887,0.21381555907598496,0.21381555907598496,0.21381555907598496,0.18887311071358864,0.21381555907598496,0.024942448362396313,0.0,0.18887311071358864,0,0,-0.004493527576455276,2.4942448362396312e-05,0.8840713281068847,1.0369714627066806,0.14744873904311626,0.0038697124971773245,0.2726354428436177,0.05829369963553686,0.0610684165526309,0.0,0.0,-0.045737583201230364
184,12.49,-0.018081761006289342,1.0,0.31381555907598496,0.20172270797378397,0.20172270797378397,0.20172270797378397,0.21381555907598496,0.20172270797378397,-0.012092851102200985,0.024942448362396313,0.18887311071358864,0,0,-0.0038661618386381003,1.2092851102200986e-05,0.8806426743325894,1.0369714627066806,0.1507551499691662,0.003306410926049941,0.0592414370096019,0.011950343097835242,0.04387709084345242,0.0,0.0,-0.060696705272718574
185,12.53,0.0032025620496396435,1.0,0.301722707973784,0.19139014966984172,0.19139014966984172,0.19139014966984172,0.20172270797378397,0.19139014966984172,-0.010332558303942252,0.0,0.20172270797378397,0,0,0.0006460294891073808,1.0332558303942252e-05,0.8812024961777971,1.0369714627066806,0.15021528762450095,0.0,0.0,0.0,0.028520109048244074,0.0,0.0,-0.05447389019906397
186,12.32,-0.016759776536312776,1.0,0.2913901496698417,0.19307724051373656,0.19307724051373656,0.19307724051373656,0.19139014966984172,0.19307724051373656,0.001687090843894845,0.0,0.19139014966984172,0,0,-0.003207656139718004,1.687090843894845e-06,0.8783744149119347,1.0369714627066806,0.15294253843859823,0.002727250814097276,0.02252837668624241,0.004349716803833681,0.020060471762700437,0.0,0.0,-0.05259829960435235
187,13.1,0.06331168831168826,1.0,0.29307724051373657,0.18455456793515065,0.18455456793515065,0.18455456793515065,0.19307724051373656,0.18455456793515065,-0.00852267257858591,0.001687090843894845,0.19139014966984172,0,0,0.012224046071486559,8.522672578585911e-06,0.8891042181302936,1.0369714627066806,0.14259528819667525,0.0,0.0,0.0,0.013039306645755285,0.0,0.0,-0.04198534573677638
188,14.73,0.12442748091603059,1.0,0.28455456793515066,0.21688971519636605,0.21688971519636605,0.21688971519636605,0.18455456793515065,0.18455456793515065,0.0,0.0,0.18455456793515065,1,0,0.02296365997971723,0.0,0.9095213050819699,1.0369714627066806,0.12290613792981633,0.0,0.12688200400293023,0.027519401711739715,0.018107339918849837,0.0,0.0,-0.012613610359274826
189,16.43,0.1154107264086897,1.0,0.28455456793515066,0.27841830942869256,0.27841830942869256,0.27841830942869256,0.18455456793515065,0.18455456793515065,0.0,0.0,0.18455456793515065,1,0,0.02129957674743761,0.0,0.9288937239229929,1.0369714627066806,0.10422440989994611,0.0,0.6335397976223356,0.1763890794098067,0.05310733991884983,0.0,0.0,0.009158627957992884
190,14.71,-0.10468654899573944,1.0,0.28455456793515066,0.3367987306790214,0.28455456793515066,0.28455456793515066,0.18455456793515065,0.28455456793515066,0.1,0.0,0.18455456793515065,0,1,-0.019320380818530672,0.0001,0.9108542540644652,1.0369714627066806,0.12162071298763324,0.017396303087687137,0.8428812780247289,0.28388134455184,0.08810733991884984,0.0,0.0,-0.044103091058249465
191,13.9,-0.05506458191706325,1.0,0.38455456793515064,0.2824352666744095,0.2824352666744095,0.2824352666744095,0.28455456793515066,0.2824352666744095,-0.0021193012607411688,0.1,0.18455456793515065,0,0,-0.015668878315939643,2.1193012607411688e-06,0.8965802592194041,1.0369714627066806,0.13538579270140222,0.013765079713768974,0.613550358434025,0.17328825910249337,0.11792066163312506,0.0,0.0,-0.08121898527303943
192,14.0,0.007194244604316521,1.0,0.3824352666744095,0.23941938616473618,0.23941938616473618,0.23941938616473618,0.2824352666744095,0.23941938616473618,-0.04301588050967331,0.0,0.2824352666744095,0,0,0.0020319083933410683,4.301588050967331e-05,0.8983634609841181,1.0369714627066806,0.13366616797801828,0.0,0.45253707583202796,0.1083461489124888,0.11456958218090238,0.0,0.0,-0.07536070172683909
193,13.75,-0.017857142857142856,1.0,0.3394193861647362,0.24479321055245779,0.24479321055245779,0.24479321055245779,0.23941938616473618,0.24479321055245779,0.005373824387721604,0.0,0.23941938616473618,0,0,-0.004275346181513146,5.373824387721604e-06,0.894517818544113,1.0369714627066806,0.13737470054454357,0.0037085325665252855,0.32042251958783285,0.0784372573032134,0.10192326847371123,0.0,0.0,-0.055557027173285436
194,12.99,-0.05527272727272726,1.0,0.3447932105524578,0.23320406526473128,0.23320406526473128,0.23320406526473128,0.24479321055245779,0.23320406526473128,-0.011589145287726504,0.005373824387721604,0.23941938616473618,0,0,-0.0135303883650813,1.1589145287726505e-05,0.8824042783627644,1.0369714627066806,0.14905635294964464,0.011681652405101078,0.0,0.0,0.0662501245079123,0.0,0.0,-0.07263312501541626
195,12.83,-0.012317167051578148,1.0,0.3332040652647313,0.1966988746095985,0.1966988746095985,0.1966988746095985,0.23320406526473128,0.1966988746095985,-0.036505190655132774,0.0,0.23320406526473128,0,0,-0.0028724134289728285,3.650519065513278e-05,0.8798374361273955,1.0369714627066806,0.15153167876880358,0.0024753258191589356,0.0,0.0,0.043062580930143,0.0,0.0,-0.07119447705808517
196,12.32,-0.039750584567420096,1.0,0.29669887460959854,0.18896349556945397,0.18896349556945397,0.18896349556945397,0.1966988746095985,0.18896349556945397,-0.007735379040144541,0.0,0.1966988746095985,0,0,-0.007818895249485206,7.735379040144542e-06,0.8729512735016776,1.0369714627066806,0.1581723269190852,0.0066406481502816195,0.0,0.0,0.02799067760459295,0.0,0.0,-0.06162944019949117
197,12.24,-0.006493506493506499,1.0,0.288963495569454,0.16821148656535886,0.16821148656535886,0.16821148656535886,0.18896349556945397,0.16821148656535886,-0.0207520090040951,0.0,0.18896349556945397,0,0,-0.001227035685515936,2.07520090040951e-05,0.8718620156446866,1.0369714627066806,0.159222749130462,0.0010504222113768003,0.0,0.0,0.018193940442985418,0.0,0.0,-0.06161247439867023
198,10.74,-0.12254901960784313,1.0,0.26821148656535887,0.16492890045278147,0.16492890045278147,0.16492890045278147,0.16821148656535886,0.16821148656535886,0.0,0.0,0.16821148656535886,0,1,-0.020614152765362603,0.0,0.8538893188638701,1.0369714627066806,0.1765546598215282,0.01733191069106621,0.0,0.0,0.011826061287940523,0.0,0.0,-0.08683531737437203
199,11.0,0.02420856610800743,1.0,0.26821148656535887,0.11076667197347706,0.11076667197347706,0.11076667197347706,0.16821148656535886,0.11076667197347706,-0.057444814591881804,0.0,0.16821148656535886,0,0,0.0040721588926436935,5.74448145918818e-05,0.8573174403334111,1.0369714627066806,0.17324876222180743,0.0,0.0,0.0,0.00768693983716134,0.0,0.0,-0.07484965161914864
200,10.78,-0.02000000000000006,1.0,0.21076667197347707,0.12109760046291376,0.12109760046291376,0.12109760046291376,0.11076667197347706,0.12109760046291376,0.010330928489436703,0.0,0.11076667197347706,0,0,-0.002215333439469548,1.0330928489436702e-05,0.8554093394544312,1.0369714627066806,0.17508883299289632,0.0018400707710888864,0.0,0.0,0.004996510894154871,0.0,0.0,-0.04703249858997864
201,10.65,-0.012059369202226253,1.0,0.22109760046291377,0.11534738205666603,0.11534738205666603,0.11534738205666603,0.12109760046291376,0.11534738205666603,-0.005750218406247731,0.010330928489436703,0.11076667197347706,0,0,-0.0014603606734859618,5.750218406247731e-06,0.8541552145048308,1.0369714627066806,0.1762982442396889,0.00120941124679258,0.0,0.0,0.003247732081200666,0.0,0.0,-0.05430012044133234
202,11.04,0.036619718309859044,1.0,0.21534738205666604,0.1115679819166662,0.1115679819166662,0.1115679819166662,0.11534738205666603,0.1115679819166662,-0.0037794001399998334,0.0,0.11534738205666603,0,0,0.0042239886386948,3.7794001399998334e-06,0.8577599282322439,1.0369714627066806,0.17282205048021537,0.0,0.0,0.0,0.002111025852780433,0.0,0.0,-0.0476232463915385
203,10.7,-0.030797101449275353,1.0,0.2115679819166662,0.12243111469136028,0.12243111469136028,0.12243111469136028,0.1115679819166662,0.12243111469136028,0.010863132774694084,0.0,0.1115679819166662,0,0,-0.003435970457578487,1.0863132774694084e-05,0.8548033724991541,1.0369714627066806,0.17567319522181962,0.00285114474160425,0.0,0.0,0.0013721668043072816,0.0,0.0,-0.047988823125609495
204,10.43,-0.025233644859813047,1.0,0.2224311146913603,0.11352124475238282,0.11352124475238282,0.11352124475238282,0.12243111469136028,0.11352124475238282,-0.008909869938977466,0.010863132774694084,0.1115679819166662,0,0,-0.003089383267912825,8.909869938977467e-06,0.8521549410759274,1.0369714627066806,0.17822720130441114,0.0025540060825915145,0.0,0.0,0.000891908422799733,0.0,0.0,-0.057524032149081604
205,10.71,0.026845637583892728,1.0,0.21352124475238282,0.10553999655254287,0.10553999655254287,0.10553999655254287,0.11352124475238282,0.10553999655254287,-0.007981248199839946,0.0,0.11352124475238282,0,0,0.003047550194694853,7.981248199839947e-06,0.854745124772424,1.0369714627066806,0.17572936622442176,0.0,0.0,0.0,0.0005797404748198265,0.0,0.0,-0.05092234873871626
206,10.65,-0.0056022408963585894,1.0,0.20553999655254288,0.11334573701319875,0.11334573701319875,0.11334573701319875,0.10553999655254287,0.11334573701319875,0.00780574046065588,0.0,0.10553999655254287,0,0,-0.0005912604848882003,7.80574046065588e-06,0.8542330758368912,1.0369714627066806,0.17622315892166365,0.000493792697241896,0.0,0.0,0.00037683130863288726,0.0,0.0,-0.04666321699808473
207,10.02,-0.05915492957746486,1.0,0.21334573701319876,0.11180262863933763,0.11180262863933763,0.11180262863933763,0.11334573701319875,0.11180262863933763,-0.001543108373861124,0.00780574046065588,0.10553999655254287,0,0,-0.006704959090921624,1.543108373861124e-06,0.8485041598350802,1.0369714627066806,0.18174782011808416,0.005524661196420505,0.0,0.0,0.0002449403506113767,0.0,0.0,-0.057423875585013356
208,10.02,0.0,1.0,0.21180262863933763,0.1,0.1,0.1,0.11180262863933763,0.1,-0.01180262863933762,0.0,0.11180262863933763,0,0,0.0,1.180262863933762e-05,0.8484941452555828,1.0369714627066806,0.18175747764469663,9.6575266124721e-06,0.0,0.0,0.00015921122789739486,0.0,0.0,-0.05590042614854583
209,10.32,0.029940119760479115,1.0,0.2,0.1,0.1,0.1,0.1,0.1,0.0,0.0,0.1,0,0,0.0029940119760479117,0.0,0.8510345468880844,1.0369714627066806,0.17930764973345326,0.0,0.0,0.0,0.00010348729813330666,0.0,0.0,-0.04695198802395209
210,10.19,-0.012596899224806278,1.0,0.2,0.1021635796905741,0.1021635796905741,0.1021635796905741,0.1,0.1021635796905741,0.0021635796905740967,0.0,0.1,0,0,-0.001259689922480628,2.1635796905740966e-06,0.849960665964625,1.0369714627066806,0.1803432432498422,0.001035593516388933,0.0,0.0,6.726674378664934e-05,0.0,0.0,-0.050132600476195936
211,9.86,-0.03238469087340531,1.0,0.2021635796905741,0.1,0.1,0.1,0.1021635796905741,0.1,-0.0021635796905740967,0.0021635796905740967,0.1,0,0,-0.003308535946799751,2.1635796905740966e-06,0.8471467015902806,1.0369714627066806,0.1830568804862995,0.002713637236457317,0.0,0.0,4.372338346132207e-05,0.0,0.0,-0.05434606190069439
212,9.72,-0.014198782961460325,1.0,0.2,0.1,0.1,0.1,0.1,0.1,0.0,0.0,0.1,0,0,-0.0014198782961460325,0.0,0.8459438563750409,1.0369714627066806,0.1842168402908828,0.0011599598045833048,0.0,0.0,2.8420199249859347e-05,0.0,0.0,-0.051365878296146035
213,10.08,0.03703703703703698,1.0,0.2,0.1,0.1,0.1,0.1,0.1,0.0,0.0,0.1,0,0,0.003703703703703698,0.0,0.8490769817690226,1.0369714627066806,0.181195421180849,0.0,0.0,0.0,1.8473129512408577e-05,0.0,0.0,-0.04624229629629631
214,10.22,0.013888888888888945,1.0,0.2,0.1,0.1,0.1,0.1,0.1,0.0,0.0,0.1,0,0,0.0013888888888888946,0.0,0.8502562553548129,1.0369714627066806,0.18005819259915576,0.0,0.0,0.0,1.2007534183065576e-05,0.0,0.0,-0.048557111111111106
215,10.45,0.022504892367905933,1.0,0.2,0.1,0.1,0.1,0.1,0.1,0.0,0.0,0.1,0,0,0.0022504892367905933,0.0,0.8521697479060026,1.0369714627066806,0.1782129223868056,0.0,0.0,0.0,7.804897218992626e-06,0.0,0.0,-0.04769551076320941
216,10.29,-0.01531100478468901,1.0,0.2,0.1055846069038664,0.1055846069038664,0.1055846069038664,0.1,0.1055846069038664,0.00558460690386639,0.0,0.1,0,0,-0.001531100478468901,5.58460690386639e-06,0.8508602313641895,1.0369714627066806,0.17947575033232596,0.0012628279455203506,0.05376545238079297,0.005676804154634574,0.001991954637314446,0.0,0.0,-0.04961227078196664
217,10.5,0.020408163265306208,1.0,0.2055846069038664,0.10163826719236882,0.10163826719236882,0.10163826719236882,0.1055846069038664,0.10163826719236882,-0.003946339711497576,0.00558460690386639,0.1,0,0,0.0021547878959972825,3.946339711497576e-06,0.8526902969083986,1.0369714627066806,0.1777109326782005,0.0,0.09719448365916805,0.009878678899774847,0.004752308129175586,0.0,0.0,-0.051428885036742665
218,10.2,-0.02857142857142864,1.0,0.20163826719236883,0.10715332664852908,0.10715332664852908,0.10715332664852908,0.10163826719236882,0.10715332664852908,0.005515059456160265,0.0,0.10163826719236882,0,0,-0.0029039504912105447,5.515059456160265e-06,0.8502094238641559,1.0369714627066806,0.1801033543922631,0.0023924217140625925,0.23544642137564972,0.025228867297892216,0.011919103838226407,0.0,0.0,-0.05406589804451736
219,9.9,-0.029411764705882252,1.0,0.2071533266485291,0.1,0.1,0.1,0.10715332664852908,0.1,-0.007153326648529079,0.005515059456160265,0.10163826719236882,0,0,-0.00315156843083908,7.1533266485290795e-06,0.8475238488585751,1.0369714627066806,0.1826931797656354,0.0025898253733722953,0.008039015802446654,0.0008039015802446655,0.008028783047932798,0.0,0.0,-0.056843084993663605
220,9.9,0.0,1.0,0.2,0.1,0.1,0.1,0.1,0.1,0.0,0.0,0.1,0,0,0.0,0.0,0.8475238488585751,1.0369714627066806,0.1826931797656354,0.0,0.0,0.0,0.005218708981156318,0.0,0.0,-0.049946000000000004
221,9.65,-0.025252525252525252,1.0,0.2,0.1,0.1,0.1,0.1,0.1,0.0,0.0,0.1,0,0,-0.0025252525252525255,0.0,0.8453836371190333,1.0369714627066806,0.1847570858773383,0.002063906111702901,0.0,0.0,0.003392160837751607,0.0,0.0,-0.05247125252525253
222,8.5,-0.11917098445595858,1.0,0.2,0.1,0.1,0.1,0.1,0.1,0.0,0.0,0.1,0,1,-0.01191709844559586,0.0,0.8353091170911899,1.0369714627066806,0.19447241594201248,0.009715330064674177,0.0,0.0,0.0022049045445385446,0.0,0.0,-0.061863098445595864
223,8.92,0.04941176470588234,1.0,0.2,0.1,0.1,0.1,0.1,0.1,0.0,0.0,0.1,0,0,0.004941176470588234,0.0,0.8394365268462287,1.0369714627066806,0.1904921619972554,0.0,0.0,0.0,0.001433187953950054,0.0,0.0,-0.04500482352941177
224,8.73,-0.021300448430493217,1.0,0.2,0.1,0.1,0.1,0.1,0.1,0.0,0.0,0.1,0,0,-0.002130044843049322,0.0,0.8376484894011527,1.0369714627066806,0.19221644999300116,0.0017242879957457546,0.0,0.0,0.0009315721700675351,0.0,0.0,-0.05207604484304933
225,8.76,0.0034364261168384146,1.0,0.2,0.1,0.1,0.1,0.1,0.1,0.0,0.0,0.1,0,0,0.0003436426116838415,0.0,0.8379363411157235,1.0369714627066806,0.19193886114420156,0.0,0.0,0.0,0.0006055219105438978,0.0,0.0,-0.049602357388316164
226,8.63,-0.014840182648401713,1.0,0.2,0.1,0.1,0.1,0.1,0.1,0.0,0.0,0.1,0,0,-0.0014840182648401714,0.0,0.8366928282807344,1.0369714627066806,0.19313803863337106,0.0011991774891695062,0.0,0.0,0.0003935892418535336,0.0,0.0,-0.05143001826484018
227,8.51,-0.01390498261877184,1.0,0.2,0.1,0.1,0.1,0.1,0.1,0.0,0.0,0.1,0,0,-0.0013904982618771842,0.0,0.835529408357285,1.0369714627066806,0.19425997878822618,0.0011219401548551167,0.0,0.0,0.00025583300720479683,0.0,0.0,-0.05133649826187719
228,8.47,-0.004700352526439383,1.0,0.2,0.1,0.1,0.1,0.1,0.1,0.0,0.0,0.1,0,0,-0.0004700352526439383,0.0,0.8351366800807364,1.0369714627066806,0.19463870500266173,0.00037872621443554855,0.0,0.0,0.00016629145468311795,0.0,0.0,-0.050416035252643945
229,8.66,0.02243211334120419,1.0,0.2,0.1,0.1,0.1,0.1,0.1,0.0,0.0,0.1,0,0,0.002243211334120419,0.0,0.8370100681470332,1.0369714627066806,0.19283210941766182,0.0,0.0,0.0,0.00010808944554402667,0.0,0.0,-0.047702788665879584
230,8.9,0.027713625866050834,1.0,0.2,0.1,0.1,0.1,0.1,0.1,0.0,0.0,0.1,0,0,0.0027713625866050834,0.0,0.8393297265345075,1.0369714627066806,0.19059515452459305,0.0,0.0,0.0,7.025813960361734e-05,0.0,0.0,-0.04717463741339492
231,9.27,0.04157303370786508,1.0,0.2,0.1,0.1,0.1,0.1,0.1,0.0,0.0,0.1,0,0,0.0041573033707865085,0.0,0.8428190748358307,1.0369714627066806,0.18723021303216725,0.0,0.0,0.0,4.566779074235127e-05,0.0,0.0,-0.0457886966292135
232,9.19,-0.008629989212513492,1.0,0.2,0.1,0.1,0.1,0.1,0.1,0.0,0.0,0.1,0,0,-0.0008629989212513493,0.0,0.8420917228834374,1.0369714627066806,0.18793163248154615,0.0007014194493789039,0.18610155866969919,0.01861015586696992,0.006543238617422,0.0,0.0,-0.053972725418636236
233,8.99,-0.021762785636561404,1.0,0.2,0.1,0.1,0.1,0.1,0.1,0.0,0.0,0.1,0,0,-0.0021762785636561407,0.0,0.8402590967182939,1.0369714627066806,0.18969891946199977,0.001767286980453614,0.19153562823803555,0.019153562823803556,0.010956852089655543,0.0,0.0,-0.05537838424370275
234,9.06,0.007786429365962212,1.0,0.2,0.1,0.1,0.1,0.1,0.1,0.0,0.0,0.1,0,0,0.0007786429365962212,0.0,0.8409133585288643,1.0369714627066806,0.1890679842491226,0.0,0.12152601481388832,0.012152601481388832,0.011375364376762193,0.0,0.0,-0.051233299315239886
235,9.1,0.004415011037527499,1.0,0.2,0.1,0.1,0.1,0.1,0.1,0.0,0.0,0.1,0,0,0.00044150110375274995,0.0,0.8412846227048153,1.0369714627066806,0.18870995686910008,0.0,0.1005685640776572,0.01005685640776572,0.010913886587613428,0.0,0.0,-0.051214164485567426
236,9.0,-0.01098901098901095,1.0,0.2,0.1,0.1,0.1,0.1,0.1,0.0,0.0,0.1,0,0,-0.001098901098901095,0.0,0.8403601341084364,1.0369714627066806,0.18960148438902416,0.0008915275199240791,0.04966524311734952,0.004966524311734952,0.00883230979105596,0.0,0.0,-0.05188921023189604
237,10.21,0.13444444444444453,1.0,0.2,0.1,0.1,0.1,0.1,0.1,0.0,0.0,0.1,1,0,0.013444444444444453,0.0,0.851658309244783,1.0369714627066806,0.17870612656803223,0.0,0.0,0.0,0.0057410013641863746,0.0,0.0,-0.03650155555555555
238,10.25,0.00391772771792352,1.0,0.2,0.1040433611751545,0.1040433611751545,0.1040433611751545,0.1,0.1040433611751545,0.004043361175154497,0.0,0.1,0,0,0.00039177277179235206,4.0433611751544975e-06,0.8519885222190737,1.0369714627066806,0.17838768677854297,0.0,0.461903322959253,0.048057974258653595,0.020551941877249902,0.0,0.0,-0.055345137993241734
239,10.36,0.010731707317073116,1.0,0.2040433611751545,0.10503847934611871,0.10503847934611871,0.10503847934611871,0.1040433611751545,0.10503847934611871,0.0009951181709642043,0.004043361175154497,0.1,0,0,0.0011165629004162864,9.951181709642044e-07,0.8529389731653042,1.0369714627066806,0.17747112255241698,0.0,0.5192800509758734,0.05454438690928075,0.032449297638460696,0.0,0.0,-0.05708322221978834
240,10.21,-0.014478764478764342,1.0,0.2050384793461187,0.1079027619243128,0.1079027619243128,0.1079027619243128,0.10503847934611871,0.1079027619243128,0.0028642825781940995,0.0009951181709642043,0.1040433611751545,0,0,-0.0015208274036600056,2.8642825781940997e-06,0.8516393571430236,1.0369714627066806,0.17872440296467476,0.001253280412257779,0.5364598905215772,0.057885503848892655,0.04135196981211188,0.0,0.0,-0.059036452227593544
241,10.1,-0.010773751224290029,1.0,0.2079027619243128,0.10398622453520256,0.10398622453520256,0.10398622453520256,0.1079027619243128,0.10398622453520256,-0.003916537389110242,0.0028642825781940995,0.10503847934611871,0,0,-0.0011625175133863407,3.916537389110242e-06,0.8506459759978715,1.0369714627066806,0.17968236678612767,0.0009579638214529118,0.4761930970307461,0.04951752230995266,0.044209913186356156,0.0,0.0,-0.06112084304372354
242,9.63,-0.04653465346534642,1.0,0.20398622453520257,0.10099258125139599,0.10099258125139599,0.10099258125139599,0.10398622453520256,0.10099258125139599,-0.0029936432838065796,0.0,0.10398622453520256,0,0,-0.004838962923915355,2.9936432838065795e-06,0.846527185128027,1.0369714627066806,0.1836543091374569,0.003971942351329222,0.4566966035464999,0.04612296884090647,0.044879482665448764,0.0,0.0,-0.06404502311842844
243,9.66,0.0031152647975077213,1.0,0.200992581251396,0.1,0.1,0.1,0.10099258125139599,0.1,-0.0009925812513959797,0.0,0.10099258125139599,0,0,0.0003146186331819122,9.925812513959797e-07,0.8467926781069506,1.0369714627066806,0.1833982818614212,0.0,0.0,0.0,0.029171663732541698,0.0,0.0,-0.050132138608147365
244,9.68,0.0020703933747411567,1.0,0.2,0.1,0.1,0.1,0.1,0.1,0.0,0.0,0.1,0,0,0.0002070393374741157,0.0,0.8469679975020037,1.0369714627066806,0.18322921318271765,0.0,0.0,0.0,0.018961581426152105,0.0,0.0,-0.04973896066252589
245,9.74,0.006198347107438068,1.0,0.2,0.1,0.1,0.1,0.1,0.1,0.0,0.0,0.1,0,0,0.0006198347107438068,0.0,0.8474929776657446,1.0369714627066806,0.18272295029832678,0.0,0.0,0.0,0.012325027926998869,0.0,0.0,-0.0493261652892562
246,9.72,-0.0020533880903490323,1.0,0.2,0.1,0.1,0.1,0.1,0.1,0.0,0.0,0.1,0,0,-0.00020533880903490323,0.0,0.8473189544670452,1.0369714627066806,0.18289076899436416,0.00016781869603738064,0.0,0.0,0.008011268152549265,0.0,0.0,-0.050151338809034905
247,9.71,-0.0010288065843621179,1.0,0.2,0.1,0.1,0.1,0.1,0.1,0.0,0.0,0.1,0,0,-0.0001028806584362118,0.0,0.8472317817351042,1.0369714627066806,0.1829748337300643,8.406473570013451e-05,0.0,0.0,0.005207324299157022,0.0,0.0,-0.05004888065843622
248,9.61,-0.01029866117404752,1.0,0.2,0.1,0.1,0.1,0.1,0.1,0.0,0.0,0.1,0,0,-0.001029866117404752,0.0,0.8463592464295068,1.0369714627066806,0.18381626026587264,0.0008414265358083484,0.05873419509014223,0.0058734195090142235,0.005440457622607043,0.0,0.0,-0.05197434743393717
249,9.76,0.015608740894901182,1.0,0.2,0.1,0.1,0.1,0.1,0.1,0.0,0.0,0.1,0,0,0.0015608740894901183,0.0,0.847680306647659,1.0369714627066806,0.18254230021425843,0.0,0.0,0.0,0.0035362974546945783,0.0,0.0,-0.048385125910509884
250,9.31,-0.04610655737704911,1.0,0.2,0.1,0.1,0.1,0.1,0.1,0.0,0.0,0.1,0,0,-0.004610655737704911,0.0,0.8437719445780746,1.0369714627066806,0.18631131624810657,0.0037690160338481327,0.04856463117151222,0.004856463117151222,0.003998355436554404,0.0,0.0,-0.05538225446762062
251,9.41,0.010741138560687395,1.0,0.2,0.1,0.1,0.1,0.1,0.1,0.0,0.0,0.1,0,0,0.0010741138560687396,0.0,0.844678251715108,1.0369714627066806,0.18543732195836227,0.0,0.0,0.0,0.0025989310337603626,0.0,0.0,-0.048871886143931266
252,9.2,-0.022316684378321027,1.0,0.2,0.1,0.1,0.1,0.1,0.1,0.0,0.0,0.1,0,0,-0.0022316684378321026,0.0,0.8427932099206322,1.0369714627066806,0.18725515577758378,0.0018178338192215149,0.0,0.0,0.0016893051719442359,0.0,0.0,-0.05217766843783211
253,9.38,0.019565217391304512,1.0,0.2,0.1,0.1,0.1,0.1,0.1,0.0,0.0,0.1,0,0,0.0019565217391304514,0.0,0.8444421531574334,1.0369714627066806,0.18566500282149648,0.0,0.0,0.0,0.0010980483617637534,0.0,0.0,-0.04798947826086955
254,10.01,0.0671641791044775,1.0,0.2,0.1,0.1,0.1,0.1,0.1,0.0,0.0,0.1,0,0,0.006716417910447751,0.0,0.8501137795592371,1.0369714627066806,0.1801955886613424,0.0,0.0,0.0,0.0007137314351464397,0.0,0.0,-0.04322958208955226
255,10.36,0.03496503496503493,1.0,0.2,0.1,0.1,0.1,0.1,0.1,0.0,0.0,0.1,0,0,0.0034965034965034935,0.0,0.8530862053618917,1.0369714627066806,0.17732913967064778,0.0,0.12364145678628925,0.012364145678628926,0.004791376420365309,0.0,0.0,-0.048551401268863426
256,10.2,-0.015444015444015458,1.0,0.2,0.10834644399885407,0.10834644399885407,0.10834644399885407,0.1,0.10834644399885407,0.008346443998854064,0.0,0.1,0,0,-0.001544401544401546,8.346443998854063e-06,0.851761577472584,1.0369714627066806,0.17860654019413977,0.0012774005234919839,0.38499669385699975,0.04171302273072139,0.017713952628989935,0.0,0.0,-0.05379931724294472
257,10.26,0.00588235294117652,1.0,0.20834644399885408,0.10435456261345838,0.10435456261345838,0.10435456261345838,0.10834644399885407,0.10435456261345838,-0.00399188138539569,0.008346443998854064,0.1,0,0,0.0006373320235226763,3.99188138539569e-06,0.8523010322711275,1.0369714627066806,0.17808631874355568,0.0,0.28944341952815084,0.030204741446203918,0.02208572871501483,0.0,0.0,-0.056203219469861225
258,10.34,0.007797270955165699,1.0,0.20435456261345838,0.10598023273355811,0.10598023273355811,0.10598023273355811,0.10435456261345838,0.10598023273355811,0.0016256701200997314,0.0,0.10435456261345838,0,0,0.0008136808001049394,1.6256701200997315e-06,0.8529931476966747,1.0369714627066806,0.17741887952228666,0.0,0.3649641614491481,0.03867898676978859,0.02789336903418565,0.0,0.0,-0.05446286422747297
259,10.62,0.027079303675048294,1.0,0.20598023273355812,0.10806602277164085,0.10806602277164085,0.10806602277164085,0.10598023273355811,0.10806602277164085,0.0020857900380827354,0.0016256701200997314,0.10435456261345838,0,0,0.002869870905744314,2.0857900380827353e-06,0.8554393487494387,1.0369714627066806,0.1750598936285196,0.0,0.350302662213589,0.03785581547174012,0.03138022528732971,0.0,0.0,-0.0519091662560089
260,10.37,-0.02354048964218456,1.0,0.20806602277164085,0.11543781347866006,0.11543781347866006,0.11543781347866006,0.10806602277164085,0.11543781347866006,0.00737179070701921,0.0020857900380827354,0.10598023273355811,0,0,-0.0025439270897278923,7.3717907070192104e-06,0.8532568672966944,1.0369714627066806,0.17716456239833098,0.0021046687698113853,0.2909388272715324,0.03358534207627126,0.03215201616345925,0.0,0.0,-0.053641153922723624
261,9.84,-0.05110896817743485,1.0,0.21543781347866006,0.1088607203245503,0.1088607203245503,0.1088607203245503,0.11543781347866006,0.1088607203245503,-0.006577093154109759,0.00737179070701921,0.10806602277164085,0,0,-0.005899907535553497,6.577093154109759e-06,0.8482171187256673,1.0369714627066806,0.18202462726248106,0.004860064864150082,0.08088083711696965,0.00880474618900594,0.023980471672400593,0.0,0.0,-0.060513319350134105
262,9.57,-0.02743902439024386,1.0,0.2088607203245503,0.1,0.1,0.1,0.1088607203245503,0.1,-0.008860720324550292,0.0,0.1088607203245503,0,0,-0.0029870319601248514,8.860720324550292e-06,0.8456759512682451,1.0369714627066806,0.1844751936944533,0.002450566431972251,0.0,0.0,0.015587306587060387,0.0,0.0,-0.05740326536386048
263,9.28,-0.030303030303030398,1.0,0.2,0.1,0.1,0.1,0.1,0.1,0.0,0.0,0.1,0,0,-0.00303030303030304,0.0,0.8431132968704625,1.0369714627066806,0.18694648098628833,0.002471287291835017,0.0,0.0,0.010131749281589253,0.0,0.0,-0.05297630303030305
264,9.19,-0.00969827586206895,1.0,0.2,0.1,0.1,0.1,0.1,0.1,0.0,0.0,0.1,0,0,-0.000969827586206895,0.0,0.8422956223368597,1.0369714627066806,0.18773500271809043,0.0007885217318021054,0.0,0.0,0.006585637033033015,0.0,0.0,-0.0509158275862069
265,9.3,0.011969532100108945,1.0,0.2,0.1,0.1,0.1,0.1,0.1,0.0,0.0,0.1,0,0,0.0011969532100108947,0.0,0.843303810785794,1.0369714627066806,0.18676275952221433,0.0,0.0,0.0,0.00428066407147146,0.0,0.0,-0.048749046789989106
266,9.24,-0.006451612903225859,1.0,0.2,0.1,0.1,0.1,0.1,0.1,0.0,0.0,0.1,0,0,-0.000645161290322586,0.0,0.8427597438110935,1.0369714627066806,0.18728742870961929,0.000524669187404958,0.0,0.0,0.002782431646456449,0.0,0.0,-0.05059116129032259
267,9.81,0.061688311688311716,1.0,0.2,0.1,0.1,0.1,0.1,0.1,0.0,0.0,0.1,0,0,0.006168831168831172,0.0,0.8479585863865516,1.0369714627066806,0.1822739420685422,0.0,0.0,0.0,0.001808580570196692,0.0,0.0,-0.04377716883116883
268,10.44,0.06422018348623842,1.0,0.2,0.1,0.1,0.1,0.1,0.1,0.0,0.0,0.1,0,0,0.006422018348623843,0.0,0.8534041919871992,1.0369714627066806,0.17702249032035855,0.0,0.08343803218537475,0.008343803218537475,0.004095908497115965,0.0,0.0,-0.044942428198527534
269,10.64,0.019157088122605467,1.0,0.2,0.10930472836199268,0.10930472836199268,0.10930472836199268,0.1,0.10930472836199268,0.00930472836199267,0.0,0.1,0,0,0.0019157088122605467,9.30472836199267e-06,0.8550311252240197,1.0369714627066806,0.17545356263494866,0.0,0.41516269051688426,0.04537924511298207,0.018545076312669103,0.0,0.0,-0.05035726041848849
270,11.24,0.056390977443608985,1.0,0.20930472836199268,0.11420762948986585,0.11420762948986585,0.11420762948986585,0.10930472836199268,0.11420762948986585,0.0049029011278731716,0.00930472836199267,0.1,0,0,0.006163800471540936,4.902901127873172e-06,0.8602971743437894,1.0369714627066806,0.17037526558516838,0.0,0.48896072616518255,0.05584304544896892,0.03159936551037404,0.0,0.0,-0.049450036631318785
271,11.31,0.006227758007117463,1.0,0.21420762948986585,0.13007727302885777,0.13007727302885777,0.13007727302885777,0.11420762948986585,0.13007727302885777,0.015869643538991923,0.0049029011278731716,0.10930472836199268,0,0,0.0007112574790294165,1.5869643538991922e-05,0.8608954145337347,1.0369714627066806,0.1697983546368344,0.0,0.6117957589622047,0.07958072397642396,0.048392840973491516,0.0,0.0,-0.05120593330170932
272,12.04,0.06454465075154718,1.0,0.23007727302885778,0.13188012726877588,0.13188012726877588,0.13188012726877588,0.13007727302885777,0.13188012726877588,0.0018028542399181058,0.015869643538991923,0.11420762948986585,0,0,0.008395792158361273,1.8028542399181058e-06,0.8681217614352981,1.0369714627066806,0.16282965090539203,0.0,0.6189240274316354,0.08162377950738742,0.060023669460355075,0.0,0.0,-0.05057196807359019
273,11.72,-0.026578073089700876,1.0,0.23188012726877588,0.15365733616299487,0.15365733616299487,0.15365733616299487,0.13188012726877588,0.15365733616299487,0.021777208894218997,0.0018028542399181058,0.13007727302885777,0,0,-0.003505119661628579,2.1777208894219e-05,0.8650599855116592,1.0369714627066806,0.16578226438970825,0.002952613484316219,0.6892551704139045,0.10590911342237164,0.07608357484706088,0.0,0.0,-0.05324431460462624
274,12.1,0.03242320819112619,1.0,0.2536573361629949,0.14443044401962227,0.14443044401962227,0.14443044401962227,0.15365733616299487,0.14443044401962227,-0.009226892143372606,0.021777208894218997,0.13188012726877588,0,0,0.004982063800506646,9.226892143372606e-06,0.8693617877355597,1.0369714627066806,0.16163383564445422,0.0,0.5105515712056099,0.07373919012414203,0.07526304019403929,0.0,0.0,-0.057597616831696834
275,11.77,-0.02727272727272728,1.0,0.24443044401962227,0.15739426799359277,0.15739426799359277,0.15739426799359277,0.14443044401962227,0.15739426799359277,0.0129638239739705,0.0,0.14443044401962227,0,0,-0.003939012109626063,1.2963823973970501e-05,0.8659260908728372,1.0369714627066806,0.16494703854953197,0.00331320290507775,0.5665591541534134,0.08917316334304559,0.0801315832961915,0.0,0.0,-0.05609185272586278
276,11.9,0.011045029736618589,1.0,0.2573942679935928,0.14704052210107826,0.14704052210107826,0.14704052210107826,0.15739426799359277,0.14704052210107826,-0.010353745892514504,0.0129638239739705,0.14443044401962227,0,0,0.0017384243703625474,1.0353745892514505e-05,0.8674224723134369,1.0369714627066806,0.16350400805697252,0.0,0.31673064204093837,0.046572238971109306,0.06838581278241272,0.0,0.0,-0.05834723433991972
277,11.18,-0.06050420168067232,1.0,0.24704052210107827,0.15154998600731004,0.15154998600731004,0.15154998600731004,0.14704052210107826,0.15154998600731004,0.004509463906231775,0.0,0.14704052210107826,0,0,-0.008896569404434994,4.509463906231775e-06,0.8597014764752036,1.0369714627066806,0.17094972485430868,0.00744571679733616,0.3347584423649275,0.05073263725623367,0.06220720134825006,0.0,0.0,-0.061758170215859595
278,11.35,0.015205724508050083,1.0,0.25154998600731004,0.12828210220018016,0.12828210220018016,0.12828210220018016,0.15154998600731004,0.12828210220018016,-0.02326788380712988,0.004509463906231775,0.14704052210107826,0,0,0.0023044273364260016,2.326788380712988e-05,0.8616625926246956,1.0369714627066806,0.1690585289824636,0.0,0.0,0.0,0.04043468087636254,0.0,0.0,-0.05936712456159786
279,11.03,-0.028193832599118968,1.0,0.22828210220018016,0.13419208899410118,0.13419208899410118,0.13419208899410118,0.12828210220018016,0.13419208899410118,0.005909986793921018,0.0,0.12828210220018016,0,0,-0.0036167641148949505,5.909986793921019e-06,0.858541069866,1.0369714627066806,0.1720687591295381,0.003010230147074494,0.004390099931632391,0.0005891166807186112,0.026488733407887165,0.0,0.0,-0.05068878341337087
280,11.32,0.026291931097008246,1.0,0.23419208899410118,0.12478512563092894,0.12478512563092894,0.12478512563092894,0.13419208899410118,0.12478512563092894,-0.009406963363172233,0.005909986793921018,0.12828210220018016,0,0,0.003528169157596507,9.406963363172232e-06,0.8615620717248412,1.0369714627066806,0.16915546597973832,0.0,0.0,0.0,0.017217676715126657,0.0,0.0,-0.05115211558029257
281,11.16,-0.01413427561837457,1.0,0.22478512563092895,0.1338891763267113,0.1338891763267113,0.1338891763267113,0.12478512563092894,0.1338891763267113,0.00910405069578235,0.0,0.12478512563092894,0,0,-0.0017637473587410466,9.104050695782351e-06,0.8600346501916665,1.0369714627066806,0.17062842988289906,0.0014729639031607344,0.0,0.0,0.011191489864832328,0.0,0.0,-0.04718311252010734
282,11.47,0.02777777777777782,1.0,0.2338891763267113,0.12928616106786056,0.12928616106786056,0.12928616106786056,0.1338891763267113,0.12928616106786056,-0.0046030152588507345,0.00910405069578235,0.12478512563092894,0,0,0.0037191437868530973,4.603015258850734e-06,0.8632292839647872,1.0369714627066806,0.16754769537089803,0.0,0.0,0.0,0.007274468412141013,0.0,0.0,-0.048535534661462584
283,11.96,0.04272013949433306,1.0,0.22928616106786057,0.13891342878605534,0.13891342878605534,0.13891342878605534,0.12928616106786056,0.13891342878605534,0.009627267718194776,0.0,0.12928616106786056,0,0,0.005523122835505815,9.627267718194777e-06,0.8679886947959115,1.0369714627066806,0.1629579732789309,0.0,0.15860587873197024,0.022032486440283276,0.012439774721990805,0.0,0.0,-0.0421459390987062
284,12.08,0.010033444816053446,1.0,0.23891342878605534,0.1532563552284992,0.1532563552284992,0.1532563552284992,0.13891342878605534,0.1532563552284992,0.014342926442443865,0.009627267718194776,0.12928616106786056,0,0,0.0013937802219336564,1.4342926442443866e-05,0.8691860307735776,1.0369714627066806,0.1618033262893784,0.0,0.28268809847573295,0.043323747638865893,0.023249165242897087,0.0,0.0,-0.04577548795929774
285,12.15,0.00579470198675499,1.0,0.2532563552284992,0.15686462484541555,0.15686462484541555,0.15686462484541555,0.1532563552284992,0.15686462484541555,0.0036082696169163486,0.014342926442443865,0.13891342878605534,0,0,0.0008880749061254129,3.6082696169163488e-06,0.869954796818716,1.0369714627066806,0.161061969296649,0.0,0.3802625877466112,0.05964974816961908,0.035989369267249785,0.0,0.0,-0.053060431939945675
286,12.26,0.009053497942386784,1.0,0.25686462484541556,0.15918133631587134,0.15918133631587134,0.15918133631587134,0.15686462484541555,0.15918133631587134,0.0023167114704557845,0.0036082696169163486,0.1532563552284992,0,0,0.0014201735582712444,2.3167114704557847e-06,0.8711882681837927,1.0369714627066806,0.1598724752657746,0.0,0.31835843940602926,0.050676721812087086,0.04112994265794284,0.0,0.0,-0.052198457458785145
287,12.31,0.004078303425774935,1.0,0.25918133631587137,0.16289852410788763,0.16289852410788763,0.16289852410788763,0.15918133631587134,0.16289852410788763,0.0037171877920162966,0.0023167114704557845,0.15686462484541555,0,0,0.0006491897892164502,3.717187792016297e-06,0.8717505963415877,1.0369714627066806,0.1593301959668562,0.0,0.3704682394540992,0.06034872943592026,0.04785651803023494,0.0,0.0,-0.05302602900887306
288,12.05,-0.02112103980503654,1.0,0.2628985241078876,0.16459315866463678,0.16459315866463678,0.16459315866463678,0.16289852410788763,0.16459315866463678,0.0016946345567491472,0.0037171877920162966,0.15918133631587134,0,0,-0.0034405862118643987,1.6946345567491473e-06,0.8687497859609448,1.0369714627066806,0.16222401753144416,0.0028938215645879783,0.3011544985939619,0.0495679701696451,0.048455526279028494,0.0,0.0,-0.05705444430531381
289,12.16,0.009128630705394143,1.0,0.2645931586646368,0.15554992333297607,0.15554992333297607,0.15554992333297607,0.16459315866463678,0.15554992333297607,-0.00904323533166071,0.0016946345567491472,0.16289852410788763,0,0,0.0015025101620838133,9.04323533166071e-06,0.8700472350339005,1.0369714627066806,0.16097282680960007,0.0,0.07361718150242008,0.011451146938691228,0.03550399350991045,0.0,0.0,-0.05410979879781624
290,12.26,0.008223684210526286,1.0,0.2555499233329761,0.15945989489793536,0.15945989489793536,0.15945989489793536,0.15554992333297607,0.15945989489793536,0.003909971564959286,0.0,0.15554992333297607,0,0,0.0012791934484619697,3.909971564959286e-06,0.8711567918968591,1.0369714627066806,0.15990282931896274,0.0,0.07488568009028646,0.011941262676557488,0.027257037718236916,0.0,0.0,-0.04784247190051948
291,11.83,-0.03507340946166392,1.0,0.25945989489793536,0.16280366890366424,0.16280366890366424,0.16280366890366424,0.15945989489793536,0.16280366890366424,0.0033437740057288834,0.003909971564959286,0.15554992333297607,0,0,-0.00559280218646918,3.3437740057288834e-06,0.8662816713349453,1.0369714627066806,0.1646041357070758,0.004701306388113058,0.08808229046968007,0.014340120053902174,0.022736116535719757,0.0,0.0,-0.055185625193829954
292,11.12,-0.06001690617075239,1.0,0.26280366890366424,0.1481120552892887,0.1481120552892887,0.1481120552892887,0.16280366890366424,0.1481120552892887,-0.014691613614375543,0.0033437740057288834,0.15945989489793536,0,0,-0.009770972520845456,1.4691613614375544e-05,0.857804529853423,1.0369714627066806,0.1727790390543631,0.008174903347287293,0.0,0.0,0.014778475748217843,0.0,0.0,-0.06710718666467756
293,11.31,0.017086330935251914,1.0,0.2481120552892887,0.1225655045388756,0.1225655045388756,0.1225655045388756,0.1481120552892887,0.1225655045388756,-0.025546550750413094,0.0,0.1481120552892887,0,0,0.0025306915921731155,2.5546550750413095e-05,0.8599534546178952,1.0369714627066806,0.17070673056588928,0.0,0.0,0.0,0.009606009236341598,0.0,0.0,-0.06029301734042869
294,11.44,0.01149425287356313,1.0,0.2225655045388756,0.1290414560613834,0.1290414560613834,0.1290414560613834,0.1225655045388756,0.1290414560613834,0.006475951522507795,0.0,0.1225655045388756,0,0,0.0014087989027456857,6.475951522507795e-06,0.8611593870842894,1.0369714627066806,0.16954379358086702,0.0,0.0,0.0,0.006243906003622039,0.0,0.0,-0.045314933262644345
295,11.44,0.0,1.0,0.2290414560613834,0.13267566301200248,0.13267566301200248,0.13267566301200248,0.1290414560613834,0.13267566301200248,0.0036342069506190844,0.006475951522507795,0.1225655045388756,0,0,0.0,3.6342069506190844e-06,0.8611562574528593,1.0369714627066806,0.16954681163058458,3.0180497175569254e-06,0.0,0.0,0.004058538902354325,0.0,0.0,-0.04813020675709445
296,11.16,-0.02447552447552442,1.0,0.2326756630120025,0.13266621008787025,0.13266621008787025,0.13266621008787025,0.13267566301200248,0.13266621008787025,-9.452924132236085e-06,0.0036342069506190844,0.1290414560613834,0,0,-0.0032473064373566966,9.452924132236085e-09,0.8583598110540178,1.0369714627066806,0.17224355546531098,0.0026967438347264006,0.0,0.0,0.0026380502865303115,0.0,0.0,-0.05318303590550814
297,12.54,0.12365591397849453,1.0,0.23266621008787025,0.1242389049409238,0.1242389049409238,0.1242389049409238,0.13266621008787025,0.1242389049409238,-0.008427305146946451,0.0,0.13266621008787025,1,0,0.016404961462478565,8.42730514694645e-06,0.8724339370152456,1.0369714627066806,0.15867121864854666,0.0,0.0,0.0,0.0017147326862447026,0.0,0.0,-0.03778133182449192
298,12.29,-0.019936204146730464,1.0,0.2242389049409238,0.16665245257547204,0.16665245257547204,0.16665245257547204,0.1242389049409238,0.16665245257547204,0.04241354763454824,0.0,0.1242389049409238,0,0,-0.0024768521718684967,4.2413547634548246e-05,0.870236044105192,1.0369714627066806,0.16079074940623675,0.0021195307576900857,0.4257876511353982,0.07095855633806358,0.02595007096438131,0.0,0.0,-0.03776460800394027
299,11.98,-0.02522375915378346,1.0,0.26665245257547204,0.16002888642488955,0.16002888642488955,0.16002888642488955,0.16665245257547204,0.16002888642488955,-0.006623566150582488,0.04241354763454824,0.1242389049409238,0,0,-0.004203601326151027,6.623566150582488e-06,0.8665721546501222,1.0369714627066806,0.16432400908293643,0.0035332596766996793,0.30508624454467026,0.04882261197803511,0.033955460319160136,0.0,0.0,-0.062101585195511545
300,12.02,0.0033388981636059386,1.0,0.2600288864248895,0.14898745194328758,0.14898745194328758,0.14898745194328758,0.16002888642488955,0.14898745194328758,-0.01104143448160197,0.0,0.16002888642488955,0,0,0.000534320155007967,1.104143448160197e-05,0.8670256134184512,1.0369714627066806,0.1638867176196348,0.0,0.1589397826378768,0.023680033227637245,0.030359060837127125,0.0,0.0,-0.05742840408222459
301,11.35,-0.05574043261231281,1.0,0.24898745194328759,0.15035402812313253,0.15035402812313253,0.15035402812313253,0.14898745194328758,0.15035402812313253,0.0013665761798449527,0.0,0.14898745194328758,0,0,-0.008304625025125014,1.3665761798449527e-06,0.8598241059552814,1.0369714627066806,0.17083146752082554,0.006944749901190733,0.1691436140921722,0.025431423710062736,0.02863438784265459,0.0,0.0,-0.06017076748194323
302,11.55,0.017621145374449435,1.0,0.25035402812313257,0.12865165099778295,0.12865165099778295,0.12865165099778295,0.15035402812313253,0.12865165099778295,-0.021702377125349587,0.0013665761798449527,0.14898745194328758,0,0,0.002649410187191777,2.1702377125349588e-05,0.8620834724737833,1.0369714627066806,0.16865265489216885,0.0,0.0,0.0,0.018612352097725483,0.0,0.0,-0.05823217883033111
303,11.18,-0.03203463203463212,1.0,0.22865165099778295,0.13546045720845415,0.13546045720845415,0.13546045720845415,0.12865165099778295,0.13546045720845415,0.006808806210671203,0.0,0.12865165099778295,0,0,-0.004121308300361889,6.8088062106712035e-06,0.8585246909437708,1.0369714627066806,0.17208455408901213,0.00343189919684328,0.0,0.0,0.012098028863521564,0.0,0.0,-0.050677278269929515
304,11.59,0.03667262969588552,1.0,0.23546045720845415,0.12473576553447493,0.12473576553447493,0.12473576553447493,0.13546045720845415,0.12473576553447493,-0.010724691673979214,0.006808806210671203,0.12865165099778295,0,0,0.004967691185640986,1.0724691673979215e-05,0.8627803690710223,1.0369714627066806,0.16798060496379377,0.0,0.0,0.0,0.007863718761289017,0.0,0.0,-0.05037740971128293
305,11.77,0.015530629853321804,1.0,0.22473576553447494,0.1375605896141858,0.1375605896141858,0.1375605896141858,0.12473576553447493,0.1375605896141858,0.012824824079710861,0.0,0.12473576553447493,0,0,0.0019372250039866655,1.2824824079710862e-05,0.8644407037684828,1.0369714627066806,0.16637946669029996,0.0,0.0,0.0,0.005111417194837861,0.0,0.0,-0.041636892060237095
306,12.15,0.03228547153780805,1.0,0.2375605896141858,0.14256416671237365,0.14256416671237365,0.14256416671237365,0.1375605896141858,0.14256416671237365,0.005003577098187856,0.012824824079710861,0.12473576553447493,0,0,0.004441208500712889,5.003577098187856e-06,0.8682755398747134,1.0369714627066806,0.16268135517600527,0.0,0.0,0.0,0.00332242117664461,0.0,0.0,-0.04300617527208584
307,11.86,-0.02386831275720172,1.0,0.24256416671237366,0.15412076227611773,0.15412076227611773,0.15412076227611773,0.14256416671237365,0.15412076227611773,0.011556595563744082,0.005003577098187856,0.1375605896141858,0,0,-0.003402766119060781,1.1556595563744083e-05,0.8653109669763663,1.0369714627066806,0.16554023124440642,0.002858876068401156,0.24731437233871564,0.03811627958668246,0.015500271620157857,0.0,0.0,-0.05140105154465251
308,11.72,-0.011804384485666003,1.0,0.25412076227611774,0.14518677108245806,0.14518677108245806,0.14518677108245806,0.15412076227611773,0.14518677108245806,-0.008933991193659674,0.011556595563744082,0.14256416671237365,0,0,-0.0018193007351312224,8.933991193659674e-06,0.8637289754174704,1.0369714627066806,0.1670658195713664,0.0015255883269599813,0.09354761488204044,0.013581876147188752,0.014828833204618669,0.0,0.0,-0.05771553076200661
309,12.16,0.03754266211604091,1.0,0.24518677108245807,0.14041933082306102,0.14041933082306102,0.14041933082306102,0.14518677108245806,0.14041933082306102,-0.004767440259397043,0.0,0.14518677108245806,0,0,0.005450697890467702,4.767440259397043e-06,0.8684327833454235,1.0369714627066806,0.16252971795515092,0.0,0.13893186898372795,0.019508720072692266,0.016466793608444427,0.0,0.0,-0.04907543045247934
310,12.18,0.0016447368421052282,1.0,0.24041933082306102,0.15459461920207618,0.15459461920207618,0.15459461920207618,0.14041933082306102,0.15459461920207618,0.01417528837901516,0.0,0.14041933082306102,0,0,0.00023095284674845071,1.4175288379015162e-05,0.8686210400838049,1.0369714627066806,0.16234817319220246,0.0,0.19738378016469066,0.03051447033122667,0.021383480461418213,0.0,0.0,-0.045699016181057046
311,12.23,0.004105090311986922,1.0,0.25459461920207616,0.15516198091452482,0.15516198091452482,0.15516198091452482,0.15459461920207618,0.15516198091452482,0.0005673617124486441,0.01417528837901516,0.14041933082306102,0,0,0.0006346248735717503,5.673617124486441e-07,0.8691717957792291,1.0369714627066806,0.1618170537590923,0.0,0.16003739425587538,0.02483171911314042,0.022590363989520985,0.0,0.0,-0.05146139166527731
312,12.76,0.043336058871627094,1.0,0.2551619809145248,0.15682169087472633,0.15682169087472633,0.15682169087472633,0.15516198091452482,0.15682169087472633,0.0016597099602015108,0.0005673617124486441,0.15459461920207618,0,0,0.006724108739550127,1.659709960201511e-06,0.8750147588743122,1.0369714627066806,0.15618241162551616,0.0,0.08045269520532373,0.012616727697527856,0.01909959128732339,0.0,0.0,-0.0436047198594631
313,13.06,0.023510971786833913,1.0,0.25682169087472634,0.17442997396211743,0.17442997396211743,0.17442997396211743,0.15682169087472633,0.17442997396211743,0.017608283087391097,0.0016597099602015108,0.15516198091452482,0,0,0.00368703034971928,1.76082830873911e-05,0.8782255573391541,1.0369714627066806,0.15308608874652285,0.0,0.32839196140201243,0.057281401276721704,0.0324632247836128,0.0,0.0,-0.042351060075329613
314,13.14,0.006125574272588061,1.0,0.27442997396211743,0.18410594985096398,0.18410594985096398,0.18410594985096398,0.17442997396211743,0.18410594985096398,0.009675975888846555,0.017608283087391097,0.15682169087472633,0,0,0.0010684837608705517,9.675975888846556e-06,0.8791554293962348,1.0369714627066806,0.15218936970407826,0.0,0.4371600348830147,0.08048376345901796,0.049270413320004605,0.0,0.0,-0.05037563141064747
315,12.83,-0.02359208523592089,1.0,0.284105949850964,0.18690820634568947,0.18690820634568947,0.18690820634568947,0.18410594985096398,0.18690820634568947,0.0028022564947254858,0.009675975888846555,0.17442997396211743,0,0,-0.004343443261324119,2.802256494725486e-06,0.8753344040517553,1.0369714627066806,0.15587416285596106,0.0036847931518828037,0.36248418331358134,0.06775126853182359,0.05573871264414125,0.0,0.0,-0.05808088666125676
316,12.96,0.010132501948558128,1.0,0.2869082063456895,0.17539324090103017,0.17539324090103017,0.17539324090103017,0.18690820634568947,0.17539324090103017,-0.011514965444659297,0.0028022564947254858,0.18410594985096398,0,0,0.0018938477649992032,1.1514965444659299e-05,0.8769820747110805,1.0369714627066806,0.1542852371057534,0.0,0.2474191715063924,0.04339565035155398,0.051418640841735704,0.0,0.0,-0.05747518795024428
317,12.65,-0.02391975308641979,1.0,0.2753932409010302,0.18035863377365927,0.18035863377365927,0.18035863377365927,0.17539324090103017,0.18035863377365927,0.004965392872629093,0.0,0.17539324090103017,0,0,-0.004195363015379586,4.965392872629093e-06,0.8732984619891435,1.0369714627066806,0.15783751684961644,0.003552279743863046,0.2684491798836368,0.04841712732147203,0.05036811110964341,0.0,0.0,-0.05556278298682228
318,12.72,0.005533596837944687,1.0,0.28035863377365927,0.16925778091179755,0.16925778091179755,0.16925778091179755,0.18035863377365927,0.16925778091179755,-0.011100852861861715,0.004965392872629093,0.17539324090103017,0,0,0.0009980319655459448,1.1100852861861715e-05,0.8741603474119399,1.0369714627066806,0.15700636049305985,0.0,0.03285878865129184,0.005561605650567414,0.034685834198966814,0.0,0.0,-0.055008310156064534
319,12.3,-0.033018867924528295,1.0,0.26925778091179753,0.17185514644011018,0.17185514644011018,0.17185514644011018,0.16925778091179755,0.17185514644011018,0.002597365528312634,0.0,0.16925778091179755,0,0,-0.00558870031312539,2.597365528312634e-06,0.8692726566906844,1.0369714627066806,0.16171978887275487,0.004713428379695017,0.0,0.0,0.02254579222932843,0.0,0.0,-0.05421631312079717
320,12.54,0.01951219512195109,1.0,0.2718551464401102,0.15712567456307702,0.15712567456307702,0.15712567456307702,0.17185514644011018,0.15712567456307702,-0.014729471877033162,0.002597365528312634,0.16925778091179755,0,0,0.0033532711500509084,1.4729471877033163e-05,0.8721747596847432,1.0369714627066806,0.15892115544991814,0.0,0.0,0.0,0.01465476494906348,0.0,0.0,-0.053998285093738635
321,12.73,0.015151515151515254,1.0,0.257125674563077,0.16587139889828054,0.16587139889828054,0.16587139889828054,0.15712567456307702,0.16587139889828054,0.008745724335203514,0.0,0.15712567456307702,0,0,0.0023806920388345166,8.745724335203515e-06,0.8742435113915767,1.0369714627066806,0.15692616158438427,0.0,0.0,0.0,0.009525597216891262,0.0,0.0,-0.043202786706316644
322,12.85,0.009426551453259954,1.0,0.26587139889828054,0.1721057653449361,0.1721057653449361,0.1721057653449361,0.16587139889828054,0.1721057653449361,0.006234366446655565,0.008745724335203514,0.15712567456307702,0,0,0.001563595276338848,6.234366446655565e-06,0.875605024061945,1.0369714627066806,0.15561319134428295,0.0,0.0,0.0,0.00619163819097932,0.0,0.0,-0.04526178492681534
323,12.57,-0.02178988326848244,1.0,0.27210576534493613,0.17620880007961076,0.17620880007961076,0.17620880007961076,0.1721057653449361,0.17620880007961076,0.00410303473467466,0.006234366446655565,0.16587139889828054,0,0,-0.003750164536698988,4.1030347346746596e-06,0.8723177685147249,1.0369714627066806,0.15878324535776542,0.0031700540134824706,0.10535718209734984,0.018564862637143065,0.010522266747136631,0.0,0.0,-0.05318021303318794
324,12.27,-0.023866348448687406,1.0,0.2762088000796108,0.16630236841967846,0.16630236841967846,0.16630236841967846,0.17620880007961076,0.16630236841967846,-0.009906431659932297,0.00410303473467466,0.1721057653449361,0,0,-0.0042054606224250874,9.906431659932297e-06,0.8686406289326349,1.0369714627066806,0.1623292827506286,0.0035460373928631883,0.0,0.0,0.00683947338563881,0.0,0.0,-0.05912006786045434
325,12.95,0.05541972290138547,1.0,0.26630236841967847,0.155220980199626,0.155220980199626,0.155220980199626,0.16630236841967846,0.155220980199626,-0.011081388220052474,0.0,0.16630236841967846,0,0,0.009216431175662699,1.1081388220052474e-05,0.8766367697615439,1.0369714627066806,0.15461823079165027,0.0,0.0,0.0,0.004445657700665227,0.0,0.0,-0.046295452724850486
326,12.53,-0.03243243243243243,1.0,0.255220980199626,0.17931802049492565,0.17931802049492565,0.17931802049492565,0.155220980199626,0.17931802049492565,0.02409704029529966,0.0,0.155220980199626,0,0,-0.005034193952420302,2.409704029529966e-05,0.8722024858851758,1.0369714627066806,0.15889441778024285,0.004276186988592584,0.1467737901581728,0.026319185511701145,0.012101392434527798,0.0,0.0,-0.04515171288309933
327,12.73,0.015961691939345657,1.0,0.27931802049492566,0.16595493853322252,0.16595493853322252,0.16595493853322252,0.17931802049492565,0.16595493853322252,-0.013363081961703133,0.02409704029529966,0.155220980199626,0,0,0.002862219002313274,1.3363081961703133e-05,0.8746872651008352,1.0369714627066806,0.1564982291626953,0.0,0.0,0.0,0.00786590508244307,0.0,0.0,-0.05379640750922017
328,12.61,-0.009426551453260093,1.0,0.2659549385332225,0.17344305142980973,0.17344305142980973,0.17344305142980973,0.16595493853322252,0.17344305142980973,0.007488112896587212,0.0,0.16595493853322252,0,0,-0.0015643827670060381,7.488112896587213e-06,0.8733123696598015,1.0369714627066806,0.15782410503342073,0.0013258758707254403,0.0,0.0,0.005112838303587995,0.0,0.0,-0.047768006491142746
329,12.94,0.026169706582077724,1.0,0.27344305142980974,0.16929969042765472,0.16929969042765472,0.16929969042765472,0.17344305142980973,0.16929969042765472,-0.0041433610021550105,0.007488112896587212,0.16595493853322252,0,0,0.004538953764618337,4.14336100215501e-06,0.8772726756793415,1.0369714627066806,0.1540049970232515,0.0,0.0061629094351706255,0.0010433786595080592,0.0036885274281600175,0.0,0.0,-0.047558946306737786
330,12.96,0.0015455950540959314,1.0,0.2692996904276547,0.18123440295668797,0.18123440295668797,0.18123440295668797,0.16929969042765472,0.18123440295668797,0.011934712529033248,0.0,0.16929969042765472,0,0,0.00026166876418495544,1.1934712529033249e-05,0.8774917605390459,1.0369714627066806,0.1537937232634775,0.0,0.18921315240414718,0.03429193270751842,0.014399719275935459,0.0,0.0,-0.04649115314805149
331,12.89,-0.005401234567901256,1.0,0.281234402956688,0.18189461752982464,0.18189461752982464,0.18189461752982464,0.18123440295668797,0.18189461752982464,0.0006602145731366693,0.011934712529033248,0.16929969042765472,0,0,-0.0009788895221426086,6.602145731366694e-07,0.8766322137160396,1.0369714627066806,0.154622624399062,0.0008289011355844811,0.03100755784506879,0.005640107874762701,0.011333855285524993,0.0,0.0,-0.05101341574242581
332,13.03,0.010861132660977407,1.0,0.28189461752982464,0.17930428348695027,0.17930428348695027,0.17930428348695027,0.18189461752982464,0.17930428348695027,-0.0025903340428743704,0.0006602145731366693,0.18123440295668797,0,0,0.001975581571309172,2.5903340428743705e-06,0.8783618013920068,1.0369714627066806,0.15295470224481808,0.0,0.10187340630745995,0.018266338124334064,0.013760224279108169,0.0,0.0,-0.050732427381294014
333,13.16,0.009976976208749102,1.0,0.27930428348695024,0.18451656997410681,0.18451656997410681,0.18451656997410681,0.17930428348695027,0.18451656997410681,0.005212286487156548,0.0,0.17930428348695027,0,0,0.0017889145704761073,5.212286487156548e-06,0.8799285373433184,1.0369714627066806,0.15144382561257,0.0,0.10157033429634199,0.018741409695484407,0.01550363917483985,0.0,0.0,-0.04700727974697266
334,13.75,0.04483282674772035,1.0,0.2845165699741068,0.18923804946444717,0.18923804946444717,0.18923804946444717,0.18451656997410681,0.18923804946444717,0.004721479490340352,0.005212286487156548,0.17930428348695027,0,0,0.00827239941373275,4.721479490340353e-06,0.8872035030952221,1.0369714627066806,0.14442823645362177,0.0,0.1738639345618991,0.03290167184870807,0.021592950610693724,0.0,0.0,-0.041786279828520734
335,13.77,0.0014545454545454234,1.0,0.2892380494644472,0.21116175539965132,0.21116175539965132,0.21116175539965132,0.18923804946444717,0.21116175539965132,0.021923705935204152,0.004721479490340352,0.18451656997410681,0,0,0.00027525534467555364,2.1923705935204153e-05,0.8874282598125576,1.0369714627066806,0.14421149305670244,0.0,0.28913515827417235,0.061054287568930256,0.03540441854607651,0.0,0.0,-0.042712679421772634
336,13.15,-0.04502541757443713,1.0,0.3111617553996513,0.2118391063081607,0.2118391063081607,0.2118391063081607,0.21116175539965132,0.2118391063081607,0.0006773509085093721,0.021923705935204152,0.18923804946444717,0,0,-0.009507646212620454,6.773509085093721e-07,0.8789903047788403,1.0369714627066806,0.15234860708266867,0.00813711402596623,0.28548792991518923,0.0604775079350005,0.044179999832199904,0.0,0.0,-0.06296727421809979
337,13.36,0.015969581749049357,1.0,0.3118391063081607,0.18641060069407864,0.18641060069407864,0.18641060069407864,0.2118391063081607,0.18641060069407864,-0.025428505614082053,0.0006773509085093721,0.21116175539965132,0,0,0.0033829819258337297,2.5428505614082054e-05,0.8819415616829904,1.0369714627066806,0.14950257224922514,0.0,0.09458643437986121,0.017631914050260978,0.03488816980852128,0.0,0.0,-0.06071747340937429
338,13.49,0.009730538922155748,1.0,0.28641060069407864,0.1953044518847729,0.1953044518847729,0.1953044518847729,0.18641060069407864,0.1953044518847729,0.008893851190694274,0.0,0.18641060069407864,0,0,0.0018138756055561655,8.893851190694275e-06,0.8835334501102449,1.0369714627066806,0.14796743991000016,0.0,0.12981592072196121,0.025353627242519768,0.031551079910420755,0.0,0.0,-0.045520634352843196
339,13.33,-0.011860637509266133,1.0,0.29530445188477294,0.200101741032686,0.200101741032686,0.200101741032686,0.1953044518847729,0.200101741032686,0.004797289147913081,0.008893851190694274,0.18641060069407864,0,0,-0.0023164353077512003,4.797289147913081e-06,0.8814825634653982,1.0369714627066806,0.14994520566210048,0.001977765752100319,0.13938649629500818,0.027891480585077174,0.0302702201465505,0.0,0.0,-0.0517943274227471
340,13.61,0.02100525131282816,1.0,0.300101741032686,0.1939212515969713,0.1939212515969713,0.1939212515969713,0.200101741032686,0.1939212515969713,-0.006180489435714698,0.004797289147913081,0.1953044518847729,0,0,0.004203187358526027,6.180489435714698e-06,0.8851821518392458,1.0369714627066806,0.14637751985116124,0.0,0.0,0.0,0.019675643095257826,0.0,0.0,-0.04882108008192642
341,13.97,0.02645113886847915,1.0,0.2939212515969713,0.20507025383594002,0.20507025383594002,0.20507025383594002,0.1939212515969713,0.20507025383594002,0.011149002238968725,0.0,0.1939212515969713,0,0,0.005129437955540771,1.1149002238968725e-05,0.8897127698686644,1.0369714627066806,0.1420084333407254,0.0,0.031100487738201142,0.0063777849148944485,0.015021392732130644,0.0,0.0,-0.03967909777547086
342,14.04,0.0050107372942017545,1.0,0.30507025383594,0.2187236290441472,0.2187236290441472,0.2187236290441472,0.20507025383594002,0.2187236290441472,0.013653375208207169,0.011149002238968725,0.1939212515969713,0,0,0.001027553168827165,1.365337520820717e-05,0.8906148494624143,1.0369714627066806,0.14113851586836287,0.0,0.277596154564426,0.060716838335031255,0.031014798693145856,0.0,0.0,-0.04583508719485861
343,13.79,-0.017806267806267807,1.0,0.3187236290441472,0.2214421596394158,0.2214421596394158,0.2214421596394158,0.2187236290441472,0.2214421596394158,0.002718530595268609,0.013653375208207169,0.20507025383594002,0,0,-0.0038946515143188603,2.718530595268609e-06,0.8871437938265637,1.0369714627066806,0.14448581688934808,0.0033473010209852105,0.24762391795764024,0.05483437517091337,0.039351650460364485,0.0,0.0,-0.05575162339064448
344,14.09,0.021754894851341605,1.0,0.3214421596394158,0.21098182387823786,0.21098182387823786,0.21098182387823786,0.2214421596394158,0.21098182387823786,-0.010460335761177941,0.002718530595268609,0.2187236290441472,0,0,0.004817450898609492,1.0460335761177941e-05,0.8914082856713774,1.0369714627066806,0.14037336828475233,0.0,0.1310468410104056,0.02764850152985683,0.035255548334686804,0.0,0.0,-0.05215138917089444
345,13.75,-0.02413058907026259,1.0,0.31098182387823786,0.22383323721745368,0.22383323721745368,0.22383323721745368,0.21098182387823786,0.22383323721745368,0.012851413339215828,0.0,0.21098182387823786,0,0,-0.0050911156933002725,1.2851413339215829e-05,0.8868585671027249,1.0369714627066806,0.14476087433701815,0.004387506052265816,0.2519674751925742,0.056398695645862335,0.04265564989359824,0.0,0.0,-0.051966389866713925
346,14.48,0.05309090909090912,1.0,0.3238332372174537,0.21012225970800727,0.21012225970800727,0.21012225970800727,0.22383323721745368,0.21012225970800727,-0.013710977509446415,0.012851413339215828,0.21098182387823786,0,0,0.011883510048635729,1.3710977509446414e-05,0.8973854000987412,1.0369714627066806,0.13460935775763283,0.0,0.07593072971613357,0.015954736509231925,0.03331033020907003,0.0,0.0,-0.04597406806651579
347,14.7,0.015193370165745778,1.0,0.3101222597080073,0.24184576086835155,0.24184576086835155,0.24184576086835155,0.21012225970800727,0.24184576086835155,0.03172350116034428,0.0,0.21012225970800727,0,0,0.0031924652718067236,3.1723501160344284e-05,0.9002218036172015,1.0369714627066806,0.13187408140677093,0.0,0.22126231099424876,0.053511351953893914,0.04038068781975839,0.0,0.0,-0.03379843173121983
348,14.77,0.004761904761904781,1.0,0.34184576086835156,0.2503934860241943,0.2503934860241943,0.2503934860241943,0.24184576086835155,0.2503934860241943,0.008547725155842761,0.03172350116034428,0.21012225970800727,0,0,0.0011516464803254882,8.54772515584276e-06,0.9012508460402927,1.0369714627066806,0.13088172774989668,0.0,0.262758257528473,0.06579295608419734,0.049274981712312024,0.0,0.0,-0.04778171422008946
349,14.74,-0.0020311442112389546,1.0,0.3503934860241943,0.2534946039331102,0.2534946039331102,0.2534946039331102,0.2503934860241943,0.2534946039331102,0.0031011179089158736,0.008547725155842761,0.24184576086835155,0,0,-0.0005085852796699843,3.1011179089158734e-06,0.9007896882415674,1.0369714627066806,0.1313264437476944,0.00044471599779771775,0.32163442383738305,0.0815325908819115,0.06056514492167184,0.0,0.0,-0.052845151052266524
350,15.87,0.07666214382632286,1.0,0.35349460393311016,0.2521048843872863,0.2521048843872863,0.2521048843872863,0.2534946039331102,0.2521048843872863,-0.0013897195458238976,0.0031011179089158736,0.2503934860241943,0,0,0.019433439785916842,1.3897195458238976e-06,0.9182938785627481,1.0369714627066806,0.11444633571126711,0.0,0.24226712585266805,0.061076725753927016,0.06074419821296115,0.0,0.0,-0.03416758566239364
351,16.1,0.014492753623188545,1.0,0.35210488438728627,0.3048552045604269,0.3048552045604269,0.3048552045604269,0.2521048843872863,0.3048552045604269,0.05275032017314063,0.0,0.2521048843872863,0,0,0.0036536939766273727,5.275032017314063e-05,0.9216006030795195,1.0369714627066806,0.1112575068613967,0.0,0.5661343487408765,0.17258900269408398,0.09574419821296115,0.0,0.0,-0.026226388166288736
352,15.97,-0.008074534161490732,1.0,0.4048552045604269,0.3148202862594949,0.3148202862594949,0.3148202862594949,0.3048552045604269,0.3148202862594949,0.009965081699067957,0.05275032017314063,0.2521048843872863,0,0,-0.002461563763531412,9.965081699067957e-06,0.9193228406052266,1.0369714627066806,0.11345405956917087,0.002196552707774177,0.4990389458621098,0.15710758379094597,0.11722138316525584,0.0,0.0,-0.052661992100985655
353,15.88,-0.005635566687539127,1.0,0.41482028625949485,0.30795606635563477,0.30795606635563477,0.30795606635563477,0.3148202862594949,0.30795606635563477,-0.006864219903860103,0.009965081699067957,0.3048552045604269,0,0,-0.0017741907178055413,6.864219903860103e-06,0.9176854761206178,1.0369714627066806,0.11503304659388129,0.0015789870247104182,0.4175075248508644,0.12857397502694962,0.12119479031684866,0.0,0.0,-0.05960224942898151
354,15.1,-0.049118387909319966,1.0,0.40795606635563475,0.3030217330908687,0.3030217330908687,0.3030217330908687,0.30795606635563477,0.3030217330908687,-0.004934333264766055,0.0,0.30795606635563477,0,0,-0.015126305526284347,4.934333264766056e-06,0.9037997570658122,1.0369714627066806,0.12842369383364372,0.013390647239762424,0.36805512771155224,0.11152870267213558,0.11781165964119908,0.0,0.0,-0.07828549287453135
355,15.1,0.0,1.0,0.40302173309086875,0.2611759662639277,0.2611759662639277,0.2611759662639277,0.3030217330908687,0.2611759662639277,-0.04184576682694102,0.0,0.3030217330908687,0,0,0.0,4.1845766826941026e-05,0.9037619368719197,1.0369714627066806,0.12846016561252344,3.647177887972086e-05,0.1453680211016912,0.03796663337510923,0.08986590044806762,0.0,0.0,-0.07276377293642629
356,14.82,-0.01854304635761585,1.0,0.3611759662639277,0.2610619723807962,0.2610619723807962,0.2610619723807962,0.2611759662639277,0.2610619723807962,-0.00011399388313149128,0.0,0.2611759662639277,0,0,-0.004842998049927124,1.1399388313149128e-07,0.8993849165507181,1.0369714627066806,0.13268113068110582,0.004220965068582383,0.0,0.0,0.058412835291243956,0.0,0.0,-0.054784762792592485
357,14.82,0.0,1.0,0.3610619723807962,0.24787146449216713,0.24787146449216713,0.24787146449216713,0.2610619723807962,0.24787146449216713,-0.013190507888629077,0.0,0.2610619723807962,0,0,0.0,1.3190507888629078e-05,0.8993730532068814,1.0369714627066806,0.1326925710574935,1.144037638767248e-05,0.0,0.0,0.03796834293930857,0.0,0.0,-0.05654275250886375
358,15.03,0.014170040485829897,1.0,0.3478714644921671,0.24783570170530234,0.24783570170530234,0.24783570170530234,0.24787146449216713,0.24783570170530234,-3.5762786864790286e-05,0.0,0.24787146449216713,0,0,0.003512348687135956,3.5762786864790284e-08,0.9025319328054713,1.0369714627066806,0.12964631596543472,0.0,0.0,0.0,0.024679422910550572,0.0,0.0,-0.046393845738837994
359,14.95,-0.005322687957418502,1.0,0.3478357017053023,0.25735526196774416,0.25735526196774416,0.25735526196774416,0.24783570170530234,0.25735526196774416,0.009519560262441829,0.0,0.24783570170530234,0,0,-0.0013191521048851768,9.519560262441829e-06,0.9013327641994617,1.0369714627066806,0.1308027302440683,0.001156414278633583,0.0,0.0,0.016041624891857873,0.0,0.0,-0.04648753587618208
360,14.46,-0.03277591973244137,1.0,0.35735526196774414,0.2537414509815089,0.2537414509815089,0.2537414509815089,0.25735526196774416,0.2537414509815089,-0.003613810986235255,0.009519560262441829,0.24783570170530234,0,0,-0.008435055408976204,3.613810986235255e-06,0.8937267151452681,1.0369714627066806,0.138137598490433,0.007334868246364701,0.0,0.0,0.010427056179707617,0.0,0.0,-0.0601446090153107
361,14.55,0.006224066390041484,1.0,0.3537414509815089,0.23082001917213163,0.23082001917213163,0.23082001917213163,0.2537414509815089,0.23082001917213163,-0.02292143180937728,0.0,0.2537414509815089,0,0,0.0015793036368143684,2.292143180937728e-05,0.8951176955008577,1.0369714627066806,0.1367962111855607,0.0,0.0,0.0,0.006777586516809951,0.0,0.0,-0.059878033428263554
362,15.22,0.046048109965635735,1.0,0.33082001917213166,0.2350118555142948,0.2350118555142948,0.2350118555142948,0.23082001917213163,0.2350118555142948,0.004191836342163163,0.0,0.23082001917213163,0,0,0.010628825625108466,4.191836342163163e-06,0.9046279932133986,1.0369714627066806,0.1276249870443319,0.0,0.0,0.0,0.004405431235926468,0.0,0.0,-0.03718625069738049
363,15.33,0.007227332457292998,1.0,0.3350118555142948,0.263671910763866,0.263671910763866,0.263671910763866,0.2350118555142948,0.263671910763866,0.028660055249571187,0.004191836342163163,0.23082001917213163,0,0,0.0016985088112071152,2.8660055249571187e-05,0.9061385851424705,1.0369714627066806,0.12616825271421933,0.0,0.11146905434907428,0.02939125855126164,0.013150470796293778,0.0,0.0,-0.0353315877225312
364,15.17,-0.010437051532941954,1.0,0.36367191076386596,0.26822421550852954,0.26822421550852954,0.26822421550852954,0.263671910763866,0.26822421550852954,0.00455230474466356,0.028660055249571187,0.2350118555142948,0,0,-0.0027519573204317417,4.55230474466356e-06,0.9036408054107815,1.0369714627066806,0.1285769783363973,0.0024087256221779763,0.093922451244113,0.025192275803590323,0.01736510254884757,0.0,0.0,-0.05150120307879147
365,14.85,-0.02109426499670404,1.0,0.3682242155085296,0.2606969404976802,0.2606969404976802,0.2606969404976802,0.26822421550852954,0.2606969404976802,-0.007527275010849321,0.00455230474466356,0.263671910763866,0,0,-0.005657992680469975,7.527275010849321e-06,0.89852121039514,1.0369714627066806,0.13351404285529783,0.004937064518900525,0.05694504986702303,0.014845400276820735,0.016483206753638176,0.0,0.0,-0.06003340148505162
366,14.81,-0.002693602693602636,1.0,0.3606969404976802,0.24526860416066432,0.24526860416066432,0.24526860416066432,0.2606969404976802,0.24526860416066432,-0.015428336337015902,0.0,0.2606969404976802,0,0,-0.0007022139811385176,1.54283363370159e-05,0.897876393551411,1.0369714627066806,0.13413586984564324,0.0006218269903454088,0.055838530917580315,0.013695438536537022,0.015507487877652772,0.0,0.0,-0.05908064997583427
367,14.47,-0.022957461174881826,1.0,0.3452686041606643,0.2433253996087534,0.2433253996087534,0.2433253996087534,0.24526860416066432,0.2433253996087534,-0.0019432045519109098,0.0,0.24526860416066432,0,0,-0.00563074445743591,1.94320455191091e-06,0.8928189362674638,1.0369714627066806,0.13901301204852157,0.004877142202878326,0.023463459124036936,0.005709255567559939,0.01207810656912028,0.0,0.0,-0.0567986117796205
368,15.25,0.05390463026952311,1.0,0.3433253996087534,0.22808435224149032,0.22808435224149032,0.22808435224149032,0.2433253996087534,0.22808435224149032,-0.015241047367263089,0.0,0.2433253996087534,0,0,0.013116365701093815,1.5241047367263088e-05,0.9045158684447113,1.0369714627066806,0.12773311419413275,0.0,0.0,0.0,0.007850769269928183,0.0,0.0,-0.04446710556738798
369,14.98,-0.017704918032786857,1.0,0.32808435224149035,0.2633340269337997,0.2633340269337997,0.2633340269337997,0.22808435224149032,0.2633340269337997,0.035249674692309385,0.0,0.22808435224149032,0,0,-0.0040382147609968715,3.524967469230939e-05,0.9008313552230853,1.0369714627066806,0.13128626233189225,0.0035531481377595042,0.0,0.0,0.005103000025453319,0.0,0.0,-0.036455607420642015
370,15.56,0.03871829105473966,1.0,0.3633340269337997,0.2522304266703429,0.2522304266703429,0.2522304266703429,0.2633340269337997,0.2522304266703429,-0.011103600263456803,0.035249674692309385,0.22808435224149032,0,0,0.01019584349943951,1.1103600263456803e-05,0.9100060882690548,1.0369714627066806,0.12243863886690141,0.0,0.0,0.0,0.0033169500165446575,0.0,0.0,-0.045292756690355214
371,15.34,-0.014138817480719835,1.0,0.3522304266703429,0.27987925186840923,0.27987925186840923,0.27987925186840923,0.2522304266703429,0.27987925186840923,0.02764882519806633,0.0,0.2522304266703429,0,0,-0.003566239965776067,2.764882519806633e-05,0.9067356275887065,1.0369714627066806,0.1255924968060696,0.0031538579391681837,0.18306402827548246,0.05123582327775934,0.020088555657969798,0.0,0.0,-0.04186952483356587
372,15.65,0.020208604954367698,1.0,0.3798792518684092,0.2700234375904067,0.2700234375904067,0.2700234375904067,0.27987925186840923,0.2700234375904067,-0.009855814278002528,0.02764882519806633,0.2522304266703429,0,0,0.005655969235932659,9.855814278002528e-06,0.9118551597855274,1.0369714627066806,0.12065549286629092,0.0,0.13127617856653775,0.03544764501026859,0.025464236931274375,0.0,0.0,-0.05076011681989695
373,15.36,-0.018530351437699738,1.0,0.3700234375904067,0.2854515876629077,0.2854515876629077,0.2854515876629077,0.2700234375904067,0.2854515876629077,0.015428150072500979,0.0,0.2700234375904067,0,0,-0.005003629194966018,1.5428150072500978e-05,0.9072785064481946,1.0369714627066806,0.12506897337363962,0.004413480507348702,0.2846070888492711,0.08124154537214266,0.044986294885578273,0.0,0.0,-0.050491494862604736
374,15.94,0.03776041666666667,1.0,0.38545158766290766,0.2716594453910845,0.2716594453910845,0.2716594453910845,0.2854515876629077,0.2716594453910845,-0.013792142271823182,0.015428150072500979,0.2700234375904067,0,0,0.010778770888312922,1.3792142271823182e-05,0.9170453402868494,1.0369714627066806,0.11565035946775494,0.0,0.053396028052159,0.014505535366736303,0.03431802905398358,0.0,0.0,-0.046693403033190424
375,16.29,0.021957340025094082,1.0,0.37165944539108453,0.30109263807596304,0.30109263807596304,0.30109263807596304,0.2716594453910845,0.30109263807596304,0.02943319268487854,0.0,0.2716594453910845,0,0,0.0059649188134805195,2.943319268487854e-05,0.9224884497177396,1.0369714627066806,0.11040131489262003,0.0,0.2677224550035543,0.08060926024919347,0.050519959972307044,0.0,0.0,-0.03226084398693401
376,16.04,-0.015346838551258441,1.0,0.40109263807596307,0.31749588288407427,0.31749588288407427,0.31749588288407427,0.30109263807596304,0.31749588288407427,0.016403244808111228,0.02943319268487854,0.2716594453910845,0,0,-0.0046208201055242945,1.6403244808111227e-05,0.9182106647382965,1.0369714627066806,0.11452658268762503,0.004125267795004994,0.2488937256311792,0.07902273316357779,0.0604959305892518,0.0,0.0,-0.048970189472480004
377,17.8,0.10972568578553626,1.0,0.41749588288407424,0.30460442267415044,0.30460442267415044,0.30460442267415044,0.31749588288407427,0.30460442267415044,-0.012891460209923822,0.016403244808111228,0.30109263807596304,1,0,0.03483745348353935,1.2891460209923822e-05,0.9501869489829579,1.0369714627066806,0.08369035874642074,0.0,0.2153647074479325,0.06560104237656479,0.06228271971481135,0.0,0.0,-0.02387845872901202
378,16.95,-0.04775280898876412,1.0,0.4046044226741504,0.4519352488256754,0.4046044226741504,0.4046044226741504,0.30460442267415044,0.4046044226741504,0.09999999999999998,0.0,0.30460442267415044,0,0,-0.014545716813091476,9.999999999999998e-05,0.936270780008658,1.0369714627066806,0.09711037026532612,0.013420011518905386,0.5611215234065664,0.25359059530218864,0.09728271971481134,0.0,0.0,-0.02610266300789897
379,14.95,-0.11799410029498525,1.0,0.5046044226741504,0.3680601980595161,0.3680601980595161,0.3680601980595161,0.4046044226741504,0.4046044226741504,0.0,0.09999999999999998,0.30460442267415044,0,1,-0.047740934828808305,0.0,0.8915723377181473,1.0369714627066806,0.14021516523609598,0.043104794970769855,0.4177395359358538,0.1537532963338407,0.11704742153147162,0.0,0.0,-0.18536231007312143
380,14.97,0.0013377926421405586,1.0,0.5046044226741504,0.22432762980618212,0.22432762980618212,0.22432762980618212,0.4046044226741504,0.22432762980618212,-0.1802767928679683,0.0,0.4046044226741504,0,0,0.000541276819631007,0.0001802767928679683,0.8918941953559245,1.0369714627066806,0.13990478288773592,0.0,0.0,0.0,0.07608082399545656,0.0,0.0,-0.14030396233567194
381,15.64,0.04475617902471609,1.0,0.3243276298061821,0.22529755570150328,0.22529755570150328,0.22529755570150328,0.22432762980618212,0.22529755570150328,0.0009699258953211609,0.0,0.22432762980618212,0,0,0.010040047559795724,9.699258953211608e-07,0.9008479904243277,1.0369714627066806,0.13127022023059953,0.0,0.0,0.0,0.049452535597046765,0.0,0.0,-0.03937463101881478
382,15.87,0.01470588235294109,1.0,0.3252975557015033,0.25228057839098533,0.25228057839098533,0.25228057839098533,0.22529755570150328,0.25228057839098533,0.02698302268948205,0.0009699258953211609,0.22432762980618212,0,0,0.0033131993485514995,2.698302268948205e-05,0.9038083717975801,1.0369714627066806,0.12841538624555884,0.0,0.0,0.0,0.0321441481380804,0.0,0.0,-0.03320353185591555
383,16.25,0.023944549464398286,1.0,0.35228057839098537,0.2612019035976304,0.2612019035976304,0.2612019035976304,0.25228057839098533,0.2612019035976304,0.00892132520664507,0.02698302268948205,0.22529755570150328,0,0,0.0060407447881899575,8.92132520664507e-06,0.9092599843406296,1.0369714627066806,0.12315814172233945,0.0,0.0,0.0,0.02089369628975226,0.0,0.0,-0.03942295329042467
384,15.86,-0.024000000000000035,1.0,0.3612019035976304,0.2776308063426719,0.2776308063426719,0.2776308063426719,0.2612019035976304,0.2776308063426719,0.016428902745041496,0.00892132520664507,0.25228057839098533,0,0,-0.006268845686343139,1.6428902745041497e-05,0.9035450356661788,1.0369714627066806,0.1286693335728208,0.005511191850481337,0.0,0.0,0.01358090258833897,0.0,0.0,-0.04800799321114775
385,16.18,0.02017654476670872,1.0,0.3776308063426719,0.2604083236318105,0.2604083236318105,0.2604083236318105,0.2776308063426719,0.2604083236318105,-0.01722248271086141,0.016428902745041496,0.2612019035976304,0,0,0.005601630392790358,1.722248271086141e-05,0.9085907997104661,1.0369714627066806,0.12380346770693003,0.0,0.1958422845623646,0.05099896101910936,0.026677223039108605,0.0,0.0,-0.05535843149834418
386,16.1,-0.004944375772558609,1.0,0.3604083236318105,0.27561416700575353,0.27561416700575353,0.27561416700575353,0.2604083236318105,0.27561416700575353,0.01520584337394304,0.0,0.2604083236318105,0,0,-0.0012875566063377253,1.520584337394304e-05,0.9074071217344498,1.0369714627066806,0.124944943647769,0.0011414759408389652,0.27005839777261076,0.07443192034500656,0.04339136709617289,0.0,0.0,-0.0468014809608801
387,15.37,-0.04534161490683243,1.0,0.37561416700575356,0.27204706184663463,0.27204706184663463,0.27204706184663463,0.27561416700575353,0.27204706184663463,-0.0035671051591188996,0.01520584337394304,0.2604083236318105,0,0,-0.012496791423242278,3.5671051591188996e-06,0.8960642073815445,1.0369714627066806,0.13588344558426232,0.01093850193649333,0.11843638350982456,0.03222027014958898,0.03948148316486852,0.0,0.0,-0.06745669693992092
388,15.3,-0.004554326610279669,1.0,0.3720470618466346,0.23786421716353395,0.23786421716353395,0.23786421716353395,0.27204706184663463,0.23786421716353395,-0.03418284468310068,0.0,0.27204706184663463,0,0,-0.001238991173016527,3.418284468310068e-05,0.8949233617145156,1.0369714627066806,0.13698361632960865,0.0011001707453463239,0.0,0.0,0.025662964057164537,0.0,0.0,-0.06837546541682678
389,16.14,0.05490196078431371,1.0,0.337864217163534,0.23442619331325515,0.23442619331325515,0.23442619331325515,0.23786421716353395,0.23442619331325515,-0.003438023850278804,0.0,0.23786421716353395,0,0,0.01305921192270382,3.438023850278804e-06,0.9066072787818622,1.0369714627066806,0.12571626955340182,0.0,0.0,0.0,0.01668092663715695,0.0,0.0,-0.0385675887778407
390,15.8,-0.021065675340768267,1.0,0.3344261933132552,0.2696366593251737,0.2696366593251737,0.2696366593251737,0.23442619331325515,0.2696366593251737,0.03521046601191857,0.0,0.23442619331325515,0,0,-0.004938346079709214,3.521046601191857e-05,0.9020982162160782,1.0369714627066806,0.130064569123782,0.0043482995703801874,0.077497254503512,0.02089610081119975,0.01815623759807193,0.0,0.0,-0.038296462597773945
391,15.44,-0.022784810126582355,1.0,0.36963665932517376,0.2560482438665451,0.2560482438665451,0.2560482438665451,0.2696366593251737,0.2560482438665451,-0.0135884154586286,0.03521046601191857,0.23442619331325515,0,0,-0.006143620085890054,1.35884154586286e-05,0.8965438094101411,1.0369714627066806,0.13542094295439747,0.005356373830615463,0.0,0.0,0.011801554438746755,0.0,0.0,-0.06288468316036055
392,15.76,0.020725388601036288,1.0,0.3560482438665451,0.23930953666706167,0.23930953666706167,0.23930953666706167,0.2560482438665451,0.23930953666706167,-0.01673870719948345,0.0,0.2560482438665451,0,0,0.005306699354747054,1.673870719948345e-05,0.9012864908807232,1.0369714627066806,0.1308473537659324,0.0,0.0,0.0,0.007671010385185391,0.0,0.0,-0.05302875413799598
393,16.55,0.05012690355329955,1.0,0.33930953666706165,0.2536020319920907,0.2536020319920907,0.2536020319920907,0.23930953666706167,0.2536020319920907,0.01429249532502902,0.0,0.23930953666706167,0,0,0.011995846063894604,1.4292495325029021e-05,0.9120853032518388,1.0369714627066806,0.12043355477581481,0.0,0.06228838890675103,0.01579646199626566,0.010514918449063486,0.0,0.0,-0.031580523595983616
394,17.09,0.03262839879154073,1.0,0.3536020319920907,0.2861451435842151,0.2861451435842151,0.2861451435842151,0.2536020319920907,0.2861451435842151,0.03254311159212442,0.01429249532502902,0.23930953666706167,0,0,0.008274628234183005,3.254311159212442e-05,0.9196027879603045,1.0369714627066806,0.11318409326330249,0.0,0.2824109326886053,0.08081051688393306,0.03511837790126784,0.0,0.0,-0.028701603458941044
395,16.91,-0.010532475131655922,1.0,0.38614514358421514,0.30879970490983966,0.30879970490983966,0.30879970490983966,0.2861451435842151,0.30879970490983966,0.022654561325624545,0.03254311159212442,0.2536020319920907,0,0,-0.0030138166088448585,2.2654561325624545e-05,0.9168104406066546,1.0369714627066806,0.11587688419735706,0.0026927909340545703,0.26869502517141075,0.08297294448367358,0.05186747620510985,0.0,0.0,-0.044545128172621455
396,15.66,-0.07392075694855116,1.0,0.40879970490983963,0.3003847397870067,0.3003847397870067,0.3003847397870067,0.30879970490983966,0.3003847397870067,-0.008414965122832962,0.022654561325624545,0.2861451435842151,0,0,-0.022826707932424577,8.414965122832963e-06,0.895874961521647,1.0369714627066806,0.136065944203273,0.020189060005915943,0.2789372472395882,0.08378849242896765,0.06303983188346007,0.0,0.0,-0.10038917577191436
397,15.85,0.012132822477650032,1.0,0.4003847397870067,0.2372939217849753,0.2372939217849753,0.2372939217849753,0.3003847397870067,0.2372939217849753,-0.0630908180020314,0.0,0.3003847397870067,0,0,0.003644514722830851,6.30908180020314e-05,0.8990834695245783,1.0369714627066806,0.13297183012364683,0.0,0.008120414311674207,0.0019269249585360131,0.04165031445973665,0.0,0.0,-0.07818081218679007
398,14.03,-0.11482649842271296,1.0,0.3372939217849753,0.2469630524528985,0.2469630524528985,0.2469630524528985,0.2372939217849753,0.2469630524528985,0.009669130667923215,0.0,0.2372939217849753,0,1,-0.027247630135561838,9.669130667923215e-06,0.8745768823304267,1.0369714627066806,0.15660467642221806,0.023632846298571236,0.00940558107629245,0.002322831012694402,0.027885695253271864,0.0,0.0,-0.09972911179598776
399,14.39,0.025659301496792675,1.0,0.3469630524528985,0.17311038300616124,0.17311038300616124,0.17311038300616124,0.2469630524528985,0.17311038300616124,-0.07385266944673727,0.009669130667923215,0.2372939217849753,0,0,0.006336899421457147,7.385266944673727e-05,0.8800543982326897,1.0369714627066806,0.15132245208022346,0.0,0.0,0.0,0.018125701914626712,0.0,0.0,-0.08083588640744083
400,14.39,0.0,1.0,0.27311038300616125,0.18961733058295457,0.18961733058295457,0.18961733058295457,0.17311038300616124,0.18961733058295457,0.01650694757679333,0.0,0.17311038300616124,0,0,0.0,1.650694757679333e-05,0.8800398712208733,1.0369714627066806,0.15133646115601657,1.4009075793103287e-05,0.0,0.0,0.011781706244507363,0.0,0.0,-0.04172860991658357
401,13.71,-0.04725503822098678,1.0,0.2896173305829546,0.1895735584219482,0.1895735584219482,0.1895735584219482,0.18961733058295457,0.1895735584219482,-4.377216100637238e-05,0.01650694757679333,0.17311038300616124,0,0,-0.008960374204059002,4.377216100637238e-08,0.8721543461389955,1.0369714627066806,0.15894084118523674,0.007604380029220176,0.0,0.0,0.007658109058929786,0.0,0.0,-0.058890276004665204
402,14.11,0.02917578409919756,1.0,0.2895735584219482,0.16580988504222796,0.16580988504222796,0.16580988504222796,0.1895735584219482,0.16580988504222796,-0.02376367337972024,0.0,0.1895735584219482,0,0,0.005530957211435376,2.3763673379720242e-05,0.8769574689182393,1.0369714627066806,0.1543089656206895,0.0,0.0,0.0,0.004977770888304361,0.0,0.0,-0.05637482582839479
403,13.94,-0.012048192771084333,1.0,0.26580988504222797,0.1802845004967208,0.1802845004967208,0.1802845004967208,0.16580988504222796,0.1802845004967208,0.014474615454492828,0.0,0.16580988504222796,0,0,-0.0019977094583400953,1.4474615454492829e-05,0.8751928690658869,1.0369714627066806,0.15601065165141836,0.0017016860307288717,0.0,0.0,0.003235551077397835,0.0,0.0,-0.044736868301012485
404,13.13,-0.058106169296987,1.0,0.2802845004967208,0.1749666951618616,0.1749666951618616,0.1749666951618616,0.1802845004967208,0.1749666951618616,-0.005317805334859177,0.014474615454492828,0.16580988504222796,0,0,-0.010475641707485195,5.317805334859177e-06,0.8660200080392986,1.0369714627066806,0.16485646984071117,0.008845818189292809,0.0,0.0,0.002103108200308593,0.0,0.0,-0.06307186248847406
405,13.54,0.0312261995430311,1.0,0.2749666951618616,0.14732355103150035,0.14732355103150035,0.14732355103150035,0.1749666951618616,0.14732355103150035,-0.027643144130361258,0.0,0.1749666951618616,0,0,0.005463544936508985,2.7643144130361257e-05,0.8707276077532351,1.0369714627066806,0.16031671162822492,0.0,0.0,0.0,0.0013670203302005854,0.0,0.0,-0.05840704968385249
406,13.49,-0.0036927621861151355,1.0,0.24732355103150036,0.16151029467818315,0.16151029467818315,0.16151029467818315,0.14732355103150035,0.16151029467818315,0.014186743646682792,0.0,0.14732355103150035,0,0,-0.0005440308383733279,1.4186743646682793e-05,0.870241552293437,1.0369714627066806,0.16078543760312242,0.00046872597489749923,0.0,0.0,0.0008885632146303806,0.0,0.0,-0.04343324452980732
407,13.05,-0.0326167531504818,1.0,0.26151029467818315,0.16004551053284624,0.16004551053284624,0.16004551053284624,0.16151029467818315,0.16004551053284624,-0.001464784145336906,0.014186743646682792,0.14732355103150035,0,0,-0.005267941412779874,1.464784145336906e-06,0.8656558960649602,1.0369714627066806,0.1652076000187664,0.004422162415643971,0.0,0.0,0.0005775660895097474,0.0,0.0,-0.055926266447047665
408,12.6,-0.03448275862068974,1.0,0.26004551053284625,0.14622626677410214,0.14622626677410214,0.14622626677410214,0.16004551053284624,0.14622626677410214,-0.013819243758744104,0.0,0.16004551053284624,0,0,-0.005518810708029194,1.3819243758744105e-05,0.8608665423264493,1.0369714627066806,0.16982619745442754,0.004618597435661148,0.0,0.0,0.00037541795818133583,0.0,0.0,-0.062415712696907946
409,11.25,-0.10714285714285712,1.0,0.24622626677410214,0.1317931417403079,0.1317931417403079,0.1317931417403079,0.14622626677410214,0.14622626677410214,0.0,0.0,0.14622626677410214,0,1,-0.01566710001151094,0.0,0.8473792601112572,1.0369714627066806,0.1828326134458454,0.013006415991417858,0.0,0.0,0.0002440216728178683,0.0,0.0,-0.07882158802383614
410,10.86,-0.03466666666666672,1.0,0.24622626677410214,0.1,0.1,0.1,0.14622626677410214,0.1,-0.04622626677410213,0.0,0.14622626677410214,0,0,-0.005069177248168882,4.622626677410213e-05,0.8430445732655942,1.0369714627066806,0.18701275436732134,0.00418014092147595,0.0,0.0,0.0001586140873316144,0.0,0.0,-0.0783363288357034
411,10.51,-0.03222836095764269,1.0,0.2,0.1,0.1,0.1,0.1,0.1,0.0,0.0,0.1,0,0,-0.0032228360957642695,0.0,0.8403275787845357,1.0369714627066806,0.18963287900794232,0.0026201246406209744,0.0,0.0,0.00010309915676554935,0.0,0.0,-0.053168836095764276
412,10.46,-0.004757373929590764,1.0,0.2,0.1,0.1,0.1,0.1,0.1,0.0,0.0,0.1,0,0,-0.00047573739295907647,0.0,0.8399278035329731,1.0369714627066806,0.1900184009494228,0.0003855219414804767,0.0,0.0,6.701445189760708e-05,0.0,0.0,-0.05042173739295908
413,10.52,0.005736137667303892,1.0,0.2,0.1,0.1,0.1,0.1,0.1,0.0,0.0,0.1,0,0,0.0005736137667303893,0.0,0.8404095976841394,1.0369714627066806,0.189553784353409,0.0,0.0,0.0,4.3559393733444605e-05,0.0,0.0,-0.049372386233269616
414,9.47,-0.09980988593155884,1.0,0.2,0.1,0.1,0.1,0.1,0.1,0.0,0.0,0.1,0,0,-0.009980988593155885,0.0,0.8320214790760753,1.0369714627066806,0.19764283878714398,0.008089054433734977,0.0,0.0,2.8313605926738995e-05,0.0,0.0,-0.059926988593155886
415,9.97,0.05279831045406547,1.0,0.2,0.1,0.1,0.1,0.1,0.1,0.0,0.0,0.1,0,0,0.005279831045406547,0.0,0.8364144119117461,1.0369714627066806,0.1934065285378681,0.0,0.0,0.0,1.8403843852380347e-05,0.0,0.0,-0.04466616895459346
416,10.5,0.05315947843530585,1.0,0.2,0.1,0.1,0.1,0.1,0.1,0.0,0.0,0.1,0,0,0.005315947843530585,0.0,0.8408607473010462,1.0369714627066806,0.18911871971264324,0.0,0.0,0.0,1.1962498504047225e-05,0.0,0.0,-0.04463005215646942
417,10.24,-0.024761904761904742,1.0,0.2,0.1,0.1,0.1,0.1,0.1,0.0,0.0,0.1,0,0,-0.0024761904761904743,0.0,0.8387786159267769,1.0369714627066806,0.19112661621621194,0.0020078965035686958,0.0,0.0,7.775624027630697e-06,0.0,0.0,-0.052422190476190476
418,10.02,-0.021484375000000062,1.0,0.2,0.1,0.1,0.1,0.1,0.1,0.0,0.0,0.1,0,0,-0.0021484375000000062,0.0,0.8369765524941217,1.0369714627066806,0.19286443012668494,0.0017378139104730073,0.0,0.0,5.0541556179599535e-06,0.0,0.0,-0.05209443750000001
419,9.77,-0.0249500998003992,1.0,0.2,0.1,0.1,0.1,0.1,0.1,0.0,0.0,0.1,0,0,-0.00249500998003992,0.0,0.8348882876425895,1.0369714627066806,0.19487824142876406,0.002013811302079116,0.0,0.0,3.28520115167397e-06,0.0,0.0,-0.05244100998003992
420,10.16,0.03991811668372575,1.0,0.2,0.1,0.1,0.1,0.1,0.1,0.0,0.0,0.1,0,0,0.003991811668372576,0.0,0.8382210044509888,1.0369714627066806,0.19166434699843876,0.0,0.0,0.0,2.1353807485880805e-06,0.0,0.0,-0.04595418833162743
421,10.36,0.01968503937007867,1.0,0.2,0.1,0.1,0.1,0.1,0.1,0.0,0.0,0.1,0,0,0.001968503937007867,0.0,0.8398710457983333,1.0369714627066806,0.19007313508308132,0.0,0.0,0.0,1.3879974865822524e-06,0.0,0.0,-0.047977496062992134
422,10.93,0.05501930501930505,1.0,0.2,0.1,0.1,0.1,0.1,0.1,0.0,0.0,0.1,0,0,0.005501930501930505,0.0,0.8444919579228994,1.0369714627066806,0.18561697376066194,0.0,0.0,0.0,9.021983662784641e-07,0.0,0.0,-0.0444440694980695
423,10.91,-0.0018298261665141422,1.0,0.2,0.1,0.1,0.1,0.1,0.1,0.0,0.0,0.1,0,0,-0.00018298261665141422,0.0,0.8443374305746977,1.0369714627066806,0.18576599169775967,0.00014901793709773403,0.1507271642978115,0.01507271642978115,0.005276037179361483,0.0,0.0,-0.052691344409714215
424,11.1,0.017415215398716728,1.0,0.2,0.1,0.1,0.1,0.1,0.1,0.0,0.0,0.1,0,0,0.0017415215398716728,0.0,0.8458078623969635,1.0369714627066806,0.1843479856338052,0.0,0.21988171200296602,0.021988171200296603,0.011125284086688773,0.0,0.0,-0.05194246756417875
425,11.09,-0.0009009009009008817,1.0,0.2,0.1,0.1,0.1,0.1,0.1,0.0,0.0,0.1,0,0,-9.009009009008818e-05,0.0,0.8457316634904413,1.0369714627066806,0.1844214677972616,7.34821634564009e-05,0.3522875621395421,0.03522875621395421,0.019561499331231674,0.0,0.0,-0.05602497864646231
426,10.9,-0.017132551848512128,1.0,0.2,0.1,0.1,0.1,0.1,0.1,0.0,0.0,0.1,0,0,-0.0017132551848512128,0.0,0.8442827093329734,1.0369714627066806,0.18581876194621125,0.0013972941489496515,0.2812688549813779,0.02812688549813779,0.022559384489648813,0.0,0.0,-0.05644082571953464
427,10.57,-0.03027522935779817,1.0,0.2,0.1,0.1,0.1,0.1,0.1,0.0,0.0,0.1,0,0,-0.0030275229357798173,0.0,0.8417266240661856,1.0369714627066806,0.18828371431830065,0.0024649523720894073,0.17471594173255062,0.017471594173255063,0.020778657878911,0.0,0.0,-0.055943693945233186
428,10.1,-0.04446546830652797,1.0,0.2,0.1,0.1,0.1,0.1,0.1,0.0,0.0,0.1,0,0,-0.004446546830652797,0.0,0.837983847213668,1.0369714627066806,0.19189304879578786,0.0036093344774872083,0.0,0.0,0.01350612762129215,0.0,0.0,-0.0543925468306528
429,10.76,0.06534653465346536,1.0,0.2,0.1,0.1,0.1,0.1,0.1,0.0,0.0,0.1,0,0,0.006534653465346537,0.0,0.8434597812647673,1.0369714627066806,0.18661234990673062,0.0,0.0,0.0,0.008778982953839897,0.0,0.0,-0.043411346534653464
430,10.82,0.005576208178438708,1.0,0.2,0.1,0.1,0.1,0.1,0.1,0.0,0.0,0.1,0,0,0.0005576208178438709,0.0,0.8439301119978146,1.0369714627066806,0.18615878802006142,0.0,0.0,0.0,0.005706338919995934,0.0,0.0,-0.049388379182156134
431,11.0,0.016635859519408477,1.0,0.2,0.1,0.1,0.1,0.1,0.1,0.0,0.0,0.1,0,0,0.0016635859519408477,0.0,0.8453340622765542,1.0369714627066806,0.184804893212701,0.0,0.0,0.0,0.003709120297997357,0.0,0.0,-0.04828241404805916
432,10.94,-0.0054545454545455,1.0,0.2,0.1,0.1,0.1,0.1,0.1,0.0,0.0,0.1,0,0,-0.00054545454545455,0.0,0.8448729709698579,1.0369714627066806,0.18524954508913036,0.0004446518764293639,0.10101043120361354,0.010101043120361355,0.005946293285824756,0.0,0.0,-0.052208631875915984
433,11.42,0.04387568555758688,1.0,0.2,0.1,0.1,0.1,0.1,0.1,0.0,0.0,0.1,0,0,0.004387568555758688,0.0,0.8485799090508956,1.0369714627066806,0.1816747716123734,0.0,0.16507293210702473,0.016507293210702472,0.009642643259531956,0.0,0.0,-0.04836467129006073
434,11.11,-0.027145359019264494,1.0,0.2,0.1,0.1,0.1,0.1,0.1,0.0,0.0,0.1,0,0,-0.0027145359019264494,0.0,0.8462764084221235,1.0369714627066806,0.1838961448242838,0.0022213732119104046,0.4485596516677467,0.044855965166774675,0.021967305927066905,0.0,0.0,-0.060286049980278145
435,11.01,-0.00900090009000897,1.0,0.2,0.1,0.1,0.1,0.1,0.1,0.0,0.0,0.1,0,0,-0.000900090009000897,0.0,0.8455146834820495,1.0369714627066806,0.1846307117506346,0.0007345669263508214,0.16317804282726334,0.016317804282726334,0.019989980351547705,0.0,0.0,-0.05362011673706438
436,10.91,-0.00908265213442322,1.0,0.2,0.1,0.1,0.1,0.1,0.1,0.0,0.0,0.1,0,0,-0.000908265213442322,0.0,0.8447467319075881,1.0369714627066806,0.1853712833112607,0.0007405715606260965,0.09791292347163588,0.00979129234716359,0.016420439550013266,0.0,0.0,-0.052518784912460134
437,10.9,-0.0009165902841429685,1.0,0.2,0.1,0.1,0.1,0.1,0.1,0.0,0.0,0.1,0,0,-9.165902841429686e-05,0.0,0.8446693032428852,1.0369714627066806,0.18544595138795084,7.466807669012643e-05,0.004025255264445617,0.0004025255264445617,0.01081416964176422,0.0,0.0,-0.050106088367909876
438,10.9,0.0,1.0,0.2,0.1,0.1,0.1,0.1,0.1,0.0,0.0,0.1,0,0,0.0,0.0,0.8446693032428852,1.0369714627066806,0.18544595138795084,0.0,0.011505814338372316,0.0011505814338372317,0.007431913768989775,0.0,0.0,-0.050141598843752334
439,11.16,0.023853211009174292,1.0,0.2,0.1,0.1,0.1,0.1,0.1,0.0,0.0,0.1,0,0,0.0023853211009174295,0.0,0.8466841107552078,1.0369714627066806,0.18350297842795874,0.0,0.0,0.0,0.0048307439498433535,0.0,0.0,-0.047560678899082574
440,11.19,0.0026881720430106952,1.0,0.2,0.1,0.1,0.1,0.1,0.1,0.0,0.0,0.1,0,0,0.0002688172043010695,0.0,0.8469117140107871,1.0369714627066806,0.1832834899812996,0.0,0.05589772617355663,0.005589772617355663,0.005096403983472662,0.0,0.0,-0.050627444140649396
441,11.64,0.04021447721179634,1.0,0.2,0.1,0.1,0.1,0.1,0.1,0.0,0.0,0.1,0,0,0.004021447721179634,0.0,0.8503175251931362,1.0369714627066806,0.17999910723323506,0.0,0.08815197437194384,0.008815197437194385,0.006397981692275265,0.0,0.0,-0.047423135843143414
442,11.71,0.006013745704467378,1.0,0.2,0.10000277161910703,0.10000277161910703,0.10000277161910703,0.1,0.10000277161910703,2.771619107028167e-06,0.0,0.1,0,0,0.0006013745704467378,2.771619107028167e-09,0.8508288821728363,1.0369714627066806,0.17950598182131164,0.0,0.2814840776259489,0.028149187929242765,0.014010903875213889,0.0,0.0,-0.054128456676554866
443,11.33,-0.0324508966695133,1.0,0.20000277161910704,0.10154378451717527,0.10154378451717527,0.10154378451717527,0.10000277161910703,0.10154378451717527,0.0015410128980682392,2.771619107028167e-06,0.1,0,0,-0.0032451796084765794,1.5410128980682392e-06,0.8480664784958245,1.0369714627066806,0.182169896669847,0.0026639148485353703,0.3038970090964236,0.03085885240710129,0.01990768586137448,0.0,0.0,-0.057579042740593334
444,11.39,0.005295675198587864,1.0,0.20154378451717528,0.1,0.1,0.1,0.10154378451717527,0.1,-0.0015437845171752673,0.0015410128980682392,0.10000277161910703,0,0,0.0005377429012383554,1.5437845171752674e-06,0.8485212109925149,1.0369714627066806,0.1817313768908133,0.0,0.15717196762227892,0.01571719676222789,0.018441014676673174,0.0,0.0,-0.052859019837255314
445,11.47,0.007023705004389822,1.0,0.2,0.1,0.1,0.1,0.1,0.1,0.0,0.0,0.1,0,0,0.0007023705004389823,0.0,0.8491171872601128,1.0369714627066806,0.18115664914850663,0.0,0.10857898193739343,0.010857898193739344,0.015786923907646334,0.0,0.0,-0.05108947219249671
446,11.18,-0.025283347863993104,1.0,0.2,0.1,0.1,0.1,0.1,0.1,0.0,0.0,0.1,0,0,-0.0025283347863993104,0.0,0.8469703347378335,1.0369714627066806,0.18322695927707625,0.002070310128569619,0.12967735045358558,0.012967735045358558,0.014800207805845612,0.0,0.0,-0.054678849744110275
447,11.13,-0.004472271914132284,1.0,0.2,0.1,0.1,0.1,0.1,0.1,0.0,0.0,0.1,0,0,-0.0004472271914132284,0.0,0.8465915465738183,1.0369714627066806,0.18359224239010083,0.0003652831130245837,0.0,0.0,0.009620135073799647,0.0,0.0,-0.05039322719141323
448,10.64,-0.04402515723270442,1.0,0.2,0.1,0.1,0.1,0.1,0.1,0.0,0.0,0.1,0,0,-0.004402515723270442,0.0,0.8428644139788393,1.0369714627066806,0.18718649037957832,0.003594247989477495,0.0,0.0,0.006253087797969771,0.0,0.0,-0.054348515723270444
449,10.74,0.00939849624060147,1.0,0.2,0.1,0.1,0.1,0.1,0.1,0.0,0.0,0.1,0,0,0.0009398496240601471,0.0,0.843656579781451,1.0369714627066806,0.1864225679081305,0.0,0.0,0.0,0.0040645070686803515,0.0,0.0,-0.049006150375939854
450,10.44,-0.027932960893854813,1.0,0.2,0.1,0.1,0.1,0.1,0.1,0.0,0.0,0.1,0,0,-0.0027932960893854815,0.0,0.8412999971563632,1.0369714627066806,0.188695130567605,0.0022725626594745085,0.0,0.0,0.0026419295946422286,0.0,0.0,-0.05273929608938548
451,10.73,0.027777777777777866,1.0,0.2,0.1,0.1,0.1,0.1,0.1,0.0,0.0,0.1,0,0,0.002777777777777787,0.0,0.8436369415929086,1.0369714627066806,0.18644150593029282,0.0,0.0,0.0,0.0017172542365174487,0.0,0.0,-0.047168222222222216
452,10.8,0.006523765144454826,1.0,0.2,0.1,0.1,0.1,0.1,0.1,0.0,0.0,0.1,0,0,0.0006523765144454826,0.0,0.8441873105203225,1.0369714627066806,0.18591075947563407,0.0,0.0,0.0,0.0011162152537363417,0.0,0.0,-0.04929362348555452
453,10.55,-0.023148148148148147,1.0,0.2,0.1,0.1,0.1,0.1,0.1,0.0,0.0,0.1,0,0,-0.0023148148148148147,0.0,0.8422331732274514,1.0369714627066806,0.18779522531018117,0.0018844658345471,0.0,0.0,0.0007255399149286221,0.0,0.0,-0.052260814814814815
454,10.21,-0.032227488151658754,1.0,0.2,0.1,0.1,0.1,0.1,0.1,0.0,0.0,0.1,0,0,-0.0032227488151658754,0.0,0.8395188672663393,1.0369714627066806,0.1904127572854848,0.002617531975303622,0.0,0.0,0.0004716009447036044,0.0,0.0,-0.05316874881516588
455,10.07,-0.013712047012732669,1.0,0.2,0.1,0.1,0.1,0.1,0.1,0.0,0.0,0.1,0,0,-0.0013712047012732669,0.0,0.8383677150487361,1.0369714627066806,0.1915228671187858,0.0011101098333010095,0.0,0.0,0.00030654061405734285,0.0,0.0,-0.051317204701273274
456,10.45,0.037735849056603675,1.0,0.2,0.1,0.1,0.1,0.1,0.1,0.0,0.0,0.1,0,0,0.003773584905660368,0.0,0.8415313668036369,1.0369714627066806,0.1884720100135737,0.0,0.0,0.0,0.00019925139913727285,0.0,0.0,-0.046172415094339635
457,10.43,-0.0019138755980860837,1.0,0.2,0.1,0.1,0.1,0.1,0.1,0.0,0.0,0.1,0,0,-0.00019138755980860838,0.0,0.841370308168842,1.0369714627066806,0.1886273263752936,0.00015531636171992047,0.0,0.0,0.00012951340943922736,0.0,0.0,-0.050137387559808615
458,10.41,-0.0019175455417065747,1.0,0.2,0.1,0.1,0.1,0.1,0.1,0.0,0.0,0.1,0,0,-0.00019175455417065748,0.0,0.8412089715805067,1.0369714627066806,0.18878291078059073,0.0001555844052971156,0.0,0.0,8.418371613549779e-05,0.0,0.0,-0.05013775455417066
459,10.36,-0.004803073967339165,1.0,0.2,0.1,0.1,0.1,0.1,0.1,0.0,0.0,0.1,0,0,-0.0004803073967339165,0.0,0.8408049326892576,1.0369714627066806,0.18917254434889977,0.00038963356830903906,0.0,0.0,5.471941548807356e-05,0.0,0.0,-0.05042630739673392
460,10.83,0.04536679536679543,1.0,0.2,0.1,0.1,0.1,0.1,0.1,0.0,0.0,0.1,0,0,0.004536679536679543,0.0,0.8446193952217281,1.0369714627066806,0.18549408002306952,0.0,0.0,0.0,3.556762006724782e-05,0.0,0.0,-0.04540932046332046
461,11.11,0.025854108956601972,1.0,0.2,0.1,0.1,0.1,0.1,0.1,0.0,0.0,0.1,0,0,0.0025854108956601973,0.0,0.8468030834088204,1.0369714627066806,0.1833882475429814,0.0,0.21273485174774753,0.021273485174774755,0.007468838764214875,0.0,0.0,-0.050977081584051516
462,11.17,0.005400540054005446,1.0,0.2,0.1,0.1,0.1,0.1,0.1,0.0,0.0,0.1,0,0,0.0005400540054005446,0.0,0.8472604028058008,1.0369714627066806,0.18294723309520983,0.0,0.22398776047688268,0.02239877604768827,0.012694316813430561,0.0,0.0,-0.053213737922706464
463,11.11,-0.005371530886302641,1.0,0.2,0.1,0.1,0.1,0.1,0.1,0.0,0.0,0.1,0,0,-0.0005371530886302641,0.0,0.8468052942635597,1.0369714627066806,0.18338611551252657,0.00043888241731673827,0.2560542837459029,0.02560542837459029,0.017213205859836468,0.0,0.0,-0.05483607591231062
464,11.03,-0.007200720072007207,1.0,0.2,0.1,0.1,0.1,0.1,0.1,0.0,0.0,0.1,0,0,-0.0007200720072007208,0.0,0.8461955334756112,1.0369714627066806,0.18397413631143736,0.0005880207989107933,0.23994698240228834,0.023994698240228835,0.019586728192973794,0.0,0.0,-0.05474517070803963
465,11.21,0.016319129646418993,1.0,0.2,0.1,0.1,0.1,0.1,0.1,0.0,0.0,0.1,0,0,0.0016319129646418995,0.0,0.847576450937312,1.0369714627066806,0.18264245312500094,0.0,0.22481774192876353,0.022481774192876353,0.02059999429293969,0.0,0.0,-0.052135988648147086
466,11.5,0.025869759143621687,1.0,0.2,0.1,0.1,0.1,0.1,0.1,0.0,0.0,0.1,0,0,0.002586975914362169,0.0,0.8497691108014674,1.0369714627066806,0.18052796883781316,0.0,0.17043672857556522,0.01704367285755652,0.01935528179055558,0.0,0.0,-0.050256448471422445
467,11.23,-0.02347826086956518,1.0,0.2,0.1,0.1,0.1,0.1,0.1,0.0,0.0,0.1,0,0,-0.0023478260869565183,0.0,0.8477740007152379,1.0369714627066806,0.182451946650107,0.0019239778122938367,0.20750148796801804,0.020750148796801805,0.019843485242741758,0.0,0.0,-0.05582135138241283
468,10.97,-0.02315227070347282,1.0,0.2,0.1,0.1,0.1,0.1,0.1,0.0,0.0,0.1,0,0,-0.0023152270703472822,0.0,0.8458112113992454,1.0369714627066806,0.18434475603453235,0.001892809384425348,0.08254484193149982,0.008254484193149982,0.015787334875384636,0.0,0.0,-0.05366448938318278
469,10.76,-0.01914311759343672,1.0,0.2,0.1,0.1,0.1,0.1,0.1,0.0,0.0,0.1,0,0,-0.0019143117593436723,0.0,0.8441920650510791,1.0369714627066806,0.18590617445962576,0.0015614184250934138,0.0,0.0,0.010261767669000015,0.0,0.0,-0.05186031175934368
470,10.62,-0.01301115241635693,1.0,0.2,0.1,0.1,0.1,0.1,0.1,0.0,0.0,0.1,0,0,-0.001301115241635693,0.0,0.8430936738883733,1.0369714627066806,0.18696540434415782,0.0010592298845320536,0.0,0.0,0.00667014898485001,0.0,0.0,-0.0512471152416357
471,10.98,0.03389830508474588,1.0,0.2,0.1,0.1,0.1,0.1,0.1,0.0,0.0,0.1,0,0,0.0033898305084745883,0.0,0.845951618545622,1.0369714627066806,0.18420935486735843,0.0,0.0,0.0,0.004335596840152506,0.0,0.0,-0.04655616949152542
472,11.2,0.02003642987249534,1.0,0.2,0.1,0.1,0.1,0.1,0.1,0.0,0.0,0.1,0,0,0.002003642987249534,0.0,0.8476466035736734,1.0369714627066806,0.18257480166217455,0.0,0.0,0.0,0.0028181379460991292,0.0,0.0,-0.04794235701275047
473,11.35,0.013392857142857175,1.0,0.2,0.1,0.1,0.1,0.1,0.1,0.0,0.0,0.1,0,0,0.0013392857142857176,0.0,0.8487818445606025,1.0369714627066806,0.18148003577154348,0.0,0.04589266596423009,0.004589266596423009,0.003438032973712487,0.0,0.0,-0.0493868896071062
474,11.3,-0.004405286343612241,1.0,0.2,0.1,0.1,0.1,0.1,0.1,0.0,0.0,0.1,0,0,-0.00044052863436122407,0.0,0.8484079318537476,1.0369714627066806,0.1818406172535824,0.0003605814820389075,0.17113622733857872,0.017113622733857872,0.008224489389763372,0.0,0.0,-0.05329584449911707
475,11.35,0.004424778761061852,1.0,0.2,0.1,0.1,0.1,0.1,0.1,0.0,0.0,0.1,0,0,0.00044247787610618525,0.0,0.848783333593506,1.0369714627066806,0.18147859982758832,0.0,0.2003568967705836,0.020035689677058363,0.012358409490316618,0.0,0.0,-0.052909589368993745
476,11.06,-0.025550660792951468,1.0,0.2,0.1,0.1,0.1,0.1,0.1,0.0,0.0,0.1,0,0,-0.0025550660792951468,0.0,0.8466146360891702,1.0369714627066806,0.183569976092346,0.002091376264757666,0.24725034830915552,0.02472503483091555,0.016686728359526243,0.0,0.0,-0.0567043220005508
477,12.47,0.1274864376130199,1.0,0.2,0.1,0.1,0.1,0.1,0.1,0.0,0.0,0.1,1,0,0.01274864376130199,0.0,0.8574078244877754,1.0369714627066806,0.17316160056151597,0.0,0.03016218073932552,0.003016218073932552,0.011902049759568453,0.0,0.0,-0.037710113311266544
478,12.17,-0.024057738572574233,1.0,0.2,0.1213700123159854,0.1213700123159854,0.1213700123159854,0.1,0.1213700123159854,0.0213700123159854,0.0,0.1,0,0,-0.0024057738572574234,2.13700123159854e-05,0.8553267723428457,1.0369714627066806,0.17516845631384093,0.002006855752324954,0.472857051314262,0.05739066614171252,0.027823065493318876,0.0,0.0,-0.04948837019726468
479,12.3,0.010682004930156187,1.0,0.2213700123159854,0.11509857923086061,0.11509857923086061,0.11509857923086061,0.1213700123159854,0.11509857923086061,-0.006271433085124789,0.0213700123159854,0.1,0,0,0.001296475069932473,6.271433085124789e-06,0.8564303180552154,1.0369714627066806,0.17410425565639057,0.0,0.33267472672221643,0.03829038839174193,0.03148662850776694,0.0,0.0,-0.05731113526643111
480,12.57,0.021951219512195086,1.0,0.21509857923086062,0.11842419244638472,0.11842419244638472,0.11842419244638472,0.11509857923086061,0.11842419244638472,0.0033256132155241036,0.0,0.11509857923086061,0,0,0.0025265541782383996,3.3256132155241035e-06,0.858591287497684,1.0369714627066806,0.1720203319225319,0.0,0.37465963083084264,0.04436876422340316,0.03599537600823962,0.0,0.0,-0.05192509422153028
481,12.76,0.015115354017501949,1.0,0.21842419244638472,0.12493646554930207,0.12493646554930207,0.12493646554930207,0.11842419244638472,0.12493646554930207,0.006512273102917354,0.0033256132155241036,0.11509857923086061,0,0,0.0017900235930638853,6.512273102917354e-06,0.8601225947781559,1.0369714627066806,0.17054362081181831,0.0,0.4369533486250688,0.05459140698714809,0.042503986850857586,0.0,0.0,-0.0520188734402523
482,13.06,0.023510971786833913,1.0,0.22493646554930208,0.12955116890646406,0.12955116890646406,0.12955116890646406,0.12493646554930207,0.12955116890646406,0.004614703357161992,0.006512273102917354,0.11842419244638472,0,0,0.002937377716676388,4.614703357161992e-06,0.8626451305110413,1.0369714627066806,0.16811102182177365,0.0,0.5279424982080148,0.06839556775824712,0.05156604016844392,0.0,0.0,-0.05321535910313787
483,13.64,0.044410413476263406,1.0,0.22955116890646407,0.13715304285553917,0.13715304285553917,0.13715304285553917,0.12955116890646406,0.13715304285553917,0.007601873949075105,0.004614703357161992,0.12493646554930207,0,0,0.005753420977469308,7.601873949075106e-06,0.8676017333814904,1.0369714627066806,0.16333113823894924,0.0,0.3248777494160102,0.044557971888465164,0.04911321627045136,0.0,0.0,-0.04556966106101563
484,13.53,-0.008064516129032346,1.0,0.23715304285553918,0.152090199666709,0.152090199666709,0.152090199666709,0.13715304285553917,0.152090199666709,0.014937156811169833,0.007601873949075105,0.12955116890646406,0,0,-0.0011060729262543601,1.4937156811169833e-05,0.8666291430902846,1.0369714627066806,0.1642690524691703,0.0009379142302210763,0.5427307561700743,0.08254402907117056,0.060814000750703076,0.0,0.0,-0.05200563071508685
485,13.55,0.0014781966001479194,1.0,0.252090199666709,0.14915918782604454,0.14915918782604454,0.14915918782604454,0.152090199666709,0.14915918782604454,-0.002931011840664466,0.014937156811169833,0.13715304285553917,0,0,0.00022481921606314748,2.9310118406644657e-06,0.8668214378745719,1.0369714627066806,0.16408361363000945,0.0,0.475095503261922,0.07086485940635417,0.06433180128018096,0.0,0.0,-0.058553694105892014
486,13.87,0.023616236162361512,1.0,0.24915918782604454,0.14973870329809177,0.14973870329809177,0.14973870329809177,0.14915918782604454,0.14973870329809177,0.0005795154720472373,0.0,0.14915918782604454,0,0,0.003522578605485906,5.795154720472374e-07,0.8698743821899707,1.0369714627066806,0.16113951687788658,0.0,0.4127202982840027,0.06180020228984821,0.06344574163356449,0.0,0.0,-0.05251428116067968
487,13.18,-0.04974765681326601,1.0,0.24973870329809178,0.1589390061819594,0.1589390061819594,0.1589390061819594,0.14973870329809177,0.1589390061819594,0.00920030288386764,0.0005795154720472373,0.14915918782604454,0,0,-0.007449149623336933,9.20030288386764e-06,0.8633865546557428,1.0369714627066806,0.16739603190028995,0.006256515022403375,0.4533525190676001,0.07205539883069216,0.06645912165255918,0.0,0.0,-0.059715581521714245
488,13.65,0.03566009104704102,1.0,0.2589390061819594,0.13938737884427121,0.13938737884427121,0.13938737884427121,0.1589390061819594,0.13938737884427121,-0.0195516273376882,0.00920030288386764,0.14973870329809177,0,0,0.0056677794313748885,1.95516273376882e-05,0.8682631585993813,1.0369714627066806,0.1626932950179174,0.0,0.15397284210267867,0.021461870873895224,0.0507100838800268,0.0,0.0,-0.05655964215384761
489,13.74,0.006593406593406583,1.0,0.23938737884427122,0.15408346280700486,0.15408346280700486,0.15408346280700486,0.13938737884427121,0.15408346280700486,0.014696083962733641,0.0,0.13938737884427121,0,0,0.0009190376627094791,1.4696083962733641e-05,0.8690483650749968,1.0369714627066806,0.16193608375043853,0.0,0.16496266802164086,0.025418019122656788,0.04185786121494729,0.0,0.0,-0.04425756047093127
490,13.35,-0.028384279475982575,1.0,0.2540834628070049,0.15644972063842955,0.15644972063842955,0.15644972063842955,0.15408346280700486,0.15644972063842955,0.0023662578314246896,0.014696083962733641,0.13938737884427121,0,0,-0.004373548070941193,2.3662578314246898e-06,0.8652454838818687,1.0369714627066806,0.16560337964998229,0.00366729589954376,0.20096038815315515,0.03144019658595149,0.038211678594798765,0.0,0.0,-0.05619788525762449
491,12.02,-0.09962546816479402,1.0,0.2564497206384295,0.1449894238288995,0.1449894238288995,0.1449894238288995,0.15644972063842955,0.1449894238288995,-0.011460296809530035,0.0023662578314246896,0.15408346280700486,0,0,-0.01558637666285478,1.1460296809530035e-05,0.8517495258941935,1.0369714627066806,0.17861816209389678,0.013014782443914491,0.049813342002831835,0.007222407755982507,0.027365433801213073,0.0,0.0,-0.07810287540398482
492,11.94,-0.0066555740432612375,1.0,0.24498942382889952,0.10431824103304882,0.10431824103304882,0.10431824103304882,0.1449894238288995,0.10431824103304882,-0.04067118279585069,0.0,0.1449894238288995,0,0,-0.0009649878457830259,4.067118279585069e-05,0.8508929562933902,1.0369714627066806,0.17944419215509774,0.0008260300612009663,0.0,0.0,0.017787531970788497,0.0,0.0,-0.07142753799891721
493,12.44,0.04187604690117253,1.0,0.20431824103304883,0.10173689425301938,0.10173689425301938,0.10173689425301938,0.10431824103304882,0.10173689425301938,-0.002581346780029442,0.0,0.10431824103304882,0,0,0.004368435554147773,2.581346780029442e-06,0.8546078308866433,1.0369714627066806,0.1758617651290381,0.0,0.0,0.0,0.011561895781012523,0.0,0.0,-0.04687902199721662
494,12.58,0.011254019292604547,1.0,0.20173689425301938,0.11293199695943099,0.11293199695943099,0.11293199695943099,0.10173689425301938,0.11293199695943099,0.011195102706411608,0.0,0.10173689425301938,0,0,0.0011449489706931487,1.1195102706411608e-05,0.8555767458205228,1.0369714627066806,0.17492739521749734,0.0,0.0,0.0,0.00751523225765814,0.0,0.0,-0.04324777062166659
495,12.51,-0.005564387917329116,1.0,0.212931996959431,0.11585187949532894,0.11585187949532894,0.11585187949532894,0.11293199695943099,0.11585187949532894,0.0029198825358979497,0.011195102706411608,0.10173689425301938,0,0,-0.0006283974393609062,2.91988253589795e-06,0.8550366054006742,1.0369714627066806,0.17544827784471909,0.000520882627221747,0.0,0.0,0.004884900967477791,0.0,0.0,-0.04912013750991584
496,12.13,-0.030375699440447563,1.0,0.21585187949532894,0.11422411389943635,0.11422411389943635,0.11422411389943635,0.11585187949532894,0.11422411389943635,-0.0016277655958925885,0.0029198825358979497,0.11293199695943099,0,0,-0.0035190818711610615,1.6277655958925886e-06,0.8520262697842601,1.0369714627066806,0.17835128503891567,0.0029030071941965885,0.0,0.0,0.003175185628860564,0.0,0.0,-0.054279583434866885
497,11.31,-0.06760098928277002,1.0,0.21422411389943635,0.10515224039860657,0.10515224039860657,0.10515224039860657,0.11422411389943635,0.10515224039860657,-0.009071873500829775,0.0,0.11422411389943635,0,0,-0.0077216630995496985,9.071873500829775e-06,0.8454394805024811,1.0369714627066806,0.1847032334952274,0.0063519484563117345,0.0,0.0,0.0020638706587593667,0.0,0.0,-0.062241966132675665
498,11.16,-0.013262599469496051,1.0,0.20515224039860658,0.1,0.1,0.1,0.10515224039860657,0.1,-0.005152240398606567,0.0,0.10515224039860657,0,0,-0.0013945920477268809,5.152240398606567e-06,0.8442560814186919,1.0369714627066806,0.1858444404872697,0.0011412069920422874,0.0,0.0,0.0013415159281935883,0.0,0.0,-0.0539398973288239
499,11.36,0.017921146953404955,1.0,0.2,0.1,0.1,0.1,0.1,0.1,0.0,0.0,0.1,0,0,0.0017921146953404955,0.0,0.845769085148833,1.0369714627066806,0.18438538034477372,0.0,0.0,0.0,0.0008719853533258325,0.0,0.0,-0.048153885304659506
500,11.66,0.026408450704225418,1.0,0.2,0.1,0.1,0.1,0.1,0.1,0.0,0.0,0.1,0,0,0.002640845070422542,0.0,0.848002630268064,1.0369714627066806,0.1822314684970927,0.0,0.0,0.0,0.0005667904796617911,0.0,0.0,-0.04730515492957746
501,11.44,-0.01886792452830194,1.0,0.2,0.1,0.1,0.1,0.1,0.1,0.0,0.0,0.1,0,0,-0.0018867924528301943,0.0,0.8464026253052941,1.0369714627066806,0.1837744279904944,0.001542959493401691,0.0,0.0,0.00036841381178016425,0.0,0.0,-0.0518327924528302
502,11.74,0.026223776223776286,1.0,0.2,0.1,0.1,0.1,0.1,0.1,0.0,0.0,0.1,0,0,0.002622377622377629,0.0,0.8486222126094164,1.0369714627066806,0.18163397631564426,0.0,0.0,0.0,0.00023946897765710678,0.0,0.0,-0.047323622377622374
503,12.04,0.02555366269165238,1.0,0.2,0.1,0.1,0.1,0.1,0.1,0.0,0.0,0.1,0,0,0.002555366269165238,0.0,0.8507907531867829,1.0369714627066806,0.1795427513828904,0.0,0.017578012747378566,0.0017578012747378566,0.0007708852816353692,0.0,0.0,-0.04768945994754021
504,11.83,-0.017441860465116202,1.0,0.2,0.10142890587759787,0.10142890587759787,0.10142890587759787,0.1,0.10142890587759787,0.0014289058775978636,0.0,0.1,0,0,-0.0017441860465116203,1.4289058775978636e-06,0.8493056001266656,1.0369714627066806,0.1809749538238725,0.0014322024409821055,0.1699675435934198,0.017239621981383492,0.006534943126547212,0.0,0.0,-0.053863640746830733
505,11.76,-0.005917159763313634,1.0,0.20142890587759787,0.1,0.1,0.1,0.10142890587759787,0.1,-0.0014289058775978636,0.0014289058775978636,0.1,0,0,-0.0006001710406958479,1.4289058775978636e-06,0.8487946579230048,1.0369714627066806,0.18146767924789442,0.0004927254240219281,0.055952606576781666,0.005595260657678167,0.0062060542624430455,0.0,0.0,-0.05221824836774926
506,11.65,-0.00935374149659859,1.0,0.2,0.1,0.1,0.1,0.1,0.1,0.0,0.0,0.1,0,0,-0.0009353741496598592,0.0,0.8480007173416143,1.0369714627066806,0.18223331322138694,0.0007656339734925244,0.0,0.0,0.00403393527058798,0.0,0.0,-0.05088137414965986
507,11.45,-0.017167381974249017,1.0,0.2,0.1,0.1,0.1,0.1,0.1,0.0,0.0,0.1,0,0,-0.0017167381974249017,0.0,0.8465449221187102,1.0369714627066806,0.1836372045291614,0.001403891307774463,0.0,0.0,0.002622057925882187,0.0,0.0,-0.05166273819742491
508,11.56,0.009606986899563425,1.0,0.2,0.1,0.1,0.1,0.1,0.1,0.0,0.0,0.1,0,0,0.0009606986899563426,0.0,0.8473581967163789,1.0369714627066806,0.18285292586102345,0.0,0.0,0.0,0.0017043376518234216,0.0,0.0,-0.04898530131004366
509,11.31,-0.02162629757785467,1.0,0.2,0.1,0.1,0.1,0.1,0.1,0.0,0.0,0.1,0,0,-0.002162629757785467,0.0,0.8455256746646567,1.0369714627066806,0.1846201124400437,0.0017671865790202523,0.0,0.0,0.0011078194736852242,0.0,0.0,-0.05210862975778547
510,12.29,0.08664898320070721,1.0,0.2,0.1,0.1,0.1,0.1,0.1,0.0,0.0,0.1,0,0,0.008664898320070722,0.0,0.8528520686626352,1.0369714627066806,0.1775549286221059,0.0,0.0,0.0,0.0007200826578953957,0.0,0.0,-0.04128110167992928
511,12.32,0.002441008950366244,1.0,0.2,0.10764082745020548,0.10764082745020548,0.10764082745020548,0.1,0.10764082745020548,0.007640827450205473,0.0,0.1,0,0,0.00024410089503662443,7.640827450205472e-06,0.8530537341204323,1.0369714627066806,0.17736045320494184,0.0,0.19279747125675412,0.02075287933638422,0.007731561495366484,0.0,0.0,-0.049145599580600496
512,12.18,-0.011363636363636409,1.0,0.20764082745020548,0.1082485619962632,0.1082485619962632,0.1082485619962632,0.10764082745020548,0.1082485619962632,0.0006077345460577255,0.007640827450205473,0.1,0,0,-0.0012231912210250672,6.077345460577255e-07,0.8520097678515697,1.0369714627066806,0.17836719862312111,0.0010067454181792723,0.2285883558992195,0.02474436081518054,0.013686041257301402,0.0,0.0,-0.05469357656048923
513,12.43,0.020525451559934318,1.0,0.2082485619962632,0.10510250777312272,0.10510250777312272,0.10510250777312272,0.1082485619962632,0.10510250777312272,-0.0031460542231404875,0.0006077345460577255,0.10764082745020548,0,0,0.0022218506156868475,3.1460542231404875e-06,0.8539001258099136,1.0369714627066806,0.17654423817885803,0.0,0.22593816862466704,0.02374666812411918,0.017207260660687625,0.0,0.0,-0.053115263486277535
514,12.33,-0.008045052292839874,1.0,0.20510250777312272,0.11079926826358819,0.11079926826358819,0.11079926826358819,0.10510250777312272,0.11079926826358819,0.005696760490465469,0.0,0.10510250777312272,0,0,-0.0008455551711433816,5.696760490465469e-06,0.8531732416783956,1.0369714627066806,0.17724520648672323,0.0007009683078652018,0.28636922928070196,0.03172950105750949,0.022290044799575276,0.0,0.0,-0.052739196227756996
515,12.0,-0.026763990267639908,1.0,0.2107992682635882,0.10860875100199124,0.10860875100199124,0.10860875100199124,0.11079926826358819,0.10860875100199124,-0.0021905172615969415,0.005696760490465469,0.10510250777312272,0,0,-0.0029654305374682975,2.1905172615969417e-06,0.8506413468030586,1.0369714627066806,0.17968683093483323,0.002441624448109997,0.31088666121920194,0.03376501197819671,0.02630628331209278,0.0,0.0,-0.05921724162685743
516,11.98,-0.0016666666666666312,1.0,0.20860875100199125,0.10097865797890565,0.10097865797890565,0.10097865797890565,0.10860875100199124,0.10097865797890565,-0.0076300930230855935,0.0,0.10860875100199124,0,0,-0.0001810145850033149,7.630093023085594e-06,0.850480877840075,1.0369714627066806,0.17984157864849235,0.00015474771365911466,0.0,0.0,0.017099084152860308,0.0,0.0,-0.05397592733398299
517,11.95,-0.0025041736227046025,1.0,0.20097865797890566,0.10049506873204261,0.10049506873204261,0.10049506873204261,0.10097865797890565,0.10049506873204261,-0.0004835892468630365,0.0,0.10097865797890565,0,0,-0.00025286809176688517,4.835892468630365e-07,0.8502654070800042,1.0369714627066806,0.18004936716323927,0.00020778851474692606,0.0,0.0,0.0111144046993592,0.0,0.0,-0.050442601380873746
518,12.14,0.015899581589958266,1.0,0.20049506873204262,0.1,0.1,0.1,0.10049506873204261,0.1,-0.0004950687320426084,0.0,0.10049506873204261,0,0,0.0015978295446935752,4.950687320426084e-07,0.8516235653284506,1.0369714627066806,0.17873963174882257,0.0,0.0,0.0,0.00722436305458348,0.0,0.0,-0.048597932630621926
519,12.24,0.008237232289950547,1.0,0.2,0.1039386339516403,0.1039386339516403,0.1039386339516403,0.1,0.1039386339516403,0.003938633951640291,0.0,0.1,0,0,0.0008237232289950547,3.9386339516402916e-06,0.8523217132080829,1.0369714627066806,0.1780663751504105,0.0,0.0,0.0,0.004695835985479262,0.0,0.0,-0.04716880241137284
520,11.69,-0.04493464052287587,1.0,0.2039386339516403,0.10604258477992784,0.10604258477992784,0.10604258477992784,0.1039386339516403,0.10604258477992784,0.002103950828287543,0.003938633951640291,0.1,0,0,-0.004670445153055738,2.103950828287543e-06,0.8483391981508116,1.0369714627066806,0.18190690037265358,0.0038405252222430963,0.018939913571758324,0.002008437390657688,0.003755246477291711,0.0,0.0,-0.05388960413435883
521,11.8,0.009409751924722088,1.0,0.20604258477992785,0.1,0.1,0.1,0.10604258477992784,0.1,-0.006042584779927834,0.002103950828287543,0.1039386339516403,0,0,0.0009978344162354313,6.042584779927834e-06,0.8491805740378411,1.0369714627066806,0.18109552231907308,0.0,0.0,0.0,0.0024409102102396123,0.0,0.0,-0.051996649605238164
522,11.9,0.00847457627118641,1.0,0.2,0.1,0.1,0.1,0.1,0.1,0.0,0.0,0.1,0,0,0.000847457627118641,0.0,0.8499002185921105,1.0369714627066806,0.1804015354735807,0.0,0.0,0.0,0.0015865916366557481,0.0,0.0,-0.04909854237288137
523,11.89,-0.0008403361344537636,1.0,0.2,0.1,0.1,0.1,0.1,0.1,0.0,0.0,0.1,0,0,-8.403361344537636e-05,0.0,0.8498287984056743,1.0369714627066806,0.18047040929412905,6.887382054834856e-05,0.0,0.0,0.0010312845638262363,0.0,0.0,-0.05003003361344538
524,11.88,-0.0008410428931875346,1.0,0.2,0.1,0.1,0.1,0.1,0.1,0.0,0.0,0.1,0,0,-8.410428931875346e-05,0.0,0.8497573241585418,1.0369714627066806,0.18053933524793106,6.892595380200706e-05,0.0,0.0,0.0006703349664870537,0.0,0.0,-0.050030104289318755
525,11.92,0.003367003367003295,1.0,0.2,0.1,0.1,0.1,0.1,0.1,0.0,0.0,0.1,0,0,0.0003367003367003295,0.0,0.8500434377356995,1.0369714627066806,0.1802634225661964,0.0,0.0,0.0,0.00043571772821658487,0.0,0.0,-0.049609299663299675
526,11.66,-0.021812080536912734,1.0,0.2,0.1,0.1,0.1,0.1,0.1,0.0,0.0,0.1,0,0,-0.0021812080536912737,0.0,0.8481893161433229,1.0369714627066806,0.18205143859080034,0.0017880160246039334,0.055550145483846784,0.005555014548384678,0.0022274716152754174,0.0,0.0,-0.05307156052691667
527,11.32,-0.02915951972555745,1.0,0.2,0.1,0.1,0.1,0.1,0.1,0.0,0.0,0.1,0,0,-0.002915951972555745,0.0,0.845716036833814,1.0369714627066806,0.18443653731189072,0.002385098721090384,0.0,0.0,0.0014478565499290213,0.0,0.0,-0.05286195197255575
528,11.09,-0.020318021201413464,1.0,0.2,0.1,0.1,0.1,0.1,0.1,0.0,0.0,0.1,0,0,-0.0020318021201413466,0.0,0.8439977091971376,1.0369714627066806,0.1860936008844902,0.001657063572599482,0.0,0.0,0.0009411067574538639,0.0,0.0,-0.05197780212014135
529,11.36,0.024346257889990945,1.0,0.2,0.1,0.1,0.1,0.1,0.1,0.0,0.0,0.1,0,0,0.0024346257889990945,0.0,0.8460525277858051,1.0369714627066806,0.18411204337537218,0.0,0.0,0.0,0.0006117193923450116,0.0,0.0,-0.047511374211000906
530,11.06,-0.026408450704225258,1.0,0.2,0.1,0.1,0.1,0.1,0.1,0.0,0.0,0.1,0,0,-0.002640845070422526,0.0,0.8438182341384834,1.0369714627066806,0.18626667706364142,0.0021546336882692363,0.0,0.0,0.00039761760502425754,0.0,0.0,-0.05258684507042253
531,10.71,-0.03164556962025313,1.0,0.2,0.1,0.1,0.1,0.1,0.1,0.0,0.0,0.1,0,0,-0.0031645569620253134,0.0,0.8411479232709566,1.0369714627066806,0.18884178251597172,0.0025751054523303063,0.0,0.0,0.0002584514432657674,0.0,0.0,-0.05311055696202532
532,10.77,0.005602240896358424,1.0,0.2,0.1,0.1,0.1,0.1,0.1,0.0,0.0,0.1,0,0,0.0005602240896358424,0.0,0.8416191546005201,1.0369714627066806,0.18838735214203114,0.0,0.0,0.0,0.00016799343812274882,0.0,0.0,-0.04938577591036416
533,11.0,0.021355617455896047,1.0,0.2,0.1,0.1,0.1,0.1,0.1,0.0,0.0,0.1,0,0,0.0021355617455896046,0.0,0.8434164842714403,1.0369714627066806,0.18665410321902903,0.0,0.0,0.0,0.00010919573477978674,0.0,0.0,-0.0478104382544104
534,10.88,-0.010909090909090839,1.0,0.2,0.1,0.1,0.1,0.1,0.1,0.0,0.0,0.1,0,0,-0.001090909090909084,0.0,0.8424963935613261,1.0369714627066806,0.18754138965188094,0.0008872864328519081,0.0,0.0,7.097722760686139e-05,0.0,0.0,-0.05103690909090909
535,10.75,-0.011948529411764776,1.0,0.2,0.1,0.1,0.1,0.1,0.1,0.0,0.0,0.1,0,0,-0.0011948529411764776,0.0,0.8414897342675488,1.0369714627066806,0.1885121582120395,0.0009707685601585692,0.0,0.0,4.61351979444599e-05,0.0,0.0,-0.051140852941176485
536,10.71,-0.0037209302325580604,1.0,0.2,0.1,0.1,0.1,0.1,0.1,0.0,0.0,0.1,0,0,-0.00037209302325580607,0.0,0.8411766218082865,1.0369714627066806,0.18881410717642574,0.00030194896438623386,0.0,0.0,2.9987878663898936e-05,0.0,0.0,-0.05031809302325581
537,10.97,0.024276377217553668,1.0,0.2,0.1,0.1,0.1,0.1,0.1,0.0,0.0,0.1,0,0,0.002427637721755367,0.0,0.843218693906047,1.0369714627066806,0.18684484170365145,0.0,0.0,0.0,1.949212113153431e-05,0.0,0.0,-0.04751836227824464
538,10.89,-0.007292616226071109,1.0,0.2,0.1,0.1,0.1,0.1,0.1,0.0,0.0,0.1,0,0,-0.000729261622607111,0.0,0.8426037668731164,1.0369714627066806,0.18743784455382195,0.0005930028501704987,0.0007697867532462863,7.697867532462864e-05,3.9612415099117324e-05,0.0,0.0,-0.05068834799741231
539,10.71,-0.016528925619834683,1.0,0.2,0.1,0.1,0.1,0.1,0.1,0.0,0.0,0.1,0,0,-0.0016528925619834684,0.0,0.8412110333741527,1.0369714627066806,0.1887809224967081,0.0013430779428861561,0.0,0.0,2.5748069814426262e-05,0.0,0.0,-0.051598892561983474
540,10.72,0.0009337068160597372,1.0,0.2,0.1,0.1,0.1,0.1,0.1,0.0,0.0,0.1,0,0,9.337068160597372e-05,0.0,0.8412895778217133,1.0369714627066806,0.18870517841850984,0.0,0.0,0.0,1.6736245379377072e-05,0.0,0.0,-0.04985262931839403
541,10.38,-0.03171641791044775,1.0,0.2,0.1,0.1,0.1,0.1,0.1,0.0,0.0,0.1,0,0,-0.003171641791044775,0.0,0.8386213086383235,1.0369714627066806,0.19127831497949596,0.0025731365609861223,0.0,0.0,1.0878559496595097e-05,0.0,0.0,-0.05311764179104478
542,10.32,-0.005780346820809296,1.0,0.2,0.1,0.1,0.1,0.1,0.1,0.0,0.0,0.1,0,0,-0.0005780346820809297,0.0,0.8381365564367984,1.0369714627066806,0.1917457841615888,0.00046746918209283894,0.0,0.0,7.0710636727868134e-06,0.0,0.0,-0.050524034682080936
543,10.43,0.010658914728682115,1.0,0.2,0.1,0.1,0.1,0.1,0.1,0.0,0.0,0.1,0,0,0.0010658914728682116,0.0,0.8390299190454036,1.0369714627066806,0.19088427288501678,0.0,0.0,0.0,4.596191387311429e-06,0.0,0.0,-0.048880108527131795
544,10.71,0.026845637583892728,1.0,0.2,0.1,0.1,0.1,0.1,0.1,0.0,0.0,0.1,0,0,0.002684563758389273,0.0,0.8412823483582771,1.0369714627066806,0.18871215012766118,0.0,0.0,0.0,2.9875244017524288e-06,0.0,0.0,-0.04726143624161073
545,10.74,0.002801120448179212,1.0,0.2,0.1,0.1,0.1,0.1,0.1,0.0,0.0,0.1,0,0,0.0002801120448179212,0.0,0.841518001677145,1.0369714627066806,0.18848489862909748,0.0,0.0,0.0,1.9418908611390788e-06,0.0,0.0,-0.049665887955182085
546,11.0,0.02420856610800743,1.0,0.2,0.1,0.1,0.1,0.1,0.1,0.0,0.0,0.1,0,0,0.002420856610800743,0.0,0.8435551960946129,1.0369714627066806,0.1865203369311791,0.0,0.0,0.0,1.2622290597404013e-06,0.0,0.0,-0.04752514338919926
547,11.17,0.015454545454545448,1.0,0.2,0.1,0.1,0.1,0.1,0.1,0.0,0.0,0.1,0,0,0.001545454545454545,0.0,0.8448588723067592,1.0369714627066806,0.18526314108825453,0.0,0.19598377251624746,0.01959837725162475,0.006860252486957492,0.0,0.0,-0.05173226958732167
548,11.08,-0.008057296329453881,1.0,0.2,0.1,0.1,0.1,0.1,0.1,0.0,0.0,0.1,0,0,-0.0008057296329453882,0.0,0.8441781444776848,1.0369714627066806,0.18591959871853256,0.0006564576302780234,0.27734846762524734,0.027734846762524735,0.014166360483406026,0.0,0.0,-0.0554666535825746
549,10.88,-0.018050541516245425,1.0,0.2,0.1,0.1,0.1,0.1,0.1,0.0,0.0,0.1,0,0,-0.0018050541516245425,0.0,0.8426543572132846,1.0369714627066806,0.18738905792662186,0.001469459208089302,0.21497301312470563,0.021497301312470563,0.016732189773578612,0.0,0.0,-0.05540559537474454
550,10.9,0.0018382352941176078,1.0,0.2,0.1,0.1,0.1,0.1,0.1,0.0,0.0,0.1,0,0,0.0001838235294117608,0.0,0.8428092569113018,1.0369714627066806,0.1872396809152113,0.0,0.05942440621497002,0.0059424406214970025,0.01295577757035005,0.0,0.0,-0.05077239137624273
551,10.93,0.0027522935779815925,1.0,0.2,0.1,0.1,0.1,0.1,0.1,0.0,0.0,0.1,0,0,0.00027522935779815925,0.0,0.8430412227618278,1.0369714627066806,0.1870159854145458,0.0,0.06042266318280498,0.0060422663182804984,0.010536048632125709,0.0,0.0,-0.05069795591630953
552,11.01,0.007319304666056731,1.0,0.2,0.1,0.1,0.1,0.1,0.1,0.0,0.0,0.1,0,0,0.0007319304666056731,0.0,0.8436582703173716,1.0369714627066806,0.18642093764540738,0.0,0.0,0.0,0.006848431610881711,0.0,0.0,-0.04921406953339433
553,11.0,-0.0009082652134423058,1.0,0.2,0.1,0.1,0.1,0.1,0.1,0.0,0.0,0.1,0,0,-9.082652134423059e-05,0.0,0.8435816437714755,1.0369714627066806,0.18649483220147947,7.389455607209605e-05,0.0,0.0,0.004451480547073112,0.0,0.0,-0.05003682652134424
554,10.79,-0.01909090909090917,1.0,0.2,0.1,0.1,0.1,0.1,0.1,0.0,0.0,0.1,0,0,-0.001909090909090917,0.0,0.8419711697242753,1.0369714627066806,0.18804788752182217,0.0015530553203426944,0.00483377971091483,0.00048337797109148305,0.003062644645479542,0.0,0.0,-0.05193726516417647
555,10.81,0.001853568118628485,1.0,0.2,0.1,0.1,0.1,0.1,0.1,0.0,0.0,0.1,0,0,0.0001853568118628485,0.0,0.8421272348159758,1.0369714627066806,0.18789738666686792,0.0,0.0,0.0,0.0019907190195617023,0.0,0.0,-0.04976064318813716
556,10.74,-0.0064754856614246325,1.0,0.2,0.1,0.1,0.1,0.1,0.1,0.0,0.0,0.1,0,0,-0.0006475485661424633,0.0,0.8415819165325612,1.0369714627066806,0.18842326254969238,0.0005258758828244614,0.0,0.0,0.0012939673627151065,0.0,0.0,-0.05059354856614247
557,10.83,0.00837988826815641,1.0,0.2,0.1,0.1,0.1,0.1,0.1,0.0,0.0,0.1,0,0,0.0008379888268156411,0.0,0.8422871527754656,1.0369714627066806,0.18774317031160548,0.0,0.0,0.0,0.0008410787857648192,0.0,0.0,-0.04910801117318436
558,11.02,0.01754385964912276,1.0,0.2,0.1,0.1,0.1,0.1,0.1,0.0,0.0,0.1,0,0,0.0017543859649122762,0.0,0.8437648495347209,1.0369714627066806,0.18631815832969598,0.0,0.0,0.0,0.0005467012107471324,0.0,0.0,-0.048191614035087725
559,11.09,0.006352087114337594,1.0,0.2,0.1,0.1,0.1,0.1,0.1,0.0,0.0,0.1,0,0,0.0006352087114337595,0.0,0.8443008163175469,1.0369714627066806,0.1858013005355315,0.0,0.03477255805680073,0.0034772558056800733,0.0015723953189736616,0.0,0.0,-0.04990192477553186
560,11.11,0.001803426510369664,1.0,0.2,0.1,0.1,0.1,0.1,0.1,0.0,0.0,0.1,0,0,0.00018034265103696642,0.0,0.8444530797650343,1.0369714627066806,0.18565446578359932,0.0,0.11894707817863862,0.011894707817863863,0.0051852046935852315,0.0,0.0,-0.051787757677999896
561,10.8,-0.02790279027902779,1.0,0.2,0.1,0.1,0.1,0.1,0.1,0.0,0.0,0.1,0,0,-0.002790279027902779,0.0,0.842096820046518,1.0369714627066806,0.1879267170491896,0.002272251265590275,0.11880071115745411,0.011880071115745412,0.007528407941341294,0.0,0.0,-0.0547558911175795
562,10.31,-0.04537037037037039,1.0,0.2,0.1,0.1,0.1,0.1,0.1,0.0,0.0,0.1,0,0,-0.004537037037037039,0.0,0.8382761955851958,1.0369714627066806,0.19161112361072566,0.003684406561536069,0.007369252321619696,0.0007369252321619696,0.005151388993128531,0.0,0.0,-0.05460831432650458
563,10.53,0.02133850630455857,1.0,0.2,0.1,0.1,0.1,0.1,0.1,0.0,0.0,0.1,0,0,0.002133850630455857,0.0,0.8400649517736414,1.0369714627066806,0.18988614249718896,0.0,0.0,0.0,0.003348402845533545,0.0,0.0,-0.04781214936954415
564,10.62,0.008547008547008534,1.0,0.2,0.1,0.1,0.1,0.1,0.1,0.0,0.0,0.1,0,0,0.0008547008547008534,0.0,0.8407829560059266,1.0369714627066806,0.18919373749077628,0.0,0.0,0.0,0.002176461849596804,0.0,0.0,-0.04909129914529915
565,10.96,0.03201506591337115,1.0,0.2,0.1,0.1,0.1,0.1,0.1,0.0,0.0,0.1,0,0,0.0032015065913371154,0.0,0.8434747281814634,1.0369714627066806,0.18659793589705564,0.0,0.0,0.0,0.0014147002022379227,0.0,0.0,-0.046744493408662886
566,11.15,0.01733576642335762,1.0,0.2,0.1,0.1,0.1,0.1,0.1,0.0,0.0,0.1,0,0,0.001733576642335762,0.0,0.8449369562686394,1.0369714627066806,0.18518784107789896,0.0,0.0,0.0,0.0009195551314546498,0.0,0.0,-0.04821242335766424
567,11.55,0.03587443946188344,1.0,0.2,0.1,0.1,0.1,0.1,0.1,0.0,0.0,0.1,0,0,0.0035874439461883443,0.0,0.847968120237316,1.0369714627066806,0.1822647481310933,0.0,0.13225794982069972,0.013225794982069973,0.005226739079170013,0.0,0.0,-0.04860694120076355
568,12.21,0.057142857142857155,1.0,0.2,0.1,0.1,0.1,0.1,0.1,0.0,0.0,0.1,0,0,0.005714285714285716,0.0,0.8528136523529579,1.0369714627066806,0.17759197526327092,0.0,0.39668942427515064,0.039668942427515064,0.01728151025109078,0.0,0.0,-0.050975434498391856
569,11.69,-0.0425880425880427,1.0,0.2,0.10752506405418222,0.10752506405418222,0.10752506405418222,0.1,0.10752506405418222,0.007525064054182212,0.0,0.1,0,0,-0.00425880425880427,7.5250640541822125e-06,0.8491752684609905,1.0369714627066806,0.18110063873455937,0.003508663471288448,0.5359545392026952,0.057628546157899516,0.03140297281847384,0.0,0.0,-0.05946279136448131
570,11.63,-0.005132591958939155,1.0,0.20752506405418222,0.1,0.1,0.1,0.10752506405418222,0.1,-0.007525064054182212,0.007525064054182212,0.1,0,0,-0.0005518822791489133,7.5250640541822125e-06,0.8487002335801469,1.0369714627066806,0.18155873705059558,0.0004580983160362151,0.36277498740719416,0.036277498740719415,0.033109056891259786,0.0,0.0,-0.06046145188040615
571,11.5,-0.011177987962166876,1.0,0.2,0.1,0.1,0.1,0.1,0.1,0.0,0.0,0.1,0,0,-0.0011177987962166876,0.0,0.8477515574807022,1.0369714627066806,0.1824735897090945,0.0009148526584989158,0.25521235759660266,0.02552123575966027,0.030453319495199957,0.0,0.0,-0.05540240887535894
572,11.43,-0.0060869565217391555,1.0,0.2,0.1,0.1,0.1,0.1,0.1,0.0,0.0,0.1,0,0,-0.0006086956521739156,0.0,0.84723553479354,1.0369714627066806,0.18297121448057596,0.0004976247714814641,0.1514229905924862,0.015142299059248621,0.02509446234261699,0.0,0.0,-0.05312888649224619
573,11.29,-0.012248468941382377,1.0,0.2,0.1,0.1,0.1,0.1,0.1,0.0,0.0,0.1,0,0,-0.0012248468941382378,0.0,0.8461978009801445,1.0369714627066806,0.183971949650941,0.0010007351703650302,0.014936986301328153,0.0014936986301328154,0.016834195043247527,0.0,0.0,-0.05142477566126082
574,11.55,0.023029229406554615,1.0,0.2,0.1,0.1,0.1,0.1,0.1,0.0,0.0,0.1,0,0,0.0023029229406554617,0.0,0.8481465293083539,1.0369714627066806,0.18209269993357383,0.0,0.0,0.0,0.010942226778110893,0.0,0.0,-0.04764307705934454
575,11.49,-0.005194805194805237,1.0,0.2,0.1,0.1,0.1,0.1,0.1,0.0,0.0,0.1,0,0,-0.0005194805194805237,0.0,0.8477059337087132,1.0369714627066806,0.18251758684269925,0.00042488690912542704,0.018978863923199314,0.0018978863923199314,0.007776707643084057,0.0,0.0,-0.050788121206174916
576,11.4,-0.007832898172323747,1.0,0.2,0.1,0.1,0.1,0.1,0.1,0.0,0.0,0.1,0,0,-0.0007832898172323747,0.0,0.8470419342828316,1.0369714627066806,0.183157912492692,0.0006403256499927512,0.0061305480637542445,0.0006130548063754245,0.005269429150236036,0.0,0.0,-0.050833509134316196
577,11.32,-0.007017543859649129,1.0,0.2,0.1,0.1,0.1,0.1,0.1,0.0,0.0,0.1,0,0,-0.000701754385964913,0.0,0.8464475188903524,1.0369714627066806,0.18373113501024096,0.0005732225175489603,0.0,0.0,0.0034251289476534236,0.0,0.0,-0.050647754385964916
578,11.32,0.0,1.0,0.2,0.1,0.1,0.1,0.1,0.1,0.0,0.0,0.1,0,0,0.0,0.0,0.8464475188903524,1.0369714627066806,0.18373113501024096,0.0,0.0,0.0,0.0022263338159747253,0.0,0.0,-0.049946000000000004
579,11.24,-0.007067137809187285,1.0,0.2,0.1,0.1,0.1,0.1,0.1,0.0,0.0,0.1,0,0,-0.0007067137809187285,0.0,0.8458493227639282,1.0369714627066806,0.18430800346606405,0.0005768684558230819,0.017638591305459896,0.0017638591305459896,0.002064467676074668,0.0,0.0,-0.05095256983311155
580,11.15,-0.008007117437722406,1.0,0.2,0.1,0.1,0.1,0.1,0.1,0.0,0.0,0.1,0,0,-0.0008007117437722407,0.0,0.8451720412777293,1.0369714627066806,0.18496113762698987,0.0006531341609258279,0.0,0.0,0.0013419039894485341,0.0,0.0,-0.050746711743772245
581,10.98,-0.015246636771300441,1.0,0.2,0.1,0.1,0.1,0.1,0.1,0.0,0.0,0.1,0,0,-0.0015246636771300442,0.0,0.8438834381654673,1.0369714627066806,0.18620379777589935,0.0012426601489094746,0.0,0.0,0.0008722375931415473,0.0,0.0,-0.051470663677130046
582,10.96,-0.0018214936247722745,1.0,0.2,0.1,0.1,0.1,0.1,0.1,0.0,0.0,0.1,0,0,-0.00018214936247722745,0.0,0.8437297253352004,1.0369714627066806,0.18635203023532082,0.00014823245942147123,0.0,0.0,0.0005669544355420057,0.0,0.0,-0.05012814936247723
583,11.23,0.024635036496350324,1.0,0.2,0.1,0.1,0.1,0.1,0.1,0.0,0.0,0.1,0,0,0.0024635036496350325,0.0,0.8458082565928692,1.0369714627066806,0.18434760549228746,0.0,0.0,0.0,0.00036852038310230373,0.0,0.0,-0.04748249635036497
584,11.2,-0.0026714158504008135,1.0,0.2,0.1,0.1,0.1,0.1,0.1,0.0,0.0,0.1,0,0,-0.00026714158504008136,0.0,0.845582306034563,1.0369714627066806,0.18456550016579798,0.00021789467351052139,0.0,0.0,0.00023953824901649744,0.0,0.0,-0.05021314158504009
585,11.02,-0.016071428571428546,1.0,0.2,0.1,0.1,0.1,0.1,0.1,0.0,0.0,0.1,0,0,-0.0016071428571428547,0.0,0.8442233344712932,1.0369714627066806,0.18587601989767435,0.001310519731876375,0.0,0.0,0.00015569986186072333,0.0,0.0,-0.05155314285714286
586,10.99,-0.002722323049001757,1.0,0.2,0.1,0.1,0.1,0.1,0.1,0.0,0.0,0.1,0,0,-0.0002722323049001757,0.0,0.8439935096070995,1.0369714627066806,0.18609765074525214,0.00022163084757778617,0.0,0.0,0.00010120491020947018,0.0,0.0,-0.05021823230490018
587,10.86,-0.011828935395814448,1.0,0.2,0.1,0.1,0.1,0.1,0.1,0.0,0.0,0.1,0,0,-0.0011828935395814448,0.0,0.8429951551371366,1.0369714627066806,0.1870604105760357,0.0009627598307835605,0.0,0.0,6.578319163615561e-05,0.0,0.0,-0.05112889353958145
588,11.29,0.03959484346224675,1.0,0.2,0.1,0.1,0.1,0.1,0.1,0.0,0.0,0.1,0,0,0.003959484346224676,0.0,0.8463329812578454,1.0369714627066806,0.18384158899728517,0.0,0.0,0.0,4.275907456350115e-05,0.0,0.0,-0.04598651565377533
589,10.97,-0.028343666961913067,1.0,0.2,0.1,0.1,0.1,0.1,0.1,0.0,0.0,0.1,0,0,-0.002834366696191307,0.0,0.8439341632418799,1.0369714627066806,0.18615488121624768,0.0023132922189625094,0.017752183609372113,0.0017752183609372114,0.0006491198247942997,0.0,0.0,-0.05308215381755063
590,10.58,-0.035551504102096676,1.0,0.2,0.1,0.1,0.1,0.1,0.1,0.0,0.0,0.1,0,0,-0.003555150410209668,0.0,0.8409338503552405,1.0369714627066806,0.18904822302413893,0.0028933418078912476,0.0,0.0,0.0004219278861162948,0.0,0.0,-0.05350115041020967
591,10.62,0.0037807183364838514,1.0,0.2,0.1,0.1,0.1,0.1,0.1,0.0,0.0,0.1,0,0,0.00037807183364838514,0.0,0.8412517837580212,1.0369714627066806,0.1887416249988173,0.0,0.0,0.0,0.00027425312597559163,0.0,0.0,-0.04956792816635162
592,10.69,0.006591337099811703,1.0,0.2,0.1,0.1,0.1,0.1,0.1,0.0,0.0,0.1,0,0,0.0006591337099811703,0.0,0.8418062811672781,1.0369714627066806,0.18820689725634934,0.0,0.0,0.0,0.00017826453188413455,0.0,0.0,-0.049286866290018834
593,10.71,0.0018709073900843173,1.0,0.2,0.1,0.1,0.1,0.1,0.1,0.0,0.0,0.1,0,0,0.00018709073900843173,0.0,0.8419637753265237,1.0369714627066806,0.18805501828483503,0.0,0.0,0.0,0.00011587194572468746,0.0,0.0,-0.04975890926099157
594,10.68,-0.0028011204481793775,1.0,0.2,0.1,0.1,0.1,0.1,0.1,0.0,0.0,0.1,0,0,-0.0002801120448179378,0.0,0.8417279311317544,1.0369714627066806,0.18828245385394288,0.00022743556910784224,0.0,0.0,7.531676472104686e-05,0.0,0.0,-0.050226112044817944
595,10.73,0.004681647940074973,1.0,0.2,0.1,0.1,0.1,0.1,0.1,0.0,0.0,0.1,0,0,0.00046816479400749736,0.0,0.8421219985152429,1.0369714627066806,0.1879024362761592,0.0,0.0,0.0,4.895589706868046e-05,0.0,0.0,-0.049477835205992506
596,10.8,0.006523765144454826,1.0,0.2,0.1,0.1,0.1,0.1,0.1,0.0,0.0,0.1,0,0,0.0006523765144454826,0.0,0.8426713791293722,1.0369714627066806,0.1873726428981474,0.0,0.006076031057704032,0.0006076031057704032,0.0002444824201142834,0.0,0.0,-0.04939691601353549
597,10.8,0.0,1.0,0.2,0.1,0.1,0.1,0.1,0.1,0.0,0.0,0.1,0,0,0.0,0.0,0.8426713791293722,1.0369714627066806,0.1873726428981474,0.0,0.027847519408358907,0.0027847519408358908,0.0011335767523668458,0.0,0.0,-0.0504194078299421
598,10.42,-0.03518518518518526,1.0,0.2,0.1,0.1,0.1,0.1,0.1,0.0,0.0,0.1,0,0,-0.003518518518518526,0.0,0.83970642427688,1.0369714627066806,0.19023188730276494,0.0028592444046175447,0.011509476026719118,0.0011509476026719118,0.001139656549973619,0.0,0.0,-0.053660179610972754
599,10.73,0.029750479846449185,1.0,0.2,0.1,0.1,0.1,0.1,0.1,0.0,0.0,0.1,0,0,0.0029750479846449187,0.0,0.8422045911821183,1.0369714627066806,0.18782278831105534,0.0,0.0,0.0,0.0007407767574828523,0.0,0.0,-0.04697095201535509
600,10.53,-0.01863932898415667,1.0,0.2,0.1,0.1,0.1,0.1,0.1,0.0,0.0,0.1,0,0,-0.001863932898415667,0.0,0.8406347783374173,1.0369714627066806,0.18933663213526583,0.0015138438242104924,0.0,0.0,0.00048150489236385404,0.0,0.0,-0.05180993289841567
601,10.55,0.0018993352326686942,1.0,0.2,0.1,0.1,0.1,0.1,0.1,0.0,0.0,0.1,0,0,0.00018993352326686944,0.0,0.8407944430626476,1.0369714627066806,0.18918265998562386,0.0,0.0,0.0,0.0003129781800365051,0.0,0.0,-0.049756066476733134
602,10.42,-0.012322274881516661,1.0,0.2,0.1,0.1,0.1,0.1,0.1,0.0,0.0,0.1,0,0,-0.0012322274881516662,0.0,0.8397583930380207,1.0369714627066806,0.19018177139985956,0.0009991114142356983,0.0,0.0,0.00020343581702372834,0.0,0.0,-0.05117822748815167
603,10.66,0.02303262955854129,1.0,0.2,0.1,0.1,0.1,0.1,0.1,0.0,0.0,0.1,0,0,0.002303262955854129,0.0,0.8416925774365728,1.0369714627066806,0.18831654707294943,0.0,0.0,0.0,0.00013223328106542342,0.0,0.0,-0.04764273704414587
604,10.82,0.015009380863039413,1.0,0.2,0.1,0.1,0.1,0.1,0.1,0.0,0.0,0.1,0,0,0.0015009380863039415,0.0,0.8429559058830067,1.0369714627066806,0.18709826046442846,0.0,0.05437951646051611,0.005437951646051611,0.001989234708810589,0.0,0.0,-0.04936951369352484
605,10.84,0.0018484288354897942,1.0,0.2,0.1,0.1,0.1,0.1,0.1,0.0,0.0,0.1,0,0,0.00018484288354897943,0.0,0.8431117202833547,1.0369714627066806,0.1869480013628508,0.0,0.035821123901440086,0.003582112390144009,0.0025467418972772863,0.0,0.0,-0.0503701162227755
606,10.95,0.010147601476014708,1.0,0.2,0.1,0.1,0.1,0.1,0.1,0.0,0.0,0.1,0,0,0.0010147601476014707,0.0,0.8439672764570739,1.0369714627066806,0.18612294859670614,0.0,0.10214977308202602,0.010214977308202602,0.005230624291101146,0.0,0.0,-0.05066778599479298
607,11.1,0.013698630136986335,1.0,0.2,0.1,0.1,0.1,0.1,0.1,0.0,0.0,0.1,0,0,0.0013698630136986336,0.0,0.8451233960138644,1.0369714627066806,0.18500804852629066,0.0,0.1421826715099083,0.01421826715099083,0.008376299292062536,0.0,0.0,-0.05099324240196981
608,11.02,-0.007207207207207214,1.0,0.2,0.1,0.1,0.1,0.1,0.1,0.0,0.0,0.1,0,0,-0.0007207207207207215,0.0,0.8445142980707914,1.0369714627066806,0.1855954301129384,0.0005873815866477283,0.23581755405861232,0.023581755405861233,0.013698208931892079,0.0,0.0,-0.054675619139717135
609,10.88,-0.012704174228675027,1.0,0.2,0.1,0.1,0.1,0.1,0.1,0.0,0.0,0.1,0,0,-0.0012704174228675028,0.0,0.8434414123926616,1.0369714627066806,0.18663006386778577,0.001034633754847386,0.14025846715861345,0.014025846715861346,0.013812882156281323,0.0,0.0,-0.05360081136456393
610,11.39,0.04687499999999998,1.0,0.2,0.1,0.1,0.1,0.1,0.1,0.0,0.0,0.1,0,0,0.004687499999999998,0.0,0.8473950440132522,1.0369714627066806,0.18281739229216604,0.0,0.03808207436961704,0.003808207436961704,0.010311246004519457,0.0,0.0,-0.0459058952642835
611,11.51,0.010535557506584654,1.0,0.2,0.1,0.1,0.1,0.1,0.1,0.0,0.0,0.1,0,0,0.0010535557506584654,0.0,0.8482878219349519,1.0369714627066806,0.18195644485647727,0.0,0.23361142529321427,0.02336114252932143,0.014878709788200148,0.0,0.0,-0.052863838479326186
612,11.72,0.01824500434404873,1.0,0.2,0.1,0.1,0.1,0.1,0.1,0.0,0.0,0.1,0,0,0.001824500434404873,0.0,0.8498355234345726,1.0369714627066806,0.1804639240347558,0.0,0.24449916341566444,0.024449916341566444,0.018228632081878353,0.0,0.0,-0.052277985343661425
613,12.33,0.05204778156996582,1.0,0.2,0.1,0.1,0.1,0.1,0.1,0.0,0.0,0.1,0,0,0.005204778156996583,0.0,0.8542587288039846,1.0369714627066806,0.17619842056770124,0.0,0.2777399987083048,0.02777399987083048,0.0215695108080116,0.0,0.0,-0.04946280182104461
614,12.82,0.03974047039740472,1.0,0.2,0.11187992841302977,0.11187992841302977,0.11187992841302977,0.1,0.11187992841302977,0.011879928413029761,0.0,0.1,0,0,0.003974047039740472,1.1879928413029761e-05,0.8576434446438161,1.0369714627066806,0.17293438104341496,0.0,0.48768012247148695,0.05456161719056755,0.03311674804190618,0.0,0.0,-0.048196584679297196
615,12.4,-0.03276131045241809,1.0,0.21187992841302977,0.12208005264686336,0.12208005264686336,0.12208005264686336,0.11187992841302977,0.12208005264686336,0.010200124233833596,0.011879928413029761,0.1,0,0,-0.0036653330681335797,1.0200124233833596e-05,0.8544911476958115,1.0369714627066806,0.1759742881781558,0.003039907134740838,0.6179160152554575,0.07543521967372627,0.04792821311304321,0.0,0.0,-0.05864212931713083
616,13.03,0.05080645161290315,1.0,0.22208005264686337,0.11258032955526057,0.11258032955526057,0.11258032955526057,0.12208005264686336,0.11258032955526057,-0.009499723091602796,0.010200124233833596,0.11187992841302977,0,0,0.0062024542877035325,9.499723091602796e-06,0.8597829725493548,1.0369714627066806,0.17087113438477108,0.0,0.40764195164759065,0.04589246525703535,0.04721570136344046,0.0,0.0,-0.05530627748787934
617,12.25,-0.0598618572524942,1.0,0.21258032955526057,0.12852769196310318,0.12852769196310318,0.12852769196310318,0.11258032955526057,0.12852769196310318,0.015947362407842613,0.0,0.11258032955526057,0,0,-0.006739267617275762,1.5947362407842615e-05,0.8539749537339125,1.0369714627066806,0.17647207811786308,0.005600943733092001,0.5513484483639984,0.07086354353566289,0.05549244612371831,0.0,0.0,-0.05767120721078279
618,12.29,0.00326530612244891,1.0,0.22852769196310319,0.11102474145889979,0.11102474145889979,0.11102474145889979,0.12852769196310318,0.11102474145889979,-0.01750295050420339,0.015947362407842613,0.11258032955526057,0,0,0.0004196822594713484,1.750295050420339e-05,0.8543184047906803,1.0369714627066806,0.17614087222732552,0.0,0.25343111362953974,0.028137123868360703,0.04591808333434315,0.0,0.0,-0.06257584587749351
619,12.34,0.0040683482506103106,1.0,0.2110247414588998,0.11205976680218577,0.11205976680218577,0.11205976680218577,0.11102474145889979,0.11205976680218577,0.001035025343285978,0.0,0.11102474145889979,0,0,0.000451687312688777,1.035025343285978e-06,0.8547034053339206,1.0369714627066806,0.17576959822694427,0.0,0.10366712910674082,0.011616914312753461,0.033912674176786756,0.0,0.0,-0.050700591357185375
620,11.9,-0.03565640194489461,1.0,0.21205976680218577,0.11322000846562721,0.11322000846562721,0.11322000846562721,0.11205976680218577,0.11322000846562721,0.001160241663441447,0.001035025343285978,0.11102474145889979,0,0,-0.0039956480869498935,1.160241663441447e-06,0.8512873196449879,1.0369714627066806,0.17906388916144705,0.003294290934502786,0.0,0.0,0.02204323821491139,0.0,0.0,-0.053360507599825455
621,12.35,0.03781512605042011,1.0,0.21322000846562722,0.10292535499047131,0.10292535499047131,0.10292535499047131,0.11322000846562721,0.10292535499047131,-0.010294653475155902,0.001160241663441447,0.11205976680218577,0,0,0.004281428891557325,1.0294653475155901e-05,0.8549232820623688,1.0369714627066806,0.17555756083116655,0.0,0.0,0.0,0.014328104839692404,0.0,0.0,-0.050856824750884495
622,11.97,-0.03076923076923069,1.0,0.20292535499047132,0.11388264447745786,0.11388264447745786,0.11388264447745786,0.10292535499047131,0.11388264447745786,0.010957289486986543,0.0,0.10292535499047131,0,0,-0.0031669339997068015,1.0957289486986544e-05,0.8522064288113739,1.0369714627066806,0.1781775492770428,0.0026199884458762424,0.0,0.0,0.009313268145800063,0.0,0.0,-0.04767704902624641
623,12.01,0.0033416875522137967,1.0,0.21388264447745786,0.10569515489347187,0.10569515489347187,0.10569515489347187,0.11388264447745786,0.10569515489347187,-0.00818748958398599,0.010957289486986543,0.10292535499047131,0,0,0.0003805602154635102,8.18748958398599e-06,0.8525237672422824,1.0369714627066806,0.17787152501087813,0.0,0.0,0.0,0.0060536242947700405,0.0,0.0,-0.053693314066182114
624,11.36,-0.0541215653621982,1.0,0.20569515489347187,0.1066514834792038,0.1066514834792038,0.1066514834792038,0.10569515489347187,0.1066514834792038,0.0009563285857319415,0.0,0.10569515489347187,0,0,-0.0057203872340347,9.563285857319414e-07,0.8476461858745898,1.0369714627066806,0.1825752044689041,0.004703679458025967,0.0,0.0,0.003934855791600527,0.0,0.0,-0.05518936025307399
625,11.44,0.007042253521126767,1.0,0.2066514834792038,0.1,0.1,0.1,0.1066514834792038,0.1,-0.006651483479203801,0.0009563285857319415,0.10569515489347187,0,0,0.0007510667850648162,6.651483479203802e-06,0.8482771866656856,1.0369714627066806,0.18196670094321518,0.0,0.0,0.0,0.0025576562645403425,0.0,0.0,-0.05255060663019351
626,11.05,-0.034090909090908984,1.0,0.2,0.1,0.1,0.1,0.1,0.1,0.0,0.0,0.1,0,0,-0.0034090909090908985,0.0,0.8453853326202344,1.0369714627066806,0.18475545082636335,0.0027887498831481727,0.0,0.0,0.0016624765719512227,0.0,0.0,-0.0533550909090909
627,10.85,-0.018099547511312312,1.0,0.2,0.1,0.1,0.1,0.1,0.1,0.0,0.0,0.1,0,0,-0.0018099547511312313,0.0,0.8438552234209218,1.0369714627066806,0.18623100657147398,0.0014755557451106294,0.0,0.0,0.0010806097717682948,0.0,0.0,-0.05175595475113123
628,10.42,-0.03963133640552993,1.0,0.2,0.1,0.1,0.1,0.1,0.1,0.0,0.0,0.1,0,0,-0.003963133640552993,0.0,0.840510912397226,1.0369714627066806,0.1894560818449695,0.0032250752734955257,0.0,0.0,0.0007023963516493917,0.0,0.0,-0.053909133640553
629,10.67,0.02399232245681382,1.0,0.2,0.1,0.1,0.1,0.1,0.1,0.0,0.0,0.1,0,0,0.002399232245681382,0.0,0.8425274932810964,1.0369714627066806,0.18751139873999106,0.0,0.0,0.0,0.0004565576285721046,0.0,0.0,-0.047546767754318625
630,10.36,-0.02905342080599817,1.0,0.2,0.1,0.1,0.1,0.1,0.1,0.0,0.0,0.1,0,0,-0.002905342080599817,0.0,0.8400796627008046,1.0369714627066806,0.18987195606323948,0.0023605573232484134,0.0,0.0,0.000296762458571868,0.0,0.0,-0.05285134208059982
631,10.4,0.0038610038610039504,1.0,0.2,0.1,0.1,0.1,0.1,0.1,0.0,0.0,0.1,0,0,0.00038610038610039504,0.0,0.8404040177829284,1.0369714627066806,0.1895591653126848,0.0,0.0,0.0,0.0001928955980717142,0.0,0.0,-0.04955989961389961
632,10.77,0.035576923076923,1.0,0.2,0.1,0.1,0.1,0.1,0.1,0.0,0.0,0.1,0,0,0.0035576923076923,0.0,0.8433939166923484,1.0369714627066806,0.186675866189278,0.0,0.0,0.0,0.00012538213874661424,0.0,0.0,-0.0463883076923077
633,11.19,0.03899721448467966,1.0,0.2,0.1,0.1,0.1,0.1,0.1,0.0,0.0,0.1,0,0,0.003899721448467966,0.0,0.8466829180387809,1.0369714627066806,0.18350412862009974,0.0,0.0,0.0,8.149839018529926e-05,0.0,0.0,-0.04604627855153204
634,11.11,-0.007149240393208228,1.0,0.2,0.1,0.1,0.1,0.1,0.1,0.0,0.0,0.1,0,0,-0.0007149240393208229,0.0,0.8460776040669927,1.0369714627066806,0.18408786114655543,0.0005837325264556881,0.15620323807020073,0.015620323807020074,0.00552008728607747,0.0,0.0,-0.05331637908651424
635,11.34,0.02070207020702074,1.0,0.2,0.1,0.1,0.1,0.1,0.1,0.0,0.0,0.1,0,0,0.0020702070207020743,0.0,0.8478291598629911,1.0369714627066806,0.18239875410842485,0.0,0.06955560080570136,0.006955560080570137,0.006022502764149903,0.0,0.0,-0.04905823819299485
636,11.12,-0.019400352733686125,1.0,0.2,0.1,0.1,0.1,0.1,0.1,0.0,0.0,0.1,0,0,-0.0019400352733686126,0.0,0.8461843413870664,1.0369714627066806,0.18398492936500463,0.0015861752565797804,0.2417309574968308,0.02417309574968308,0.012375210309086514,0.0,0.0,-0.055995461550814744
637,10.94,-0.016187050359712206,1.0,0.2,0.1,0.1,0.1,0.1,0.1,0.0,0.0,0.1,0,0,-0.0016187050359712206,0.0,0.8448146185323032,1.0369714627066806,0.1853058170692699,0.0013208877042652778,0.16493415776478693,0.016493415776478695,0.013816582222673776,0.0,0.0,-0.05436858571797261
638,11.2,0.023765996343692853,1.0,0.2,0.1,0.1,0.1,0.1,0.1,0.0,0.0,0.1,0,0,0.0023765996343692855,0.0,0.8468224046458168,1.0369714627066806,0.18336961517199404,0.0,0.00033466174082003725,3.346617408200372e-05,0.008992491605666656,0.0,0.0,-0.04757508961522466
639,11.07,-0.011607142857142769,1.0,0.2,0.1,0.1,0.1,0.1,0.1,0.0,0.0,0.1,0,0,-0.0011607142857142769,0.0,0.8458394857832815,1.0369714627066806,0.18431748972581227,0.0009478745538182287,0.0,0.0,0.005845119543683327,0.0,0.0,-0.05110671428571428
640,10.96,-0.009936766034326958,1.0,0.2,0.1,0.1,0.1,0.1,0.1,0.0,0.0,0.1,0,0,-0.0009936766034326957,0.0,0.844998994875999,1.0369714627066806,0.18512801435210102,0.00081052462628875,0.0,0.0,0.0037993277033941627,0.0,0.0,-0.0509396766034327
641,11.0,0.003649635036496272,1.0,0.2,0.1,0.1,0.1,0.1,0.1,0.0,0.0,0.1,0,0,0.00036496350364962726,0.0,0.8453073886697493,1.0369714627066806,0.18483061581719315,0.0,0.0,0.0,0.002469563007206206,0.0,0.0,-0.04958103649635038
642,10.73,-0.024545454545454506,1.0,0.2,0.1,0.1,0.1,0.1,0.1,0.0,0.0,0.1,0,0,-0.0024545454545454506,0.0,0.8432325432611962,1.0369714627066806,0.18683148612382372,0.00200087030663057,0.0,0.0,0.0016052159546840338,0.0,0.0,-0.05240054545454546
643,11.05,0.02982292637465054,1.0,0.2,0.1,0.1,0.1,0.1,0.1,0.0,0.0,0.1,0,0,0.002982292637465054,0.0,0.845747309466635,1.0369714627066806,0.18440637965187243,0.0,0.0,0.0,0.001043390370544622,0.0,0.0,-0.046963707362534954
644,10.78,-0.024434389140271615,1.0,0.2,0.1,0.1,0.1,0.1,0.1,0.0,0.0,0.1,0,0,-0.0024434389140271617,0.0,0.8436807775792504,1.0369714627066806,0.18639923284186335,0.0019928531899909285,0.0,0.0,0.0006782037408540044,0.0,0.0,-0.05238943891402716
645,10.9,0.011131725417439797,1.0,0.2,0.1,0.1,0.1,0.1,0.1,0.0,0.0,0.1,0,0,0.0011131725417439797,0.0,0.8446199398548488,1.0369714627066806,0.1854935548079211,0.0,0.0,0.0,0.00044083243155510285,0.0,0.0,-0.048832827458256026
646,10.85,-0.004587155963302818,1.0,0.2,0.1,0.1,0.1,0.1,0.1,0.0,0.0,0.1,0,0,-0.00045871559633028176,0.0,0.8442324995154659,1.0369714627066806,0.18586718161764226,0.000373626809721167,0.0,0.0,0.00028654108051081684,0.0,0.0,-0.050404715596330286
647,11.05,0.0184331797235024,1.0,0.2,0.1,0.1,0.1,0.1,0.1,0.0,0.0,0.1,0,0,0.0018433179723502402,0.0,0.8457886884546649,1.0369714627066806,0.18436647596163785,0.0,0.0,0.0,0.00018625170233203096,0.0,0.0,-0.048102682027649765
648,10.88,-0.015384615384615377,1.0,0.2,0.1,0.1,0.1,0.1,0.1,0.0,0.0,0.1,0,0,-0.0015384615384615378,0.0,0.8444874750878116,1.0369714627066806,0.1856212967678507,0.0012548208062128363,0.10978339123695832,0.010978339123695833,0.003963482299809361,0.0,0.0,-0.05335077918948983
649,10.82,-0.005514705882352987,1.0,0.2,0.1,0.1,0.1,0.1,0.1,0.0,0.0,0.1,0,0,-0.0005514705882352987,0.0,0.8440217650831676,1.0369714627066806,0.18607040267036842,0.0004491059025177324,0.0,0.0,0.002576263494876085,0.0,0.0,-0.0504974705882353
650,10.68,-0.012939001848428888,1.0,0.2,0.1,0.1,0.1,0.1,0.1,0.0,0.0,0.1,0,0,-0.001293900184842889,0.0,0.8429296851653151,1.0369714627066806,0.18712354632680234,0.0010531436564339136,0.0,0.0,0.0016745712716694553,0.0,0.0,-0.051239900184842896
651,10.47,-0.01966292134831452,1.0,0.2,0.1,0.1,0.1,0.1,0.1,0.0,0.0,0.1,0,0,-0.001966292134831452,0.0,0.8412722391551586,1.0369714627066806,0.18872189890424962,0.0015983525774472818,0.0,0.0,0.001088471326585146,0.0,0.0,-0.05191229213483146
652,10.62,0.014326647564469778,1.0,0.2,0.1,0.1,0.1,0.1,0.1,0.0,0.0,0.1,0,0,0.001432664756446978,0.0,0.8424775002427733,1.0369714627066806,0.18755960936113256,0.0,0.0,0.0,0.0007075063622803449,0.0,0.0,-0.04851333524355303
653,10.7,0.007532956685499066,1.0,0.2,0.1,0.1,0.1,0.1,0.1,0.0,0.0,0.1,0,0,0.0007532956685499066,0.0,0.8431121348945569,1.0369714627066806,0.18694760153390935,0.0,0.0,0.0,0.00045987913548222424,0.0,0.0,-0.0491927043314501
654,10.67,-0.0028037383177569497,1.0,0.2,0.1,0.1,0.1,0.1,0.1,0.0,0.0,0.1,0,0,-0.00028037383177569497,0.0,0.8428757483146799,1.0369714627066806,0.18717556015030176,0.00022795861639240966,0.0,0.0,0.00029892143806344577,0.0,0.0,-0.0502263738317757
655,10.65,-0.0018744142455482263,1.0,0.2,0.1,0.1,0.1,0.1,0.1,0.0,0.0,0.1,0,0,-0.00018744142455482264,0.0,0.8427177584836931,1.0369714627066806,0.18732791712122016,0.00015235697091839362,0.0,0.0,0.00019429893474123976,0.0,0.0,-0.05013344142455483
656,10.7,0.004694835680751073,1.0,0.2,0.1,0.1,0.1,0.1,0.1,0.0,0.0,0.1,0,0,0.00046948356807510733,0.0,0.8431134006238263,1.0369714627066806,0.18694638093207516,0.0,0.0,0.0,0.00012629430758180586,0.0,0.0,-0.0494765164319249
657,10.8,0.009345794392523497,1.0,0.2,0.1,0.1,0.1,0.1,0.1,0.0,0.0,0.1,0,0,0.0009345794392523498,0.0,0.8439013570730075,1.0369714627066806,0.18618651773668454,0.0,0.04670633700742821,0.004670633700742821,0.001716813095188161,0.0,0.0,-0.049805428289873936
658,11.01,0.019444444444444358,1.0,0.2,0.1,0.1,0.1,0.1,0.1,0.0,0.0,0.1,0,0,0.001944444444444436,0.0,0.8455422763784273,1.0369714627066806,0.18460410263228363,0.0,0.04665598906992946,0.004665598906992946,0.0027488881293198358,0.0,0.0,-0.04879470736974437
659,10.97,-0.0036330608537692233,1.0,0.2,0.1,0.1,0.1,0.1,0.1,0.0,0.0,0.1,0,0,-0.00036330608537692236,0.0,0.8452350857239755,1.0369714627066806,0.18490034092378868,0.00029623829150504655,0.11243699419215034,0.011243699419215034,0.005722072080783155,0.0,0.0,-0.05222073498664348
660,11.19,0.02005469462169543,1.0,0.2,0.1,0.1,0.1,0.1,0.1,0.0,0.0,0.1,0,0,0.002005469462169543,0.0,0.8469301788767493,1.0369714627066806,0.1832656834488865,0.0,0.10511238790540108,0.010511238790540108,0.007398280429198089,0.0,0.0,-0.049727441132222286
661,10.8,-0.03485254691688997,1.0,0.2,0.1,0.1,0.1,0.1,0.1,0.0,0.0,0.1,0,0,-0.0034852546916889974,0.0,0.843978411497286,1.0369714627066806,0.18611221055750973,0.002846527108623237,0.19785109518535943,0.019785109518535945,0.011733670610466339,0.0,0.0,-0.05679472330984012
662,11.51,0.06574074074074066,1.0,0.2,0.1,0.1,0.1,0.1,0.1,0.0,0.0,0.1,0,0,0.0065740740740740655,0.0,0.8495267880913886,1.0369714627066806,0.18076165194173036,0.0,0.025789112109995835,0.002578911210999584,0.008529504820652975,0.0,0.0,-0.04381034083179587
663,11.52,0.000868809730668965,1.0,0.2,0.1,0.1,0.1,0.1,0.1,0.0,0.0,0.1,0,0,8.68809730668965e-05,0.0,0.8496005958053844,1.0369714627066806,0.18069047571687732,0.0,0.2771281188537252,0.02771281188537252,0.015243662293304816,0.0,0.0,-0.05457029704744643
664,11.57,0.0043402777777778396,1.0,0.2,0.1,0.1,0.1,0.1,0.1,0.0,0.0,0.1,0,0,0.000434027777777784,0.0,0.8499693460639803,1.0369714627066806,0.18033487262474068,0.0,0.22303661793888652,0.02230366179388865,0.01771466211850916,0.0,0.0,-0.053303594727183295
665,11.3,-0.023336214347450264,1.0,0.2,0.1,0.1,0.1,0.1,0.1,0.0,0.0,0.1,0,0,-0.0023336214347450266,0.0,0.8479858393791292,1.0369714627066806,0.18224766073529663,0.0019127881105559519,0.24706736130655896,0.024706736130655896,0.02016188802276052,0.0,0.0,-0.05647976657695653
666,11.31,0.0008849557522123705,1.0,0.2,0.1,0.1,0.1,0.1,0.1,0.0,0.0,0.1,0,0,8.849557522123706e-05,0.0,0.8480608823737644,1.0369714627066806,0.18217529327164497,0.0,0.07893742923201824,0.007893742923201824,0.015868037237914974,0.0,0.0,-0.051199440721723076
667,11.53,0.01945181255526073,1.0,0.2,0.1,0.1,0.1,0.1,0.1,0.0,0.0,0.1,0,0,0.001945181255526073,0.0,0.8497105145057027,1.0369714627066806,0.18058447598181096,0.0,0.18560918471132656,0.018560918471132656,0.016810545669541162,0.0,0.0,-0.05115617488456649
668,11.51,-0.0017346053772766326,1.0,0.2,0.1,0.1,0.1,0.1,0.1,0.0,0.0,0.1,0,0,-0.00017346053772766327,0.0,0.8495631232629436,1.0369714627066806,0.18072661223922962,0.00014213625741865688,0.07908761341064209,0.00790876134106421,0.013694921154574229,0.0,0.0,-0.051463949965708584
669,11.21,-0.026064291920069413,1.0,0.2,0.1,0.1,0.1,0.1,0.1,0.0,0.0,0.1,0,0,-0.0026064291920069415,0.0,0.8473487971380185,1.0369714627066806,0.1828619903133237,0.0021353780740940853,0.0641888962975439,0.006418889629754391,0.011148310120887286,0.0,0.0,-0.05364364042906519
670,11.21,0.0,1.0,0.2,0.1,0.1,0.1,0.1,0.1,0.0,0.0,0.1,0,0,0.0,0.0,0.8473487971380185,1.0369714627066806,0.1828619903133237,0.0,0.0,0.0,0.007246401578576736,0.0,0.0,-0.049946000000000004
671,11.64,0.038358608385370176,1.0,0.2,0.1,0.1,0.1,0.1,0.1,0.0,0.0,0.1,0,0,0.0038358608385370176,0.0,0.8505991092055416,1.0369714627066806,0.17972756262228654,0.0,0.0,0.0,0.004710161026074878,0.0,0.0,-0.04611013916146299
672,11.65,0.0008591065292096037,1.0,0.2,0.1008513461829573,0.1008513461829573,0.1008513461829573,0.1,0.1008513461829573,0.000851346182957291,0.0,0.1,0,0,8.591065292096038e-05,8.51346182957291e-07,0.8506714605760827,1.0369714627066806,0.17965779081742683,0.0,0.1561986135943586,0.01575284045290264,0.008575098825464594,0.0,0.0,-0.05208922616043017
673,11.53,-0.010300429184549442,1.0,0.2008513461829573,0.10106941536380079,0.10106941536380079,0.10106941536380079,0.1008513461829573,0.10106941536380079,0.00021806918084349425,0.000851346182957291,0.1,0,0,-0.0010388121495240323,2.1806918084349427e-07,0.8497875872223543,1.0369714627066806,0.18051015116244667,0.0008523603450198425,0.09494166673776103,0.00959569875085032,0.008932308799349597,0.0,0.0,-0.052487208609460705
674,11.55,0.0017346053772767868,1.0,0.2010694153638008,0.1,0.1,0.1,0.10106941536380079,0.1,-0.0010694153638007853,0.00021806918084349425,0.1008513461829573,0,0,0.00017531555136826994,1.0694153638007854e-06,0.8499356594258523,1.0369714627066806,0.1803673582227919,0.0,0.047380859148266743,0.004738085914826675,0.007464330789766575,0.0,0.0,-0.05111567910518977
675,11.86,0.026839826839826726,1.0,0.2,0.1,0.1,0.1,0.1,0.1,0.0,0.0,0.1,0,0,0.0026839826839826727,0.0,0.8522168720182506,1.0369714627066806,0.17816747840503497,0.0,0.12882621727186364,0.012882621727186364,0.0093607326178635,0.0,0.0,-0.049452063009639016
676,11.53,-0.027824620573355826,1.0,0.2,0.10572663359649348,0.10572663359649348,0.10572663359649348,0.1,0.10572663359649348,0.0057266335964934745,0.0,0.1,0,0,-0.0027824620573355828,5.7266335964934745e-06,0.8498407305734678,1.0369714627066806,0.18045890254758626,0.0022914241425512905,0.2385318481279945,0.025219169308122902,0.014911185459454291,0.0,0.0,-0.05390224788606236
677,11.57,0.0034692107545534192,1.0,0.20572663359649349,0.1,0.1,0.1,0.10572663359649348,0.1,-0.0057266335964934745,0.0057266335964934745,0.1,0,0,0.00036678797431568405,5.7266335964934745e-06,0.8501475752070464,1.0369714627066806,0.18016299794016558,0.0,0.0,0.0,0.00969227054864529,0.0,0.0,-0.05246829867511528
678,11.33,-0.020743301642178063,1.0,0.2,0.1,0.1,0.1,0.1,0.1,0.0,0.0,0.1,0,0,-0.0020743301642178066,0.0,0.8483840884477578,1.0369714627066806,0.1818636105632802,0.0017006126231146335,0.001964235052328473,0.00019642350523284733,0.0063687240834509355,0.0,0.0,-0.05205372216010739
679,11.33,0.0,1.0,0.2,0.1,0.1,0.1,0.1,0.1,0.0,0.0,0.1,0,0,0.0,0.0,0.8483840884477578,1.0369714627066806,0.1818636105632802,0.0,0.0,0.0,0.004139670654243108,0.0,0.0,-0.049946000000000004
680,11.5,0.015004413062665483,1.0,0.2,0.1,0.1,0.1,0.1,0.1,0.0,0.0,0.1,0,0,0.0015004413062665485,0.0,0.8496570389776441,1.0369714627066806,0.18063604493040958,0.0,0.0,0.0,0.0026907859252580206,0.0,0.0,-0.04844555869373346
681,11.57,0.0060869565217391555,1.0,0.2,0.1,0.1,0.1,0.1,0.1,0.0,0.0,0.1,0,0,0.0006086956521739156,0.0,0.8501742215231086,1.0369714627066806,0.18013730165341083,0.0,0.0,0.0,0.0017490108514177135,0.0,0.0,-0.049337304347826086
682,11.7,0.011235955056179688,1.0,0.2,0.1,0.1,0.1,0.1,0.1,0.0,0.0,0.1,0,0,0.001123595505617969,0.0,0.8511294734574042,1.0369714627066806,0.17921610761032483,0.0,0.02130850640605243,0.002130850640605243,0.0018826547776333489,0.0,0.0,-0.049184649103284926
683,11.85,0.012820512820512851,1.0,0.2,0.10244968198549242,0.10244968198549242,0.10244968198549242,0.1,0.10244968198549242,0.002449681985492419,0.0,0.1,0,0,0.0012820512820512853,2.449681985492419e-06,0.8522185800935035,1.0369714627066806,0.17816583122831472,0.0,0.060249729415979204,0.006172565618379038,0.00338412357189434,0.0,0.0,-0.0484687766671175
684,10.91,-0.07932489451476789,1.0,0.20244968198549243,0.10573175587065381,0.10573175587065381,0.10573175587065381,0.10244968198549242,0.10573175587065381,0.003282073885161385,0.002449681985492419,0.1,0,0,-0.008126810216570702,3.282073885161385e-06,0.8452899643857021,1.0369714627066806,0.18484741886787853,0.006681587639563807,0.17817054658224477,0.018838284734574856,0.00879307997883252,0.0,0.0,-0.05944207346507819
685,10.82,-0.00824931255728688,1.0,0.20573175587065382,0.1,0.1,0.1,0.10573175587065381,0.1,-0.005731755870653804,0.003282073885161385,0.10244968198549242,0,0,-0.0008722143014077752,5.7317558706538045e-06,0.8445478453942126,1.0369714627066806,0.18556307886256393,0.000715659994685397,0.0,0.0,0.005715501986241139,0.0,0.0,-0.05370988513815263
686,10.6,-0.02033271719038823,1.0,0.2,0.1,0.1,0.1,0.1,0.1,0.0,0.0,0.1,0,0,-0.002033271719038823,0.0,0.8428306501447974,1.0369714627066806,0.18721905042125367,0.0016559715586897394,0.0,0.0,0.0037150762910567402,0.0,0.0,-0.05197927171903883
687,10.67,0.0066037735849056875,1.0,0.2,0.1,0.1,0.1,0.1,0.1,0.0,0.0,0.1,0,0,0.0006603773584905688,0.0,0.8433872364231949,1.0369714627066806,0.18668230828473942,0.0,0.0,0.0,0.002414799589186881,0.0,0.0,-0.04928562264150944
688,10.64,-0.0028116213683223395,1.0,0.2,0.1,0.1,0.1,0.1,0.1,0.0,0.0,0.1,0,0,-0.00028116213683223397,0.0,0.843150107865625,1.0369714627066806,0.18691098242486562,0.00022867414012620046,0.0,0.0,0.0015696197329714728,0.0,0.0,-0.05022716213683224
689,10.67,0.0028195488721803907,1.0,0.2,0.1,0.1,0.1,0.1,0.1,0.0,0.0,0.1,0,0,0.00028195488721803906,0.0,0.843387838159196,1.0369714627066806,0.18668172800261712,0.0,0.0,0.0,0.0010202528264314573,0.0,0.0,-0.04966404511278197
690,10.53,-0.013120899718837916,1.0,0.2,0.1,0.1,0.1,0.1,0.1,0.0,0.0,0.1,0,0,-0.0013120899718837918,0.0,0.8422812374343386,1.0369714627066806,0.18774887475125476,0.001067146748637643,0.0,0.0,0.0006631643371804472,0.0,0.0,-0.051258089971883795
691,10.63,0.009496676163342965,1.0,0.2,0.1,0.1,0.1,0.1,0.1,0.0,0.0,0.1,0,0,0.0009496676163342965,0.0,0.843081124649376,1.0369714627066806,0.18697750616127487,0.0,0.0,0.0,0.0004310568191672907,0.0,0.0,-0.04899633238366571
692,10.45,-0.01693320790216383,1.0,0.2,0.1,0.1,0.1,0.1,0.1,0.0,0.0,0.1,0,0,-0.001693320790216383,0.0,0.8416535178531682,1.0369714627066806,0.18835421405300556,0.001376707891730694,0.0,0.0,0.000280186932458739,0.0,0.0,-0.05163932079021639
693,10.5,0.004784688995215379,1.0,0.2,0.1,0.1,0.1,0.1,0.1,0.0,0.0,0.1,0,0,0.00047846889952153794,0.0,0.842056222885634,1.0369714627066806,0.18796586678700208,0.0,0.0,0.0,0.00018212150609818036,0.0,0.0,-0.04946753110047847
694,10.36,-0.013333333333333388,1.0,0.2,0.1,0.1,0.1,0.1,0.1,0.0,0.0,0.1,0,0,-0.001333333333333339,0.0,0.8409334812551198,1.0369714627066806,0.18904857896461943,0.001082712177617351,0.0,0.0,0.00011837897896381723,0.0,0.0,-0.05127933333333334
695,10.37,0.0009652509652509448,1.0,0.2,0.1,0.1,0.1,0.1,0.1,0.0,0.0,0.1,0,0,9.652509652509448e-05,0.0,0.841014652440569,1.0369714627066806,0.1889703018004269,0.0,0.0,0.0,7.694633632648121e-05,0.0,0.0,-0.04984947490347491
696,10.26,-0.010607521697203418,1.0,0.2,0.1,0.1,0.1,0.1,0.1,0.0,0.0,0.1,0,0,-0.0010607521697203418,0.0,0.8401225443232261,1.0369714627066806,0.18983060331249976,0.0008603015120728641,0.0,0.0,5.0015118612212786e-05,0.0,0.0,-0.051006752169720344
697,9.7,-0.0545808966861599,1.0,0.2,0.1,0.1,0.1,0.1,0.1,0.0,0.0,0.1,0,0,-0.00545808966861599,0.0,0.8355370801436841,1.0369714627066806,0.19425258052638866,0.0044219772138889,0.0,0.0,3.250982709793831e-05,0.0,0.0,-0.05540408966861599
698,9.79,0.009278350515463904,1.0,0.2,0.1,0.1,0.1,0.1,0.1,0.0,0.0,0.1,0,0,0.0009278350515463904,0.0,0.8363123207335083,1.0369714627066806,0.19350497982790787,0.0,0.0,0.0,2.1131387613659904e-05,0.0,0.0,-0.04901816494845362
699,9.71,-0.008171603677221482,1.0,0.2,0.1,0.1,0.1,0.1,0.1,0.0,0.0,0.1,0,0,-0.0008171603677221482,0.0,0.8356289194499671,1.0369714627066806,0.1941640155951578,0.0006590357672499325,0.0,0.0,1.3735401948878937e-05,0.0,0.0,-0.05076316036772215
700,9.77,0.006179196704428292,1.0,0.2,0.1,0.1,0.1,0.1,0.1,0.0,0.0,0.1,0,0,0.0006179196704428293,0.0,0.8361452709964861,1.0369714627066806,0.19366607368924343,0.0,0.0,0.0,8.928011266771309e-06,0.0,0.0,-0.04932808032955718
701,9.5,-0.027635619242579283,1.0,0.2,0.1,0.1,0.1,0.1,0.1,0.0,0.0,0.1,0,0,-0.0027635619242579283,0.0,0.8338345317624118,1.0369714627066806,0.19589442742623323,0.002228353736989791,0.0,0.0,5.803207323401351e-06,0.0,0.0,-0.052709561924257936
702,9.57,0.007368421052631609,1.0,0.2,0.1,0.1,0.1,0.1,0.1,0.0,0.0,0.1,0,0,0.000736842105263161,0.0,0.8344489361542368,1.0369714627066806,0.19530192858328416,0.0,0.0,0.0,3.7720847602108782e-06,0.0,0.0,-0.049209157894736844
703,9.58,0.0010449320794148158,1.0,0.2,0.1,0.1,0.1,0.1,0.1,0.0,0.0,0.1,0,0,0.00010449320794148158,0.0,0.8345361304004388,1.0369714627066806,0.19521784310037754,0.0,0.0,0.0,2.451855094137071e-06,0.0,0.0,-0.049841506792058524
704,9.37,-0.021920668058455203,1.0,0.2,0.1,0.1,0.1,0.1,0.1,0.0,0.0,0.1,0,0,-0.0021920668058455204,0.0,0.8327067714507093,1.0369714627066806,0.19698197935245398,0.0017641362520764425,0.0,0.0,1.5937058111890962e-06,0.0,0.0,-0.052138066805845526
705,9.41,0.0042689434364995655,1.0,0.2,0.1,0.1,0.1,0.1,0.1,0.0,0.0,0.1,0,0,0.00042689434364995656,0.0,0.8330622492613606,1.0369714627066806,0.1966391755015905,0.0,0.0,0.0,1.0359087772729126e-06,0.0,0.0,-0.049519105656350045
706,9.37,-0.004250797024442181,1.0,0.2,0.1,0.1,0.1,0.1,0.1,0.0,0.0,0.1,0,0,-0.0004250797024442181,0.0,0.8327081314083271,1.0369714627066806,0.1969806678818236,0.00034149238023312156,0.0,0.0,6.733407052273932e-07,0.0,0.0,-0.05037107970244422
707,9.64,0.028815368196371545,1.0,0.2,0.1,0.1,0.1,0.1,0.1,0.0,0.0,0.1,0,0,0.0028815368196371547,0.0,0.8351076105489914,1.0369714627066806,0.1946667381094447,0.0,0.0,0.0,4.376714583978056e-07,0.0,0.0,-0.04706446318036285
708,9.66,0.0020746887966804537,1.0,0.2,0.1,0.1,0.1,0.1,0.1,0.0,0.0,0.1,0,0,0.00020746887966804537,0.0,0.8352808693893543,1.0369714627066806,0.19449965651984083,0.0,0.0,0.0,2.8448644795857364e-07,0.0,0.0,-0.04973853112033196
709,9.69,0.003105590062111735,1.0,0.2,0.1,0.1,0.1,0.1,0.1,0.0,0.0,0.1,0,0,0.0003105590062111735,0.0,0.8355402733860591,1.0369714627066806,0.19424950113366687,0.0,0.0,0.0,1.8491619117307288e-07,0.0,0.0,-0.04963544099378883
710,9.71,0.0020639834881322344,1.0,0.2,0.1,0.1,0.1,0.1,0.1,0.0,0.0,0.1,0,0,0.00020639834881322345,0.0,0.8357127275188528,1.0369714627066806,0.19408319556114548,0.0,0.07030385210867623,0.007030385210867624,0.0024607550193279305,0.0,0.0,-0.05093476713703428
711,9.65,-0.006179196704428475,1.0,0.2,0.1,0.1,0.1,0.1,0.1,0.0,0.0,0.1,0,0,-0.0006179196704428476,0.0,0.8351963241856795,1.0369714627066806,0.19458118740734873,0.0004979918462032495,0.07288671483868456,0.007288671483868456,0.004150525781917115,0.0,0.0,-0.05180299382270049
712,9.7,0.0051813471502589565,1.0,0.2,0.1,0.1,0.1,0.1,0.1,0.0,0.0,0.1,0,0,0.0005181347150258957,0.0,0.835629068395102,1.0369714627066806,0.19416387196040963,0.0,0.0653052659881359,0.00653052659881359,0.004983526067830881,0.0,0.0,-0.05053805480677242
713,9.47,-0.02371134020618543,1.0,0.2,0.1,0.1,0.1,0.1,0.1,0.0,0.0,0.1,0,0,-0.0023711340206185433,0.0,0.8336476798824126,1.0369714627066806,0.1960746174186478,0.0019107454582381611,0.008603952823789889,0.0008603952823789889,0.003540430292922719,0.0,0.0,-0.05246340121862298
714,9.6,0.013727560718056916,1.0,0.2,0.1,0.1,0.1,0.1,0.1,0.0,0.0,0.1,0,0,0.0013727560718056918,0.0,0.834792074796718,1.0369714627066806,0.19497102396843044,0.0,0.0,0.0,0.002301279690399767,0.0,0.0,-0.048573243928194315
715,9.64,0.004166666666666763,1.0,0.2,0.1,0.1,0.1,0.1,0.1,0.0,0.0,0.1,0,0,0.0004166666666666763,0.0,0.8351399048278834,1.0369714627066806,0.19463559522841725,0.0,0.0,0.0,0.0014958317987598486,0.0,0.0,-0.04952933333333333
716,9.53,-0.011410788381742863,1.0,0.2,0.1,0.1,0.1,0.1,0.1,0.0,0.0,0.1,0,0,-0.0011410788381742863,0.0,0.8341869443555694,1.0369714627066806,0.1955545795077209,0.0009189842793036473,0.0,0.0,0.0009722906691939017,0.0,0.0,-0.05108707883817429
717,9.46,-0.007345225603357661,1.0,0.2,0.1,0.1,0.1,0.1,0.1,0.0,0.0,0.1,0,0,-0.0007345225603357661,0.0,0.8335742152254026,1.0369714627066806,0.1961454628176313,0.0005908833099103894,0.0,0.0,0.0006319889349760361,0.0,0.0,-0.05068052256033577
718,9.71,0.02642706131078224,1.0,0.2,0.1,0.1,0.1,0.1,0.1,0.0,0.0,0.1,0,0,0.002642706131078224,0.0,0.8357771069146877,1.0369714627066806,0.1940211115037243,0.0,0.0,0.0,0.0004107928077344235,0.0,0.0,-0.04730329386892178
719,9.82,0.011328527291452051,1.0,0.2,0.1,0.1,0.1,0.1,0.1,0.0,0.0,0.1,0,0,0.001132852729145205,0.0,0.836723919291213,1.0369714627066806,0.1931080561202579,0.0,0.09468426451171708,0.009468426451171708,0.003580964582937473,0.0,0.0,-0.050422779767553993
720,9.76,-0.006109979633401272,1.0,0.2,0.1,0.1,0.1,0.1,0.1,0.0,0.0,0.1,0,0,-0.0006109979633401272,0.0,0.8362126826806482,1.0369714627066806,0.1936010654546039,0.0004930093343460118,0.10383474623052084,0.010383474623052086,0.005961843096977587,0.0,0.0,-0.052322188649258985
721,9.73,-0.003073770491803213,1.0,0.2,0.1,0.1,0.1,0.1,0.1,0.0,0.0,0.1,0,0,-0.00030737704918032134,0.0,0.8359556500937587,1.0369714627066806,0.19384893397956657,0.00024786852496266887,0.06352285536780214,0.006352285536780214,0.006098497950908507,0.0,0.0,-0.05133326559043297
722,9.56,-0.01747173689619732,1.0,0.2,0.1,0.1,0.1,0.1,0.1,0.0,0.0,0.1,0,0,-0.001747173689619732,0.0,0.8344950903762259,1.0369714627066806,0.19525741991197637,0.0014084859324098031,0.08237657190908594,0.008237657190908595,0.0068472036849085375,0.0,0.0,-0.0530935754120742
723,9.56,0.0,1.0,0.2,0.1,0.1,0.1,0.1,0.1,0.0,0.0,0.1,0,0,0.0,0.0,0.8344950903762259,1.0369714627066806,0.19525741991197637,0.0,0.024953770322365294,0.0024953770322365294,0.005324064356473335,0.0,0.0,-0.05037021409548022
724,9.45,-0.01150627615062774,1.0,0.2,0.1,0.1,0.1,0.1,0.1,0.0,0.0,0.1,0,0,-0.0011506276150627741,0.0,0.8335348972806047,1.0369714627066806,0.19618337894764254,0.0009259590356661684,0.0,0.0,0.003460641831707668,0.0,0.0,-0.05109662761506278
725,9.12,-0.03492063492063493,1.0,0.2,0.1,0.1,0.1,0.1,0.1,0.0,0.0,0.1,0,0,-0.003492063492063493,0.0,0.8306241404964502,1.0369714627066806,0.19899035762433337,0.00280697867669083,0.0,0.0,0.0022494171906099845,0.0,0.0,-0.053438063492063495
726,9.34,0.02412280701754393,1.0,0.2,0.1,0.1,0.1,0.1,0.1,0.0,0.0,0.1,0,0,0.0024122807017543935,0.0,0.832627839080981,1.0369714627066806,0.1970580975221114,0.0,0.0,0.0,0.00146212117389649,0.0,0.0,-0.04753371929824561
727,9.38,0.004282655246252776,1.0,0.2,0.1,0.1,0.1,0.1,0.1,0.0,0.0,0.1,0,0,0.0004282655246252776,0.0,0.8329844248793027,1.0369714627066806,0.19671422518700307,0.0,0.0,0.0,0.0009503787630327185,0.0,0.0,-0.049517734475374726
728,9.3,-0.00852878464818764,1.0,0.2,0.1,0.1,0.1,0.1,0.1,0.0,0.0,0.1,0,0,-0.000852878464818764,0.0,0.8322739904017937,1.0369714627066806,0.1973993303254363,0.0006851051384332285,0.0,0.0,0.0006177461959712671,0.0,0.0,-0.050798878464818766
729,9.18,-0.012903225806451719,1.0,0.2,0.1,0.1,0.1,0.1,0.1,0.0,0.0,0.1,0,0,-0.001290322580645172,0.0,0.8312000884786946,1.0369714627066806,0.1984349440927583,0.0010356137673220023,0.0,0.0,0.0004015350273813236,0.0,0.0,-0.05123632258064518
730,9.1,-0.008714596949891075,1.0,0.2,0.1,0.1,0.1,0.1,0.1,0.0,0.0,0.1,0,0,-0.0008714596949891076,0.0,0.830475731103114,1.0369714627066806,0.19913347573189322,0.0006985316391349139,0.0,0.0,0.00026099776779786035,0.0,0.0,-0.05081745969498911
731,9.15,0.005494505494505573,1.0,0.2,0.1,0.1,0.1,0.1,0.1,0.0,0.0,0.1,0,0,0.0005494505494505574,0.0,0.830932036449874,1.0369714627066806,0.19869343918009752,0.0,0.0,0.0,0.00016964854906860924,0.0,0.0,-0.04939654945054945
732,9.19,0.004371584699453458,1.0,0.2,0.1,0.1,0.1,0.1,0.1,0.0,0.0,0.1,0,0,0.00043715846994534587,0.0,0.831295285427557,1.0369714627066806,0.1983431412300123,0.0,0.0,0.0,0.000110271556894596,0.0,0.0,-0.04950884153005466
733,8.79,-0.043525571273123,1.0,0.2,0.1,0.1,0.1,0.1,0.1,0.0,0.0,0.1,0,0,-0.0043525571273123,0.0,0.8276770252080682,1.0369714627066806,0.20183239850431042,0.0034892572742981354,0.0,0.0,7.167651198148741e-05,0.0,0.0,-0.054298557127312304
734,8.9,0.012514220705347124,1.0,0.2,0.1,0.1,0.1,0.1,0.1,0.0,0.0,0.1,0,0,0.0012514220705347125,0.0,0.828712798504688,1.0369714627066806,0.200833553951813,0.0,0.0,0.0,4.658973278796682e-05,0.0,0.0,-0.04869457792946529
735,8.64,-0.02921348314606739,1.0,0.2,0.1,0.1,0.1,0.1,0.1,0.0,0.0,0.1,0,0,-0.002921348314606739,0.0,0.8262918397674833,1.0369714627066806,0.20316819750206613,0.002334643550253146,0.0,0.0,3.0283326312178434e-05,0.0,0.0,-0.052867348314606745
736,8.71,0.008101851851851884,1.0,0.2,0.1,0.1,0.1,0.1,0.1,0.0,0.0,0.1,0,0,0.0008101851851851885,0.0,0.8269612891747024,1.0369714627066806,0.2025226161805979,0.0,0.0,0.0,1.9684162102915983e-05,0.0,0.0,-0.04913581481481481
737,8.87,0.018369690011480866,1.0,0.2,0.1,0.1,0.1,0.1,0.1,0.0,0.0,0.1,0,0,0.0018369690011480868,0.0,0.8284803914280658,1.0369714627066806,0.20105767494740487,0.0,0.0,0.0,1.2794705366895389e-05,0.0,0.0,-0.048109030998851915
738,8.92,0.005636978579481478,1.0,0.2,0.1,0.1,0.1,0.1,0.1,0.0,0.0,0.1,0,0,0.0005636978579481479,0.0,0.828947404050066,1.0369714627066806,0.20060731287014855,0.0,0.0,0.0,8.316558488482003e-06,0.0,0.0,-0.04938230214205186
739,8.86,-0.006726457399103195,1.0,0.2,0.1,0.1,0.1,0.1,0.1,0.0,0.0,0.1,0,0,-0.0006726457399103196,0.0,0.828389816110122,1.0369714627066806,0.2011450209556619,0.0005377080855133443,0.0,0.0,5.405763017513302e-06,0.0,0.0,-0.050618645739910324
740,8.91,0.005643340857787891,1.0,0.2,0.1,0.1,0.1,0.1,0.1,0.0,0.0,0.1,0,0,0.0005643340857787891,0.0,0.828857304719665,1.0369714627066806,0.200694199861393,0.0,0.0,0.0,3.5137459613836463e-06,0.0,0.0,-0.04938166591422122
741,8.77,-0.01571268237934911,1.0,0.2,0.1,0.1,0.1,0.1,0.1,0.0,0.0,0.1,0,0,-0.0015712682379349112,0.0,0.8275549475629786,1.0369714627066806,0.20195012367754797,0.001255923816154969,0.05610654211577323,0.005610654211577323,0.0019660129089269624,0.0,0.0,-0.05247107945390306
742,8.68,-0.010262257696693257,1.0,0.2,0.1,0.1,0.1,0.1,0.1,0.0,0.0,0.1,0,0,-0.0010262257696693259,0.0,0.8267056893499721,1.0369714627066806,0.20276910302611154,0.0008189793485635644,0.0,0.0,0.0012779083908025257,0.0,0.0,-0.05097222576966933
743,8.4,-0.03225806451612896,1.0,0.2,0.1,0.1,0.1,0.1,0.1,0.0,0.0,0.1,0,0,-0.0032258064516128963,0.0,0.8240388968036819,1.0369714627066806,0.20534081559699502,0.002571712570883483,0.0,0.0,0.0008306404540216417,0.0,0.0,-0.0531718064516129
744,8.39,-0.001190476190476165,1.0,0.2,0.1,0.1,0.1,0.1,0.1,0.0,0.0,0.1,0,0,-0.0001190476190476165,0.0,0.8239407969350149,1.0369714627066806,0.20543541788085246,9.460228385743674e-05,0.0,0.0,0.0005399162951140671,0.0,0.0,-0.05006504761904762
745,8.62,0.02741358760429066,1.0,0.2,0.1,0.1,0.1,0.1,0.1,0.0,0.0,0.1,0,0,0.0027413587604290662,0.0,0.8261995142567675,1.0369714627066806,0.20325723130293352,0.0,0.0,0.0,0.0003509455918241436,0.0,0.0,-0.04720464123957094
746,9.21,0.06844547563805124,1.0,0.2,0.1,0.1,0.1,0.1,0.1,0.0,0.0,0.1,0,0,0.006844547563805124,0.0,0.8318544761292905,1.0369714627066806,0.1978038875264688,0.0,0.0,0.0,0.00022811463468569334,0.0,0.0,-0.04310145243619488
747,9.23,0.0021715526601519624,1.0,0.2,0.1,0.1,0.1,0.1,0.1,0.0,0.0,0.1,0,0,0.00021715526601519624,0.0,0.8320351177093404,1.0369714627066806,0.1976296864162682,0.0,0.19844239476916042,0.019844239476916044,0.007093758329466316,0.0,0.0,-0.05310236544506053
748,9.31,0.008667388949079096,1.0,0.2,0.1,0.1,0.1,0.1,0.1,0.0,0.0,0.1,0,0,0.0008667388949079096,0.0,0.8327562749077884,1.0369714627066806,0.1969342408573657,0.0,0.2383783050625222,0.02383783050625222,0.012954183591341383,0.0,0.0,-0.053131692291154976
749,9.25,-0.006444683136412513,1.0,0.2,0.1,0.1,0.1,0.1,0.1,0.0,0.0,0.1,0,0,-0.0006444683136412514,0.0,0.8322195898756244,1.0369714627066806,0.19745179129290336,0.000517550435537667,0.3559706138123324,0.035597061381233246,0.020879190817803536,0.0,0.0,-0.05664196874845091
750,9.23,-0.0021621621621621162,1.0,0.2,0.1,0.1,0.1,0.1,0.1,0.0,0.0,0.1,0,0,-0.00021621621621621163,0.0,0.8320396505048404,1.0369714627066806,0.19762531522992116,0.00017352393701780544,0.3334054954988677,0.03334054954988677,0.025240666374032668,0.0,0.0,-0.055830109639696965
751,9.43,0.021668472372697648,1.0,0.2,0.1,0.1,0.1,0.1,0.1,0.0,0.0,0.1,0,0,0.002166847237269765,0.0,0.8338425533228357,1.0369714627066806,0.1958866918609719,0.0,0.255527534505959,0.025552753450595902,0.0253498968508298,0.0,0.0,-0.052123120849331545
752,9.54,0.011664899257688169,1.0,0.2,0.1,0.1,0.1,0.1,0.1,0.0,0.0,0.1,0,0,0.001166489925768817,0.0,0.8348152222609642,1.0369714627066806,0.19494870178785112,0.0,0.15688270647010472,0.015688270647010474,0.021968327679493034,0.0,0.0,-0.051446516084222974
753,9.18,-0.03773584905660372,1.0,0.2,0.1,0.1,0.1,0.1,0.1,0.0,0.0,0.1,0,0,-0.0037735849056603718,0.0,0.8316649761392246,1.0369714627066806,0.19798663121506682,0.003037929427215702,0.1999529725571112,0.01999529725571112,0.021277767031169365,0.0,0.0,-0.057118785439131264
754,9.15,-0.0032679738562090806,1.0,0.2,0.1,0.1,0.1,0.1,0.1,0.0,0.0,0.1,0,0,-0.00032679738562090807,0.0,0.8313931901993099,1.0369714627066806,0.1982487270872187,0.00026209587215186847,0.0,0.0,0.013830548570260087,0.0,0.0,-0.05027279738562091
755,9.24,0.009836065573770475,1.0,0.2,0.1,0.1,0.1,0.1,0.1,0.0,0.0,0.1,0,0,0.0009836065573770477,0.0,0.8322109539929485,1.0369714627066806,0.19746011927779633,0.0,0.0,0.0,0.008989856570669056,0.0,0.0,-0.04896239344262296
756,9.67,0.04653679653679651,1.0,0.2,0.1,0.1,0.1,0.1,0.1,0.0,0.0,0.1,0,0,0.004653679653679651,0.0,0.8360837971771148,1.0369714627066806,0.19372535576361297,0.0,0.044015568020682044,0.004401556802068204,0.007383951651658758,0.0,0.0,-0.04604058500267195
757,9.42,-0.025853154084798345,1.0,0.2,0.1,0.1,0.1,0.1,0.1,0.0,0.0,0.1,0,0,-0.0025853154084798345,0.0,0.8339222568534924,1.0369714627066806,0.19580983002482394,0.0020844742612109723,0.17829274077449137,0.017829274077449137,0.011039814500685391,0.0,0.0,-0.055562292001646196
758,9.65,0.02441613588110408,1.0,0.2,0.1,0.1,0.1,0.1,0.1,0.0,0.0,0.1,0,0,0.002441613588110408,0.0,0.8359583727672536,1.0369714627066806,0.19384630837838773,0.0,0.019876831517032206,0.001987683151703221,0.007871568528541631,0.0,0.0,-0.04784229254767915
759,9.25,-0.041450777202072575,1.0,0.2,0.1,0.1,0.1,0.1,0.1,0.0,0.0,0.1,0,0,-0.004145077720207258,0.0,0.8324932603412754,1.0369714627066806,0.19718787808459132,0.0033415697062035843,0.23743396108219167,0.02374339610821917,0.01342670818142877,0.0,0.0,-0.058127455058604525
760,9.28,0.003243243243243174,1.0,0.2,0.1,0.1,0.1,0.1,0.1,0.0,0.0,0.1,0,0,0.0003243243243243174,0.0,0.8327632581554401,1.0369714627066806,0.19692750658559174,0.0,0.053026861088222146,0.005302686108822215,0.010583300456016475,0.0,0.0,-0.05052313231417547
761,9.44,0.017241379310344845,1.0,0.2,0.1,0.1,0.1,0.1,0.1,0.0,0.0,0.1,0,0,0.0017241379310344845,0.0,0.8341990568763976,1.0369714627066806,0.19554289883832562,0.0,0.03511287561509153,0.003511287561509153,0.008108095942938912,0.0,0.0,-0.048818780954422075
762,9.45,0.0010593220338982825,1.0,0.2,0.1,0.1,0.1,0.1,0.1,0.0,0.0,0.1,0,0,0.00010593220338982826,0.0,0.8342874254205582,1.0369714627066806,0.195457680925067,0.0,0.0,0.0,0.005270262362910293,0.0,0.0,-0.049840067796610175
763,9.38,-0.00740740740740725,1.0,0.2,0.1,0.1,0.1,0.1,0.1,0.0,0.0,0.1,0,0,-0.000740740740740725,0.0,0.8336694347350615,1.0369714627066806,0.19605363819845584,0.0005959572733888474,0.04739951049558598,0.004739951049558599,0.0050846534032372,0.0,0.0,-0.05149253241916569
764,9.09,-0.030916844349680266,1.0,0.2,0.1,0.1,0.1,0.1,0.1,0.0,0.0,0.1,0,0,-0.003091684434968027,0.0,0.8310919919197826,1.0369714627066806,0.19853918665178683,0.002485548453330988,0.0,0.0,0.0033050247121041805,0.0,0.0,-0.05303768443496803
765,9.11,0.0022002200220021533,1.0,0.2,0.1,0.1,0.1,0.1,0.1,0.0,0.0,0.1,0,0,0.00022002200220021533,0.0,0.8312748504438573,1.0369714627066806,0.19836284763894896,0.0,0.0,0.0,0.0021482660628677173,0.0,0.0,-0.04972597799779979
766,8.91,-0.021953896816684883,1.0,0.2,0.1,0.1,0.1,0.1,0.1,0.0,0.0,0.1,0,0,-0.0021953896816684884,0.0,0.8294498782145624,1.0369714627066806,0.20012275357168444,0.0017599059327354782,0.0,0.0,0.0013963729408640164,0.0,0.0,-0.052141389681668496
767,8.88,-0.0033670033670032953,1.0,0.2,0.1,0.1,0.1,0.1,0.1,0.0,0.0,0.1,0,0,-0.00033670033670032956,0.0,0.8291706021612916,1.0369714627066806,0.20039207250987573,0.00026931893819129304,0.0,0.0,0.0009076424115616107,0.0,0.0,-0.050282700336700334
768,9.11,0.025900900900900747,1.0,0.2,0.1,0.1,0.1,0.1,0.1,0.0,0.0,0.1,0,0,0.002590090090090075,0.0,0.8313182287209436,1.0369714627066806,0.19832101594092602,0.0,0.0,0.0,0.0005899675675150469,0.0,0.0,-0.04735590990990993
769,9.15,0.004390779363337094,1.0,0.2,0.1,0.1,0.1,0.1,0.1,0.0,0.0,0.1,0,0,0.0004390779363337094,0.0,0.831683242213247,1.0369714627066806,0.19796901638700332,0.0,0.0,0.0,0.0003834789188847805,0.0,0.0,-0.049506922063666296
770,9.4,0.0273224043715847,1.0,0.2,0.1,0.1,0.1,0.1,0.1,0.0,0.0,0.1,0,0,0.00273224043715847,0.0,0.8339556007985289,1.0369714627066806,0.19577767490172202,0.0,0.0,0.0,0.00024926129727510733,0.0,0.0,-0.04721375956284153
771,9.45,0.005319148936170099,1.0,0.2,0.1,0.1,0.1,0.1,0.1,0.0,0.0,0.1,0,0,0.0005319148936170099,0.0,0.834399194203209,1.0369714627066806,0.19534989706922298,0.0,0.11267970821607656,0.011267970821607657,0.004105809630791499,0.0,0.0,-0.0513296401460563
772,9.57,0.012698412698412804,1.0,0.2,0.1,0.1,0.1,0.1,0.1,0.0,0.0,0.1,0,0,0.0012698412698412805,0.0,0.8354587487355305,1.0369714627066806,0.19432811916073944,0.0,0.20042738848754624,0.020042738848754627,0.009683734857078593,0.0,0.0,-0.05208342433444701
773,9.59,0.0020898641588296316,1.0,0.2,0.1,0.1,0.1,0.1,0.1,0.0,0.0,0.1,0,0,0.00020898641588296317,0.0,0.8356333482650468,1.0369714627066806,0.1941597446819852,0.0,0.26282059599758545,0.026282059599758545,0.015493148517016577,0.0,0.0,-0.05420496371607599
774,9.58,-0.0010427528675703635,1.0,0.2,0.1,0.1,0.1,0.1,0.1,0.0,0.0,0.1,0,0,-0.00010427528675703636,0.0,0.8355462123580326,1.0369714627066806,0.19424377390568892,8.402922370370769e-05,0.19807757615063354,0.019807757615063357,0.01700326170133295,0.0,0.0,-0.05341759408131781
775,9.6,0.002087682672233776,1.0,0.2,0.1,0.1,0.1,0.1,0.1,0.0,0.0,0.1,0,0,0.0002087682672233776,0.0,0.8357206478929716,1.0369714627066806,0.1940755575745628,0.0,0.17730497743805837,0.017730497743805838,0.01725779431619846,0.0,0.0,-0.05275141634922362
776,9.57,-0.0031249999999999334,1.0,0.2,0.1,0.1,0.1,0.1,0.1,0.0,0.0,0.1,0,0,-0.00031249999999999334,0.0,0.8354594851905052,1.0369714627066806,0.19432740896282064,0.0002518513882578399,0.10367011461421488,0.010367011461421488,0.014846020317026521,0.0,0.0,-0.05202089194844165
777,9.34,-0.02403343782654132,1.0,0.2,0.1,0.1,0.1,0.1,0.1,0.0,0.0,0.1,0,0,-0.002403343782654132,0.0,0.8334515888311131,1.0369714627066806,0.19626371717534472,0.0019363082125240794,0.07423812542962344,0.007423812542962344,0.012248247596104059,0.0,0.0,-0.053611391914957736
778,9.2,-0.01498929336188443,1.0,0.2,0.1,0.1,0.1,0.1,0.1,0.0,0.0,0.1,0,0,-0.001498929336188443,0.0,0.8322023037943214,1.0369714627066806,0.1974684610682296,0.0012047438928848853,0.0,0.0,0.007961360937467639,0.0,0.0,-0.051444929336188445
779,9.15,-0.005434782608695537,1.0,0.2,0.1,0.1,0.1,0.1,0.1,0.0,0.0,0.1,0,0,-0.0005434782608695537,0.0,0.8317500199335636,1.0369714627066806,0.1979046195133012,0.0004361584450716105,0.0,0.0,0.005174884609353965,0.0,0.0,-0.05048947826086956
780,9.15,0.0,1.0,0.2,0.1,0.1,0.1,0.1,0.1,0.0,0.0,0.1,0,0,0.0,0.0,0.8317500199335636,1.0369714627066806,0.1979046195133012,0.0,0.0,0.0,0.0033636749960800775,0.0,0.0,-0.049946000000000004
781,9.09,-0.006557377049180382,1.0,0.2,0.1,0.1,0.1,0.1,0.1,0.0,0.0,0.1,0,0,-0.0006557377049180382,0.0,0.8312046100844268,1.0369714627066806,0.1984305836972269,0.0005259641839256979,0.0,0.0,0.0021863887474520504,0.0,0.0,-0.05060173770491804
782,9.48,0.042904290429042966,1.0,0.2,0.1,0.1,0.1,0.1,0.1,0.0,0.0,0.1,0,0,0.0042904290429042966,0.0,0.8347708344841289,1.0369714627066806,0.1949915069936177,0.0,0.0,0.0,0.0014211526858438329,0.0,0.0,-0.04565557095709571
783,9.26,-0.023206751054852388,1.0,0.2,0.1,0.1,0.1,0.1,0.1,0.0,0.0,0.1,0,0,-0.002320675105485239,0.0,0.8328336025897565,1.0369714627066806,0.1968596701630418,0.0018681631694240919,0.07548673983544955,0.007548673983544956,0.003565785140039226,0.0,0.0,-0.053549949682687885
784,9.27,0.0010799136069114242,1.0,0.2,0.1,0.1,0.1,0.1,0.1,0.0,0.0,0.1,0,0,0.00010799136069114242,0.0,0.8329235414237295,1.0369714627066806,0.19677293794599673,0.0,0.015677676180153373,0.0015677676180153373,0.002866479007330865,0.0,0.0,-0.05010452913437147
785,9.2,-0.00755124056094933,1.0,0.2,0.1,0.1,0.1,0.1,0.1,0.0,0.0,0.1,0,0,-0.0007551240560949331,0.0,0.8322945808207126,1.0369714627066806,0.1973794740230602,0.0006065360770634576,0.035550854448892444,0.0035550854448892447,0.003107491260476298,0.0,0.0,-0.0513054885817261
786,9.24,0.004347826086956622,1.0,0.2,0.1,0.1,0.1,0.1,0.1,0.0,0.0,0.1,0,0,0.0004347826086956623,0.0,0.8326564480297651,1.0369714627066806,0.19703050857698323,0.0,0.0006627224738515666,6.627224738515666e-05,0.0020430646058943983,0.0,0.0,-0.04952248367335982
787,9.02,-0.023809523809523878,1.0,0.2,0.1,0.1,0.1,0.1,0.1,0.0,0.0,0.1,0,0,-0.002380952380952388,0.0,0.8306739326773133,1.0369714627066806,0.19894234069941902,0.001911832122435786,0.03742853014051841,0.0037428530140518413,0.002637990548749503,0.0,0.0,-0.0529632373933412
788,9.52,0.05543237250554324,1.0,0.2,0.1,0.1,0.1,0.1,0.1,0.0,0.0,0.1,0,0,0.005543237250554324,0.0,0.8352785553639946,1.0369714627066806,0.19450188804254215,0.0,0.0,0.0,0.0017146938566871771,0.0,0.0,-0.04440276274944568
789,9.53,0.0010504201680672045,1.0,0.2,0.1,0.1,0.1,0.1,0.1,0.0,0.0,0.1,0,0,0.00010504201680672046,0.0,0.8353662947080455,1.0369714627066806,0.19441727689632815,0.0,0.11207639544521242,0.011207639544521242,0.005037224847429101,0.0,0.0,-0.05174625670576189
790,9.28,-0.02623294858342078,1.0,0.2,0.1,0.1,0.1,0.1,0.1,0.0,0.0,0.1,0,0,-0.002623294858342078,0.0,0.8331748826023055,1.0369714627066806,0.19653055791181526,0.0021132810154871062,0.11049231446385986,0.011049231446385987,0.00714142715706401,0.0,0.0,-0.0544476642042277
791,9.29,0.0010775862068965287,1.0,0.2,0.1,0.1,0.1,0.1,0.1,0.0,0.0,0.1,0,0,0.00010775862068965288,0.0,0.833264664378448,1.0369714627066806,0.19644397715296955,0.0,0.014119461385341156,0.0014119461385341157,0.005136108800578547,0.0,0.0,-0.05007827222286115
792,9.26,-0.003229278794402515,1.0,0.2,0.1,0.1,0.1,0.1,0.1,0.0,0.0,0.1,0,0,-0.0003229278794402515,0.0,0.8329955799873678,1.0369714627066806,0.19670346779543896,0.0002594906424694121,0.00716149381865255,0.000716149381865255,0.003589123004028895,0.0,0.0,-0.050390673274357346
793,9.13,-0.014038876889848706,1.0,0.2,0.1,0.1,0.1,0.1,0.1,0.0,0.0,0.1,0,0,-0.0014038876889848706,0.0,0.8318261477476447,1.0369714627066806,0.1978312059076052,0.0011277381121662378,0.06773973985468808,0.006773973985468808,0.004703820847532864,0.0,0.0,-0.05250146326651457
794,8.98,-0.016429353778751408,1.0,0.2,0.1,0.1,0.1,0.1,0.1,0.0,0.0,0.1,0,0,-0.0016429353778751408,0.0,0.8304595111412685,1.0369714627066806,0.1991491173984471,0.0013179114908418998,0.0,0.0,0.0030574835508963617,0.0,0.0,-0.05158893537787514
795,9.04,0.006681514476614556,1.0,0.2,0.1,0.1,0.1,0.1,0.1,0.0,0.0,0.1,0,0,0.0006681514476614557,0.0,0.8310143838658617,1.0369714627066806,0.19861402772187597,0.0,0.0,0.0,0.001987364308082635,0.0,0.0,-0.04927784855233855
796,8.99,-0.0055309734513273165,1.0,0.2,0.1,0.1,0.1,0.1,0.1,0.0,0.0,0.1,0,0,-0.0005530973451327316,0.0,0.8305547520163783,1.0369714627066806,0.19905727217556968,0.000443244453693703,0.0,0.0,0.0012917868002537128,0.0,0.0,-0.050499097345132735
797,8.89,-0.011123470522803075,1.0,0.2,0.1,0.1,0.1,0.1,0.1,0.0,0.0,0.1,0,0,-0.0011123470522803075,0.0,0.8296308868862154,1.0369714627066806,0.19994819845791056,0.000890926282340887,0.0,0.0,0.0008396614201649133,0.0,0.0,-0.05105834705228031
798,8.94,0.00562429696287952,1.0,0.2,0.1,0.1,0.1,0.1,0.1,0.0,0.0,0.1,0,0,0.000562429696287952,0.0,0.8300974959339581,1.0369714627066806,0.19949822556615449,0.0,0.0,0.0,0.0005457799231071937,0.0,0.0,-0.04938357030371205
799,8.78,-0.017897091722595095,1.0,0.2,0.1,0.1,0.1,0.1,0.1,0.0,0.0,0.1,0,0,-0.0017897091722595096,0.0,0.8286118628316155,1.0369714627066806,0.20093089093426872,0.0014326653681142332,0.0,0.0,0.0003547569500196759,0.0,0.0,-0.05173570917225952
800,8.83,0.005694760820045639,1.0,0.2,0.1,0.1,0.1,0.1,0.1,0.0,0.0,0.1,0,0,0.0005694760820045639,0.0,0.8290837374687633,1.0369714627066806,0.2004758401887871,0.0,0.0,0.0,0.00023059201751278935,0.0,0.0,-0.04937652391799544
801,8.68,-0.016987542468856212,1.0,0.2,0.1,0.1,0.1,0.1,0.1,0.0,0.0,0.1,0,0,-0.0016987542468856213,0.0,0.8276753279487145,1.0369714627066806,0.20183403525075405,0.001358195061966938,0.0,0.0,0.00014988481138331308,0.0,0.0,-0.051644754246885624
802,8.56,-0.013824884792626639,1.0,0.2,0.1,0.1,0.1,0.1,0.1,0.0,0.0,0.1,0,0,-0.001382488479262664,0.0,0.8265310763432554,1.0369714627066806,0.20293749050155946,0.0011034552508054074,0.0,0.0,9.74251273991535e-05,0.0,0.0,-0.05132848847926267
803,8.75,0.02219626168224293,1.0,0.2,0.1,0.1,0.1,0.1,0.1,0.0,0.0,0.1,0,0,0.002219626168224293,0.0,0.8283656663491575,1.0369714627066806,0.20116830969776614,0.0,0.0,0.0,6.332633280944978e-05,0.0,0.0,-0.04772637383177571
804,8.84,0.01028571428571427,1.0,0.2,0.1,0.1,0.1,0.1,0.1,0.0,0.0,0.1,0,0,0.001028571428571427,0.0,0.8292176996059738,1.0369714627066806,0.20034665424488385,0.0,0.0,0.0,4.116211632614236e-05,0.0,0.0,-0.04891742857142858
805,8.83,-0.0011312217194569894,1.0,0.2,0.1,0.1,0.1,0.1,0.1,0.0,0.0,0.1,0,0,-0.00011312217194569895,0.0,0.8291238966987785,1.0369714627066806,0.20043711276815937,9.045852327552173e-05,0.0,0.0,2.6755375611992536e-05,0.0,0.0,-0.050059122171945705
806,8.87,0.004530011325028216,1.0,0.2,0.1,0.1,0.1,0.1,0.1,0.0,0.0,0.1,0,0,0.0004530011325028216,0.0,0.8294994907629681,1.0369714627066806,0.20007490987473617,0.0,0.0,0.0,1.7390994147795147e-05,0.0,0.0,-0.04949299886749718
807,9.02,0.016910935738444235,1.0,0.2,0.1,0.1,0.1,0.1,0.1,0.0,0.0,0.1,0,0,0.0016910935738444237,0.0,0.8309022520213045,1.0369714627066806,0.19872216169526852,0.0,0.04355812985646648,0.004355812985646648,0.0015358386911723937,0.0,0.0,-0.048995394633715515
808,9.09,0.007760532150776085,1.0,0.2,0.1,0.1,0.1,0.1,0.1,0.0,0.0,0.1,0,0,0.0007760532150776086,0.0,0.8315470763854008,1.0369714627066806,0.19810032745268175,0.0,0.15910097581208996,0.015910097581208996,0.006566829302685205,0.0,0.0,-0.051874663373727925
809,9.05,-0.0044004400440043065,1.0,0.2,0.1,0.1,0.1,0.1,0.1,0.0,0.0,0.1,0,0,-0.00044004400440043065,0.0,0.8311811590800607,1.0369714627066806,0.19845319859571683,0.0003528711430350884,0.13303903108515944,0.013303903108515945,0.008924805134725964,0.0,0.0,-0.05264770753284815
810,8.99,-0.006629834254143701,1.0,0.2,0.1,0.1,0.1,0.1,0.1,0.0,0.0,0.1,0,0,-0.0006629834254143702,0.0,0.830630099748074,1.0369714627066806,0.19898461083974175,0.0005314122440249203,0.08669576893722683,0.008669576893722683,0.008835475250374815,0.0,0.0,-0.05208281149734723
811,8.94,-0.005561735261401636,1.0,0.2,0.1,0.1,0.1,0.1,0.1,0.0,0.0,0.1,0,0,-0.0005561735261401636,0.0,0.830168125276579,1.0369714627066806,0.19943011439322347,0.00044550355348171866,0.062451102936710134,0.006245110293671014,0.007928847515528486,0.0,0.0,-0.05156384227606424
812,9.13,0.0212527964205818,1.0,0.2,0.1,0.1,0.1,0.1,0.1,0.0,0.0,0.1,0,0,0.00212527964205818,0.0,0.8319324646927149,1.0369714627066806,0.19772867951329862,0.0,0.026515385443614294,0.0026515385443614294,0.006081789375620017,0.0,0.0,-0.04827148191048327
813,9.12,-0.001095290251916929,1.0,0.2,0.1,0.1,0.1,0.1,0.1,0.0,0.0,0.1,0,0,-0.0001095290251916929,0.0,0.8318413439408318,1.0369714627066806,0.1978165515089708,8.787199567217296e-05,0.07237512114476263,0.007237512114476263,0.006486292334219703,0.0,0.0,-0.051285906084652666
814,9.27,0.016447368421052672,1.0,0.2,0.1,0.1,0.1,0.1,0.1,0.0,0.0,0.1,0,0,0.0016447368421052674,0.0,0.8332095040459976,1.0369714627066806,0.19649717083711055,0.0,0.044166220171328596,0.00441662201713286,0.005761907723239308,0.0,0.0,-0.04905208890080732
815,9.21,-0.006472491909384976,1.0,0.2,0.1,0.1,0.1,0.1,0.1,0.0,0.0,0.1,0,0,-0.0006472491909384976,0.0,0.8326702098686215,1.0369714627066806,0.19701723739320307,0.0005200665560925188,0.12919311544443943,0.012919311544443944,0.008266999060660932,0.0,0.0,-0.052789532153493975
816,9.14,-0.007600434310532061,1.0,0.2,0.1,0.1,0.1,0.1,0.1,0.0,0.0,0.1,0,0,-0.0007600434310532061,0.0,0.8320373443453771,1.0369714627066806,0.19762753916717135,0.0006103017739682859,0.1182417417927673,0.01182417417927673,0.009512010352176461,0.0,0.0,-0.05271615304153026
817,9.02,-0.013129102844639058,1.0,0.2,0.1,0.1,0.1,0.1,0.1,0.0,0.0,0.1,0,0,-0.001312910284463906,0.0,0.8309449539589281,1.0369714627066806,0.19868098222296934,0.0010534430557979924,0.09911131005850182,0.009911131005850183,0.009651702580962264,0.0,0.0,-0.05294380255545844
818,9.31,0.03215077605321518,1.0,0.2,0.1,0.1,0.1,0.1,0.1,0.0,0.0,0.1,0,0,0.0032150776053215184,0.0,0.8336165064716563,1.0369714627066806,0.19610467939419624,0.0,0.0,0.0,0.006273606677625472,0.0,0.0,-0.046730922394678485
819,9.26,-0.005370569280343793,1.0,0.2,0.1,0.1,0.1,0.1,0.1,0.0,0.0,0.1,0,0,-0.0005370569280343793,0.0,0.8331688069515318,1.0369714627066806,0.19653641694554203,0.00043173755134578995,0.11853191008177572,0.011853191008177572,0.008226461193318706,0.0,0.0,-0.05249809939942457
820,9.13,-0.014038876889848706,1.0,0.2,0.1,0.1,0.1,0.1,0.1,0.0,0.0,0.1,0,0,-0.0014038876889848706,0.0,0.8319991315206063,1.0369714627066806,0.1976643895783399,0.0011279726327978745,0.04075514484943267,0.0040755144849432675,0.0067736298453873025,0.0,0.0,-0.052042725151425225
821,9.11,-0.0021905805038336637,1.0,0.2,0.1,0.1,0.1,0.1,0.1,0.0,0.0,0.1,0,0,-0.00021905805038336637,0.0,0.8318168754129348,1.0369714627066806,0.197840147652912,0.00017575807457209658,0.0,0.0,0.004402859399501747,0.0,0.0,-0.05016505805038337
822,9.03,-0.008781558726673994,1.0,0.2,0.1,0.1,0.1,0.1,0.1,0.0,0.0,0.1,0,0,-0.0008781558726673994,0.0,0.8310864105388072,1.0369714627066806,0.19854456903806852,0.0007044213851565284,0.0031054901978281087,0.0003105490197828109,0.0029705507666001195,0.0,0.0,-0.05087694920603048
823,8.57,-0.050941306755260145,1.0,0.2,0.1,0.1,0.1,0.1,0.1,0.0,0.0,0.1,0,0,-0.005094130675526015,0.0,0.8268527477608686,1.0369714627066806,0.20262728773399866,0.004082718695930132,0.0,0.0,0.0019308579982900778,0.0,0.0,-0.05504013067552602
824,8.38,-0.022170361726954434,1.0,0.2,0.1,0.1,0.1,0.1,0.1,0.0,0.0,0.1,0,0,-0.0022170361726954434,0.0,0.8250195853095902,1.0369714627066806,0.2043950918802126,0.0017678041462139416,0.0,0.0,0.0012550576988885505,0.0,0.0,-0.05216303617269545
825,8.57,0.022673031026252923,1.0,0.2,0.1,0.1,0.1,0.1,0.1,0.0,0.0,0.1,0,0,0.0022673031026252924,0.0,0.8268901547750892,1.0369714627066806,0.20259121440356873,0.0,0.0,0.0,0.0008157875042775579,0.0,0.0,-0.04767869689737471
826,8.66,0.010501750291715269,1.0,0.2,0.1,0.1,0.1,0.1,0.1,0.0,0.0,0.1,0,0,0.001050175029171527,0.0,0.8277585341675019,1.0369714627066806,0.20175379560889325,0.0,0.0,0.0,0.0005302618777804127,0.0,0.0,-0.04889582497082848
827,8.6,-0.00692840646651276,1.0,0.2,0.1,0.1,0.1,0.1,0.1,0.0,0.0,0.1,0,0,-0.000692840646651276,0.0,0.8271850294094182,1.0369714627066806,0.2023068530253305,0.0005530574164372415,0.0,0.0,0.00034467022055726824,0.0,0.0,-0.05063884064665128
828,8.65,0.005813953488372176,1.0,0.2,0.1,0.1,0.1,0.1,0.1,0.0,0.0,0.1,0,0,0.0005813953488372176,0.0,0.8276659509381445,1.0369714627066806,0.20184307793988016,0.0,0.0,0.0,0.00022403564336222437,0.0,0.0,-0.04936460465116279
829,8.68,0.003468208092485475,1.0,0.2,0.1,0.1,0.1,0.1,0.1,0.0,0.0,0.1,0,0,0.00034682080924854753,0.0,0.8279530027130364,1.0369714627066806,0.2015662605102639,0.0,0.0,0.0,0.00014562316818544585,0.0,0.0,-0.049599179190751456
830,8.75,0.00806451612903229,1.0,0.2,0.1,0.1,0.1,0.1,0.1,0.0,0.0,0.1,0,0,0.0008064516129032292,0.0,0.8286207067474823,1.0369714627066806,0.20092236233325614,0.0,0.0625055339794472,0.006250553397944721,0.002282348748601192,0.0,0.0,-0.05020214246474738
831,8.96,0.024000000000000098,1.0,0.2,0.1,0.1,0.1,0.1,0.1,0.0,0.0,0.1,0,0,0.0024000000000000098,0.0,0.8306093964436763,1.0369714627066806,0.19900457600285598,0.0,0.0330549030789857,0.0033054903078985707,0.0026404482943552746,0.0,0.0,-0.04810793335234275
832,9.17,0.023437499999999896,1.0,0.2,0.1,0.1,0.1,0.1,0.1,0.0,0.0,0.1,0,0,0.0023437499999999895,0.0,0.8325561372165912,1.0369714627066806,0.19712724297786263,0.0,0.10791533291497463,0.010791533291497464,0.0054933280433550405,0.0,0.0,-0.04943681065955458
833,9.29,0.013086150490730558,1.0,0.2,0.1,0.1,0.1,0.1,0.1,0.0,0.0,0.1,0,0,0.001308615049073056,0.0,0.8336456327069509,1.0369714627066806,0.1960765916055327,0.0,0.2292907806515807,0.022929078065158072,0.011595840550986102,0.0,0.0,-0.052535328222003824
834,9.38,0.009687836383207927,1.0,0.2,0.1,0.1,0.1,0.1,0.1,0.0,0.0,0.1,0,0,0.0009687836383207928,0.0,0.8344532549560749,1.0369714627066806,0.19529776376101712,0.0,0.2672488935271286,0.02672488935271286,0.016891007631590467,0.0,0.0,-0.05352044755164039
835,9.37,-0.0010660980810236207,1.0,0.2,0.1,0.1,0.1,0.1,0.1,0.0,0.0,0.1,0,0,-0.00010660980810236207,0.0,0.8343642940546936,1.0369714627066806,0.19538355291200218,8.578915098506057e-05,0.2973600541889589,0.02973600541889589,0.021386756857147363,0.0,0.0,-0.055107730729314665
836,9.27,-0.01067235859124863,1.0,0.2,0.1,0.1,0.1,0.1,0.1,0.0,0.0,0.1,0,0,-0.001067235859124863,0.0,0.8334738305605051,1.0369714627066806,0.1962422684371761,0.0008587155251739143,0.270298737744994,0.027029873774499405,0.023361847778220576,0.0,0.0,-0.05560831440078977
837,9.45,0.01941747572815531,1.0,0.2,0.1,0.1,0.1,0.1,0.1,0.0,0.0,0.1,0,0,0.001941747572815531,0.0,0.8350922263480013,1.0369714627066806,0.19468157381278217,0.0,0.15438345057381045,0.015438345057381045,0.02058862182592674,0.0,0.0,-0.05062877108693925
838,9.54,0.009523809523809509,1.0,0.2,0.1,0.1,0.1,0.1,0.1,0.0,0.0,0.1,0,0,0.000952380952380951,0.0,0.8358875522778566,1.0369714627066806,0.19391460388307996,0.0,0.1685464427329259,0.016854644273292592,0.01928172968250479,0.0,0.0,-0.0518589085740788
839,9.5,-0.00419287211740033,1.0,0.2,0.1,0.1,0.1,0.1,0.1,0.0,0.0,0.1,0,0,-0.000419287211740033,0.0,0.8355370753167338,1.0369714627066806,0.1942525851812422,0.0003379812981622321,0.17061830867360825,0.017061830867360826,0.018504765097204404,0.0,0.0,-0.05326579845919138
840,9.55,0.005263157894736917,1.0,0.2,0.1,0.1,0.1,0.1,0.1,0.0,0.0,0.1,0,0,0.0005263157894736917,0.0,0.8359768316721637,1.0369714627066806,0.1938285075944954,0.0,0.1203612353794662,0.01203612353794662,0.01624074055146418,0.0,0.0,-0.051465825211977234
841,9.31,-0.025130890052356043,1.0,0.2,0.1,0.1,0.1,0.1,0.1,0.0,0.0,0.1,0,0,-0.0025130890052356045,0.0,0.8338759474878568,1.0369714627066806,0.19585448830839405,0.002025980713898645,0.14392995562326277,0.014392995562326278,0.015594029805265915,0.0,0.0,-0.05490589825083108
842,9.43,0.012889366272824835,1.0,0.2,0.1,0.1,0.1,0.1,0.1,0.0,0.0,0.1,0,0,0.0012889366272824836,0.0,0.8349507607391838,1.0369714627066806,0.19481799570470984,0.0,0.058641076526551525,0.0058641076526551525,0.012188557051852148,0.0,0.0,-0.049653961673668895
843,9.38,-0.005302226935312719,1.0,0.2,0.1,0.1,0.1,0.1,0.1,0.0,0.0,0.1,0,0,-0.0005302226935312719,0.0,0.8345080508978587,1.0369714627066806,0.19524492147581018,0.0004269257711003449,0.055623735004917685,0.0055623735004917685,0.009869392808876016,0.0,0.0,-0.05142182618861488
844,9.48,0.010660980810234503,1.0,0.2,0.1,0.1,0.1,0.1,0.1,0.0,0.0,0.1,0,0,0.0010660980810234505,0.0,0.8353977183295196,1.0369714627066806,0.19438697363090163,0.0,0.0,0.0,0.0064151053257694105,0.0,0.0,-0.04887990191897655
845,9.45,-0.003164556962025436,1.0,0.2,0.1,0.1,0.1,0.1,0.1,0.0,0.0,0.1,0,0,-0.00031645569620254363,0.0,0.8351333519629596,1.0369714627066806,0.19464191446203113,0.0002549408311295076,0.04765672869374629,0.00476567286937463,0.0058378039660312376,0.0,0.0,-0.05107262008399623
846,9.3,-0.015873015873015723,1.0,0.2,0.1,0.1,0.1,0.1,0.1,0.0,0.0,0.1,0,0,-0.0015873015873015723,0.0,0.8338077434677803,1.0369714627066806,0.1959202606295517,0.0012783461675205665,0.010380416190693097,0.0010380416190693097,0.004157887144594563,0.0,0.0,-0.051709768662543364
847,9.3,0.0,1.0,0.2,0.1,0.1,0.1,0.1,0.1,0.0,0.0,0.1,0,0,0.0,0.0,0.8338077434677803,1.0369714627066806,0.1959202606295517,0.0,0.008888498363646762,0.0008888498363646762,0.0030137240867141027,0.0,0.0,-0.050097104472182
848,9.32,0.002150537634408556,1.0,0.2,0.1,0.1,0.1,0.1,0.1,0.0,0.0,0.1,0,0,0.00021505376344085563,0.0,0.8339870569609992,1.0369714627066806,0.19574734025549353,0.0,0.0,0.0,0.001958920656364167,0.0,0.0,-0.049730946236559145
849,9.44,0.01287553648068661,1.0,0.2,0.1,0.1,0.1,0.1,0.1,0.0,0.0,0.1,0,0,0.0012875536480686611,0.0,0.8350608600386314,1.0369714627066806,0.1947118218094705,0.0,0.0,0.0,0.0012732984266367086,0.0,0.0,-0.048658446351931346
850,9.51,0.007415254237288166,1.0,0.2,0.1,0.1,0.1,0.1,0.1,0.0,0.0,0.1,0,0,0.0007415254237288166,0.0,0.8356800788967109,1.0369714627066806,0.19411468015191397,0.0,0.004697127256412378,0.0004697127256412378,0.0009920434312882939,0.0,0.0,-0.0492843257396302
851,9.29,-0.023133543638275567,1.0,0.2,0.1,0.1,0.1,0.1,0.1,0.0,0.0,0.1,0,0,-0.0023133543638275567,0.0,0.8337468547394314,1.0369714627066806,0.19597897847332912,0.0018642983214151587,0.04143536573036091,0.004143536573036091,0.002095066030900023,0.0,0.0,-0.05296375558124369
852,9.23,-0.00645855758880503,1.0,0.2,0.1,0.1,0.1,0.1,0.1,0.0,0.0,0.1,0,0,-0.000645855758880503,0.0,0.8332083745318495,1.0369714627066806,0.1964982600803431,0.0005192816070139772,0.0,0.0,0.001361792920085015,0.0,0.0,-0.050591855758880505
853,9.36,0.014084507042253412,1.0,0.2,0.1,0.1,0.1,0.1,0.1,0.0,0.0,0.1,0,0,0.0014084507042253413,0.0,0.8343819074537253,1.0369714627066806,0.19536656748890696,0.0,0.0,0.0,0.0008851653980552598,0.0,0.0,-0.04853754929577466
854,9.25,-0.011752136752136691,1.0,0.2,0.1,0.1,0.1,0.1,0.1,0.0,0.0,0.1,0,0,-0.0011752136752136693,0.0,0.8334013304257348,1.0369714627066806,0.1963121837023281,0.0009456162134211521,0.007603004654416096,0.0007603004654416096,0.0008414626716404822,0.0,0.0,-0.05125046475433875
855,9.22,-0.003243243243243174,1.0,0.2,0.1,0.1,0.1,0.1,0.1,0.0,0.0,0.1,0,0,-0.0003243243243243174,0.0,0.8331310381023536,1.0369714627066806,0.1965728392103165,0.00026065550798839987,0.0,0.0,0.0005469507365663135,0.0,0.0,-0.05027032432432432
856,8.95,-0.029284164859002315,1.0,0.2,0.1,0.1,0.1,0.1,0.1,0.0,0.0,0.1,0,0,-0.0029284164859002316,0.0,0.8306912834354594,1.0369714627066806,0.1989256085531931,0.002352769342876593,0.0,0.0,0.0003555179787681038,0.0,0.0,-0.05287441648590024
857,8.74,-0.023463687150837888,1.0,0.2,0.1,0.1,0.1,0.1,0.1,0.0,0.0,0.1,0,0,-0.0023463687150837888,0.0,0.8287421753961136,1.0369714627066806,0.2008052244437387,0.0018796158905455829,0.0,0.0,0.00023108668619926747,0.0,0.0,-0.05229236871508379
858,8.82,0.009153318077803212,1.0,0.2,0.1,0.1,0.1,0.1,0.1,0.0,0.0,0.1,0,0,0.0009153318077803213,0.0,0.8295007494697028,1.0369714627066806,0.20007369604506017,0.0,0.0,0.0,0.00015020634602952386,0.0,0.0,-0.049030668192219684
859,9.12,0.03401360544217675,1.0,0.2,0.1,0.1,0.1,0.1,0.1,0.0,0.0,0.1,0,0,0.0034013605442176752,0.0,0.8323221805903479,1.0369714627066806,0.19735285827650603,0.0,0.0,0.0,9.763412491919052e-05,0.0,0.0,-0.04654463945578233
860,9.04,-0.008771929824561412,1.0,0.2,0.1,0.1,0.1,0.1,0.1,0.0,0.0,0.1,0,0,-0.0008771929824561412,0.0,0.8315920734143915,1.0369714627066806,0.19805693471661437,0.0007040764401083366,0.0,0.0,6.346218119747384e-05,0.0,0.0,-0.05082319298245615
861,9.17,0.014380530973451416,1.0,0.2,0.1,0.1,0.1,0.1,0.1,0.0,0.0,0.1,0,0,0.0014380530973451416,0.0,0.8327879469712928,1.0369714627066806,0.19690369800768906,0.0,0.0,0.0,4.1250417778357996e-05,0.0,0.0,-0.048507946902654864
862,9.01,-0.01744820065430754,1.0,0.2,0.1,0.1,0.1,0.1,0.1,0.0,0.0,0.1,0,0,-0.001744820065430754,0.0,0.8313348818511683,1.0369714627066806,0.19830495654987854,0.0014012585421894763,0.06185125923776189,0.00618512592377619,0.002191606844877599,0.0,0.0,-0.052742291472472703
863,8.89,-0.013318534961154187,1.0,0.2,0.1,0.1,0.1,0.1,0.1,0.0,0.0,0.1,0,0,-0.0013318534961154187,0.0,0.8302276655823322,1.0369714627066806,0.19937269689631595,0.001067740346437418,0.05767685844953283,0.005767685844953283,0.0034432344949040885,0.0,0.0,-0.05225836008975748
864,8.71,-0.02024746906636667,1.0,0.2,0.1,0.1,0.1,0.1,0.1,0.0,0.0,0.1,0,0,-0.0020247469066366672,0.0,0.8285466646846402,1.0369714627066806,0.20099376455164394,0.0016210676553279901,0.0,0.0,0.0022381024216876575,0.0,0.0,-0.051970746906636674
865,8.65,-0.006888633754305452,1.0,0.2,0.1,0.1,0.1,0.1,0.1,0.0,0.0,0.1,0,0,-0.0006888633754305452,0.0,0.8279759092325039,1.0369714627066806,0.20154417068398495,0.0005504061323410026,0.0,0.0,0.0014547665740969773,0.0,0.0,-0.05063486337543055
866,8.53,-0.013872832369942311,1.0,0.2,0.1,0.1,0.1,0.1,0.1,0.0,0.0,0.1,0,0,-0.001387283236994231,0.0,0.8268272721329906,1.0369714627066806,0.20265185507147535,0.0011076843874903985,0.0,0.0,0.0009455982731630353,0.0,0.0,-0.05133328323699424
867,8.51,-0.002344665885111322,1.0,0.2,0.1,0.1,0.1,0.1,0.1,0.0,0.0,0.1,0,0,-0.0002344665885111322,0.0,0.8266334087632056,1.0369714627066806,0.20283880657087244,0.00018695149939709776,0.0,0.0,0.000614638877555973,0.0,0.0,-0.050180466588511136
868,8.56,0.005875440658049437,1.0,0.2,0.1,0.1,0.1,0.1,0.1,0.0,0.0,0.1,0,0,0.0005875440658049437,0.0,0.8271190923171206,1.0369714627066806,0.20237043924218312,0.0,0.0,0.0,0.0003995152704113825,0.0,0.0,-0.049358455934195064
869,8.69,0.015186915887850351,1.0,0.2,0.1,0.1,0.1,0.1,0.1,0.0,0.0,0.1,0,0,0.0015186915887850352,0.0,0.8283752311255461,1.0369714627066806,0.20115908593729387,0.0,0.0,0.0,0.00025968492576739866,0.0,0.0,-0.04842730841121497
870,8.75,0.006904487917146203,1.0,0.2,0.1,0.1,0.1,0.1,0.1,0.0,0.0,0.1,0,0,0.0006904487917146203,0.0,0.828947181802963,1.0369714627066806,0.20060752719340713,0.0,0.0,0.0,0.00016879520174880913,0.0,0.0,-0.049255551208285384
871,8.81,0.006857142857142914,1.0,0.2,0.1,0.1,0.1,0.1,0.1,0.0,0.0,0.1,0,0,0.0006857142857142914,0.0,0.829515602727628,1.0369714627066806,0.20005937235491106,0.0,0.005330782671406697,0.0005330782671406697,0.00029629427463596036,0.0,0.0,-0.04935090901969963
872,8.73,-0.0090805902383655,1.0,0.2,0.1,0.1,0.1,0.1,0.1,0.0,0.0,0.1,0,0,-0.00090805902383655,0.0,0.8287623535991581,1.0369714627066806,0.2007857656603776,0.0007263933054665328,0.0819748939152028,0.00819748939152028,0.003061712565545472,0.0,0.0,-0.052247632220394996
873,8.66,-0.008018327605956504,1.0,0.2,0.1,0.1,0.1,0.1,0.1,0.0,0.0,0.1,0,0,-0.0008018327605956504,0.0,0.8280978247932939,1.0369714627066806,0.2014266018162055,0.0006408361558279119,0.05236940073437646,0.005236940073437646,0.003823042193307733,0.0,0.0,-0.051638112573080056
874,8.64,-0.002309468822170851,1.0,0.2,0.1,0.1,0.1,0.1,0.1,0.0,0.0,0.1,0,0,-0.00023094688221708513,0.0,0.8279065781824871,1.0369714627066806,0.20161102985273752,0.0001844280365320139,0.004401593045747627,0.0004401593045747627,0.0026390331822511936,0.0,0.0,-0.0502517739639948
875,8.67,0.003472222222222148,1.0,0.2,0.1,0.1,0.1,0.1,0.1,0.0,0.0,0.1,0,0,0.0003472222222222148,0.0,0.8281940457443561,1.0369714627066806,0.20133381146032525,0.0,0.0,0.0,0.0017153715684632758,0.0,0.0,-0.04959877777777779
876,8.65,-0.0023068050749711156,1.0,0.2,0.1,0.1,0.1,0.1,0.1,0.0,0.0,0.1,0,0,-0.00023068050749711156,0.0,0.8280029975215777,1.0369714627066806,0.20151804818201838,0.00018423672169312622,0.0,0.0,0.0011149915195011293,0.0,0.0,-0.050176680507497115
877,8.69,0.0046242774566473,1.0,0.2,0.1,0.1,0.1,0.1,0.1,0.0,0.0,0.1,0,0,0.00046242774566473006,0.0,0.8283858890811251,1.0369714627066806,0.20114880797308535,0.0,0.0,0.0,0.000724744487675734,0.0,0.0,-0.04948357225433527
878,8.8,0.012658227848101406,1.0,0.2,0.1,0.1,0.1,0.1,0.1,0.0,0.0,0.1,0,0,0.0012658227848101407,0.0,0.8294344788141392,1.0369714627066806,0.20013760393254487,0.0,0.0,0.0,0.00047108391698922713,0.0,0.0,-0.048680177215189864
879,8.67,-0.014772727272727361,1.0,0.2,0.1,0.1,0.1,0.1,0.1,0.0,0.0,0.1,0,0,-0.0014772727272727361,0.0,0.8282091778795274,1.0369714627066806,0.20131921883582637,0.0011816149032815026,0.0545085698064823,0.00545085698064823,0.002214004489269878,0.0,0.0,-0.05234991841398294
880,8.74,0.00807381776239911,1.0,0.2,0.1,0.1,0.1,0.1,0.1,0.0,0.0,0.1,0,0,0.000807381776239911,0.0,0.828877858876662,1.0369714627066806,0.20067437852808134,0.0,0.0,0.0,0.0014391029180254207,0.0,0.0,-0.049138618223760096
881,8.6,-0.01601830663615567,1.0,0.2,0.1,0.1,0.1,0.1,0.1,0.0,0.0,0.1,0,0,-0.001601830663615567,0.0,0.8275501369059214,1.0369714627066806,0.2019547628187686,0.0012803842906872476,0.02652302599008681,0.0026523025990086812,0.0018637228063695618,0.0,0.0,-0.051998722105447044
882,8.6,0.0,1.0,0.2,0.1,0.1,0.1,0.1,0.1,0.0,0.0,0.1,0,0,0.0,0.0,0.8275501369059214,1.0369714627066806,0.2019547628187686,0.0,0.0,0.0,0.001211419824140215,0.0,0.0,-0.049946000000000004
883,8.57,-0.0034883720930231816,1.0,0.2,0.1,0.1,0.1,0.1,0.1,0.0,0.0,0.1,0,0,-0.00034883720930231816,0.0,0.8272614566256054,1.0369714627066806,0.20223315069220393,0.0002783878734353429,0.0,0.0,0.0007874228856911399,0.0,0.0,-0.05029483720930232
884,8.57,0.0,1.0,0.2,0.1,0.1,0.1,0.1,0.1,0.0,0.0,0.1,0,0,0.0,0.0,0.8272614566256054,1.0369714627066806,0.20223315069220393,0.0,0.0,0.0,0.0005118248756992409,0.0,0.0,-0.049946000000000004
885,8.61,0.004667444574095583,1.0,0.2,0.1,0.1,0.1,0.1,0.1,0.0,0.0,0.1,0,0,0.00046674445740955837,0.0,0.8276475763253139,1.0369714627066806,0.2018607974369844,0.0,0.0,0.0,0.0003326861692045066,0.0,0.0,-0.049479255542590445
886,8.6,-0.001161440185830405,1.0,0.2,0.1,0.1,0.1,0.1,0.1,0.0,0.0,0.1,0,0,-0.0001161440185830405,0.0,0.827551450009829,1.0369714627066806,0.20195349653135874,9.269909437434332e-05,0.0,0.0,0.0002162460099829293,0.0,0.0,-0.05006214401858305
887,8.54,-0.00697674418604657,1.0,0.2,0.1,0.1,0.1,0.1,0.1,0.0,0.0,0.1,0,0,-0.000697674418604657,0.0,0.826974088533078,1.0369714627066806,0.20251027316168568,0.0005567766303269384,0.0,0.0,0.00014055990648890405,0.0,0.0,-0.050643674418604664
888,8.22,-0.037470725995315986,1.0,0.2,0.1,0.1,0.1,0.1,0.1,0.0,0.0,0.1,0,0,-0.0037470725995315986,0.0,0.8238753565854131,1.0369714627066806,0.2054985250655294,0.0029882519038437194,0.0,0.0,9.136393921778764e-05,0.0,0.0,-0.0536930725995316
889,8.0,-0.026763990267639978,1.0,0.2,0.1,0.1,0.1,0.1,0.1,0.0,0.0,0.1,0,0,-0.002676399026763998,0.0,0.8216703373828731,1.0369714627066806,0.20762492803980656,0.0021264029742771584,0.0,0.0,5.9386560491561966e-05,0.0,0.0,-0.052622399026764
890,7.8,-0.025000000000000022,1.0,0.2,0.1,0.1,0.1,0.1,0.1,0.0,0.0,0.1,0,0,-0.0025000000000000022,0.0,0.819616161539416,1.0369714627066806,0.209605865719707,0.0019809376799004297,0.0,0.0,3.860126431951528e-05,0.0,0.0,-0.052446000000000007
891,7.75,-0.0064102564102563875,1.0,0.2,0.1,0.1,0.1,0.1,0.1,0.0,0.0,0.1,0,0,-0.0006410256410256387,0.0,0.8190907665640702,1.0369714627066806,0.2101125286262969,0.0005066629065899053,0.0,0.0,2.5090821807684934e-05,0.0,0.0,-0.05058702564102564
892,7.68,-0.009032258064516166,1.0,0.2,0.1,0.1,0.1,0.1,0.1,0.0,0.0,0.1,0,0,-0.0009032258064516167,0.0,0.8183509426458833,1.0369714627066806,0.2108259753746345,0.0007134467483375928,0.0,0.0,1.6309034174995207e-05,0.0,0.0,-0.05084922580645162
893,7.58,-0.013020833333333287,1.0,0.2,0.1,0.1,0.1,0.1,0.1,0.0,0.0,0.1,0,0,-0.0013020833333333287,0.0,0.8172853815226464,1.0369714627066806,0.2118535457191988,0.0010275703445642992,0.0,0.0,1.0600872213746884e-05,0.0,0.0,-0.05124808333333333
894,7.15,-0.056728232189973575,1.0,0.2,0.1,0.1,0.1,0.1,0.1,0.0,0.0,0.1,0,0,-0.005672823218997358,0.0,0.8126490660337976,1.0369714627066806,0.21632456122501337,0.0044710155058145795,0.0,0.0,6.890566938935475e-06,0.0,0.0,-0.05561882321899736
895,7.29,0.019580419580419534,1.0,0.2,0.1,0.1,0.1,0.1,0.1,0.0,0.0,0.1,0,0,0.0019580419580419533,0.0,0.8142402670022555,1.0369714627066806,0.21479009183440492,0.0,0.0,0.0,4.478868510308059e-06,0.0,0.0,-0.04798795804195805
896,7.51,0.030178326474622735,1.0,0.2,0.1,0.1,0.1,0.1,0.1,0.0,0.0,0.1,0,0,0.0030178326474622737,0.0,0.8166975078628934,1.0369714627066806,0.21242045973843182,0.0,0.0,0.0,2.9112645317002385e-06,0.0,0.0,-0.04692816735253773
897,7.6,0.011984021304926746,1.0,0.2,0.1,0.1,0.1,0.1,0.1,0.0,0.0,0.1,0,0,0.0011984021304926747,0.0,0.8176762398962844,1.0369714627066806,0.21147662273944992,0.0,0.0,0.0,1.892321945605155e-06,0.0,0.0,-0.04874759786950733
898,7.5,-0.01315789473684206,1.0,0.2,0.1,0.1,0.1,0.1,0.1,0.0,0.0,0.1,0,0,-0.001315789473684206,0.0,0.8166003501069472,1.0369714627066806,0.2125141534990032,0.00103753075955329,0.0,0.0,1.2300092646433508e-06,0.0,0.0,-0.05126178947368421
899,7.59,0.011999999999999981,1.0,0.2,0.1,0.1,0.1,0.1,0.1,0.0,0.0,0.1,0,0,0.0011999999999999982,0.0,0.8175802705270756,1.0369714627066806,0.21156917048320195,0.0,0.0,0.0,7.99506022018178e-07,0.0,0.0,-0.048746000000000005
900,7.79,0.026350461133069852,1.0,0.2,0.1,0.1,0.1,0.1,0.1,0.0,0.0,0.1,0,0,0.0026350461133069856,0.0,0.8197346322412443,1.0369714627066806,0.20949161889027243,0.0,0.09606014613379964,0.009606014613379964,0.0033626247935972992,0.0,0.0,-0.04894397637096761
901,7.79,0.0,1.0,0.2,0.1,0.1,0.1,0.1,0.1,0.0,0.0,0.1,0,0,0.0,0.0,0.8197346322412443,1.0369714627066806,0.20949161889027243,0.0,0.15968528023061768,0.015968528023061767,0.007774690923909863,0.0,0.0,-0.05266064976392051
902,7.62,-0.021822849807445435,1.0,0.2,0.1,0.1,0.1,0.1,0.1,0.0,0.0,0.1,0,0,-0.002182284980744544,0.0,0.817945737665108,1.0369714627066806,0.21121673345752096,0.0017251145672485257,0.0822689811016653,0.00822689811016653,0.007932963439099697,0.0,0.0,-0.053526857659472855
903,7.64,0.0026246719160104427,1.0,0.2,0.1,0.1,0.1,0.1,0.1,0.0,0.0,0.1,0,0,0.0002624671916010443,0.0,0.818160421585755,1.0369714627066806,0.2110097037287697,0.0,0.0,0.0,0.0051564262354148035,0.0,0.0,-0.04968353280839896
904,7.48,-0.020942408376963255,1.0,0.2,0.1,0.1,0.1,0.1,0.1,0.0,0.0,0.1,0,0,-0.0020942408376963258,0.0,0.8164469966190833,1.0369714627066806,0.212662039427767,0.0016523356989973093,0.017298264600562593,0.0017298264600562594,0.003957116314039313,0.0,0.0,-0.052334311335905895
905,7.6,0.016042780748662996,1.0,0.2,0.1,0.1,0.1,0.1,0.1,0.0,0.0,0.1,0,0,0.0016042780748662996,0.0,0.8177568046350497,1.0369714627066806,0.211398930400111,0.0,0.0,0.0,0.0025721256041255536,0.0,0.0,-0.0483417219251337
906,7.55,-0.00657894736842103,1.0,0.2,0.1,0.1,0.1,0.1,0.1,0.0,0.0,0.1,0,0,-0.000657894736842103,0.0,0.8172188067372635,1.0369714627066806,0.2119177468932688,0.0005188164931577977,0.0,0.0,0.0016718816426816098,0.0,0.0,-0.050603894736842105
907,7.58,0.003973509933774867,1.0,0.2,0.1,0.1,0.1,0.1,0.1,0.0,0.0,0.1,0,0,0.00039735099337748675,0.0,0.8175435294419273,1.0369714627066806,0.2116046016271337,0.0,0.0,0.0,0.0010867230677430464,0.0,0.0,-0.049548649006622515
908,7.6,0.0026385224274405768,1.0,0.2,0.1,0.1,0.1,0.1,0.1,0.0,0.0,0.1,0,0,0.0002638522427440577,0.0,0.8177592401357114,1.0369714627066806,0.21139658173310397,0.0,0.0,0.0,0.0007063699940329802,0.0,0.0,-0.04968214775725595
909,7.46,-0.018421052631578907,1.0,0.2,0.1,0.1,0.1,0.1,0.1,0.0,0.0,0.1,0,0,-0.0018421052631578908,0.0,0.8162528415354615,1.0369714627066806,0.21284927224043765,0.0014526905073336815,0.0,0.0,0.0004591404961214371,0.0,0.0,-0.05178810526315789
910,7.55,0.012064343163538854,1.0,0.2,0.1,0.1,0.1,0.1,0.1,0.0,0.0,0.1,0,0,0.0012064343163538855,0.0,0.8172375969743112,1.0369714627066806,0.21189962659032566,0.0,0.0,0.0,0.0002984413224789341,0.0,0.0,-0.04873956568364612
911,7.33,-0.029139072847682086,1.0,0.2,0.1,0.1,0.1,0.1,0.1,0.0,0.0,0.1,0,0,-0.002913907284768209,0.0,0.8148562423871012,1.0369714627066806,0.21419607800953272,0.002296451419207063,0.0,0.0,0.00019398685961130718,0.0,0.0,-0.052859907284768214
912,7.44,0.015006821282401136,1.0,0.2,0.1,0.1,0.1,0.1,0.1,0.0,0.0,0.1,0,0,0.0015006821282401136,0.0,0.8160790825871365,1.0369714627066806,0.2130168361075006,0.0,0.0,0.0,0.00012609145874734967,0.0,0.0,-0.04844531787175989
913,7.4,-0.00537634408602151,1.0,0.2,0.1,0.1,0.1,0.1,0.1,0.0,0.0,0.1,0,0,-0.0005376344086021511,0.0,0.8156403303921972,1.0369714627066806,0.21343994533539976,0.00042310922789914884,0.0,0.0,8.195944818577729e-05,0.0,0.0,-0.05048363440860216
914,7.5,0.013513513513513466,1.0,0.2,0.1,0.1,0.1,0.1,0.1,0.0,0.0,0.1,0,0,0.0013513513513513467,0.0,0.8167425470548895,1.0369714627066806,0.21237702634260963,0.0,0.0,0.0,5.327364132075524e-05,0.0,0.0,-0.04859464864864866
915,7.44,-0.007999999999999948,1.0,0.2,0.1,0.1,0.1,0.1,0.1,0.0,0.0,0.1,0,0,-0.0007999999999999948,0.0,0.8160891530172455,1.0369714627066806,0.2130071247215356,0.0006300983789259695,0.00792555003409172,0.0007925550034091722,0.00031202211805170113,0.0,0.0,-0.050880734350579555
916,7.38,-0.008064516129032324,1.0,0.2,0.1,0.1,0.1,0.1,0.1,0.0,0.0,0.1,0,0,-0.0008064516129032324,0.0,0.8154310166035219,1.0369714627066806,0.21364179639514727,0.0006346716736116698,0.0,0.0,0.00020281437673360574,0.0,0.0,-0.05075245161290324
917,7.29,-0.012195121951219494,1.0,0.2,0.1,0.1,0.1,0.1,0.1,0.0,0.0,0.1,0,0,-0.0012195121951219495,0.0,0.8144365885344932,1.0369714627066806,0.2146007698141776,0.0009589734190303401,0.0,0.0,0.00013182934487684375,0.0,0.0,-0.05116551219512196
918,7.25,-0.005486968449931418,1.0,0.2,0.1,0.1,0.1,0.1,0.1,0.0,0.0,0.1,0,0,-0.0005486968449931417,0.0,0.8139897097479173,1.0369714627066806,0.21503171589384065,0.00043094607966304155,0.0,0.0,8.568907416994843e-05,0.0,0.0,-0.050494696844993144
919,7.18,-0.009655172413793142,1.0,0.2,0.1,0.1,0.1,0.1,0.1,0.0,0.0,0.1,0,0,-0.0009655172413793143,0.0,0.8132037886488503,1.0369714627066806,0.21578961630608107,0.0007579004122404143,0.0,0.0,5.5697898210466486e-05,0.0,0.0,-0.050911517241379316
920,7.12,-0.008356545961002732,1.0,0.2,0.1,0.1,0.1,0.1,0.1,0.0,0.0,0.1,0,0,-0.0008356545961002732,0.0,0.8125242311652998,1.0369714627066806,0.21644494531752442,0.0006553290114433563,0.0,0.0,3.620363383680322e-05,0.0,0.0,-0.050781654596100276
921,6.51,-0.08567415730337083,1.0,0.2,0.1,0.1,0.1,0.1,0.1,0.0,0.0,0.1,0,0,-0.008567415730337083,0.0,0.8055629982859343,1.0369714627066806,0.22315798721859612,0.006713041901071692,0.0,0.0,2.3532361993922093e-05,0.0,0.0,-0.05851341573033709
922,6.59,0.012288786482334882,1.0,0.2,0.1,0.1,0.1,0.1,0.1,0.0,0.0,0.1,0,0,0.0012288786482334882,0.0,0.8065529374543348,1.0369714627066806,0.22220334265603836,0.0,0.0,0.0,1.529603529604936e-05,0.0,0.0,-0.048717121351766514
923,6.77,0.027314112291350487,1.0,0.2,0.1,0.1,0.1,0.1,0.1,0.0,0.0,0.1,0,0,0.002731411229135049,0.0,0.8087559652045894,1.0369714627066806,0.2200788601321854,0.0,0.0,0.0,9.942422942432086e-06,0.0,0.0,-0.04721458877086496
924,6.82,0.007385524372230534,1.0,0.2,0.1,0.1,0.1,0.1,0.1,0.0,0.0,0.1,0,0,0.0007385524372230534,0.0,0.8093532738938098,1.0369714627066806,0.21950284747349427,0.0,0.0,0.0,6.4625749125808565e-06,0.0,0.0,-0.04920744756277695
925,6.92,0.014662756598240416,1.0,0.2,0.1,0.1,0.1,0.1,0.1,0.0,0.0,0.1,0,0,0.0014662756598240417,0.0,0.8105400088995193,1.0369714627066806,0.21835842349618265,0.0,0.0,0.0,4.200673693177557e-06,0.0,0.0,-0.048479724340175966
926,7.0,0.011560693641618507,1.0,0.2,0.1,0.1,0.1,0.1,0.1,0.0,0.0,0.1,0,0,0.0011560693641618507,0.0,0.8114770493722355,1.0369714627066806,0.21745479161583137,0.0,0.0,0.0,2.7304379005654123e-06,0.0,0.0,-0.048789930635838155
927,6.59,-0.058571428571428594,1.0,0.2,0.1,0.1,0.1,0.1,0.1,0.0,0.0,0.1,0,0,-0.005857142857142859,0.0,0.8067241123687695,1.0369714627066806,0.22203827069351015,0.0045834790776787815,0.16873549598604648,0.01687354959860465,0.005907517144146995,0.0,0.0,-0.05867164628890565
928,6.61,0.003034901365705685,1.0,0.2,0.1,0.1,0.1,0.1,0.1,0.0,0.0,0.1,0,0,0.0003034901365705685,0.0,0.8069689451798071,1.0369714627066806,0.2218021669820362,0.0,0.0,0.0,0.0038398861436955466,0.0,0.0,-0.04964250986342943
929,6.74,0.019667170953101346,1.0,0.2,0.1,0.1,0.1,0.1,0.1,0.0,0.0,0.1,0,0,0.0019667170953101346,0.0,0.8085560247996766,1.0369714627066806,0.2202716720003065,0.0,0.0,0.0,0.0024959259934021053,0.0,0.0,-0.04797928290468987
930,6.79,0.007418397626112733,1.0,0.2,0.1,0.1,0.1,0.1,0.1,0.0,0.0,0.1,0,0,0.0007418397626112734,0.0,0.8091558438091719,1.0369714627066806,0.2196932385225619,0.0,0.0,0.0,0.0016223518957113685,0.0,0.0,-0.04920416023738873
931,6.78,-0.0014727540500736062,1.0,0.2,0.1,0.1,0.1,0.1,0.1,0.0,0.0,0.1,0,0,-0.00014727540500736064,0.0,0.8090366750545609,1.0369714627066806,0.21980815851688842,0.00011491999432652888,0.0,0.0,0.0010545287322123896,0.0,0.0,-0.05009327540500737
932,6.78,0.0,1.0,0.2,0.1,0.1,0.1,0.1,0.1,0.0,0.0,0.1,0,0,0.0,0.0,0.8090366750545609,1.0369714627066806,0.21980815851688842,0.0,0.0,0.0,0.0006854436759380532,0.0,0.0,-0.049946000000000004
933,6.7,-0.011799410029498535,1.0,0.2,0.1,0.1,0.1,0.1,0.1,0.0,0.0,0.1,0,0,-0.0011799410029498536,0.0,0.8080820595087739,1.0369714627066806,0.22072873886082126,0.0009205803439328308,0.04421997447448743,0.004421997447448743,0.0019932374959667947,0.0,0.0,-0.05187768056901614
934,6.79,0.013432835820895501,1.0,0.2,0.1,0.1,0.1,0.1,0.1,0.0,0.0,0.1,0,0,0.0013432835820895502,0.0,0.8091675428722931,1.0369714627066806,0.2196819565697388,0.0,0.0,0.0,0.0012956043723784166,0.0,0.0,-0.04860271641791045
935,6.82,0.0044182621502209495,1.0,0.2,0.1,0.1,0.1,0.1,0.1,0.0,0.0,0.1,0,0,0.00044182621502209495,0.0,0.809525054305079,1.0369714627066806,0.2193371916020966,0.0,0.0,0.0,0.0008421428420459709,0.0,0.0,-0.04950417378497791
936,6.75,-0.01026392961876837,1.0,0.2,0.1,0.1,0.1,0.1,0.1,0.0,0.0,0.1,0,0,-0.001026392961876837,0.0,0.8086941634868774,1.0369714627066806,0.22013845841423516,0.0008012668121385458,0.00201149026486077,0.000201149026486077,0.0006177950066000081,0.0,0.0,-0.051006588296379475
937,6.86,0.016296296296296343,1.0,0.2,0.1,0.1,0.1,0.1,0.1,0.0,0.0,0.1,0,0,0.0016296296296296345,0.0,0.8100120354570042,1.0369714627066806,0.21886757293905834,0.0,0.0,0.0,0.00040156675429000525,0.0,0.0,-0.04831637037037037
938,6.83,-0.004373177842565633,1.0,0.2,0.1,0.1,0.1,0.1,0.1,0.0,0.0,0.1,0,0,-0.00043731778425656334,0.0,0.8096578027884369,1.0369714627066806,0.21920917604127166,0.000341603102213317,0.04446776737436799,0.0044467767374367995,0.001817390248391383,0.0,0.0,-0.051139269829620825
939,6.5,-0.04831625183016106,1.0,0.2,0.1,0.1,0.1,0.1,0.1,0.0,0.0,0.1,0,0,-0.004831625183016107,0.0,0.8057458397588588,1.0369714627066806,0.2229816646489785,0.0037724886077068476,0.06511866252690844,0.006511866252690845,0.003460456849896195,0.0,0.0,-0.055884642445973555
940,6.54,0.006153846153846159,1.0,0.2,0.1,0.1,0.1,0.1,0.1,0.0,0.0,0.1,0,0,0.000615384615384616,0.0,0.8062416833525566,1.0369714627066806,0.2225034995195317,0.0,0.0,0.0,0.0022492969524325265,0.0,0.0,-0.04933061538461539
941,6.62,0.012232415902140683,1.0,0.2,0.1,0.1,0.1,0.1,0.1,0.0,0.0,0.1,0,0,0.0012232415902140685,0.0,0.8072279117113976,1.0369714627066806,0.22155243346389814,0.0,0.0,0.0,0.0014620430190811424,0.0,0.0,-0.04872275840978593
942,6.64,0.003021148036253712,1.0,0.2,0.1,0.1,0.1,0.1,0.1,0.0,0.0,0.1,0,0,0.0003021148036253712,0.0,0.8074717872134252,1.0369714627066806,0.2213172529302015,0.0,0.0,0.0,0.0009503279624027426,0.0,0.0,-0.04964388519637463
943,6.57,-0.010542168674698704,1.0,0.2,0.1,0.1,0.1,0.1,0.1,0.0,0.0,0.1,0,0,-0.0010542168674698704,0.0,0.8066205368353387,1.0369714627066806,0.22213815341657026,0.0008209004863687641,0.0,0.0,0.0006177131755617828,0.0,0.0,-0.051000216867469875
944,6.81,0.0365296803652967,1.0,0.2,0.1,0.1,0.1,0.1,0.1,0.0,0.0,0.1,0,0,0.00365296803652967,0.0,0.8095670958740065,1.0369714627066806,0.21929664895416512,0.0,0.0,0.0,0.0004015135641151588,0.0,0.0,-0.04629303196347034
945,6.77,-0.005873715124816452,1.0,0.2,0.1,0.1,0.1,0.1,0.1,0.0,0.0,0.1,0,0,-0.0005873715124816453,0.0,0.8090915792244476,1.0369714627066806,0.21975521186226843,0.00045856290810331046,0.15666817184747706,0.015666817184747706,0.00574436983133655,0.0,0.0,-0.053196730433888756
946,6.8,0.004431314623338294,1.0,0.2,0.1,0.1,0.1,0.1,0.1,0.0,0.0,0.1,0,0,0.0004431314623338294,0.0,0.8094501131591114,1.0369714627066806,0.21940946084832255,0.0,0.11411418562275719,0.011411418562275719,0.007727836887165259,0.0,0.0,-0.051442809693253044
947,6.83,0.004411764705882389,1.0,0.2,0.1,0.1,0.1,0.1,0.1,0.0,0.0,0.1,0,0,0.00044117647058823894,0.0,0.8098072235031523,1.0369714627066806,0.21906508266928498,0.0,0.09994611165995076,0.009994611165995078,0.008521207884755695,0.0,0.0,-0.05120390742763093
948,6.83,0.0,1.0,0.2,0.1,0.1,0.1,0.1,0.1,0.0,0.0,0.1,0,0,0.0,0.0,0.8098072235031523,1.0369714627066806,0.21906508266928498,0.0,0.10807372587223142,0.010807372587223142,0.009321365530619302,0.0,0.0,-0.05178325333982794
949,6.82,-0.0014641288433381826,1.0,0.2,0.1,0.1,0.1,0.1,0.1,0.0,0.0,0.1,0,0,-0.00014641288433381826,0.0,0.8096886572918048,1.0369714627066806,0.21917942160300832,0.00011433893372334025,0.13712157642620446,0.013712157642620446,0.010858142769819702,0.0,0.0,-0.0524234796835793
950,6.73,-0.0131964809384164,1.0,0.2,0.1,0.1,0.1,0.1,0.1,0.0,0.0,0.1,0,0,-0.00131964809384164,0.0,0.8086201531986045,1.0369714627066806,0.22020982999092228,0.0010304083879139614,0.021864509895203256,0.002186450989520326,0.007823050646714921,0.0,0.0,-0.0516373447620601
951,7.0,0.04011887072808314,1.0,0.2,0.1,0.1,0.1,0.1,0.1,0.0,0.0,0.1,0,0,0.0040118870728083145,0.0,0.8118642459380342,1.0369714627066806,0.2170813998883599,0.0,0.0,0.0,0.0050849829203646986,0.0,0.0,-0.04593411292719169
952,6.79,-0.029999999999999995,1.0,0.2,0.1,0.1,0.1,0.1,0.1,0.0,0.0,0.1,0,0,-0.0029999999999999996,0.0,0.8094286532002201,1.0369714627066806,0.21943015568869484,0.002348755800334945,0.14277250085257887,0.014277250085257888,0.008302276428077314,0.0,0.0,-0.05537313251449385
953,6.78,-0.0014727540500736062,1.0,0.2,0.1,0.1,0.1,0.1,0.1,0.0,0.0,0.1,0,0,-0.00014727540500736064,0.0,0.8093094442674954,1.0369714627066806,0.21954511442865235,0.00011495873995751027,0.0,0.0,0.005396479678250255,0.0,0.0,-0.05009327540500737
954,7.04,0.03834808259587017,1.0,0.2,0.1,0.1,0.1,0.1,0.1,0.0,0.0,0.1,0,0,0.003834808259587017,0.0,0.8124129908089341,1.0369714627066806,0.21655221958722834,0.0,0.0,0.0,0.0035077117908626654,0.0,0.0,-0.04611119174041299
955,6.98,-0.008522727272727217,1.0,0.2,0.1,0.1,0.1,0.1,0.1,0.0,0.0,0.1,0,0,-0.0008522727272727217,0.0,0.8117205933735856,1.0369714627066806,0.2172199307637165,0.0006677111764881727,0.15591775975018418,0.015591775975018419,0.0077371342553171785,0.0,0.0,-0.053448874643025855
956,7.09,0.015759312320916822,1.0,0.2,0.1,0.1,0.1,0.1,0.1,0.0,0.0,0.1,0,0,0.0015759312320916823,0.0,0.8129998092084151,1.0369714627066806,0.21598632320474812,0.0,0.15500822514657522,0.015500822514657522,0.0104544251460863,0.0,0.0,-0.0510052085954001
957,7.09,0.0,1.0,0.2,0.1,0.1,0.1,0.1,0.1,0.0,0.0,0.1,0,0,0.0,0.0,0.8129998092084151,1.0369714627066806,0.21598632320474812,0.0,0.10404365988709828,0.010404365988709828,0.010436904441004534,0.0,0.0,-0.05171474221808067
958,7.12,0.00423131170662909,1.0,0.2,0.1,0.1,0.1,0.1,0.1,0.0,0.0,0.1,0,0,0.00042313117066290903,0.0,0.8133438147694341,1.0369714627066806,0.2156545825798701,0.0,0.19247294382467955,0.019247294382467958,0.013520540920516733,0.0,0.0,-0.05279490887435665
959,6.95,-0.02387640449438201,1.0,0.2,0.1,0.1,0.1,0.1,0.1,0.0,0.0,0.1,0,0,-0.0023876404494382014,0.0,0.8114018421779902,1.0369714627066806,0.21752731742483392,0.0018727348449638082,0.2122274393398429,0.02122274393398429,0.01621631197523038,0.0,0.0,-0.05594150691821553
960,7.07,0.017266187050359726,1.0,0.2,0.1,0.1,0.1,0.1,0.1,0.0,0.0,0.1,0,0,0.0017266187050359726,0.0,0.8128028237759953,1.0369714627066806,0.21617628545491996,0.0,0.0,0.0,0.010540602783899747,0.0,0.0,-0.04821938129496403
961,7.15,0.011315417256011324,1.0,0.2,0.1,0.1,0.1,0.1,0.1,0.0,0.0,0.1,0,0,0.0011315417256011326,0.0,0.8137225440857843,1.0369714627066806,0.21528935621639658,0.0,0.08294315478100225,0.008294315478100226,0.009754402226869914,0.0,0.0,-0.050224491905675905
962,7.17,0.0027972027972027374,1.0,0.2,0.1,0.1,0.1,0.1,0.1,0.0,0.0,0.1,0,0,0.00027972027972027376,0.0,0.8139501587834306,1.0369714627066806,0.215069856735618,0.0,0.08106030959267563,0.008106030959267563,0.00917747228320909,0.0,0.0,-0.051044304983355215
963,7.3,0.018131101813110166,1.0,0.2,0.1,0.1,0.1,0.1,0.1,0.0,0.0,0.1,0,0,0.0018131101813110167,0.0,0.8154259401034005,1.0369714627066806,0.21364669190124744,0.0,0.08788942751411705,0.008788942751411705,0.009041486947080006,0.0,0.0,-0.04962701008642898
964,7.24,-0.008219178082191728,1.0,0.2,0.1,0.1,0.1,0.1,0.1,0.0,0.0,0.1,0,0,-0.0008219178082191728,0.0,0.8147557270019457,1.0369714627066806,0.2142930096887259,0.0006463177874784509,0.14890737492352524,0.014890737492352524,0.011088724637925387,0.0,0.0,-0.053299343181919104
965,7.24,0.0,1.0,0.2,0.1,0.1,0.1,0.1,0.1,0.0,0.0,0.1,0,0,0.0,0.0,0.8147557270019457,1.0369714627066806,0.2142930096887259,0.0,0.1788213780012266,0.017882137800122662,0.013466419244694433,0.0,0.0,-0.05298596342602086
966,7.18,-0.008287292817679627,1.0,0.2,0.1,0.1,0.1,0.1,0.1,0.0,0.0,0.1,0,0,-0.0008287292817679627,0.0,0.814080515073491,1.0369714627066806,0.2149441480784866,0.0006511383897607192,0.12266812114601987,0.012266812114601988,0.013046556749162077,0.0,0.0,-0.0528600873412503
967,7.16,-0.0027855153203342024,1.0,0.2,0.1,0.1,0.1,0.1,0.1,0.0,0.0,0.1,0,0,-0.00027855153203342023,0.0,0.8138537516988188,1.0369714627066806,0.2151628265887711,0.00021867851028448126,0.046719608061244686,0.004671960806124469,0.010115448169098915,0.0,0.0,-0.05101878486907458
968,7.09,-0.009776536312849202,1.0,0.2,0.1,0.1,0.1,0.1,0.1,0.0,0.0,0.1,0,0,-0.0009776536312849202,0.0,0.8130580846231357,1.0369714627066806,0.21593012550132387,0.0007672989125527829,0.022118704361070496,0.0022118704361070497,0.0073491959625517625,0.0,0.0,-0.051299671605423126
969,7.01,-0.011283497884344157,1.0,0.2,0.1,0.1,0.1,0.1,0.1,0.0,0.0,0.1,0,0,-0.0011283497884344157,0.0,0.8121406707053662,1.0369714627066806,0.2168148305783323,0.0008847050770084408,0.0,0.0,0.004776977375658646,0.0,0.0,-0.05107434978843442
970,6.99,-0.0028530670470755456,1.0,0.2,0.1,0.1,0.1,0.1,0.1,0.0,0.0,0.1,0,0,-0.00028530670470755455,0.0,0.8119089615268483,1.0369714627066806,0.2170382785581958,0.00022344797986348364,0.0,0.0,0.0031050352941781197,0.0,0.0,-0.05023130670470756
971,7.14,0.021459227467811082,1.0,0.2,0.1,0.1,0.1,0.1,0.1,0.0,0.0,0.1,0,0,0.0021459227467811085,0.0,0.8136512554357042,1.0369714627066806,0.215358103190295,0.0,0.0,0.0,0.002018272941215778,0.0,0.0,-0.047800077253218894
972,7.04,-0.014005602240896309,1.0,0.2,0.1,0.1,0.1,0.1,0.1,0.0,0.0,0.1,0,0,-0.0014005602240896309,0.0,0.8125116878510603,1.0369714627066806,0.2164570414211209,0.0010989382308259077,0.0,0.0,0.0013118774117902557,0.0,0.0,-0.051346560224089635
973,7.03,-0.0014204545454545151,1.0,0.2,0.1,0.1,0.1,0.1,0.1,0.0,0.0,0.1,0,0,-0.00014204545454545153,0.0,0.812396274259036,1.0369714627066806,0.2165683401368281,0.00011129871570719763,0.0,0.0,0.0008527203176636663,0.0,0.0,-0.050088045454545455
974,7.04,0.0014224751066856027,1.0,0.2,0.1,0.1,0.1,0.1,0.1,0.0,0.0,0.1,0,0,0.00014224751066856028,0.0,0.8125118356067258,1.0369714627066806,0.21645689893343364,0.0,0.0,0.0,0.0005542682064813831,0.0,0.0,-0.04980375248933144
975,6.95,-0.012784090909090889,1.0,0.2,0.1,0.1,0.1,0.1,0.1,0.0,0.0,0.1,0,0,-0.001278409090909089,0.0,0.811473113089615,1.0369714627066806,0.21745858755695616,0.001001688623522512,0.0,0.0,0.00036027433421289906,0.0,0.0,-0.05122440909090909
976,6.75,-0.028776978417266213,1.0,0.2,0.1,0.1,0.1,0.1,0.1,0.0,0.0,0.1,0,0,-0.0028776978417266214,0.0,0.8091379386634578,1.0369714627066806,0.2197105052906052,0.0022519177336490503,0.0,0.0,0.00023417831723838439,0.0,0.0,-0.05282369784172663
977,7.07,0.04740740740740745,1.0,0.2,0.1,0.1,0.1,0.1,0.1,0.0,0.0,0.1,0,0,0.004740740740740745,0.0,0.8129738518541587,1.0369714627066806,0.21601135509346434,0.0,0.0,0.0,0.00015221590620494984,0.0,0.0,-0.04520525925925926
978,7.2,0.01838755304101837,1.0,0.2,0.1,0.1,0.1,0.1,0.1,0.0,0.0,0.1,0,0,0.001838755304101837,0.0,0.8144687118363517,1.0369714627066806,0.21456979181428676,0.0,0.00971126217856779,0.0009711262178567792,0.0004388345152830901,0.0,0.0,-0.04827233615293382
979,7.34,0.0194444444444444,1.0,0.2,0.1,0.1,0.1,0.1,0.1,0.0,0.0,0.1,0,0,0.00194444444444444,0.0,0.8160524009982558,1.0369714627066806,0.21304256640948113,0.0,0.09561846279997094,0.009561846279997094,0.0036318886329329914,0.0,0.0,-0.04962706942315507
980,7.47,0.017711171662125328,1.0,0.2,0.1,0.1,0.1,0.1,0.1,0.0,0.0,0.1,0,0,0.0017711171662125329,0.0,0.8174977254141927,1.0369714627066806,0.21164877258977044,0.0,0.17392913575570812,0.017392913575570813,0.008448247362856228,0.0,0.0,-0.05113167814163451
981,7.4,-0.009370816599732181,1.0,0.2,0.1,0.1,0.1,0.1,0.1,0.0,0.0,0.1,0,0,-0.0009370816599732182,0.0,0.8167316632886373,1.0369714627066806,0.2123875220665939,0.0007387494768234526,0.2819825262986153,0.02819825262986153,0.015360749206308083,0.0,0.0,-0.05567678460704969
982,7.35,-0.0067567567567568525,1.0,0.2,0.1,0.1,0.1,0.1,0.1,0.0,0.0,0.1,0,0,-0.0006756756756756853,0.0,0.816179817570199,1.0369714627066806,0.21291969265979224,0.00053217059319835,0.3148222131568328,0.03148222131568328,0.021003264444589404,0.0,0.0,-0.05597365329934185
983,7.4,0.006802721088435471,1.0,0.2,0.1,0.1,0.1,0.1,0.1,0.0,0.0,0.1,0,0,0.0006802721088435471,0.0,0.816735041935893,1.0369714627066806,0.21238426387928871,0.0,0.15859192704272196,0.015859192704272197,0.01920283933547838,0.0,0.0,-0.05196179065088273
984,7.34,-0.008108108108108174,1.0,0.2,0.1,0.1,0.1,0.1,0.1,0.0,0.0,0.1,0,0,-0.0008108108108108175,0.0,0.8160728243343234,1.0369714627066806,0.21302287123290004,0.0006386073536113201,0.13386026451387126,0.013386026451387126,0.01716695482604644,0.0,0.0,-0.05303243530754664
985,7.51,0.023160762942779283,1.0,0.2,0.1,0.1,0.1,0.1,0.1,0.0,0.0,0.1,0,0,0.0023160762942779282,0.0,0.8179629112571686,1.0369714627066806,0.21120017216082362,0.0,0.03774494131710758,0.0037744941317107584,0.012479593583028952,0.0,0.0,-0.048271587708112906
986,7.45,-0.007989347536617791,1.0,0.2,0.1,0.1,0.1,0.1,0.1,0.0,0.0,0.1,0,0,-0.0007989347536617791,0.0,0.8173094122601589,1.0369714627066806,0.21183037175696678,0.0006301995961431606,0.08606835682153631,0.00860683568215363,0.01112412831772259,0.0,0.0,-0.052208096819627896
987,7.46,0.0013422818791946022,1.0,0.2,0.1,0.1,0.1,0.1,0.1,0.0,0.0,0.1,0,0,0.00013422818791946023,0.0,0.8174191182215361,1.0369714627066806,0.2117245771759945,0.0,0.07503737917860737,0.007503737917860737,0.009856991677770943,0.0,0.0,-0.051087407258116876
988,7.31,-0.02010723860589817,1.0,0.2,0.1,0.1,0.1,0.1,0.1,0.0,0.0,0.1,0,0,-0.002010723860589817,0.0,0.8157755140964258,1.0369714627066806,0.21330958137738323,0.00158500420138874,0.09841345725006703,0.009841345725006704,0.009851515594303459,0.0,0.0,-0.053629752633840955
989,7.12,-0.02599179206566341,1.0,0.2,0.1,0.1,0.1,0.1,0.1,0.0,0.0,0.1,0,0,-0.002599179206566341,0.0,0.8136551673429604,1.0369714627066806,0.2153543307554721,0.002044749378088878,0.0,0.0,0.006403485136297248,0.0,0.0,-0.052545179206566345
990,7.29,0.02387640449438201,1.0,0.2,0.1,0.1,0.1,0.1,0.1,0.0,0.0,0.1,0,0,0.0023876404494382014,0.0,0.8155978833324029,1.0369714627066806,0.21348087901710733,0.0,0.0,0.0,0.004162265338593212,0.0,0.0,-0.047558359550561806
991,7.49,0.027434842249657088,1.0,0.2,0.1,0.1,0.1,0.1,0.1,0.0,0.0,0.1,0,0,0.002743484224965709,0.0,0.8178354632592407,1.0369714627066806,0.21132307621605692,0.0,0.0,0.0,0.0027054724700855876,0.0,0.0,-0.047202515775034294
992,7.52,0.004005340453938499,1.0,0.2,0.1,0.1,0.1,0.1,0.1,0.0,0.0,0.1,0,0,0.00040053404539384994,0.0,0.8181630342058065,1.0369714627066806,0.21100718425726497,0.0,0.0654885650439241,0.00654885650439241,0.004050656882092975,0.0,0.0,-0.05065877156035287
993,7.59,0.00930851063829791,1.0,0.2,0.1,0.1,0.1,0.1,0.1,0.0,0.0,0.1,0,0,0.0009308510638297911,0.0,0.8189246221365831,1.0369714627066806,0.21027274945537683,0.0,0.07455974939862428,0.007455974939862428,0.005242518202312283,0.0,0.0,-0.05028266467594683
994,7.47,-0.01581027667984191,1.0,0.2,0.1,0.1,0.1,0.1,0.1,0.0,0.0,0.1,0,0,-0.001581027667984191,0.0,0.8176298796509917,1.0369714627066806,0.21152133008864898,0.001248580633272156,0.1717118262183338,0.01717118262183338,0.009417550749144667,0.0,0.0,-0.05444612871369587
995,7.71,0.03212851405622493,1.0,0.2,0.1,0.1,0.1,0.1,0.1,0.0,0.0,0.1,0,0,0.003212851405622493,0.0,0.8202568029591073,1.0369714627066806,0.20898806528572095,0.0,0.1732054605248015,0.01732054605248015,0.012183599105312085,0.0,0.0,-0.04967764142329913
996,7.57,-0.0181582360570687,1.0,0.2,0.1,0.1,0.1,0.1,0.1,0.0,0.0,0.1,0,0,-0.0018158236057068703,0.0,0.8187673612935525,1.0369714627066806,0.21042440342917096,0.001436338143450011,0.23670210155830837,0.02367021015583084,0.01620391297299365,0.0,0.0,-0.055785759332198114
997,7.46,-0.014531043593130821,1.0,0.2,0.1,0.1,0.1,0.1,0.1,0.0,0.0,0.1,0,0,-0.001453104359313082,0.0,0.8175776068715935,1.0369714627066806,0.21157173917055533,0.0011473357413843699,0.06578500151892339,0.006578500151892339,0.012835018485608191,0.0,0.0,-0.052517449385134786
998,7.38,-0.010723860589812341,1.0,0.2,0.1,0.1,0.1,0.1,0.1,0.0,0.0,0.1,0,0,-0.0010723860589812342,0.0,0.8167008480438492,1.0369714627066806,0.21241723864597561,0.000845499475420286,0.0,0.0,0.008342762015645324,0.0,0.0,-0.051018386058981235
999,7.55,0.023035230352303513,1.0,0.2,0.1,0.1,0.1,0.1,0.1,0.0,0.0,0.1,0,0,0.0023035230352303512,0.0,0.8185821372602105,1.0369714627066806,0.21060302361304625,0.0,0.0,0.0,0.005422795310169461,0.0,0.0,-0.047642476964769656
1000,7.51,-0.005298013245033118,1.0,0.2,0.1,0.1,0.1,0.1,0.1,0.0,0.0,0.1,0,0,-0.0005298013245033118,0.0,0.8181484513596753,1.0369714627066806,0.2110212471766949,0.0004182235636486509,0.053838966167489496,0.00538389661674895,0.0054091807674722815,0.0,0.0,-0.05139106374935064
1001,7.42,-0.011984021304926746,1.0,0.2,0.1,0.1,0.1,0.1,0.1,0.0,0.0,0.1,0,0,-0.0011984021304926747,0.0,0.8171679805125065,1.0369714627066806,0.2119667609949919,0.0009455138182969947,0.0,0.0,0.003515967498856983,0.0,0.0,-0.05114440213049268
1002,7.42,0.0,1.0,0.2,0.1,0.1,0.1,0.1,0.1,0.0,0.0,0.1,0,0,0.0,0.0,0.8171679805125065,1.0369714627066806,0.2119667609949919,0.0,0.0,0.0,0.002285378874257039,0.0,0.0,-0.049946000000000004
1003,7.34,-0.010781671159029659,1.0,0.2,0.1,0.1,0.1,0.1,0.1,0.0,0.0,0.1,0,0,-0.001078167115902966,0.0,0.8162869368677491,1.0369714627066806,0.21281639251952555,0.0008496315245336561,0.0,0.0,0.0014854962682670754,0.0,0.0,-0.05102416711590297
1004,7.27,-0.009536784741144453,1.0,0.2,0.1,0.1,0.1,0.1,0.1,0.0,0.0,0.1,0,0,-0.0009536784741144453,0.0,0.8155084615873576,1.0369714627066806,0.2135671125811554,0.0007507200616298504,0.0,0.0,0.0009655725743735991,0.0,0.0,-0.05089967847411445
1005,7.21,-0.008253094910591419,1.0,0.2,0.1,0.1,0.1,0.1,0.1,0.0,0.0,0.1,0,0,-0.0008253094910591419,0.0,0.8148354147139705,1.0369714627066806,0.21421616310722322,0.0006490505260678125,0.0,0.0,0.0006276221733428394,0.0,0.0,-0.050771309491059145
1006,7.26,0.006934812760055454,1.0,0.2,0.1,0.1,0.1,0.1,0.1,0.0,0.0,0.1,0,0,0.0006934812760055454,0.0,0.8154004878171008,1.0369714627066806,0.2136712367293503,0.0,0.0,0.0,0.00040795441267284563,0.0,0.0,-0.04925251872399446
1007,7.14,-0.016528925619834725,1.0,0.2,0.1,0.1,0.1,0.1,0.1,0.0,0.0,0.1,0,0,-0.0016528925619834726,0.0,0.8140527184157503,1.0369714627066806,0.2149709536934339,0.0012997169640836248,0.0,0.0,0.0002651703682373497,0.0,0.0,-0.051598892561983474
1008,7.1,-0.005602240896358549,1.0,0.2,0.1,0.1,0.1,0.1,0.1,0.0,0.0,0.1,0,0,-0.0005602240896358548,0.0,0.8135966664726603,1.0369714627066806,0.21541074587623874,0.00043979218280482124,0.0,0.0,0.0001723607393542773,0.0,0.0,-0.05050622408963586
1009,7.19,0.012676056338028275,1.0,0.2,0.1,0.1,0.1,0.1,0.1,0.0,0.0,0.1,0,0,0.0012676056338028277,0.0,0.8146279861907242,1.0369714627066806,0.21441619611749033,0.0,0.0,0.0,0.00011203448058028025,0.0,0.0,-0.04867839436619718
1010,7.12,-0.009735744089012557,1.0,0.2,0.1,0.1,0.1,0.1,0.1,0.0,0.0,0.1,0,0,-0.0009735744089012558,0.0,0.8138348852305941,1.0369714627066806,0.21518102040499765,0.0007648242875073208,0.0,0.0,7.282241237718217e-05,0.0,0.0,-0.05091957440890126
1011,7.21,0.012640449438202228,1.0,0.2,0.1,0.1,0.1,0.1,0.1,0.0,0.0,0.1,0,0,0.001264044943820223,0.0,0.8148636091023743,1.0369714627066806,0.2141889739420265,0.0,0.0,0.0,4.733456804516841e-05,0.0,0.0,-0.04868195505617978
1012,7.23,0.0027739251040222557,1.0,0.2,0.1,0.1,0.1,0.1,0.1,0.0,0.0,0.1,0,0,0.0002773925104022256,0.0,0.8150896461645387,1.0369714627066806,0.21397099584880644,0.0,0.0,0.0,3.076746922935947e-05,0.0,0.0,-0.049668607489597776
1013,7.34,0.015214384508990238,1.0,0.2,0.1,0.1,0.1,0.1,0.1,0.0,0.0,0.1,0,0,0.0015214384508990238,0.0,0.8163297548931431,1.0369714627066806,0.212775101098369,0.0,0.011772701309271771,0.0011772701309271773,0.0004320434008235957,0.0,0.0,-0.04862469747135859
1014,7.29,-0.006811989100817414,1.0,0.2,0.1,0.1,0.1,0.1,0.1,0.0,0.0,0.1,0,0,-0.0006811989100817415,0.0,0.8157736719538425,1.0369714627066806,0.21331135784149002,0.0005362567431210219,0.09901938926287199,0.009901938926287199,0.0037465068347358565,0.0,0.0,-0.05231052852755057
1015,7.34,0.0068587105624142415,1.0,0.2,0.1,0.1,0.1,0.1,0.1,0.0,0.0,0.1,0,0,0.0006858710562414242,0.0,0.8163331875038794,1.0369714627066806,0.2127717908715597,0.0,0.03222347045574796,0.003222347045574796,0.0035630509085294855,0.0,0.0,-0.04980792794150629
1016,7.37,0.0040871934604904975,1.0,0.2,0.1,0.1,0.1,0.1,0.1,0.0,0.0,0.1,0,0,0.00040871934604904975,0.0,0.8166668386704342,1.0369714627066806,0.21245003547273328,0.0,0.09626111531011888,0.009626111531011889,0.005685122126398327,0.0,0.0,-0.05117371961422298
1017,7.39,0.002713704206241462,1.0,0.2,0.1,0.1,0.1,0.1,0.1,0.0,0.0,0.1,0,0,0.0002713704206241462,0.0,0.8168884578939539,1.0369714627066806,0.21223631770759704,0.0,0.07901002491446253,0.007901002491446254,0.006460680254165101,0.0,0.0,-0.05101780000292172
1018,7.28,-0.01488497970230033,1.0,0.2,0.1,0.1,0.1,0.1,0.1,0.0,0.0,0.1,0,0,-0.0014884979702300331,0.0,0.8156725210824745,1.0369714627066806,0.2134089023497102,0.0011725846421131447,0.08365682456251643,0.008365682456251643,0.007127431024895391,0.0,0.0,-0.05285666398779282
1019,7.28,0.0,1.0,0.2,0.1,0.1,0.1,0.1,0.1,0.0,0.0,0.1,0,0,0.0,0.0,0.8156725210824745,1.0369714627066806,0.2134089023497102,0.0,0.0,0.0,0.004632830166182005,0.0,0.0,-0.049946000000000004
1020,7.02,-0.0357142857142858,1.0,0.2,0.1,0.1,0.1,0.1,0.1,0.0,0.0,0.1,0,0,-0.0035714285714285804,0.0,0.8127594049357514,1.0369714627066806,0.21621815626988977,0.002809253920179583,0.0,0.0,0.0030113396080183033,0.0,0.0,-0.053517428571428584
1021,6.79,-0.0327635327635327,1.0,0.2,0.1,0.1,0.1,0.1,0.1,0.0,0.0,0.1,0,0,-0.00327635327635327,0.0,0.8100965179965033,1.0369714627066806,0.21878610248154104,0.0025679462116512675,0.0,0.0,0.0019573707452118973,0.0,0.0,-0.053222353276353274
1022,6.64,-0.02209131075110462,1.0,0.2,0.1,0.1,0.1,0.1,0.1,0.0,0.0,0.1,0,0,-0.002209131075110462,0.0,0.8083069086047584,1.0369714627066806,0.22051190637885726,0.0017258038973162193,0.0,0.0,0.0012722909843877334,0.0,0.0,-0.05215513107511047
1023,6.65,0.001506024096385644,1.0,0.2,0.1,0.1,0.1,0.1,0.1,0.0,0.0,0.1,0,0,0.0001506024096385644,0.0,0.8084286415729217,1.0369714627066806,0.2203945135936734,0.0,0.0,0.0,0.0008269891398520267,0.0,0.0,-0.04979539759036144
1024,6.58,-0.010526315789473726,1.0,0.2,0.1,0.1,0.1,0.1,0.1,0.0,0.0,0.1,0,0,-0.0010526315789473725,0.0,0.8075776640554765,1.0369714627066806,0.22121515094778535,0.0008206373541119472,0.0,0.0,0.0005375429409038174,0.0,0.0,-0.05099863157894738
1025,6.59,0.0015197568389057428,1.0,0.2,0.1,0.1,0.1,0.1,0.1,0.0,0.0,0.1,0,0,0.0001519756838905743,0.0,0.8077003962232661,1.0369714627066806,0.22109679458774703,0.0,0.0,0.0,0.00034940291158748135,0.0,0.0,-0.04979402431610943
1026,6.45,-0.021244309559939254,1.0,0.2,0.1,0.1,0.1,0.1,0.1,0.0,0.0,0.1,0,0,-0.0021244309559939256,0.0,0.8059844924983608,1.0369714627066806,0.22275152066904771,0.0016547260813006837,0.0,0.0,0.00022711189253186287,0.0,0.0,-0.05207043095599393
1027,6.55,0.015503875968992192,1.0,0.2,0.1,0.1,0.1,0.1,0.1,0.0,0.0,0.1,0,0,0.0015503875968992194,0.0,0.8072340808588233,1.0369714627066806,0.22154648426698428,0.0,0.0,0.0,0.00014762273014571088,0.0,0.0,-0.048395612403100786
1028,6.46,-0.013740458015267154,1.0,0.2,0.1,0.1,0.1,0.1,0.1,0.0,0.0,0.1,0,0,-0.0013740458015267156,0.0,0.80612490425917,1.0369714627066806,0.22261611505196088,0.0010696307849765996,0.0,0.0,9.595477459471207e-05,0.0,0.0,-0.05132004580152672
1029,6.28,-0.02786377708978324,1.0,0.2,0.1,0.1,0.1,0.1,0.1,0.0,0.0,0.1,0,0,-0.002786377708978324,0.0,0.80387873579529,1.0369714627066806,0.22478220018029907,0.0021660851283381855,0.0,0.0,6.237060348656285e-05,0.0,0.0,-0.05273237770897833
1030,6.42,0.022292993630573195,1.0,0.2,0.1,0.1,0.1,0.1,0.1,0.0,0.0,0.1,0,0,0.0022292993630573196,0.0,0.8056708221489738,1.0369714627066806,0.2230540076329303,0.0,0.0,0.0,4.054089226626585e-05,0.0,0.0,-0.04771670063694269
1031,6.06,-0.056074766355140235,1.0,0.2,0.1,0.1,0.1,0.1,0.1,0.0,0.0,0.1,0,0,-0.0056074766355140235,0.0,0.8011530418378581,1.0369714627066806,0.22741071413218486,0.00435670649925457,0.0,0.0,2.6351579973072805e-05,0.0,0.0,-0.05555347663551403
1032,6.08,0.0033003300330033767,1.0,0.2,0.1,0.1,0.1,0.1,0.1,0.0,0.0,0.1,0,0,0.0003300330033003377,0.0,0.801417448782359,1.0369714627066806,0.22715573416985227,0.0,0.0,0.0,1.7128526982497322e-05,0.0,0.0,-0.049615966996699665
1033,6.21,0.021381578947368404,1.0,0.2,0.1,0.1,0.1,0.1,0.1,0.0,0.0,0.1,0,0,0.0021381578947368405,0.0,0.8031310058274528,1.0369714627066806,0.2255032711014655,0.0,0.0,0.0,1.113354253862326e-05,0.0,0.0,-0.04780784210526316
1034,6.25,0.006441223832528186,1.0,0.2,0.1,0.1,0.1,0.1,0.1,0.0,0.0,0.1,0,0,0.0006441223832528187,0.0,0.8036483204849906,1.0369714627066806,0.2250044004226259,0.0,0.0,0.0,7.236802650105119e-06,0.0,0.0,-0.04930187761674719
1035,6.34,0.014399999999999977,1.0,0.2,0.1,0.1,0.1,0.1,0.1,0.0,0.0,0.1,0,0,0.0014399999999999977,0.0,0.804805574066489,1.0369714627066806,0.22388840675923444,0.0,0.0,0.0,4.7039217225683276e-06,0.0,0.0,-0.04850600000000001
1036,6.42,0.012618296529968466,1.0,0.2,0.1,0.1,0.1,0.1,0.1,0.0,0.0,0.1,0,0,0.0012618296529968466,0.0,0.8058211016047433,1.0369714627066806,0.22290908613684857,0.0,0.0,0.0,3.057549119669413e-06,0.0,0.0,-0.04868417034700316
1037,6.4,-0.0031152647975077217,1.0,0.2,0.1,0.1,0.1,0.1,0.1,0.0,0.0,0.1,0,0,-0.0003115264797507722,0.0,0.8055700669936515,1.0369714627066806,0.22315117053369063,0.00024208439684206273,0.13307901280834122,0.013307901280834124,0.004659752855219728,0.0,0.0,-0.05251986969749258
1038,6.3,-0.015625000000000083,1.0,0.2,0.1,0.1,0.1,0.1,0.1,0.0,0.0,0.1,0,0,-0.0015625000000000083,0.0,0.8043113637639739,1.0369714627066806,0.22436499682973174,0.0012138262960411095,0.12134044316752571,0.012134044316752572,0.007275754866756223,0.0,0.0,-0.05357128753384795
1039,6.4,0.01587301587301596,1.0,0.2,0.1,0.1,0.1,0.1,0.1,0.0,0.0,0.1,0,0,0.001587301587301596,0.0,0.8055880484683612,1.0369714627066806,0.2231338301580329,0.0,0.0,0.0,0.004729240663391545,0.0,0.0,-0.04835869841269841
1040,6.37,-0.004687500000000039,1.0,0.2,0.1,0.1,0.1,0.1,0.1,0.0,0.0,0.1,0,0,-0.0004687500000000039,0.0,0.8052104290706417,1.0369714627066806,0.2234979861751463,0.0003641560171133984,0.06115024208367861,0.006115024208367861,0.005214264904133256,0.0,0.0,-0.051454304115422546
1041,6.19,-0.028257456828885356,1.0,0.2,0.1,0.1,0.1,0.1,0.1,0.0,0.0,0.1,0,0,-0.002825745682888536,0.0,0.8029351091768785,1.0369714627066806,0.2256921833884661,0.002194197213319815,0.004367708114841532,0.0004367708114841532,0.0035421419717060697,0.0,0.0,-0.052845996720840845
1042,6.28,0.014539579967689798,1.0,0.2,0.1,0.1,0.1,0.1,0.1,0.0,0.0,0.1,0,0,0.00145395799676898,0.0,0.8041025430997528,1.0369714627066806,0.22456637234654303,0.0,0.0,0.0,0.0023023922816089453,0.0,0.0,-0.048492042003231026
1043,6.2,-0.012738853503184724,1.0,0.2,0.1,0.1,0.1,0.1,0.1,0.0,0.0,0.1,0,0,-0.0012738853503184726,0.0,0.8030782086499442,1.0369714627066806,0.22555418588495513,0.0009878135384120967,0.0,0.0,0.0014965549830458144,0.0,0.0,-0.051219885350318475
1044,6.29,0.014516129032258041,1.0,0.2,0.1,0.1,0.1,0.1,0.1,0.0,0.0,0.1,0,0,0.0014516129032258042,0.0,0.8042439673399199,1.0369714627066806,0.22442999034833652,0.0,0.0,0.0,0.0009727607389797794,0.0,0.0,-0.0484943870967742
1045,6.18,-0.017488076311605774,1.0,0.2,0.1,0.1,0.1,0.1,0.1,0.0,0.0,0.1,0,0,-0.0017488076311605776,0.0,0.8028374993525209,1.0369714627066806,0.2257863130997147,0.001356322751378175,0.0,0.0,0.0006322944803368566,0.0,0.0,-0.051694807631160584
1046,6.1,-0.01294498381877024,1.0,0.2,0.1,0.1,0.1,0.1,0.1,0.0,0.0,0.1,0,0,-0.001294498381877024,0.0,0.8017982275086989,1.0369714627066806,0.22678853146463415,0.001002218364919455,0.0,0.0,0.0004109914122189568,0.0,0.0,-0.051240498381877025
1047,6.46,0.05901639344262301,1.0,0.2,0.1,0.1,0.1,0.1,0.1,0.0,0.0,0.1,0,0,0.005901639344262301,0.0,0.806530151474324,1.0369714627066806,0.22222531624049094,0.0,0.0,0.0,0.00026714441794232195,0.0,0.0,-0.044044360655737705
1048,6.56,0.015479876160990657,1.0,0.2,0.1,0.1,0.1,0.1,0.1,0.0,0.0,0.1,0,0,0.0015479876160990657,0.0,0.8077786501608168,1.0369714627066806,0.22102133066191582,0.0,0.12694052078890813,0.012694052078890815,0.004616562099274294,0.0,0.0,-0.050556001237312374
1049,6.53,-0.00457317073170722,1.0,0.2,0.1,0.1,0.1,0.1,0.1,0.0,0.0,0.1,0,0,-0.000457317073170722,0.0,0.8074092391927554,1.0369714627066806,0.22137757090704002,0.0003562402451242064,0.23162884943693893,0.023162884943693896,0.011107775094821155,0.0,0.0,-0.05434100751359869
1050,6.59,0.009188361408882023,1.0,0.2,0.1,0.1,0.1,0.1,0.1,0.0,0.0,0.1,0,0,0.0009188361408882023,0.0,0.8081511159822128,1.0369714627066806,0.22066214447908322,0.0,0.1665650560181802,0.01665650560181802,0.013049830772270057,0.0,0.0,-0.05185876981142086
1051,6.59,0.0,1.0,0.2,0.1,0.1,0.1,0.1,0.1,0.0,0.0,0.1,0,0,0.0,0.0,0.8081511159822128,1.0369714627066806,0.22066214447908322,0.0,0.25519178750347227,0.02551917875034723,0.017414102564597064,0.0,0.0,-0.054284260387559034
1052,6.62,0.004552352048558459,1.0,0.2,0.1,0.1,0.1,0.1,0.1,0.0,0.0,0.1,0,0,0.00045523520485584595,0.0,0.8085190148210515,1.0369714627066806,0.2203073624507732,0.0,0.2835104958948279,0.028351049589482792,0.021242034023307068,0.0,0.0,-0.054310443225356234
1053,6.54,-0.012084592145015116,1.0,0.2,0.1,0.1,0.1,0.1,0.1,0.0,0.0,0.1,0,0,-0.0012084592145015117,0.0,0.8075419525674913,1.0369714627066806,0.22124958920309856,0.0009422267523253591,0.13380941170442606,0.013380941170442607,0.01849065152480451,0.0,0.0,-0.05342921921347676
1054,6.52,-0.003058103975535239,1.0,0.2,0.1,0.1,0.1,0.1,0.1,0.0,0.0,0.1,0,0,-0.0003058103975535239,0.0,0.8072949978419355,1.0369714627066806,0.22148773917581932,0.0002381499727207581,0.02828160204603048,0.002828160204603048,0.013008779562733998,0.0,0.0,-0.05073259763233604
1055,6.74,0.03374233128834366,1.0,0.2,0.1,0.1,0.1,0.1,0.1,0.0,0.0,0.1,0,0,0.0033742331288343663,0.0,0.810018999368396,1.0369714627066806,0.2188608573141426,0.0,0.024930521371079335,0.0024930521371079335,0.009328274963764876,0.0,0.0,-0.04699558573447399
1056,6.85,0.016320474777447986,1.0,0.2,0.1,0.1,0.1,0.1,0.1,0.0,0.0,0.1,0,0,0.0016320474777447988,0.0,0.8113409888332406,1.0369714627066806,0.21758600114655444,0.0,0.14351795286843783,0.014351795286843784,0.011086507076842493,0.0,0.0,-0.050753757721018644
1057,6.95,0.01459854014598548,1.0,0.2,0.1,0.1,0.1,0.1,0.1,0.0,0.0,0.1,0,0,0.001459854014598548,0.0,0.8125254282329971,1.0369714627066806,0.21644379092925015,0.0,0.21162658745717017,0.021162658745717017,0.014613160160948577,0.0,0.0,-0.05208379797217335
1058,6.89,-0.008633093525179927,1.0,0.2,0.1,0.1,0.1,0.1,0.1,0.0,0.0,0.1,0,0,-0.0008633093525179927,0.0,0.8118239674316449,1.0369714627066806,0.21712024233276447,0.0006764514035143276,0.2563827573360681,0.02563827573360681,0.018471950611378955,0.0,0.0,-0.05516781622723116
1059,6.91,0.002902757619738819,1.0,0.2,0.1,0.1,0.1,0.1,0.1,0.0,0.0,0.1,0,0,0.00029027576197388193,0.0,0.8120596202523797,1.0369714627066806,0.2168929913145738,0.0,0.2460687709779399,0.02460687709779399,0.02061917488162422,0.0,0.0,-0.0538388933446511
1060,6.85,-0.008683068017366208,1.0,0.2,0.1,0.1,0.1,0.1,0.1,0.0,0.0,0.1,0,0,-0.0008683068017366208,0.0,0.8113545033606988,1.0369714627066806,0.21757296845670301,0.0006799771421292233,0.26136590849415586,0.026136590849415588,0.0225502704703512,0.0,0.0,-0.05525752724613728
1061,6.9,0.007299270072992805,1.0,0.2,0.1,0.1,0.1,0.1,0.1,0.0,0.0,0.1,0,0,0.0007299270072992805,0.0,0.8119467329251957,1.0369714627066806,0.21700185383513854,0.0,0.11896024557178676,0.011896024557178676,0.018821284400740816,0.0,0.0,-0.0512383971674211
1062,7.0,0.014492753623188354,1.0,0.2,0.1,0.1,0.1,0.1,0.1,0.0,0.0,0.1,0,0,0.0014492753623188354,0.0,0.8131234673207394,1.0369714627066806,0.21586707391316057,0.0,0.09490413429176998,0.009490413429176999,0.01555547956069348,0.0,0.0,-0.05011009492064126
1063,6.95,-0.0071428571428571175,1.0,0.2,0.1,0.1,0.1,0.1,0.1,0.0,0.0,0.1,0,0,-0.0007142857142857118,0.0,0.8125426648440818,1.0369714627066806,0.21642716886036537,0.0005600949472047978,0.10834366337006274,0.010834366337006275,0.013903089932402957,0.0,0.0,-0.05250212799157678
1064,6.86,-0.012949640287769763,1.0,0.2,0.1,0.1,0.1,0.1,0.1,0.0,0.0,0.1,0,0,-0.0012949640287769765,0.0,0.8114904513212622,1.0369714627066806,0.21744186749061806,0.0010146986302526917,0.09312864022742808,0.009312864022742808,0.012296510864021904,0.0,0.0,-0.05282415091264325
1065,6.95,0.013119533527696771,1.0,0.2,0.1,0.1,0.1,0.1,0.1,0.0,0.0,0.1,0,0,0.0013119533527696772,0.0,0.8125550889396137,1.0369714627066806,0.21641518772493518,0.0,0.018751862429191725,0.0018751862429191727,0.00864904724663595,0.0,0.0,-0.04895282830852658
1066,6.66,-0.041726618705035974,1.0,0.2,0.1,0.1,0.1,0.1,0.1,0.0,0.0,0.1,0,0,-0.004172661870503597,0.0,0.8091645713023117,1.0369714627066806,0.21968482219342111,0.003269634468485938,0.09530055102023582,0.009530055102023583,0.00895739999602162,0.0,0.0,-0.05573877123784761
1067,7.01,0.0525525525525525,1.0,0.2,0.1,0.1,0.1,0.1,0.1,0.0,0.0,0.1,0,0,0.0052552552552552504,0.0,0.8134169376680145,1.0369714627066806,0.21558406675449768,0.0,0.0,0.0,0.005822309997414054,0.0,0.0,-0.044690744744744756
1068,7.05,0.005706134094151218,1.0,0.2,0.1,0.1,0.1,0.1,0.1,0.0,0.0,0.1,0,0,0.0005706134094151218,0.0,0.8138810842800933,1.0369714627066806,0.21513646850442883,0.0,0.0564681242088251,0.0056468124208825105,0.005760885845628014,0.0,0.0,-0.0503353447021349
1069,7.09,0.0056737588652482325,1.0,0.2,0.1,0.1,0.1,0.1,0.1,0.0,0.0,0.1,0,0,0.0005673758865248232,0.0,0.8143428607818125,1.0369714627066806,0.21469115586244555,0.0,0.09843503836064335,0.009843503836064336,0.007189802142280727,0.0,0.0,-0.051052019765606124
1070,7.04,-0.007052186177715067,1.0,0.2,0.1,0.1,0.1,0.1,0.1,0.0,0.0,0.1,0,0,-0.0007052186177715068,0.0,0.8137685710351399,1.0369714627066806,0.21524497028003195,0.0005538144175863957,0.15700245033430296,0.0157002450334303,0.010168457154183077,0.0,0.0,-0.05332026027345466
1071,7.18,0.01988636363636359,1.0,0.2,0.1,0.1,0.1,0.1,0.1,0.0,0.0,0.1,0,0,0.001988636363636359,0.0,0.8153868608070848,1.0369714627066806,0.21368437789138428,0.0,0.08061631257932503,0.008061631257932503,0.009431068090495376,0.0,0.0,-0.04932784095021217
1072,7.34,0.022284122562674116,1.0,0.2,0.1,0.1,0.1,0.1,0.1,0.0,0.0,0.1,0,0,0.0022284122562674117,0.0,0.8172038788813067,1.0369714627066806,0.21193214252178286,0.0,0.28396437509726113,0.028396437509726116,0.016068947387226133,0.0,0.0,-0.05254498212038603
1073,7.32,-0.0027247956403269173,1.0,0.2,0.1,0.1,0.1,0.1,0.1,0.0,0.0,0.1,0,0,-0.00027247956403269176,0.0,0.8169812075246634,1.0369714627066806,0.21214687490801662,0.00021473238623376245,0.22897001462731825,0.022897001462731825,0.018458766313653126,0.0,0.0,-0.05411096981269711
1074,7.32,0.0,1.0,0.2,0.1,0.1,0.1,0.1,0.1,0.0,0.0,0.1,0,0,0.0,0.0,0.8169812075246634,1.0369714627066806,0.21214687490801662,0.0,0.19143250265528639,0.01914325026552864,0.018698335696809558,0.0,0.0,-0.05320035254513988
1075,7.36,0.005464480874316944,1.0,0.2,0.1,0.1,0.1,0.1,0.1,0.0,0.0,0.1,0,0,0.0005464480874316944,0.0,0.817427645342983,1.0369714627066806,0.211716354074633,0.0,0.16579457150129942,0.016579457150129942,0.017956728205471693,0.0,0.0,-0.0522180596280904
1076,7.36,0.0,1.0,0.2,0.1,0.1,0.1,0.1,0.1,0.0,0.0,0.1,0,0,0.0,0.0,0.817427645342983,1.0369714627066806,0.211716354074633,0.0,0.20434580338091352,0.020434580338091354,0.018823976451888574,0.0,0.0,-0.053419878657475536
1077,7.35,-0.0013586956521740047,1.0,0.2,0.1,0.1,0.1,0.1,0.1,0.0,0.0,0.1,0,0,-0.00013586956521740047,0.0,0.8173165818042135,1.0369714627066806,0.21182345783087284,0.0001071037562398458,0.140333441867247,0.014033344186724701,0.01714725515908122,0.0,0.0,-0.052467538076960606
1078,7.32,-0.004081632653061137,1.0,0.2,0.1,0.1,0.1,0.1,0.1,0.0,0.0,0.1,0,0,-0.00040816326530611374,0.0,0.8169829831993954,1.0369714627066806,0.2121451625419623,0.0003217047110894711,0.06332383089257075,0.006332383089257075,0.01336204993464277,0.0,0.0,-0.05143066839047982
1079,7.36,0.005464480874316944,1.0,0.2,0.1,0.1,0.1,0.1,0.1,0.0,0.0,0.1,0,0,0.0005464480874316944,0.0,0.817429421988029,1.0369714627066806,0.2117146407728595,0.0,0.04829068664584968,0.004829068664584968,0.01037550649012254,0.0,0.0,-0.050220493585547754
1080,7.4,0.005434782608695656,1.0,0.2,0.1,0.1,0.1,0.1,0.1,0.0,0.0,0.1,0,0,0.0005434782608695657,0.0,0.8178736771086746,1.0369714627066806,0.21128622481675788,0.0,0.0681797647322409,0.00681797647322409,0.009130370984208082,0.0,0.0,-0.05056157773957853
1081,7.27,-0.017567567567567673,1.0,0.2,0.1,0.1,0.1,0.1,0.1,0.0,0.0,0.1,0,0,-0.0017567567567567674,0.0,0.8164368720002405,1.0369714627066806,0.21267180307045813,0.0013855782537002537,0.07048902733663549,0.007048902733663549,0.008401857096517496,0.0,0.0,-0.05290107022147958
1082,7.19,-0.011004126547455185,1.0,0.2,0.1,0.1,0.1,0.1,0.1,0.0,0.0,0.1,0,0,-0.0011004126547455185,0.0,0.8155384545344906,1.0369714627066806,0.21353818898179738,0.0008663859113392514,0.0,0.0,0.005461207112736372,0.0,0.0,-0.05104641265474552
1083,7.25,0.008344923504867817,1.0,0.2,0.1,0.1,0.1,0.1,0.1,0.0,0.0,0.1,0,0,0.0008344923504867817,0.0,0.8162190151363274,1.0369714627066806,0.21288189261655271,0.0,0.0,0.0,0.003549784623278642,0.0,0.0,-0.04911150764951322
1084,7.19,-0.008275862068965464,1.0,0.2,0.1,0.1,0.1,0.1,0.1,0.0,0.0,0.1,0,0,-0.0008275862068965464,0.0,0.815543523537594,1.0369714627066806,0.21353330070542173,0.0006514080888690155,0.0,0.0,0.0023073600051311174,0.0,0.0,-0.05077358620689655
1085,7.08,-0.015299026425591142,1.0,0.2,0.1,0.1,0.1,0.1,0.1,0.0,0.0,0.1,0,0,-0.0015299026425591143,0.0,0.8142958213458118,1.0369714627066806,0.21473651818695727,0.00120321748153554,0.0,0.0,0.0014997840033352263,0.0,0.0,-0.05147590264255912
1086,7.06,-0.002824858757062212,1.0,0.2,0.1,0.1,0.1,0.1,0.1,0.0,0.0,0.1,0,0,-0.0002824858757062212,0.0,0.814065794277635,1.0369714627066806,0.21495834402927733,0.00022182584232005587,0.0,0.0,0.0009748596021678972,0.0,0.0,-0.050228485875706226
1087,7.11,0.00708215297450435,1.0,0.2,0.1,0.1,0.1,0.1,0.1,0.0,0.0,0.1,0,0,0.000708215297450435,0.0,0.8146423281262736,1.0369714627066806,0.21440236551938308,0.0,0.0,0.0,0.0006336587414091331,0.0,0.0,-0.04923778470254957
1088,7.07,-0.005625879043600567,1.0,0.2,0.1,0.1,0.1,0.1,0.1,0.0,0.0,0.1,0,0,-0.0005625879043600567,0.0,0.81418402020609,1.0369714627066806,0.2148443332462357,0.0004419677268526212,0.0,0.0,0.00041187818191593654,0.0,0.0,-0.05050858790436006
1089,6.97,-0.01414427157001422,1.0,0.2,0.1,0.1,0.1,0.1,0.1,0.0,0.0,0.1,0,0,-0.001414427157001422,0.0,0.813032416217114,1.0369714627066806,0.21595487874376576,0.0011105454975300633,0.0,0.0,0.0002677208182453588,0.0,0.0,-0.051360427157001426
1090,7.08,0.015781922525107652,1.0,0.2,0.1,0.1,0.1,0.1,0.1,0.0,0.0,0.1,0,0,0.0015781922525107653,0.0,0.8143155376774278,1.0369714627066806,0.21471750480778043,0.0,0.0,0.0,0.0001740185318594832,0.0,0.0,-0.048367807747489236
1091,7.21,0.018361581920903938,1.0,0.2,0.1,0.1,0.1,0.1,0.1,0.0,0.0,0.1,0,0,0.001836158192090394,0.0,0.8158107498228808,1.0369714627066806,0.21327560192112796,0.0,0.0,0.0,0.00011311204570866408,0.0,0.0,-0.04810984180790961
1092,7.25,0.005547850208044388,1.0,0.2,0.1,0.1,0.1,0.1,0.1,0.0,0.0,0.1,0,0,0.0005547850208044388,0.0,0.8162633494066939,1.0369714627066806,0.21283913900957233,0.0,0.05914361954995522,0.005914361954995523,0.0021435495139590643,0.0,0.0,-0.050396656511544805
1093,7.39,0.019310344827586163,1.0,0.2,0.1,0.1,0.1,0.1,0.1,0.0,0.0,0.1,0,0,0.0019310344827586164,0.0,0.8178395820814102,1.0369714627066806,0.21131910424352193,0.0,0.06378026255239319,0.0063780262552393194,0.0036256163734071536,0.0,0.0,-0.04909922998063207
1094,7.28,-0.01488497970230033,1.0,0.2,0.1,0.1,0.1,0.1,0.1,0.0,0.0,0.1,0,0,-0.0014884979702300331,0.0,0.8166222295235083,1.0369714627066806,0.21249305415601458,0.0011739499124926445,0.16579447402061578,0.01657944740206158,0.008159457233436203,0.0,0.0,-0.054253004028580507
1095,7.41,0.017857142857142842,1.0,0.2,0.1,0.1,0.1,0.1,0.1,0.0,0.0,0.1,0,0,0.0017857142857142844,0.0,0.8180804835048002,1.0369714627066806,0.21108679175272177,0.0,0.14124353267757803,0.014124353267757803,0.010247170845448763,0.0,0.0,-0.05056142576980455
1096,7.3,-0.014844804318488572,1.0,0.2,0.1,0.1,0.1,0.1,0.1,0.0,0.0,0.1,0,0,-0.0014844804318488573,0.0,0.8168660590353599,1.0369714627066806,0.21225791797279195,0.0011711262200701789,0.17357076908486496,0.017357076908486497,0.012735637967511971,0.0,0.0,-0.05438118350629157
1097,7.26,-0.005479452054794526,1.0,0.2,0.1,0.1,0.1,0.1,0.1,0.0,0.0,0.1,0,0,-0.0005479452054794526,0.0,0.8164184611947927,1.0369714627066806,0.2126895574697931,0.0004316394970011461,0.05252500356495636,0.005252500356495636,0.010116539803656253,0.0,0.0,-0.05138687026608371
1098,7.22,-0.005509641873278242,1.0,0.2,0.1,0.1,0.1,0.1,0.1,0.0,0.0,0.1,0,0,-0.0005509641873278243,0.0,0.815968643860801,1.0369714627066806,0.21312333732793645,0.0004337798581433572,0.011925368874167442,0.0011925368874167444,0.006993138782972426,0.0,0.0,-0.05069969545818867
1099,7.33,0.015235457063711957,1.0,0.2,0.1,0.1,0.1,0.1,0.1,0.0,0.0,0.1,0,0,0.0015235457063711958,0.0,0.8172118093846886,1.0369714627066806,0.2119244947670788,0.0,0.0,0.0,0.004545540208932077,0.0,0.0,-0.048422454293628805
1100,7.4,0.009549795361528005,1.0,0.2,0.1,0.1,0.1,0.1,0.1,0.0,0.0,0.1,0,0,0.0009549795361528005,0.0,0.8179922299393534,1.0369714627066806,0.2111718987866381,0.0,0.04427235197272891,0.0044272351972728914,0.004504133454851362,0.0,0.0,-0.0497436504473836
1101,7.42,0.002702702702702645,1.0,0.2,0.1,0.1,0.1,0.1,0.1,0.0,0.0,0.1,0,0,0.00027027027027026453,0.0,0.818213308920418,1.0369714627066806,0.21095870200252648,0.0,0.03412541025078068,0.0034125410250780684,0.004122076104430709,0.0,0.0,-0.05025586170399301
1102,7.43,0.0013477088948786774,1.0,0.2,0.1,0.1,0.1,0.1,0.1,0.0,0.0,0.1,0,0,0.00013477088948786776,0.0,0.8183235802558521,1.0369714627066806,0.21085236220495263,0.0,0.08986975157118288,0.008986975157118288,0.005824790772871362,0.0,0.0,-0.05133901488722225
1103,7.43,0.0,1.0,0.2,0.1,0.1,0.1,0.1,0.1,0.0,0.0,0.1,0,0,0.0,0.0,0.8183235802558521,1.0369714627066806,0.21085236220495263,0.0,0.11002418029167885,0.011002418029167885,0.0076369603125751445,0.0,0.0,-0.051816411064958545
1104,7.43,0.0,1.0,0.2,0.1,0.1,0.1,0.1,0.1,0.0,0.0,0.1,0,0,0.0,0.0,0.8183235802558521,1.0369714627066806,0.21085236220495263,0.0,0.12471552982690218,0.012471552982690218,0.00932906774711542,0.0,0.0,-0.05206616400705734
1105,7.54,0.014804845222072722,1.0,0.2,0.1,0.1,0.1,0.1,0.1,0.0,0.0,0.1,0,0,0.0014804845222072722,0.0,0.819535095650578,1.0369714627066806,0.2096840413414607,0.0,0.07663954476081666,0.007663954476081667,0.008746278102253606,0.0,0.0,-0.04976838773872661
1106,7.41,-0.017241379310344813,1.0,0.2,0.1,0.1,0.1,0.1,0.1,0.0,0.0,0.1,0,0,-0.0017241379310344814,0.0,0.8181221041063529,1.0369714627066806,0.21104665506328577,0.0013626137218250567,0.10998709334510579,0.01099870933451058,0.009534629033543546,0.0,0.0,-0.053539918517901276
1107,7.48,0.009446693657220012,1.0,0.2,0.1,0.1,0.1,0.1,0.1,0.0,0.0,0.1,0,0,0.0009446693657220013,0.0,0.8188949589955222,1.0369714627066806,0.21030135500734012,0.0,0.019168988021717313,0.0019168988021717314,0.006868423452563411,0.0,0.0,-0.04932720343064719
1108,7.45,-0.004010695187165809,1.0,0.2,0.1,0.1,0.1,0.1,0.1,0.0,0.0,0.1,0,0,-0.0004010695187165809,0.0,0.8185665251884385,1.0369714627066806,0.21061807906281838,0.00031672405547825133,0.053856139842690366,0.005385613984269037,0.00634944013866038,0.0,0.0,-0.051262623896042324
1109,7.26,-0.025503355704698038,1.0,0.2,0.1,0.1,0.1,0.1,0.1,0.0,0.0,0.1,0,0,-0.002550335570469804,0.0,0.8164789058624546,1.0369714627066806,0.2126312678544702,0.0020131887916518265,0.031678353042407806,0.003167835304240781,0.00523587844661352,0.0,0.0,-0.05303486757219074
1110,7.23,-0.004132231404958589,1.0,0.2,0.1,0.1,0.1,0.1,0.1,0.0,0.0,0.1,0,0,-0.000413223140495859,0.0,0.8161415178848256,1.0369714627066806,0.21295662683469557,0.0003253589802253709,0.0,0.0,0.003403320990298788,0.0,0.0,-0.050359223140495867
1111,7.17,-0.00829875518672206,1.0,0.2,0.1,0.1,0.1,0.1,0.1,0.0,0.0,0.1,0,0,-0.000829875518672206,0.0,0.815464222019361,1.0369714627066806,0.2136097748622187,0.000653148027523115,0.0,0.0,0.002212158643694212,0.0,0.0,-0.05077587551867221
1112,7.16,-0.0013947001394699842,1.0,0.2,0.1,0.1,0.1,0.1,0.1,0.0,0.0,0.1,0,0,-0.00013947001394699841,0.0,0.8153504892129426,1.0369714627066806,0.21371945271788648,0.00010967785566778909,0.0,0.0,0.001437903118401238,0.0,0.0,-0.050085470013947
1113,7.35,0.02653631284916194,1.0,0.2,0.1,0.1,0.1,0.1,0.1,0.0,0.0,0.1,0,0,0.0026536312849161944,0.0,0.8175141287792898,1.0369714627066806,0.21163295405889768,0.0,0.0,0.0,0.0009346370269608047,0.0,0.0,-0.04729236871508381
1114,7.68,0.04489795918367348,1.0,0.2,0.1,0.1,0.1,0.1,0.1,0.0,0.0,0.1,0,0,0.004489795918367348,0.0,0.8211846003778906,1.0369714627066806,0.20809334691385598,0.0,0.0,0.0,0.000607514067524523,0.0,0.0,-0.04545620408163266
1115,7.56,-0.015625000000000014,1.0,0.2,0.1,0.1,0.1,0.1,0.1,0.0,0.0,0.1,0,0,-0.0015625000000000014,0.0,0.8199014994398002,1.0369714627066806,0.2093307010593031,0.0012373541454471226,0.23008231314592617,0.02300823131459262,0.008447765103998358,0.0,0.0,-0.05541989932348075
1116,7.6,0.005291005291005296,1.0,0.2,0.1,0.1,0.1,0.1,0.1,0.0,0.0,0.1,0,0,0.0005291005291005296,0.0,0.8203353097569641,1.0369714627066806,0.20891235751489,0.0,0.17105855128846753,0.017105855128846752,0.011478096612695296,0.0,0.0,-0.05232489484280342
1117,7.95,0.04605263157894744,1.0,0.2,0.1,0.1,0.1,0.1,0.1,0.0,0.0,0.1,0,0,0.004605263157894744,0.0,0.824113169736108,1.0369714627066806,0.20526919074028752,0.0,0.21495190074203566,0.021495190074203568,0.01498407932422319,0.0,0.0,-0.04899491915471987
1118,7.79,-0.02012578616352203,1.0,0.2,0.1,0.1,0.1,0.1,0.1,0.0,0.0,0.1,0,0,-0.002012578616352203,0.0,0.8224545771932429,1.0369714627066806,0.20686864897275994,0.0015994582324724282,0.39434811143855086,0.03943481114385509,0.023541835461094354,0.0,0.0,-0.05866249651080758
1119,7.61,-0.023106546854942196,1.0,0.2,0.1,0.1,0.1,0.1,0.1,0.0,0.0,0.1,0,0,-0.0023106546854942196,0.0,0.8205541686708452,1.0369714627066806,0.20870130164522335,0.0018326526724634085,0.23955619804516076,0.023955619804516076,0.023686659981291956,0.0,0.0,-0.05632911005226196
1120,7.81,0.026281208935610943,1.0,0.2,0.1,0.1,0.1,0.1,0.1,0.0,0.0,0.1,0,0,0.0026281208935610943,0.0,0.8227106842258276,1.0369714627066806,0.20662167300302955,0.0,0.001276285515086236,0.00012762855150862362,0.01544099898086779,0.0,0.0,-0.047339575960195376
1121,7.78,-0.0038412291933417877,1.0,0.2,0.1,0.1,0.1,0.1,0.1,0.0,0.0,0.1,0,0,-0.0003841229193341788,0.0,0.8223946621960353,1.0369714627066806,0.20692642780213216,0.00030475479910260783,0.16207242611605396,0.0162072426116054,0.015709184251625954,0.0,0.0,-0.053085354163307105
1122,7.65,-0.016709511568123378,1.0,0.2,0.1,0.1,0.1,0.1,0.1,0.0,0.0,0.1,0,0,-0.0016709511568123378,0.0,0.8210204808838825,1.0369714627066806,0.20825161500503353,0.0013251872029013678,0.125116533329433,0.012511653332943302,0.014590048430087026,0.0,0.0,-0.053743932223412706
1123,7.6,-0.006535947712418394,1.0,0.2,0.1,0.1,0.1,0.1,0.1,0.0,0.0,0.1,0,0,-0.0006535947712418395,0.0,0.8204838661904943,1.0369714627066806,0.20876909760960544,0.0005174826045719061,0.0,0.0,0.009483531479556568,0.0,0.0,-0.050599594771241846
1124,7.52,-0.010526315789473694,1.0,0.2,0.1,0.1,0.1,0.1,0.1,0.0,0.0,0.1,0,0,-0.0010526315789473695,0.0,0.8196201989629253,1.0369714627066806,0.20960197224370067,0.000832874634095232,0.0,0.0,0.00616429546171177,0.0,0.0,-0.05099863157894737
1125,7.42,-0.013297872340425485,1.0,0.2,0.1,0.1,0.1,0.1,0.1,0.0,0.0,0.1,0,0,-0.0013297872340425486,0.0,0.8185302784855809,1.0369714627066806,0.21065303345082345,0.0010510612071227832,0.0,0.0,0.0040067920501126505,0.0,0.0,-0.05127578723404255
1126,7.5,0.010781671159029659,1.0,0.2,0.1,0.1,0.1,0.1,0.1,0.0,0.0,0.1,0,0,0.001078167115902966,0.0,0.819412790915215,1.0369714627066806,0.2098019855084523,0.0,0.0,0.0,0.002604414832573223,0.0,0.0,-0.04886783288409704
1127,7.86,0.04800000000000004,1.0,0.2,0.1,0.1,0.1,0.1,0.1,0.0,0.0,0.1,0,0,0.004800000000000005,0.0,0.823345972311608,1.0369714627066806,0.20600903503889292,0.0,0.0,0.0,0.001692869641172595,0.0,0.0,-0.045146
1128,8.24,0.04834605597964375,1.0,0.2,0.1,0.1,0.1,0.1,0.1,0.0,0.0,0.1,0,0,0.004834605597964375,0.0,0.8273265253584072,1.0369714627066806,0.20217040187495872,0.0,0.14340544544571793,0.014340544544571794,0.0061195558573623144,0.0,0.0,-0.04754928697461283
1129,9.27,0.12499999999999992,1.0,0.2,0.1,0.1,0.1,0.1,0.1,0.0,0.0,0.1,1,0,0.012499999999999992,0.0,0.8376681069253873,1.0369714627066806,0.19219753189839572,0.0,0.3594309824136812,0.03594309824136812,0.016557795691764347,0.0,0.0,-0.0435563267010326
1130,8.96,-0.033441208198489614,1.0,0.2,0.1,0.1,0.1,0.1,0.1,0.0,0.0,0.1,0,0,-0.0033441208198489616,0.0,0.8348668435688946,1.0369714627066806,0.1948989209502997,0.0027013890519039796,0.7169858553508489,0.08,0.038762567199646825,0.0,0.0,-0.0654788803608134
1131,8.41,-0.061383928571428645,1.0,0.2,0.1,0.1,0.1,0.1,0.1,0.0,0.0,0.1,0,0,-0.006138392857142865,0.0,0.8297421028996659,1.0369714627066806,0.19984094766321642,0.004942026712916714,0.6375733215478803,0.06375733215478803,0.047510734933946246,0.0,0.0,-0.06692313932345684
1132,8.47,0.00713436385255654,1.0,0.2,0.1,0.1,0.1,0.1,0.1,0.0,0.0,0.1,0,0,0.000713436385255654,0.0,0.830334071106253,1.0369714627066806,0.1992700850812877,0.0,0.4190623719904364,0.04190623719904364,0.045549160726730334,0.0,0.0,-0.05635662393858177
1133,9.05,0.06847697756788666,1.0,0.2,0.1,0.1,0.1,0.1,0.1,0.0,0.0,0.1,0,0,0.006847697756788666,0.0,0.8360199478623525,1.0369714627066806,0.1937869286391053,0.0,0.32361569350005986,0.03236156935000599,0.04093350374487681,0.0,0.0,-0.048599769032712355
1134,8.75,-0.03314917127071831,1.0,0.2,0.1,0.1,0.1,0.1,0.1,0.0,0.0,0.1,0,0,-0.003314917127071831,0.0,0.8332486110186098,1.0369714627066806,0.19645945815742874,0.0026725295183234465,0.45463278630025133,0.04546327863002514,0.042518924954678725,0.0,0.0,-0.06098967449417611
1135,9.51,0.08685714285714283,1.0,0.2,0.1,0.1,0.1,0.1,0.1,0.0,0.0,0.1,0,0,0.008685714285714283,0.0,0.8404859703828856,1.0369714627066806,0.1894801345939962,0.0,0.0,0.0,0.02763730122054117,0.0,0.0,-0.04126028571428572
1136,9.66,0.015772870662460605,1.0,0.2,0.1,0.1,0.1,0.1,0.1,0.0,0.0,0.1,0,0,0.0015772870662460606,0.0,0.8418116580333318,1.0369714627066806,0.18820171209335587,0.0,0.4096612501487919,0.040966125014879194,0.032302389548559476,0.0,0.0,-0.05533295418628341
1137,9.97,0.032091097308488664,1.0,0.2,0.1,0.1,0.1,0.1,0.1,0.0,0.0,0.1,0,0,0.0032091097308488666,0.0,0.8445131240166686,1.0369714627066806,0.18559656230814822,0.0,0.5937440034271235,0.05937440034271235,0.041777593326512985,0.0,0.0,-0.056830538327412236
1138,10.25,0.02808425275827476,1.0,0.2,0.1,0.1,0.1,0.1,0.1,0.0,0.0,0.1,0,0,0.002808425275827476,0.0,0.8468848760199251,1.0369714627066806,0.18330937110901352,0.0,0.6567164136688746,0.06567164136688745,0.05014051014064405,0.0,0.0,-0.0583017537565434
1139,11.49,0.12097560975609759,1.0,0.2,0.1,0.1,0.1,0.1,0.1,0.0,0.0,0.1,1,0,0.01209756097560976,0.0,0.8571301174468979,1.0369714627066806,0.17342940642779567,0.0,0.6107745561278826,0.06107745561278826,0.05396844105589453,0.0,0.0,-0.04823160647856425
1140,12.78,0.11227154046997381,1.0,0.2,0.1205331258504464,0.1205331258504464,0.1205331258504464,0.1,0.1,0.0,0.0,0.1,1,0,0.011227154046997381,0.0,0.8667532493137953,1.0369714627066806,0.16414937104304242,0.0,0.8539571797450416,0.10293012821710137,0.07110503156231693,0.0,0.0,-0.04296955508344513
1141,12.5,-0.021909233176838763,1.0,0.2,0.14953320697200542,0.14953320697200542,0.14953320697200542,0.1,0.14953320697200542,0.04953320697200542,0.0,0.1,0,0,-0.002190923317683876,4.953320697200542e-05,0.8648113263411035,1.0369714627066806,0.1660220580383268,0.0018726869952843672,0.9155480811245406,0.13690484070761832,0.09413496476317242,0.0,0.0,-0.041774731848126655
1142,13.96,0.11680000000000007,1.0,0.24953320697200543,0.1436810553099673,0.1436810553099673,0.1436810553099673,0.14953320697200542,0.1436810553099673,-0.005852151662038119,0.04953320697200542,0.1,1,0,0.017465478574330243,5.852151662038119e-06,0.8799106090251114,1.0369714627066806,0.15146111472693022,0.0,0.8719909634282089,0.12528858184612016,0.10503873074220413,0.0,0.0,-0.04909427166655557
1143,14.89,0.06661891117478508,1.0,0.2436810553099673,0.18918403275512014,0.18918403275512014,0.18918403275512014,0.1436810553099673,0.18918403275512014,0.04550297744515283,0.0,0.1436810553099673,0,0,0.009571875461194094,4.550297744515283e-05,0.8882929652390872,1.0369714627066806,0.14337761723887368,0.0,0.9374605600286299,0.17735256929508958,0.13034857423571403,0.0,0.0,-0.031217997275749212
1144,15.56,0.044996642041638675,1.0,0.28918403275512017,0.21444494687190224,0.21444494687190224,0.21444494687190224,0.18918403275512014,0.21444494687190224,0.025260914116782107,0.04550297744515283,0.1436810553099673,0,0,0.008512646201875787,2.526091411678211e-05,0.8958322498834774,1.0369714627066806,0.13610713303026165,0.0,0.952330812191176,0.20422253042481225,0.15620445890189838,0.0,0.0,-0.04178943619735804
1145,15.53,-0.0019280205655527723,1.0,0.3144449468719023,0.23716521300516505,0.23716521300516505,0.23716521300516505,0.21444494687190224,0.23716521300516505,0.022720266133262806,0.025260914116782107,0.18918403275512014,0,0,-0.00041345426774789916,2.2720266133262806e-05,0.8954415106694489,1.0369714627066806,0.13648394109883535,0.0003768080685737085,0.9440813816425778,0.22390326197147248,0.17989903997624931,0.0,0.0,-0.05121154144757635
1146,14.35,-0.07598197037990984,1.0,0.33716521300516505,0.2359876953079647,0.2359876953079647,0.2359876953079647,0.23716521300516505,0.2359876953079647,-0.001177517697200342,0.022720266133262806,0.21444494687190224,0,0,-0.018020280189703457,1.177517697200342e-06,0.8793043493554684,1.0369714627066806,0.15204575923398403,0.015561818135148675,0.8704786861243149,0.20542225895318228,0.18883216661817587,0.0,0.0,-0.0908767015903465
1147,14.06,-0.020209059233449417,1.0,0.3359876953079647,0.18735701069439106,0.18735701069439106,0.18735701069439106,0.2359876953079647,0.18735701069439106,-0.048630684613573644,0.0,0.2359876953079647,0,0,-0.004769089312843872,4.863068461357364e-05,0.8750681072077272,1.0369714627066806,0.15613096533665136,0.004085206102667327,0.718921706966408,0.13469502194053518,0.16988416598100164,0.0,0.0,-0.08954950056476105
1148,14.78,0.0512091038406827,1.0,0.28735701069439107,0.17459072023849403,0.17459072023849403,0.17459072023849403,0.18735701069439106,0.17459072023849403,-0.012766290455897028,0.0,0.18735701069439106,0,0,0.009594384615928972,1.2766290455897028e-05,0.8834526758197858,1.0369714627066806,0.14804533432982173,0.0,0.335555645401271,0.058584901810700606,0.13092942352139628,0.0,0.0,-0.05171330949238842
1149,15.12,0.0230040595399188,1.0,0.27459072023849407,0.1998583398778133,0.1998583398778133,0.1998583398778133,0.17459072023849403,0.1998583398778133,0.025267619639319255,0.0,0.17459072023849403,0,0,0.004016295323483623,2.5267619639319256e-05,0.8869785599240181,1.0369714627066806,0.1446451596567125,0.0,0.31514767703498536,0.06298489154856143,0.10714883733090408,0.0,0.0,-0.03778105694916111
1150,15.66,0.035714285714285775,1.0,0.2998583398778133,0.21048389226372594,0.21048389226372594,0.21048389226372594,0.1998583398778133,0.21048389226372594,0.010625552385912646,0.025267619639319255,0.17459072023849403,0,0,0.007137797852779058,1.0625552385912645e-05,0.8933002089473512,1.0369714627066806,0.1385488983316106,0.0,0.2510327245993213,0.052838344959233126,0.08814016500081925,0.0,0.0,-0.04093303682919392
1151,15.31,-0.022349936143039567,1.0,0.31048389226372597,0.2295347008869209,0.2295347008869209,0.2295347008869209,0.21048389226372594,0.2295347008869209,0.01905080862319497,0.010625552385912646,0.1998583398778133,0,0,-0.004704301551232695,1.905080862319497e-05,0.88908083729736,1.0369714627066806,0.1426178354255764,0.004068937093965802,0.3677362478203114,0.08440822964871379,0.08683398762758235,0.0,0.0,-0.04998099483219901
1152,16.9,0.10385369039843227,1.0,0.32953470088692094,0.21681926064359727,0.21681926064359727,0.21681926064359727,0.2295347008869209,0.21681926064359727,-0.012715440243323634,0.01905080862319497,0.21048389226372594,1,0,0.02383802576160704,1.2715440243323634e-05,0.9102634641467474,1.0369714627066806,0.12219043929058829,0.0,0.4765090606404213,0.10331634221803121,0.09260281173423945,0.0,0.0,-0.0389057195861027
1153,16.27,-0.03727810650887568,1.0,0.3168192606435973,0.2806548805916037,0.2806548805916037,0.2806548805916037,0.21681926064359727,0.2806548805916037,0.06383561994800643,0.0,0.21681926064359727,0,0,-0.008082611491447697,6.383561994800644e-05,0.9028480509786401,1.0369714627066806,0.12934146845078504,0.007151029160196748,0.7764881828969732,0.21792519825174134,0.12760281173423946,0.0,0.0,-0.03532293688644271
1154,15.37,-0.0553165334972342,1.0,0.3806548805916037,0.25830791182930646,0.25830791182930646,0.25830791182930646,0.2806548805916037,0.25830791182930646,-0.022346968762297248,0.06383561994800643,0.21681926064359727,0,0,-0.01552485510340771,2.234696876229725e-05,0.8888112898896103,1.0369714627066806,0.14287777257663947,0.013536304125854437,0.5567864809821246,0.14382235323728046,0.1332796512603038,0.0,0.0,-0.0905776171575102
1155,15.25,-0.007807417046193834,1.0,0.35830791182930644,0.21600696109402778,0.21600696109402778,0.21600696109402778,0.25830791182930646,0.21600696109402778,-0.042300950735278675,0.0,0.25830791182930646,0,0,-0.002016717593982861,4.2300950735278676e-05,0.8869812109609728,1.0369714627066806,0.14464260313799424,0.0017648305613547632,0.2249816789320216,0.048597608767938234,0.10364093638797586,0.0,0.0,-0.07629764378322146
1156,16.32,0.07016393442622952,1.0,0.3160069610940278,0.2104918550717388,0.2104918550717388,0.2104918550717388,0.21600696109402778,0.2104918550717388,-0.005515106022288996,0.0,0.21600696109402778,0,0,0.015155898253810477,5.515106022288996e-06,0.9004193161519207,1.0369714627066806,0.13168361084724012,0.0,0.05475914857266333,0.01152635476520886,0.07140083282000742,0.0,0.0,-0.038276154042519224
1157,15.56,-0.04656862745098038,1.0,0.3104918550717388,0.2509886942816236,0.2509886942816236,0.2509886942816236,0.2104918550717388,0.2509886942816236,0.04049683920988484,0.0,0.2104918550717388,0,0,-0.009802316780301558,4.049683920988484e-05,0.8915566566436294,1.0369714627066806,0.14023028722843794,0.008546676381197826,0.38662726927306634,0.09703907348851662,0.08037421705398565,0.0,0.0,-0.044444710110834805
1158,15.97,0.026349614395886897,1.0,0.3509886942816236,0.22428036518552097,0.22428036518552097,0.22428036518552097,0.2509886942816236,0.22428036518552097,-0.026708329096102656,0.04049683920988484,0.2104918550717388,0,0,0.006613455312047925,2.6708329096102656e-05,0.8974291147619073,1.0369714627066806,0.13456720166680655,0.0,0.0,0.0,0.05224324108509067,0.0,0.0,-0.05675650950714919
1159,15.83,-0.008766437069505358,1.0,0.32428036518552095,0.24197749644652927,0.24197749644652927,0.24197749644652927,0.22428036518552097,0.24197749644652927,0.017697131261008303,0.0,0.22428036518552097,0,0,-0.00196613970732455,1.7697131261008302e-05,0.8956487618240235,1.0369714627066806,0.13628407913346005,0.0017168774666534992,0.052897095238301994,0.012799906675057942,0.038438074041579215,0.0,0.0,-0.04376110123941322
1160,17.09,0.07959570435881237,1.0,0.3419774964465293,0.23661224022649402,0.23661224022649402,0.23661224022649402,0.24197749644652927,0.23661224022649402,-0.005365256220035253,0.017697131261008303,0.22428036518552097,0,0,0.019260369268643517,5.365256220035253e-06,0.9128944823266673,1.0369714627066806,0.11965322561158076,0.0,0.16099784983512083,0.038094061921136624,0.03831766979942431,0.0,0.0,-0.03541516150063171
1161,15.17,-0.11234640140433001,1.0,0.33661224022649405,0.2885836720474291,0.2885836720474291,0.2885836720474291,0.23661224022649402,0.2885836720474291,0.051971431820935055,0.0,0.23661224022649402,0,1,-0.02658253371766346,5.1971431820935056e-05,0.8885799895362018,1.0369714627066806,0.14310082630736107,0.023447600695780307,0.47693367117971575,0.13763527015210347,0.07307882992286202,0.0,0.0,-0.08301232407921695
1162,16.9,0.11404087013843102,1.0,0.38858367204742905,0.21530991271306554,0.21530991271306554,0.21530991271306554,0.2885836720474291,0.21530991271306554,-0.07327375933436353,0.051971431820935055,0.23661224022649402,1,0,0.03291033306803243,7.327375933436354e-05,0.9177583433531245,1.0369714627066806,0.1149627773192414,0.0,0.0,0.0,0.047501239449860316,0.0,0.0,-0.053954907583633624
1163,16.69,-0.012426035502958422,1.0,0.3153099127130655,0.30324131567089596,0.30324131567089596,0.30324131567089596,0.21530991271306554,0.30324131567089596,0.08793140295783042,0.0,0.21530991271306554,0,0,-0.0026754486195114313,8.793140295783042e-05,0.915222228281648,1.0369714627066806,0.11740847149953902,0.0024456941802976223,0.36057612071949907,0.10934157724648871,0.06914535767868026,0.0,0.0,-0.012909941938817119
1164,16.23,-0.02756141402037153,1.0,0.40324131567089594,0.29559853337773134,0.29559853337773134,0.29559853337773134,0.30324131567089596,0.29559853337773134,-0.007642782293164618,0.08793140295783042,0.21530991271306554,0,0,-0.008357759449287742,7.642782293164618e-06,0.9075660262107883,1.0369714627066806,0.12479170464163114,0.007383233142092119,0.22704183828837393,0.06711323441342738,0.06843411453584175,0.0,0.0,-0.06461605082528835
1165,16.4,0.01047443006777561,1.0,0.3955985333777313,0.27252592463143155,0.27252592463143155,0.27252592463143155,0.29559853337773134,0.27252592463143155,-0.023072608746299794,0.0,0.29559853337773134,0,0,0.003096226166002081,2.3072608746299793e-05,0.9103551159726826,1.0369714627066806,0.1221020551554107,0.0,0.12393614014045043,0.03377581118702693,0.05630370836375657,0.0,0.0,-0.05989040008668322
1166,14.55,-0.11280487804878037,1.0,0.3725259246314315,0.28093108758416685,0.28093108758416685,0.28093108758416685,0.27252592463143155,0.28093108758416685,0.008405162952735301,0.0,0.27252592463143155,0,1,-0.030742253693179747,8.405162952735302e-06,0.8823610963634717,1.0369714627066806,0.14909799536782647,0.026995940212415775,0.0,0.0,0.03659741043644177,0.0,0.0,-0.11044817058796316
1167,14.0,-0.037800687285223414,1.0,0.3809310875841668,0.19656876884592633,0.19656876884592633,0.19656876884592633,0.28093108758416685,0.19656876884592633,-0.08436231873824052,0.008405162952735301,0.27252592463143155,0,0,-0.0106193881904668,8.436231873824052e-05,0.8729165233289685,1.0369714627066806,0.15820583813319164,0.009107842765365165,0.0,0.0,0.02378831678368715,0.0,0.0,-0.10308542030113294
1168,14.02,0.0014285714285713982,1.0,0.2965687688459263,0.16810675934184469,0.16810675934184469,0.16810675934184469,0.19656876884592633,0.16810675934184469,-0.028462009504081648,0.0,0.19656876884592633,0,0,0.00028081252692274596,2.8462009504081647e-05,0.8731368042652938,1.0369714627066806,0.1579934109408846,0.0,0.0,0.0,0.015462405909396649,0.0,0.0,-0.06399436314180316
1169,13.28,-0.052781740370898736,1.0,0.2681067593418447,0.1687706060730223,0.1687706060730223,0.1687706060730223,0.16810675934184469,0.1687706060730223,0.0006638467311776142,0.0,0.16810675934184469,0,0,-0.008872967326174402,6.638467311776141e-07,0.8653889103007543,1.0369714627066806,0.16546506685735138,0.007471655916466785,0.0,0.0,0.010050563841107822,0.0,0.0,-0.05845985901771664
1170,12.67,-0.045933734939759,1.0,0.2687706060730223,0.14542165063577314,0.14542165063577314,0.14542165063577314,0.1687706060730223,0.14542165063577314,-0.023348955437249158,0.0006638467311776142,0.16810675934184469,0,0,-0.007752264284980687,2.3348955437249158e-05,0.8586599808317089,1.0369714627066806,0.1719540877330866,0.006489020875735219,0.0,0.0,0.006532866496720085,0.0,0.0,-0.06945724778657558
1171,12.58,-0.007103393843725324,1.0,0.24542165063577315,0.12514349855763648,0.12514349855763648,0.12514349855763648,0.14542165063577314,0.12514349855763648,-0.020278152078136658,0.0,0.14542165063577314,0,0,-0.001032987257870526,2.027815207813666e-05,0.8577555839749917,1.0369714627066806,0.1728262398503267,0.0008721521172400937,0.0,0.0,0.004246363222868055,0.0,0.0,-0.06119762541929464
1172,12.6,0.00158982511923685,1.0,0.2251434985576365,0.12241798304305837,0.12241798304305837,0.12241798304305837,0.12514349855763648,0.12241798304305837,-0.002725515514578114,0.0,0.12514349855763648,0,0,0.000198956277516111,2.725515514578114e-06,0.8579239020068463,1.0369714627066806,0.17266392291306476,0.0,0.0,0.0,0.002760136094864236,0.0,0.0,-0.05111160720730611
1173,12.5,-0.007936507936507908,1.0,0.22241798304305838,0.12292522788331633,0.12292522788331633,0.12292522788331633,0.12241798304305837,0.12292522788331633,0.0005072448402579643,0.0,0.12241798304305837,0,0,-0.0009715712939925233,5.072448402579643e-07,0.8570899325937538,1.0369714627066806,0.17346815855800307,0.0008042356449383115,0.0,0.0,0.0017940884616617534,0.0,0.0,-0.05065554270590481
1174,12.36,-0.011200000000000045,1.0,0.22292522788331634,0.12041200734961915,0.12041200734961915,0.12041200734961915,0.12292522788331633,0.12041200734961915,-0.0025132205336971802,0.0005072448402579643,0.12241798304305837,0,0,-0.0013767625522931484,2.5132205336971803e-06,0.8559077692145934,1.0369714627066806,0.17460817390237396,0.0011400153443708871,0.0,0.0,0.0011661575000801398,0.0,0.0,-0.05258113453804199
1175,12.26,-0.008090614886731363,1.0,0.22041200734961916,0.11684946567111584,0.11684946567111584,0.11684946567111584,0.12041200734961915,0.11684946567111584,-0.0035625416785033115,0.0,0.12041200734961915,0,0,-0.000974207179204035,3.5625416785033116e-06,0.8550708885139873,1.0369714627066806,0.17541521703779617,0.0008070431354222085,0.0,0.0,0.0007580023750520909,0.0,0.0,-0.052709592055182865
1176,13.02,0.06199021207177812,1.0,0.21684946567111585,0.11432744413908863,0.11432744413908863,0.11432744413908863,0.11684946567111584,0.11432744413908863,-0.0025220215320272132,0.0,0.11684946567111584,0,0,0.007243523157426429,2.5220215320272134e-06,0.8612624577889872,1.0369714627066806,0.16944439768772565,0.0,0.0,0.0,0.0004927015437838591,0.0,0.0,-0.04396808269768787
1177,12.68,-0.026113671274961586,1.0,0.21432744413908864,0.13298625909063286,0.13298625909063286,0.13298625909063286,0.11432744413908863,0.13298625909063286,0.018658814951544228,0.0,0.11432744413908863,0,0,-0.0029855092939546943,1.865881495154423e-05,0.8586750805798994,1.0369714627066806,0.1719395263408656,0.002495128653139944,0.0,0.0,0.00032025600345950844,0.0,0.0,-0.04367088593707431
1178,13.45,0.060725552050473156,1.0,0.23298625909063286,0.1251889936654059,0.1251889936654059,0.1251889936654059,0.13298625909063286,0.1251889936654059,-0.007797265425226962,0.018658814951544228,0.11432744413908863,0,0,0.008075663998405935,7.797265425226962e-06,0.8656027566969493,1.0369714627066806,0.16525884479253497,0.0,0.0,0.0,0.0002081664022486805,0.0,0.0,-0.0457923463829028
1179,14.25,0.05947955390334578,1.0,0.2251889936654059,0.146066125857399,0.146066125857399,0.146066125857399,0.1251889936654059,0.146066125857399,0.02087713219199311,0.0,0.1251889936654059,0,0,0.007446185496827123,2.087713219199311e-05,0.8720301240867024,1.0369714627066806,0.15906063431046774,0.0,0.13347609863551796,0.01949633662225017,0.006959025979249202,0.0,0.0,-0.034218988888442506
1180,14.06,-0.013333333333333298,1.0,0.246066125857399,0.16543553993336596,0.16543553993336596,0.16543553993336596,0.146066125857399,0.16543553993336596,0.019369414075966956,0.02087713219199311,0.1251889936654059,0,0,-0.001947548344765315,1.9369414075966956e-05,0.8703149125493918,1.0369714627066806,0.1607146928829512,0.0016540585724834633,0.37455185015102177,0.06196418756277546,0.026210832533483393,0.0,0.0,-0.04789927507302467
1181,13.31,-0.05334281650071124,1.0,0.265435539933366,0.16026660651205718,0.16026660651205718,0.16026660651205718,0.16543553993336596,0.16026660651205718,-0.00516893342130878,0.019369414075966956,0.146066125857399,0,0,-0.008824797649361626,5.1689334213087805e-06,0.862630060955083,1.0369714627066806,0.16812555409821545,0.007410861215264242,0.36164370089104736,0.05795940870826959,0.03732283419465856,0.0,0.0,-0.06684586758417528
1182,13.13,-0.013523666416228378,1.0,0.2602666065120572,0.13710764088002722,0.13710764088002722,0.13710764088002722,0.16026660651205718,0.13710764088002722,-0.02315896563202996,0.0,0.16026660651205718,0,0,-0.002167392124129996,2.315896563202996e-05,0.8607404257349964,1.0369714627066806,0.1699478175722307,0.0018222634740152621,0.004064964495480619,0.0005573376922364178,0.02445491041881081,0.0,0.0,-0.06384468396321624
1183,12.72,-0.031226199543031234,1.0,0.23710764088002723,0.13141306899761207,0.13141306899761207,0.13141306899761207,0.13710764088002722,0.13141306899761207,-0.00569457188241515,0.0,0.13710764088002722,0,0,-0.004281350552993997,5.69457188241515e-06,0.8570503926890652,1.0369714627066806,0.17350628873430063,0.0035584711620699205,0.04259317997350789,0.005597300498686301,0.017854746946767232,0.0,0.0,-0.05776972044760546
1184,14.2,0.11635220125786153,1.0,0.23141306899761208,0.1202928446261986,0.1202928446261986,0.1202928446261986,0.13141306899761207,0.1202928446261986,-0.011120224371413467,0.0,0.13141306899761207,1,0,0.015290199851923402,1.1120224371413468e-05,0.8701453338837863,1.0369714627066806,0.16087822550820086,0.0,0.0,0.0,0.011605585515398701,0.0,0.0,-0.040256459857759934
1185,14.69,0.03450704225352114,1.0,0.2202928446261986,0.15975554324924335,0.15975554324924335,0.15975554324924335,0.1202928446261986,0.15975554324924335,0.039462698623044745,0.0,0.1202928446261986,0,0,0.004150950272312489,3.9462698623044746e-05,0.8737229256113533,1.0369714627066806,0.15742818675956563,0.0,0.07785226268987923,0.012437330519204455,0.011896696266730716,0.0,0.0,-0.02739866767240006
1186,15.8,0.07556160653505795,1.0,0.2597555432492433,0.1705369059018872,0.1705369059018872,0.1705369059018872,0.15975554324924335,0.1705369059018872,0.010781362652643844,0.039462698623044745,0.1202928446261986,0,0,0.012071385500793758,1.0781362652643845e-05,0.8842605519435703,1.0369714627066806,0.14726626166211704,0.0,0.28123457956613146,0.04796087503182617,0.024519158834514124,0.0,0.0,-0.036687442203412676
1187,15.93,0.008227848101265759,1.0,0.27053690590188717,0.2022929102200852,0.2022929102200852,0.2022929102200852,0.1705369059018872,0.2022929102200852,0.031756004318198,0.010781362652643844,0.15975554324924335,0,0,0.0014031517574205799,3.1756004318198e-05,0.8854732231091419,1.0369714627066806,0.1460968262348332,0.0,0.6517892550309022,0.13185234525038253,0.05951915883451413,0.0,0.0,-0.041845140552802
1188,15.95,0.001255492780916483,1.0,0.3022929102200852,0.20594742000283064,0.20594742000283064,0.20594742000283064,0.2022929102200852,0.20594742000283064,0.003654509782745452,0.031756004318198,0.1705369059018872,0,0,0.00025397728841190315,3.654509782745452e-06,0.8856948772267522,1.0369714627066806,0.1458830748196961,0.0,0.6770996943608758,0.13944693513832754,0.0874938805408488,0.0,0.0,-0.05719567909918721
1189,15.82,-0.008150470219435674,1.0,0.30594742000283065,0.20661541111946524,0.20661541111946524,0.20661541111946524,0.20594742000283064,0.20661541111946524,0.0006679911166345975,0.003654509782745452,0.2022929102200852,0,0,-0.001678568313502682,6.679911166345976e-07,0.8842075862340977,1.0369714627066806,0.14731733896884872,0.0014342641491526253,0.6956811936980167,0.14373845584399605,0.10717948189695034,0.0,0.0,-0.060850693624046256
1190,15.73,-0.005689001264222494,1.0,0.3066154111194652,0.2021333280969268,0.2021333280969268,0.2021333280969268,0.20661541111946524,0.2021333280969268,-0.004482083022538441,0.0006679911166345975,0.20594742000283064,0,0,-0.001175435335066488,4.482083022538441e-06,0.8831642943018937,1.0369714627066806,0.1483234340927018,0.001006095123853079,0.514087675241845,0.1039142527302462,0.10603665168860388,0.0,0.0,-0.060504206875405
1191,16.83,0.0699300699300698,1.0,0.30213332809692683,0.1989892762173217,0.1989892762173217,0.1989892762173217,0.2021333280969268,0.1989892762173217,-0.003144051879605092,0.0,0.2021333280969268,0,0,0.014135197769015834,3.144051879605092e-06,0.8956452195500249,1.0369714627066806,0.13628749511367366,0.0,0.39331988891627273,0.07826644001732648,0.09631707760365679,0.0,0.0,-0.04287374545554992
1192,16.12,-0.04218657159833615,1.0,0.29898927621732174,0.2366015765830148,0.2366015765830148,0.2366015765830148,0.1989892762173217,0.2366015765830148,0.0376123003656931,0.0,0.1989892762173217,0,0,-0.008394675348443131,3.7612300365693104e-05,0.8880928814274984,1.0369714627066806,0.14357056740074844,0.007283072287074782,0.45107901370236947,0.10672600580549196,0.0999602024742991,0.0,0.0,-0.04546920785479998
1193,15.93,-0.011786600496277994,1.0,0.3366015765830148,0.21384196207097497,0.21384196207097497,0.21384196207097497,0.2366015765830148,0.21384196207097497,-0.02275961451203984,0.0376123003656931,0.1989892762173217,0,0,-0.0027887282599735183,2.275961451203984e-05,0.885596019059948,1.0369714627066806,0.14597840836585385,0.0024078409651054067,0.2239589615794843,0.04789182376753502,0.08173626992693167,0.0,0.0,-0.06721251015346409
1194,15.75,-0.01129943502824857,1.0,0.313841962070975,0.20631748102784947,0.20631748102784947,0.20631748102784947,0.21384196207097497,0.20631748102784947,-0.007524481043125503,0.0,0.21384196207097497,0,0,-0.002416293356734177,7.524481043125503e-06,0.8834494956318859,1.0369714627066806,0.14804840113350368,0.0020699927676498253,0.14917509874178625,0.030777430604486056,0.0639006761640757,0.0,0.0,-0.058174322752862044
1195,17.54,0.1136507936507936,1.0,0.3063174810278495,0.19984874725529486,0.19984874725529486,0.19984874725529486,0.20631748102784947,0.19984874725529486,-0.006468733772554608,0.0,0.20631748102784947,1,0,0.023448145462847642,6.468733772554608e-06,0.9041590331149529,1.0369714627066806,0.1280772271640567,0.0,0.1046690198819861,0.020917972499854474,0.048856729881598275,0.0,0.0,-0.03118522641276479
1196,19.25,0.09749144811858614,1.0,0.29984874725529487,0.2622586753230334,0.2622586753230334,0.2622586753230334,0.19984874725529486,0.2622586753230334,0.06240992806773851,0.0,0.19984874725529486,0,0,0.019483543774604012,6.240992806773851e-05,0.9217188267156332,1.0369714627066806,0.11114349828896684,0.0,0.5473161720638815,0.14353841426834696,0.08199531941696031,0.0,0.0,-0.006116420443534278
1197,19.92,0.034805194805194895,1.0,0.36225867532303335,0.3151765637104096,0.3151765637104096,0.3151765637104096,0.2622586753230334,0.3151765637104096,0.05291788838737621,0.06240992806773851,0.19984874725529486,0,0,0.009127964283970535,5.291788838737621e-05,0.93008346783176,1.0369714627066806,0.10307708429692354,0.0,0.6836630950429153,0.21547458503124922,0.11699531941696031,0.0,0.0,-0.021730742191566507
1198,20.69,0.038654618473895556,1.0,0.41517656371040956,0.3403841130436669,0.3403841130436669,0.3403841130436669,0.3151765637104096,0.3403841130436669,0.025207549333257306,0.05291788838737621,0.2622586753230334,0,0,0.012183029822139318,2.5207549333257306e-05,0.9413912573325336,1.0369714627066806,0.09217245489539859,0.0,0.7899456808348492,0.2688849599236457,0.15199531941696032,0.0,0.0,-0.0329242806410406
1199,20.54,-0.007249879168680625,1.0,0.44038411304366687,0.3989221792718374,0.3989221792718374,0.3989221792718374,0.3403841130436669,0.3989221792718374,0.05853806622817048,0.025207549333257306,0.3151765637104096,0,0,-0.0024677436905051115,5.8538066228170484e-05,0.9390130377731863,1.0369714627066806,0.09446588306085617,0.0022934281654575783,0.8332222517380421,0.3323908364811272,0.1869953194169603,0.0,0.0,-0.030010981850279547
1200,21.96,0.06913339824732238,1.0,0.49892217927183735,0.3845882400924176,0.3845882400924176,0.3845882400924176,0.3989221792718374,0.3845882400924176,-0.014333939179419775,0.05853806622817048,0.3403841130436669,0,0,0.027578845889289667,1.4333939179419774e-05,0.9648964738741946,1.0369714627066806,0.06950527707325464,0.0,0.8080004368220322,0.31074746599129,0.2219953194169603,0.0,0.0,-0.03634820310802452
1201,24.36,0.10928961748633872,1.0,0.48458824009241763,0.5405920356526921,0.48458824009241763,0.48458824009241763,0.3845882400924176,0.3845882400924176,0.0,0.0,0.3845882400924176,1,0,0.04203150164944452,0.0,1.005452521607381,1.0369714627066806,0.030395186591759694,0.0,0.8282043723085928,0.4477206875627623,0.2569953194169603,0.0,0.0,0.0351649521381679
1202,23.93,-0.017651888341543503,1.0,0.48458824009241763,0.7480240628136278,0.48458824009241763,0.48458824009241763,0.3845882400924176,0.48458824009241763,0.10000000000000003,0.0,0.3845882400924176,0,0,-0.00678870867158208,0.00010000000000000003,0.9985262521029202,1.0369714627066806,0.037074511677892774,0.00667932508613308,0.8862228841262898,0.6629160423425582,0.2919953194169603,0.0,0.0,-0.011929713235062386
1203,22.4,-0.06393648140409533,1.0,0.5845882400924176,0.7146274499616508,0.5845882400924176,0.5845882400924176,0.48458824009241763,0.5845882400924176,0.09999999999999998,0.10000000000000003,0.3845882400924176,0,0,-0.030982867001312142,9.999999999999998e-05,0.9674891934114865,1.0369714627066806,0.06700499656358233,0.029930484885689557,0.8108135607071587,0.579429627282483,0.32699531941696025,0.0,0.0,-0.07314463891414563
1204,20.99,-0.06294642857142858,1.0,0.6845882400924176,0.5562187902640321,0.5562187902640321,0.5562187902640321,0.5845882400924176,0.5562187902640321,-0.028369449828385518,0.09999999999999998,0.48458824009241763,0,0,-0.03679774189867451,2.8369449828385517e-05,0.9318603286464419,1.0369714627066806,0.10136357444772871,0.03435857788414638,0.5313110370216148,0.2955251822660909,0.315980771414156,0.0,0.0,-0.15143964670926463
1205,20.91,-0.0038113387327297905,1.0,0.6562187902640321,0.34573882203554474,0.34573882203554474,0.34573882203554474,0.5562187902640321,0.34573882203554474,-0.21047996822848736,0.0,0.5562187902640321,0,0,-0.0021199382192054134,0.00021047996822848736,0.929688704388416,1.0369714627066806,0.10345777311772637,0.00209419866999766,0.2564301489098976,0.08865785761850734,0.23641775158567896,0.0,0.0,-0.1606402273467362
1206,20.88,-0.001434720229555291,1.0,0.4457388220355447,0.3391944648699323,0.3391944648699323,0.3391944648699323,0.34573882203554474,0.3391944648699323,-0.006544357165612413,0.0,0.34573882203554474,0,0,-0.0004960384821170126,6.544357165612413e-06,0.9292214587997155,1.0369714627066806,0.1039083598556496,0.00045058673792322534,0.021242740549203776,0.007205420012957987,0.1561934355352266,0.0,0.0,-0.05387187393484088
1207,21.7,0.03927203065134101,1.0,0.4391944648699323,0.3377863749863244,0.3377863749863244,0.3377863749863244,0.3391944648699323,0.3377863749863244,-0.0014080898836079103,0.0,0.3391944648699323,0,0,0.013320855421137192,1.4080898836079104e-06,0.941598175079269,1.0369714627066806,0.09197291445077022,0.0,0.0,0.0,0.1015257330978973,0.0,0.0,-0.03725531388122703
1208,23.1,0.06451612903225816,1.0,0.43778637498632444,0.40016926676534503,0.40016926676534503,0.40016926676534503,0.3377863749863244,0.40016926676534503,0.06238289177902062,0.0,0.3377863749863244,0,0,0.021792669353956445,6.238289177902062e-05,0.9620593731560052,1.0369714627066806,0.0722412257663692,0.0,0.0,0.0,0.06599172651363325,0.0,0.0,0.0028474125252822445
1209,22.27,-0.03593073593073601,1.0,0.500169266765345,0.523492347823506,0.500169266765345,0.500169266765345,0.40016926676534503,0.500169266765345,0.09999999999999998,0.06238289177902062,0.3377863749863244,0,0,-0.014378376251741865,9.999999999999998e-05,0.9481303155749377,1.0369714627066806,0.08567366637057852,0.013432440604209325,0.3294445682065691,0.172461710488158,0.10099172651363325,0.0,0.0,-0.02318880739789148
1210,22.48,0.009429726088908885,1.0,0.600169266765345,0.4395395781884969,0.4395395781884969,0.4395395781884969,0.500169266765345,0.4395395781884969,-0.060629688576848084,0.09999999999999998,0.40016926676534503,0,0,0.004716459183687602,6.0629688576848086e-05,0.9525446486634003,1.0369714627066806,0.08141671885831003,0.0,0.3361751520133692,0.14776228451341014,0.11736142181355516,0.0,0.0,-0.0780140464857607
1211,21.76,-0.032028469750889625,1.0,0.539539578188497,0.4661455083671893,0.4661455083671893,0.4661455083671893,0.4395395781884969,0.4661455083671893,0.026605930178692394,0.0,0.4395395781884969,0,0,-0.01407778008432906,2.6605930178692396e-05,0.9391095912425981,1.0369714627066806,0.09437277204200546,0.012956053183695429,0.3611617537665121,0.16835392931227644,0.1352087994381076,0.0,0.0,-0.058829952920102034
1212,21.78,0.0009191176470588039,1.0,0.5661455083671894,0.38517017700315154,0.38517017700315154,0.38517017700315154,0.4661455083671893,0.38517017700315154,-0.08097533136403778,0.026605930178692394,0.4395395781884969,0,0,0.000428442562837481,8.097533136403779e-05,0.9394359010523174,1.0369714627066806,0.09405809625635979,0.0,0.20568726712362637,0.07922460108530167,0.11561433001462554,0.0,0.0,-0.09201853095318276
1213,21.56,-0.010101010101010211,1.0,0.48517017700315157,0.38713689745004665,0.38713689745004665,0.38713689745004665,0.38517017700315154,0.38713689745004665,0.0019667204468951094,0.0,0.38517017700315154,0,0,-0.0038906078485167247,1.9667204468951093e-06,0.9357790767547097,1.0369714627066806,0.09758454267183081,0.0035264464154710212,0.073367046505455,0.028403090759195136,0.0850903962752249,0.0,0.0,-0.05338898892236378
1214,21.7,0.00649350649350652,1.0,0.4871368974500466,0.3650965899287776,0.3650965899287776,0.3650965899287776,0.38713689745004665,0.3650965899287776,-0.022040307521269065,0.0019667204468951094,0.38517017700315154,0,0,0.0025138759574678455,2.2040307521269065e-05,0.9381108844186412,1.0369714627066806,0.09533587166419763,0.0,0.0,0.0,0.05530875757889619,0.0,0.0,-0.05846637854504169
1215,22.14,0.020276497695852595,1.0,0.46509658992877756,0.37915080637291854,0.37915080637291854,0.37915080637291854,0.3650965899287776,0.37915080637291854,0.014054216444140955,0.0,0.3650965899287776,0,0,0.007402880164454498,1.4054216444140956e-05,0.9450424224635446,1.0369714627066806,0.08865146587851586,0.0,0.0,0.0,0.03595069242628252,0.0,0.0,-0.03549201830403384
1216,20.43,-0.07723577235772361,1.0,0.4791508063729185,0.4209283538207476,0.4209283538207476,0.4209283538207476,0.37915080637291854,0.4209283538207476,0.04177754744782908,0.014054216444140955,0.3650965899287776,0,0,-0.029284005370266077,4.177754744782908e-05,0.9173283135343482,1.0369714627066806,0.11537747515253935,0.026726009274023493,0.0,0.0,0.02336795007708364,0.0,0.0,-0.09188900055305145
1217,22.68,0.11013215859030837,1.0,0.5209283538207476,0.3019453803083347,0.3019453803083347,0.3019453803083347,0.4209283538207476,0.3019453803083347,-0.11898297351241294,0.04177754744782908,0.37915080637291854,1,0,0.04635774821814401,0.00011898297351241294,0.9597444420761168,1.0369714627066806,0.0744736218960043,0.0,0.0,0.0,0.015189167550104367,0.0,0.0,-0.06354269729829708
1218,25.16,0.10934744268077604,1.0,0.4019453803083347,0.5095398783706392,0.4019453803083347,0.4019453803083347,0.3019453803083347,0.3019453803083347,0.0,0.0,0.3019453803083347,1,0,0.03301695516599075,0.0,0.9914322812909526,1.0369714627066806,0.04391555896520296,0.0,0.17379870400432224,0.08855737049933707,0.040868038582335814,0.0,0.0,0.031241777179806002
1219,24.01,-0.04570747217806036,1.0,0.4019453803083347,0.6804222069710585,0.4019453803083347,0.4019453803083347,0.3019453803083347,0.4019453803083347,0.10000000000000003,0.0,0.3019453803083347,0,0,-0.013801160069737061,0.00010000000000000003,0.9776502224504225,1.0369714627066806,0.05720624182021272,0.013290682855009762,0.5753176358676813,0.39145889550645946,0.07586803858233582,0.0,0.0,-0.025257259343768126
1220,23.43,-0.02415660141607671,1.0,0.5019453803083347,0.6139687836216704,0.5019453803083347,0.5019453803083347,0.4019453803083347,0.5019453803083347,0.09999999999999998,0.10000000000000003,0.3019453803083347,0,0,-0.00970963434314181,9.999999999999998e-05,0.9680598312526927,1.0369714627066806,0.06645470384895287,0.009248462028740148,0.39435850813812545,0.2421238135524215,0.11086803858233582,0.0,0.0,-0.011958413836250476
1221,22.99,-0.01877934272300475,1.0,0.6019453803083347,0.5596581179658723,0.5596581179658723,0.5596581179658723,0.5019453803083347,0.5596581179658723,0.057712737657537594,0.09999999999999998,0.4019453803083347,0,0,-0.009426204325039177,5.77127376575376e-05,0.958878832101364,1.0369714627066806,0.07530837001191996,0.008853666162967094,0.23768098478894023,0.1330200926232534,0.11862125749665697,0.0,0.0,-0.03144469518743403
1222,21.15,-0.08003479773814702,1.0,0.6596581179658723,0.5043227024400312,0.5043227024400312,0.5043227024400312,0.5596581179658723,0.5043227024400312,-0.05533541552584109,0.057712737657537594,0.5019453803083347,0,0,-0.04479212427391061,5.5335415525841096e-05,0.9158755523316442,1.0369714627066806,0.1167784406129697,0.041470070601049736,0.36337029035375584,0.18325588681762495,0.14124337775899576,0.0,0.0,-0.18726872302279712
1223,20.94,-0.009929078014184271,1.0,0.6043227024400312,0.29756737258350824,0.29756737258350824,0.29756737258350824,0.5043227024400312,0.29756737258350824,-0.20675532985652295,0.0,0.5043227024400312,0,0,-0.00500745945685131,0.00020675532985652296,0.9110999804838924,1.0369714627066806,0.12138374752786463,0.004605306914894927,0.0,0.0,0.09180819554334725,0.0,0.0,-0.15919011075065279
1224,21.56,0.029608404966571033,1.0,0.39756737258350827,0.28317578453654135,0.28317578453654135,0.28317578453654135,0.29756737258350824,0.28317578453654135,-0.014391588046966886,0.0,0.29756737258350824,0,0,0.008810495272291038,1.4391588046966886e-05,0.9191141103789413,1.0369714627066806,0.11365534787245792,0.0,0.0,0.0,0.05967532710317572,0.0,0.0,-0.04832826854165058
1225,21.9,0.015769944341372907,1.0,0.38317578453654133,0.307327027805683,0.307327027805683,0.307327027805683,0.28317578453654135,0.307327027805683,0.024151243269141642,0.0,0.28317578453654135,0,0,0.004465666360965864,2.4151243269141644e-05,0.9231963695950779,1.0369714627066806,0.10971863470054366,0.0,0.0,0.0,0.038788962617064215,0.0,0.0,-0.03343966632370295
1226,21.15,-0.03424657534246576,1.0,0.407327027805683,0.31962926350571924,0.31962926350571924,0.31962926350571924,0.307327027805683,0.31962926350571924,0.012302235700036246,0.024151243269141642,0.28317578453654135,0,0,-0.010524898212523393,1.2302235700036245e-05,0.9134684643955824,1.0369714627066806,0.11909970790202207,0.009381073201478407,0.0,0.0,0.02521282570109174,0.0,0.0,-0.05429866058470551
1227,20.58,-0.026950354609929093,1.0,0.4196292635057193,0.2903134174652408,0.2903134174652408,0.2903134174652408,0.31962926350571924,0.2903134174652408,-0.029315846040478433,0.012302235700036246,0.307327027805683,0,0,-0.008614121995189601,2.9315846040478435e-05,0.9055729565036552,1.0369714627066806,0.12671371482109242,0.007614006919070354,0.0,0.0,0.016388336705709633,0.0,0.0,-0.07328034740034806
1228,20.71,0.006316812439261544,1.0,0.39031341746524084,0.2665196623663608,0.2665196623663608,0.2665196623663608,0.2903134174652408,0.2665196623663608,-0.023793755098879987,0.0,0.2903134174652408,0,0,0.0018338554067289627,2.3793755098879986e-05,0.9072120993849758,1.0369714627066806,0.12513301280539552,0.0,0.0,0.0,0.010652418858711262,0.0,0.0,-0.060052801881492916
1229,20.78,0.003380009657170463,1.0,0.3665196623663608,0.27145935073593086,0.27145935073593086,0.27145935073593086,0.2665196623663608,0.27145935073593086,0.004939688369570039,0.0,0.2665196623663608,0,0,0.0009008390326241107,4.939688369570039e-06,0.9080248701099146,1.0369714627066806,0.12434922004525792,0.0,0.0,0.0,0.00692407225816232,0.0,0.0,-0.04653288387727355
1230,21.12,0.016361886429258895,1.0,0.37145935073593084,0.27390868254101025,0.27390868254101025,0.27390868254101025,0.27145935073593086,0.27390868254101025,0.002449331805079391,0.004939688369570039,0.2665196623663608,0,0,0.004441587066901658,2.449331805079391e-06,0.9120557175752256,1.0369714627066806,0.12046208562519414,0.0,0.0,0.0,0.004500646967805508,0.0,0.0,-0.0442254393939797
1231,20.77,-0.016571969696969762,1.0,0.3739086825410103,0.2860559927307612,0.2860559927307612,0.2860559927307612,0.27390868254101025,0.2860559927307612,0.01214731018975096,0.002449331805079391,0.27145935073593086,0,0,-0.004539206386806533,1.214731018975096e-05,0.9079046294131731,1.0369714627066806,0.12446517376343229,0.004003088138238145,0.0,0.0,0.0029254205290735803,0.0,0.0,-0.048397677410732795
1232,20.95,0.008666345690900324,1.0,0.3860559927307612,0.27354632821029623,0.27354632821029623,0.27354632821029623,0.2860559927307612,0.27354632821029623,-0.01250966452046498,0.01214731018975096,0.27390868254101025,0,0,0.0024790601199584468,1.2509664520464981e-05,0.9101440219903464,1.0369714627066806,0.12230562293902666,0.0,0.0,0.0,0.0019015233438978273,0.0,0.0,-0.05371283438989635
1233,22.22,0.06062052505966585,1.0,0.3735463282102962,0.2802949244165193,0.2802949244165193,0.2802949244165193,0.27354632821029623,0.2802949244165193,0.00674859620622309,0.0,0.27354632821029623,0,0,0.01658252204425184,6.74859620622309e-06,0.9252303631039515,1.0369714627066806,0.1077571597882404,0.0,0.0,0.0,0.0012359901735335879,0.0,0.0,-0.029952510727706893
1234,23.43,0.0544554455445545,1.0,0.38029492441651935,0.32575887944579623,0.32575887944579623,0.32575887944579623,0.2802949244165193,0.32575887944579623,0.045463955029276915,0.00674859620622309,0.27354632821029623,0,0,0.015263584992978786,4.5463955029276915e-05,0.9393106307576533,1.0369714627066806,0.09417890025065405,0.0,0.23334720474053752,0.0760149239380863,0.02740861699112704,0.0,0.0,-0.014463737647537875
1235,22.63,-0.034144259496372203,1.0,0.42575887944579627,0.38638187423882475,0.38638187423882475,0.38638187423882475,0.32575887944579623,0.38638187423882475,0.06062299479302852,0.045463955029276915,0.2802949244165193,0,0,-0.011122795713044696,6.062299479302852e-05,0.9288059266771673,1.0369714627066806,0.10430907688354502,0.010130176632890966,0.42498859270534983,0.16420788897961358,0.06240861699112704,0.0,0.0,-0.03477573569070049
1236,20.7,-0.08528501988510825,1.0,0.48638187423882473,0.33653414193557646,0.33653414193557646,0.33653414193557646,0.38638187423882475,0.33653414193557646,-0.04984773230324829,0.06062299479302852,0.32575887944579623,0,0,-0.032952585827703565,4.984773230324829e-05,0.8981530707918636,1.0369714627066806,0.133869057063997,0.029559980180451972,0.25000189315160226,0.08413417259404414,0.07001256145214801,0.0,0.0,-0.14956277247285862
1237,19.95,-0.036231884057971016,1.0,0.4365341419355765,0.24415921270979624,0.24415921270979624,0.24415921270979624,0.33653414193557646,0.24415921270979624,-0.09237492922578022,0.0,0.33653414193557646,0,0,-0.012193266012158567,9.237492922578022e-05,0.887118684653713,1.0369714627066806,0.14451003083713132,0.010640973773134332,0.0,0.0,0.04550816494389621,0.0,0.0,-0.10996763805789814
1238,19.95,0.0,1.0,0.3441592127097962,0.21090615391905132,0.21090615391905132,0.21090615391905132,0.24415921270979624,0.21090615391905132,-0.033253058790744916,0.0,0.24415921270979624,0,0,0.0,3.325305879074492e-05,0.8870891852439379,1.0369714627066806,0.14453847849537077,2.8447658239449947e-05,0.0,0.0,0.029580307213532536,0.0,0.0,-0.06667631331103592
1239,19.85,-0.005012531328320695,1.0,0.3109061539190513,0.21081725917930538,0.21081725917930538,0.21081725917930538,0.21090615391905132,0.21081725917930538,-8.88947397459372e-05,0.0,0.21090615391905132,0,0,-0.0010571737038548713,8.88947397459372e-08,0.8861512990267617,1.0369714627066806,0.14544292596659444,0.0009044474712236739,0.0,0.0,0.01922719968879615,0.0,0.0,-0.051002197094609826
1240,19.84,-0.0005037783375315648,1.0,0.31081725917930536,0.2079908348637689,0.2079908348637689,0.2079908348637689,0.21081725917930538,0.2079908348637689,-0.00282642431553648,0.0,0.21081725917930538,0,0,-0.00010620516835231149,2.82642431553648e-06,0.8860546805392842,1.0369714627066806,0.14553609968540188,9.317371880743219e-05,0.0,0.0,0.012497679797717497,0.0,0.0,-0.05143329784705459
1241,19.34,-0.02520161290322581,1.0,0.3079908348637689,0.20769970342694777,0.20769970342694777,0.20769970342694777,0.2079908348637689,0.20769970342694777,-0.00029113143682113485,0.0,0.2079908348637689,0,0,-0.005241704507655467,2.9113143682113487e-07,0.8814099857678999,1.0369714627066806,0.15001519572461283,0.004479096039210956,0.0,0.0,0.008123491868516373,0.0,0.0,-0.05528984399555773
1242,19.36,0.0010341261633919118,1.0,0.30769970342694775,0.19370253049032557,0.19370253049032557,0.19370253049032557,0.20769970342694777,0.19370253049032557,-0.013997172936622199,0.0,0.20769970342694777,0,0,0.0002147876974425474,1.39971729366222e-05,0.8815869645412469,1.0369714627066806,0.14984452682994043,0.0,0.0,0.0,0.005280269714535643,0.0,0.0,-0.05675307693298016
1243,18.55,-0.04183884297520655,1.0,0.2937025304903256,0.19423585236267246,0.19423585236267246,0.19423585236267246,0.19370253049032557,0.19423585236267246,0.0005333218723468924,0.0,0.19370253049032557,0,0,-0.00810428975708489,5.333218723468925e-07,0.8744418581649251,1.0369714627066806,0.1567348865295909,0.006890359699650461,0.0,0.0,0.003432175314448168,0.0,0.0,-0.057746123797725236
1244,18.86,0.01671159029649589,1.0,0.29423585236267247,0.17270348817331682,0.17270348817331682,0.17270348817331682,0.19423585236267246,0.17270348817331682,-0.02153236418935564,0.0005333218723468924,0.19370253049032557,0,0,0.0032459899855756453,2.153236418935564e-05,0.8772614588789441,1.0369714627066806,0.15401581390761213,0.0,0.0,0.0,0.002230913954391309,0.0,0.0,-0.05753136155194663
1245,20.9,0.10816542948038171,1.0,0.2727034881733168,0.18120059594722987,0.18120059594722987,0.18120059594722987,0.17270348817331682,0.17270348817331682,0.0,0.0,0.17270348817331682,1,0,0.018680546971026838,0.0,0.8936491827674039,1.0369714627066806,0.13821236658256725,0.0,0.0,0.0,0.0014500940703543511,0.0,0.0,-0.026985172946008974
1246,19.79,-0.05311004784688993,1.0,0.2727034881733168,0.23058635033816355,0.23058635033816355,0.23058635033816355,0.17270348817331682,0.23058635033816355,0.05788286216484673,0.0,0.17270348817331682,0,0,-0.009172290520209646,5.788286216484673e-05,0.8854006458674436,1.0369714627066806,0.14616681585779626,0.007954449275229009,0.17816764639995264,0.041083027331705525,0.015321620711827261,0.0,0.0,-0.03271574465435043
1247,20.88,0.05507832238504295,1.0,0.3305863503381635,0.20572869889618492,0.20572869889618492,0.20572869889618492,0.23058635033816355,0.20572869889618492,-0.02485765144197863,0.05788286216484673,0.17270348817331682,0,0,0.01270030934151583,2.485765144197863e-05,0.8966234989804968,1.0369714627066806,0.13534409458081964,0.0,0.016611014335128634,0.00341736236651189,0.011155130290966882,0.0,0.0,-0.049972032585861595
1248,18.77,-0.10105363984674327,1.0,0.3057286988961849,0.23954972475905198,0.23954972475905198,0.23954972475905198,0.20572869889618492,0.23954972475905198,0.03382102586286706,0.0,0.20572869889618492,0,1,-0.02078963384439416,3.382102586286706e-05,0.8779527000138644,1.0369714627066806,0.15334921780561722,0.01800512322479758,0.24515767862215374,0.058727454436505046,0.027805443741905238,0.0,0.0,-0.07307359252581047
1249,19.13,0.01917954182205644,1.0,0.339549724759052,0.18328368514984625,0.18328368514984625,0.18328368514984625,0.23954972475905198,0.18328368514984625,-0.05626603960920573,0.03382102586286706,0.20572869889618492,0,0,0.004594453964478347,5.626603960920573e-05,0.8819370143556736,1.0369714627066806,0.14950695744928158,0.0,0.0,0.0,0.018073538432238405,0.0,0.0,-0.0737019485528213
1250,20.04,0.04756926293779405,1.0,0.28328368514984625,0.19529076144292623,0.19529076144292623,0.19529076144292623,0.18328368514984625,0.19529076144292623,0.012007076293079982,0.0,0.18328368514984625,0,0,0.008718669811100895,1.2007076293079983e-05,0.8896157424930118,1.0369714627066806,0.14210200136949197,0.0,0.0,0.0,0.011747799980954963,0.0,0.0,-0.03523753251771519
1251,20.25,0.010479041916167707,1.0,0.2952907614429262,0.21843124032185032,0.21843124032185032,0.21843124032185032,0.19529076144292623,0.21843124032185032,0.023140478878924092,0.012007076293079982,0.18328368514984625,0,0,0.002046460075000732,2.3140478878924093e-05,0.8914157194578164,1.0369714627066806,0.14036619953738916,0.0,0.0,0.0,0.007636069987620726,0.0,0.0,-0.036385001220348386
1252,20.36,0.005432098765432071,1.0,0.31843124032185033,0.2238556355253729,0.2238556355253729,0.2238556355253729,0.21843124032185032,0.2238556355253729,0.005424395203522586,0.023140478878924092,0.19529076144292623,0,0,0.0011865400708841191,5.424395203522586e-06,0.8924685845376162,1.0369714627066806,0.13935087258031775,0.0,0.06784052219498495,0.015186483210331522,0.010278714615569505,0.0,0.0,-0.04692264147937885
1253,19.7,-0.03241650294695482,1.0,0.3238556355253729,0.22702851183866196,0.22702851183866196,0.22702851183866196,0.2238556355253729,0.22702851183866196,0.0031728763132890525,0.005424395203522586,0.21843124032185032,0,0,-0.007256616868700695,3.1728763132890526e-06,0.8859894502598429,1.0369714627066806,0.14559900428961442,0.006248131709296667,0.0,0.0,0.006681164500120179,0.0,0.0,-0.05557916471547537
1254,19.44,-0.013197969543147108,1.0,0.327028511838662,0.20750310123144888,0.20750310123144888,0.20750310123144888,0.22702851183866196,0.20750310123144888,-0.01952541060721308,0.0031728763132890525,0.2238556355253729,0,0,-0.002996315384672673,1.952541060721308e-05,0.8833174471315616,1.0369714627066806,0.14817574166800562,0.002576737378391203,0.11357722691853797,0.023567626814864625,0.012591426310280734,0.0,0.0,-0.06431273343141004
1255,18.76,-0.034979423868312744,1.0,0.30750310123144886,0.19945079311916666,0.19945079311916666,0.19945079311916666,0.20750310123144888,0.19945079311916666,-0.00805230811228222,0.0,0.20750310123144888,0,0,-0.007258338931964259,8.05230811228222e-06,0.876898916971518,1.0369714627066806,0.15436542999683395,0.006189688328828324,0.012782582350436465,0.0025494961879056147,0.009076750767449442,0.0,0.0,-0.0614040930314362
1256,18.67,-0.004797441364605535,1.0,0.29945079311916667,0.18010801486883338,0.18010801486883338,0.18010801486883338,0.19945079311916666,0.18010801486883338,-0.019342778250333287,0.0,0.19945079311916666,0,0,-0.0009568534851132713,1.9342778250333286e-05,0.8760428915254228,1.0369714627066806,0.15519093530424213,0.0008255053074081864,0.0,0.0,0.005899887998842138,0.0,0.0,-0.06062668364169711
1257,17.65,-0.05463310123192303,1.0,0.2801080148688334,0.1775283444694382,0.1775283444694382,0.1775283444694382,0.18010801486883338,0.1775283444694382,-0.0025796703993951897,0.0,0.18010801486883338,0,0,-0.009839859409009673,2.57967039939519e-06,0.8674204927346345,1.0369714627066806,0.16350591705724266,0.008314981753000522,0.0,0.0,0.0038349271992473895,0.0,0.0,-0.06105369590667693
1258,17.53,-0.006798866855523935,1.0,0.2775283444694382,0.15154402554283258,0.15154402554283258,0.15154402554283258,0.1775283444694382,0.15154402554283258,-0.025984318926605604,0.0,0.1775283444694382,0,0,-0.0012069915771292991,2.5984318926605605e-05,0.8663509841753477,1.0369714627066806,0.1645372940987045,0.001031377041461834,0.0,0.0,0.0024927026795108034,0.0,0.0,-0.06423893341528276
1259,17.91,0.02167712492869361,1.0,0.2515440255428326,0.14832095094277234,0.14832095094277234,0.14832095094277234,0.15154402554283258,0.14832095094277234,-0.003223074600060244,0.0,0.15154402554283258,0,0,0.0032850387738891174,3.223074600060244e-06,0.8691941884363089,1.0369714627066806,0.1617954594743071,0.0,0.0,0.0,0.0016202567416820223,0.0,0.0,-0.04826520925396877
1260,17.73,-0.010050251256281392,1.0,0.24832095094277234,0.1568892117613851,0.1568892117613851,0.1568892117613851,0.14832095094277234,0.1568892117613851,0.008568260818612755,0.0,0.14832095094277234,0,0,-0.0014906628235454484,8.568260818612755e-06,0.8678910654906565,1.0369714627066806,0.16305212177651837,0.0012566623022112755,0.0,0.0,0.0010531668820933145,0.0,0.0,-0.047165724595726266
1261,17.31,-0.023688663282572006,1.0,0.25688921176138513,0.1529621038610531,0.1529621038610531,0.1529621038610531,0.1568892117613851,0.1529621038610531,-0.003927107900331989,0.008568260818612755,0.14832095094277234,0,0,-0.003716495710083587,3.927107900331989e-06,0.8646621437670807,1.0369714627066806,0.16616592176012424,0.003113799983605864,0.0,0.0,0.0006845584733606544,0.0,0.0,-0.05561998282661502
1262,17.04,-0.015597920277296336,1.0,0.2529621038610531,0.14323150590320602,0.14323150590320602,0.14323150590320602,0.1529621038610531,0.14323150590320602,-0.009730597957847087,0.0,0.1529621038610531,0,0,-0.0023858907014722283,9.730597957847088e-06,0.8625907407186615,1.0369714627066806,0.16816347243814628,0.001997550678022042,0.0,0.0,0.0004449630076844254,0.0,0.0,-0.05722134762623414
1263,16.58,-0.026995305164319302,1.0,0.24323150590320602,0.1369891300824089,0.1369891300824089,0.1369891300824089,0.14323150590320602,0.1369891300824089,-0.006242375820797119,0.0,0.14323150590320602,0,0,-0.003866578211002048,6.2423758207971195e-06,0.8592500815400035,1.0369714627066806,0.17138502606695907,0.0032215536288127955,0.0,0.0,0.0002892259549948765,0.0,0.0,-0.056944922947601194
1264,16.75,0.010253317249698536,1.0,0.2369891300824089,0.12692181244771378,0.12692181244771378,0.12692181244771378,0.1369891300824089,0.12692181244771378,-0.010067317634695122,0.0,0.1369891300824089,0,0,0.0014045930104951599,1.0067317634695122e-05,0.8604483278553035,1.0369714627066806,0.17022950119632055,0.0,0.0,0.0,0.00018799687074666973,0.0,0.0,-0.05360788113662491
1265,16.93,0.010746268656716402,1.0,0.22692181244771378,0.13053282946622524,0.13053282946622524,0.13053282946622524,0.12692181244771378,0.13053282946622524,0.0036110170185114643,0.0,0.12692181244771378,0,0,0.0013639358949605043,3.6110170185114643e-06,0.8616188171218685,1.0369714627066806,0.16910074374381567,0.0,0.0,0.0,0.00012219796598533534,0.0,0.0,-0.04677870876642841
1266,16.85,-0.004725339633786078,1.0,0.23053282946622525,0.13406016715140856,0.13406016715140856,0.13406016715140856,0.13053282946622524,0.13406016715140856,0.0035273376851833182,0.0036110170185114643,0.12692181244771378,0,0,-0.0006168119525869933,3.527337685183318e-06,0.86108432111637,1.0369714627066806,0.1696161831987293,0.0005154394549136132,0.0,0.0,7.942867789046797e-05,0.0,0.0,-0.048799363306337815
1267,16.76,-0.005341246290801178,1.0,0.23406016715140857,0.1324494447586312,0.1324494447586312,0.1324494447586312,0.13406016715140856,0.1324494447586312,-0.0016107223927773473,0.0035273376851833182,0.13053282946622524,0,0,-0.0007160483705416469,1.6107223927773473e-06,0.8604663561235376,1.0369714627066806,0.17021211569548228,0.0005959324967529933,0.0,0.0,5.1628640628804183e-05,0.0,0.0,-0.05145971386409277
1268,18.39,0.09725536992840089,1.0,0.23244944475863122,0.13058712557232466,0.13058712557232466,0.13058712557232466,0.1324494447586312,0.13058712557232466,-0.0018623191863065547,0.0,0.1324494447586312,0,0,0.012881419746811977,1.8623191863065546e-06,0.8715487819717705,1.0369714627066806,0.1595248149868342,0.0,0.0,0.0,3.355861640872272e-05,0.0,0.0,-0.03798999980575544
1269,17.74,-0.03534529635671572,1.0,0.23058712557232466,0.16398495845729175,0.16398495845729175,0.16398495845729175,0.13058712557232466,0.16398495845729175,0.03339783288496709,0.0,0.13058712557232466,0,0,-0.004615640653725465,3.339783288496709e-05,0.8674969181414254,1.0369714627066806,0.16343221646900138,0.003907401482167172,0.3040850586082201,0.0498653757033521,0.017474694596838904,0.0,0.0,-0.04257049802517388
1270,18.18,0.024802705749718226,1.0,0.26398495845729175,0.1517743416155321,0.1517743416155321,0.1517743416155321,0.16398495845729175,0.1517743416155321,-0.012210616841759642,0.03339783288496709,0.13058712557232466,0,0,0.004067270671995974,1.2210616841759642e-05,0.87101467024215,1.0369714627066806,0.16003988386657605,0.0,0.13886108610000725,0.021075549918846317,0.0187349939595415,0.0,0.0,-0.0541606974146009
1271,18.25,0.003850385038503866,1.0,0.25177434161553214,0.16237535365160394,0.16237535365160394,0.16237535365160394,0.1517743416155321,0.16237535365160394,0.010601012036071833,0.0,0.1517743416155321,0,0,0.0005843896541852195,1.0601012036071833e-05,0.8715144485670803,1.0369714627066806,0.15955792429208032,0.0,0.22083434401411545,0.03585805470771196,0.024728065221401162,0.0,0.0,-0.04742214836208528
1272,18.15,-0.005479452054794599,1.0,0.2623753536516039,0.16388148851925324,0.16388148851925324,0.16388148851925324,0.16237535365160394,0.16388148851925324,0.0015061348676493058,0.010601012036071833,0.1517743416155321,0,0,-0.0008897279652142809,1.5061348676493058e-06,0.8707377251718033,1.0369714627066806,0.1603069549290948,0.0007490306370144806,0.2575172051836995,0.04220230290482264,0.03084404841059868,0.0,0.0,-0.05394549854707937
1273,17.71,-0.024242424242424118,1.0,0.26388148851925325,0.1615407489263727,0.1615407489263727,0.1615407489263727,0.16388148851925324,0.1615407489263727,-0.002340739592880531,0.0015061348676493058,0.16237535365160394,0,0,-0.003972884570163694,2.340739592880531e-06,0.8672763465285405,1.0369714627066806,0.1636449239742872,0.0033379690451924016,0.2582102486872654,0.041711476953405796,0.03464764840058117,0.0,0.0,-0.05898538115869745
1274,17.31,-0.0225861095426314,1.0,0.2615407489263727,0.1511096101279086,0.1511096101279086,0.1511096101279086,0.1615407489263727,0.1511096101279086,-0.010431138798464107,0.0,0.1615407489263727,0,0,-0.00364857705084977,1.0431138798464107e-05,0.8641029752739043,1.0369714627066806,0.16670515404691916,0.003060230072631953,0.0,0.0,0.02252097146037776,0.0,0.0,-0.058834121277161956
1275,17.62,0.017908723281340397,1.0,0.2511096101279086,0.14154637083671784,0.14154637083671784,0.14154637083671784,0.1511096101279086,0.14154637083671784,-0.009563239291190767,0.0,0.1511096101279086,0,0,0.0027061801929319476,9.563239291190768e-06,0.8664331300067195,1.0369714627066806,0.1644580770379405,0.0,0.0,0.0,0.014638631449245544,0.0,0.0,-0.052045567432029996
1276,17.2,-0.023836549375709518,1.0,0.24154637083671784,0.14856849648310205,0.14856849648310205,0.14856849648310205,0.14154637083671784,0.14856849648310205,0.007022125646384214,0.0,0.14154637083671784,0,0,-0.0033739770574019146,7.022125646384214e-06,0.8635037203020007,1.0369714627066806,0.16728304359687787,0.0028249665589373807,0.0,0.0,0.009515110442009604,0.0,0.0,-0.04981861626061703
1277,16.33,-0.050581395348837266,1.0,0.24856849648310206,0.13974048979843226,0.13974048979843226,0.13974048979843226,0.14856849648310205,0.13974048979843226,-0.008828006684669792,0.007022125646384214,0.14154637083671784,0,0,-0.007514801856994124,8.828006684669793e-06,0.8570070379245388,1.0369714627066806,0.17354809775806418,0.006265054161186306,0.0,0.0,0.006184821787306243,0.0,0.0,-0.06189640337822445
1278,15.87,-0.028169014084506987,1.0,0.23974048979843227,0.12016218006898169,0.12016218006898169,0.12016218006898169,0.13974048979843226,0.12016218006898169,-0.01957830972945057,0.0,0.13974048979843226,0,0,-0.003936351825307943,1.957830972945057e-05,0.853616777957274,1.0369714627066806,0.17681748374330203,0.0032693859852378493,0.0,0.0,0.004020134161749058,0.0,0.0,-0.06375017514548573
1279,15.73,-0.008821676118462431,1.0,0.2201621800689817,0.10994538516106267,0.10994538516106267,0.10994538516106267,0.12016218006898169,0.10994538516106267,-0.010216794907919019,0.0,0.12016218006898169,0,0,-0.001060031834256918,1.021679490791902e-05,0.8527031957708331,1.0369714627066806,0.17769849370287824,0.0008810099595762122,0.0,0.0,0.0026130872051368876,0.0,0.0,-0.05615569042683636
1280,15.37,-0.022886204704386598,1.0,0.20994538516106268,0.10719220936601881,0.10719220936601881,0.10719220936601881,0.10994538516106267,0.10719220936601881,-0.0027531757950438607,0.0,0.10994538516106267,0,0,-0.002516232591098709,2.7531757950438608e-06,0.8505552485573016,1.0369714627066806,0.17976985949333596,0.0020713657904577187,0.0,0.0,0.001698506683338977,0.0,0.0,-0.053847788555927985
1281,14.98,-0.025374105400130045,1.0,0.20719220936601881,0.10071919150962103,0.10071919150962103,0.10071919150962103,0.10719220936601881,0.10071919150962103,-0.006473017856397784,0.0,0.10719220936601881,0,0,-0.0027199064185261684,6.473017856397784e-06,0.8482363122181277,1.0369714627066806,0.1820061180815145,0.0022362585881785524,0.0,0.0,0.001104029344170335,0.0,0.0,-0.055931199025496085
1282,14.62,-0.02403204272363159,1.0,0.20071919150962103,0.1,0.1,0.1,0.10071919150962103,0.1,-0.00071919150962102,0.0,0.10071919150962103,0,0,-0.0024204879134488446,7.191915096210199e-07,0.8461825564323014,1.0369714627066806,0.18398665068022804,0.0019805325987135303,0.0,0.0,0.0007176190737107178,0.0,0.0,-0.05272932003005265
1283,13.0,-0.11080711354309161,1.0,0.2,0.1,0.1,0.1,0.1,0.1,0.0,0.0,0.1,0,1,-0.011080711354309162,0.0,0.8368062517714236,1.0369714627066806,0.19302865906530353,0.00904200838507549,0.0,0.0,0.0004664523979119666,0.0,0.0,-0.06102671135430916
1284,12.21,-0.0607692307692307,1.0,0.2,0.1,0.1,0.1,0.1,0.1,0.0,0.0,0.1,0,0,-0.00607692307692307,0.0,0.8317210445491203,1.0369714627066806,0.1979325618294452,0.004903902764141682,0.0,0.0,0.0003031940586427783,0.0,0.0,-0.056022923076923074
1285,11.99,-0.01801801801801807,1.0,0.2,0.1,0.1,0.1,0.1,0.1,0.0,0.0,0.1,0,0,-0.001801801801801807,0.0,0.8302224480724553,1.0369714627066806,0.19937772838470744,0.0014451665552622228,0.0,0.0,0.0001970761381178059,0.0,0.0,-0.05174780180180181
1286,12.28,0.024186822351959895,1.0,0.2,0.1,0.1,0.1,0.1,0.1,0.0,0.0,0.1,0,0,0.0024186822351959895,0.0,0.832230492358869,1.0369714627066806,0.19744127751924928,0.0,0.0,0.0,0.00012809948977657382,0.0,0.0,-0.04752731776480401
1287,12.52,0.019543973941368097,1.0,0.2,0.1,0.1,0.1,0.1,0.1,0.0,0.0,0.1,0,0,0.0019543973941368096,0.0,0.8338570014644563,1.0369714627066806,0.19587275884339123,0.0,0.0,0.0,8.3264668354773e-05,0.0,0.0,-0.047991602605863194
1288,13.05,0.04233226837060712,1.0,0.2,0.1,0.1,0.1,0.1,0.1,0.0,0.0,0.1,0,0,0.004233226837060712,0.0,0.8373869073013265,1.0369714627066806,0.1924687058257156,0.0,0.0,0.0,5.412203443060245e-05,0.0,0.0,-0.04571277316293929
1289,13.17,0.009195402298850514,1.0,0.2,0.1,0.1,0.1,0.1,0.1,0.0,0.0,0.1,0,0,0.0009195402298850515,0.0,0.8381569182505689,1.0369714627066806,0.19172614831383136,0.0,0.0,0.0,3.517932237989159e-05,0.0,0.0,-0.04902645977011495
1290,12.98,-0.014426727410782042,1.0,0.2,0.1,0.1,0.1,0.1,0.1,0.0,0.0,0.1,0,0,-0.0014426727410782043,0.0,0.8369477321118627,1.0369714627066806,0.1928922229669853,0.0011660746531539368,0.023973886129609434,0.0023973886129609436,0.0008619525740832597,0.0,0.0,-0.05179622880528157
1291,13.05,0.0053929121725732115,1.0,0.2,0.1,0.1,0.1,0.1,0.1,0.0,0.0,0.1,0,0,0.0005392912172573212,0.0,0.837399090673094,1.0369714627066806,0.19245695683145134,0.0,0.03631580132544299,0.003631580132544299,0.0018313222195446234,0.0,0.0,-0.05002407740527521
1292,13.2,0.011494252873563109,1.0,0.2,0.1,0.1,0.1,0.1,0.1,0.0,0.0,0.1,0,0,0.001149425287356311,0.0,0.8383616183635229,1.0369714627066806,0.19152874643700474,0.0,0.0128449577026504,0.0012844957702650402,0.0016399329622967692,0.0,0.0,-0.049014938993588754
1293,13.42,0.016666666666666715,1.0,0.2,0.1,0.1,0.1,0.1,0.1,0.0,0.0,0.1,0,0,0.0016666666666666715,0.0,0.8397588877274621,1.0369714627066806,0.19018129434773307,0.0,0.025243354905042092,0.0025243354905042092,0.0019494738471693732,0.0,0.0,-0.04870847036671905
1294,13.84,0.03129657228017883,1.0,0.2,0.1,0.1,0.1,0.1,0.1,0.0,0.0,0.1,0,0,0.0031296572280178833,0.0,0.8423870452002307,1.0369714627066806,0.1876468393822043,0.0,0.0,0.0,0.0012671580006600926,0.0,0.0,-0.04681634277198212
1295,13.75,-0.0065028901734103944,1.0,0.2,0.1,0.1,0.1,0.1,0.1,0.0,0.0,0.1,0,0,-0.0006502890173410395,0.0,0.8418392501563866,1.0369714627066806,0.1881751037207563,0.0005282643385519925,0.11818429615734619,0.01181842961573462,0.004960103065936177,0.0,0.0,-0.052605422052015925
1296,14.04,0.02109090909090903,1.0,0.2,0.1,0.1,0.1,0.1,0.1,0.0,0.0,0.1,0,0,0.002109090909090903,0.0,0.8436147656658073,1.0369714627066806,0.18646289121224013,0.0,0.15165236249514022,0.015165236249514023,0.008531899680188422,0.0,0.0,-0.05041499925332649
1297,13.86,-0.012820512820512801,1.0,0.2,0.1,0.1,0.1,0.1,0.1,0.0,0.0,0.1,0,0,-0.00128205128205128,0.0,0.8425332082739281,1.0369714627066806,0.18750588750555774,0.0010429962933176107,0.24244861743821935,0.024244861743821938,0.014031436402460153,0.0,0.0,-0.055349677778501014
1298,14.56,0.05050505050505059,1.0,0.2,0.1,0.1,0.1,0.1,0.1,0.0,0.0,0.1,0,0,0.005050505050505059,0.0,0.8467884264975337,1.0369714627066806,0.183402381886899,0.0,0.1691066458923765,0.01691066458923765,0.015039166267832277,0.0,0.0,-0.04777030792966535
1299,14.82,0.017857142857142842,1.0,0.2,0.1,0.1,0.1,0.1,0.1,0.0,0.0,0.1,0,0,0.0017857142857142844,0.0,0.8483005486877079,1.0369714627066806,0.1819441718545542,0.0,0.34132496264301726,0.034132496264301725,0.021721831766596582,0.0,0.0,-0.053962810079217015
1300,14.86,0.00269905533063422,1.0,0.2,0.1,0.1,0.1,0.1,0.1,0.0,0.0,0.1,0,0,0.00026990553306342204,0.0,0.8485295096994995,1.0369714627066806,0.1817233740601829,0.0,0.33912927550161265,0.033912927550161266,0.02598871529084422,0.0,0.0,-0.055441292150464
1301,14.39,-0.03162853297442792,1.0,0.2,0.1,0.1,0.1,0.1,0.1,0.0,0.0,0.1,0,0,-0.0031628532974427924,0.0,0.8458457353417689,1.0369714627066806,0.18431146298475704,0.002588088924574128,0.37042043316287515,0.037042043316287514,0.02985738009974937,0.0,0.0,-0.059406000661211676
1302,14.8,0.0284920083391244,1.0,0.2,0.1,0.1,0.1,0.1,0.1,0.0,0.0,0.1,0,0,0.0028492008339124405,0.0,0.848255719716266,1.0369714627066806,0.18198740252488033,0.0,0.17407559376756848,0.017407559376756847,0.025499942846701987,0.0,0.0,-0.05005608426013623
1303,14.57,-0.01554054054054057,1.0,0.2,0.1,0.1,0.1,0.1,0.1,0.0,0.0,0.1,0,0,-0.001554054054054057,0.0,0.8469374844761663,1.0369714627066806,0.18325863831825387,0.001271235793373543,0.33466383081906115,0.033466383081906116,0.02828819692902343,0.0,0.0,-0.0571893391779781
1304,14.41,-0.010981468771448191,1.0,0.2,0.1,0.1,0.1,0.1,0.1,0.0,0.0,0.1,0,0,-0.0010981468771448192,0.0,0.846007422722452,1.0369714627066806,0.18415554029401965,0.0008969019757657792,0.11105821660097477,0.011105821660097479,0.022274365584899345,0.0,0.0,-0.05293213655936139
1305,14.02,-0.027064538514920234,1.0,0.2,0.1,0.1,0.1,0.1,0.1,0.0,0.0,0.1,0,0,-0.0027064538514920237,0.0,0.843717742674834,1.0369714627066806,0.1863635856742093,0.0022080453801896494,0.0,0.0,0.014478337630184576,0.0,0.0,-0.05265245385149203
1306,14.17,0.01069900142653355,1.0,0.2,0.1,0.1,0.1,0.1,0.1,0.0,0.0,0.1,0,0,0.001069900142653355,0.0,0.8446204364080809,1.0369714627066806,0.1854930759584542,0.0,0.0,0.0,0.009410919459619974,0.0,0.0,-0.04887609985734665
1307,13.85,-0.02258292166549049,1.0,0.2,0.1,0.1,0.1,0.1,0.1,0.0,0.0,0.1,0,0,-0.002258292166549049,0.0,0.8427130366928334,1.0369714627066806,0.18733247056461716,0.0018393946061629474,0.0,0.0,0.006117097648752984,0.0,0.0,-0.05220429216654905
1308,13.34,-0.03682310469314078,1.0,0.2,0.1,0.1,0.1,0.1,0.1,0.0,0.0,0.1,0,0,-0.0036823104693140783,0.0,0.8396099056551919,1.0369714627066806,0.19032496471632868,0.0029924941517115167,0.0,0.0,0.00397611347168944,0.0,0.0,-0.053628310469314086
1309,13.6,0.019490254872563704,1.0,0.2,0.1,0.1,0.1,0.1,0.1,0.0,0.0,0.1,0,0,0.0019490254872563705,0.0,0.8412463267606667,1.0369714627066806,0.1887468874361657,0.0,0.0,0.0,0.002584473756598136,0.0,0.0,-0.04799697451274364
1310,13.4,-0.014705882352941124,1.0,0.2,0.1,0.1,0.1,0.1,0.1,0.0,0.0,0.1,0,0,-0.0014705882352941124,0.0,0.840009199809548,1.0369714627066806,0.18993990671934782,0.001193019283182134,0.0,0.0,0.0016799079417887885,0.0,0.0,-0.05141658823529412
1311,13.55,0.011194029850746294,1.0,0.2,0.1,0.1,0.1,0.1,0.1,0.0,0.0,0.1,0,0,0.0011194029850746295,0.0,0.840949508615305,1.0369714627066806,0.18903312303283956,0.0,0.0,0.0,0.0010919401621627125,0.0,0.0,-0.04882659701492537
1312,13.6,0.0036900369003689247,1.0,0.2,0.1,0.1,0.1,0.1,0.1,0.0,0.0,0.1,0,0,0.0003690036900368925,0.0,0.8412598220871187,1.0369714627066806,0.1887338732627411,0.0,0.0,0.0,0.0007097611054057632,0.0,0.0,-0.04957699630996311
1313,13.23,-0.027205882352941118,1.0,0.2,0.1,0.1,0.1,0.1,0.1,0.0,0.0,0.1,0,0,-0.002720588235294112,0.0,0.8389711005123229,1.0369714627066806,0.19094099434283504,0.002207121080093938,0.0,0.0,0.0004613447185137461,0.0,0.0,-0.05266658823529412
1314,12.6,-0.04761904761904768,1.0,0.2,0.1,0.1,0.1,0.1,0.1,0.0,0.0,0.1,0,0,-0.004761904761904768,0.0,0.8349760000336929,1.0369714627066806,0.19479365627453576,0.003852661931700724,0.0,0.0,0.000299874067033935,0.0,0.0,-0.05470790476190477
1315,12.7,0.007936507936507908,1.0,0.2,0.1,0.1,0.1,0.1,0.1,0.0,0.0,0.1,0,0,0.0007936507936507908,0.0,0.835638679398799,1.0369714627066806,0.1941546036207854,0.0,0.0,0.0,0.00019491814357205776,0.0,0.0,-0.04915234920634921
1316,12.78,0.006299212598425203,1.0,0.2,0.1,0.1,0.1,0.1,0.1,0.0,0.0,0.1,0,0,0.0006299212598425203,0.0,0.8361650659684992,1.0369714627066806,0.1936469844734598,0.0,0.0,0.0,0.00012669679332183754,0.0,0.0,-0.04931607874015748
1317,14.21,0.11189358372456976,1.0,0.2,0.1,0.1,0.1,0.1,0.1,0.0,0.0,0.1,1,0,0.011189358372456977,0.0,0.8455212165501498,1.0369714627066806,0.184624411608022,0.0,0.0,0.0,8.235291565919441e-05,0.0,0.0,-0.038756641627543026
1318,14.04,-0.011963406052076122,1.0,0.2,0.1,0.1,0.1,0.1,0.1,0.0,0.0,0.1,0,0,-0.0011963406052076123,0.0,0.8445096851862264,1.0369714627066806,0.1855998785329103,0.0009754669248882852,0.16777512552741888,0.01677751255274189,0.005925658788638137,0.0,0.0,-0.053994517739173735
1319,13.71,-0.023504273504273383,1.0,0.2,0.1,0.1,0.1,0.1,0.1,0.0,0.0,0.1,0,0,-0.0023504273504273386,0.0,0.8425247265244639,1.0369714627066806,0.18751406685259792,0.0019141883196876208,0.19672934580982823,0.019672934580982824,0.010737205315958776,0.0,0.0,-0.05564082622919443
1320,13.53,-0.013129102844639058,1.0,0.2,0.1,0.1,0.1,0.1,0.1,0.0,0.0,0.1,0,0,-0.001312910284463906,0.0,0.8414185671460948,1.0369714627066806,0.1885807879902094,0.0010667211376114705,0.23328094140996058,0.02332809414099606,0.015144016404721825,0.0,0.0,-0.05522468628843324
1321,13.45,-0.005912786400591284,1.0,0.2,0.1,0.1,0.1,0.1,0.1,0.0,0.0,0.1,0,0,-0.0005912786400591284,0.0,0.8409210543199921,1.0369714627066806,0.18906056283840442,0.00047977484819503036,0.16529721166967862,0.016529721166967864,0.01562901307150794,0.0,0.0,-0.05334733123844367
1322,13.23,-0.01635687732341999,1.0,0.2,0.1,0.1,0.1,0.1,0.1,0.0,0.0,0.1,0,0,-0.0016356877323419991,0.0,0.8395455700675728,1.0369714627066806,0.19038700652744195,0.001326443689037532,0.12730433475202949,0.01273043347520295,0.014614510212801192,0.0,0.0,-0.053745861423126505
1323,13.48,0.01889644746787604,1.0,0.2,0.1,0.1,0.1,0.1,0.1,0.0,0.0,0.1,0,0,0.0018896447467876042,0.0,0.8411320129437397,1.0369714627066806,0.1888571255873956,0.0,0.0,0.0,0.009499431638320776,0.0,0.0,-0.0480563552532124
1324,13.62,0.010385756676557773,1.0,0.2,0.1,0.1,0.1,0.1,0.1,0.0,0.0,0.1,0,0,0.0010385756676557774,0.0,0.8420055921856695,1.0369714627066806,0.1880146923350382,0.0,0.0,0.0,0.006174630564908504,0.0,0.0,-0.048907424332344226
1325,13.0,-0.045521292217327404,1.0,0.2,0.1,0.1,0.1,0.1,0.1,0.0,0.0,0.1,0,0,-0.004552129221732741,0.0,0.8381726739246187,1.0369714627066806,0.19171095438167757,0.0036962620466393648,0.0,0.0,0.004013509867190528,0.0,0.0,-0.05449812922173274
1326,13.02,0.0015384615384615057,1.0,0.2,0.1,0.1,0.1,0.1,0.1,0.0,0.0,0.1,0,0,0.00015384615384615057,0.0,0.838301623566761,1.0369714627066806,0.1915866022208132,0.0,0.0,0.0,0.002608781413673843,0.0,0.0,-0.049792153846153854
1327,12.77,-0.019201228878648235,1.0,0.2,0.1,0.1,0.1,0.1,0.1,0.0,0.0,0.1,0,0,-0.0019201228878648236,0.0,0.8366919814324162,1.0369714627066806,0.19313885528874558,0.0015522530679323854,0.0,0.0,0.001695707918887998,0.0,0.0,-0.05186612288786483
1328,12.66,-0.008613938919342165,1.0,0.2,0.1,0.1,0.1,0.1,0.1,0.0,0.0,0.1,0,0,-0.0008613938919342165,0.0,0.83597126007018,1.0369714627066806,0.1938338805504389,0.0006950252616933217,0.0,0.0,0.0011022101472771989,0.0,0.0,-0.05080739389193422
1329,12.32,-0.026856240126382293,1.0,0.2,0.1,0.1,0.1,0.1,0.1,0.0,0.0,0.1,0,0,-0.0026856240126382296,0.0,0.83372615558026,1.0369714627066806,0.1959989396390081,0.0021650590885692045,0.0,0.0,0.0007164365957301793,0.0,0.0,-0.05263162401263823
1330,12.38,0.004870129870129911,1.0,0.2,0.1,0.1,0.1,0.1,0.1,0.0,0.0,0.1,0,0,0.0004870129870129911,0.0,0.83413219104564,1.0369714627066806,0.1956073806810401,0.0,0.0,0.0,0.00046568378722461654,0.0,0.0,-0.04945898701298701
1331,13.25,0.07027463651050074,1.0,0.2,0.1,0.1,0.1,0.1,0.1,0.0,0.0,0.1,0,0,0.007027463651050074,0.0,0.839994024698384,1.0369714627066806,0.18995454078760307,0.0,0.0,0.0,0.00030269446169600077,0.0,0.0,-0.04291853634894993
1332,13.57,0.024150943396226438,1.0,0.2,0.1,0.1,0.1,0.1,0.1,0.0,0.0,0.1,0,0,0.002415094339622644,0.0,0.8420226895127499,1.0369714627066806,0.18799820458422217,0.0,0.0608781645711767,0.00608781645711767,0.002327487160093585,0.0,0.0,-0.04856583445808737
1333,12.65,-0.06779661016949153,1.0,0.2,0.1,0.1,0.1,0.1,0.1,0.0,0.0,0.1,0,0,-0.006779661016949153,0.0,0.8363140611092736,1.0369714627066806,0.19350330150229528,0.005505096918073105,0.22412239128250072,0.022412239128250074,0.009357150348948354,0.0,0.0,-0.060535741668751676
1334,12.33,-0.025296442687747056,1.0,0.2,0.1,0.1,0.1,0.1,0.1,0.0,0.0,0.1,0,0,-0.0025296442687747058,0.0,0.8341984840376929,1.0369714627066806,0.19554345125343567,0.002040149751140391,0.0,0.0,0.00608214772681643,0.0,0.0,-0.05247564426877471
1335,11.92,-0.033252230332522316,1.0,0.2,0.1,0.1,0.1,0.1,0.1,0.0,0.0,0.1,0,0,-0.0033252230332522317,0.0,0.8314245880242667,1.0369714627066806,0.19821844869857838,0.0026749974451427128,0.0,0.0,0.00395339602243068,0.0,0.0,-0.053271223033252234
1336,11.75,-0.014261744966442946,1.0,0.2,0.1,0.1,0.1,0.1,0.1,0.0,0.0,0.1,0,0,-0.0014261744966442948,0.0,0.8302388314809435,1.0369714627066806,0.19936192909892436,0.0011434804003459809,0.0,0.0,0.002569707414579942,0.0,0.0,-0.0513721744966443
1337,11.53,-0.018723404255319202,1.0,0.2,0.1,0.1,0.1,0.1,0.1,0.0,0.0,0.1,0,0,-0.0018723404255319204,0.0,0.8286843417539153,1.0369714627066806,0.2008609961252924,0.0014990670263680395,0.0,0.0,0.0016703098194769624,0.0,0.0,-0.05181834042553193
1338,11.64,0.009540329575021787,1.0,0.2,0.1,0.1,0.1,0.1,0.1,0.0,0.0,0.1,0,0,0.0009540329575021787,0.0,0.8294749339273145,1.0369714627066806,0.2000985911779704,0.0,0.0,0.0,0.0010857013826600255,0.0,0.0,-0.04899196704249782
1339,11.36,-0.02405498281786951,1.0,0.2,0.1,0.1,0.1,0.1,0.1,0.0,0.0,0.1,0,0,-0.0024054982817869512,0.0,0.827479633398967,1.0369714627066806,0.20202275264249078,0.0019241614645203742,0.0,0.0,0.0007057058987290166,0.0,0.0,-0.05235149828178696
1340,11.6,0.021126760563380302,1.0,0.2,0.1,0.1,0.1,0.1,0.1,0.0,0.0,0.1,0,0,0.00211267605633803,0.0,0.8292278298075565,1.0369714627066806,0.20033688521849594,0.0,0.0,0.0,0.0004587088341738608,0.0,0.0,-0.04783332394366197
1341,11.31,-0.02499999999999993,1.0,0.2,0.1,0.1,0.1,0.1,0.1,0.0,0.0,0.1,0,0,-0.002499999999999993,0.0,0.8271547602330377,1.0369714627066806,0.2023360430054496,0.0019991577869536703,0.0,0.0,0.00029816074221300954,0.0,0.0,-0.052446
1342,11.17,-0.01237842617152967,1.0,0.2,0.1,0.1,0.1,0.1,0.1,0.0,0.0,0.1,0,0,-0.001237842617152967,0.0,0.8261308728198403,1.0369714627066806,0.20332342544558432,0.0009873824401347153,0.0,0.0,0.0001938044824384562,0.0,0.0,-0.051183842617152975
1343,11.36,0.017009847806624845,1.0,0.2,0.1,0.1,0.1,0.1,0.1,0.0,0.0,0.1,0,0,0.0017009847806624845,0.0,0.8275361088613422,1.0369714627066806,0.201968290717157,0.0,0.0,0.0,0.00012597291358499655,0.0,0.0,-0.04824501521933752
1344,11.13,-0.02024647887323932,1.0,0.2,0.1,0.1,0.1,0.1,0.1,0.0,0.0,0.1,0,0,-0.002024647887323932,0.0,0.8258606396268519,1.0369714627066806,0.20358402393137398,0.0016157332142169856,0.0,0.0,8.188239383024776e-05,0.0,0.0,-0.05197064788732394
1345,12.16,0.09254267744833776,1.0,0.2,0.1,0.1,0.1,0.1,0.1,0.0,0.0,0.1,0,0,0.009254267744833776,0.0,0.8335033751058784,1.0369714627066806,0.19621377725257186,0.0,0.0,0.0,5.322355598966105e-05,0.0,0.0,-0.04069173225516623
1346,12.65,0.04029605263157896,1.0,0.2,0.1,0.1,0.1,0.1,0.1,0.0,0.0,0.1,0,0,0.004029605263157896,0.0,0.8368620646930649,1.0369714627066806,0.192974836058935,0.0,0.14909384647034116,0.014909384647034117,0.00525287993785522,0.0,0.0,-0.04845099012683791
1347,12.85,0.01581027667984184,1.0,0.2,0.1,0.1,0.1,0.1,0.1,0.0,0.0,0.1,0,0,0.001581027667984184,0.0,0.838185166771631,1.0369714627066806,0.19169890694598468,0.0,0.37649555981341765,0.037649555981341766,0.016591716553075512,0.0,0.0,-0.05476539684884393
1348,12.95,0.0077821011673151474,1.0,0.2,0.1,0.1,0.1,0.1,0.1,0.0,0.0,0.1,0,0,0.0007782101167315147,0.0,0.838837450948107,1.0369714627066806,0.1910698788580049,0.0,0.45326403986919983,0.045326403986919984,0.026648857154921077,0.0,0.0,-0.05687327856104489
1349,12.95,0.0,1.0,0.2,0.1,0.1,0.1,0.1,0.1,0.0,0.0,0.1,0,0,0.0,0.0,0.838837450948107,1.0369714627066806,0.1910698788580049,0.0,0.4474495822968864,0.044744958229688644,0.03298249253108973,0.0,0.0,-0.057552642899047074
1350,13.53,0.0447876447876448,1.0,0.2,0.1,0.1,0.1,0.1,0.1,0.0,0.0,0.1,0,0,0.00447876447876448,0.0,0.8425944063268708,1.0369714627066806,0.18744687136563143,0.0,0.4773819684198486,0.04773819684198486,0.03814698903990303,0.0,0.0,-0.05358272898437295
1351,12.86,-0.049519586104951954,1.0,0.2,0.1,0.1,0.1,0.1,0.1,0.0,0.0,0.1,0,0,-0.004951958610495195,0.0,0.8384219137013053,1.0369714627066806,0.1914706008274573,0.004023729461825859,0.4544721364461078,0.04544721364461078,0.040702067651550745,0.0,0.0,-0.06262398493007904
1352,12.04,-0.06376360808709178,1.0,0.2,0.1,0.1,0.1,0.1,0.1,0.0,0.0,0.1,0,0,-0.006376360808709178,0.0,0.8330758330696173,1.0369714627066806,0.19662607600103027,0.005155475173572982,0.13469550941531816,0.013469550941531816,0.03117068680304412,0.0,0.0,-0.05861218446876959
1353,11.95,-0.007475083056478394,1.0,0.2,0.1,0.1,0.1,0.1,0.1,0.0,0.0,0.1,0,0,-0.0007475083056478395,0.0,0.8324531019651633,1.0369714627066806,0.19722660468176037,0.0006005286807301002,0.0,0.0,0.02026094642197868,0.0,0.0,-0.050693508305647846
1354,11.76,-0.01589958158995812,1.0,0.2,0.1,0.1,0.1,0.1,0.1,0.0,0.0,0.1,0,0,-0.001589958158995812,0.0,0.8311295363637125,1.0369714627066806,0.19850298079147133,0.0012763761097109583,0.0,0.0,0.013169615174286142,0.0,0.0,-0.051535958158995816
1355,13.01,0.10629251700680273,1.0,0.2,0.1,0.1,0.1,0.1,0.1,0.0,0.0,0.1,1,0,0.010629251700680274,0.0,0.8399638214015921,1.0369714627066806,0.18998366723695886,0.0,0.0,0.0,0.008560249863285992,0.0,0.0,-0.039316748299319734
1356,12.37,-0.04919292851652579,1.0,0.2,0.1,0.1,0.1,0.1,0.1,0.0,0.0,0.1,0,0,-0.00491929285165258,0.0,0.8358317933793245,1.0369714627066806,0.19396837479244194,0.00398470755548308,0.0004252035539558524,4.252035539558524e-05,0.005579044535524351,0.0,0.0,-0.054872521312069836
1357,13.22,0.06871463217461612,1.0,0.2,0.1,0.1,0.1,0.1,0.1,0.0,0.0,0.1,0,0,0.0068714632174616125,0.0,0.8415751808035155,1.0369714627066806,0.1884297581277174,0.0,0.0,0.0,0.003626378948090828,0.0,0.0,-0.04307453678253839
1358,13.98,0.05748865355521934,1.0,0.2,0.1,0.1,0.1,0.1,0.1,0.0,0.0,0.1,0,0,0.0057488653555219345,0.0,0.8464132832045039,1.0369714627066806,0.18376415008064526,0.0,0.3879005144056833,0.03879005144056833,0.015933664320457952,0.0,0.0,-0.050791443389374684
1359,13.75,-0.016452074391988585,1.0,0.2,0.1,0.1,0.1,0.1,0.1,0.0,0.0,0.1,0,0,-0.0016452074391988586,0.0,0.8450207577743392,1.0369714627066806,0.18510702737307336,0.0013428772924281018,0.5776762665775155,0.05776762665775155,0.03057555113851071,0.0,0.0,-0.061411703971016626
1360,14.15,0.029090909090909115,1.0,0.2,0.1,0.1,0.1,0.1,0.1,0.0,0.0,0.1,0,0,0.0029090909090909115,0.0,0.8474789999787736,1.0369714627066806,0.18273642963452227,0.0,0.5380869260043052,0.05380869260043052,0.03870715065018264,0.0,0.0,-0.05618438683298228
1361,15.72,0.1109540636042403,1.0,0.2,0.1,0.1,0.1,0.1,0.1,0.0,0.0,0.1,1,0,0.011095406360424031,0.0,0.8568821238654639,1.0369714627066806,0.1736685582177463,0.0,0.42261169705527335,0.04226116970552734,0.039951057319553285,0.0,0.0,-0.04603499248951562
1362,16.94,0.07760814249363872,1.0,0.2,0.1197857394843268,0.1197857394843268,0.1197857394843268,0.1,0.1197857394843268,0.019785739484326798,0.0,0.1,0,0,0.007760814249363872,1.9785739484326798e-05,0.8635152728159127,1.0369714627066806,0.16727190296829994,0.0,0.761887526570524,0.09126326077413491,0.05791032852865685,0.0,0.0,-0.044871942274678334
1363,16.0,-0.05548996458087374,1.0,0.2197857394843268,0.13977532126272246,0.13977532126272246,0.13977532126272246,0.1197857394843268,0.13977532126272246,0.01998958177839566,0.019785739484326798,0.1,0,0,-0.006646906441279064,1.998958177839566e-05,0.8577583062777269,1.0369714627066806,0.1728236146066888,0.0055517116383888565,0.8225010614055155,0.11496535009688615,0.0778795860775371,0.0,0.0,-0.05967098648679057
1364,16.64,0.040000000000000036,1.0,0.23977532126272247,0.1224262252478436,0.1224262252478436,0.1224262252478436,0.13977532126272246,0.1224262252478436,-0.017349096014878856,0.01998958177839566,0.1197857394843268,0,0,0.005591012850508903,1.7349096014878857e-05,0.8625391626595432,1.0369714627066806,0.16821321156884872,0.0,0.6217740468152564,0.07612144950866784,0.07726423827843286,0.0,0.0,-0.06324898071327094
1365,16.62,-0.0012019230769230512,1.0,0.2224262252478436,0.13683369234470752,0.13683369234470752,0.13683369234470752,0.1224262252478436,0.13683369234470752,0.014407467096863913,0.0,0.1224262252478436,0,0,-0.0001471469053459627,1.4407467096863913e-05,0.8623998156864123,1.0369714627066806,0.16834759036146002,0.00013437879261130048,0.7206669424049734,0.09861151868004318,0.08473578641899647,0.0,0.0,-0.05439237410675766
1366,16.12,-0.030084235860409144,1.0,0.23683369234470752,0.13641375899581865,0.13641375899581865,0.13641375899581865,0.13683369234470752,0.13641375899581865,-0.00041993334888887346,0.014407467096863913,0.1224262252478436,0,0,-0.004116537074148842,4.1993334888887346e-07,0.8588493527219574,1.0369714627066806,0.17177146757712378,0.0034238772156637565,0.6637953692202898,0.09055082151935707,0.08677104870412268,0.0,0.0,-0.0648170931602769
1367,17.78,0.10297766749379653,1.0,0.23641375899581865,0.12571416646522499,0.12571416646522499,0.12571416646522499,0.13641375899581865,0.12571416646522499,-0.01069959253059366,0.0,0.13641375899581865,1,0,0.014047570715450307,1.069959253059366e-05,0.8709049104001185,1.0369714627066806,0.16014573040717894,0.0,0.29143369152320575,0.036637343609723316,0.0692242519210829,0.0,0.0,-0.04601398116951751
1368,16.65,-0.06355455568054007,1.0,0.225714166465225,0.16204459443923339,0.16204459443923339,0.16204459443923339,0.12571416646522499,0.16204459443923339,0.0363304279740084,0.0,0.12571416646522499,0,0,-0.007989707992446825,3.63304279740084e-05,0.863914994128714,1.0369714627066806,0.16688643304248543,0.006740702635306489,0.46264560223455065,0.07496921898319264,0.07123499039282132,0.0,0.0,-0.046910344720209544
1369,17.14,0.02942942942942955,1.0,0.2620445944392334,0.14097989388071505,0.14097989388071505,0.14097989388071505,0.16204459443923339,0.14097989388071505,-0.021064700558518334,0.0363304279740084,0.12571416646522499,0,0,0.004768879956469951,2.1064700558518335e-05,0.868016702917649,1.0369714627066806,0.16293096373937768,0.0,0.3379168416050764,0.047639480469990066,0.06297656191983038,0.0,0.0,-0.06111475115526312
1370,18.47,0.07759626604434063,1.0,0.24097989388071506,0.1533407330537583,0.1533407330537583,0.1533407330537583,0.14097989388071505,0.1533407330537583,0.012360839173043259,0.0,0.14097989388071505,0,0,0.010939513352470873,1.236083917304326e-05,0.8775016538145199,1.0369714627066806,0.15378418271599875,0.0,0.32770035103354667,0.05024981204945797,0.058522199465200035,0.0,0.0,-0.03790430708488922
1371,20.47,0.10828370330265295,1.0,0.2533407330537583,0.18192441985221197,0.18192441985221197,0.18192441985221197,0.1533407330537583,0.1533407330537583,0.0,0.012360839173043259,0.14097989388071505,1,0,0.016604302442204472,0.0,0.8920719566679908,1.0369714627066806,0.13973335935443804,0.0,0.6030698097467633,0.10971312526856376,0.07643902349637734,0.0,0.0,-0.028313098940645015
1372,21.2,0.035661944308744524,1.0,0.2533407330537583,0.2258332524464154,0.2258332524464154,0.2258332524464154,0.1533407330537583,0.2258332524464154,0.07249251939265708,0.0,0.1533407330537583,0,0,0.005468428682425189,7.249251939265708e-05,0.8968855199990027,1.0369714627066806,0.13509141547832823,0.0,0.8491597036975906,0.19176849773246127,0.11143902349637734,0.0,0.0,-0.019736767543769674
1373,20.46,-0.03490566037735842,1.0,0.32583325244641537,0.24033934660392986,0.24033934660392986,0.24033934660392986,0.2258332524464154,0.24033934660392986,0.01450609415751447,0.07249251939265708,0.1533407330537583,0,0,-0.007882858811808823,1.450609415751447e-05,0.8898024877686932,1.0369714627066806,0.14192191418059869,0.006830498702270454,0.8007937778358455,0.19246225332955968,0.13979715393799114,0.0,0.0,-0.060827551306543756
1374,21.06,0.029325513196480833,1.0,0.34033934660392984,0.2189940385536834,0.2189940385536834,0.2189940385536834,0.24033934660392986,0.2189940385536834,-0.021345308050246453,0.01450609415751447,0.2258332524464154,0,0,0.007048074680467126,2.1345308050246454e-05,0.8960548890451471,1.0369714627066806,0.13589243169114426,0.0,0.7736781983353558,0.1694309131943972,0.15016896967773327,0.0,0.0,-0.06400864841197841
1375,23.32,0.10731244064577405,1.0,0.3189940385536834,0.23783613778790966,0.23783613778790966,0.23783613778790966,0.2189940385536834,0.2189940385536834,0.0,0.0,0.2189940385536834,1,0,0.023500784764070505,0.0,0.9171128821293901,1.0369714627066806,0.11558522571531352,0.0,0.7740889251113598,0.18410632025288026,0.16204704237903472,0.0,0.0,-0.0273716969339701
1376,24.27,0.04073756432246995,1.0,0.3189940385536834,0.30129617862464275,0.30129617862464275,0.30129617862464275,0.2189940385536834,0.30129617862464275,0.08230214007095935,0.0,0.2189940385536834,0,0,0.008921283731818141,8.230214007095935e-05,0.9252192260120862,1.0369714627066806,0.10776789980594177,0.0,0.8574824972927948,0.25835619967183465,0.19575524743151468,0.0,0.0,-0.009570659743899864
1377,23.25,-0.042027194066749055,1.0,0.40129617862464273,0.32572530526698174,0.32572530526698174,0.32572530526698174,0.30129617862464275,0.32572530526698174,0.024429126642338983,0.08230214007095935,0.2189940385536834,0,0,-0.012662632970627748,2.4429126642338983e-05,0.9134809122380827,1.0369714627066806,0.11908770386628147,0.011319804060339694,0.8054453231871779,0.26235392377100625,0.21906478415033676,0.0,0.0,-0.0613041205921761
1378,22.8,-0.01935483870967739,1.0,0.4257253052669817,0.29035092648193295,0.29035092648193295,0.29035092648193295,0.32572530526698174,0.29035092648193295,-0.03537437878504879,0.024429126642338983,0.30129617862464275,0,0,-0.006304360747102862,3.537437878504879e-05,0.9076896852119388,1.0369714627066806,0.12467245449290694,0.005584750626625473,0.6023154542669726,0.17488285018080182,0.20360110726099953,0.0,0.0,-0.08082693006449156
1379,21.3,-0.06578947368421052,1.0,0.3903509264819329,0.2728985700765949,0.2728985700765949,0.2728985700765949,0.29035092648193295,0.2728985700765949,-0.017452356405338043,0.0,0.29035092648193295,0,0,-0.019102034636969273,1.7452356405338044e-05,0.8903351240815088,1.0369714627066806,0.14140826811417237,0.01673581362126543,0.5900753618405313,0.16103072248371034,0.18870147258894832,0.0,0.0,-0.09822990628397643
1380,21.53,0.010798122065727719,1.0,0.3728985700765949,0.22059917301101312,0.22059917301101312,0.22059917301101312,0.2728985700765949,0.22059917301101312,-0.05229939706558179,0.0,0.2728985700765949,0,0,0.0029467920712496214,5.229939706558179e-05,0.8929121925757315,1.0369714627066806,0.13892308063611383,0.0,0.20673075338136748,0.04560463323187337,0.13861757881397208,0.0,0.0,-0.0761015687122808
1381,23.46,0.08964235949837435,1.0,0.32059917301101315,0.22836537882837704,0.22836537882837704,0.22836537882837704,0.22059917301101312,0.22836537882837704,0.007766205817363925,0.0,0.22059917301101312,0,0,0.019775030372097317,7.766205817363925e-06,0.9105626237636684,1.0369714627066806,0.12190194570356123,0.0,0.0,0.0,0.09010142622908185,0.0,0.0,-0.0262710858658503
1382,23.96,0.021312872975277068,1.0,0.328365378828377,0.28155642412688453,0.28155642412688453,0.28155642412688453,0.22836537882837704,0.28155642412688453,0.05319104529850749,0.007766205817363925,0.22059917301101312,0,0,0.004867122310920227,5.319104529850749e-05,0.9149460096475108,1.0369714627066806,0.11767484202570201,0.0,0.15489247925132898,0.043610972582151845,0.07382976745265635,0.0,0.0,-0.020444865708735466
1383,23.53,-0.01794657762938229,1.0,0.3815564241268845,0.29476611726055046,0.29476611726055046,0.29476611726055046,0.28155642412688453,0.29476611726055046,0.013209693133665934,0.05319104529850749,0.22836537882837704,0,0,-0.0050529742226444185,1.3209693133665935e-05,0.9103107248896293,1.0369714627066806,0.12214486354951776,0.004470021523815745,0.34889619240350583,0.10284277596177138,0.08398432043084661,0.0,0.0,-0.0522754844121045
1384,23.44,-0.003824904377390559,1.0,0.39476611726055044,0.280797303096325,0.280797303096325,0.280797303096325,0.29476611726055046,0.280797303096325,-0.013968814164225463,0.013209693133665934,0.28155642412688453,0,0,-0.0011274522122162983,1.3968814164225463e-05,0.9092716770877005,1.0369714627066806,0.12314686586037851,0.0010020023108607556,0.3030195144774167,0.08508706245081642,0.08437028013783604,0.0,0.0,-0.061561327267489786
1385,22.88,-0.02389078498293525,1.0,0.380797303096325,0.2776660336190563,0.2776660336190563,0.2776660336190563,0.280797303096325,0.2776660336190563,-0.0031312694772687166,0.0,0.280797303096325,0,0,-0.0067084679920623985,3.1312694772687167e-06,0.9031690099712198,1.0369714627066806,0.12903195270794868,0.0058850868475701645,0.44828454536957024,0.12447339164549046,0.09840636916551508,0.0,0.0,-0.06339934203693515
1386,22.36,-0.02272727272727271,1.0,0.37766603361905626,0.25927513688916126,0.25927513688916126,0.25927513688916126,0.2776660336190563,0.25927513688916126,-0.018390896729895023,0.0,0.2776660336190563,0,0,-0.006310591673160365,1.8390896729895022e-05,0.8974528690494469,1.0369714627066806,0.13454429429819148,0.005512341590242803,0.29967474460624133,0.07769821043000766,0.0911585136080875,0.0,0.0,-0.06913611672844883
1387,22.18,-0.00805008944543827,1.0,0.35927513688916124,0.24204906858638758,0.24204906858638758,0.24204906858638758,0.25927513688916126,0.24204906858638758,-0.01722606830277368,0.0,0.25927513688916126,0,0,-0.0020871880429359996,1.722606830277368e-05,0.8955642565676475,1.0369714627066806,0.1363655714979225,0.0018212771997310195,0.0,0.0,0.059253033845256875,0.0,0.0,-0.060667662711495596
1388,20.86,-0.05951307484220019,1.0,0.3420490685863876,0.2363575700684686,0.2363575700684686,0.2363575700684686,0.24204906858638758,0.2363575700684686,-0.005691498517918975,0.0,0.24204906858638758,0,0,-0.014405084334266531,5.691498517918975e-06,0.8826584808223968,1.0369714627066806,0.14881121364854086,0.012445642150618358,0.0,0.0,0.03851447199941697,0.0,0.0,-0.0720594340363095
1389,21.9,0.049856184084371966,1.0,0.3363575700684686,0.19746498055946762,0.19746498055946762,0.19746498055946762,0.2363575700684686,0.19746498055946762,-0.038892589509000985,0.0,0.2363575700684686,0,0,0.011783886523068417,3.889258950900099e-05,0.8930252993250607,1.0369714627066806,0.13881400651652914,0.0,0.0,0.0,0.02503440679962103,0.0,0.0,-0.057742341347015315
1390,21.22,-0.031050228310502272,1.0,0.29746498055946763,0.22870624289068203,0.22870624289068203,0.22870624289068203,0.19746498055946762,0.22870624289068203,0.03124126233121441,0.0,0.19746498055946762,0,0,-0.006131332729700362,3.124126233121441e-05,0.8875219648412138,1.0369714627066806,0.1441211289222723,0.005307122405743159,0.0,0.0,0.01627236441975367,0.0,0.0,-0.04054544742617152
1391,21.76,0.02544769085768156,1.0,0.32870624289068207,0.21212148331278058,0.21212148331278058,0.21212148331278058,0.22870624289068203,0.21212148331278058,-0.016584759577901453,0.03124126233121441,0.19746498055946762,0,0,0.005820045766303908,1.6584759577901454e-05,0.8926726639567828,1.0369714627066806,0.13915406926749188,0.0,0.0,0.0,0.010577036872839887,0.0,0.0,-0.05244668986496941
1392,21.35,-0.01884191176470589,1.0,0.31212148331278056,0.2276435107008016,0.2276435107008016,0.2276435107008016,0.21212148331278058,0.2276435107008016,0.015522027388021026,0.0,0.21212148331278058,0,0,-0.003996774271977944,1.5522027388021025e-05,0.8890909967306438,1.0369714627066806,0.14260803820969417,0.00345396894220229,0.0,0.0,0.006875073967345927,0.0,0.0,-0.046200116535571545
1393,20.37,-0.045901639344262314,1.0,0.3276435107008016,0.21684990115630173,0.21684990115630173,0.21684990115630173,0.2276435107008016,0.21684990115630173,-0.010793609544499871,0.015522027388021026,0.21212148331278058,0,0,-0.010449210327249913,1.0793609544499872e-05,0.8797911014046729,1.0369714627066806,0.15157636150539663,0.008968323295702463,0.0,0.0,0.0044687980787748525,0.0,0.0,-0.06579269072953522
1394,20.45,0.003927344133529616,1.0,0.31684990115630174,0.18882389031552083,0.18882389031552083,0.18882389031552083,0.21684990115630173,0.18882389031552083,-0.028026010840780907,0.0,0.21684990115630173,0,0,0.0008516441871626787,2.802601084078091e-05,0.8805157133471561,1.0369714627066806,0.15087758437551127,0.0,0.0,0.0,0.002904718751203654,0.0,0.0,-0.06319557662475432
1395,20.34,-0.005378973105134447,1.0,0.2888238903155208,0.19100756235619445,0.19100756235619445,0.19100756235619445,0.18882389031552083,0.19100756235619445,0.0021836720406736287,0.0,0.18882389031552083,0,0,-0.0010156786276140433,2.183672040673629e-06,0.8796194695982864,1.0369714627066806,0.1517418740701672,0.0008642896946559342,0.0,0.0,0.0018880671882823752,0.0,0.0,-0.04984095492737289
1396,19.55,-0.038839724680432605,1.0,0.29100756235619446,0.18830663375758586,0.18830663375758586,0.18830663375758586,0.19100756235619445,0.18830663375758586,-0.0027009285986085985,0.0021836720406736287,0.18882389031552083,0,0,-0.007418681133795155,2.7009285986085987e-06,0.8730914774448774,1.0369714627066806,0.1580371217102226,0.006295247640055401,0.0,0.0,0.0012272436723835438,0.0,0.0,-0.05868959126452891
1397,19.7,0.007672634271099672,1.0,0.28830663375758586,0.1686339810513279,0.1686339810513279,0.1686339810513279,0.18830663375758586,0.1686339810513279,-0.019672652706257954,0.0,0.18830663375758586,0,0,0.0014448079316438675,1.9672652706257953e-05,0.8743357509111238,1.0369714627066806,0.156837210708816,0.0,0.0,0.0,0.0007977083870493036,0.0,0.0,-0.05839592742177161
1398,20.71,0.05126903553299501,1.0,0.2686339810513279,0.1723837185673266,0.1723837185673266,0.1723837185673266,0.1686339810513279,0.1723837185673266,0.003749737515998691,0.0,0.1686339810513279,0,0,0.008645701566590936,3.7497375159986913e-06,0.8818917183529357,1.0369714627066806,0.14955063849969324,0.0,0.0,0.0,0.0005185104515820474,0.0,0.0,-0.039410702950947576
1399,20.69,-0.000965717044905822,1.0,0.27238371856732657,0.19515427611961803,0.19515427611961803,0.19515427611961803,0.1723837185673266,0.19515427611961803,0.02277055755229143,0.003749737515998691,0.1686339810513279,0,0,-0.00016647389528471552,2.2770557552291432e-05,0.8817248252372345,1.0369714627066806,0.14971158132377596,0.00016094282408271599,0.0,0.0,0.00033703179352833083,0.0,0.0,-0.03878942117734519
1400,20.26,-0.02078298695021748,1.0,0.29515427611961803,0.19465131536320324,0.19465131536320324,0.19465131536320324,0.19515427611961803,0.19465131536320324,-0.0005029607564147887,0.02277055755229143,0.1723837185673266,0,0,-0.0040558887738731605,5.029607564147887e-07,0.8781482039439245,1.0369714627066806,0.15316068423734547,0.0034491029135695073,0.0,0.0,0.00021907066579341506,0.0,0.0,-0.05421557516701008
1401,20.95,0.03405725567620917,1.0,0.2946513153632032,0.18387283981054064,0.18387283981054064,0.18387283981054064,0.19465131536320324,0.18387283981054064,-0.010778475552662592,0.0,0.19465131536320324,0,0,0.006629289615035034,1.0778475552662593e-05,0.8839602376138437,1.0369714627066806,0.14755586879261878,0.0,0.0,0.0,0.0001423959327657198,0.0,0.0,-0.0487184131301289
1402,21.35,0.019093078758949982,1.0,0.2838728398105407,0.2013878975082139,0.2013878975082139,0.2013878975082139,0.18387283981054064,0.2013878975082139,0.017515057697673253,0.0,0.18387283981054064,0,0,0.0035106986121344465,1.7515057697673253e-05,0.8870480729786523,1.0369714627066806,0.1445781249724091,0.0,0.16945144917645702,0.03412547107936664,0.012036472234076041,0.0,0.0,-0.040079356662469354
1403,20.5,-0.039812646370023484,1.0,0.30138789750821393,0.21069334671075432,0.21069334671075432,0.21069334671075432,0.2013878975082139,0.21069334671075432,0.009305449202540422,0.017515057697673253,0.18387283981054064,0,0,-0.008017785146697053,9.305449202540423e-06,0.8799276577339346,1.0369714627066806,0.1514446738609698,0.006866548888560697,0.23610606455199137,0.04974597691916446,0.025234798873856983,0.0,0.0,-0.056536896054085635
1404,19.29,-0.05902439024390248,1.0,0.3106933467107543,0.18923539519510954,0.18923539519510954,0.18923539519510954,0.21069334671075432,0.18923539519510954,-0.02145795151564478,0.009305449202540422,0.2013878975082139,0,0,-0.012436046318049409,2.145795151564478e-05,0.8689659551808057,1.0369714627066806,0.16201555545930896,0.01057088159833916,0.0,0.0,0.01640261926800704,0.0,0.0,-0.07431129083813025
1405,19.04,-0.012960082944530845,1.0,0.28923539519510955,0.15620138347391144,0.15620138347391144,0.15620138347391144,0.18923539519510954,0.15620138347391144,-0.0330340117211981,0.0,0.18923539519510954,0,0,-0.0024525064177696935,3.3034011721198105e-05,0.8668061051673526,1.0369714627066806,0.16409839967549936,0.0020828442161903993,0.0,0.0,0.010661702524204576,0.0,0.0,-0.0690390838243493
1406,20.69,0.08665966386554634,1.0,0.2562013834739114,0.14969250969839143,0.14969250969839143,0.14969250969839143,0.15620138347391144,0.14969250969839143,-0.006508873775520008,0.0,0.15620138347391144,0,0,0.01353635938718247,6.508873775520008e-06,0.8785338621943753,1.0369714627066806,0.15278877597919122,0.0,0.0,0.0,0.006930106640732975,0.0,0.0,-0.03967099663522421
1407,20.64,-0.002416626389560208,1.0,0.24969250969839143,0.18503508381751751,0.18503508381751751,0.18503508381751751,0.14969250969839143,0.18503508381751751,0.035342574119126086,0.0,0.14969250969839143,0,0,-0.00036175086925663015,3.534257411912609e-05,0.8781850021579144,1.0369714627066806,0.15312519800140423,0.0003364220222130121,0.0,0.0,0.0045045693164764335,0.0,0.0,-0.03275902713228516
1408,22.86,0.10755813953488366,1.0,0.2850350838175175,0.18398376032917596,0.18398376032917596,0.18398376032917596,0.18503508381751751,0.18398376032917596,-0.0010513234883415545,0.035342574119126086,0.14969250969839143,1,0,0.01990202936409344,1.0513234883415545e-06,0.8956617426014479,1.0369714627066806,0.13627156116368824,0.0,0.0,0.0,0.002927970055709682,0.0,0.0,-0.030538283094016287
1409,22.97,0.00481189851268589,1.0,0.28398376032917594,0.23665135577462737,0.23665135577462737,0.23665135577462737,0.18398376032917596,0.23665135577462737,0.05266759544545141,0.0,0.18398376032917596,0,0,0.0008853111826863189,5.266759544545141e-05,0.8964075096077619,1.0369714627066806,0.13555238321797367,0.0,0.4522082798743906,0.10701570252478668,0.037927970055709685,0.0,0.0,-0.02874320130088591
1410,22.95,-0.0008707009142359415,1.0,0.33665135577462735,0.23889882341166135,0.23889882341166135,0.23889882341166135,0.23665135577462737,0.23889882341166135,0.002247467637033984,0.05266759544545141,0.18398376032917596,0,0,-0.0002060525518281431,2.247467637033984e-06,0.896220787906062,1.0369714627066806,0.13573244767337594,0.000180064455402279,0.5642943230333997,0.13480924983055914,0.071836417976907,0.0,0.0,-0.0562249455980785
1411,23.27,0.013943355119825722,1.0,0.33889882341166133,0.23833611831208573,0.23833611831208573,0.23833611831208573,0.23889882341166135,0.23833611831208573,-0.0005627050995756222,0.002247467637033984,0.23665135577462737,0,0,0.0033310511325373294,5.627050995756222e-07,0.8992056408686122,1.0369714627066806,0.13285401459214222,0.0,0.5703421385460957,0.13593313141089025,0.09427026767880115,0.0,0.0,-0.05417276321098176
1412,23.83,0.024065320154705576,1.0,0.33833611831208577,0.2473312042666394,0.2473312042666394,0.2473312042666394,0.23833611831208573,0.2473312042666394,0.008995085954553672,0.0,0.23833611831208573,0,0,0.00573563499161013,8.995085954553672e-06,0.9043550677750011,1.0369714627066806,0.12788818178807648,0.0,0.4811069894786717,0.11899277108885728,0.1029231438723208,0.0,0.0,-0.04574796148701867
1413,22.91,-0.03860679815358784,1.0,0.34733120426663944,0.2628494132321046,0.2628494132321046,0.2628494132321046,0.2473312042666394,0.2628494132321046,0.015518208965465186,0.008995085954553672,0.23833611831208573,0,0,-0.009548665880205951,1.5518208965465187e-05,0.8957056494248258,1.0369714627066806,0.1362292197637974,0.008341037975720916,0.5550597543465017,0.1458971307387341,0.11796403927556544,0.0,0.0,-0.05846741874306859
1414,22.67,-0.010475774770842359,1.0,0.3628494132321046,0.2367836967124786,0.2367836967124786,0.2367836967124786,0.2628494132321046,0.2367836967124786,-0.026065716519625998,0.015518208965465186,0.2473312042666394,0,0,-0.002753551251667599,2.6065716519626e-05,0.8932159308031833,1.0369714627066806,0.13863017168116634,0.002400951917368943,0.12903452618829253,0.030553272114407035,0.08737027076916,0.0,0.0,-0.06745936728954238
1415,22.37,-0.013233348037053404,1.0,0.3367836967124786,0.22928072922082643,0.22928072922082643,0.22928072922082643,0.2367836967124786,0.22928072922082643,-0.007502967491652163,0.0,0.2367836967124786,0,0,-0.003133441068096327,7.502967491652163e-06,0.8904103895528349,1.0369714627066806,0.14133568610585978,0.0027055144246934393,0.05919728225994805,0.013572796044451982,0.0615411546155122,0.0,0.0,-0.057589423285642975
1416,22.45,0.0035762181493070315,1.0,0.3292807292208264,0.22082599662405789,0.22082599662405789,0.22082599662405789,0.22928072922082643,0.22082599662405789,-0.008454732596768544,0.0,0.22928072922082643,0,0,0.0008199579051258705,8.454732596768543e-06,0.89113296040881,1.0369714627066806,0.1406388772909971,0.0,0.0,0.0,0.04000175050008293,0.0,0.0,-0.053342217564440415
1417,22.25,-0.008908685968819567,1.0,0.32082599662405786,0.2230035219357391,0.2230035219357391,0.2230035219357391,0.22082599662405789,0.2230035219357391,0.002177525311681222,0.0,0.22082599662405789,0,0,-0.001967269457675342,2.177525311681222e-06,0.8893779212884925,1.0369714627066806,0.14233134346141277,0.0016924661704156574,0.0,0.0,0.026001137825053904,0.0,0.0,-0.05078434189505329
1418,22.75,0.02247191011235955,1.0,0.3230035219357391,0.21771454103456392,0.21771454103456392,0.21771454103456392,0.2230035219357391,0.21771454103456392,-0.005288980901175189,0.002177525311681222,0.22082599662405789,0,0,0.00501131509967953,5.288980901175189e-06,0.8938301703919275,1.0369714627066806,0.13803783176552306,0.0,0.0,0.0,0.01690073958628504,0.0,0.0,-0.04755478681316935
1419,24.03,0.05626373626373631,1.0,0.3177145410345639,0.23113177940398028,0.23113177940398028,0.23113177940398028,0.21771454103456392,0.23113177940398028,0.013417238369416357,0.0,0.21771454103456392,0,0,0.012249433517549101,1.3417238369416357e-05,0.904767090907665,1.0369714627066806,0.12749084864296897,0.0,0.048689722062704464,0.01125374209903812,0.014924290465748618,0.0,0.0,-0.031631881120715924
1420,24.15,0.00499375780274646,1.0,0.3311317794039803,0.2640910990546952,0.2640910990546952,0.2640910990546952,0.23113177940398028,0.2640910990546952,0.03295931965071491,0.013417238369416357,0.21771454103456392,0,0,0.0011542161268613001,3.2959319650714915e-05,0.9057815671672855,1.0369714627066806,0.12651254181765623,0.0,0.3143665811655455,0.08302141592607595,0.038758284376863184,0.0,0.0,-0.03619452193746524
1421,24.67,0.02153209109730862,1.0,0.36409109905469517,0.26714830510421844,0.26714830510421844,0.26714830510421844,0.2640910990546952,0.26714830510421844,0.0030572060495232534,0.03295931965071491,0.23113177940398028,0,0,0.005686433602834051,3.0572060495232533e-06,0.9109294647467666,1.0369714627066806,0.12154818381493536,0.0,0.35802086644247744,0.09564466766205161,0.058668518526679134,0.0,0.0,-0.04697233004570467
1422,24.17,-0.020267531414673693,1.0,0.3671483051042185,0.2826619273060037,0.2826619273060037,0.2826619273060037,0.26714830510421844,0.2826619273060037,0.01551362220178526,0.0030572060495232534,0.2640910990546952,0,0,-0.00541443666607658,1.551362220178526e-05,0.9059831630370637,1.0369714627066806,0.12631813350746804,0.0047699496925326795,0.42157718124594534,0.11916381855921135,0.0798418735380654,0.0,0.0,-0.05246240743593997
1423,23.88,-0.011998345055854476,1.0,0.3826619273060037,0.26775585338576124,0.26775585338576124,0.26775585338576124,0.2826619273060037,0.26775585338576124,-0.014906073920242457,0.01551362220178526,0.26714830510421844,0,0,-0.003391475337970287,1.4906073920242458e-05,0.9028970388310085,1.0369714627066806,0.12929422717739403,0.0029760936699259888,0.35276579577448597,0.09445510669290466,0.08495650514225914,0.0,0.0,-0.06501561475161712
1424,24.07,0.007956448911222835,1.0,0.3677558533857612,0.2584555264573811,0.2584555264573811,0.2584555264573811,0.26775585338576124,0.2584555264573811,-0.00930032692838012,0.0,0.26775585338576124,0,0,0.002130385768144681,9.30032692838012e-06,0.9048121605949903,1.0369714627066806,0.127447385839077,0.0,0.2294434850385948,0.059300936717866265,0.07597705619372164,0.0,0.0,-0.05525647700607838
1425,22.6,-0.06107187370170332,1.0,0.3584555264573811,0.26422693245220114,0.26422693245220114,0.26422693245220114,0.2584555264573811,0.26422693245220114,0.005771405994820011,0.0,0.2584555264573811,0,0,-0.015784363269312422,5.771405994820012e-06,0.8905250547233396,1.0369714627066806,0.14122510912796934,0.013777723288892346,0.08568441136545216,0.02264012917406594,0.05730913173684214,0.0,0.0,-0.0713979158923794
1426,23.31,0.0314159292035397,1.0,0.36422693245220117,0.2211715172992359,0.2211715172992359,0.2211715172992359,0.26422693245220114,0.2211715172992359,-0.04305541515296524,0.005771405994820011,0.2584555264573811,0,0,0.008300934603586817,4.3055415152965235e-05,0.8978789030395183,1.0369714627066806,0.13413344982908773,0.0,0.0,0.0,0.03725093562894739,0.0,0.0,-0.0633171695347433
1427,22.57,-0.03174603174603168,1.0,0.3211715172992359,0.24333298988773644,0.24333298988773644,0.24333298988773644,0.2211715172992359,0.24333298988773644,0.02216147258850054,0.0,0.2211715172992359,0,0,-0.007021318009499538,2.2161472588500543e-05,0.8915547114085598,1.0369714627066806,0.1402321631094429,0.006098713280355161,0.0,0.0,0.024213108158815805,0.0,0.0,-0.04592983511434549
1428,22.66,0.0039875941515285715,1.0,0.3433329898877364,0.22427449785330097,0.22427449785330097,0.22427449785330097,0.24333298988773644,0.22427449785330097,-0.019058492034435465,0.02216147258850054,0.2211715172992359,0,0,0.0009703132073502988,1.9058492034435466e-05,0.8924028070317491,1.0369714627066806,0.13941430490052398,0.0,0.0,0.0,0.015738520303230273,0.0,0.0,-0.058540310755542814
1429,22.39,-0.011915269196822577,1.0,0.324274497853301,0.22683027982865756,0.22683027982865756,0.22683027982865756,0.22427449785330097,0.22683027982865756,0.0025557819753565802,0.0,0.22427449785330097,0,0,-0.002672291015904288,2.5557819753565802e-06,0.8900157662409415,1.0369714627066806,0.1417162397913618,0.0023019348908378257,0.0,0.0,0.010230038197099677,0.0,0.0,-0.0513006740647262
1430,21.36,-0.04600267976775351,1.0,0.32683027982865753,0.21963674426241753,0.21963674426241753,0.21963674426241753,0.22683027982865756,0.21963674426241753,-0.007193535566240028,0.0025557819753565802,0.22427449785330097,0,0,-0.010434800724587653,7.193535566240028e-06,0.880722226718407,1.0369714627066806,0.15067843388904373,0.008962194097681925,0.0,0.0,0.006649524828114791,0.0,0.0,-0.0639611015508564
1431,22.32,0.04494382022471914,1.0,0.3196367442624175,0.19162987210054475,0.19162987210054475,0.19162987210054475,0.21963674426241753,0.19162987210054475,-0.02800687216187278,0.0,0.21963674426241753,0,0,0.009871314348872706,2.800687216187278e-05,0.8893914463975697,1.0369714627066806,0.14231830056721204,0.0,0.0,0.0,0.004322191138274614,0.0,0.0,-0.05416520793826053
1432,22.24,-0.0035842293906810864,1.0,0.29162987210054475,0.21775533296333158,0.21775533296333158,0.21775533296333158,0.19162987210054475,0.21775533296333158,0.02612546086278683,0.0,0.19162987210054475,0,0,-0.00068684541971523,2.612546086278683e-05,0.8887573361948531,1.0369714627066806,0.1429298026437123,0.0006115020765002643,0.0,0.0,0.0028094242398784995,0.0,0.0,-0.037639476793446744
1433,22.15,-0.0040467625899280515,1.0,0.3177553329633316,0.21584435217250197,0.21584435217250197,0.21584435217250197,0.21775533296333158,0.21584435217250197,-0.0019109807908296028,0.02612546086278683,0.19162987210054475,0,0,-0.0008812041351933369,1.9109807908296027e-06,0.8879724611568176,1.0369714627066806,0.14368669429045716,0.0007568916467448616,0.0,0.0,0.0018261257559210246,0.0,0.0,-0.05174374060348224
1434,24.52,0.10699774266365694,1.0,0.31584435217250195,0.2134790722297806,0.2134790722297806,0.2134790722297806,0.21584435217250197,0.2134790722297806,-0.002365279942721371,0.0,0.21584435217250197,1,0,0.023094858449157107,2.3652799427213713e-06,0.9084779591505318,1.0369714627066806,0.12391228512765229,0.0,0.0,0.0,0.001186981741348666,0.0,0.0,-0.027997681827175998
1435,22.98,-0.06280587275693308,1.0,0.3134790722297806,0.27527411785070127,0.27527411785070127,0.27527411785070127,0.2134790722297806,0.27527411785070127,0.06179504562092067,0.0,0.2134790722297806,0,0,-0.013407739446731728,6.179504562092067e-05,0.8962411839442116,1.0369714627066806,0.13571277882145172,0.01180049369379943,0.3527814428720345,0.09711160048069686,0.03476059830012053,0.0,0.0,-0.04041186360544884
1436,22.66,-0.013925152306353362,1.0,0.3752741178507013,0.23839758560200958,0.23839758560200958,0.23839758560200958,0.27527411785070127,0.23839758560200958,-0.036876532248691696,0.06179504562092067,0.2134790722297806,0,0,-0.00383323401706808,3.68765322486917e-05,0.892772631483497,1.0369714627066806,0.1390576659137745,0.003344887092322779,0.20678322123113102,0.04929662068450784,0.03984820613465609,0.0,0.0,-0.07498527183455175
1437,22.82,0.007060900264783766,1.0,0.3383975856020096,0.22794479355368596,0.22794479355368596,0.22794479355368596,0.23839758560200958,0.22794479355368596,-0.010452792048323611,0.0,0.23839758560200958,0,0,0.00168330157530104,1.0452792048323612e-05,0.8942661050937954,1.0369714627066806,0.1376174395777476,0.0,0.017889436255416804,0.0040778038540328085,0.027328565336437943,0.0,0.0,-0.05371999504377832
1438,24.35,0.06704645048203335,1.0,0.327944793553686,0.23244550302771644,0.23244550302771644,0.23244550302771644,0.22794479355368596,0.23244550302771644,0.004500709474030473,0.0,0.22794479355368596,0,0,0.01528288931363452,4.500709474030473e-06,0.9079290501629476,1.0369714627066806,0.12444162369416543,0.0,0.058471006874520254,0.013591322605484926,0.02252053038060439,0.0,0.0,-0.0331416408466193
1439,25.68,0.054620123203285346,1.0,0.33244550302771647,0.27361992597675433,0.27361992597675433,0.27361992597675433,0.23244550302771644,0.27361992597675433,0.04117442294903789,0.004500709474030473,0.22794479355368596,0,0,0.012696202013423509,4.117442294903789e-05,0.9194189173429531,1.0369714627066806,0.1133614082849439,0.0,0.341218099418088,0.09336407110470604,0.04731576963403997,0.0,0.0,-0.020806060033297675
1440,25.96,0.010903426791277303,1.0,0.3736199259767543,0.30824559126101475,0.30824559126101475,0.30824559126101475,0.27361992597675433,0.30824559126101475,0.03462566528426042,0.04117442294903789,0.23244550302771644,0,0,0.002983394831522256,3.462566528426042e-05,0.9221300714972699,1.0369714627066806,0.11074691574409791,0.0,0.288284191202978,0.08886233096856538,0.06185706610112386,0.0,0.0,-0.03283146376709179
1441,27.07,0.04275808936825884,1.0,0.4082455912610148,0.3164158979434993,0.3164158979434993,0.3164158979434993,0.30824559126101475,0.3164158979434993,0.00817030668248453,0.03462566528426042,0.27361992597675433,0,0,0.013179992538510255,8.170306682484529e-06,0.9342762048736546,1.0369714627066806,0.09903383219917457,0.0,0.486298688903131,0.1538726363180306,0.09406251567704121,0.0,0.0,-0.03775163706235711
1442,26.92,-0.005541189508681144,1.0,0.4164158979434993,0.35603854656829387,0.35603854656829387,0.35603854656829387,0.3164158979434993,0.35603854656829387,0.03962264862479459,0.00817030668248453,0.30824559126101475,0,0,-0.001753320454064442,3.962264862479459e-05,0.9326011007961198,1.0369714627066806,0.10064921327548931,0.0016153810763147453,0.6257925360933128,0.22280626500394965,0.12906251567704122,0.0,0.0,-0.037814395772271005
1443,27.06,0.005200594353640305,1.0,0.4560385465682939,0.3479712022468701,0.3479712022468701,0.3479712022468701,0.35603854656829387,0.3479712022468701,-0.008067344321423753,0.03962264862479459,0.3164158979434993,0,0,0.0018516120549613697,8.067344321423754e-06,0.9343203926226294,1.0369714627066806,0.0989912198896135,0.0,0.5939941276644767,0.2066928507309888,0.15623313294592286,0.0,0.0,-0.05776132783976455
1444,26.92,-0.005173688100517259,1.0,0.44797120224687015,0.3563048582584985,0.3563048582584985,0.3563048582584985,0.3479712022468701,0.3563048582584985,0.008333656011628388,0.0,0.3479712022468701,0,0,-0.0018002944683873164,8.333656011628388e-06,0.9326305544833327,1.0369714627066806,0.10062080970965157,0.001629589820038066,0.4873236825967504,0.17363579565364468,0.1623240648936255,0.0,0.0,-0.0520707566732072
1445,26.0,-0.03417533432392279,1.0,0.45630485825849854,0.3480599805712942,0.3480599805712942,0.3480599805712942,0.3563048582584985,0.3480599805712942,-0.008244877687204277,0.008333656011628388,0.3479712022468701,0,0,-0.012176837652222109,8.244877687204278e-06,0.9212663742070382,1.0369714627066806,0.11157981936902248,0.01095900965937091,0.3202331684121854,0.11146035037582924,0.1445217648123968,0.0,0.0,-0.07117910208282974
1446,24.89,-0.04269230769230767,1.0,0.44805998057129426,0.31381306089506084,0.31381306089506084,0.31381306089506084,0.3480599805712942,0.31381306089506084,-0.03424691967623339,0.0,0.3480599805712942,0,0,-0.014859483785928322,3.424691967623339e-05,0.9075452809214699,1.0369714627066806,0.12481171029276472,0.013231890923742246,0.1209133953833221,0.03794420270845503,0.10721961807601718,0.0,0.0,-0.08975157778226132
1447,25.62,0.029329047810365626,1.0,0.41381306089506087,0.27246340960361126,0.27246340960361126,0.27246340960361126,0.31381306089506084,0.27246340960361126,-0.041349651291449574,0.0,0.31381306089506084,0,0,0.009203838266508418,4.134965129144958e-05,0.9158606542257068,1.0369714627066806,0.1167928075521509,0.0,0.0,0.0,0.06969275174941117,0.0,0.0,-0.06153812455000943
1448,25.26,-0.014051522248243537,1.0,0.37246340960361124,0.2975224828354123,0.2975224828354123,0.2975224828354123,0.27246340960361126,0.2975224828354123,0.025059073231801066,0.0,0.27246340960361126,0,0,-0.0038285256618774354,2.5059073231801067e-05,0.9123313075890955,1.0369714627066806,0.12019632130690659,0.0034035137547556854,0.0,0.0,0.04530028863711726,0.0,0.0,-0.04128635316249428
1449,25.85,0.023357086302454467,1.0,0.39752248283541236,0.2868864996366641,0.2868864996366641,0.2868864996366641,0.2975224828354123,0.2868864996366641,-0.0106359831987482,0.025059073231801066,0.27246340960361126,0,0,0.006949258308507253,1.06359831987482e-05,0.9186616299680112,1.0369714627066806,0.11409169586003812,0.0,0.0,0.0,0.029445187614126223,0.0,0.0,-0.0482938456336835
1450,26.45,0.023210831721469937,1.0,0.3868864996366641,0.3059634551411411,0.3059634551411411,0.3059634551411411,0.2868864996366641,0.3059634551411411,0.019076955504476967,0.0,0.2868864996366641,0,0,0.006658874266228157,1.9076955504476968e-05,0.9247613569881378,1.0369714627066806,0.10820944428466184,0.0,0.0,0.0,0.019139371949182044,0.0,0.0,-0.03376108438974795
1451,25.81,-0.024196597353497187,1.0,0.40596345514114107,0.32434548102351307,0.32434548102351307,0.32434548102351307,0.3059634551411411,0.32434548102351307,0.018382025882371977,0.019076955504476967,0.2868864996366641,0,0,-0.00740327452893499,1.8382025882371978e-05,0.917898095801405,1.0369714627066806,0.11482800750801073,0.006618563223348889,0.1449057488583178,0.04699952481652347,0.028890425452751542,0.0,0.0,-0.04965162264291243
1452,25.83,0.0007748934521503129,1.0,0.4243454810235131,0.3036624830221962,0.3036624830221962,0.3036624830221962,0.32434548102351307,0.3036624830221962,-0.0206829980013169,0.018382025882371977,0.3059634551411411,0,0,0.00025133318947966385,2.06829980013169e-05,0.918109809172959,1.0369714627066806,0.11462384241845137,0.0,0.15384642713252422,0.046717388067155675,0.03512986236779299,0.0,0.0,-0.061731775255164344
1453,25.72,-0.004258614014711554,1.0,0.4036624830221962,0.3043004855519285,0.3043004855519285,0.3043004855519285,0.3036624830221962,0.3043004855519285,0.00063800252973234,0.0,0.3036624830221962,0,0,-0.001293181305940434,6.3800252973234e-07,0.9169219409745551,1.0369714627066806,0.11576935918638954,0.0011455167679381706,0.05957638374808027,0.01812912250196885,0.02917960341475454,0.0,0.0,-0.05149768403233374
1454,25.53,-0.007387247278382494,1.0,0.40430048555192855,0.30072076097192374,0.30072076097192374,0.30072076097192374,0.3043004855519285,0.30072076097192374,-0.0035797245800047728,0.00063800252973234,0.3036624830221962,0,0,-0.002247942933703955,3.579724580004773e-06,0.9148574704485732,1.0369714627066806,0.11776022450933032,0.0019908653229407797,0.07220010985905718,0.02171207197907217,0.02656596741226571,0.0,0.0,-0.05472038135118992
1455,25.41,-0.004700352526439522,1.0,0.4007207609719238,0.29449929334292646,0.29449929334292646,0.29449929334292646,0.30072076097192374,0.29449929334292646,-0.006221467628997279,0.0,0.30072076097192374,0,0,-0.0014134935885871973,6.221467628997279e-06,0.9135586335234855,1.0369714627066806,0.11901275360178723,0.0012525290924569055,0.0,0.0,0.01726787881797271,0.0,0.0,-0.054427562331678274
1456,27.45,0.08028335301062571,1.0,0.39449929334292644,0.2905851541094458,0.2905851541094458,0.2905851541094458,0.29449929334292646,0.2905851541094458,-0.003914139233480662,0.0,0.29449929334292646,0,0,0.02364339072882998,3.914139233480662e-06,0.9351546814538879,1.0369714627066806,0.09818667621482342,0.0,0.0,0.0,0.011224121231682262,0.0,0.0,-0.028207605261068622
1457,27.4,-0.0018214936247723393,1.0,0.39058515410944583,0.36133325510323666,0.36133325510323666,0.36133325510323666,0.2905851541094458,0.36133325510323666,0.07074810099379086,0.0,0.2905851541094458,0,0,-0.0005292990056638433,7.074810099379087e-05,0.934593544593004,1.0369714627066806,0.09872780669050615,0.0005411304756827301,0.27487721576815205,0.09932227912722111,0.04205847649512086,0.0,0.0,-0.017853027984471054
1458,27.21,-0.006934306569342983,1.0,0.46133325510323664,0.3579512037397339,0.3579512037397339,0.3579512037397339,0.36133325510323666,0.3579512037397339,-0.0033820513635027805,0.07074810099379086,0.2905851541094458,0,0,-0.002505595564584458,3.3820513635027806e-06,0.9322486703096108,1.0369714627066806,0.10098907844939595,0.0022612717588897935,0.25125295786640633,0.08993629871144879,0.05881571427083563,0.0,0.0,-0.05640091738976766
1459,25.71,-0.05512679162072767,1.0,0.45795120373973386,0.3469091219827919,0.3469091219827919,0.3469091219827919,0.3579512037397339,0.3469091219827919,-0.01104208175694199,0.0,0.3579512037397339,0,0,-0.019732701418948947,1.1042081756941991e-05,0.9138425916841437,1.0369714627066806,0.11873891948882427,0.017749841039428324,0.22456866997299302,0.07790492012517437,0.06549693631985419,0.0,0.0,-0.09282140163004671
1460,25.41,-0.011668611435239234,1.0,0.44690912198279187,0.2914408765740562,0.2914408765740562,0.2914408765740562,0.3469091219827919,0.2914408765740562,-0.055468245408735684,0.0,0.3469091219827919,0,0,-0.004047947747757208,5.546824540873568e-05,0.9100927153781908,1.0369714627066806,0.12235510030074852,0.0036161808119242467,0.0,0.0,0.04257300860790523,0.0,0.0,-0.08190777570124286
1461,25.91,0.01967729240456513,1.0,0.39144087657405624,0.28014030158607073,0.28014030158607073,0.28014030158607073,0.2914408765740562,0.28014030158607073,-0.011300574987985479,0.0,0.2914408765740562,0,0,0.00573476734699048,1.130057498798548e-05,0.9153016007940994,1.0369714627066806,0.11733192887970241,0.0,0.0,0.0,0.0276724555951384,0.0,0.0,-0.04984537570664021
1462,24.4,-0.05827865688923202,1.0,0.3801403015860707,0.295837720297954,0.295837720297954,0.295837720297954,0.28014030158607073,0.295837720297954,0.015697418711883293,0.0,0.28014030158607073,0,0,-0.016326200516980596,1.5697418711883293e-05,0.9003438354535462,1.0369714627066806,0.1317564004090449,0.014424471529342495,0.0,0.0,0.01798709613683996,0.0,0.0,-0.0672720819457993
1463,23.86,-0.022131147540983574,1.0,0.39583772029795405,0.25076126530890536,0.25076126530890536,0.25076126530890536,0.295837720297954,0.25076126530890536,-0.045076454989048664,0.015697418711883293,0.28014030158607073,0,0,-0.006547228236102252,4.507645498904867e-05,0.8944084945634907,1.0369714627066806,0.13748012676363833,0.0057237263545934225,0.0,0.0,0.011691612488945975,0.0,0.0,-0.07917557174619957
1464,23.11,-0.03143336127409891,1.0,0.3507612653089054,0.2328746099039652,0.2328746099039652,0.2328746099039652,0.25076126530890536,0.2328746099039652,-0.017886655404940166,0.0,0.25076126530890536,0,0,-0.007882269446004989,1.7886655404940167e-05,0.887342527838012,1.0369714627066806,0.14429416840277393,0.0068140416391355985,0.0,0.0,0.007599548117814884,0.0,0.0,-0.0667989006822177
1465,23.36,0.010817827780181739,1.0,0.3328746099039652,0.21158071085983687,0.21158071085983687,0.21158071085983687,0.2328746099039652,0.21158071085983687,-0.021293899044128317,0.0,0.2328746099039652,0,0,0.0025191974243181,2.1293899044128316e-05,0.8895590238664243,1.0369714627066806,0.14215669778942958,0.0,0.0,0.0,0.004939706276579674,0.0,0.0,-0.05812348605525352
1466,22.99,-0.015839041095890453,1.0,0.31158071085983685,0.21826034262941052,0.21826034262941052,0.21826034262941052,0.21158071085983687,0.21826034262941052,0.006679631769573646,0.0,0.21158071085983687,0,0,-0.0033512355744066717,6.679631769573646e-06,0.8865719600933919,1.0369714627066806,0.1450372628584389,0.0028805650690093276,0.0,0.0,0.0032108090797767883,0.0,0.0,-0.049939104373304094
1467,22.75,-0.010439321444106066,1.0,0.3182603426294105,0.20925855115231967,0.20925855115231967,0.20925855115231967,0.21826034262941052,0.20925855115231967,-0.009001791477090848,0.006679631769573646,0.21158071085983687,0,0,-0.0022784898752091424,9.001791477090848e-06,0.8845439341227606,1.0369714627066806,0.1469929829949775,0.001955720136538608,0.0,0.0,0.0020870259018549125,0.0,0.0,-0.056720612029448295
1468,21.65,-0.048351648351648416,1.0,0.3092585511523197,0.2031469330209969,0.2031469330209969,0.2031469330209969,0.20925855115231967,0.2031469330209969,-0.006111618131322771,0.0,0.20925855115231967,0,0,-0.010117995879892393,6.111618131322771e-06,0.8755887162469769,1.0369714627066806,0.15562891773170495,0.00863593473672744,0.0,0.0,0.0013565668362056933,0.0,0.0,-0.06310418027316965
1469,21.95,0.013856812933025438,1.0,0.30314693302099693,0.17615962624767167,0.17615962624767167,0.17615962624767167,0.2031469330209969,0.17615962624767167,-0.026987306773325226,0.0,0.2031469330209969,0,0,0.002814969048789802,2.6987306773325226e-05,0.8780298416013891,1.0369714627066806,0.15327482657085426,0.0,0.0,0.0,0.0008817684435337007,0.0,0.0,-0.06071305077095602
1470,22.25,0.013667425968109373,1.0,0.27615962624767165,0.18351618983059612,0.18351618983059612,0.18351618983059612,0.17615962624767167,0.18351618983059612,0.007356563582924441,0.0,0.17615962624767167,0,0,0.0024076486503098694,7.356563582924442e-06,0.880137369682095,1.0369714627066806,0.1512424388374398,0.0,0.0,0.0,0.0005731494882969054,0.0,0.0,-0.043857271295610664
1471,21.3,-0.04269662921348311,1.0,0.2835161898305961,0.1898673906942357,0.1898673906942357,0.1898673906942357,0.18351618983059612,0.1898673906942357,0.006351200863639578,0.007356563582924441,0.17615962624767167,0,0,-0.007835522711868142,6.351200863639578e-06,0.8732354434031646,1.0369714627066806,0.15789828861455432,0.006655849777114531,0.0,0.0,0.00037254716739298856,0.0,0.0,-0.05459621202514762
1472,22.29,0.046478873239436544,1.0,0.2898673906942357,0.1690678376727071,0.1690678376727071,0.1690678376727071,0.1898673906942357,0.1690678376727071,-0.020799553021528583,0.006351200863639578,0.18351618983059612,0,0,0.008824822384379954,2.0799553021528584e-05,0.8809234281840375,1.0369714627066806,0.15048440592119086,0.0,0.0,0.0,0.00024215565880544257,0.0,0.0,-0.0515842617726188
1473,22.42,0.005832211754149958,1.0,0.26906783767270714,0.19223620966274058,0.19223620966274058,0.19223620966274058,0.1690678376727071,0.19223620966274058,0.023168371990033465,0.0,0.1690678376727071,0,0,0.0009860394301234796,2.3168371990033465e-05,0.8817716438574676,1.0369714627066806,0.14966643194221926,0.0,0.0,0.0,0.00015740117822353767,0.0,0.0,-0.03744086337920061
1474,20.78,-0.07314897413024088,1.0,0.29223620966274055,0.1947924107332557,0.1947924107332557,0.1947924107332557,0.19223620966274058,0.1947924107332557,0.0025562010705151295,0.023168371990033465,0.1690678376727071,0,0,-0.014061881527515372,2.5562010705151295e-06,0.8693700214816015,1.0369714627066806,0.16162589545869416,0.011959463516474894,0.001043928399623889,0.0002033493295956469,0.0001734830312037759,0.0,0.0,-0.06663488002165711
1475,18.87,-0.09191530317613089,1.0,0.2947924107332557,0.15741908774020597,0.15741908774020597,0.15741908774020597,0.1947924107332557,0.15741908774020597,-0.03737332299304974,0.0025562010705151295,0.19223620966274058,0,0,-0.01790440348895661,3.737332299304974e-05,0.8537719785891787,1.0369714627066806,0.17666781652729238,0.015041921068598224,0.0,0.0,0.00011276397028245435,0.0,0.0,-0.0967635040850135
1476,19.26,0.02066772655007952,1.0,0.25741908774020594,0.1104130953580287,0.1104130953580287,0.1104130953580287,0.15741908774020597,0.1104130953580287,-0.04700599238217726,0.0,0.15741908774020597,0,0,0.0032534946591775524,4.700599238217726e-05,0.8565095887625523,1.0369714627066806,0.17402781121197933,0.0,0.0,0.0,7.329658068359534e-05,0.0,0.0,-0.07040209527139198
1477,18.85,-0.021287642782969893,1.0,0.2104130953580287,0.11866307668677062,0.11866307668677062,0.11866307668677062,0.1104130953580287,0.11866307668677062,0.008249981328741912,0.0,0.1104130953580287,0,0,-0.0023504345325437064,8.249981328741912e-06,0.8544893528595549,1.0369714627066806,0.17597601902256296,0.0019482078105836353,0.0,0.0,4.764277744433697e-05,0.0,0.0,-0.04819981949360129
1478,18.93,0.004244031830238636,1.0,0.21866307668677062,0.11257492788432788,0.11257492788432788,0.11257492788432788,0.11866307668677062,0.11257492788432788,-0.006088148802442739,0.008249981328741912,0.1104130953580287,0,0,0.0005036098745327028,6.088148802442739e-06,0.8549144798770077,1.0369714627066806,0.17556604918950386,0.0,0.0,0.0,3.096780533881903e-05,0.0,0.0,-0.05250792010820197
1479,19.24,0.016376122556788098,1.0,0.21257492788432789,0.11385610178408165,0.11385610178408165,0.11385610178408165,0.11257492788432788,0.11385610178408165,0.001281173899753768,0.0,0.11257492788432788,0,0,0.0018435408158553352,1.281173899753768e-06,0.8564894543206084,1.0369714627066806,0.17404722779446788,0.0,0.0,0.0,2.0129073470232373e-05,0.0,0.0,-0.04746110178289431
1480,19.09,-0.007796257796257723,1.0,0.21385610178408165,0.11860240102103517,0.11860240102103517,0.11860240102103517,0.11385610178408165,0.11860240102103517,0.004746299236953522,0.001281173899753768,0.11257492788432788,0,0,-0.0008876515211856593,4.746299236953522e-06,0.8557251249983577,1.0369714627066806,0.17478430624815613,0.0007370784536882558,0.0,0.0,1.3083897755651044e-05,0.0,0.0,-0.048473138726379345
1481,19.23,0.007333682556312235,1.0,0.21860240102103518,0.11629905402952495,0.11629905402952495,0.11629905402952495,0.11860240102103517,0.11629905402952495,-0.002303346991510219,0.004746299236953522,0.11385610178408165,0,0,0.0008697923595047141,2.303346991510219e-06,0.8564674571420252,1.0369714627066806,0.17406844070087302,0.0,0.0,0.0,8.504533541173179e-06,0.0,0.0,-0.050230582047275374
1482,19.83,0.031201248049921887,1.0,0.21629905402952496,0.11853613741985211,0.11853613741985211,0.11853613741985211,0.11629905402952495,0.11853613741985211,0.0022370833903271603,0.0,0.11629905402952495,0,0,0.0036286756327464755,2.2370833903271604e-06,0.859573383744874,1.0369714627066806,0.1710732506551009,0.0,0.0,0.0,5.527946801762566e-06,0.0,0.0,-0.04520015835441916
1483,19.69,-0.007060010085728544,1.0,0.21853613741985212,0.12789606899300687,0.12789606899300687,0.12789606899300687,0.11853613741985211,0.12789606899300687,0.009359931573154762,0.0022370833903271603,0.11629905402952495,0,0,-0.0008368663257074606,9.359931573154762e-06,0.8588459901774895,1.0369714627066806,0.17177471023575885,0.0007014595806579538,0.061750730898235406,0.007897675739329316,0.002767779674186406,0.0,0.0,-0.047130181378276625
1484,20.09,0.020314880650076108,1.0,0.22789606899300688,0.12570401504916182,0.12570401504916182,0.12570401504916182,0.12789606899300687,0.12570401504916182,-0.002192053943845057,0.009359931573154762,0.11853613741985211,0,0,0.0025981933772068343,2.192053943845057e-06,0.8610755555044693,1.0369714627066806,0.16962463628757107,0.0,0.032712857819650804,0.004112137571662475,0.00323830493830303,0.0,0.0,-0.048972649357316336
1485,19.81,-0.013937282229965214,1.0,0.22570401504916182,0.13242299519751247,0.13242299519751247,0.13242299519751247,0.12570401504916182,0.13242299519751247,0.006718980148350651,0.0,0.12570401504916182,0,0,-0.0017519723351799629,6.71898014835065e-06,0.8595611894031621,1.0369714627066806,0.17108501022819478,0.0014603739406237048,0.08257504537197793,0.010934834836727808,0.005932090402751702,0.0,0.0,-0.04967724124668569
1486,19.68,-0.006562342251388138,1.0,0.23242299519751247,0.12785932831743874,0.12785932831743874,0.12785932831743874,0.13242299519751247,0.12785932831743874,-0.00456366688007373,0.006718980148350651,0.12570401504916182,0,0,-0.0008690050164400046,4.56366688007373e-06,0.8588103036667021,1.0369714627066806,0.17180912440439403,0.0007241141761992476,0.05651200307672023,0.00722558675526248,0.006384814126130474,0.0,0.0,-0.05401794062402594
1487,19.8,0.006097560975609807,1.0,0.22785932831743874,0.1255964938579238,0.1255964938579238,0.1255964938579238,0.12785932831743874,0.1255964938579238,-0.0022628344595149452,0.0,0.12785932831743874,0,0,0.0007796300507160963,2.262834459514945e-06,0.8594779146417559,1.0369714627066806,0.17116531596890316,0.0,0.017141186847178205,0.0021528729685691417,0.004903634720984007,0.0,0.0,-0.05057431427324258
1488,19.42,-0.019191919191919142,1.0,0.2255964938579238,0.12760838344971173,0.12760838344971173,0.12760838344971173,0.1255964938579238,0.12760838344971173,0.002011889591787941,0.0,0.1255964938579238,0,0,-0.0024104377609096422,2.0118895917879407e-06,0.8574044674469647,1.0369714627066806,0.17316483791271745,0.001999521943814281,0.0,0.0,0.003187362568639605,0.0,0.0,-0.051346751777824884
1489,19.49,0.0036045314109164122,1.0,0.22760838344971174,0.1213598608999222,0.1213598608999222,0.1213598608999222,0.12760838344971173,0.1213598608999222,-0.006248522549789526,0.002011889591787941,0.1255964938579238,0,0,0.00045996842644075196,6.248522549789526e-06,0.8577934889195304,1.0369714627066806,0.17278968634244155,0.0,0.0,0.0,0.0020717856696157435,0.0,0.0,-0.05262843221289071
1490,19.15,-0.01744484350949204,1.0,0.2213598608999222,0.12253220975683352,0.12253220975683352,0.12253220975683352,0.1213598608999222,0.12253220975683352,0.0011723488569113094,0.0,0.1213598608999222,0,0,-0.0021171037817328646,1.1723488569113094e-06,0.8559764454469768,1.0369714627066806,0.1745419462048401,0.0017522598623985475,0.0,0.0,0.0013466606852502333,0.0,0.0,-0.05147169408273595
1491,18.78,-0.01932114882506514,1.0,0.22253220975683352,0.1170564055471928,0.1170564055471928,0.1170564055471928,0.12253220975683352,0.1170564055471928,-0.005475804209640722,0.0011723488569113094,0.1213598608999222,0,0,-0.002367463060575879,5.4758042096407225e-06,0.8539452656722347,1.0369714627066806,0.17650070770194085,0.0019587614971007528,0.0,0.0,0.0008753294454126516,0.0,0.0,-0.055067993762259085
1492,18.8,0.0010649627263045567,1.0,0.2170564055471928,0.11093528792560908,0.11093528792560908,0.11093528792560908,0.1170564055471928,0.11093528792560908,-0.00612111762158371,0.0,0.1170564055471928,0,0,0.00012466070878295026,6.121117621583711e-06,0.8540464919949017,1.0369714627066806,0.17640309043251018,0.0,0.0,0.0,0.0005689641395182236,0.0,0.0,-0.05290426594141495
1493,18.25,-0.029255319148936205,1.0,0.2109352879256091,0.11124034263492058,0.11124034263492058,0.11124034263492058,0.11093528792560908,0.11124034263492058,0.0003050547093114975,0.0,0.11093528792560908,0,0,-0.003245447253142823,3.0505470931149746e-07,0.8512744686224962,1.0369714627066806,0.17907628200247871,0.002673191569968536,0.0,0.0,0.00036982669068684536,0.0,0.0,-0.05303497308739575
1494,19.5,0.0684931506849315,1.0,0.21124034263492059,0.10288661197136781,0.10288661197136781,0.10288661197136781,0.11124034263492058,0.10288661197136781,-0.008353730663552772,0.0003050547093114975,0.11093528792560908,0,0,0.007619201550337026,8.353730663552771e-06,0.8577533890559554,1.0369714627066806,0.17282835651323905,0.0,0.0,0.0,0.00024038734894644948,0.0,0.0,-0.046539874995196295
1495,18.48,-0.052307692307692284,1.0,0.20288661197136781,0.12241137065277868,0.12241137065277868,0.12241137065277868,0.10288661197136781,0.12241137065277868,0.019524758681410875,0.0,0.10288661197136781,0,0,-0.005381761241579237,1.9524758681410876e-05,0.8531204176839714,1.0369714627066806,0.17729614713101668,0.004467790617777634,0.018020208720890583,0.002205878448973372,0.0009283092339558724,0.0,0.0,-0.04593701503969615
1496,18.47,-0.0005411255411256257,1.0,0.2224113706527787,0.10844954140786273,0.10844954140786273,0.10844954140786273,0.12241137065277868,0.10844954140786273,-0.013961829244915958,0.019524758681410875,0.10288661197136781,0,0,-6.62399191844144e-05,1.3961829244915958e-05,0.8530519959348524,1.0369714627066806,0.17736212941845633,6.598228743964762e-05,0.0,0.0,0.000603401002071317,0.0,0.0,-0.05705196983021875
1497,17.95,-0.028153762858689747,1.0,0.20844954140786273,0.10824334658984541,0.10824334658984541,0.10824334658984541,0.10844954140786273,0.10824334658984541,-0.00020619481801731343,0.0,0.10844954140786273,0,0,-0.0030532626709306216,2.0619481801731344e-07,0.8504472282244006,1.0369714627066806,0.17987402854406284,0.0025118991256065093,0.0,0.0,0.00039221065134635607,0.0,0.0,-0.05309937192191503
1498,17.91,-0.002228412256267362,1.0,0.20824334658984542,0.10039364770366827,0.10039364770366827,0.10039364770366827,0.10824334658984541,0.10039364770366827,-0.007849698886177148,0.0,0.10824334658984541,0,0,-0.00024121080020020748,7.849698886177148e-06,0.8502354154132923,1.0369714627066806,0.18007828952782742,0.00020426098376458146,0.0,0.0,0.00025493692337513144,0.0,0.0,-0.05414719503035393
1499,17.39,-0.02903405918481293,1.0,0.20039364770366827,0.1,0.1,0.1,0.10039364770366827,0.1,-0.0003936477036682595,0.0,0.10039364770366827,0,0,-0.0029148351092075633,3.936477036682595e-07,0.8477567846801352,1.0369714627066806,0.18246854887661168,0.002390259348784257,0.0,0.0,0.00016570900019383545,0.0,0.0,-0.053059430375708205
1500,17.63,0.013801035077630731,1.0,0.2,0.1,0.1,0.1,0.1,0.1,0.0,0.0,0.1,0,0,0.0013801035077630733,0.0,0.848926776792402,1.0369714627066806,0.18134027085320978,0.0,0.0,0.0,0.00010771085012599305,0.0,0.0,-0.04856589649223693
1501,17.85,0.012478729438457313,1.0,0.2,0.1,0.1,0.1,0.1,0.1,0.0,0.0,0.1,0,0,0.0012478729438457313,0.0,0.8499861295484674,1.0369714627066806,0.18031868752699143,0.0,0.0,0.0,7.001205258189548e-05,0.0,0.0,-0.04869812705615427
1502,17.81,-0.0022408963585435686,1.0,0.2,0.1,0.1,0.1,0.1,0.1,0.0,0.0,0.1,0,0,-0.00022408963585435687,0.0,0.8497956564662156,1.0369714627066806,0.1805023696138202,0.00018368208682878473,0.0,0.0,4.550783417823207e-05,0.0,0.0,-0.05017008963585436
1503,17.87,0.003368893879842913,1.0,0.2,0.1,0.1,0.1,0.1,0.1,0.0,0.0,0.1,0,0,0.00033688938798429133,0.0,0.8500819436048341,1.0369714627066806,0.18022628955866488,0.0,0.0,0.0,2.9580092215850846e-05,0.0,0.0,-0.049609110612015714
1504,18.28,0.022943480693900398,1.0,0.2,0.1,0.1,0.1,0.1,0.1,0.0,0.0,0.1,0,0,0.00229434806939004,0.0,0.8520323274709671,1.0369714627066806,0.17834544332877716,0.0,0.0,0.0,1.922705994030305e-05,0.0,0.0,-0.04765165193060997
1505,17.78,-0.02735229759299781,1.0,0.2,0.10517049432106879,0.10517049432106879,0.10517049432106879,0.1,0.10517049432106879,0.00517049432106878,0.0,0.1,0,0,-0.0027352297592997815,5.170494321068781e-06,0.8496974178646726,1.0369714627066806,0.18059710568426768,0.0022516623554905135,0.12183893738908352,0.012813861272763663,0.004497349034428479,0.0,0.0,-0.05216914693594177
1506,17.88,0.00562429696287952,1.0,0.2051704943210688,0.1,0.1,0.1,0.10517049432106879,0.1,-0.00517049432106878,0.00517049432106878,0.1,0,0,0.000591510091794525,5.170494321068781e-06,0.8501956291066376,1.0369714627066806,0.18011665732104598,0.0,0.0,0.0,0.0029232768723785113,0.0,0.0,-0.05196300429318468
1507,17.89,0.0005592841163311837,1.0,0.2,0.1,0.1,0.1,0.1,0.1,0.0,0.0,0.1,0,0,5.592841163311837e-05,0.0,0.8502431791977508,1.0369714627066806,0.18007080254796562,0.0,0.0,0.0,0.0019001299670460324,0.0,0.0,-0.049890071588366884
1508,17.74,-0.008384572386808392,1.0,0.2,0.1,0.1,0.1,0.1,0.1,0.0,0.0,0.1,0,0,-0.0008384572386808393,0.0,0.8495302866495135,1.0369714627066806,0.18075827811877504,0.0006874755708094205,0.0,0.0,0.0012350844785799211,0.0,0.0,-0.050784457238680844
1509,19.61,0.10541149943630221,1.0,0.2,0.1,0.1,0.1,0.1,0.1,0.0,0.0,0.1,1,0,0.010541149943630222,0.0,0.8584853127827412,1.0369714627066806,0.1721225282883472,0.0,0.0,0.0,0.0008028049110769488,0.0,0.0,-0.03940485005636978
1510,20.1,0.024987251402345843,1.0,0.2,0.1246171150384704,0.1246171150384704,0.1246171150384704,0.1,0.1246171150384704,0.02461711503847039,0.0,0.1,0,0,0.0024987251402345846,2.461711503847039e-05,0.8606092981846101,1.0369714627066806,0.17007426999170625,0.0,0.3152582953277351,0.03928657925568844,0.01427212593169097,0.0,0.0,-0.04036461027328061
1511,20.69,0.029353233830845763,1.0,0.2246171150384704,0.13101790882920766,0.13101790882920766,0.13101790882920766,0.1246171150384704,0.13101790882920766,0.006400793790737269,0.02461711503847039,0.1,0,0,0.0036579153170496273,6.40079379073727e-06,0.8637518255357829,1.0369714627066806,0.16704378413535464,0.0,0.4707113395647414,0.061671615371967504,0.030861947235787755,0.0,0.0,-0.05066625835993872
1512,22.03,0.06476558724021265,1.0,0.23101790882920767,0.14048815556132424,0.14048815556132424,0.14048815556132424,0.13101790882920766,0.14048815556132424,0.009470246732116577,0.006400793790737269,0.1246171150384704,0,0,0.008485451804308276,9.470246732116577e-06,0.8710729700793469,1.0369714627066806,0.1599836626114175,0.0,0.5472356902647242,0.07688013278261922,0.04696831217717877,0.0,0.0,-0.04538790002151889
1513,24.22,0.0994098955969132,1.0,0.24048815556132425,0.16255104765530295,0.16255104765530295,0.16255104765530295,0.14048815556132424,0.16255104765530295,0.022062892093978714,0.009470246732116577,0.13101790882920766,0,0,0.013965912876954143,2.2062892093978715e-05,0.8832190808999999,1.0369714627066806,0.14827060081803944,0.0,0.6960548995319911,0.1131444531445318,0.07012996151575232,0.0,0.0,-0.03554701156404639
1514,26.74,0.10404624277456646,1.0,0.26255104765530296,0.19915435314367025,0.19915435314367025,0.19915435314367025,0.16255104765530295,0.16255104765530295,0.0,0.022062892093978714,0.14048815556132424,1,0,0.016912825767603775,0.0,0.8981568113298847,1.0369714627066806,0.13386544988852916,0.0,0.8342010141368569,0.16613476336221944,0.1037316421620158,0.0,0.0,-0.027319857384120974
1515,25.03,-0.06394913986537014,1.0,0.26255104765530296,0.24417048171294892,0.24417048171294892,0.24417048171294892,0.16255104765530295,0.24417048171294892,0.08161943405764596,0.0,0.16255104765530295,0,0,-0.010394999681771416,8.161943405764597e-05,0.888747164511294,1.0369714627066806,0.14293961167310695,0.009074161784577789,0.9002991149943462,0.2198264685939111,0.1387316421620158,0.0,0.0,-0.031253027593733634
1516,24.83,-0.007990411506192683,1.0,0.34417048171294895,0.21581371165979749,0.21581371165979749,0.21581371165979749,0.24417048171294892,0.21581371165979749,-0.02835677005315143,0.08161943405764596,0.16255104765530295,0,0,-0.001951022626551757,2.8356770053151433e-05,0.8869879966850692,1.0369714627066806,0.14463605934740748,0.001696447674300522,0.7934308917797737,0.17123326570053607,0.1501072104004979,0.0,0.0,-0.0768870900908344
1517,23.62,-0.048731373338703074,1.0,0.3158137116597975,0.21051229760225135,0.21051229760225135,0.21051229760225135,0.21581371165979749,0.21051229760225135,-0.005301414057546139,0.0,0.21581371165979749,0,0,-0.010516898554504809,5.301414057546139e-06,0.8776549316142345,1.0369714627066806,0.1536363697768515,0.00900031042944402,0.7346309387699317,0.15464884681015714,0.15169678314387863,0.0,0.0,-0.07314489719553446
1518,24.19,0.024132091447925497,1.0,0.31051229760225135,0.18238635584921548,0.18238635584921548,0.18238635584921548,0.21051229760225135,0.18238635584921548,-0.02812594175303587,0.0,0.21051229760225135,0,0,0.005080102016650437,2.812594175303587e-05,0.8820888233307653,1.0369714627066806,0.1493605609663008,0.0,0.4418151919240162,0.08058106281384304,0.1268062810283662,0.0,0.0,-0.06543883460799164
1519,23.63,-0.02315006200909476,1.0,0.28238635584921545,0.19574822709157164,0.19574822709157164,0.19574822709157164,0.18238635584921548,0.19574822709157164,0.01336187124235616,0.0,0.18238635584921548,0,0,-0.004222255447522161,1.336187124235616e-05,0.8783526326339769,1.0369714627066806,0.1529635441062961,0.003602983139995297,0.24545373351479605,0.048047133168528405,0.09924057927742297,0.0,0.0,-0.05097465040696549
1520,22.56,-0.045281421921286515,1.0,0.29574822709157167,0.1844889096936411,0.1844889096936411,0.1844889096936411,0.19574822709157164,0.1844889096936411,-0.01125931739793054,0.01336187124235616,0.18238635584921548,0,0,-0.008863758061277262,1.1259317397930541e-05,0.8705572377547453,1.0369714627066806,0.16048100737272417,0.007517463266428076,0.0,0.0,0.06450637653032493,0.0,0.0,-0.06445381203739702
1521,22.74,0.007978723404255306,1.0,0.2844889096936411,0.16099685654280407,0.16099685654280407,0.16099685654280407,0.1844889096936411,0.16099685654280407,-0.023492053150837022,0.0,0.1844889096936411,0,0,0.0014719859815981978,2.349205315083702e-05,0.8718182346279989,1.0369714627066806,0.1592649692090873,0.0,0.0,0.0,0.041929144744711204,0.0,0.0,-0.0602987087117634
1522,25.11,0.10422163588390507,1.0,0.2609968565428041,0.16479697861008882,0.16479697861008882,0.16479697861008882,0.16099685654280407,0.16099685654280407,0.0,0.0,0.16099685654280407,1,0,0.016779355761057425,0.0,0.886446782945799,1.0369714627066806,0.1451579770266631,0.0,0.0,0.0,0.027253944084062284,0.0,0.0,-0.031239537084064524
1523,25.23,0.004778972520908044,1.0,0.2609968565428041,0.20888131894347636,0.20888131894347636,0.20888131894347636,0.16099685654280407,0.20888131894347636,0.04788446240067229,0.0,0.16099685654280407,0,0,0.0007693995533706352,4.788446240067229e-05,0.8870863676770361,1.0369714627066806,0.14454119560669268,0.0,0.40507875756117895,0.08461338515536376,0.0473297484590178,0.0,0.0,-0.030967872975534966
1524,25.29,0.002378121284185443,1.0,0.30888131894347637,0.21080878414387647,0.21080878414387647,0.21080878414387647,0.20888131894347636,0.21080878414387647,0.0019274652004001025,0.04788446240067229,0.16099685654280407,0,0,0.0004967451104482091,1.9274652004001025e-06,0.8875253136646216,1.0369714627066806,0.1441178994954961,0.0,0.33352670800503825,0.07031035979405183,0.055372962426279704,0.0,0.0,-0.053009598184629754
1525,24.64,-0.02570185844207191,1.0,0.31080878414387647,0.21213154159658631,0.21213154159658631,0.21213154159658631,0.21080878414387647,0.21213154159658631,0.0013227574527098496,0.0019274652004001025,0.20888131894347636,0,0,-0.005418177528411207,1.3227574527098495e-06,0.8827153699735047,1.0369714627066806,0.14875635278384608,0.00463845328834997,0.3870622563441083,0.08210811313212876,0.06473026517332688,0.0,0.0,-0.059940473893117914
1526,24.38,-0.010551948051948114,1.0,0.3121315415965863,0.19763639047932346,0.19763639047932346,0.19763639047932346,0.21213154159658631,0.19763639047932346,-0.01449515111726285,0.0013227574527098496,0.21080878414387647,0,0,-0.0022384010071068495,1.449515111726285e-05,0.880726703907686,1.0369714627066806,0.15067411632637207,0.0019177635425259854,0.3776840140641552,0.07464410528138167,0.06820010921114605,0.0,0.0,-0.06477041612002502
1527,24.69,0.012715340442986148,1.0,0.29763639047932344,0.1916433762778765,0.1916433762778765,0.1916433762778765,0.19763639047932346,0.1916433762778765,-0.005993014201446961,0.0,0.19763639047932346,0,0,0.002513013988867544,5.993014201446962e-06,0.8829347042273313,1.0369714627066806,0.14854483852167527,0.0,0.29193201275101727,0.05594683656720104,0.0639114637857653,0.0,0.0,-0.05457774711820274
1528,24.29,-0.016200891049007782,1.0,0.2916433762778765,0.19829739667664853,0.19829739667664853,0.19829739667664853,0.1916433762778765,0.19829739667664853,0.006654020398772026,0.0,0.1916433762778765,0,0,-0.00310479345934188,6.654020398772026e-06,0.8801874992670876,1.0369714627066806,0.1511940965379692,0.002649258016293926,0.03499860928552578,0.00694013310862294,0.043971498048765476,0.0,0.0,-0.050204109220713417
1529,24.08,-0.00864553314121041,1.0,0.29829739667664856,0.19001845121583644,0.19001845121583644,0.19001845121583644,0.19829739667664853,0.19001845121583644,-0.008278945460812093,0.006654020398772026,0.1916433762778765,0,0,-0.0017143867147837119,8.278945460812093e-06,0.8786712304875236,1.0369714627066806,0.15265630532007615,0.0014622087821069552,0.0,0.0,0.02858147373169756,0.0,0.0,-0.055798767836115405
1530,23.87,-0.008720930232558028,1.0,0.29001845121583647,0.1854490567019289,0.1854490567019289,0.1854490567019289,0.19001845121583644,0.1854490567019289,-0.004569394513907532,0.0,0.19001845121583644,0,0,-0.0016571376559520409,4.569394513907532e-06,0.877211136308781,1.0369714627066806,0.15406434231169355,0.0014080369916174007,0.0,0.0,0.018577957925603416,0.0,0.0,-0.053871762565776235
1531,23.28,-0.024717218265605356,1.0,0.2854490567019289,0.18104893006595563,0.18104893006595563,0.18104893006595563,0.1854490567019289,0.18104893006595563,-0.004400126635973278,0.0,0.1854490567019289,0,0,-0.004583784811652201,4.400126635973279e-06,0.8731863293854704,1.0369714627066806,0.15794565155506,0.0038813092433664376,0.0,0.0,0.01207567265164222,0.0,0.0,-0.05671468657050795
1532,22.71,-0.024484536082474237,1.0,0.28104893006595566,0.16891985051560254,0.16891985051560254,0.16891985051560254,0.18104893006595563,0.16891985051560254,-0.012129079550353083,0.0,0.18104893006595563,0,0,-0.004432899060893245,1.2129079550353084e-05,0.8693049915795013,1.0369714627066806,0.16168860682968067,0.0037429552746206796,0.0,0.0,0.007849187223567443,0.0,0.0,-0.06046778813327596
1533,23.36,0.0286217525319242,1.0,0.2689198505156025,0.15722309090438058,0.15722309090438058,0.15722309090438058,0.16891985051560254,0.15722309090438058,-0.011696759611221963,0.0,0.16891985051560254,0,0,0.004834782159187204,1.1696759611221964e-05,0.8734977237921667,1.0369714627066806,0.15764535938898286,0.0,0.0,0.0,0.005101971695318838,0.0,0.0,-0.05098673067031976
1534,23.78,0.017979452054794592,1.0,0.25722309090438056,0.1698582511417734,0.1698582511417734,0.1698582511417734,0.15722309090438058,0.1698582511417734,0.012635160237392806,0.0,0.15722309090438058,0,0,0.0028267850248219224,1.2635160237392806e-05,0.8759558772932914,1.0369714627066806,0.15527484719117515,0.0,0.0,0.0,0.0033162816019572453,0.0,0.0,-0.040827889222153434
1535,23.21,-0.02396972245584526,1.0,0.2698582511417734,0.17726608403242977,0.17726608403242977,0.17726608403242977,0.1698582511417734,0.17726608403242977,0.007407832890656385,0.012635160237392806,0.15722309090438058,0,0,-0.004071455136703569,7.4078328906563854e-06,0.8723829733024013,1.0369714627066806,0.15872036533645192,0.0034455181452767714,0.0,0.0,0.0021555830412722096,0.0,0.0,-0.05031336824769281
1536,23.67,0.019819043515726015,1.0,0.2772660840324298,0.1664988774829199,0.1664988774829199,0.1664988774829199,0.17726608403242977,0.1664988774829199,-0.010767206549509883,0.007407832890656385,0.1698582511417734,0,0,0.0035132442333010703,1.0767206549509884e-05,0.8754384746249222,1.0369714627066806,0.15577380274296893,0.0,0.0,0.0,0.0014011289768269364,0.0,0.0,-0.051835545270158774
1537,25.01,0.05661174482467257,1.0,0.2664988774829199,0.17570686377802802,0.17570686377802802,0.17570686377802802,0.1664988774829199,0.17570686377802802,0.009207986295108134,0.0,0.1664988774829199,0,0,0.009425791965657482,9.207986295108134e-06,0.8836821145399928,1.0369714627066806,0.14782407585892024,0.0,0.034634040691185426,0.006085438669808797,0.0030406373693705876,0.0,0.0,-0.03643486810176629
1538,26.04,0.04118352658936415,1.0,0.275706863778028,0.2005497537571992,0.2005497537571992,0.2005497537571992,0.17570686377802802,0.2005497537571992,0.024842889979171168,0.009207986295108134,0.1664988774829199,0,0,0.007236228296336202,2.4842889979171167e-05,0.8900546868446453,1.0369714627066806,0.14167870683592038,0.0,0.3349290521910887,0.06716993894305495,0.025485892920160114,0.0,0.0,-0.035041404864499526
1539,24.75,-0.04953917050691241,1.0,0.30054975375719917,0.21975404434068888,0.21975404434068888,0.21975404434068888,0.2005497537571992,0.21975404434068888,0.019204290583489686,0.024842889979171168,0.17570686377802802,0,0,-0.009935068446497188,1.9204290583489685e-05,0.8811948397408769,1.0369714627066806,0.15022267108411927,0.008543964248198893,0.418280590738032,0.09191885148389502,0.04873742841746733,0.0,0.0,-0.05592451141001987
1540,25.5,0.030303030303030304,1.0,0.3197540443406889,0.19305414371388638,0.19305414371388638,0.19305414371388638,0.21975404434068888,0.19305414371388638,-0.026699900626802497,0.019204290583489686,0.2005497537571992,0,0,0.00665921346486936,2.66999006268025e-05,0.8870393764681986,1.0369714627066806,0.14458651142349904,0.0,0.15816546525630348,0.030534498460164115,0.04236640293241121,0.0,0.0,-0.05896469020788838
1541,23.9,-0.06274509803921574,1.0,0.2930541437138864,0.21066712998027923,0.21066712998027923,0.21066712998027923,0.19305414371388638,0.21066712998027923,0.01761298626639285,0.0,0.19305414371388638,0,0,-0.012113201174204646,1.761298626639285e-05,0.8762788666392428,1.0369714627066806,0.15496337348378078,0.010376862060281739,0.34037109083196565,0.07170500083382714,0.05263491219790678,0.0,0.0,-0.05869619049719928
1542,22.95,-0.03974895397489537,1.0,0.31066712998027923,0.17823945582127695,0.17823945582127695,0.17823945582127695,0.21066712998027923,0.17823945582127695,-0.03242767415900227,0.01761298626639285,0.19305414371388638,0,0,-0.008373798053609419,3.242767415900228e-05,0.8689126686858003,1.0369714627066806,0.162066942114508,0.007103568630727225,0.002058702217158717,0.0003669419628844261,0.03434112261564896,0.0,0.0,-0.07467584336095683
1543,22.27,-0.029629629629629617,1.0,0.27823945582127696,0.15604082346204973,0.15604082346204973,0.15604082346204973,0.17823945582127695,0.15604082346204973,-0.022198632359227227,0.0,0.17823945582127695,0,0,-0.0052811690613711664,2.2198632359227227e-05,0.864304505310019,1.0369714627066806,0.1665108092232066,0.004443867108698596,0.0,0.0,0.022321729700171822,0.0,0.0,-0.0664013638356761
1544,22.75,0.021553659631791667,1.0,0.2560408234620497,0.14215373285374575,0.14215373285374575,0.14215373285374575,0.15604082346204973,0.14215373285374575,-0.013887090608303981,0.0,0.15604082346204973,0,0,0.0033632507975655114,1.3887090608303981e-05,0.8671993754518641,1.0369714627066806,0.1637191507774776,0.0,0.0,0.0,0.014509124305111684,0.0,0.0,-0.05356961878487014
1545,23.03,0.012307692307692358,1.0,0.24215373285374575,0.15087766424070354,0.15087766424070354,0.15087766424070354,0.14215373285374575,0.15087766424070354,0.00872393138695779,0.0,0.14215373285374575,0,0,0.0017495844043538009,8.723931386957789e-06,0.8687090485667697,1.0369714627066806,0.16226330250276705,0.0,0.0,0.0,0.009430930798322594,0.0,0.0,-0.043850839436604235
1546,22.46,-0.024750325662179776,1.0,0.25087766424070357,0.15542717501764328,0.15542717501764328,0.15542717501764328,0.15087766424070354,0.15542717501764328,0.004549510776939741,0.00872393138695779,0.14215373285374575,0,0,-0.0037342713251064287,4.549510776939741e-06,0.8654611010756679,1.0369714627066806,0.16539544992235378,0.0031321474195867283,0.0,0.0,0.006130105018909687,0.0,0.0,-0.0514012269941626
1547,21.87,-0.026268922528940333,1.0,0.2554271750176433,0.1456392075892006,0.1456392075892006,0.1456392075892006,0.15542717501764328,0.1456392075892006,-0.009787967428442679,0.004549510776939741,0.15087766424070354,0,0,-0.004082904419430522,9.787967428442678e-06,0.861919035016173,1.0369714627066806,0.16881122961049438,0.0034157796881406077,0.0,0.0,0.003984568262291296,0.0,0.0,-0.05894627692979866
1548,21.14,-0.033379058070416114,1.0,0.2456392075892006,0.13496490046650744,0.13496490046650744,0.13496490046650744,0.1456392075892006,0.13496490046650744,-0.010674307122693155,0.0,0.1456392075892006,0,0,-0.004861299567449314,1.0674307122693156e-05,0.8577197879955779,1.0369714627066806,0.17286075958466962,0.004049529974175237,0.0,0.0,0.002589969370489343,0.0,0.0,-0.060176437885182864
1549,21.12,-0.0009460737937558928,1.0,0.23496490046650745,0.12231013588891923,0.12231013588891923,0.12231013588891923,0.13496490046650744,0.12231013588891923,-0.012654764577588212,0.0,0.13496490046650744,0,0,-0.00012768675540823516,1.2654764577588212e-05,0.8575994142968087,1.0369714627066806,0.17297684156290935,0.00011608197823972932,0.0,0.0,0.001683480090818073,0.0,0.0,-0.05644760526487284
1550,21.35,0.010890151515151535,1.0,0.22231013588891924,0.12194738574611105,0.12194738574611105,0.12194738574611105,0.12231013588891923,0.12194738574611105,-0.00036275014280817697,0.0,0.12231013588891923,0,0,0.001331975911669104,3.62750142808177e-07,0.8587414049642035,1.0369714627066806,0.1718755666402476,0.0,0.0,0.0,0.0010942620590317475,0.0,0.0,-0.04878678580286415
1551,20.88,-0.022014051522248355,1.0,0.22194738574611106,0.12538885548991588,0.12538885548991588,0.12538885548991588,0.12194738574611105,0.12538885548991588,0.003441469743804826,0.0,0.12194738574611105,0,0,-0.0026845560328183833,3.4414697438048258e-06,0.8564331102123129,1.0369714627066806,0.17410156304892938,0.002225996408681763,0.0,0.0,0.0007112703383706359,0.0,0.0,-0.05091350788051779
1552,21.22,0.016283524904214555,1.0,0.22538885548991588,0.1184326209156849,0.1184326209156849,0.1184326209156849,0.12538885548991588,0.1184326209156849,-0.006956234574230974,0.003441469743804826,0.12194738574611105,0,0,0.002041772551081005,6.956234574230974e-06,0.8581757942789697,1.0369714627066806,0.17242101143364377,0.0,0.0,0.0,0.0004623257199409134,0.0,0.0,-0.05140500399048729
1553,21.59,0.017436380772855843,1.0,0.2184326209156849,0.12368434891387592,0.12368434891387592,0.12368434891387592,0.1184326209156849,0.12368434891387592,0.005251727998191014,0.0,0.1184326209156849,0,0,0.002065036274213173,5.251727998191014e-06,0.8599434515179613,1.0369714627066806,0.17071637702222262,0.0,0.0,0.0,0.0003005117179615937,0.0,0.0,-0.045267700584234606
1554,21.27,-0.014821676702176947,1.0,0.22368434891387592,0.12901132777609495,0.12901132777609495,0.12901132777609495,0.12368434891387592,0.12901132777609495,0.005326978862219028,0.005251727998191014,0.1184326209156849,0,0,-0.0018332094327207194,5.326978862219028e-06,0.8583624141704432,1.0369714627066806,0.17224104515859665,0.00152466813637403,0.0,0.0,0.00019533261667503593,0.0,0.0,-0.04912627096344226
1555,20.91,-0.016925246826516194,1.0,0.22901132777609495,0.12424672805055045,0.12424672805055045,0.12424672805055045,0.12901132777609495,0.12424672805055045,-0.004764599725544494,0.005326978862219028,0.12368434891387592,0,0,-0.0021835485660269913,4.764599725544494e-06,0.856484048398527,1.0369714627066806,0.17405244097754557,0.0018113958189489299,0.0,0.0,0.00012696620083877335,0.0,0.0,-0.054522003440392625
1556,21.57,0.031563845050215214,1.0,0.22424672805055046,0.1185861028759796,0.1185861028759796,0.1185861028759796,0.12424672805055045,0.1185861028759796,-0.00566062517457086,0.0,0.12424672805055045,0,0,0.003921704472183802,5.66062517457086e-06,0.8598380774863196,1.0369714627066806,0.17081799412108342,0.0,0.0,0.0,8.252803054520269e-05,0.0,0.0,-0.0488713668649388
1557,21.63,0.002781641168289231,1.0,0.2185861028759796,0.12869374677815504,0.12869374677815504,0.12869374677815504,0.1185861028759796,0.12869374677815504,0.010107643902175445,0.0,0.1185861028759796,0,0,0.00032986398574680684,1.0107643902175445e-05,0.8601130161645554,1.0369714627066806,0.17055285791616012,0.0,0.03122629369133917,0.004018628733133503,0.0014601632764511079,0.0,0.0,-0.045098486472767034
1558,21.16,-0.021729079981507114,1.0,0.22869374677815504,0.12952229790665135,0.12952229790665135,0.12952229790665135,0.12869374677815504,0.12952229790665135,0.0008285511284963076,0.010107643902175445,0.1185861028759796,0,0,-0.0027963967168623542,8.285511284963077e-07,0.857707086302412,1.0369714627066806,0.1728730084204599,0.0023201505042997894,0.005685991938152946,0.0007364627417082637,0.0012068680892911125,0.0,0.0,-0.052409827825853274
1559,21.17,0.00047258979206056534,1.0,0.22952229790665135,0.12227185853110303,0.12227185853110303,0.12227185853110303,0.12952229790665135,0.12227185853110303,-0.007250439375548312,0.0008285511284963076,0.12869374677815504,0,0,6.121091583491095e-05,7.250439375548312e-06,0.8577533685854514,1.0369714627066806,0.17282837625390193,0.0,0.0,0.0,0.0007844642580392231,0.0,0.0,-0.05353224287844374
1560,21.36,0.00897496457250816,1.0,0.22227185853110304,0.12241132408664995,0.12241132408664995,0.12241132408664995,0.12227185853110303,0.12241132408664995,0.0001394655555469193,0.0,0.12227185853110303,0,0,0.0010973855985313792,1.3946555554691931e-07,0.8586945351521789,1.0369714627066806,0.1719207653884391,0.0,0.0,0.0,0.000509901767725495,0.0,0.0,-0.04876905314360193
1561,21.37,0.0004681647940075638,1.0,0.22241132408664996,0.1252476204214772,0.1252476204214772,0.1252476204214772,0.12241132408664995,0.1252476204214772,0.0028362963348272374,0.0001394655555469193,0.12227185853110303,0,0,5.7308672325219614e-05,2.8362963348272377e-06,0.8587413102837586,1.0369714627066806,0.1718756579450215,0.0,0.03531256925704361,0.004422815270413323,0.0018794214936662347,0.0,0.0,-0.04904513702839622
1562,20.38,-0.04632662611137117,1.0,0.2252476204214772,0.1253885760931435,0.1253885760931435,0.1253885760931435,0.1252476204214772,0.1253885760931435,0.00014095567166630407,0.0028362963348272374,0.12241132408664995,0,0,-0.00580229968260471,1.4095567166630407e-07,0.8537585148072013,1.0369714627066806,0.17668080028090724,0.004805142335885748,0.0,0.0,0.0012216239708830526,0.0,0.0,-0.05566665637864697
1563,20.09,-0.01422963689892047,1.0,0.2253885760931435,0.110372489693776,0.110372489693776,0.110372489693776,0.1253885760931435,0.110372489693776,-0.015016086399367495,0.00014095567166630407,0.1252476204214772,0,0,-0.0017842339090780918,1.5016086399367495e-05,0.8522223898032956,1.0369714627066806,0.1781621573472784,0.0014813570663711473,0.0,0.0,0.0007940555810739842,0.0,0.0,-0.05930093525563145
1564,20.63,0.026879044300647047,1.0,0.210372489693776,0.10574325770445014,0.10574325770445014,0.10574325770445014,0.110372489693776,0.10574325770445014,-0.004629231989325855,0.0,0.110372489693776,0,0,0.002966707040051715,4.629231989325855e-06,0.8547467388316657,1.0369714627066806,0.17572780971173094,0.0,0.0,0.0,0.0005161361276980898,0.0,0.0,-0.049312003525870486
1565,20.44,-0.0092098885118758,1.0,0.20574325770445015,0.11335057989058667,0.11335057989058667,0.11335057989058667,0.10574325770445014,0.11335057989058667,0.0076073221861365226,0.0,0.10574325770445014,0,0,-0.0009738836143405376,7.607322186136523e-06,0.8539078126544767,1.0369714627066806,0.1765368253957299,0.0008090156839989648,0.0,0.0,0.00033548848300375835,0.0,0.0,-0.04714415413555246
1566,21.22,0.03816046966731886,1.0,0.21335057989058667,0.1108224116295671,0.1108224116295671,0.1108224116295671,0.11335057989058667,0.1108224116295671,-0.0025281682610195644,0.0076073221861365226,0.10574325770445014,0,0,0.004325511365687736,2.5281682610195645e-06,0.8575992417807334,1.0369714627066806,0.17297700792821594,0.0,0.0,0.0,0.00021806751395244293,0.0,0.0,-0.04689082503917053
1567,21.05,-0.00801131008482555,1.0,0.2108224116295671,0.12194682695256628,0.12194682695256628,0.12194682695256628,0.1108224116295671,0.12194682695256628,0.011124415322999182,0.0,0.1108224116295671,0,0,-0.0008878327039126393,1.1124415322999181e-05,0.8568282968368836,1.0369714627066806,0.17372046613471046,0.0007434582064945183,0.0,0.0,0.0001417438840690879,0.0,0.0,-0.045311439432357284
1568,21.08,0.0014251781472682937,1.0,0.2219468269525663,0.11962354965795954,0.11962354965795954,0.11962354965795954,0.12194682695256628,0.11962354965795954,-0.0023232772946067404,0.011124415322999182,0.1108224116295671,0,0,0.00017379595290150564,2.3232772946067406e-06,0.856975219477478,1.0369714627066806,0.1735787817722392,0.0,0.09540951637598402,0.011413225020044429,0.004086762281660457,0.0,0.0,-0.05250090276553083
1569,22.03,0.04506641366223923,1.0,0.21962354965795955,0.12006630040992622,0.12006630040992622,0.12006630040992622,0.11962354965795954,0.12006630040992622,0.0004427507519666751,0.0,0.11962354965795954,0,0,0.005391004372631021,4.427507519666751e-07,0.8615947972064947,1.0369714627066806,0.1691239072697541,0.0,0.14406377851560737,0.01729720490944399,0.008710417201384693,0.0,0.0,-0.046688581822448845
1570,21.75,-0.012709940989559743,1.0,0.22006630040992622,0.13398780338736183,0.13398780338736183,0.13398780338736183,0.12006630040992622,0.13398780338736183,0.013921502977435607,0.0004427507519666751,0.11962354965795954,0,0,-0.001526035593044915,1.3921502977435607e-05,0.8602679781846406,1.0369714627066806,0.17040342080466936,0.0012795135349152609,0.25730838795303435,0.034476185694970185,0.017728436174139616,0.0,0.0,-0.048670192012778675
1571,22.36,0.028045977011494225,1.0,0.23398780338736183,0.12998930961168645,0.12998930961168645,0.12998930961168645,0.13398780338736183,0.12998930961168645,-0.003998493775675377,0.013921502977435607,0.12006630040992622,0,0,0.003757818853622558,3.998493775675377e-06,0.8634972696360744,1.0369714627066806,0.1672892642752266,0.0,0.22649698461122308,0.029442186658741657,0.02182824884375033,0.0,0.0,-0.05183824009526887
1572,21.64,-0.03220035778175308,1.0,0.22998930961168645,0.13972107172275178,0.13972107172275178,0.13972107172275178,0.12998930961168645,0.13972107172275178,0.009731762111065329,0.0,0.12998930961168645,0,0,-0.004185702277299378,9.731762111065328e-06,0.8598745237981053,1.0369714627066806,0.17078284724086884,0.003493582965642228,0.2361388055302973,0.03299356698402361,0.02573611019284598,0.0,0.0,-0.05302446379604812
1573,21.48,-0.0073937153419593405,1.0,0.23972107172275178,0.12880359627582957,0.12880359627582957,0.12880359627582957,0.13972107172275178,0.12880359627582957,-0.010917475446922204,0.009731762111065329,0.12998930961168645,0,0,-0.0010330578315915111,1.0917475446922203e-05,0.8589768360281087,1.0369714627066806,0.171648529472522,0.0008656822316531476,0.11187893905459913,0.014410409697756728,0.021772115019564744,0.0,0.0,-0.0582788627468057
1574,20.53,-0.04422718808193665,1.0,0.22880359627582958,0.12609833702724907,0.12609833702724907,0.12609833702724907,0.12880359627582957,0.12609833702724907,-0.002705259248580505,0.0,0.12880359627582957,0,0,-0.0056966208781209495,2.705259248580505e-06,0.8540812468951386,1.0369714627066806,0.17636957465942782,0.004721045186905831,0.07437334095316624,0.009378354613354862,0.017434298877391285,0.0,0.0,-0.05820142182183677
1575,19.74,-0.038480272771553956,1.0,0.22609833702724907,0.11134506985843479,0.11134506985843479,0.11134506985843479,0.12609833702724907,0.11134506985843479,-0.014753267168814282,0.0,0.12609833702724907,0,0,-0.004852298404847887,1.4753267168814283e-05,0.8499243893343995,1.0369714627066806,0.1803782264982055,0.004008651838777688,0.0,0.0,0.011332294270304336,0.0,0.0,-0.0622359532843487
1576,19.58,-0.008105369807497475,1.0,0.2113450698584348,0.1,0.1,0.1,0.11134506985843479,0.1,-0.011345069858434781,0.0,0.11134506985843479,0,0,-0.0009024929674442544,1.1345069858434781e-05,0.8491476960985944,1.0369714627066806,0.18112722805103298,0.0007490015528274774,0.0,0.0,0.007365991275697818,0.0,0.0,-0.056572080711024604
1577,19.7,0.006128702757916292,1.0,0.2,0.1,0.1,0.1,0.1,0.1,0.0,0.0,0.1,0,0,0.0006128702757916293,0.0,0.8496681134812902,1.0369714627066806,0.18062536526945033,0.0,0.0,0.0,0.004787894329203582,0.0,0.0,-0.04933312972420838
1578,20.28,0.029441624365482328,1.0,0.2,0.1,0.1,0.1,0.1,0.1,0.0,0.0,0.1,0,0,0.002944162436548233,0.0,0.8521696744245347,1.0369714627066806,0.17821299324841613,0.0,0.0,0.0,0.003112131313982328,0.0,0.0,-0.04700183756345177
1579,19.66,-0.030571992110453697,1.0,0.2,0.10558437407322274,0.10558437407322274,0.10558437407322274,0.1,0.10558437407322274,0.0055843740732227365,0.0,0.1,0,0,-0.00305719921104537,5.584374073222736e-06,0.8495596631339714,1.0369714627066806,0.1807299490031587,0.0025169557547425614,0.0,0.0,0.0020228853540885136,0.0,0.0,-0.050233480069348635
1580,19.57,-0.004577822990844347,1.0,0.20558437407322275,0.1,0.1,0.1,0.10558437407322274,0.1,-0.0055843740732227365,0.0055843740732227365,0.1,0,0,-0.0004833465751063089,5.584374073222736e-06,0.8491442871214906,1.0369714627066806,0.18113051548682696,0.0004005664836682632,0.0,0.0,0.0013148754801575338,0.0,0.0,-0.05324666329504718
1581,18.78,-0.04036791006642816,1.0,0.2,0.1,0.1,0.1,0.1,0.1,0.0,0.0,0.1,0,0,-0.004036791006642816,0.0,0.8457164690998965,1.0369714627066806,0.18443612045752392,0.003305604970696957,0.0,0.0,0.000854669062102397,0.0,0.0,-0.05398279100664282
1582,18.75,-0.0015974440894569294,1.0,0.2,0.1,0.1,0.1,0.1,0.1,0.0,0.0,0.1,0,0,-0.00015974440894569295,0.0,0.8455813706224045,1.0369714627066806,0.1845664022274189,0.00013028176989499096,0.0,0.0,0.000555534890366558,0.0,0.0,-0.0501057444089457
1583,19.6,0.045333333333333406,1.0,0.2,0.1,0.1,0.1,0.1,0.1,0.0,0.0,0.1,0,0,0.004533333333333341,0.0,0.8494146728358927,1.0369714627066806,0.18086976991751658,0.0,0.0,0.0,0.00036109767873826275,0.0,0.0,-0.045412666666666664
1584,19.17,-0.021938775510204067,1.0,0.2,0.1,0.1,0.1,0.1,0.1,0.0,0.0,0.1,0,0,-0.0021938775510204067,0.0,0.8475511610536507,1.0369714627066806,0.1826668413406567,0.0017970714231401175,0.0,0.0,0.00023471349117987078,0.0,0.0,-0.05213987755102041
1585,19.87,0.036515388628064645,1.0,0.2,0.1,0.1,0.1,0.1,0.1,0.0,0.0,0.1,0,0,0.0036515388628064645,0.0,0.8506460270564549,1.0369714627066806,0.1796823175479517,0.0,0.0,0.0,0.00015256376926691602,0.0,0.0,-0.04629446113719354
1586,19.69,-0.009058882737795657,1.0,0.2,0.10099276751591091,0.10099276751591091,0.10099276751591091,0.1,0.10099276751591091,0.0009927675159109028,0.0,0.1,0,0,-0.0009058882737795657,9.927675159109029e-07,0.8498745923016641,1.0369714627066806,0.1804262481020069,0.0007439305540551944,0.00753740292108146,0.0007612231808825276,0.0003655945633323801,0.0,0.0,-0.05048740739558563
1587,19.8,0.00558659217877092,1.0,0.20099276751591091,0.1,0.1,0.1,0.10099276751591091,0.1,-0.0009927675159109028,0.0009927675159109028,0.1,0,0,0.0005642054051168177,9.927675159109029e-07,0.8503532524124243,1.0369714627066806,0.1799646538074919,0.0,0.09535245318510985,0.009535245318510986,0.003574972327644892,0.0,0.0,-0.0515036375108071
1588,20.24,0.022222222222222105,1.0,0.2,0.10011047907485995,0.10011047907485995,0.10011047907485995,0.1,0.10011047907485995,0.00011047907485994823,0.0,0.1,0,0,0.0022222222222222105,1.1047907485994824e-07,0.8522428323604335,1.0369714627066806,0.17814244363492163,0.0,0.12845053191877726,0.012859244287809381,0.006824467513702463,0.0,0.0,-0.0498522156832934
1589,22.36,0.10474308300395263,1.0,0.20011047907485996,0.10580486469276021,0.10580486469276021,0.10580486469276021,0.10011047907485995,0.10011047907485995,0.0,0.00011047907485994823,0.1,1,0,0.01048588021930352,0.0,0.861179348618325,1.0369714627066806,0.1695245437415479,0.0,0.09887705332281325,0.010461673248039092,0.008097489520720282,0.0,0.0,-0.038293456140240344
1590,22.03,-0.014758497316636776,1.0,0.20011047907485996,0.13273577988419316,0.13273577988419316,0.13273577988419316,0.10011047907485995,0.13273577988419316,0.03262530080933321,0.0,0.10011047907485995,0,0,-0.0014774802367935429,3.2625300809333206e-05,0.8598788769151072,1.0369714627066806,0.1707786493268871,0.0012541055853391991,0.5335365723822167,0.07081939303189282,0.03005015574963067,0.0,0.0,-0.04378872314688285
1591,22.38,0.015887426236949515,1.0,0.23273577988419317,0.12881672792413149,0.12881672792413149,0.12881672792413149,0.13273577988419316,0.12881672792413149,-0.003919051960061676,0.03262530080933321,0.10011047907485995,0,0,0.002108829911914086,3.9190519600616755e-06,0.8616888453013709,1.0369714627066806,0.16903321230054952,0.0,0.41610558093034256,0.05360135940641661,0.03829307702950575,0.0,0.0,-0.05651506885123275
1592,20.48,-0.08489722966934757,1.0,0.2288167279241315,0.1342712048468138,0.1342712048468138,0.1342712048468138,0.12881672792413149,0.1342712048468138,0.005454476922682305,0.0,0.12881672792413149,0,0,-0.01093618333582885,5.454476922682305e-06,0.8522605580487953,1.0369714627066806,0.17812534992598242,0.0090921376254329,0.49075280824033435,0.06589397084438706,0.0479533898647142,0.0,0.0,-0.06600198159107735
1593,19.03,-0.07080078124999996,1.0,0.2342712048468138,0.10585827604241374,0.10585827604241374,0.10585827604241374,0.1342712048468138,0.10585827604241374,-0.02841292880440005,0.005454476922682305,0.12881672792413149,0,0,-0.009506506202533198,2.841292880440005e-05,0.8441343225489714,1.0369714627066806,0.18596185825053457,0.007836508324552155,0.12354220253230314,0.013077964578552332,0.03574699101455755,0.0,0.0,-0.07586254251678108
1594,19.51,0.025223331581713106,1.0,0.20585827604241375,0.1,0.1,0.1,0.10585827604241374,0.1,-0.005858276042413735,0.0,0.10585827604241374,0,0,0.0026700983972863185,5.8582760424137345e-06,0.8463832990788253,1.0369714627066806,0.18379306517306293,0.0,0.0,0.0,0.02323554415946241,0.0,0.0,-0.050231401866111414
1595,20.58,0.054843669912865024,1.0,0.2,0.1,0.1,0.1,0.1,0.1,0.0,0.0,0.1,0,0,0.005484366991286503,0.0,0.8510251757062693,1.0369714627066806,0.17931668680163895,0.0,0.0,0.0,0.015103103703650566,0.0,0.0,-0.0444616330087135
1596,20.75,0.008260447035957323,1.0,0.2,0.10213536061656361,0.10213536061656361,0.10213536061656361,0.1,0.10213536061656361,0.0021353606165636085,0.0,0.1,0,0,0.0008260447035957323,2.1353606165636087e-06,0.8517263432996443,1.0369714627066806,0.1786405181522677,0.0,0.0,0.0,0.009817017407372869,0.0,0.0,-0.04806086187366003
1597,20.8,0.0024096385542169015,1.0,0.20213536061656362,0.10424839183995355,0.10424839183995355,0.10424839183995355,0.10213536061656361,0.10424839183995355,0.002113031223389933,0.0021353606165636085,0.1,0,0,0.0002461093026905182,2.113031223389933e-06,0.8519341613517196,1.0369714627066806,0.17844010950116274,0.0,0.0,0.0,0.006381061314792365,0.0,0.0,-0.04865085532733653
1598,21.18,0.01826923076923072,1.0,0.20424839183995355,0.1048746597052459,0.1048746597052459,0.1048746597052459,0.10424839183995355,0.1048746597052459,0.0006262678652923515,0.002113031223389933,0.10213536061656361,0,0,0.0019045379278453001,6.262678652923515e-07,0.8535561687350524,1.0369714627066806,0.1768759320462702,0.0,0.09371937660773247,0.009828787729523725,0.007587765559948341,0.0,0.0,-0.049308344665897105
1599,20.82,-0.016997167138810172,1.0,0.2048746597052459,0.10976270623805412,0.10976270623805412,0.10976270623805412,0.1048746597052459,0.10976270623805412,0.004888046532808221,0.0006262678652923515,0.10424839183995355,0,0,-0.001782572119635905,4.888046532808221e-06,0.8520304710838509,1.0369714627066806,0.17834723352955223,0.0014713014832820337,0.3664550908585642,0.04022310248734801,0.019010133484538224,0.0,0.0,-0.055424324892445864
1600,21.13,0.014889529298751139,1.0,0.20976270623805413,0.10516490638562118,0.10516490638562118,0.10516490638562118,0.10976270623805412,0.10516490638562118,-0.004597799852432943,0.004888046532808221,0.1048746597052459,0,0,0.001634315030441721,4.597799852432943e-06,0.8534190398235633,1.0369714627066806,0.17700817185847406,0.0,0.2318497661417417,0.024382458951824428,0.020890447398088395,0.0,0.0,-0.054534333400080494
1601,21.93,0.037860861334595396,1.0,0.20516490638562118,0.1093494784117024,0.1093494784117024,0.1093494784117024,0.10516490638562118,0.1093494784117024,0.004184572026081218,0.0,0.10516490638562118,0,0,0.003981633937931709,4.184572026081218e-06,0.8568134708423614,1.0369714627066806,0.17373476353348696,0.0,0.13692540406285642,0.014972721515584944,0.018819243339212186,0.0,0.0,-0.04617580175694497
1602,21.71,-0.01003191974464199,1.0,0.2093494784117024,0.11957884617437856,0.11957884617437856,0.11957884617437856,0.1093494784117024,0.11957884617437856,0.010229367762676161,0.004184572026081218,0.10516490638562118,0,0,-0.0010969851915446603,1.0229367762676162e-05,0.8558647944928341,1.0369714627066806,0.1746496164331521,0.0009148528996651417,0.26703461308007925,0.03193169092073749,0.02340859999274604,0.0,0.0,-0.0503479071516849
1603,22.27,0.025794564716720345,1.0,0.21957884617437856,0.11671996526711717,0.11671996526711717,0.11671996526711717,0.11957884617437856,0.11671996526711717,-0.0028588809072613852,0.010229367762676161,0.1093494784117024,0,0,0.0030844842863957545,2.858880907261385e-06,0.8585022491872064,1.0369714627066806,0.17210619572272287,0.0,0.20448709354265185,0.023867726455872065,0.02356929425484015,0.0,0.0,-0.051669673359509394
1604,21.65,-0.027840143691064256,1.0,0.21671996526711718,0.12466815151555868,0.12466815151555868,0.12466815151555868,0.11671996526711717,0.12466815151555868,0.007948186248441513,0.0,0.11671996526711717,0,0,-0.0032495006046525713,7.948186248441514e-06,0.8557057220736057,1.0369714627066806,0.17480301739446036,0.002696821671737487,0.2551105522311954,0.031804160978776516,0.026451497608217876,0.0,0.0,-0.053393784931702465
1605,22.23,0.026789838337182535,1.0,0.2246681515155587,0.11624056697183985,0.11624056697183985,0.11624056697183985,0.12466815151555868,0.11624056697183985,-0.008427584543718836,0.007948186248441513,0.11671996526711717,0,0,0.003339839624897195,8.427584543718836e-06,0.858556430419121,1.0369714627066806,0.172053946230945,0.0,0.1702160817950811,0.019786013855585295,0.02411857829479647,0.0,0.0,-0.053660980779105874
1606,22.24,0.0004498425551056235,1.0,0.21624056697183985,0.12483141236288675,0.12483141236288675,0.12483141236288675,0.11624056697183985,0.12483141236288675,0.008590845391046903,0.0,0.11624056697183985,0,0,5.228995365353879e-05,8.590845391046903e-06,0.8585939485695233,1.0369714627066806,0.17201776572670588,0.0,0.2361631786704328,0.029480583141538896,0.02599527999115632,0.0,0.0,-0.04946424311573498
1607,22.11,-0.00584532374100715,1.0,0.22483141236288676,0.12494447492344365,0.12494447492344365,0.12494447492344365,0.12483141236288675,0.12494447492344365,0.00011306256055690356,0.008590845391046903,0.11624056697183985,0,0,-0.0007296800183082354,1.1306256055690356e-07,0.8579673526465815,1.0369714627066806,0.17262202143236074,0.0006042557056548659,0.11856421718513185,0.014813943860905433,0.02208181234556851,0.0,0.0,-0.052534923535562036
1608,21.8,-0.014020805065581128,1.0,0.22494447492344366,0.12305617183730563,0.12305617183730563,0.12305617183730563,0.12494447492344365,0.12305617183730563,-0.0018883030861380212,0.00011306256055690356,0.12483141236288675,0,0,-0.001751822126922993,1.8883030861380212e-06,0.8564627263516379,1.0369714627066806,0.17407300282293467,0.0014509813905739244,0.113904310342485,0.014016628386514622,0.01925899795989965,0.0,0.0,-0.05449731037888786
1609,20.99,-0.0371559633027524,1.0,0.22305617183730564,0.11852188818446066,0.11852188818446066,0.11852188818446066,0.12305617183730563,0.11852188818446066,-0.004534283652844973,0.0,0.12305617183730563,0,0,-0.004572270604964121,4.5342836528449725e-06,0.8525428635587534,1.0369714627066806,0.1778531095412555,0.003780106718320825,0.0,0.0,0.012518348673934773,0.0,0.0,-0.05679713203770102
1610,20.22,-0.036684135302525,1.0,0.21852188818446067,0.10670903921431432,0.10670903921431432,0.10670903921431432,0.11852188818446066,0.10670903921431432,-0.011812848970146339,0.0,0.11852188818446066,0,0,-0.004347872982469494,1.181284897014634e-05,0.8488260445158013,1.0369714627066806,0.18143741169095062,0.003584302149695129,0.0,0.0,0.008136926638057602,0.0,0.0,-0.060250261955809764
1611,20.1,-0.005934718100890081,1.0,0.20670903921431433,0.1,0.1,0.1,0.10670903921431432,0.1,-0.006709039214314316,0.0,0.10670903921431432,0,0,-0.0006332880665537807,6.709039214314317e-06,0.8482827983040107,1.0369714627066806,0.18196128937835845,0.000523877687407831,0.0,0.0,0.005289002314737442,0.0,0.0,-0.05396399835017536
1612,20.07,-0.0014925373134328922,1.0,0.2,0.1,0.1,0.1,0.1,0.1,0.0,0.0,0.1,0,0,-0.00014925373134328922,0.0,0.8481561889311294,1.0369714627066806,0.18208338470830202,0.0001220953299435612,0.0,0.0,0.0034378515045793375,0.0,0.0,-0.05009525373134329
1613,20.07,0.0,1.0,0.2,0.1,0.1,0.1,0.1,0.1,0.0,0.0,0.1,0,0,0.0,0.0,0.8481561889311294,1.0369714627066806,0.18208338470830202,0.0,0.0,0.0,0.0022346034779765693,0.0,0.0,-0.049946000000000004
1614,20.35,0.013951170901843604,1.0,0.2,0.1,0.1,0.1,0.1,0.1,0.0,0.0,0.1,0,0,0.0013951170901843604,0.0,0.8493394661254527,1.0369714627066806,0.18094229525996294,0.0,0.0,0.0,0.00145249226068477,0.0,0.0,-0.04855088290981564
1615,19.9,-0.02211302211302225,1.0,0.2,0.1,0.1,0.1,0.1,0.1,0.0,0.0,0.1,0,0,-0.0022113022113022253,0.0,0.8474613198858633,1.0369714627066806,0.18275347937363876,0.0018111841136758122,0.0,0.0,0.0009441199694451006,0.0,0.0,-0.05215730221130223
1616,20.06,0.008040201005025133,1.0,0.2,0.1,0.1,0.1,0.1,0.1,0.0,0.0,0.1,0,0,0.0008040201005025133,0.0,0.84814269582145,1.0369714627066806,0.18209639674398934,0.0,0.0,0.0,0.0006136779801393154,0.0,0.0,-0.04914197989949749
1617,19.85,-0.010468594217347822,1.0,0.2,0.1,0.1,0.1,0.1,0.1,0.0,0.0,0.1,0,0,-0.001046859421734782,0.0,0.8472548096493537,1.0369714627066806,0.1829526268371287,0.0008562300931393707,0.0,0.0,0.000398890687090555,0.0,0.0,-0.05099285942173479
1618,19.94,0.004534005037783368,1.0,0.2,0.1,0.1,0.1,0.1,0.1,0.0,0.0,0.1,0,0,0.0004534005037783368,0.0,0.8476389554068774,1.0369714627066806,0.1825821771465259,0.0,0.0,0.0,0.0002592789466088608,0.0,0.0,-0.049492599496221666
1619,19.7,-0.012036108324975025,1.0,0.2,0.1,0.1,0.1,0.1,0.1,0.0,0.0,0.1,0,0,-0.0012036108324975025,0.0,0.8466187279781028,1.0369714627066806,0.18356603009278888,0.000983852946262992,0.0,0.0,0.00016853131529575953,0.0,0.0,-0.05114961083249751
1620,20.29,0.029949238578680197,1.0,0.2,0.1,0.1,0.1,0.1,0.1,0.0,0.0,0.1,0,0,0.0029949238578680197,0.0,0.8491542866050422,1.0369714627066806,0.18112087251793993,0.0,0.0,0.0,0.0001095453549422437,0.0,0.0,-0.04695107614213198
1621,20.55,0.012814194184327332,1.0,0.2,0.1,0.1,0.1,0.1,0.1,0.0,0.0,0.1,0,0,0.0012814194184327333,0.0,0.8502424093971434,1.0369714627066806,0.18007154490263513,0.0,0.01665666722108746,0.0016656667221087462,0.0006541878334505195,0.0,0.0,-0.04894774392432576
1622,20.57,0.0009732360097323393,1.0,0.2,0.1,0.1,0.1,0.1,0.1,0.0,0.0,0.1,0,0,9.732360097323394e-05,0.0,0.850325158050126,1.0369714627066806,0.1799917465128447,0.0,0.05438322053006216,0.005438322053006216,0.0023286348102950134,0.0,0.0,-0.05077319114803783
1623,20.05,-0.025279533300923654,1.0,0.2,0.10002577528669973,0.10002577528669973,0.10002577528669973,0.1,0.10002577528669973,2.5775286699725175e-05,0.0,0.1,0,0,-0.0025279533300923657,2.5775286699725175e-08,0.8481755538177971,1.0369714627066806,0.18206471024389861,0.002072963731053923,0.0942642086819634,0.009428850555200641,0.004813710321011983,0.0,0.0,-0.0540635879607769
1624,19.88,-0.008478802992518788,1.0,0.20002577528669974,0.1,0.1,0.1,0.10002577528669973,0.1,-2.5775286699725175e-05,2.5775286699725175e-05,0.1,0,0,-0.0008480988428298816,2.5775286699725175e-08,0.8474561952501195,1.0369714627066806,0.18275842129916714,0.0006937110552685255,0.0,0.0,0.003128911708657789,0.0,0.0,-0.0508071024749699
1625,19.66,-0.011066398390341996,1.0,0.2,0.1,0.1,0.1,0.1,0.1,0.0,0.0,0.1,0,0,-0.0011066398390341997,0.0,0.8465183664626194,1.0369714627066806,0.1836628133882727,0.0009043920891055601,0.0,0.0,0.002033792610627563,0.0,0.0,-0.05105263983903421
1626,19.87,0.01068158697863687,1.0,0.2,0.1,0.1,0.1,0.1,0.1,0.0,0.0,0.1,0,0,0.001068158697863687,0.0,0.8474225824186576,1.0369714627066806,0.1827908357220039,0.0,0.0,0.0,0.0013219651969079158,0.0,0.0,-0.048877841302136314
1627,19.54,-0.016607951685958824,1.0,0.2,0.1,0.1,0.1,0.1,0.1,0.0,0.0,0.1,0,0,-0.0016607951685958825,0.0,0.8460151870880177,1.0369714627066806,0.18414805275376908,0.0013572170317651677,0.0,0.0,0.0008592773779901452,0.0,0.0,-0.051606795168595884
1628,19.41,-0.006653019447287564,1.0,0.2,0.1,0.1,0.1,0.1,0.1,0.0,0.0,0.1,0,0,-0.0006653019447287565,0.0,0.845452331538778,1.0369714627066806,0.18469084064088276,0.0005427878871136771,0.0,0.0,0.0005585302956935944,0.0,0.0,-0.05061130194472876
1629,19.25,-0.008243173621844417,1.0,0.2,0.1,0.1,0.1,0.1,0.1,0.0,0.0,0.1,0,0,-0.0008243173621844418,0.0,0.8447554105029912,1.0369714627066806,0.18536291413649053,0.0006720734956077723,0.0,0.0,0.0003630446922008364,0.0,0.0,-0.050770317362184444
1630,19.01,-0.012467532467532386,1.0,0.2,0.1,0.1,0.1,0.1,0.1,0.0,0.0,0.1,0,0,-0.0012467532467532387,0.0,0.8437022089522342,1.0369714627066806,0.18637856556821641,0.0010156514317258836,0.0,0.0,0.00023597904993054365,0.0,0.0,-0.05119275324675324
1631,18.89,-0.006312467122567122,1.0,0.2,0.1,0.1,0.1,0.1,0.1,0.0,0.0,0.1,0,0,-0.0006312467122567122,0.0,0.8431696247067094,1.0369714627066806,0.18689216142372309,0.0005135958555066711,0.0,0.0,0.0001533863824548534,0.0,0.0,-0.05057724671225672
1632,19.05,0.008470089994706201,1.0,0.2,0.1,0.1,0.1,0.1,0.1,0.0,0.0,0.1,0,0,0.0008470089994706202,0.0,0.8438837969669162,1.0369714627066806,0.18620345176690895,0.0,0.0,0.0,9.97011485956547e-05,0.0,0.0,-0.049098991000529384
1633,19.03,-0.0010498687664041771,1.0,0.2,0.1,0.1,0.1,0.1,0.1,0.0,0.0,0.1,0,0,-0.00010498687664041772,0.0,0.8437952002428252,1.0369714627066806,0.1862888897247287,8.543795781976171e-05,0.0,0.0,6.480574658717556e-05,0.0,0.0,-0.05005098687664042
1634,18.08,-0.04992117708880729,1.0,0.2,0.1,0.1,0.1,0.1,0.1,0.0,0.0,0.1,0,0,-0.004992117708880729,0.0,0.8395828752810244,1.0369714627066806,0.1903510313682469,0.004062141643518202,0.0,0.0,4.212373528166412e-05,0.0,0.0,-0.054938117708880733
1635,16.18,-0.10508849557522117,1.0,0.2,0.1,0.1,0.1,0.1,0.1,0.0,0.0,0.1,0,1,-0.010508849557522118,0.0,0.8307598251536242,1.0369714627066806,0.19885951057400095,0.008508479205754038,0.0,0.0,2.7380427933081676e-05,0.0,0.0,-0.060454849557522124
1636,14.47,-0.10568603213844247,1.0,0.2,0.1,0.1,0.1,0.1,0.1,0.0,0.0,0.1,0,1,-0.010568603213844247,0.0,0.821979854195573,1.0369714627066806,0.2073264465252893,0.008466935951288362,0.0,0.0,1.779727815650309e-05,0.0,0.0,-0.06051460321384425
1637,15.36,0.06150656530753274,1.0,0.2,0.1,0.1,0.1,0.1,0.1,0.0,0.0,0.1,0,0,0.006150656530753275,0.0,0.8270355699539285,1.0369714627066806,0.2024509837568548,0.0,0.0,0.0,1.1568230801727009e-05,0.0,0.0,-0.04379534346924673
1638,16.99,0.1061197916666666,1.0,0.2,0.1,0.1,0.1,0.1,0.1,0.0,0.0,0.1,1,0,0.01061197916666666,0.0,0.8358120541923718,1.0369714627066806,0.19398741021208707,0.0,0.0,0.0,7.519350021122557e-06,0.0,0.0,-0.039334020833333344
1639,16.83,-0.009417304296645095,1.0,0.2,0.1,0.1,0.1,0.1,0.1,0.0,0.0,0.1,0,0,-0.0009417304296645096,0.0,0.8350249445474585,1.0369714627066806,0.19474645679458305,0.0007590465824959813,0.0,0.0,4.887577513729662e-06,0.0,0.0,-0.05088773042966451
1640,16.95,0.00713012477718366,1.0,0.2,0.1,0.1,0.1,0.1,0.1,0.0,0.0,0.1,0,0,0.000713012477718366,0.0,0.8356203277521269,1.0369714627066806,0.19417230097055063,0.0,0.0,0.0,3.17692538392428e-06,0.0,0.0,-0.04923298752228164
1641,17.13,0.010619469026548657,1.0,0.2,0.1,0.1,0.1,0.1,0.1,0.0,0.0,0.1,0,0,0.0010619469026548658,0.0,0.8365077121709787,1.0369714627066806,0.19331655474149279,0.0,0.01724521735353085,0.0017245217353530852,0.0006056476088731306,0.0,0.0,-0.04917722179235516
1642,16.53,-0.03502626970227658,1.0,0.2,0.1,0.1,0.1,0.1,0.1,0.0,0.0,0.1,0,0,-0.0035026269702276586,0.0,0.8335777376975253,1.0369714627066806,0.19614206593329134,0.002825511191798552,0.3053001853894849,0.03053001853894849,0.011079177434399505,0.0,0.0,-0.058638730121848906
1643,16.43,-0.0060496067755596745,1.0,0.2,0.1,0.1,0.1,0.1,0.1,0.0,0.0,0.1,0,0,-0.0006049606775559675,0.0,0.8330734559445322,1.0369714627066806,0.19662836837374312,0.00048630244045178017,0.08601381376094419,0.00860138137609442,0.010211948813992726,0.0,0.0,-0.05201319551149202
1644,16.59,0.00973828362751066,1.0,0.2,0.1,0.1,0.1,0.1,0.1,0.0,0.0,0.1,0,0,0.0009738283627510661,0.0,0.8338847265041861,1.0369714627066806,0.1958460222930358,0.0,0.0,0.0,0.006637766729095272,0.0,0.0,-0.048972171637248936
1645,16.84,0.015069318866787222,1.0,0.2,0.1,0.1,0.1,0.1,0.1,0.0,0.0,0.1,0,0,0.0015069318866787222,0.0,0.8351413339883696,1.0369714627066806,0.19463421702222963,0.0,0.0,0.0,0.004314548373911927,0.0,0.0,-0.048439068113321285
1646,16.81,-0.0017814726840855782,1.0,0.2,0.1,0.1,0.1,0.1,0.1,0.0,0.0,0.1,0,0,-0.00017814726840855783,0.0,0.8349925558409845,1.0369714627066806,0.19477769073653683,0.0001434737143072018,0.0,0.0,0.0028044564430427525,0.0,0.0,-0.05012414726840856
1647,17.27,0.0273646638905414,1.0,0.2,0.1,0.1,0.1,0.1,0.1,0.0,0.0,0.1,0,0,0.00273646638905414,0.0,0.8372774849051537,1.0369714627066806,0.19257422695152088,0.0,0.0,0.0,0.0018228966879777892,0.0,0.0,-0.04720953361094586
1648,16.95,-0.01852924145917778,1.0,0.2,0.1,0.1,0.1,0.1,0.1,0.0,0.0,0.1,0,0,-0.0018529241459177782,0.0,0.8357260732365397,1.0369714627066806,0.1940703256624387,0.0014960987109178259,0.12381594943143918,0.01238159494314392,0.005518441077285934,0.0,0.0,-0.05390379528625224
1649,17.27,0.018879056047197657,1.0,0.2,0.1,0.1,0.1,0.1,0.1,0.0,0.0,0.1,0,0,0.0018879056047197659,0.0,0.8373038451742134,1.0369714627066806,0.19254880651324682,0.0,0.06929554092914235,0.006929554092914235,0.00601233063275584,0.0,0.0,-0.049236118591075656
1650,17.03,-0.013896931094383233,1.0,0.2,0.1,0.1,0.1,0.1,0.1,0.0,0.0,0.1,0,0,-0.0013896931094383234,0.0,0.8361402497900685,1.0369714627066806,0.1936709158730432,0.0011221093597963694,0.13253720037791522,0.013253720037791523,0.008546816924518329,0.0,0.0,-0.05358882551586289
1651,17.12,0.005284791544333521,1.0,0.2,0.1,0.1,0.1,0.1,0.1,0.0,0.0,0.1,0,0,0.0005284791544333521,0.0,0.8365821324822652,1.0369714627066806,0.19324478776046883,0.0,0.03344413262175485,0.0033444132621754854,0.006725975642698334,0.0,0.0,-0.04998607110013648
1652,17.09,-0.0017523364485981972,1.0,0.2,0.1,0.1,0.1,0.1,0.1,0.0,0.0,0.1,0,0,-0.00017523364485981974,0.0,0.8364355351459657,1.0369714627066806,0.19338615841681925,0.00014137065635042023,0.07054119760589139,0.00705411976058914,0.006840826083960116,0.0,0.0,-0.05132043400415998
1653,17.84,0.04388531304856641,1.0,0.2,0.1,0.1,0.1,0.1,0.1,0.0,0.0,0.1,0,0,0.004388531304856641,0.0,0.8401062586764483,1.0369714627066806,0.18984630832210078,0.0,0.0,0.0,0.004446536954574075,0.0,0.0,-0.04555746869514336
1654,17.66,-0.010089686098654693,1.0,0.2,0.1,0.1,0.1,0.1,0.1,0.0,0.0,0.1,0,0,-0.0010089686098654694,0.0,0.8392586178324922,1.0369714627066806,0.19066372796617043,0.0008174196440696446,0.24541337868018595,0.024541337868018598,0.011479717274279657,0.0,0.0,-0.055126996047428635
1655,18.06,0.022650056625141482,1.0,0.2,0.1,0.1,0.1,0.1,0.1,0.0,0.0,0.1,0,0,0.002265005662514148,0.0,0.8411595433541966,1.0369714627066806,0.18883057672713568,0.0,0.14655207935119396,0.014655207935119397,0.012591139005573565,0.0,0.0,-0.05017237968645615
1656,17.72,-0.018826135105204866,1.0,0.2,0.1,0.1,0.1,0.1,0.1,0.0,0.0,0.1,0,0,-0.0018826135105204868,0.0,0.8395759650333748,1.0369714627066806,0.19035769524271023,0.0015271185155745493,0.27895514719980335,0.027895514719980335,0.017947670505615933,0.0,0.0,-0.056570851012917145
1657,18.3,0.03273137697516941,1.0,0.2,0.1,0.1,0.1,0.1,0.1,0.0,0.0,0.1,0,0,0.003273137697516941,0.0,0.8423240127744548,1.0369714627066806,0.18770762449350462,0.0,0.1646821193050356,0.01646821193050356,0.017429860004326603,0.0,0.0,-0.04947245833066866
1658,18.12,-0.009836065573770475,1.0,0.2,0.1,0.1,0.1,0.1,0.1,0.0,0.0,0.1,0,0,-0.0009836065573770477,0.0,0.8414954973520536,1.0369714627066806,0.1885066006005602,0.0007989761070555934,0.2978982179965853,0.029789821799658528,0.021755846632692775,0.0,0.0,-0.055993876263319003
1659,18.58,0.025386313465783513,1.0,0.2,0.1,0.1,0.1,0.1,0.1,0.0,0.0,0.1,0,0,0.0025386313465783515,0.0,0.843631744199636,1.0369714627066806,0.18644651801930343,0.0,0.12408154823285036,0.012408154823285037,0.018484154499400066,0.0,0.0,-0.04951675497338011
1660,18.13,-0.02421959095801934,1.0,0.2,0.1,0.1,0.1,0.1,0.1,0.0,0.0,0.1,0,0,-0.002421959095801934,0.0,0.8415885026232646,1.0369714627066806,0.18841691127490784,0.0019703932556044135,0.2592967052813704,0.02592967052813704,0.021090085109458007,0.0,0.0,-0.05677600308558524
1661,18.25,0.00661886376172096,1.0,0.2,0.1,0.1,0.1,0.1,0.1,0.0,0.0,0.1,0,0,0.0006618863761720961,0.0,0.842145538587494,1.0369714627066806,0.18787973548534903,0.0,0.07657180512751675,0.007657180512751676,0.01638856850061079,0.0,0.0,-0.0505858343109957
1662,18.08,-0.009315068493150778,1.0,0.2,0.1,0.1,0.1,0.1,0.1,0.0,0.0,0.1,0,0,-0.0009315068493150778,0.0,0.8413610742501796,1.0369714627066806,0.188636231074212,0.0007564955888629821,0.1589254187709213,0.01589254187709213,0.01621495918237926,0.0,0.0,-0.05357923896842075
1663,18.09,0.0005530973451328299,1.0,0.2,0.1,0.1,0.1,0.1,0.1,0.0,0.0,0.1,0,0,5.530973451328299e-05,0.0,0.8414076097078261,1.0369714627066806,0.18859135475955907,0.0,0.012934319257373518,0.0012934319257373518,0.010992424642554592,0.0,0.0,-0.05011057369286207
1664,18.0,-0.004975124378109445,1.0,0.2,0.1,0.1,0.1,0.1,0.1,0.0,0.0,0.1,0,0,-0.0004975124378109445,0.0,0.8409889989567277,1.0369714627066806,0.1889950406527135,0.00040368589315442627,0.03756808359287649,0.0037568083592876495,0.008459958943411162,0.0,0.0,-0.05108216985888985
1665,18.08,0.00444444444444435,1.0,0.2,0.1,0.1,0.1,0.1,0.1,0.0,0.0,0.1,0,0,0.00044444444444443503,0.0,0.841362771845153,1.0369714627066806,0.1886345940041147,0.0,0.0,0.0,0.005498973313217255,0.0,0.0,-0.04950155555555557
1666,17.82,-0.014380530973451218,1.0,0.2,0.1,0.1,0.1,0.1,0.1,0.0,0.0,0.1,0,0,-0.0014380530973451219,0.0,0.8401528475051101,1.0369714627066806,0.1898013805392858,0.0011667865351711049,0.021948437266884856,0.0021948437266884856,0.0043425279579321855,0.0,0.0,-0.05175717653088217
1667,17.79,-0.0016835016835017472,1.0,0.2,0.1,0.1,0.1,0.1,0.1,0.0,0.0,0.1,0,0,-0.00016835016835017473,0.0,0.8400114076317927,1.0369714627066806,0.18993777761326913,0.00013639707398332979,0.0,0.0,0.0028226431726559205,0.0,0.0,-0.050114350168350176
1668,17.5,-0.016301292861157907,1.0,0.2,0.1,0.1,0.1,0.1,0.1,0.0,0.0,0.1,0,0,-0.001630129286115791,0.0,0.8386420804355408,1.0369714627066806,0.19125828376555778,0.001320506152288653,0.0,0.0,0.0018347180622263484,0.0,0.0,-0.051576129286115796
1669,17.61,0.006285714285714253,1.0,0.2,0.1,0.1,0.1,0.1,0.1,0.0,0.0,0.1,0,0,0.0006285714285714254,0.0,0.8391692268861003,1.0369714627066806,0.19074993182963895,0.0,0.0,0.0,0.0011925667404471265,0.0,0.0,-0.04931742857142858
1670,18.73,0.06360022714366843,1.0,0.2,0.1,0.1,0.1,0.1,0.1,0.0,0.0,0.1,0,0,0.006360022714366843,0.0,0.8445063622302935,1.0369714627066806,0.18560308301447256,0.0,0.0,0.0,0.0007751683812906322,0.0,0.0,-0.04358597728563316
1671,17.96,-0.04111051788574477,1.0,0.2,0.1,0.1,0.1,0.1,0.1,0.0,0.0,0.1,0,0,-0.004111051788574477,0.0,0.8410345528393841,1.0369714627066806,0.1889511109166555,0.003348027902182943,0.172870576425765,0.0172870576425765,0.006554329622740686,0.0,0.0,-0.05699585158781248
1672,17.82,-0.007795100222717181,1.0,0.2,0.1,0.1,0.1,0.1,0.1,0.0,0.0,0.1,0,0,-0.0007795100222717181,0.0,0.840378957976369,1.0369714627066806,0.18958333165424834,0.0006322207375928368,0.02267514646446213,0.002267514646446213,0.005053944381037621,0.0,0.0,-0.051110987512167576
1673,18.46,0.03591470258136928,1.0,0.2,0.1,0.1,0.1,0.1,0.1,0.0,0.0,0.1,0,0,0.003591470258136928,0.0,0.8433971540095052,1.0369714627066806,0.18667274429318614,0.0,0.0,0.0,0.0032850638476744536,0.0,0.0,-0.046354529741863076
1674,19.59,0.061213434452871016,1.0,0.2,0.1,0.1,0.1,0.1,0.1,0.0,0.0,0.1,0,0,0.006121343445287102,0.0,0.8485598776499751,1.0369714627066806,0.1816940888275919,0.0,0.19391026414865764,0.019391026414865765,0.008922150746191413,0.0,0.0,-0.04712113104524008
1675,19.34,-0.012761613067891782,1.0,0.2,0.1,0.1,0.1,0.1,0.1,0.0,0.0,0.1,0,0,-0.0012761613067891783,0.0,0.8474769783676244,1.0369714627066806,0.18273837916854704,0.0010442903409551563,0.41212240047552257,0.04121224004755226,0.020223682001667707,0.0,0.0,-0.05822824211487306
1676,19.46,0.0062047569803516545,1.0,0.2,0.1,0.1,0.1,0.1,0.1,0.0,0.0,0.1,0,0,0.0006204756980351655,0.0,0.8480028172373458,1.0369714627066806,0.18223128819388423,0.0,0.1894717155705012,0.01894717155705012,0.019776903346051554,0.0,0.0,-0.052546543466663355
1677,19.19,-0.013874614594039032,1.0,0.2,0.1,0.1,0.1,0.1,0.1,0.0,0.0,0.1,0,0,-0.0013874614594039034,0.0,0.846826246010963,1.0369714627066806,0.18336591076422165,0.001134622570337418,0.32666804432863555,0.03266680443286356,0.024288368726435756,0.0,0.0,-0.056886818212990714
1678,19.43,0.012506513809275583,1.0,0.2,0.1,0.1,0.1,0.1,0.1,0.0,0.0,0.1,0,0,0.0012506513809275584,0.0,0.8478853304249424,1.0369714627066806,0.18234458621280633,0.0,0.2854785530718507,0.028547855307185073,0.025779189029698016,0.0,0.0,-0.05354848402129391
1679,19.69,0.013381369016984127,1.0,0.2,0.1,0.1,0.1,0.1,0.1,0.0,0.0,0.1,0,0,0.0013381369016984127,0.0,0.8490199170739928,1.0369714627066806,0.18125045133074416,0.0,0.23617829088658093,0.023617829088658095,0.025022713050334044,0.0,0.0,-0.05262289404337347
1680,19.93,0.012188928390045628,1.0,0.2,0.1,0.1,0.1,0.1,0.1,0.0,0.0,0.1,0,0,0.001218892839004563,0.0,0.8500547813710867,1.0369714627066806,0.18025248336893285,0.0,0.11469456277442944,0.011469456277442945,0.02027907317982216,0.0,0.0,-0.050676914728160743
1681,20.25,0.016056196688409446,1.0,0.2,0.1,0.1,0.1,0.1,0.1,0.0,0.0,0.1,0,0,0.0016056196688409446,0.0,0.8514196460476484,1.0369714627066806,0.17893628063274647,0.0,0.20102963557574424,0.020102963557574426,0.020217434812035452,0.0,0.0,-0.051757884135946716
1682,19.63,-0.030617283950617333,1.0,0.2,0.10332410075078796,0.10332410075078796,0.10332410075078796,0.1,0.10332410075078796,0.003324100750787956,0.0,0.1,0,0,-0.0030617283950617334,3.3241007507879563e-06,0.8488100001365463,1.0369714627066806,0.18145288403501417,0.0025166034022676975,0.24608995345698925,0.025427023144746676,0.02204079072848438,0.0,0.0,-0.05551803590927079
1683,20.19,0.028527763627101493,1.0,0.20332410075078797,0.1,0.1,0.1,0.10332410075078796,0.1,-0.003324100750787956,0.003324100750787956,0.1,0,0,0.002947605523201299,3.3241007507879563e-06,0.8513091356511385,1.0369714627066806,0.179042850968078,0.0,0.14088264663532246,0.014088264663532246,0.019257406605751134,0.0,0.0,-0.05107040829837171
1684,19.84,-0.01733531451213479,1.0,0.2,0.10299110636423836,0.10299110636423836,0.10299110636423836,0.1,0.10299110636423836,0.002991106364238355,0.0,0.1,0,0,-0.001733531451213479,2.9911063642383553e-06,0.8498308181336083,1.0369714627066806,0.1804684615761767,0.0014256106080986763,0.22243989936981515,0.02290933133564711,0.020535580261214728,0.0,0.0,-0.0539575259320358
1685,19.62,-0.011088709677419298,1.0,0.20299110636423837,0.1,0.1,0.1,0.10299110636423836,0.1,-0.002991106364238355,0.002991106364238355,0.1,0,0,-0.00114203847782925,2.9911063642383553e-06,0.848857736705286,1.0369714627066806,0.18140684943285154,0.0009383878566748549,0.09563032143384645,0.009563032143384645,0.0166951884199742,0.0,0.0,-0.0542227671029629
1686,19.23,-0.01987767584097862,1.0,0.2,0.1,0.1,0.1,0.1,0.1,0.0,0.0,0.1,0,0,-0.001987767584097862,0.0,0.8471704048127525,1.0369714627066806,0.18303402236211347,0.0016271729292619275,0.002869061789373323,0.0002869061789373323,0.010952289635611297,0.0,0.0,-0.05198254163451721
1687,19.32,0.004680187207488292,1.0,0.2,0.1,0.1,0.1,0.1,0.1,0.0,0.0,0.1,0,0,0.0004680187207488292,0.0,0.8475668964218693,1.0369714627066806,0.182651666990364,0.0,0.0,0.0,0.007118988263147343,0.0,0.0,-0.049477981279251175
1688,20.01,0.03571428571428578,1.0,0.2,0.1,0.1,0.1,0.1,0.1,0.0,0.0,0.1,0,0,0.0035714285714285783,0.0,0.8505939210519474,1.0369714627066806,0.17973256580104388,0.0,0.0,0.0,0.0046273423710457735,0.0,0.0,-0.046374571428571425
1689,20.07,0.002998500749625123,1.0,0.2,0.10083574652983268,0.10083574652983268,0.10083574652983268,0.1,0.10083574652983268,0.0008357465298326761,0.0,0.1,0,0,0.0002998500749625123,8.357465298326761e-07,0.8508482608220197,1.0369714627066806,0.17948729408507166,0.0,0.03102747010524157,0.0031286781109941,0.004102809880027688,0.0,0.0,-0.04975832583902945
1690,20.38,0.015445939212755293,1.0,0.2008357465298327,0.10160222500873164,0.10160222500873164,0.10160222500873164,0.10083574652983268,0.10160222500873164,0.0007664784788989631,0.0008357465298326761,0.1,0,0,0.0015575028113725962,7.664784788989631e-07,0.8521728072234207,1.0369714627066806,0.17820997214417303,0.0,0.08729184142077337,0.008869045313459938,0.005770992281728975,0.0,0.0,-0.04948770504361544
1691,20.41,0.0014720314033366605,1.0,0.20160222500873165,0.10559382699735498,0.10559382699735498,0.10559382699735498,0.10160222500873164,0.10559382699735498,0.003991601988623333,0.0007664784788989631,0.10083574652983268,0,0,0.00014956166586173038,3.991601988623333e-06,0.852296858073399,1.0369714627066806,0.17809034411732785,0.0,0.1837722340765437,0.01940521349199598,0.010542969705322426,0.0,0.0,-0.05090922156312796
1692,20.43,0.0009799118079372648,1.0,0.20559382699735498,0.10596765987880094,0.10596765987880094,0.10596765987880094,0.10559382699735498,0.10596765987880094,0.0003738328814459624,0.003991601988623333,0.10160222500873164,0,0,0.00010347263791999287,3.738328814459624e-07,0.8523847288610046,1.0369714627066806,0.17800560621395667,0.0,0.23842067437146844,0.02526488092987012,0.01569563863391412,0.0,0.0,-0.05366491711989364
1693,20.19,-0.011747430249632816,1.0,0.20596765987880095,0.10623248145288955,0.10623248145288955,0.10623248145288955,0.10596765987880094,0.10623248145288955,0.0002648215740886084,0.0003738328814459624,0.10559382699735498,0,0,-0.0012448476931430279,2.648215740886084e-07,0.8513234139677459,1.0369714627066806,0.17902908172068704,0.0010234755067303758,0.21936701449375484,0.023303902298583565,0.018358530916548425,0.0,0.0,-0.054744883539297365
1694,22.31,0.1050024764735016,1.0,0.20623248145288955,0.10303413346718504,0.10303413346718504,0.10303413346718504,0.10623248145288955,0.10303413346718504,-0.0031983479857045083,0.0002648215740886084,0.10596765987880094,1,0,0.01115467363447873,3.1983479857045085e-06,0.8608169259794201,1.0369714627066806,0.16987404481456583,0.0,0.05570195937674259,0.0057392031168070155,0.013941766186638933,0.0,0.0,-0.041345305157855124
1695,22.84,0.023756163155535685,1.0,0.20303413346718505,0.13164361790095525,0.13164361790095525,0.13164361790095525,0.10303413346718504,0.13164361790095525,0.028609484433770205,0.0,0.10303413346718504,0,0,0.0024476956852356874,2.8609484433770205e-05,0.8628993163264737,1.0369714627066806,0.1678658985714492,0.0,0.4630254490391631,0.060954345291729814,0.03039616887342074,0.0,0.0,-0.040739595254402405
1696,23.01,0.007443082311733875,1.0,0.23164361790095525,0.13791905567315083,0.13791905567315083,0.13791905567315083,0.13164361790095525,0.13791905567315083,0.00627543777219558,0.028609484433770205,0.10303413346718504,0,0,0.0009798342838512528,6.27543777219558e-06,0.8637393995891589,1.0369714627066806,0.16705576705587935,0.0,0.5020430415794555,0.06924130220191489,0.04399196553839369,0.0,0.0,-0.05380296963170427
1697,25.41,0.10430247718383305,1.0,0.23791905567315083,0.14045071639382517,0.14045071639382517,0.14045071639382517,0.13791905567315083,0.13791905567315083,0.0,0.00627543777219558,0.13164361790095525,1,0,0.014385299157564615,0.0,0.8761645492464242,1.0369714627066806,0.15507361508341,0.0,0.5121031697467936,0.07192525705848582,0.05376861757042593,0.0,0.0,-0.0424007318758197
1698,25.63,0.008658008658008613,1.0,0.23791905567315083,0.177894959600931,0.177894959600931,0.177894959600931,0.13791905567315083,0.177894959600931,0.039975903927780165,0.0,0.13791905567315083,0,0,0.0011941043781225117,3.9975903927780164e-05,0.8771757557007894,1.0369714627066806,0.15409846148397938,0.0,0.7508701697923859,0.13357601852076068,0.08170120790304308,0.0,0.0,-0.03992020906011761
1699,25.19,-0.01716738197424884,1.0,0.277894959600931,0.1809422936311635,0.1809422936311635,0.1809422936311635,0.177894959600931,0.1809422936311635,0.003047334030232496,0.039975903927780165,0.13791905567315083,0,0,-0.0030539907227627484,3.0473340302324957e-06,0.874494196033116,1.0369714627066806,0.1566844146795226,0.0025859531955432224,0.7563667412028957,0.1368587329795806,0.10100634167983122,0.0,0.0,-0.06247668823744907
1700,25.03,-0.006351726875744348,1.0,0.2809422936311635,0.17286120765132598,0.17286120765132598,0.17286120765132598,0.1809422936311635,0.17286120765132598,-0.008081085979837505,0.003047334030232496,0.177894959600931,0,0,-0.0011492960294158866,8.081085979837505e-06,0.8734820764630808,1.0369714627066806,0.15766044883902908,0.0009760341595064781,0.5808219697367845,0.10040158711912248,0.10079467758358315,0.0,0.0,-0.06374480756108154
1701,24.95,-0.0031961646024771012,1.0,0.272861207651326,0.1698110796533697,0.1698110796533697,0.1698110796533697,0.17286120765132598,0.1698110796533697,-0.0030501279979562868,0.0,0.17286120765132598,0,0,-0.000552492873036612,3.0501279979562867e-06,0.8729968196089727,1.0369714627066806,0.15812840468117112,0.00046795584214204267,0.4909883915074619,0.08337526885915347,0.09469788453003278,0.0,0.0,-0.05932520704625199
1702,26.28,0.053306613226452984,1.0,0.2698110796533697,0.16834871694672676,0.16834871694672676,0.16834871694672676,0.1698110796533697,0.16834871694672676,-0.0014623627066429334,0.0,0.1698110796533697,0,0,0.009052053544648579,1.4623627066429334e-06,0.880897956926389,1.0369714627066806,0.15050896904425118,0.0,0.4450375664786591,0.07492150330977587,0.08777615110294286,0.0,0.0,-0.04825481021526322
1703,25.76,-0.019786910197869084,1.0,0.2683487169467268,0.1921594686825932,0.1921594686825932,0.1921594686825932,0.16834871694672676,0.1921594686825932,0.023810751735866442,0.0,0.16834871694672676,0,0,-0.0033311009441513635,2.3810751735866444e-05,0.8779426220678135,1.0369714627066806,0.1533589364395559,0.0028499673953047144,0.3629430118206549,0.06974293631351719,0.08146452592664387,0.0,0.0,-0.046606305081670206
1704,26.53,0.029891304347826067,1.0,0.29215946868259324,0.18325332403391417,0.18325332403391417,0.18325332403391417,0.1921594686825932,0.18325332403391417,-0.008906144648679032,0.023810751735866442,0.16834871694672676,0,0,0.005743897161707945,8.906144648679032e-06,0.8829776151188659,1.0369714627066806,0.14850345754536323,0.0,0.23276174689842508,0.042654363827077005,0.06788096919179547,0.0,0.0,-0.05203505391074817
1705,26.14,-0.014700339238597834,1.0,0.2832533240339142,0.19842671081613228,0.19842671081613228,0.19842671081613228,0.18325332403391417,0.19842671081613228,0.015173386782218107,0.0,0.18325332403391417,0,0,-0.002693886029899232,1.5173386782218108e-05,0.8805855762959091,1.0369714627066806,0.15081021227197178,0.0023067547266085453,0.39207565455891735,0.07779828252520807,0.07135202885848987,0.0,0.0,-0.050587605363981776
1706,26.05,-0.0034429992348890535,1.0,0.29842671081613226,0.19121808782418365,0.19121808782418365,0.19121808782418365,0.19842671081613228,0.19121808782418365,-0.007208622991948632,0.015173386782218107,0.18325332403391417,0,0,-0.0006831830135214949,7.208622991948632e-06,0.8799776273787999,1.0369714627066806,0.1513964857992319,0.0005862735272601227,0.32680715184818215,0.06249143866367702,0.06825082229030538,0.0,0.0,-0.05888854095158508
1707,25.99,-0.002303262955854214,1.0,0.2912180878241837,0.18938599005542298,0.18938599005542298,0.18938599005542298,0.19121808782418365,0.18938599005542298,-0.001832097768760671,0.0,0.19121808782418365,0,0,-0.0004404255381747199,1.8320977687606711e-06,0.8795884505536323,1.0369714627066806,0.15177178718327555,0.00037530138404365254,0.29944762333121056,0.056711184614324686,0.06421194910371214,0.0,0.0,-0.05556022442861327
1708,25.61,-0.014621008080030744,1.0,0.289385990055423,0.18821317553722436,0.18821317553722436,0.18821317553722436,0.18938599005542298,0.18821317553722436,-0.0011728145181986172,0.0,0.18938599005542298,0,0,-0.0027690140908449615,1.1728145181986171e-06,0.8771518261458,1.0369714627066806,0.15412153787118002,0.002349750687904467,0.11239332283778408,0.021153904200479783,0.04914163338758082,0.0,0.0,-0.054882274960362604
1709,27.48,0.0730183522061695,1.0,0.28821317553722436,0.18087020926388914,0.18087020926388914,0.18087020926388914,0.18821317553722436,0.18087020926388914,-0.007342966273335222,0.0,0.18821317553722436,0,0,0.013743015941218654,7.342966273335222e-06,0.8892000967791148,1.0369714627066806,0.14250282793882885,0.0,0.08756747871256927,0.01583834819945356,0.037485483571736276,0.0,0.0,-0.04114881596594792
1710,27.69,0.0076419213973799435,1.0,0.28087020926388917,0.2171786580251369,0.2171786580251369,0.2171786580251369,0.18087020926388914,0.2171786580251369,0.03630844876124775,0.0,0.18087020926388914,0,0,0.0013821959223223024,3.630844876124775e-05,0.890396860050859,1.0369714627066806,0.14134873323633776,0.0,0.2937400914262017,0.06379407886412351,0.04669349192407181,0.0,0.0,-0.034485939925965665
1711,28.6,0.03286384976525822,1.0,0.3171786580251369,0.22078520469529023,0.22078520469529023,0.22078520469529023,0.2171786580251369,0.22078520469529023,0.0036065466701533377,0.03630844876124775,0.18087020926388914,0,0,0.00713732678955849,3.6065466701533377e-06,0.896748702155608,1.0369714627066806,0.1352233553130442,0.0,0.3479405142667153,0.07682011766416129,0.05723781093310312,0.0,0.0,-0.045626612631940226
1712,30.22,0.056643356643356554,1.0,0.32078520469529026,0.23992700353402402,0.23992700353402402,0.23992700353402402,0.22078520469529023,0.23992700353402402,0.019141798838733792,0.0036065466701533377,0.2171786580251369,0,0,0.012506015091131804,1.914179883873379e-05,0.9079462895744533,1.0369714627066806,0.12442499892470381,0.0,0.46427280298474294,0.11139158244247166,0.07619163096138211,0.0,0.0,-0.03384351494879081
1713,32.31,0.06915949702183996,1.0,0.33992700353402405,0.27367187049335284,0.27367187049335284,0.27367187049335284,0.23992700353402402,0.27367187049335284,0.03374486695932882,0.019141798838733792,0.22078520469529023,0,0,0.01659323088637032,3.3744866959328824e-05,0.9229814134630375,1.0369714627066806,0.10992592693545174,0.0,0.6256505890685805,0.17122296698566647,0.10945259856988163,0.0,0.0,-0.02394324496040746
1714,34.28,0.06097183534509436,1.0,0.3736718704933528,0.31898148208895355,0.31898148208895355,0.31898148208895355,0.27367187049335284,0.31898148208895355,0.04530961159560071,0.03374486695932882,0.23992700353402402,0,0,0.016686276226304697,4.530961159560071e-05,0.938340716350473,1.0369714627066806,0.09511423400096639,0.0,0.7627212143149584,0.2432939433628718,0.14445259856988163,0.0,0.0,-0.018688077835784182
1715,32.67,-0.04696616102683779,1.0,0.4189814820889536,0.38053605557036696,0.38053605557036696,0.38053605557036696,0.31898148208895355,0.38053605557036696,0.06155457348141341,0.04530961159560071,0.27367187049335284,0,0,-0.014981335652369166,6.155457348141341e-05,0.9242253599599668,1.0369714627066806,0.1087263312458246,0.01361209724485822,0.7952628378599254,0.3026261834609123,0.17945259856988163,0.0,0.0,-0.04839027321582764
1716,32.64,-0.0009182736455464076,1.0,0.48053605557036694,0.32273021843318456,0.32273021843318456,0.32273021843318456,0.38053605557036696,0.32273021843318456,-0.0578058371371824,0.06155457348141341,0.31898148208895355,0,0,-0.0003494362310104512,5.78058371371824e-05,0.9238489765129422,1.0369714627066806,0.10908929537797361,0.00036296413214900736,0.664178754475589,0.21435055451058732,0.1916668831491286,0.0,0.0,-0.08623439426618718
1717,34.72,0.06372549019607837,1.0,0.4227302184331846,0.3215959606695745,0.3215959606695745,0.3215959606695745,0.32273021843318456,0.3215959606695745,-0.001134257763610036,0.0,0.32273021843318456,0,0,0.020566141370742134,1.134257763610036e-06,0.9428479372862486,1.0369714627066806,0.0907677104003931,0.0,0.5883810659970035,0.18922097415909467,0.1908108150026167,0.0,0.0,-0.03596618056691602
1718,33.97,-0.021601382488479263,1.0,0.4215959606695745,0.40770180374864673,0.40770180374864673,0.40770180374864673,0.3215959606695745,0.40770180374864673,0.08610584307907221,0.0,0.3215959606695745,0,0,-0.006946917353173413,8.610584307907222e-05,0.9362168658727755,1.0369714627066806,0.09716236218392896,0.006394651783535862,0.6571780954451145,0.2679326948970735,0.2178034729656766,0.0,0.0,-0.01924216454370196
1719,35.32,0.03974094789520169,1.0,0.5077018037486467,0.3677352596132409,0.3677352596132409,0.3677352596132409,0.40770180374864673,0.3677352596132409,-0.039966544135405846,0.08610584307907221,0.3215959606695745,0,0,0.016202456139554716,3.9966544135405845e-05,0.9513484612265002,1.0369714627066806,0.08257025825637392,0.0,0.4043809283503227,0.14870512566954927,0.193619051412032,0.0,0.0,-0.05744762655060724
1720,36.26,0.02661381653454127,1.0,0.4677352596132409,0.4589359074866275,0.4589359074866275,0.4589359074866275,0.3677352596132409,0.4589359074866275,0.09120064787338661,0.0,0.3677352596132409,0,0,0.009786838732628696,9.12006478733866e-05,0.9605723915990412,1.0369714627066806,0.07367519151223721,0.0,0.37238299848231077,0.17089992934107073,0.18566735868719558,0.0,0.0,0.002805085908661283
1721,36.02,-0.006618863761720764,1.0,0.5589359074866275,0.5145300444236903,0.5145300444236903,0.5145300444236903,0.4589359074866275,0.5145300444236903,0.05559413693706283,0.09120064787338661,0.3677352596132409,0,0,-0.003037634247015672,5.5594136937062834e-05,0.9576011218125058,1.0369714627066806,0.07654052570261102,0.002865334190373811,0.5800927933177525,0.29847517071564583,0.22066735868719559,0.0,0.0,-0.027988466812901274
1722,39.38,0.09328151027207104,1.0,0.6145300444236903,0.4966217357691145,0.4966217357691145,0.4966217357691145,0.5145300444236903,0.4966217357691145,-0.017908308654575822,0.05559413693706283,0.4589359074866275,0,0,0.04799613962419764,1.790830865457582e-05,1.0035451299428497,1.0369714627066806,0.03223457343424109,0.0,0.5355169270893501,0.26594934586485536,0.2365160541993765,0.0,0.0,-0.01362046710547872
1723,43.35,0.10081259522600301,1.0,0.5966217357691145,0.7388271406308209,0.5966217357691145,0.5966217357691145,0.4966217357691145,0.4966217357691145,0.0,0.0,0.4966217357691145,1,0,0.05006572602852676,0.0,1.0537883454758306,1.0537883454758306,0.0,0.0,0.6725286450374812,0.4968824158053626,0.2715160541993765,0.0,0.0,0.04678491657176455
1724,42.89,-0.010611303344867378,1.0,0.5966217357691145,0.8,0.5966217357691145,0.5966217357691145,0.4966217357691145,0.5966217357691145,0.09999999999999998,0.0,0.4966217357691145,0,0,-0.005269803885900648,9.999999999999998e-05,1.0481297087233776,1.0537883454758306,0.0053698038859006465,0.0053698038859006465,0.8641612788806262,0.6913290231045011,0.30651605419937655,0.0,0.0,-0.007391308853700483
1725,44.53,0.038237351363954314,1.0,0.6966217357691145,0.8,0.6966217357691145,0.6966217357691145,0.5966217357691145,0.6966217357691145,0.09999999999999998,0.09999999999999998,0.4966217357691145,0,0,0.02281323494197594,9.999999999999998e-05,1.0719361250472765,1.0719361250472765,0.0,0.0,0.7987912759452629,0.6390330207562104,0.3415160541993766,0.0,0.0,0.023207874313871005
1726,44.13,-0.008982708286548362,1.0,0.7966217357691144,0.8,0.7966217357691144,0.7966217357691144,0.6966217357691145,0.7966217357691144,0.09999999999999998,0.09999999999999998,0.5966217357691145,0,0,-0.006257549838482928,9.999999999999998e-05,1.0651212377086183,1.0719361250472765,0.006357549838482812,0.006357549838482812,0.8173977343019752,0.6539181874415801,0.3765160541993766,0.0,0.0,-0.0034235911395994138
1727,48.58,0.10083843190573295,1.0,0.8966217357691144,0.8,0.8,0.8,0.7966217357691144,0.7966217357691144,0.0,0.09999999999999998,0.6966217357691145,1,0,0.08033008665698063,0.0,1.1506825190339423,1.1506825190339423,0.0,0.0,0.7822014892708833,0.6257611914167067,0.41151605419937665,0.0,0.0,0.03516595955765209
1728,47.58,-0.02058460271716756,1.0,0.8966217357691144,0.8,0.8,0.8,0.7966217357691144,0.8,0.003378264230885608,0.0,0.7966217357691144,0,0,-0.01639814194666765,3.378264230885608e-06,1.1318095764416793,1.1506825190339423,0.016401520210898593,0.016401520210898593,0.8433981414259669,0.6747185131407736,0.4465160541993767,0.0,0.0,-0.07405765987635714
1729,44.96,-0.05506515342580911,1.0,0.9,0.8,0.8,0.8,0.8,0.8,0.0,0.003378264230885608,0.7966217357691144,0,0,-0.04405212274064729,0.0,1.0819509620612304,1.1506825190339423,0.0597311211700822,0.04332960095918361,0.6206573416630079,0.4965258733304063,0.46401949089523703,0.0,0.0,-0.15813269529236246
1730,45.5,0.01201067615658361,1.0,0.9,0.6013443894733979,0.6013443894733979,0.6013443894733979,0.8,0.6013443894733979,-0.1986556105266022,0.0,0.8,0,0,0.00960854092526689,0.0001986556105266022,1.0921319965303995,1.1506825190339423,0.05088329885527327,0.0,0.40808625031550116,0.24540037704846326,0.38750280104886625,0.0,0.0,-0.14126909069142668
1731,47.67,0.04769230769230773,1.0,0.7013443894733978,0.64558349699168,0.64558349699168,0.64558349699168,0.6013443894733979,0.64558349699168,0.044239107518282195,0.0,0.6013443894733979,0,0,0.02867950165180823,4.4239107518282195e-05,1.123405482984067,1.1506825190339423,0.02370509293282372,0.0,0.31714755821442236,0.2047452296944392,0.3235376510748168,0.0,0.0,0.0005366684209040047
1732,45.15,-0.05286343612334808,1.0,0.74558349699168,0.7814745340500934,0.74558349699168,0.74558349699168,0.64558349699168,0.74558349699168,0.09999999999999998,0.044239107518282195,0.6013443894733979,0,0,-0.03412776195550735,9.999999999999998e-05,1.0849538275329764,1.1506825190339423,0.05712148261029331,0.033416389677469585,0.5041813788141012,0.39400490808548333,0.34820119102855007,0.0,0.0,-0.08010307617309619
1733,45.39,0.005315614617940244,1.0,0.84558349699168,0.6143925912724644,0.6143925912724644,0.6143925912724644,0.74558349699168,0.6143925912724644,-0.13119090571921566,0.09999999999999998,0.64558349699168,0,0,0.00396323453550398,0.00013119090571921566,1.089111417936385,1.1506825190339423,0.05350833099406898,0.0,0.0,0.0,0.22633077416855754,0.0,0.0,-0.11208042879880312
1734,48.61,0.07094073584489974,1.0,0.7143925912724644,0.6324583493215008,0.6324583493215008,0.6324583493215008,0.6143925912724644,0.6324583493215008,0.01806575804903643,0.0,0.6143925912724644,0,0,0.04358546252252335,1.806575804903643e-05,1.1365611672023386,1.1506825190339423,0.012272152916218183,0.0,0.029791949086965475,0.018842166942612378,0.15370976163947675,0.0,0.0,0.0026459445337769874
1735,53.5,0.1005965850648015,1.0,0.7324583493215008,0.8,0.7324583493215008,0.7324583493215008,0.6324583493215008,0.6324583493215008,0.0,0.01806575804903643,0.6143925912724644,1,0,0.0636231501374643,0.0,1.2088727689836645,1.2088727689836645,0.0,0.0,0.4635910816716702,0.37087286533733616,0.18870976163947678,0.0,0.0,0.06328686288367491
1736,55.29,0.03345794392523363,1.0,0.7324583493215008,0.8,0.7324583493215008,0.7324583493215008,0.6324583493215008,0.7324583493215008,0.09999999999999998,0.0,0.6324583493215008,0,0,0.021160755986644596,9.999999999999998e-05,1.2343325433901289,1.2343325433901289,0.0,0.0,0.7170066772604833,0.5736053418083866,0.2237097616394768,0.0,0.0,0.022243526129294595
1737,53.55,-0.03147042864894198,1.0,0.8324583493215008,0.8,0.8,0.8,0.7324583493215008,0.8,0.06754165067849927,0.09999999999999998,0.6324583493215008,0,0,-0.023050778220644108,6.754165067849926e-05,1.2057968488244526,1.2343325433901289,0.023118319871322682,0.023118319871322682,0.704197830292584,0.5633582642340672,0.2587097616394768,0.0,0.0,-0.06290773873092274
1738,53.91,0.006722689075630242,1.0,0.9,0.7844084050510252,0.7844084050510252,0.7844084050510252,0.8,0.7844084050510252,-0.015591594948974885,0.06754165067849927,0.7324583493215008,0,0,0.005378151260504194,1.5591594948974886e-05,1.2122630063708124,1.2343325433901289,0.01787973357544464,0.0,0.6729075757145082,0.5278343582129693,0.29370976163947676,0.0,0.0,-0.0500094620436729
1739,52.8,-0.02058987200890372,1.0,0.8844084050510251,0.8,0.8,0.8,0.7844084050510252,0.8,0.015591594948974885,0.0,0.7844084050510252,0,0,-0.016150868662708914,1.5591594948974886e-05,1.1926650046564897,1.2343325433901289,0.03375714183083765,0.01587740825539301,0.6545179928541313,0.523614394283305,0.32870976163947674,0.0,0.0,-0.06746597790486135
1740,55.5,0.051136363636363695,1.0,0.9,0.7312142863886864,0.7312142863886864,0.7312142863886864,0.8,0.7312142863886864,-0.06878571361131369,0.015591594948974885,0.7844084050510252,0,0,0.04090909090909096,6.878571361131369e-05,1.241373807442629,1.241373807442629,0.0,0.0,0.4319680443431655,0.31586120528710415,0.3242127669161463,0.0,0.0,-0.04283890236380511
1741,51.07,-0.07981981981981981,1.0,0.8312142863886863,0.8,0.8,0.8,0.7312142863886864,0.8,0.06878571361131369,0.0,0.7312142863886864,0,0,-0.05836539258922307,6.878571361131369e-05,1.168835149038058,1.241373807442629,0.05843417830283446,0.05843417830283446,0.3458951110263939,0.27671608882111515,0.3075889295828854,0.0,0.0,-0.16967084765638044
1742,48.46,-0.05110632465243782,1.0,0.9,0.6078291140544774,0.6078291140544774,0.6078291140544774,0.8,0.6078291140544774,-0.19217088594552267,0.06878571361131369,0.7312142863886864,0,0,-0.04088505972195026,0.00019217088594552267,1.1208226380784074,1.241373807442629,0.09711109469320181,0.03867691639036735,0.0,0.0,0.19993280422887552,0.0,0.0,-0.2450460807329038
1743,53.34,0.10070160957490719,1.0,0.7078291140544773,0.36805568114502935,0.36805568114502935,0.36805568114502935,0.6078291140544774,0.36805568114502935,-0.23977343290944803,0.0,0.6078291140544774,1,0,0.061209370131775714,0.00023977343290944802,1.1891587422930074,1.241373807442629,0.04206232227276533,0.0,0.0,0.0,0.1299563227487691,0.0,0.0,-0.10961677235300767
1744,58.71,0.10067491563554551,1.0,0.4680556811450294,0.6896883823005121,0.4680556811450294,0.4680556811450294,0.36805568114502935,0.36805568114502935,0.0,0.0,0.36805568114502935,1,0,0.03705397464845907,0.0,1.233221800182926,1.241373807442629,0.0065669238474566,0.0,0.09439585968711876,0.06510372776347506,0.10725791450391618,0.0,0.0,0.036347899845782225
1745,61.57,0.04871401805484584,1.0,0.4680556811450294,0.8,0.4680556811450294,0.4680556811450294,0.36805568114502935,0.4680556811450294,0.10000000000000003,0.0,0.36805568114502935,0,0,0.017929471096487543,0.00010000000000000003,1.2552094926248458,1.2552094926248458,0.0,0.0,0.5352619561816025,0.42820956494528206,0.14225791450391617,0.0,0.0,0.01443959169389925
1746,59.57,-0.0324833522819555,1.0,0.5680556811450294,0.8,0.5680556811450294,0.5680556811450294,0.4680556811450294,0.5680556811450294,0.09999999999999998,0.10000000000000003,0.36805568114502935,0,0,-0.015204017578204627,9.999999999999998e-05,1.2359997444853859,1.2552094926248458,0.015304017578204642,0.015304017578204642,0.5699056322736245,0.4559245058188996,0.17725791450391618,0.0,0.0,-0.027800800361640596
1747,59.4,-0.0028537854624811434,1.0,0.6680556811450293,0.8,0.6680556811450293,0.6680556811450293,0.5680556811450294,0.6680556811450293,0.09999999999999998,0.09999999999999998,0.4680556811450294,0,0,-0.0016211090447315086,9.999999999999998e-05,1.233872454145866,1.2552094926248458,0.016998786739861667,0.001694769161657025,0.5986812139430057,0.47894497115440454,0.21225791450391618,0.0,0.0,-0.0019131073656878637
1748,60.79,0.02340067340067341,1.0,0.7680556811450293,0.8,0.7680556811450293,0.7680556811450293,0.6680556811450293,0.7680556811450293,0.09999999999999998,0.09999999999999998,0.5680556811450294,0,0,0.015632952807939245,9.999999999999998e-05,1.2530381367471302,1.2552094926248458,0.0017298752841448067,0.0,0.6368181666579944,0.5094545333263956,0.24725791450391618,0.0,0.0,0.017226831488603923
1749,64.03,0.05329823984207932,1.0,0.8680556811450293,0.8,0.8,0.8,0.7680556811450293,0.8,0.03194431885497073,0.09999999999999998,0.6680556811450293,0,0,0.04093601590573937,3.194431885497073e-05,1.3042924983937312,1.3042924983937312,0.0,0.0,0.5566481124330593,0.4453184899464475,0.2822579145039162,0.0,0.0,0.009087018348109615
1750,65.77,0.027174761830391924,1.0,0.9,0.8,0.8,0.8,0.8,0.8,0.0,0.03194431885497073,0.7680556811450293,0,0,0.02173980946431354,0.0,1.3326475687945443,1.3326475687945443,0.0,0.0,0.5083938014460795,0.40671504115686363,0.3172579145039162,0.0,0.0,-0.026130615329902133
1751,70.17,0.06689980234149318,1.0,0.9,0.8,0.8,0.8,0.8,0.8,0.0,0.0,0.8,0,0,0.05351984187319454,0.0,1.4039706559491254,1.4039706559491254,0.0,0.0,0.4648935773770017,0.3719148619016014,0.336387846093106,0.0,0.0,0.005475416182702561
1752,70.54,0.0052729086504204725,1.0,0.9,0.8,0.8,0.8,0.8,0.8,0.0,0.0,0.8,0,0,0.004218326920336378,0.0,1.409893063162478,1.409893063162478,0.0,0.0,0.7179325950775326,0.5743460760620261,0.371387846093106,0.0,0.0,-0.04281394269935348
1753,68.3,-0.031755032605613964,1.0,0.9,0.8,0.8,0.8,0.8,0.8,0.0,0.0,0.8,0,0,-0.025404026084491174,0.0,1.3740761030095552,1.409893063162478,0.025404026084491202,0.025404026084491202,0.708846791307632,0.5670774330461056,0.40638784609310596,0.0,0.0,-0.10328069108824305
1754,68.13,-0.0024890190336749884,1.0,0.9,0.7729798663414319,0.7729798663414319,0.7729798663414319,0.8,0.7729798663414319,-0.027020133658568146,0.0,0.8,0,0,-0.001991215226939991,2.7020133658568146e-05,1.3713028940303078,1.409893063162478,0.027370990141344493,0.001966964056853291,0.5530085686811265,0.4274644895048037,0.4137646712872002,0.0,0.0,-0.0637538201506227
1755,64.54,-0.05269338030236297,1.0,0.8729798663414319,0.7631450533876096,0.7631450533876096,0.7631450533876096,0.7729798663414319,0.7631450533876096,-0.00983481295382227,0.0,0.7729798663414319,0,0,-0.04073092206319877,9.83481295382227e-06,1.3154349762210547,1.409893063162478,0.06699663216268896,0.03962564202134447,0.3946838138591442,0.301201000198762,0.3743673864062468,0.0,0.0,-0.1536930627037845
1756,66.25,0.02649519677719234,1.0,0.8631450533876096,0.5562710374604667,0.5562710374604667,0.5562710374604667,0.7631450533876096,0.5562710374604667,-0.20687401592714294,0.0,0.7631450533876096,0,0,0.02021967835904567,0.00020687401592714294,1.3417605190262614,1.409893063162478,0.04832461831069022,0.0,0.061551337279671686,0.03423922624564207,0.25532253035003516,0.0,0.0,-0.13420401249221625
1757,65.68,-0.008603773584905557,1.0,0.6562710374604667,0.6583769075607896,0.6562710374604667,0.6562710374604667,0.5562710374604667,0.6562710374604667,0.09999999999999998,0.0,0.5562710374604667,0,0,-0.004786030058150373,9.999999999999998e-05,1.3352046367994597,1.409893063162478,0.05297453283122588,0.004649914520535654,0.0,0.0,0.16595964472752286,0.0,0.0,-0.005100682440439755
1758,68.12,0.03714981729598047,1.0,0.7562710374604666,0.6351273335557671,0.6351273335557671,0.6351273335557671,0.6562710374604667,0.6351273335557671,-0.02114370390469955,0.09999999999999998,0.5562710374604667,0,0,0.02438034913829989,2.114370390469955e-05,1.3677291608442148,1.409893063162478,0.02990574492485757,0.0,0.0,0.0,0.10787376907288987,0.0,0.0,-0.03614760511938536
1759,66.08,-0.029947152084556755,1.0,0.7351273335557671,0.7504712712032064,0.7351273335557671,0.7351273335557671,0.6351273335557671,0.7351273335557671,0.09999999999999998,0.0,0.6351273335557671,0,0,-0.019020254851053565,9.999999999999998e-05,1.341577830721656,1.409893063162478,0.04845419431143716,0.01854844938657959,0.14482912122638603,0.10869009471400921,0.10815948304728165,0.0,0.0,-0.03615287159528015
1760,63.15,-0.04434019370460048,1.0,0.8351273335557671,0.6577290236985488,0.6577290236985488,0.6577290236985488,0.7351273335557671,0.6577290236985488,-0.0773983098572183,0.09999999999999998,0.6351273335557671,0,0,-0.03259568836740916,7.73983098572183e-05,1.2977443419741883,1.409893063162478,0.07954413289808882,0.031089938586651655,0.0006940418202754234,0.0004564914488557179,0.07046343598783258,0.0,0.0,-0.16368812602356908
1761,59.39,-0.05954077593032459,1.0,0.7577290236985488,0.47784915976531706,0.47784915976531706,0.47784915976531706,0.6577290236985488,0.47784915976531706,-0.17987986393323174,0.0,0.6577290236985488,0,0,-0.03916169642290645,0.00017987986393323173,1.2466890339435963,1.409893063162478,0.11575631761234775,0.03621218471425894,0.0,0.0,0.04580123339209118,0.0,0.0,-0.2321857516015736
1762,63.05,0.061626536453948416,1.0,0.577849159765317,0.30076150633456267,0.30076150633456267,0.30076150633456267,0.47784915976531706,0.30076150633456267,-0.1770876534307544,0.0,0.47784915976531706,0,0,0.02944818866376593,0.0001770876534307544,1.2831809945846364,1.409893063162478,0.0898735314674281,0.0,0.0,0.0,0.02977080170485927,0.0,0.0,-0.10976635007846448
1763,63.26,0.0033306899286280867,1.0,0.40076150633456264,0.41329043768813084,0.40076150633456264,0.40076150633456264,0.30076150633456267,0.40076150633456264,0.09999999999999998,0.0,0.30076150633456267,0,0,0.0010017433200675404,9.999999999999998e-05,1.2843380944749407,1.409893063162478,0.08905283100401219,0.0,0.0,0.0,0.019351021108158527,0.0,0.0,0.0006958343528925495
1764,59.68,-0.0565918431868479,1.0,0.5007615063345626,0.41841978989995476,0.41841978989995476,0.41841978989995476,0.40076150633456264,0.41841978989995476,0.01765828356539212,0.09999999999999998,0.30076150633456267,0,0,-0.02267983232181052,1.765828356539212e-05,1.2551868426414694,1.409893063162478,0.10972904581429238,0.02067621481028019,0.0,0.0,0.012578163720303043,0.0,0.0,-0.08513657563412708
1765,61.73,0.03434986595174258,1.0,0.5184197898999547,0.31959673706480124,0.31959673706480124,0.31959673706480124,0.41841978989995476,0.31959673706480124,-0.09882305283515352,0.01765828356539212,0.40076150633456264,0,0,0.014372663694619741,9.882305283515353e-05,1.2731031796089984,1.409893063162478,0.09702146008623612,0.0,0.0,0.0,0.008175806418196978,0.0,0.0,-0.0853530936630818
1766,67.67,0.09622549813704852,1.0,0.4195967370648013,0.3686158716736465,0.3686158716736465,0.3686158716736465,0.31959673706480124,0.3686158716736465,0.04901913460884527,0.0,0.31959673706480124,0,0,0.030753355227035817,4.9019134608845276e-05,1.3121929675160506,1.409893063162478,0.06929610351247487,0.0,0.0,0.0,0.005314274171828036,0.0,0.0,0.005181979352212987
1767,65.13,-0.03753509679326151,1.0,0.4686158716736465,0.5418993331506472,0.4686158716736465,0.4686158716736465,0.3686158716736465,0.4686158716736465,0.09999999999999998,0.04901913460884527,0.31959673706480124,0,0,-0.013836032422802786,9.999999999999998e-05,1.2939062037757731,1.409893063162478,0.0822664231899539,0.01297031967747904,0.40834422942125204,0.22128146561929138,0.04031427417182803,0.0,0.0,-0.022503449733898083
1768,63.66,-0.022570244127130337,1.0,0.5686158716736465,0.46083487421622094,0.46083487421622094,0.46083487421622094,0.4686158716736465,0.46083487421622094,-0.007780997457425554,0.09999999999999998,0.3686158716736465,0,0,-0.010576774625522183,7.780997457425555e-06,1.28021078159099,1.409893063162478,0.09198022528077593,0.009713802090822024,0.09901040167572404,0.0456274460023298,0.04217388431250365,0.0,0.0,-0.06496459284048454
1769,66.92,0.051209550738297284,1.0,0.5608348742162209,0.40012358539306125,0.40012358539306125,0.40012358539306125,0.46083487421622094,0.40012358539306125,-0.06071128882315968,0.0,0.46083487421622094,0,0,0.023599146873152413,6.0711288823159686e-05,1.3103449406078334,1.409893063162478,0.0706068603042503,0.0,0.0,0.0,0.027413024803127375,0.0,0.0,-0.05688568351704848
1770,72.43,0.08233711894799768,1.0,0.5001235853930612,0.5337071403877619,0.5001235853930612,0.5001235853930612,0.40012358539306125,0.5001235853930612,0.09999999999999998,0.0,0.40012358539306125,0,0,0.03294502324440779,9.999999999999998e-05,1.3533832506402896,1.409893063162478,0.04008092102775037,0.0,0.34660122673322213,0.18498354957467827,0.06241302480312738,0.0,0.0,0.030913302147042902
1771,73.66,0.01698191357172428,1.0,0.6001235853930612,0.6995954006935425,0.6001235853930612,0.6001235853930612,0.5001235853930612,0.6001235853930612,0.09999999999999998,0.09999999999999998,0.40012358539306125,0,0,0.008493055502325833,9.999999999999998e-05,1.364742271378832,1.409893063162478,0.03202426692019462,0.0,0.5380763137802859,0.3764357143428234,0.09741302480312738,0.0,0.0,0.007112882986536149
1772,80.47,0.09245180559326639,1.0,0.7001235853930612,0.7398786596968899,0.7001235853930612,0.7001235853930612,0.6001235853930612,0.7001235853930612,0.09999999999999998,0.09999999999999998,0.5001235853930612,0,0,0.0554825090486933,9.999999999999998e-05,1.4403251225726044,1.4403251225726044,0.0,0.0,0.41345535414228296,0.3059067932672953,0.1324130248031274,0.0,0.0,0.055573467644450876
1773,77.64,-0.035168385733813826,1.0,0.8001235853930612,0.8,0.8,0.8,0.7001235853930612,0.8,0.09987641460693886,0.09999999999999998,0.6001235853930612,0,0,-0.02462221631244392,9.987641460693886e-05,1.4047172713352636,1.4403251225726044,0.024722092727050834,0.024722092727050834,0.7257181637601351,0.5805745310081081,0.1674130248031274,0.0,0.0,-0.051578765673766826
1774,71.67,-0.07689335394126737,1.0,0.9,0.7763895407324972,0.7763895407324972,0.7763895407324972,0.8,0.7763895407324972,-0.023610459267502826,0.09987641460693886,0.7001235853930612,0,0,-0.061514683153013894,2.3610459267502825e-05,1.3182733674495914,1.4403251225726044,0.08473903093838488,0.06001693821133404,0.6582780309589779,0.5110801781305334,0.2024130248031274,0.0,0.0,-0.2211890262583365
1775,74.56,0.040323705874145396,1.0,0.8763895407324972,0.4453810662069828,0.4453810662069828,0.4453810662069828,0.7763895407324972,0.4453810662069828,-0.3310084745255144,0.0,0.7763895407324972,0,0,0.031306903484260046,0.0003310084745255144,1.3591080648738392,1.4403251225726044,0.05638800325422441,0.0,0.30378512126686885,0.13530014120765563,0.17892351554471228,0.0,0.0,-0.1875553600397269
1776,73.16,-0.018776824034334838,1.0,0.5453810662069828,0.6180599905595965,0.5453810662069828,0.5453810662069828,0.4453810662069828,0.5453810662069828,0.09999999999999998,0.0,0.4453810662069828,0,0,-0.00836284190839295,9.999999999999998e-05,1.34760614818439,1.4403251225726044,0.06437364240554695,0.00798563915132254,0.2390310047433227,0.1477355005351089,0.1680077102913511,0.0,0.0,-0.009533808141258262
1777,74.91,0.023920174958993987,1.0,0.6453810662069828,0.5726647362119832,0.5726647362119832,0.5726647362119832,0.5453810662069828,0.5726647362119832,0.027283670005000427,0.09999999999999998,0.4453810662069828,0,0,0.013045610522993712,2.7283670005000427e-05,1.3651497254905514,1.4403251225726044,0.05219335267011115,0.0,0.09480412941127789,0.05429098176111617,0.12820685530576886,0.0,0.0,-0.023555852223253897
1778,75.89,0.013082365505273048,1.0,0.6726647362119832,0.6390332445542523,0.6390332445542523,0.6390332445542523,0.5726647362119832,0.6390332445542523,0.06636850834226904,0.027283670005000427,0.5453810662069828,0,0,0.007491809391105939,6.636850834226903e-05,1.3752865640733025,1.4403251225726044,0.04515547044207261,0.0,0.0,0.0,0.08333445594874976,0.0,0.0,-0.009484192871154512
1779,72.37,-0.04638292265120564,1.0,0.7390332445542522,0.6742226533623191,0.6742226533623191,0.6742226533623191,0.6390332445542523,0.6742226533623191,0.03518940880806687,0.06636850834226904,0.5726647362119832,0,0,-0.02964022955370886,3.518940880806687e-05,1.334474359090907,1.4403251225726044,0.07349088190077144,0.028335411458698827,0.08469301728255586,0.05710195083350556,0.07415307915841429,0.0,0.0,-0.09872371434712206
1780,71.17,-0.016581456404587573,1.0,0.7742226533623191,0.5156819973162035,0.5156819973162035,0.5156819973162035,0.6742226533623191,0.5156819973162035,-0.15854065604611567,0.03518940880806687,0.6390332445542523,0,0,-0.011179593533712654,0.00015854065604611566,1.319343909734742,1.4403251225726044,0.08399576660981554,0.010504884709044107,0.10156223202196397,0.05237381466097806,0.06653033658431161,0.0,0.0,-0.14248330168270004
1781,67.7,-0.04875649852465925,1.0,0.6156819973162034,0.45002645664291996,0.45002645664291996,0.45002645664291996,0.5156819973162035,0.45002645664291996,-0.0656555406732835,0.0,0.5156819973162035,0,0,-0.025142848541340808,6.56555406732835e-05,1.2860852234006133,1.4403251225726044,0.10708686306637419,0.023091096456558644,0.0,0.0,0.04324471877980255,0.0,0.0,-0.134299760137151
1782,68.27,0.008419497784342587,1.0,0.5500264566429199,0.32785356361446644,0.32785356361446644,0.32785356361446644,0.45002645664291996,0.32785356361446644,-0.12217289302845352,0.0,0.45002645664291996,0,0,0.00378899675460061,0.00012217289302845352,1.2908010713857938,1.4403251225726044,0.10381270786955485,0.0,0.0,0.0,0.02810906720687166,0.0,0.0,-0.10771500841559033
1783,67.66,-0.0089351105903032,1.0,0.42785356361446647,0.3380852829666435,0.3380852829666435,0.3380852829666435,0.32785356361446644,0.3380852829666435,0.010231719352177038,0.0,0.32785356361446644,0,0,-0.0029294078483202628,1.0231719352177037e-05,1.2870065814823541,1.4403251225726044,0.10644717549354674,0.0026344676239918874,0.0,0.0,0.01827089368446658,0.0,0.0,-0.047725320734671756
1784,63.94,-0.054980786284362974,1.0,0.4380852829666435,0.3298525776716605,0.3298525776716605,0.3298525776716605,0.3380852829666435,0.3298525776716605,-0.00823270529498299,0.010231719352177038,0.32785356361446644,0,0,-0.018588194688677406,8.23270529498299e-06,1.2630728570342529,1.4403251225726044,0.12306406571715998,0.016616890223613248,0.0,0.0,0.011876080894903277,0.0,0.0,-0.08584274504441784
1785,64.61,0.01047857366280891,1.0,0.4298525776716605,0.27792480159641,0.27792480159641,0.27792480159641,0.3298525776716605,0.27792480159641,-0.05192777607525051,0.0,0.3298525776716605,0,0,0.003456384532999892,5.192777607525051e-05,1.2673729339568711,1.4403251225726044,0.12007857525030084,0.0,0.0,0.0,0.007719452581687131,0.0,0.0,-0.0726207689332116
1786,64.39,-0.0034050456585667677,1.0,0.37792480159640995,0.2872544419028258,0.2872544419028258,0.2872544419028258,0.27792480159641,0.2872544419028258,0.00932964030641581,0.0,0.27792480159641,0,0,-0.0009463466390838861,9.32964030641581e-06,1.2661617357067472,1.4403251225726044,0.1209194952836615,0.0008409200333606565,0.0,0.0,0.0050176441780966355,0.0,0.0,-0.04620066627074889
1787,64.73,0.0052803230315266875,1.0,0.38725444190282576,0.2846265755601948,0.2846265755601948,0.2846265755601948,0.2872544419028258,0.2846265755601948,-0.002627866342630958,0.00932964030641581,0.27792480159641,0,0,0.0015167962454878357,2.6278663426309578e-06,1.2680789177698382,1.4403251225726044,0.11958841938069685,0.0,0.0,0.0,0.003261468715762813,0.0,0.0,-0.04968679375154243
1788,65.61,0.013594932797775303,1.0,0.38462657556019486,0.28878618814127666,0.28878618814127666,0.28878618814127666,0.2846265755601948,0.28878618814127666,0.0041596125810818285,0.0,0.2846265755601948,0,0,0.003869479167201763,4.159612581081828e-06,1.2729804480074962,1.4403251225726044,0.1161853472820145,0.0,0.0,0.0,0.0021199546652458288,0.0,0.0,-0.04394619956346415
1789,60.34,-0.08032312147538478,1.0,0.38878618814127663,0.29942079763922735,0.29942079763922735,0.29942079763922735,0.28878618814127666,0.29942079763922735,0.010634609497950698,0.0041596125810818285,0.2846265755601948,0,0,-0.02319620807048509,1.0634609497950698e-05,1.243438591015892,1.4403251225726044,0.13669589488590456,0.020510547603890053,0.0,0.0,0.0013779705324097888,0.0,0.0,-0.08882199348188242
1790,55.61,-0.07838912827311906,1.0,0.39942079763922733,0.23532533869290645,0.23532533869290645,0.23532533869290645,0.29942079763922735,0.23532533869290645,-0.0640954589463209,0.010634609497950698,0.28878618814127666,0,0,-0.023471335313781018,6.40954589463209e-05,1.2141737281368998,1.4403251225726044,0.15701412888762872,0.020318234001724167,0.0,0.0,0.0008956808460663627,0.0,0.0,-0.12633599396145107
1791,56.28,0.012048192771084367,1.0,0.3353253386929065,0.17183083892091303,0.17183083892091303,0.17183083892091303,0.23532533869290645,0.17183083892091303,-0.06349449977199342,0.0,0.23532533869290645,0,0,0.0028352450444928557,6.349449977199343e-05,1.2175391148292491,1.4403251225726044,0.15467758234018095,0.0,0.0,0.0,0.0005821925499431358,0.0,0.0,-0.07911234708944785
1792,58.6,0.0412224591329069,1.0,0.27183083892091303,0.1791325476041933,0.1791325476041933,0.1791325476041933,0.17183083892091303,0.1791325476041933,0.0073017086832802836,0.0,0.17183083892091303,0,0,0.007083289735190445,7.301708683280283e-06,1.2261544070275852,1.4403251225726044,0.14869609103428189,0.0,0.0,0.0,0.00037842515746303826,0.0,0.0,-0.039210487165448366
1793,59.94,0.022866894197952153,1.0,0.2791325476041933,0.19782470390390836,0.19782470390390836,0.19782470390390836,0.1791325476041933,0.19782470390390836,0.018692156299715046,0.0073017086832802836,0.17183083892091303,0,0,0.004096205013474716,1.8692156299715046e-05,1.231154067387122,1.4403251225726044,0.14522488840011083,0.0,0.0,0.0,0.00024597635235097486,0.0,0.0,-0.03654661748575894
1794,60.39,0.007507507507507555,1.0,0.29782470390390836,0.20867223702547782,0.20867223702547782,0.20867223702547782,0.19782470390390836,0.20867223702547782,0.01084753312156947,0.018692156299715046,0.1791325476041933,0,0,0.0014851704497290512,1.084753312156947e-05,1.2329691860425454,1.4403251225726044,0.14396467386453335,0.0,0.0,0.0,0.00015988462902813367,0.0,0.0,-0.04304080000782112
1795,59.48,-0.015068719986752835,1.0,0.30867223702547786,0.21261038109831887,0.21261038109831887,0.21261038109831887,0.20867223702547782,0.21261038109831887,0.003938144072841043,0.01084753312156947,0.19782470390390836,0,0,-0.0031444235087462425,3.938144072841043e-06,1.2290873531381015,1.4403251225726044,0.14665978265879673,0.002695108794263379,0.0,0.0,0.00010392500886828689,0.0,0.0,-0.05109262879648499
1796,60.63,0.019334229993275148,1.0,0.31261038109831885,0.20418819822553272,0.20418819822553272,0.20418819822553272,0.21261038109831887,0.20418819822553272,-0.00842218287278615,0.003938144072841043,0.20867223702547782,0,0,0.004110658007112776,8.42218287278615e-06,1.2341293593092648,1.4403251225726044,0.14315917984895496,0.0,0.06776653858988954,0.013837127414650579,0.004910545850892088,0.0,0.0,-0.05098105297480754
1797,61.35,0.011875309252845107,1.0,0.3041881982255327,0.2151275597529581,0.2151275597529581,0.2151275597529581,0.20418819822553272,0.2151275597529581,0.01093936152742539,0.0,0.20418819822553272,0,0,0.0024247979997094396,1.093936152742539e-05,1.2371083731238675,1.4403251225726044,0.14109088723368643,0.0,0.12486923258300882,0.026862813293807252,0.012593839455912395,0.0,0.0,-0.04374494000062462
1798,61.07,-0.0045639771801141175,1.0,0.31512755975295814,0.2215909849868375,0.2215909849868375,0.2215909849868375,0.2151275597529581,0.2215909849868375,0.006463425233879383,0.01093936152742539,0.20418819822553272,0,0,-0.000981837273526137,6.463425233879383e-06,1.2358857380542672,1.4403251225726044,0.1419397477100048,0.0008488604763183805,0.07653857597935335,0.016960258440754807,0.014122086100607239,0.0,0.0,-0.048697680784287704
1799,60.79,-0.004584902570820388,1.0,0.32159098498683747,0.21893829889759336,0.21893829889759336,0.21893829889759336,0.2215909849868375,0.21893829889759336,-0.0026526860892441273,0.006463425233879383,0.2151275597529581,0,0,-0.0010159730767367733,2.6526860892441275e-06,1.234626833001576,1.4403251225726044,0.14281378998904432,0.0008740422790395053,0.005775458865626137,0.0012644691393932108,0.009621920164182328,0.0,0.0,-0.05232922571978709
1800,63.08,0.03767066951801282,1.0,0.3189382988975934,0.21620691605079523,0.21620691605079523,0.21620691605079523,0.21893829889759336,0.21620691605079523,-0.002731382846798136,0.0,0.21893829889759336,0,0,0.00824755230260715,2.731382846798136e-06,1.2448061101424048,1.4403251225726044,0.13574644319261586,0.0,0.0,0.0,0.006254248106718514,0.0,0.0,-0.043028753452300963
1801,67.66,0.07260621433100822,1.0,0.3162069160507952,0.23829234615107936,0.23829234615107936,0.23829234615107936,0.21620691605079523,0.23829234615107936,0.02208543010028413,0.0,0.21620691605079523,0,0,0.01569796568663034,2.2085430100284133e-05,1.264319541667594,1.4403251225726044,0.12219850792482316,0.0,0.194627225338919,0.04637817815088581,0.020297623622177068,0.0,0.0,-0.025750997398580527
1802,64.88,-0.04108779190067989,1.0,0.3382923461510794,0.28062966503289627,0.28062966503289627,0.28062966503289627,0.23829234615107936,0.28062966503289627,0.04233731888181691,0.02208543010028413,0.21620691605079523,0,0,-0.009790906330180328,4.233731888181691e-05,1.251887179564106,1.4403251225726044,0.1308301438719087,0.008631635947085534,0.4289978540892207,0.12038952409288932,0.05529762362217707,0.0,0.0,-0.04365991018955595
1803,61.97,-0.04485203452527738,1.0,0.3806296650328963,0.25365581587077407,0.25365581587077407,0.25365581587077407,0.28062966503289627,0.25365581587077407,-0.0269738491621222,0.04233731888181691,0.23829234615107936,0,0,-0.012586811424872491,2.69738491621222e-05,1.2360961434937674,1.4403251225726044,0.14179366580377212,0.010963521931863424,0.23400946190973132,0.05935786098219373,0.05671870669818291,0.0,0.0,-0.08090802687385139
1804,61.42,-0.008875262223656562,1.0,0.3536558158707741,0.21939478665753545,0.21939478665753545,0.21939478665753545,0.25365581587077407,0.21939478665753545,-0.03426102921323862,0.0,0.25365581587077407,0,0,-0.0022512618804086657,3.426102921323862e-05,1.233271017439317,1.4403251225726044,0.14375511604176022,0.001961450237988105,0.04901417129272152,0.010753453653962537,0.040630868132705784,0.0,0.0,-0.07009087450617611
1805,58.81,-0.042494301530446095,1.0,0.31939478665753546,0.21326524056665155,0.21326524056665155,0.21326524056665155,0.21939478665753545,0.21326524056665155,-0.006129546090883897,0.0,0.21939478665753545,0,0,-0.009323028218433203,6.129546090883897e-06,1.2217656375512105,1.4403251225726044,0.15174315964927332,0.007988043607513096,0.02566080082562739,0.0054725568612103564,0.028325459187682384,0.0,0.0,-0.06266375362532074
1806,58.62,-0.0032307430709063905,1.0,0.31326524056665156,0.18830262907051507,0.18830262907051507,0.18830262907051507,0.21326524056665155,0.18830262907051507,-0.02496261149613649,0.0,0.21326524056665155,0,0,-0.0006890051982258939,2.4962611496136488e-05,1.2208933362149745,1.4403251225726044,0.15234878772766017,0.0006056280783868495,0.0,0.0,0.01841154847199355,0.0,0.0,-0.06319093584865337
1807,61.17,0.04350051177072679,1.0,0.28830262907051507,0.1864100419005339,0.1864100419005339,0.1864100419005339,0.18830262907051507,0.1864100419005339,-0.0018925871699811692,0.0,0.18830262907051507,0,0,0.00819126073234074,1.8925871699811691e-06,1.2308916812112247,1.4403251225726044,0.1454070598916617,0.0,0.0,0.0,0.01196750650679581,0.0,0.0,-0.04267255269200725
1808,57.95,-0.05264018309628901,1.0,0.2864100419005339,0.2081029195356225,0.2081029195356225,0.2081029195356225,0.1864100419005339,0.2081029195356225,0.021692877635088592,0.0,0.1864100419005339,0,0,-0.009812658736631012,2.169287763508859e-05,1.2187866596191184,1.4403251225726044,0.15381142735175657,0.008404367460094875,0.0,0.0,0.007778879229417277,0.0,0.0,-0.048964960211794785
1809,57.97,0.0003451251078515275,1.0,0.3081029195356225,0.18183929696889317,0.18183929696889317,0.18183929696889317,0.2081029195356225,0.18183929696889317,-0.026263622566729317,0.021692877635088592,0.1864100419005339,0,0,7.182154254894947e-05,2.626362256672932e-05,1.2188421850042328,1.4403251225726044,0.1537728767604739,0.0,0.0,0.0,0.00505627149912123,0.0,0.0,-0.06308891178213795
1810,60.29,0.04002070036225634,1.0,0.2818392969688932,0.18195976354391818,0.18195976354391818,0.18195976354391818,0.18183929696889317,0.18195976354391818,0.00012046657502501334,0.0,0.18183929696889317,0,0,0.007277336018075422,1.2046657502501334e-07,1.2277119623077704,1.4403251225726044,0.14761469957913376,0.0,0.0,0.0,0.0032865764744287995,0.0,0.0,-0.04257366254920272
1811,62.53,0.0371537568419307,1.0,0.28195976354391816,0.2012040544319871,0.2012040544319871,0.2012040544319871,0.18195976354391818,0.2012040544319871,0.01924429088806892,0.00012046657502501334,0.18183929696889317,0,0,0.006760488809725943,1.9244290888068923e-05,1.235988268844389,1.4403251225726044,0.1418685618447338,0.0,0.06682540024264079,0.013445541467859621,0.0068422142221295865,0.0,0.0,-0.03454067422630565
1812,64.81,0.036462498000959555,1.0,0.3012040544319871,0.2191607452945375,0.2191607452945375,0.2191607452945375,0.2012040544319871,0.2191607452945375,0.01795669086255039,0.01924429088806892,0.18195976354391818,0,0,0.007336402432511287,1.795669086255039e-05,1.2450337819272412,1.4403251225726044,0.13558837347539138,0.0,0.22937023637606768,0.05026895195256323,0.02204157242778136,0.0,0.0,-0.03674271582622957
1813,66.39,0.02437895386514424,1.0,0.31916074529453753,0.23878631964464922,0.23878631964464922,0.23878631964464922,0.2191607452945375,0.23878631964464922,0.019625574350111724,0.01795669086255039,0.2012040544319871,0,0,0.005342909698586157,1.9625574350111724e-05,1.2516614504927122,1.4403251225726044,0.1309868647871078,0.0,0.25785064456115536,0.061571206432758874,0.035876944329523486,0.0,0.0,-0.03813343446125671
1814,63.51,-0.04338002711251698,1.0,0.3387863196446492,0.25316603332878995,0.25316603332878995,0.25316603332878995,0.23878631964464922,0.25316603332878995,0.014379713684140732,0.019625574350111724,0.2191607452945375,0,0,-0.01035855702028303,1.4379713684140733e-05,1.2386780454544057,1.4403251225726044,0.14000108305965756,0.009014218272549751,0.4671532411755552,0.11826733302510285,0.06471358037297627,0.0,0.0,-0.0589150099268109
1815,64.91,0.022043772634230806,1.0,0.35316603332878993,0.22499659881152007,0.22499659881152007,0.22499659881152007,0.25316603332878995,0.22499659881152007,-0.028169434517269887,0.014379713684140732,0.23878631964464922,0,0,0.005580734477409944,2.8169434517269886e-05,1.2455558858689946,1.4403251225726044,0.135225883136529,0.0,0.3023442518246523,0.06802642833076049,0.06587307715820075,0.0,0.0,-0.06253221354552208
1816,63.9,-0.015560006162378648,1.0,0.3249965988115201,0.2399191338582686,0.2399191338582686,0.2399191338582686,0.22499659881152007,0.2399191338582686,0.014922535046748536,0.0,0.22499659881152007,0,0,-0.0035009484640214886,1.4922535046748537e-05,1.241176672052149,1.4403251225726044,0.13826631737475406,0.0030404342382250593,0.2851290644391998,0.06840791817807126,0.06676027151515543,0.0,0.0,-0.049647761325959286
1817,61.72,-0.03411580594679186,1.0,0.3399191338582686,0.23041778095216026,0.23041778095216026,0.23041778095216026,0.2399191338582686,0.23041778095216026,-0.009501352906108346,0.014922535046748536,0.22499659881152007,0,0,-0.008185034613631072,9.501352906108346e-06,1.2310058051721908,1.4403251225726044,0.14532782503060318,0.00706150765584912,0.10739022990813785,0.024744618471375435,0.05205479294983243,0.0,0.0,-0.06427753794248028
1818,63.34,0.026247569669475123,1.0,0.33041778095216023,0.20835055820820964,0.20835055820820964,0.20835055820820964,0.23041778095216026,0.20835055820820964,-0.02206722274395062,0.0,0.23041778095216026,0,0,0.006047906758627685,2.206722274395062e-05,1.2384236486218998,1.4403251225726044,0.14017770764845286,0.0,0.0,0.0,0.03383561541739108,0.0,0.0,-0.05498604275383387
1819,63.72,0.005999368487527556,1.0,0.30835055820820967,0.22444465048768109,0.22444465048768109,0.22444465048768109,0.20835055820820964,0.22444465048768109,0.01609409227947145,0.0,0.20835055820820964,0,0,0.0012499717732731086,1.609409227947145e-05,1.2399517119215488,1.4403251225726044,0.13911679211229966,0.0,0.0,0.0,0.0219931500213042,0.0,0.0,-0.04067096395263572
1820,62.82,-0.014124293785310712,1.0,0.3244446504876811,0.22776001915488456,0.22776001915488456,0.22776001915488456,0.22444465048768109,0.22776001915488456,0.003315368667203472,0.01609409227947145,0.20835055820820964,0,0,-0.003170122182029389,3.315368667203472e-06,1.2360168025978866,1.4403251225726044,0.14184875121097454,0.00273195909867488,0.040812398646217864,0.009295432697419365,0.017548948957944507,0.0,0.0,-0.05195921076373419
1821,61.0,-0.02897166507481694,1.0,0.32776001915488456,0.21922263167961992,0.21922263167961992,0.21922263167961992,0.22776001915488456,0.21922263167961992,-0.00853738747526464,0.003315368667203472,0.22444465048768109,0,0,-0.0065985869923892064,8.53738747526464e-06,1.22785028584752,1.4403251225726044,0.14751866324845964,0.0056699120374850975,0.0,0.0,0.01140681682266393,0.0,0.0,-0.060803000531996776
1822,61.15,0.0024590163934425997,1.0,0.31922263167961995,0.2015041731316532,0.2015041731316532,0.2015041731316532,0.21922263167961992,0.2015041731316532,-0.01771845854796672,0.0,0.21922263167961992,0,0,0.0005390720451138144,1.771845854796672e-05,1.2284904299978123,1.4403251225726044,0.14707421904606388,0.0,0.0,0.0,0.007414430934731555,0.0,0.0,-0.05830335014753011
1823,60.6,-0.008994276369582947,1.0,0.30150417313165323,0.20289305448715989,0.20289305448715989,0.20289305448715989,0.2015041731316532,0.20289305448715989,0.0013888813555066881,0.0,0.2015041731316532,0,0,-0.0018123842227703792,1.388881355506688e-06,1.2262622270972063,1.4403251225726044,0.14862123288737364,0.0015470138413097578,0.0,0.0,0.004819380107575511,0.0,0.0,-0.05102715703336002
1824,59.1,-0.02475247524752475,1.0,0.30289305448715986,0.19805865213464882,0.19805865213464882,0.19805865213464882,0.20289305448715989,0.19805865213464882,-0.0048344023525110635,0.0013888813555066881,0.2015041731316532,0,0,-0.005022105309088115,4.834402352511064e-06,1.2200978808111718,1.4403251225726044,0.15290106262124947,0.004279829733875834,0.0,0.0,0.003132597069924082,0.0,0.0,-0.05736576244246038
1825,59.67,0.009644670050761426,1.0,0.2980586521346488,0.1846841614714068,0.1846841614714068,0.1846841614714068,0.19805865213464882,0.1846841614714068,-0.013374490663242034,0.0,0.19805865213464882,0,0,0.001910210350537223,1.3374490663242034e-05,1.2224122062240508,1.4403251225726044,0.15129425497996823,0.0,0.0,0.0,0.0020361880954506534,0.0,0.0,-0.05474687463588458
1826,60.46,0.013239483827719107,1.0,0.2846841614714068,0.1897054336985121,0.1897054336985121,0.1897054336985121,0.1846841614714068,0.1897054336985121,0.0050212722271053,0.0,0.1846841614714068,0,0,0.0024451229690365542,5.0212722271053004e-06,1.2253950163226586,1.4403251225726044,0.149223326651453,0.0,0.0,0.0,0.0013235222620429248,0.0,0.0,-0.04497460627315851
1827,63.0,0.0420112471055243,1.0,0.2897054336985121,0.1961771011371767,0.1961771011371767,0.1961771011371767,0.1897054336985121,0.1961771011371767,0.006471667438664619,0.0050212722271053,0.1846841614714068,0,0,0.007969761852368848,6.471667438664619e-06,1.2351531924288033,1.4403251225726044,0.14244834511900886,0.0,0.0,0.0,0.0008602894703279012,0.0,0.0,-0.03872891194409688
1828,60.9,-0.033333333333333354,1.0,0.2961771011371767,0.21734890379177446,0.21734890379177446,0.21734890379177446,0.1961771011371767,0.21734890379177446,0.021171802654597754,0.006471667438664619,0.1897054336985121,0,0,-0.006539236704572561,2.1171802654597756e-05,1.2270500829174646,1.4403251225726044,0.1480742342910768,0.005625889172067938,0.11537488765538123,0.025076605356996243,0.00933600003066182,0.0,0.0,-0.047501743066929746
1829,59.67,-0.02019704433497532,1.0,0.3173489037917745,0.19976800158807673,0.19976800158807673,0.19976800158807673,0.21734890379177446,0.19976800158807673,-0.017580902203697735,0.021171802654597754,0.1961771011371767,0,0,-0.004389805446040754,1.7580902203697734e-05,1.221641999133402,1.4403251225726044,0.15182900028058,0.003754765989503195,0.0,0.0,0.006068400019930184,0.0,0.0,-0.06316345415952852
1830,61.56,0.031674208144796386,1.0,0.2997680015880767,0.18803436160290043,0.18803436160290043,0.18803436160290043,0.19976800158807673,0.18803436160290043,-0.011733639985176292,0.0,0.19976800158807673,0,0,0.006327493262970757,1.1733639985176292e-05,1.229357596345272,1.4403251225726044,0.1464721561271648,0.0,0.0,0.0,0.0039444600129546195,0.0,0.0,-0.04950052164527498
1831,62.75,0.019330734243014906,1.0,0.2880343616029004,0.20477451235237457,0.20477451235237457,0.20477451235237457,0.18803436160290043,0.20477451235237457,0.01674015074947413,0.0,0.18803436160290043,0,0,0.0036348422727006348,1.674015074947413e-05,1.2338055376732457,1.4403251225726044,0.14338400522410405,0.0,0.07756025073524969,0.015882362522238656,0.008122725891204031,0.0,0.0,-0.039047442023106824
1832,60.11,-0.042071713147410365,1.0,0.30477451235237457,0.214424970002677,0.214424970002677,0.214424970002677,0.20477451235237457,0.214424970002677,0.009650457650302424,0.01674015074947413,0.18803436160290043,0,0,-0.008615214543589943,9.650457650302424e-06,1.2231641314730313,1.4403251225726044,0.15077220253694934,0.0073881973128452905,0.1237824063645034,0.026542038771567814,0.014569485399331355,0.0,0.0,-0.05541173160066291
1833,59.26,-0.014140741973049433,1.0,0.314424970002677,0.19133687801857438,0.19133687801857438,0.19133687801857438,0.214424970002677,0.19133687801857438,-0.02308809198410261,0.009650457650302424,0.20477451235237457,0,0,-0.00303212817338672,2.308809198410261e-05,1.2194271005233366,1.4403251225726044,0.15336677711676358,0.0025945745798142406,0.0,0.0,0.00947016550956538,0.0,0.0,-0.06458723433308929
