step,close,price_return,action_delta,raw_target,risk_cap,shielded_target,target_position,prev_position,position,executed_trade,locked_position,sellable_position,limit_up,limit_down,pnl,cost,equity,max_equity,drawdown,dd_increase,signal,desired_pos_raw,desired_pos,part_gap,part_pen,reward
1,14.17,-0.008397480755773214,0.0,0.0,0.8,0.0,0.0,0.0,0.0,0.0,0.0,0.0,0,0,-0.0,0.0,1.0,1.0,0.0,0.0,0.0,0.0,0.0,0.0,0.0,-5e-05
2,13.47,-0.04940014114326036,0.0,0.0,0.8,0.0,0.0,0.0,0.0,0.0,0.0,0.0,0,0,-0.0,0.0,1.0,1.0,0.0,0.0,0.0,0.0,0.0,0.0,0.0,-5e-05
3,14.78,0.09725315515961386,0.0,0.0,0.8,0.0,0.0,0.0,0.0,0.0,0.0,0.0,0,0,0.0,0.0,1.0,1.0,0.0,0.0,0.0,0.0,0.0,0.0,0.0,-5e-05
4,14.44,-0.0230040595399188,0.0,0.0,0.8,0.0,0.0,0.0,0.0,0.0,0.0,0.0,0,0,-0.0,0.0,1.0,1.0,0.0,0.0,0.14963265185447233,0.11970612148357787,0.034999999999999996,0.034999999999999996,0.00039287402561126374,-0.003525306653813394
5,14.66,0.015235457063711957,0.0,0.0,0.8,0.0,0.0,0.0,0.0,0.0,0.0,0.0,0,0,0.0,0.0,1.0,1.0,0.0,0.0,0.02064851611415025,0.016518812891320202,0.02853158451196207,0.02853158451196207,0.0002891612456455182,-0.0007645206775970133
6,14.51,-0.010231923601637131,0.0,0.0,0.8,0.0,0.0,0.0,0.0,0.0,0.0,0.0,0,0,-0.0,0.0,1.0,1.0,0.0,0.0,0.06011938610801598,0.048095508886412786,0.03537895804301982,0.03537895804301982,0.0003992719563215461,-0.0016877313101466753
7,14.03,-0.033080634045485904,0.0,0.0,0.8,0.0,0.0,0.0,0.0,0.0,0.0,0.0,0,0,-0.0,0.0,1.0,1.0,0.0,0.0,0.05251419962927925,0.0420113597034234,0.03770029862416108,0.03770029862416108,0.00043920617333648127,-0.0015709986856996339
8,13.75,-0.0199572344975053,0.0,0.0,0.8,0.0,0.0,0.0,0.0,0.0,0.0,0.0,0,0,-0.0,0.0,1.0,1.0,0.0,0.0,0.06746873133578983,0.05397498506863187,0.04339643887972585,0.04339643887972585,0.0005424158722234701,-0.0019822717377407408
9,14.12,0.02690909090909085,0.0,0.0,0.8,0.0,0.0,0.0,0.0,0.0,0.0,0.0,0,0,0.0,0.0,1.0,1.0,0.0,0.0,0.0,0.0,0.028207685271821804,0.028207685271821804,0.00028425127696119623,-0.00033425127696119625
10,14.07,-0.0035410764872520492,0.0,0.0,0.8,0.0,0.0,0.0,0.0,0.0,0.0,0.0,0,0,-0.0,0.0,1.0,1.0,0.0,0.0,0.0,0.0,0.018334995426684174,0.018334995426684174,0.0001489609589093705,-0.0001989609589093705
11,14.88,0.05756929637526656,0.0,0.0,0.8,0.0,0.0,0.0,0.0,0.0,0.0,0.0,0,0,0.0,0.0,1.0,1.0,0.0,0.0,0.0,0.0,0.011917747027344713,0.011917747027344713,7.806250693546851e-05,-0.0001280625069354685
12,14.53,-0.02352150537634418,0.0,0.0,0.8,0.0,0.0,0.0,0.0,0.0,0.0,0.0,0,0,-0.0,0.0,1.0,1.0,0.0,0.0,0.13011945061025793,0.10409556048820634,0.044179981738646276,0.044179981738646276,0.000557172340054646,-0.003287633022625959
13,14.58,0.0034411562284928227,0.0,0.0,0.8,0.0,0.0,0.0,0.0,0.0,0.0,0.0,0,0,0.0,0.0,1.0,1.0,0.0,0.0,0.12613050327533962,0.1009044026202717,0.06403352904721518,0.06403352904721518,0.000972215199910244,-0.0036205035673822403
14,14.11,-0.032235939643347096,0.0,0.0,0.8,0.0,0.0,0.0,0.0,0.0,0.0,0.0,0,0,-0.0,0.0,1.0,1.0,0.0,0.0,0.2002965475961918,0.16023723807695345,0.09770482720762358,0.09770482720762358,0.0018324210913519773,-0.006008529971833528
15,13.96,-0.010630758327427256,0.0,0.0,0.8,0.0,0.0,0.0,0.0,0.0,0.0,0.0,0,0,-0.0,0.0,1.0,1.0,0.0,0.0,0.0,0.0,0.06350813768495533,0.06350813768495533,0.0009602743242233809,-0.0010102743242233808
16,13.99,0.002148997134670441,0.0,0.0,0.8,0.0,0.0,0.0,0.0,0.0,0.0,0.0,0,0,0.0,0.0,1.0,1.0,0.0,0.0,0.0,0.0,0.041280289495220966,0.041280289495220966,0.0005032286422125368,-0.0005532286422125368
17,13.8,-0.013581129378127199,0.0,0.0,0.8,0.0,0.0,0.0,0.0,0.0,0.0,0.0,0,0,-0.0,0.0,1.0,1.0,0.0,0.0,0.0,0.0,0.026832188171893628,0.026832188171893628,0.00026371533628984594,-0.00031371533628984596
18,13.06,-0.05362318840579711,0.0,0.0,0.8,0.0,0.0,0.0,0.0,0.0,0.0,0.0,0,0,-0.0,0.0,1.0,1.0,0.0,0.0,0.0,0.0,0.017440922311730857,0.017440922311730857,0.00013819916586761794,-0.00018819916586761793
19,12.63,-0.03292496171516077,0.0,0.0,0.8,0.0,0.0,0.0,0.0,0.0,0.0,0.0,0,0,-0.0,0.0,1.0,1.0,0.0,0.0,0.0,0.0,0.011336599502625057,0.011336599502625057,7.242282422859894e-05,-0.00012242282422859893
20,11.96,-0.05304829770387964,0.0,0.0,0.8,0.0,0.0,0.0,0.0,0.0,0.0,0.0,0,0,-0.0,0.0,1.0,1.0,0.0,0.0,0.0,0.0,0.007368789676706287,0.007368789676706287,3.795294592639457e-05,-8.795294592639457e-05
21,12.37,0.03428093645484936,0.0,0.0,0.8,0.0,0.0,0.0,0.0,0.0,0.0,0.0,0,0,0.0,0.0,1.0,1.0,0.0,0.0,0.0,0.0,0.0047897132898590865,0.0047897132898590865,1.988911810377898e-05,-6.988911810377899e-05
22,11.83,-0.043654001616814805,0.0,0.0,0.8,0.0,0.0,0.0,0.0,0.0,0.0,0.0,0,0,-0.0,0.0,1.0,1.0,0.0,0.0,0.0,0.0,0.0031133136384084064,0.0031133136384084064,1.0422827775036109e-05,-6.042282777503611e-05
23,12.24,0.03465765004226544,0.0,0.0,0.8,0.0,0.0,0.0,0.0,0.0,0.0,0.0,0,0,0.0,0.0,1.0,1.0,0.0,0.0,0.0,0.0,0.002023653864965464,0.002023653864965464,5.462049059250302e-06,-5.5462049059250306e-05
24,12.29,0.0040849673202613505,0.0,0.0,0.8,0.0,0.0,0.0,0.0,0.0,0.0,0.0,0,0,0.0,0.0,1.0,1.0,0.0,0.0,0.0,0.0,0.0013153750122275518,0.0013153750122275518,2.8623690777192918e-06,-5.28623690777193e-05
25,12.54,0.020341741253051264,0.0,0.0,0.8,0.0,0.0,0.0,0.0,0.0,0.0,0.0,0,0,0.0,0.0,1.0,1.0,0.0,0.0,0.0,0.0,0.0008549937579479087,0.0008549937579479087,1.5000152228966146e-06,-5.150001522289662e-05
26,12.33,-0.016746411483253516,0.0,0.0,0.8,0.0,0.0,0.0,0.0,0.0,0.0,0.0,0,0,-0.0,0.0,1.0,1.0,0.0,0.0,0.040151942738662,0.0321215541909296,0.011798289909491501,0.011798289909491501,7.689176777941052e-05,-0.0009540217881958478
27,11.88,-0.036496350364963445,0.0,0.0,0.8,0.0,0.0,0.0,0.0,0.0,0.0,0.0,0,0,-0.0,0.0,1.0,1.0,0.0,0.0,0.0,0.0,0.007668888441169476,0.007668888441169476,4.0294881286395135e-05,-9.029488128639514e-05
28,11.71,-0.014309764309764304,0.0,0.0,0.8,0.0,0.0,0.0,0.0,0.0,0.0,0.0,0,0,-0.0,0.0,1.0,1.0,0.0,0.0,0.0,0.0,0.00498477748676016,0.00498477748676016,2.1116401726420615e-05,-7.111640172642062e-05
29,11.45,-0.022203245089667083,0.0,0.0,0.8,0.0,0.0,0.0,0.0,0.0,0.0,0.0,0,0,-0.0,0.0,1.0,1.0,0.0,0.0,0.0,0.0,0.0032401053663941044,0.0032401053663941044,1.1065981773276268e-05,-6.106598177327627e-05
30,11.74,0.02532751091703065,0.0,0.0,0.8,0.0,0.0,0.0,0.0,0.0,0.0,0.0,0,0,0.0,0.0,1.0,1.0,0.0,0.0,0.0,0.0,0.002106068488156168,0.002106068488156168,5.799091824118263e-06,-5.579909182411827e-05
31,11.84,0.008517887563884127,0.0,0.0,0.8,0.0,0.0,0.0,0.0,0.0,0.0,0.0,0,0,0.0,0.0,1.0,1.0,0.0,0.0,0.0,0.0,0.0013689445173015091,0.0013689445173015091,3.038995244485995e-06,-5.3038995244485995e-05
32,11.56,-0.023648648648648594,0.0,0.0,0.8,0.0,0.0,0.0,0.0,0.0,0.0,0.0,0,0,-0.0,0.0,1.0,1.0,0.0,0.0,0.0,0.0,0.000889813936245981,0.000889813936245981,1.592575592198478e-06,-5.159257559219848e-05
33,11.95,0.03373702422145318,0.0,0.0,0.8,0.0,0.0,0.0,0.0,0.0,0.0,0.0,0,0,0.0,0.0,1.0,1.0,0.0,0.0,0.0,0.0,0.0005783790585598877,0.0005783790585598877,8.345840690169666e-07,-5.083458406901697e-05
34,11.81,-0.011715481171548017,0.0,0.0,0.8,0.0,0.0,0.0,0.0,0.0,0.0,0.0,0,0,-0.0,0.0,1.0,1.0,0.0,0.0,0.0,0.0,0.000375946388063927,0.000375946388063927,4.373610720075071e-07,-5.043736107200751e-05
35,12.13,0.02709568162574092,0.0,0.0,0.8,0.0,0.0,0.0,0.0,0.0,0.0,0.0,0,0,0.0,0.0,1.0,1.0,0.0,0.0,0.028349127151909806,0.022679301721527847,0.008182120754776298,0.008182120754776298,4.440686123025174e-05,-0.0006783988805595938
36,12.14,0.0008244023083264457,0.0,0.0,0.8,0.0,0.0,0.0,0.0,0.0,0.0,0.0,0,0,0.0,0.0,1.0,1.0,0.0,0.0,0.08300455534330509,0.06640364427464407,0.028559653986730018,0.028559653986730018,0.000289588067379375,-0.00204948190745146
37,11.93,-0.01729818780889628,0.0,0.0,0.8,0.0,0.0,0.0,0.0,0.0,0.0,0.0,0,0,-0.0,0.0,1.0,1.0,0.0,0.0,0.07259682219303591,0.058077457754428734,0.03889088530542457,0.03889088530542457,0.0004601749720187872,-0.002005669509195327
38,11.62,-0.025984911986588474,0.0,0.0,0.8,0.0,0.0,0.0,0.0,0.0,0.0,0.0,0,0,-0.0,0.0,1.0,1.0,0.0,0.0,0.07752735745238137,0.0620218859619051,0.04698673553519275,0.04698673553519275,0.0006111026397521138,-0.00225816620327117
39,11.61,-0.0008605851979345772,0.0,0.0,0.8,0.0,0.0,0.0,0.0,0.0,0.0,0.0,0,0,-0.0,0.0,1.0,1.0,0.0,0.0,0.0,0.0,0.030541378097875292,0.030541378097875292,0.00032024635450256657,-0.0003702463545025666
40,11.52,-0.007751937984496112,0.0,0.0,0.8,0.0,0.0,0.0,0.0,0.0,0.0,0.0,0,0,-0.0,0.0,1.0,1.0,0.0,0.0,0.0,0.0,0.01985189576361894,0.01985189576361894,0.00016782406244192428,-0.00021782406244192428
41,11.75,0.019965277777777814,0.0,0.0,0.8,0.0,0.0,0.0,0.0,0.0,0.0,0.0,0,0,0.0,0.0,1.0,1.0,0.0,0.0,0.0,0.0,0.012903732246352311,0.012903732246352311,8.794765510526733e-05,-0.00013794765510526734
42,11.45,-0.025531914893617082,0.0,0.0,0.8,0.0,0.0,0.0,0.0,0.0,0.0,0.0,0,0,-0.0,0.0,1.0,1.0,0.0,0.0,0.0,0.0,0.008387425960129003,0.008387425960129003,4.608868314811347e-05,-9.608868314811347e-05
43,11.85,0.03493449781659392,0.0,0.0,0.8,0.0,0.0,0.0,0.0,0.0,0.0,0.0,0,0,0.0,0.0,1.0,1.0,0.0,0.0,0.0,0.0,0.005451826874083852,0.005451826874083852,2.415262478328405e-05,-7.415262478328405e-05
44,11.71,-0.01181434599156108,0.0,0.0,0.8,0.0,0.0,0.0,0.0,0.0,0.0,0.0,0,0,-0.0,0.0,1.0,1.0,0.0,0.0,0.05847013306329877,0.04677610645063902,0.01991532472587816,0.01991532472587816,0.00016862902872586208,-0.0014231137698298168
45,11.45,-0.022203245089667083,0.0,0.0,0.8,0.0,0.0,0.0,0.0,0.0,0.0,0.0,0,0,-0.0,0.0,1.0,1.0,0.0,0.0,0.011107714257917676,0.008886171406334142,0.016055121064037756,0.016055121064037756,0.0001220595114871567,-0.00040087842520026087
46,11.51,0.005240174672489127,0.0,0.0,0.8,0.0,0.0,0.0,0.0,0.0,0.0,0.0,0,0,0.0,0.0,1.0,1.0,0.0,0.0,0.0,0.0,0.010435828691624542,0.010435828691624542,6.396489074565622e-05,-0.00011396489074565623
47,11.54,0.002606429192006895,0.0,0.0,0.8,0.0,0.0,0.0,0.0,0.0,0.0,0.0,0,0,0.0,0.0,1.0,1.0,0.0,0.0,0.0,0.0,0.006783288649555953,0.006783288649555953,3.352059334216041e-05,-8.352059334216041e-05
48,11.61,0.0060658578856152764,0.0,0.0,0.8,0.0,0.0,0.0,0.0,0.0,0.0,0.0,0,0,0.0,0.0,1.0,1.0,0.0,0.0,0.0013599763801278066,0.0010879811041022453,0.004789931008647156,0.004789931008647156,1.989047422374957e-05,-9.790598765438238e-05
49,11.42,-0.016365202411714,0.0,0.0,0.8,0.0,0.0,0.0,0.0,0.0,0.0,0.0,0,0,-0.0,0.0,1.0,1.0,0.0,0.0,0.0,0.0,0.0031134551556206516,0.0031134551556206516,1.0423538445304243e-05,-6.042353844530425e-05
50,10.99,-0.03765323992994744,0.0,0.0,0.8,0.0,0.0,0.0,0.0,0.0,0.0,0.0,0,0,-0.0,0.0,1.0,1.0,0.0,0.0,0.0,0.0,0.0020237458511534238,0.0020237458511534238,5.462421483697228e-06,-5.546242148369723e-05
51,11.13,0.012738853503184764,0.0,0.0,0.8,0.0,0.0,0.0,0.0,0.0,0.0,0.0,0,0,0.0,0.0,1.0,1.0,0.0,0.0,0.0,0.0,0.0013154348032497255,0.0013154348032497255,2.8625642455416785e-06,-5.2862564245541684e-05
52,11.24,0.009883198562443794,0.0,0.0,0.8,0.0,0.0,0.0,0.0,0.0,0.0,0.0,0,0,0.0,0.0,1.0,1.0,0.0,0.0,0.0,0.0,0.0008550326221123217,0.0008550326221123217,1.5001174999603514e-06,-5.1500117499960355e-05
53,11.09,-0.013345195729537398,0.0,0.0,0.8,0.0,0.0,0.0,0.0,0.0,0.0,0.0,0,0,-0.0,0.0,1.0,1.0,0.0,0.0,0.0,0.0,0.0005557712043730091,0.0005557712043730091,7.861317059318836e-07,-5.0786131705931884e-05
54,11.27,0.016230838593327298,0.0,0.0,0.8,0.0,0.0,0.0,0.0,0.0,0.0,0.0,0,0,0.0,0.0,1.0,1.0,0.0,0.0,0.0,0.0,0.00036125128284245593,0.00036125128284245593,4.119697684266116e-07,-5.0411969768426616e-05
55,11.25,-0.0017746228926352773,0.0,0.0,0.8,0.0,0.0,0.0,0.0,0.0,0.0,0.0,0,0,-0.0,0.0,1.0,1.0,0.0,0.0,0.0,0.0,0.00023481333384759635,0.00023481333384759635,2.1589141974154357e-07,-5.021589141974154e-05
56,11.37,0.010666666666666597,0.0,0.0,0.8,0.0,0.0,0.0,0.0,0.0,0.0,0.0,0,0,0.0,0.0,1.0,1.0,0.0,0.0,0.03743017932893328,0.029944143463146625,0.010633078879102255,0.010633078879102255,6.57869578150921e-05,-0.0008868486519911176
57,11.02,-0.030782761653474027,0.0,0.0,0.8,0.0,0.0,0.0,0.0,0.0,0.0,0.0,0,0,-0.0,0.0,1.0,1.0,0.0,0.0,0.05184006941528299,0.041472055532226396,0.021426720707695704,0.021426720707695704,0.0001881849177077939,-0.0013060903476626237
58,11.06,0.003629764065335837,0.0,0.0,0.8,0.0,0.0,0.0,0.0,0.0,0.0,0.0,0,0,0.0,0.0,1.0,1.0,0.0,0.0,0.0,0.0,0.013927368460002207,0.013927368460002207,9.861769520866811e-05,-0.00014861769520866812
59,10.54,-0.04701627486437625,0.0,0.0,0.8,0.0,0.0,0.0,0.0,0.0,0.0,0.0,0,0,-0.0,0.0,1.0,1.0,0.0,0.0,0.0,0.0,0.009052789499001434,0.009052789499001434,5.168028302550289e-05,-0.0001016802830255029
60,10.55,0.0009487666034157081,0.0,0.0,0.8,0.0,0.0,0.0,0.0,0.0,0.0,0.0,0,0,0.0,0.0,1.0,1.0,0.0,0.0,0.0,0.0,0.0058843131743509325,0.0058843131743509325,2.708288454668048e-05,-7.708288454668048e-05
61,10.53,-0.0018957345971565259,0.0,0.0,0.8,0.0,0.0,0.0,0.0,0.0,0.0,0.0,0,0,-0.0,0.0,1.0,1.0,0.0,0.0,0.0,0.0,0.0038248035633281063,0.0038248035633281063,1.4192697725878732e-05,-6.419269772587874e-05
62,9.16,-0.1301044634377967,0.0,0.0,0.8,0.0,0.0,0.0,0.0,0.0,0.0,0.0,0,1,-0.0,0.0,1.0,1.0,0.0,0.0,0.0,0.0,0.002486122316163269,0.002486122316163269,7.437637168632127e-06,-5.743763716863213e-05
63,8.78,-0.04148471615720532,0.0,0.0,0.8,0.0,0.0,0.0,0.0,0.0,0.0,0.0,0,0,-0.0,0.0,1.0,1.0,0.0,0.0,0.0,0.0,0.001615979505506125,0.001615979505506125,3.897669612969447e-06,-5.389766961296945e-05
64,8.71,-0.007972665148063612,0.0,0.0,0.8,0.0,0.0,0.0,0.0,0.0,0.0,0.0,0,0,-0.0,0.0,1.0,1.0,0.0,0.0,0.0,0.0,0.0010503866785789814,0.0010503866785789814,2.0425611074355983e-06,-5.20425611074356e-05
65,8.39,-0.03673938002296214,0.0,0.0,0.8,0.0,0.0,0.0,0.0,0.0,0.0,0.0,0,0,-0.0,0.0,1.0,1.0,0.0,0.0,0.0,0.0,0.000682751341076338,0.000682751341076338,1.0703975174617348e-06,-5.1070397517461735e-05
66,8.58,0.02264600715137062,0.0,0.0,0.8,0.0,0.0,0.0,0.0,0.0,0.0,0.0,0,0,0.0,0.0,1.0,1.0,0.0,0.0,0.0,0.0,0.0004437883716996197,0.0004437883716996197,5.609383441295012e-07,-5.0560938344129506e-05
67,8.2,-0.04428904428904438,0.0,0.0,0.8,0.0,0.0,0.0,0.0,0.0,0.0,0.0,0,0,-0.0,0.0,1.0,1.0,0.0,0.0,0.0,0.0,0.0002884624416047528,0.0002884624416047528,2.9395791823292896e-07,-5.029395791823293e-05
68,8.43,0.028048780487804934,0.0,0.0,0.8,0.0,0.0,0.0,0.0,0.0,0.0,0.0,0,0,0.0,0.0,1.0,1.0,0.0,0.0,0.0,0.0,0.00018750058704308933,0.00018750058704308933,1.540476927565643e-07,-5.0154047692756565e-05
69,9.47,0.12336892052194555,0.0,0.0,0.8,0.0,0.0,0.0,0.0,0.0,0.0,0.0,1,0,0.0,0.0,1.0,1.0,0.0,0.0,0.0,0.0,0.00012187538157800806,0.00012187538157800806,8.072819329471812e-08,-5.008072819329472e-05
70,9.01,-0.04857444561774032,0.0,0.0,0.8,0.0,0.0,0.0,0.0,0.0,0.0,0.0,0,0,-0.0,0.0,1.0,1.0,0.0,0.0,0.14934174411289752,0.11947339529031803,0.03512187538157801,0.03512187538157801,0.00039492788263097124,-0.0035213678113566603
71,9.01,0.0,0.0,0.0,0.8,0.0,0.0,0.0,0.0,0.0,0.0,0.0,0,0,0.0,0.0,1.0,1.0,0.0,0.0,0.06530628093180985,0.05224502474544788,0.04111497765893246,0.04111497765893246,0.0005002088120268014,-0.0018955181992220843
72,8.82,-0.021087680355160877,0.0,0.0,0.8,0.0,0.0,0.0,0.0,0.0,0.0,0.0,0,0,-0.0,0.0,1.0,1.0,0.0,0.0,0.0164928705514511,0.01319429644116088,0.031342739232712406,0.031342739232712406,0.00033293286997109855,-0.0007226860033309912
73,8.91,0.010204081632653045,0.0,0.0,0.8,0.0,0.0,0.0,0.0,0.0,0.0,0.0,0,0,0.0,0.0,1.0,1.0,0.0,0.0,0.07161824008868053,0.05729459207094443,0.040425887726093616,0.040425887726093616,0.00048768634829361534,-0.0020130220941204347
74,8.89,-0.00224466891133553,0.0,0.0,0.8,0.0,0.0,0.0,0.0,0.0,0.0,0.0,0,0,-0.0,0.0,1.0,1.0,0.0,0.0,0.05102192330412181,0.04081753864329745,0.04056296554711496,0.04056296554711496,0.000490168951299966,-0.001591220571364875
75,8.92,0.003374578177727712,0.0,0.0,0.8,0.0,0.0,0.0,0.0,0.0,0.0,0.0,0,0,0.0,0.0,1.0,1.0,0.0,0.0,0.0,0.0,0.02636592760562472,0.02636592760562472,0.00025687144766357915,-0.0003068714476635792
76,9.07,0.01681614349775789,0.0,0.0,0.8,0.0,0.0,0.0,0.0,0.0,0.0,0.0,0,0,0.0,0.0,1.0,1.0,0.0,0.0,0.0,0.0,0.01713785294365607,0.01713785294365607,0.00013461264825075317,-0.00018461264825075317
77,9.17,0.011025358324145496,0.0,0.0,0.8,0.0,0.0,0.0,0.0,0.0,0.0,0.0,0,0,0.0,0.0,1.0,1.0,0.0,0.0,0.0,0.0,0.011139604413376445,0.011139604413376445,7.054332131461044e-05,-0.00012054332131461044
78,9.43,0.028353326063249706,0.0,0.0,0.8,0.0,0.0,0.0,0.0,0.0,0.0,0.0,0,0,0.0,0.0,1.0,1.0,0.0,0.0,0.11033362285413494,0.08826689828330796,0.03813415726785247,0.03813415726785247,0.0004468095842370913,-0.002769682215032271
79,9.42,-0.0010604453870625436,0.0,0.0,0.8,0.0,0.0,0.0,0.0,0.0,0.0,0.0,0,0,-0.0,0.0,1.0,1.0,0.0,0.0,0.21764356148560798,0.1741148491884864,0.07313415726785247,0.07313415726785247,0.0011866745883012276,-0.0057201319549047515
80,9.61,0.02016985138004241,0.0,0.0,0.8,0.0,0.0,0.0,0.0,0.0,0.0,0.0,0,0,0.0,0.0,1.0,1.0,0.0,0.0,0.2287979021757015,0.18303832174056123,0.10813415726785247,0.10813415726785247,0.0021335145075159507,-0.006896751292335401
81,9.35,-0.027055150884495296,0.0,0.0,0.8,0.0,0.0,0.0,0.0,0.0,0.0,0.0,0,0,-0.0,0.0,1.0,1.0,0.0,0.0,0.3126577182293165,0.2501261745834532,0.14313415726785245,0.14313415726785245,0.0032491231940862974,-0.009739872189610218
82,9.21,-0.014973262032085433,0.0,0.0,0.8,0.0,0.0,0.0,0.0,0.0,0.0,0.0,0,0,-0.0,0.0,1.0,1.0,0.0,0.0,0.15537389567887605,0.12429911654310084,0.1365418930141894,0.1365418930141894,0.003027262839191406,-0.006277965090176252
83,9.16,-0.005428881650380099,0.0,0.0,0.8,0.0,0.0,0.0,0.0,0.0,0.0,0.0,0,0,-0.0,0.0,1.0,1.0,0.0,0.0,0.053301581838208094,0.04264126547056648,0.10367667337392138,0.10367667337392138,0.0020029625581271786,-0.0031509751439942656
84,9.41,0.027292576419213975,0.0,0.0,0.8,0.0,0.0,0.0,0.0,0.0,0.0,0.0,0,0,0.0,0.0,1.0,1.0,0.0,0.0,0.0,0.0,0.0673898376930489,0.0673898376930489,0.0010496460262478277,-0.0010996460262478276
85,9.49,0.008501594048884174,0.0,0.0,0.8,0.0,0.0,0.0,0.0,0.0,0.0,0.0,0,0,0.0,0.0,1.0,1.0,0.0,0.0,0.060798201084933605,0.048638560867946885,0.0608268908042632,0.0608268908042632,0.0009001081150735842,-0.0022025510574232164
86,9.4,-0.009483667017913578,0.0,0.0,0.8,0.0,0.0,0.0,0.0,0.0,0.0,0.0,0,0,-0.0,0.0,1.0,1.0,0.0,0.0,0.030268059163807204,0.024214447331045764,0.0480125355886371,0.0480125355886371,0.0006312235792713636,-0.001304745598045792
87,9.71,0.032978723404255374,0.0,0.0,0.8,0.0,0.0,0.0,0.0,0.0,0.0,0.0,0,0,0.0,0.0,1.0,1.0,0.0,0.0,0.06212822839775492,0.049702582718203936,0.048604052083985494,0.048604052083985494,0.0006429244866308812,-0.0019727659916246327
88,9.68,-0.003089598352214329,0.0,0.0,0.8,0.0,0.0,0.0,0.0,0.0,0.0,0.0,0,0,-0.0,0.0,1.0,1.0,0.0,0.0,0.24065568539335147,0.1925245483146812,0.0836040520839855,0.0836040520839855,0.0014504148616296647,-0.006457921980732705
89,9.84,0.016528925619834725,0.0,0.0,0.8,0.0,0.0,0.0,0.0,0.0,0.0,0.0,0,0,0.0,0.0,1.0,1.0,0.0,0.0,0.23212810283603888,0.18570248226883113,0.1186040520839855,0.1186040520839855,0.0024507586303642945,-0.007282597548786696
90,9.44,-0.040650406504065074,0.0,0.0,0.8,0.0,0.0,0.0,0.0,0.0,0.0,0.0,0,0,-0.0,0.0,1.0,1.0,0.0,0.0,0.22404121131308435,0.17923296905046748,0.1398241730222542,0.1398241730222542,0.003137073105532109,-0.007802322058581646
91,9.34,-0.010593220338983014,0.0,0.0,0.8,0.0,0.0,0.0,0.0,0.0,0.0,0.0,0,0,-0.0,0.0,1.0,1.0,0.0,0.0,0.0072547487876336025,0.005803799030106882,0.09291704212500264,0.09291704212500264,0.0016993949162856052,-0.0018988427413108575
92,9.25,-0.009635974304068507,0.0,0.0,0.8,0.0,0.0,0.0,0.0,0.0,0.0,0.0,0,0,-0.0,0.0,1.0,1.0,0.0,0.0,0.0,0.0,0.06039607738125172,0.06039607738125172,0.0008905623890307811,-0.0009405623890307812
93,8.63,-0.06702702702702694,0.0,0.0,0.8,0.0,0.0,0.0,0.0,0.0,0.0,0.0,0,0,-0.0,0.0,1.0,1.0,0.0,0.0,0.0,0.0,0.03925745029781362,0.03925745029781362,0.00046669632888493443,-0.0005166963288849345
94,8.55,-0.009269988412514491,0.0,0.0,0.8,0.0,0.0,0.0,0.0,0.0,0.0,0.0,0,0,-0.0,0.0,1.0,1.0,0.0,0.0,0.0,0.0,0.025517342693578852,0.025517342693578852,0.0002445706960875783,-0.00029457069608757833
95,8.48,-0.008187134502924008,0.0,0.0,0.8,0.0,0.0,0.0,0.0,0.0,0.0,0.0,0,0,-0.0,0.0,1.0,1.0,0.0,0.0,0.0,0.0,0.016586272750826254,0.016586272750826254,0.00012816647932002514,-0.00017816647932002513
96,8.61,0.015330188679245165,0.0,0.0,0.8,0.0,0.0,0.0,0.0,0.0,0.0,0.0,0,0,0.0,0.0,1.0,1.0,0.0,0.0,0.0,0.0,0.010781077288037066,0.010781077288037066,6.716522741305121e-05,-0.00011716522741305122
97,8.28,-0.03832752613240419,0.0,0.0,0.8,0.0,0.0,0.0,0.0,0.0,0.0,0.0,0,0,-0.0,0.0,1.0,1.0,0.0,0.0,0.0,0.0,0.007007700237224093,0.007007700237224093,3.51977193832619e-05,-8.519771938326191e-05
98,8.35,0.008454106280193273,0.0,0.0,0.8,0.0,0.0,0.0,0.0,0.0,0.0,0.0,0,0,0.0,0.0,1.0,1.0,0.0,0.0,0.0,0.0,0.004555005154195661,0.004555005154195661,1.8445250578309184e-05,-6.844525057830919e-05
99,8.82,0.05628742514970068,0.0,0.0,0.8,0.0,0.0,0.0,0.0,0.0,0.0,0.0,0,0,0.0,0.0,1.0,1.0,0.0,0.0,0.0,0.0,0.0029607533502271793,0.0029607533502271793,9.6661736856283e-06,-5.9666173685628306e-05
100,8.92,0.011337868480725584,0.0,0.0,0.8,0.0,0.0,0.0,0.0,0.0,0.0,0.0,0,0,0.0,0.0,1.0,1.0,0.0,0.0,0.04278508483690763,0.034228067869526105,0.013904313431981803,0.013904313431981803,9.83729225644055e-05,-0.0010297456702047026
101,9.12,0.02242152466367705,0.0,0.0,0.8,0.0,0.0,0.0,0.0,0.0,0.0,0.0,0,0,0.0,0.0,1.0,1.0,0.0,0.0,0.12182788897272534,0.09746231117818027,0.043149612643151265,0.043149612643151265,0.0005377948046912097,-0.0030974493175293517
102,8.78,-0.037280701754385956,0.0,0.0,0.8,0.0,0.0,0.0,0.0,0.0,0.0,0.0,0,0,-0.0,0.0,1.0,1.0,0.0,0.0,0.17643957814307187,0.14115166251445752,0.07745033009810845,0.07745033009810845,0.0012932609373826674,-0.004977916247129948
103,8.74,-0.00455580865603635,0.0,0.0,0.8,0.0,0.0,0.0,0.0,0.0,0.0,0.0,0,0,-0.0,0.0,1.0,1.0,0.0,0.0,0.1269251881489547,0.10154015051916376,0.0858817672454778,0.0858817672454778,0.0015100895747087852,-0.004174748450577252
104,8.74,0.0,0.0,0.0,0.8,0.0,0.0,0.0,0.0,0.0,0.0,0.0,0,0,0.0,0.0,1.0,1.0,0.0,0.0,0.0866308332651816,0.06930466661214528,0.08007978202381141,0.08007978202381141,0.0013596764449022578,-0.0031942716101649987
105,8.82,0.009153318077803212,0.0,0.0,0.8,0.0,0.0,0.0,0.0,0.0,0.0,0.0,0,0,0.0,0.0,1.0,1.0,0.0,0.0,0.0,0.0,0.05205185831547742,0.05205185831547742,0.0007125340269509967,-0.0007625340269509967
106,8.91,0.010204081632653045,0.0,0.0,0.8,0.0,0.0,0.0,0.0,0.0,0.0,0.0,0,0,0.0,0.0,1.0,1.0,0.0,0.0,0.0,0.0,0.03383370790506032,0.03383370790506032,0.00037340114368128257,-0.0004234011436812826
107,9.06,0.016835016835016876,0.0,0.0,0.8,0.0,0.0,0.0,0.0,0.0,0.0,0.0,0,0,0.0,0.0,1.0,1.0,0.0,0.0,0.0,0.0,0.02199191013828921,0.02199191013828921,0.00019567965715141744,-0.00024567965715141743
108,8.88,-0.01986754966887414,0.0,0.0,0.8,0.0,0.0,0.0,0.0,0.0,0.0,0.0,0,0,-0.0,0.0,1.0,1.0,0.0,0.0,0.11838736184013506,0.09470988947210805,0.047443202905125804,0.047443202905125804,0.0006200293549686785,-0.0031088090088754604
109,9.1,0.024774774774774643,0.0,0.0,0.8,0.0,0.0,0.0,0.0,0.0,0.0,0.0,0,0,0.0,0.0,1.0,1.0,0.0,0.0,0.04824541633153893,0.03859633306523114,0.04434679846116267,0.04434679846116267,0.0005603310108575098,-0.0016041865872872118
110,9.05,-0.005494505494505378,0.0,0.0,0.8,0.0,0.0,0.0,0.0,0.0,0.0,0.0,0,0,-0.0,0.0,1.0,1.0,0.0,0.0,0.1649441816666783,0.13195534533334263,0.07500978986642565,0.07500978986642565,0.001232617058141067,-0.00468046720047464
111,8.75,-0.03314917127071831,0.0,0.0,0.8,0.0,0.0,0.0,0.0,0.0,0.0,0.0,0,0,-0.0,0.0,1.0,1.0,0.0,0.0,0.1163750197745808,0.09310001581966465,0.0813413689500593,0.0813413689500593,0.0013919334323980312,-0.0038392588397543957
112,8.6,-0.017142857142857182,0.0,0.0,0.8,0.0,0.0,0.0,0.0,0.0,0.0,0.0,0,0,-0.0,0.0,1.0,1.0,0.0,0.0,0.0,0.0,0.05287188981753855,0.05287188981753855,0.0007294381965303434,-0.0007794381965303435
113,8.58,-0.0023255813953487877,0.0,0.0,0.8,0.0,0.0,0.0,0.0,0.0,0.0,0.0,0,0,-0.0,0.0,1.0,1.0,0.0,0.0,0.0,0.0,0.03436672838140006,0.03436672838140006,0.00038225971887230926,-0.0004322597188723093
114,8.72,0.016317016317016382,0.0,0.0,0.8,0.0,0.0,0.0,0.0,0.0,0.0,0.0,0,0,0.0,0.0,1.0,1.0,0.0,0.0,0.0,0.0,0.022338373447910037,0.022338373447910037,0.00020032196472214556,-0.00025032196472214556
115,8.6,-0.01376146788990837,0.0,0.0,0.8,0.0,0.0,0.0,0.0,0.0,0.0,0.0,0,0,-0.0,0.0,1.0,1.0,0.0,0.0,0.0,0.0,0.014519942741141524,0.014519942741141524,0.00010497807529530795,-0.00015497807529530794
116,8.6,0.0,0.0,0.0,0.8,0.0,0.0,0.0,0.0,0.0,0.0,0.0,0,0,0.0,0.0,1.0,1.0,0.0,0.0,0.0,0.0,0.009437962781741992,0.009437962781741992,5.501341956181923e-05,-0.00010501341956181923
117,8.38,-0.025581395348837077,0.0,0.0,0.8,0.0,0.0,0.0,0.0,0.0,0.0,0.0,0,0,-0.0,0.0,1.0,1.0,0.0,0.0,0.0,0.0,0.006134675808132295,0.006134675808132295,2.882960392797395e-05,-7.882960392797396e-05
118,8.41,0.003579952267303026,0.0,0.0,0.8,0.0,0.0,0.0,0.0,0.0,0.0,0.0,0,0,0.0,0.0,1.0,1.0,0.0,0.0,0.0,0.0,0.003987539275285992,0.003987539275285992,1.5108060347164608e-05,-6.51080603471646e-05
119,8.42,0.0011890606420927215,0.0,0.0,0.8,0.0,0.0,0.0,0.0,0.0,0.0,0.0,0,0,0.0,0.0,1.0,1.0,0.0,0.0,0.0,0.0,0.002591900528935895,0.002591900528935895,7.917329978719847e-06,-5.791732997871985e-05
120,8.34,-0.009501187648456066,0.0,0.0,0.8,0.0,0.0,0.0,0.0,0.0,0.0,0.0,0,0,-0.0,0.0,1.0,1.0,0.0,0.0,0.0,0.0,0.0016847353438083318,0.0016847353438083318,4.1490510728400815e-06,-5.414905107284008e-05
121,8.47,0.015587529976019279,0.0,0.0,0.8,0.0,0.0,0.0,0.0,0.0,0.0,0.0,0,0,0.0,0.0,1.0,1.0,0.0,0.0,0.0,0.0,0.0010950779734754156,0.0010950779734754156,2.174296745405938e-06,-5.217429674540594e-05
122,8.56,0.010625737898465154,0.0,0.0,0.8,0.0,0.0,0.0,0.0,0.0,0.0,0.0,0,0,0.0,0.0,1.0,1.0,0.0,0.0,0.0,0.0,0.0007118006827590202,0.0007118006827590202,1.1394331508787073e-06,-5.113943315087871e-05
123,8.55,-0.0011682242990653955,0.0,0.0,0.8,0.0,0.0,0.0,0.0,0.0,0.0,0.0,0,0,-0.0,0.0,1.0,1.0,0.0,0.0,0.042254369242575446,0.03380349539406036,0.012293893831714487,0.012293893831714487,8.178721836814954e-05,-0.0010022272247652037
124,8.94,0.045614035087719156,0.0,0.0,0.8,0.0,0.0,0.0,0.0,0.0,0.0,0.0,0,0,0.0,0.0,1.0,1.0,0.0,0.0,0.02783463966433438,0.022267711731467507,0.015784730096628043,0.015784730096628043,0.00011898904825899895,-0.0007423826253442872
125,8.85,-0.010067114093959717,0.0,0.0,0.8,0.0,0.0,0.0,0.0,0.0,0.0,0.0,0,0,-0.0,0.0,1.0,1.0,0.0,0.0,0.22080988525600237,0.17664790820480192,0.05078473009662804,0.05078473009662804,0.000686674584487015,-0.0052853582207606645
126,8.99,0.015819209039548088,0.0,0.0,0.8,0.0,0.0,0.0,0.0,0.0,0.0,0.0,0,0,0.0,0.0,1.0,1.0,0.0,0.0,0.2034942605243404,0.16279540841947232,0.08578473009662804,0.08578473009662804,0.0015075309398854886,-0.005749512706686901
127,8.92,-0.007786429365962212,0.0,0.0,0.8,0.0,0.0,0.0,0.0,0.0,0.0,0.0,0,0,-0.0,0.0,1.0,1.0,0.0,0.0,0.227435434558463,0.1819483476467704,0.11944199623917787,0.11944199623917787,0.002476776566995845,-0.007211946518900182
128,9.1,0.020179372197309385,0.0,0.0,0.8,0.0,0.0,0.0,0.0,0.0,0.0,0.0,0,0,0.0,0.0,1.0,1.0,0.0,0.0,0.1639670528209968,0.13117364225679745,0.12354807234534472,0.12354807234534472,0.002605584793512164,-0.006033306081624699
129,8.94,-0.0175824175824176,0.0,0.0,0.8,0.0,0.0,0.0,0.0,0.0,0.0,0.0,0,0,-0.0,0.0,1.0,1.0,0.0,0.0,0.2530891488359953,0.20247131906879626,0.15117120869855277,0.15117120869855277,0.0035265892445455497,-0.008790225710567052
130,8.77,-0.019015659955257263,0.0,0.0,0.8,0.0,0.0,0.0,0.0,0.0,0.0,0.0,0,0,-0.0,0.0,1.0,1.0,0.0,0.0,0.04331064880230927,0.03464851904184742,0.11038826731870591,0.11038826731870591,0.002200572215747094,-0.003142771581074665
131,8.87,0.011402508551881374,0.0,0.0,0.8,0.0,0.0,0.0,0.0,0.0,0.0,0.0,0,0,0.0,0.0,1.0,1.0,0.0,0.0,0.0,0.0,0.07175237375715884,0.07175237375715884,0.0011532027258113386,-0.0012032027258113386
132,8.89,0.0022547914317927117,0.0,0.0,0.8,0.0,0.0,0.0,0.0,0.0,0.0,0.0,0,0,0.0,0.0,1.0,1.0,0.0,0.0,0.0,0.0,0.04663904294215325,0.04663904294215325,0.0006043321447495458,-0.0006543321447495458
133,8.7,-0.021372328458942776,0.0,0.0,0.8,0.0,0.0,0.0,0.0,0.0,0.0,0.0,0,0,-0.0,0.0,1.0,1.0,0.0,0.0,0.023501039168416928,0.018800831334733543,0.03689566887955635,0.03689566887955635,0.00042522063575135664,-0.0009593420426207453
134,8.66,-0.00459770114942519,0.0,0.0,0.8,0.0,0.0,0.0,0.0,0.0,0.0,0.0,0,0,-0.0,0.0,1.0,1.0,0.0,0.0,0.0,0.0,0.02398218477171163,0.02398218477171163,0.00022283549374598266,-0.00027283549374598266
135,8.67,0.0011547344110854256,0.0,0.0,0.8,0.0,0.0,0.0,0.0,0.0,0.0,0.0,0,0,0.0,0.0,1.0,1.0,0.0,0.0,0.0,0.0,0.015588420101612559,0.015588420101612559,0.00011677621709321631,-0.0001667762170932163
136,8.62,-0.005767012687427994,0.0,0.0,0.8,0.0,0.0,0.0,0.0,0.0,0.0,0.0,0,0,-0.0,0.0,1.0,1.0,0.0,0.0,0.0,0.0,0.010132473066048163,0.010132473066048163,6.119619746999049e-05,-0.00011119619746999048
137,8.58,-0.004640371229698278,0.0,0.0,0.8,0.0,0.0,0.0,0.0,0.0,0.0,0.0,0,0,-0.0,0.0,1.0,1.0,0.0,0.0,0.0,0.0,0.006586107492931306,0.006586107492931306,3.206966861922453e-05,-8.206966861922454e-05
138,8.38,-0.02331002331002323,0.0,0.0,0.8,0.0,0.0,0.0,0.0,0.0,0.0,0.0,0,0,-0.0,0.0,1.0,1.0,0.0,0.0,0.0,0.0,0.004280969870405349,0.004280969870405349,1.680600573019614e-05,-6.680600573019614e-05
139,8.4,0.002386634844868684,0.0,0.0,0.8,0.0,0.0,0.0,0.0,0.0,0.0,0.0,0,0,0.0,0.0,1.0,1.0,0.0,0.0,0.0,0.0,0.002782630415763477,0.002782630415763477,8.807132744554536e-06,-5.880713274455454e-05
140,8.32,-0.009523809523809532,0.0,0.0,0.8,0.0,0.0,0.0,0.0,0.0,0.0,0.0,0,0,-0.0,0.0,1.0,1.0,0.0,0.0,0.0,0.0,0.0018087097702462601,0.0018087097702462601,4.615349323655116e-06,-5.461534932365512e-05
141,8.72,0.04807692307692312,0.0,0.0,0.8,0.0,0.0,0.0,0.0,0.0,0.0,0.0,0,0,0.0,0.0,1.0,1.0,0.0,0.0,0.0,0.0,0.001175661350660069,0.001175661350660069,2.41865882997329e-06,-5.2418658829973296e-05
142,8.97,0.0286697247706422,0.0,0.0,0.8,0.0,0.0,0.0,0.0,0.0,0.0,0.0,0,0,0.0,0.0,1.0,1.0,0.0,0.0,0.034488704980577656,0.027590963984462126,0.01042101727249079,0.01042101727249079,6.382876242367153e-05,-0.0008242960850235713
143,9.36,0.04347826086956508,0.0,0.0,0.8,0.0,0.0,0.0,0.0,0.0,0.0,0.0,0,0,0.0,0.0,1.0,1.0,0.0,0.0,0.17212221715947446,0.13769777372757958,0.04542101727249079,0.04542101727249079,0.0005808132768826424,-0.004176530950367816
144,10.61,0.13354700854700854,0.0,0.0,0.8,0.0,0.0,0.0,0.0,0.0,0.0,0.0,1,0,0.0,0.0,1.0,1.0,0.0,0.0,0.40008739793223136,0.32006991834578513,0.08042101727249079,0.08042101727249079,0.0013683764581882702,-0.009660176855592235
145,10.68,0.006597549481621139,0.0,0.0,0.8,0.0,0.0,0.0,0.0,0.0,0.0,0.0,0,0,0.0,0.0,1.0,1.0,0.0,0.0,0.724180039525183,0.5793440316201464,0.1154210172724908,0.1154210172724908,0.0023527652490366955,-0.017320874063255463
146,10.37,-0.029026217228464466,0.0,0.0,0.8,0.0,0.0,0.0,0.0,0.0,0.0,0.0,0,0,-0.0,0.0,1.0,1.0,0.0,0.0,0.7280255085901117,0.5824204068720894,0.1504210172724908,0.1504210172724908,0.003500370640354481,-0.01854769611731078
147,10.77,0.03857280617164902,0.0,0.0,0.8,0.0,0.0,0.0,0.0,0.0,0.0,0.0,0,0,0.0,0.0,1.0,1.0,0.0,0.0,0.6159328300958568,0.4927462640766854,0.18542101727249077,0.18542101727249077,0.004790597566031472,-0.01752881386600612
148,10.74,-0.0027855153203342024,0.0,0.0,0.8,0.0,0.0,0.0,0.0,0.0,0.0,0.0,0,0,-0.0,0.0,1.0,1.0,0.0,0.0,0.665122318258519,0.5320978546068152,0.2204210172724908,0.2204210172724908,0.0062091300176842674,-0.019960649773809756
149,10.68,-0.005586592178770996,0.0,0.0,0.8,0.0,0.0,0.0,0.0,0.0,0.0,0.0,0,0,-0.0,0.0,1.0,1.0,0.0,0.0,0.5861251531818678,0.46890012254549424,0.2554210172724908,0.2554210172724908,0.0077452634706883326,-0.01986944162623481
150,10.5,-0.016853932584269638,0.0,0.0,0.8,0.0,0.0,0.0,0.0,0.0,0.0,0.0,0,0,-0.0,0.0,1.0,1.0,0.0,0.0,0.23057248736973693,0.18445798989578954,0.23058395769064532,0.23058395769064532,0.006643468558295102,-0.011443261798111684
151,10.91,0.03904761904761906,0.0,0.0,0.8,0.0,0.0,0.0,0.0,0.0,0.0,0.0,0,0,0.0,0.0,1.0,1.0,0.0,0.0,0.12229578698380239,0.09783662958704192,0.18412239285438414,0.18412239285438414,0.00474035826553654,-0.007309651477402869
152,11.98,0.09807516040329975,0.0,0.0,0.8,0.0,0.0,0.0,0.0,0.0,0.0,0.0,0,0,0.0,0.0,1.0,1.0,0.0,0.0,0.3638390699136264,0.29107125593090116,0.21912239285438412,0.21912239285438412,0.006154338692431903,-0.013699423532652608
153,11.92,-0.005008347245409057,0.0,0.0,0.8,0.0,0.0,0.0,0.0,0.0,0.0,0.0,0,0,-0.0,0.0,1.0,1.0,0.0,0.0,0.6058855212318321,0.48470841698546574,0.2541223928543841,0.2541223928543841,0.007686270325171712,-0.020217512062547453
154,11.75,-0.014261744966442946,0.0,0.0,0.8,0.0,0.0,0.0,0.0,0.0,0.0,0.0,0,0,-0.0,0.0,1.0,1.0,0.0,0.0,0.5754155735554025,0.46033245884432206,0.28912239285438407,0.28912239285438407,0.009327684428463103,-0.021231245243704393
155,11.91,0.013617021276595757,0.0,0.0,0.8,0.0,0.0,0.0,0.0,0.0,0.0,0.0,0,0,0.0,0.0,1.0,1.0,0.0,0.0,0.5169142071895457,0.4135313657516366,0.3241223928543841,0.3241223928543841,0.011071712631625603,-0.021770145299730245
156,11.9,-0.000839630562552459,0.0,0.0,0.8,0.0,0.0,0.0,0.0,0.0,0.0,0.0,0,0,-0.0,0.0,1.0,1.0,0.0,0.0,0.5780730512720683,0.46245844101765465,0.35912239285438413,0.35912239285438413,0.01291263810816867,-0.024870942964373276
157,12.13,0.01932773109243701,0.0,0.0,0.8,0.0,0.0,0.0,0.0,0.0,0.0,0.0,0,0,0.0,0.0,1.0,1.0,0.0,0.0,0.4694113456171713,0.37552907649373707,0.3648647321281577,0.3648647321281577,0.013223581006950669,-0.022943454726664397
158,12.27,0.011541632316570386,0.0,0.0,0.8,0.0,0.0,0.0,0.0,0.0,0.0,0.0,0,0,0.0,0.0,1.0,1.0,0.0,0.0,0.26153260835802855,0.20922608668642284,0.3103912062235505,0.3103912062235505,0.010375651194815979,-0.015813222926991367
159,13.54,0.10350448247758758,0.0,0.0,0.8,0.0,0.0,0.0,0.0,0.0,0.0,0.0,1,0,0.0,0.0,1.0,1.0,0.0,0.0,0.30146403647165465,0.24117122917732373,0.28616421425737115,0.28616421425737115,0.009184895821891186,-0.015445054973207271
160,14.01,0.03471196454948306,0.0,0.0,0.8,0.0,0.0,0.0,0.0,0.0,0.0,0.0,0,0,0.0,0.0,1.0,1.0,0.0,0.0,0.6718680110886177,0.5374944088708942,0.32116421425737113,0.32116421425737113,0.010920486150202323,-0.02481096717862785
161,12.64,-0.09778729478943607,0.0,0.0,0.8,0.0,0.0,0.0,0.0,0.0,0.0,0.0,0,0,-0.0,0.0,1.0,1.0,0.0,0.0,0.7122001892860828,0.5697601514288663,0.3561642142573711,0.3561642142573711,0.01275342030060083,-0.02747474419989414
162,13.14,0.03955696202531645,0.0,0.0,0.8,0.0,0.0,0.0,0.0,0.0,0.0,0.0,0,0,0.0,0.0,1.0,1.0,0.0,0.0,0.33832233354135,0.27065786683308,0.32623699265886924,0.32623699265886924,0.011180238236239605,-0.018199678307191415
163,13.0,-0.010654490106544944,0.0,0.0,0.8,0.0,0.0,0.0,0.0,0.0,0.0,0.0,0,0,-0.0,0.0,1.0,1.0,0.0,0.0,0.42132475904806344,0.33705980723845075,0.3300249777617228,0.3300249777617228,0.011375525441434008,-0.020104815477824115
164,12.14,-0.0661538461538461,0.0,0.0,0.8,0.0,0.0,0.0,0.0,0.0,0.0,0.0,0,0,-0.0,0.0,1.0,1.0,0.0,0.0,0.3227638883805122,0.2582111107044098,0.30489012429166323,0.30489012429166323,0.01010104454671442,-0.01679998064735297
165,11.55,-0.04859967051070839,0.0,0.0,0.8,0.0,0.0,0.0,0.0,0.0,0.0,0.0,0,0,-0.0,0.0,1.0,1.0,0.0,0.0,0.0,0.0,0.19817858078958112,0.19817858078958112,0.005293419603072715,-0.0053434196030727145
166,11.68,0.011255411255411168,0.0,0.0,0.8,0.0,0.0,0.0,0.0,0.0,0.0,0.0,0,0,0.0,0.0,1.0,1.0,0.0,0.0,0.0,0.0,0.12881607751322774,0.12881607751322774,0.0027739993586414482,-0.0028239993586414484
167,12.01,0.028253424657534252,0.0,0.0,0.8,0.0,0.0,0.0,0.0,0.0,0.0,0.0,0,0,0.0,0.0,1.0,1.0,0.0,0.0,0.0,0.0,0.08373045038359804,0.08373045038359804,0.0014537053584938449,-0.0015037053584938448
168,12.08,0.005828476269775211,0.0,0.0,0.8,0.0,0.0,0.0,0.0,0.0,0.0,0.0,0,0,0.0,0.0,1.0,1.0,0.0,0.0,0.0,0.0,0.05442479274933873,0.05442479274933873,0.000761809573866908,-0.000811809573866908
169,11.88,-0.01655629139072842,0.0,0.0,0.8,0.0,0.0,0.0,0.0,0.0,0.0,0.0,0,0,-0.0,0.0,1.0,1.0,0.0,0.0,0.0,0.0,0.03537611528707017,0.03537611528707017,0.00039922383407637213,-0.00044922383407637216
170,12.12,0.02020202020202007,0.0,0.0,0.8,0.0,0.0,0.0,0.0,0.0,0.0,0.0,0,0,0.0,0.0,1.0,1.0,0.0,0.0,0.0,0.0,0.022994474936595614,0.022994474936595614,0.00020921195422319962,-0.0002592119542231996
171,11.91,-0.017326732673267252,0.0,0.0,0.8,0.0,0.0,0.0,0.0,0.0,0.0,0.0,0,0,-0.0,0.0,1.0,1.0,0.0,0.0,0.13062637165508115,0.10450109732406493,0.05152179277220987,0.05152179277220987,0.000701677741485015,-0.003442580997579687
172,11.49,-0.035264483627204024,0.0,0.0,0.8,0.0,0.0,0.0,0.0,0.0,0.0,0.0,0,0,-0.0,0.0,1.0,1.0,0.0,0.0,0.013964290090360945,0.011171432072288757,0.03739916652723748,0.03739916652723748,0.0004339544396987888,-0.0007716188155602243
173,11.06,-0.03742384682332461,0.0,0.0,0.8,0.0,0.0,0.0,0.0,0.0,0.0,0.0,0,0,-0.0,0.0,1.0,1.0,0.0,0.0,0.0,0.0,0.024309458242704363,0.024309458242704363,0.0002274124153515575,-0.0002774124153515575
174,11.07,0.0009041591320072139,0.0,0.0,0.8,0.0,0.0,0.0,0.0,0.0,0.0,0.0,0,0,0.0,0.0,1.0,1.0,0.0,0.0,0.0,0.0,0.015801147857757835,0.015801147857757835,0.00011917473800227987,-0.00016917473800227988
175,11.12,0.004516711833784908,0.0,0.0,0.8,0.0,0.0,0.0,0.0,0.0,0.0,0.0,0,0,0.0,0.0,1.0,1.0,0.0,0.0,0.0,0.0,0.010270746107542594,0.010270746107542594,6.245313456592148e-05,-0.00011245313456592149
176,11.57,0.04046762589928067,0.0,0.0,0.8,0.0,0.0,0.0,0.0,0.0,0.0,0.0,0,0,0.0,0.0,1.0,1.0,0.0,0.0,0.0,0.0,0.006675984969902686,0.006675984969902686,3.2728362423876116e-05,-8.272836242387612e-05
177,12.38,0.07000864304235095,0.0,0.0,0.8,0.0,0.0,0.0,0.0,0.0,0.0,0.0,0,0,0.0,0.0,1.0,1.0,0.0,0.0,0.0,0.0,0.004339390230436746,0.004339390230436746,1.715119208016619e-05,-6.715119208016619e-05
178,12.83,0.036348949919224494,0.0,0.0,0.8,0.0,0.0,0.0,0.0,0.0,0.0,0.0,0,0,0.0,0.0,1.0,1.0,0.0,0.0,0.2474732673705312,0.197978613896425,0.03933939023043675,0.03933939023043675,0.00046815825572200335,-0.005616107563554947
179,12.9,0.005455962587685135,0.0,0.0,0.8,0.0,0.0,0.0,0.0,0.0,0.0,0.0,0,0,0.0,0.0,1.0,1.0,0.0,0.0,0.45396360066283464,0.36317088053026775,0.07433939023043674,0.07433939023043674,0.001216129272285197,-0.010617779445939592
180,12.66,-0.018604651162790715,0.0,0.0,0.8,0.0,0.0,0.0,0.0,0.0,0.0,0.0,0,0,-0.0,0.0,1.0,1.0,0.0,0.0,0.47328996647647864,0.3786319731811829,0.10933939023043675,0.10933939023043675,0.002169283044444531,-0.01196905635385999
181,12.44,-0.017377567140600365,0.0,0.0,0.8,0.0,0.0,0.0,0.0,0.0,0.0,0.0,0,0,-0.0,0.0,1.0,1.0,0.0,0.0,0.41437500275200656,0.33150000220160525,0.14433939023043674,0.14433939023043674,0.0032902473634086387,-0.011876372420099975
182,13.03,0.04742765273311896,0.0,0.0,0.8,0.0,0.0,0.0,0.0,0.0,0.0,0.0,0,0,0.0,0.0,1.0,1.0,0.0,0.0,0.2596336176434187,0.20770689411473497,0.16651801658994111,0.16651801658994111,0.004077022370081583,-0.009475474893536008
183,12.72,-0.02379125095932454,0.0,0.0,0.8,0.0,0.0,0.0,0.0,0.0,0.0,0.0,0,0,-0.0,0.0,1.0,1.0,0.0,0.0,0.2726354428436177,0.21810835427489417,0.18457463477967467,0.18457463477967467,0.004757833906917308,-0.010424124029495833
184,12.49,-0.018081761006289342,0.0,0.0,0.8,0.0,0.0,0.0,0.0,0.0,0.0,0.0,0,0,-0.0,0.0,1.0,1.0,0.0,0.0,0.0592414370096019,0.04739314960768152,0.13656111496947707,0.13656111496947707,0.003027902115067362,-0.004298275717465161
185,12.53,0.0032025620496396435,0.0,0.0,0.8,0.0,0.0,0.0,0.0,0.0,0.0,0.0,0,0,0.0,0.0,1.0,1.0,0.0,0.0,0.0,0.0,0.0887647247301601,0.0887647247301601,0.0015867622737389417,-0.0016367622737389416
186,12.32,-0.016759776536312776,0.0,0.0,0.8,0.0,0.0,0.0,0.0,0.0,0.0,0.0,0,0,-0.0,0.0,1.0,1.0,0.0,0.0,0.02252837668624241,0.01802270134899393,0.06400501654675195,0.06400501654675195,0.0009715659181807332,-0.0014856504779173268
187,13.1,0.06331168831168826,0.0,0.0,0.8,0.0,0.0,0.0,0.0,0.0,0.0,0.0,0,0,0.0,0.0,1.0,1.0,0.0,0.0,0.0,0.0,0.04160326075538877,0.04160326075538877,0.0005091459653693018,-0.0005591459653693018
188,14.73,0.12442748091603059,0.0,0.0,0.8,0.0,0.0,0.0,0.0,0.0,0.0,0.0,1,0,0.0,0.0,1.0,1.0,0.0,0.0,0.12688200400293023,0.1015056032023442,0.06256908061182317,0.06256908061182317,0.0009390547431787191,-0.0036028240256390817
189,16.43,0.1154107264086897,0.0,0.0,0.8,0.0,0.0,0.0,0.0,0.0,0.0,0.0,1,0,0.0,0.0,1.0,1.0,0.0,0.0,0.6335397976223356,0.5068318380978685,0.09756908061182318,0.09756908061182318,0.0018286035956311055,-0.014929523426651218
190,14.71,-0.10468654899573944,0.0,0.0,0.8,0.0,0.0,0.0,0.0,0.0,0.0,0.0,0,1,-0.0,0.0,1.0,1.0,0.0,0.0,0.8428812780247289,0.6743050224197832,0.13256908061182318,0.13256908061182318,0.0028961070909433594,-0.020309461418252774
191,13.9,-0.05506458191706325,0.0,0.0,0.8,0.0,0.0,0.0,0.0,0.0,0.0,0.0,0,0,-0.0,0.0,1.0,1.0,0.0,0.0,0.613550358434025,0.49084028674721997,0.16756908061182318,0.16756908061182318,0.004115684551500351,-0.016804821935241264
192,14.0,0.007194244604316521,0.0,0.0,0.8,0.0,0.0,0.0,0.0,0.0,0.0,0.0,0,0,0.0,0.0,1.0,1.0,0.0,0.0,0.45253707583202796,0.36202966066562237,0.20256908061182316,0.20256908061182316,0.0054702980033718195,-0.014842561765511596
193,13.75,-0.017857142857142856,0.0,0.0,0.8,0.0,0.0,0.0,0.0,0.0,0.0,0.0,0,0,-0.0,0.0,1.0,1.0,0.0,0.0,0.32042251958783285,0.2563380156702663,0.22138820788227825,0.22138820788227825,0.006250042599446596,-0.012900746502955952
194,12.99,-0.05527272727272726,0.0,0.0,0.8,0.0,0.0,0.0,0.0,0.0,0.0,0.0,0,0,-0.0,0.0,1.0,1.0,0.0,0.0,0.0,0.0,0.14390233512348086,0.14390233512348086,0.0032753145343479804,-0.0033253145343479806
195,12.83,-0.012317167051578148,0.0,0.0,0.8,0.0,0.0,0.0,0.0,0.0,0.0,0.0,0,0,-0.0,0.0,1.0,1.0,0.0,0.0,0.0,0.0,0.09353651783026257,0.09353651783026257,0.0017164179488730212,-0.0017664179488730211
196,12.32,-0.039750584567420096,0.0,0.0,0.8,0.0,0.0,0.0,0.0,0.0,0.0,0.0,0,0,-0.0,0.0,1.0,1.0,0.0,0.0,0.0,0.0,0.06079873658967067,0.06079873658967067,0.0008994832539953143,-0.0009494832539953144
197,12.24,-0.006493506493506499,0.0,0.0,0.8,0.0,0.0,0.0,0.0,0.0,0.0,0.0,0,0,-0.0,0.0,1.0,1.0,0.0,0.0,0.0,0.0,0.03951917878328594,0.03951917878328594,0.00047137127920925353,-0.0005213712792092536
198,10.74,-0.12254901960784313,0.0,0.0,0.8,0.0,0.0,0.0,0.0,0.0,0.0,0.0,0,1,-0.0,0.0,1.0,1.0,0.0,0.0,0.0,0.0,0.02568746620913586,0.02568746620913586,0.0002470205886284633,-0.0002970205886284633
199,11.0,0.02420856610800743,0.0,0.0,0.8,0.0,0.0,0.0,0.0,0.0,0.0,0.0,0,0,0.0,0.0,1.0,1.0,0.0,0.0,0.0,0.0,0.01669685303593831,0.01669685303593831,0.00012945033755284126,-0.00017945033755284125
200,10.78,-0.02000000000000006,0.0,0.0,0.8,0.0,0.0,0.0,0.0,0.0,0.0,0.0,0,0,-0.0,0.0,1.0,1.0,0.0,0.0,0.0,0.0,0.010852954473359901,0.010852954473359901,6.783802915209172e-05,-0.00011783802915209173
201,10.65,-0.012059369202226253,0.0,0.0,0.8,0.0,0.0,0.0,0.0,0.0,0.0,0.0,0,0,-0.0,0.0,1.0,1.0,0.0,0.0,0.0,0.0,0.007054420407683936,0.007054420407683936,3.5550298950449035e-05,-8.555029895044904e-05
202,11.04,0.036619718309859044,0.0,0.0,0.8,0.0,0.0,0.0,0.0,0.0,0.0,0.0,0,0,0.0,0.0,1.0,1.0,0.0,0.0,0.0,0.0,0.004585373264994559,0.004585373264994559,1.863001875589319e-05,-6.863001875589319e-05
203,10.7,-0.030797101449275353,0.0,0.0,0.8,0.0,0.0,0.0,0.0,0.0,0.0,0.0,0,0,-0.0,0.0,1.0,1.0,0.0,0.0,0.0,0.0,0.002980492622246463,0.002980492622246463,9.763000849267066e-06,-5.976300084926707e-05
204,10.43,-0.025233644859813047,0.0,0.0,0.8,0.0,0.0,0.0,0.0,0.0,0.0,0.0,0,0,-0.0,0.0,1.0,1.0,0.0,0.0,0.0,0.0,0.0019373202044602011,0.0019373202044602011,5.1162689008371674e-06,-5.511626890083717e-05
205,10.71,0.026845637583892728,0.0,0.0,0.8,0.0,0.0,0.0,0.0,0.0,0.0,0.0,0,0,0.0,0.0,1.0,1.0,0.0,0.0,0.0,0.0,0.0012592581328991308,0.0012592581328991308,2.6811641082299687e-06,-5.268116410822997e-05
206,10.65,-0.0056022408963585894,0.0,0.0,0.8,0.0,0.0,0.0,0.0,0.0,0.0,0.0,0,0,-0.0,0.0,1.0,1.0,0.0,0.0,0.0,0.0,0.000818517786384435,0.000818517786384435,1.4050553468924074e-06,-5.1405055346892407e-05
207,10.02,-0.05915492957746486,0.0,0.0,0.8,0.0,0.0,0.0,0.0,0.0,0.0,0.0,0,0,-0.0,0.0,1.0,1.0,0.0,0.0,0.0,0.0,0.0005320365611498828,0.0005320365611498828,7.363146932226552e-07,-5.0736314693222656e-05
208,10.02,0.0,0.0,0.0,0.8,0.0,0.0,0.0,0.0,0.0,0.0,0.0,0,0,0.0,0.0,1.0,1.0,0.0,0.0,0.0,0.0,0.00034582376474742385,0.00034582376474742385,3.8586332464032745e-07,-5.038586332464033e-05
209,10.32,0.029940119760479115,0.0,0.0,0.8,0.0,0.0,0.0,0.0,0.0,0.0,0.0,0,0,0.0,0.0,1.0,1.0,0.0,0.0,0.0,0.0,0.0002247854470858255,0.0002247854470858255,2.022104226262717e-07,-5.0202210422626275e-05
210,10.19,-0.012596899224806278,0.0,0.0,0.8,0.0,0.0,0.0,0.0,0.0,0.0,0.0,0,0,-0.0,0.0,1.0,1.0,0.0,0.0,0.0,0.0,0.00014611054060578659,0.00014611054060578659,1.0596771552934993e-07,-5.0105967715529355e-05
211,9.86,-0.03238469087340531,0.0,0.0,0.8,0.0,0.0,0.0,0.0,0.0,0.0,0.0,0,0,-0.0,0.0,1.0,1.0,0.0,0.0,0.0,0.0,9.497185139376129e-05,9.497185139376129e-05,5.553203731373988e-08,-5.005553203731374e-05
212,9.72,-0.014198782961460325,0.0,0.0,0.8,0.0,0.0,0.0,0.0,0.0,0.0,0.0,0,0,-0.0,0.0,1.0,1.0,0.0,0.0,0.0,0.0,6.173170340594484e-05,6.173170340594484e-05,2.9101383877247734e-08,-5.002910138387725e-05
213,10.08,0.03703703703703698,0.0,0.0,0.8,0.0,0.0,0.0,0.0,0.0,0.0,0.0,0,0,0.0,0.0,1.0,1.0,0.0,0.0,0.0,0.0,4.012560721386415e-05,4.012560721386415e-05,1.5250485747285818e-08,-5.0015250485747285e-05
214,10.22,0.013888888888888945,0.0,0.0,0.8,0.0,0.0,0.0,0.0,0.0,0.0,0.0,0,0,0.0,0.0,1.0,1.0,0.0,0.0,0.0,0.0,2.60816446890117e-05,2.60816446890117e-05,7.991967547289159e-09,-5.000799196754729e-05
215,10.45,0.022504892367905933,0.0,0.0,0.8,0.0,0.0,0.0,0.0,0.0,0.0,0.0,0,0,0.0,0.0,1.0,1.0,0.0,0.0,0.0,0.0,1.6953069047857606e-05,1.6953069047857606e-05,4.188164648348369e-09,-5.000418816464835e-05
216,10.29,-0.01531100478468901,0.0,0.0,0.8,0.0,0.0,0.0,0.0,0.0,0.0,0.0,0,0,-0.0,0.0,1.0,1.0,0.0,0.0,0.05376545238079297,0.04301236190463438,0.01506534616150314,0.01506534616150314,0.00011094811371337325,-0.0012685164327577083
217,10.5,0.020408163265306208,0.0,0.0,0.8,0.0,0.0,0.0,0.0,0.0,0.0,0.0,0,0,0.0,0.0,1.0,1.0,0.0,0.0,0.09719448365916805,0.07775558692733445,0.037006930429544095,0.037006930429544095,0.0004271455103137839,-0.002479351873692646
218,10.2,-0.02857142857142864,0.0,0.0,0.8,0.0,0.0,0.0,0.0,0.0,0.0,0.0,0,0,-0.0,0.0,1.0,1.0,0.0,0.0,0.23544642137564972,0.1883571371005198,0.07200693042954409,0.07200693042954409,0.0011593450102083335,-0.006059541290546718
219,9.9,-0.029411764705882252,0.0,0.0,0.8,0.0,0.0,0.0,0.0,0.0,0.0,0.0,0,0,-0.0,0.0,1.0,1.0,0.0,0.0,0.008039015802446654,0.006431212641957324,0.04905542920388873,0.04905542920388873,0.0006519013346554704,-0.0008675050601858714
220,9.9,0.0,0.0,0.0,0.8,0.0,0.0,0.0,0.0,0.0,0.0,0.0,0,0,0.0,0.0,1.0,1.0,0.0,0.0,0.0,0.0,0.031886028982527674,0.031886028982527674,0.000341626778119395,-0.00039162677811939504
221,9.65,-0.025252525252525252,0.0,0.0,0.8,0.0,0.0,0.0,0.0,0.0,0.0,0.0,0,0,-0.0,0.0,1.0,1.0,0.0,0.0,0.0,0.0,0.020725918838642988,0.020725918838642988,0.0001790284040297585,-0.0002290284040297585
222,8.5,-0.11917098445595858,0.0,0.0,0.8,0.0,0.0,0.0,0.0,0.0,0.0,0.0,0,1,-0.0,0.0,1.0,1.0,0.0,0.0,0.0,0.0,0.013471847245117942,0.013471847245117942,9.381925394103886e-05,-0.00014381925394103885
223,8.92,0.04941176470588234,0.0,0.0,0.8,0.0,0.0,0.0,0.0,0.0,0.0,0.0,0,0,0.0,0.0,1.0,1.0,0.0,0.0,0.0,0.0,0.008756700709326663,0.008756700709326663,4.916567545667244e-05,-9.916567545667244e-05
224,8.73,-0.021300448430493217,0.0,0.0,0.8,0.0,0.0,0.0,0.0,0.0,0.0,0.0,0,0,-0.0,0.0,1.0,1.0,0.0,0.0,0.0,0.0,0.005691855461062331,0.005691855461062331,2.5765112613557797e-05,-7.576511261355779e-05
225,8.76,0.0034364261168384146,0.0,0.0,0.8,0.0,0.0,0.0,0.0,0.0,0.0,0.0,0,0,0.0,0.0,1.0,1.0,0.0,0.0,0.0,0.0,0.0036997060496905152,0.0036997060496905152,1.350212362228867e-05,-6.350212362228868e-05
226,8.63,-0.014840182648401713,0.0,0.0,0.8,0.0,0.0,0.0,0.0,0.0,0.0,0.0,0,0,-0.0,0.0,1.0,1.0,0.0,0.0,0.0,0.0,0.002404808932298835,0.002404808932298835,7.075744051498312e-06,-5.7075744051498316e-05
227,8.51,-0.01390498261877184,0.0,0.0,0.8,0.0,0.0,0.0,0.0,0.0,0.0,0.0,0,0,-0.0,0.0,1.0,1.0,0.0,0.0,0.0,0.0,0.0015631258059942428,0.0015631258059942428,3.7080206997710263e-06,-5.370802069977103e-05
228,8.47,-0.004700352526439383,0.0,0.0,0.8,0.0,0.0,0.0,0.0,0.0,0.0,0.0,0,0,-0.0,0.0,1.0,1.0,0.0,0.0,0.0,0.0,0.0010160317738962578,0.0010160317738962578,1.943176210142724e-06,-5.1943176210142723e-05
229,8.66,0.02243211334120419,0.0,0.0,0.8,0.0,0.0,0.0,0.0,0.0,0.0,0.0,0,0,0.0,0.0,1.0,1.0,0.0,0.0,0.0,0.0,0.0006604206530325676,0.0006604206530325676,1.018315184674618e-06,-5.101831518467462e-05
230,8.9,0.027713625866050834,0.0,0.0,0.8,0.0,0.0,0.0,0.0,0.0,0.0,0.0,0,0,0.0,0.0,1.0,1.0,0.0,0.0,0.0,0.0,0.0004292734244711689,0.0004292734244711689,5.336447667104455e-07,-5.0533644766710446e-05
231,9.27,0.04157303370786508,0.0,0.0,0.8,0.0,0.0,0.0,0.0,0.0,0.0,0.0,0,0,0.0,0.0,1.0,1.0,0.0,0.0,0.0,0.0,0.0002790277259062598,0.0002790277259062598,2.7965480759126697e-07,-5.027965480759127e-05
232,9.19,-0.008629989212513492,0.0,0.0,0.8,0.0,0.0,0.0,0.0,0.0,0.0,0.0,0,0,-0.0,0.0,1.0,1.0,0.0,0.0,0.18610155866969919,0.14888124693575935,0.035279027725906256,0.035279027725906256,0.00039758149449754424,-0.004281273603093348
233,8.99,-0.021762785636561404,0.0,0.0,0.8,0.0,0.0,0.0,0.0,0.0,0.0,0.0,0,0,-0.0,0.0,1.0,1.0,0.0,0.0,0.19153562823803555,0.15322850259042844,0.07027902772590626,0.07027902772590626,0.0011178663090703064,-0.005113500250773838
234,9.06,0.007786429365962212,0.0,0.0,0.8,0.0,0.0,0.0,0.0,0.0,0.0,0.0,0,0,0.0,0.0,1.0,1.0,0.0,0.0,0.12152601481388832,0.09722081185111066,0.0797086521697278,0.0797086521697278,0.0013502352714751488,-0.003903671176641248
235,9.1,0.004415011037527499,0.0,0.0,0.8,0.0,0.0,0.0,0.0,0.0,0.0,0.0,0,0,0.0,0.0,1.0,1.0,0.0,0.0,0.1005685640776572,0.08045485126212576,0.07996982185206708,0.07996982185206708,0.001356876882100415,-0.0034785893021001537
236,9.0,-0.01098901098901095,0.0,0.0,0.8,0.0,0.0,0.0,0.0,0.0,0.0,0.0,0,0,-0.0,0.0,1.0,1.0,0.0,0.0,0.04966524311734952,0.039732194493879616,0.06588665227670147,0.06588665227670147,0.0010147227856067591,-0.0020878267938241593
237,10.21,0.13444444444444453,0.0,0.0,0.8,0.0,0.0,0.0,0.0,0.0,0.0,0.0,1,0,0.0,0.0,1.0,1.0,0.0,0.0,0.0,0.0,0.04282632397985596,0.04282632397985596,0.0005317621816411569,-0.000581762181641157
238,10.25,0.00391772771792352,0.0,0.0,0.8,0.0,0.0,0.0,0.0,0.0,0.0,0.0,0,0,0.0,0.0,1.0,1.0,0.0,0.0,0.461903322959253,0.36952265836740245,0.07782632397985595,0.07782632397985595,0.0013026898425045326,-0.010867898295465145
239,10.36,0.010731707317073116,0.0,0.0,0.8,0.0,0.0,0.0,0.0,0.0,0.0,0.0,0,0,0.0,0.0,1.0,1.0,0.0,0.0,0.5192800509758734,0.4154240407806987,0.11282632397985595,0.11282632397985595,0.002273876682279009,-0.013021045732381999
240,10.21,-0.014478764478764342,0.0,0.0,0.8,0.0,0.0,0.0,0.0,0.0,0.0,0.0,0,0,-0.0,0.0,1.0,1.0,0.0,0.0,0.5364598905215772,0.42916791241726177,0.14782632397985596,0.14782632397985596,0.0034101926689216393,-0.014511266413666131
241,10.1,-0.010773751224290029,0.0,0.0,0.8,0.0,0.0,0.0,0.0,0.0,0.0,0.0,0,0,-0.0,0.0,1.0,1.0,0.0,0.0,0.4761930970307461,0.3809544776245969,0.18282632397985596,0.18282632397985596,0.004690394167298584,-0.014549971966131954
242,9.63,-0.04653465346534642,0.0,0.0,0.8,0.0,0.0,0.0,0.0,0.0,0.0,0.0,0,0,-0.0,0.0,1.0,1.0,0.0,0.0,0.4566966035464999,0.3653572828371999,0.21782632397985596,0.21782632397985596,0.006099816831889073,-0.015557766864946969
243,9.66,0.0031152647975077213,0.0,0.0,0.8,0.0,0.0,0.0,0.0,0.0,0.0,0.0,0,0,0.0,0.0,1.0,1.0,0.0,0.0,0.0,0.0,0.14158711058690637,0.14158711058690637,0.0031965892085464736,-0.0032465892085464737
244,9.68,0.0020703933747411567,0.0,0.0,0.8,0.0,0.0,0.0,0.0,0.0,0.0,0.0,0,0,0.0,0.0,1.0,1.0,0.0,0.0,0.0,0.0,0.09203162188148914,0.09203162188148914,0.0016751621974575367,-0.0017251621974575366
245,9.74,0.006198347107438068,0.0,0.0,0.8,0.0,0.0,0.0,0.0,0.0,0.0,0.0,0,0,0.0,0.0,1.0,1.0,0.0,0.0,0.0,0.0,0.05982055422296794,0.05982055422296794,0.0008778633113970752,-0.0009278633113970752
246,9.72,-0.0020533880903490323,0.0,0.0,0.8,0.0,0.0,0.0,0.0,0.0,0.0,0.0,0,0,-0.0,0.0,1.0,1.0,0.0,0.0,0.0,0.0,0.038883360244929166,0.038883360244929166,0.00046004141847677614,-0.0005100414184767762
247,9.71,-0.0010288065843621179,0.0,0.0,0.8,0.0,0.0,0.0,0.0,0.0,0.0,0.0,0,0,-0.0,0.0,1.0,1.0,0.0,0.0,0.0,0.0,0.025274184159203957,0.025274184159203957,0.00024108321189242186,-0.0002910832118924219
248,9.61,-0.01029866117404752,0.0,0.0,0.8,0.0,0.0,0.0,0.0,0.0,0.0,0.0,0,0,-0.0,0.0,1.0,1.0,0.0,0.0,0.05873419509014223,0.04698735607211379,0.032873794328722394,0.032873794328722394,0.00035762346024231036,-0.0016175478790992404
249,9.76,0.015608740894901182,0.0,0.0,0.8,0.0,0.0,0.0,0.0,0.0,0.0,0.0,0,0,0.0,0.0,1.0,1.0,0.0,0.0,0.0,0.0,0.021367966313669558,0.021367966313669558,0.00018741141336527385,-0.00023741141336527385
250,9.31,-0.04610655737704911,0.0,0.0,0.8,0.0,0.0,0.0,0.0,0.0,0.0,0.0,0,0,-0.0,0.0,1.0,1.0,0.0,0.0,0.04856463117151222,0.038851704937209776,0.027487274831908635,0.027487274831908635,0.00027343164644089173,-0.0013238630485740434
251,9.41,0.010741138560687395,0.0,0.0,0.8,0.0,0.0,0.0,0.0,0.0,0.0,0.0,0,0,0.0,0.0,1.0,1.0,0.0,0.0,0.0,0.0,0.01786672864074061,0.01786672864074061,0.0001432909666596271,-0.0001932909666596271
252,9.2,-0.022316684378321027,0.0,0.0,0.8,0.0,0.0,0.0,0.0,0.0,0.0,0.0,0,0,-0.0,0.0,1.0,1.0,0.0,0.0,0.0,0.0,0.011613373616481399,0.011613373616481399,7.509116590382992e-05,-0.00012509116590382993
253,9.38,0.019565217391304512,0.0,0.0,0.8,0.0,0.0,0.0,0.0,0.0,0.0,0.0,0,0,0.0,0.0,1.0,1.0,0.0,0.0,0.0,0.0,0.007548692850712909,0.007548692850712909,3.93512817189001e-05,-8.93512817189001e-05
254,10.01,0.0671641791044775,0.0,0.0,0.8,0.0,0.0,0.0,0.0,0.0,0.0,0.0,0,0,0.0,0.0,1.0,1.0,0.0,0.0,0.0,0.0,0.004906650352963391,0.004906650352963391,2.0621911436339292e-05,-7.06219114363393e-05
255,10.36,0.03496503496503493,0.0,0.0,0.8,0.0,0.0,0.0,0.0,0.0,0.0,0.0,0,0,0.0,0.0,1.0,1.0,0.0,0.0,0.12364145678628925,0.0989131654290314,0.03780893062958719,0.03780893062958719,0.00044110587450478354,-0.003038119884302342
256,10.2,-0.015444015444015458,0.0,0.0,0.8,0.0,0.0,0.0,0.0,0.0,0.0,0.0,0,0,-0.0,0.0,1.0,1.0,0.0,0.0,0.38499669385699975,0.30799735508559983,0.0728089306295872,0.0728089306295872,0.0011787677055787873,-0.009159699599032982
257,10.26,0.00588235294117652,0.0,0.0,0.8,0.0,0.0,0.0,0.0,0.0,0.0,0.0,0,0,0.0,0.0,1.0,1.0,0.0,0.0,0.28944341952815084,0.23155473562252069,0.10780893062958719,0.10780893062958719,0.0021238965415874673,-0.008136430983867375
258,10.34,0.007797270955165699,0.0,0.0,0.8,0.0,0.0,0.0,0.0,0.0,0.0,0.0,0,0,0.0,0.0,1.0,1.0,0.0,0.0,0.3649641614491481,0.2919713291593185,0.14280893062958716,0.14280893062958716,0.003238055595489027,-0.010806317321341477
259,10.62,0.027079303675048294,0.0,0.0,0.8,0.0,0.0,0.0,0.0,0.0,0.0,0.0,0,0,0.0,0.0,1.0,1.0,0.0,0.0,0.350302662213589,0.2802421297708712,0.17780893062958716,0.17780893062958716,0.0044986437805240006,-0.011764878622123935
260,10.37,-0.02354048964218456,0.0,0.0,0.8,0.0,0.0,0.0,0.0,0.0,0.0,0.0,0,0,-0.0,0.0,1.0,1.0,0.0,0.0,0.2909388272715324,0.23275106181722593,0.19703867654526075,0.19703867654526075,0.005247814474780765,-0.011291154316574334
261,9.84,-0.05110896817743485,0.0,0.0,0.8,0.0,0.0,0.0,0.0,0.0,0.0,0.0,0,0,-0.0,0.0,1.0,1.0,0.0,0.0,0.08088083711696965,0.06470466969357573,0.150721774147171,0.150721774147171,0.003510874025544413,-0.005227019270153988
262,9.57,-0.02743902439024386,0.0,0.0,0.8,0.0,0.0,0.0,0.0,0.0,0.0,0.0,0,0,-0.0,0.0,1.0,1.0,0.0,0.0,0.0,0.0,0.09796915319566116,0.09796915319566116,0.0018398621355234619,-0.0018898621355234618
263,9.28,-0.030303030303030398,0.0,0.0,0.8,0.0,0.0,0.0,0.0,0.0,0.0,0.0,0,0,-0.0,0.0,1.0,1.0,0.0,0.0,0.0,0.0,0.06367994957717975,0.06367994957717975,0.0009641737792651343,-0.0010141737792651343
264,9.19,-0.00969827586206895,0.0,0.0,0.8,0.0,0.0,0.0,0.0,0.0,0.0,0.0,0,0,-0.0,0.0,1.0,1.0,0.0,0.0,0.0,0.0,0.04139196722516684,0.04139196722516684,0.0005052721389681306,-0.0005552721389681306
265,9.3,0.011969532100108945,0.0,0.0,0.8,0.0,0.0,0.0,0.0,0.0,0.0,0.0,0,0,0.0,0.0,1.0,1.0,0.0,0.0,0.0,0.0,0.026904778696358447,0.026904778696358447,0.00026478622413068757,-0.0003147862241306876
266,9.24,-0.006451612903225859,0.0,0.0,0.8,0.0,0.0,0.0,0.0,0.0,0.0,0.0,0,0,-0.0,0.0,1.0,1.0,0.0,0.0,0.0,0.0,0.017488106152632993,0.017488106152632993,0.00013876036116412295,-0.00018876036116412294
267,9.81,0.061688311688311716,0.0,0.0,0.8,0.0,0.0,0.0,0.0,0.0,0.0,0.0,0,0,0.0,0.0,1.0,1.0,0.0,0.0,0.0,0.0,0.011367268999211446,0.011367268999211446,7.27169168018901e-05,-0.0001227169168018901
268,10.44,0.06422018348623842,0.0,0.0,0.8,0.0,0.0,0.0,0.0,0.0,0.0,0.0,0,0,0.0,0.0,1.0,1.0,0.0,0.0,0.08343803218537475,0.0667504257482998,0.030751373861392366,0.030751373861392366,0.00032355494023801417,-0.002092378403256734
269,10.64,0.019157088122605467,0.0,0.0,0.8,0.0,0.0,0.0,0.0,0.0,0.0,0.0,0,0,0.0,0.0,1.0,1.0,0.0,0.0,0.41516269051688426,0.3321301524135074,0.06575137386139236,0.06575137386139236,0.001011599248421976,-0.009613950673069792
270,11.24,0.056390977443608985,0.0,0.0,0.8,0.0,0.0,0.0,0.0,0.0,0.0,0.0,0,0,0.0,0.0,1.0,1.0,0.0,0.0,0.48896072616518255,0.39116858093214607,0.10075137386139237,0.10075137386139237,0.001918791190264285,-0.012041382149267046
271,11.31,0.006227758007117463,0.0,0.0,0.8,0.0,0.0,0.0,0.0,0.0,0.0,0.0,0,0,0.0,0.0,1.0,1.0,0.0,0.0,0.6117957589622047,0.4894366071697638,0.13575137386139235,0.13575137386139235,0.003001011092388063,-0.01565400372700948
272,12.04,0.06454465075154718,0.0,0.0,0.8,0.0,0.0,0.0,0.0,0.0,0.0,0.0,0,0,0.0,0.0,1.0,1.0,0.0,0.0,0.6189240274316354,0.49513922194530835,0.17075137386139236,0.17075137386139236,0.00423348046810293,-0.01703331543319462
273,11.72,-0.026578073089700876,0.0,0.0,0.8,0.0,0.0,0.0,0.0,0.0,0.0,0.0,0,0,-0.0,0.0,1.0,1.0,0.0,0.0,0.6892551704139045,0.5514041363311236,0.20575137386139236,0.20575137386139236,0.005599707806962275,-0.01984836431748871
274,12.1,0.03242320819112619,0.0,0.0,0.8,0.0,0.0,0.0,0.0,0.0,0.0,0.0,0,0,0.0,0.0,1.0,1.0,0.0,0.0,0.5105515712056099,0.40844125696448796,0.24075137386139236,0.24075137386139236,0.007087685061095191,-0.017655047427930753
275,11.77,-0.02727272727272728,0.0,0.0,0.8,0.0,0.0,0.0,0.0,0.0,0.0,0.0,0,0,-0.0,0.0,1.0,1.0,0.0,0.0,0.5665591541534134,0.45324732332273077,0.27575137386139237,0.27575137386139237,0.008688159349342188,-0.020409277924902505
276,11.9,0.011045029736618589,0.0,0.0,0.8,0.0,0.0,0.0,0.0,0.0,0.0,0.0,0,0,0.0,0.0,1.0,1.0,0.0,0.0,0.31673064204093837,0.2533845136327507,0.2679229727813678,0.2679229727813678,0.008320821018356038,-0.014895472244399369
277,11.18,-0.06050420168067232,0.0,0.0,0.8,0.0,0.0,0.0,0.0,0.0,0.0,0.0,0,0,-0.0,0.0,1.0,1.0,0.0,0.0,0.3347584423649275,0.26780675389194203,0.26788229617006876,0.26788229617006876,0.008318926164294705,-0.015264950077012212
278,11.35,0.015205724508050083,0.0,0.0,0.8,0.0,0.0,0.0,0.0,0.0,0.0,0.0,0,0,0.0,0.0,1.0,1.0,0.0,0.0,0.0,0.0,0.1741234925105447,0.1741234925105447,0.004359506250164554,-0.004409506250164554
279,11.03,-0.028193832599118968,0.0,0.0,0.8,0.0,0.0,0.0,0.0,0.0,0.0,0.0,0,0,-0.0,0.0,1.0,1.0,0.0,0.0,0.004390099931632391,0.003512079945305913,0.11440949811271114,0.11440949811271114,0.002321904595422576,-0.002462340654014203
280,11.32,0.026291931097008246,0.0,0.0,0.8,0.0,0.0,0.0,0.0,0.0,0.0,0.0,0,0,0.0,0.0,1.0,1.0,0.0,0.0,0.0,0.0,0.07436617377326224,0.07436617377326224,0.0012167865654916185,-0.0012667865654916184
281,11.16,-0.01413427561837457,0.0,0.0,0.8,0.0,0.0,0.0,0.0,0.0,0.0,0.0,0,0,-0.0,0.0,1.0,1.0,0.0,0.0,0.0,0.0,0.048338012952620454,0.048338012952620454,0.0006376530495179248,-0.0006876530495179248
282,11.47,0.02777777777777782,0.0,0.0,0.8,0.0,0.0,0.0,0.0,0.0,0.0,0.0,0,0,0.0,0.0,1.0,1.0,0.0,0.0,0.0,0.0,0.031419708419203295,0.031419708419203295,0.0003341600105481357,-0.0003841600105481357
283,11.96,0.04272013949433306,0.0,0.0,0.8,0.0,0.0,0.0,0.0,0.0,0.0,0.0,0,0,0.0,0.0,1.0,1.0,0.0,0.0,0.15860587873197024,0.1268847029855762,0.0648324565174338,0.0648324565174338,0.0009904668998376618,-0.004307748001716249
284,12.08,0.010033444816053446,0.0,0.0,0.8,0.0,0.0,0.0,0.0,0.0,0.0,0.0,0,0,0.0,0.0,1.0,1.0,0.0,0.0,0.28268809847573295,0.22615047878058636,0.0998324565174338,0.0998324565174338,0.001892600222824616,-0.007765975051424715
285,12.15,0.00579470198675499,0.0,0.0,0.8,0.0,0.0,0.0,0.0,0.0,0.0,0.0,0,0,0.0,0.0,1.0,1.0,0.0,0.0,0.3802625877466112,0.30421007019728896,0.1348324565174338,0.1348324565174338,0.002970591410249623,-0.010854000717829815
286,12.26,0.009053497942386784,0.0,0.0,0.8,0.0,0.0,0.0,0.0,0.0,0.0,0.0,0,0,0.0,0.0,1.0,1.0,0.0,0.0,0.31835843940602926,0.2546867515248234,0.1698324565174338,0.1698324565174338,0.0041993520749412285,-0.010807535926705431
287,12.31,0.004078303425774935,0.0,0.0,0.8,0.0,0.0,0.0,0.0,0.0,0.0,0.0,0,0,0.0,0.0,1.0,1.0,0.0,0.0,0.3704682394540992,0.29637459156327933,0.20483245651743381,0.20483245651743381,0.005562235986671984,-0.013243881719426427
288,12.05,-0.02112103980503654,0.0,0.0,0.8,0.0,0.0,0.0,0.0,0.0,0.0,0.0,0,0,-0.0,0.0,1.0,1.0,0.0,0.0,0.3011544985939619,0.2409235988751695,0.2174643563426413,0.2174643563426413,0.006084618814872444,-0.01233840148590806
289,12.16,0.009128630705394143,0.0,0.0,0.8,0.0,0.0,0.0,0.0,0.0,0.0,0.0,0,0,0.0,0.0,1.0,1.0,0.0,0.0,0.07361718150242008,0.05889374520193607,0.16196464244339448,0.16196464244339448,0.003910943800540635,-0.005477457739490489
290,12.26,0.008223684210526286,0.0,0.0,0.8,0.0,0.0,0.0,0.0,0.0,0.0,0.0,0,0,0.0,0.0,1.0,1.0,0.0,0.0,0.07488568009028646,0.05990854407222917,0.12624500801348662,0.12624500801348662,0.002691364822967984,-0.004284009832827885
291,11.83,-0.03507340946166392,0.0,0.0,0.8,0.0,0.0,0.0,0.0,0.0,0.0,0.0,0,0,-0.0,0.0,1.0,1.0,0.0,0.0,0.08808229046968007,0.07046583237574405,0.10672229654027672,0.10672229654027672,0.00209186663801263,-0.003956361821688039
292,11.12,-0.06001690617075239,0.0,0.0,0.8,0.0,0.0,0.0,0.0,0.0,0.0,0.0,0,0,-0.0,0.0,1.0,1.0,0.0,0.0,0.0,0.0,0.06936949275117987,0.06936949275117987,0.0010962359206970968,-0.0011462359206970967
293,11.31,0.017086330935251914,0.0,0.0,0.8,0.0,0.0,0.0,0.0,0.0,0.0,0.0,0,0,0.0,0.0,1.0,1.0,0.0,0.0,0.0,0.0,0.045090170288266916,0.045090170288266916,0.0005744788754642185,-0.0006244788754642185
294,11.44,0.01149425287356313,0.0,0.0,0.8,0.0,0.0,0.0,0.0,0.0,0.0,0.0,0,0,0.0,0.0,1.0,1.0,0.0,0.0,0.0,0.0,0.029308610687373497,0.029308610687373497,0.0003010537897214402,-0.00035105378972144025
295,11.44,0.0,0.0,0.0,0.8,0.0,0.0,0.0,0.0,0.0,0.0,0.0,0,0,0.0,0.0,1.0,1.0,0.0,0.0,0.0,0.0,0.019050596946792772,0.019050596946792772,0.00015776626117436102,-0.00020776626117436102
296,11.16,-0.02447552447552442,0.0,0.0,0.8,0.0,0.0,0.0,0.0,0.0,0.0,0.0,0,0,-0.0,0.0,1.0,1.0,0.0,0.0,0.0,0.0,0.012382888015415303,0.012382888015415303,8.26768970022505e-05,-0.0001326768970022505
297,12.54,0.12365591397849453,0.0,0.0,0.8,0.0,0.0,0.0,0.0,0.0,0.0,0.0,1,0,0.0,0.0,1.0,1.0,0.0,0.0,0.0,0.0,0.008048877210019947,0.008048877210019947,4.33265594750089e-05,-9.33265594750089e-05
298,12.29,-0.019936204146730464,0.0,0.0,0.8,0.0,0.0,0.0,0.0,0.0,0.0,0.0,0,0,-0.0,0.0,1.0,1.0,0.0,0.0,0.4257876511353982,0.34063012090831857,0.043048877210019945,0.043048877210019945,0.0005359126315415351,-0.009357138244930738
299,11.98,-0.02522375915378346,0.0,0.0,0.8,0.0,0.0,0.0,0.0,0.0,0.0,0.0,0,0,-0.0,0.0,1.0,1.0,0.0,0.0,0.30508624454467026,0.24406899563573622,0.07804887721001995,0.07804887721001995,0.001308281620108122,-0.0076430582577283294
300,12.02,0.0033388981636059386,0.0,0.0,0.8,0.0,0.0,0.0,0.0,0.0,0.0,0.0,0,0,0.0,0.0,1.0,1.0,0.0,0.0,0.1589397826378768,0.12715182611030146,0.09523490932511847,0.09523490932511847,0.001763378369981548,-0.00508753789232181
301,11.35,-0.05574043261231281,0.0,0.0,0.8,0.0,0.0,0.0,0.0,0.0,0.0,0.0,0,0,-0.0,0.0,1.0,1.0,0.0,0.0,0.1691436140921722,0.13531489127373778,0.10926290300713523,0.10926290300713523,0.0021670071937803827,-0.00570136564407913
302,11.55,0.017621145374449435,0.0,0.0,0.8,0.0,0.0,0.0,0.0,0.0,0.0,0.0,0,0,0.0,0.0,1.0,1.0,0.0,0.0,0.0,0.0,0.0710208869546379,0.0710208869546379,0.0011356130850138483,-0.0011856130850138482
303,11.18,-0.03203463203463212,0.0,0.0,0.8,0.0,0.0,0.0,0.0,0.0,0.0,0.0,0,0,-0.0,0.0,1.0,1.0,0.0,0.0,0.0,0.0,0.046163576520514636,0.046163576520514636,0.0005951143505919376,-0.0006451143505919377
304,11.59,0.03667262969588552,0.0,0.0,0.8,0.0,0.0,0.0,0.0,0.0,0.0,0.0,0,0,0.0,0.0,1.0,1.0,0.0,0.0,0.0,0.0,0.030006324738334516,0.030006324738334516,0.00031186774347192813,-0.00036186774347192816
305,11.77,0.015530629853321804,0.0,0.0,0.8,0.0,0.0,0.0,0.0,0.0,0.0,0.0,0,0,0.0,0.0,1.0,1.0,0.0,0.0,0.0,0.0,0.019504111079917435,0.019504111079917435,0.00016343327853131088,-0.00021343327853131088
306,12.15,0.03228547153780805,0.0,0.0,0.8,0.0,0.0,0.0,0.0,0.0,0.0,0.0,0,0,0.0,0.0,1.0,1.0,0.0,0.0,0.0,0.0,0.012677672201946334,0.012677672201946334,8.564667905097826e-05,-0.00013564667905097827
307,11.86,-0.02386831275720172,0.0,0.0,0.8,0.0,0.0,0.0,0.0,0.0,0.0,0.0,0,0,-0.0,0.0,1.0,1.0,0.0,0.0,0.24731437233871564,0.19785149787097253,0.04767767220194634,0.04767767220194634,0.0006246314046332384,-0.0057693074748107805
308,11.72,-0.011804384485666003,0.0,0.0,0.8,0.0,0.0,0.0,0.0,0.0,0.0,0.0,0,0,-0.0,0.0,1.0,1.0,0.0,0.0,0.09354761488204044,0.07483809190563236,0.057183819098236444,0.057183819098236444,0.0008204667502428647,-0.0027975476168128977
309,12.16,0.03754266211604091,0.0,0.0,0.8,0.0,0.0,0.0,0.0,0.0,0.0,0.0,0,0,0.0,0.0,1.0,1.0,0.0,0.0,0.13893186898372795,0.11114549518698236,0.07607040572929752,0.07607040572929752,0.0012588525075054825,-0.004170849008570279
310,12.18,0.0016447368421052282,0.0,0.0,0.8,0.0,0.0,0.0,0.0,0.0,0.0,0.0,0,0,0.0,0.0,1.0,1.0,0.0,0.0,0.19738378016469066,0.15790702413175253,0.10471322217015677,0.10471322217015677,0.002033075635775085,-0.006149181507167713
311,12.23,0.004105090311986922,0.0,0.0,0.8,0.0,0.0,0.0,0.0,0.0,0.0,0.0,0,0,0.0,0.0,1.0,1.0,0.0,0.0,0.16003739425587538,0.1280299154047003,0.11287406480224701,0.11287406480224701,0.0022753200718410535,-0.0056220903935120855
312,12.76,0.043336058871627094,0.0,0.0,0.8,0.0,0.0,0.0,0.0,0.0,0.0,0.0,0,0,0.0,0.0,1.0,1.0,0.0,0.0,0.08045269520532373,0.06436215616425899,0.0958948967789512,0.0958948967789512,0.001781740674493738,-0.003489066195723407
313,13.06,0.023510971786833913,0.0,0.0,0.8,0.0,0.0,0.0,0.0,0.0,0.0,0.0,0,0,0.0,0.0,1.0,1.0,0.0,0.0,0.32839196140201243,0.26271356912161,0.13089489677895122,0.13089489677895122,0.002841419279129324,-0.00965629368401078
314,13.14,0.006125574272588061,0.0,0.0,0.8,0.0,0.0,0.0,0.0,0.0,0.0,0.0,0,0,0.0,0.0,1.0,1.0,0.0,0.0,0.4371600348830147,0.3497280279064118,0.1658948967789512,0.1658948967789512,0.004054159120858633,-0.013109655839448734
315,12.83,-0.02359208523592089,0.0,0.0,0.8,0.0,0.0,0.0,0.0,0.0,0.0,0.0,0,0,-0.0,0.0,1.0,1.0,0.0,0.0,0.36248418331358134,0.28998734665086506,0.20089489677895117,0.20089489677895117,0.005402622308050576,-0.012919796484310351
316,12.96,0.010132501948558128,0.0,0.0,0.8,0.0,0.0,0.0,0.0,0.0,0.0,0.0,0,0,0.0,0.0,1.0,1.0,0.0,0.0,0.2474191715063924,0.19793533720511391,0.19985905092810813,0.19985905092810813,0.005360891054927932,-0.010507725987959616
317,12.65,-0.02391975308641979,0.0,0.0,0.8,0.0,0.0,0.0,0.0,0.0,0.0,0.0,0,0,-0.0,0.0,1.0,1.0,0.0,0.0,0.2684491798836368,0.21475934390690946,0.2050741534706886,0.2050741534706886,0.005572083830257181,-0.0111521369358601
318,12.72,0.005533596837944687,0.0,0.0,0.8,0.0,0.0,0.0,0.0,0.0,0.0,0.0,0,0,0.0,0.0,1.0,1.0,0.0,0.0,0.03285878865129184,0.026287030921033475,0.14249866057830932,0.14249866057830932,0.0032275087153311615,-0.0039543997615477736
319,12.3,-0.033018867924528295,0.0,0.0,0.8,0.0,0.0,0.0,0.0,0.0,0.0,0.0,0,0,-0.0,0.0,1.0,1.0,0.0,0.0,0.0,0.0,0.09262412937590106,0.09262412937590106,0.0016913654646121842,-0.0017413654646121842
320,12.54,0.01951219512195109,0.0,0.0,0.8,0.0,0.0,0.0,0.0,0.0,0.0,0.0,0,0,0.0,0.0,1.0,1.0,0.0,0.0,0.0,0.0,0.06020568409433569,0.06020568409433569,0.0008863545809478202,-0.0009363545809478203
321,12.73,0.015151515151515254,0.0,0.0,0.8,0.0,0.0,0.0,0.0,0.0,0.0,0.0,0,0,0.0,0.0,1.0,1.0,0.0,0.0,0.0,0.0,0.0391336946613182,0.0391336946613182,0.0004644912407191211,-0.0005144912407191211
322,12.85,0.009426551453259954,0.0,0.0,0.8,0.0,0.0,0.0,0.0,0.0,0.0,0.0,0,0,0.0,0.0,1.0,1.0,0.0,0.0,0.0,0.0,0.02543690152985683,0.02543690152985683,0.00024341512679279518,-0.00029341512679279517
323,12.57,-0.02178988326848244,0.0,0.0,0.8,0.0,0.0,0.0,0.0,0.0,0.0,0.0,0,0,-0.0,0.0,1.0,1.0,0.0,0.0,0.10535718209734984,0.08428574567787989,0.046033996981664896,0.046033996981664896,0.0005926104121283106,-0.0028129683633337176
324,12.27,-0.023866348448687406,0.0,0.0,0.8,0.0,0.0,0.0,0.0,0.0,0.0,0.0,0,0,-0.0,0.0,1.0,1.0,0.0,0.0,0.0,0.0,0.029922098038082184,0.029922098038082184,0.0003105555626487515,-0.0003605555626487515
325,12.95,0.05541972290138547,0.0,0.0,0.8,0.0,0.0,0.0,0.0,0.0,0.0,0.0,0,0,0.0,0.0,1.0,1.0,0.0,0.0,0.0,0.0,0.01944936372475342,0.01944936372475342,0.00016274563443073736,-0.00021274563443073735
326,12.53,-0.03243243243243243,0.0,0.0,0.8,0.0,0.0,0.0,0.0,0.0,0.0,0.0,0,0,-0.0,0.0,1.0,1.0,0.0,0.0,0.1467737901581728,0.11741903212653824,0.0537387476653781,0.0537387476653781,0.000747450716306144,-0.0038209907935645034
327,12.73,0.015961691939345657,0.0,0.0,0.8,0.0,0.0,0.0,0.0,0.0,0.0,0.0,0,0,0.0,0.0,1.0,1.0,0.0,0.0,0.0,0.0,0.03493018598249577,0.03493018598249577,0.00039169912138568326,-0.0004416991213856833
328,12.61,-0.009426551453260093,0.0,0.0,0.8,0.0,0.0,0.0,0.0,0.0,0.0,0.0,0,0,-0.0,0.0,1.0,1.0,0.0,0.0,0.0,0.0,0.02270462088862225,0.02270462088862225,0.00020526865296557483,-0.00025526865296557485
329,12.94,0.026169706582077724,0.0,0.0,0.8,0.0,0.0,0.0,0.0,0.0,0.0,0.0,0,0,0.0,0.0,1.0,1.0,0.0,0.0,0.0061629094351706255,0.004930327548136501,0.01648361821945224,0.01648361821945224,0.00012697846454051988,-0.00030393439890503477
330,12.96,0.0015455950540959314,0.0,0.0,0.8,0.0,0.0,0.0,0.0,0.0,0.0,0.0,0,0,0.0,0.0,1.0,1.0,0.0,0.0,0.18921315240414718,0.15137052192331776,0.05148361821945224,0.05148361821945224,0.000700898034389441,-0.004648688973914873
331,12.89,-0.005401234567901256,0.0,0.0,0.8,0.0,0.0,0.0,0.0,0.0,0.0,0.0,0,0,-0.0,0.0,1.0,1.0,0.0,0.0,0.03100755784506879,0.024806046276055035,0.04214646803926322,0.04214646803926322,0.000519150203939788,-0.001207905895548205
332,13.03,0.010861132660977407,0.0,0.0,0.8,0.0,0.0,0.0,0.0,0.0,0.0,0.0,0,0,0.0,0.0,1.0,1.0,0.0,0.0,0.10187340630745995,0.08149872504596796,0.05591975799160988,0.05591975799160988,0.0007934127499481894,-0.002942004919881864
333,13.16,0.009976976208749102,0.0,0.0,0.8,0.0,0.0,0.0,0.0,0.0,0.0,0.0,0,0,0.0,0.0,1.0,1.0,0.0,0.0,0.10157033429634199,0.08125626743707359,0.06478753629752218,0.06478753629752218,0.0009894376865614953,-0.0031317865730661407
334,13.75,0.04483282674772035,0.0,0.0,0.8,0.0,0.0,0.0,0.0,0.0,0.0,0.0,0,0,0.0,0.0,1.0,1.0,0.0,0.0,0.1738639345618991,0.1390911476495193,0.09079380027072118,0.09079380027072118,0.0016414797969828434,-0.0052730768489579645
335,13.77,0.0014545454545454234,0.0,0.0,0.8,0.0,0.0,0.0,0.0,0.0,0.0,0.0,0,0,0.0,0.0,1.0,1.0,0.0,0.0,0.28913515827417235,0.2313081266193379,0.12579380027072118,0.12579380027072118,0.0026769490575722825,-0.008683133318020234
336,13.15,-0.04502541757443713,0.0,0.0,0.8,0.0,0.0,0.0,0.0,0.0,0.0,0.0,0,0,-0.0,0.0,1.0,1.0,0.0,0.0,0.28548792991518923,0.2283903439321514,0.16079380027072118,0.16079380027072118,0.0038686122246788584,-0.009799663580931758
337,13.36,0.015969581749049357,0.0,0.0,0.8,0.0,0.0,0.0,0.0,0.0,0.0,0.0,0,0,0.0,0.0,1.0,1.0,0.0,0.0,0.09458643437986121,0.07566914750388898,0.13100017180232992,0.13100017180232992,0.002844847876720199,-0.00484332842494534
338,13.49,0.009730538922155748,0.0,0.0,0.8,0.0,0.0,0.0,0.0,0.0,0.0,0.0,0,0,0.0,0.0,1.0,1.0,0.0,0.0,0.12981592072196121,0.10385273657756898,0.1214985694736636,0.1214985694736636,0.002541019496300896,-0.005265227463173297
339,13.33,-0.011860637509266133,0.0,0.0,0.8,0.0,0.0,0.0,0.0,0.0,0.0,0.0,0,0,-0.0,0.0,1.0,1.0,0.0,0.0,0.13938649629500818,0.11150919703600655,0.11800228912048363,0.11800228912048363,0.002432130638511226,-0.005353492462188395
340,13.61,0.02100525131282816,0.0,0.0,0.8,0.0,0.0,0.0,0.0,0.0,0.0,0.0,0,0,0.0,0.0,1.0,1.0,0.0,0.0,0.0,0.0,0.07670148792831437,0.07670148792831437,0.0012745501655387432,-0.0013245501655387432
341,13.97,0.02645113886847915,0.0,0.0,0.8,0.0,0.0,0.0,0.0,0.0,0.0,0.0,0,0,0.0,0.0,1.0,1.0,0.0,0.0,0.031100487738201142,0.024880390190560916,0.05856410372010066,0.05856410372010066,0.0008503515390247925,-0.0015410215864317361
342,14.04,0.0050107372942017545,0.0,0.0,0.8,0.0,0.0,0.0,0.0,0.0,0.0,0.0,0,0,0.0,0.0,1.0,1.0,0.0,0.0,0.277596154564426,0.2220769236515408,0.09356410372010066,0.09356410372010066,0.001717177316579274,-0.0074856581006064495
343,13.79,-0.017806267806267807,0.0,0.0,0.8,0.0,0.0,0.0,0.0,0.0,0.0,0.0,0,0,-0.0,0.0,1.0,1.0,0.0,0.0,0.24762391795764024,0.1980991343661122,0.12856410372010066,0.12856410372010066,0.0027658641177145385,-0.007916916827641927
344,14.09,0.021754894851341605,0.0,0.0,0.8,0.0,0.0,0.0,0.0,0.0,0.0,0.0,0,0,0.0,0.0,1.0,1.0,0.0,0.0,0.1310468410104056,0.10483747280832448,0.120259782900979,0.120259782900979,0.002502256774040026,-0.005251821698854381
345,13.75,-0.02413058907026259,0.0,0.0,0.8,0.0,0.0,0.0,0.0,0.0,0.0,0.0,0,0,-0.0,0.0,1.0,1.0,0.0,0.0,0.2519674751925742,0.20157398015405936,0.1487197519395571,0.1487197519395571,0.003441154952051843,-0.00868168494101887
346,14.48,0.05309090909090912,0.0,0.0,0.8,0.0,0.0,0.0,0.0,0.0,0.0,0.0,0,0,0.0,0.0,1.0,1.0,0.0,0.0,0.07593072971613357,0.06074458377290686,0.11792844308122952,0.11792844308122952,0.0024298479483107894,-0.004044020980463141
347,14.7,0.015193370165745778,0.0,0.0,0.8,0.0,0.0,0.0,0.0,0.0,0.0,0.0,0,0,0.0,0.0,1.0,1.0,0.0,0.0,0.22126231099424876,0.17700984879539902,0.13860693508118882,0.13860693508118882,0.0030961977517630066,-0.007704201358244532
348,14.77,0.004761904761904781,0.0,0.0,0.8,0.0,0.0,0.0,0.0,0.0,0.0,0.0,0,0,0.0,0.0,1.0,1.0,0.0,0.0,0.262758257528473,0.2102066060227784,0.16366681991074516,0.16366681991074516,0.003972758965730365,-0.009435579070816909
349,14.74,-0.0020311442112389546,0.0,0.0,0.8,0.0,0.0,0.0,0.0,0.0,0.0,0.0,0,0,-0.0,0.0,1.0,1.0,0.0,0.0,0.32163442383738305,0.25730753906990644,0.19644107161645163,0.19644107161645163,0.00522395818876448,-0.01189962731981457
350,15.87,0.07666214382632286,0.0,0.0,0.8,0.0,0.0,0.0,0.0,0.0,0.0,0.0,0,0,0.0,0.0,1.0,1.0,0.0,0.0,0.24226712585266805,0.19381370068213444,0.19552149178944062,0.19552149178944062,0.005187319565844296,-0.010228022358409257
351,16.1,0.014492753623188545,0.0,0.0,0.8,0.0,0.0,0.0,0.0,0.0,0.0,0.0,0,0,0.0,0.0,1.0,1.0,0.0,0.0,0.5661343487408765,0.45290747899270123,0.23052149178944062,0.23052149178944062,0.006640769137129988,-0.018353136721192046
352,15.97,-0.008074534161490732,0.0,0.0,0.8,0.0,0.0,0.0,0.0,0.0,0.0,0.0,0,0,-0.0,0.0,1.0,1.0,0.0,0.0,0.4990389458621098,0.39923115668968784,0.2655214917894406,0.2655214917894406,0.008209198734339052,-0.018539401019098515
353,15.88,-0.005635566687539127,0.0,0.0,0.8,0.0,0.0,0.0,0.0,0.0,0.0,0.0,0,0,-0.0,0.0,1.0,1.0,0.0,0.0,0.4175075248508644,0.33400601988069156,0.28949107662137846,0.28949107662137846,0.009345531862689922,-0.01799618687461773
354,15.1,-0.049118387909319966,0.0,0.0,0.8,0.0,0.0,0.0,0.0,0.0,0.0,0.0,0,0,-0.0,0.0,1.0,1.0,0.0,0.0,0.36805512771155224,0.29444410216924183,0.29122463556313066,0.29122463556313066,0.009429603160397476,-0.01706153879125545
355,15.1,0.0,0.0,0.0,0.8,0.0,0.0,0.0,0.0,0.0,0.0,0.0,0,0,0.0,0.0,1.0,1.0,0.0,0.0,0.1453680211016912,0.11629441688135296,0.22999905902450848,0.22999905902450848,0.00661820688737377,-0.009662788122068609
356,14.82,-0.01854304635761585,0.0,0.0,0.8,0.0,0.0,0.0,0.0,0.0,0.0,0.0,0,0,-0.0,0.0,1.0,1.0,0.0,0.0,0.0,0.0,0.14949938836593052,0.14949938836593052,0.00346824983424218,-0.0035182498342421803
357,14.82,0.0,0.0,0.0,0.8,0.0,0.0,0.0,0.0,0.0,0.0,0.0,0,0,0.0,0.0,1.0,1.0,0.0,0.0,0.0,0.0,0.09717460243785483,0.09717460243785483,0.0018175250664450215,-0.0018675250664450214
358,15.03,0.014170040485829897,0.0,0.0,0.8,0.0,0.0,0.0,0.0,0.0,0.0,0.0,0,0,0.0,0.0,1.0,1.0,0.0,0.0,0.0,0.0,0.06316349158460564,0.06316349158460564,0.0009524681107287588,-0.0010024681107287587
359,14.95,-0.005322687957418502,0.0,0.0,0.8,0.0,0.0,0.0,0.0,0.0,0.0,0.0,0,0,-0.0,0.0,1.0,1.0,0.0,0.0,0.0,0.0,0.04105626952999367,0.04105626952999367,0.0004991378213724642,-0.0005491378213724642
360,14.46,-0.03277591973244137,0.0,0.0,0.8,0.0,0.0,0.0,0.0,0.0,0.0,0.0,0,0,-0.0,0.0,1.0,1.0,0.0,0.0,0.0,0.0,0.02668657519449589,0.02668657519449589,0.00026157155490888544,-0.00031157155490888546
361,14.55,0.006224066390041484,0.0,0.0,0.8,0.0,0.0,0.0,0.0,0.0,0.0,0.0,0,0,0.0,0.0,1.0,1.0,0.0,0.0,0.0,0.0,0.01734627387642233,0.01734627387642233,0.000137075724194413,-0.000187075724194413
362,15.22,0.046048109965635735,0.0,0.0,0.8,0.0,0.0,0.0,0.0,0.0,0.0,0.0,0,0,0.0,0.0,1.0,1.0,0.0,0.0,0.0,0.0,0.011275078019674515,0.011275078019674515,7.183408826685268e-05,-0.00012183408826685268
363,15.33,0.007227332457292998,0.0,0.0,0.8,0.0,0.0,0.0,0.0,0.0,0.0,0.0,0,0,0.0,0.0,1.0,1.0,0.0,0.0,0.11146905434907428,0.08917524347925943,0.03854013593052923,0.03854013593052923,0.00045396368583701044,-0.0028002262054279406
364,15.17,-0.010437051532941954,0.0,0.0,0.8,0.0,0.0,0.0,0.0,0.0,0.0,0.0,0,0,-0.0,0.0,1.0,1.0,0.0,0.0,0.093922451244113,0.07513796099529041,0.051349374703195644,0.051349374703195644,0.0006981584351439595,-0.002682960930772687
365,14.85,-0.02109426499670404,0.0,0.0,0.8,0.0,0.0,0.0,0.0,0.0,0.0,0.0,0,0,-0.0,0.0,1.0,1.0,0.0,0.0,0.05694504986702303,0.04555603989361842,0.04932170751984362,0.04932170751984362,0.0006572164203352382,-0.0018802844475959127
366,14.81,-0.002693602693602636,0.0,0.0,0.8,0.0,0.0,0.0,0.0,0.0,0.0,0.0,0,0,-0.0,0.0,1.0,1.0,0.0,0.0,0.055838530917580315,0.04467082473406425,0.04769389854482084,0.04769389854482084,0.0006249503069156164,-0.0018252240438177709
367,14.47,-0.022957461174881826,0.0,0.0,0.8,0.0,0.0,0.0,0.0,0.0,0.0,0.0,0,0,-0.0,0.0,1.0,1.0,0.0,0.0,0.023463459124036936,0.01877076729922955,0.03757080260886389,0.03757080260886389,0.0004369451866867275,-0.0009702924446418884
368,15.25,0.05390463026952311,0.0,0.0,0.8,0.0,0.0,0.0,0.0,0.0,0.0,0.0,0,0,0.0,0.0,1.0,1.0,0.0,0.0,0.0,0.0,0.02442102169576153,0.02442102169576153,0.00022897970660154364,-0.00027897970660154366
369,14.98,-0.017704918032786857,0.0,0.0,0.8,0.0,0.0,0.0,0.0,0.0,0.0,0.0,0,0,-0.0,0.0,1.0,1.0,0.0,0.0,0.0,0.0,0.015873664102244996,0.015873664102244996,0.00011999607189384257,-0.00016999607189384258
370,15.56,0.03871829105473966,0.0,0.0,0.8,0.0,0.0,0.0,0.0,0.0,0.0,0.0,0,0,0.0,0.0,1.0,1.0,0.0,0.0,0.0,0.0,0.010317881666459248,0.010317881666459248,6.288355192544893e-05,-0.00011288355192544893
371,15.34,-0.014138817480719835,0.0,0.0,0.8,0.0,0.0,0.0,0.0,0.0,0.0,0.0,0,0,-0.0,0.0,1.0,1.0,0.0,0.0,0.18306402827548246,0.14645122262038598,0.045317881666459246,0.045317881666459246,0.0005788361576278831,-0.004399955140102822
372,15.65,0.020208604954367698,0.0,0.0,0.8,0.0,0.0,0.0,0.0,0.0,0.0,0.0,0,0,0.0,0.0,1.0,1.0,0.0,0.0,0.13127617856653775,0.10502094285323021,0.06621395308182909,0.06621395308182909,0.001022293325948438,-0.003776582604419116
373,15.36,-0.018530351437699738,0.0,0.0,0.8,0.0,0.0,0.0,0.0,0.0,0.0,0.0,0,0,-0.0,0.0,1.0,1.0,0.0,0.0,0.2846070888492711,0.2276856710794169,0.1012139530818291,0.1012139530818291,0.0019320209496329187,-0.007844926979927905
374,15.94,0.03776041666666667,0.0,0.0,0.8,0.0,0.0,0.0,0.0,0.0,0.0,0.0,0,0,0.0,0.0,1.0,1.0,0.0,0.0,0.053396028052159,0.0427168224417272,0.08073995735779343,0.08073995735779343,0.0013765247484150206,-0.0025264829262894957
375,16.29,0.021957340025094082,0.0,0.0,0.8,0.0,0.0,0.0,0.0,0.0,0.0,0.0,0,0,0.0,0.0,1.0,1.0,0.0,0.0,0.2677224550035543,0.21417796400284345,0.11573995735779344,0.11573995735779344,0.00236252399115584,-0.007927606564229058
376,16.04,-0.015346838551258441,0.0,0.0,0.8,0.0,0.0,0.0,0.0,0.0,0.0,0.0,0,0,-0.0,0.0,1.0,1.0,0.0,0.0,0.2488937256311792,0.19911498050494336,0.14492121545929593,0.14492121545929593,0.0033101616445046765,-0.008487372392506968
377,17.8,0.10972568578553626,0.0,0.0,0.8,0.0,0.0,0.0,0.0,0.0,0.0,0.0,1,0,0.0,0.0,1.0,1.0,0.0,0.0,0.2153647074479325,0.17229176595834603,0.15450090813396344,0.15450090813396344,0.003643743564952302,-0.008130256538379713
378,16.95,-0.04775280898876412,0.0,0.0,0.8,0.0,0.0,0.0,0.0,0.0,0.0,0.0,0,0,-0.0,0.0,1.0,1.0,0.0,0.0,0.5611215234065664,0.4488972187252531,0.18950090813396342,0.18950090813396342,0.004949578240003745,-0.016558681622179015
379,14.95,-0.11799410029498525,0.0,0.0,0.8,0.0,0.0,0.0,0.0,0.0,0.0,0.0,0,1,-0.0,0.0,1.0,1.0,0.0,0.0,0.4177395359358538,0.334191628748683,0.22450090813396342,0.22450090813396342,0.006382317476428959,-0.015037751916707547
380,14.97,0.0013377926421405586,0.0,0.0,0.8,0.0,0.0,0.0,0.0,0.0,0.0,0.0,0,0,0.0,0.0,1.0,1.0,0.0,0.0,0.0,0.0,0.14592559028707622,0.14592559028707622,0.00334463275421864,-0.00339463275421864
381,15.64,0.04475617902471609,0.0,0.0,0.8,0.0,0.0,0.0,0.0,0.0,0.0,0.0,0,0,0.0,0.0,1.0,1.0,0.0,0.0,0.0,0.0,0.09485163368659955,0.09485163368659955,0.0017527439369643028,-0.0018027439369643027
382,15.87,0.01470588235294109,0.0,0.0,0.8,0.0,0.0,0.0,0.0,0.0,0.0,0.0,0,0,0.0,0.0,1.0,1.0,0.0,0.0,0.0,0.0,0.061653561896289705,0.061653561896289705,0.0009185197701272941,-0.0009685197701272941
383,16.25,0.023944549464398286,0.0,0.0,0.8,0.0,0.0,0.0,0.0,0.0,0.0,0.0,0,0,0.0,0.0,1.0,1.0,0.0,0.0,0.0,0.0,0.04007481523258831,0.04007481523258831,0.00048134730368882173,-0.0005313473036888218
384,15.86,-0.024000000000000035,0.0,0.0,0.8,0.0,0.0,0.0,0.0,0.0,0.0,0.0,0,0,-0.0,0.0,1.0,1.0,0.0,0.0,0.0,0.0,0.026048629901182403,0.026048629901182403,0.0002522484918712082,-0.00030224849187120823
385,16.18,0.02017654476670872,0.0,0.0,0.8,0.0,0.0,0.0,0.0,0.0,0.0,0.0,0,0,0.0,0.0,1.0,1.0,0.0,0.0,0.1958422845623646,0.15667382764989168,0.0610486299011824,0.0610486299011824,0.0009050344957521887,-0.004989385557736901
386,16.1,-0.004944375772558609,0.0,0.0,0.8,0.0,0.0,0.0,0.0,0.0,0.0,0.0,0,0,-0.0,0.0,1.0,1.0,0.0,0.0,0.27005839777261076,0.21604671821808863,0.0960486299011824,0.0960486299011824,0.001786026965792181,-0.007399229959907962
387,15.37,-0.04534161490683243,0.0,0.0,0.8,0.0,0.0,0.0,0.0,0.0,0.0,0.0,0,0,-0.0,0.0,1.0,1.0,0.0,0.0,0.11843638350982456,0.09474910680785965,0.09559379681851944,0.09559379681851944,0.0017733555457816392,-0.004263145046084025
388,15.3,-0.004554326610279669,0.0,0.0,0.8,0.0,0.0,0.0,0.0,0.0,0.0,0.0,0,0,-0.0,0.0,1.0,1.0,0.0,0.0,0.0,0.0,0.06213596793203764,0.06213596793203764,0.0009293212168153046,-0.0009793212168153047
389,16.14,0.05490196078431371,0.0,0.0,0.8,0.0,0.0,0.0,0.0,0.0,0.0,0.0,0,0,0.0,0.0,1.0,1.0,0.0,0.0,0.0,0.0,0.040388379155824466,0.040388379155824466,0.0004870077667602827,-0.0005370077667602827
390,15.8,-0.021065675340768267,0.0,0.0,0.8,0.0,0.0,0.0,0.0,0.0,0.0,0.0,0,0,-0.0,0.0,1.0,1.0,0.0,0.0,0.077497254503512,0.0619978036028096,0.04795167771226926,0.04795167771226926,0.0006300238066377173,-0.0022764672494100646
391,15.44,-0.022784810126582355,0.0,0.0,0.8,0.0,0.0,0.0,0.0,0.0,0.0,0.0,0,0,-0.0,0.0,1.0,1.0,0.0,0.0,0.0,0.0,0.031168590512975023,0.031168590512975023,0.00033016193058403646,-0.0003801619305840365
392,15.76,0.020725388601036288,0.0,0.0,0.8,0.0,0.0,0.0,0.0,0.0,0.0,0.0,0,0,0.0,0.0,1.0,1.0,0.0,0.0,0.0,0.0,0.020259583833433764,0.020259583833433764,0.0001730202878978831,-0.0002230202878978831
393,16.55,0.05012690355329955,0.0,0.0,0.8,0.0,0.0,0.0,0.0,0.0,0.0,0.0,0,0,0.0,0.0,1.0,1.0,0.0,0.0,0.06228838890675103,0.04983071112540083,0.030609478385622235,0.030609478385622235,0.0003213180655516617,-0.001654458877030733
394,17.09,0.03262839879154073,0.0,0.0,0.8,0.0,0.0,0.0,0.0,0.0,0.0,0.0,0,0,0.0,0.0,1.0,1.0,0.0,0.0,0.2824109326886053,0.22592874615088424,0.06560947838562223,0.06560947838562223,0.0010083263764440146,-0.006875991589829283
395,16.91,-0.010532475131655922,0.0,0.0,0.8,0.0,0.0,0.0,0.0,0.0,0.0,0.0,0,0,-0.0,0.0,1.0,1.0,0.0,0.0,0.26869502517141075,0.2149560201371286,0.10060947838562223,0.10060947838562223,0.0019147390583834486,-0.00749985657691451
396,15.66,-0.07392075694855116,0.0,0.0,0.8,0.0,0.0,0.0,0.0,0.0,0.0,0.0,0,0,-0.0,0.0,1.0,1.0,0.0,0.0,0.2789372472395882,0.22314979779167055,0.13560947838562223,0.13560947838562223,0.002996307067049223,-0.00879241436018474
397,15.85,0.012132822477650032,0.0,0.0,0.8,0.0,0.0,0.0,0.0,0.0,0.0,0.0,0,0,0.0,0.0,1.0,1.0,0.0,0.0,0.008120414311674207,0.006496331449339365,0.09041987695792324,0.09041987695792324,0.0016313498898503974,-0.001848630424670886
398,14.03,-0.11482649842271296,0.0,0.0,0.8,0.0,0.0,0.0,0.0,0.0,0.0,0.0,0,1,-0.0,0.0,1.0,1.0,0.0,0.0,0.00940558107629245,0.00752446486103396,0.06140648272401199,0.06140648272401199,0.0009130037973959392,-0.0011567587675675637
399,14.39,0.025659301496792675,0.0,0.0,0.8,0.0,0.0,0.0,0.0,0.0,0.0,0.0,0,0,0.0,0.0,1.0,1.0,0.0,0.0,0.0,0.0,0.03991421377060779,0.03991421377060779,0.0004784566760857916,-0.0005284566760857916
400,14.39,0.0,0.0,0.0,0.8,0.0,0.0,0.0,0.0,0.0,0.0,0.0,0,0,0.0,0.0,1.0,1.0,0.0,0.0,0.0,0.0,0.025944238950895065,0.025944238950895065,0.0002507336678598598,-0.00030073366785985983
401,13.71,-0.04725503822098678,0.0,0.0,0.8,0.0,0.0,0.0,0.0,0.0,0.0,0.0,0,0,-0.0,0.0,1.0,1.0,0.0,0.0,0.0,0.0,0.016863755318081795,0.016863755318081795,0.00013139616467006056,-0.00018139616467006056
402,14.11,0.02917578409919756,0.0,0.0,0.8,0.0,0.0,0.0,0.0,0.0,0.0,0.0,0,0,0.0,0.0,1.0,1.0,0.0,0.0,0.0,0.0,0.010961440956753167,0.010961440956753167,6.885773353601403e-05,-0.00011885773353601404
403,13.94,-0.012048192771084333,0.0,0.0,0.8,0.0,0.0,0.0,0.0,0.0,0.0,0.0,0,0,-0.0,0.0,1.0,1.0,0.0,0.0,0.0,0.0,0.007124936621889559,0.007124936621889559,3.608467172251539e-05,-8.608467172251539e-05
404,13.13,-0.058106169296987,0.0,0.0,0.8,0.0,0.0,0.0,0.0,0.0,0.0,0.0,0,0,-0.0,0.0,1.0,1.0,0.0,0.0,0.0,0.0,0.004631208804228214,0.004631208804228214,1.8910055072327856e-05,-6.891005507232786e-05
405,13.54,0.0312261995430311,0.0,0.0,0.8,0.0,0.0,0.0,0.0,0.0,0.0,0.0,0,0,0.0,0.0,1.0,1.0,0.0,0.0,0.0,0.0,0.003010285722748339,0.003010285722748339,9.909752971795791e-06,-5.9909752971795793e-05
406,13.49,-0.0036927621861151355,0.0,0.0,0.8,0.0,0.0,0.0,0.0,0.0,0.0,0.0,0,0,-0.0,0.0,1.0,1.0,0.0,0.0,0.0,0.0,0.0019566857197864207,0.0019566857197864207,5.193173874238039e-06,-5.5193173874238044e-05
407,13.05,-0.0326167531504818,0.0,0.0,0.8,0.0,0.0,0.0,0.0,0.0,0.0,0.0,0,0,-0.0,0.0,1.0,1.0,0.0,0.0,0.0,0.0,0.0012718457178611735,0.0012718457178611735,2.7214659098794197e-06,-5.272146590987942e-05
408,12.6,-0.03448275862068974,0.0,0.0,0.8,0.0,0.0,0.0,0.0,0.0,0.0,0.0,0,0,-0.0,0.0,1.0,1.0,0.0,0.0,0.0,0.0,0.0008266997166097628,0.0008266997166097628,1.4261753752126215e-06,-5.142617537521262e-05
409,11.25,-0.10714285714285712,0.0,0.0,0.8,0.0,0.0,0.0,0.0,0.0,0.0,0.0,0,1,-0.0,0.0,1.0,1.0,0.0,0.0,0.0,0.0,0.0005373548157963458,0.0005373548157963458,7.473825755006357e-07,-5.074738257550064e-05
410,10.86,-0.03466666666666672,0.0,0.0,0.8,0.0,0.0,0.0,0.0,0.0,0.0,0.0,0,0,-0.0,0.0,1.0,1.0,0.0,0.0,0.0,0.0,0.0003492806302676248,0.0003492806302676248,3.916634124177662e-07,-5.0391663412417767e-05
411,10.51,-0.03222836095764269,0.0,0.0,0.8,0.0,0.0,0.0,0.0,0.0,0.0,0.0,0,0,-0.0,0.0,1.0,1.0,0.0,0.0,0.0,0.0,0.00022703240967395614,0.00022703240967395614,2.0524993979686213e-07,-5.0205249939796864e-05
412,10.46,-0.004757373929590764,0.0,0.0,0.8,0.0,0.0,0.0,0.0,0.0,0.0,0.0,0,0,-0.0,0.0,1.0,1.0,0.0,0.0,0.0,0.0,0.0001475710662880715,0.0001475710662880715,1.0756056463522908e-07,-5.010756056463523e-05
413,10.52,0.005736137667303892,0.0,0.0,0.8,0.0,0.0,0.0,0.0,0.0,0.0,0.0,0,0,0.0,0.0,1.0,1.0,0.0,0.0,0.0,0.0,9.592119308724649e-05,9.592119308724649e-05,5.636676471671328e-08,-5.005636676471672e-05
414,9.47,-0.09980988593155884,0.0,0.0,0.8,0.0,0.0,0.0,0.0,0.0,0.0,0.0,0,0,-0.0,0.0,1.0,1.0,0.0,0.0,0.0,0.0,6.234877550671022e-05,6.234877550671022e-05,2.9538820062949787e-08,-5.0029538820062954e-05
415,9.97,0.05279831045406547,0.0,0.0,0.8,0.0,0.0,0.0,0.0,0.0,0.0,0.0,0,0,0.0,0.0,1.0,1.0,0.0,0.0,0.0,0.0,4.0526704079361644e-05,4.0526704079361644e-05,1.5479722760327383e-08,-5.001547972276033e-05
416,10.5,0.05315947843530585,0.0,0.0,0.8,0.0,0.0,0.0,0.0,0.0,0.0,0.0,0,0,0.0,0.0,1.0,1.0,0.0,0.0,0.0,0.0,2.634235765158507e-05,2.634235765158507e-05,8.112098459787589e-09,-5.000811209845979e-05
417,10.24,-0.024761904761904742,0.0,0.0,0.8,0.0,0.0,0.0,0.0,0.0,0.0,0.0,0,0,-0.0,0.0,1.0,1.0,0.0,0.0,0.0,0.0,1.7122532473530298e-05,1.7122532473530298e-05,4.2511188630549095e-09,-5.000425111886306e-05
418,10.02,-0.021484375000000062,0.0,0.0,0.8,0.0,0.0,0.0,0.0,0.0,0.0,0.0,0,0,-0.0,0.0,1.0,1.0,0.0,0.0,0.0,0.0,1.1129646107794694e-05,1.1129646107794694e-05,2.227785039519167e-09,-5.000222778503952e-05
419,9.77,-0.0249500998003992,0.0,0.0,0.8,0.0,0.0,0.0,0.0,0.0,0.0,0.0,0,0,-0.0,0.0,1.0,1.0,0.0,0.0,0.0,0.0,7.234269970066551e-06,7.234269970066551e-06,1.1674635177664545e-09,-5.000116746351777e-05
420,10.16,0.03991811668372575,0.0,0.0,0.8,0.0,0.0,0.0,0.0,0.0,0.0,0.0,0,0,0.0,0.0,1.0,1.0,0.0,0.0,0.0,0.0,4.702275480543258e-06,4.702275480543258e-06,6.118054664779511e-10,-5.000061180546648e-05
421,10.36,0.01968503937007867,0.0,0.0,0.8,0.0,0.0,0.0,0.0,0.0,0.0,0.0,0,0,0.0,0.0,1.0,1.0,0.0,0.0,0.0,0.0,3.056479062353118e-06,3.056479062353118e-06,3.206146685666126e-10,-5.000032061466857e-05
422,10.93,0.05501930501930505,0.0,0.0,0.8,0.0,0.0,0.0,0.0,0.0,0.0,0.0,0,0,0.0,0.0,1.0,1.0,0.0,0.0,0.0,0.0,1.9867113905295265e-06,1.9867113905295265e-06,1.6801707623150733e-10,-5.0000168017076234e-05
423,10.91,-0.0018298261665141422,0.0,0.0,0.8,0.0,0.0,0.0,0.0,0.0,0.0,0.0,0,0,-0.0,0.0,1.0,1.0,0.0,0.0,0.1507271642978115,0.1205817314382492,0.03500198671139053,0.03500198671139053,0.00039290747725603196,-0.0035478870617909487
424,11.1,0.017415215398716728,0.0,0.0,0.8,0.0,0.0,0.0,0.0,0.0,0.0,0.0,0,0,0.0,0.0,1.0,1.0,0.0,0.0,0.21988171200296602,0.17590536960237282,0.07000198671139052,0.07000198671139052,0.0011112628580811845,-0.005690826125342285
425,11.09,-0.0009009009009008817,0.0,0.0,0.8,0.0,0.0,0.0,0.0,0.0,0.0,0.0,0,0,-0.0,0.0,1.0,1.0,0.0,0.0,0.3522875621395421,0.28183004971163367,0.10500198671139052,0.10500198671139052,0.002041491259398683,-0.00934861503947325
426,10.9,-0.017132551848512128,0.0,0.0,0.8,0.0,0.0,0.0,0.0,0.0,0.0,0.0,0,0,-0.0,0.0,1.0,1.0,0.0,0.0,0.2812688549813779,0.2250150839851023,0.14000198671139052,0.14000198671139052,0.003143059107467607,-0.008987197520083992
427,10.57,-0.03027522935779817,0.0,0.0,0.8,0.0,0.0,0.0,0.0,0.0,0.0,0.0,0,0,-0.0,0.0,1.0,1.0,0.0,0.0,0.17471594173255062,0.1397727533860405,0.13992175504751803,0.13992175504751803,0.003140357680839913,-0.006789506080530456
428,10.1,-0.04446546830652797,0.0,0.0,0.8,0.0,0.0,0.0,0.0,0.0,0.0,0.0,0,0,-0.0,0.0,1.0,1.0,0.0,0.0,0.0,0.0,0.09094914078088671,0.09094914078088671,0.0016456942479107293,-0.0016956942479107292
429,10.76,0.06534653465346536,0.0,0.0,0.8,0.0,0.0,0.0,0.0,0.0,0.0,0.0,0,0,0.0,0.0,1.0,1.0,0.0,0.0,0.0,0.0,0.05911694150757637,0.05911694150757637,0.0008624207281006612,-0.0009124207281006612
430,10.82,0.005576208178438708,0.0,0.0,0.8,0.0,0.0,0.0,0.0,0.0,0.0,0.0,0,0,0.0,0.0,1.0,1.0,0.0,0.0,0.0,0.0,0.038426011979924644,0.038426011979924644,0.00045194878283248414,-0.0005019487828324842
431,11.0,0.016635859519408477,0.0,0.0,0.8,0.0,0.0,0.0,0.0,0.0,0.0,0.0,0,0,0.0,0.0,1.0,1.0,0.0,0.0,0.0,0.0,0.02497690778695102,0.02497690778695102,0.00023684229245464415,-0.00028684229245464415
432,10.94,-0.0054545454545455,0.0,0.0,0.8,0.0,0.0,0.0,0.0,0.0,0.0,0.0,0,0,-0.0,0.0,1.0,1.0,0.0,0.0,0.10101043120361354,0.08080834496289084,0.04451791079852996,0.04451791079852996,0.0005635771970817318,-0.002694392079876171
433,11.42,0.04387568555758688,0.0,0.0,0.8,0.0,0.0,0.0,0.0,0.0,0.0,0.0,0,0,0.0,0.0,1.0,1.0,0.0,0.0,0.16507293210702473,0.13205834568561978,0.0751570630090114,0.0751570630090114,0.001236248993311932,-0.004686751394716641
434,11.11,-0.027145359019264494,0.0,0.0,0.8,0.0,0.0,0.0,0.0,0.0,0.0,0.0,0,0,-0.0,0.0,1.0,1.0,0.0,0.0,0.4485596516677467,0.3588477213341974,0.1101570630090114,0.1101570630090114,0.0021936623063924625,-0.011483991130748045
435,11.01,-0.00900090009000897,0.0,0.0,0.8,0.0,0.0,0.0,0.0,0.0,0.0,0.0,0,0,-0.0,0.0,1.0,1.0,0.0,0.0,0.16317804282726334,0.13054243426181067,0.11729194294749115,0.11729194294749115,0.0024102024360535914,-0.005821670118295217
436,10.91,-0.00908265213442322,0.0,0.0,0.8,0.0,0.0,0.0,0.0,0.0,0.0,0.0,0,0,-0.0,0.0,1.0,1.0,0.0,0.0,0.09791292347163588,0.07833033877730872,0.1036553814879273,0.1036553814879273,0.002002345572752371,-0.00406935179626807
437,10.9,-0.0009165902841429685,0.0,0.0,0.8,0.0,0.0,0.0,0.0,0.0,0.0,0.0,0,0,-0.0,0.0,1.0,1.0,0.0,0.0,0.004025255264445617,0.0032202042115564936,0.06850306944119752,0.06850306944119752,0.0010757622436640287,-0.0012086825021116084
438,10.9,0.0,0.0,0.0,0.8,0.0,0.0,0.0,0.0,0.0,0.0,0.0,0,0,0.0,0.0,1.0,1.0,0.0,0.0,0.011505814338372316,0.009204651470697853,0.047748623151522646,0.047748623151522646,0.0006260262297071345,-0.0009130460050776042
439,11.16,0.023853211009174292,0.0,0.0,0.8,0.0,0.0,0.0,0.0,0.0,0.0,0.0,0,0,0.0,0.0,1.0,1.0,0.0,0.0,0.0,0.0,0.03103660504848972,0.03103660504848972,0.0003280670133711408,-0.00037806701337114083
440,11.19,0.0026881720430106952,0.0,0.0,0.8,0.0,0.0,0.0,0.0,0.0,0.0,0.0,0,0,0.0,0.0,1.0,1.0,0.0,0.0,0.05589772617355663,0.0447181809388453,0.03582515661011418,0.03582515661011418,0.00040684913481102577,-0.0016083422939862924
441,11.64,0.04021447721179634,0.0,0.0,0.8,0.0,0.0,0.0,0.0,0.0,0.0,0.0,0,0,0.0,0.0,1.0,1.0,0.0,0.0,0.08815197437194384,0.07052157949755508,0.0479689046207185,0.0479689046207185,0.0006303633464936746,-0.0024962940185557178
442,11.71,0.006013745704467378,0.0,0.0,0.8,0.0,0.0,0.0,0.0,0.0,0.0,0.0,0,0,0.0,0.0,1.0,1.0,0.0,0.0,0.2814840776259489,0.22518726210075912,0.08296890462071849,0.08296890462071849,0.0014339178962228588,-0.007282489895317407
443,11.33,-0.0324508966695133,0.0,0.0,0.8,0.0,0.0,0.0,0.0,0.0,0.0,0.0,0,0,-0.0,0.0,1.0,1.0,0.0,0.0,0.3038970090964236,0.24311760727713888,0.11796890462071849,0.11796890462071849,0.00243109858579982,-0.008741376973186147
444,11.39,0.005295675198587864,0.0,0.0,0.8,0.0,0.0,0.0,0.0,0.0,0.0,0.0,0,0,0.0,0.0,1.0,1.0,0.0,0.0,0.15717196762227892,0.12573757409782313,0.1206879389377051,0.1206879389377051,0.0025156316861963068,-0.005803374219215252
445,11.47,0.007023705004389822,0.0,0.0,0.8,0.0,0.0,0.0,0.0,0.0,0.0,0.0,0,0,0.0,0.0,1.0,1.0,0.0,0.0,0.10857898193739343,0.08686318554991475,0.10884927525197849,0.10884927525197849,0.002154713650429205,-0.004441440678339509
446,11.18,-0.025283347863993104,0.0,0.0,0.8,0.0,0.0,0.0,0.0,0.0,0.0,0.0,0,0,-0.0,0.0,1.0,1.0,0.0,0.0,0.12967735045358558,0.10374188036286847,0.10706168704078997,0.10706168704078997,0.002101853170771779,-0.004823206590115642
447,11.13,-0.004472271914132284,0.0,0.0,0.8,0.0,0.0,0.0,0.0,0.0,0.0,0.0,0,0,-0.0,0.0,1.0,1.0,0.0,0.0,0.0,0.0,0.06959009657651348,0.06959009657651348,0.0011014693307696425,-0.0011514693307696424
448,10.64,-0.04402515723270442,0.0,0.0,0.8,0.0,0.0,0.0,0.0,0.0,0.0,0.0,0,0,-0.0,0.0,1.0,1.0,0.0,0.0,0.0,0.0,0.04523356277473376,0.04523356277473376,0.0005772214270231998,-0.0006272214270231999
449,10.74,0.00939849624060147,0.0,0.0,0.8,0.0,0.0,0.0,0.0,0.0,0.0,0.0,0,0,0.0,0.0,1.0,1.0,0.0,0.0,0.0,0.0,0.029401815803576946,0.029401815803576946,0.000302491014962613,-0.00035249101496261304
450,10.44,-0.027932960893854813,0.0,0.0,0.8,0.0,0.0,0.0,0.0,0.0,0.0,0.0,0,0,-0.0,0.0,1.0,1.0,0.0,0.0,0.0,0.0,0.019111180272325015,0.019111180272325015,0.00015851943439624625,-0.00020851943439624624
451,10.73,0.027777777777777866,0.0,0.0,0.8,0.0,0.0,0.0,0.0,0.0,0.0,0.0,0,0,0.0,0.0,1.0,1.0,0.0,0.0,0.0,0.0,0.01242226717701126,0.01242226717701126,8.307159498410761e-05,-0.00013307159498410762
452,10.8,0.006523765144454826,0.0,0.0,0.8,0.0,0.0,0.0,0.0,0.0,0.0,0.0,0,0,0.0,0.0,1.0,1.0,0.0,0.0,0.0,0.0,0.00807447366505732,0.00807447366505732,4.353339967106915e-05,-9.353339967106915e-05
453,10.55,-0.023148148148148147,0.0,0.0,0.8,0.0,0.0,0.0,0.0,0.0,0.0,0.0,0,0,-0.0,0.0,1.0,1.0,0.0,0.0,0.0,0.0,0.005248407882287258,0.005248407882287258,2.2813536772510554e-05,-7.281353677251055e-05
454,10.21,-0.032227488151658754,0.0,0.0,0.8,0.0,0.0,0.0,0.0,0.0,0.0,0.0,0,0,-0.0,0.0,1.0,1.0,0.0,0.0,0.0,0.0,0.003411465123486718,0.003411465123486718,1.1955359884667363e-05,-6.195535988466737e-05
455,10.07,-0.013712047012732669,0.0,0.0,0.8,0.0,0.0,0.0,0.0,0.0,0.0,0.0,0,0,-0.0,0.0,1.0,1.0,0.0,0.0,0.0,0.0,0.0022174523302663667,0.0022174523302663667,6.265167536150712e-06,-5.6265167536150715e-05
456,10.45,0.037735849056603675,0.0,0.0,0.8,0.0,0.0,0.0,0.0,0.0,0.0,0.0,0,0,0.0,0.0,1.0,1.0,0.0,0.0,0.0,0.0,0.0014413440146731384,0.0014413440146731384,3.2832407083267748e-06,-5.328324070832678e-05
457,10.43,-0.0019138755980860837,0.0,0.0,0.8,0.0,0.0,0.0,0.0,0.0,0.0,0.0,0,0,-0.0,0.0,1.0,1.0,0.0,0.0,0.0,0.0,0.00093687360953754,0.00093687360953754,1.7205716346153895e-06,-5.1720571634615395e-05
458,10.41,-0.0019175455417065747,0.0,0.0,0.8,0.0,0.0,0.0,0.0,0.0,0.0,0.0,0,0,-0.0,0.0,1.0,1.0,0.0,0.0,0.0,0.0,0.000608967846199401,0.000608967846199401,9.016599795242406e-07,-5.0901659979524244e-05
459,10.36,-0.004803073967339165,0.0,0.0,0.8,0.0,0.0,0.0,0.0,0.0,0.0,0.0,0,0,-0.0,0.0,1.0,1.0,0.0,0.0,0.0,0.0,0.0003958291000296107,0.0003958291000296107,4.725119851562514e-07,-5.047251198515626e-05
460,10.83,0.04536679536679543,0.0,0.0,0.8,0.0,0.0,0.0,0.0,0.0,0.0,0.0,0,0,0.0,0.0,1.0,1.0,0.0,0.0,0.0,0.0,0.00025728891501924694,0.00025728891501924694,2.476183718768446e-07,-5.0247618371876845e-05
461,11.11,0.025854108956601972,0.0,0.0,0.8,0.0,0.0,0.0,0.0,0.0,0.0,0.0,0,0,0.0,0.0,1.0,1.0,0.0,0.0,0.21273485174774753,0.17018788139819804,0.03525728891501925,0.03525728891501925,0.00039721406866825864,-0.0048295520146718575
462,11.17,0.005400540054005446,0.0,0.0,0.8,0.0,0.0,0.0,0.0,0.0,0.0,0.0,0,0,0.0,0.0,1.0,1.0,0.0,0.0,0.22398776047688268,0.17919020838150615,0.07025728891501926,0.07025728891501926,0.0011173476791368638,-0.005781495544960647
463,11.11,-0.005371530886302641,0.0,0.0,0.8,0.0,0.0,0.0,0.0,0.0,0.0,0.0,0,0,-0.0,0.0,1.0,1.0,0.0,0.0,0.2560542837459029,0.2048434269967223,0.10525728891501926,0.10525728891501926,0.0020489413169948252,-0.007373659562160425
464,11.03,-0.007200720072007207,0.0,0.0,0.8,0.0,0.0,0.0,0.0,0.0,0.0,0.0,0,0,-0.0,0.0,1.0,1.0,0.0,0.0,0.23994698240228834,0.19195758592183068,0.13560239286740328,0.13560239286740328,0.0029960722371032136,-0.007988980074590354
465,11.21,0.016319129646418993,0.0,0.0,0.8,0.0,0.0,0.0,0.0,0.0,0.0,0.0,0,0,0.0,0.0,1.0,1.0,0.0,0.0,0.22481774192876353,0.17985419354301083,0.15109052310386592,0.15109052310386592,0.0035237662171171548,-0.008205011700849684
466,11.5,0.025869759143621687,0.0,0.0,0.8,0.0,0.0,0.0,0.0,0.0,0.0,0.0,0,0,0.0,0.0,1.0,1.0,0.0,0.0,0.17043672857556522,0.13634938286045217,0.14593112401867112,0.14593112401867112,0.003344823006751187,-0.006905819615407831
467,11.23,-0.02347826086956518,0.0,0.0,0.8,0.0,0.0,0.0,0.0,0.0,0.0,0.0,0,0,-0.0,0.0,1.0,1.0,0.0,0.0,0.20750148796801804,0.16600119037441444,0.15295564724318128,0.15295564724318128,0.0035892154171129832,-0.007913746069254154
468,10.97,-0.02315227070347282,0.0,0.0,0.8,0.0,0.0,0.0,0.0,0.0,0.0,0.0,0,0,-0.0,0.0,1.0,1.0,0.0,0.0,0.08254484193149982,0.06603587354519985,0.12253372644888777,0.12253372644888777,0.0025735624562598968,-0.004323986200048793
469,10.76,-0.01914311759343672,0.0,0.0,0.8,0.0,0.0,0.0,0.0,0.0,0.0,0.0,0,0,-0.0,0.0,1.0,1.0,0.0,0.0,0.0,0.0,0.07964692219177705,0.07964692219177705,0.001348667050491254,-0.001398667050491254
470,10.62,-0.01301115241635693,0.0,0.0,0.8,0.0,0.0,0.0,0.0,0.0,0.0,0.0,0,0,-0.0,0.0,1.0,1.0,0.0,0.0,0.0,0.0,0.05177049942465508,0.05177049942465508,0.000706764589550374,-0.0007567645895503741
471,10.98,0.03389830508474588,0.0,0.0,0.8,0.0,0.0,0.0,0.0,0.0,0.0,0.0,0,0,0.0,0.0,1.0,1.0,0.0,0.0,0.0,0.0,0.0336508246260258,0.0336508246260258,0.0003703776887411606,-0.0004203776887411606
472,11.2,0.02003642987249534,0.0,0.0,0.8,0.0,0.0,0.0,0.0,0.0,0.0,0.0,0,0,0.0,0.0,1.0,1.0,0.0,0.0,0.0,0.0,0.021873036006916775,0.021873036006916775,0.00019409522540527152,-0.00024409522540527151
473,11.35,0.013392857142857175,0.0,0.0,0.8,0.0,0.0,0.0,0.0,0.0,0.0,0.0,0,0,0.0,0.0,1.0,1.0,0.0,0.0,0.04589266596423009,0.03671413277138407,0.027067419874480327,0.027067419874480327,0.00026719082452273703,-0.001262579743385877
474,11.3,-0.004405286343612241,0.0,0.0,0.8,0.0,0.0,0.0,0.0,0.0,0.0,0.0,0,0,-0.0,0.0,1.0,1.0,0.0,0.0,0.17113622733857872,0.13690898187086298,0.062067419874480334,0.062067419874480334,0.0009277838079544873,-0.004503190091129209
475,11.35,0.004424778761061852,0.0,0.0,0.8,0.0,0.0,0.0,0.0,0.0,0.0,0.0,0,0,0.0,0.0,1.0,1.0,0.0,0.0,0.2003568967705836,0.1602855174164669,0.09644375401417563,0.09644375401417563,0.0017970593085133812,-0.005974411381987402
476,11.06,-0.025550660792951468,0.0,0.0,0.8,0.0,0.0,0.0,0.0,0.0,0.0,0.0,0,0,-0.0,0.0,1.0,1.0,0.0,0.0,0.24725034830915552,0.1978002786473244,0.13144375401417563,0.13144375401417563,0.0028593095932614976,-0.008002666768430101
477,12.47,0.1274864376130199,0.0,0.0,0.8,0.0,0.0,0.0,0.0,0.0,0.0,0.0,1,0,0.0,0.0,1.0,1.0,0.0,0.0,0.03016218073932552,0.024129744591460417,0.0938838507162253,0.0938838507162253,0.0017259872836442533,-0.002397328206874359
478,12.17,-0.024057738572574233,0.0,0.0,0.8,0.0,0.0,0.0,0.0,0.0,0.0,0.0,0,0,-0.0,0.0,1.0,1.0,0.0,0.0,0.472857051314262,0.3782856410514096,0.1288838507162253,0.1288838507162253,0.002776188847150564,-0.012567044104224361
479,12.3,0.010682004930156187,0.0,0.0,0.8,0.0,0.0,0.0,0.0,0.0,0.0,0.0,0,0,0.0,0.0,1.0,1.0,0.0,0.0,0.33267472672221643,0.26613978137777317,0.1638838507162253,0.1638838507162253,0.003980663715605226,-0.010883763086082885
480,12.57,0.021951219512195086,0.0,0.0,0.8,0.0,0.0,0.0,0.0,0.0,0.0,0.0,0,0,0.0,0.0,1.0,1.0,0.0,0.0,0.37465963083084264,0.29972770466467413,0.1988838507162253,0.1988838507162253,0.005321701739892997,-0.013089690135008356
481,12.76,0.015115354017501949,0.0,0.0,0.8,0.0,0.0,0.0,0.0,0.0,0.0,0.0,0,0,0.0,0.0,1.0,1.0,0.0,0.0,0.4369533486250688,0.34956267890005505,0.2338838507162253,0.2338838507162253,0.006786589857209262,-0.015837828838885678
482,13.06,0.023510971786833913,0.0,0.0,0.8,0.0,0.0,0.0,0.0,0.0,0.0,0.0,0,0,0.0,0.0,1.0,1.0,0.0,0.0,0.5279424982080148,0.4223539985664118,0.2688838507162253,0.2688838507162253,0.008365623770019927,-0.01929123923310503
483,13.64,0.044410413476263406,0.0,0.0,0.8,0.0,0.0,0.0,0.0,0.0,0.0,0.0,0,0,0.0,0.0,1.0,1.0,0.0,0.0,0.3248777494160102,0.2599021995328082,0.2657402728020293,0.2657402728020293,0.00821934699040017,-0.014961828628369981
484,13.53,-0.008064516129032346,0.0,0.0,0.8,0.0,0.0,0.0,0.0,0.0,0.0,0.0,0,0,-0.0,0.0,1.0,1.0,0.0,0.0,0.5427307561700743,0.4341846049360594,0.3007402728020293,0.3007402728020293,0.009895520307511589,-0.021125773884615118
485,13.55,0.0014781966001479194,0.0,0.0,0.8,0.0,0.0,0.0,0.0,0.0,0.0,0.0,0,0,0.0,0.0,1.0,1.0,0.0,0.0,0.475095503261922,0.3800764026095376,0.3285079182346572,0.3285079182346572,0.01129717909025242,-0.021134146457448013
486,13.87,0.023616236162361512,0.0,0.0,0.8,0.0,0.0,0.0,0.0,0.0,0.0,0.0,0,0,0.0,0.0,1.0,1.0,0.0,0.0,0.4127202982840027,0.3301762386272022,0.3290918303720479,0.3290918303720479,0.011327313023322126,-0.019879351167972584
487,13.18,-0.04974765681326601,0.0,0.0,0.8,0.0,0.0,0.0,0.0,0.0,0.0,0.0,0,0,-0.0,0.0,1.0,1.0,0.0,0.0,0.4533525190676001,0.3626820152540801,0.3408483950807592,0.3408483950807592,0.011939692186136417,-0.02132875407892898
488,13.65,0.03566009104704102,0.0,0.0,0.8,0.0,0.0,0.0,0.0,0.0,0.0,0.0,0,0,0.0,0.0,1.0,1.0,0.0,0.0,0.15397284210267867,0.12317827368214294,0.26466385259124353,0.26466385259124353,0.008169457079632536,-0.011391297626947718
489,13.74,0.006593406593406583,0.0,0.0,0.8,0.0,0.0,0.0,0.0,0.0,0.0,0.0,0,0,0.0,0.0,1.0,1.0,0.0,0.0,0.16496266802164086,0.1319701344173127,0.21822105123036772,0.21822105123036772,0.006116404733265424,-0.009564635694511226
490,13.35,-0.028384279475982575,0.0,0.0,0.8,0.0,0.0,0.0,0.0,0.0,0.0,0.0,0,0,-0.0,0.0,1.0,1.0,0.0,0.0,0.20096038815315515,0.16076831052252413,0.1981125919826225,0.1981125919826225,0.00529077594680352,-0.009480559942758517
491,12.02,-0.09962546816479402,0.0,0.0,0.8,0.0,0.0,0.0,0.0,0.0,0.0,0.0,0,0,-0.0,0.0,1.0,1.0,0.0,0.0,0.049813342002831835,0.03985067360226547,0.14272092054949753,0.14272092054949753,0.0032350627404253538,-0.00431121758568369
492,11.94,-0.0066555740432612375,0.0,0.0,0.8,0.0,0.0,0.0,0.0,0.0,0.0,0.0,0,0,-0.0,0.0,1.0,1.0,0.0,0.0,0.0,0.0,0.0927685983571734,0.0927685983571734,0.001695324126939706,-0.0017453241269397058
493,12.44,0.04187604690117253,0.0,0.0,0.8,0.0,0.0,0.0,0.0,0.0,0.0,0.0,0,0,0.0,0.0,1.0,1.0,0.0,0.0,0.0,0.0,0.06029958893216271,0.06029958893216271,0.0008884291050893128,-0.0009384291050893129
494,12.58,0.011254019292604547,0.0,0.0,0.8,0.0,0.0,0.0,0.0,0.0,0.0,0.0,0,0,0.0,0.0,1.0,1.0,0.0,0.0,0.0,0.0,0.03919473280590576,0.03919473280590576,0.00046557838836081683,-0.0005155783883608169
495,12.51,-0.005564387917329116,0.0,0.0,0.8,0.0,0.0,0.0,0.0,0.0,0.0,0.0,0,0,-0.0,0.0,1.0,1.0,0.0,0.0,0.0,0.0,0.025476576323838745,0.025476576323838745,0.00024398484298515254,-0.00029398484298515256
496,12.13,-0.030375699440447563,0.0,0.0,0.8,0.0,0.0,0.0,0.0,0.0,0.0,0.0,0,0,-0.0,0.0,1.0,1.0,0.0,0.0,0.0,0.0,0.016559774610495185,0.016559774610495185,0.00012785946490358934,-0.00017785946490358933
497,11.31,-0.06760098928277002,0.0,0.0,0.8,0.0,0.0,0.0,0.0,0.0,0.0,0.0,0,0,-0.0,0.0,1.0,1.0,0.0,0.0,0.0,0.0,0.01076385349682187,0.01076385349682187,6.700433750479752e-05,-0.00011700433750479753
498,11.16,-0.013262599469496051,0.0,0.0,0.8,0.0,0.0,0.0,0.0,0.0,0.0,0.0,0,0,-0.0,0.0,1.0,1.0,0.0,0.0,0.0,0.0,0.006996504772934216,0.006996504772934216,3.511340554914822e-05,-8.511340554914822e-05
499,11.36,0.017921146953404955,0.0,0.0,0.8,0.0,0.0,0.0,0.0,0.0,0.0,0.0,0,0,0.0,0.0,1.0,1.0,0.0,0.0,0.0,0.0,0.004547728102407241,0.004547728102407241,1.8401066187255023e-05,-6.840106618725503e-05
500,11.66,0.026408450704225418,0.0,0.0,0.8,0.0,0.0,0.0,0.0,0.0,0.0,0.0,0,0,0.0,0.0,1.0,1.0,0.0,0.0,0.0,0.0,0.0029560232665647064,0.0029560232665647064,9.643018998934832e-06,-5.9643018998934836e-05
501,11.44,-0.01886792452830194,0.0,0.0,0.8,0.0,0.0,0.0,0.0,0.0,0.0,0.0,0,0,-0.0,0.0,1.0,1.0,0.0,0.0,0.0,0.0,0.0019214151232670592,0.0019214151232670592,5.05339280167491e-06,-5.505339280167491e-05
502,11.74,0.026223776223776286,0.0,0.0,0.8,0.0,0.0,0.0,0.0,0.0,0.0,0.0,0,0,0.0,0.0,1.0,1.0,0.0,0.0,0.0,0.0,0.0012489198301235886,0.0012489198301235886,2.6482140925824785e-06,-5.2648214092582483e-05
503,12.04,0.02555366269165238,0.0,0.0,0.8,0.0,0.0,0.0,0.0,0.0,0.0,0.0,0,0,0.0,0.0,1.0,1.0,0.0,0.0,0.017578012747378566,0.014062410197902853,0.005733641458846331,0.005733641458846331,2.6049359420805805e-05,-0.0004381564220168043
504,11.83,-0.017441860465116202,0.0,0.0,0.8,0.0,0.0,0.0,0.0,0.0,0.0,0.0,0,0,-0.0,0.0,1.0,1.0,0.0,0.0,0.1699675435934198,0.13597403487473586,0.04073364145884633,0.04073364145884633,0.0004932659132779019,-0.00404459731130235
505,11.76,-0.005917159763313634,0.0,0.0,0.8,0.0,0.0,0.0,0.0,0.0,0.0,0.0,0,0,-0.0,0.0,1.0,1.0,0.0,0.0,0.055952606576781666,0.04476208526142533,0.04214359678974898,0.04214359678974898,0.0005190971537868523,-0.0017217208492685547
506,11.65,-0.00935374149659859,0.0,0.0,0.8,0.0,0.0,0.0,0.0,0.0,0.0,0.0,0,0,-0.0,0.0,1.0,1.0,0.0,0.0,0.0,0.0,0.027393337913336837,0.027393337913336837,0.0002720311782654553,-0.0003220311782654553
507,11.45,-0.017167381974249017,0.0,0.0,0.8,0.0,0.0,0.0,0.0,0.0,0.0,0.0,0,0,-0.0,0.0,1.0,1.0,0.0,0.0,0.0,0.0,0.017805669643668944,0.017805669643668944,0.0001425570558587143,-0.0001925570558587143
508,11.56,0.009606986899563425,0.0,0.0,0.8,0.0,0.0,0.0,0.0,0.0,0.0,0.0,0,0,0.0,0.0,1.0,1.0,0.0,0.0,0.0,0.0,0.011573685268384815,0.011573685268384815,7.470656233115066e-05,-0.00012470656233115067
509,11.31,-0.02162629757785467,0.0,0.0,0.8,0.0,0.0,0.0,0.0,0.0,0.0,0.0,0,0,-0.0,0.0,1.0,1.0,0.0,0.0,0.0,0.0,0.0075228954244501295,0.0075228954244501295,3.9149731465199426e-05,-8.914973146519943e-05
510,12.29,0.08664898320070721,0.0,0.0,0.8,0.0,0.0,0.0,0.0,0.0,0.0,0.0,0,0,0.0,0.0,1.0,1.0,0.0,0.0,0.0,0.0,0.004889882025892584,0.004889882025892584,2.051628968019225e-05,-7.051628968019226e-05
511,12.32,0.002441008950366244,0.0,0.0,0.8,0.0,0.0,0.0,0.0,0.0,0.0,0.0,0,0,0.0,0.0,1.0,1.0,0.0,0.0,0.19279747125675412,0.15423797700540332,0.03988988202589258,0.03988988202589258,0.00047801924126405425,-0.00449964714915319
512,12.18,-0.011363636363636409,0.0,0.0,0.8,0.0,0.0,0.0,0.0,0.0,0.0,0.0,0,0,-0.0,0.0,1.0,1.0,0.0,0.0,0.2285883558992195,0.18287068471937562,0.07488988202589258,0.07488988202589258,0.001229662616452253,-0.005988582747976174
513,12.43,0.020525451559934318,0.0,0.0,0.8,0.0,0.0,0.0,0.0,0.0,0.0,0.0,0,0,0.0,0.0,1.0,1.0,0.0,0.0,0.22593816862466704,0.18075053489973364,0.10988988202589259,0.10988988202589259,0.0021856862043730927,-0.006890012478041234
514,12.33,-0.008045052292839874,0.0,0.0,0.8,0.0,0.0,0.0,0.0,0.0,0.0,0.0,0,0,-0.0,0.0,1.0,1.0,0.0,0.0,0.28636922928070196,0.2290953834245616,0.1448898820258926,0.1448898820258926,0.003309088166863892,-0.009258294290046352
515,12.0,-0.026763990267639908,0.0,0.0,0.8,0.0,0.0,0.0,0.0,0.0,0.0,0.0,0,0,-0.0,0.0,1.0,1.0,0.0,0.0,0.31088666121920194,0.24870932897536158,0.1798898820258926,0.1798898820258926,0.004577847866255007,-0.011032113087370567
516,11.98,-0.0016666666666666312,0.0,0.0,0.8,0.0,0.0,0.0,0.0,0.0,0.0,0.0,0,0,-0.0,0.0,1.0,1.0,0.0,0.0,0.0,0.0,0.11692842331683019,0.11692842331683019,0.0023990063129660172,-0.0024490063129660174
517,11.95,-0.0025041736227046025,0.0,0.0,0.8,0.0,0.0,0.0,0.0,0.0,0.0,0.0,0,0,-0.0,0.0,1.0,1.0,0.0,0.0,0.0,0.0,0.07600347515593962,0.07600347515593962,0.0012571914702702814,-0.0013071914702702813
518,12.14,0.015899581589958266,0.0,0.0,0.8,0.0,0.0,0.0,0.0,0.0,0.0,0.0,0,0,0.0,0.0,1.0,1.0,0.0,0.0,0.0,0.0,0.04940225885136076,0.04940225885136076,0.0006588271086982925,-0.0007088271086982925
519,12.24,0.008237232289950547,0.0,0.0,0.8,0.0,0.0,0.0,0.0,0.0,0.0,0.0,0,0,0.0,0.0,1.0,1.0,0.0,0.0,0.0,0.0,0.03211146825338449,0.03211146825338449,0.0003452562075229761,-0.0003952562075229761
520,11.69,-0.04493464052287587,0.0,0.0,0.8,0.0,0.0,0.0,0.0,0.0,0.0,0.0,0,0,-0.0,0.0,1.0,1.0,0.0,0.0,0.018939913571758324,0.01515193085740666,0.026175630164792255,0.026175630164792255,0.00025409549731183226,-0.0006942577168900538
521,11.8,0.009409751924722088,0.0,0.0,0.8,0.0,0.0,0.0,0.0,0.0,0.0,0.0,0,0,0.0,0.0,1.0,1.0,0.0,0.0,0.0,0.0,0.017014159607114967,0.017014159607114967,0.00013315792048065604,-0.00018315792048065603
522,11.9,0.00847457627118641,0.0,0.0,0.8,0.0,0.0,0.0,0.0,0.0,0.0,0.0,0,0,0.0,0.0,1.0,1.0,0.0,0.0,0.0,0.0,0.011059203744624728,0.011059203744624728,6.978097594926193e-05,-0.00011978097594926194
523,11.89,-0.0008403361344537636,0.0,0.0,0.8,0.0,0.0,0.0,0.0,0.0,0.0,0.0,0,0,-0.0,0.0,1.0,1.0,0.0,0.0,0.0,0.0,0.007188482434006074,0.007188482434006074,3.6568493912000166e-05,-8.656849391200017e-05
524,11.88,-0.0008410428931875346,0.0,0.0,0.8,0.0,0.0,0.0,0.0,0.0,0.0,0.0,0,0,-0.0,0.0,1.0,1.0,0.0,0.0,0.0,0.0,0.004672513582103948,0.004672513582103948,1.916360052006606e-05,-6.916360052006606e-05
525,11.92,0.003367003367003295,0.0,0.0,0.8,0.0,0.0,0.0,0.0,0.0,0.0,0.0,0,0,0.0,0.0,1.0,1.0,0.0,0.0,0.0,0.0,0.0030371338283675664,0.0030371338283675664,1.0042622640583049e-05,-6.004262264058305e-05
526,11.66,-0.021812080536912734,0.0,0.0,0.8,0.0,0.0,0.0,0.0,0.0,0.0,0.0,0,0,-0.0,0.0,1.0,1.0,0.0,0.0,0.055550145483846784,0.04444011638707743,0.017528177723916016,0.017528177723916016,0.00013923755946364998,-0.0013335705564308938
527,11.32,-0.02915951972555745,0.0,0.0,0.8,0.0,0.0,0.0,0.0,0.0,0.0,0.0,0,0,-0.0,0.0,1.0,1.0,0.0,0.0,0.0,0.0,0.011393315520545412,0.011393315520545412,7.296699102159949e-05,-0.0001229669910215995
528,11.09,-0.020318021201413464,0.0,0.0,0.8,0.0,0.0,0.0,0.0,0.0,0.0,0.0,0,0,-0.0,0.0,1.0,1.0,0.0,0.0,0.0,0.0,0.007405655088354518,0.007405655088354518,3.823811476770488e-05,-8.823811476770488e-05
529,11.36,0.024346257889990945,0.0,0.0,0.8,0.0,0.0,0.0,0.0,0.0,0.0,0.0,0,0,0.0,0.0,1.0,1.0,0.0,0.0,0.0,0.0,0.004813675807430437,0.004813675807430437,2.003855990930676e-05,-7.003855990930677e-05
530,11.06,-0.026408450704225258,0.0,0.0,0.8,0.0,0.0,0.0,0.0,0.0,0.0,0.0,0,0,-0.0,0.0,1.0,1.0,0.0,0.0,0.0,0.0,0.003128889274829784,0.003128889274829784,1.0501142268080954e-05,-6.050114226808096e-05
531,10.71,-0.03164556962025313,0.0,0.0,0.8,0.0,0.0,0.0,0.0,0.0,0.0,0.0,0,0,-0.0,0.0,1.0,1.0,0.0,0.0,0.0,0.0,0.0020337780286393595,0.0020337780286393595,5.503089515093369e-06,-5.550308951509337e-05
532,10.77,0.005602240896358424,0.0,0.0,0.8,0.0,0.0,0.0,0.0,0.0,0.0,0.0,0,0,0.0,0.0,1.0,1.0,0.0,0.0,0.0,0.0,0.0013219557186155838,0.0013219557186155838,2.883876195371732e-06,-5.288387619537173e-05
533,11.0,0.021355617455896047,0.0,0.0,0.8,0.0,0.0,0.0,0.0,0.0,0.0,0.0,0,0,0.0,0.0,1.0,1.0,0.0,0.0,0.0,0.0,0.0008592712171001295,0.0008592712171001295,1.5112859580825168e-06,-5.151128595808252e-05
534,10.88,-0.010909090909090839,0.0,0.0,0.8,0.0,0.0,0.0,0.0,0.0,0.0,0.0,0,0,-0.0,0.0,1.0,1.0,0.0,0.0,0.0,0.0,0.0005585262911150842,0.0005585262911150842,7.919845001539621e-07,-5.079198450015396e-05
535,10.75,-0.011948529411764776,0.0,0.0,0.8,0.0,0.0,0.0,0.0,0.0,0.0,0.0,0,0,-0.0,0.0,1.0,1.0,0.0,0.0,0.0,0.0,0.0003630420892248048,0.0003630420892248048,4.1503690623841134e-07,-5.041503690623841e-05
536,10.71,-0.0037209302325580604,0.0,0.0,0.8,0.0,0.0,0.0,0.0,0.0,0.0,0.0,0,0,-0.0,0.0,1.0,1.0,0.0,0.0,0.0,0.0,0.00023597735799612312,0.00023597735799612312,2.174987433547819e-07,-5.0217498743354786e-05
537,10.97,0.024276377217553668,0.0,0.0,0.8,0.0,0.0,0.0,0.0,0.0,0.0,0.0,0,0,0.0,0.0,1.0,1.0,0.0,0.0,0.0,0.0,0.00015338528269748003,0.00015338528269748003,1.1397951037572373e-07,-5.011397951037573e-05
538,10.89,-0.007292616226071109,0.0,0.0,0.8,0.0,0.0,0.0,0.0,0.0,0.0,0.0,0,0,-0.0,0.0,1.0,1.0,0.0,0.0,0.0007697867532462863,0.0006158294025970291,0.00031524072466232217,0.00031524072466232217,3.358263166585281e-07,-6.619343343353203e-05
539,10.71,-0.016528925619834683,0.0,0.0,0.8,0.0,0.0,0.0,0.0,0.0,0.0,0.0,0,0,-0.0,0.0,1.0,1.0,0.0,0.0,0.0,0.0,0.00020490647103050942,0.00020490647103050942,1.7598869103158072e-07,-5.0175988691031585e-05
540,10.72,0.0009337068160597372,0.0,0.0,0.8,0.0,0.0,0.0,0.0,0.0,0.0,0.0,0,0,0.0,0.0,1.0,1.0,0.0,0.0,0.0,0.0,0.00013318920616983113,0.00013318920616983113,9.222630221234828e-08,-5.009222630221235e-05
541,10.38,-0.03171641791044775,0.0,0.0,0.8,0.0,0.0,0.0,0.0,0.0,0.0,0.0,0,0,-0.0,0.0,1.0,1.0,0.0,0.0,0.0,0.0,8.657298401039023e-05,8.657298401039023e-05,4.833089427454785e-08,-5.004833089427455e-05
542,10.32,-0.005780346820809296,0.0,0.0,0.8,0.0,0.0,0.0,0.0,0.0,0.0,0.0,0,0,-0.0,0.0,1.0,1.0,0.0,0.0,0.0,0.0,5.6272439606753654e-05,5.6272439606753654e-05,2.5327648245066147e-08,-5.0025327648245066e-05
543,10.43,0.010658914728682115,0.0,0.0,0.8,0.0,0.0,0.0,0.0,0.0,0.0,0.0,0,0,0.0,0.0,1.0,1.0,0.0,0.0,0.0,0.0,3.657708574438988e-05,3.657708574438988e-05,1.3272871840147709e-08,-5.001327287184015e-05
544,10.71,0.026845637583892728,0.0,0.0,0.8,0.0,0.0,0.0,0.0,0.0,0.0,0.0,0,0,0.0,0.0,1.0,1.0,0.0,0.0,0.0,0.0,2.3775105733853424e-05,2.3775105733853424e-05,6.955605399301293e-09,-5.0006955605399304e-05
545,10.74,0.002801120448179212,0.0,0.0,0.8,0.0,0.0,0.0,0.0,0.0,0.0,0.0,0,0,0.0,0.0,1.0,1.0,0.0,0.0,0.0,0.0,1.5453818727004726e-05,1.5453818727004726e-05,3.6450624291005653e-09,-5.00036450624291e-05
546,11.0,0.02420856610800743,0.0,0.0,0.8,0.0,0.0,0.0,0.0,0.0,0.0,0.0,0,0,0.0,0.0,1.0,1.0,0.0,0.0,0.0,0.0,1.0044982172553073e-05,1.0044982172553073e-05,1.910183132783118e-09,-5.0001910183132786e-05
547,11.17,0.015454545454545448,0.0,0.0,0.8,0.0,0.0,0.0,0.0,0.0,0.0,0.0,0,0,0.0,0.0,1.0,1.0,0.0,0.0,0.19598377251624746,0.156787018012998,0.03501004498217255,0.03501004498217255,0.0003930431697137373,-0.004480308883548435
548,11.08,-0.008057296329453881,0.0,0.0,0.8,0.0,0.0,0.0,0.0,0.0,0.0,0.0,0,0,-0.0,0.0,1.0,1.0,0.0,0.0,0.27734846762524734,0.22187877410019788,0.07001004498217256,0.07001004498217256,0.0011114547479505771,-0.006874833181030672
549,10.88,-0.018050541516245425,0.0,0.0,0.8,0.0,0.0,0.0,0.0,0.0,0.0,0.0,0,0,-0.0,0.0,1.0,1.0,0.0,0.0,0.21497301312470563,0.1719784104997645,0.10501004498217256,0.10501004498217256,0.0020417262721661358,-0.006520170342535072
550,10.9,0.0018382352941176078,0.0,0.0,0.8,0.0,0.0,0.0,0.0,0.0,0.0,0.0,0,0,0.0,0.0,1.0,1.0,0.0,0.0,0.05942440621497002,0.04753952497197602,0.08489536297860377,0.08489536297860377,0.0014841479778620484,-0.002758290745890431
551,10.93,0.0027522935779815925,0.0,0.0,0.8,0.0,0.0,0.0,0.0,0.0,0.0,0.0,0,0,0.0,0.0,1.0,1.0,0.0,0.0,0.06042266318280498,0.04833813054624399,0.07210033162727784,0.07210033162727784,0.001161601445496198,-0.002456308307061981
552,11.01,0.007319304666056731,0.0,0.0,0.8,0.0,0.0,0.0,0.0,0.0,0.0,0.0,0,0,0.0,0.0,1.0,1.0,0.0,0.0,0.0,0.0,0.0468652155577306,0.0468652155577306,0.0006087334665351238,-0.0006587334665351238
553,11.0,-0.0009082652134423058,0.0,0.0,0.8,0.0,0.0,0.0,0.0,0.0,0.0,0.0,0,0,-0.0,0.0,1.0,1.0,0.0,0.0,0.0,0.0,0.03046239011252489,0.03046239011252489,0.00031900479696939343,-0.00036900479696939345
554,10.79,-0.01909090909090917,0.0,0.0,0.8,0.0,0.0,0.0,0.0,0.0,0.0,0.0,0,0,-0.0,0.0,1.0,1.0,0.0,0.0,0.00483377971091483,0.0038670237687318644,0.02115401189219733,0.02115401189219733,0.00018460368525819967,-0.00033417954730304516
555,10.81,0.001853568118628485,0.0,0.0,0.8,0.0,0.0,0.0,0.0,0.0,0.0,0.0,0,0,0.0,0.0,1.0,1.0,0.0,0.0,0.0,0.0,0.013750107729928265,0.013750107729928265,9.674096196943016e-05,-0.00014674096196943016
556,10.74,-0.0064754856614246325,0.0,0.0,0.8,0.0,0.0,0.0,0.0,0.0,0.0,0.0,0,0,-0.0,0.0,1.0,1.0,0.0,0.0,0.0,0.0,0.008937570024453372,0.008937570024453372,5.069678706403308e-05,-0.00010069678706403309
557,10.83,0.00837988826815641,0.0,0.0,0.8,0.0,0.0,0.0,0.0,0.0,0.0,0.0,0,0,0.0,0.0,1.0,1.0,0.0,0.0,0.0,0.0,0.0058094205158946925,0.0058094205158946925,2.656748668085476e-05,-7.656748668085476e-05
558,11.02,0.01754385964912276,0.0,0.0,0.8,0.0,0.0,0.0,0.0,0.0,0.0,0.0,0,0,0.0,0.0,1.0,1.0,0.0,0.0,0.0,0.0,0.00377612333533155,0.00377612333533155,1.3922605147460088e-05,-6.392260514746008e-05
559,11.09,0.006352087114337594,0.0,0.0,0.8,0.0,0.0,0.0,0.0,0.0,0.0,0.0,0,0,0.0,0.0,1.0,1.0,0.0,0.0,0.03477255805680073,0.027818046445440586,0.012190796423869712,0.012190796423869712,8.076056876410755e-05,-0.0008470752647342027
560,11.11,0.001803426510369664,0.0,0.0,0.8,0.0,0.0,0.0,0.0,0.0,0.0,0.0,0,0,0.0,0.0,1.0,1.0,0.0,0.0,0.11894707817863862,0.0951576625429109,0.04122919956553413,0.04122919956553413,0.0005022947112827775,-0.003002604521762733
561,10.8,-0.02790279027902779,0.0,0.0,0.8,0.0,0.0,0.0,0.0,0.0,0.0,0.0,0,0,-0.0,0.0,1.0,1.0,0.0,0.0,0.11880071115745411,0.0950405689259633,0.060063178841684335,0.060063178841684335,0.0008832094773083766,-0.0033805041271519312
562,10.31,-0.04537037037037039,0.0,0.0,0.8,0.0,0.0,0.0,0.0,0.0,0.0,0.0,0,0,-0.0,0.0,1.0,1.0,0.0,0.0,0.007369252321619696,0.005895401857295757,0.04110445689714833,0.04110445689714833,0.0005000168293947974,-0.0007018234272201631
563,10.53,0.02133850630455857,0.0,0.0,0.8,0.0,0.0,0.0,0.0,0.0,0.0,0.0,0,0,0.0,0.0,1.0,1.0,0.0,0.0,0.0,0.0,0.026717896983146416,0.026717896983146416,0.0002620321962094121,-0.0003120321962094121
564,10.62,0.008547008547008534,0.0,0.0,0.8,0.0,0.0,0.0,0.0,0.0,0.0,0.0,0,0,0.0,0.0,1.0,1.0,0.0,0.0,0.0,0.0,0.017366633039045173,0.017366633039045173,0.00013731712177254623,-0.00018731712177254623
565,10.96,0.03201506591337115,0.0,0.0,0.8,0.0,0.0,0.0,0.0,0.0,0.0,0.0,0,0,0.0,0.0,1.0,1.0,0.0,0.0,0.0,0.0,0.011288311475379363,0.011288311475379363,7.196059188400982e-05,-0.00012196059188400983
566,11.15,0.01733576642335762,0.0,0.0,0.8,0.0,0.0,0.0,0.0,0.0,0.0,0.0,0,0,0.0,0.0,1.0,1.0,0.0,0.0,0.0,0.0,0.007337402458996586,0.007337402458996586,3.771071456678551e-05,-8.771071456678552e-05
567,11.55,0.03587443946188344,0.0,0.0,0.8,0.0,0.0,0.0,0.0,0.0,0.0,0.0,0,0,0.0,0.0,1.0,1.0,0.0,0.0,0.13225794982069972,0.10580635985655978,0.041801537548143704,0.041801537548143704,0.0005127901033521636,-0.0032873038696585775
568,12.21,0.057142857142857155,0.0,0.0,0.8,0.0,0.0,0.0,0.0,0.0,0.0,0.0,0,0,0.0,0.0,1.0,1.0,0.0,0.0,0.39668942427515064,0.3173515394201205,0.0768015375481437,0.0768015375481437,0.0012770447684019755,-0.009498846908470079
569,11.69,-0.0425880425880427,0.0,0.0,0.8,0.0,0.0,0.0,0.0,0.0,0.0,0.0,0,0,-0.0,0.0,1.0,1.0,0.0,0.0,0.5359545392026952,0.4287636313621562,0.1118015375481437,0.1118015375481437,0.0022429671585722497,-0.01333363066614777
570,11.63,-0.005132591958939155,0.0,0.0,0.8,0.0,0.0,0.0,0.0,0.0,0.0,0.0,0,0,-0.0,0.0,1.0,1.0,0.0,0.0,0.36277498740719416,0.2902199899257553,0.1468015375481437,0.1468015375481437,0.0033747931331991844,-0.010897957873787384
571,11.5,-0.011177987962166876,0.0,0.0,0.8,0.0,0.0,0.0,0.0,0.0,0.0,0.0,0,0,-0.0,0.0,1.0,1.0,0.0,0.0,0.25521235759660266,0.20416988607728215,0.16688045953334216,0.16688045953334216,0.0040903406747054595,-0.009397715241195474
572,11.43,-0.0060869565217391555,0.0,0.0,0.8,0.0,0.0,0.0,0.0,0.0,0.0,0.0,0,0,-0.0,0.0,1.0,1.0,0.0,0.0,0.1514229905924862,0.12113839247398897,0.15087073606256854,0.15087073606256854,0.0035160801318411205,-0.006685393738046336
573,11.29,-0.012248468941382377,0.0,0.0,0.8,0.0,0.0,0.0,0.0,0.0,0.0,0.0,0,0,-0.0,0.0,1.0,1.0,0.0,0.0,0.014936986301328153,0.011949589041062523,0.10224833460504144,0.10224833460504144,0.001961713654380351,-0.002319415572187711
574,11.55,0.023029229406554615,0.0,0.0,0.8,0.0,0.0,0.0,0.0,0.0,0.0,0.0,0,0,0.0,0.0,1.0,1.0,0.0,0.0,0.0,0.0,0.06646141749327694,0.06646141749327694,0.0010280296721481184,-0.0010780296721481183
575,11.49,-0.005194805194805237,0.0,0.0,0.8,0.0,0.0,0.0,0.0,0.0,0.0,0.0,0,0,-0.0,0.0,1.0,1.0,0.0,0.0,0.018978863923199314,0.015183091138559451,0.04851400326912582,0.04851400326912582,0.0006411385934199331,-0.001082103190237839
576,11.4,-0.007832898172323747,0.0,0.0,0.8,0.0,0.0,0.0,0.0,0.0,0.0,0.0,0,0,-0.0,0.0,1.0,1.0,0.0,0.0,0.0061305480637542445,0.004904438451003396,0.03325065558278297,0.03325065558278297,0.0003637906803533256,-0.000540079970466663
577,11.32,-0.007017543859649129,0.0,0.0,0.8,0.0,0.0,0.0,0.0,0.0,0.0,0.0,0,0,-0.0,0.0,1.0,1.0,0.0,0.0,0.0,0.0,0.021612926128808933,0.021612926128808933,0.00019064332504343108,-0.00024064332504343107
578,11.32,0.0,0.0,0.0,0.8,0.0,0.0,0.0,0.0,0.0,0.0,0.0,0,0,0.0,0.0,1.0,1.0,0.0,0.0,0.0,0.0,0.014048401983725808,0.014048401983725808,9.990601559203208e-05,-0.00014990601559203208
579,11.24,-0.007067137809187285,0.0,0.0,0.8,0.0,0.0,0.0,0.0,0.0,0.0,0.0,0,0,-0.0,0.0,1.0,1.0,0.0,0.0,0.017638591305459896,0.014110873044367917,0.014070266854950546,0.014070266854950546,0.00010013934624855489,-0.0005134943271410288
580,11.15,-0.008007117437722406,0.0,0.0,0.8,0.0,0.0,0.0,0.0,0.0,0.0,0.0,0,0,-0.0,0.0,1.0,1.0,0.0,0.0,0.0,0.0,0.009145673455717856,0.009145673455717856,5.24776993131276e-05,-0.0001024776993131276
581,10.98,-0.015246636771300441,0.0,0.0,0.8,0.0,0.0,0.0,0.0,0.0,0.0,0.0,0,0,-0.0,0.0,1.0,1.0,0.0,0.0,0.0,0.0,0.0059446877462166064,0.0059446877462166064,2.7500767963509392e-05,-7.75007679635094e-05
582,10.96,-0.0018214936247722745,0.0,0.0,0.8,0.0,0.0,0.0,0.0,0.0,0.0,0.0,0,0,-0.0,0.0,1.0,1.0,0.0,0.0,0.0,0.0,0.0038640470350407943,0.0038640470350407943,1.441168817386767e-05,-6.441168817386767e-05
583,11.23,0.024635036496350324,0.0,0.0,0.8,0.0,0.0,0.0,0.0,0.0,0.0,0.0,0,0,0.0,0.0,1.0,1.0,0.0,0.0,0.0,0.0,0.0025116305727765163,0.0025116305727765163,7.552398401978767e-06,-5.755239840197877e-05
584,11.2,-0.0026714158504008135,0.0,0.0,0.8,0.0,0.0,0.0,0.0,0.0,0.0,0.0,0,0,-0.0,0.0,1.0,1.0,0.0,0.0,0.0,0.0,0.0016325598723047356,0.0016325598723047356,3.9578098647484085e-06,-5.395780986474841e-05
585,11.02,-0.016071428571428546,0.0,0.0,0.8,0.0,0.0,0.0,0.0,0.0,0.0,0.0,0,0,-0.0,0.0,1.0,1.0,0.0,0.0,0.0,0.0,0.0010611639169980781,0.0010611639169980781,2.0740774111434193e-06,-5.207407741114342e-05
586,10.99,-0.002722323049001757,0.0,0.0,0.8,0.0,0.0,0.0,0.0,0.0,0.0,0.0,0,0,-0.0,0.0,1.0,1.0,0.0,0.0,0.0,0.0,0.0006897565460487508,0.0006897565460487508,1.0869135341065319e-06,-5.1086913534106534e-05
587,10.86,-0.011828935395814448,0.0,0.0,0.8,0.0,0.0,0.0,0.0,0.0,0.0,0.0,0,0,-0.0,0.0,1.0,1.0,0.0,0.0,0.0,0.0,0.00044834175493168807,0.00044834175493168807,5.695935090352615e-07,-5.056959350903526e-05
588,11.29,0.03959484346224675,0.0,0.0,0.8,0.0,0.0,0.0,0.0,0.0,0.0,0.0,0,0,0.0,0.0,1.0,1.0,0.0,0.0,0.0,0.0,0.00029142214070559724,0.00029142214070559724,2.984936293040063e-07,-5.029849362930401e-05
589,10.97,-0.028343666961913067,0.0,0.0,0.8,0.0,0.0,0.0,0.0,0.0,0.0,0.0,0,0,-0.0,0.0,1.0,1.0,0.0,0.0,0.017752183609372113,0.014201746887497691,0.00516003580208283,0.00516003580208283,2.2239771599374555e-05,-0.0004379347539524401
590,10.58,-0.035551504102096676,0.0,0.0,0.8,0.0,0.0,0.0,0.0,0.0,0.0,0.0,0,0,-0.0,0.0,1.0,1.0,0.0,0.0,0.0,0.0,0.00335402327135384,0.00335402327135384,1.165468010833409e-05,-6.165468010833409e-05
591,10.62,0.0037807183364838514,0.0,0.0,0.8,0.0,0.0,0.0,0.0,0.0,0.0,0.0,0,0,0.0,0.0,1.0,1.0,0.0,0.0,0.0,0.0,0.002180115126379996,0.002180115126379996,6.107597275478238e-06,-5.610759727547824e-05
592,10.69,0.006591337099811703,0.0,0.0,0.8,0.0,0.0,0.0,0.0,0.0,0.0,0.0,0,0,0.0,0.0,1.0,1.0,0.0,0.0,0.0,0.0,0.0014170748321469975,0.0014170748321469975,3.20066652475125e-06,-5.320066652475125e-05
593,10.71,0.0018709073900843173,0.0,0.0,0.8,0.0,0.0,0.0,0.0,0.0,0.0,0.0,0,0,0.0,0.0,1.0,1.0,0.0,0.0,0.0,0.0,0.0009210986408955484,0.0009210986408955484,1.6772989017782113e-06,-5.167729890177821e-05
594,10.68,-0.0028011204481793775,0.0,0.0,0.8,0.0,0.0,0.0,0.0,0.0,0.0,0.0,0,0,-0.0,0.0,1.0,1.0,0.0,0.0,0.0,0.0,0.0005987141165821065,0.0005987141165821065,8.789830443598121e-07,-5.087898304435981e-05
595,10.73,0.004681647940074973,0.0,0.0,0.8,0.0,0.0,0.0,0.0,0.0,0.0,0.0,0,0,0.0,0.0,1.0,1.0,0.0,0.0,0.0,0.0,0.00038916417577836924,0.00038916417577836924,4.6062821090084133e-07,-5.046062821090084e-05
596,10.8,0.006523765144454826,0.0,0.0,0.8,0.0,0.0,0.0,0.0,0.0,0.0,0.0,0,0,0.0,0.0,1.0,1.0,0.0,0.0,0.006076031057704032,0.004860824846163226,0.001954245410413069,0.001954245410413069,5.183461789191376e-06,-0.00018034970157789444
597,10.8,0.0,0.0,0.0,0.8,0.0,0.0,0.0,0.0,0.0,0.0,0.0,0,0,0.0,0.0,1.0,1.0,0.0,0.0,0.027847519408358907,0.022278015526687126,0.009067564951108989,0.009067564951108989,5.1806859099896757e-05,-0.0006754657589120903
598,10.42,-0.03518518518518526,0.0,0.0,0.8,0.0,0.0,0.0,0.0,0.0,0.0,0.0,0,0,-0.0,0.0,1.0,1.0,0.0,0.0,0.011509476026719118,0.009207580821375294,0.009116570505702196,0.009116570505702196,5.222741043646584e-05,-0.00033932261658687967
599,10.73,0.029750479846449185,0.0,0.0,0.8,0.0,0.0,0.0,0.0,0.0,0.0,0.0,0,0,0.0,0.0,1.0,1.0,0.0,0.0,0.0,0.0,0.005925770828706428,0.005925770828706428,2.7369604890222744e-05,-7.736960489022275e-05
600,10.53,-0.01863932898415667,0.0,0.0,0.8,0.0,0.0,0.0,0.0,0.0,0.0,0.0,0,0,-0.0,0.0,1.0,1.0,0.0,0.0,0.0,0.0,0.003851751038659178,0.003851751038659178,1.4342952591114433e-05,-6.434295259111443e-05
601,10.55,0.0018993352326686942,0.0,0.0,0.8,0.0,0.0,0.0,0.0,0.0,0.0,0.0,0,0,0.0,0.0,1.0,1.0,0.0,0.0,0.0,0.0,0.002503638175128466,0.002503638175128466,7.516377742977422e-06,-5.7516377742977424e-05
602,10.42,-0.012322274881516661,0.0,0.0,0.8,0.0,0.0,0.0,0.0,0.0,0.0,0.0,0,0,-0.0,0.0,1.0,1.0,0.0,0.0,0.0,0.0,0.0016273648138335028,0.0016273648138335028,3.938933355334801e-06,-5.3938933355334804e-05
603,10.66,0.02303262955854129,0.0,0.0,0.8,0.0,0.0,0.0,0.0,0.0,0.0,0.0,0,0,0.0,0.0,1.0,1.0,0.0,0.0,0.0,0.0,0.0010577871289917768,0.0010577871289917768,2.0641852376651748e-06,-5.2064185237665174e-05
604,10.82,0.015009380863039413,0.0,0.0,0.8,0.0,0.0,0.0,0.0,0.0,0.0,0.0,0,0,0.0,0.0,1.0,1.0,0.0,0.0,0.05437951646051611,0.04350361316841289,0.015913826242789166,0.015913826242789166,0.00012045176499625928,-0.0012906698040828911
605,10.84,0.0018484288354897942,0.0,0.0,0.8,0.0,0.0,0.0,0.0,0.0,0.0,0.0,0,0,0.0,0.0,1.0,1.0,0.0,0.0,0.035821123901440086,0.02865689912115207,0.02037390175021618,0.02037390175021618,0.00017448679344197131,-0.0009624019458116372
606,10.95,0.010147601476014708,0.0,0.0,0.8,0.0,0.0,0.0,0.0,0.0,0.0,0.0,0,0,0.0,0.0,1.0,1.0,0.0,0.0,0.10214977308202602,0.08171981846562082,0.0418449726006078,0.0418449726006078,0.0005135895542052741,-0.0026678748796950106
607,11.1,0.013698630136986335,0.0,0.0,0.8,0.0,0.0,0.0,0.0,0.0,0.0,0.0,0,0,0.0,0.0,1.0,1.0,0.0,0.0,0.1421826715099083,0.11374613720792665,0.0670103802131694,0.0670103802131694,0.0010407930260920202,-0.004019756059196131
608,11.02,-0.007207207207207214,0.0,0.0,0.8,0.0,0.0,0.0,0.0,0.0,0.0,0.0,0,0,-0.0,0.0,1.0,1.0,0.0,0.0,0.23581755405861232,0.18865404324688986,0.10201038021316938,0.10201038021316938,0.0019548696306067384,-0.006862711244214152
609,10.88,-0.012704174228675027,0.0,0.0,0.8,0.0,0.0,0.0,0.0,0.0,0.0,0.0,0,0,-0.0,0.0,1.0,1.0,0.0,0.0,0.14025846715861345,0.11220677372689077,0.10557911794297187,0.10557911794297187,0.002058345595584545,-0.004997670019051981
610,11.39,0.04687499999999998,0.0,0.0,0.8,0.0,0.0,0.0,0.0,0.0,0.0,0.0,0,0,0.0,0.0,1.0,1.0,0.0,0.0,0.03808207436961704,0.03046565949569363,0.07928940748642449,0.07928940748642449,0.001339596515149222,-0.002174087247163333
611,11.51,0.010535557506584654,0.0,0.0,0.8,0.0,0.0,0.0,0.0,0.0,0.0,0.0,0,0,0.0,0.0,1.0,1.0,0.0,0.0,0.23361142529321427,0.18688914023457143,0.1142894074864245,0.1142894074864245,0.0023182497529805933,-0.007180645114020808
612,11.72,0.01824500434404873,0.0,0.0,0.8,0.0,0.0,0.0,0.0,0.0,0.0,0.0,0,0,0.0,0.0,1.0,1.0,0.0,0.0,0.24449916341566444,0.19559933073253155,0.14274788062256197,0.14274788062256197,0.0032359794418407397,-0.008322662208203426
613,12.33,0.05204778156996582,0.0,0.0,0.8,0.0,0.0,0.0,0.0,0.0,0.0,0.0,0,0,0.0,0.0,1.0,1.0,0.0,0.0,0.2777399987083048,0.22219199896664385,0.17055332204299062,0.17055332204299062,0.004226117083729117,-0.009997561057120196
614,12.82,0.03974047039740472,0.0,0.0,0.8,0.0,0.0,0.0,0.0,0.0,0.0,0.0,0,0,0.0,0.0,1.0,1.0,0.0,0.0,0.48768012247148695,0.3901440979771896,0.20555332204299065,0.20555332204299065,0.005591624516672959,-0.015687835039585592
615,12.4,-0.03276131045241809,0.0,0.0,0.8,0.0,0.0,0.0,0.0,0.0,0.0,0.0,0,0,-0.0,0.0,1.0,1.0,0.0,0.0,0.6179160152554575,0.494332812204366,0.24055332204299065,0.24055332204299065,0.0070789409353932764,-0.019858010849655702
616,13.03,0.05080645161290315,0.0,0.0,0.8,0.0,0.0,0.0,0.0,0.0,0.0,0.0,0,0,0.0,0.0,1.0,1.0,0.0,0.0,0.40764195164759065,0.32611356131807256,0.27049940578926934,0.27049940578926934,0.008441132618476987,-0.016888556822417355
617,12.25,-0.0598618572524942,0.0,0.0,0.8,0.0,0.0,0.0,0.0,0.0,0.0,0.0,0,0,-0.0,0.0,1.0,1.0,0.0,0.0,0.5513484483639984,0.4410787586911988,0.3054994057892694,0.3054994057892694,0.01013133801659661,-0.021539116052894977
618,12.29,0.00326530612244891,0.0,0.0,0.8,0.0,0.0,0.0,0.0,0.0,0.0,0.0,0,0,0.0,0.0,1.0,1.0,0.0,0.0,0.25343111362953974,0.2027448909036318,0.2695353255792962,0.2695353255792962,0.00839604560512672,-0.01366672654589524
619,12.34,0.0040683482506103106,0.0,0.0,0.8,0.0,0.0,0.0,0.0,0.0,0.0,0.0,0,0,0.0,0.0,1.0,1.0,0.0,0.0,0.10366712910674082,0.08293370328539267,0.20422475777642998,0.20422475777642998,0.005537501218942648,-0.007723044078541509
620,11.9,-0.03565640194489461,0.0,0.0,0.8,0.0,0.0,0.0,0.0,0.0,0.0,0.0,0,0,-0.0,0.0,1.0,1.0,0.0,0.0,0.0,0.0,0.1327460925546795,0.1327460925546795,0.002901909537061147,-0.0029519095370611472
621,12.35,0.03781512605042011,0.0,0.0,0.8,0.0,0.0,0.0,0.0,0.0,0.0,0.0,0,0,0.0,0.0,1.0,1.0,0.0,0.0,0.0,0.0,0.08628496016054168,0.08628496016054168,0.001520736272252125,-0.001570736272252125
622,11.97,-0.03076923076923069,0.0,0.0,0.8,0.0,0.0,0.0,0.0,0.0,0.0,0.0,0,0,-0.0,0.0,1.0,1.0,0.0,0.0,0.0,0.0,0.0560852241043521,0.0560852241043521,0.0007969369066154178,-0.0008469369066154178
623,12.01,0.0033416875522137967,0.0,0.0,0.8,0.0,0.0,0.0,0.0,0.0,0.0,0.0,0,0,0.0,0.0,1.0,1.0,0.0,0.0,0.0,0.0,0.03645539566782886,0.03645539566782886,0.0004176321987672399,-0.0004676321987672399
624,11.36,-0.0541215653621982,0.0,0.0,0.8,0.0,0.0,0.0,0.0,0.0,0.0,0.0,0,0,-0.0,0.0,1.0,1.0,0.0,0.0,0.0,0.0,0.023696007184088763,0.023696007184088763,0.00021885879797925914,-0.00026885879797925913
625,11.44,0.007042253521126767,0.0,0.0,0.8,0.0,0.0,0.0,0.0,0.0,0.0,0.0,0,0,0.0,0.0,1.0,1.0,0.0,0.0,0.0,0.0,0.015402404669657697,0.015402404669657697,0.00011469224258645329,-0.0001646922425864533
626,11.05,-0.034090909090908984,0.0,0.0,0.8,0.0,0.0,0.0,0.0,0.0,0.0,0.0,0,0,-0.0,0.0,1.0,1.0,0.0,0.0,0.0,0.0,0.010011563035277504,0.010011563035277504,6.010409739505406e-05,-0.00011010409739505406
627,10.85,-0.018099547511312312,0.0,0.0,0.8,0.0,0.0,0.0,0.0,0.0,0.0,0.0,0,0,-0.0,0.0,1.0,1.0,0.0,0.0,0.0,0.0,0.006507515972930378,0.006507515972930378,3.1497357120304743e-05,-8.149735712030475e-05
628,10.42,-0.03963133640552993,0.0,0.0,0.8,0.0,0.0,0.0,0.0,0.0,0.0,0.0,0,0,-0.0,0.0,1.0,1.0,0.0,0.0,0.0,0.0,0.004229885382404746,0.004229885382404746,1.6506087747116723e-05,-6.650608774711673e-05
629,10.67,0.02399232245681382,0.0,0.0,0.8,0.0,0.0,0.0,0.0,0.0,0.0,0.0,0,0,0.0,0.0,1.0,1.0,0.0,0.0,0.0,0.0,0.002749425498563085,0.002749425498563085,8.649961699163692e-06,-5.864996169916369e-05
630,10.36,-0.02905342080599817,0.0,0.0,0.8,0.0,0.0,0.0,0.0,0.0,0.0,0.0,0,0,-0.0,0.0,1.0,1.0,0.0,0.0,0.0,0.0,0.0017871265740660054,0.0017871265740660054,4.532984347551931e-06,-5.4532984347551934e-05
631,10.4,0.0038610038610039504,0.0,0.0,0.8,0.0,0.0,0.0,0.0,0.0,0.0,0.0,0,0,0.0,0.0,1.0,1.0,0.0,0.0,0.0,0.0,0.0011616322731429036,0.0011616322731429036,2.375495731632829e-06,-5.237549573163283e-05
632,10.77,0.035576923076923,0.0,0.0,0.8,0.0,0.0,0.0,0.0,0.0,0.0,0.0,0,0,0.0,0.0,1.0,1.0,0.0,0.0,0.0,0.0,0.0007550609775428873,0.0007550609775428873,1.2448708264464492e-06,-5.1244870826446454e-05
633,11.19,0.03899721448467966,0.0,0.0,0.8,0.0,0.0,0.0,0.0,0.0,0.0,0.0,0,0,0.0,0.0,1.0,1.0,0.0,0.0,0.0,0.0,0.0004907896354028768,0.0004907896354028768,6.523705152996658e-07,-5.065237051529967e-05
634,11.11,-0.007149240393208228,0.0,0.0,0.8,0.0,0.0,0.0,0.0,0.0,0.0,0.0,0,0,-0.0,0.0,1.0,1.0,0.0,0.0,0.15620323807020073,0.1249625904561606,0.03549078963540288,0.03549078963540288,0.00040116657763565003,-0.0036689532818817852
635,11.34,0.02070207020702074,0.0,0.0,0.8,0.0,0.0,0.0,0.0,0.0,0.0,0.0,0,0,0.0,0.0,1.0,1.0,0.0,0.0,0.06955560080570136,0.055644480644561095,0.04254458148860825,0.04254458148860825,0.0005265233479862944,-0.0020093687245837425
636,11.12,-0.019400352733686125,0.0,0.0,0.8,0.0,0.0,0.0,0.0,0.0,0.0,0.0,0,0,-0.0,0.0,1.0,1.0,0.0,0.0,0.2417309574968308,0.19338476599746465,0.07754458148860825,0.07754458148860825,0.0012956223614836295,-0.006325280085918344
637,10.94,-0.016187050359712206,0.0,0.0,0.8,0.0,0.0,0.0,0.0,0.0,0.0,0.0,0,0,-0.0,0.0,1.0,1.0,0.0,0.0,0.16493415776478693,0.13194732621182956,0.0965855421417357,0.0965855421417357,0.001801023722345003,-0.005248667372299613
638,11.2,0.023765996343692853,0.0,0.0,0.8,0.0,0.0,0.0,0.0,0.0,0.0,0.0,0,0,0.0,0.0,1.0,1.0,0.0,0.0,0.00033466174082003725,0.0002677293926560298,0.06287430767955782,0.06287430767955782,0.0009459345197934594,-0.0010028285516543523
639,11.07,-0.011607142857142769,0.0,0.0,0.8,0.0,0.0,0.0,0.0,0.0,0.0,0.0,0,0,-0.0,0.0,1.0,1.0,0.0,0.0,0.0,0.0,0.040868299991712584,0.040868299991712584,0.0004957139142532126,-0.0005457139142532126
640,10.96,-0.009936766034326958,0.0,0.0,0.8,0.0,0.0,0.0,0.0,0.0,0.0,0.0,0,0,-0.0,0.0,1.0,1.0,0.0,0.0,0.0,0.0,0.02656439499461318,0.02656439499461318,0.00025977726749827883,-0.00030977726749827886
641,11.0,0.003649635036496272,0.0,0.0,0.8,0.0,0.0,0.0,0.0,0.0,0.0,0.0,0,0,0.0,0.0,1.0,1.0,0.0,0.0,0.0,0.0,0.01726685674649857,0.01726685674649857,0.00013613543370178852,-0.00018613543370178852
642,10.73,-0.024545454545454506,0.0,0.0,0.8,0.0,0.0,0.0,0.0,0.0,0.0,0.0,0,0,-0.0,0.0,1.0,1.0,0.0,0.0,0.0,0.0,0.011223456885224069,0.011223456885224069,7.134133208671482e-05,-0.00012134133208671483
643,11.05,0.02982292637465054,0.0,0.0,0.8,0.0,0.0,0.0,0.0,0.0,0.0,0.0,0,0,0.0,0.0,1.0,1.0,0.0,0.0,0.0,0.0,0.007295246975395645,0.007295246975395645,3.738619348035367e-05,-8.738619348035368e-05
644,10.78,-0.024434389140271615,0.0,0.0,0.8,0.0,0.0,0.0,0.0,0.0,0.0,0.0,0,0,-0.0,0.0,1.0,1.0,0.0,0.0,0.0,0.0,0.0047419105340071694,0.0047419105340071694,1.959211332431406e-05,-6.959211332431406e-05
645,10.9,0.011131725417439797,0.0,0.0,0.8,0.0,0.0,0.0,0.0,0.0,0.0,0.0,0,0,0.0,0.0,1.0,1.0,0.0,0.0,0.0,0.0,0.00308224184710466,0.00308224184710466,1.0267183384542129e-05,-6.026718338454213e-05
646,10.85,-0.004587155963302818,0.0,0.0,0.8,0.0,0.0,0.0,0.0,0.0,0.0,0.0,0,0,-0.0,0.0,1.0,1.0,0.0,0.0,0.0,0.0,0.0020034572006180293,0.0020034572006180293,5.380484121689749e-06,-5.538048412168975e-05
647,11.05,0.0184331797235024,0.0,0.0,0.8,0.0,0.0,0.0,0.0,0.0,0.0,0.0,0,0,0.0,0.0,1.0,1.0,0.0,0.0,0.0,0.0,0.001302247180401719,0.001302247180401719,2.819625236979882e-06,-5.281962523697988e-05
648,10.88,-0.015384615384615377,0.0,0.0,0.8,0.0,0.0,0.0,0.0,0.0,0.0,0.0,0,0,-0.0,0.0,1.0,1.0,0.0,0.0,0.10978339123695832,0.08782671298956667,0.03158581021360945,0.03158581021360945,0.00033681333894754716,-0.0026483511984288885
649,10.82,-0.005514705882352987,0.0,0.0,0.8,0.0,0.0,0.0,0.0,0.0,0.0,0.0,0,0,-0.0,0.0,1.0,1.0,0.0,0.0,0.0,0.0,0.020530776638846143,0.020530776638846143,0.00017650593685791092,-0.0002265059368579109
650,10.68,-0.012939001848428888,0.0,0.0,0.8,0.0,0.0,0.0,0.0,0.0,0.0,0.0,0,0,-0.0,0.0,1.0,1.0,0.0,0.0,0.0,0.0,0.013345004815249993,0.013345004815249993,9.249736320847016e-05,-0.00014249736320847016
651,10.47,-0.01966292134831452,0.0,0.0,0.8,0.0,0.0,0.0,0.0,0.0,0.0,0.0,0,0,-0.0,0.0,1.0,1.0,0.0,0.0,0.0,0.0,0.008674253129912496,0.008674253129912496,4.847294290960378e-05,-9.847294290960378e-05
652,10.62,0.014326647564469778,0.0,0.0,0.8,0.0,0.0,0.0,0.0,0.0,0.0,0.0,0,0,0.0,0.0,1.0,1.0,0.0,0.0,0.0,0.0,0.005638264534443122,0.005638264534443122,2.5402088371126113e-05,-7.540208837112611e-05
653,10.7,0.007532956685499066,0.0,0.0,0.8,0.0,0.0,0.0,0.0,0.0,0.0,0.0,0,0,0.0,0.0,1.0,1.0,0.0,0.0,0.0,0.0,0.0036648719473880297,0.0036648719473880297,1.331188194654994e-05,-6.331188194654995e-05
654,10.67,-0.0028037383177569497,0.0,0.0,0.8,0.0,0.0,0.0,0.0,0.0,0.0,0.0,0,0,-0.0,0.0,1.0,1.0,0.0,0.0,0.0,0.0,0.002382166765802219,0.002382166765802219,6.9760485189205095e-06,-5.6976048518920514e-05
655,10.65,-0.0018744142455482263,0.0,0.0,0.8,0.0,0.0,0.0,0.0,0.0,0.0,0.0,0,0,-0.0,0.0,1.0,1.0,0.0,0.0,0.0,0.0,0.0015484083977714426,0.0015484083977714426,3.6557755795712774e-06,-5.365577557957128e-05
656,10.7,0.004694835680751073,0.0,0.0,0.8,0.0,0.0,0.0,0.0,0.0,0.0,0.0,0,0,0.0,0.0,1.0,1.0,0.0,0.0,0.0,0.0,0.0010064654585514377,0.0010064654585514377,1.9157973245085454e-06,-5.191579732450855e-05
657,10.8,0.009345794392523497,0.0,0.0,0.8,0.0,0.0,0.0,0.0,0.0,0.0,0.0,0,0,0.0,0.0,1.0,1.0,0.0,0.0,0.04670633700742821,0.03736506960594257,0.013731976910138333,0.013731976910138333,9.654968187327278e-05,-0.001108700224226294
658,11.01,0.019444444444444358,0.0,0.0,0.8,0.0,0.0,0.0,0.0,0.0,0.0,0.0,0,0,0.0,0.0,1.0,1.0,0.0,0.0,0.04665598906992946,0.03732479125594357,0.021989461931170164,0.021989461931170164,0.00019564698256832968,-0.0012067603574088767
659,10.97,-0.0036330608537692233,0.0,0.0,0.8,0.0,0.0,0.0,0.0,0.0,0.0,0.0,0,0,-0.0,0.0,1.0,1.0,0.0,0.0,0.11243699419215034,0.08994959535372027,0.045775508629062704,0.045775508629062704,0.0005876260203470142,-0.0029538281007053108
660,11.19,0.02005469462169543,0.0,0.0,0.8,0.0,0.0,0.0,0.0,0.0,0.0,0.0,0,0,0.0,0.0,1.0,1.0,0.0,0.0,0.10511238790540108,0.08408991032432087,0.05918554922240306,0.05918554922240306,0.0008639224772819259,-0.003079237668133188
661,10.8,-0.03485254691688997,0.0,0.0,0.8,0.0,0.0,0.0,0.0,0.0,0.0,0.0,0,0,-0.0,0.0,1.0,1.0,0.0,0.0,0.19785109518535943,0.15828087614828756,0.09386891364646263,0.09386891364646263,0.0017255753890513454,-0.005851307949869751
662,11.51,0.06574074074074066,0.0,0.0,0.8,0.0,0.0,0.0,0.0,0.0,0.0,0.0,0,0,0.0,0.0,1.0,1.0,0.0,0.0,0.025789112109995835,0.02063128968799667,0.06823574526099954,0.06823574526099954,0.0010694713609033719,-0.0016507270703692862
663,11.52,0.000868809730668965,0.0,0.0,0.8,0.0,0.0,0.0,0.0,0.0,0.0,0.0,0,0,0.0,0.0,1.0,1.0,0.0,0.0,0.2771281188537252,0.22170249508298015,0.10323574526099955,0.10323574526099955,0.0019901985080981277,-0.007749037756484866
664,11.57,0.0043402777777778396,0.0,0.0,0.8,0.0,0.0,0.0,0.0,0.0,0.0,0.0,0,0,0.0,0.0,1.0,1.0,0.0,0.0,0.22303661793888652,0.1784292943511092,0.12955348744253792,0.12955348744253792,0.0027978531283599424,-0.007442407457901005
665,11.3,-0.023336214347450264,0.0,0.0,0.8,0.0,0.0,0.0,0.0,0.0,0.0,0.0,0,0,-0.0,0.0,1.0,1.0,0.0,0.0,0.24706736130655896,0.19765388904524717,0.15338862800348615,0.15338862800348615,0.0036044665097359515,-0.008744054152651067
666,11.31,0.0008849557522123705,0.0,0.0,0.8,0.0,0.0,0.0,0.0,0.0,0.0,0.0,0,0,0.0,0.0,1.0,1.0,0.0,0.0,0.07893742923201824,0.0631499433856146,0.12180508838723111,0.12180508838723111,0.002550641357320532,-0.004226752399500108
667,11.53,0.01945181255526073,0.0,0.0,0.8,0.0,0.0,0.0,0.0,0.0,0.0,0.0,0,0,0.0,0.0,1.0,1.0,0.0,0.0,0.18560918471132656,0.14848734776906125,0.13114387917087167,0.13114387917087167,0.0028495303633541058,-0.006723079568407433
668,11.51,-0.0017346053772766326,0.0,0.0,0.8,0.0,0.0,0.0,0.0,0.0,0.0,0.0,0,0,-0.0,0.0,1.0,1.0,0.0,0.0,0.07908761341064209,0.06327009072851368,0.10738805321604637,0.10738805321604637,0.00211147140555085,-0.003790676241810077
669,11.21,-0.026064291920069413,0.0,0.0,0.8,0.0,0.0,0.0,0.0,0.0,0.0,0.0,0,0,-0.0,0.0,1.0,1.0,0.0,0.0,0.0641888962975439,0.051351117038035125,0.08777512555374244,0.08777512555374244,0.0015603011889032434,-0.002932592452632648
670,11.21,0.0,0.0,0.0,0.8,0.0,0.0,0.0,0.0,0.0,0.0,0.0,0,0,0.0,0.0,1.0,1.0,0.0,0.0,0.0,0.0,0.05705383160993258,0.05705383160993258,0.0008176707727444498,-0.0008676707727444498
671,11.64,0.038358608385370176,0.0,0.0,0.8,0.0,0.0,0.0,0.0,0.0,0.0,0.0,0,0,0.0,0.0,1.0,1.0,0.0,0.0,0.0,0.0,0.03708499054645618,0.03708499054645618,0.00042849771400255317,-0.0004784977140025532
672,11.65,0.0008591065292096037,0.0,0.0,0.8,0.0,0.0,0.0,0.0,0.0,0.0,0.0,0,0,0.0,0.0,1.0,1.0,0.0,0.0,0.1561986135943586,0.1249588908754869,0.06784085566161693,0.06784085566161693,0.0010602010397262876,-0.004327892479770074
673,11.53,-0.010300429184549442,0.0,0.0,0.8,0.0,0.0,0.0,0.0,0.0,0.0,0.0,0,0,-0.0,0.0,1.0,1.0,0.0,0.0,0.09494166673776103,0.07595333339020882,0.07068022286662409,0.07068022286662409,0.001127452141223914,-0.003133250476021791
674,11.55,0.0017346053772767868,0.0,0.0,0.8,0.0,0.0,0.0,0.0,0.0,0.0,0.0,0,0,0.0,0.0,1.0,1.0,0.0,0.0,0.047380859148266743,0.0379046873186134,0.059208785424820345,0.059208785424820345,0.000864431290192588,-0.001890476988646883
675,11.86,0.026839826839826726,0.0,0.0,0.8,0.0,0.0,0.0,0.0,0.0,0.0,0.0,0,0,0.0,0.0,1.0,1.0,0.0,0.0,0.12882621727186364,0.10306097381749091,0.07455705136225504,0.07455705136225504,0.0012214743068191974,-0.003925294382619588
676,11.53,-0.027824620573355826,0.0,0.0,0.8,0.0,0.0,0.0,0.0,0.0,0.0,0.0,0,0,-0.0,0.0,1.0,1.0,0.0,0.0,0.2385318481279945,0.19082547850239562,0.10955705136225505,0.10955705136225505,0.0021757638311414454,-0.0071395199025781324
677,11.57,0.0034692107545534192,0.0,0.0,0.8,0.0,0.0,0.0,0.0,0.0,0.0,0.0,0,0,0.0,0.0,1.0,1.0,0.0,0.0,0.0,0.0,0.07121208338546578,0.07121208338546578,0.0011402019723957108,-0.0011902019723957107
678,11.33,-0.020743301642178063,0.0,0.0,0.8,0.0,0.0,0.0,0.0,0.0,0.0,0.0,0,0,-0.0,0.0,1.0,1.0,0.0,0.0,0.001964235052328473,0.0015713880418627786,0.04683784001520473,0.04683784001520473,0.0006082001720147133,-0.0006986634140926798
679,11.33,0.0,0.0,0.0,0.8,0.0,0.0,0.0,0.0,0.0,0.0,0.0,0,0,0.0,0.0,1.0,1.0,0.0,0.0,0.0,0.0,0.030444596009883078,0.030444596009883078,0.0003187253257072387,-0.0003687253257072387
680,11.5,0.015004413062665483,0.0,0.0,0.8,0.0,0.0,0.0,0.0,0.0,0.0,0.0,0,0,0.0,0.0,1.0,1.0,0.0,0.0,0.0,0.0,0.019788987406424,0.019788987406424,0.00016702697223954063,-0.00021702697223954063
681,11.57,0.0060869565217391555,0.0,0.0,0.8,0.0,0.0,0.0,0.0,0.0,0.0,0.0,0,0,0.0,0.0,1.0,1.0,0.0,0.0,0.0,0.0,0.0128628418141756,0.0128628418141756,8.752994257235042e-05,-0.00013752994257235042
682,11.7,0.011235955056179688,0.0,0.0,0.8,0.0,0.0,0.0,0.0,0.0,0.0,0.0,0,0,0.0,0.0,1.0,1.0,0.0,0.0,0.02130850640605243,0.017046805124841944,0.01432722897290882,0.01432722897290882,0.00010289506667450294,-0.0005918502986391829
683,11.85,0.012820512820512851,0.0,0.0,0.8,0.0,0.0,0.0,0.0,0.0,0.0,0.0,0,0,0.0,0.0,1.0,1.0,0.0,0.0,0.060249729415979204,0.04819978353278337,0.026182623068864912,0.026182623068864912,0.0002541973277603463,-0.0015453417537295178
684,10.91,-0.07932489451476789,0.0,0.0,0.8,0.0,0.0,0.0,0.0,0.0,0.0,0.0,0,0,-0.0,0.0,1.0,1.0,0.0,0.0,0.17817054658224477,0.14253643726579582,0.061182623068864905,0.061182623068864905,0.0009080157655190952,-0.004628329025113337
685,10.82,-0.00824931255728688,0.0,0.0,0.8,0.0,0.0,0.0,0.0,0.0,0.0,0.0,0,0,-0.0,0.0,1.0,1.0,0.0,0.0,0.0,0.0,0.03976870499476219,0.03976870499476219,0.00047584271417368176,-0.0005258427141736818
686,10.6,-0.02033271719038823,0.0,0.0,0.8,0.0,0.0,0.0,0.0,0.0,0.0,0.0,0,0,-0.0,0.0,1.0,1.0,0.0,0.0,0.0,0.0,0.025849658246595426,0.025849658246595426,0.0002493638296056816,-0.0002993638296056816
687,10.67,0.0066037735849056875,0.0,0.0,0.8,0.0,0.0,0.0,0.0,0.0,0.0,0.0,0,0,0.0,0.0,1.0,1.0,0.0,0.0,0.0,0.0,0.016802277860287027,0.016802277860287027,0.00013067830537994736,-0.00018067830537994736
688,10.64,-0.0028116213683223395,0.0,0.0,0.8,0.0,0.0,0.0,0.0,0.0,0.0,0.0,0,0,-0.0,0.0,1.0,1.0,0.0,0.0,0.0,0.0,0.010921480609186568,0.010921480609186568,6.848154170546031e-05,-0.00011848154170546031
689,10.67,0.0028195488721803907,0.0,0.0,0.8,0.0,0.0,0.0,0.0,0.0,0.0,0.0,0,0,0.0,0.0,1.0,1.0,0.0,0.0,0.0,0.0,0.00709896239597127,0.00709896239597127,3.5887529614968055e-05,-8.588752961496805e-05
690,10.53,-0.013120899718837916,0.0,0.0,0.8,0.0,0.0,0.0,0.0,0.0,0.0,0.0,0,0,-0.0,0.0,1.0,1.0,0.0,0.0,0.0,0.0,0.004614325557381326,0.004614325557381326,1.8806743390862044e-05,-6.880674339086204e-05
691,10.63,0.009496676163342965,0.0,0.0,0.8,0.0,0.0,0.0,0.0,0.0,0.0,0.0,0,0,0.0,0.0,1.0,1.0,0.0,0.0,0.0,0.0,0.002999311612297862,0.002999311612297862,9.855612820510603e-06,-5.985561282051061e-05
692,10.45,-0.01693320790216383,0.0,0.0,0.8,0.0,0.0,0.0,0.0,0.0,0.0,0.0,0,0,-0.0,0.0,1.0,1.0,0.0,0.0,0.0,0.0,0.0019495525479936104,0.0019495525479936104,5.1648019037154895e-06,-5.516480190371549e-05
693,10.5,0.004784688995215379,0.0,0.0,0.8,0.0,0.0,0.0,0.0,0.0,0.0,0.0,0,0,0.0,0.0,1.0,1.0,0.0,0.0,0.0,0.0,0.0012672091561958467,0.0012672091561958467,2.7065976708327247e-06,-5.2706597670832726e-05
694,10.36,-0.013333333333333388,0.0,0.0,0.8,0.0,0.0,0.0,0.0,0.0,0.0,0.0,0,0,-0.0,0.0,1.0,1.0,0.0,0.0,0.0,0.0,0.0008236859515273003,0.0008236859515273003,1.4183837228078662e-06,-5.141838372280787e-05
695,10.37,0.0009652509652509448,0.0,0.0,0.8,0.0,0.0,0.0,0.0,0.0,0.0,0.0,0,0,0.0,0.0,1.0,1.0,0.0,0.0,0.0,0.0,0.0005353958684927452,0.0005353958684927452,7.43299385352437e-07,-5.074329938535244e-05
696,10.26,-0.010607521697203418,0.0,0.0,0.8,0.0,0.0,0.0,0.0,0.0,0.0,0.0,0,0,-0.0,0.0,1.0,1.0,0.0,0.0,0.0,0.0,0.0003480073145202844,0.0003480073145202844,3.895236298761102e-07,-5.0389523629876114e-05
697,9.7,-0.0545808966861599,0.0,0.0,0.8,0.0,0.0,0.0,0.0,0.0,0.0,0.0,0,0,-0.0,0.0,1.0,1.0,0.0,0.0,0.0,0.0,0.00022620475443818486,0.00022620475443818486,2.04128593702413e-07,-5.0204128593702414e-05
698,9.79,0.009278350515463904,0.0,0.0,0.8,0.0,0.0,0.0,0.0,0.0,0.0,0.0,0,0,0.0,0.0,1.0,1.0,0.0,0.0,0.0,0.0,0.00014703309038482015,0.00014703309038482015,1.0697292685472677e-07,-5.010697292685473e-05
699,9.71,-0.008171603677221482,0.0,0.0,0.8,0.0,0.0,0.0,0.0,0.0,0.0,0.0,0,0,-0.0,0.0,1.0,1.0,0.0,0.0,0.0,0.0,9.55715087501331e-05,9.55715087501331e-05,5.6058815045525165e-08,-5.005605881504553e-05
700,9.77,0.006179196704428292,0.0,0.0,0.8,0.0,0.0,0.0,0.0,0.0,0.0,0.0,0,0,0.0,0.0,1.0,1.0,0.0,0.0,0.0,0.0,6.212148068758652e-05,6.212148068758652e-05,2.9377440037479342e-08,-5.002937744003748e-05
701,9.5,-0.027635619242579283,0.0,0.0,0.8,0.0,0.0,0.0,0.0,0.0,0.0,0.0,0,0,-0.0,0.0,1.0,1.0,0.0,0.0,0.0,0.0,4.037896244693124e-05,4.037896244693124e-05,1.5395152081877353e-08,-5.001539515208188e-05
702,9.57,0.007368421052631609,0.0,0.0,0.8,0.0,0.0,0.0,0.0,0.0,0.0,0.0,0,0,0.0,0.0,1.0,1.0,0.0,0.0,0.0,0.0,2.6246325590505307e-05,2.6246325590505307e-05,8.067779470292767e-09,-5.0008067779470296e-05
703,9.58,0.0010449320794148158,0.0,0.0,0.8,0.0,0.0,0.0,0.0,0.0,0.0,0.0,0,0,0.0,0.0,1.0,1.0,0.0,0.0,0.0,0.0,1.706011163382845e-05,1.706011163382845e-05,4.227893640485568e-09,-5.0004227893640487e-05
704,9.37,-0.021920668058455203,0.0,0.0,0.8,0.0,0.0,0.0,0.0,0.0,0.0,0.0,0,0,-0.0,0.0,1.0,1.0,0.0,0.0,0.0,0.0,1.1089072561988492e-05,1.1089072561988492e-05,2.2156139370291504e-09,-5.000221561393703e-05
705,9.41,0.0042689434364995655,0.0,0.0,0.8,0.0,0.0,0.0,0.0,0.0,0.0,0.0,0,0,0.0,0.0,1.0,1.0,0.0,0.0,0.0,0.0,7.20789716529252e-06,7.20789716529252e-06,1.1610852910183492e-09,-5.000116108529102e-05
706,9.37,-0.004250797024442181,0.0,0.0,0.8,0.0,0.0,0.0,0.0,0.0,0.0,0.0,0,0,-0.0,0.0,1.0,1.0,0.0,0.0,0.0,0.0,4.685133157440138e-06,4.685133157440138e-06,6.084629774566306e-10,-5.000060846297746e-05
707,9.64,0.028815368196371545,0.0,0.0,0.8,0.0,0.0,0.0,0.0,0.0,0.0,0.0,0,0,0.0,0.0,1.0,1.0,0.0,0.0,0.0,0.0,3.04533655233609e-06,3.04533655233609e-06,3.188630480459142e-10,-5.000031886304805e-05
708,9.66,0.0020746887966804537,0.0,0.0,0.8,0.0,0.0,0.0,0.0,0.0,0.0,0.0,0,0,0.0,0.0,1.0,1.0,0.0,0.0,0.0,0.0,1.9794687590184587e-06,1.9794687590184587e-06,1.670991451840272e-10,-5.0000167099145185e-05
709,9.69,0.003105590062111735,0.0,0.0,0.8,0.0,0.0,0.0,0.0,0.0,0.0,0.0,0,0,0.0,0.0,1.0,1.0,0.0,0.0,0.0,0.0,1.2866546933619981e-06,1.2866546933619981e-06,8.75677645696092e-11,-5.000008756776457e-05
710,9.71,0.0020639834881322344,0.0,0.0,0.8,0.0,0.0,0.0,0.0,0.0,0.0,0.0,0,0,0.0,0.0,1.0,1.0,0.0,0.0,0.07030385210867623,0.05624308168694099,0.01968591491598003,0.01968591491598003,0.00016572371336815684,-0.0016639830668068875
711,9.65,-0.006179196704428475,0.0,0.0,0.8,0.0,0.0,0.0,0.0,0.0,0.0,0.0,0,0,-0.0,0.0,1.0,1.0,0.0,0.0,0.07288671483868456,0.058309371870947646,0.033204124850218696,0.033204124850218696,0.0003630273184071781,-0.00191449364408408
712,9.7,0.0051813471502589565,0.0,0.0,0.8,0.0,0.0,0.0,0.0,0.0,0.0,0.0,0,0,0.0,0.0,1.0,1.0,0.0,0.0,0.0653052659881359,0.05224421279050872,0.0398681556293202,0.0398681556293202,0.0004776287579839289,-0.0018729172373395282
713,9.47,-0.02371134020618543,0.0,0.0,0.8,0.0,0.0,0.0,0.0,0.0,0.0,0.0,0,0,-0.0,0.0,1.0,1.0,0.0,0.0,0.008603952823789889,0.006883162259031911,0.0283234079497193,0.0283234079497193,0.0002860022908980469,-0.0005132437190681187
714,9.6,0.013727560718056916,0.0,0.0,0.8,0.0,0.0,0.0,0.0,0.0,0.0,0.0,0,0,0.0,0.0,1.0,1.0,0.0,0.0,0.0,0.0,0.018410215167317546,0.018410215167317546,0.00014987857207855444,-0.00019987857207855444
715,9.64,0.004166666666666763,0.0,0.0,0.8,0.0,0.0,0.0,0.0,0.0,0.0,0.0,0,0,0.0,0.0,1.0,1.0,0.0,0.0,0.0,0.0,0.011966639858756406,0.011966639858756406,7.854337913787615e-05,-0.00012854337913787616
716,9.53,-0.011410788381742863,0.0,0.0,0.8,0.0,0.0,0.0,0.0,0.0,0.0,0.0,0,0,-0.0,0.0,1.0,1.0,0.0,0.0,0.0,0.0,0.007778315908191664,0.007778315908191664,4.1160402857073024e-05,-9.116040285707302e-05
717,9.46,-0.007345225603357661,0.0,0.0,0.8,0.0,0.0,0.0,0.0,0.0,0.0,0.0,0,0,-0.0,0.0,1.0,1.0,0.0,0.0,0.0,0.0,0.005055905340324582,0.005055905340324582,2.156997549573924e-05,-7.156997549573925e-05
718,9.71,0.02642706131078224,0.0,0.0,0.8,0.0,0.0,0.0,0.0,0.0,0.0,0.0,0,0,0.0,0.0,1.0,1.0,0.0,0.0,0.0,0.0,0.0032863384712109784,0.0032863384712109784,1.130367563462368e-05,-6.130367563462368e-05
719,9.82,0.011328527291452051,0.0,0.0,0.8,0.0,0.0,0.0,0.0,0.0,0.0,0.0,0,0,0.0,0.0,1.0,1.0,0.0,0.0,0.09468426451171708,0.07574741160937366,0.028647714069567915,0.028647714069567915,0.0002909284615863457,-0.0022914243105277175
720,9.76,-0.006109979633401272,0.0,0.0,0.8,0.0,0.0,0.0,0.0,0.0,0.0,0.0,0,0,-0.0,0.0,1.0,1.0,0.0,0.0,0.10383474623052084,0.08306779698441669,0.047694743089764985,0.047694743089764985,0.0006249669065533475,-0.0028139626789020766
721,9.73,-0.003073770491803213,0.0,0.0,0.8,0.0,0.0,0.0,0.0,0.0,0.0,0.0,0,0,-0.0,0.0,1.0,1.0,0.0,0.0,0.06352285536780214,0.05081828429424171,0.048787982511331845,0.048787982511331845,0.0006465774283751146,-0.0020051482489518387
722,9.56,-0.01747173689619732,0.0,0.0,0.8,0.0,0.0,0.0,0.0,0.0,0.0,0.0,0,0,-0.0,0.0,1.0,1.0,0.0,0.0,0.08237657190908594,0.06590125752726876,0.05477762876690977,0.05477762876690977,0.0007692297868092702,-0.0025161871681364406
723,9.56,0.0,0.0,0.0,0.8,0.0,0.0,0.0,0.0,0.0,0.0,0.0,0,0,0.0,0.0,1.0,1.0,0.0,0.0,0.024953770322365294,0.019963016257892235,0.04259251438875363,0.04259251438875363,0.0005274134107413639,-0.001091461079382089
724,9.45,-0.01150627615062774,0.0,0.0,0.8,0.0,0.0,0.0,0.0,0.0,0.0,0.0,0,0,-0.0,0.0,1.0,1.0,0.0,0.0,0.0,0.0,0.02768513435268986,0.02768513435268986,0.0002763892857248982,-0.00032638928572489823
725,9.12,-0.03492063492063493,0.0,0.0,0.8,0.0,0.0,0.0,0.0,0.0,0.0,0.0,0,0,-0.0,0.0,1.0,1.0,0.0,0.0,0.0,0.0,0.01799533732924841,0.01799533732924841,0.00014484090792484707,-0.00019484090792484706
726,9.34,0.02412280701754393,0.0,0.0,0.8,0.0,0.0,0.0,0.0,0.0,0.0,0.0,0,0,0.0,0.0,1.0,1.0,0.0,0.0,0.0,0.0,0.011696969264011467,0.011696969264011467,7.590340759220018e-05,-0.0001259034075922002
727,9.38,0.004282655246252776,0.0,0.0,0.8,0.0,0.0,0.0,0.0,0.0,0.0,0.0,0,0,0.0,0.0,1.0,1.0,0.0,0.0,0.0,0.0,0.007603030021607454,0.007603030021607454,3.977693433886113e-05,-8.977693433886112e-05
728,9.3,-0.00852878464818764,0.0,0.0,0.8,0.0,0.0,0.0,0.0,0.0,0.0,0.0,0,0,-0.0,0.0,1.0,1.0,0.0,0.0,0.0,0.0,0.004941969514044845,0.004941969514044845,2.0844973310007974e-05,-7.084497331000798e-05
729,9.18,-0.012903225806451719,0.0,0.0,0.8,0.0,0.0,0.0,0.0,0.0,0.0,0.0,0,0,-0.0,0.0,1.0,1.0,0.0,0.0,0.0,0.0,0.0032122801841291495,0.0032122801841291495,1.092374059280974e-05,-6.092374059280974e-05
730,9.1,-0.008714596949891075,0.0,0.0,0.8,0.0,0.0,0.0,0.0,0.0,0.0,0.0,0,0,-0.0,0.0,1.0,1.0,0.0,0.0,0.0,0.0,0.002087982119683947,0.002087982119683947,5.724550795260941e-06,-5.572455079526095e-05
731,9.15,0.005494505494505573,0.0,0.0,0.8,0.0,0.0,0.0,0.0,0.0,0.0,0.0,0,0,0.0,0.0,1.0,1.0,0.0,0.0,0.0,0.0,0.0013571883777945657,0.0013571883777945657,2.9999322603003744e-06,-5.2999932260300375e-05
732,9.19,0.004371584699453458,0.0,0.0,0.8,0.0,0.0,0.0,0.0,0.0,0.0,0.0,0,0,0.0,0.0,1.0,1.0,0.0,0.0,0.0,0.0,0.0008821724455664677,0.0008821724455664677,1.572104762148536e-06,-5.157210476214854e-05
733,8.79,-0.043525571273123,0.0,0.0,0.8,0.0,0.0,0.0,0.0,0.0,0.0,0.0,0,0,-0.0,0.0,1.0,1.0,0.0,0.0,0.0,0.0,0.0005734120896182041,0.0005734120896182041,8.238563969849904e-07,-5.0823856396984995e-05
734,8.9,0.012514220705347124,0.0,0.0,0.8,0.0,0.0,0.0,0.0,0.0,0.0,0.0,0,0,0.0,0.0,1.0,1.0,0.0,0.0,0.0,0.0,0.00037271785825183267,0.00037271785825183267,4.317392703050418e-07,-5.0431739270305046e-05
735,8.64,-0.02921348314606739,0.0,0.0,0.8,0.0,0.0,0.0,0.0,0.0,0.0,0.0,0,0,-0.0,0.0,1.0,1.0,0.0,0.0,0.0,0.0,0.00024226660786369125,0.00024226660786369125,2.2625156302200307e-07,-5.0226251563022004e-05
736,8.71,0.008101851851851884,0.0,0.0,0.8,0.0,0.0,0.0,0.0,0.0,0.0,0.0,0,0,0.0,0.0,1.0,1.0,0.0,0.0,0.0,0.0,0.0001574732951113993,0.0001574732951113993,1.1856639710752211e-07,-5.011856639710752e-05
737,8.87,0.018369690011480866,0.0,0.0,0.8,0.0,0.0,0.0,0.0,0.0,0.0,0.0,0,0,0.0,0.0,1.0,1.0,0.0,0.0,0.0,0.0,0.00010235764182240956,0.00010235764182240956,6.21343354949176e-08,-5.006213433549492e-05
738,8.92,0.005636978579481478,0.0,0.0,0.8,0.0,0.0,0.0,0.0,0.0,0.0,0.0,0,0,0.0,0.0,1.0,1.0,0.0,0.0,0.0,0.0,6.653246718456621e-05,6.653246718456621e-05,3.256129680565326e-08,-5.003256129680566e-05
739,8.86,-0.006726457399103195,0.0,0.0,0.8,0.0,0.0,0.0,0.0,0.0,0.0,0.0,0,0,-0.0,0.0,1.0,1.0,0.0,0.0,0.0,0.0,4.324610366996804e-05,4.324610366996804e-05,1.7063641885291746e-08,-5.001706364188529e-05
740,8.91,0.005643340857787891,0.0,0.0,0.8,0.0,0.0,0.0,0.0,0.0,0.0,0.0,0,0,0.0,0.0,1.0,1.0,0.0,0.0,0.0,0.0,2.810996738547923e-05,2.810996738547923e-05,8.942146135252529e-09,-5.000894214613526e-05
741,8.77,-0.01571268237934911,0.0,0.0,0.8,0.0,0.0,0.0,0.0,0.0,0.0,0.0,0,0,-0.0,0.0,1.0,1.0,0.0,0.0,0.05610654211577323,0.044885233692618584,0.015728103271217066,0.015728103271217066,0.00011834932315324562,-0.0013241440907381743
742,8.68,-0.010262257696693257,0.0,0.0,0.8,0.0,0.0,0.0,0.0,0.0,0.0,0.0,0,0,-0.0,0.0,1.0,1.0,0.0,0.0,0.0,0.0,0.010223267126291093,0.010223267126291093,6.202057859387933e-05,-0.00011202057859387933
743,8.4,-0.03225806451612896,0.0,0.0,0.8,0.0,0.0,0.0,0.0,0.0,0.0,0.0,0,0,-0.0,0.0,1.0,1.0,0.0,0.0,0.0,0.0,0.006645123632089211,0.006645123632089211,3.250168287096008e-05,-8.250168287096008e-05
744,8.39,-0.001190476190476165,0.0,0.0,0.8,0.0,0.0,0.0,0.0,0.0,0.0,0.0,0,0,-0.0,0.0,1.0,1.0,0.0,0.0,0.0,0.0,0.004319330360857987,0.004319330360857987,1.703240139634411e-05,-6.70324013963441e-05
745,8.62,0.02741358760429066,0.0,0.0,0.8,0.0,0.0,0.0,0.0,0.0,0.0,0.0,0,0,0.0,0.0,1.0,1.0,0.0,0.0,0.0,0.0,0.002807564734557692,0.002807564734557692,8.925774658437413e-06,-5.8925774658437416e-05
746,9.21,0.06844547563805124,0.0,0.0,0.8,0.0,0.0,0.0,0.0,0.0,0.0,0.0,0,0,0.0,0.0,1.0,1.0,0.0,0.0,0.0,0.0,0.0018249170774624996,0.0018249170774624996,4.6775232334710016e-06,-5.4677523233471e-05
747,9.23,0.0021715526601519624,0.0,0.0,0.8,0.0,0.0,0.0,0.0,0.0,0.0,0.0,0,0,0.0,0.0,1.0,1.0,0.0,0.0,0.19844239476916042,0.15875391581532836,0.0368249170774625,0.0368249170774625,0.00042399810613115093,-0.004561911438375856
748,9.31,0.008667388949079096,0.0,0.0,0.8,0.0,0.0,0.0,0.0,0.0,0.0,0.0,0,0,0.0,0.0,1.0,1.0,0.0,0.0,0.2383783050625222,0.19070264405001777,0.0718249170774625,0.0718249170774625,0.0011549520399790042,-0.006115545124266961
749,9.25,-0.006444683136412513,0.0,0.0,0.8,0.0,0.0,0.0,0.0,0.0,0.0,0.0,0,0,-0.0,0.0,1.0,1.0,0.0,0.0,0.3559706138123324,0.28477649104986597,0.1068249170774625,0.1068249170774625,0.002094884565118131,-0.009477879209652179
750,9.23,-0.0021621621621621162,0.0,0.0,0.8,0.0,0.0,0.0,0.0,0.0,0.0,0.0,0,0,-0.0,0.0,1.0,1.0,0.0,0.0,0.3334054954988677,0.2667243963990942,0.14182491707746248,0.14182491707746248,0.0032046459669608364,-0.010122799174237512
751,9.43,0.021668472372697648,0.0,0.0,0.8,0.0,0.0,0.0,0.0,0.0,0.0,0.0,0,0,0.0,0.0,1.0,1.0,0.0,0.0,0.255527534505959,0.20442202760476721,0.16373390576201913,0.16373390576201913,0.003975201823966456,-0.00928906903478921
752,9.54,0.011664899257688169,0.0,0.0,0.8,0.0,0.0,0.0,0.0,0.0,0.0,0.0,0,0,0.0,0.0,1.0,1.0,0.0,0.0,0.15688270647010472,0.1255061651760838,0.15035419655694177,0.15035419655694177,0.003498038473306328,-0.0067798222265904855
753,9.18,-0.03773584905660372,0.0,0.0,0.8,0.0,0.0,0.0,0.0,0.0,0.0,0.0,0,0,-0.0,0.0,1.0,1.0,0.0,0.0,0.1999529725571112,0.15996237804568897,0.1537170600780033,0.1537170600780033,0.0036160494011392573,-0.007785080635815749
754,9.15,-0.0032679738562090806,0.0,0.0,0.8,0.0,0.0,0.0,0.0,0.0,0.0,0.0,0,0,-0.0,0.0,1.0,1.0,0.0,0.0,0.0,0.0,0.09991608905070214,0.09991608905070214,0.001894978949666745,-0.001944978949666745
755,9.24,0.009836065573770475,0.0,0.0,0.8,0.0,0.0,0.0,0.0,0.0,0.0,0.0,0,0,0.0,0.0,1.0,1.0,0.0,0.0,0.0,0.0,0.06494545788295639,0.06494545788295639,0.0009930575667878687,-0.0010430575667878686
756,9.67,0.04653679653679651,0.0,0.0,0.8,0.0,0.0,0.0,0.0,0.0,0.0,0.0,0,0,0.0,0.0,1.0,1.0,0.0,0.0,0.044015568020682044,0.035212454416545635,0.05453890666971263,0.05453890666971263,0.0007642067891471446,-0.0017209274903731949
757,9.42,-0.025853154084798345,0.0,0.0,0.8,0.0,0.0,0.0,0.0,0.0,0.0,0.0,0,0,-0.0,0.0,1.0,1.0,0.0,0.0,0.17829274077449137,0.1426341926195931,0.08537225675217079,0.08537225675217079,0.0014966711703015888,-0.005219501630256111
758,9.65,0.02441613588110408,0.0,0.0,0.8,0.0,0.0,0.0,0.0,0.0,0.0,0.0,0,0,0.0,0.0,1.0,1.0,0.0,0.0,0.019876831517032206,0.015901465213625766,0.061057479713680037,0.061057479713680037,0.0009052312981013335,-0.001364694027352197
759,9.25,-0.041450777202072575,0.0,0.0,0.8,0.0,0.0,0.0,0.0,0.0,0.0,0.0,0,0,-0.0,0.0,1.0,1.0,0.0,0.0,0.23743396108219167,0.18994716886575336,0.09605747971368003,0.09605747971368003,0.0017862738152453251,-0.006727413413538473
760,9.28,0.003243243243243174,0.0,0.0,0.8,0.0,0.0,0.0,0.0,0.0,0.0,0.0,0,0,0.0,0.0,1.0,1.0,0.0,0.0,0.053026861088222146,0.04242148887057772,0.07728488291859423,0.07728488291859423,0.00128911921068632,-0.002431472549103696
761,9.44,0.017241379310344845,0.0,0.0,0.8,0.0,0.0,0.0,0.0,0.0,0.0,0.0,0,0,0.0,0.0,1.0,1.0,0.0,0.0,0.03511287561509153,0.028090300492073225,0.060066779069311876,0.060066779069311876,0.0008832888887598963,-0.001656614126430782
762,9.45,0.0010593220338982825,0.0,0.0,0.8,0.0,0.0,0.0,0.0,0.0,0.0,0.0,0,0,0.0,0.0,1.0,1.0,0.0,0.0,0.0,0.0,0.03904340639505272,0.03904340639505272,0.00046288467468038187,-0.0005128846746803819
763,9.38,-0.00740740740740725,0.0,0.0,0.8,0.0,0.0,0.0,0.0,0.0,0.0,0.0,0,0,-0.0,0.0,1.0,1.0,0.0,0.0,0.04739951049558598,0.03791960839646879,0.038650077095548345,0.038650077095548345,0.00045590756350030043,-0.0014823374797093716
764,9.09,-0.030916844349680266,0.0,0.0,0.8,0.0,0.0,0.0,0.0,0.0,0.0,0.0,0,0,-0.0,0.0,1.0,1.0,0.0,0.0,0.0,0.0,0.025122550112106425,0.025122550112106425,0.00023891687861198372,-0.00028891687861198374
765,9.11,0.0022002200220021533,0.0,0.0,0.8,0.0,0.0,0.0,0.0,0.0,0.0,0.0,0,0,0.0,0.0,1.0,1.0,0.0,0.0,0.0,0.0,0.016329657572869177,0.016329657572869177,0.00012520361462627002,-0.00017520361462627001
766,8.91,-0.021953896816684883,0.0,0.0,0.8,0.0,0.0,0.0,0.0,0.0,0.0,0.0,0,0,-0.0,0.0,1.0,1.0,0.0,0.0,0.0,0.0,0.010614277422364966,0.010614277422364966,6.561254778881602e-05,-0.00011561254778881603
767,8.88,-0.0033670033670032953,0.0,0.0,0.8,0.0,0.0,0.0,0.0,0.0,0.0,0.0,0,0,-0.0,0.0,1.0,1.0,0.0,0.0,0.0,0.0,0.0068992803245372285,0.0068992803245372285,3.438404266673942e-05,-8.438404266673943e-05
768,9.11,0.025900900900900747,0.0,0.0,0.8,0.0,0.0,0.0,0.0,0.0,0.0,0.0,0,0,0.0,0.0,1.0,1.0,0.0,0.0,0.0,0.0,0.0044845322109491985,0.0044845322109491985,1.8018845936503605e-05,-6.801884593650361e-05
769,9.15,0.004390779363337094,0.0,0.0,0.8,0.0,0.0,0.0,0.0,0.0,0.0,0.0,0,0,0.0,0.0,1.0,1.0,0.0,0.0,0.0,0.0,0.002914945937116979,0.002914945937116979,9.442717717353311e-06,-5.9442717717353313e-05
770,9.4,0.0273224043715847,0.0,0.0,0.8,0.0,0.0,0.0,0.0,0.0,0.0,0.0,0,0,0.0,0.0,1.0,1.0,0.0,0.0,0.0,0.0,0.0018947148591260364,0.0018947148591260364,4.948425565312303e-06,-5.494842556531231e-05
771,9.45,0.005319148936170099,0.0,0.0,0.8,0.0,0.0,0.0,0.0,0.0,0.0,0.0,0,0,0.0,0.0,1.0,1.0,0.0,0.0,0.11267970821607656,0.09014376657286126,0.03278188295893336,0.03278188295893336,0.00035612469760634057,-0.002727326686857518
772,9.57,0.012698412698412804,0.0,0.0,0.8,0.0,0.0,0.0,0.0,0.0,0.0,0.0,0,0,0.0,0.0,1.0,1.0,0.0,0.0,0.20042738848754624,0.160341910790037,0.06778188295893336,0.06778188295893336,0.001058818922770956,-0.005237623125614408
773,9.59,0.0020898641588296316,0.0,0.0,0.8,0.0,0.0,0.0,0.0,0.0,0.0,0.0,0,0,0.0,0.0,1.0,1.0,0.0,0.0,0.26282059599758545,0.21025647679806836,0.10278188295893337,0.10278188295893337,0.001977088476847676,-0.007441192754397937
774,9.58,-0.0010427528675703635,0.0,0.0,0.8,0.0,0.0,0.0,0.0,0.0,0.0,0.0,0,0,-0.0,0.0,1.0,1.0,0.0,0.0,0.19807757615063354,0.15846206092050685,0.1222699452454841,0.1222699452454841,0.0025652566786320764,-0.006695654747335128
775,9.6,0.002087682672233776,0.0,0.0,0.8,0.0,0.0,0.0,0.0,0.0,0.0,0.0,0,0,0.0,0.0,1.0,1.0,0.0,0.0,0.17730497743805837,0.1418439819504467,0.129120858092221,0.129120858092221,0.0027838501596020304,-0.006486332694826033
776,9.57,-0.0031249999999999334,0.0,0.0,0.8,0.0,0.0,0.0,0.0,0.0,0.0,0.0,0,0,-0.0,0.0,1.0,1.0,0.0,0.0,0.10367011461421488,0.08293609169137191,0.11295618985192382,0.11295618985192382,0.002277803743700062,-0.004463408104752889
777,9.34,-0.02403343782654132,0.0,0.0,0.8,0.0,0.0,0.0,0.0,0.0,0.0,0.0,0,0,-0.0,0.0,1.0,1.0,0.0,0.0,0.07423812542962344,0.05939050034369875,0.09420819852404504,0.09420819852404504,0.0017349393572382989,-0.0033142447410885417
778,9.2,-0.01498929336188443,0.0,0.0,0.8,0.0,0.0,0.0,0.0,0.0,0.0,0.0,0,0,-0.0,0.0,1.0,1.0,0.0,0.0,0.0,0.0,0.061235329040629276,0.061235329040629276,0.0009091893379219678,-0.0009591893379219678
779,9.15,-0.005434782608695537,0.0,0.0,0.8,0.0,0.0,0.0,0.0,0.0,0.0,0.0,0,0,-0.0,0.0,1.0,1.0,0.0,0.0,0.0,0.0,0.03980296387640903,0.03980296387640903,0.0004764577209815679,-0.0005264577209815679
780,9.15,0.0,0.0,0.0,0.8,0.0,0.0,0.0,0.0,0.0,0.0,0.0,0,0,0.0,0.0,1.0,1.0,0.0,0.0,0.0,0.0,0.025871926519665873,0.025871926519665873,0.00024968612192682047,-0.0002996861219268205
781,9.09,-0.006557377049180382,0.0,0.0,0.8,0.0,0.0,0.0,0.0,0.0,0.0,0.0,0,0,-0.0,0.0,1.0,1.0,0.0,0.0,0.0,0.0,0.01681675223778282,0.01681675223778282,0.00013084720162456312,-0.0001808472016245631
782,9.48,0.042904290429042966,0.0,0.0,0.8,0.0,0.0,0.0,0.0,0.0,0.0,0.0,0,0,0.0,0.0,1.0,1.0,0.0,0.0,0.0,0.0,0.010930888954558833,0.010930888954558833,6.857005123415309e-05,-0.0001185700512341531
783,9.26,-0.023206751054852388,0.0,0.0,0.8,0.0,0.0,0.0,0.0,0.0,0.0,0.0,0,0,-0.0,0.0,1.0,1.0,0.0,0.0,0.07548673983544955,0.06038939186835965,0.028241364974389116,0.028241364974389116,0.00028476051879375736,-0.0018897873594040182
784,9.27,0.0010799136069114242,0.0,0.0,0.8,0.0,0.0,0.0,0.0,0.0,0.0,0.0,0,0,0.0,0.0,1.0,1.0,0.0,0.0,0.015677676180153373,0.012542140944122699,0.02274663656379587,0.02274663656379587,0.00020583870144880398,-0.0005787988307599635
785,9.2,-0.00755124056094933,0.0,0.0,0.8,0.0,0.0,0.0,0.0,0.0,0.0,0.0,0,0,-0.0,0.0,1.0,1.0,0.0,0.0,0.035550854448892444,0.028440683559113958,0.024739553012157203,0.024739553012157203,0.00023347426848070754,-0.001015821870127892
786,9.24,0.004347826086956622,0.0,0.0,0.8,0.0,0.0,0.0,0.0,0.0,0.0,0.0,0,0,0.0,0.0,1.0,1.0,0.0,0.0,0.0006627224738515666,0.0005301779790812533,0.01626627175058062,0.01626627175058062,0.000124475329810001,-0.00018812741277134327
787,9.02,-0.023809523809523878,0.0,0.0,0.8,0.0,0.0,0.0,0.0,0.0,0.0,0.0,0,0,-0.0,0.0,1.0,1.0,0.0,0.0,0.03742853014051841,0.02994282411241473,0.021053065077222557,0.021053065077222557,0.00018328387145190512,-0.0010043115923465845
788,9.52,0.05543237250554324,0.0,0.0,0.8,0.0,0.0,0.0,0.0,0.0,0.0,0.0,0,0,0.0,0.0,1.0,1.0,0.0,0.0,0.0,0.0,0.013684492300194662,0.013684492300194662,9.604931782883302e-05,-0.00014604931782883303
789,9.53,0.0010504201680672045,0.0,0.0,0.8,0.0,0.0,0.0,0.0,0.0,0.0,0.0,0,0,0.0,0.0,1.0,1.0,0.0,0.0,0.11207639544521242,0.08966111635616994,0.04027631071978601,0.04027631071978601,0.0004849821721996433,-0.002843755918371019
790,9.28,-0.02623294858342078,0.0,0.0,0.8,0.0,0.0,0.0,0.0,0.0,0.0,0.0,0,0,-0.0,0.0,1.0,1.0,0.0,0.0,0.11049231446385986,0.0883938515710879,0.05711745001774167,0.05711745001774167,0.0008190387810680516,-0.003145180459023565
791,9.29,0.0010775862068965287,0.0,0.0,0.8,0.0,0.0,0.0,0.0,0.0,0.0,0.0,0,0,0.0,0.0,1.0,1.0,0.0,0.0,0.014119461385341156,0.011295569108272925,0.04107979169942761,0.04107979169942761,0.0004995668357238518,-0.0008404277402618796
792,9.26,-0.003229278794402515,0.0,0.0,0.8,0.0,0.0,0.0,0.0,0.0,0.0,0.0,0,0,-0.0,0.0,1.0,1.0,0.0,0.0,0.00716149381865255,0.00572919505492204,0.02870708287385066,0.02870708287385066,0.00029183329924562114,-0.0004893600719098637
793,9.13,-0.014038876889848706,0.0,0.0,0.8,0.0,0.0,0.0,0.0,0.0,0.0,0.0,0,0,-0.0,0.0,1.0,1.0,0.0,0.0,0.06773973985468808,0.054191791883750465,0.03762673102731559,0.03762673102731559,0.00043792121370157496,-0.0018833598547081496
794,8.98,-0.016429353778751408,0.0,0.0,0.8,0.0,0.0,0.0,0.0,0.0,0.0,0.0,0,0,-0.0,0.0,1.0,1.0,0.0,0.0,0.0,0.0,0.024457375167755136,0.024457375167755136,0.0002294911903901388,-0.0002794911903901388
795,9.04,0.006681514476614556,0.0,0.0,0.8,0.0,0.0,0.0,0.0,0.0,0.0,0.0,0,0,0.0,0.0,1.0,1.0,0.0,0.0,0.0,0.0,0.01589729385904084,0.01589729385904084,0.00012026411331279502,-0.00017026411331279501
796,8.99,-0.0055309734513273165,0.0,0.0,0.8,0.0,0.0,0.0,0.0,0.0,0.0,0.0,0,0,-0.0,0.0,1.0,1.0,0.0,0.0,0.0,0.0,0.010333241008376546,0.010333241008376546,6.302401816089188e-05,-0.00011302401816089188
797,8.89,-0.011123470522803075,0.0,0.0,0.8,0.0,0.0,0.0,0.0,0.0,0.0,0.0,0,0,-0.0,0.0,1.0,1.0,0.0,0.0,0.0,0.0,0.006716606655444755,0.006716606655444755,3.302753211852634e-05,-8.302753211852634e-05
798,8.94,0.00562429696287952,0.0,0.0,0.8,0.0,0.0,0.0,0.0,0.0,0.0,0.0,0,0,0.0,0.0,1.0,1.0,0.0,0.0,0.0,0.0,0.004365794326039091,0.004365794326039091,1.7307970987434935e-05,-6.730797098743494e-05
799,8.78,-0.017897091722595095,0.0,0.0,0.8,0.0,0.0,0.0,0.0,0.0,0.0,0.0,0,0,-0.0,0.0,1.0,1.0,0.0,0.0,0.0,0.0,0.002837766311925409,0.002837766311925409,9.070186008050296e-06,-5.90701860080503e-05
800,8.83,0.005694760820045639,0.0,0.0,0.8,0.0,0.0,0.0,0.0,0.0,0.0,0.0,0,0,0.0,0.0,1.0,1.0,0.0,0.0,0.0,0.0,0.001844548102751516,0.001844548102751516,4.753201532424319e-06,-5.475320153242432e-05
801,8.68,-0.016987542468856212,0.0,0.0,0.8,0.0,0.0,0.0,0.0,0.0,0.0,0.0,0,0,-0.0,0.0,1.0,1.0,0.0,0.0,0.0,0.0,0.0011989562667884853,0.0011989562667884853,2.490899832460813e-06,-5.2490899832460816e-05
802,8.56,-0.013824884792626639,0.0,0.0,0.8,0.0,0.0,0.0,0.0,0.0,0.0,0.0,0,0,-0.0,0.0,1.0,1.0,0.0,0.0,0.0,0.0,0.0007793215734125155,0.0007793215734125155,1.3053479708420286e-06,-5.130534797084203e-05
803,8.75,0.02219626168224293,0.0,0.0,0.8,0.0,0.0,0.0,0.0,0.0,0.0,0.0,0,0,0.0,0.0,1.0,1.0,0.0,0.0,0.0,0.0,0.0005065590227181351,0.0005065590227181351,6.840633664895508e-07,-5.068406336648955e-05
804,8.84,0.01028571428571427,0.0,0.0,0.8,0.0,0.0,0.0,0.0,0.0,0.0,0.0,0,0,0.0,0.0,1.0,1.0,0.0,0.0,0.0,0.0,0.0003292633647667878,0.0003292633647667878,3.584811864924921e-07,-5.0358481186492495e-05
805,8.83,-0.0011312217194569894,0.0,0.0,0.8,0.0,0.0,0.0,0.0,0.0,0.0,0.0,0,0,-0.0,0.0,1.0,1.0,0.0,0.0,0.0,0.0,0.00021402118709841207,0.00021402118709841207,1.8786090202219288e-07,-5.0187860902022196e-05
806,8.87,0.004530011325028216,0.0,0.0,0.8,0.0,0.0,0.0,0.0,0.0,0.0,0.0,0,0,0.0,0.0,1.0,1.0,0.0,0.0,0.0,0.0,0.00013911377161396785,0.00013911377161396785,9.844789584050067e-08,-5.00984478958405e-05
807,9.02,0.016910935738444235,0.0,0.0,0.8,0.0,0.0,0.0,0.0,0.0,0.0,0.0,0,0,0.0,0.0,1.0,1.0,0.0,0.0,0.04355812985646648,0.034846503885173186,0.012286700311359693,0.012286700311359693,8.17154446946174e-05,-0.001029012919737827
808,9.09,0.007760532150776085,0.0,0.0,0.8,0.0,0.0,0.0,0.0,0.0,0.0,0.0,0,0,0.0,0.0,1.0,1.0,0.0,0.0,0.15910097581208996,0.12728078064967197,0.04728670031135969,0.04728670031135969,0.0006169639168845198,-0.0039444440186135726
809,9.05,-0.0044004400440043065,0.0,0.0,0.8,0.0,0.0,0.0,0.0,0.0,0.0,0.0,0,0,-0.0,0.0,1.0,1.0,0.0,0.0,0.13303903108515944,0.10643122486812756,0.06798728390622845,0.06798728390622845,0.0010636354108407152,-0.0038542394511949995
810,8.99,-0.006629834254143701,0.0,0.0,0.8,0.0,0.0,0.0,0.0,0.0,0.0,0.0,0,0,-0.0,0.0,1.0,1.0,0.0,0.0,0.08669576893722683,0.06935661514978146,0.068466549841472,0.068466549841472,0.0010749021105982456,-0.002910834950705118
811,8.94,-0.005561735261401636,0.0,0.0,0.8,0.0,0.0,0.0,0.0,0.0,0.0,0.0,0,0,-0.0,0.0,1.0,1.0,0.0,0.0,0.062451102936710134,0.04996088234936811,0.06198956621923564,0.06198956621923564,0.0009260387207865069,-0.0022625314412827355
812,9.13,0.0212527964205818,0.0,0.0,0.8,0.0,0.0,0.0,0.0,0.0,0.0,0.0,0,0,0.0,0.0,1.0,1.0,0.0,0.0,0.026515385443614294,0.021212308354891435,0.04771752596671517,0.04771752596671517,0.0006254147623371165,-0.0012216317024755711
813,9.12,-0.001095290251916929,0.0,0.0,0.8,0.0,0.0,0.0,0.0,0.0,0.0,0.0,0,0,-0.0,0.0,1.0,1.0,0.0,0.0,0.07237512114476263,0.057900096915810106,0.0512814257988984,0.0512814257988984,0.00069677311924101,-0.00223770061482312
814,9.27,0.016447368421052672,0.0,0.0,0.8,0.0,0.0,0.0,0.0,0.0,0.0,0.0,0,0,0.0,0.0,1.0,1.0,0.0,0.0,0.044166220171328596,0.03533297613706288,0.045699468417255966,0.045699468417255966,0.0005861624217935015,-0.0015459865573228706
815,9.21,-0.006472491909384976,0.0,0.0,0.8,0.0,0.0,0.0,0.0,0.0,0.0,0.0,0,0,-0.0,0.0,1.0,1.0,0.0,0.0,0.12919311544443943,0.10335449235555155,0.06587872679565943,0.06587872679565943,0.0010145397001697955,-0.0037259178783252476
816,9.14,-0.007600434310532061,0.0,0.0,0.8,0.0,0.0,0.0,0.0,0.0,0.0,0.0,0,0,-0.0,0.0,1.0,1.0,0.0,0.0,0.1182417417927673,0.09459339343421384,0.07592886011915348,0.07592886011915348,0.0012553405872500322,-0.0037411204681810388
817,9.02,-0.013129102844639058,0.0,0.0,0.8,0.0,0.0,0.0,0.0,0.0,0.0,0.0,0,0,-0.0,0.0,1.0,1.0,0.0,0.0,0.09911131005850182,0.07928904804680147,0.07710492589383028,0.07710492589383028,0.00128461928226086,-0.0033763122694659975
818,9.31,0.03215077605321518,0.0,0.0,0.8,0.0,0.0,0.0,0.0,0.0,0.0,0.0,0,0,0.0,0.0,1.0,1.0,0.0,0.0,0.0,0.0,0.05011820183098968,0.05011820183098968,0.0006732005645313871,-0.0007232005645313871
819,9.26,-0.005370569280343793,0.0,0.0,0.8,0.0,0.0,0.0,0.0,0.0,0.0,0.0,0,0,-0.0,0.0,1.0,1.0,0.0,0.0,0.11853191008177572,0.09482552806542058,0.06576576601304049,0.06576576601304049,0.0010119314061916211,-0.0035036887538762006
820,9.13,-0.014038876889848706,0.0,0.0,0.8,0.0,0.0,0.0,0.0,0.0,0.0,0.0,0,0,-0.0,0.0,1.0,1.0,0.0,0.0,0.04075514484943267,0.03260411587954614,0.05415918846631747,0.05415918846631747,0.0007562397000335488,-0.001645795683931862
821,9.11,-0.0021905805038336637,0.0,0.0,0.8,0.0,0.0,0.0,0.0,0.0,0.0,0.0,0,0,-0.0,0.0,1.0,1.0,0.0,0.0,0.0,0.0,0.035203472503106355,0.035203472503106355,0.00039630495977581925,-0.0004463049597758193
822,9.03,-0.008781558726673994,0.0,0.0,0.8,0.0,0.0,0.0,0.0,0.0,0.0,0.0,0,0,-0.0,0.0,1.0,1.0,0.0,0.0,0.0031054901978281087,0.002484392158262487,0.023751794382411002,0.023751794382411002,0.00021963213728699093,-0.00033360523536225
823,8.57,-0.050941306755260145,0.0,0.0,0.8,0.0,0.0,0.0,0.0,0.0,0.0,0.0,0,0,-0.0,0.0,1.0,1.0,0.0,0.0,0.0,0.0,0.015438666348567151,0.015438666348567151,0.00011509750854013187,-0.00016509750854013186
824,8.38,-0.022170361726954434,0.0,0.0,0.8,0.0,0.0,0.0,0.0,0.0,0.0,0.0,0,0,-0.0,0.0,1.0,1.0,0.0,0.0,0.0,0.0,0.010035133126568648,0.010035133126568648,6.0316475702439886e-05,-0.00011031647570243989
825,8.57,0.022673031026252923,0.0,0.0,0.8,0.0,0.0,0.0,0.0,0.0,0.0,0.0,0,0,0.0,0.0,1.0,1.0,0.0,0.0,0.0,0.0,0.006522836532269621,0.006522836532269621,3.160865328283371e-05,-8.160865328283372e-05
826,8.66,0.010501750291715269,0.0,0.0,0.8,0.0,0.0,0.0,0.0,0.0,0.0,0.0,0,0,0.0,0.0,1.0,1.0,0.0,0.0,0.0,0.0,0.004239843745975254,0.004239843745975254,1.6564412139782554e-05,-6.656441213978256e-05
827,8.6,-0.00692840646651276,0.0,0.0,0.8,0.0,0.0,0.0,0.0,0.0,0.0,0.0,0,0,-0.0,0.0,1.0,1.0,0.0,0.0,0.0,0.0,0.002755898434883915,0.002755898434883915,8.680526407798209e-06,-5.868052640779821e-05
828,8.65,0.005813953488372176,0.0,0.0,0.8,0.0,0.0,0.0,0.0,0.0,0.0,0.0,0,0,0.0,0.0,1.0,1.0,0.0,0.0,0.0,0.0,0.0017913339826745448,0.0017913339826745448,4.549001683887784e-06,-5.4549001683887786e-05
829,8.68,0.003468208092485475,0.0,0.0,0.8,0.0,0.0,0.0,0.0,0.0,0.0,0.0,0,0,0.0,0.0,1.0,1.0,0.0,0.0,0.0,0.0,0.0011643670887384542,0.0011643670887384542,2.3838895647415837e-06,-5.238388956474159e-05
830,8.75,0.00806451612903229,0.0,0.0,0.8,0.0,0.0,0.0,0.0,0.0,0.0,0.0,0,0,0.0,0.0,1.0,1.0,0.0,0.0,0.0625055339794472,0.05000442718355777,0.018258388121925213,0.018258388121925213,0.00014802835141914877,-0.0014856423513957611
831,8.96,0.024000000000000098,0.0,0.0,0.8,0.0,0.0,0.0,0.0,0.0,0.0,0.0,0,0,0.0,0.0,1.0,1.0,0.0,0.0,0.0330549030789857,0.026443922463188566,0.02112332514136739,0.02112332514136739,0.00018420214210865227,-0.0009151331455357578
832,9.17,0.023437499999999896,0.0,0.0,0.8,0.0,0.0,0.0,0.0,0.0,0.0,0.0,0,0,0.0,0.0,1.0,1.0,0.0,0.0,0.10791533291497463,0.08633226633197971,0.0439464545580817,0.0439464545580817,0.0005527605186372148,-0.0028258163766856923
833,9.29,0.013086150490730558,0.0,0.0,0.8,0.0,0.0,0.0,0.0,0.0,0.0,0.0,0,0,0.0,0.0,1.0,1.0,0.0,0.0,0.2292907806515807,0.18343262452126458,0.07894645455808169,0.07894645455808169,0.001330914622715055,-0.006104304704137618
834,9.38,0.009687836383207927,0.0,0.0,0.8,0.0,0.0,0.0,0.0,0.0,0.0,0.0,0,0,0.0,0.0,1.0,1.0,0.0,0.0,0.2672488935271286,0.21379911482170288,0.1139464545580817,0.1139464545580817,0.0023078228837058257,-0.007863150090364675
835,9.37,-0.0010660980810236207,0.0,0.0,0.8,0.0,0.0,0.0,0.0,0.0,0.0,0.0,0,0,-0.0,0.0,1.0,1.0,0.0,0.0,0.2973600541889589,0.23788804335116712,0.1489464545580817,0.1489464545580817,0.0034490262944434956,-0.009624643410736048
836,9.27,-0.01067235859124863,0.0,0.0,0.8,0.0,0.0,0.0,0.0,0.0,0.0,0.0,0,0,-0.0,0.0,1.0,1.0,0.0,0.0,0.270298737744994,0.21623899019599524,0.17249884203135143,0.17249884203135143,0.004298634564487706,-0.009916788562034581
837,9.45,0.01941747572815531,0.0,0.0,0.8,0.0,0.0,0.0,0.0,0.0,0.0,0.0,0,0,0.0,0.0,1.0,1.0,0.0,0.0,0.15438345057381045,0.12350676045904836,0.15535161348104537,0.15535161348104537,0.0036738794572571897,-0.006904178539077686
838,9.54,0.009523809523809509,0.0,0.0,0.8,0.0,0.0,0.0,0.0,0.0,0.0,0.0,0,0,0.0,0.0,1.0,1.0,0.0,0.0,0.1685464427329259,0.13483715418634074,0.14817155272789875,0.14817155272789875,0.003422145718976518,-0.006944202439274792
839,9.5,-0.00419287211740033,0.0,0.0,0.8,0.0,0.0,0.0,0.0,0.0,0.0,0.0,0,0,-0.0,0.0,1.0,1.0,0.0,0.0,0.17061830867360825,0.1364946469388866,0.1440846357017445,0.1440846357017445,0.0032815404319065083,-0.006846277590582838
840,9.55,0.005263157894736917,0.0,0.0,0.8,0.0,0.0,0.0,0.0,0.0,0.0,0.0,0,0,0.0,0.0,1.0,1.0,0.0,0.0,0.1203612353794662,0.09628898830357296,0.12735615911238446,0.12735615911238446,0.0027269751455882975,-0.005256416594405301
841,9.31,-0.025130890052356043,0.0,0.0,0.8,0.0,0.0,0.0,0.0,0.0,0.0,0.0,0,0,-0.0,0.0,1.0,1.0,0.0,0.0,0.14392995562326277,0.11514396449861022,0.12308189099756348,0.12308189099756348,0.0025908513161797767,-0.00560580840201899
842,9.43,0.012889366272824835,0.0,0.0,0.8,0.0,0.0,0.0,0.0,0.0,0.0,0.0,0,0,0.0,0.0,1.0,1.0,0.0,0.0,0.058641076526551525,0.04691286122124122,0.09642273057585068,0.09642273057585068,0.0017964717384792062,-0.0030544779149261677
843,9.38,-0.005302226935312719,0.0,0.0,0.8,0.0,0.0,0.0,0.0,0.0,0.0,0.0,0,0,-0.0,0.0,1.0,1.0,0.0,0.0,0.055623735004917685,0.04449898800393415,0.0782494206756799,0.0782494206756799,0.0013133272236393395,-0.002509176164740644
844,9.48,0.010660980810234503,0.0,0.0,0.8,0.0,0.0,0.0,0.0,0.0,0.0,0.0,0,0,0.0,0.0,1.0,1.0,0.0,0.0,0.0,0.0,0.050862123439191935,0.050862123439191935,0.0006882448680144497,-0.0007382448680144497
845,9.45,-0.003164556962025436,0.0,0.0,0.8,0.0,0.0,0.0,0.0,0.0,0.0,0.0,0,0,-0.0,0.0,1.0,1.0,0.0,0.0,0.04765672869374629,0.03812538295499704,0.04640426426972372,0.04640426426972372,0.0005997746244847332,-0.001631503235575907
846,9.3,-0.015873015873015723,0.0,0.0,0.8,0.0,0.0,0.0,0.0,0.0,0.0,0.0,0,0,-0.0,0.0,1.0,1.0,0.0,0.0,0.010380416190693097,0.008304332952554477,0.03306928830871449,0.03306928830871449,0.0003608182726580537,-0.0006246548461863315
847,9.3,0.0,0.0,0.0,0.8,0.0,0.0,0.0,0.0,0.0,0.0,0.0,0,0,0.0,0.0,1.0,1.0,0.0,0.0,0.008888498363646762,0.00711079869091741,0.02398381694248551,0.02398381694248551,0.00022285824261802478,-0.0004559613089091481
848,9.32,0.002150537634408556,0.0,0.0,0.8,0.0,0.0,0.0,0.0,0.0,0.0,0.0,0,0,0.0,0.0,1.0,1.0,0.0,0.0,0.0,0.0,0.015589481012615583,0.015589481012615583,0.00011678813856575893,-0.00016678813856575893
849,9.44,0.01287553648068661,0.0,0.0,0.8,0.0,0.0,0.0,0.0,0.0,0.0,0.0,0,0,0.0,0.0,1.0,1.0,0.0,0.0,0.0,0.0,0.01013316265820013,0.01013316265820013,6.120244487897505e-05,-0.00011120244487897505
850,9.51,0.007415254237288166,0.0,0.0,0.8,0.0,0.0,0.0,0.0,0.0,0.0,0.0,0,0,0.0,0.0,1.0,1.0,0.0,0.0,0.004697127256412378,0.0037577018051299024,0.00790175135962555,0.00790175135962555,4.214405209687006e-05,-0.00018890487357896505
851,9.29,-0.023133543638275567,0.0,0.0,0.8,0.0,0.0,0.0,0.0,0.0,0.0,0.0,0,0,-0.0,0.0,1.0,1.0,0.0,0.0,0.04143536573036091,0.03314829258428873,0.016738040788257663,0.016738040788257663,0.00012992962444391548,-0.0010334981584893502
852,9.23,-0.00645855758880503,0.0,0.0,0.8,0.0,0.0,0.0,0.0,0.0,0.0,0.0,0,0,-0.0,0.0,1.0,1.0,0.0,0.0,0.0,0.0,0.010879726512367481,0.010879726512367481,6.808919789142108e-05,-0.00011808919789142109
853,9.36,0.014084507042253412,0.0,0.0,0.8,0.0,0.0,0.0,0.0,0.0,0.0,0.0,0,0,0.0,0.0,1.0,1.0,0.0,0.0,0.0,0.0,0.007071822233038863,0.007071822233038863,3.568192311291029e-05,-8.56819231129103e-05
854,9.25,-0.011752136752136691,0.0,0.0,0.8,0.0,0.0,0.0,0.0,0.0,0.0,0.0,0,0,-0.0,0.0,1.0,1.0,0.0,0.0,0.007603004654416096,0.006082403723532877,0.006725525754711768,0.006725525754711768,3.3093340708509274e-05,-0.00023971523658948085
855,9.22,-0.003243243243243174,0.0,0.0,0.8,0.0,0.0,0.0,0.0,0.0,0.0,0.0,0,0,-0.0,0.0,1.0,1.0,0.0,0.0,0.0,0.0,0.00437159174056265,0.00437159174056265,1.7342457765377075e-05,-6.734245776537708e-05
856,8.95,-0.029284164859002315,0.0,0.0,0.8,0.0,0.0,0.0,0.0,0.0,0.0,0.0,0,0,-0.0,0.0,1.0,1.0,0.0,0.0,0.0,0.0,0.0028415346313657225,0.0028415346313657225,9.08825869207436e-06,-5.908825869207436e-05
857,8.74,-0.023463687150837888,0.0,0.0,0.8,0.0,0.0,0.0,0.0,0.0,0.0,0.0,0,0,-0.0,0.0,1.0,1.0,0.0,0.0,0.0,0.0,0.0018469975103877197,0.0018469975103877197,4.76267246381668e-06,-5.476267246381668e-05
858,8.82,0.009153318077803212,0.0,0.0,0.8,0.0,0.0,0.0,0.0,0.0,0.0,0.0,0,0,0.0,0.0,1.0,1.0,0.0,0.0,0.0,0.0,0.0012005483817520179,0.0012005483817520179,2.4958630433109216e-06,-5.249586304331092e-05
859,9.12,0.03401360544217675,0.0,0.0,0.8,0.0,0.0,0.0,0.0,0.0,0.0,0.0,0,0,0.0,0.0,1.0,1.0,0.0,0.0,0.0,0.0,0.0007803564481388116,0.0007803564481388116,1.3079489253756559e-06,-5.1307948925375657e-05
860,9.04,-0.008771929824561412,0.0,0.0,0.8,0.0,0.0,0.0,0.0,0.0,0.0,0.0,0,0,-0.0,0.0,1.0,1.0,0.0,0.0,0.0,0.0,0.0005072316912902276,0.0005072316912902276,6.85426388269262e-07,-5.068542638826926e-05
861,9.17,0.014380530973451416,0.0,0.0,0.8,0.0,0.0,0.0,0.0,0.0,0.0,0.0,0,0,0.0,0.0,1.0,1.0,0.0,0.0,0.0,0.0,0.00032970059933864793,0.00032970059933864793,3.591954736312896e-07,-5.035919547363129e-05
862,9.01,-0.01744820065430754,0.0,0.0,0.8,0.0,0.0,0.0,0.0,0.0,0.0,0.0,0,0,-0.0,0.0,1.0,1.0,0.0,0.0,0.06185125923776189,0.04948100739020952,0.01753265797614345,0.01753265797614345,0.00013929094715088377,-0.0014634268874487788
863,8.89,-0.013318534961154187,0.0,0.0,0.8,0.0,0.0,0.0,0.0,0.0,0.0,0.0,0,0,-0.0,0.0,1.0,1.0,0.0,0.0,0.05767685844953283,0.04614148675962627,0.02754574805036244,0.02754574805036244,0.0002743046101191152,-0.0015124478941794914
864,8.71,-0.02024746906636667,0.0,0.0,0.8,0.0,0.0,0.0,0.0,0.0,0.0,0.0,0,0,-0.0,0.0,1.0,1.0,0.0,0.0,0.0,0.0,0.017904736232735585,0.017904736232735585,0.00014374844044124518,-0.00019374844044124518
865,8.65,-0.006888633754305452,0.0,0.0,0.8,0.0,0.0,0.0,0.0,0.0,0.0,0.0,0,0,-0.0,0.0,1.0,1.0,0.0,0.0,0.0,0.0,0.01163807855127813,0.01163807855127813,7.533090355396201e-05,-0.000125330903553962
866,8.53,-0.013872832369942311,0.0,0.0,0.8,0.0,0.0,0.0,0.0,0.0,0.0,0.0,0,0,-0.0,0.0,1.0,1.0,0.0,0.0,0.0,0.0,0.007564751058330785,0.007564751058330785,3.947691545617696e-05,-8.947691545617696e-05
867,8.51,-0.002344665885111322,0.0,0.0,0.8,0.0,0.0,0.0,0.0,0.0,0.0,0.0,0,0,-0.0,0.0,1.0,1.0,0.0,0.0,0.0,0.0,0.004917088187915011,0.004917088187915011,2.0687749388506822e-05,-7.068774938850682e-05
868,8.56,0.005875440658049437,0.0,0.0,0.8,0.0,0.0,0.0,0.0,0.0,0.0,0.0,0,0,0.0,0.0,1.0,1.0,0.0,0.0,0.0,0.0,0.003196107322144757,0.003196107322144757,1.08413479071526e-05,-6.08413479071526e-05
869,8.69,0.015186915887850351,0.0,0.0,0.8,0.0,0.0,0.0,0.0,0.0,0.0,0.0,0,0,0.0,0.0,1.0,1.0,0.0,0.0,0.0,0.0,0.002077469759394092,0.002077469759394092,5.6813731758186854e-06,-5.568137317581869e-05
870,8.75,0.006904487917146203,0.0,0.0,0.8,0.0,0.0,0.0,0.0,0.0,0.0,0.0,0,0,0.0,0.0,1.0,1.0,0.0,0.0,0.0,0.0,0.00135035534360616,0.00135035534360616,2.9773051690017833e-06,-5.297730516900179e-05
871,8.81,0.006857142857142914,0.0,0.0,0.8,0.0,0.0,0.0,0.0,0.0,0.0,0.0,0,0,0.0,0.0,1.0,1.0,0.0,0.0,0.005330782671406697,0.004264626137125358,0.002370350121337879,0.002370350121337879,6.924206321341128e-06,-0.0001667383293523191
872,8.73,-0.0090805902383655,0.0,0.0,0.8,0.0,0.0,0.0,0.0,0.0,0.0,0.0,0,0,-0.0,0.0,1.0,1.0,0.0,0.0,0.0819748939152028,0.06557991513216224,0.024493697875126404,0.024493697875126404,0.0002300026211225435,-0.001968685435775721
873,8.66,-0.008018327605956504,0.0,0.0,0.8,0.0,0.0,0.0,0.0,0.0,0.0,0.0,0,0,-0.0,0.0,1.0,1.0,0.0,0.0,0.05236940073437646,0.04189552058750117,0.030584335824457572,0.030584335824457572,0.00032092225188480166,-0.0014497319070129566
874,8.64,-0.002309468822170851,0.0,0.0,0.8,0.0,0.0,0.0,0.0,0.0,0.0,0.0,0,0,-0.0,0.0,1.0,1.0,0.0,0.0,0.004401593045747627,0.0035212744365981014,0.02111226433870676,0.02111226433870676,0.00018405748045197484,-0.00032473029719437595
875,8.67,0.003472222222222148,0.0,0.0,0.8,0.0,0.0,0.0,0.0,0.0,0.0,0.0,0,0,0.0,0.0,1.0,1.0,0.0,0.0,0.0,0.0,0.013722971820159394,0.013722971820159394,9.64547251139058e-05,-0.0001464547251139058
876,8.65,-0.0023068050749711156,0.0,0.0,0.8,0.0,0.0,0.0,0.0,0.0,0.0,0.0,0,0,-0.0,0.0,1.0,1.0,0.0,0.0,0.0,0.0,0.008919931683103606,0.008919931683103606,5.054678556912359e-05,-0.0001005467855691236
877,8.69,0.0046242774566473,0.0,0.0,0.8,0.0,0.0,0.0,0.0,0.0,0.0,0.0,0,0,0.0,0.0,1.0,1.0,0.0,0.0,0.0,0.0,0.005797955594017344,0.005797955594017344,2.6488878884406378e-05,-7.648887888440638e-05
878,8.8,0.012658227848101406,0.0,0.0,0.8,0.0,0.0,0.0,0.0,0.0,0.0,0.0,0,0,0.0,0.0,1.0,1.0,0.0,0.0,0.0,0.0,0.0037686711361112736,0.0037686711361112736,1.3881410986920567e-05,-6.388141098692057e-05
879,8.67,-0.014772727272727361,0.0,0.0,0.8,0.0,0.0,0.0,0.0,0.0,0.0,0.0,0,0,-0.0,0.0,1.0,1.0,0.0,0.0,0.0545085698064823,0.04360685584518584,0.01771203578428737,0.01771203578428737,0.00014143404808961453,-0.00131431058610315
880,8.74,0.00807381776239911,0.0,0.0,0.8,0.0,0.0,0.0,0.0,0.0,0.0,0.0,0,0,0.0,0.0,1.0,1.0,0.0,0.0,0.0,0.0,0.01151282325978679,0.01151282325978679,7.411805375544208e-05,-0.0001241180537554421
881,8.6,-0.01601830663615567,0.0,0.0,0.8,0.0,0.0,0.0,0.0,0.0,0.0,0.0,0,0,-0.0,0.0,1.0,1.0,0.0,0.0,0.02652302599008681,0.02121842079206945,0.01490978239608572,0.01490978239608572,0.00010923409326765761,-0.0007056084286634459
882,8.6,0.0,0.0,0.0,0.8,0.0,0.0,0.0,0.0,0.0,0.0,0.0,0,0,0.0,0.0,1.0,1.0,0.0,0.0,0.0,0.0,0.009691358557455718,0.009691358557455718,5.724377196366003e-05,-0.00010724377196366003
883,8.57,-0.0034883720930231816,0.0,0.0,0.8,0.0,0.0,0.0,0.0,0.0,0.0,0.0,0,0,-0.0,0.0,1.0,1.0,0.0,0.0,0.0,0.0,0.006299383062346216,0.006299383062346216,2.999841286363047e-05,-7.999841286363048e-05
884,8.57,0.0,0.0,0.0,0.8,0.0,0.0,0.0,0.0,0.0,0.0,0.0,0,0,0.0,0.0,1.0,1.0,0.0,0.0,0.0,0.0,0.004094598990525041,0.004094598990525041,1.5720570875520137e-05,-6.572057087552014e-05
885,8.61,0.004667444574095583,0.0,0.0,0.8,0.0,0.0,0.0,0.0,0.0,0.0,0.0,0,0,0.0,0.0,1.0,1.0,0.0,0.0,0.0,0.0,0.0026614893438412766,0.0026614893438412766,8.23831413267452e-06,-5.8238314132674524e-05
886,8.6,-0.001161440185830405,0.0,0.0,0.8,0.0,0.0,0.0,0.0,0.0,0.0,0.0,0,0,-0.0,0.0,1.0,1.0,0.0,0.0,0.0,0.0,0.0017299680734968298,0.0017299680734968298,4.317261776689719e-06,-5.431726177668972e-05
887,8.54,-0.00697674418604657,0.0,0.0,0.8,0.0,0.0,0.0,0.0,0.0,0.0,0.0,0,0,-0.0,0.0,1.0,1.0,0.0,0.0,0.0,0.0,0.0011244792477729394,0.0011244792477729394,2.26244701868574e-06,-5.226244701868574e-05
888,8.22,-0.037470725995315986,0.0,0.0,0.8,0.0,0.0,0.0,0.0,0.0,0.0,0.0,0,0,-0.0,0.0,1.0,1.0,0.0,0.0,0.0,0.0,0.0007309115110524107,0.0007309115110524107,1.185628015423414e-06,-5.1185628015423416e-05
889,8.0,-0.026763990267639978,0.0,0.0,0.8,0.0,0.0,0.0,0.0,0.0,0.0,0.0,0,0,-0.0,0.0,1.0,1.0,0.0,0.0,0.0,0.0,0.00047509248218406696,0.00047509248218406696,6.213245125065714e-07,-5.062132451250658e-05
890,7.8,-0.025000000000000022,0.0,0.0,0.8,0.0,0.0,0.0,0.0,0.0,0.0,0.0,0,0,-0.0,0.0,1.0,1.0,0.0,0.0,0.0,0.0,0.00030881011341964354,0.00030881011341964354,3.256030937356551e-07,-5.032560309373566e-05
891,7.75,-0.0064102564102563875,0.0,0.0,0.8,0.0,0.0,0.0,0.0,0.0,0.0,0.0,0,0,-0.0,0.0,1.0,1.0,0.0,0.0,0.0,0.0,0.0002007265737227683,0.0002007265737227683,1.7063124424711718e-07,-5.017063124424712e-05
892,7.68,-0.009032258064516166,0.0,0.0,0.8,0.0,0.0,0.0,0.0,0.0,0.0,0.0,0,0,-0.0,0.0,1.0,1.0,0.0,0.0,0.0,0.0,0.0001304722729197994,0.0001304722729197994,8.941874961715431e-08,-5.0089418749617156e-05
893,7.58,-0.013020833333333287,0.0,0.0,0.8,0.0,0.0,0.0,0.0,0.0,0.0,0.0,0,0,-0.0,0.0,1.0,1.0,0.0,0.0,0.0,0.0,8.480697739786962e-05,8.480697739786962e-05,4.685960545136457e-08,-5.004685960545137e-05
894,7.15,-0.056728232189973575,0.0,0.0,0.8,0.0,0.0,0.0,0.0,0.0,0.0,0.0,0,0,-0.0,0.0,1.0,1.0,0.0,0.0,0.0,0.0,5.5124535308615255e-05,5.5124535308615255e-05,2.4556624113611003e-08,-5.0024556624113617e-05
895,7.29,0.019580419580419534,0.0,0.0,0.8,0.0,0.0,0.0,0.0,0.0,0.0,0.0,0,0,0.0,0.0,1.0,1.0,0.0,0.0,0.0,0.0,3.5830947950599914e-05,3.5830947950599914e-05,1.2868819147080994e-08,-5.001286881914708e-05
896,7.51,0.030178326474622735,0.0,0.0,0.8,0.0,0.0,0.0,0.0,0.0,0.0,0.0,0,0,0.0,0.0,1.0,1.0,0.0,0.0,0.0,0.0,2.3290116167889946e-05,2.3290116167889946e-05,6.743862897200422e-09,-5.0006743862897205e-05
897,7.6,0.011984021304926746,0.0,0.0,0.8,0.0,0.0,0.0,0.0,0.0,0.0,0.0,0,0,0.0,0.0,1.0,1.0,0.0,0.0,0.0,0.0,1.5138575509128466e-05,1.5138575509128466e-05,3.534099458267119e-09,-5.000353409945827e-05
898,7.5,-0.01315789473684206,0.0,0.0,0.8,0.0,0.0,0.0,0.0,0.0,0.0,0.0,0,0,-0.0,0.0,1.0,1.0,0.0,0.0,0.0,0.0,9.840074080933503e-06,9.840074080933503e-06,1.8520333481436662e-09,-5.000185203334814e-05
899,7.59,0.011999999999999981,0.0,0.0,0.8,0.0,0.0,0.0,0.0,0.0,0.0,0.0,0,0,0.0,0.0,1.0,1.0,0.0,0.0,0.0,0.0,6.3960481526067776e-06,6.3960481526067776e-06,9.705520637266077e-10,-5.000097055206373e-05
900,7.79,0.026350461133069852,0.0,0.0,0.8,0.0,0.0,0.0,0.0,0.0,0.0,0.0,0,0,0.0,0.0,1.0,1.0,0.0,0.0,0.09606014613379964,0.07684811690703972,0.026900998348763094,0.026900998348763094,0.0002647304190552501,-0.0022935694294115225
901,7.79,0.0,0.0,0.0,0.8,0.0,0.0,0.0,0.0,0.0,0.0,0.0,0,0,0.0,0.0,1.0,1.0,0.0,0.0,0.15968528023061768,0.12774822418449414,0.06190099834876309,0.06190099834876309,0.0009240548068831427,-0.004263571579633867
902,7.62,-0.021822849807445435,0.0,0.0,0.8,0.0,0.0,0.0,0.0,0.0,0.0,0.0,0,0,-0.0,0.0,1.0,1.0,0.0,0.0,0.0822689811016653,0.06581518488133224,0.0632709636351623,0.0632709636351623,0.0009549000669603863,-0.0026996410776546917
903,7.64,0.0026246719160104427,0.0,0.0,0.8,0.0,0.0,0.0,0.0,0.0,0.0,0.0,0,0,0.0,0.0,1.0,1.0,0.0,0.0,0.0,0.0,0.041126126362855495,0.041126126362855495,0.0005004122801406417,-0.0005504122801406417
904,7.48,-0.020942408376963255,0.0,0.0,0.8,0.0,0.0,0.0,0.0,0.0,0.0,0.0,0,0,-0.0,0.0,1.0,1.0,0.0,0.0,0.017298264600562593,0.013838611680450075,0.031575496224013594,0.031575496224013594,0.0003366483785280631,-0.0007429926292996526
905,7.6,0.016042780748662996,0.0,0.0,0.8,0.0,0.0,0.0,0.0,0.0,0.0,0.0,0,0,0.0,0.0,1.0,1.0,0.0,0.0,0.0,0.0,0.020524072545608837,0.020524072545608837,0.00017641948988560127,-0.00022641948988560127
906,7.55,-0.00657894736842103,0.0,0.0,0.8,0.0,0.0,0.0,0.0,0.0,0.0,0.0,0,0,-0.0,0.0,1.0,1.0,0.0,0.0,0.0,0.0,0.013340647154645745,0.013340647154645745,9.245206095326934e-05,-0.00014245206095326934
907,7.58,0.003973509933774867,0.0,0.0,0.8,0.0,0.0,0.0,0.0,0.0,0.0,0.0,0,0,0.0,0.0,1.0,1.0,0.0,0.0,0.0,0.0,0.008671420650519734,0.008671420650519734,4.844920240983326e-05,-9.844920240983327e-05
908,7.6,0.0026385224274405768,0.0,0.0,0.8,0.0,0.0,0.0,0.0,0.0,0.0,0.0,0,0,0.0,0.0,1.0,1.0,0.0,0.0,0.0,0.0,0.005636423422837828,0.005636423422837828,2.5389647239291595e-05,-7.53896472392916e-05
909,7.46,-0.018421052631578907,0.0,0.0,0.8,0.0,0.0,0.0,0.0,0.0,0.0,0.0,0,0,-0.0,0.0,1.0,1.0,0.0,0.0,0.0,0.0,0.003663675224844588,0.003663675224844588,1.330536221180046e-05,-6.330536221180046e-05
910,7.55,0.012064343163538854,0.0,0.0,0.8,0.0,0.0,0.0,0.0,0.0,0.0,0.0,0,0,0.0,0.0,1.0,1.0,0.0,0.0,0.0,0.0,0.002381388896148982,0.002381388896148982,6.9726318730904545e-06,-5.6972631873090454e-05
911,7.33,-0.029139072847682086,0.0,0.0,0.8,0.0,0.0,0.0,0.0,0.0,0.0,0.0,0,0,-0.0,0.0,1.0,1.0,0.0,0.0,0.0,0.0,0.0015479027824968385,0.0015479027824968385,3.6539850974157015e-06,-5.3653985097415705e-05
912,7.44,0.015006821282401136,0.0,0.0,0.8,0.0,0.0,0.0,0.0,0.0,0.0,0.0,0,0,0.0,0.0,1.0,1.0,0.0,0.0,0.0,0.0,0.001006136808622945,0.001006136808622945,1.914859028147466e-06,-5.191485902814747e-05
913,7.4,-0.00537634408602151,0.0,0.0,0.8,0.0,0.0,0.0,0.0,0.0,0.0,0.0,0,0,-0.0,0.0,1.0,1.0,0.0,0.0,0.0,0.0,0.0006539889256049143,0.0006539889256049143,1.0034756573777872e-06,-5.100347565737779e-05
914,7.5,0.013513513513513466,0.0,0.0,0.8,0.0,0.0,0.0,0.0,0.0,0.0,0.0,0,0,0.0,0.0,1.0,1.0,0.0,0.0,0.0,0.0,0.00042509280164319433,0.00042509280164319433,5.258681606049981e-07,-5.0525868160605e-05
915,7.44,-0.007999999999999948,0.0,0.0,0.8,0.0,0.0,0.0,0.0,0.0,0.0,0.0,0,0,-0.0,0.0,1.0,1.0,0.0,0.0,0.00792555003409172,0.006340440027273377,0.0024954643306137583,0.0024954643306137583,7.479598748096644e-06,-0.00022074592945038607
916,7.38,-0.008064516129032324,0.0,0.0,0.8,0.0,0.0,0.0,0.0,0.0,0.0,0.0,0,0,-0.0,0.0,1.0,1.0,0.0,0.0,0.0,0.0,0.001622051814898943,0.001622051814898943,3.91965944246541e-06,-5.391965944246541e-05
917,7.29,-0.012195121951219494,0.0,0.0,0.8,0.0,0.0,0.0,0.0,0.0,0.0,0.0,0,0,-0.0,0.0,1.0,1.0,0.0,0.0,0.0,0.0,0.001054333679684313,0.001054333679684313,2.054084806196041e-06,-5.205408480619604e-05
918,7.25,-0.005486968449931418,0.0,0.0,0.8,0.0,0.0,0.0,0.0,0.0,0.0,0.0,0,0,-0.0,0.0,1.0,1.0,0.0,0.0,0.0,0.0,0.0006853168917948034,0.0006853168917948034,1.076436474387063e-06,-5.1076436474387066e-05
919,7.18,-0.009655172413793142,0.0,0.0,0.8,0.0,0.0,0.0,0.0,0.0,0.0,0.0,0,0,-0.0,0.0,1.0,1.0,0.0,0.0,0.0,0.0,0.0004454559796666222,0.0004454559796666222,5.641030399015877e-07,-5.056410303990159e-05
920,7.12,-0.008356545961002732,0.0,0.0,0.8,0.0,0.0,0.0,0.0,0.0,0.0,0.0,0,0,-0.0,0.0,1.0,1.0,0.0,0.0,0.0,0.0,0.00028954638678330445,0.00028954638678330445,2.9561636677854726e-07,-5.029561636677855e-05
921,6.51,-0.08567415730337083,0.0,0.0,0.8,0.0,0.0,0.0,0.0,0.0,0.0,0.0,0,0,-0.0,0.0,1.0,1.0,0.0,0.0,0.0,0.0,0.0001882051514091479,0.0001882051514091479,1.5491679733297356e-07,-5.015491679733298e-05
922,6.59,0.012288786482334882,0.0,0.0,0.8,0.0,0.0,0.0,0.0,0.0,0.0,0.0,0,0,0.0,0.0,1.0,1.0,0.0,0.0,0.0,0.0,0.00012233334841594616,0.00012233334841594616,8.118364472655856e-08,-5.008118364472656e-05
923,6.77,0.027314112291350487,0.0,0.0,0.8,0.0,0.0,0.0,0.0,0.0,0.0,0.0,0,0,0.0,0.0,1.0,1.0,0.0,0.0,0.0,0.0,7.951667647036501e-05,7.951667647036501e-05,4.2544025467567876e-08,-5.004254402546757e-05
924,6.82,0.007385524372230534,0.0,0.0,0.8,0.0,0.0,0.0,0.0,0.0,0.0,0.0,0,0,0.0,0.0,1.0,1.0,0.0,0.0,0.0,0.0,5.168583970573726e-05,5.168583970573726e-05,2.2295058433031152e-08,-5.002229505843303e-05
925,6.92,0.014662756598240416,0.0,0.0,0.8,0.0,0.0,0.0,0.0,0.0,0.0,0.0,0,0,0.0,0.0,1.0,1.0,0.0,0.0,0.0,0.0,3.359579580872922e-05,3.359579580872922e-05,1.168365299403083e-08,-5.001168365299403e-05
926,7.0,0.011560693641618507,0.0,0.0,0.8,0.0,0.0,0.0,0.0,0.0,0.0,0.0,0,0,0.0,0.0,1.0,1.0,0.0,0.0,0.0,0.0,2.1837267275673993e-05,2.1837267275673993e-05,6.12278042217118e-09,-5.000612278042217e-05
927,6.59,-0.058571428571428594,0.0,0.0,0.8,0.0,0.0,0.0,0.0,0.0,0.0,0.0,0,0,-0.0,0.0,1.0,1.0,0.0,0.0,0.16873549598604648,0.1349883967888372,0.035021837267275674,0.035021837267275674,0.00039324176703268065,-0.003919192984345238
928,6.61,0.003034901365705685,0.0,0.0,0.8,0.0,0.0,0.0,0.0,0.0,0.0,0.0,0,0,0.0,0.0,1.0,1.0,0.0,0.0,0.0,0.0,0.02276419422372919,0.02276419422372919,0.0002060770714088998,-0.0002560770714088998
929,6.74,0.019667170953101346,0.0,0.0,0.8,0.0,0.0,0.0,0.0,0.0,0.0,0.0,0,0,0.0,0.0,1.0,1.0,0.0,0.0,0.0,0.0,0.014796726245423974,0.014796726245423974,0.00010799402027134996,-0.00015799402027134995
930,6.79,0.007418397626112733,0.0,0.0,0.8,0.0,0.0,0.0,0.0,0.0,0.0,0.0,0,0,0.0,0.0,1.0,1.0,0.0,0.0,0.0,0.0,0.009617872059525584,0.009617872059525584,5.6593915735669116e-05,-0.00010659391573566911
931,6.78,-0.0014727540500736062,0.0,0.0,0.8,0.0,0.0,0.0,0.0,0.0,0.0,0.0,0,0,-0.0,0.0,1.0,1.0,0.0,0.0,0.0,0.0,0.00625161683869163,0.00625161683869163,2.965785781701949e-05,-7.96578578170195e-05
932,6.78,0.0,0.0,0.0,0.8,0.0,0.0,0.0,0.0,0.0,0.0,0.0,0,0,0.0,0.0,1.0,1.0,0.0,0.0,0.0,0.0,0.004063550945149559,0.004063550945149559,1.5542104108908134e-05,-6.554210410890813e-05
933,6.7,-0.011799410029498535,0.0,0.0,0.8,0.0,0.0,0.0,0.0,0.0,0.0,0.0,0,0,-0.0,0.0,1.0,1.0,0.0,0.0,0.04421997447448743,0.03537597957958995,0.015022900967203694,0.015022900967203694,0.00011047956532834129,-0.0010714110395027823
934,6.79,0.013432835820895501,0.0,0.0,0.8,0.0,0.0,0.0,0.0,0.0,0.0,0.0,0,0,0.0,0.0,1.0,1.0,0.0,0.0,0.0,0.0,0.009764885628682402,0.009764885628682402,5.789645755380991e-05,-0.0001078964575538099
935,6.82,0.0044182621502209495,0.0,0.0,0.8,0.0,0.0,0.0,0.0,0.0,0.0,0.0,0,0,0.0,0.0,1.0,1.0,0.0,0.0,0.0,0.0,0.006347175658643562,0.006347175658643562,3.034045062829573e-05,-8.034045062829573e-05
936,6.75,-0.01026392961876837,0.0,0.0,0.8,0.0,0.0,0.0,0.0,0.0,0.0,0.0,0,0,-0.0,0.0,1.0,1.0,0.0,0.0,0.00201149026486077,0.001609192211888616,0.004688881452279331,0.004688881452279331,1.9264384130902295e-05,-0.00011070108358703415
937,6.86,0.016296296296296343,0.0,0.0,0.8,0.0,0.0,0.0,0.0,0.0,0.0,0.0,0,0,0.0,0.0,1.0,1.0,0.0,0.0,0.0,0.0,0.003047772943981565,0.003047772943981565,1.0095437964661833e-05,-6.009543796466184e-05
938,6.83,-0.004373177842565633,0.0,0.0,0.8,0.0,0.0,0.0,0.0,0.0,0.0,0.0,0,0,-0.0,0.0,1.0,1.0,0.0,0.0,0.04446776737436799,0.035574213899494396,0.014432027278411055,0.014432027278411055,0.00010402608686308612,-0.0010700620947750668
939,6.5,-0.04831625183016106,0.0,0.0,0.8,0.0,0.0,0.0,0.0,0.0,0.0,0.0,0,0,-0.0,0.0,1.0,1.0,0.0,0.0,0.06511866252690844,0.05209493002152676,0.02761404323850155,0.02761404323850155,0.00027532538246697225,-0.0016667698305212863
940,6.54,0.006153846153846159,0.0,0.0,0.8,0.0,0.0,0.0,0.0,0.0,0.0,0.0,0,0,0.0,0.0,1.0,1.0,0.0,0.0,0.0,0.0,0.017949128105026007,0.017949128105026007,0.00014428337287634456,-0.00019428337287634456
941,6.62,0.012232415902140683,0.0,0.0,0.8,0.0,0.0,0.0,0.0,0.0,0.0,0.0,0,0,0.0,0.0,1.0,1.0,0.0,0.0,0.0,0.0,0.011666933268266904,0.011666933268266904,7.561123315999225e-05,-0.00012561123315999226
942,6.64,0.003021148036253712,0.0,0.0,0.8,0.0,0.0,0.0,0.0,0.0,0.0,0.0,0,0,0.0,0.0,1.0,1.0,0.0,0.0,0.0,0.0,0.007583506624373488,0.007583506624373488,3.962382127616613e-05,-8.962382127616613e-05
943,6.57,-0.010542168674698704,0.0,0.0,0.8,0.0,0.0,0.0,0.0,0.0,0.0,0.0,0,0,-0.0,0.0,1.0,1.0,0.0,0.0,0.0,0.0,0.004929279305842768,0.004929279305842768,2.0764734906562874e-05,-7.076473490656288e-05
944,6.81,0.0365296803652967,0.0,0.0,0.8,0.0,0.0,0.0,0.0,0.0,0.0,0.0,0,0,0.0,0.0,1.0,1.0,0.0,0.0,0.0,0.0,0.0032040315487977993,0.0032040315487977993,1.0881691917967125e-05,-6.0881691917967124e-05
945,6.77,-0.005873715124816452,0.0,0.0,0.8,0.0,0.0,0.0,0.0,0.0,0.0,0.0,0,0,-0.0,0.0,1.0,1.0,0.0,0.0,0.15666817184747706,0.12533453747798165,0.0382040315487978,0.0382040315487978,0.0004480381991261725,-0.0037254025391842
946,6.8,0.004431314623338294,0.0,0.0,0.8,0.0,0.0,0.0,0.0,0.0,0.0,0.0,0,0,0.0,0.0,1.0,1.0,0.0,0.0,0.11411418562275719,0.09129134849820575,0.05678459248109058,0.05678459248109058,0.0008118896788303514,-0.0032126419026591497
947,6.83,0.004411764705882389,0.0,0.0,0.8,0.0,0.0,0.0,0.0,0.0,0.0,0.0,0,0,0.0,0.0,1.0,1.0,0.0,0.0,0.09994611165995076,0.07995688932796062,0.0648948963774951,0.0648948963774951,0.0009918981159165836,-0.0031007880161115697
948,6.83,0.0,0.0,0.0,0.8,0.0,0.0,0.0,0.0,0.0,0.0,0.0,0,0,0.0,0.0,1.0,1.0,0.0,0.0,0.10807372587223142,0.08645898069778514,0.07244232588959662,0.07244232588959662,0.0011698759928908294,-0.0034461947458587967
949,6.82,-0.0014641288433381826,0.0,0.0,0.8,0.0,0.0,0.0,0.0,0.0,0.0,0.0,0,0,-0.0,0.0,1.0,1.0,0.0,0.0,0.13712157642620446,0.10969726114096356,0.08548155322757506,0.08548155322757506,0.0014995462242289885,-0.004374250698608801
950,6.73,-0.0131964809384164,0.0,0.0,0.8,0.0,0.0,0.0,0.0,0.0,0.0,0.0,0,0,-0.0,0.0,1.0,1.0,0.0,0.0,0.021864509895203256,0.017491607916162607,0.0616850723685807,0.0616850723685807,0.0009192240284541368,-0.001419632932295324
951,7.0,0.04011887072808314,0.0,0.0,0.8,0.0,0.0,0.0,0.0,0.0,0.0,0.0,0,0,0.0,0.0,1.0,1.0,0.0,0.0,0.0,0.0,0.040095297039577454,0.040095297039577454,0.00048171636797872706,-0.000531716367978727
952,6.79,-0.029999999999999995,0.0,0.0,0.8,0.0,0.0,0.0,0.0,0.0,0.0,0.0,0,0,-0.0,0.0,1.0,1.0,0.0,0.0,0.14277250085257887,0.1142180006820631,0.06603824331444744,0.06603824331444744,0.0010182267879933718,-0.004009340305556497
953,6.78,-0.0014727540500736062,0.0,0.0,0.8,0.0,0.0,0.0,0.0,0.0,0.0,0.0,0,0,-0.0,0.0,1.0,1.0,0.0,0.0,0.0,0.0,0.04292485815439084,0.04292485815439084,0.0005335984427166059,-0.000583598442716606
954,7.04,0.03834808259587017,0.0,0.0,0.8,0.0,0.0,0.0,0.0,0.0,0.0,0.0,0,0,0.0,0.0,1.0,1.0,0.0,0.0,0.0,0.0,0.027901157800354046,0.027901157800354046,0.0002796305316526798,-0.0003296305316526798
955,6.98,-0.008522727272727217,0.0,0.0,0.8,0.0,0.0,0.0,0.0,0.0,0.0,0.0,0,0,-0.0,0.0,1.0,1.0,0.0,0.0,0.15591775975018418,0.12473420780014735,0.0617927253002817,0.0617927253002817,0.0009216314259070891,-0.004183537276760883
956,7.09,0.015759312320916822,0.0,0.0,0.8,0.0,0.0,0.0,0.0,0.0,0.0,0.0,0,0,0.0,0.0,1.0,1.0,0.0,0.0,0.15500822514657522,0.12400658011726018,0.08356757448622418,0.08356757448622418,0.0014494657112520096,-0.004692635149271459
957,7.09,0.0,0.0,0.0,0.8,0.0,0.0,0.0,0.0,0.0,0.0,0.0,0,0,0.0,0.0,1.0,1.0,0.0,0.0,0.10404365988709828,0.08323492790967862,0.08345114818443324,0.08345114818443324,0.0014464376742045154,-0.0036397370678787396
958,7.12,0.00423131170662909,0.0,0.0,0.8,0.0,0.0,0.0,0.0,0.0,0.0,0.0,0,0,0.0,0.0,1.0,1.0,0.0,0.0,0.19247294382467955,0.15397835505974367,0.10813567059079188,0.10813567059079188,0.0021335592950441047,-0.006148501937832504
959,6.95,-0.02387640449438201,0.0,0.0,0.8,0.0,0.0,0.0,0.0,0.0,0.0,0.0,0,0,-0.0,0.0,1.0,1.0,0.0,0.0,0.2122274393398429,0.16978195147187433,0.12971186889917075,0.12971186889917075,0.0028029853343863056,-0.007224870584787069
960,7.07,0.017266187050359726,0.0,0.0,0.8,0.0,0.0,0.0,0.0,0.0,0.0,0.0,0,0,0.0,0.0,1.0,1.0,0.0,0.0,0.0,0.0,0.084312714784461,0.084312714784461,0.0014688953649840077,-0.0015188953649840076
961,7.15,0.011315417256011324,0.0,0.0,0.8,0.0,0.0,0.0,0.0,0.0,0.0,0.0,0,0,0.0,0.0,1.0,1.0,0.0,0.0,0.08294315478100225,0.06635452382480181,0.07802734794858028,0.07802734794858028,0.0013077403363207154,-0.003066369324809362
962,7.17,0.0027972027972027374,0.0,0.0,0.8,0.0,0.0,0.0,0.0,0.0,0.0,0.0,0,0,0.0,0.0,1.0,1.0,0.0,0.0,0.08106030959267563,0.0648482476741405,0.07341466285252636,0.07341466285252636,0.0011935083545670405,-0.0029133507321761586
963,7.3,0.018131101813110166,0.0,0.0,0.8,0.0,0.0,0.0,0.0,0.0,0.0,0.0,0,0,0.0,0.0,1.0,1.0,0.0,0.0,0.08788942751411705,0.07031154201129364,0.07232857055809491,0.07232857055809491,0.0011671215111829036,-0.0030276437179737148
964,7.24,-0.008219178082191728,0.0,0.0,0.8,0.0,0.0,0.0,0.0,0.0,0.0,0.0,0,0,-0.0,0.0,1.0,1.0,0.0,0.0,0.14890737492352524,0.1191258999388202,0.08870763584134876,0.08870763584134876,0.0015852317345198454,-0.004702723657944465
965,7.24,0.0,0.0,0.0,0.8,0.0,0.0,0.0,0.0,0.0,0.0,0.0,0,0,0.0,0.0,1.0,1.0,0.0,0.0,0.1788213780012266,0.1430571024009813,0.10772994913722014,0.10772994913722014,0.002121562999407507,-0.005855283386232774
966,7.18,-0.008287292817679627,0.0,0.0,0.8,0.0,0.0,0.0,0.0,0.0,0.0,0.0,0,0,-0.0,0.0,1.0,1.0,0.0,0.0,0.12266812114601987,0.0981344969168159,0.10437154086007866,0.10437154086007866,0.0020231328088583397,-0.0046000961044663485
967,7.16,-0.0027855153203342024,0.0,0.0,0.8,0.0,0.0,0.0,0.0,0.0,0.0,0.0,0,0,-0.0,0.0,1.0,1.0,0.0,0.0,0.046719608061244686,0.03737568644899575,0.08092299181619965,0.08092299181619965,0.0013812081952600261,-0.002393632121321667
968,7.09,-0.009776536312849202,0.0,0.0,0.8,0.0,0.0,0.0,0.0,0.0,0.0,0.0,0,0,-0.0,0.0,1.0,1.0,0.0,0.0,0.022118704361070496,0.017694963488856397,0.058793181901629514,0.058793181901629514,0.0008553457420987723,-0.0013609910519368244
969,7.01,-0.011283497884344157,0.0,0.0,0.8,0.0,0.0,0.0,0.0,0.0,0.0,0.0,0,0,-0.0,0.0,1.0,1.0,0.0,0.0,0.0,0.0,0.038215568236059184,0.038215568236059184,0.00044824115938614994,-0.00049824115938615
970,6.99,-0.0028530670470755456,0.0,0.0,0.8,0.0,0.0,0.0,0.0,0.0,0.0,0.0,0,0,-0.0,0.0,1.0,1.0,0.0,0.0,0.0,0.0,0.02484011935343847,0.02484011935343847,0.00023489932442387533,-0.0002848993244238753
971,7.14,0.021459227467811082,0.0,0.0,0.8,0.0,0.0,0.0,0.0,0.0,0.0,0.0,0,0,0.0,0.0,1.0,1.0,0.0,0.0,0.0,0.0,0.016146077579735005,0.016146077579735005,0.00012309822839642144,-0.00017309822839642143
972,7.04,-0.014005602240896309,0.0,0.0,0.8,0.0,0.0,0.0,0.0,0.0,0.0,0.0,0,0,-0.0,0.0,1.0,1.0,0.0,0.0,0.0,0.0,0.010494950426827753,0.010494950426827753,6.450922696990677e-05,-0.00011450922696990676
973,7.03,-0.0014204545454545151,0.0,0.0,0.8,0.0,0.0,0.0,0.0,0.0,0.0,0.0,0,0,-0.0,0.0,1.0,1.0,0.0,0.0,0.0,0.0,0.00682171777743804,0.00682171777743804,3.380585097336724e-05,-8.380585097336724e-05
974,7.04,0.0014224751066856027,0.0,0.0,0.8,0.0,0.0,0.0,0.0,0.0,0.0,0.0,0,0,0.0,0.0,1.0,1.0,0.0,0.0,0.0,0.0,0.004434116555334726,0.004434116555334726,1.7715846456610647e-05,-6.771584645661065e-05
975,6.95,-0.012784090909090889,0.0,0.0,0.8,0.0,0.0,0.0,0.0,0.0,0.0,0.0,0,0,-0.0,0.0,1.0,1.0,0.0,0.0,0.0,0.0,0.002882175760967572,0.002882175760967572,9.283931823560979e-06,-5.928393182356098e-05
976,6.75,-0.028776978417266213,0.0,0.0,0.8,0.0,0.0,0.0,0.0,0.0,0.0,0.0,0,0,-0.0,0.0,1.0,1.0,0.0,0.0,0.0,0.0,0.001873414244628922,0.001873414244628922,4.865214333146699e-06,-5.48652143331467e-05
977,7.07,0.04740740740740745,0.0,0.0,0.8,0.0,0.0,0.0,0.0,0.0,0.0,0.0,0,0,0.0,0.0,1.0,1.0,0.0,0.0,0.0,0.0,0.0012177192590087994,0.0012177192590087994,2.549599777045434e-06,-5.2549599777045433e-05
978,7.2,0.01838755304101837,0.0,0.0,0.8,0.0,0.0,0.0,0.0,0.0,0.0,0.0,0,0,0.0,0.0,1.0,1.0,0.0,0.0,0.00971126217856779,0.007769009742854233,0.0035106709283547013,0.0035106709283547013,1.2480627886165994e-05,-0.0002625326287646625
979,7.34,0.0194444444444444,0.0,0.0,0.8,0.0,0.0,0.0,0.0,0.0,0.0,0.0,0,0,0.0,0.0,1.0,1.0,0.0,0.0,0.09561846279997094,0.07649477023997675,0.029055105687422415,0.029055105687422415,0.0002971562982922812,-0.0023168966319716826
980,7.47,0.017711171662125328,0.0,0.0,0.8,0.0,0.0,0.0,0.0,0.0,0.0,0.0,0,0,0.0,0.0,1.0,1.0,0.0,0.0,0.17392913575570812,0.1391433086045665,0.06405510568742243,0.06405510568742243,0.0009727066355274464,-0.004605646832095033
981,7.4,-0.009370816599732181,0.0,0.0,0.8,0.0,0.0,0.0,0.0,0.0,0.0,0.0,0,0,-0.0,0.0,1.0,1.0,0.0,0.0,0.2819825262986153,0.22558602103889225,0.09905510568742243,0.09905510568742243,0.001870538058546972,-0.007729378100298447
982,7.35,-0.0067567567567568525,0.0,0.0,0.8,0.0,0.0,0.0,0.0,0.0,0.0,0.0,0,0,-0.0,0.0,1.0,1.0,0.0,0.0,0.3148222131568328,0.25185777052546626,0.13405510568742243,0.13405510568742243,0.0029449389050768817,-0.009480276496107637
983,7.4,0.006802721088435471,0.0,0.0,0.8,0.0,0.0,0.0,0.0,0.0,0.0,0.0,0,0,0.0,0.0,1.0,1.0,0.0,0.0,0.15859192704272196,0.12687354163417758,0.13154155826878675,0.13154155826878675,0.002862501505953177,-0.006179495203033249
984,7.34,-0.008108108108108174,0.0,0.0,0.8,0.0,0.0,0.0,0.0,0.0,0.0,0.0,0,0,-0.0,0.0,1.0,1.0,0.0,0.0,0.13386026451387126,0.10708821161109701,0.12298288693859534,0.12298288693859534,0.0025877259188616403,-0.0053952473678473886
985,7.51,0.023160762942779283,0.0,0.0,0.8,0.0,0.0,0.0,0.0,0.0,0.0,0.0,0,0,0.0,0.0,1.0,1.0,0.0,0.0,0.03774494131710758,0.030195953053686067,0.0905074600788771,0.0905074600788771,0.0016337207176979694,-0.0024612665088303855
986,7.45,-0.007989347536617791,0.0,0.0,0.8,0.0,0.0,0.0,0.0,0.0,0.0,0.0,0,0,-0.0,0.0,1.0,1.0,0.0,0.0,0.08606835682153631,0.06885468545722905,0.08292898896130028,0.08292898896130028,0.0014328832514814407,-0.0032558914020050884
987,7.46,0.0013422818791946022,0.0,0.0,0.8,0.0,0.0,0.0,0.0,0.0,0.0,0.0,0,0,0.0,0.0,1.0,1.0,0.0,0.0,0.07503737917860737,0.060029903342885896,0.07491430899485525,0.07491430899485525,0.0012302642874441336,-0.0028260342985234454
988,7.31,-0.02010723860589817,0.0,0.0,0.8,0.0,0.0,0.0,0.0,0.0,0.0,0.0,0,0,-0.0,0.0,1.0,1.0,0.0,0.0,0.09841345725006703,0.07873076580005363,0.07625006887667468,0.07625006887667468,0.0012633148780685887,-0.0033406320974199693
989,7.12,-0.02599179206566341,0.0,0.0,0.8,0.0,0.0,0.0,0.0,0.0,0.0,0.0,0,0,-0.0,0.0,1.0,1.0,0.0,0.0,0.0,0.0,0.04956254476983855,0.04956254476983855,0.0006620360606762058,-0.0007120360606762058
990,7.29,0.02387640449438201,0.0,0.0,0.8,0.0,0.0,0.0,0.0,0.0,0.0,0.0,0,0,0.0,0.0,1.0,1.0,0.0,0.0,0.0,0.0,0.03221565410039506,0.03221565410039506,0.00034693784838958625,-0.00039693784838958627
991,7.49,0.027434842249657088,0.0,0.0,0.8,0.0,0.0,0.0,0.0,0.0,0.0,0.0,0,0,0.0,0.0,1.0,1.0,0.0,0.0,0.0,0.0,0.02094017516525679,0.02094017516525679,0.00018181165316320303,-0.00023181165316320303
992,7.52,0.004005340453938499,0.0,0.0,0.8,0.0,0.0,0.0,0.0,0.0,0.0,0.0,0,0,0.0,0.0,1.0,1.0,0.0,0.0,0.0654885650439241,0.05239085203513928,0.03194791206971566,0.03194791206971566,0.00034262178319268604,-0.0017416862230975225
993,7.59,0.00930851063829791,0.0,0.0,0.8,0.0,0.0,0.0,0.0,0.0,0.0,0.0,0,0,0.0,0.0,1.0,1.0,0.0,0.0,0.07455974939862428,0.059647799518899425,0.04164287267692998,0.04164287267692998,0.0005098733019877432,-0.0020958041395994034
994,7.47,-0.01581027667984191,0.0,0.0,0.8,0.0,0.0,0.0,0.0,0.0,0.0,0.0,0,0,-0.0,0.0,1.0,1.0,0.0,0.0,0.1717118262183338,0.13736946097466704,0.07514717858113795,0.07514717858113795,0.0012360051197808546,-0.004823268739878531
995,7.71,0.03212851405622493,0.0,0.0,0.8,0.0,0.0,0.0,0.0,0.0,0.0,0.0,0,0,0.0,0.0,1.0,1.0,0.0,0.0,0.1732054605248015,0.1385643684198412,0.0973431950246841,0.0973431950246841,0.0018222570763398592,-0.00544028956315077
996,7.57,-0.0181582360570687,0.0,0.0,0.8,0.0,0.0,0.0,0.0,0.0,0.0,0.0,0,0,-0.0,0.0,1.0,1.0,0.0,0.0,0.23670210155830837,0.1893616812466467,0.12954966520237102,0.12954966520237102,0.0027977293109165634,-0.007723792603017716
997,7.46,-0.014531043593130821,0.0,0.0,0.8,0.0,0.0,0.0,0.0,0.0,0.0,0.0,0,0,-0.0,0.0,1.0,1.0,0.0,0.0,0.06578500151892339,0.05262800121513871,0.10262708280683971,0.10262708280683971,0.0019726236092746504,-0.003377794640564472
998,7.38,-0.010723860589812341,0.0,0.0,0.8,0.0,0.0,0.0,0.0,0.0,0.0,0.0,0,0,-0.0,0.0,1.0,1.0,0.0,0.0,0.0,0.0,0.06670760382444582,0.06670760382444582,0.0010337469985928285,-0.0010837469985928285
999,7.55,0.023035230352303513,0.0,0.0,0.8,0.0,0.0,0.0,0.0,0.0,0.0,0.0,0,0,0.0,0.0,1.0,1.0,0.0,0.0,0.0,0.0,0.043359942485889785,0.043359942485889785,0.0005417317586970511,-0.0005917317586970511
1000,7.51,-0.005298013245033118,0.0,0.0,0.8,0.0,0.0,0.0,0.0,0.0,0.0,0.0,0,0,-0.0,0.0,1.0,1.0,0.0,0.0,0.053838966167489496,0.0430711729339916,0.04325887314272542,0.04325887314272542,0.000539838748075169,-0.0016989214511254527
1001,7.42,-0.011984021304926746,0.0,0.0,0.8,0.0,0.0,0.0,0.0,0.0,0.0,0.0,0,0,-0.0,0.0,1.0,1.0,0.0,0.0,0.0,0.0,0.02811826754277152,0.02811826754277152,0.00028290074341755337,-0.0003329007434175534
1002,7.42,0.0,0.0,0.0,0.8,0.0,0.0,0.0,0.0,0.0,0.0,0.0,0,0,0.0,0.0,1.0,1.0,0.0,0.0,0.0,0.0,0.01827687390280149,0.01827687390280149,0.0001482532161901433,-0.0001982532161901433
1003,7.34,-0.010781671159029659,0.0,0.0,0.8,0.0,0.0,0.0,0.0,0.0,0.0,0.0,0,0,-0.0,0.0,1.0,1.0,0.0,0.0,0.0,0.0,0.011879968036820968,0.011879968036820968,7.769161666104559e-05,-0.00012769161666104559
1004,7.27,-0.009536784741144453,0.0,0.0,0.8,0.0,0.0,0.0,0.0,0.0,0.0,0.0,0,0,-0.0,0.0,1.0,1.0,0.0,0.0,0.0,0.0,0.007721979223933629,0.007721979223933629,4.07140394962181e-05,-9.07140394962181e-05
1005,7.21,-0.008253094910591419,0.0,0.0,0.8,0.0,0.0,0.0,0.0,0.0,0.0,0.0,0,0,-0.0,0.0,1.0,1.0,0.0,0.0,0.0,0.0,0.005019286495556859,0.005019286495556859,2.1336060225539647e-05,-7.133606022553965e-05
1006,7.26,0.006934812760055454,0.0,0.0,0.8,0.0,0.0,0.0,0.0,0.0,0.0,0.0,0,0,0.0,0.0,1.0,1.0,0.0,0.0,0.0,0.0,0.0032625362221119585,0.0032625362221119585,1.1181093096648898e-05,-6.11810930966489e-05
1007,7.14,-0.016528925619834725,0.0,0.0,0.8,0.0,0.0,0.0,0.0,0.0,0.0,0.0,0,0,-0.0,0.0,1.0,1.0,0.0,0.0,0.0,0.0,0.002120648544372773,0.002120648544372773,5.859415539438826e-06,-5.585941553943883e-05
1008,7.1,-0.005602240896358549,0.0,0.0,0.8,0.0,0.0,0.0,0.0,0.0,0.0,0.0,0,0,-0.0,0.0,1.0,1.0,0.0,0.0,0.0,0.0,0.0013784215538423026,0.0013784215538423026,3.070607691667205e-06,-5.307060769166721e-05
1009,7.19,0.012676056338028275,0.0,0.0,0.8,0.0,0.0,0.0,0.0,0.0,0.0,0.0,0,0,0.0,0.0,1.0,1.0,0.0,0.0,0.0,0.0,0.0008959740099974968,0.0008959740099974968,1.6091419925183878e-06,-5.160914199251839e-05
1010,7.12,-0.009735744089012557,0.0,0.0,0.8,0.0,0.0,0.0,0.0,0.0,0.0,0.0,0,0,-0.0,0.0,1.0,1.0,0.0,0.0,0.0,0.0,0.000582383106498373,0.000582383106498373,8.432656373241063e-07,-5.084326563732411e-05
1011,7.21,0.012640449438202228,0.0,0.0,0.8,0.0,0.0,0.0,0.0,0.0,0.0,0.0,0,0,0.0,0.0,1.0,1.0,0.0,0.0,0.0,0.0,0.0003785490192239424,0.0003785490192239424,4.4191061969536237e-07,-5.0441910619695365e-05
1012,7.23,0.0027739251040222557,0.0,0.0,0.8,0.0,0.0,0.0,0.0,0.0,0.0,0.0,0,0,0.0,0.0,1.0,1.0,0.0,0.0,0.0,0.0,0.0002460568624955626,0.0002460568624955626,2.315818256501327e-07,-5.023158182565013e-05
1013,7.34,0.015214384508990238,0.0,0.0,0.8,0.0,0.0,0.0,0.0,0.0,0.0,0.0,0,0,0.0,0.0,1.0,1.0,0.0,0.0,0.011772701309271771,0.009418161047417418,0.0034562933272182118,0.0034562933272182118,1.2191780630801209e-05,-0.0003047094276017997
1014,7.29,-0.006811989100817414,0.0,0.0,0.8,0.0,0.0,0.0,0.0,0.0,0.0,0.0,0,0,-0.0,0.0,1.0,1.0,0.0,0.0,0.09901938926287199,0.07921551141029759,0.029972019656295992,0.029972019656295992,0.00031133307668768106,-0.002401132495502844
1015,7.34,0.0068587105624142415,0.0,0.0,0.8,0.0,0.0,0.0,0.0,0.0,0.0,0.0,0,0,0.0,0.0,1.0,1.0,0.0,0.0,0.03222347045574796,0.02577877636459837,0.028504384504201823,0.028504384504201823,0.0002887478451930377,-0.0010025513365814456
1016,7.37,0.0040871934604904975,0.0,0.0,0.8,0.0,0.0,0.0,0.0,0.0,0.0,0.0,0,0,0.0,0.0,1.0,1.0,0.0,0.0,0.09626111531011888,0.07700889224809511,0.04548096221456448,0.04548096221456448,0.0005819634592855632,-0.0026149424346740124
1017,7.39,0.002713704206241462,0.0,0.0,0.8,0.0,0.0,0.0,0.0,0.0,0.0,0.0,0,0,0.0,0.0,1.0,1.0,0.0,0.0,0.07901002491446253,0.06320801993157003,0.051685432415516416,0.051685432415516416,0.0007050233185727641,-0.002382629831810692
1018,7.28,-0.01488497970230033,0.0,0.0,0.8,0.0,0.0,0.0,0.0,0.0,0.0,0.0,0,0,-0.0,0.0,1.0,1.0,0.0,0.0,0.08365682456251643,0.06692545965001315,0.057019441947590274,0.057019441947590274,0.0008169315975674276,-0.002590262183555266
1019,7.28,0.0,0.0,0.0,0.8,0.0,0.0,0.0,0.0,0.0,0.0,0.0,0,0,0.0,0.0,1.0,1.0,0.0,0.0,0.0,0.0,0.03706263726593368,0.03706263726593368,0.000428110351650664,-0.000478110351650664
1020,7.02,-0.0357142857142858,0.0,0.0,0.8,0.0,0.0,0.0,0.0,0.0,0.0,0.0,0,0,-0.0,0.0,1.0,1.0,0.0,0.0,0.0,0.0,0.024090714222856892,0.024090714222856892,0.00022434983998195486,-0.0002743498399819549
1021,6.79,-0.0327635327635327,0.0,0.0,0.8,0.0,0.0,0.0,0.0,0.0,0.0,0.0,0,0,-0.0,0.0,1.0,1.0,0.0,0.0,0.0,0.0,0.01565896424485698,0.01565896424485698,0.00011756980532206359,-0.0001675698053220636
1022,6.64,-0.02209131075110462,0.0,0.0,0.8,0.0,0.0,0.0,0.0,0.0,0.0,0.0,0,0,-0.0,0.0,1.0,1.0,0.0,0.0,0.0,0.0,0.010178326759157037,0.010178326759157037,6.161207480504435e-05,-0.00011161207480504435
1023,6.65,0.001506024096385644,0.0,0.0,0.8,0.0,0.0,0.0,0.0,0.0,0.0,0.0,0,0,0.0,0.0,1.0,1.0,0.0,0.0,0.0,0.0,0.006615912393452075,0.006615912393452075,3.228760778657171e-05,-8.228760778657172e-05
1024,6.58,-0.010526315789473726,0.0,0.0,0.8,0.0,0.0,0.0,0.0,0.0,0.0,0.0,0,0,-0.0,0.0,1.0,1.0,0.0,0.0,0.0,0.0,0.004300343055743849,0.004300343055743849,1.6920216043335308e-05,-6.692021604333531e-05
1025,6.59,0.0015197568389057428,0.0,0.0,0.8,0.0,0.0,0.0,0.0,0.0,0.0,0.0,0,0,0.0,0.0,1.0,1.0,0.0,0.0,0.0,0.0,0.0027952229862335015,0.0027952229862335015,8.866984288387259e-06,-5.886698428838726e-05
1026,6.45,-0.021244309559939254,0.0,0.0,0.8,0.0,0.0,0.0,0.0,0.0,0.0,0.0,0,0,-0.0,0.0,1.0,1.0,0.0,0.0,0.0,0.0,0.001816894941051776,0.001816894941051776,4.6467143309009585e-06,-5.464671433090096e-05
1027,6.55,0.015503875968992192,0.0,0.0,0.8,0.0,0.0,0.0,0.0,0.0,0.0,0.0,0,0,0.0,0.0,1.0,1.0,0.0,0.0,0.0,0.0,0.0011809817116836545,0.0011809817116836545,2.4350955601983507e-06,-5.2435095560198354e-05
1028,6.46,-0.013740458015267154,0.0,0.0,0.8,0.0,0.0,0.0,0.0,0.0,0.0,0.0,0,0,-0.0,0.0,1.0,1.0,0.0,0.0,0.0,0.0,0.0007676381125943754,0.0007676381125943754,1.276103923123676e-06,-5.1276103923123675e-05
1029,6.28,-0.02786377708978324,0.0,0.0,0.8,0.0,0.0,0.0,0.0,0.0,0.0,0.0,0,0,-0.0,0.0,1.0,1.0,0.0,0.0,0.0,0.0,0.000498964773186344,0.000498964773186344,6.687381182194721e-07,-5.0668738118219476e-05
1030,6.42,0.022292993630573195,0.0,0.0,0.8,0.0,0.0,0.0,0.0,0.0,0.0,0.0,0,0,0.0,0.0,1.0,1.0,0.0,0.0,0.0,0.0,0.00032432710257112365,0.00032432710257112365,3.504500398878395e-07,-5.035045003988784e-05
1031,6.06,-0.056074766355140235,0.0,0.0,0.8,0.0,0.0,0.0,0.0,0.0,0.0,0.0,0,0,-0.0,0.0,1.0,1.0,0.0,0.0,0.0,0.0,0.00021081261667123038,0.00021081261667123038,1.8365220571602258e-07,-5.0183652205716026e-05
1032,6.08,0.0033003300330033767,0.0,0.0,0.8,0.0,0.0,0.0,0.0,0.0,0.0,0.0,0,0,0.0,0.0,1.0,1.0,0.0,0.0,0.0,0.0,0.00013702820083629974,0.00013702820083629974,9.624234220419793e-08,-5.00962423422042e-05
1033,6.21,0.021381578947368404,0.0,0.0,0.8,0.0,0.0,0.0,0.0,0.0,0.0,0.0,0,0,0.0,0.0,1.0,1.0,0.0,0.0,0.0,0.0,8.906833054359484e-05,8.906833054359484e-05,5.0435486994762704e-08,-5.005043548699476e-05
1034,6.25,0.006441223832528186,0.0,0.0,0.8,0.0,0.0,0.0,0.0,0.0,0.0,0.0,0,0,0.0,0.0,1.0,1.0,0.0,0.0,0.0,0.0,5.7894414853336645e-05,5.7894414853336645e-05,2.643055322782786e-08,-5.002643055322783e-05
1035,6.34,0.014399999999999977,0.0,0.0,0.8,0.0,0.0,0.0,0.0,0.0,0.0,0.0,0,0,0.0,0.0,1.0,1.0,0.0,0.0,0.0,0.0,3.763136965466882e-05,3.763136965466882e-05,1.3850845615936706e-08,-5.001385084561594e-05
1036,6.42,0.012618296529968466,0.0,0.0,0.8,0.0,0.0,0.0,0.0,0.0,0.0,0.0,0,0,0.0,0.0,1.0,1.0,0.0,0.0,0.0,0.0,2.4460390275534732e-05,2.4460390275534732e-05,7.258490680192227e-09,-5.000725849068019e-05
1037,6.4,-0.0031152647975077217,0.0,0.0,0.8,0.0,0.0,0.0,0.0,0.0,0.0,0.0,0,0,-0.0,0.0,1.0,1.0,0.0,0.0,0.13307901280834122,0.10646321024667299,0.035024460390275534,0.035024460390275534,0.0003932859483600612,-0.0031847136122118906
1038,6.3,-0.015625000000000083,0.0,0.0,0.8,0.0,0.0,0.0,0.0,0.0,0.0,0.0,0,0,-0.0,0.0,1.0,1.0,0.0,0.0,0.12134044316752571,0.09707235453402058,0.056741223340586296,0.056741223340586296,0.0008109597373070523,-0.003360572866558082
1039,6.4,0.01587301587301596,0.0,0.0,0.8,0.0,0.0,0.0,0.0,0.0,0.0,0.0,0,0,0.0,0.0,1.0,1.0,0.0,0.0,0.0,0.0,0.03688179517138109,0.03688179517138109,0.00042498081766802605,-0.00047498081766802607
1040,6.37,-0.004687500000000039,0.0,0.0,0.8,0.0,0.0,0.0,0.0,0.0,0.0,0.0,0,0,-0.0,0.0,1.0,1.0,0.0,0.0,0.06115024208367861,0.04892019366694289,0.04109523464482772,0.04109523464482772,0.0004998485621414891,-0.0018095435490652688
1041,6.19,-0.028257456828885356,0.0,0.0,0.8,0.0,0.0,0.0,0.0,0.0,0.0,0.0,0,0,-0.0,0.0,1.0,1.0,0.0,0.0,0.004367708114841532,0.0034941664918732257,0.027934860791293648,0.027934860791293648,0.00028013735098243996,-0.0004201121381481755
1042,6.28,0.014539579967689798,0.0,0.0,0.8,0.0,0.0,0.0,0.0,0.0,0.0,0.0,0,0,0.0,0.0,1.0,1.0,0.0,0.0,0.0,0.0,0.01815765951434087,0.01815765951434087,0.00014680506935549044,-0.00019680506935549044
1043,6.2,-0.012738853503184724,0.0,0.0,0.8,0.0,0.0,0.0,0.0,0.0,0.0,0.0,0,0,-0.0,0.0,1.0,1.0,0.0,0.0,0.0,0.0,0.011802478684321566,0.011802478684321566,7.693272001355258e-05,-0.0001269327200135526
1044,6.29,0.014516129032258041,0.0,0.0,0.8,0.0,0.0,0.0,0.0,0.0,0.0,0.0,0,0,0.0,0.0,1.0,1.0,0.0,0.0,0.0,0.0,0.007671611144809018,0.007671611144809018,4.031634217175156e-05,-9.031634217175157e-05
1045,6.18,-0.017488076311605774,0.0,0.0,0.8,0.0,0.0,0.0,0.0,0.0,0.0,0.0,0,0,-0.0,0.0,1.0,1.0,0.0,0.0,0.0,0.0,0.004986547244125862,0.004986547244125862,2.1127648233721874e-05,-7.112764823372188e-05
1046,6.1,-0.01294498381877024,0.0,0.0,0.8,0.0,0.0,0.0,0.0,0.0,0.0,0.0,0,0,-0.0,0.0,1.0,1.0,0.0,0.0,0.0,0.0,0.0032412557086818105,0.0032412557086818105,1.1071875468917275e-05,-6.107187546891728e-05
1047,6.46,0.05901639344262301,0.0,0.0,0.8,0.0,0.0,0.0,0.0,0.0,0.0,0.0,0,0,0.0,0.0,1.0,1.0,0.0,0.0,0.0,0.0,0.002106816210643177,0.002106816210643177,5.802180396185872e-06,-5.5802180396185876e-05
1048,6.56,0.015479876160990657,0.0,0.0,0.8,0.0,0.0,0.0,0.0,0.0,0.0,0.0,0,0,0.0,0.0,1.0,1.0,0.0,0.0,0.12694052078890813,0.10155241663112652,0.036912776357812344,0.036912776357812344,0.0004255164142062026,-0.00309049114245771
1049,6.53,-0.00457317073170722,0.0,0.0,0.8,0.0,0.0,0.0,0.0,0.0,0.0,0.0,0,0,-0.0,0.0,1.0,1.0,0.0,0.0,0.23162884943693893,0.18530307954955116,0.07191277635781235,0.07191277635781235,0.0011570718672856016,-0.005978626165686543
1050,6.59,0.009188361408882023,0.0,0.0,0.8,0.0,0.0,0.0,0.0,0.0,0.0,0.0,0,0,0.0,0.0,1.0,1.0,0.0,0.0,0.1665650560181802,0.13325204481454417,0.09338152031766847,0.09338152031766847,0.0017121533534656666,-0.005193393507440179
1051,6.59,0.0,0.0,0.0,0.8,0.0,0.0,0.0,0.0,0.0,0.0,0.0,0,0,0.0,0.0,1.0,1.0,0.0,0.0,0.25519178750347227,0.20415343000277783,0.12838152031766847,0.12838152031766847,0.0027599741975083162,-0.008066925020079845
1052,6.62,0.004552352048558459,0.0,0.0,0.8,0.0,0.0,0.0,0.0,0.0,0.0,0.0,0,0,0.0,0.0,1.0,1.0,0.0,0.0,0.2835104958948279,0.22680839671586234,0.16283092705703633,0.16283092705703633,0.003942362849277526,-0.00983267906471098
1053,6.54,-0.012084592145015116,0.0,0.0,0.8,0.0,0.0,0.0,0.0,0.0,0.0,0.0,0,0,-0.0,0.0,1.0,1.0,0.0,0.0,0.13380941170442606,0.10704752936354085,0.14330673786431292,0.14330673786431292,0.0032550012942438485,-0.006061475175355026
1054,6.52,-0.003058103975535239,0.0,0.0,0.8,0.0,0.0,0.0,0.0,0.0,0.0,0.0,0,0,-0.0,0.0,1.0,1.0,0.0,0.0,0.02828160204603048,0.022625281636824385,0.10106822818469194,0.10106822818469194,0.0019278499507483378,-0.0025604509528965656
1055,6.74,0.03374233128834366,0.0,0.0,0.8,0.0,0.0,0.0,0.0,0.0,0.0,0.0,0,0,0.0,0.0,1.0,1.0,0.0,0.0,0.024930521371079335,0.019944417096863468,0.07267489430395198,0.07267489430395198,0.0011755141564762847,-0.0017390828967205189
1056,6.85,0.016320474777447986,0.0,0.0,0.8,0.0,0.0,0.0,0.0,0.0,0.0,0.0,0,0,0.0,0.0,1.0,1.0,0.0,0.0,0.14351795286843783,0.11481436229475027,0.08742370810073138,0.08742370810073138,0.0015509403155213818,-0.004557410144611201
1057,6.95,0.01459854014598548,0.0,0.0,0.8,0.0,0.0,0.0,0.0,0.0,0.0,0.0,0,0,0.0,0.0,1.0,1.0,0.0,0.0,0.21162658745717017,0.16930126996573613,0.11608085475348304,0.11608085475348304,0.0023729694462741847,-0.00678247714789189
1058,6.89,-0.008633093525179927,0.0,0.0,0.8,0.0,0.0,0.0,0.0,0.0,0.0,0.0,0,0,-0.0,0.0,1.0,1.0,0.0,0.0,0.2563827573360681,0.20510620586885447,0.14723972764386303,0.14723972764386303,0.003389914608690583,-0.008721399409813585
1059,6.91,0.002902757619738819,0.0,0.0,0.8,0.0,0.0,0.0,0.0,0.0,0.0,0.0,0,0,0.0,0.0,1.0,1.0,0.0,0.0,0.2460687709779399,0.19685501678235193,0.16460507884233416,0.16460507884233416,0.00400697005676923,-0.009125986738914793
1060,6.85,-0.008683068017366208,0.0,0.0,0.8,0.0,0.0,0.0,0.0,0.0,0.0,0.0,0,0,-0.0,0.0,1.0,1.0,0.0,0.0,0.26136590849415586,0.2090927267953247,0.18017575562588084,0.18017575562588084,0.0045887645917382595,-0.01002290230671787
1061,6.9,0.007299270072992805,0.0,0.0,0.8,0.0,0.0,0.0,0.0,0.0,0.0,0.0,0,0,0.0,0.0,1.0,1.0,0.0,0.0,0.11896024557178676,0.09516819645742941,0.15042310991692284,0.15042310991692284,0.0035004436858976475,-0.006001024744676455
1062,7.0,0.014492753623188354,0.0,0.0,0.8,0.0,0.0,0.0,0.0,0.0,0.0,0.0,0,0,0.0,0.0,1.0,1.0,0.0,0.0,0.09490413429176998,0.07592330743341599,0.12434817904769545,0.12434817904769545,0.002630936675893971,-0.004635961842304432
1063,6.95,-0.0071428571428571175,0.0,0.0,0.8,0.0,0.0,0.0,0.0,0.0,0.0,0.0,0,0,-0.0,0.0,1.0,1.0,0.0,0.0,0.10834366337006274,0.0866749306960502,0.11116254212461961,0.11116254212461961,0.002223765331161273,-0.004505644796584565
1064,6.86,-0.012949640287769763,0.0,0.0,0.8,0.0,0.0,0.0,0.0,0.0,0.0,0.0,0,0,-0.0,0.0,1.0,1.0,0.0,0.0,0.09312864022742808,0.07450291218194247,0.09833167164468261,0.09833167164468261,0.0018500837294889994,-0.003818533718174018
1065,6.95,0.013119533527696771,0.0,0.0,0.8,0.0,0.0,0.0,0.0,0.0,0.0,0.0,0,0,0.0,0.0,1.0,1.0,0.0,0.0,0.018751862429191725,0.015001489943353381,0.06916610804921738,0.06916610804921738,0.0010914183682404787,-0.0015277067342818283
1066,6.66,-0.041726618705035974,0.0,0.0,0.8,0.0,0.0,0.0,0.0,0.0,0.0,0.0,0,0,-0.0,0.0,1.0,1.0,0.0,0.0,0.09530055102023582,0.07624044081618866,0.07164212451765734,0.07164212451765734,0.001150545861667983,-0.003163737212684841
1067,7.01,0.0525525525525525,0.0,0.0,0.8,0.0,0.0,0.0,0.0,0.0,0.0,0.0,0,0,0.0,0.0,1.0,1.0,0.0,0.0,0.0,0.0,0.04656738093647727,0.04656738093647727,0.0006029398237203593,-0.0006529398237203593
1068,7.05,0.005706134094151218,0.0,0.0,0.8,0.0,0.0,0.0,0.0,0.0,0.0,0.0,0,0,0.0,0.0,1.0,1.0,0.0,0.0,0.0564681242088251,0.045174499367060084,0.04607987238718125,0.04607987238718125,0.0005934964860119829,-0.0018067398447137797
1069,7.09,0.0056737588652482325,0.0,0.0,0.8,0.0,0.0,0.0,0.0,0.0,0.0,0.0,0,0,0.0,0.0,1.0,1.0,0.0,0.0,0.09843503836064335,0.07874803068851469,0.05751372779264795,0.05751372779264795,0.0008275772182667685,-0.0029053390084960214
1070,7.04,-0.007052186177715067,0.0,0.0,0.8,0.0,0.0,0.0,0.0,0.0,0.0,0.0,0,0,-0.0,0.0,1.0,1.0,0.0,0.0,0.15700245033430296,0.1256019602674424,0.08134460915882599,0.08134460915882599,0.001392016604095595,-0.004676267080982236
1071,7.18,0.01988636363636359,0.0,0.0,0.8,0.0,0.0,0.0,0.0,0.0,0.0,0.0,0,0,0.0,0.0,1.0,1.0,0.0,0.0,0.08061631257932503,0.06449305006346003,0.07544656347544791,0.07544656347544791,0.0012433988021003115,-0.0029540948412344068
1072,7.34,0.022284122562674116,0.0,0.0,0.8,0.0,0.0,0.0,0.0,0.0,0.0,0.0,0,0,0.0,0.0,1.0,1.0,0.0,0.0,0.28396437509726113,0.22717150007780892,0.1104465634754479,0.1104465634754479,0.0022023156325243153,-0.008101981759527895
1073,7.32,-0.0027247956403269173,0.0,0.0,0.8,0.0,0.0,0.0,0.0,0.0,0.0,0.0,0,0,-0.0,0.0,1.0,1.0,0.0,0.0,0.22897001462731825,0.1831760117018546,0.13590187035469026,0.13590187035469026,0.0030060029401796726,-0.007772785241502429
1074,7.32,0.0,0.0,0.0,0.8,0.0,0.0,0.0,0.0,0.0,0.0,0.0,0,0,0.0,0.0,1.0,1.0,0.0,0.0,0.19143250265528639,0.15314600212422913,0.14193731647402885,0.14193731647402885,0.0032084563513161504,-0.007201965906015051
1075,7.36,0.005464480874316944,0.0,0.0,0.8,0.0,0.0,0.0,0.0,0.0,0.0,0.0,0,0,0.0,0.0,1.0,1.0,0.0,0.0,0.16579457150129942,0.13263565720103954,0.13868173572848258,0.13868173572848258,0.0030987044319558577,-0.0065640726048826255
1076,7.36,0.0,0.0,0.0,0.8,0.0,0.0,0.0,0.0,0.0,0.0,0.0,0,0,0.0,0.0,1.0,1.0,0.0,0.0,0.20434580338091352,0.16347664270473083,0.14735995317016948,0.14735995317016948,0.003394067402146715,-0.007653590951793534
1077,7.35,-0.0013586956521740047,0.0,0.0,0.8,0.0,0.0,0.0,0.0,0.0,0.0,0.0,0,0,-0.0,0.0,1.0,1.0,0.0,0.0,0.140333441867247,0.11226675349379761,0.13507733328343932,0.13507733328343932,0.0029786876693136295,-0.005919556571778917
1078,7.32,-0.004081632653061137,0.0,0.0,0.8,0.0,0.0,0.0,0.0,0.0,0.0,0.0,0,0,-0.0,0.0,1.0,1.0,0.0,0.0,0.06332383089257075,0.0506590647140566,0.10553093928415538,0.10553093928415538,0.0020569368366660564,-0.003411407753053014
1079,7.36,0.005464480874316944,0.0,0.0,0.8,0.0,0.0,0.0,0.0,0.0,0.0,0.0,0,0,0.0,0.0,1.0,1.0,0.0,0.0,0.04829068664584968,0.03863254931667975,0.08211650279553892,0.08211650279553892,0.0014118771779669302,-0.002456665322871434
1080,7.4,0.005434782608695656,0.0,0.0,0.8,0.0,0.0,0.0,0.0,0.0,0.0,0.0,0,0,0.0,0.0,1.0,1.0,0.0,0.0,0.0681797647322409,0.05454381178579272,0.07246606094212775,0.07246606094212775,0.0011704509884218164,-0.002624954141905979
1081,7.27,-0.017567567567567673,0.0,0.0,0.8,0.0,0.0,0.0,0.0,0.0,0.0,0.0,0,0,-0.0,0.0,1.0,1.0,0.0,0.0,0.07048902733663549,0.056391221869308394,0.06683986726664097,0.06683986726664097,0.0010368229902218455,-0.0025388969533565366
1082,7.19,-0.011004126547455185,0.0,0.0,0.8,0.0,0.0,0.0,0.0,0.0,0.0,0.0,0,0,-0.0,0.0,1.0,1.0,0.0,0.0,0.0,0.0,0.04344591372331663,0.04344591372331663,0.0005433437221244594,-0.0005933437221244594
1083,7.25,0.008344923504867817,0.0,0.0,0.8,0.0,0.0,0.0,0.0,0.0,0.0,0.0,0,0,0.0,0.0,1.0,1.0,0.0,0.0,0.0,0.0,0.02823984392015581,0.02823984392015581,0.00028473751368967426,-0.0003347375136896743
1084,7.19,-0.008275862068965464,0.0,0.0,0.8,0.0,0.0,0.0,0.0,0.0,0.0,0.0,0,0,-0.0,0.0,1.0,1.0,0.0,0.0,0.0,0.0,0.01835589854810128,0.01835589854810128,0.00014921576968842968,-0.00019921576968842967
1085,7.08,-0.015299026425591142,0.0,0.0,0.8,0.0,0.0,0.0,0.0,0.0,0.0,0.0,0,0,-0.0,0.0,1.0,1.0,0.0,0.0,0.0,0.0,0.011931334056265832,0.011931334056265832,7.819603969702683e-05,-0.00012819603969702682
1086,7.06,-0.002824858757062212,0.0,0.0,0.8,0.0,0.0,0.0,0.0,0.0,0.0,0.0,0,0,-0.0,0.0,1.0,1.0,0.0,0.0,0.0,0.0,0.007755367136572791,0.007755367136572791,4.097838075068501e-05,-9.097838075068502e-05
1087,7.11,0.00708215297450435,0.0,0.0,0.8,0.0,0.0,0.0,0.0,0.0,0.0,0.0,0,0,0.0,0.0,1.0,1.0,0.0,0.0,0.0,0.0,0.005040988638772314,0.005040988638772314,2.1474587401795995e-05,-7.1474587401796e-05
1088,7.07,-0.005625879043600567,0.0,0.0,0.8,0.0,0.0,0.0,0.0,0.0,0.0,0.0,0,0,-0.0,0.0,1.0,1.0,0.0,0.0,0.0,0.0,0.0032766426152020045,0.0032766426152020045,1.125368781365687e-05,-6.125368781365688e-05
1089,6.97,-0.01414427157001422,0.0,0.0,0.8,0.0,0.0,0.0,0.0,0.0,0.0,0.0,0,0,-0.0,0.0,1.0,1.0,0.0,0.0,0.0,0.0,0.002129817699881303,0.002129817699881303,5.8974585652182256e-06,-5.5897458565218225e-05
1090,7.08,0.015781922525107652,0.0,0.0,0.8,0.0,0.0,0.0,0.0,0.0,0.0,0.0,0,0,0.0,0.0,1.0,1.0,0.0,0.0,0.0,0.0,0.001384381504922847,0.001384381504922847,3.090544015825519e-06,-5.309054401582552e-05
1091,7.21,0.018361581920903938,0.0,0.0,0.8,0.0,0.0,0.0,0.0,0.0,0.0,0.0,0,0,0.0,0.0,1.0,1.0,0.0,0.0,0.0,0.0,0.0008998479781998506,0.0008998479781998506,1.6195895584730554e-06,-5.161958955847306e-05
1092,7.25,0.005547850208044388,0.0,0.0,0.8,0.0,0.0,0.0,0.0,0.0,0.0,0.0,0,0,0.0,0.0,1.0,1.0,0.0,0.0,0.05914361954995522,0.04731489563996418,0.017145114659817363,0.017145114659817363,0.000134698215187468,-0.0014030567779165456
1093,7.39,0.019310344827586163,0.0,0.0,0.8,0.0,0.0,0.0,0.0,0.0,0.0,0.0,0,0,0.0,0.0,1.0,1.0,0.0,0.0,0.06378026255239319,0.051024210041914556,0.02900279804355138,0.02900279804355138,0.0002963542078697468,-0.0016602276164490466
1094,7.28,-0.01488497970230033,0.0,0.0,0.8,0.0,0.0,0.0,0.0,0.0,0.0,0.0,0,0,-0.0,0.0,1.0,1.0,0.0,0.0,0.16579447402061578,0.13263557921649263,0.06400279804355138,0.06400279804355138,0.0009715154048724552,-0.00443688156969714
1095,7.41,0.017857142857142842,0.0,0.0,0.8,0.0,0.0,0.0,0.0,0.0,0.0,0.0,0,0,0.0,0.0,1.0,1.0,0.0,0.0,0.14124353267757803,0.11299482614206242,0.08115000787803024,0.08115000787803024,0.0013870243961254785,-0.0043466411692835855
1096,7.3,-0.014844804318488572,0.0,0.0,0.8,0.0,0.0,0.0,0.0,0.0,0.0,0.0,0,0,-0.0,0.0,1.0,1.0,0.0,0.0,0.17357076908486496,0.13885661526789198,0.10134732046448185,0.10134732046448185,0.0019358408790771228,-0.0055613987222253415
1097,7.26,-0.005479452054794526,0.0,0.0,0.8,0.0,0.0,0.0,0.0,0.0,0.0,0.0,0,0,-0.0,0.0,1.0,1.0,0.0,0.0,0.05252500356495636,0.04202000285196509,0.08058275930010099,0.08058275930010099,0.0013725066327555646,-0.0025045217061936656
1098,7.22,-0.005509641873278242,0.0,0.0,0.8,0.0,0.0,0.0,0.0,0.0,0.0,0.0,0,0,-0.0,0.0,1.0,1.0,0.0,0.0,0.011925368874167442,0.009540295099333955,0.05571789682983253,0.05571789682983253,0.0007891204943749405,-0.0010847830931827898
1099,7.33,0.015235457063711957,0.0,0.0,0.8,0.0,0.0,0.0,0.0,0.0,0.0,0.0,0,0,0.0,0.0,1.0,1.0,0.0,0.0,0.0,0.0,0.03621663293939115,0.03621663293939115,0.0004135360333075106,-0.00046353603330751063
1100,7.4,0.009549795361528005,0.0,0.0,0.8,0.0,0.0,0.0,0.0,0.0,0.0,0.0,0,0,0.0,0.0,1.0,1.0,0.0,0.0,0.04427235197272891,0.03541788157818313,0.035937069962968346,0.035937069962968346,0.0004087570423640466,-0.0013707674930022622
1101,7.42,0.002702702702702645,0.0,0.0,0.8,0.0,0.0,0.0,0.0,0.0,0.0,0.0,0,0,0.0,0.0,1.0,1.0,0.0,0.0,0.03412541025078068,0.027300328200624547,0.03291421034614801,0.03291421034614801,0.0003582831722337194,-0.0011112666233998015
1102,7.43,0.0013477088948786774,0.0,0.0,0.8,0.0,0.0,0.0,0.0,0.0,0.0,0.0,0,0,0.0,0.0,1.0,1.0,0.0,0.0,0.08986975157118288,0.0718958012569463,0.04655776716492742,0.04655776716492742,0.0006027531192152257,-0.002504070001581593
1103,7.43,0.0,0.0,0.0,0.8,0.0,0.0,0.0,0.0,0.0,0.0,0.0,0,0,0.0,0.0,1.0,1.0,0.0,0.0,0.11002418029167885,0.08801934423334308,0.061069319138872896,0.061069319138872896,0.0009054946058356135,-0.003221992719844198
1104,7.43,0.0,0.0,0.0,0.8,0.0,0.0,0.0,0.0,0.0,0.0,0.0,0,0,0.0,0.0,1.0,1.0,0.0,0.0,0.12471552982690218,0.09977242386152174,0.07461540579179998,0.07461540579179998,0.001222908625512124,-0.003842048539946309
1105,7.54,0.014804845222072722,0.0,0.0,0.8,0.0,0.0,0.0,0.0,0.0,0.0,0.0,0,0,0.0,0.0,1.0,1.0,0.0,0.0,0.07663954476081666,0.061311635808653335,0.06995908629769865,0.06995908629769865,0.0011102414656819135,-0.002739016087754737
1106,7.41,-0.017241379310344813,0.0,0.0,0.8,0.0,0.0,0.0,0.0,0.0,0.0,0.0,0,0,-0.0,0.0,1.0,1.0,0.0,0.0,0.10998709334510579,0.08798967467608464,0.07626979223013375,0.07626979223013375,0.0012638050759947322,-0.003579539198903911
1107,7.48,0.009446693657220012,0.0,0.0,0.8,0.0,0.0,0.0,0.0,0.0,0.0,0.0,0,0,0.0,0.0,1.0,1.0,0.0,0.0,0.019168988021717313,0.015335190417373851,0.054942681595667786,0.054942681595667786,0.0007727091034663853,-0.001217590256713762
1108,7.45,-0.004010695187165809,0.0,0.0,0.8,0.0,0.0,0.0,0.0,0.0,0.0,0.0,0,0,-0.0,0.0,1.0,1.0,0.0,0.0,0.053856139842690366,0.043084911874152296,0.050792462193137364,0.050792462193137364,0.0006868314122254719,-0.0018462678929848935
1109,7.26,-0.025503355704698038,0.0,0.0,0.8,0.0,0.0,0.0,0.0,0.0,0.0,0.0,0,0,-0.0,0.0,1.0,1.0,0.0,0.0,0.031678353042407806,0.025342682433926247,0.04188503927741348,0.04188503927741348,0.0005143273758757971,-0.001216901448549398
1110,7.23,-0.004132231404958589,0.0,0.0,0.8,0.0,0.0,0.0,0.0,0.0,0.0,0.0,0,0,-0.0,0.0,1.0,1.0,0.0,0.0,0.0,0.0,0.02722527553031876,0.02722527553031876,0.0002695315916355859,-0.0003195315916355859
1111,7.17,-0.00829875518672206,0.0,0.0,0.8,0.0,0.0,0.0,0.0,0.0,0.0,0.0,0,0,-0.0,0.0,1.0,1.0,0.0,0.0,0.0,0.0,0.017696429094707197,0.017696429094707197,0.0001412471555998908,-0.0001912471555998908
1112,7.16,-0.0013947001394699842,0.0,0.0,0.8,0.0,0.0,0.0,0.0,0.0,0.0,0.0,0,0,-0.0,0.0,1.0,1.0,0.0,0.0,0.0,0.0,0.011502678911559679,0.011502678911559679,7.402011335292279e-05,-0.0001240201133529228
1113,7.35,0.02653631284916194,0.0,0.0,0.8,0.0,0.0,0.0,0.0,0.0,0.0,0.0,0,0,0.0,0.0,1.0,1.0,0.0,0.0,0.0,0.0,0.007476741292513791,0.007476741292513791,3.879000010662002e-05,-8.879000010662003e-05
1114,7.68,0.04489795918367348,0.0,0.0,0.8,0.0,0.0,0.0,0.0,0.0,0.0,0.0,0,0,0.0,0.0,1.0,1.0,0.0,0.0,0.0,0.0,0.004859881840133964,0.004859881840133964,2.032777362954642e-05,-7.032777362954643e-05
1115,7.56,-0.015625000000000014,0.0,0.0,0.8,0.0,0.0,0.0,0.0,0.0,0.0,0.0,0,0,-0.0,0.0,1.0,1.0,0.0,0.0,0.23008231314592617,0.18406585051674096,0.03985988184013396,0.03985988184013396,0.00047748008313722417,-0.0052671757339433035
1116,7.6,0.005291005291005296,0.0,0.0,0.8,0.0,0.0,0.0,0.0,0.0,0.0,0.0,0,0,0.0,0.0,1.0,1.0,0.0,0.0,0.17105855128846753,0.13684684103077402,0.07380531755685799,0.07380531755685799,0.0012030473759105278,-0.0047768535324529595
1117,7.95,0.04605263157894744,0.0,0.0,0.8,0.0,0.0,0.0,0.0,0.0,0.0,0.0,0,0,0.0,0.0,1.0,1.0,0.0,0.0,0.21495190074203566,0.17196152059362854,0.10815998861972767,0.10815998861972767,0.002134279041912837,-0.006612288197198772
1118,7.79,-0.02012578616352203,0.0,0.0,0.8,0.0,0.0,0.0,0.0,0.0,0.0,0.0,0,0,-0.0,0.0,1.0,1.0,0.0,0.0,0.39434811143855086,0.3154784891508407,0.14315998861972767,0.14315998861972767,0.0032500027852964053,-0.011423573880930554
1119,7.61,-0.023106546854942196,0.0,0.0,0.8,0.0,0.0,0.0,0.0,0.0,0.0,0.0,0,0,-0.0,0.0,1.0,1.0,0.0,0.0,0.23955619804516076,0.1916449584361286,0.160129728055468,0.160129728055468,0.003844671156520933,-0.008829528836251245
1120,7.81,0.026281208935610943,0.0,0.0,0.8,0.0,0.0,0.0,0.0,0.0,0.0,0.0,0,0,0.0,0.0,1.0,1.0,0.0,0.0,0.001276285515086236,0.001021028412068989,0.10444168318027834,0.10444168318027834,0.0020251726043922468,-0.002101464086003023
1121,7.78,-0.0038412291933417877,0.0,0.0,0.8,0.0,0.0,0.0,0.0,0.0,0.0,0.0,0,0,-0.0,0.0,1.0,1.0,0.0,0.0,0.16207242611605396,0.1296579408928432,0.11326737337967605,0.11326737337967605,0.002287222921537087,-0.005675914899527798
1122,7.65,-0.016709511568123378,0.0,0.0,0.8,0.0,0.0,0.0,0.0,0.0,0.0,0.0,0,0,-0.0,0.0,1.0,1.0,0.0,0.0,0.125116533329433,0.10009322666354642,0.10865642202903067,0.10865642202903067,0.002148989781014299,-0.0047763903676006185
1123,7.6,-0.006535947712418394,0.0,0.0,0.8,0.0,0.0,0.0,0.0,0.0,0.0,0.0,0,0,-0.0,0.0,1.0,1.0,0.0,0.0,0.0,0.0,0.07062667431886993,0.07062667431886993,0.0011261711183448006,-0.0011761711183448005
1124,7.52,-0.010526315789473694,0.0,0.0,0.8,0.0,0.0,0.0,0.0,0.0,0.0,0.0,0,0,-0.0,0.0,1.0,1.0,0.0,0.0,0.0,0.0,0.045907338307265455,0.045907338307265455,0.0005901663186110518,-0.0006401663186110518
1125,7.42,-0.013297872340425485,0.0,0.0,0.8,0.0,0.0,0.0,0.0,0.0,0.0,0.0,0,0,-0.0,0.0,1.0,1.0,0.0,0.0,0.0,0.0,0.029839769899722545,0.029839769899722545,0.0003092747433754408,-0.0003592747433754408
1126,7.5,0.010781671159029659,0.0,0.0,0.8,0.0,0.0,0.0,0.0,0.0,0.0,0.0,0,0,0.0,0.0,1.0,1.0,0.0,0.0,0.0,0.0,0.019395850434819655,0.019395850434819655,0.0001620744252485601,-0.00021207442524856008
1127,7.86,0.04800000000000004,0.0,0.0,0.8,0.0,0.0,0.0,0.0,0.0,0.0,0.0,0,0,0.0,0.0,1.0,1.0,0.0,0.0,0.0,0.0,0.012607302782632777,0.012607302782632777,8.493457639948046e-05,-0.00013493457639948047
1128,8.24,0.04834605597964375,0.0,0.0,0.8,0.0,0.0,0.0,0.0,0.0,0.0,0.0,0,0,0.0,0.0,1.0,1.0,0.0,0.0,0.14340544544571793,0.11472435635657435,0.04760730278263278,0.04760730278263278,0.0006232490366038422,-0.0036274012127856313
1129,9.27,0.12499999999999992,0.0,0.0,0.8,0.0,0.0,0.0,0.0,0.0,0.0,0.0,1,0,0.0,0.0,1.0,1.0,0.0,0.0,0.3594309824136812,0.28754478593094496,0.08260730278263279,0.08260730278263279,0.0014245539907688791,-0.008878832228490712
1130,8.96,-0.033441208198489614,0.0,0.0,0.8,0.0,0.0,0.0,0.0,0.0,0.0,0.0,0,0,-0.0,0.0,1.0,1.0,0.0,0.0,0.7169858553508489,0.5735886842806791,0.11760730278263279,0.11760730278263279,0.0024199293409585174,-0.017239837961186007
1131,8.41,-0.061383928571428645,0.0,0.0,0.8,0.0,0.0,0.0,0.0,0.0,0.0,0.0,0,0,-0.0,0.0,1.0,1.0,0.0,0.0,0.6375733215478803,0.5100586572383042,0.1526073027826328,0.1526073027826328,0.00357696116689527,-0.016760971590781604
1132,8.47,0.00713436385255654,0.0,0.0,0.8,0.0,0.0,0.0,0.0,0.0,0.0,0.0,0,0,0.0,0.0,1.0,1.0,0.0,0.0,0.4190623719904364,0.33524989759234913,0.18760730278263277,0.18760730278263277,0.004875575206614096,-0.013558260069617085
1133,9.05,0.06847697756788666,0.0,0.0,0.8,0.0,0.0,0.0,0.0,0.0,0.0,0.0,0,0,0.0,0.0,1.0,1.0,0.0,0.0,0.32361569350005986,0.2588925548000479,0.21255714098872808,0.21255714098872808,0.005879830413370735,-0.012596313699471968
1134,8.75,-0.03314917127071831,0.0,0.0,0.8,0.0,0.0,0.0,0.0,0.0,0.0,0.0,0,0,-0.0,0.0,1.0,1.0,0.0,0.0,0.45463278630025133,0.3637062290402011,0.2475571409887281,0.2475571409887281,0.007390340323647115,-0.01680577572143229
1135,9.51,0.08685714285714283,0.0,0.0,0.8,0.0,0.0,0.0,0.0,0.0,0.0,0.0,0,0,0.0,0.0,1.0,1.0,0.0,0.0,0.0,0.0,0.16091214164267328,0.16091214164267328,0.0038728838548976654,-0.003922883854897665
1136,9.66,0.015772870662460605,0.0,0.0,0.8,0.0,0.0,0.0,0.0,0.0,0.0,0.0,0,0,0.0,0.0,1.0,1.0,0.0,0.0,0.4096612501487919,0.32772900011903355,0.1959121416426733,0.1959121416426733,0.00520287364227266,-0.013691895395337772
1137,9.97,0.032091097308488664,0.0,0.0,0.8,0.0,0.0,0.0,0.0,0.0,0.0,0.0,0,0,0.0,0.0,1.0,1.0,0.0,0.0,0.5937440034271235,0.4749952027416988,0.2309121416426733,0.2309121416426733,0.006657656809212178,-0.018938783279810925
1138,10.25,0.02808425275827476,0.0,0.0,0.8,0.0,0.0,0.0,0.0,0.0,0.0,0.0,0,0,0.0,0.0,1.0,1.0,0.0,0.0,0.6567164136688746,0.5253731309350996,0.2659121416426733,0.2659121416426733,0.00822732213474762,-0.021805680256326437
1139,11.49,0.12097560975609759,0.0,0.0,0.8,0.0,0.0,0.0,0.0,0.0,0.0,0.0,1,0,0.0,0.0,1.0,1.0,0.0,0.0,0.6107745561278826,0.4886196449023061,0.3009121416426733,0.3009121416426733,0.009904004245578257,-0.022535960101812635
1140,12.78,0.11227154046997381,0.0,0.0,0.8,0.0,0.0,0.0,0.0,0.0,0.0,0.0,1,0,0.0,0.0,1.0,1.0,0.0,0.0,0.8539571797450416,0.6831657437960333,0.3359121416426733,0.3359121416426733,0.011681263028963143,-0.029322780931711
1141,12.5,-0.021909233176838763,0.0,0.0,0.8,0.0,0.0,0.0,0.0,0.0,0.0,0.0,0,0,-0.0,0.0,1.0,1.0,0.0,0.0,0.9155480811245406,0.7324384648996325,0.3709121416426733,0.3709121416426733,0.013553698649264541,-0.03246398912043008
1142,13.96,0.11680000000000007,0.0,0.0,0.8,0.0,0.0,0.0,0.0,0.0,0.0,0.0,1,0,0.0,0.0,1.0,1.0,0.0,0.0,0.8719909634282089,0.6975927707425672,0.40591214164267325,0.40591214164267325,0.015516698214059418,-0.03352971206068052
1143,14.89,0.06661891117478508,0.0,0.0,0.8,0.0,0.0,0.0,0.0,0.0,0.0,0.0,0,0,0.0,0.0,1.0,1.0,0.0,0.0,0.9374605600286299,0.749968448022904,0.4409121416426733,0.4409121416426733,0.01756626127339507,-0.036927948809984845
1144,15.56,0.044996642041638675,0.0,0.0,0.8,0.0,0.0,0.0,0.0,0.0,0.0,0.0,0,0,0.0,0.0,1.0,1.0,0.0,0.0,0.952330812191176,0.7618646497529409,0.47591214164267326,0.47591214164267326,0.01969887514687143,-0.03936688987800965
1145,15.53,-0.0019280205655527723,0.0,0.0,0.8,0.0,0.0,0.0,0.0,0.0,0.0,0.0,0,0,-0.0,0.0,1.0,1.0,0.0,0.0,0.9440813816425778,0.7552651053140623,0.5109121416426733,0.5109121416426733,0.02191142314517119,-0.04140949960700829
1146,14.35,-0.07598197037990984,0.0,0.0,0.8,0.0,0.0,0.0,0.0,0.0,0.0,0.0,0,0,-0.0,0.0,1.0,1.0,0.0,0.0,0.8704786861243149,0.696382948899452,0.5459121416426733,0.5459121416426733,0.024201115298872564,-0.04218297623303345
1147,14.06,-0.020209059233449417,0.0,0.0,0.8,0.0,0.0,0.0,0.0,0.0,0.0,0.0,0,0,-0.0,0.0,1.0,1.0,0.0,0.0,0.718921706966408,0.5751373655731264,0.556140970018332,0.556140970018332,0.02488448088955625,-0.039744268053064254
1148,14.78,0.0512091038406827,0.0,0.0,0.8,0.0,0.0,0.0,0.0,0.0,0.0,0.0,0,0,0.0,0.0,1.0,1.0,0.0,0.0,0.335555645401271,0.2684445163210168,0.4554472112242717,0.4554472112242717,0.01844201288557133,-0.02540445918083751
1149,15.12,0.0230040595399188,0.0,0.0,0.8,0.0,0.0,0.0,0.0,0.0,0.0,0.0,0,0,0.0,0.0,1.0,1.0,0.0,0.0,0.31514767703498536,0.2521181416279883,0.3842820368655725,0.3842820368655725,0.014293098162115542,-0.02083514030903624
1150,15.66,0.035714285714285775,0.0,0.0,0.8,0.0,0.0,0.0,0.0,0.0,0.0,0.0,0,0,0.0,0.0,1.0,1.0,0.0,0.0,0.2510327245993213,0.20082617967945704,0.3200724868504321,0.3200724868504321,0.010864850795938805,-0.016086124922684825
1151,15.31,-0.022349936143039567,0.0,0.0,0.8,0.0,0.0,0.0,0.0,0.0,0.0,0.0,0,0,-0.0,0.0,1.0,1.0,0.0,0.0,0.3677362478203114,0.2941889982562491,0.311013265842468,0.311013265842468,0.010406857811800431,-0.018032224516898846
1152,16.9,0.10385369039843227,0.0,0.0,0.8,0.0,0.0,0.0,0.0,0.0,0.0,0.0,1,0,0.0,0.0,1.0,1.0,0.0,0.0,0.4765090606404213,0.38120724851233706,0.33558115977692216,0.33558115977692216,0.011664002561666355,-0.021530089210859034
1153,16.27,-0.03727810650887568,0.0,0.0,0.8,0.0,0.0,0.0,0.0,0.0,0.0,0.0,0,0,-0.0,0.0,1.0,1.0,0.0,0.0,0.7764881828969732,0.6211905463175786,0.3705811597769222,0.3705811597769222,0.013535560819403042,-0.029581217387080687
1154,15.37,-0.0553165334972342,0.0,0.0,0.8,0.0,0.0,0.0,0.0,0.0,0.0,0.0,0,0,-0.0,0.0,1.0,1.0,0.0,0.0,0.5567864809821246,0.4454291847856997,0.3967779685299943,0.3967779685299943,0.014995901347523636,-0.026515702855755403
1155,15.25,-0.007807417046193834,0.0,0.0,0.8,0.0,0.0,0.0,0.0,0.0,0.0,0.0,0,0,-0.0,0.0,1.0,1.0,0.0,0.0,0.2249816789320216,0.1799853431456173,0.3209005496454624,0.3209005496454624,0.010907040903627324,-0.01559166348962697
1156,16.32,0.07016393442622952,0.0,0.0,0.8,0.0,0.0,0.0,0.0,0.0,0.0,0.0,0,0,0.0,0.0,1.0,1.0,0.0,0.0,0.05475914857266333,0.04380731885813066,0.2239179188698963,0.2239179188698963,0.006357472993796046,-0.00753551145439291
1157,15.56,-0.04656862745098038,0.0,0.0,0.8,0.0,0.0,0.0,0.0,0.0,0.0,0.0,0,0,-0.0,0.0,1.0,1.0,0.0,0.0,0.38662726927306634,0.3093018154184531,0.2538022826618912,0.2538022826618912,0.007671751660896396,-0.015686273407921565
1158,15.97,0.026349614395886897,0.0,0.0,0.8,0.0,0.0,0.0,0.0,0.0,0.0,0.0,0,0,0.0,0.0,1.0,1.0,0.0,0.0,0.0,0.0,0.1649714837302293,0.1649714837302293,0.004020356552620476,-0.004070356552620476
1159,15.83,-0.008766437069505358,0.0,0.0,0.8,0.0,0.0,0.0,0.0,0.0,0.0,0.0,0,0,-0.0,0.0,1.0,1.0,0.0,0.0,0.052897095238301994,0.0423176761906416,0.1220426510913736,0.1220426510913736,0.002558106964272853,-0.003697787126181874
1160,17.09,0.07959570435881237,0.0,0.0,0.8,0.0,0.0,0.0,0.0,0.0,0.0,0.0,0,0,0.0,0.0,1.0,1.0,0.0,0.0,0.16099784983512083,0.12879827986809667,0.12440712116322666,0.12440712116322666,0.0026328075277599863,-0.005999363234363475
1161,15.17,-0.11234640140433001,0.0,0.0,0.8,0.0,0.0,0.0,0.0,0.0,0.0,0.0,0,1,-0.0,0.0,1.0,1.0,0.0,0.0,0.47693367117971575,0.3815469369437726,0.15940712116322667,0.15940712116322667,0.0038186761462780743,-0.01369350977258022
1162,16.9,0.11404087013843102,0.0,0.0,0.8,0.0,0.0,0.0,0.0,0.0,0.0,0.0,1,0,0.0,0.0,1.0,1.0,0.0,0.0,0.0,0.0,0.10361462875609734,0.10361462875609734,0.0020011648376572614,-0.0020511648376572615
1163,16.69,-0.012426035502958422,0.0,0.0,0.8,0.0,0.0,0.0,0.0,0.0,0.0,0.0,0,0,-0.0,0.0,1.0,1.0,0.0,0.0,0.36057612071949907,0.28846089657559926,0.13861462875609734,0.13861462875609734,0.0030964555469754,-0.01057432363379708
1164,16.23,-0.02756141402037153,0.0,0.0,0.8,0.0,0.0,0.0,0.0,0.0,0.0,0.0,0,0,-0.0,0.0,1.0,1.0,0.0,0.0,0.22704183828837393,0.18163347063069915,0.15367122341220796,0.15367122341220796,0.0036144321249775655,-0.008341493993718068
1165,16.4,0.01047443006777561,0.0,0.0,0.8,0.0,0.0,0.0,0.0,0.0,0.0,0.0,0,0,0.0,0.0,1.0,1.0,0.0,0.0,0.12393614014045043,0.09914891211236035,0.13458841445726127,0.13458841445726127,0.0029625300598802836,-0.005565614546773562
1166,14.55,-0.11280487804878037,0.0,0.0,0.8,0.0,0.0,0.0,0.0,0.0,0.0,0.0,0,1,-0.0,0.0,1.0,1.0,0.0,0.0,0.0,0.0,0.08748246939721983,0.08748246939721983,0.0015525042604394171,-0.001602504260439417
1167,14.0,-0.037800687285223414,0.0,0.0,0.8,0.0,0.0,0.0,0.0,0.0,0.0,0.0,0,0,-0.0,0.0,1.0,1.0,0.0,0.0,0.0,0.0,0.0568636051081929,0.0568636051081929,0.0008135848176946232,-0.0008635848176946232
1168,14.02,0.0014285714285713982,0.0,0.0,0.8,0.0,0.0,0.0,0.0,0.0,0.0,0.0,0,0,0.0,0.0,1.0,1.0,0.0,0.0,0.0,0.0,0.036961343320325385,0.036961343320325385,0.00042635648252317503,-0.00047635648252317505
1169,13.28,-0.052781740370898736,0.0,0.0,0.8,0.0,0.0,0.0,0.0,0.0,0.0,0.0,0,0,-0.0,0.0,1.0,1.0,0.0,0.0,0.0,0.0,0.0240248731582115,0.0240248731582115,0.00022343073055938593,-0.00027343073055938595
1170,12.67,-0.045933734939759,0.0,0.0,0.8,0.0,0.0,0.0,0.0,0.0,0.0,0.0,0,0,-0.0,0.0,1.0,1.0,0.0,0.0,0.0,0.0,0.015616167552837477,0.015616167552837477,0.00011708814901292697,-0.00016708814901292697
1171,12.58,-0.007103393843725324,0.0,0.0,0.8,0.0,0.0,0.0,0.0,0.0,0.0,0.0,0,0,-0.0,0.0,1.0,1.0,0.0,0.0,0.0,0.0,0.010150508909344361,0.010150508909344361,6.135966437987137e-05,-0.00011135966437987138
1172,12.6,0.00158982511923685,0.0,0.0,0.8,0.0,0.0,0.0,0.0,0.0,0.0,0.0,0,0,0.0,0.0,1.0,1.0,0.0,0.0,0.0,0.0,0.006597830791073835,0.006597830791073835,3.215533292267507e-05,-8.215533292267507e-05
1173,12.5,-0.007936507936507908,0.0,0.0,0.8,0.0,0.0,0.0,0.0,0.0,0.0,0.0,0,0,-0.0,0.0,1.0,1.0,0.0,0.0,0.0,0.0,0.004288590014197993,0.004288590014197993,1.6850897830322176e-05,-6.685089783032219e-05
1174,12.36,-0.011200000000000045,0.0,0.0,0.8,0.0,0.0,0.0,0.0,0.0,0.0,0.0,0,0,-0.0,0.0,1.0,1.0,0.0,0.0,0.0,0.0,0.0027875835092286954,0.0027875835092286954,8.830658303889643e-06,-5.883065830388965e-05
1175,12.26,-0.008090614886731363,0.0,0.0,0.8,0.0,0.0,0.0,0.0,0.0,0.0,0.0,0,0,-0.0,0.0,1.0,1.0,0.0,0.0,0.0,0.0,0.001811929280998652,0.001811929280998652,4.627677816652228e-06,-5.462767781665223e-05
1176,13.02,0.06199021207177812,0.0,0.0,0.8,0.0,0.0,0.0,0.0,0.0,0.0,0.0,0,0,0.0,0.0,1.0,1.0,0.0,0.0,0.0,0.0,0.001177754032649124,0.001177754032649124,2.4251195367056932e-06,-5.2425119536705696e-05
1177,12.68,-0.026113671274961586,0.0,0.0,0.8,0.0,0.0,0.0,0.0,0.0,0.0,0.0,0,0,-0.0,0.0,1.0,1.0,0.0,0.0,0.0,0.0,0.0007655401212219306,0.0007655401212219306,1.2708760203981184e-06,-5.1270876020398124e-05
1178,13.45,0.060725552050473156,0.0,0.0,0.8,0.0,0.0,0.0,0.0,0.0,0.0,0.0,0,0,0.0,0.0,1.0,1.0,0.0,0.0,0.0,0.0,0.0004976010787942549,0.0004976010787942549,6.659984527678012e-07,-5.06659984527678e-05
1179,14.25,0.05947955390334578,0.0,0.0,0.8,0.0,0.0,0.0,0.0,0.0,0.0,0.0,0,0,0.0,0.0,1.0,1.0,0.0,0.0,0.13347609863551796,0.10678087890841437,0.03549760107879425,0.03549760107879425,0.0004012820718764973,-0.003200889703768167
1180,14.06,-0.013333333333333298,0.0,0.0,0.8,0.0,0.0,0.0,0.0,0.0,0.0,0.0,0,0,-0.0,0.0,1.0,1.0,0.0,0.0,0.37455185015102177,0.2996414801208174,0.07049760107879426,0.07049760107879426,0.0011230853411072312,-0.00888885345421828
1181,13.31,-0.05334281650071124,0.0,0.0,0.8,0.0,0.0,0.0,0.0,0.0,0.0,0.0,0,0,-0.0,0.0,1.0,1.0,0.0,0.0,0.36164370089104736,0.2893149607128379,0.10549760107879425,0.10549760107879425,0.0020559622054296847,-0.00955582244378526
1182,13.13,-0.013523666416228378,0.0,0.0,0.8,0.0,0.0,0.0,0.0,0.0,0.0,0.0,0,0,-0.0,0.0,1.0,1.0,0.0,0.0,0.004064964495480619,0.0032519715963844954,0.06971163075995084,0.06971163075995084,0.0011043560476784366,-0.0012380943162853375
1183,12.72,-0.031226199543031234,0.0,0.0,0.8,0.0,0.0,0.0,0.0,0.0,0.0,0.0,0,0,-0.0,0.0,1.0,1.0,0.0,0.0,0.04259317997350789,0.03407454397880631,0.05723865038655025,0.05723865038655025,0.0008216471024484863,-0.0017490666099027488
1184,14.2,0.11635220125786153,0.0,0.0,0.8,0.0,0.0,0.0,0.0,0.0,0.0,0.0,1,0,0.0,0.0,1.0,1.0,0.0,0.0,0.0,0.0,0.03720512275125767,0.03720512275125767,0.0004305814966753536,-0.0004805814966753536
1185,14.69,0.03450704225352114,0.0,0.0,0.8,0.0,0.0,0.0,0.0,0.0,0.0,0.0,0,0,0.0,0.0,1.0,1.0,0.0,0.0,0.07785226268987923,0.062281810151903386,0.04598196334148367,0.04598196334148367,0.0005916059274961941,-0.0022453625389077065
1186,15.8,0.07556160653505795,0.0,0.0,0.8,0.0,0.0,0.0,0.0,0.0,0.0,0.0,0,0,0.0,0.0,1.0,1.0,0.0,0.0,0.28123457956613146,0.22498766365290518,0.08098196334148366,0.08098196334148366,0.0013827182752069395,-0.007226150614269247
1187,15.93,0.008227848101265759,0.0,0.0,0.8,0.0,0.0,0.0,0.0,0.0,0.0,0.0,0,0,0.0,0.0,1.0,1.0,0.0,0.0,0.6517892550309022,0.5214314040247218,0.11598196334148367,0.11598196334148367,0.0023699377278210356,-0.015846796381457622
1188,15.95,0.001255492780916483,0.0,0.0,0.8,0.0,0.0,0.0,0.0,0.0,0.0,0.0,0,0,0.0,0.0,1.0,1.0,0.0,0.0,0.6770996943608758,0.5416797554887006,0.15098196334148367,0.15098196334148367,0.0035199691176093393,-0.017518222821443382
1189,15.82,-0.008150470219435674,0.0,0.0,0.8,0.0,0.0,0.0,0.0,0.0,0.0,0.0,0,0,-0.0,0.0,1.0,1.0,0.0,0.0,0.6956811936980167,0.5565449549584134,0.18598196334148367,0.18598196334148367,0.0048123531763694435,-0.01919338576654859
1190,15.73,-0.005689001264222494,0.0,0.0,0.8,0.0,0.0,0.0,0.0,0.0,0.0,0.0,0,0,-0.0,0.0,1.0,1.0,0.0,0.0,0.514087675241845,0.41127014019347596,0.22098196334148368,0.22098196334148368,0.006232847370930747,-0.016873053480912753
1191,16.83,0.0699300699300698,0.0,0.0,0.8,0.0,0.0,0.0,0.0,0.0,0.0,0.0,0,0,0.0,0.0,1.0,1.0,0.0,0.0,0.39331988891627273,0.3146559111330182,0.2537678450685208,0.2537678450685208,0.007670190281901869,-0.01582257999357709
1192,16.12,-0.04218657159833615,0.0,0.0,0.8,0.0,0.0,0.0,0.0,0.0,0.0,0.0,0,0,-0.0,0.0,1.0,1.0,0.0,0.0,0.45107901370236947,0.3608632109618956,0.28876784506852077,0.28876784506852077,0.009310532025879661,-0.018652759708148475
1193,15.93,-0.011786600496277994,0.0,0.0,0.8,0.0,0.0,0.0,0.0,0.0,0.0,0.0,0,0,-0.0,0.0,1.0,1.0,0.0,0.0,0.2239589615794843,0.17916716926358744,0.2504076085367941,0.2504076085367941,0.007518349858637683,-0.01218190446717506
1194,15.75,-0.01129943502824857,0.0,0.0,0.8,0.0,0.0,0.0,0.0,0.0,0.0,0.0,0,0,-0.0,0.0,1.0,1.0,0.0,0.0,0.14917509874178625,0.11934007899342901,0.20453397319661634,0.20453397319661634,0.005550082421827397,-0.008673089455908195
1195,17.54,0.1136507936507936,0.0,0.0,0.8,0.0,0.0,0.0,0.0,0.0,0.0,0.0,1,0,0.0,0.0,1.0,1.0,0.0,0.0,0.1046690198819861,0.08373521590558888,0.16225440814475675,0.16225440814475675,0.003921443907913491,-0.0061276257174824045
1196,19.25,0.09749144811858614,0.0,0.0,0.8,0.0,0.0,0.0,0.0,0.0,0.0,0.0,0,0,0.0,0.0,1.0,1.0,0.0,0.0,0.5473161720638815,0.4378529376511052,0.19725440814475675,0.19725440814475675,0.00525643533989111,-0.016581148484407067
1197,19.92,0.034805194805194895,0.0,0.0,0.8,0.0,0.0,0.0,0.0,0.0,0.0,0.0,0,0,0.0,0.0,1.0,1.0,0.0,0.0,0.6836630950429153,0.5469304760343323,0.23225440814475676,0.23225440814475676,0.0067157914114057155,-0.020849251169289772
1198,20.69,0.038654618473895556,0.0,0.0,0.8,0.0,0.0,0.0,0.0,0.0,0.0,0.0,0,0,0.0,0.0,1.0,1.0,0.0,0.0,0.7899456808348492,0.6319565446678794,0.26725440814475676,0.26725440814475676,0.008289695273052903,-0.024612576298250796
1199,20.54,-0.007249879168680625,0.0,0.0,0.8,0.0,0.0,0.0,0.0,0.0,0.0,0.0,0,0,-0.0,0.0,1.0,1.0,0.0,0.0,0.8332222517380421,0.6665778013904338,0.3022544081447568,0.3022544081447568,0.009970345670945957,-0.027184724056749626
1200,21.96,0.06913339824732238,0.0,0.0,0.8,0.0,0.0,0.0,0.0,0.0,0.0,0.0,0,0,0.0,0.0,1.0,1.0,0.0,0.0,0.8080004368220322,0.6464003494576258,0.33725440814475677,0.33725440814475677,0.011751348412660404,-0.02844615741119427
1201,24.36,0.10928961748633872,0.0,0.0,0.8,0.0,0.0,0.0,0.0,0.0,0.0,0.0,1,0,0.0,0.0,1.0,1.0,0.0,0.0,0.8282043723085928,0.6625634978468743,0.37225440814475674,0.37225440814475674,0.013627337886499762,-0.03073834795605677
1202,23.93,-0.017651888341543503,0.0,0.0,0.8,0.0,0.0,0.0,0.0,0.0,0.0,0.0,0,0,-0.0,0.0,1.0,1.0,0.0,0.0,0.8862228841262898,0.7089783073010318,0.4072544081447567,0.4072544081447567,0.015593727516839509,-0.03389991892984108
1203,22.4,-0.06393648140409533,0.0,0.0,0.8,0.0,0.0,0.0,0.0,0.0,0.0,0.0,0,0,-0.0,0.0,1.0,1.0,0.0,0.0,0.8108135607071587,0.648650848565727,0.44225440814475675,0.44225440814475675,0.017646537606724834,-0.0343992969572923
1204,20.99,-0.06294642857142858,0.0,0.0,0.8,0.0,0.0,0.0,0.0,0.0,0.0,0.0,0,0,-0.0,0.0,1.0,1.0,0.0,0.0,0.5313110370216148,0.42504882961729185,0.436232455660144,0.436232455660144,0.017287341499283695,-0.028282348861928958
1205,20.91,-0.0038113387327297905,0.0,0.0,0.8,0.0,0.0,0.0,0.0,0.0,0.0,0.0,0,0,-0.0,0.0,1.0,1.0,0.0,0.0,0.2564301489098976,0.2051441191279181,0.355351537873865,0.355351537873865,0.012709795105027793,-0.018042256172571686
1206,20.88,-0.001434720229555291,0.0,0.0,0.8,0.0,0.0,0.0,0.0,0.0,0.0,0.0,0,0,-0.0,0.0,1.0,1.0,0.0,0.0,0.021242740549203776,0.01699419243936302,0.2369264669717893,0.2369264669717893,0.006919450675498224,-0.007407051130811822
1207,21.7,0.03927203065134101,0.0,0.0,0.8,0.0,0.0,0.0,0.0,0.0,0.0,0.0,0,0,0.0,0.0,1.0,1.0,0.0,0.0,0.0,0.0,0.15400220353166305,0.15400220353166305,0.003626115663462838,-0.0036761156634628383
1208,23.1,0.06451612903225816,0.0,0.0,0.8,0.0,0.0,0.0,0.0,0.0,0.0,0.0,0,0,0.0,0.0,1.0,1.0,0.0,0.0,0.0,0.0,0.10010143229558098,0.10010143229558098,0.0019002541417587,-0.0019502541417586998
1209,22.27,-0.03593073593073601,0.0,0.0,0.8,0.0,0.0,0.0,0.0,0.0,0.0,0.0,0,0,-0.0,0.0,1.0,1.0,0.0,0.0,0.3294445682065691,0.26355565456525526,0.13510143229558097,0.13510143229558097,0.0029794848419054847,-0.009816042946960809
1210,22.48,0.009429726088908885,0.0,0.0,0.8,0.0,0.0,0.0,0.0,0.0,0.0,0.0,0,0,0.0,0.0,1.0,1.0,0.0,0.0,0.3361751520133692,0.2689401216106954,0.17010143229558097,0.17010143229558097,0.004209332244140285,-0.011184540375615691
1211,21.76,-0.032028469750889625,0.0,0.0,0.8,0.0,0.0,0.0,0.0,0.0,0.0,0.0,0,0,-0.0,0.0,1.0,1.0,0.0,0.0,0.3611617537665121,0.2889294030132097,0.20510143229558098,0.20510143229558098,0.005573195659450212,-0.01306312778704036
1212,21.78,0.0009191176470588039,0.0,0.0,0.8,0.0,0.0,0.0,0.0,0.0,0.0,0.0,0,0,0.0,0.0,1.0,1.0,0.0,0.0,0.20568726712362637,0.1645498136989011,0.190908365786743,0.190908365786743,0.005004822625696501,-0.009291980328443203
1213,21.56,-0.010101010101010211,0.0,0.0,0.8,0.0,0.0,0.0,0.0,0.0,0.0,0.0,0,0,-0.0,0.0,1.0,1.0,0.0,0.0,0.073367046505455,0.058693637204364005,0.14463321078291036,0.14463321078291036,0.003300299028208082,-0.004861660186220455
1214,21.7,0.00649350649350652,0.0,0.0,0.8,0.0,0.0,0.0,0.0,0.0,0.0,0.0,0,0,0.0,0.0,1.0,1.0,0.0,0.0,0.0,0.0,0.09401158700889174,0.09401158700889174,0.001729510991771731,-0.001779510991771731
1215,22.14,0.020276497695852595,0.0,0.0,0.8,0.0,0.0,0.0,0.0,0.0,0.0,0.0,0,0,0.0,0.0,1.0,1.0,0.0,0.0,0.0,0.0,0.06110753155577964,0.06110753155577964,0.0009063446206216447,-0.0009563446206216447
1216,20.43,-0.07723577235772361,0.0,0.0,0.8,0.0,0.0,0.0,0.0,0.0,0.0,0.0,0,0,-0.0,0.0,1.0,1.0,0.0,0.0,0.0,0.0,0.039719895511256764,0.039719895511256764,0.0004749669561153117,-0.0005249669561153117
1217,22.68,0.11013215859030837,0.0,0.0,0.8,0.0,0.0,0.0,0.0,0.0,0.0,0.0,1,0,0.0,0.0,1.0,1.0,0.0,0.0,0.0,0.0,0.025817932082316898,0.025817932082316898,0.00024890489143821924,-0.00029890489143821926
1218,25.16,0.10934744268077604,0.0,0.0,0.8,0.0,0.0,0.0,0.0,0.0,0.0,0.0,1,0,0.0,0.0,1.0,1.0,0.0,0.0,0.17379870400432224,0.1390389632034578,0.060817932082316895,0.060817932082316895,0.0008999092674595692,-0.004530162569948607
1219,24.01,-0.04570747217806036,0.0,0.0,0.8,0.0,0.0,0.0,0.0,0.0,0.0,0.0,0,0,-0.0,0.0,1.0,1.0,0.0,0.0,0.5753176358676813,0.460254108694145,0.0958179320823169,0.0958179320823169,0.0017795960826084865,-0.013681139381482722
1220,23.43,-0.02415660141607671,0.0,0.0,0.8,0.0,0.0,0.0,0.0,0.0,0.0,0.0,0,0,-0.0,0.0,1.0,1.0,0.0,0.0,0.39435850813812545,0.3154868065105004,0.1308179320823169,0.1308179320823169,0.0028389135646774153,-0.011012698832322799
1221,22.99,-0.01877934272300475,0.0,0.0,0.8,0.0,0.0,0.0,0.0,0.0,0.0,0.0,0,0,-0.0,0.0,1.0,1.0,0.0,0.0,0.23768098478894023,0.19014478783115218,0.15158233159440926,0.15158233159440926,0.0035409853081628025,-0.008487213594814972
1222,21.15,-0.08003479773814702,0.0,0.0,0.8,0.0,0.0,0.0,0.0,0.0,0.0,0.0,0,0,-0.0,0.0,1.0,1.0,0.0,0.0,0.36337029035375584,0.2906962322830047,0.18658233159440923,0.18658233159440923,0.0048356741028239975,-0.012371102084111369
1223,20.94,-0.009929078014184271,0.0,0.0,0.8,0.0,0.0,0.0,0.0,0.0,0.0,0.0,0,0,-0.0,0.0,1.0,1.0,0.0,0.0,0.0,0.0,0.12127851553636601,0.12127851553636601,0.002534119315243062,-0.0025841193152430623
1224,21.56,0.029608404966571033,0.0,0.0,0.8,0.0,0.0,0.0,0.0,0.0,0.0,0.0,0,0,0.0,0.0,1.0,1.0,0.0,0.0,0.0,0.0,0.07883103509863791,0.07883103509863791,0.0013279970004880406,-0.0013779970004880405
1225,21.9,0.015769944341372907,0.0,0.0,0.8,0.0,0.0,0.0,0.0,0.0,0.0,0.0,0,0,0.0,0.0,1.0,1.0,0.0,0.0,0.0,0.0,0.051240172814114644,0.051240172814114644,0.000695932516948626,-0.000745932516948626
1226,21.15,-0.03424657534246576,0.0,0.0,0.8,0.0,0.0,0.0,0.0,0.0,0.0,0.0,0,0,-0.0,0.0,1.0,1.0,0.0,0.0,0.0,0.0,0.03330611232917452,0.03330611232917452,0.0003647011762590282,-0.0004147011762590282
1227,20.58,-0.026950354609929093,0.0,0.0,0.8,0.0,0.0,0.0,0.0,0.0,0.0,0.0,0,0,-0.0,0.0,1.0,1.0,0.0,0.0,0.0,0.0,0.02164897301396344,0.02164897301396344,0.00019112046746701646,-0.00024112046746701645
1228,20.71,0.006316812439261544,0.0,0.0,0.8,0.0,0.0,0.0,0.0,0.0,0.0,0.0,0,0,0.0,0.0,1.0,1.0,0.0,0.0,0.0,0.0,0.014071832459076236,0.014071832459076236,0.00010015606053013563,-0.00015015606053013562
1229,20.78,0.003380009657170463,0.0,0.0,0.8,0.0,0.0,0.0,0.0,0.0,0.0,0.0,0,0,0.0,0.0,1.0,1.0,0.0,0.0,0.0,0.0,0.009146691098399554,0.009146691098399554,5.2486458378129404e-05,-0.0001024864583781294
1230,21.12,0.016361886429258895,0.0,0.0,0.8,0.0,0.0,0.0,0.0,0.0,0.0,0.0,0,0,0.0,0.0,1.0,1.0,0.0,0.0,0.0,0.0,0.00594534921395971,0.00594534921395971,2.75053581230885e-05,-7.75053581230885e-05
1231,20.77,-0.016571969696969762,0.0,0.0,0.8,0.0,0.0,0.0,0.0,0.0,0.0,0.0,0,0,-0.0,0.0,1.0,1.0,0.0,0.0,0.0,0.0,0.003864476989073812,0.003864476989073812,1.4414093632093789e-05,-6.441409363209379e-05
1232,20.95,0.008666345690900324,0.0,0.0,0.8,0.0,0.0,0.0,0.0,0.0,0.0,0.0,0,0,0.0,0.0,1.0,1.0,0.0,0.0,0.0,0.0,0.0025119100428979777,0.0025119100428979777,7.553658974553181e-06,-5.7553658974553184e-05
1233,22.22,0.06062052505966585,0.0,0.0,0.8,0.0,0.0,0.0,0.0,0.0,0.0,0.0,0,0,0.0,0.0,1.0,1.0,0.0,0.0,0.0,0.0,0.0016327415278836856,0.0016327415278836856,3.958470463713757e-06,-5.395847046371376e-05
1234,23.43,0.0544554455445545,0.0,0.0,0.8,0.0,0.0,0.0,0.0,0.0,0.0,0.0,0,0,0.0,0.0,1.0,1.0,0.0,0.0,0.23334720474053752,0.18667776379243003,0.036632741527883685,0.036632741527883685,0.000420683407413856,-0.005277635825068929
1235,22.63,-0.034144259496372203,0.0,0.0,0.8,0.0,0.0,0.0,0.0,0.0,0.0,0.0,0,0,-0.0,0.0,1.0,1.0,0.0,0.0,0.42498859270534983,0.33999087416427987,0.07163274152788368,0.07163274152788368,0.001150319838082459,-0.009955084847812667
1236,20.7,-0.08528501988510825,0.0,0.0,0.8,0.0,0.0,0.0,0.0,0.0,0.0,0.0,0,0,-0.0,0.0,1.0,1.0,0.0,0.0,0.25000189315160226,0.20000151452128181,0.10663274152788368,0.10663274152788368,0.002089234135114248,-0.007289273134037256
1237,19.95,-0.036231884057971016,0.0,0.0,0.8,0.0,0.0,0.0,0.0,0.0,0.0,0.0,0,0,-0.0,0.0,1.0,1.0,0.0,0.0,0.0,0.0,0.06931128199312439,0.06931128199312439,0.001094856366099253,-0.001144856366099253
1238,19.95,0.0,0.0,0.0,0.8,0.0,0.0,0.0,0.0,0.0,0.0,0.0,0,0,0.0,0.0,1.0,1.0,0.0,0.0,0.0,0.0,0.04505233329553086,0.04505233329553086,0.0005737559243557503,-0.0006237559243557503
1239,19.85,-0.005012531328320695,0.0,0.0,0.8,0.0,0.0,0.0,0.0,0.0,0.0,0.0,0,0,-0.0,0.0,1.0,1.0,0.0,0.0,0.0,0.0,0.029284016642095057,0.029284016642095057,0.0003006749295400074,-0.00035067492954000745
1240,19.84,-0.0005037783375315648,0.0,0.0,0.8,0.0,0.0,0.0,0.0,0.0,0.0,0.0,0,0,-0.0,0.0,1.0,1.0,0.0,0.0,0.0,0.0,0.019034610817361786,0.019034610817361786,0.00015756772072619794,-0.00020756772072619793
1241,19.34,-0.02520161290322581,0.0,0.0,0.8,0.0,0.0,0.0,0.0,0.0,0.0,0.0,0,0,-0.0,0.0,1.0,1.0,0.0,0.0,0.0,0.0,0.012372497031285162,0.012372497031285162,8.257285252492452e-05,-0.00013257285252492453
1242,19.36,0.0010341261633919118,0.0,0.0,0.8,0.0,0.0,0.0,0.0,0.0,0.0,0.0,0,0,0.0,0.0,1.0,1.0,0.0,0.0,0.0,0.0,0.008042123070335356,0.008042123070335356,4.3272035304432116e-05,-9.327203530443212e-05
1243,18.55,-0.04183884297520655,0.0,0.0,0.8,0.0,0.0,0.0,0.0,0.0,0.0,0.0,0,0,-0.0,0.0,1.0,1.0,0.0,0.0,0.0,0.0,0.005227379995717981,0.005227379995717981,2.26765696246574e-05,-7.26765696246574e-05
1244,18.86,0.01671159029649589,0.0,0.0,0.8,0.0,0.0,0.0,0.0,0.0,0.0,0.0,0,0,0.0,0.0,1.0,1.0,0.0,0.0,0.0,0.0,0.003397796997216688,0.003397796997216688,1.1883582695479671e-05,-6.188358269547967e-05
1245,20.9,0.10816542948038171,0.0,0.0,0.8,0.0,0.0,0.0,0.0,0.0,0.0,0.0,1,0,0.0,0.0,1.0,1.0,0.0,0.0,0.0,0.0,0.0022085680481908473,0.0022085680481908473,6.22755293317154e-06,-5.622755293317154e-05
1246,19.79,-0.05311004784688993,0.0,0.0,0.8,0.0,0.0,0.0,0.0,0.0,0.0,0.0,0,0,-0.0,0.0,1.0,1.0,0.0,0.0,0.17816764639995264,0.1425341171199621,0.037208568048190845,0.037208568048190845,0.0004306413076103816,-0.004150894823449406
1247,20.88,0.05507832238504295,0.0,0.0,0.8,0.0,0.0,0.0,0.0,0.0,0.0,0.0,0,0,0.0,0.0,1.0,1.0,0.0,0.0,0.016611014335128634,0.013288811468102908,0.02883665324516007,0.02883665324516007,0.00029381132595251807,-0.000685998221256168
1248,18.77,-0.10105363984674327,0.0,0.0,0.8,0.0,0.0,0.0,0.0,0.0,0.0,0.0,0,1,-0.0,0.0,1.0,1.0,0.0,0.0,0.24515767862215374,0.196126142897723,0.06383665324516008,0.06383665324516008,0.0009677349271859987,-0.006067983106802366
1249,19.13,0.01917954182205644,0.0,0.0,0.8,0.0,0.0,0.0,0.0,0.0,0.0,0.0,0,0,0.0,0.0,1.0,1.0,0.0,0.0,0.0,0.0,0.04149382460935405,0.04149382460935405,0.0005071383469752893,-0.0005571383469752893
1250,20.04,0.04756926293779405,0.0,0.0,0.8,0.0,0.0,0.0,0.0,0.0,0.0,0.0,0,0,0.0,0.0,1.0,1.0,0.0,0.0,0.0,0.0,0.026970985996080134,0.026970985996080134,0.0002657642043784549,-0.0003157642043784549
1251,20.25,0.010479041916167707,0.0,0.0,0.8,0.0,0.0,0.0,0.0,0.0,0.0,0.0,0,0,0.0,0.0,1.0,1.0,0.0,0.0,0.0,0.0,0.01753114089745209,0.01753114089745209,0.00013927286853808883,-0.00018927286853808882
1252,20.36,0.005432098765432071,0.0,0.0,0.8,0.0,0.0,0.0,0.0,0.0,0.0,0.0,0,0,0.0,0.0,1.0,1.0,0.0,0.0,0.06784052219498495,0.054272417755987956,0.03039058779793964,0.03039058779793964,0.00031787758173805307,-0.001765392338954743
1253,19.7,-0.03241650294695482,0.0,0.0,0.8,0.0,0.0,0.0,0.0,0.0,0.0,0.0,0,0,-0.0,0.0,1.0,1.0,0.0,0.0,0.0,0.0,0.01975388206866077,0.01975388206866077,0.00016658271476457158,-0.00021658271476457158
1254,19.44,-0.013197969543147108,0.0,0.0,0.8,0.0,0.0,0.0,0.0,0.0,0.0,0.0,0,0,-0.0,0.0,1.0,1.0,0.0,0.0,0.11357722691853797,0.09086178153483038,0.04464164688182013,0.04464164688182013,0.0005659284957303679,-0.0029556193702522503
1255,18.76,-0.034979423868312744,0.0,0.0,0.8,0.0,0.0,0.0,0.0,0.0,0.0,0.0,0,0,-0.0,0.0,1.0,1.0,0.0,0.0,0.012782582350436465,0.010226065880349173,0.032596193531305294,0.032596193531305294,0.00035310314184997633,-0.0006664243382689675
1256,18.67,-0.004797441364605535,0.0,0.0,0.8,0.0,0.0,0.0,0.0,0.0,0.0,0.0,0,0,-0.0,0.0,1.0,1.0,0.0,0.0,0.0,0.0,0.021187525795348442,0.021187525795348442,0.00018504255518635472,-0.0002350425551863547
1257,17.65,-0.05463310123192303,0.0,0.0,0.8,0.0,0.0,0.0,0.0,0.0,0.0,0.0,0,0,-0.0,0.0,1.0,1.0,0.0,0.0,0.0,0.0,0.013771891766976487,0.013771891766976487,9.697095033054976e-05,-0.00014697095033054975
1258,17.53,-0.006798866855523935,0.0,0.0,0.8,0.0,0.0,0.0,0.0,0.0,0.0,0.0,0,0,-0.0,0.0,1.0,1.0,0.0,0.0,0.0,0.0,0.008951729648534718,0.008951729648534718,5.081731171805267e-05,-0.00010081731171805266
1259,17.91,0.02167712492869361,0.0,0.0,0.8,0.0,0.0,0.0,0.0,0.0,0.0,0.0,0,0,0.0,0.0,1.0,1.0,0.0,0.0,0.0,0.0,0.005818624271547566,0.005818624271547566,2.663064723452723e-05,-7.663064723452723e-05
1260,17.73,-0.010050251256281392,0.0,0.0,0.8,0.0,0.0,0.0,0.0,0.0,0.0,0.0,0,0,-0.0,0.0,1.0,1.0,0.0,0.0,0.0,0.0,0.003782105776505918,0.003782105776505918,1.3955704230570212e-05,-6.395570423057021e-05
1261,17.31,-0.023688663282572006,0.0,0.0,0.8,0.0,0.0,0.0,0.0,0.0,0.0,0.0,0,0,-0.0,0.0,1.0,1.0,0.0,0.0,0.0,0.0,0.002458368754728847,0.002458368754728847,7.313441496782042e-06,-5.731344149678204e-05
1262,17.04,-0.015597920277296336,0.0,0.0,0.8,0.0,0.0,0.0,0.0,0.0,0.0,0.0,0,0,-0.0,0.0,1.0,1.0,0.0,0.0,0.0,0.0,0.0015979396905737506,0.0015979396905737506,3.8325852743203454e-06,-5.383258527432035e-05
1263,16.58,-0.026995305164319302,0.0,0.0,0.8,0.0,0.0,0.0,0.0,0.0,0.0,0.0,0,0,-0.0,0.0,1.0,1.0,0.0,0.0,0.0,0.0,0.001038660798872938,0.001038660798872938,2.0084538710537684e-06,-5.200845387105377e-05
1264,16.75,0.010253317249698536,0.0,0.0,0.8,0.0,0.0,0.0,0.0,0.0,0.0,0.0,0,0,0.0,0.0,1.0,1.0,0.0,0.0,0.0,0.0,0.0006751295192674097,0.0006751295192674097,1.052523730960225e-06,-5.105252373096023e-05
1265,16.93,0.010746268656716402,0.0,0.0,0.8,0.0,0.0,0.0,0.0,0.0,0.0,0.0,0,0,0.0,0.0,1.0,1.0,0.0,0.0,0.0,0.0,0.0004388341875238163,0.0004388341875238163,5.515716443381412e-07,-5.0551571644338146e-05
1266,16.85,-0.004725339633786078,0.0,0.0,0.8,0.0,0.0,0.0,0.0,0.0,0.0,0.0,0,0,-0.0,0.0,1.0,1.0,0.0,0.0,0.0,0.0,0.0002852422218904806,0.0002852422218904806,2.890493296149518e-07,-5.0289049329614957e-05
1267,16.76,-0.005341246290801178,0.0,0.0,0.8,0.0,0.0,0.0,0.0,0.0,0.0,0.0,0,0,-0.0,0.0,1.0,1.0,0.0,0.0,0.0,0.0,0.0001854074442288124,0.0001854074442288124,1.5147536282636208e-07,-5.015147536282637e-05
1268,18.39,0.09725536992840089,0.0,0.0,0.8,0.0,0.0,0.0,0.0,0.0,0.0,0.0,0,0,0.0,0.0,1.0,1.0,0.0,0.0,0.0,0.0,0.00012051483874872807,0.00012051483874872807,7.938017214550615e-08,-5.007938017214551e-05
1269,17.74,-0.03534529635671572,0.0,0.0,0.8,0.0,0.0,0.0,0.0,0.0,0.0,0.0,0,0,-0.0,0.0,1.0,1.0,0.0,0.0,0.3040850586082201,0.2432680468865761,0.03512051483874873,0.03512051483874873,0.00039490493492006526,-0.006709057142249401
1270,18.18,0.024802705749718226,0.0,0.0,0.8,0.0,0.0,0.0,0.0,0.0,0.0,0.0,0,0,0.0,0.0,1.0,1.0,0.0,0.0,0.13886108610000725,0.1110888688800058,0.0617094387531887,0.0617094387531887,0.0009197687399321893,-0.0038303071135923385
1271,18.25,0.003850385038503866,0.0,0.0,0.8,0.0,0.0,0.0,0.0,0.0,0.0,0.0,0,0,0.0,0.0,1.0,1.0,0.0,0.0,0.22083434401411545,0.17666747521129236,0.0967094387531887,0.0967094387531887,0.0018044902703720556,-0.006403677757062834
1272,18.15,-0.005479452054794599,0.0,0.0,0.8,0.0,0.0,0.0,0.0,0.0,0.0,0.0,0,0,-0.0,0.0,1.0,1.0,0.0,0.0,0.2575172051836995,0.20601376414695963,0.1317094387531887,0.1317094387531887,0.0028679831739722174,-0.008222837600756427
1273,17.71,-0.024242424242424118,0.0,0.0,0.8,0.0,0.0,0.0,0.0,0.0,0.0,0.0,0,0,-0.0,0.0,1.0,1.0,0.0,0.0,0.2582102486872654,0.20656819894981232,0.15791000482200696,0.15791000482200696,0.0037650064156388966,-0.009134137538596564
1274,17.31,-0.0225861095426314,0.0,0.0,0.8,0.0,0.0,0.0,0.0,0.0,0.0,0.0,0,0,-0.0,0.0,1.0,1.0,0.0,0.0,0.0,0.0,0.10264150313430452,0.10264150313430452,0.001973039389547099,-0.002023039389547099
1275,17.62,0.017908723281340397,0.0,0.0,0.8,0.0,0.0,0.0,0.0,0.0,0.0,0.0,0,0,0.0,0.0,1.0,1.0,0.0,0.0,0.0,0.0,0.06671697703729794,0.06671697703729794,0.0010339648868948322,-0.001083964886894832
1276,17.2,-0.023836549375709518,0.0,0.0,0.8,0.0,0.0,0.0,0.0,0.0,0.0,0.0,0,0,-0.0,0.0,1.0,1.0,0.0,0.0,0.0,0.0,0.043366035074243664,0.043366035074243664,0.0005418459423543722,-0.0005918459423543722
1277,16.33,-0.050581395348837266,0.0,0.0,0.8,0.0,0.0,0.0,0.0,0.0,0.0,0.0,0,0,-0.0,0.0,1.0,1.0,0.0,0.0,0.0,0.0,0.028187922798258384,0.028187922798258384,0.0002839526070634933,-0.0003339526070634933
1278,15.87,-0.028169014084506987,0.0,0.0,0.8,0.0,0.0,0.0,0.0,0.0,0.0,0.0,0,0,-0.0,0.0,1.0,1.0,0.0,0.0,0.0,0.0,0.01832214981886795,0.01832214981886795,0.00014880444191906945,-0.00019880444191906944
1279,15.73,-0.008821676118462431,0.0,0.0,0.8,0.0,0.0,0.0,0.0,0.0,0.0,0.0,0,0,-0.0,0.0,1.0,1.0,0.0,0.0,0.0,0.0,0.011909397382264167,0.011909397382264167,7.798048471481185e-05,-0.00012798048471481186
1280,15.37,-0.022886204704386598,0.0,0.0,0.8,0.0,0.0,0.0,0.0,0.0,0.0,0.0,0,0,-0.0,0.0,1.0,1.0,0.0,0.0,0.0,0.0,0.007741108298471709,0.007741108298471709,4.086541986202446e-05,-9.086541986202447e-05
1281,14.98,-0.025374105400130045,0.0,0.0,0.8,0.0,0.0,0.0,0.0,0.0,0.0,0.0,0,0,-0.0,0.0,1.0,1.0,0.0,0.0,0.0,0.0,0.005031720394006611,0.005031720394006611,2.1415390614805208e-05,-7.141539061480521e-05
1282,14.62,-0.02403204272363159,0.0,0.0,0.8,0.0,0.0,0.0,0.0,0.0,0.0,0.0,0,0,-0.0,0.0,1.0,1.0,0.0,0.0,0.0,0.0,0.0032706182561042974,0.0032706182561042974,1.1222665929608467e-05,-6.122266592960847e-05
1283,13.0,-0.11080711354309161,0.0,0.0,0.8,0.0,0.0,0.0,0.0,0.0,0.0,0.0,0,1,-0.0,0.0,1.0,1.0,0.0,0.0,0.0,0.0,0.0021259018664677933,0.0021259018664677933,5.88120164759088e-06,-5.588120164759088e-05
1284,12.21,-0.0607692307692307,0.0,0.0,0.8,0.0,0.0,0.0,0.0,0.0,0.0,0.0,0,0,-0.0,0.0,1.0,1.0,0.0,0.0,0.0,0.0,0.0013818362132040657,0.0013818362132040657,3.0820246309187255e-06,-5.308202463091873e-05
1285,11.99,-0.01801801801801807,0.0,0.0,0.8,0.0,0.0,0.0,0.0,0.0,0.0,0.0,0,0,-0.0,0.0,1.0,1.0,0.0,0.0,0.0,0.0,0.0008981935385826427,0.0008981935385826427,1.6151250024696457e-06,-5.161512500246965e-05
1286,12.28,0.024186822351959895,0.0,0.0,0.8,0.0,0.0,0.0,0.0,0.0,0.0,0.0,0,0,0.0,0.0,1.0,1.0,0.0,0.0,0.0,0.0,0.0005838258000787177,0.0005838258000787177,8.46401014266055e-07,-5.084640101426606e-05
1287,12.52,0.019543973941368097,0.0,0.0,0.8,0.0,0.0,0.0,0.0,0.0,0.0,0.0,0,0,0.0,0.0,1.0,1.0,0.0,0.0,0.0,0.0,0.00037948677005116655,0.00037948677005116655,4.435537038032265e-07,-5.044355370380323e-05
1288,13.05,0.04233226837060712,0.0,0.0,0.8,0.0,0.0,0.0,0.0,0.0,0.0,0.0,0,0,0.0,0.0,1.0,1.0,0.0,0.0,0.0,0.0,0.0002466664005332583,0.0002466664005332583,2.3244287854281542e-07,-5.0232442878542815e-05
1289,13.17,0.009195402298850514,0.0,0.0,0.8,0.0,0.0,0.0,0.0,0.0,0.0,0.0,0,0,0.0,0.0,1.0,1.0,0.0,0.0,0.0,0.0,0.0001603331603466179,0.0001603331603466179,1.2181093590696112e-07,-5.0121810935906964e-05
1290,12.98,-0.014426727410782042,0.0,0.0,0.8,0.0,0.0,0.0,0.0,0.0,0.0,0.0,0,0,-0.0,0.0,1.0,1.0,0.0,0.0,0.023973886129609434,0.01917910890368755,0.0068169046705159435,0.0068169046705159435,3.377007938105437e-05,-0.0005776321336510088
1291,13.05,0.0053929121725732115,0.0,0.0,0.8,0.0,0.0,0.0,0.0,0.0,0.0,0.0,0,0,0.0,0.0,1.0,1.0,0.0,0.0,0.03631580132544299,0.029052641060354392,0.0145994124069594,0.0145994124069594,0.00010584109287063023,-0.0009039466001747557
1292,13.2,0.011494252873563109,0.0,0.0,0.8,0.0,0.0,0.0,0.0,0.0,0.0,0.0,0,0,0.0,0.0,1.0,1.0,0.0,0.0,0.0128449577026504,0.010275966162120322,0.013086206221265722,0.013086206221265722,8.981975999597497e-05,-0.00040442588867057325
1293,13.42,0.016666666666666715,0.0,0.0,0.8,0.0,0.0,0.0,0.0,0.0,0.0,0.0,0,0,0.0,0.0,1.0,1.0,0.0,0.0,0.025243354905042092,0.020194683924033674,0.015574173417234506,0.015574173417234506,0.00011661616619776967,-0.0006866292772416368
1294,13.84,0.03129657228017883,0.0,0.0,0.8,0.0,0.0,0.0,0.0,0.0,0.0,0.0,0,0,0.0,0.0,1.0,1.0,0.0,0.0,0.0,0.0,0.010123212721202429,0.010123212721202429,6.11123233178146e-05,-0.0001111123233178146
1295,13.75,-0.0065028901734103944,0.0,0.0,0.8,0.0,0.0,0.0,0.0,0.0,0.0,0.0,0,0,-0.0,0.0,1.0,1.0,0.0,0.0,0.11818429615734619,0.09454743692587696,0.03967169119283851,0.03967169119283851,0.0004741025841108594,-0.0029586990849521906
1296,14.04,0.02109090909090903,0.0,0.0,0.8,0.0,0.0,0.0,0.0,0.0,0.0,0.0,0,0,0.0,0.0,1.0,1.0,0.0,0.0,0.15165236249514022,0.12132188999611218,0.0682492607739843,0.0682492607739843,0.0010697891233108405,-0.004243827790710729
1297,13.86,-0.012820512820512801,0.0,0.0,0.8,0.0,0.0,0.0,0.0,0.0,0.0,0.0,0,0,-0.0,0.0,1.0,1.0,0.0,0.0,0.24244861743821935,0.1939588939505755,0.1032492607739843,0.1032492607739843,0.001990589352869099,-0.007035030872096417
1298,14.56,0.05050505050505059,0.0,0.0,0.8,0.0,0.0,0.0,0.0,0.0,0.0,0.0,0,0,0.0,0.0,1.0,1.0,0.0,0.0,0.1691066458923765,0.1352853167139012,0.11446188035295522,0.11446188035295522,0.0023234993994413877,-0.005857096304824344
1299,14.82,0.017857142857142842,0.0,0.0,0.8,0.0,0.0,0.0,0.0,0.0,0.0,0.0,0,0,0.0,0.0,1.0,1.0,0.0,0.0,0.34132496264301726,0.2730599701144138,0.1494618803529552,0.1494618803529552,0.003466944688434072,-0.010548238918880227
1300,14.86,0.00269905533063422,0.0,0.0,0.8,0.0,0.0,0.0,0.0,0.0,0.0,0.0,0,0,0.0,0.0,1.0,1.0,0.0,0.0,0.33912927550161265,0.27130342040129013,0.18446188035295522,0.18446188035295522,0.0047534748174632374,-0.011789537892796458
1301,14.39,-0.03162853297442792,0.0,0.0,0.8,0.0,0.0,0.0,0.0,0.0,0.0,0.0,0,0,-0.0,0.0,1.0,1.0,0.0,0.0,0.37042043316287515,0.2963363465303001,0.21946188035295522,0.21946188035295522,0.006168646655628144,-0.013849307578783372
1302,14.8,0.0284920083391244,0.0,0.0,0.8,0.0,0.0,0.0,0.0,0.0,0.0,0.0,0,0,0.0,0.0,1.0,1.0,0.0,0.0,0.17407559376756848,0.13926047501405478,0.19139138848434006,0.19139138848434006,0.00502382890167979,-0.0086597861332917
1303,14.57,-0.01554054054054057,0.0,0.0,0.8,0.0,0.0,0.0,0.0,0.0,0.0,0.0,0,0,-0.0,0.0,1.0,1.0,0.0,0.0,0.33466383081906115,0.26773106465524893,0.21811027514415815,0.21811027514415815,0.0061117479961163524,-0.013055822910989012
1304,14.41,-0.010981468771448191,0.0,0.0,0.8,0.0,0.0,0.0,0.0,0.0,0.0,0.0,0,0,-0.0,0.0,1.0,1.0,0.0,0.0,0.11105821660097477,0.08884657328077983,0.17286797949197574,0.17286797949197574,0.004312440184577645,-0.006650239446557725
1305,14.02,-0.027064538514920234,0.0,0.0,0.8,0.0,0.0,0.0,0.0,0.0,0.0,0.0,0,0,-0.0,0.0,1.0,1.0,0.0,0.0,0.0,0.0,0.11236418666978423,0.11236418666978423,0.0022599202789920347,-0.002309920278992035
1306,14.17,0.01069900142653355,0.0,0.0,0.8,0.0,0.0,0.0,0.0,0.0,0.0,0.0,0,0,0.0,0.0,1.0,1.0,0.0,0.0,0.0,0.0,0.07303672133535975,0.07303672133535975,0.0011843038856896358,-0.0012343038856896357
1307,13.85,-0.02258292166549049,0.0,0.0,0.8,0.0,0.0,0.0,0.0,0.0,0.0,0.0,0,0,-0.0,0.0,1.0,1.0,0.0,0.0,0.0,0.0,0.04747386886798384,0.04747386886798384,0.0006206306066181875,-0.0006706306066181875
1308,13.34,-0.03682310469314078,0.0,0.0,0.8,0.0,0.0,0.0,0.0,0.0,0.0,0.0,0,0,-0.0,0.0,1.0,1.0,0.0,0.0,0.0,0.0,0.030858014764189496,0.030858014764189496,0.00032523945460751624,-0.00037523945460751627
1309,13.6,0.019490254872563704,0.0,0.0,0.8,0.0,0.0,0.0,0.0,0.0,0.0,0.0,0,0,0.0,0.0,1.0,1.0,0.0,0.0,0.0,0.0,0.020057709596723174,0.020057709596723174,0.00017044068034251976,-0.00022044068034251976
1310,13.4,-0.014705882352941124,0.0,0.0,0.8,0.0,0.0,0.0,0.0,0.0,0.0,0.0,0,0,-0.0,0.0,1.0,1.0,0.0,0.0,0.0,0.0,0.013037511237870064,0.013037511237870064,8.931888522158916e-05,-0.00013931888522158916
1311,13.55,0.011194029850746294,0.0,0.0,0.8,0.0,0.0,0.0,0.0,0.0,0.0,0.0,0,0,0.0,0.0,1.0,1.0,0.0,0.0,0.0,0.0,0.008474382304615542,0.008474382304615542,4.68072718390645e-05,-9.680727183906449e-05
1312,13.6,0.0036900369003689247,0.0,0.0,0.8,0.0,0.0,0.0,0.0,0.0,0.0,0.0,0,0,0.0,0.0,1.0,1.0,0.0,0.0,0.0,0.0,0.005508348498000103,0.005508348498000103,2.452919885397893e-05,-7.452919885397893e-05
1313,13.23,-0.027205882352941118,0.0,0.0,0.8,0.0,0.0,0.0,0.0,0.0,0.0,0.0,0,0,-0.0,0.0,1.0,1.0,0.0,0.0,0.0,0.0,0.0035804265237000667,0.0035804265237000667,1.2854447028803088e-05,-6.285444702880309e-05
1314,12.6,-0.04761904761904768,0.0,0.0,0.8,0.0,0.0,0.0,0.0,0.0,0.0,0.0,0,0,-0.0,0.0,1.0,1.0,0.0,0.0,0.0,0.0,0.0023272772404050435,0.0023272772404050435,6.7363312352739644e-06,-5.6736331235273964e-05
1315,12.7,0.007936507936507908,0.0,0.0,0.8,0.0,0.0,0.0,0.0,0.0,0.0,0.0,0,0,0.0,0.0,1.0,1.0,0.0,0.0,0.0,0.0,0.0015127302062632783,0.0015127302062632783,3.5301525152850485e-06,-5.353015251528505e-05
1316,12.78,0.006299212598425203,0.0,0.0,0.8,0.0,0.0,0.0,0.0,0.0,0.0,0.0,0,0,0.0,0.0,1.0,1.0,0.0,0.0,0.0,0.0,0.000983274634071131,0.000983274634071131,1.849964965487113e-06,-5.184996496548712e-05
1317,14.21,0.11189358372456976,0.0,0.0,0.8,0.0,0.0,0.0,0.0,0.0,0.0,0.0,1,0,0.0,0.0,1.0,1.0,0.0,0.0,0.0,0.0,0.0006391285121462352,0.0006391285121462352,9.69468134510157e-07,-5.096946813451016e-05
1318,14.04,-0.011963406052076122,0.0,0.0,0.8,0.0,0.0,0.0,0.0,0.0,0.0,0.0,0,0,-0.0,0.0,1.0,1.0,0.0,0.0,0.16777512552741888,0.1342201004219351,0.035639128512146234,0.035639128512146234,0.00040368430426579997,-0.003909851890130629
1319,13.71,-0.023504273504273383,0.0,0.0,0.8,0.0,0.0,0.0,0.0,0.0,0.0,0.0,0,0,-0.0,0.0,1.0,1.0,0.0,0.0,0.19672934580982823,0.1573834766478626,0.07063912851214624,0.07063912851214624,0.0011264690122609017,-0.005229093535943363
1320,13.53,-0.013129102844639058,0.0,0.0,0.8,0.0,0.0,0.0,0.0,0.0,0.0,0.0,0,0,-0.0,0.0,1.0,1.0,0.0,0.0,0.23328094140996058,0.18662475312796847,0.10563912851214624,0.10563912851214624,0.002060100772799459,-0.006915688165844647
1321,13.45,-0.005912786400591284,0.0,0.0,0.8,0.0,0.0,0.0,0.0,0.0,0.0,0.0,0,0,-0.0,0.0,1.0,1.0,0.0,0.0,0.16529721166967862,0.1322377693357429,0.11494865280040507,0.11494865280040507,0.002338336877691246,-0.005793459438086626
1322,13.23,-0.01635687732341999,0.0,0.0,0.8,0.0,0.0,0.0,0.0,0.0,0.0,0.0,0,0,-0.0,0.0,1.0,1.0,0.0,0.0,0.12730433475202949,0.1018434678016236,0.11036183805083155,0.11036183805083155,0.002199781968295686,-0.004872251264187493
1323,13.48,0.01889644746787604,0.0,0.0,0.8,0.0,0.0,0.0,0.0,0.0,0.0,0.0,0,0,0.0,0.0,1.0,1.0,0.0,0.0,0.0,0.0,0.0717351947330405,0.0717351947330405,0.0011527885991998563,-0.0012027885991998562
1324,13.62,0.010385756676557773,0.0,0.0,0.8,0.0,0.0,0.0,0.0,0.0,0.0,0.0,0,0,0.0,0.0,1.0,1.0,0.0,0.0,0.0,0.0,0.04662787657647633,0.04662787657647633,0.0006041151230432028,-0.0006541151230432028
1325,13.0,-0.045521292217327404,0.0,0.0,0.8,0.0,0.0,0.0,0.0,0.0,0.0,0.0,0,0,-0.0,0.0,1.0,1.0,0.0,0.0,0.0,0.0,0.030308119774709617,0.030308119774709617,0.0003165845690552606,-0.00036658456905526063
1326,13.02,0.0015384615384615057,0.0,0.0,0.8,0.0,0.0,0.0,0.0,0.0,0.0,0.0,0,0,0.0,0.0,1.0,1.0,0.0,0.0,0.0,0.0,0.01970027785356125,0.01970027785356125,0.0001659051156657396,-0.0002159051156657396
1327,12.77,-0.019201228878648235,0.0,0.0,0.8,0.0,0.0,0.0,0.0,0.0,0.0,0.0,0,0,-0.0,0.0,1.0,1.0,0.0,0.0,0.0,0.0,0.012805180604814814,0.012805180604814814,8.694203727680096e-05,-0.00013694203727680095
1328,12.66,-0.008613938919342165,0.0,0.0,0.8,0.0,0.0,0.0,0.0,0.0,0.0,0.0,0,0,-0.0,0.0,1.0,1.0,0.0,0.0,0.0,0.0,0.00832336739312963,0.00832336739312963,4.556169238970374e-05,-9.556169238970373e-05
1329,12.32,-0.026856240126382293,0.0,0.0,0.8,0.0,0.0,0.0,0.0,0.0,0.0,0.0,0,0,-0.0,0.0,1.0,1.0,0.0,0.0,0.0,0.0,0.00541018880553426,0.00541018880553426,2.3876456987141467e-05,-7.387645698714147e-05
1330,12.38,0.004870129870129911,0.0,0.0,0.8,0.0,0.0,0.0,0.0,0.0,0.0,0.0,0,0,0.0,0.0,1.0,1.0,0.0,0.0,0.0,0.0,0.003516622723597269,0.003516622723597269,1.2512379772522391e-05,-6.251237977252239e-05
1331,13.25,0.07027463651050074,0.0,0.0,0.8,0.0,0.0,0.0,0.0,0.0,0.0,0.0,0,0,0.0,0.0,1.0,1.0,0.0,0.0,0.0,0.0,0.002285804770338225,0.002285804770338225,6.557072000093725e-06,-5.655707200009373e-05
1332,13.57,0.024150943396226438,0.0,0.0,0.8,0.0,0.0,0.0,0.0,0.0,0.0,0.0,0,0,0.0,0.0,1.0,1.0,0.0,0.0,0.0608781645711767,0.04870253165694136,0.01853165918064932,0.01853165918064932,0.0001513640386748214,-0.0014554542288410615
1333,12.65,-0.06779661016949153,0.0,0.0,0.8,0.0,0.0,0.0,0.0,0.0,0.0,0.0,0,0,-0.0,0.0,1.0,1.0,0.0,0.0,0.22412239128250072,0.1792979130260006,0.053531659180649324,0.053531659180649324,0.0007431342996627936,-0.005410055560082307
1334,12.33,-0.025296442687747056,0.0,0.0,0.8,0.0,0.0,0.0,0.0,0.0,0.0,0.0,0,0,-0.0,0.0,1.0,1.0,0.0,0.0,0.0,0.0,0.03479557846742206,0.03479557846742206,0.0003894371172563803,-0.0004394371172563803
1335,11.92,-0.033252230332522316,0.0,0.0,0.8,0.0,0.0,0.0,0.0,0.0,0.0,0.0,0,0,-0.0,0.0,1.0,1.0,0.0,0.0,0.0,0.0,0.02261712600382434,0.02261712600382434,0.00020408325704489473,-0.00025408325704489475
1336,11.75,-0.014261744966442946,0.0,0.0,0.8,0.0,0.0,0.0,0.0,0.0,0.0,0.0,0,0,-0.0,0.0,1.0,1.0,0.0,0.0,0.0,0.0,0.014701131902485823,0.014701131902485823,0.00010694916832653347,-0.00015694916832653346
1337,11.53,-0.018723404255319202,0.0,0.0,0.8,0.0,0.0,0.0,0.0,0.0,0.0,0.0,0,0,-0.0,0.0,1.0,1.0,0.0,0.0,0.0,0.0,0.009555735736615785,0.009555735736615785,5.6046364465954214e-05,-0.00010604636446595421
1338,11.64,0.009540329575021787,0.0,0.0,0.8,0.0,0.0,0.0,0.0,0.0,0.0,0.0,0,0,0.0,0.0,1.0,1.0,0.0,0.0,0.0,0.0,0.00621122822880026,0.00621122822880026,2.937091535167425e-05,-7.937091535167425e-05
1339,11.36,-0.02405498281786951,0.0,0.0,0.8,0.0,0.0,0.0,0.0,0.0,0.0,0.0,0,0,-0.0,0.0,1.0,1.0,0.0,0.0,0.0,0.0,0.004037298348720169,0.004037298348720169,1.5391732841462677e-05,-6.539173284146268e-05
1340,11.6,0.021126760563380302,0.0,0.0,0.8,0.0,0.0,0.0,0.0,0.0,0.0,0.0,0,0,0.0,0.0,1.0,1.0,0.0,0.0,0.0,0.0,0.00262424392666811,0.00262424392666811,8.065987628453542e-06,-5.806598762845354e-05
1341,11.31,-0.02499999999999993,0.0,0.0,0.8,0.0,0.0,0.0,0.0,0.0,0.0,0.0,0,0,-0.0,0.0,1.0,1.0,0.0,0.0,0.0,0.0,0.0017057585523342716,0.0017057585523342716,4.226954631586689e-06,-5.422695463158669e-05
1342,11.17,-0.01237842617152967,0.0,0.0,0.8,0.0,0.0,0.0,0.0,0.0,0.0,0.0,0,0,-0.0,0.0,1.0,1.0,0.0,0.0,0.0,0.0,0.0011087430590172765,0.0011087430590172765,2.2151218524640536e-06,-5.221512185246405e-05
1343,11.36,0.017009847806624845,0.0,0.0,0.8,0.0,0.0,0.0,0.0,0.0,0.0,0.0,0,0,0.0,0.0,1.0,1.0,0.0,0.0,0.0,0.0,0.0007206829883612297,0.0007206829883612297,1.1608274156994942e-06,-5.11608274156995e-05
1344,11.13,-0.02024647887323932,0.0,0.0,0.8,0.0,0.0,0.0,0.0,0.0,0.0,0.0,0,0,-0.0,0.0,1.0,1.0,0.0,0.0,0.0,0.0,0.00046844394243479934,0.00046844394243479934,6.083278387329409e-07,-5.060832783873294e-05
1345,12.16,0.09254267744833776,0.0,0.0,0.8,0.0,0.0,0.0,0.0,0.0,0.0,0.0,0,0,0.0,0.0,1.0,1.0,0.0,0.0,0.0,0.0,0.0003044885625826196,0.0003044885625826196,3.1879222903647366e-07,-5.031879222903648e-05
1346,12.65,0.04029605263157896,0.0,0.0,0.8,0.0,0.0,0.0,0.0,0.0,0.0,0.0,0,0,0.0,0.0,1.0,1.0,0.0,0.0,0.14909384647034116,0.11927507717627293,0.03530448856258262,0.03530448856258262,0.0003980119733539262,-0.003519345210642954
1347,12.85,0.01581027667984184,0.0,0.0,0.8,0.0,0.0,0.0,0.0,0.0,0.0,0.0,0,0,0.0,0.0,1.0,1.0,0.0,0.0,0.37649555981341765,0.30119644785073413,0.07030448856258262,0.07030448856258262,0.001118473838587038,-0.008924282370743442
1348,12.95,0.0077821011673151474,0.0,0.0,0.8,0.0,0.0,0.0,0.0,0.0,0.0,0.0,0,0,0.0,0.0,1.0,1.0,0.0,0.0,0.45326403986919983,0.3626112318953599,0.10530448856258262,0.10530448856258262,0.002050319655965893,-0.01143755887727141
1349,12.95,0.0,0.0,0.0,0.8,0.0,0.0,0.0,0.0,0.0,0.0,0.0,0,0,0.0,0.0,1.0,1.0,0.0,0.0,0.4474495822968864,0.35795966583750916,0.14030448856258262,0.14030448856258262,0.003153251404985417,-0.012420712800301277
1350,13.53,0.0447876447876448,0.0,0.0,0.8,0.0,0.0,0.0,0.0,0.0,0.0,0.0,0,0,0.0,0.0,1.0,1.0,0.0,0.0,0.4773819684198486,0.3819055747358789,0.17530448856258263,0.17530448856258263,0.00440393402786768,-0.014288002577316562
1351,12.86,-0.049519586104951954,0.0,0.0,0.8,0.0,0.0,0.0,0.0,0.0,0.0,0.0,0,0,-0.0,0.0,1.0,1.0,0.0,0.0,0.4544721364461078,0.36357770915688625,0.2103044885625826,0.2103044885625826,0.00578660800365336,-0.015198734014443181
1352,12.04,-0.06376360808709178,0.0,0.0,0.8,0.0,0.0,0.0,0.0,0.0,0.0,0.0,0,0,-0.0,0.0,1.0,1.0,0.0,0.0,0.13469550941531816,0.10775640753225453,0.17441266020196777,0.17441266020196777,0.004370370536005486,-0.00719509802996104
1353,11.95,-0.007475083056478394,0.0,0.0,0.8,0.0,0.0,0.0,0.0,0.0,0.0,0.0,0,0,-0.0,0.0,1.0,1.0,0.0,0.0,0.0,0.0,0.11336822913127906,0.11336822913127906,0.0022902784915949845,-0.0023402784915949847
1354,11.76,-0.01589958158995812,0.0,0.0,0.8,0.0,0.0,0.0,0.0,0.0,0.0,0.0,0,0,-0.0,0.0,1.0,1.0,0.0,0.0,0.0,0.0,0.07368934893533138,0.07368934893533138,0.0012002130084505067,-0.0012502130084505066
1355,13.01,0.10629251700680273,0.0,0.0,0.8,0.0,0.0,0.0,0.0,0.0,0.0,0.0,1,0,0.0,0.0,1.0,1.0,0.0,0.0,0.0,0.0,0.0478980768079654,0.0478980768079654,0.0006289677307542727,-0.0006789677307542727
1356,12.37,-0.04919292851652579,0.0,0.0,0.8,0.0,0.0,0.0,0.0,0.0,0.0,0.0,0,0,-0.0,0.0,1.0,1.0,0.0,0.0,0.0004252035539558524,0.00034016284316468193,0.031252806920285155,0.031252806920285155,0.0003315009625122642,-0.00039026015572375477
1357,13.22,0.06871463217461612,0.0,0.0,0.8,0.0,0.0,0.0,0.0,0.0,0.0,0.0,0,0,0.0,0.0,1.0,1.0,0.0,0.0,0.0,0.0,0.020314324498185352,0.020314324498185352,0.0001737220032328904,-0.0002237220032328904
1358,13.98,0.05748865355521934,0.0,0.0,0.8,0.0,0.0,0.0,0.0,0.0,0.0,0.0,0,0,0.0,0.0,1.0,1.0,0.0,0.0,0.3879005144056833,0.31032041152454665,0.05531432449818535,0.05531432449818535,0.000780562476864782,-0.008821313073621858
1359,13.75,-0.016452074391988585,0.0,0.0,0.8,0.0,0.0,0.0,0.0,0.0,0.0,0.0,0,0,-0.0,0.0,1.0,1.0,0.0,0.0,0.5776762665775155,0.4621410132620124,0.09031432449818536,0.09031432449818536,0.0016284941671351797,-0.013578625258632
1360,14.15,0.029090909090909115,0.0,0.0,0.8,0.0,0.0,0.0,0.0,0.0,0.0,0.0,0,0,0.0,0.0,1.0,1.0,0.0,0.0,0.5380869260043052,0.4304695408034442,0.12531432449818536,0.12531432449818536,0.002661658458690616,-0.013796249134379303
1361,15.72,0.1109540636042403,0.0,0.0,0.8,0.0,0.0,0.0,0.0,0.0,0.0,0.0,1,0,0.0,0.0,1.0,1.0,0.0,0.0,0.42261169705527335,0.3380893576442187,0.16031432449818533,0.16031432449818533,0.00385132123761019,-0.012607122196948822
1362,16.94,0.07760814249363872,0.0,0.0,0.8,0.0,0.0,0.0,0.0,0.0,0.0,0.0,0,0,0.0,0.0,1.0,1.0,0.0,0.0,0.761887526570524,0.6095100212564193,0.19531432449818537,0.19531432449818537,0.005179077314159084,-0.02092396036151188
1363,16.0,-0.05548996458087374,0.0,0.0,0.8,0.0,0.0,0.0,0.0,0.0,0.0,0.0,0,0,-0.0,0.0,1.0,1.0,0.0,0.0,0.8225010614055155,0.6580008491244125,0.23031432449818537,0.23031432449818537,0.006631819162419105,-0.023625341027372723
1364,16.64,0.040000000000000036,0.0,0.0,0.8,0.0,0.0,0.0,0.0,0.0,0.0,0.0,0,0,0.0,0.0,1.0,1.0,0.0,0.0,0.6217740468152564,0.4974192374522051,0.26531432449818537,0.26531432449818537,0.008199593039062559,-0.02105813840345684
1365,16.62,-0.0012019230769230512,0.0,0.0,0.8,0.0,0.0,0.0,0.0,0.0,0.0,0.0,0,0,-0.0,0.0,1.0,1.0,0.0,0.0,0.7206669424049734,0.5765335539239788,0.30031432449818535,0.30031432449818535,0.009874504728627106,-0.02477024374216956
1366,16.12,-0.030084235860409144,0.0,0.0,0.8,0.0,0.0,0.0,0.0,0.0,0.0,0.0,0,0,-0.0,0.0,1.0,1.0,0.0,0.0,0.6637953692202898,0.5310362953762319,0.3353143244981853,0.3353143244981853,0.01165009348852347,-0.02537427809446144
1367,17.78,0.10297766749379653,0.0,0.0,0.8,0.0,0.0,0.0,0.0,0.0,0.0,0.0,1,0,0.0,0.0,1.0,1.0,0.0,0.0,0.29143369152320575,0.2331469532185646,0.2995557445503181,0.2995557445503181,0.009837114558806034,-0.01589064860418407
1368,16.65,-0.06355455568054007,0.0,0.0,0.8,0.0,0.0,0.0,0.0,0.0,0.0,0.0,0,0,-0.0,0.0,1.0,1.0,0.0,0.0,0.46264560223455065,0.37011648178764056,0.32425200258338094,0.32425200258338094,0.011078354313066982,-0.020658853719098726
1369,17.14,0.02942942942942955,0.0,0.0,0.8,0.0,0.0,0.0,0.0,0.0,0.0,0.0,0,0,0.0,0.0,1.0,1.0,0.0,0.0,0.3379168416050764,0.27033347328406115,0.30538051732861904,0.30538051732861904,0.010125424509247674,-0.017136511446312248
1370,18.47,0.07759626604434063,0.0,0.0,0.8,0.0,0.0,0.0,0.0,0.0,0.0,0.0,0,0,0.0,0.0,1.0,1.0,0.0,0.0,0.32770035103354667,0.26216028082683734,0.29025343455299546,0.29025343455299546,0.00938247252912848,-0.01618309976041954
1371,20.47,0.10828370330265295,0.0,0.0,0.8,0.0,0.0,0.0,0.0,0.0,0.0,0.0,1,0,0.0,0.0,1.0,1.0,0.0,0.0,0.6030698097467633,0.48245584779741063,0.3252534345529955,0.3252534345529955,0.011129716122569116,-0.02360295420335244
1372,21.2,0.035661944308744524,0.0,0.0,0.8,0.0,0.0,0.0,0.0,0.0,0.0,0.0,0,0,0.0,0.0,1.0,1.0,0.0,0.0,0.8491597036975906,0.6793277629580725,0.3602534345529955,0.3602534345529955,0.012973687874169455,-0.030516377770339824
1373,20.46,-0.03490566037735842,0.0,0.0,0.8,0.0,0.0,0.0,0.0,0.0,0.0,0.0,0,0,-0.0,0.0,1.0,1.0,0.0,0.0,0.8007937778358455,0.6406350222686764,0.39525343455299555,0.39525343455299555,0.014909556633986153,-0.03145590845740457
1374,21.06,0.029325513196480833,0.0,0.0,0.8,0.0,0.0,0.0,0.0,0.0,0.0,0.0,0,0,0.0,0.0,1.0,1.0,0.0,0.0,0.7736781983353558,0.6189425586682846,0.4302534345529956,0.4302534345529956,0.016933150529832942,-0.032920921415541274
1375,23.32,0.10731244064577405,0.0,0.0,0.8,0.0,0.0,0.0,0.0,0.0,0.0,0.0,1,0,0.0,0.0,1.0,1.0,0.0,0.0,0.7740889251113598,0.6192711400890879,0.46525343455299556,0.46525343455299556,0.01904081932554886,-0.03503705118284287
1376,24.27,0.04073756432246995,0.0,0.0,0.8,0.0,0.0,0.0,0.0,0.0,0.0,0.0,0,0,0.0,0.0,1.0,1.0,0.0,0.0,0.8574824972927948,0.6859859978342359,0.5002534345529955,0.5002534345529955,0.021229333955371292,-0.038943473399602864
1377,23.25,-0.042027194066749055,0.0,0.0,0.8,0.0,0.0,0.0,0.0,0.0,0.0,0.0,0,0,-0.0,0.0,1.0,1.0,0.0,0.0,0.8054453231871779,0.6443562585497423,0.5352534345529956,0.5352534345529956,0.023495811236631917,-0.040137984894287784
1378,22.8,-0.01935483870967739,0.0,0.0,0.8,0.0,0.0,0.0,0.0,0.0,0.0,0.0,0,0,-0.0,0.0,1.0,1.0,0.0,0.0,0.6023154542669726,0.4818523634135781,0.5165630596541995,0.5165630596541995,0.022275951776383085,-0.03473365013428272
1379,21.3,-0.06578947368421052,0.0,0.0,0.8,0.0,0.0,0.0,0.0,0.0,0.0,0.0,0,0,-0.0,0.0,1.0,1.0,0.0,0.0,0.5900753618405313,0.47206028947242507,0.5009870900905784,0.5009870900905784,0.021276052457631804,-0.03348160491154675
1380,21.53,0.010798122065727719,0.0,0.0,0.8,0.0,0.0,0.0,0.0,0.0,0.0,0.0,0,0,0.0,0.0,1.0,1.0,0.0,0.0,0.20673075338136748,0.165384602705094,0.38352621950565885,0.38352621950565885,0.014250950766305425,-0.018559604285961595
1381,23.46,0.08964235949837435,0.0,0.0,0.8,0.0,0.0,0.0,0.0,0.0,0.0,0.0,0,0,0.0,0.0,1.0,1.0,0.0,0.0,0.0,0.0,0.24929204267867827,0.24929204267867827,0.007468164485357361,-0.007518164485357361
1382,23.96,0.021312872975277068,0.0,0.0,0.8,0.0,0.0,0.0,0.0,0.0,0.0,0.0,0,0,0.0,0.0,1.0,1.0,0.0,0.0,0.15489247925132898,0.12391398340106319,0.20540972193151297,0.20540972193151297,0.005585766053945539,-0.008826551126522916
1383,23.53,-0.01794657762938229,0.0,0.0,0.8,0.0,0.0,0.0,0.0,0.0,0.0,0.0,0,0,-0.0,0.0,1.0,1.0,0.0,0.0,0.34889619240350583,0.27911695392280467,0.23120725312846507,0.23120725312846507,0.006670423863786101,-0.013907685427298321
1384,23.44,-0.003824904377390559,0.0,0.0,0.8,0.0,0.0,0.0,0.0,0.0,0.0,0.0,0,0,-0.0,0.0,1.0,1.0,0.0,0.0,0.3030195144774167,0.24241561158193337,0.235130178587179,0.235130178587179,0.0068409089624712925,-0.013133110960706077
1385,22.88,-0.02389078498293525,0.0,0.0,0.8,0.0,0.0,0.0,0.0,0.0,0.0,0.0,0,0,-0.0,0.0,1.0,1.0,0.0,0.0,0.44828454536957024,0.3586276362956562,0.27013017858717897,0.27013017858717897,0.008423855508559619,-0.017708517143172765
1386,22.36,-0.02272727272727271,0.0,0.0,0.8,0.0,0.0,0.0,0.0,0.0,0.0,0.0,0,0,-0.0,0.0,1.0,1.0,0.0,0.0,0.29967474460624133,0.23973979568499307,0.25949354457141394,0.25949354457141394,0.007931239928088309,-0.01415453966697688
1387,22.18,-0.00805008944543827,0.0,0.0,0.8,0.0,0.0,0.0,0.0,0.0,0.0,0.0,0,0,-0.0,0.0,1.0,1.0,0.0,0.0,0.0,0.0,0.16867080397141906,0.16867080397141906,0.0041563405366499126,-0.004206340536649912
1388,20.86,-0.05951307484220019,0.0,0.0,0.8,0.0,0.0,0.0,0.0,0.0,0.0,0.0,0,0,-0.0,0.0,1.0,1.0,0.0,0.0,0.0,0.0,0.1096360225814224,0.1096360225814224,0.002178116765251252,-0.002228116765251252
1389,21.9,0.049856184084371966,0.0,0.0,0.8,0.0,0.0,0.0,0.0,0.0,0.0,0.0,0,0,0.0,0.0,1.0,1.0,0.0,0.0,0.0,0.0,0.07126341467792456,0.07126341467792456,0.0011414350198774821,-0.001191435019877482
1390,21.22,-0.031050228310502272,0.0,0.0,0.8,0.0,0.0,0.0,0.0,0.0,0.0,0.0,0,0,-0.0,0.0,1.0,1.0,0.0,0.0,0.0,0.0,0.046321219540650965,0.046321219540650965,0.0005981653166571252,-0.0006481653166571252
1391,21.76,0.02544769085768156,0.0,0.0,0.8,0.0,0.0,0.0,0.0,0.0,0.0,0.0,0,0,0.0,0.0,1.0,1.0,0.0,0.0,0.0,0.0,0.030108792701423127,0.030108792701423127,0.00031346659233385355,-0.0003634665923338536
1392,21.35,-0.01884191176470589,0.0,0.0,0.8,0.0,0.0,0.0,0.0,0.0,0.0,0.0,0,0,-0.0,0.0,1.0,1.0,0.0,0.0,0.0,0.0,0.019570715255925034,0.019570715255925034,0.000164271150086963,-0.000214271150086963
1393,20.37,-0.045901639344262314,0.0,0.0,0.8,0.0,0.0,0.0,0.0,0.0,0.0,0.0,0,0,-0.0,0.0,1.0,1.0,0.0,0.0,0.0,0.0,0.012720964916351272,0.012720964916351272,8.608576291968455e-05,-0.00013608576291968455
1394,20.45,0.003927344133529616,0.0,0.0,0.8,0.0,0.0,0.0,0.0,0.0,0.0,0.0,0,0,0.0,0.0,1.0,1.0,0.0,0.0,0.0,0.0,0.008268627195628327,0.008268627195628327,4.5112964592632214e-05,-9.511296459263222e-05
1395,20.34,-0.005378973105134447,0.0,0.0,0.8,0.0,0.0,0.0,0.0,0.0,0.0,0.0,0,0,-0.0,0.0,1.0,1.0,0.0,0.0,0.0,0.0,0.005374607677158413,0.005374607677158413,2.3641302641818368e-05,-7.364130264181837e-05
1396,19.55,-0.038839724680432605,0.0,0.0,0.8,0.0,0.0,0.0,0.0,0.0,0.0,0.0,0,0,-0.0,0.0,1.0,1.0,0.0,0.0,0.0,0.0,0.0034934949901529685,0.0034934949901529685,1.2389147901251624e-05,-6.238914790125163e-05
1397,19.7,0.007672634271099672,0.0,0.0,0.8,0.0,0.0,0.0,0.0,0.0,0.0,0.0,0,0,0.0,0.0,1.0,1.0,0.0,0.0,0.0,0.0,0.0022707717435994294,0.0022707717435994294,6.49249273800937e-06,-5.649249273800937e-05
1398,20.71,0.05126903553299501,0.0,0.0,0.8,0.0,0.0,0.0,0.0,0.0,0.0,0.0,0,0,0.0,0.0,1.0,1.0,0.0,0.0,0.0,0.0,0.0014760016333396292,0.0014760016333396292,3.4023697423812275e-06,-5.340236974238123e-05
1399,20.69,-0.000965717044905822,0.0,0.0,0.8,0.0,0.0,0.0,0.0,0.0,0.0,0.0,0,0,-0.0,0.0,1.0,1.0,0.0,0.0,0.0,0.0,0.000959401061670759,0.000959401061670759,1.7830008181758234e-06,-5.1783000818175824e-05
1400,20.26,-0.02078298695021748,0.0,0.0,0.8,0.0,0.0,0.0,0.0,0.0,0.0,0.0,0,0,-0.0,0.0,1.0,1.0,0.0,0.0,0.0,0.0,0.0006236106900859934,0.0006236106900859934,9.343757905014446e-07,-5.093437579050145e-05
1401,20.95,0.03405725567620917,0.0,0.0,0.8,0.0,0.0,0.0,0.0,0.0,0.0,0.0,0,0,0.0,0.0,1.0,1.0,0.0,0.0,0.0,0.0,0.00040534694855589573,0.00040534694855589573,4.896565996915356e-07,-5.048965659969154e-05
1402,21.35,0.019093078758949982,0.0,0.0,0.8,0.0,0.0,0.0,0.0,0.0,0.0,0.0,0,0,0.0,0.0,1.0,1.0,0.0,0.0,0.16945144917645702,0.1355611593411656,0.0354053469485559,0.0354053469485559,0.00039971876065202403,-0.003940418613687039
1403,20.5,-0.039812646370023484,0.0,0.0,0.8,0.0,0.0,0.0,0.0,0.0,0.0,0.0,0,0,-0.0,0.0,1.0,1.0,0.0,0.0,0.23610606455199137,0.1888848516415931,0.07040534694855591,0.07040534694855591,0.0011208815351006474,-0.00603466646487167
1404,19.29,-0.05902439024390248,0.0,0.0,0.8,0.0,0.0,0.0,0.0,0.0,0.0,0.0,0,0,-0.0,0.0,1.0,1.0,0.0,0.0,0.0,0.0,0.04576347551656134,0.04576347551656134,0.0005873943296838479,-0.0006373943296838479
1405,19.04,-0.012960082944530845,0.0,0.0,0.8,0.0,0.0,0.0,0.0,0.0,0.0,0.0,0,0,-0.0,0.0,1.0,1.0,0.0,0.0,0.0,0.0,0.02974625908576487,0.02974625908576487,0.0003078220915770153,-0.00035782209157701533
1406,20.69,0.08665966386554634,0.0,0.0,0.8,0.0,0.0,0.0,0.0,0.0,0.0,0.0,0,0,0.0,0.0,1.0,1.0,0.0,0.0,0.0,0.0,0.019335068405747165,0.019335068405747165,0.00016131316778942673,-0.00021131316778942672
1407,20.64,-0.002416626389560208,0.0,0.0,0.8,0.0,0.0,0.0,0.0,0.0,0.0,0.0,0,0,-0.0,0.0,1.0,1.0,0.0,0.0,0.0,0.0,0.012567794463735658,0.012567794463735658,8.453564189933783e-05,-0.00013453564189933783
1408,22.86,0.10755813953488366,0.0,0.0,0.8,0.0,0.0,0.0,0.0,0.0,0.0,0.0,1,0,0.0,0.0,1.0,1.0,0.0,0.0,0.0,0.0,0.008169066401428178,0.008169066401428178,4.4300628704171324e-05,-9.430062870417133e-05
1409,22.97,0.00481189851268589,0.0,0.0,0.8,0.0,0.0,0.0,0.0,0.0,0.0,0.0,0,0,0.0,0.0,1.0,1.0,0.0,0.0,0.4522082798743906,0.36176662389951253,0.043169066401428174,0.043169066401428174,0.0005381585382893185,-0.009903649103701765
1410,22.95,-0.0008707009142359415,0.0,0.0,0.8,0.0,0.0,0.0,0.0,0.0,0.0,0.0,0,0,-0.0,0.0,1.0,1.0,0.0,0.0,0.5642943230333997,0.4514354584267197,0.07816906640142818,0.07816906640142818,0.001311304760894887,-0.01298576781538292
1411,23.27,0.013943355119825722,0.0,0.0,0.8,0.0,0.0,0.0,0.0,0.0,0.0,0.0,0,0,0.0,0.0,1.0,1.0,0.0,0.0,0.5703421385460957,0.4562737108368766,0.11316906640142818,0.11316906640142818,0.0022842458791774776,-0.014083293933227051
1412,23.83,0.024065320154705576,0.0,0.0,0.8,0.0,0.0,0.0,0.0,0.0,0.0,0.0,0,0,0.0,0.0,1.0,1.0,0.0,0.0,0.4811069894786717,0.3848855915829374,0.14816906640142818,0.14816906640142818,0.0034220595836593447,-0.013382863566919981
1413,22.91,-0.03860679815358784,0.0,0.0,0.8,0.0,0.0,0.0,0.0,0.0,0.0,0.0,0,0,-0.0,0.0,1.0,1.0,0.0,0.0,0.5550597543465017,0.44404780347720135,0.1831690664014282,0.1831690664014282,0.0047035898895069535,-0.016187820829044887
1414,22.67,-0.010475774770842359,0.0,0.0,0.8,0.0,0.0,0.0,0.0,0.0,0.0,0.0,0,0,-0.0,0.0,1.0,1.0,0.0,0.0,0.12903452618829253,0.10322762095063404,0.15518956049365024,0.15518956049365024,0.0036681324182686547,-0.006376243657747481
1415,22.37,-0.013233348037053404,0.0,0.0,0.8,0.0,0.0,0.0,0.0,0.0,0.0,0.0,0,0,-0.0,0.0,1.0,1.0,0.0,0.0,0.05919728225994805,0.04735782580795844,0.11744845335365811,0.11744845335365811,0.0024150281840472436,-0.003684492198602174
1416,22.45,0.0035762181493070315,0.0,0.0,0.8,0.0,0.0,0.0,0.0,0.0,0.0,0.0,0,0,0.0,0.0,1.0,1.0,0.0,0.0,0.0,0.0,0.07634149467987777,0.07634149467987777,0.0012655876797976271,-0.001315587679797627
1417,22.25,-0.008908685968819567,0.0,0.0,0.8,0.0,0.0,0.0,0.0,0.0,0.0,0.0,0,0,-0.0,0.0,1.0,1.0,0.0,0.0,0.0,0.0,0.04962197154192056,0.04962197154192056,0.0006632271150439744,-0.0007132271150439744
1418,22.75,0.02247191011235955,0.0,0.0,0.8,0.0,0.0,0.0,0.0,0.0,0.0,0.0,0,0,0.0,0.0,1.0,1.0,0.0,0.0,0.0,0.0,0.032254281502248364,0.032254281502248364,0.00034756201656442343,-0.00039756201656442346
1419,24.03,0.05626373626373631,0.0,0.0,0.8,0.0,0.0,0.0,0.0,0.0,0.0,0.0,0,0,0.0,0.0,1.0,1.0,0.0,0.0,0.048689722062704464,0.038951777650163576,0.034598405154018685,0.034598405154018685,0.0003861316229780347,-0.0014391398974697466
1420,24.15,0.00499375780274646,0.0,0.0,0.8,0.0,0.0,0.0,0.0,0.0,0.0,0.0,0,0,0.0,0.0,1.0,1.0,0.0,0.0,0.3143665811655455,0.2514932649324364,0.06959840515401869,0.06959840515401869,0.0011016665984178394,-0.007627618170428077
1421,24.67,0.02153209109730862,0.0,0.0,0.8,0.0,0.0,0.0,0.0,0.0,0.0,0.0,0,0,0.0,0.0,1.0,1.0,0.0,0.0,0.35802086644247744,0.28641669315398194,0.10459840515401869,0.10459840515401869,0.002029732681475753,-0.009454962530190788
1422,24.17,-0.020267531414673693,0.0,0.0,0.8,0.0,0.0,0.0,0.0,0.0,0.0,0.0,0,0,-0.0,0.0,1.0,1.0,0.0,0.0,0.42157718124594534,0.3372617449967563,0.13959840515401867,0.13959840515401867,0.0031294782349150945,-0.011863968168581568
1423,23.88,-0.011998345055854476,0.0,0.0,0.8,0.0,0.0,0.0,0.0,0.0,0.0,0.0,0,0,-0.0,0.0,1.0,1.0,0.0,0.0,0.35276579577448597,0.2822126366195888,0.17459840515401867,0.17459840515401867,0.0043773538910783965,-0.011694329284032808
1424,24.07,0.007956448911222835,0.0,0.0,0.8,0.0,0.0,0.0,0.0,0.0,0.0,0.0,0,0,0.0,0.0,1.0,1.0,0.0,0.0,0.2294434850385948,0.18355478803087585,0.1777331391609187,0.1777331391609187,0.0044957677510546286,-0.009272303542849681
1425,22.6,-0.06107187370170332,0.0,0.0,0.8,0.0,0.0,0.0,0.0,0.0,0.0,0.0,0,0,-0.0,0.0,1.0,1.0,0.0,0.0,0.08568441136545216,0.06854752909236173,0.13951817563692376,0.13951817563692376,0.0031267807780635706,-0.004941879652191885
1426,23.31,0.0314159292035397,0.0,0.0,0.8,0.0,0.0,0.0,0.0,0.0,0.0,0.0,0,0,0.0,0.0,1.0,1.0,0.0,0.0,0.0,0.0,0.09068681416400044,0.09068681416400044,0.0016385793160863095,-0.0016885793160863094
1427,22.57,-0.03174603174603168,0.0,0.0,0.8,0.0,0.0,0.0,0.0,0.0,0.0,0.0,0,0,-0.0,0.0,1.0,1.0,0.0,0.0,0.0,0.0,0.05894642920660029,0.05894642920660029,0.0008586921711757081,-0.0009086921711757082
1428,22.66,0.0039875941515285715,0.0,0.0,0.8,0.0,0.0,0.0,0.0,0.0,0.0,0.0,0,0,0.0,0.0,1.0,1.0,0.0,0.0,0.0,0.0,0.03831517898429019,0.03831517898429019,0.00044999484468020274,-0.0004999948446802028
1429,22.39,-0.011915269196822577,0.0,0.0,0.8,0.0,0.0,0.0,0.0,0.0,0.0,0.0,0,0,-0.0,0.0,1.0,1.0,0.0,0.0,0.0,0.0,0.024904866339788626,0.024904866339788626,0.00023581833750912888,-0.0002858183375091289
1430,21.36,-0.04600267976775351,0.0,0.0,0.8,0.0,0.0,0.0,0.0,0.0,0.0,0.0,0,0,-0.0,0.0,1.0,1.0,0.0,0.0,0.0,0.0,0.016188163120862607,0.016188163120862607,0.0001235798342203007,-0.0001735798342203007
1431,22.32,0.04494382022471914,0.0,0.0,0.8,0.0,0.0,0.0,0.0,0.0,0.0,0.0,0,0,0.0,0.0,1.0,1.0,0.0,0.0,0.0,0.0,0.010522306028560694,0.010522306028560694,6.476161093844451e-05,-0.00011476161093844451
1432,22.24,-0.0035842293906810864,0.0,0.0,0.8,0.0,0.0,0.0,0.0,0.0,0.0,0.0,0,0,-0.0,0.0,1.0,1.0,0.0,0.0,0.0,0.0,0.006839498918564451,0.006839498918564451,3.393811197275008e-05,-8.393811197275009e-05
1433,22.15,-0.0040467625899280515,0.0,0.0,0.8,0.0,0.0,0.0,0.0,0.0,0.0,0.0,0,0,-0.0,0.0,1.0,1.0,0.0,0.0,0.0,0.0,0.004445674297066894,0.004445674297066894,1.778515740397033e-05,-6.778515740397034e-05
1434,24.52,0.10699774266365694,0.0,0.0,0.8,0.0,0.0,0.0,0.0,0.0,0.0,0.0,1,0,0.0,0.0,1.0,1.0,0.0,0.0,0.0,0.0,0.002889688293093481,0.002889688293093481,9.320254000516492e-06,-5.9320254000516496e-05
1435,22.98,-0.06280587275693308,0.0,0.0,0.8,0.0,0.0,0.0,0.0,0.0,0.0,0.0,0,0,-0.0,0.0,1.0,1.0,0.0,0.0,0.3527814428720345,0.2822251542976276,0.037889688293093485,0.037889688293093485,0.00044251989340511036,-0.007759817616569021
1436,22.66,-0.013925152306353362,0.0,0.0,0.8,0.0,0.0,0.0,0.0,0.0,0.0,0.0,0,0,-0.0,0.0,1.0,1.0,0.0,0.0,0.20678322123113102,0.16542657698490482,0.07288968829309349,0.07288968829309349,0.0011807294343833222,-0.005490463791744621
1437,22.82,0.007060900264783766,0.0,0.0,0.8,0.0,0.0,0.0,0.0,0.0,0.0,0.0,0,0,0.0,0.0,1.0,1.0,0.0,0.0,0.017889436255416804,0.014311549004333443,0.052387339542027477,0.052387339542027477,0.0007194336809243309,-0.0011379560677859172
1438,24.35,0.06704645048203335,0.0,0.0,0.8,0.0,0.0,0.0,0.0,0.0,0.0,0.0,0,0,0.0,0.0,1.0,1.0,0.0,0.0,0.058471006874520254,0.04677680549961621,0.05042365262718353,0.05042365262718353,0.0006793642724682703,-0.0019338670140833874
1439,25.68,0.054620123203285346,0.0,0.0,0.8,0.0,0.0,0.0,0.0,0.0,0.0,0.0,0,0,0.0,0.0,1.0,1.0,0.0,0.0,0.341218099418088,0.2729744795344704,0.08542365262718353,0.08542365262718353,0.0014980229144765638,-0.008577115762489177
1440,25.96,0.010903426791277303,0.0,0.0,0.8,0.0,0.0,0.0,0.0,0.0,0.0,0.0,0,0,0.0,0.0,1.0,1.0,0.0,0.0,0.288284191202978,0.2306273529623824,0.12042365262718352,0.12042365262718352,0.002507372995468095,-0.008496027334249442
1441,27.07,0.04275808936825884,0.0,0.0,0.8,0.0,0.0,0.0,0.0,0.0,0.0,0.0,0,0,0.0,0.0,1.0,1.0,0.0,0.0,0.486298688903131,0.3890389511225048,0.15542365262718352,0.15542365262718352,0.003676435212678678,-0.013744188204083178
1442,26.92,-0.005541189508681144,0.0,0.0,0.8,0.0,0.0,0.0,0.0,0.0,0.0,0.0,0,0,-0.0,0.0,1.0,1.0,0.0,0.0,0.6257925360933128,0.5006340288746502,0.19042365262718353,0.19042365262718353,0.0049857739876733335,-0.017927100231195578
1443,27.06,0.005200594353640305,0.0,0.0,0.8,0.0,0.0,0.0,0.0,0.0,0.0,0.0,0,0,0.0,0.0,1.0,1.0,0.0,0.0,0.5939941276644767,0.47519530213158134,0.2254236526271835,0.2254236526271835,0.006421706820449814,-0.018707985850338033
1444,26.92,-0.005173688100517259,0.0,0.0,0.8,0.0,0.0,0.0,0.0,0.0,0.0,0.0,0,0,-0.0,0.0,1.0,1.0,0.0,0.0,0.4873236825967504,0.38985894607740035,0.26042365262718353,0.26042365262718353,0.00797392027599841,-0.01806278813749147
1445,26.0,-0.03417533432392279,0.0,0.0,0.8,0.0,0.0,0.0,0.0,0.0,0.0,0.0,0,0,-0.0,0.0,1.0,1.0,0.0,0.0,0.3202331684121854,0.25618653472974834,0.25894066136308125,0.25894066136308125,0.00790590569772253,-0.01455270896701355
1446,24.89,-0.04269230769230767,0.0,0.0,0.8,0.0,0.0,0.0,0.0,0.0,0.0,0.0,0,0,-0.0,0.0,1.0,1.0,0.0,0.0,0.1209133953833221,0.0967307163066577,0.202167180593333,0.202167180593333,0.005454026353985914,-0.00799484229888235
1447,25.62,0.029329047810365626,0.0,0.0,0.8,0.0,0.0,0.0,0.0,0.0,0.0,0.0,0,0,0.0,0.0,1.0,1.0,0.0,0.0,0.0,0.0,0.13140866738566645,0.13140866738566645,0.0028581648050700825,-0.0029081648050700826
1448,25.26,-0.014051522248243537,0.0,0.0,0.8,0.0,0.0,0.0,0.0,0.0,0.0,0.0,0,0,-0.0,0.0,1.0,1.0,0.0,0.0,0.0,0.0,0.08541563380068319,0.08541563380068319,0.0014978119874633814,-0.0015478119874633813
1449,25.85,0.023357086302454467,0.0,0.0,0.8,0.0,0.0,0.0,0.0,0.0,0.0,0.0,0,0,0.0,0.0,1.0,1.0,0.0,0.0,0.0,0.0,0.05552016197044408,0.05552016197044408,0.0007849235095923714,-0.0008349235095923714
1450,26.45,0.023210831721469937,0.0,0.0,0.8,0.0,0.0,0.0,0.0,0.0,0.0,0.0,0,0,0.0,0.0,1.0,1.0,0.0,0.0,0.0,0.0,0.03608810528078865,0.03608810528078865,0.0004113366170571312,-0.0004613366170571312
1451,25.81,-0.024196597353497187,0.0,0.0,0.8,0.0,0.0,0.0,0.0,0.0,0.0,0.0,0,0,-0.0,0.0,1.0,1.0,0.0,0.0,0.1449057488583178,0.11592459908665426,0.06403087811284161,0.06403087811284161,0.0009721548271948285,-0.0040072132536761755
1452,25.83,0.0007748934521503129,0.0,0.0,0.8,0.0,0.0,0.0,0.0,0.0,0.0,0.0,0,0,0.0,0.0,1.0,1.0,0.0,0.0,0.15384642713252422,0.12307714170601938,0.08469707037045382,0.08469707037045382,0.0014789511629698638,-0.004698187561899863
1453,25.72,-0.004258614014711554,0.0,0.0,0.8,0.0,0.0,0.0,0.0,0.0,0.0,0.0,0,0,-0.0,0.0,1.0,1.0,0.0,0.0,0.05957638374808027,0.047661106998464216,0.07173448319025746,0.07173448319025746,0.001152771447443794,-0.0024300449526542473
1454,25.53,-0.007387247278382494,0.0,0.0,0.8,0.0,0.0,0.0,0.0,0.0,0.0,0.0,0,0,-0.0,0.0,1.0,1.0,0.0,0.0,0.07220010985905718,0.05776008788724575,0.06684344483420337,0.06684344483420337,0.0010369062344161484,-0.0025742284975127268
1455,25.41,-0.004700352526439522,0.0,0.0,0.8,0.0,0.0,0.0,0.0,0.0,0.0,0.0,0,0,-0.0,0.0,1.0,1.0,0.0,0.0,0.0,0.0,0.0434482391422322,0.0434482391422322,0.0005433873459742433,-0.0005933873459742433
1456,27.45,0.08028335301062571,0.0,0.0,0.8,0.0,0.0,0.0,0.0,0.0,0.0,0.0,0,0,0.0,0.0,1.0,1.0,0.0,0.0,0.0,0.0,0.02824135544245093,0.02824135544245093,0.0002847603746265348,-0.00033476037462653484
1457,27.4,-0.0018214936247723393,0.0,0.0,0.8,0.0,0.0,0.0,0.0,0.0,0.0,0.0,0,0,-0.0,0.0,1.0,1.0,0.0,0.0,0.27487721576815205,0.21990177261452165,0.06324135544245094,0.06324135544245094,0.0009542298648086953,-0.006666700509632628
1458,27.21,-0.006934306569342983,0.0,0.0,0.8,0.0,0.0,0.0,0.0,0.0,0.0,0.0,0,0,-0.0,0.0,1.0,1.0,0.0,0.0,0.25125295786640633,0.20100236629312507,0.09824135544245094,0.09824135544245094,0.0018475354025932625,-0.0070733463346412334
1459,25.71,-0.05512679162072767,0.0,0.0,0.8,0.0,0.0,0.0,0.0,0.0,0.0,0.0,0,0,-0.0,0.0,1.0,1.0,0.0,0.0,0.22456866997299302,0.17965493597839444,0.12673610863003115,0.12673610863003115,0.002707084440506944,-0.007383199041950599
1460,25.41,-0.011668611435239234,0.0,0.0,0.8,0.0,0.0,0.0,0.0,0.0,0.0,0.0,0,0,-0.0,0.0,1.0,1.0,0.0,0.0,0.0,0.0,0.08237847060952025,0.08237847060952025,0.0014186388128754107,-0.0014686388128754106
1461,25.91,0.01967729240456513,0.0,0.0,0.8,0.0,0.0,0.0,0.0,0.0,0.0,0.0,0,0,0.0,0.0,1.0,1.0,0.0,0.0,0.0,0.0,0.053546005896188166,0.053546005896188166,0.0007434330644742195,-0.0007934330644742195
1462,24.4,-0.05827865688923202,0.0,0.0,0.8,0.0,0.0,0.0,0.0,0.0,0.0,0.0,0,0,-0.0,0.0,1.0,1.0,0.0,0.0,0.0,0.0,0.034804903832522306,0.034804903832522306,0.0003895936839859097,-0.00043959368398590974
1463,23.86,-0.022131147540983574,0.0,0.0,0.8,0.0,0.0,0.0,0.0,0.0,0.0,0.0,0,0,-0.0,0.0,1.0,1.0,0.0,0.0,0.0,0.0,0.0226231874911395,0.0226231874911395,0.00020416530533123251,-0.0002541653053312325
1464,23.11,-0.03143336127409891,0.0,0.0,0.8,0.0,0.0,0.0,0.0,0.0,0.0,0.0,0,0,-0.0,0.0,1.0,1.0,0.0,0.0,0.0,0.0,0.014705071869240676,0.014705071869240676,0.00010699216546463048,-0.00015699216546463047
1465,23.36,0.010817827780181739,0.0,0.0,0.8,0.0,0.0,0.0,0.0,0.0,0.0,0.0,0,0,0.0,0.0,1.0,1.0,0.0,0.0,0.0,0.0,0.00955829671500644,0.00955829671500644,5.606889697658975e-05,-0.00010606889697658975
1466,22.99,-0.015839041095890453,0.0,0.0,0.8,0.0,0.0,0.0,0.0,0.0,0.0,0.0,0,0,-0.0,0.0,1.0,1.0,0.0,0.0,0.0,0.0,0.006212892864754186,0.006212892864754186,2.938272344072415e-05,-7.938272344072415e-05
1467,22.75,-0.010439321444106066,0.0,0.0,0.8,0.0,0.0,0.0,0.0,0.0,0.0,0.0,0,0,-0.0,0.0,1.0,1.0,0.0,0.0,0.0,0.0,0.004038380362090221,0.004038380362090221,1.539792083219596e-05,-6.539792083219596e-05
1468,21.65,-0.048351648351648416,0.0,0.0,0.8,0.0,0.0,0.0,0.0,0.0,0.0,0.0,0,0,-0.0,0.0,1.0,1.0,0.0,0.0,0.0,0.0,0.002624947235358644,0.002624947235358644,8.06923042490887e-06,-5.806923042490887e-05
1469,21.95,0.013856812933025438,0.0,0.0,0.8,0.0,0.0,0.0,0.0,0.0,0.0,0.0,0,0,0.0,0.0,1.0,1.0,0.0,0.0,0.0,0.0,0.0017062157029831186,0.0017062157029831186,4.228654008541816e-06,-5.422865400854182e-05
1470,22.25,0.013667425968109373,0.0,0.0,0.8,0.0,0.0,0.0,0.0,0.0,0.0,0.0,0,0,0.0,0.0,1.0,1.0,0.0,0.0,0.0,0.0,0.001109040206939027,0.001109040206939027,2.2160124054405986e-06,-5.22160124054406e-05
1471,21.3,-0.04269662921348311,0.0,0.0,0.8,0.0,0.0,0.0,0.0,0.0,0.0,0.0,0,0,-0.0,0.0,1.0,1.0,0.0,0.0,0.0,0.0,0.0007208761345103676,0.0007208761345103676,1.1612941070957964e-06,-5.11612941070958e-05
1472,22.29,0.046478873239436544,0.0,0.0,0.8,0.0,0.0,0.0,0.0,0.0,0.0,0.0,0,0,0.0,0.0,1.0,1.0,0.0,0.0,0.0,0.0,0.00046856948743173897,0.00046856948743173897,6.085724068441245e-07,-5.0608572406844126e-05
1473,22.42,0.005832211754149958,0.0,0.0,0.8,0.0,0.0,0.0,0.0,0.0,0.0,0.0,0,0,0.0,0.0,1.0,1.0,0.0,0.0,0.0,0.0,0.00030457016683063036,0.00030457016683063036,3.189203941611831e-07,-5.031892039416118e-05
1474,20.78,-0.07314897413024088,0.0,0.0,0.8,0.0,0.0,0.0,0.0,0.0,0.0,0.0,0,0,-0.0,0.0,1.0,1.0,0.0,0.0,0.001043928399623889,0.0008351427196991113,0.0004902705603345987,0.0004902705603345987,6.513358366107768e-07,-7.21562608688629e-05
1475,18.87,-0.09191530317613089,0.0,0.0,0.8,0.0,0.0,0.0,0.0,0.0,0.0,0.0,0,0,-0.0,0.0,1.0,1.0,0.0,0.0,0.0,0.0,0.00031867586421748916,0.00031867586421748916,3.41330430704884e-07,-5.0341330430704884e-05
1476,19.26,0.02066772655007952,0.0,0.0,0.8,0.0,0.0,0.0,0.0,0.0,0.0,0.0,0,0,0.0,0.0,1.0,1.0,0.0,0.0,0.0,0.0,0.00020713931174136797,0.00020713931174136797,1.7887310412923462e-07,-5.017887310412924e-05
1477,18.85,-0.021287642782969893,0.0,0.0,0.8,0.0,0.0,0.0,0.0,0.0,0.0,0.0,0,0,-0.0,0.0,1.0,1.0,0.0,0.0,0.0,0.0,0.0001346405526318892,0.0001346405526318892,9.373786953232879e-08,-5.009373786953233e-05
1478,18.93,0.004244031830238636,0.0,0.0,0.8,0.0,0.0,0.0,0.0,0.0,0.0,0.0,0,0,0.0,0.0,1.0,1.0,0.0,0.0,0.0,0.0,8.751635921072798e-05,8.751635921072798e-05,4.9123026221491066e-08,-5.0049123026221495e-05
1479,19.24,0.016376122556788098,0.0,0.0,0.8,0.0,0.0,0.0,0.0,0.0,0.0,0.0,0,0,0.0,0.0,1.0,1.0,0.0,0.0,0.0,0.0,5.6885633486973194e-05,5.6885633486973194e-05,2.57427624203158e-08,-5.002574276242032e-05
1480,19.09,-0.007796257796257723,0.0,0.0,0.8,0.0,0.0,0.0,0.0,0.0,0.0,0.0,0,0,-0.0,0.0,1.0,1.0,0.0,0.0,0.0,0.0,3.6975661766532575e-05,3.6975661766532575e-05,1.3490411076076986e-08,-5.001349041107608e-05
1481,19.23,0.007333682556312235,0.0,0.0,0.8,0.0,0.0,0.0,0.0,0.0,0.0,0.0,0,0,0.0,0.0,1.0,1.0,0.0,0.0,0.0,0.0,2.4034180148246175e-05,2.4034180148246175e-05,7.069606129679227e-09,-5.000706960612968e-05
1482,19.83,0.031201248049921887,0.0,0.0,0.8,0.0,0.0,0.0,0.0,0.0,0.0,0.0,0,0,0.0,0.0,1.0,1.0,0.0,0.0,0.0,0.0,1.5622217096360014e-05,1.5622217096360014e-05,3.7048041417676425e-09,-5.000370480414177e-05
1483,19.69,-0.007060010085728544,0.0,0.0,0.8,0.0,0.0,0.0,0.0,0.0,0.0,0.0,0,0,-0.0,0.0,1.0,1.0,0.0,0.0,0.061750730898235406,0.049400584718588325,0.017300359092618546,0.017300359092618546,0.00013653183486152454,-0.001458596891365174
1484,20.09,0.020314880650076108,0.0,0.0,0.8,0.0,0.0,0.0,0.0,0.0,0.0,0.0,0,0,0.0,0.0,1.0,1.0,0.0,0.0,0.032712857819650804,0.026170286255720644,0.02040483359970428,0.02040483359970428,0.000174884305462513,-0.0008987691765473195
1485,19.81,-0.013937282229965214,0.0,0.0,0.8,0.0,0.0,0.0,0.0,0.0,0.0,0.0,0,0,-0.0,0.0,1.0,1.0,0.0,0.0,0.08257504537197793,0.06606003629758235,0.03638415454396161,0.03638415454396161,0.0004164085919610402,-0.002167454526623786
1486,19.68,-0.006562342251388138,0.0,0.0,0.8,0.0,0.0,0.0,0.0,0.0,0.0,0.0,0,0,-0.0,0.0,1.0,1.0,0.0,0.0,0.05651200307672023,0.04520960246137619,0.03947306131505671,0.03947306131505671,0.0004705464098383649,-0.0016846936732188018
1487,19.8,0.006097560975609807,0.0,0.0,0.8,0.0,0.0,0.0,0.0,0.0,0.0,0.0,0,0,0.0,0.0,1.0,1.0,0.0,0.0,0.017141186847178205,0.013712949477742565,0.030457022171996757,0.030457022171996757,0.00031892048037446876,-0.0007220289294263398
1488,19.42,-0.019191919191919142,0.0,0.0,0.8,0.0,0.0,0.0,0.0,0.0,0.0,0.0,0,0,-0.0,0.0,1.0,1.0,0.0,0.0,0.0,0.0,0.019797064411797894,0.019797064411797894,0.00016712924240936015,-0.00021712924240936015
1489,19.49,0.0036045314109164122,0.0,0.0,0.8,0.0,0.0,0.0,0.0,0.0,0.0,0.0,0,0,0.0,0.0,1.0,1.0,0.0,0.0,0.0,0.0,0.012868091867668631,0.012868091867668631,8.758353692283848e-05,-0.00013758353692283848
1490,19.15,-0.01744484350949204,0.0,0.0,0.8,0.0,0.0,0.0,0.0,0.0,0.0,0.0,0,0,-0.0,0.0,1.0,1.0,0.0,0.0,0.0,0.0,0.00836425971398461,0.00836425971398461,4.589786819667053e-05,-9.589786819667054e-05
1491,18.78,-0.01932114882506514,0.0,0.0,0.8,0.0,0.0,0.0,0.0,0.0,0.0,0.0,0,0,-0.0,0.0,1.0,1.0,0.0,0.0,0.0,0.0,0.005436768814089997,0.005436768814089997,2.405262882743452e-05,-7.405262882743453e-05
1492,18.8,0.0010649627263045567,0.0,0.0,0.8,0.0,0.0,0.0,0.0,0.0,0.0,0.0,0,0,0.0,0.0,1.0,1.0,0.0,0.0,0.0,0.0,0.003533899729158498,0.003533899729158498,1.2604702053510646e-05,-6.260470205351065e-05
1493,18.25,-0.029255319148936205,0.0,0.0,0.8,0.0,0.0,0.0,0.0,0.0,0.0,0.0,0,0,-0.0,0.0,1.0,1.0,0.0,0.0,0.0,0.0,0.0022970348239530237,0.0022970348239530237,6.6054531917342054e-06,-5.6605453191734205e-05
1494,19.5,0.0684931506849315,0.0,0.0,0.8,0.0,0.0,0.0,0.0,0.0,0.0,0.0,0,0,0.0,0.0,1.0,1.0,0.0,0.0,0.0,0.0,0.0014930726355694656,0.0014930726355694656,3.4615663014453615e-06,-5.346156630144536e-05
1495,18.48,-0.052307692307692284,0.0,0.0,0.8,0.0,0.0,0.0,0.0,0.0,0.0,0.0,0,0,-0.0,0.0,1.0,1.0,0.0,0.0,0.018020208720890583,0.014416166976712467,0.006016155654969516,0.006016155654969516,2.7998182922619325e-05,-0.00044921448257296534
1496,18.47,-0.0005411255411256257,0.0,0.0,0.8,0.0,0.0,0.0,0.0,0.0,0.0,0.0,0,0,-0.0,0.0,1.0,1.0,0.0,0.0,0.0,0.0,0.003910501175730185,0.003910501175730185,1.4672356868400903e-05,-6.46723568684009e-05
1497,17.95,-0.028153762858689747,0.0,0.0,0.8,0.0,0.0,0.0,0.0,0.0,0.0,0.0,0,0,-0.0,0.0,1.0,1.0,0.0,0.0,0.0,0.0,0.0025418257642246204,0.0025418257642246204,7.689000985124333e-06,-5.768900098512433e-05
1498,17.91,-0.002228412256267362,0.0,0.0,0.8,0.0,0.0,0.0,0.0,0.0,0.0,0.0,0,0,-0.0,0.0,1.0,1.0,0.0,0.0,0.0,0.0,0.0016521867467460033,0.0016521867467460033,4.029396004984599e-06,-5.40293960049846e-05
1499,17.39,-0.02903405918481293,0.0,0.0,0.8,0.0,0.0,0.0,0.0,0.0,0.0,0.0,0,0,-0.0,0.0,1.0,1.0,0.0,0.0,0.0,0.0,0.0010739213853849022,0.0010739213853849022,2.11159189553977e-06,-5.211159189553977e-05
1500,17.63,0.013801035077630731,0.0,0.0,0.8,0.0,0.0,0.0,0.0,0.0,0.0,0.0,0,0,0.0,0.0,1.0,1.0,0.0,0.0,0.0,0.0,0.0006980489005001864,0.0006980489005001864,1.1065728778688954e-06,-5.11065728778689e-05
1501,17.85,0.012478729438457313,0.0,0.0,0.8,0.0,0.0,0.0,0.0,0.0,0.0,0.0,0,0,0.0,0.0,1.0,1.0,0.0,0.0,0.0,0.0,0.0004537317853251212,0.0004537317853251212,5.798959243126094e-07,-5.0579895924312614e-05
1502,17.81,-0.0022408963585435686,0.0,0.0,0.8,0.0,0.0,0.0,0.0,0.0,0.0,0.0,0,0,-0.0,0.0,1.0,1.0,0.0,0.0,0.0,0.0,0.0002949256604613288,0.0002949256604613288,3.038925765847454e-07,-5.030389257658475e-05
1503,17.87,0.003368893879842913,0.0,0.0,0.8,0.0,0.0,0.0,0.0,0.0,0.0,0.0,0,0,0.0,0.0,1.0,1.0,0.0,0.0,0.0,0.0,0.00019170167929986371,0.00019170167929986371,1.5925391821435034e-07,-5.0159253918214354e-05
1504,18.28,0.022943480693900398,0.0,0.0,0.8,0.0,0.0,0.0,0.0,0.0,0.0,0.0,0,0,0.0,0.0,1.0,1.0,0.0,0.0,0.0,0.0,0.00012460609154491141,0.00012460609154491141,8.345649884458573e-08,-5.0083456498844586e-05
1505,17.78,-0.02735229759299781,0.0,0.0,0.8,0.0,0.0,0.0,0.0,0.0,0.0,0.0,0,0,-0.0,0.0,1.0,1.0,0.0,0.0,0.12183893738908352,0.09747114991126682,0.03419589642844758,0.03419589642844758,0.00037941302856394466,-0.0029392951387790653
1506,17.88,0.00562429696287952,0.0,0.0,0.8,0.0,0.0,0.0,0.0,0.0,0.0,0.0,0,0,0.0,0.0,1.0,1.0,0.0,0.0,0.0,0.0,0.02222733267849093,0.02222733267849093,0.00019883016590743036,-0.0002488301659074304
1507,17.89,0.0005592841163311837,0.0,0.0,0.8,0.0,0.0,0.0,0.0,0.0,0.0,0.0,0,0,0.0,0.0,1.0,1.0,0.0,0.0,0.0,0.0,0.014447766241019105,0.014447766241019105,0.00010419630296937332,-0.00015419630296937333
1508,17.74,-0.008384572386808392,0.0,0.0,0.8,0.0,0.0,0.0,0.0,0.0,0.0,0.0,0,0,-0.0,0.0,1.0,1.0,0.0,0.0,0.0,0.0,0.009391048056662419,0.009391048056662419,5.460373431232807e-05,-0.00010460373431232808
1509,19.61,0.10541149943630221,0.0,0.0,0.8,0.0,0.0,0.0,0.0,0.0,0.0,0.0,1,0,0.0,0.0,1.0,1.0,0.0,0.0,0.0,0.0,0.006104181236830573,0.006104181236830573,2.8614909702964157e-05,-7.861490970296415e-05
1510,20.1,0.024987251402345843,0.0,0.0,0.8,0.0,0.0,0.0,0.0,0.0,0.0,0.0,0,0,0.0,0.0,1.0,1.0,0.0,0.0,0.3152582953277351,0.2522066362621881,0.04110418123683057,0.04110418123683057,0.0005000117994815936,-0.007044332683232937
1511,20.69,0.029353233830845763,0.0,0.0,0.8,0.0,0.0,0.0,0.0,0.0,0.0,0.0,0,0,0.0,0.0,1.0,1.0,0.0,0.0,0.4707113395647414,0.37656907165179315,0.07610418123683058,0.07610418123683058,0.0012596910024727775,-0.011006344597506452
1512,22.03,0.06476558724021265,0.0,0.0,0.8,0.0,0.0,0.0,0.0,0.0,0.0,0.0,0,0,0.0,0.0,1.0,1.0,0.0,0.0,0.5472356902647242,0.43778855221177937,0.11110418123683058,0.11110418123683058,0.002222014329235403,-0.013545069548688721
1513,24.22,0.0994098955969132,0.0,0.0,0.8,0.0,0.0,0.0,0.0,0.0,0.0,0.0,0,0,0.0,0.0,1.0,1.0,0.0,0.0,0.6960548995319911,0.5568439196255929,0.14610418123683055,0.14610418123683055,0.003350774622750772,-0.01773950555310979
1514,26.74,0.10404624277456646,0.0,0.0,0.8,0.0,0.0,0.0,0.0,0.0,0.0,0.0,1,0,0.0,0.0,1.0,1.0,0.0,0.0,0.8342010141368569,0.6673608113094855,0.18110418123683056,0.18110418123683056,0.004624278333009405,-0.021858819224228655
1515,25.03,-0.06394913986537014,0.0,0.0,0.8,0.0,0.0,0.0,0.0,0.0,0.0,0.0,0,0,-0.0,0.0,1.0,1.0,0.0,0.0,0.9002991149943462,0.720239291995477,0.21610418123683056,0.21610418123683056,0.006027621941141999,-0.02462378371002553
1516,24.83,-0.007990411506192683,0.0,0.0,0.8,0.0,0.0,0.0,0.0,0.0,0.0,0.0,0,0,-0.0,0.0,1.0,1.0,0.0,0.0,0.7934308917797737,0.634744713423819,0.2511041812368306,0.2511041812368306,0.007549742980066222,-0.023944419350729558
1517,23.62,-0.048731373338703074,0.0,0.0,0.8,0.0,0.0,0.0,0.0,0.0,0.0,0.0,0,0,-0.0,0.0,1.0,1.0,0.0,0.0,0.7346309387699317,0.5877047510159453,0.2861041812368306,0.2861041812368306,0.009182005690496412,-0.024365403029157004
1518,24.19,0.024132091447925497,0.0,0.0,0.8,0.0,0.0,0.0,0.0,0.0,0.0,0.0,0,0,0.0,0.0,1.0,1.0,0.0,0.0,0.4418151919240162,0.353452153539213,0.30967597154266446,0.30967597154266446,0.01033980893167825,-0.019491201885312982
1519,23.63,-0.02315006200909476,0.0,0.0,0.8,0.0,0.0,0.0,0.0,0.0,0.0,0.0,0,0,-0.0,0.0,1.0,1.0,0.0,0.0,0.24545373351479605,0.19636298681183684,0.27001642688687477,0.27001642688687477,0.008418535145941439,-0.013524882056346239
1520,22.56,-0.045281421921286515,0.0,0.0,0.8,0.0,0.0,0.0,0.0,0.0,0.0,0.0,0,0,-0.0,0.0,1.0,1.0,0.0,0.0,0.0,0.0,0.17551067747646862,0.17551067747646862,0.004411706013629853,-0.004461706013629853
1521,22.74,0.007978723404255306,0.0,0.0,0.8,0.0,0.0,0.0,0.0,0.0,0.0,0.0,0,0,0.0,0.0,1.0,1.0,0.0,0.0,0.0,0.0,0.1140819403597046,0.1140819403597046,0.002311940214454168,-0.0023619402144541683
1522,25.11,0.10422163588390507,0.0,0.0,0.8,0.0,0.0,0.0,0.0,0.0,0.0,0.0,1,0,0.0,0.0,1.0,1.0,0.0,0.0,0.0,0.0,0.074153261233808,0.074153261233808,0.0012115647639930986,-0.0012615647639930986
1523,25.23,0.004778972520908044,0.0,0.0,0.8,0.0,0.0,0.0,0.0,0.0,0.0,0.0,0,0,0.0,0.0,1.0,1.0,0.0,0.0,0.40507875756117895,0.32406300604894317,0.109153261233808,0.109153261233808,0.002163746230217693,-0.010558368635977979
1524,25.29,0.002378121284185443,0.0,0.0,0.8,0.0,0.0,0.0,0.0,0.0,0.0,0.0,0,0,0.0,0.0,1.0,1.0,0.0,0.0,0.33352670800503825,0.2668213664040306,0.144153261233808,0.144153261233808,0.0032838851399614234,-0.010204535324865212
1525,24.64,-0.02570185844207191,0.0,0.0,0.8,0.0,0.0,0.0,0.0,0.0,0.0,0.0,0,0,-0.0,0.0,1.0,1.0,0.0,0.0,0.3870622563441083,0.30964980507528667,0.179153261233808,0.179153261233808,0.004549758319777459,-0.01257324080046609
1526,24.38,-0.010551948051948114,0.0,0.0,0.8,0.0,0.0,0.0,0.0,0.0,0.0,0.0,0,0,-0.0,0.0,1.0,1.0,0.0,0.0,0.3776840140641552,0.30214721125132415,0.214153261233808,0.214153261233808,0.0059461832478116166,-0.013776473937533212
1527,24.69,0.012715340442986148,0.0,0.0,0.8,0.0,0.0,0.0,0.0,0.0,0.0,0.0,0,0,0.0,0.0,1.0,1.0,0.0,0.0,0.29193201275101727,0.23354561020081382,0.22094058337226002,0.22094058337226002,0.0062310967554904135,-0.012294896218161369
1528,24.29,-0.016200891049007782,0.0,0.0,0.8,0.0,0.0,0.0,0.0,0.0,0.0,0.0,0,0,-0.0,0.0,1.0,1.0,0.0,0.0,0.03499860928552578,0.027998887428420622,0.15341098979191622,0.15341098979191622,0.003605254755150174,-0.004376226106432005
1529,24.08,-0.00864553314121041,0.0,0.0,0.8,0.0,0.0,0.0,0.0,0.0,0.0,0.0,0,0,-0.0,0.0,1.0,1.0,0.0,0.0,0.0,0.0,0.09971714336474555,0.09971714336474555,0.0018893220504794795,-0.0019393220504794794
1530,23.87,-0.008720930232558028,0.0,0.0,0.8,0.0,0.0,0.0,0.0,0.0,0.0,0.0,0,0,-0.0,0.0,1.0,1.0,0.0,0.0,0.0,0.0,0.0648161431870846,0.0648161431870846,0.0009900930871331165,-0.0010400930871331164
1531,23.28,-0.024717218265605356,0.0,0.0,0.8,0.0,0.0,0.0,0.0,0.0,0.0,0.0,0,0,-0.0,0.0,1.0,1.0,0.0,0.0,0.0,0.0,0.042130493071605,0.042130493071605,0.0005188550681129271,-0.0005688550681129271
1532,22.71,-0.024484536082474237,0.0,0.0,0.8,0.0,0.0,0.0,0.0,0.0,0.0,0.0,0,0,-0.0,0.0,1.0,1.0,0.0,0.0,0.0,0.0,0.027384820496543248,0.027384820496543248,0.0002719043140539321,-0.00032190431405393214
1533,23.36,0.0286217525319242,0.0,0.0,0.8,0.0,0.0,0.0,0.0,0.0,0.0,0.0,0,0,0.0,0.0,1.0,1.0,0.0,0.0,0.0,0.0,0.01780013332275311,0.01780013332275311,0.0001424905730805126,-0.0001924905730805126
1534,23.78,0.017979452054794592,0.0,0.0,0.8,0.0,0.0,0.0,0.0,0.0,0.0,0.0,0,0,0.0,0.0,1.0,1.0,0.0,0.0,0.0,0.0,0.011570086659789524,0.011570086659789524,7.467172224706113e-05,-0.00012467172224706112
1535,23.21,-0.02396972245584526,0.0,0.0,0.8,0.0,0.0,0.0,0.0,0.0,0.0,0.0,0,0,-0.0,0.0,1.0,1.0,0.0,0.0,0.0,0.0,0.0075205563288631904,0.0075205563288631904,3.9131473632235776e-05,-8.913147363223578e-05
1536,23.67,0.019819043515726015,0.0,0.0,0.8,0.0,0.0,0.0,0.0,0.0,0.0,0.0,0,0,0.0,0.0,1.0,1.0,0.0,0.0,0.0,0.0,0.004888361613761074,0.004888361613761074,2.0506721722099168e-05,-7.050672172209918e-05
1537,25.01,0.05661174482467257,0.0,0.0,0.8,0.0,0.0,0.0,0.0,0.0,0.0,0.0,0,0,0.0,0.0,1.0,1.0,0.0,0.0,0.034634040691185426,0.02770723255294834,0.012874966442476618,0.012874966442476618,8.765373147745135e-05,-0.0008511149697158711
1538,26.04,0.04118352658936415,0.0,0.0,0.8,0.0,0.0,0.0,0.0,0.0,0.0,0.0,0,0,0.0,0.0,1.0,1.0,0.0,0.0,0.3349290521910887,0.267943241752871,0.047874966442476616,0.047874966442476616,0.0006285125792648533,-0.007578051054401281
1539,24.75,-0.04953917050691241,0.0,0.0,0.8,0.0,0.0,0.0,0.0,0.0,0.0,0.0,0,0,-0.0,0.0,1.0,1.0,0.0,0.0,0.418280590738032,0.3346244725904256,0.0828749664424766,0.0828749664424766,0.0014314833425556604,-0.010098063511759119
1540,25.5,0.030303030303030304,0.0,0.0,0.8,0.0,0.0,0.0,0.0,0.0,0.0,0.0,0,0,0.0,0.0,1.0,1.0,0.0,0.0,0.15816546525630348,0.1265323722050428,0.09815505845937478,0.09815505845937478,0.0018451015745099015,-0.005153310158789753
1541,23.9,-0.06274509803921574,0.0,0.0,0.8,0.0,0.0,0.0,0.0,0.0,0.0,0.0,0,0,-0.0,0.0,1.0,1.0,0.0,0.0,0.34037109083196565,0.2722968726655725,0.13315505845937478,0.13315505845937478,0.0029153302219673445,-0.009976974693105836
1542,22.95,-0.03974895397489537,0.0,0.0,0.8,0.0,0.0,0.0,0.0,0.0,0.0,0.0,0,0,-0.0,0.0,1.0,1.0,0.0,0.0,0.002058702217158717,0.0016469617737269737,0.08712722461939805,0.08712722461939805,0.0015430573605132458,-0.0016354666261867155
1543,22.27,-0.029629629629629617,0.0,0.0,0.8,0.0,0.0,0.0,0.0,0.0,0.0,0.0,0,0,-0.0,0.0,1.0,1.0,0.0,0.0,0.0,0.0,0.056632696002608736,0.056632696002608736,0.0008086342004563567,-0.0008586342004563567
1544,22.75,0.021553659631791667,0.0,0.0,0.8,0.0,0.0,0.0,0.0,0.0,0.0,0.0,0,0,0.0,0.0,1.0,1.0,0.0,0.0,0.0,0.0,0.03681125240169568,0.03681125240169568,0.0004237621276309502,-0.0004737621276309502
1545,23.03,0.012307692307692358,0.0,0.0,0.8,0.0,0.0,0.0,0.0,0.0,0.0,0.0,0,0,0.0,0.0,1.0,1.0,0.0,0.0,0.0,0.0,0.02392731406110219,0.02392731406110219,0.00022207116730032695,-0.00027207116730032694
1546,22.46,-0.024750325662179776,0.0,0.0,0.8,0.0,0.0,0.0,0.0,0.0,0.0,0.0,0,0,-0.0,0.0,1.0,1.0,0.0,0.0,0.0,0.0,0.015552754139716424,0.015552754139716424,0.0001163756743006497,-0.0001663756743006497
1547,21.87,-0.026268922528940333,0.0,0.0,0.8,0.0,0.0,0.0,0.0,0.0,0.0,0.0,0,0,-0.0,0.0,1.0,1.0,0.0,0.0,0.0,0.0,0.010109290190815676,0.010109290190815676,6.098629431985229e-05,-0.0001109862943198523
1548,21.14,-0.033379058070416114,0.0,0.0,0.8,0.0,0.0,0.0,0.0,0.0,0.0,0.0,0,0,-0.0,0.0,1.0,1.0,0.0,0.0,0.0,0.0,0.006571038624030189,0.006571038624030189,3.1959669554815925e-05,-8.195966955481593e-05
1549,21.12,-0.0009460737937558928,0.0,0.0,0.8,0.0,0.0,0.0,0.0,0.0,0.0,0.0,0,0,-0.0,0.0,1.0,1.0,0.0,0.0,0.0,0.0,0.004271175105619623,0.004271175105619623,1.6748361077589435e-05,-6.674836107758944e-05
1550,21.35,0.010890151515151535,0.0,0.0,0.8,0.0,0.0,0.0,0.0,0.0,0.0,0.0,0,0,0.0,0.0,1.0,1.0,0.0,0.0,0.0,0.0,0.0027762638186527547,0.0027762638186527547,8.776924251491322e-06,-5.877692425149132e-05
1551,20.88,-0.022014051522248355,0.0,0.0,0.8,0.0,0.0,0.0,0.0,0.0,0.0,0.0,0,0,-0.0,0.0,1.0,1.0,0.0,0.0,0.0,0.0,0.0018045714821242906,0.0018045714821242906,4.599518660932998e-06,-5.4599518660933e-05
1552,21.22,0.016283524904214555,0.0,0.0,0.8,0.0,0.0,0.0,0.0,0.0,0.0,0.0,0,0,0.0,0.0,1.0,1.0,0.0,0.0,0.0,0.0,0.001172971463380789,0.001172971463380789,2.4103628225658043e-06,-5.241036282256581e-05
1553,21.59,0.017436380772855843,0.0,0.0,0.8,0.0,0.0,0.0,0.0,0.0,0.0,0.0,0,0,0.0,0.0,1.0,1.0,0.0,0.0,0.0,0.0,0.0007624314511975128,0.0007624314511975128,1.2631428122587246e-06,-5.126314281225873e-05
1554,21.27,-0.014821676702176947,0.0,0.0,0.8,0.0,0.0,0.0,0.0,0.0,0.0,0.0,0,0,-0.0,0.0,1.0,1.0,0.0,0.0,0.0,0.0,0.0004955804432783833,0.0004955804432783833,6.619458901471341e-07,-5.0661945890147134e-05
1555,20.91,-0.016925246826516194,0.0,0.0,0.8,0.0,0.0,0.0,0.0,0.0,0.0,0.0,0,0,-0.0,0.0,1.0,1.0,0.0,0.0,0.0,0.0,0.0003221272881309492,0.0003221272881309492,3.468905948165523e-07,-5.034689059481656e-05
1556,21.57,0.031563845050215214,0.0,0.0,0.8,0.0,0.0,0.0,0.0,0.0,0.0,0.0,0,0,0.0,0.0,1.0,1.0,0.0,0.0,0.0,0.0,0.00020938273728511697,0.00020938273728511697,1.817868900816567e-07,-5.018178689008166e-05
1557,21.63,0.002781641168289231,0.0,0.0,0.8,0.0,0.0,0.0,0.0,0.0,0.0,0.0,0,0,0.0,0.0,1.0,1.0,0.0,0.0,0.03122629369133917,0.024981034953071336,0.008879461012810294,0.008879461012810294,5.020317191907855e-05,-0.0007434648219606654
1558,21.16,-0.021729079981507114,0.0,0.0,0.8,0.0,0.0,0.0,0.0,0.0,0.0,0.0,0,0,-0.0,0.0,1.0,1.0,0.0,0.0,0.005685991938152946,0.004548793550522357,0.007363727401009517,0.007363727401009517,3.791384277317514e-05,-0.0002050452766991258
1559,21.17,0.00047258979206056534,0.0,0.0,0.8,0.0,0.0,0.0,0.0,0.0,0.0,0.0,0,0,0.0,0.0,1.0,1.0,0.0,0.0,0.0,0.0,0.0047864228106561865,0.0047864228106561865,1.986862622327728e-05,-6.986862622327728e-05
1560,21.36,0.00897496457250816,0.0,0.0,0.8,0.0,0.0,0.0,0.0,0.0,0.0,0.0,0,0,0.0,0.0,1.0,1.0,0.0,0.0,0.0,0.0,0.003111174826926521,0.003111174826926521,1.0412089071583225e-05,-6.041208907158323e-05
1561,21.37,0.0004681647940075638,0.0,0.0,0.8,0.0,0.0,0.0,0.0,0.0,0.0,0.0,0,0,0.0,0.0,1.0,1.0,0.0,0.0,0.03531256925704361,0.02825005540563489,0.011909783029474449,0.011909783029474449,7.798427246311773e-05,-0.0008554231991582161
1562,20.38,-0.04632662611137117,0.0,0.0,0.8,0.0,0.0,0.0,0.0,0.0,0.0,0.0,0,0,-0.0,0.0,1.0,1.0,0.0,0.0,0.0,0.0,0.007741358969158392,0.007741358969158392,4.086740481922775e-05,-9.086740481922775e-05
1563,20.09,-0.01422963689892047,0.0,0.0,0.8,0.0,0.0,0.0,0.0,0.0,0.0,0.0,0,0,-0.0,0.0,1.0,1.0,0.0,0.0,0.0,0.0,0.005031883329952955,0.005031883329952955,2.1416430825183708e-05,-7.141643082518371e-05
1564,20.63,0.026879044300647047,0.0,0.0,0.8,0.0,0.0,0.0,0.0,0.0,0.0,0.0,0,0,0.0,0.0,1.0,1.0,0.0,0.0,0.0,0.0,0.0032707241644694207,0.0032707241644694207,1.1223211048480423e-05,-6.122321104848043e-05
1565,20.44,-0.0092098885118758,0.0,0.0,0.8,0.0,0.0,0.0,0.0,0.0,0.0,0.0,0,0,-0.0,0.0,1.0,1.0,0.0,0.0,0.0,0.0,0.0021259707069051234,0.0021259707069051234,5.881487315366076e-06,-5.588148731536608e-05
1566,21.22,0.03816046966731886,0.0,0.0,0.8,0.0,0.0,0.0,0.0,0.0,0.0,0.0,0,0,0.0,0.0,1.0,1.0,0.0,0.0,0.0,0.0,0.0013818809594883302,0.0013818809594883302,3.0821743341889355e-06,-5.3082174334188935e-05
1567,21.05,-0.00801131008482555,0.0,0.0,0.8,0.0,0.0,0.0,0.0,0.0,0.0,0.0,0,0,-0.0,0.0,1.0,1.0,0.0,0.0,0.0,0.0,0.0008982226236674146,0.0008982226236674146,1.6152034539824087e-06,-5.1615203453982414e-05
1568,21.08,0.0014251781472682937,0.0,0.0,0.8,0.0,0.0,0.0,0.0,0.0,0.0,0.0,0,0,0.0,0.0,1.0,1.0,0.0,0.0,0.09540951637598402,0.07632761310078723,0.02729850929065935,0.02729850929065935,0.0002706198494917348,-0.0022860558868370057
1569,22.03,0.04506641366223923,0.0,0.0,0.8,0.0,0.0,0.0,0.0,0.0,0.0,0.0,0,0,0.0,0.0,1.0,1.0,0.0,0.0,0.14406377851560737,0.11525102281248589,0.05808188902329864,0.05808188902329864,0.0008398705429891363,-0.003857584380410648
1570,21.75,-0.012709940989559743,0.0,0.0,0.8,0.0,0.0,0.0,0.0,0.0,0.0,0.0,0,0,-0.0,0.0,1.0,1.0,0.0,0.0,0.25730838795303435,0.2058467103624275,0.09308188902329864,0.09308188902329864,0.0017039193424131596,-0.007054472134245667
1571,22.36,0.028045977011494225,0.0,0.0,0.8,0.0,0.0,0.0,0.0,0.0,0.0,0.0,0,0,0.0,0.0,1.0,1.0,0.0,0.0,0.22649698461122308,0.18119758768897848,0.12392238355628658,0.12392238355628658,0.002617434892664871,-0.007333272775656066
1572,21.64,-0.03220035778175308,0.0,0.0,0.8,0.0,0.0,0.0,0.0,0.0,0.0,0.0,0,0,-0.0,0.0,1.0,1.0,0.0,0.0,0.2361388055302973,0.18891104442423787,0.14666841486006954,0.14666841486006954,0.0033702036751209904,-0.008284663069045115
1573,21.48,-0.0073937153419593405,0.0,0.0,0.8,0.0,0.0,0.0,0.0,0.0,0.0,0.0,0,0,-0.0,0.0,1.0,1.0,0.0,0.0,0.11187893905459913,0.0895031512436793,0.12666057259433294,0.12666057259433294,0.002704664625534238,-0.005059370770058981
1574,20.53,-0.04422718808193665,0.0,0.0,0.8,0.0,0.0,0.0,0.0,0.0,0.0,0.0,0,0,-0.0,0.0,1.0,1.0,0.0,0.0,0.07437334095316624,0.05949867276253299,0.10315390765320297,0.10315390765320297,0.0019878324554989985,-0.0035699232791342227
1575,19.74,-0.038480272771553956,0.0,0.0,0.8,0.0,0.0,0.0,0.0,0.0,0.0,0.0,0,0,-0.0,0.0,1.0,1.0,0.0,0.0,0.0,0.0,0.06705003997458193,0.06705003997458193,0.0010417171450832988,-0.0010917171450832988
1576,19.58,-0.008105369807497475,0.0,0.0,0.8,0.0,0.0,0.0,0.0,0.0,0.0,0.0,0,0,-0.0,0.0,1.0,1.0,0.0,0.0,0.0,0.0,0.04358252598347826,0.04358252598347826,0.0005459084880914127,-0.0005959084880914127
1577,19.7,0.006128702757916292,0.0,0.0,0.8,0.0,0.0,0.0,0.0,0.0,0.0,0.0,0,0,0.0,0.0,1.0,1.0,0.0,0.0,0.0,0.0,0.02832864188926087,0.02832864188926087,0.00028608157096850104,-0.00033608157096850106
1578,20.28,0.029441624365482328,0.0,0.0,0.8,0.0,0.0,0.0,0.0,0.0,0.0,0.0,0,0,0.0,0.0,1.0,1.0,0.0,0.0,0.0,0.0,0.01841361722801957,0.01841361722801957,0.00014992011854210428,-0.00019992011854210427
1579,19.66,-0.030571992110453697,0.0,0.0,0.8,0.0,0.0,0.0,0.0,0.0,0.0,0.0,0,0,-0.0,0.0,1.0,1.0,0.0,0.0,0.0,0.0,0.01196885119821272,0.01196885119821272,7.85651514272246e-05,-0.0001285651514272246
1580,19.57,-0.004577822990844347,0.0,0.0,0.8,0.0,0.0,0.0,0.0,0.0,0.0,0.0,0,0,-0.0,0.0,1.0,1.0,0.0,0.0,0.0,0.0,0.007779753278838268,0.007779753278838268,4.117181255462538e-05,-9.117181255462539e-05
1581,18.78,-0.04036791006642816,0.0,0.0,0.8,0.0,0.0,0.0,0.0,0.0,0.0,0.0,0,0,-0.0,0.0,1.0,1.0,0.0,0.0,0.0,0.0,0.0050568396312448746,0.0050568396312448746,2.1575954710701564e-05,-7.157595471070157e-05
1582,18.75,-0.0015974440894569294,0.0,0.0,0.8,0.0,0.0,0.0,0.0,0.0,0.0,0.0,0,0,-0.0,0.0,1.0,1.0,0.0,0.0,0.0,0.0,0.0032869457603091684,0.0032869457603091684,1.1306809022813995e-05,-6.1306809022814e-05
1583,19.6,0.045333333333333406,0.0,0.0,0.8,0.0,0.0,0.0,0.0,0.0,0.0,0.0,0,0,0.0,0.0,1.0,1.0,0.0,0.0,0.0,0.0,0.0021365147442009595,0.0021365147442009595,5.9252965624264166e-06,-5.592529656242642e-05
1584,19.17,-0.021938775510204067,0.0,0.0,0.8,0.0,0.0,0.0,0.0,0.0,0.0,0.0,0,0,-0.0,0.0,1.0,1.0,0.0,0.0,0.0,0.0,0.0013887345837306237,0.0013887345837306237,3.105132427890294e-06,-5.3105132427890296e-05
1585,19.87,0.036515388628064645,0.0,0.0,0.8,0.0,0.0,0.0,0.0,0.0,0.0,0.0,0,0,0.0,0.0,1.0,1.0,0.0,0.0,0.0,0.0,0.0009026774794249054,0.0009026774794249054,1.6272345684563548e-06,-5.162723456845636e-05
1586,19.69,-0.009058882737795657,0.0,0.0,0.8,0.0,0.0,0.0,0.0,0.0,0.0,0.0,0,0,-0.0,0.0,1.0,1.0,0.0,0.0,0.00753740292108146,0.006029922336865168,0.002697213179528997,0.002697213179528997,8.404737618751773e-06,-0.00021367523779302984
1587,19.8,0.00558659217877092,0.0,0.0,0.8,0.0,0.0,0.0,0.0,0.0,0.0,0.0,0,0,0.0,0.0,1.0,1.0,0.0,0.0,0.09535245318510985,0.07628196254808789,0.02845187545852461,0.02845187545852461,0.0002879503421418396,-0.0023022108777551024
1588,20.24,0.022222222222222105,0.0,0.0,0.8,0.0,0.0,0.0,0.0,0.0,0.0,0.0,0,0,0.0,0.0,1.0,1.0,0.0,0.0,0.12845053191877726,0.10276042553502181,0.05445986798529863,0.05445986798529863,0.000762546139518047,-0.0034586270970448584
1589,22.36,0.10474308300395263,0.0,0.0,0.8,0.0,0.0,0.0,0.0,0.0,0.0,0.0,1,0,0.0,0.0,1.0,1.0,0.0,0.0,0.09887705332281325,0.0791016426582506,0.06308448912083181,0.06308448912083181,0.0009506817039412908,-0.003037549002391244
1590,22.03,-0.014758497316636776,0.0,0.0,0.8,0.0,0.0,0.0,0.0,0.0,0.0,0.0,0,0,-0.0,0.0,1.0,1.0,0.0,0.0,0.5335365723822167,0.4268292579057734,0.09808448912083181,0.09808448912083181,0.0018431121071285543,-0.01288396549820222
1591,22.38,0.015887426236949515,0.0,0.0,0.8,0.0,0.0,0.0,0.0,0.0,0.0,0.0,0,0,0.0,0.0,1.0,1.0,0.0,0.0,0.41610558093034256,0.3328844647442741,0.13308448912083182,0.13308448912083182,0.0029130129348865267,-0.011534787902051584
1592,20.48,-0.08489722966934757,0.0,0.0,0.8,0.0,0.0,0.0,0.0,0.0,0.0,0.0,0,0,-0.0,0.0,1.0,1.0,0.0,0.0,0.49075280824033435,0.3926022465922675,0.16808448912083182,0.16808448912083182,0.004134687661761863,-0.014294195511512751
1593,19.03,-0.07080078124999996,0.0,0.0,0.8,0.0,0.0,0.0,0.0,0.0,0.0,0.0,0,0,-0.0,0.0,1.0,1.0,0.0,0.0,0.12354220253230314,0.09883376202584251,0.14384673463758557,0.14384673463758557,0.003273416460689778,-0.0058683858328552226
1594,19.51,0.025223331581713106,0.0,0.0,0.8,0.0,0.0,0.0,0.0,0.0,0.0,0.0,0,0,0.0,0.0,1.0,1.0,0.0,0.0,0.0,0.0,0.09350037751443062,0.09350037751443062,0.0017154232695342714,-0.0017654232695342713
1595,20.58,0.054843669912865024,0.0,0.0,0.8,0.0,0.0,0.0,0.0,0.0,0.0,0.0,0,0,0.0,0.0,1.0,1.0,0.0,0.0,0.0,0.0,0.0607752453843799,0.0607752453843799,0.0008989619955169302,-0.0009489619955169302
1596,20.75,0.008260447035957323,0.0,0.0,0.8,0.0,0.0,0.0,0.0,0.0,0.0,0.0,0,0,0.0,0.0,1.0,1.0,0.0,0.0,0.0,0.0,0.03950390949984694,0.03950390949984694,0.0004710981153958493,-0.0005210981153958493
1597,20.8,0.0024096385542169015,0.0,0.0,0.8,0.0,0.0,0.0,0.0,0.0,0.0,0.0,0,0,0.0,0.0,1.0,1.0,0.0,0.0,0.0,0.0,0.025677541174900512,0.025677541174900512,0.00024687743801883697,-0.000296877438018837
1598,21.18,0.01826923076923072,0.0,0.0,0.8,0.0,0.0,0.0,0.0,0.0,0.0,0.0,0,0,0.0,0.0,1.0,1.0,0.0,0.0,0.09371937660773247,0.07497550128618598,0.04293182721385043,0.04293182721385043,0.0005337283964439005,-0.0025143475545631893
1599,20.82,-0.016997167138810172,0.0,0.0,0.8,0.0,0.0,0.0,0.0,0.0,0.0,0.0,0,0,-0.0,0.0,1.0,1.0,0.0,0.0,0.3664550908585642,0.29316407268685135,0.07793182721385043,0.07793182721385043,0.0013053396764993947,-0.008904314548185816
1600,21.13,0.014889529298751139,0.0,0.0,0.8,0.0,0.0,0.0,0.0,0.0,0.0,0.0,0,0,0.0,0.0,1.0,1.0,0.0,0.0,0.2318497661417417,0.18547981291339335,0.11293182721385042,0.11293182721385042,0.0022770668608969283,-0.007103172043416808
1601,21.93,0.037860861334595396,0.0,0.0,0.8,0.0,0.0,0.0,0.0,0.0,0.0,0.0,0,0,0.0,0.0,1.0,1.0,0.0,0.0,0.13692540406285642,0.10954032325028513,0.11174480082660257,0.11174480082660257,0.002241259993456465,-0.005111923317151307
1602,21.71,-0.01003191974464199,0.0,0.0,0.8,0.0,0.0,0.0,0.0,0.0,0.0,0.0,0,0,-0.0,0.0,1.0,1.0,0.0,0.0,0.26703461308007925,0.2136276904640634,0.14674480082660257,0.14674480082660257,0.003372836857403002,-0.008923749886852635
1603,22.27,0.025794564716720345,0.0,0.0,0.8,0.0,0.0,0.0,0.0,0.0,0.0,0.0,0,0,0.0,0.0,1.0,1.0,0.0,0.0,0.20448709354265185,0.16358967483412148,0.15264050672923418,0.15264050672923418,0.003578128630891732,-0.007840562757870359
1604,21.65,-0.027840143691064256,0.0,0.0,0.8,0.0,0.0,0.0,0.0,0.0,0.0,0.0,0,0,-0.0,0.0,1.0,1.0,0.0,0.0,0.2551105522311954,0.20408844178495633,0.17064728399873694,0.17064728399873694,0.004229609970078341,-0.009534887346040966
1605,22.23,0.026789838337182535,0.0,0.0,0.8,0.0,0.0,0.0,0.0,0.0,0.0,0.0,0,0,0.0,0.0,1.0,1.0,0.0,0.0,0.1702160817950811,0.13617286543606488,0.15858123750180173,0.15858123750180173,0.0037890379428515255,-0.007345489227830196
1606,22.24,0.0004498425551056235,0.0,0.0,0.8,0.0,0.0,0.0,0.0,0.0,0.0,0.0,0,0,0.0,0.0,1.0,1.0,0.0,0.0,0.2361631786704328,0.18893054293634626,0.16920349440389232,0.16920349440389232,0.004176045695565256,-0.009091007176176173
1607,22.11,-0.00584532374100715,0.0,0.0,0.8,0.0,0.0,0.0,0.0,0.0,0.0,0.0,0,0,-0.0,0.0,1.0,1.0,0.0,0.0,0.11856421718513185,0.09485137374810548,0.14318025217436692,0.14318025217436692,0.003250692841296126,-0.005743115715309843
1608,21.8,-0.014020805065581128,0.0,0.0,0.8,0.0,0.0,0.0,0.0,0.0,0.0,0.0,0,0,-0.0,0.0,1.0,1.0,0.0,0.0,0.113904310342485,0.091123448273988,0.12496037080923429,0.12496037080923429,0.0026503895362705574,-0.005046818329325749
1609,20.99,-0.0371559633027524,0.0,0.0,0.8,0.0,0.0,0.0,0.0,0.0,0.0,0.0,0,0,-0.0,0.0,1.0,1.0,0.0,0.0,0.0,0.0,0.08122424102600229,0.08122424102600229,0.0013889280323624356,-0.0014389280323624356
1610,20.22,-0.036684135302525,0.0,0.0,0.8,0.0,0.0,0.0,0.0,0.0,0.0,0.0,0,0,-0.0,0.0,1.0,1.0,0.0,0.0,0.0,0.0,0.052795756666901485,0.052795756666901485,0.0007278632263983018,-0.0007778632263983019
1611,20.1,-0.005934718100890081,0.0,0.0,0.8,0.0,0.0,0.0,0.0,0.0,0.0,0.0,0,0,-0.0,0.0,1.0,1.0,0.0,0.0,0.0,0.0,0.034317241833485966,0.034317241833485966,0.0003814343608875339,-0.0004314343608875339
1612,20.07,-0.0014925373134328922,0.0,0.0,0.8,0.0,0.0,0.0,0.0,0.0,0.0,0.0,0,0,-0.0,0.0,1.0,1.0,0.0,0.0,0.0,0.0,0.02230620719176588,0.02230620719176588,0.00019988943854963364,-0.00024988943854963367
1613,20.07,0.0,0.0,0.0,0.8,0.0,0.0,0.0,0.0,0.0,0.0,0.0,0,0,0.0,0.0,1.0,1.0,0.0,0.0,0.0,0.0,0.014499034674647821,0.014499034674647821,0.000104751411358739,-0.000154751411358739
1614,20.35,0.013951170901843604,0.0,0.0,0.8,0.0,0.0,0.0,0.0,0.0,0.0,0.0,0,0,0.0,0.0,1.0,1.0,0.0,0.0,0.0,0.0,0.009424372538521084,0.009424372538521084,5.4894637061693146e-05,-0.00010489463706169315
1615,19.9,-0.02211302211302225,0.0,0.0,0.8,0.0,0.0,0.0,0.0,0.0,0.0,0.0,0,0,-0.0,0.0,1.0,1.0,0.0,0.0,0.0,0.0,0.006125842150038705,0.006125842150038705,2.87673563443937e-05,-7.87673563443937e-05
1616,20.06,0.008040201005025133,0.0,0.0,0.8,0.0,0.0,0.0,0.0,0.0,0.0,0.0,0,0,0.0,0.0,1.0,1.0,0.0,0.0,0.0,0.0,0.003981797397525158,0.003981797397525158,1.5075439703067482e-05,-6.507543970306749e-05
1617,19.85,-0.010468594217347822,0.0,0.0,0.8,0.0,0.0,0.0,0.0,0.0,0.0,0.0,0,0,-0.0,0.0,1.0,1.0,0.0,0.0,0.0,0.0,0.002588168308391353,0.002588168308391353,7.900235236079121e-06,-5.790023523607912e-05
1618,19.94,0.004534005037783368,0.0,0.0,0.8,0.0,0.0,0.0,0.0,0.0,0.0,0.0,0,0,0.0,0.0,1.0,1.0,0.0,0.0,0.0,0.0,0.0016823094004543794,0.0016823094004543794,4.140092628454908e-06,-5.414009262845491e-05
1619,19.7,-0.012036108324975025,0.0,0.0,0.8,0.0,0.0,0.0,0.0,0.0,0.0,0.0,0,0,-0.0,0.0,1.0,1.0,0.0,0.0,0.0,0.0,0.0010935011102953466,0.0010935011102953466,2.1696021017082282e-06,-5.216960210170823e-05
1620,20.29,0.029949238578680197,0.0,0.0,0.8,0.0,0.0,0.0,0.0,0.0,0.0,0.0,0,0,0.0,0.0,1.0,1.0,0.0,0.0,0.0,0.0,0.0007107757216919754,0.0007107757216919754,1.136972938089429e-06,-5.1136972938089435e-05
1621,20.55,0.012814194184327332,0.0,0.0,0.8,0.0,0.0,0.0,0.0,0.0,0.0,0.0,0,0,0.0,0.0,1.0,1.0,0.0,0.0,0.01665666722108746,0.01332533377686997,0.005125871041004273,0.005125871041004273,2.2019262257396203e-05,-0.0004151466070117979
1622,20.57,0.0009732360097323393,0.0,0.0,0.8,0.0,0.0,0.0,0.0,0.0,0.0,0.0,0,0,0.0,0.0,1.0,1.0,0.0,0.0,0.05438322053006216,0.04350657642404973,0.018559117925070184,0.018559117925070184,0.00015170058212502237,-0.0013219949250443028
1623,20.05,-0.025279533300923654,0.0,0.0,0.8,0.0,0.0,0.0,0.0,0.0,0.0,0.0,0,0,-0.0,0.0,1.0,1.0,0.0,0.0,0.0942642086819634,0.07541136694557073,0.03845740508224538,0.03845740508224538,0.0004525027424193924,-0.002444345441267839
1624,19.88,-0.008478802992518788,0.0,0.0,0.8,0.0,0.0,0.0,0.0,0.0,0.0,0.0,0,0,-0.0,0.0,1.0,1.0,0.0,0.0,0.0,0.0,0.024997313303459497,0.024997313303459497,0.00023713259317781078,-0.0002871325931778108
1625,19.66,-0.011066398390341996,0.0,0.0,0.8,0.0,0.0,0.0,0.0,0.0,0.0,0.0,0,0,-0.0,0.0,1.0,1.0,0.0,0.0,0.0,0.0,0.016248253647248675,0.016248253647248675,0.00012426856563692567,-0.00017426856563692566
1626,19.87,0.01068158697863687,0.0,0.0,0.8,0.0,0.0,0.0,0.0,0.0,0.0,0.0,0,0,0.0,0.0,1.0,1.0,0.0,0.0,0.0,0.0,0.01056136487071164,0.01056136487071164,6.512253840145632e-05,-0.00011512253840145631
1627,19.54,-0.016607951685958824,0.0,0.0,0.8,0.0,0.0,0.0,0.0,0.0,0.0,0.0,0,0,-0.0,0.0,1.0,1.0,0.0,0.0,0.0,0.0,0.006864887165962567,0.006864887165962567,3.4127254838040725e-05,-8.412725483804073e-05
1628,19.41,-0.006653019447287564,0.0,0.0,0.8,0.0,0.0,0.0,0.0,0.0,0.0,0.0,0,0,-0.0,0.0,1.0,1.0,0.0,0.0,0.0,0.0,0.004462176657875669,0.004462176657875669,1.7884277108499945e-05,-6.788427710849995e-05
1629,19.25,-0.008243173621844417,0.0,0.0,0.8,0.0,0.0,0.0,0.0,0.0,0.0,0.0,0,0,-0.0,0.0,1.0,1.0,0.0,0.0,0.0,0.0,0.002900414827619185,0.002900414827619185,9.372197359896935e-06,-5.937219735989694e-05
1630,19.01,-0.012467532467532386,0.0,0.0,0.8,0.0,0.0,0.0,0.0,0.0,0.0,0.0,0,0,-0.0,0.0,1.0,1.0,0.0,0.0,0.0,0.0,0.0018852696379524703,0.0018852696379524703,4.911469600921799e-06,-5.4911469600921805e-05
1631,18.89,-0.006312467122567122,0.0,0.0,0.8,0.0,0.0,0.0,0.0,0.0,0.0,0.0,0,0,-0.0,0.0,1.0,1.0,0.0,0.0,0.0,0.0,0.0012254252646691057,0.0012254252646691057,2.573839699961696e-06,-5.2573839699961696e-05
1632,19.05,0.008470089994706201,0.0,0.0,0.8,0.0,0.0,0.0,0.0,0.0,0.0,0.0,0,0,0.0,0.0,1.0,1.0,0.0,0.0,0.0,0.0,0.0007965264220349187,0.0007965264220349187,1.348812339153149e-06,-5.134881233915315e-05
1633,19.03,-0.0010498687664041771,0.0,0.0,0.8,0.0,0.0,0.0,0.0,0.0,0.0,0.0,0,0,-0.0,0.0,1.0,1.0,0.0,0.0,0.0,0.0,0.0005177421743226972,0.0005177421743226972,7.068407276019808e-07,-5.070684072760198e-05
1634,18.08,-0.04992117708880729,0.0,0.0,0.8,0.0,0.0,0.0,0.0,0.0,0.0,0.0,0,0,-0.0,0.0,1.0,1.0,0.0,0.0,0.0,0.0,0.0003365324133097532,0.0003365324133097532,3.704175886399336e-07,-5.037041758863994e-05
1635,16.18,-0.10508849557522117,0.0,0.0,0.8,0.0,0.0,0.0,0.0,0.0,0.0,0.0,0,1,-0.0,0.0,1.0,1.0,0.0,0.0,0.0,0.0,0.00021874606865133957,0.00021874606865133957,1.9411613481769403e-07,-5.01941161348177e-05
1636,14.47,-0.10568603213844247,0.0,0.0,0.8,0.0,0.0,0.0,0.0,0.0,0.0,0.0,0,1,-0.0,0.0,1.0,1.0,0.0,0.0,0.0,0.0,0.00014218494462337071,0.00014218494462337071,1.0172593028024176e-07,-5.010172593028024e-05
1637,15.36,0.06150656530753274,0.0,0.0,0.8,0.0,0.0,0.0,0.0,0.0,0.0,0.0,0,0,0.0,0.0,1.0,1.0,0.0,0.0,0.0,0.0,9.242021400519097e-05,9.242021400519097e-05,5.330914352430922e-08,-5.0053309143524314e-05
1638,16.99,0.1061197916666666,0.0,0.0,0.8,0.0,0.0,0.0,0.0,0.0,0.0,0.0,1,0,0.0,0.0,1.0,1.0,0.0,0.0,0.0,0.0,6.007313910337413e-05,6.007313910337413e-05,2.7936483603211395e-08,-5.0027936483603217e-05
1639,16.83,-0.009417304296645095,0.0,0.0,0.8,0.0,0.0,0.0,0.0,0.0,0.0,0.0,0,0,-0.0,0.0,1.0,1.0,0.0,0.0,0.0,0.0,3.904754041719319e-05,3.904754041719319e-05,1.464002354036342e-08,-5.0014640023540364e-05
1640,16.95,0.00713012477718366,0.0,0.0,0.8,0.0,0.0,0.0,0.0,0.0,0.0,0.0,0,0,0.0,0.0,1.0,1.0,0.0,0.0,0.0,0.0,2.5380901271175574e-05,2.5380901271175574e-05,7.67205680953193e-09,-5.000767205680953e-05
1641,17.13,0.010619469026548657,0.0,0.0,0.8,0.0,0.0,0.0,0.0,0.0,0.0,0.0,0,0,0.0,0.0,1.0,1.0,0.0,0.0,0.01724521735353085,0.013796173882824682,0.004845158444814902,0.004845158444814902,2.0235466740580615e-05,-0.00042548694422331616
1642,16.53,-0.03502626970227658,0.0,0.0,0.8,0.0,0.0,0.0,0.0,0.0,0.0,0.0,0,0,-0.0,0.0,1.0,1.0,0.0,0.0,0.3053001853894849,0.2442401483115879,0.0398451584448149,0.0398451584448149,0.00047721555103897944,-0.006816399370062369
1643,16.43,-0.0060496067755596745,0.0,0.0,0.8,0.0,0.0,0.0,0.0,0.0,0.0,0.0,0,0,-0.0,0.0,1.0,1.0,0.0,0.0,0.08601381376094419,0.06881105100875536,0.04998322084219406,0.04998322084219406,0.0006704827475438178,-0.002492367311019268
1644,16.59,0.00973828362751066,0.0,0.0,0.8,0.0,0.0,0.0,0.0,0.0,0.0,0.0,0,0,0.0,0.0,1.0,1.0,0.0,0.0,0.0,0.0,0.03248909354742614,0.03248909354742614,0.000351364307221567,-0.000401364307221567
1645,16.84,0.015069318866787222,0.0,0.0,0.8,0.0,0.0,0.0,0.0,0.0,0.0,0.0,0,0,0.0,0.0,1.0,1.0,0.0,0.0,0.0,0.0,0.021117910805826992,0.021117910805826992,0.000184131324544221,-0.000234131324544221
1646,16.81,-0.0017814726840855782,0.0,0.0,0.8,0.0,0.0,0.0,0.0,0.0,0.0,0.0,0,0,-0.0,0.0,1.0,1.0,0.0,0.0,0.0,0.0,0.013726642023787546,0.013726642023787546,9.649342287072285e-05,-0.00014649342287072285
1647,17.27,0.0273646638905414,0.0,0.0,0.8,0.0,0.0,0.0,0.0,0.0,0.0,0.0,0,0,0.0,0.0,1.0,1.0,0.0,0.0,0.0,0.0,0.008922317315461906,0.008922317315461906,5.0567065002956704e-05,-0.00010056706500295671
1648,16.95,-0.01852924145917778,0.0,0.0,0.8,0.0,0.0,0.0,0.0,0.0,0.0,0.0,0,0,-0.0,0.0,1.0,1.0,0.0,0.0,0.12381594943143918,0.09905275954515136,0.04046797209585321,0.04046797209585321,0.0004884480871568803,-0.0030890566454445274
1649,17.27,0.018879056047197657,0.0,0.0,0.8,0.0,0.0,0.0,0.0,0.0,0.0,0.0,0,0,0.0,0.0,1.0,1.0,0.0,0.0,0.06929554092914235,0.05543643274331388,0.04570693332246445,0.04570693332246445,0.0005863060501249734,-0.0020637941932653055
1650,17.03,-0.013896931094383233,0.0,0.0,0.8,0.0,0.0,0.0,0.0,0.0,0.0,0.0,0,0,-0.0,0.0,1.0,1.0,0.0,0.0,0.13253720037791522,0.10602976030233219,0.06681992276541816,0.06681992276541816,0.00103635895485887,-0.0038166252826439236
1651,17.12,0.005284791544333521,0.0,0.0,0.8,0.0,0.0,0.0,0.0,0.0,0.0,0.0,0,0,0.0,0.0,1.0,1.0,0.0,0.0,0.03344413262175485,0.026755306097403883,0.05279730693161317,0.05279730693161317,0.0007278952854792573,-0.0014668444174874072
1652,17.09,-0.0017523364485981972,0.0,0.0,0.8,0.0,0.0,0.0,0.0,0.0,0.0,0.0,0,0,-0.0,0.0,1.0,1.0,0.0,0.0,0.07054119760589139,0.05643295808471312,0.054069784835198156,0.054069784835198156,0.0007543679216540168,-0.0022575165923353793
1653,17.84,0.04388531304856641,0.0,0.0,0.8,0.0,0.0,0.0,0.0,0.0,0.0,0.0,0,0,0.0,0.0,1.0,1.0,0.0,0.0,0.0,0.0,0.0351453601428788,0.0351453601428788,0.0003953240603924931,-0.0004453240603924931
1654,17.66,-0.010089686098654693,0.0,0.0,0.8,0.0,0.0,0.0,0.0,0.0,0.0,0.0,0,0,-0.0,0.0,1.0,1.0,0.0,0.0,0.24541337868018595,0.19633070294414878,0.0701453601428788,0.0701453601428788,0.0011146786280242197,-0.00622019422883605
1655,18.06,0.022650056625141482,0.0,0.0,0.8,0.0,0.0,0.0,0.0,0.0,0.0,0.0,0,0,0.0,0.0,1.0,1.0,0.0,0.0,0.14655207935119396,0.11724166348095517,0.08662906631120554,0.08662906631120554,0.0015298424261814246,-0.00459881526081602
1656,17.72,-0.018826135105204866,0.0,0.0,0.8,0.0,0.0,0.0,0.0,0.0,0.0,0.0,0,0,-0.0,0.0,1.0,1.0,0.0,0.0,0.27895514719980335,0.22316411775984268,0.12162906631120554,0.12162906631120554,0.0025451144090911687,-0.008341590441407117
1657,18.3,0.03273137697516941,0.0,0.0,0.8,0.0,0.0,0.0,0.0,0.0,0.0,0.0,0,0,0.0,0.0,1.0,1.0,0.0,0.0,0.1646821193050356,0.13174569544402848,0.12516988650769356,0.12516988650769356,0.002657058021336589,-0.006099509679020322
1658,18.12,-0.009836065573770475,0.0,0.0,0.8,0.0,0.0,0.0,0.0,0.0,0.0,0.0,0,0,-0.0,0.0,1.0,1.0,0.0,0.0,0.2978982179965853,0.23831857439726822,0.16016988650769357,0.16016988650769357,0.003846117537444972,-0.010032820828174627
1659,18.58,0.025386313465783513,0.0,0.0,0.8,0.0,0.0,0.0,0.0,0.0,0.0,0.0,0,0,0.0,0.0,1.0,1.0,0.0,0.0,0.12408154823285036,0.0992652385862803,0.1388532597351989,0.1388532597351989,0.003104455007249267,-0.005710534900845984
1660,18.13,-0.02421959095801934,0.0,0.0,0.8,0.0,0.0,0.0,0.0,0.0,0.0,0.0,0,0,-0.0,0.0,1.0,1.0,0.0,0.0,0.2592967052813704,0.20743736422509632,0.162857696306663,0.162857696306663,0.003943335070290261,-0.00933484719908649
1661,18.25,0.00661886376172096,0.0,0.0,0.8,0.0,0.0,0.0,0.0,0.0,0.0,0.0,0,0,0.0,0.0,1.0,1.0,0.0,0.0,0.07657180512751675,0.061257444102013406,0.12729760803503565,0.12729760803503565,0.00272509480095981,-0.004352473986586655
1662,18.08,-0.009315068493150778,0.0,0.0,0.8,0.0,0.0,0.0,0.0,0.0,0.0,0.0,0,0,-0.0,0.0,1.0,1.0,0.0,0.0,0.1589254187709213,0.12714033501673705,0.12724256247863114,0.12724256247863114,0.0027233274290746788,-0.006047191055755657
1663,18.09,0.0005530973451328299,0.0,0.0,0.8,0.0,0.0,0.0,0.0,0.0,0.0,0.0,0,0,0.0,0.0,1.0,1.0,0.0,0.0,0.012934319257373518,0.010347455405898815,0.08632927500317483,0.08632927500317483,0.0015219079684643637,-0.0018383549451662581
1664,18.0,-0.004975124378109445,0.0,0.0,0.8,0.0,0.0,0.0,0.0,0.0,0.0,0.0,0,0,-0.0,0.0,1.0,1.0,0.0,0.0,0.03756808359287649,0.030054466874301196,0.06663309215806906,0.06663309215806906,0.0010320154561517113,-0.001855917978164967
1665,18.08,0.00444444444444435,0.0,0.0,0.8,0.0,0.0,0.0,0.0,0.0,0.0,0.0,0,0,0.0,0.0,1.0,1.0,0.0,0.0,0.0,0.0,0.04331150990274489,0.04331150990274489,0.0005408243495019949,-0.0005908243495019949
1666,17.82,-0.014380530973451218,0.0,0.0,0.8,0.0,0.0,0.0,0.0,0.0,0.0,0.0,0,0,-0.0,0.0,1.0,1.0,0.0,0.0,0.021948437266884856,0.017558749813507885,0.03429804387151194,0.03429804387151194,0.00038111432913091295,-0.000883252136828741
1667,17.79,-0.0016835016835017472,0.0,0.0,0.8,0.0,0.0,0.0,0.0,0.0,0.0,0.0,0,0,-0.0,0.0,1.0,1.0,0.0,0.0,0.0,0.0,0.02229372851648276,0.02229372851648276,0.00019972172694651495,-0.000249721726946515
1668,17.5,-0.016301292861157907,0.0,0.0,0.8,0.0,0.0,0.0,0.0,0.0,0.0,0.0,0,0,-0.0,0.0,1.0,1.0,0.0,0.0,0.0,0.0,0.014490923535713796,0.014490923535713796,0.00010466352263757699,-0.000154663522637577
1669,17.61,0.006285714285714253,0.0,0.0,0.8,0.0,0.0,0.0,0.0,0.0,0.0,0.0,0,0,0.0,0.0,1.0,1.0,0.0,0.0,0.0,0.0,0.009419100298213967,0.009419100298213967,5.484857926268667e-05,-0.00010484857926268667
1670,18.73,0.06360022714366843,0.0,0.0,0.8,0.0,0.0,0.0,0.0,0.0,0.0,0.0,0,0,0.0,0.0,1.0,1.0,0.0,0.0,0.0,0.0,0.0061224151938390784,0.0061224151938390784,2.874321990434458e-05,-7.874321990434459e-05
1671,17.96,-0.04111051788574477,0.0,0.0,0.8,0.0,0.0,0.0,0.0,0.0,0.0,0.0,0,0,-0.0,0.0,1.0,1.0,0.0,0.0,0.172870576425765,0.138296461140612,0.04112241519383908,0.04112241519383908,0.0005003445468230213,-0.00411147842119378
1672,17.82,-0.007795100222717181,0.0,0.0,0.8,0.0,0.0,0.0,0.0,0.0,0.0,0.0,0,0,-0.0,0.0,1.0,1.0,0.0,0.0,0.02267514646446213,0.018140117171569704,0.0330786108860448,0.0330786108860448,0.00036097086106316224,-0.0008780788782310821
1673,18.46,0.03591470258136928,0.0,0.0,0.8,0.0,0.0,0.0,0.0,0.0,0.0,0.0,0,0,0.0,0.0,1.0,1.0,0.0,0.0,0.0,0.0,0.02150109707592912,0.02150109707592912,0.00018916560789857112,-0.0002391656078985711
1674,19.59,0.061213434452871016,0.0,0.0,0.8,0.0,0.0,0.0,0.0,0.0,0.0,0.0,0,0,0.0,0.0,1.0,1.0,0.0,0.0,0.19391026414865764,0.15512821131892612,0.05650109707592912,0.05650109707592912,0.0008058172707588748,-0.004850368712221222
1675,19.34,-0.012761613067891782,0.0,0.0,0.8,0.0,0.0,0.0,0.0,0.0,0.0,0.0,0,0,-0.0,0.0,1.0,1.0,0.0,0.0,0.41212240047552257,0.32969792038041806,0.09150109707592913,0.09150109707592913,0.0016606981511171775,-0.010200419600912943
1676,19.46,0.0062047569803516545,0.0,0.0,0.8,0.0,0.0,0.0,0.0,0.0,0.0,0.0,0,0,0.0,0.0,1.0,1.0,0.0,0.0,0.1894717155705012,0.15157737245640096,0.11252779345909428,0.11252779345909428,0.0022648578778978667,-0.006217975218650191
1677,19.19,-0.013874614594039032,0.0,0.0,0.8,0.0,0.0,0.0,0.0,0.0,0.0,0.0,0,0,-0.0,0.0,1.0,1.0,0.0,0.0,0.32666804432863555,0.26133443546290847,0.14752779345909428,0.14752779345909428,0.003399867723931606,-0.010179229437101499
1678,19.43,0.012506513809275583,0.0,0.0,0.8,0.0,0.0,0.0,0.0,0.0,0.0,0.0,0,0,0.0,0.0,1.0,1.0,0.0,0.0,0.2854785530718507,0.22838284245748058,0.17582706060852948,0.17582706060852948,0.0044236404858662625,-0.010354498679146389
1679,19.69,0.013381369016984127,0.0,0.0,0.8,0.0,0.0,0.0,0.0,0.0,0.0,0.0,0,0,0.0,0.0,1.0,1.0,0.0,0.0,0.23617829088658093,0.18894263270926476,0.18041751084378682,0.18041751084378682,0.00459800331942169,-0.009513276111685258
1680,19.93,0.012188928390045628,0.0,0.0,0.8,0.0,0.0,0.0,0.0,0.0,0.0,0.0,0,0,0.0,0.0,1.0,1.0,0.0,0.0,0.11469456277442944,0.09175565021954356,0.14938585962530168,0.14938585962530168,0.0034642999390746185,-0.005877007932227864
1681,20.25,0.016056196688409446,0.0,0.0,0.8,0.0,0.0,0.0,0.0,0.0,0.0,0.0,0,0,0.0,0.0,1.0,1.0,0.0,0.0,0.20102963557574424,0.1608237084605954,0.1533891067176545,0.1533891067176545,0.003604483383645278,-0.00779569387650561
1682,19.63,-0.030617283950617333,0.0,0.0,0.8,0.0,0.0,0.0,0.0,0.0,0.0,0.0,0,0,-0.0,0.0,1.0,1.0,0.0,0.0,0.24608995345698925,0.1968719627655914,0.1686081063344324,0.1686081063344324,0.00415402328458937,-0.009273476325803349
1683,20.19,0.028527763627101493,0.0,0.0,0.8,0.0,0.0,0.0,0.0,0.0,0.0,0.0,0,0,0.0,0.0,1.0,1.0,0.0,0.0,0.14088264663532246,0.11270611730825797,0.14904241017527137,0.14904241017527137,0.0034523597750338304,-0.006404542295721473
1684,19.84,-0.01733531451213479,0.0,0.0,0.8,0.0,0.0,0.0,0.0,0.0,0.0,0.0,0,0,-0.0,0.0,1.0,1.0,0.0,0.0,0.22243989936981515,0.17795191949585212,0.15916073843747464,0.15916073843747464,0.0038098262387029707,-0.008442088165721163
1685,19.62,-0.011088709677419298,0.0,0.0,0.8,0.0,0.0,0.0,0.0,0.0,0.0,0.0,0,0,-0.0,0.0,1.0,1.0,0.0,0.0,0.09563032143384645,0.07650425714707716,0.13023096998583553,0.13023096998583553,0.0028198282900824033,-0.00483981291161964
1686,19.23,-0.01987767584097862,0.0,0.0,0.8,0.0,0.0,0.0,0.0,0.0,0.0,0.0,0,0,-0.0,0.0,1.0,1.0,0.0,0.0,0.002869061789373323,0.0022952494314986585,0.08545346779181762,0.08545346779181762,0.0014988072586617886,-0.001607909931522879
1687,19.32,0.004680187207488292,0.0,0.0,0.8,0.0,0.0,0.0,0.0,0.0,0.0,0.0,0,0,0.0,0.0,1.0,1.0,0.0,0.0,0.0,0.0,0.05554475406468145,0.05554475406468145,0.0007854450782328875,-0.0008354450782328875
1688,20.01,0.03571428571428578,0.0,0.0,0.8,0.0,0.0,0.0,0.0,0.0,0.0,0.0,0,0,0.0,0.0,1.0,1.0,0.0,0.0,0.0,0.0,0.036104090142042945,0.036104090142042945,0.00041160994340999374,-0.00046160994340999377
1689,20.07,0.002998500749625123,0.0,0.0,0.8,0.0,0.0,0.0,0.0,0.0,0.0,0.0,0,0,0.0,0.0,1.0,1.0,0.0,0.0,0.03102747010524157,0.02482197608419326,0.03215535022179555,0.03215535022179555,0.0003459641647247022,-0.0010351300488926785
1690,20.38,0.015445939212755293,0.0,0.0,0.8,0.0,0.0,0.0,0.0,0.0,0.0,0.0,0,0,0.0,0.0,1.0,1.0,0.0,0.0,0.08729184142077337,0.0698334731366187,0.04534269324198365,0.04534269324198365,0.0005793115925592925,-0.002427523525827224
1691,20.41,0.0014720314033366605,0.0,0.0,0.8,0.0,0.0,0.0,0.0,0.0,0.0,0.0,0,0,0.0,0.0,1.0,1.0,0.0,0.0,0.1837722340765437,0.14701778726123496,0.08034269324198365,0.08034269324198365,0.0013663779011569505,-0.00520208592313375
1692,20.43,0.0009799118079372648,0.0,0.0,0.8,0.0,0.0,0.0,0.0,0.0,0.0,0.0,0,0,0.0,0.0,1.0,1.0,0.0,0.0,0.23842067437146844,0.19073653949717476,0.11534269324198365,0.11534269324198365,0.0023503707961616293,-0.007311836688213879
1693,20.19,-0.011747430249632816,0.0,0.0,0.8,0.0,0.0,0.0,0.0,0.0,0.0,0.0,0,0,-0.0,0.0,1.0,1.0,0.0,0.0,0.21936701449375484,0.17549361159500387,0.13639551466554073,0.13639551466554073,0.0030223961245640285,-0.007591356623135378
1694,22.31,0.1050024764735016,0.0,0.0,0.8,0.0,0.0,0.0,0.0,0.0,0.0,0.0,1,0,0.0,0.0,1.0,1.0,0.0,0.0,0.05570195937674259,0.044561567501394075,0.1042536331580894,0.1042536331580894,0.0020197055016301507,-0.003217165864791048
1695,22.84,0.023756163155535685,0.0,0.0,0.8,0.0,0.0,0.0,0.0,0.0,0.0,0.0,0,0,0.0,0.0,1.0,1.0,0.0,0.0,0.4630254490391631,0.3704203592313305,0.13925363315808942,0.13925363315808942,0.0031178918919800066,-0.012706216142186767
1696,23.01,0.007443082311733875,0.0,0.0,0.8,0.0,0.0,0.0,0.0,0.0,0.0,0.0,0,0,0.0,0.0,1.0,1.0,0.0,0.0,0.5020430415794555,0.4016344332635644,0.1742536331580894,0.1742536331580894,0.0043643946338750425,-0.014756481290411825
1697,25.41,0.10430247718383305,0.0,0.0,0.8,0.0,0.0,0.0,0.0,0.0,0.0,0.0,1,0,0.0,0.0,1.0,1.0,0.0,0.0,0.5121031697467936,0.4096825357974349,0.20925363315808937,0.20925363315808937,0.005743290200197348,-0.016342615496981294
1698,25.63,0.008658008658008613,0.0,0.0,0.8,0.0,0.0,0.0,0.0,0.0,0.0,0.0,0,0,0.0,0.0,1.0,1.0,0.0,0.0,0.7508701697923859,0.6006961358339087,0.2442536331580894,0.2442536331580894,0.007242905167164045,-0.022760830664887193
1699,25.19,-0.01716738197424884,0.0,0.0,0.8,0.0,0.0,0.0,0.0,0.0,0.0,0.0,0,0,-0.0,0.0,1.0,1.0,0.0,0.0,0.7563667412028957,0.6050933929623166,0.27925363315808943,0.27925363315808943,0.008854203483698768,-0.02448535835247842
1700,25.03,-0.006351726875744348,0.0,0.0,0.8,0.0,0.0,0.0,0.0,0.0,0.0,0.0,0,0,-0.0,0.0,1.0,1.0,0.0,0.0,0.5808219697367845,0.46465757578942757,0.3142536331580894,0.3142536331580894,0.010569920270953709,-0.02258485284753147
1701,24.95,-0.0031961646024771012,0.0,0.0,0.8,0.0,0.0,0.0,0.0,0.0,0.0,0.0,0,0,-0.0,0.0,1.0,1.0,0.0,0.0,0.4909883915074619,0.39279071320596953,0.34174161117484747,0.34174161117484747,0.011986656067578549,-0.022151016932632266
1702,26.28,0.053306613226452984,0.0,0.0,0.8,0.0,0.0,0.0,0.0,0.0,0.0,0.0,0,0,0.0,0.0,1.0,1.0,0.0,0.0,0.4450375664786591,0.3560300531829273,0.3467425658776754,0.3467425658776754,0.012250730563530378,-0.021468504432990757
1703,25.76,-0.019786910197869084,0.0,0.0,0.8,0.0,0.0,0.0,0.0,0.0,0.0,0.0,0,0,-0.0,0.0,1.0,1.0,0.0,0.0,0.3629430118206549,0.29035440945652397,0.32700671113027235,0.32700671113027235,0.011219829285470872,-0.018746455328976362
1704,26.53,0.029891304347826067,0.0,0.0,0.8,0.0,0.0,0.0,0.0,0.0,0.0,0.0,0,0,0.0,0.0,1.0,1.0,0.0,0.0,0.23276174689842508,0.18620939751874008,0.27772765136623606,0.27772765136623606,0.008781727014378229,-0.013626619000485786
1705,26.14,-0.014700339238597834,0.0,0.0,0.8,0.0,0.0,0.0,0.0,0.0,0.0,0.0,0,0,-0.0,0.0,1.0,1.0,0.0,0.0,0.39207565455891735,0.3136605236471339,0.29030415666455034,0.29030415666455034,0.009384932032886149,-0.01751169051679985
1706,26.05,-0.0034429992348890535,0.0,0.0,0.8,0.0,0.0,0.0,0.0,0.0,0.0,0.0,0,0,-0.0,0.0,1.0,1.0,0.0,0.0,0.32680715184818215,0.2614457214785457,0.28020370434944875,0.28020370434944875,0.008899427288285038,-0.01568165461635759
1707,25.99,-0.002303262955854214,0.0,0.0,0.8,0.0,0.0,0.0,0.0,0.0,0.0,0.0,0,0,-0.0,0.0,1.0,1.0,0.0,0.0,0.29944762333121056,0.23955809866496847,0.26597774235988064,0.26597774235988064,0.00823036685197218,-0.014448987892595118
1708,25.61,-0.014621008080030744,0.0,0.0,0.8,0.0,0.0,0.0,0.0,0.0,0.0,0.0,0,0,-0.0,0.0,1.0,1.0,0.0,0.0,0.11239332283778408,0.08991465827022727,0.20435566292850196,0.20435566292850196,0.00554282626078827,-0.007908128711246623
1709,27.48,0.0730183522061695,0.0,0.0,0.8,0.0,0.0,0.0,0.0,0.0,0.0,0.0,0,0,0.0,0.0,1.0,1.0,0.0,0.0,0.08756747871256927,0.07005398297005543,0.15735007494304568,0.15735007494304568,0.0037449987883760825,-0.00559888884985501
1710,27.69,0.0076419213973799435,0.0,0.0,0.8,0.0,0.0,0.0,0.0,0.0,0.0,0.0,0,0,0.0,0.0,1.0,1.0,0.0,0.0,0.2937400914262017,0.23499207314096138,0.18452477431231618,0.18452477431231618,0.004755906135524757,-0.010856952018904513
1711,28.6,0.03286384976525822,0.0,0.0,0.8,0.0,0.0,0.0,0.0,0.0,0.0,0.0,0,0,0.0,0.0,1.0,1.0,0.0,0.0,0.3479405142667153,0.27835241141337225,0.21736444729768578,0.21736444729768578,0.006080426137250478,-0.013298000731144812
1712,30.22,0.056643356643356554,0.0,0.0,0.8,0.0,0.0,0.0,0.0,0.0,0.0,0.0,0,0,0.0,0.0,1.0,1.0,0.0,0.0,0.46427280298474294,0.37141824238779436,0.25236444729768576,0.25236444729768576,0.007606651310730622,-0.01722067105221633
1713,32.31,0.06915949702183996,0.0,0.0,0.8,0.0,0.0,0.0,0.0,0.0,0.0,0.0,0,0,0.0,0.0,1.0,1.0,0.0,0.0,0.6256505890685805,0.5005204712548644,0.2873644472976858,0.2873644472976858,0.009242741454299033,-0.022181143589111794
1714,34.28,0.06097183534509436,0.0,0.0,0.8,0.0,0.0,0.0,0.0,0.0,0.0,0.0,0,0,0.0,0.0,1.0,1.0,0.0,0.0,0.7627212143149584,0.6101769714519668,0.32236444729768576,0.32236444729768576,0.010981760254826747,-0.026743817269714892
1715,32.67,-0.04696616102683779,0.0,0.0,0.8,0.0,0.0,0.0,0.0,0.0,0.0,0.0,0,0,-0.0,0.0,1.0,1.0,0.0,0.0,0.7952628378599254,0.6362102702879403,0.35736444729768574,0.35736444729768574,0.012817940952955893,-0.029250355412870355
1716,32.64,-0.0009182736455464076,0.0,0.0,0.8,0.0,0.0,0.0,0.0,0.0,0.0,0.0,0,0,-0.0,0.0,1.0,1.0,0.0,0.0,0.664178754475589,0.5313430035804713,0.3923644472976857,0.3923644472976857,0.0147463902541582,-0.028478472596355334
1717,34.72,0.06372549019607837,0.0,0.0,0.8,0.0,0.0,0.0,0.0,0.0,0.0,0.0,0,0,0.0,0.0,1.0,1.0,0.0,0.0,0.5883810659970035,0.47070485279760277,0.4197835892226567,0.4197835892226567,0.016318845666918404,-0.028489495626456675
1718,33.97,-0.021601382488479263,0.0,0.0,0.8,0.0,0.0,0.0,0.0,0.0,0.0,0.0,0,0,-0.0,0.0,1.0,1.0,0.0,0.0,0.6571780954451145,0.5257424763560916,0.4547835892226567,0.4547835892226567,0.018401720401614773,-0.03198958916778413
1719,35.32,0.03974094789520169,0.0,0.0,0.8,0.0,0.0,0.0,0.0,0.0,0.0,0.0,0,0,0.0,0.0,1.0,1.0,0.0,0.0,0.4043809283503227,0.3235047426802582,0.40883599293281725,0.40883599293281725,0.015684653720256334,-0.024064900844272978
1720,36.26,0.02661381653454127,0.0,0.0,0.8,0.0,0.0,0.0,0.0,0.0,0.0,0.0,0,0,0.0,0.0,1.0,1.0,0.0,0.0,0.37238299848231077,0.2979063987858486,0.37001063498137826,0.37001063498137826,0.013504315032041818,-0.02122540480077742
1721,36.02,-0.006618863761720764,0.0,0.0,0.8,0.0,0.0,0.0,0.0,0.0,0.0,0.0,0,0,-0.0,0.0,1.0,1.0,0.0,0.0,0.5800927933177525,0.46407423465420206,0.40293289486686656,0.40293289486686656,0.015346181715347811,-0.027346093257693514
1722,39.38,0.09328151027207104,0.0,0.0,0.8,0.0,0.0,0.0,0.0,0.0,0.0,0.0,0,0,0.0,0.0,1.0,1.0,0.0,0.0,0.5355169270893501,0.42841354167148005,0.4118511212484812,0.4118511212484812,0.01585848257700484,-0.02694013127504545
1723,43.35,0.10081259522600301,0.0,0.0,0.8,0.0,0.0,0.0,0.0,0.0,0.0,0.0,1,0,0.0,0.0,1.0,1.0,0.0,0.0,0.6725286450374812,0.538022916029985,0.44685112124848125,0.44685112124848125,0.01792237369309981,-0.03182646378087192
1724,42.89,-0.010611303344867378,0.0,0.0,0.8,0.0,0.0,0.0,0.0,0.0,0.0,0.0,0,0,-0.0,0.0,1.0,1.0,0.0,0.0,0.8641612788806262,0.6913290231045011,0.48185112124848123,0.48185112124848123,0.020068761013408397,-0.0379204833583493
1725,44.53,0.038237351363954314,0.0,0.0,0.8,0.0,0.0,0.0,0.0,0.0,0.0,0.0,0,0,0.0,0.0,1.0,1.0,0.0,0.0,0.7987912759452629,0.6390330207562104,0.5168511212484812,0.5168511212484812,0.022294587663819226,-0.03879968794829164
1726,44.13,-0.008982708286548362,0.0,0.0,0.8,0.0,0.0,0.0,0.0,0.0,0.0,0.0,0,0,-0.0,0.0,1.0,1.0,0.0,0.0,0.8173977343019752,0.6539181874415801,0.5518511212484812,0.5518511212484812,0.024597113453703766,-0.041485506780324456
1727,48.58,0.10083843190573295,0.0,0.0,0.8,0.0,0.0,0.0,0.0,0.0,0.0,0.0,1,0,0.0,0.0,1.0,1.0,0.0,0.0,0.7822014892708833,0.6257611914167067,0.5777196458073601,0.5777196458073601,0.026346744197011673,-0.04251009487599187
1728,47.58,-0.02058460271716756,0.0,0.0,0.8,0.0,0.0,0.0,0.0,0.0,0.0,0.0,0,0,-0.0,0.0,1.0,1.0,0.0,0.0,0.8433981414259669,0.6747185131407736,0.6116692493740548,0.6116692493740548,0.028702929337943765,-0.04612693105131868
1729,44.96,-0.05506515342580911,0.0,0.0,0.8,0.0,0.0,0.0,0.0,0.0,0.0,0.0,0,0,-0.0,0.0,1.0,1.0,0.0,0.0,0.6206573416630079,0.4965258733304063,0.5713690677587778,0.5713690677587778,0.025913515719703965,-0.03874905695796193
1730,45.5,0.01201067615658361,0.0,0.0,0.8,0.0,0.0,0.0,0.0,0.0,0.0,0.0,0,0,0.0,0.0,1.0,1.0,0.0,0.0,0.40808625031550116,0.32646900025240094,0.4856540441315459,0.4856540441315459,0.020306812773527468,-0.028763389530026794
1731,47.67,0.04769230769230773,0.0,0.0,0.8,0.0,0.0,0.0,0.0,0.0,0.0,0.0,0,0,0.0,0.0,1.0,1.0,0.0,0.0,0.31714755821442236,0.2537180465715379,0.40447644498554314,0.40447644498554314,0.015434448044500849,-0.02201768774371795
1732,45.15,-0.05286343612334808,0.0,0.0,0.8,0.0,0.0,0.0,0.0,0.0,0.0,0.0,0,0,-0.0,0.0,1.0,1.0,0.0,0.0,0.5041813788141012,0.40334510305128096,0.4040804753085514,0.4040804753085514,0.01541178883598962,-0.025847925239560105
1733,45.39,0.005315614617940244,0.0,0.0,0.8,0.0,0.0,0.0,0.0,0.0,0.0,0.0,0,0,0.0,0.0,1.0,1.0,0.0,0.0,0.0,0.0,0.2626523089505584,0.2626523089505584,0.008076497907276395,-0.008126497907276395
1734,48.61,0.07094073584489974,0.0,0.0,0.8,0.0,0.0,0.0,0.0,0.0,0.0,0.0,0,0,0.0,0.0,1.0,1.0,0.0,0.0,0.029791949086965475,0.023833559269572382,0.17906574656221333,0.17906574656221333,0.004546424956157562,-0.0052101391073490514
1735,53.5,0.1005965850648015,0.0,0.0,0.8,0.0,0.0,0.0,0.0,0.0,0.0,0.0,1,0,0.0,0.0,1.0,1.0,0.0,0.0,0.4635910816716702,0.37087286533733616,0.21406574656221333,0.21406574656221333,0.005942538719328809,-0.015542515001765215
1736,55.29,0.03345794392523363,0.0,0.0,0.8,0.0,0.0,0.0,0.0,0.0,0.0,0.0,0,0,0.0,0.0,1.0,1.0,0.0,0.0,0.7170066772604833,0.5736053418083866,0.2490657465622133,0.2490657465622133,0.007457997897124135,-0.02227833544869009
1737,53.55,-0.03147042864894198,0.0,0.0,0.8,0.0,0.0,0.0,0.0,0.0,0.0,0.0,0,0,-0.0,0.0,1.0,1.0,0.0,0.0,0.704197830292584,0.5633582642340672,0.2840657465622133,0.2840657465622133,0.009084050775415674,-0.023640526079442906
1738,53.91,0.006722689075630242,0.0,0.0,0.8,0.0,0.0,0.0,0.0,0.0,0.0,0.0,0,0,0.0,0.0,1.0,1.0,0.0,0.0,0.6729075757145082,0.5383260605716066,0.3190657465622133,0.3190657465622133,0.010813630472750047,-0.024725526532468914
1739,52.8,-0.02058987200890372,0.0,0.0,0.8,0.0,0.0,0.0,0.0,0.0,0.0,0.0,0,0,-0.0,0.0,1.0,1.0,0.0,0.0,0.6545179928541313,0.523614394283305,0.35406574656221335,0.35406574656221335,0.012640874541189106,-0.026173945193984208
1740,55.5,0.051136363636363695,0.0,0.0,0.8,0.0,0.0,0.0,0.0,0.0,0.0,0.0,0,0,0.0,0.0,1.0,1.0,0.0,0.0,0.4319680443431655,0.3455744354745324,0.351093787681525,0.351093787681525,0.01248205143787564,-0.02143059315134485
1741,51.07,-0.07981981981981981,0.0,0.0,0.8,0.0,0.0,0.0,0.0,0.0,0.0,0.0,0,0,-0.0,0.0,1.0,1.0,0.0,0.0,0.3458951110263939,0.27671608882111515,0.3250615930803816,0.3250615930803816,0.011119870755687765,-0.01829531004283148
1742,48.46,-0.05110632465243782,0.0,0.0,0.8,0.0,0.0,0.0,0.0,0.0,0.0,0.0,0,0,-0.0,0.0,1.0,1.0,0.0,0.0,0.0,0.0,0.21129003550224804,0.21129003550224804,0.005827332170407939,-0.0058773321704079385
1743,53.34,0.10070160957490719,0.0,0.0,0.8,0.0,0.0,0.0,0.0,0.0,0.0,0.0,1,0,0.0,0.0,1.0,1.0,0.0,0.0,0.0,0.0,0.13733852307646122,0.13733852307646122,0.0030537945062807524,-0.0031037945062807526
1744,58.71,0.10067491563554551,0.0,0.0,0.8,0.0,0.0,0.0,0.0,0.0,0.0,0.0,1,0,0.0,0.0,1.0,1.0,0.0,0.0,0.09439585968711876,0.07551668774969501,0.11570088071209304,0.11570088071209304,0.002361327623164645,-0.0043558823327192915
1745,61.57,0.04871401805484584,0.0,0.0,0.8,0.0,0.0,0.0,0.0,0.0,0.0,0.0,0,0,0.0,0.0,1.0,1.0,0.0,0.0,0.5352619561816025,0.42820956494528206,0.15070088071209303,0.15070088071209303,0.00351014402143513,-0.014586540318776141
1746,59.57,-0.0324833522819555,0.0,0.0,0.8,0.0,0.0,0.0,0.0,0.0,0.0,0.0,0,0,-0.0,0.0,1.0,1.0,0.0,0.0,0.5699056322736245,0.4559245058188996,0.18570088071209306,0.18570088071209306,0.004801447621515325,-0.01659150364635199
1747,59.4,-0.0028537854624811434,0.0,0.0,0.8,0.0,0.0,0.0,0.0,0.0,0.0,0.0,0,0,-0.0,0.0,1.0,1.0,0.0,0.0,0.5986812139430057,0.47894497115440454,0.2207008807120931,0.2207008807120931,0.006220959152472836,-0.018603792159698755
1748,60.79,0.02340067340067341,0.0,0.0,0.8,0.0,0.0,0.0,0.0,0.0,0.0,0.0,0,0,0.0,0.0,1.0,1.0,0.0,0.0,0.6368181666579944,0.5094545333263956,0.25570088071209307,0.25570088071209307,0.007757996622515241,-0.020926450855669926
1749,64.03,0.05329823984207932,0.0,0.0,0.8,0.0,0.0,0.0,0.0,0.0,0.0,0.0,0,0,0.0,0.0,1.0,1.0,0.0,0.0,0.5566481124330593,0.4453184899464475,0.29070088071209305,0.29070088071209305,0.009404176503916874,-0.020921127620037894
1750,65.77,0.027174761830391924,0.0,0.0,0.8,0.0,0.0,0.0,0.0,0.0,0.0,0.0,0,0,0.0,0.0,1.0,1.0,0.0,0.0,0.5083938014460795,0.40671504115686363,0.325700880712093,0.325700880712093,0.011152690488950569,-0.021675602798739806
1751,70.17,0.06689980234149318,0.0,0.0,0.8,0.0,0.0,0.0,0.0,0.0,0.0,0.0,0,0,0.0,0.0,1.0,1.0,0.0,0.0,0.4648935773770017,0.3719148619016014,0.34187577412842096,0.34187577412842096,0.01199371544937904,-0.021620523143345276
1752,70.54,0.0052729086504204725,0.0,0.0,0.8,0.0,0.0,0.0,0.0,0.0,0.0,0.0,0,0,0.0,0.0,1.0,1.0,0.0,0.0,0.7179325950775326,0.5743460760620261,0.37687577412842094,0.37687577412842094,0.013881889488040356,-0.028721300946637527
1753,68.3,-0.031755032605613964,0.0,0.0,0.8,0.0,0.0,0.0,0.0,0.0,0.0,0.0,0,0,-0.0,0.0,1.0,1.0,0.0,0.0,0.708846791307632,0.5670774330461056,0.4118757741284209,0.4118757741284209,0.015859906500956908,-0.030512150401894124
1754,68.13,-0.0024890190336749884,0.0,0.0,0.8,0.0,0.0,0.0,0.0,0.0,0.0,0.0,0,0,-0.0,0.0,1.0,1.0,0.0,0.0,0.5530085686811265,0.4424068549449012,0.422561652414189,0.422561652414189,0.016481106797800633,-0.02792308331263184
1755,64.54,-0.05269338030236297,0.0,0.0,0.8,0.0,0.0,0.0,0.0,0.0,0.0,0.0,0,0,-0.0,0.0,1.0,1.0,0.0,0.0,0.3946838138591442,0.3157470510873154,0.38517654194978324,0.38517654194978324,0.014343032917131418,-0.02252351948262979
1756,66.25,0.02649519677719234,0.0,0.0,0.8,0.0,0.0,0.0,0.0,0.0,0.0,0.0,0,0,0.0,0.0,1.0,1.0,0.0,0.0,0.061551337279671686,0.049241069823737355,0.26759912670566716,0.26759912670566716,0.008305739160526905,-0.009623696708488142
1757,65.68,-0.008603773584905557,0.0,0.0,0.8,0.0,0.0,0.0,0.0,0.0,0.0,0.0,0,0,-0.0,0.0,1.0,1.0,0.0,0.0,0.0,0.0,0.17393943235868367,0.17393943235868367,0.004352595643649809,-0.004402595643649808
1758,68.12,0.03714981729598047,0.0,0.0,0.8,0.0,0.0,0.0,0.0,0.0,0.0,0.0,0,0,0.0,0.0,1.0,1.0,0.0,0.0,0.0,0.0,0.11306063103314438,0.11306063103314438,0.0022809636169597016,-0.0023309636169597018
1759,66.08,-0.029947152084556755,0.0,0.0,0.8,0.0,0.0,0.0,0.0,0.0,0.0,0.0,0,0,-0.0,0.0,1.0,1.0,0.0,0.0,0.14482912122638603,0.11586329698110882,0.11404156411493194,0.11404156411493194,0.0023107129491601324,-0.005344192846423685
1760,63.15,-0.04434019370460048,0.0,0.0,0.8,0.0,0.0,0.0,0.0,0.0,0.0,0.0,0,0,-0.0,0.0,1.0,1.0,0.0,0.0,0.0006940418202754234,0.0005552334562203388,0.07432134838438288,0.07432134838438288,0.0012156865752359438,-0.0012799838367336175
1761,59.39,-0.05954077593032459,0.0,0.0,0.8,0.0,0.0,0.0,0.0,0.0,0.0,0.0,0,0,-0.0,0.0,1.0,1.0,0.0,0.0,0.0,0.0,0.048308876449848874,0.048308876449848874,0.0006370766031954034,-0.0006870766031954035
1762,63.05,0.061626536453948416,0.0,0.0,0.8,0.0,0.0,0.0,0.0,0.0,0.0,0.0,0,0,0.0,0.0,1.0,1.0,0.0,0.0,0.0,0.0,0.03140076969240177,0.03140076969240177,0.0003338579257241711,-0.00038385792572417113
1763,63.26,0.0033306899286280867,0.0,0.0,0.8,0.0,0.0,0.0,0.0,0.0,0.0,0.0,0,0,0.0,0.0,1.0,1.0,0.0,0.0,0.0,0.0,0.02041050030006115,0.02041050030006115,0.0001749571621525377,-0.0002249571621525377
1764,59.68,-0.0565918431868479,0.0,0.0,0.8,0.0,0.0,0.0,0.0,0.0,0.0,0.0,0,0,-0.0,0.0,1.0,1.0,0.0,0.0,0.0,0.0,0.01326682519503975,0.01326682519503975,9.168573285200051e-05,-0.0001416857328520005
1765,61.73,0.03434986595174258,0.0,0.0,0.8,0.0,0.0,0.0,0.0,0.0,0.0,0.0,0,0,0.0,0.0,1.0,1.0,0.0,0.0,0.0,0.0,0.008623436376775838,0.008623436376775838,4.804761065614068e-05,-9.804761065614068e-05
1766,67.67,0.09622549813704852,0.0,0.0,0.8,0.0,0.0,0.0,0.0,0.0,0.0,0.0,0,0,0.0,0.0,1.0,1.0,0.0,0.0,0.0,0.0,0.005605233644904295,0.005605233644904295,2.5179194384480643e-05,-7.517919438448065e-05
1767,65.13,-0.03753509679326151,0.0,0.0,0.8,0.0,0.0,0.0,0.0,0.0,0.0,0.0,0,0,-0.0,0.0,1.0,1.0,0.0,0.0,0.40834422942125204,0.32667538353700165,0.0406052336449043,0.0406052336449043,0.0004909353118943624,-0.008952826437972154
1768,63.66,-0.022570244127130337,0.0,0.0,0.8,0.0,0.0,0.0,0.0,0.0,0.0,0.0,0,0,-0.0,0.0,1.0,1.0,0.0,0.0,0.09901040167572404,0.07920832134057924,0.05411631433839053,0.05411631433839053,0.000755341882850845,-0.0028449561573707606
1769,66.92,0.051209550738297284,0.0,0.0,0.8,0.0,0.0,0.0,0.0,0.0,0.0,0.0,0,0,0.0,0.0,1.0,1.0,0.0,0.0,0.0,0.0,0.03517560431995385,0.03517560431995385,0.0003958344615958617,-0.00044583446159586173
1770,72.43,0.08233711894799768,0.0,0.0,0.8,0.0,0.0,0.0,0.0,0.0,0.0,0.0,0,0,0.0,0.0,1.0,1.0,0.0,0.0,0.34660122673322213,0.2772809813865777,0.07017560431995384,0.07017560431995384,0.0011153996202193318,-0.008305384890923709
1771,73.66,0.01698191357172428,0.0,0.0,0.8,0.0,0.0,0.0,0.0,0.0,0.0,0.0,0,0,0.0,0.0,1.0,1.0,0.0,0.0,0.5380763137802859,0.4304610510242287,0.10517560431995385,0.10517560431995385,0.0020465566678912056,-0.013180928731765094
1772,80.47,0.09245180559326639,0.0,0.0,0.8,0.0,0.0,0.0,0.0,0.0,0.0,0.0,0,0,0.0,0.0,1.0,1.0,0.0,0.0,0.41345535414228296,0.3307642833138264,0.14017560431995385,0.14017560431995385,0.0031489075196487522,-0.01171608781497978
1773,77.64,-0.035168385733813826,0.0,0.0,0.8,0.0,0.0,0.0,0.0,0.0,0.0,0.0,0,0,-0.0,0.0,1.0,1.0,0.0,0.0,0.7257181637601351,0.5805745310081081,0.17517560431995385,0.17517560431995385,0.004399078247771564,-0.019398872421230347
1774,71.67,-0.07689335394126737,0.0,0.0,0.8,0.0,0.0,0.0,0.0,0.0,0.0,0.0,0,0,-0.0,0.0,1.0,1.0,0.0,0.0,0.6582780309589779,0.5266224247671824,0.21017560431995386,0.21017560431995386,0.0057812893702909735,-0.019391816808045918
1775,74.56,0.040323705874145396,0.0,0.0,0.8,0.0,0.0,0.0,0.0,0.0,0.0,0.0,0,0,0.0,0.0,1.0,1.0,0.0,0.0,0.30378512126686885,0.2430280970134951,0.2216739767626933,0.2216739767626933,0.006262147877785697,-0.012570121375883194
1776,73.16,-0.018776824034334838,0.0,0.0,0.8,0.0,0.0,0.0,0.0,0.0,0.0,0.0,0,0,-0.0,0.0,1.0,1.0,0.0,0.0,0.2390310047433227,0.19122480379465817,0.211016766223881,0.211016766223881,0.00581603076766094,-0.010790069465373388
1777,74.91,0.023920174958993987,0.0,0.0,0.8,0.0,0.0,0.0,0.0,0.0,0.0,0.0,0,0,0.0,0.0,1.0,1.0,0.0,0.0,0.09480412941127789,0.07584330352902231,0.16370605428068044,0.16370605428068044,0.003974187581828784,-0.0059771526477011075
1778,75.89,0.013082365505273048,0.0,0.0,0.8,0.0,0.0,0.0,0.0,0.0,0.0,0.0,0,0,0.0,0.0,1.0,1.0,0.0,0.0,0.0,0.0,0.10640893528244229,0.10640893528244229,0.0020826601006114142,-0.0021326601006114144
1779,72.37,-0.04638292265120564,0.0,0.0,0.8,0.0,0.0,0.0,0.0,0.0,0.0,0.0,0,0,-0.0,0.0,1.0,1.0,0.0,0.0,0.08469301728255586,0.06775441382604469,0.09287985277270314,0.09287985277270314,0.00169837476319099,-0.003493050919211641
1780,71.17,-0.016581456404587573,0.0,0.0,0.8,0.0,0.0,0.0,0.0,0.0,0.0,0.0,0,0,-0.0,0.0,1.0,1.0,0.0,0.0,0.10156223202196397,0.08124978561757118,0.08880932926840696,0.08880932926840696,0.0015879584531230315,-0.0037301404327754898
1781,67.7,-0.04875649852465925,0.0,0.0,0.8,0.0,0.0,0.0,0.0,0.0,0.0,0.0,0,0,-0.0,0.0,1.0,1.0,0.0,0.0,0.0,0.0,0.05772606402446452,0.05772606402446452,0.000832164472273377,-0.000882164472273377
1782,68.27,0.008419497784342587,0.0,0.0,0.8,0.0,0.0,0.0,0.0,0.0,0.0,0.0,0,0,0.0,0.0,1.0,1.0,0.0,0.0,0.0,0.0,0.03752194161590194,0.03752194161590194,0.0004360930901889125,-0.00048609309018891254
1783,67.66,-0.0089351105903032,0.0,0.0,0.8,0.0,0.0,0.0,0.0,0.0,0.0,0.0,0,0,-0.0,0.0,1.0,1.0,0.0,0.0,0.0,0.0,0.02438926205033626,0.02438926205033626,0.00022853316819807618,-0.0002785331681980762
1784,63.94,-0.054980786284362974,0.0,0.0,0.8,0.0,0.0,0.0,0.0,0.0,0.0,0.0,0,0,-0.0,0.0,1.0,1.0,0.0,0.0,0.0,0.0,0.01585302033271857,0.01585302033271857,0.00011976206489313012,-0.00016976206489313013
1785,64.61,0.01047857366280891,0.0,0.0,0.8,0.0,0.0,0.0,0.0,0.0,0.0,0.0,0,0,0.0,0.0,1.0,1.0,0.0,0.0,0.0,0.0,0.010304463216267072,0.010304463216267072,6.276092131639668e-05,-0.00011276092131639668
1786,64.39,-0.0034050456585667677,0.0,0.0,0.8,0.0,0.0,0.0,0.0,0.0,0.0,0.0,0,0,-0.0,0.0,1.0,1.0,0.0,0.0,0.0,0.0,0.006697901090573597,0.006697901090573597,3.288965707127587e-05,-8.288965707127587e-05
1787,64.73,0.0052803230315266875,0.0,0.0,0.8,0.0,0.0,0.0,0.0,0.0,0.0,0.0,0,0,0.0,0.0,1.0,1.0,0.0,0.0,0.0,0.0,0.004353635708872839,0.004353635708872839,1.7235718016515446e-05,-6.723571801651546e-05
1788,65.61,0.013594932797775303,0.0,0.0,0.8,0.0,0.0,0.0,0.0,0.0,0.0,0.0,0,0,0.0,0.0,1.0,1.0,0.0,0.0,0.0,0.0,0.002829863210767345,0.002829863210767345,9.032322073199137e-06,-5.903232207319914e-05
1789,60.34,-0.08032312147538478,0.0,0.0,0.8,0.0,0.0,0.0,0.0,0.0,0.0,0.0,0,0,-0.0,0.0,1.0,1.0,0.0,0.0,0.0,0.0,0.0018394110869987745,0.0018394110869987745,4.733359060285555e-06,-5.473335906028556e-05
1790,55.61,-0.07838912827311906,0.0,0.0,0.8,0.0,0.0,0.0,0.0,0.0,0.0,0.0,0,0,-0.0,0.0,1.0,1.0,0.0,0.0,0.0,0.0,0.0011956172065492035,0.0011956172065492035,2.4805014493523135e-06,-5.2480501449352316e-05
1791,56.28,0.012048192771084367,0.0,0.0,0.8,0.0,0.0,0.0,0.0,0.0,0.0,0.0,0,0,0.0,0.0,1.0,1.0,0.0,0.0,0.0,0.0,0.0007771511842569823,0.0007771511842569823,1.2998987319309208e-06,-5.129989873193092e-05
1792,58.6,0.0412224591329069,0.0,0.0,0.8,0.0,0.0,0.0,0.0,0.0,0.0,0.0,0,0,0.0,0.0,1.0,1.0,0.0,0.0,0.0,0.0,0.0005051482697670385,0.0005051482697670385,6.812077105283792e-07,-5.068120771052838e-05
1793,59.94,0.022866894197952153,0.0,0.0,0.8,0.0,0.0,0.0,0.0,0.0,0.0,0.0,0,0,0.0,0.0,1.0,1.0,0.0,0.0,0.0,0.0,0.00032834637534857506,0.00032834637534857506,3.569846892565292e-07,-5.035698468925653e-05
1794,60.39,0.007507507507507555,0.0,0.0,0.8,0.0,0.0,0.0,0.0,0.0,0.0,0.0,0,0,0.0,0.0,1.0,1.0,0.0,0.0,0.0,0.0,0.0002134251439765738,0.0002134251439765738,1.8707666750385616e-07,-5.018707666750386e-05
1795,59.48,-0.015068719986752835,0.0,0.0,0.8,0.0,0.0,0.0,0.0,0.0,0.0,0.0,0,0,-0.0,0.0,1.0,1.0,0.0,0.0,0.0,0.0,0.00013872634358477298,0.00013872634358477298,9.803692028707434e-08,-5.009803692028708e-05
1796,60.63,0.019334229993275148,0.0,0.0,0.8,0.0,0.0,0.0,0.0,0.0,0.0,0.0,0,0,0.0,0.0,1.0,1.0,0.0,0.0,0.06776653858988954,0.054213230871911634,0.019064802928499172,0.019064802928499172,0.0001579427629181137,-0.0016039334578698385
1797,61.35,0.011875309252845107,0.0,0.0,0.8,0.0,0.0,0.0,0.0,0.0,0.0,0.0,0,0,0.0,0.0,1.0,1.0,0.0,0.0,0.12486923258300882,0.09989538606640706,0.047355507026766934,0.047355507026766934,0.0006183110197472868,-0.0032406172109572685
1798,61.07,-0.0045639771801141175,0.0,0.0,0.8,0.0,0.0,0.0,0.0,0.0,0.0,0.0,0,0,-0.0,0.0,1.0,1.0,0.0,0.0,0.07653857597935335,0.06123086078348268,0.052211880841617445,0.052211880841617445,0.0007158223557712819,-0.002342517020945961
1799,60.79,-0.004584902570820388,0.0,0.0,0.8,0.0,0.0,0.0,0.0,0.0,0.0,0.0,0,0,-0.0,0.0,1.0,1.0,0.0,0.0,0.005775458865626137,0.00462036709250091,0.035554851029426654,0.035554851029426654,0.00040225323492936284,-0.0005712276875612613
1800,63.08,0.03767066951801282,0.0,0.0,0.8,0.0,0.0,0.0,0.0,0.0,0.0,0.0,0,0,0.0,0.0,1.0,1.0,0.0,0.0,0.0,0.0,0.023110653169127325,0.023110653169127325,0.00021079950190568182,-0.0002607995019056818
1801,67.66,0.07260621433100822,0.0,0.0,0.8,0.0,0.0,0.0,0.0,0.0,0.0,0.0,0,0,0.0,0.0,1.0,1.0,0.0,0.0,0.194627225338919,0.1557017802711352,0.05811065316912732,0.05811065316912732,0.0008404945193246857,-0.004899815361306417
1802,64.88,-0.04108779190067989,0.0,0.0,0.8,0.0,0.0,0.0,0.0,0.0,0.0,0.0,0,0,-0.0,0.0,1.0,1.0,0.0,0.0,0.4289978540892207,0.3431982832713766,0.09311065316912731,0.09311065316912731,0.0017047092206241784,-0.010592065014862125
1803,61.97,-0.04485203452527738,0.0,0.0,0.8,0.0,0.0,0.0,0.0,0.0,0.0,0.0,0,0,-0.0,0.0,1.0,1.0,0.0,0.0,0.23400946190973132,0.18720756952778506,0.1260445738946575,0.1260445738946575,0.002684957910217032,-0.0075555528255574975
1804,61.42,-0.008875262223656562,0.0,0.0,0.8,0.0,0.0,0.0,0.0,0.0,0.0,0.0,0,0,-0.0,0.0,1.0,1.0,0.0,0.0,0.04901417129272152,0.03921133703417722,0.09565294099348941,0.09565294099348941,0.0017750015710802684,-0.002834693499710332
1805,58.81,-0.042494301530446095,0.0,0.0,0.8,0.0,0.0,0.0,0.0,0.0,0.0,0.0,0,0,-0.0,0.0,1.0,1.0,0.0,0.0,0.02566080082562739,0.020528640660501914,0.06935943587694379,0.06935943587694379,0.0010959975383744937,-0.001674610035382418
1806,58.62,-0.0032307430709063905,0.0,0.0,0.8,0.0,0.0,0.0,0.0,0.0,0.0,0.0,0,0,-0.0,0.0,1.0,1.0,0.0,0.0,0.0,0.0,0.045083633320013465,0.045083633320013465,0.0005743539519819334,-0.0006243539519819334
1807,61.17,0.04350051177072679,0.0,0.0,0.8,0.0,0.0,0.0,0.0,0.0,0.0,0.0,0,0,0.0,0.0,1.0,1.0,0.0,0.0,0.0,0.0,0.029304361658008753,0.029304361658008753,0.0003009883239760953,-0.00035098832397609535
1808,57.95,-0.05264018309628901,0.0,0.0,0.8,0.0,0.0,0.0,0.0,0.0,0.0,0.0,0,0,-0.0,0.0,1.0,1.0,0.0,0.0,0.0,0.0,0.019047835077705688,0.019047835077705688,0.00015773195406303846,-0.00020773195406303846
1809,57.97,0.0003451251078515275,0.0,0.0,0.8,0.0,0.0,0.0,0.0,0.0,0.0,0.0,0,0,0.0,0.0,1.0,1.0,0.0,0.0,0.0,0.0,0.012381092800508697,0.012381092800508697,8.265891847193518e-05,-0.0001326589184719352
1810,60.29,0.04002070036225634,0.0,0.0,0.8,0.0,0.0,0.0,0.0,0.0,0.0,0.0,0,0,0.0,0.0,1.0,1.0,0.0,0.0,0.0,0.0,0.008047710320330654,0.008047710320330654,4.331713788456194e-05,-9.331713788456194e-05
1811,62.53,0.0371537568419307,0.0,0.0,0.8,0.0,0.0,0.0,0.0,0.0,0.0,0.0,0,0,0.0,0.0,1.0,1.0,0.0,0.0,0.06682540024264079,0.053460320194112634,0.023942123776154345,0.023942123776154345,0.00022227737428706903,-0.0016488806192854694
1812,64.81,0.036462498000959555,0.0,0.0,0.8,0.0,0.0,0.0,0.0,0.0,0.0,0.0,0,0,0.0,0.0,1.0,1.0,0.0,0.0,0.22937023637606768,0.18349618910085416,0.05894212377615435,0.05894212377615435,0.0008585980949451697,-0.005633624964292164
1813,66.39,0.02437895386514424,0.0,0.0,0.8,0.0,0.0,0.0,0.0,0.0,0.0,0.0,0,0,0.0,0.0,1.0,1.0,0.0,0.0,0.25785064456115536,0.2062805156489243,0.09394212377615435,0.09394212377615435,0.0017275944956163874,-0.007089317773576188
1814,63.51,-0.04338002711251698,0.0,0.0,0.8,0.0,0.0,0.0,0.0,0.0,0.0,0.0,0,0,-0.0,0.0,1.0,1.0,0.0,0.0,0.4671532411755552,0.3737225929404442,0.12894212377615435,0.12894212377615435,0.0027780718833467304,-0.012451428651563167
1815,64.91,0.022043772634230806,0.0,0.0,0.8,0.0,0.0,0.0,0.0,0.0,0.0,0.0,0,0,0.0,0.0,1.0,1.0,0.0,0.0,0.3023442518246523,0.24187540145972186,0.16394212377615436,0.16394212377615436,0.003982787043254548,-0.010261078630842385
1816,63.9,-0.015560006162378648,0.0,0.0,0.8,0.0,0.0,0.0,0.0,0.0,0.0,0.0,0,0,-0.0,0.0,1.0,1.0,0.0,0.0,0.2851290644391998,0.22810325155135983,0.18639851849747627,0.18639851849747627,0.004828530007731388,-0.010752188735178903
1817,61.72,-0.03411580594679186,0.0,0.0,0.8,0.0,0.0,0.0,0.0,0.0,0.0,0.0,0,0,-0.0,0.0,1.0,1.0,0.0,0.0,0.10739022990813785,0.08591218392651029,0.15122830139763818,0.15122830139763818,0.003528587259008278,-0.005790825995115918
1818,63.34,0.026247569669475123,0.0,0.0,0.8,0.0,0.0,0.0,0.0,0.0,0.0,0.0,0,0,0.0,0.0,1.0,1.0,0.0,0.0,0.0,0.0,0.09829839590846483,0.09829839590846483,0.0018491446980166573,-0.0018991446980166572
1819,63.72,0.005999368487527556,0.0,0.0,0.8,0.0,0.0,0.0,0.0,0.0,0.0,0.0,0,0,0.0,0.0,1.0,1.0,0.0,0.0,0.0,0.0,0.06389395734050214,0.06389395734050214,0.0009690382760051485,-0.0010190382760051485
1820,62.82,-0.014124293785310712,0.0,0.0,0.8,0.0,0.0,0.0,0.0,0.0,0.0,0.0,0,0,-0.0,0.0,1.0,1.0,0.0,0.0,0.040812398646217864,0.032649918916974295,0.052958543892267396,0.052958543892267396,0.0007312321937960076,-0.0016219676059080956
1821,61.0,-0.02897166507481694,0.0,0.0,0.8,0.0,0.0,0.0,0.0,0.0,0.0,0.0,0,0,-0.0,0.0,1.0,1.0,0.0,0.0,0.0,0.0,0.03442305352997381,0.03442305352997381,0.0003831998573154186,-0.00043319985731541863
1822,61.15,0.0024590163934425997,0.0,0.0,0.8,0.0,0.0,0.0,0.0,0.0,0.0,0.0,0,0,0.0,0.0,1.0,1.0,0.0,0.0,0.0,0.0,0.022374984794482976,0.022374984794482976,0.00020081464122122863,-0.00025081464122122865
1823,60.6,-0.008994276369582947,0.0,0.0,0.8,0.0,0.0,0.0,0.0,0.0,0.0,0.0,0,0,-0.0,0.0,1.0,1.0,0.0,0.0,0.0,0.0,0.014543740116413935,0.014543740116413935,0.00010523626081524685,-0.00015523626081524684
1824,59.1,-0.02475247524752475,0.0,0.0,0.8,0.0,0.0,0.0,0.0,0.0,0.0,0.0,0,0,-0.0,0.0,1.0,1.0,0.0,0.0,0.0,0.0,0.009453431075669058,0.009453431075669058,5.5148720845379916e-05,-0.00010514872084537992
1825,59.67,0.009644670050761426,0.0,0.0,0.8,0.0,0.0,0.0,0.0,0.0,0.0,0.0,0,0,0.0,0.0,1.0,1.0,0.0,0.0,0.0,0.0,0.0061447301991848875,0.0061447301991848875,2.8900508126387166e-05,-7.890050812638716e-05
1826,60.46,0.013239483827719107,0.0,0.0,0.8,0.0,0.0,0.0,0.0,0.0,0.0,0.0,0,0,0.0,0.0,1.0,1.0,0.0,0.0,0.0,0.0,0.003994074629470177,0.003994074629470177,1.5145217462162457e-05,-6.514521746216245e-05
1827,63.0,0.0420112471055243,0.0,0.0,0.8,0.0,0.0,0.0,0.0,0.0,0.0,0.0,0,0,0.0,0.0,1.0,1.0,0.0,0.0,0.0,0.0,0.002596148509155615,0.002596148509155615,7.936802044209076e-06,-5.793680204420908e-05
1828,60.9,-0.033333333333333354,0.0,0.0,0.8,0.0,0.0,0.0,0.0,0.0,0.0,0.0,0,0,-0.0,0.0,1.0,1.0,0.0,0.0,0.11537488765538123,0.092299910124305,0.0339924650744579,0.0339924650744579,0.0003760323773398638,-0.0028027550630407173
1829,59.67,-0.02019704433497532,0.0,0.0,0.8,0.0,0.0,0.0,0.0,0.0,0.0,0.0,0,0,-0.0,0.0,1.0,1.0,0.0,0.0,0.0,0.0,0.022095102298397635,0.022095102298397635,0.00019705854660826365,-0.0002470585466082637
1830,61.56,0.031674208144796386,0.0,0.0,0.8,0.0,0.0,0.0,0.0,0.0,0.0,0.0,0,0,0.0,0.0,1.0,1.0,0.0,0.0,0.0,0.0,0.014361816493958464,0.014361816493958464,0.0001032678916269601,-0.0001532678916269601
1831,62.75,0.019330734243014906,0.0,0.0,0.8,0.0,0.0,0.0,0.0,0.0,0.0,0.0,0,0,0.0,0.0,1.0,1.0,0.0,0.0,0.07756025073524969,0.06204820058819976,0.031052050926942916,0.031052050926942916,0.0003283119457795228,-0.0019760531109256664
1832,60.11,-0.042071713147410365,0.0,0.0,0.8,0.0,0.0,0.0,0.0,0.0,0.0,0.0,0,0,-0.0,0.0,1.0,1.0,0.0,0.0,0.1237824063645034,0.09902592509160273,0.05484290688457384,0.05484290688457384,0.0007706052250285334,-0.003370522796137303
1833,59.26,-0.014140741973049433,0.0,0.0,0.8,0.0,0.0,0.0,0.0,0.0,0.0,0.0,0,0,-0.0,0.0,1.0,1.0,0.0,0.0,0.0,0.0,0.035647889474973,0.035647889474973,0.0004038331665137668,-0.0004538331665137668
