step,close,price_return,action_delta,raw_target,risk_cap,shielded_target,target_position,prev_position,position,executed_trade,locked_position,sellable_position,limit_up,limit_down,pnl,cost,equity,max_equity,drawdown,dd_increase,signal,desired_pos,part_gap,part_pen,reward
1,14.17,-0.008397480755773214,-1.0,0.0,0.8,0.0,0.0,0.0,0.0,0.0,0.0,0.0,0,0,-0.0,0.0,1.0,1.0,0.0,0.0,0.0,0.0,0.0,0.0,-5e-05
2,13.47,-0.04940014114326036,-1.0,0.0,0.8,0.0,0.0,0.0,0.0,0.0,0.0,0.0,0,0,-0.0,0.0,1.0,1.0,0.0,0.0,0.0,0.0,0.0,0.0,-5e-05
3,14.78,0.09725315515961386,-1.0,0.0,0.8,0.0,0.0,0.0,0.0,0.0,0.0,0.0,0,0,0.0,0.0,1.0,1.0,0.0,0.0,0.0,0.0,0.0,0.0,-5e-05
4,14.44,-0.0230040595399188,-1.0,0.0,0.8,0.0,0.0,0.0,0.0,0.0,0.0,0.0,0,0,-0.0,0.0,1.0,1.0,0.0,0.0,0.14963265185447233,0.11970612148357787,0.11970612148357787,0.002484996549344553,-0.005617429177546683
5,14.66,0.015235457063711957,-1.0,0.0,0.8,0.0,0.0,0.0,0.0,0.0,0.0,0.0,0,0,0.0,0.0,1.0,1.0,0.0,0.0,0.02064851611415025,0.016518812891320202,0.016518812891320202,0.0001273853548793284,-0.0006027447868308236
6,14.51,-0.010231923601637131,-1.0,0.0,0.8,0.0,0.0,0.0,0.0,0.0,0.0,0.0,0,0,-0.0,0.0,1.0,1.0,0.0,0.0,0.06011938610801598,0.048095508886412786,0.048095508886412786,0.0006328605681161749,-0.001921319921941304
7,14.03,-0.033080634045485904,-1.0,0.0,0.8,0.0,0.0,0.0,0.0,0.0,0.0,0.0,0,0,-0.0,0.0,1.0,1.0,0.0,0.0,0.05251419962927925,0.0420113597034234,0.0420113597034234,0.0005166558569502325,-0.0016484483693133853
8,13.75,-0.0199572344975053,-1.0,0.0,0.8,0.0,0.0,0.0,0.0,0.0,0.0,0.0,0,0,-0.0,0.0,1.0,1.0,0.0,0.0,0.06746873133578983,0.05397498506863187,0.05397498506863187,0.0007523848580670583,-0.002192240723584329
9,14.12,0.02690909090909085,-1.0,0.0,0.8,0.0,0.0,0.0,0.0,0.0,0.0,0.0,0,0,0.0,0.0,1.0,1.0,0.0,0.0,0.0,0.0,0.0,0.0,-5e-05
10,14.07,-0.0035410764872520492,-1.0,0.0,0.8,0.0,0.0,0.0,0.0,0.0,0.0,0.0,0,0,-0.0,0.0,1.0,1.0,0.0,0.0,0.0,0.0,0.0,0.0,-5e-05
11,14.88,0.05756929637526656,-1.0,0.0,0.8,0.0,0.0,0.0,0.0,0.0,0.0,0.0,0,0,0.0,0.0,1.0,1.0,0.0,0.0,0.0,0.0,0.0,0.0,-5e-05
12,14.53,-0.02352150537634418,-1.0,0.0,0.8,0.0,0.0,0.0,0.0,0.0,0.0,0.0,0,0,-0.0,0.0,1.0,1.0,0.0,0.0,0.13011945061025793,0.10409556048820634,0.10409556048820634,0.0020151137308310344,-0.004745574413402348
13,14.58,0.0034411562284928227,-1.0,0.0,0.8,0.0,0.0,0.0,0.0,0.0,0.0,0.0,0,0,0.0,0.0,1.0,1.0,0.0,0.0,0.12613050327533962,0.1009044026202717,0.1009044026202717,0.0019231644562334484,-0.004571452823705444
14,14.11,-0.032235939643347096,-1.0,0.0,0.8,0.0,0.0,0.0,0.0,0.0,0.0,0.0,0,0,-0.0,0.0,1.0,1.0,0.0,0.0,0.2002965475961918,0.16023723807695345,0.16023723807695345,0.0038485437358455675,-0.008024652616327118
15,13.96,-0.010630758327427256,-1.0,0.0,0.8,0.0,0.0,0.0,0.0,0.0,0.0,0.0,0,0,-0.0,0.0,1.0,1.0,0.0,0.0,0.0,0.0,0.0,0.0,-5e-05
16,13.99,0.002148997134670441,-1.0,0.0,0.8,0.0,0.0,0.0,0.0,0.0,0.0,0.0,0,0,0.0,0.0,1.0,1.0,0.0,0.0,0.0,0.0,0.0,0.0,-5e-05
17,13.8,-0.013581129378127199,-1.0,0.0,0.8,0.0,0.0,0.0,0.0,0.0,0.0,0.0,0,0,-0.0,0.0,1.0,1.0,0.0,0.0,0.0,0.0,0.0,0.0,-5e-05
18,13.06,-0.05362318840579711,-1.0,0.0,0.8,0.0,0.0,0.0,0.0,0.0,0.0,0.0,0,0,-0.0,0.0,1.0,1.0,0.0,0.0,0.0,0.0,0.0,0.0,-5e-05
19,12.63,-0.03292496171516077,-1.0,0.0,0.8,0.0,0.0,0.0,0.0,0.0,0.0,0.0,0,0,-0.0,0.0,1.0,1.0,0.0,0.0,0.0,0.0,0.0,0.0,-5e-05
20,11.96,-0.05304829770387964,-1.0,0.0,0.8,0.0,0.0,0.0,0.0,0.0,0.0,0.0,0,0,-0.0,0.0,1.0,1.0,0.0,0.0,0.0,0.0,0.0,0.0,-5e-05
21,12.37,0.03428093645484936,-1.0,0.0,0.8,0.0,0.0,0.0,0.0,0.0,0.0,0.0,0,0,0.0,0.0,1.0,1.0,0.0,0.0,0.0,0.0,0.0,0.0,-5e-05
22,11.83,-0.043654001616814805,-1.0,0.0,0.8,0.0,0.0,0.0,0.0,0.0,0.0,0.0,0,0,-0.0,0.0,1.0,1.0,0.0,0.0,0.0,0.0,0.0,0.0,-5e-05
23,12.24,0.03465765004226544,-1.0,0.0,0.8,0.0,0.0,0.0,0.0,0.0,0.0,0.0,0,0,0.0,0.0,1.0,1.0,0.0,0.0,0.0,0.0,0.0,0.0,-5e-05
24,12.29,0.0040849673202613505,-1.0,0.0,0.8,0.0,0.0,0.0,0.0,0.0,0.0,0.0,0,0,0.0,0.0,1.0,1.0,0.0,0.0,0.0,0.0,0.0,0.0,-5e-05
25,12.54,0.020341741253051264,-1.0,0.0,0.8,0.0,0.0,0.0,0.0,0.0,0.0,0.0,0,0,0.0,0.0,1.0,1.0,0.0,0.0,0.0,0.0,0.0,0.0,-5e-05
26,12.33,-0.016746411483253516,-1.0,0.0,0.8,0.0,0.0,0.0,0.0,0.0,0.0,0.0,0,0,-0.0,0.0,1.0,1.0,0.0,0.0,0.040151942738662,0.0321215541909296,0.0321215541909296,0.0003454188833280441,-0.0012225489037444813
27,11.88,-0.036496350364963445,-1.0,0.0,0.8,0.0,0.0,0.0,0.0,0.0,0.0,0.0,0,0,-0.0,0.0,1.0,1.0,0.0,0.0,0.0,0.0,0.0,0.0,-5e-05
28,11.71,-0.014309764309764304,-1.0,0.0,0.8,0.0,0.0,0.0,0.0,0.0,0.0,0.0,0,0,-0.0,0.0,1.0,1.0,0.0,0.0,0.0,0.0,0.0,0.0,-5e-05
29,11.45,-0.022203245089667083,-1.0,0.0,0.8,0.0,0.0,0.0,0.0,0.0,0.0,0.0,0,0,-0.0,0.0,1.0,1.0,0.0,0.0,0.0,0.0,0.0,0.0,-5e-05
30,11.74,0.02532751091703065,-1.0,0.0,0.8,0.0,0.0,0.0,0.0,0.0,0.0,0.0,0,0,0.0,0.0,1.0,1.0,0.0,0.0,0.0,0.0,0.0,0.0,-5e-05
31,11.84,0.008517887563884127,-1.0,0.0,0.8,0.0,0.0,0.0,0.0,0.0,0.0,0.0,0,0,0.0,0.0,1.0,1.0,0.0,0.0,0.0,0.0,0.0,0.0,-5e-05
32,11.56,-0.023648648648648594,-1.0,0.0,0.8,0.0,0.0,0.0,0.0,0.0,0.0,0.0,0,0,-0.0,0.0,1.0,1.0,0.0,0.0,0.0,0.0,0.0,0.0,-5e-05
33,11.95,0.03373702422145318,-1.0,0.0,0.8,0.0,0.0,0.0,0.0,0.0,0.0,0.0,0,0,0.0,0.0,1.0,1.0,0.0,0.0,0.0,0.0,0.0,0.0,-5e-05
34,11.81,-0.011715481171548017,-1.0,0.0,0.8,0.0,0.0,0.0,0.0,0.0,0.0,0.0,0,0,-0.0,0.0,1.0,1.0,0.0,0.0,0.0,0.0,0.0,0.0,-5e-05
35,12.13,0.02709568162574092,-1.0,0.0,0.8,0.0,0.0,0.0,0.0,0.0,0.0,0.0,0,0,0.0,0.0,1.0,1.0,0.0,0.0,0.028349127151909806,0.022679301721527847,0.022679301721527847,0.00020492538922091345,-0.0008389174085502555
36,12.14,0.0008244023083264457,-1.0,0.0,0.8,0.0,0.0,0.0,0.0,0.0,0.0,0.0,0,0,0.0,0.0,1.0,1.0,0.0,0.0,0.08300455534330509,0.06640364427464407,0.06640364427464407,0.0010266895034548235,-0.0027865833435269083
37,11.93,-0.01729818780889628,-1.0,0.0,0.8,0.0,0.0,0.0,0.0,0.0,0.0,0.0,0,0,-0.0,0.0,1.0,1.0,0.0,0.0,0.07259682219303591,0.058077457754428734,0.058077457754428734,0.0008397744298650185,-0.0023852689670415582
38,11.62,-0.025984911986588474,-1.0,0.0,0.8,0.0,0.0,0.0,0.0,0.0,0.0,0.0,0,0,-0.0,0.0,1.0,1.0,0.0,0.0,0.07752735745238137,0.0620218859619051,0.0620218859619051,0.000926763033821858,-0.002573826597340914
39,11.61,-0.0008605851979345772,-1.0,0.0,0.8,0.0,0.0,0.0,0.0,0.0,0.0,0.0,0,0,-0.0,0.0,1.0,1.0,0.0,0.0,0.0,0.0,0.0,0.0,-5e-05
40,11.52,-0.007751937984496112,-1.0,0.0,0.8,0.0,0.0,0.0,0.0,0.0,0.0,0.0,0,0,-0.0,0.0,1.0,1.0,0.0,0.0,0.0,0.0,0.0,0.0,-5e-05
41,11.75,0.019965277777777814,-1.0,0.0,0.8,0.0,0.0,0.0,0.0,0.0,0.0,0.0,0,0,0.0,0.0,1.0,1.0,0.0,0.0,0.0,0.0,0.0,0.0,-5e-05
42,11.45,-0.025531914893617082,-1.0,0.0,0.8,0.0,0.0,0.0,0.0,0.0,0.0,0.0,0,0,-0.0,0.0,1.0,1.0,0.0,0.0,0.0,0.0,0.0,0.0,-5e-05
43,11.85,0.03493449781659392,-1.0,0.0,0.8,0.0,0.0,0.0,0.0,0.0,0.0,0.0,0,0,0.0,0.0,1.0,1.0,0.0,0.0,0.0,0.0,0.0,0.0,-5e-05
44,11.71,-0.01181434599156108,-1.0,0.0,0.8,0.0,0.0,0.0,0.0,0.0,0.0,0.0,0,0,-0.0,0.0,1.0,1.0,0.0,0.0,0.05847013306329877,0.04677610645063902,0.04677610645063902,0.0006069981314187735,-0.0018614828725227284
45,11.45,-0.022203245089667083,-1.0,0.0,0.8,0.0,0.0,0.0,0.0,0.0,0.0,0.0,0,0,-0.0,0.0,1.0,1.0,0.0,0.0,0.011107714257917676,0.008886171406334142,0.008886171406334142,5.02600920427105e-05,-0.0003290790057558147
46,11.51,0.005240174672489127,-1.0,0.0,0.8,0.0,0.0,0.0,0.0,0.0,0.0,0.0,0,0,0.0,0.0,1.0,1.0,0.0,0.0,0.0,0.0,0.0,0.0,-5e-05
47,11.54,0.002606429192006895,-1.0,0.0,0.8,0.0,0.0,0.0,0.0,0.0,0.0,0.0,0,0,0.0,0.0,1.0,1.0,0.0,0.0,0.0,0.0,0.0,0.0,-5e-05
48,11.61,0.0060658578856152764,-1.0,0.0,0.8,0.0,0.0,0.0,0.0,0.0,0.0,0.0,0,0,0.0,0.0,1.0,1.0,0.0,0.0,0.0013599763801278066,0.0010879811041022453,0.0010879811041022453,2.153194587122846e-06,-8.016870801775565e-05
49,11.42,-0.016365202411714,-1.0,0.0,0.8,0.0,0.0,0.0,0.0,0.0,0.0,0.0,0,0,-0.0,0.0,1.0,1.0,0.0,0.0,0.0,0.0,0.0,0.0,-5e-05
50,10.99,-0.03765323992994744,-1.0,0.0,0.8,0.0,0.0,0.0,0.0,0.0,0.0,0.0,0,0,-0.0,0.0,1.0,1.0,0.0,0.0,0.0,0.0,0.0,0.0,-5e-05
51,11.13,0.012738853503184764,-1.0,0.0,0.8,0.0,0.0,0.0,0.0,0.0,0.0,0.0,0,0,0.0,0.0,1.0,1.0,0.0,0.0,0.0,0.0,0.0,0.0,-5e-05
52,11.24,0.009883198562443794,-1.0,0.0,0.8,0.0,0.0,0.0,0.0,0.0,0.0,0.0,0,0,0.0,0.0,1.0,1.0,0.0,0.0,0.0,0.0,0.0,0.0,-5e-05
53,11.09,-0.013345195729537398,-1.0,0.0,0.8,0.0,0.0,0.0,0.0,0.0,0.0,0.0,0,0,-0.0,0.0,1.0,1.0,0.0,0.0,0.0,0.0,0.0,0.0,-5e-05
54,11.27,0.016230838593327298,-1.0,0.0,0.8,0.0,0.0,0.0,0.0,0.0,0.0,0.0,0,0,0.0,0.0,1.0,1.0,0.0,0.0,0.0,0.0,0.0,0.0,-5e-05
55,11.25,-0.0017746228926352773,-1.0,0.0,0.8,0.0,0.0,0.0,0.0,0.0,0.0,0.0,0,0,-0.0,0.0,1.0,1.0,0.0,0.0,0.0,0.0,0.0,0.0,-5e-05
56,11.37,0.010666666666666597,-1.0,0.0,0.8,0.0,0.0,0.0,0.0,0.0,0.0,0.0,0,0,0.0,0.0,1.0,1.0,0.0,0.0,0.03743017932893328,0.029944143463146625,0.029944143463146625,0.0003108988335441159,-0.0011319605277201415
57,11.02,-0.030782761653474027,-1.0,0.0,0.8,0.0,0.0,0.0,0.0,0.0,0.0,0.0,0,0,-0.0,0.0,1.0,1.0,0.0,0.0,0.05184006941528299,0.041472055532226396,0.041472055532226396,0.0005067393061860115,-0.0016246447361408412
58,11.06,0.003629764065335837,-1.0,0.0,0.8,0.0,0.0,0.0,0.0,0.0,0.0,0.0,0,0,0.0,0.0,1.0,1.0,0.0,0.0,0.0,0.0,0.0,0.0,-5e-05
59,10.54,-0.04701627486437625,-1.0,0.0,0.8,0.0,0.0,0.0,0.0,0.0,0.0,0.0,0,0,-0.0,0.0,1.0,1.0,0.0,0.0,0.0,0.0,0.0,0.0,-5e-05
60,10.55,0.0009487666034157081,-1.0,0.0,0.8,0.0,0.0,0.0,0.0,0.0,0.0,0.0,0,0,0.0,0.0,1.0,1.0,0.0,0.0,0.0,0.0,0.0,0.0,-5e-05
61,10.53,-0.0018957345971565259,-1.0,0.0,0.8,0.0,0.0,0.0,0.0,0.0,0.0,0.0,0,0,-0.0,0.0,1.0,1.0,0.0,0.0,0.0,0.0,0.0,0.0,-5e-05
62,9.16,-0.1301044634377967,-1.0,0.0,0.8,0.0,0.0,0.0,0.0,0.0,0.0,0.0,0,1,-0.0,0.0,1.0,1.0,0.0,0.0,0.0,0.0,0.0,0.0,-5e-05
63,8.78,-0.04148471615720532,-1.0,0.0,0.8,0.0,0.0,0.0,0.0,0.0,0.0,0.0,0,0,-0.0,0.0,1.0,1.0,0.0,0.0,0.0,0.0,0.0,0.0,-5e-05
64,8.71,-0.007972665148063612,-1.0,0.0,0.8,0.0,0.0,0.0,0.0,0.0,0.0,0.0,0,0,-0.0,0.0,1.0,1.0,0.0,0.0,0.0,0.0,0.0,0.0,-5e-05
65,8.39,-0.03673938002296214,-1.0,0.0,0.8,0.0,0.0,0.0,0.0,0.0,0.0,0.0,0,0,-0.0,0.0,1.0,1.0,0.0,0.0,0.0,0.0,0.0,0.0,-5e-05
66,8.58,0.02264600715137062,-1.0,0.0,0.8,0.0,0.0,0.0,0.0,0.0,0.0,0.0,0,0,0.0,0.0,1.0,1.0,0.0,0.0,0.0,0.0,0.0,0.0,-5e-05
67,8.2,-0.04428904428904438,-1.0,0.0,0.8,0.0,0.0,0.0,0.0,0.0,0.0,0.0,0,0,-0.0,0.0,1.0,1.0,0.0,0.0,0.0,0.0,0.0,0.0,-5e-05
68,8.43,0.028048780487804934,-1.0,0.0,0.8,0.0,0.0,0.0,0.0,0.0,0.0,0.0,0,0,0.0,0.0,1.0,1.0,0.0,0.0,0.0,0.0,0.0,0.0,-5e-05
69,9.47,0.12336892052194555,-1.0,0.0,0.8,0.0,0.0,0.0,0.0,0.0,0.0,0.0,1,0,0.0,0.0,1.0,1.0,0.0,0.0,0.0,0.0,0.0,0.0,-5e-05
70,9.01,-0.04857444561774032,-1.0,0.0,0.8,0.0,0.0,0.0,0.0,0.0,0.0,0.0,0,0,-0.0,0.0,1.0,1.0,0.0,0.0,0.14934174411289752,0.11947339529031803,0.11947339529031803,0.002477753278043202,-0.005604193206768891
71,9.01,0.0,-1.0,0.0,0.8,0.0,0.0,0.0,0.0,0.0,0.0,0.0,0,0,0.0,0.0,1.0,1.0,0.0,0.0,0.06530628093180985,0.05224502474544788,0.05224502474544788,0.0007165040659021077,-0.0021118134530973905
72,8.82,-0.021087680355160877,-1.0,0.0,0.8,0.0,0.0,0.0,0.0,0.0,0.0,0.0,0,0,-0.0,0.0,1.0,1.0,0.0,0.0,0.0164928705514511,0.01319429644116088,0.01319429644116088,9.093490268041773e-05,-0.00048068803604031033
73,8.91,0.010204081632653045,-1.0,0.0,0.8,0.0,0.0,0.0,0.0,0.0,0.0,0.0,0,0,0.0,0.0,1.0,1.0,0.0,0.0,0.07161824008868053,0.05729459207094443,0.05729459207094443,0.0008228519409130891,-0.0023481876867399083
74,8.89,-0.00224466891133553,-1.0,0.0,0.8,0.0,0.0,0.0,0.0,0.0,0.0,0.0,0,0,-0.0,0.0,1.0,1.0,0.0,0.0,0.05102192330412181,0.04081753864329745,0.04081753864329745,0.0004947906329505256,-0.0015958422530154347
75,8.92,0.003374578177727712,-1.0,0.0,0.8,0.0,0.0,0.0,0.0,0.0,0.0,0.0,0,0,0.0,0.0,1.0,1.0,0.0,0.0,0.0,0.0,0.0,0.0,-5e-05
76,9.07,0.01681614349775789,-1.0,0.0,0.8,0.0,0.0,0.0,0.0,0.0,0.0,0.0,0,0,0.0,0.0,1.0,1.0,0.0,0.0,0.0,0.0,0.0,0.0,-5e-05
77,9.17,0.011025358324145496,-1.0,0.0,0.8,0.0,0.0,0.0,0.0,0.0,0.0,0.0,0,0,0.0,0.0,1.0,1.0,0.0,0.0,0.0,0.0,0.0,0.0,-5e-05
78,9.43,0.028353326063249706,-1.0,0.0,0.8,0.0,0.0,0.0,0.0,0.0,0.0,0.0,0,0,0.0,0.0,1.0,1.0,0.0,0.0,0.11033362285413494,0.08826689828330796,0.08826689828330796,0.0015734322550404415,-0.003896304885835621
79,9.42,-0.0010604453870625436,-1.0,0.0,0.8,0.0,0.0,0.0,0.0,0.0,0.0,0.0,0,0,-0.0,0.0,1.0,1.0,0.0,0.0,0.21764356148560798,0.1741148491884864,0.1741148491884864,0.004359181651670857,-0.008892639018274381
80,9.61,0.02016985138004241,-1.0,0.0,0.8,0.0,0.0,0.0,0.0,0.0,0.0,0.0,0,0,0.0,0.0,1.0,1.0,0.0,0.0,0.2287979021757015,0.18303832174056123,0.18303832174056123,0.004698554709245019,-0.00946179149406447
81,9.35,-0.027055150884495296,0.029558531939983368,0.002955853193998337,0.8,0.002955853193998337,0.002955853193998337,0.0,0.002955853193998337,0.002955853193998337,0.0,0.0,0,0,-0.0,2.955853193998337e-06,0.999997044146806,1.0,2.955853193986613e-06,2.955853193986613e-06,0.3126577182293165,0.2501261745834532,0.24717032138945488,0.007373025463797739,-0.013609987788629834
82,9.21,-0.014973262032085433,-1.0,0.0,0.8,0.0,0.0,0.002955853193998337,0.002955853193998337,-0.0,0.002955853193998337,0.0,0,0,-4.425876440211375e-05,0.0,0.9999527855132264,1.0,4.721448677358353e-05,4.425863357959692e-05,0.15537389567887605,0.12429911654310084,0.1213432633491025,0.0025361489481874585,-0.005672339483717366
83,9.16,-0.005428881650380099,-1.0,0.0,0.8,0.0,0.0,0.002955853193998337,0.0,-0.002955853193998337,0.0,0.002955853193998337,0,0,-1.6046977166114976e-05,2.955853193998337e-06,0.9999337835800752,1.0,6.621641992476945e-05,1.9001933151185924e-05,0.053301581838208094,0.04264126547056648,0.04264126547056648,0.0005283191801260921,-0.0017056800825322863
84,9.41,0.027292576419213975,-1.0,0.0,0.8,0.0,0.0,0.0,0.0,0.0,0.0,0.0,0,0,0.0,0.0,0.9999337835800752,1.0,6.621641992476945e-05,0.0,0.0,0.0,0.0,0.0,-5e-05
85,9.49,0.008501594048884174,-1.0,0.0,0.8,0.0,0.0,0.0,0.0,0.0,0.0,0.0,0,0,0.0,0.0,0.9999337835800752,1.0,6.621641992476945e-05,0.0,0.060798201084933605,0.048638560867946885,0.048638560867946885,0.0006436093208853082,-0.0019460522632349406
86,9.4,-0.009483667017913578,-1.0,0.0,0.8,0.0,0.0,0.0,0.0,0.0,0.0,0.0,0,0,-0.0,0.0,0.9999337835800752,1.0,6.621641992476945e-05,0.0,0.030268059163807204,0.024214447331045764,0.024214447331045764,0.0002260804933222215,-0.0008996025120966499
87,9.71,0.032978723404255374,-1.0,0.0,0.8,0.0,0.0,0.0,0.0,0.0,0.0,0.0,0,0,0.0,0.0,0.9999337835800752,1.0,6.621641992476945e-05,0.0,0.06212822839775492,0.049702582718203936,0.049702582718203936,0.000664843895573761,-0.0019946854005675123
88,9.68,-0.003089598352214329,0.7032488584518433,0.07032488584518433,0.8,0.07032488584518433,0.07032488584518433,0.0,0.07032488584518433,0.07032488584518433,0.0,0.0,0,0,-0.0,7.032488584518433e-05,0.9998634633508923,1.0,0.00013653664910773244,7.032022918296299e-05,0.24065568539335147,0.1925245483146812,0.12219966246949686,0.0025630451689014713,-0.007145670777207741
89,9.84,0.016528925619834725,-1.0,0.0,0.8,0.0,0.0,0.07032488584518433,0.07032488584518433,-0.0,0.07032488584518433,0.0,0,0,0.0011623948073584197,0.0,1.0010256994487587,1.0010256994487587,0.0,0.0,0.23212810283603888,0.18570248226883113,0.1153775964236468,0.0023514377249239183,-0.005302645926518538
90,9.44,-0.040650406504065074,-1.0,0.0,0.8,0.0,0.0,0.07032488584518433,0.0,-0.07032488584518433,0.0,0.07032488584518433,0,0,-0.002858735196958715,7.032488584518433e-05,0.9980936350306426,1.0010256994487587,0.002929060082803796,0.002929060082803796,0.22404121131308435,0.17923296905046748,0.17923296905046748,0.0045527950351044455,-0.012393241171416028
91,9.34,-0.010593220338983014,-1.0,0.0,0.8,0.0,0.0,0.0,0.0,0.0,0.0,0.0,0,0,-0.0,0.0,0.9980936350306426,1.0010256994487587,0.002929060082803796,0.0,0.0072547487876336025,0.005803799030106882,0.005803799030106882,2.6528933968094297e-05,-0.00022597675899334652
92,9.25,-0.009635974304068507,-1.0,0.0,0.8,0.0,0.0,0.0,0.0,0.0,0.0,0.0,0,0,-0.0,0.0,0.9980936350306426,1.0010256994487587,0.002929060082803796,0.0,0.0,0.0,0.0,0.0,-5e-05
93,8.63,-0.06702702702702694,-1.0,0.0,0.8,0.0,0.0,0.0,0.0,0.0,0.0,0.0,0,0,-0.0,0.0,0.9980936350306426,1.0010256994487587,0.002929060082803796,0.0,0.0,0.0,0.0,0.0,-5e-05
94,8.55,-0.009269988412514491,-1.0,0.0,0.8,0.0,0.0,0.0,0.0,0.0,0.0,0.0,0,0,-0.0,0.0,0.9980936350306426,1.0010256994487587,0.002929060082803796,0.0,0.0,0.0,0.0,0.0,-5e-05
95,8.48,-0.008187134502924008,-1.0,0.0,0.8,0.0,0.0,0.0,0.0,0.0,0.0,0.0,0,0,-0.0,0.0,0.9980936350306426,1.0010256994487587,0.002929060082803796,0.0,0.0,0.0,0.0,0.0,-5e-05
96,8.61,0.015330188679245165,-1.0,0.0,0.8,0.0,0.0,0.0,0.0,0.0,0.0,0.0,0,0,0.0,0.0,0.9980936350306426,1.0010256994487587,0.002929060082803796,0.0,0.0,0.0,0.0,0.0,-5e-05
97,8.28,-0.03832752613240419,-1.0,0.0,0.8,0.0,0.0,0.0,0.0,0.0,0.0,0.0,0,0,-0.0,0.0,0.9980936350306426,1.0010256994487587,0.002929060082803796,0.0,0.0,0.0,0.0,0.0,-5e-05
98,8.35,0.008454106280193273,-1.0,0.0,0.8,0.0,0.0,0.0,0.0,0.0,0.0,0.0,0,0,0.0,0.0,0.9980936350306426,1.0010256994487587,0.002929060082803796,0.0,0.0,0.0,0.0,0.0,-5e-05
99,8.82,0.05628742514970068,-1.0,0.0,0.8,0.0,0.0,0.0,0.0,0.0,0.0,0.0,0,0,0.0,0.0,0.9980936350306426,1.0010256994487587,0.002929060082803796,0.0,0.0,0.0,0.0,0.0,-5e-05
100,8.92,0.011337868480725584,-1.0,0.0,0.8,0.0,0.0,0.0,0.0,0.0,0.0,0.0,0,0,0.0,0.0,0.9980936350306426,1.0010256994487587,0.002929060082803796,0.0,0.04278508483690763,0.034228067869526105,0.034228067869526105,0.0003799485811722738,-0.001311321328812571
101,9.12,0.02242152466367705,-1.0,0.0,0.8,0.0,0.0,0.0,0.0,0.0,0.0,0.0,0,0,0.0,0.0,0.9980936350306426,1.0010256994487587,0.002929060082803796,0.0,0.12182788897272534,0.09746231117818027,0.09746231117818027,0.0018256028671165296,-0.004385257379954672
102,8.78,-0.037280701754385956,-1.0,0.0,0.8,0.0,0.0,0.0,0.0,0.0,0.0,0.0,0,0,-0.0,0.0,0.9980936350306426,1.0010256994487587,0.002929060082803796,0.0,0.17643957814307187,0.14115166251445752,0.14115166251445752,0.0031818539918936854,-0.0068665093016409655
103,8.74,-0.00455580865603635,-1.0,0.0,0.8,0.0,0.0,0.0,0.0,0.0,0.0,0.0,0,0,-0.0,0.0,0.9980936350306426,1.0010256994487587,0.002929060082803796,0.0,0.1269251881489547,0.10154015051916376,0.10154015051916376,0.0019413683928577719,-0.004606027268726239
104,8.74,0.0,-1.0,0.0,0.8,0.0,0.0,0.0,0.0,0.0,0.0,0.0,0,0,0.0,0.0,0.9980936350306426,1.0010256994487587,0.002929060082803796,0.0,0.0866308332651816,0.06930466661214528,0.06930466661214528,0.0010946996228041234,-0.002929294788066864
105,8.82,0.009153318077803212,-1.0,0.0,0.8,0.0,0.0,0.0,0.0,0.0,0.0,0.0,0,0,0.0,0.0,0.9980936350306426,1.0010256994487587,0.002929060082803796,0.0,0.0,0.0,0.0,0.0,-5e-05
106,8.91,0.010204081632653045,-1.0,0.0,0.8,0.0,0.0,0.0,0.0,0.0,0.0,0.0,0,0,0.0,0.0,0.9980936350306426,1.0010256994487587,0.002929060082803796,0.0,0.0,0.0,0.0,0.0,-5e-05
107,9.06,0.016835016835016876,-1.0,0.0,0.8,0.0,0.0,0.0,0.0,0.0,0.0,0.0,0,0,0.0,0.0,0.9980936350306426,1.0010256994487587,0.002929060082803796,0.0,0.0,0.0,0.0,0.0,-5e-05
108,8.88,-0.01986754966887414,-1.0,0.0,0.8,0.0,0.0,0.0,0.0,0.0,0.0,0.0,0,0,-0.0,0.0,0.9980936350306426,1.0010256994487587,0.002929060082803796,0.0,0.11838736184013506,0.09470988947210805,0.09470988947210805,0.0017488165116246515,-0.004237596165531434
109,9.1,0.024774774774774643,-1.0,0.0,0.8,0.0,0.0,0.0,0.0,0.0,0.0,0.0,0,0,0.0,0.0,0.9980936350306426,1.0010256994487587,0.002929060082803796,0.0,0.04824541633153893,0.03859633306523114,0.03859633306523114,0.00045495696552001215,-0.001498812541949714
110,9.05,-0.005494505494505378,-1.0,0.0,0.8,0.0,0.0,0.0,0.0,0.0,0.0,0.0,0,0,-0.0,0.0,0.9980936350306426,1.0010256994487587,0.002929060082803796,0.0,0.1649441816666783,0.13195534533334263,0.13195534533334263,0.002876018873883472,-0.006323869016217044
111,8.75,-0.03314917127071831,-1.0,0.0,0.8,0.0,0.0,0.0,0.0,0.0,0.0,0.0,0,0,-0.0,0.0,0.9980936350306426,1.0010256994487587,0.002929060082803796,0.0,0.1163750197745808,0.09310001581966465,0.09310001581966465,0.0017044170993281056,-0.00415174250668447
112,8.6,-0.017142857142857182,-1.0,0.0,0.8,0.0,0.0,0.0,0.0,0.0,0.0,0.0,0,0,-0.0,0.0,0.9980936350306426,1.0010256994487587,0.002929060082803796,0.0,0.0,0.0,0.0,0.0,-5e-05
113,8.58,-0.0023255813953487877,-1.0,0.0,0.8,0.0,0.0,0.0,0.0,0.0,0.0,0.0,0,0,-0.0,0.0,0.9980936350306426,1.0010256994487587,0.002929060082803796,0.0,0.0,0.0,0.0,0.0,-5e-05
114,8.72,0.016317016317016382,-1.0,0.0,0.8,0.0,0.0,0.0,0.0,0.0,0.0,0.0,0,0,0.0,0.0,0.9980936350306426,1.0010256994487587,0.002929060082803796,0.0,0.0,0.0,0.0,0.0,-5e-05
115,8.6,-0.01376146788990837,-1.0,0.0,0.8,0.0,0.0,0.0,0.0,0.0,0.0,0.0,0,0,-0.0,0.0,0.9980936350306426,1.0010256994487587,0.002929060082803796,0.0,0.0,0.0,0.0,0.0,-5e-05
116,8.6,0.0,-1.0,0.0,0.8,0.0,0.0,0.0,0.0,0.0,0.0,0.0,0,0,0.0,0.0,0.9980936350306426,1.0010256994487587,0.002929060082803796,0.0,0.0,0.0,0.0,0.0,-5e-05
117,8.38,-0.025581395348837077,-1.0,0.0,0.8,0.0,0.0,0.0,0.0,0.0,0.0,0.0,0,0,-0.0,0.0,0.9980936350306426,1.0010256994487587,0.002929060082803796,0.0,0.0,0.0,0.0,0.0,-5e-05
118,8.41,0.003579952267303026,-1.0,0.0,0.8,0.0,0.0,0.0,0.0,0.0,0.0,0.0,0,0,0.0,0.0,0.9980936350306426,1.0010256994487587,0.002929060082803796,0.0,0.0,0.0,0.0,0.0,-5e-05
119,8.42,0.0011890606420927215,-1.0,0.0,0.8,0.0,0.0,0.0,0.0,0.0,0.0,0.0,0,0,0.0,0.0,0.9980936350306426,1.0010256994487587,0.002929060082803796,0.0,0.0,0.0,0.0,0.0,-5e-05
120,8.34,-0.009501187648456066,-1.0,0.0,0.8,0.0,0.0,0.0,0.0,0.0,0.0,0.0,0,0,-0.0,0.0,0.9980936350306426,1.0010256994487587,0.002929060082803796,0.0,0.0,0.0,0.0,0.0,-5e-05
121,8.47,0.015587529976019279,-1.0,0.0,0.8,0.0,0.0,0.0,0.0,0.0,0.0,0.0,0,0,0.0,0.0,0.9980936350306426,1.0010256994487587,0.002929060082803796,0.0,0.0,0.0,0.0,0.0,-5e-05
122,8.56,0.010625737898465154,-1.0,0.0,0.8,0.0,0.0,0.0,0.0,0.0,0.0,0.0,0,0,0.0,0.0,0.9980936350306426,1.0010256994487587,0.002929060082803796,0.0,0.0,0.0,0.0,0.0,-5e-05
123,8.55,-0.0011682242990653955,-1.0,0.0,0.8,0.0,0.0,0.0,0.0,0.0,0.0,0.0,0,0,-0.0,0.0,0.9980936350306426,1.0010256994487587,0.002929060082803796,0.0,0.042254369242575446,0.03380349539406036,0.03380349539406036,0.00037290110091340223,-0.0012933411073104565
124,8.94,0.045614035087719156,-1.0,0.0,0.8,0.0,0.0,0.0,0.0,0.0,0.0,0.0,0,0,0.0,0.0,0.9980936350306426,1.0010256994487587,0.002929060082803796,0.0,0.02783463966433438,0.022267711731467507,0.022267711731467507,0.00019937221603137634,-0.0008227657931166646
125,8.85,-0.010067114093959717,-1.0,0.0,0.8,0.0,0.0,0.0,0.0,0.0,0.0,0.0,0,0,-0.0,0.0,0.9980936350306426,1.0010256994487587,0.002929060082803796,0.0,0.22080988525600237,0.17664790820480192,0.17664790820480192,0.004454654221789202,-0.009053337858062852
126,8.99,0.015819209039548088,-1.0,0.0,0.8,0.0,0.0,0.0,0.0,0.0,0.0,0.0,0,0,0.0,0.0,0.9980936350306426,1.0010256994487587,0.002929060082803796,0.0,0.2034942605243404,0.16279540841947232,0.16279540841947232,0.003941072986319702,-0.008183054753121113
127,8.92,-0.007786429365962212,-1.0,0.0,0.8,0.0,0.0,0.0,0.0,0.0,0.0,0.0,0,0,-0.0,0.0,0.9980936350306426,1.0010256994487587,0.002929060082803796,0.0,0.227435434558463,0.1819483476467704,0.1819483476467704,0.004656648147770517,-0.009391818099674855
128,9.1,0.020179372197309385,-1.0,0.0,0.8,0.0,0.0,0.0,0.0,0.0,0.0,0.0,0,0,0.0,0.0,0.9980936350306426,1.0010256994487587,0.002929060082803796,0.0,0.1639670528209968,0.13117364225679745,0.13117364225679745,0.00285050046919539,-0.006278221757307924
129,8.94,-0.0175824175824176,-0.4684455692768097,0.0,0.8,0.0,0.0,0.0,0.0,0.0,0.0,0.0,0,0,-0.0,0.0,0.9980936350306426,1.0010256994487587,0.002929060082803796,0.0,0.2530891488359953,0.20247131906879626,0.20247131906879626,0.00546633846341701,-0.010729974929438512
130,8.77,-0.019015659955257263,-1.0,0.0,0.8,0.0,0.0,0.0,0.0,0.0,0.0,0.0,0,0,-0.0,0.0,0.9980936350306426,1.0010256994487587,0.002929060082803796,0.0,0.04331064880230927,0.03464851904184742,0.03464851904184742,0.000386970862335399,-0.0013291702276629698
131,8.87,0.011402508551881374,-1.0,0.0,0.8,0.0,0.0,0.0,0.0,0.0,0.0,0.0,0,0,0.0,0.0,0.9980936350306426,1.0010256994487587,0.002929060082803796,0.0,0.0,0.0,0.0,0.0,-5e-05
132,8.89,0.0022547914317927117,-1.0,0.0,0.8,0.0,0.0,0.0,0.0,0.0,0.0,0.0,0,0,0.0,0.0,0.9980936350306426,1.0010256994487587,0.002929060082803796,0.0,0.0,0.0,0.0,0.0,-5e-05
133,8.7,-0.021372328458942776,-1.0,0.0,0.8,0.0,0.0,0.0,0.0,0.0,0.0,0.0,0,0,-0.0,0.0,0.9980936350306426,1.0010256994487587,0.002929060082803796,0.0,0.023501039168416928,0.018800831334733543,0.018800831334733543,0.00015467382671728065,-0.0006887952335866694
134,8.66,-0.00459770114942519,-1.0,0.0,0.8,0.0,0.0,0.0,0.0,0.0,0.0,0.0,0,0,-0.0,0.0,0.9980936350306426,1.0010256994487587,0.002929060082803796,0.0,0.0,0.0,0.0,0.0,-5e-05
135,8.67,0.0011547344110854256,-1.0,0.0,0.8,0.0,0.0,0.0,0.0,0.0,0.0,0.0,0,0,0.0,0.0,0.9980936350306426,1.0010256994487587,0.002929060082803796,0.0,0.0,0.0,0.0,0.0,-5e-05
136,8.62,-0.005767012687427994,-1.0,0.0,0.8,0.0,0.0,0.0,0.0,0.0,0.0,0.0,0,0,-0.0,0.0,0.9980936350306426,1.0010256994487587,0.002929060082803796,0.0,0.0,0.0,0.0,0.0,-5e-05
137,8.58,-0.004640371229698278,-1.0,0.0,0.8,0.0,0.0,0.0,0.0,0.0,0.0,0.0,0,0,-0.0,0.0,0.9980936350306426,1.0010256994487587,0.002929060082803796,0.0,0.0,0.0,0.0,0.0,-5e-05
138,8.38,-0.02331002331002323,-1.0,0.0,0.8,0.0,0.0,0.0,0.0,0.0,0.0,0.0,0,0,-0.0,0.0,0.9980936350306426,1.0010256994487587,0.002929060082803796,0.0,0.0,0.0,0.0,0.0,-5e-05
139,8.4,0.002386634844868684,-1.0,0.0,0.8,0.0,0.0,0.0,0.0,0.0,0.0,0.0,0,0,0.0,0.0,0.9980936350306426,1.0010256994487587,0.002929060082803796,0.0,0.0,0.0,0.0,0.0,-5e-05
140,8.32,-0.009523809523809532,-1.0,0.0,0.8,0.0,0.0,0.0,0.0,0.0,0.0,0.0,0,0,-0.0,0.0,0.9980936350306426,1.0010256994487587,0.002929060082803796,0.0,0.0,0.0,0.0,0.0,-5e-05
141,8.72,0.04807692307692312,-1.0,0.0,0.8,0.0,0.0,0.0,0.0,0.0,0.0,0.0,0,0,0.0,0.0,0.9980936350306426,1.0010256994487587,0.002929060082803796,0.0,0.0,0.0,0.0,0.0,-5e-05
142,8.97,0.0286697247706422,-1.0,0.0,0.8,0.0,0.0,0.0,0.0,0.0,0.0,0.0,0,0,0.0,0.0,0.9980936350306426,1.0010256994487587,0.002929060082803796,0.0,0.034488704980577656,0.027590963984462126,0.027590963984462126,0.0002749802875904591,-0.0010354476101903588
143,9.36,0.04347826086956508,-1.0,0.0,0.8,0.0,0.0,0.0,0.0,0.0,0.0,0.0,0,0,0.0,0.0,0.9980936350306426,1.0010256994487587,0.002929060082803796,0.0,0.17212221715947446,0.13769777372757958,0.13769777372757958,0.0030657845302309397,-0.006661502203716113
144,10.61,0.13354700854700854,1.0,0.1,0.8,0.1,0.1,0.0,0.0,0.0,0.0,0.0,1,0,0.0,0.0,0.9980936350306426,1.0010256994487587,0.002929060082803796,0.0,0.40008739793223136,0.32006991834578513,0.32006991834578513,0.010864720014483421,-0.01915652041188739
145,10.68,0.006597549481621139,1.0,0.1,0.8,0.1,0.1,0.0,0.1,0.1,0.0,0.0,0,0,0.0,0.0001,0.9979938256671396,1.0010256994487587,0.0030287671767955187,9.970709399172249e-05,0.724180039525183,0.5793440316201464,0.4793440316201464,0.01991233714036792,-0.03261939781229604
146,10.37,-0.029026217228464466,1.0,0.2,0.8,0.2,0.2,0.1,0.2,0.1,0.1,0.0,0,0,-0.002902621722846447,0.0001,0.9949972277269248,1.0010256994487587,0.006022294657523477,0.002993527480727958,0.7280255085901117,0.5824204068720894,0.3824204068720894,0.01418936103987711,-0.027638339882985124
147,10.77,0.03857280617164902,1.0,0.30000000000000004,0.8,0.30000000000000004,0.30000000000000004,0.2,0.30000000000000004,0.10000000000000003,0.1,0.1,0,0,0.007714561234329805,0.00010000000000000003,1.00257369504544,1.00257369504544,0.0,0.0,0.6159328300958568,0.4927462640766854,0.19274626407668538,0.005077269356382462,-0.004461969253107081
148,10.74,-0.0027855153203342024,1.0,0.4,0.8,0.4,0.4,0.30000000000000004,0.4,0.09999999999999998,0.10000000000000003,0.2,0,0,-0.0008356545961002609,9.999999999999998e-05,1.0016356323597415,1.00257369504544,0.0009356545961002888,0.0009356545961002888,0.665122318258519,0.5320978546068152,0.13209785460681522,0.0028806792004433877,-0.0093433123426118
149,10.68,-0.005586592178770996,-1.0,0.30000000000000004,0.8,0.30000000000000004,0.30000000000000004,0.4,0.30000000000000004,-0.09999999999999998,0.09999999999999998,0.30000000000000004,0,0,-0.0022346368715083983,9.999999999999998e-05,0.9992971768806178,1.00257369504544,0.003268107053889654,0.0023324524577893655,0.5861251531818678,0.46890012254549424,0.1689001225454942,0.004164819626819714,-0.013170833183328658
150,10.5,-0.016853932584269638,-1.0,0.20000000000000004,0.8,0.20000000000000004,0.20000000000000004,0.30000000000000004,0.20000000000000004,-0.1,0.0,0.30000000000000004,0,0,-0.0050561797752808925,0.0001,0.9941446209876906,1.00257369504544,0.008407435881675872,0.005139328827786218,0.23057248736973693,0.18445798989578954,0.0,0.0,-0.00863819459845721
151,10.91,0.03904761904761906,-1.0,0.10000000000000003,0.8,0.10000000000000003,0.10000000000000003,0.20000000000000004,0.10000000000000003,-0.1,0.0,0.20000000000000004,0,0,0.007809523809523814,0.0001,1.001809002613305,1.00257369504544,0.0007627293992590657,0.0,0.12229578698380239,0.09783662958704192,0.0,0.0,0.005334495430799174
152,11.98,0.09807516040329975,1.0,0.20000000000000004,0.8,0.20000000000000004,0.20000000000000004,0.10000000000000003,0.20000000000000004,0.1,0.0,0.10000000000000003,0,0,0.009807516040329978,0.0001,1.0115340795755208,1.0115340795755208,0.0,0.0,0.3638390699136264,0.29107125593090116,0.09107125593090112,0.0016490098093424718,0.0027107592521967375
153,11.92,-0.005008347245409057,1.0,0.30000000000000004,0.8,0.30000000000000004,0.30000000000000004,0.20000000000000004,0.30000000000000004,0.1,0.1,0.10000000000000003,0,0,-0.0010016694490818114,0.0001,1.0104197033833473,1.0115340795755208,0.0011016694490818418,0.0011016694490818418,0.6058855212318321,0.48470841698546574,0.1847084169854657,0.004763007658230146,-0.01275341784086211
154,11.75,-0.014261744966442946,1.0,0.4,0.8,0.4,0.4,0.30000000000000004,0.4,0.09999999999999998,0.1,0.20000000000000004,0,0,-0.004278523489932884,9.999999999999998e-05,1.0059955569773924,1.0115340795755208,0.0054753692534536755,0.004373699804371834,0.5754155735554025,0.46033245884432206,0.060332458844322034,0.0008891556415331517,-0.010077003719909257
155,11.91,0.013617021276595757,-1.0,0.30000000000000004,0.8,0.30000000000000004,0.30000000000000004,0.4,0.30000000000000004,-0.09999999999999998,0.09999999999999998,0.30000000000000004,0,0,0.005446808510638303,9.999999999999998e-05,1.0113744225831034,1.0115340795755208,0.00015783649373867544,0.0,0.5169142071895457,0.4135313657516366,0.11353136575163658,0.0022952238278148964,-0.002858471596261595
156,11.9,-0.000839630562552459,1.0,0.4,0.8,0.4,0.4,0.30000000000000004,0.4,0.09999999999999998,0.0,0.30000000000000004,0,0,-0.00025188916876573775,9.999999999999998e-05,1.0110185308782298,1.0115340795755208,0.0005096701215517365,0.00035183362781306105,0.5780730512720683,0.46245844101765465,0.06245844101765463,0.0009365650783578715,-0.0061190386573001555
157,12.13,0.01932773109243701,-1.0,0.30000000000000004,0.8,0.30000000000000004,0.30000000000000004,0.4,0.30000000000000004,-0.09999999999999998,0.09999999999999998,0.30000000000000004,0,0,0.007731092436974805,9.999999999999998e-05,1.0187337067428561,1.0187337067428561,0.0,0.0,0.4694113456171713,0.37552907649373707,0.07552907649373702,0.0012454391462144129,0.000998128488971509
158,12.27,0.011541632316570386,-1.0,0.20000000000000004,0.8,0.20000000000000004,0.20000000000000004,0.30000000000000004,0.20000000000000004,-0.1,0.0,0.30000000000000004,0,0,0.0034624896949711163,0.0001,1.0221591883336987,1.0221591883336987,0.0,0.0,0.26153260835802855,0.20922608668642284,0.009226086686422802,5.317133281194888e-05,-0.0006061381548532318
159,13.54,0.10350448247758758,0.5135166049003601,0.25135166049003604,0.8,0.25135166049003604,0.25135166049003604,0.20000000000000004,0.20000000000000004,0.0,0.0,0.20000000000000004,1,0,0.02070089649551752,0.0,1.0433187998933369,1.0433187998933369,0.0,0.0,0.30146403647165465,0.24117122917732373,0.04117122917732369,0.0005012357052184414,0.01607516427969591
160,14.01,0.03471196454948306,1.0,0.30000000000000004,0.8,0.30000000000000004,0.30000000000000004,0.20000000000000004,0.30000000000000004,0.1,0.0,0.20000000000000004,0,0,0.006942392909896613,0.0001,1.050457597052489,1.050457597052489,0.0,0.0,0.6718680110886177,0.5374944088708942,0.23749440887089412,0.006944345741984693,-0.007716500954062872
161,12.64,-0.09778729478943607,1.0,0.4,0.8,0.4,0.4,0.30000000000000004,0.4,0.09999999999999998,0.1,0.20000000000000004,0,0,-0.029336188436830824,9.999999999999998e-05,1.0195361292807514,1.050457597052489,0.0294361884368308,0.0294361884368308,0.7122001892860828,0.5697601514288663,0.16976015142886625,0.004196670589228602,-0.07840883741400967
162,13.14,0.03955696202531645,-1.0,0.30000000000000004,0.7528190609079474,0.30000000000000004,0.30000000000000004,0.4,0.30000000000000004,-0.09999999999999998,0.09999999999999998,0.30000000000000004,0,0,0.01582278481012658,9.999999999999998e-05,1.0355660764475823,1.050457597052489,0.014176222483126687,0.0,0.33832233354135,0.25469550142078445,0.0,0.0,0.011777239141171729
163,13.0,-0.010654490106544944,-1.0,0.20000000000000004,0.8,0.20000000000000004,0.20000000000000004,0.30000000000000004,0.20000000000000004,-0.1,0.0,0.30000000000000004,0,0,-0.0031963470319634835,0.0001,1.0321524912850821,1.050457597052489,0.01742583976618352,0.0032496172830568347,0.42132475904806344,0.33705980723845075,0.1370598072384507,0.0030445031337463764,-0.012493396792382747
164,12.14,-0.0661538461538461,-0.7501561045646667,0.12498438954353336,0.8,0.12498438954353336,0.12498438954353336,0.20000000000000004,0.12498438954353336,-0.07501561045646668,0.0,0.20000000000000004,0,0,-0.013230769230769223,7.501561045646668e-05,1.0184188923127078,1.050457597052489,0.030499760132802683,0.013073920366619161,0.3227638883805122,0.2582111107044098,0.13322672116087642,0.0029176840403174033,-0.02781331061716285
165,11.55,-0.04859967051070839,-1.0,0.024984389543533353,0.7475011996938002,0.024984389543533353,0.024984389543533353,0.12498438954353336,0.024984389543533353,-0.1,0.0,0.12498438954353336,0,0,-0.0060742001507977485,0.0001,1.0121309702342154,1.050457597052489,0.03648564865998917,0.005985888527186487,0.0,0.0,0.0,0.0,-0.006509584048904146
166,11.68,0.011255411255411168,-1.0,0.0,0.7175717517754181,0.0,0.0,0.024984389543533353,0.0,-0.024984389543533353,0.0,0.024984389543533353,0,0,0.00028120957927786237,2.4984389543533352e-05,1.0123903036840998,1.050457597052489,0.03623877201250521,0.0,0.0,0.0,0.0,0.0,0.00011877982633196226
167,12.01,0.028253424657534252,-1.0,0.0,0.7188061453422341,0.0,0.0,0.0,0.0,0.0,0.0,0.0,0,0,0.0,0.0,1.0123903036840998,1.050457597052489,0.03623877201250521,0.0,0.0,0.0,0.0,0.0,-5e-05
168,12.08,0.005828476269775211,-1.0,0.0,0.7188061453422341,0.0,0.0,0.0,0.0,0.0,0.0,0.0,0,0,0.0,0.0,1.0123903036840998,1.050457597052489,0.03623877201250521,0.0,0.0,0.0,0.0,0.0,-5e-05
169,11.88,-0.01655629139072842,-1.0,0.0,0.7188061453422341,0.0,0.0,0.0,0.0,0.0,0.0,0.0,0,0,-0.0,0.0,1.0123903036840998,1.050457597052489,0.03623877201250521,0.0,0.0,0.0,0.0,0.0,-5e-05
170,12.12,0.02020202020202007,-1.0,0.0,0.7188061453422341,0.0,0.0,0.0,0.0,0.0,0.0,0.0,0,0,0.0,0.0,1.0123903036840998,1.050457597052489,0.03623877201250521,0.0,0.0,0.0,0.0,0.0,-5e-05
171,11.91,-0.017326732673267252,-1.0,0.0,0.7188061453422341,0.0,0.0,0.0,0.0,0.0,0.0,0.0,0,0,-0.0,0.0,1.0123903036840998,1.050457597052489,0.03623877201250521,0.0,0.13062637165508115,0.09389503868943094,0.09389503868943094,0.0017262958171345851,-0.004467199073229257
172,11.49,-0.035264483627204024,-1.0,0.0,0.7188061453422341,0.0,0.0,0.0,0.0,0.0,0.0,0.0,0,0,-0.0,0.0,1.0123903036840998,1.050457597052489,0.03623877201250521,0.0,0.013964290090360945,0.01003761753229311,0.01003761753229311,6.0338875984015465e-05,-0.000398003251845451
173,11.06,-0.03742384682332461,-1.0,0.0,0.7188061453422341,0.0,0.0,0.0,0.0,0.0,0.0,0.0,0,0,-0.0,0.0,1.0123903036840998,1.050457597052489,0.03623877201250521,0.0,0.0,0.0,0.0,0.0,-5e-05
174,11.07,0.0009041591320072139,-1.0,0.0,0.7188061453422341,0.0,0.0,0.0,0.0,0.0,0.0,0.0,0,0,0.0,0.0,1.0123903036840998,1.050457597052489,0.03623877201250521,0.0,0.0,0.0,0.0,0.0,-5e-05
175,11.12,0.004516711833784908,-1.0,0.0,0.7188061453422341,0.0,0.0,0.0,0.0,0.0,0.0,0.0,0,0,0.0,0.0,1.0123903036840998,1.050457597052489,0.03623877201250521,0.0,0.0,0.0,0.0,0.0,-5e-05
176,11.57,0.04046762589928067,-1.0,0.0,0.7188061453422341,0.0,0.0,0.0,0.0,0.0,0.0,0.0,0,0,0.0,0.0,1.0123903036840998,1.050457597052489,0.03623877201250521,0.0,0.0,0.0,0.0,0.0,-5e-05
177,12.38,0.07000864304235095,-1.0,0.0,0.7188061453422341,0.0,0.0,0.0,0.0,0.0,0.0,0.0,0,0,0.0,0.0,1.0123903036840998,1.050457597052489,0.03623877201250521,0.0,0.0,0.0,0.0,0.0,-5e-05
178,12.83,0.036348949919224494,-1.0,0.0,0.7188061453422341,0.0,0.0,0.0,0.0,0.0,0.0,0.0,0,0,0.0,0.0,1.0123903036840998,1.050457597052489,0.03623877201250521,0.0,0.2474732673705312,0.1778853053938596,0.1778853053938596,0.004501542564202504,-0.009649491872035447
179,12.9,0.005455962587685135,1.0,0.1,0.7188061453422341,0.1,0.1,0.0,0.1,0.1,0.0,0.0,0,0,0.0,0.0001,1.0122890646537315,1.050457597052489,0.03633514813530385,9.63761227986415e-05,0.45396360066283464,0.32631182591813346,0.22631182591813345,0.006459696641774097,-0.014573077853042286
180,12.66,-0.018604651162790715,1.0,0.2,0.7183242604156885,0.2,0.2,0.1,0.2,0.1,0.1,0.0,0,0,-0.0018604651162790716,0.0001,1.010304507254887,1.050457597052489,0.038224379461168814,0.0018892313258649651,0.47328996647647864,0.33997566513138255,0.13997566513138254,0.0031421727658332466,-0.011982697412783018
181,12.44,-0.017377567140600365,-1.0,0.1,0.7088780976854694,0.1,0.1,0.2,0.1,-0.1,0.1,0.1,0,0,-0.003475513428120073,0.0001,1.006692149922707,1.050457597052489,0.04166322110724385,0.0034388416460750387,0.41437500275200656,0.2937413636792536,0.19374136367925357,0.005116639023467343,-0.016032527498371533
182,13.03,0.04742765273311896,-1.0,0.0,0.6916838899281877,0.0,0.0,0.1,0.0,-0.1,0.0,0.1,0,0,0.004742765273311897,0.0001,1.0113659852772838,1.050457597052489,0.03721388839006305,0.0,0.2596336176434187,0.1795843906077276,0.1795843906077276,0.0045661915742120675,-0.005671878824354596
183,12.72,-0.02379125095932454,0.09566148370504379,0.00956614837050438,0.713930559905535,0.00956614837050438,0.00956614837050438,0.0,0.00956614837050438,0.00956614837050438,0.0,0.0,0,0,-0.0,9.56614837050438e-06,1.0113563104002117,1.050457597052489,0.03722309854485587,9.210154792820002e-06,0.2726354428436177,0.19464277435943747,0.1850766259889331,0.00477725705789947,-0.010189086667214573
184,12.49,-0.018081761006289342,-1.0,0.0,0.7138845153174471,0.0,0.0,0.00956614837050438,0.00956614837050438,-0.0,0.00956614837050438,0.0,0,0,-0.00017297280858616444,0.0,1.0111813732587205,1.050457597052489,0.03738963276954239,0.00016653422468651535,0.0592414370096019,0.04229154454630872,0.03272539617580434,0.0003552046313110069,-0.0016903200265002223
185,12.53,0.0032025620496396435,-1.0,0.0,0.7130518384299558,0.0,0.0,0.00956614837050438,0.0,-0.00956614837050438,0.0,0.00956614837050438,0,0,3.063618373259944e-05,9.56614837050438e-06,1.0112026788860125,1.050457597052489,0.037369350535065,0.0,0.0,0.0,0.0,0.0,-6.241148393467027e-05
186,12.32,-0.016759776536312776,-1.0,0.0,0.7131532408318774,0.0,0.0,0.0,0.0,0.0,0.0,0.0,0,0,-0.0,0.0,1.0112026788860125,1.050457597052489,0.037369350535065,0.0,0.02252837668624241,0.016066184844475084,0.016066184844475084,0.00012218570227585278,-0.0006362702620124464
187,13.1,0.06331168831168826,-1.0,0.0,0.7131532408318774,0.0,0.0,0.0,0.0,0.0,0.0,0.0,0,0,0.0,0.0,1.0112026788860125,1.050457597052489,0.037369350535065,0.0,0.0,0.0,0.0,0.0,-5e-05
188,14.73,0.12442748091603059,-1.0,0.0,0.7131532408318774,0.0,0.0,0.0,0.0,0.0,0.0,0.0,1,0,0.0,0.0,1.0112026788860125,1.050457597052489,0.037369350535065,0.0,0.12688200400293023,0.09048631235793293,0.09048631235793293,0.0016331481552006905,-0.004296917437661053
189,16.43,0.1154107264086897,1.0,0.1,0.7131532408318774,0.1,0.1,0.0,0.0,0.0,0.0,0.0,1,0,0.0,0.0,1.0112026788860125,1.050457597052489,0.037369350535065,0.0,0.6335397976223356,0.4518109598703403,0.4518109598703403,0.01822159513750513,-0.03132251496852524
190,14.71,-0.10468654899573944,1.0,0.1,0.7131532408318774,0.1,0.1,0.0,0.1,0.1,0.0,0.0,0,1,-0.0,0.0001,1.0111015586181238,1.050457597052489,0.037465613600011556,9.626306494655429e-05,0.8428812780247289,0.60110351505985,0.5011035150598501,0.021283469438155716,-0.03600845116457611
191,13.9,-0.05506458191706325,1.0,0.2,0.7126719333253281,0.2,0.2,0.1,0.2,0.1,0.1,0.0,0,0,-0.005506458191706326,0.0001,1.0054328600021623,1.050457597052489,0.04286202239544272,0.005396408795431164,0.613550358434025,0.43726012013762455,0.23726012013762454,0.006934072359210786,-0.02138423556899346
192,14.0,0.007194244604316521,0.19188496470451355,0.21918849647045135,0.6856898792116609,0.21918849647045135,0.21918849647045135,0.2,0.21918849647045135,0.019188496470451344,0.1,0.1,0,0,0.0014388489208633044,1.9188496470451345e-05,1.0068602332428913,1.050457597052489,0.04150321148795424,0.0,0.45253707583202796,0.31030009286606147,0.09111159639561012,0.0016501055862811595,-0.006269931839021457
193,13.75,-0.017857142857142856,-1.0,0.11918849647045135,0.6924839332726654,0.11918849647045135,0.11918849647045135,0.21918849647045135,0.11918849647045135,-0.1,0.019188496470451344,0.2,0,0,-0.003914080294115202,0.0001,1.0028186154217027,1.050457597052489,0.045350694558693234,0.0038474830707389968,0.32042251958783285,0.2218874466733202,0.10269895020286884,0.001974696046702558,-0.011538516822958252
194,12.99,-0.05527272727272726,-1.0,0.019188496470451344,0.6732465341718891,0.019188496470451344,0.019188496470451344,0.11918849647045135,0.019188496470451344,-0.1,0.0,0.11918849647045135,0,0,-0.0065878732594576725,0.0001,0.9961118916195376,1.050457597052489,0.051735268120713905,0.006384573562020671,0.0,0.0,0.0,0.0,-0.00702658108061348
195,12.83,-0.012317167051578148,-1.0,0.0,0.6413236647883983,0.0,0.0,0.019188496470451344,0.0,-0.019188496470451344,0.0,0.019188496470451344,0,0,-0.00023634791649516687,1.9188496470451345e-05,0.9958573487598408,1.050457597052489,0.051977584288840126,0.00024231616812622064,0.0,0.0,0.0,0.0,-0.00037269615061219795
196,12.32,-0.039750584567420096,-1.0,0.0,0.6401120699982084,0.0,0.0,0.0,0.0,0.0,0.0,0.0,0,0,-0.0,0.0,0.9958573487598408,1.050457597052489,0.051977584288840126,0.0,0.0,0.0,0.0,0.0,-5e-05
197,12.24,-0.006493506493506499,-1.0,0.0,0.6401120699982084,0.0,0.0,0.0,0.0,0.0,0.0,0.0,0,0,-0.0,0.0,0.9958573487598408,1.050457597052489,0.051977584288840126,0.0,0.0,0.0,0.0,0.0,-5e-05
198,10.74,-0.12254901960784313,-1.0,0.0,0.6401120699982084,0.0,0.0,0.0,0.0,0.0,0.0,0.0,0,1,-0.0,0.0,0.9958573487598408,1.050457597052489,0.051977584288840126,0.0,0.0,0.0,0.0,0.0,-5e-05
199,11.0,0.02420856610800743,-1.0,0.0,0.6401120699982084,0.0,0.0,0.0,0.0,0.0,0.0,0.0,0,0,0.0,0.0,0.9958573487598408,1.050457597052489,0.051977584288840126,0.0,0.0,0.0,0.0,0.0,-5e-05
200,10.78,-0.02000000000000006,-1.0,0.0,0.6401120699982084,0.0,0.0,0.0,0.0,0.0,0.0,0.0,0,0,-0.0,0.0,0.9958573487598408,1.050457597052489,0.051977584288840126,0.0,0.0,0.0,0.0,0.0,-5e-05
201,10.65,-0.012059369202226253,-1.0,0.0,0.6401120699982084,0.0,0.0,0.0,0.0,0.0,0.0,0.0,0,0,-0.0,0.0,0.9958573487598408,1.050457597052489,0.051977584288840126,0.0,0.0,0.0,0.0,0.0,-5e-05
202,11.04,0.036619718309859044,-1.0,0.0,0.6401120699982084,0.0,0.0,0.0,0.0,0.0,0.0,0.0,0,0,0.0,0.0,0.9958573487598408,1.050457597052489,0.051977584288840126,0.0,0.0,0.0,0.0,0.0,-5e-05
203,10.7,-0.030797101449275353,-1.0,0.0,0.6401120699982084,0.0,0.0,0.0,0.0,0.0,0.0,0.0,0,0,-0.0,0.0,0.9958573487598408,1.050457597052489,0.051977584288840126,0.0,0.0,0.0,0.0,0.0,-5e-05
204,10.43,-0.025233644859813047,-1.0,0.0,0.6401120699982084,0.0,0.0,0.0,0.0,0.0,0.0,0.0,0,0,-0.0,0.0,0.9958573487598408,1.050457597052489,0.051977584288840126,0.0,0.0,0.0,0.0,0.0,-5e-05
205,10.71,0.026845637583892728,-1.0,0.0,0.6401120699982084,0.0,0.0,0.0,0.0,0.0,0.0,0.0,0,0,0.0,0.0,0.9958573487598408,1.050457597052489,0.051977584288840126,0.0,0.0,0.0,0.0,0.0,-5e-05
206,10.65,-0.0056022408963585894,-1.0,0.0,0.6401120699982084,0.0,0.0,0.0,0.0,0.0,0.0,0.0,0,0,-0.0,0.0,0.9958573487598408,1.050457597052489,0.051977584288840126,0.0,0.0,0.0,0.0,0.0,-5e-05
207,10.02,-0.05915492957746486,-1.0,0.0,0.6401120699982084,0.0,0.0,0.0,0.0,0.0,0.0,0.0,0,0,-0.0,0.0,0.9958573487598408,1.050457597052489,0.051977584288840126,0.0,0.0,0.0,0.0,0.0,-5e-05
208,10.02,0.0,-1.0,0.0,0.6401120699982084,0.0,0.0,0.0,0.0,0.0,0.0,0.0,0,0,0.0,0.0,0.9958573487598408,1.050457597052489,0.051977584288840126,0.0,0.0,0.0,0.0,0.0,-5e-05
209,10.32,0.029940119760479115,-1.0,0.0,0.6401120699982084,0.0,0.0,0.0,0.0,0.0,0.0,0.0,0,0,0.0,0.0,0.9958573487598408,1.050457597052489,0.051977584288840126,0.0,0.0,0.0,0.0,0.0,-5e-05
210,10.19,-0.012596899224806278,-1.0,0.0,0.6401120699982084,0.0,0.0,0.0,0.0,0.0,0.0,0.0,0,0,-0.0,0.0,0.9958573487598408,1.050457597052489,0.051977584288840126,0.0,0.0,0.0,0.0,0.0,-5e-05
211,9.86,-0.03238469087340531,-1.0,0.0,0.6401120699982084,0.0,0.0,0.0,0.0,0.0,0.0,0.0,0,0,-0.0,0.0,0.9958573487598408,1.050457597052489,0.051977584288840126,0.0,0.0,0.0,0.0,0.0,-5e-05
212,9.72,-0.014198782961460325,-1.0,0.0,0.6401120699982084,0.0,0.0,0.0,0.0,0.0,0.0,0.0,0,0,-0.0,0.0,0.9958573487598408,1.050457597052489,0.051977584288840126,0.0,0.0,0.0,0.0,0.0,-5e-05
213,10.08,0.03703703703703698,-1.0,0.0,0.6401120699982084,0.0,0.0,0.0,0.0,0.0,0.0,0.0,0,0,0.0,0.0,0.9958573487598408,1.050457597052489,0.051977584288840126,0.0,0.0,0.0,0.0,0.0,-5e-05
214,10.22,0.013888888888888945,-1.0,0.0,0.6401120699982084,0.0,0.0,0.0,0.0,0.0,0.0,0.0,0,0,0.0,0.0,0.9958573487598408,1.050457597052489,0.051977584288840126,0.0,0.0,0.0,0.0,0.0,-5e-05
215,10.45,0.022504892367905933,-1.0,0.0,0.6401120699982084,0.0,0.0,0.0,0.0,0.0,0.0,0.0,0,0,0.0,0.0,0.9958573487598408,1.050457597052489,0.051977584288840126,0.0,0.0,0.0,0.0,0.0,-5e-05
216,10.29,-0.01531100478468901,-1.0,0.0,0.6401120699982084,0.0,0.0,0.0,0.0,0.0,0.0,0.0,0,0,-0.0,0.0,0.9958573487598408,1.050457597052489,0.051977584288840126,0.0,0.05376545238079297,0.03441591501785949,0.03441591501785949,0.00038308066386566985,-0.001540648982910005
217,10.5,0.020408163265306208,-1.0,0.0,0.6401120699982084,0.0,0.0,0.0,0.0,0.0,0.0,0.0,0,0,0.0,0.0,0.9958573487598408,1.050457597052489,0.051977584288840126,0.0,0.09719448365916805,0.062215362127477095,0.062215362127477095,0.00093110294509701,-0.0029833093084758724
218,10.2,-0.02857142857142864,-1.0,0.0,0.6401120699982084,0.0,0.0,0.0,0.0,0.0,0.0,0.0,0,0,-0.0,0.0,0.9958573487598408,1.050457597052489,0.051977584288840126,0.0,0.23544642137564972,0.15071209616043754,0.15071209616043754,0.0035105358761928786,-0.008410732156531263
219,9.9,-0.029411764705882252,-1.0,0.0,0.6401120699982084,0.0,0.0,0.0,0.0,0.0,0.0,0.0,0,0,-0.0,0.0,0.9958573487598408,1.050457597052489,0.051977584288840126,0.0,0.008039015802446654,0.005145871046052436,0.005145871046052436,2.2148259254741643e-05,-0.00023775198478514272
220,9.9,0.0,-1.0,0.0,0.6401120699982084,0.0,0.0,0.0,0.0,0.0,0.0,0.0,0,0,0.0,0.0,0.9958573487598408,1.050457597052489,0.051977584288840126,0.0,0.0,0.0,0.0,0.0,-5e-05
221,9.65,-0.025252525252525252,-1.0,0.0,0.6401120699982084,0.0,0.0,0.0,0.0,0.0,0.0,0.0,0,0,-0.0,0.0,0.9958573487598408,1.050457597052489,0.051977584288840126,0.0,0.0,0.0,0.0,0.0,-5e-05
222,8.5,-0.11917098445595858,-1.0,0.0,0.6401120699982084,0.0,0.0,0.0,0.0,0.0,0.0,0.0,0,1,-0.0,0.0,0.9958573487598408,1.050457597052489,0.051977584288840126,0.0,0.0,0.0,0.0,0.0,-5e-05
223,8.92,0.04941176470588234,-1.0,0.0,0.6401120699982084,0.0,0.0,0.0,0.0,0.0,0.0,0.0,0,0,0.0,0.0,0.9958573487598408,1.050457597052489,0.051977584288840126,0.0,0.0,0.0,0.0,0.0,-5e-05
224,8.73,-0.021300448430493217,-1.0,0.0,0.6401120699982084,0.0,0.0,0.0,0.0,0.0,0.0,0.0,0,0,-0.0,0.0,0.9958573487598408,1.050457597052489,0.051977584288840126,0.0,0.0,0.0,0.0,0.0,-5e-05
225,8.76,0.0034364261168384146,-1.0,0.0,0.6401120699982084,0.0,0.0,0.0,0.0,0.0,0.0,0.0,0,0,0.0,0.0,0.9958573487598408,1.050457597052489,0.051977584288840126,0.0,0.0,0.0,0.0,0.0,-5e-05
226,8.63,-0.014840182648401713,-1.0,0.0,0.6401120699982084,0.0,0.0,0.0,0.0,0.0,0.0,0.0,0,0,-0.0,0.0,0.9958573487598408,1.050457597052489,0.051977584288840126,0.0,0.0,0.0,0.0,0.0,-5e-05
227,8.51,-0.01390498261877184,-1.0,0.0,0.6401120699982084,0.0,0.0,0.0,0.0,0.0,0.0,0.0,0,0,-0.0,0.0,0.9958573487598408,1.050457597052489,0.051977584288840126,0.0,0.0,0.0,0.0,0.0,-5e-05
228,8.47,-0.004700352526439383,-1.0,0.0,0.6401120699982084,0.0,0.0,0.0,0.0,0.0,0.0,0.0,0,0,-0.0,0.0,0.9958573487598408,1.050457597052489,0.051977584288840126,0.0,0.0,0.0,0.0,0.0,-5e-05
229,8.66,0.02243211334120419,-1.0,0.0,0.6401120699982084,0.0,0.0,0.0,0.0,0.0,0.0,0.0,0,0,0.0,0.0,0.9958573487598408,1.050457597052489,0.051977584288840126,0.0,0.0,0.0,0.0,0.0,-5e-05
230,8.9,0.027713625866050834,-1.0,0.0,0.6401120699982084,0.0,0.0,0.0,0.0,0.0,0.0,0.0,0,0,0.0,0.0,0.9958573487598408,1.050457597052489,0.051977584288840126,0.0,0.0,0.0,0.0,0.0,-5e-05
231,9.27,0.04157303370786508,-1.0,0.0,0.6401120699982084,0.0,0.0,0.0,0.0,0.0,0.0,0.0,0,0,0.0,0.0,0.9958573487598408,1.050457597052489,0.051977584288840126,0.0,0.0,0.0,0.0,0.0,-5e-05
232,9.19,-0.008629989212513492,-1.0,0.0,0.6401120699982084,0.0,0.0,0.0,0.0,0.0,0.0,0.0,0,0,-0.0,0.0,0.9958573487598408,1.050457597052489,0.051977584288840126,0.0,0.18610155866969919,0.11912585394995416,0.11912585394995416,0.0024669496784123744,-0.006350641787008178
233,8.99,-0.021762785636561404,-1.0,0.0,0.6401120699982084,0.0,0.0,0.0,0.0,0.0,0.0,0.0,0,0,-0.0,0.0,0.9958573487598408,1.050457597052489,0.051977584288840126,0.0,0.19153562823803555,0.12260426746985623,0.12260426746985623,0.0025757851240966957,-0.006571419065800228
234,9.06,0.007786429365962212,-1.0,0.0,0.6401120699982084,0.0,0.0,0.0,0.0,0.0,0.0,0.0,0,0,0.0,0.0,0.9958573487598408,1.050457597052489,0.051977584288840126,0.0,0.12152601481388832,0.07779026890115098,0.07779026890115098,0.001301784689682418,-0.003855220594848517
235,9.1,0.004415011037527499,-1.0,0.0,0.6401120699982084,0.0,0.0,0.0,0.0,0.0,0.0,0.0,0,0,0.0,0.0,0.9958573487598408,1.050457597052489,0.051977584288840126,0.0,0.1005685640776572,0.0643751517284966,0.0643751517284966,0.0009800058064773926,-0.003101718226477131
236,9.0,-0.01098901098901095,-1.0,0.0,0.6401120699982084,0.0,0.0,0.0,0.0,0.0,0.0,0.0,0,0,-0.0,0.0,0.9958573487598408,1.050457597052489,0.051977584288840126,0.0,0.04966524311734952,0.03179132157881087,0.03179132157881087,0.0003401058667886825,-0.0014132098750060827
237,10.21,0.13444444444444453,-1.0,0.0,0.6401120699982084,0.0,0.0,0.0,0.0,0.0,0.0,0.0,1,0,0.0,0.0,0.9958573487598408,1.050457597052489,0.051977584288840126,0.0,0.0,0.0,0.0,0.0,-5e-05
238,10.25,0.00391772771792352,1.0,0.1,0.6401120699982084,0.1,0.1,0.0,0.1,0.1,0.0,0.0,0,0,0.0,0.0001,0.9957577630249648,1.050457597052489,0.05207238653041126,9.480224157113609e-05,0.461903322959253,0.29566989219849843,0.19566989219849842,0.005193226433594622,-0.013441582923901926
239,10.36,0.010731707317073116,1.0,0.2,0.6396380640606439,0.2,0.2,0.1,0.2,0.1,0.1,0.0,0,0,0.0010731707317073117,0.0001,0.996726805335811,1.050457597052489,0.05114989112120547,0.0,0.5192800509758734,0.33215128651152015,0.13215128651152014,0.0028824271744050593,-0.009433177156359975
240,10.21,-0.014478764478764342,1.0,0.30000000000000004,0.6442505508700207,0.30000000000000004,0.30000000000000004,0.2,0.30000000000000004,0.10000000000000003,0.1,0.1,0,0,-0.0028957528957528687,0.00010000000000000003,0.9937408581224518,1.050457597052489,0.05399241158251449,0.00284252046130902,0.5364598905215772,0.34561457998819706,0.04561457998819701,0.0005845299533630358,-0.009705341644853253
241,10.1,-0.010773751224290029,-1.0,0.20000000000000004,0.6300379350823931,0.20000000000000004,0.20000000000000004,0.30000000000000004,0.20000000000000004,-0.1,0.10000000000000003,0.2,0,0,-0.003232125367287009,0.0001,0.9904295890005924,1.050457597052489,0.05714462746552643,0.0031522158830119412,0.4761930970307461,0.30001971555374096,0.10001971555374092,0.0018979277382532012,-0.012150756463970654
242,9.63,-0.04653465346534642,-0.9783904552459717,0.10216095447540287,0.6142768651293455,0.10216095447540287,0.10216095447540287,0.20000000000000004,0.10216095447540287,-0.09783904552459717,0.0,0.20000000000000004,0,0,-0.009306930693069286,9.783904552459718e-05,0.9811148267737516,1.050457597052489,0.06601196514100936,0.00886733767548293,0.4566966035464999,0.2805381579417635,0.17837720346636066,0.004520227330011818,-0.02194663451483859
243,9.66,0.0031152647975077213,-1.0,0.0021609544754028626,0.5624252170333719,0.0021609544754028626,0.0021609544754028626,0.10216095447540287,0.0021609544754028626,-0.1,0.0,0.10216095447540287,0,0,0.00031825842515701146,0.0001,0.9813289633507415,1.050457597052489,0.0658081143834055,0.0,0.0,0.0,0.0,0.0,-0.0001304478039922937
244,9.68,0.0020703933747411567,-1.0,0.0,0.563699266315414,0.0,0.0,0.0021609544754028626,0.0,-0.0021609544754028626,0.0,0.0021609544754028626,0,0,4.4740258289913385e-06,2.1609544754028627e-06,0.981331233234655,1.050457597052489,0.0658059535309162,0.0,0.0,0.0,0.0,0.0,-5.525026931032155e-05
245,9.74,0.006198347107438068,-1.0,0.0,0.5637127704927456,0.0,0.0,0.0,0.0,0.0,0.0,0.0,0,0,0.0,0.0,0.981331233234655,1.050457597052489,0.0658059535309162,0.0,0.0,0.0,0.0,0.0,-5e-05
246,9.72,-0.0020533880903490323,-1.0,0.0,0.5637127704927456,0.0,0.0,0.0,0.0,0.0,0.0,0.0,0,0,-0.0,0.0,0.981331233234655,1.050457597052489,0.0658059535309162,0.0,0.0,0.0,0.0,0.0,-5e-05
247,9.71,-0.0010288065843621179,-1.0,0.0,0.5637127704927456,0.0,0.0,0.0,0.0,0.0,0.0,0.0,0,0,-0.0,0.0,0.981331233234655,1.050457597052489,0.0658059535309162,0.0,0.0,0.0,0.0,0.0,-5e-05
248,9.61,-0.01029866117404752,-1.0,0.0,0.5637127704927456,0.0,0.0,0.0,0.0,0.0,0.0,0.0,0,0,-0.0,0.0,0.981331233234655,1.050457597052489,0.0658059535309162,0.0,0.05873419509014223,0.03310921583692549,0.03310921583692549,0.0003614719424320491,-0.001621396361288979
249,9.76,0.015608740894901182,-1.0,0.0,0.5637127704927456,0.0,0.0,0.0,0.0,0.0,0.0,0.0,0,0,0.0,0.0,0.981331233234655,1.050457597052489,0.0658059535309162,0.0,0.0,0.0,0.0,0.0,-5e-05
250,9.31,-0.04610655737704911,-1.0,0.0,0.5637127704927456,0.0,0.0,0.0,0.0,0.0,0.0,0.0,0,0,-0.0,0.0,0.981331233234655,1.050457597052489,0.0658059535309162,0.0,0.04856463117151222,0.027376502785651506,0.027376502785651506,0.0002717804434373763,-0.001322211845570528
251,9.41,0.010741138560687395,-1.0,0.0,0.5637127704927456,0.0,0.0,0.0,0.0,0.0,0.0,0.0,0,0,0.0,0.0,0.981331233234655,1.050457597052489,0.0658059535309162,0.0,0.0,0.0,0.0,0.0,-5e-05
252,9.2,-0.022316684378321027,-1.0,0.0,0.5637127704927456,0.0,0.0,0.0,0.0,0.0,0.0,0.0,0,0,-0.0,0.0,0.981331233234655,1.050457597052489,0.0658059535309162,0.0,0.0,0.0,0.0,0.0,-5e-05
253,9.38,0.019565217391304512,-1.0,0.0,0.5637127704927456,0.0,0.0,0.0,0.0,0.0,0.0,0.0,0,0,0.0,0.0,0.981331233234655,1.050457597052489,0.0658059535309162,0.0,0.0,0.0,0.0,0.0,-5e-05
254,10.01,0.0671641791044775,-1.0,0.0,0.5637127704927456,0.0,0.0,0.0,0.0,0.0,0.0,0.0,0,0,0.0,0.0,0.981331233234655,1.050457597052489,0.0658059535309162,0.0,0.0,0.0,0.0,0.0,-5e-05
255,10.36,0.03496503496503493,-1.0,0.0,0.5637127704927456,0.0,0.0,0.0,0.0,0.0,0.0,0.0,0,0,0.0,0.0,0.981331233234655,1.050457597052489,0.0658059535309162,0.0,0.12364145678628925,0.0696982681527582,0.0696982681527582,0.0011040385317479856,-0.0037010525415455443
256,10.2,-0.015444015444015458,1.0,0.1,0.5637127704927456,0.1,0.1,0.0,0.1,0.1,0.0,0.0,0,0,-0.0,0.0001,0.9812331001113316,1.050457597052489,0.06589937293556306,9.341940464685505e-05,0.38499669385699975,0.21702755292467674,0.11702755292467673,0.00240205770471948,-0.009343001500288476
257,10.26,0.00588235294117652,-1.0,0.0,0.5631289243707338,0.0,0.0,0.1,0.1,-0.0,0.1,0.0,0,0,0.000588235294117652,0.0,0.9818102960525734,1.050457597052489,0.06534990197846645,0.0,0.28944341952815084,0.16299396150507464,0.06299396150507464,0.0009486360648405921,-0.005226938902701506
258,10.34,0.007797270955165699,-1.0,0.0,0.5665631297984137,0.0,0.0,0.1,0.0,-0.1,0.0,0.1,0,0,0.0007797270955165699,0.0001,0.9824776591134575,1.050457597052489,0.06471459498201397,0.0,0.3649641614491481,0.20677523757488292,0.20677523757488292,0.005641557814100031,-0.012880092444435911
259,10.62,0.027079303675048294,1.0,0.1,0.5705337770290588,0.1,0.1,0.0,0.1,0.1,0.0,0.0,0,0,0.0,0.0001,0.9823794113475461,1.050457597052489,0.0648081235225158,9.352854050183323e-05,0.350302662213589,0.1998595009760535,0.0998595009760535,0.0018933693286316742,-0.008244514586262687
260,10.37,-0.02354048964218456,-1.0,0.0,0.5699492324151161,0.0,0.0,0.1,0.1,-0.0,0.1,0.0,0,0,-0.002354048964218456,0.0,0.980066842111794,1.050457597052489,0.0670096109906831,0.0022014874681672986,0.2909388272715324,0.16582036128316394,0.06582036128316393,0.0010131917457865739,-0.008259200773621082
261,9.84,-0.05110896817743485,-1.0,0.0,0.5561899192642197,0.0,0.0,0.1,0.0,-0.1,0.0,0.1,0,0,-0.005110896817743485,0.0001,0.9749598149230577,1.050457597052489,0.07187132763975698,0.00486171664907388,0.08088083711696965,0.04498510626610985,0.04498510626610985,0.0005724721668640818,-0.007849514229217142
262,9.57,-0.02743902439024386,-1.0,0.0,0.5258042164165448,0.0,0.0,0.0,0.0,0.0,0.0,0.0,0,0,-0.0,0.0,0.9749598149230577,1.050457597052489,0.07187132763975698,0.0,0.0,0.0,0.0,0.0,-5e-05
263,9.28,-0.030303030303030398,-1.0,0.0,0.5258042164165448,0.0,0.0,0.0,0.0,0.0,0.0,0.0,0,0,-0.0,0.0,0.9749598149230577,1.050457597052489,0.07187132763975698,0.0,0.0,0.0,0.0,0.0,-5e-05
264,9.19,-0.00969827586206895,-1.0,0.0,0.5258042164165448,0.0,0.0,0.0,0.0,0.0,0.0,0.0,0,0,-0.0,0.0,0.9749598149230577,1.050457597052489,0.07187132763975698,0.0,0.0,0.0,0.0,0.0,-5e-05
265,9.3,0.011969532100108945,-1.0,0.0,0.5258042164165448,0.0,0.0,0.0,0.0,0.0,0.0,0.0,0,0,0.0,0.0,0.9749598149230577,1.050457597052489,0.07187132763975698,0.0,0.0,0.0,0.0,0.0,-5e-05
266,9.24,-0.006451612903225859,-1.0,0.0,0.5258042164165448,0.0,0.0,0.0,0.0,0.0,0.0,0.0,0,0,-0.0,0.0,0.9749598149230577,1.050457597052489,0.07187132763975698,0.0,0.0,0.0,0.0,0.0,-5e-05
267,9.81,0.061688311688311716,-1.0,0.0,0.5258042164165448,0.0,0.0,0.0,0.0,0.0,0.0,0.0,0,0,0.0,0.0,0.9749598149230577,1.050457597052489,0.07187132763975698,0.0,0.0,0.0,0.0,0.0,-5e-05
268,10.44,0.06422018348623842,-1.0,0.0,0.5258042164165448,0.0,0.0,0.0,0.0,0.0,0.0,0.0,0,0,0.0,0.0,0.9749598149230577,1.050457597052489,0.07187132763975698,0.0,0.08343803218537475,0.04387206913256942,0.04387206913256942,0.0005513576777469936,-0.0023201811407657135
269,10.64,0.019157088122605467,1.0,0.1,0.5258042164165448,0.1,0.1,0.0,0.1,0.1,0.0,0.0,0,0,0.0,0.0001,0.9748623189415654,1.050457597052489,0.07196414050699304,9.281286723605842e-05,0.41516269051688426,0.21829429317261484,0.11829429317261483,0.002441163910403623,-0.009894929649190658
270,11.24,0.056390977443608985,1.0,0.2,0.5252241421509601,0.2,0.2,0.1,0.2,0.1,0.1,0.0,0,0,0.0056390977443608985,0.0001,0.9802621766134771,1.050457597052489,0.0668236591709892,0.0,0.48896072616518255,0.25681397794561855,0.05681397794561854,0.0008125199776646102,-0.002372872399616267
271,11.31,0.006227758007117463,1.0,0.30000000000000004,0.5573521167050532,0.30000000000000004,0.30000000000000004,0.2,0.30000000000000004,0.10000000000000003,0.1,0.1,0,0,0.0012455516014234927,0.00010000000000000003,0.9813851175197117,1.050457597052489,0.06575465751934191,0.0,0.6117957589622047,0.34098566124875934,0.0409856612487593,0.0004978507546122111,-0.006306052501772968
272,12.04,0.06454465075154718,1.0,0.4,0.564033378289049,0.4,0.4,0.30000000000000004,0.4,0.09999999999999998,0.10000000000000003,0.2,0,0,0.019363395225464156,9.999999999999998e-05,1.0002899269068826,1.050457597052489,0.04775792024958781,0.0,0.6189240274316354,0.34909381009652934,0.0,0.0,0.014106003006011069
273,11.72,-0.026578073089700876,1.0,0.5,0.6612104006146319,0.5,0.5,0.4,0.5,0.09999999999999998,0.09999999999999998,0.30000000000000004,0,0,-0.01063122923588035,9.999999999999998e-05,0.9895555863989028,1.050457597052489,0.05797664829544091,0.010218728045853095,0.6892551704139045,0.45574268735508416,0.0,0.0,-0.01481496117965606
274,12.1,0.03242320819112619,-1.0,0.4,0.6101167589473511,0.4,0.4,0.5,0.4,-0.09999999999999998,0.09999999999999998,0.4,0,0,0.016211604095563097,9.999999999999998e-05,1.0054989142375148,1.050457597052489,0.0427991410040016,0.0,0.5105515712056099,0.31149606989944445,0.0,0.0,0.011821191525918217
275,11.77,-0.02727272727272728,-1.0,0.30000000000000004,0.6860042937128432,0.30000000000000004,0.30000000000000004,0.4,0.30000000000000004,-0.09999999999999998,0.0,0.4,0,0,-0.010909090909090912,9.999999999999998e-05,0.9944292852816818,1.050457597052489,0.05333705227894842,0.010537911274946826,0.5665591541534134,0.38866201239155823,0.08866201239155819,0.0015840089349314318,-0.02012507308960354
276,11.9,0.011045029736618589,-1.0,0.20000000000000004,0.6333147376817413,0.20000000000000004,0.20000000000000004,0.30000000000000004,0.20000000000000004,-0.1,0.0,0.30000000000000004,0,0,0.003313508920985577,0.0001,0.9976248926612238,1.050457597052489,0.05029494245128037,0.0,0.31673064204093837,0.20059018347992638,0.0005901834799263428,8.602641476013985e-07,-0.001475580331735161
277,11.18,-0.06050420168067232,-1.0,0.10000000000000003,0.648525284234496,0.10000000000000003,0.10000000000000003,0.20000000000000004,0.10000000000000003,-0.1,0.0,0.20000000000000004,0,0,-0.012100840336134466,0.0001,0.9854530306305109,1.050457597052489,0.06188214222485167,0.011587199773571304,0.3347584423649275,0.21709931398461174,0.11709931398461171,0.0024042674488111873,-0.02376640085229203
278,11.35,0.015205724508050083,-1.0,2.7755575615628914e-17,0.5882366126406153,2.7755575615628914e-17,2.7755575615628914e-17,0.10000000000000003,2.7755575615628914e-17,-0.1,0.0,0.10000000000000003,0,0,0.0015205724508050088,0.0001,0.9868529380573869,1.050457597052489,0.06054947784048808,0.0,0.0,0.0,0.0,0.0,0.001020572450805009
279,11.03,-0.028193832599118968,-1.0,0.0,0.5965657563880944,0.0,0.0,2.7755575615628914e-17,0.0,-2.7755575615628914e-17,0.0,2.7755575615628914e-17,0,0,-7.8253605259923e-19,2.7755575615628914e-20,0.9868529380573869,1.050457597052489,0.06054947784048808,0.0,0.004390099931632391,0.002618983286333599,0.002618983286333599,8.041745796133505e-06,-0.00014847780438776166
280,11.32,0.026291931097008246,-1.0,0.0,0.5965657563880944,0.0,0.0,0.0,0.0,0.0,0.0,0.0,0,0,0.0,0.0,0.9868529380573869,1.050457597052489,0.06054947784048808,0.0,0.0,0.0,0.0,0.0,-5e-05
281,11.16,-0.01413427561837457,-1.0,0.0,0.5965657563880944,0.0,0.0,0.0,0.0,0.0,0.0,0.0,0,0,-0.0,0.0,0.9868529380573869,1.050457597052489,0.06054947784048808,0.0,0.0,0.0,0.0,0.0,-5e-05
282,11.47,0.02777777777777782,-1.0,0.0,0.5965657563880944,0.0,0.0,0.0,0.0,0.0,0.0,0.0,0,0,0.0,0.0,0.9868529380573869,1.050457597052489,0.06054947784048808,0.0,0.0,0.0,0.0,0.0,-5e-05
283,11.96,0.04272013949433306,-0.45722100138664246,0.0,0.5965657563880944,0.0,0.0,0.0,0.0,0.0,0.0,0.0,0,0,0.0,0.0,0.9868529380573869,1.050457597052489,0.06054947784048808,0.0,0.15860587873197024,0.0946188360133362,0.0946188360133362,0.001746295166997889,-0.005063576268876476
284,12.08,0.010033444816053446,1.0,0.1,0.5965657563880944,0.1,0.1,0.0,0.1,0.1,0.0,0.0,0,0,0.0,0.0001,0.9867542527635812,1.050457597052489,0.06064342289270404,9.394505221595878e-05,0.28268809847573295,0.16864203928908775,0.06864203928908774,0.0010790374467668383,-0.006280735120854299
285,12.15,0.00579470198675499,1.0,0.2,0.5959786040709427,0.2,0.2,0.1,0.2,0.1,0.1,0.0,0,0,0.000579470198675499,0.0001,0.9872273720211976,1.050457597052489,0.06019302940805132,0.0,0.3802625877466112,0.2266283662256297,0.026628366225629696,0.0002607162088388266,-0.005358922238615885
286,12.26,0.009053497942386784,-1.0,0.1,0.5987935731187765,0.1,0.1,0.2,0.1,-0.1,0.1,0.1,0,0,0.001810699588477357,0.0001,0.9889162214802479,1.050457597052489,0.05858530201021142,0.0,0.31835843940602926,0.19063098746445375,0.09063098746445375,0.0016370664876278812,-0.005634460369053022
287,12.31,0.004078303425774935,1.0,0.2,0.6070734947968077,0.2,0.2,0.1,0.2,0.1,0.0,0.1,0,0,0.0004078303425774936,0.0001,0.9892206398994866,1.050457597052489,0.05829550600122177,0.0,0.3704682394540992,0.22490144883662058,0.02490144883662057,0.000235769799870539,-0.005368494809650434
288,12.05,-0.02112103980503654,-1.0,0.1,0.6085224650848098,0.1,0.1,0.2,0.1,-0.1,0.1,0.1,0,0,-0.004224207961007308,0.0001,0.9849430441332405,1.050457597052489,0.06236763207108763,0.0040721260698658585,0.3011544985939619,0.18325927785577756,0.08325927785577755,0.0014414520827439737,-0.011181286519848633
289,12.16,0.009128630705394143,-1.0,0.0,0.5852022938434008,0.0,0.0,0.1,0.0,-0.1,0.0,0.1,0,0,0.0009128630705394143,0.0001,0.9857436679604012,1.050457597052489,0.061605465345455655,0.0,0.07361718150242008,0.04308094348150221,0.04308094348150221,0.0005365115293801598,-0.0016401623977905992
290,12.26,0.008223684210526286,-1.0,0.0,0.5899658458309893,0.0,0.0,0.0,0.0,0.0,0.0,0.0,0,0,0.0,0.0,0.9857436679604012,1.050457597052489,0.061605465345455655,0.0,0.07488568009028646,0.044179993595094724,0.044179993595094724,0.0005571725643446516,-0.0021498175742045524
291,11.83,-0.03507340946166392,-1.0,0.0,0.5899658458309893,0.0,0.0,0.0,0.0,0.0,0.0,0.0,0,0,-0.0,0.0,0.9857436679604012,1.050457597052489,0.061605465345455655,0.0,0.08808229046968007,0.05196554299967569,0.05196554299967569,0.0007107624159731829,-0.002575257599648592
292,11.12,-0.06001690617075239,-1.0,0.0,0.5899658458309893,0.0,0.0,0.0,0.0,0.0,0.0,0.0,0,0,-0.0,0.0,0.9857436679604012,1.050457597052489,0.061605465345455655,0.0,0.0,0.0,0.0,0.0,-5e-05
293,11.31,0.017086330935251914,-1.0,0.0,0.5899658458309893,0.0,0.0,0.0,0.0,0.0,0.0,0.0,0,0,0.0,0.0,0.9857436679604012,1.050457597052489,0.061605465345455655,0.0,0.0,0.0,0.0,0.0,-5e-05
294,11.44,0.01149425287356313,-1.0,0.0,0.5899658458309893,0.0,0.0,0.0,0.0,0.0,0.0,0.0,0,0,0.0,0.0,0.9857436679604012,1.050457597052489,0.061605465345455655,0.0,0.0,0.0,0.0,0.0,-5e-05
295,11.44,0.0,-1.0,0.0,0.5899658458309893,0.0,0.0,0.0,0.0,0.0,0.0,0.0,0,0,0.0,0.0,0.9857436679604012,1.050457597052489,0.061605465345455655,0.0,0.0,0.0,0.0,0.0,-5e-05
296,11.16,-0.02447552447552442,-1.0,0.0,0.5899658458309893,0.0,0.0,0.0,0.0,0.0,0.0,0.0,0,0,-0.0,0.0,0.9857436679604012,1.050457597052489,0.061605465345455655,0.0,0.0,0.0,0.0,0.0,-5e-05
297,12.54,0.12365591397849453,-1.0,0.0,0.5899658458309893,0.0,0.0,0.0,0.0,0.0,0.0,0.0,1,0,0.0,0.0,0.9857436679604012,1.050457597052489,0.061605465345455655,0.0,0.0,0.0,0.0,0.0,-5e-05
298,12.29,-0.019936204146730464,1.0,0.1,0.5899658458309893,0.1,0.1,0.0,0.1,0.1,0.0,0.0,0,0,-0.0,0.0001,0.9856450935936052,1.050457597052489,0.06169930479892113,9.383945346547184e-05,0.4257876511353982,0.2512001717464854,0.1512001717464854,0.0035276027873990365,-0.011161992856700807
299,11.98,-0.02522375915378346,-1.0,0.0,0.5893793454396399,0.0,0.0,0.1,0.1,-0.0,0.1,0.0,0,0,-0.0025223759153783464,0.0,0.9831589261484139,1.050457597052489,0.064066051873879,0.0023667470749578687,0.30508624454467026,0.17981153111237566,0.07981153111237566,0.0013528502120034656,-0.009007692284641208
300,12.02,0.0033388981636059386,-1.0,0.0,0.5745871722704564,0.0,0.0,0.1,0.0,-0.1,0.0,0.1,0,0,0.0003338898163605939,0.0001,0.983388877009104,1.050457597052489,0.06384714645462615,0.0,0.1589397826378768,0.09132476026717862,0.09132476026717862,0.0016558998303071973,-0.005096169536286866
301,11.35,-0.05574043261231281,-1.0,0.0,0.5759553316986611,0.0,0.0,0.0,0.0,0.0,0.0,0.0,0,0,-0.0,0.0,0.983388877009104,1.050457597052489,0.06384714645462615,0.0,0.1691436140921722,0.09741916635916738,0.09741916635916738,0.0018243907587635905,-0.005358749209062338
302,11.55,0.017621145374449435,-1.0,0.0,0.5759553316986611,0.0,0.0,0.0,0.0,0.0,0.0,0.0,0,0,0.0,0.0,0.983388877009104,1.050457597052489,0.06384714645462615,0.0,0.0,0.0,0.0,0.0,-5e-05
303,11.18,-0.03203463203463212,-1.0,0.0,0.5759553316986611,0.0,0.0,0.0,0.0,0.0,0.0,0.0,0,0,-0.0,0.0,0.983388877009104,1.050457597052489,0.06384714645462615,0.0,0.0,0.0,0.0,0.0,-5e-05
304,11.59,0.03667262969588552,-1.0,0.0,0.5759553316986611,0.0,0.0,0.0,0.0,0.0,0.0,0.0,0,0,0.0,0.0,0.983388877009104,1.050457597052489,0.06384714645462615,0.0,0.0,0.0,0.0,0.0,-5e-05
305,11.77,0.015530629853321804,-1.0,0.0,0.5759553316986611,0.0,0.0,0.0,0.0,0.0,0.0,0.0,0,0,0.0,0.0,0.983388877009104,1.050457597052489,0.06384714645462615,0.0,0.0,0.0,0.0,0.0,-5e-05
306,12.15,0.03228547153780805,-1.0,0.0,0.5759553316986611,0.0,0.0,0.0,0.0,0.0,0.0,0.0,0,0,0.0,0.0,0.983388877009104,1.050457597052489,0.06384714645462615,0.0,0.0,0.0,0.0,0.0,-5e-05
307,11.86,-0.02386831275720172,-1.0,0.0,0.5759553316986611,0.0,0.0,0.0,0.0,0.0,0.0,0.0,0,0,-0.0,0.0,0.983388877009104,1.050457597052489,0.06384714645462615,0.0,0.24731437233871564,0.14244203135419115,0.14244203135419115,0.0032255849798304877,-0.00837026105000803
308,11.72,-0.011804384485666003,-1.0,0.0,0.5759553316986611,0.0,0.0,0.0,0.0,0.0,0.0,0.0,0,0,-0.0,0.0,0.983388877009104,1.050457597052489,0.06384714645462615,0.0,0.09354761488204044,0.05387924755900421,0.05387924755900421,0.0007503839450011593,-0.0027274648115711924
309,12.16,0.03754266211604091,-1.0,0.0,0.5759553316986611,0.0,0.0,0.0,0.0,0.0,0.0,0.0,0,0,0.0,0.0,0.983388877009104,1.050457597052489,0.06384714645462615,0.0,0.13893186898372795,0.08001855068403796,0.08001855068403796,0.0013581172705735584,-0.004270113771638355
310,12.18,0.0016447368421052282,-1.0,0.0,0.5759553316986611,0.0,0.0,0.0,0.0,0.0,0.0,0.0,0,0,0.0,0.0,0.983388877009104,1.050457597052489,0.06384714645462615,0.0,0.19738378016469066,0.11368424057669001,0.11368424057669001,0.0022998613132140682,-0.006415967184606696
311,12.23,0.004105090311986922,-1.0,0.0,0.5759553316986611,0.0,0.0,0.0,0.0,0.0,0.0,0.0,0,0,0.0,0.0,0.983388877009104,1.050457597052489,0.06384714645462615,0.0,0.16003739425587538,0.0921743904928321,0.0921743904928321,0.0016790617262977974,-0.0050258320479688295
312,12.76,0.043336058871627094,-1.0,0.0,0.5759553316986611,0.0,0.0,0.0,0.0,0.0,0.0,0.0,0,0,0.0,0.0,0.983388877009104,1.050457597052489,0.06384714645462615,0.0,0.08045269520532373,0.046337158753033514,0.046337158753033514,0.0005984740878076,-0.002305799609037269
313,13.06,0.023510971786833913,1.0,0.1,0.5759553316986611,0.1,0.1,0.0,0.1,0.1,0.0,0.0,0,0,0.0,0.0001,0.9832905381214031,1.050457597052489,0.06394076173998073,9.361528535457853e-05,0.32839196140201243,0.18913910105646997,0.08913910105646997,0.0015968114034868473,-0.007575474747321058
314,13.14,0.006125574272588061,1.0,0.2,0.5753702282911736,0.2,0.2,0.1,0.2,0.1,0.1,0.0,0,0,0.0006125574272588061,0.0001,0.9837945309898706,1.050457597052489,0.0634609776250563,0.0,0.4371600348830147,0.25152886907041755,0.05152886907041754,0.0007018223051103294,-0.006563505366213729
315,12.83,-0.02359208523592089,-1.0,0.1,0.5783689007168455,0.1,0.1,0.2,0.1,-0.1,0.1,0.1,0,0,-0.004718417047184178,0.0001,0.9790541986508223,1.050457597052489,0.06797361321582102,0.004512635590764716,0.36248418331358134,0.20964957863031958,0.10964957863031957,0.0021785207506755536,-0.013455168914190616
316,12.96,0.010132501948558128,-1.0,0.0,0.5501649141324104,0.0,0.0,0.1,0.0,-0.1,0.0,0.1,0,0,0.001013250194855813,0.0001,0.9799483200885146,1.050457597052489,0.06712243993647958,0.0,0.2474191715063924,0.1361213472465265,0.1361213472465265,0.0030132877679362414,-0.0075968725061121125
317,12.65,-0.02391975308641979,1.0,0.1,0.5554847683768672,0.1,0.1,0.0,0.1,0.1,0.0,0.0,0,0,-0.0,0.0001,0.9798503252565058,1.050457597052489,0.06721572769248586,9.328775600628281e-05,0.2684491798836368,0.14911943050862195,0.04911943050862194,0.0006531775280023766,-0.005612813586024203
318,12.72,0.005533596837944687,-1.0,0.0,0.5549017138790437,0.0,0.0,0.1,0.1,-0.0,0.1,0.0,0,0,0.0005533596837944687,0.0,0.9803925349226558,1.050457597052489,0.06669956248251324,0.0,0.03285878865129184,0.018233398138591116,0.0,0.0,4.8760276722507336e-05
319,12.3,-0.033018867924528295,-1.0,0.0,0.5581277221451737,0.0,0.0,0.1,0.0,-0.1,0.0,0.1,0,0,-0.0033018867924528295,0.0001,0.9770573505066831,1.050457597052489,0.06987454491429439,0.0031749824317811454,0.0,0.0,0.0,0.0,-0.0038018867924528295
320,12.54,0.01951219512195109,-1.0,0.0,0.5382840786144665,0.0,0.0,0.0,0.0,0.0,0.0,0.0,0,0,0.0,0.0,0.9770573505066831,1.050457597052489,0.06987454491429439,0.0,0.0,0.0,0.0,0.0,-5e-05
321,12.73,0.015151515151515254,-1.0,0.0,0.5382840786144665,0.0,0.0,0.0,0.0,0.0,0.0,0.0,0,0,0.0,0.0,0.9770573505066831,1.050457597052489,0.06987454491429439,0.0,0.0,0.0,0.0,0.0,-5e-05
322,12.85,0.009426551453259954,-1.0,0.0,0.5382840786144665,0.0,0.0,0.0,0.0,0.0,0.0,0.0,0,0,0.0,0.0,0.9770573505066831,1.050457597052489,0.06987454491429439,0.0,0.0,0.0,0.0,0.0,-5e-05
323,12.57,-0.02178988326848244,-1.0,0.0,0.5382840786144665,0.0,0.0,0.0,0.0,0.0,0.0,0.0,0,0,-0.0,0.0,0.9770573505066831,1.050457597052489,0.06987454491429439,0.0,0.10535718209734984,0.056712093690688525,0.056712093690688525,0.0008103353251150436,-0.0030306932763204506
324,12.27,-0.023866348448687406,-1.0,0.0,0.5382840786144665,0.0,0.0,0.0,0.0,0.0,0.0,0.0,0,0,-0.0,0.0,0.9770573505066831,1.050457597052489,0.06987454491429439,0.0,0.0,0.0,0.0,0.0,-5e-05
325,12.95,0.05541972290138547,-1.0,0.0,0.5382840786144665,0.0,0.0,0.0,0.0,0.0,0.0,0.0,0,0,0.0,0.0,0.9770573505066831,1.050457597052489,0.06987454491429439,0.0,0.0,0.0,0.0,0.0,-5e-05
326,12.53,-0.03243243243243243,-1.0,0.0,0.5382840786144665,0.0,0.0,0.0,0.0,0.0,0.0,0.0,0,0,-0.0,0.0,0.9770573505066831,1.050457597052489,0.06987454491429439,0.0,0.1467737901581728,0.07900599440004509,0.07900599440004509,0.0013324205304655235,-0.004405960607723883
327,12.73,0.015961691939345657,-1.0,0.0,0.5382840786144665,0.0,0.0,0.0,0.0,0.0,0.0,0.0,0,0,0.0,0.0,0.9770573505066831,1.050457597052489,0.06987454491429439,0.0,0.0,0.0,0.0,0.0,-5e-05
328,12.61,-0.009426551453260093,-1.0,0.0,0.5382840786144665,0.0,0.0,0.0,0.0,0.0,0.0,0.0,0,0,-0.0,0.0,0.9770573505066831,1.050457597052489,0.06987454491429439,0.0,0.0,0.0,0.0,0.0,-5e-05
329,12.94,0.026169706582077724,-1.0,0.0,0.5382840786144665,0.0,0.0,0.0,0.0,0.0,0.0,0.0,0,0,0.0,0.0,0.9770573505066831,1.050457597052489,0.06987454491429439,0.0,0.0061629094351706255,0.003317396026895222,0.003317396026895222,1.1464291775174379e-05,-0.00018842022613968927
330,12.96,0.0015455950540959314,-1.0,0.0,0.5382840786144665,0.0,0.0,0.0,0.0,0.0,0.0,0.0,0,0,0.0,0.0,0.9770573505066831,1.050457597052489,0.06987454491429439,0.0,0.18921315240414718,0.10185042740360499,0.10185042740360499,0.0019502735647450081,-0.00589806450427044
331,12.89,-0.005401234567901256,-1.0,0.0,0.5382840786144665,0.0,0.0,0.0,0.0,0.0,0.0,0.0,0,0,-0.0,0.0,0.9770573505066831,1.050457597052489,0.06987454491429439,0.0,0.03100755784506879,0.016690874704717626,0.016690874704717626,0.00012938081896915975,-0.0008181365105775769
332,13.03,0.010861132660977407,-1.0,0.0,0.5382840786144665,0.0,0.0,0.0,0.0,0.0,0.0,0.0,0,0,0.0,0.0,0.9770573505066831,1.050457597052489,0.06987454491429439,0.0,0.10187340630745995,0.05483683264952825,0.05483683264952825,0.0007704772037058458,-0.0029190693736395206
333,13.16,0.009976976208749102,-1.0,0.0,0.5382840786144665,0.0,0.0,0.0,0.0,0.0,0.0,0.0,0,0,0.0,0.0,0.9770573505066831,1.050457597052489,0.06987454491429439,0.0,0.10157033429634199,0.05467369381126979,0.05467369381126979,0.000767041523204456,-0.0029093904097091013
334,13.75,0.04483282674772035,-1.0,0.0,0.5382840786144665,0.0,0.0,0.0,0.0,0.0,0.0,0.0,0,0,0.0,0.0,0.9770573505066831,1.050457597052489,0.06987454491429439,0.0,0.1738639345618991,0.09358818781993776,0.09358818781993776,0.001717840380663964,-0.0053494374326390854
335,13.77,0.0014545454545454234,0.6805513501167297,0.06805513501167297,0.5382840786144665,0.06805513501167297,0.06805513501167297,0.0,0.06805513501167297,0.06805513501167297,0.0,0.0,0,0,0.0,6.805513501167297e-05,0.9769908567367802,1.050457597052489,0.06993784472771802,6.329981342363677e-05,0.28913515827417235,0.1556368522666608,0.08758171725498783,0.0015551469570178871,-0.007015730082898628
336,13.15,-0.04502541757443713,-0.8375728726387024,0.0,0.5378884527847797,0.0,0.0,0.06805513501167297,0.06805513501167297,-0.0,0.06805513501167297,0.0,0,0,-0.0030642108719852717,0.0,0.9739971507317372,1.050457597052489,0.07278775129552537,0.002849906567807342,0.28548792991518923,0.15356066091081075,0.08550552589913778,0.0015001770734823945,-0.009653224775167885
337,13.36,0.015969581749049357,-1.0,0.0,0.5200765360166741,0.0,0.0,0.06805513501167297,0.0,-0.06805513501167297,0.0,0.06805513501167297,0,0,0.0010868120420115025,6.805513501167297e-05,0.9749894170564434,1.050457597052489,0.07184314741290279,0.0,0.09458643437986121,0.049192185146446674,0.049192185146446674,0.0006546292738800551,-0.001872545887646222
338,13.49,0.009730538922155748,-1.0,0.0,0.5259803295154003,0.0,0.0,0.0,0.0,0.0,0.0,0.0,0,0,0.0,0.0,0.9749894170564434,1.050457597052489,0.07184314741290279,0.0,0.12981592072196121,0.06828062075768224,0.06828062075768224,0.0010705265471880182,-0.0037947345140604194
339,13.33,-0.011860637509266133,-1.0,0.0,0.5259803295154003,0.0,0.0,0.0,0.0,0.0,0.0,0.0,0,0,-0.0,0.0,0.9749894170564434,1.050457597052489,0.07184314741290279,0.0,0.13938649629500818,0.07331455525124553,0.07331455525124553,0.0011910680003988014,-0.004112429824075971
340,13.61,0.02100525131282816,-1.0,0.0,0.5259803295154003,0.0,0.0,0.0,0.0,0.0,0.0,0.0,0,0,0.0,0.0,0.9749894170564434,1.050457597052489,0.07184314741290279,0.0,0.0,0.0,0.0,0.0,-5e-05
341,13.97,0.02645113886847915,-1.0,0.0,0.5259803295154003,0.0,0.0,0.0,0.0,0.0,0.0,0.0,0,0,0.0,0.0,0.9749894170564434,1.050457597052489,0.07184314741290279,0.0,0.031100487738201142,0.016358244788628705,0.016358244788628705,0.0001255325365967067,-0.0008162025840036502
342,14.04,0.0050107372942017545,0.9096701741218567,0.09096701741218567,0.5259803295154003,0.09096701741218567,0.09096701741218567,0.0,0.09096701741218567,0.09096701741218567,0.0,0.0,0,0,0.0,9.096701741218568e-05,0.9749007251771653,1.050457597052489,0.07192757907347332,8.443166057052476e-05,0.277596154564426,0.14601011685000478,0.05504309943781911,0.0007748284728333883,-0.005928925104209015
343,13.79,-0.017806267806267807,-1.0,0.0,0.5254526421446364,0.0,0.0,0.09096701741218567,0.09096701741218567,-0.0,0.09096701741218567,0.0,0,0,-0.0016197830735788048,0.0,0.9733215974841036,1.050457597052489,0.07343085507194541,0.001503275998472095,0.24762391795764024,0.13011464194904873,0.03914762453686306,0.0004647392704917819,-0.006311617214034413
344,14.09,0.021754894851341605,-1.0,0.0,0.5160571340492491,0.0,0.0,0.09096701741218567,0.0,-0.09096701741218567,0.0,0.09096701741218567,0,0,0.00197897789874226,9.096701741218568e-05,0.9751592392511871,1.050457597052489,0.07168148244401665,0.0,0.1310468410104056,0.06762765719803751,0.06762765719803751,0.0010552072446246169,-0.0022351458490515474
345,13.75,-0.02413058907026259,0.765608012676239,0.0765608012676239,0.5269907213765753,0.0765608012676239,0.0765608012676239,0.0,0.0765608012676239,0.0765608012676239,0.0,0.0,0,0,-0.0,7.65608012676239e-05,0.9750845802784665,1.050457597052489,0.07175255525355233,7.107280953567996e-05,0.2519674751925742,0.132784521515169,0.0562237202475451,0.0007998906471035062,-0.005562619255849458
346,14.48,0.05309090909090912,-1.0,0.0,0.5265465270746236,0.0,0.0,0.0765608012676239,0.0765608012676239,-0.0,0.0765608012676239,0.0,0,0,0.004064682540026581,0.0,0.9790479895469735,1.050457597052489,0.06797952407206717,0.0,0.07593072971613357,0.03998106203027205,0.0,0.0,0.0027628870179271163
347,14.7,0.015193370165745778,-1.0,0.0,0.5501279871923278,0.0,0.0,0.0765608012676239,0.0,-0.0765608012676239,0.0,0.0765608012676239,0,0,0.0011632165938451086,7.65608012676239e-05,0.980111877716026,1.050457597052489,0.06696673862309925,0.0,0.22126231099424876,0.12172258978878893,0.12172258978878893,0.0025480504716798237,-0.006337361090020548
348,14.77,0.004761904761904781,1.0,0.1,0.5564578607689299,0.1,0.1,0.0,0.1,0.1,0.0,0.0,0,0,0.0,0.0001,0.9800138665282544,1.050457597052489,0.06706004194923698,9.330332613773085e-05,0.262758257528473,0.14621389788366565,0.046213897883665644,0.0005960876869484336,-0.005458978064932475
349,14.74,-0.0020311442112389546,-0.18637794256210327,0.08136220574378968,0.5558747597049777,0.08136220574378968,0.08136220574378968,0.1,0.1,-0.0,0.1,0.0,0,0,-0.00020311442112389547,0.0,0.9798148115790611,1.050457597052489,0.06724953550875978,0.000189493559522802,0.32163442383738305,0.17878845806345425,0.07878845806345425,0.001326921259070125,-0.0069438208854295325
350,15.87,0.07666214382632286,-1.0,0.0,0.5546903967868688,0.0,0.0,0.1,0.0,-0.1,0.0,0.1,0,0,0.007666214382632286,0.0001,0.9872283004987468,1.050457597052489,0.06019214552891922,0.0,0.24226712585266805,0.13438324816763073,0.13438324816763073,0.0029557585304662163,-0.0007802469403988916
351,16.1,0.014492753623188545,1.0,0.1,0.5987990912050308,0.1,0.1,0.0,0.1,0.1,0.0,0.0,0,0,0.0,0.0001,0.9871295776686969,1.050457597052489,0.06028612631436632,9.39807854470967e-05,0.5661343487408765,0.33900073352598886,0.23900073352598886,0.00701051787805718,-0.017030801806652087
352,15.97,-0.008074534161490732,1.0,0.2,0.5982117060572356,0.2,0.2,0.1,0.2,0.1,0.1,0.0,0,0,-0.0008074534161490732,0.0001,0.9862338035612597,1.050457597052489,0.061138872879245014,0.0008527465648786939,0.4990389458621098,0.29853093919317714,0.09853093919317713,0.001855710324946065,-0.010003708983164676
353,15.88,-0.005635566687539127,0.050200141966342926,0.2050200141966343,0.5928820496426812,0.2050200141966343,0.2050200141966343,0.2,0.2050200141966343,0.0050200141966342815,0.1,0.1,0,0,-0.0011271133375078254,5.020014196634282e-06,0.9851172553796697,1.050457597052489,0.062201788873877235,0.0010629159946322214,0.4175075248508644,0.24753271707482313,0.04251270287818884,0.0005259316737650599,-0.007360071527225984
354,15.1,-0.049118387909319966,-1.0,0.10502001419663429,0.5862388093027933,0.10502001419663429,0.10502001419663429,0.2050200141966343,0.10502001419663429,-0.1,0.0050200141966342815,0.2,0,0,-0.01007025258648457,0.0001,0.975098364065154,1.050457597052489,0.07173943355618323,0.009537644682305994,0.36805512771155224,0.21576819982740789,0.1107481856307736,0.0022113433534140963,-0.018876709365518506
355,15.1,0.0,-1.0,0.0050200141966342815,0.5266285300273165,0.0050200141966342815,0.0050200141966342815,0.10502001419663429,0.0050200141966342815,-0.1,0.0,0.10502001419663429,0,0,0.0,0.0001,0.9750008542287475,1.050457597052489,0.07183225961282765,9.282605664441557e-05,0.1453680211016912,0.07655494726576356,0.07153493306912928,0.001147964645612717,-0.004480435693564067
356,14.82,-0.01854304635761585,-1.0,0.0,0.5260483626294742,0.0,0.0,0.0050200141966342815,0.0,-0.0050200141966342815,0.0,0.0050200141966342815,0,0,-9.308635596407917e-05,5.020014196634282e-06,0.9749052004340355,1.050457597052489,0.07192331878073732,9.105916790967672e-05,0.0,0.0,0.0,0.0,-0.00016567641984893344
357,14.82,0.0,-1.0,0.0,0.5254792779702697,0.0,0.0,0.0,0.0,0.0,0.0,0.0,0,0,0.0,0.0,0.9749052004340355,1.050457597052489,0.07192331878073732,0.0,0.0,0.0,0.0,0.0,-5e-05
358,15.03,0.014170040485829897,-1.0,0.0,0.5254792779702697,0.0,0.0,0.0,0.0,0.0,0.0,0.0,0,0,0.0,0.0,0.9749052004340355,1.050457597052489,0.07192331878073732,0.0,0.0,0.0,0.0,0.0,-5e-05
359,14.95,-0.005322687957418502,-1.0,0.0,0.5254792779702697,0.0,0.0,0.0,0.0,0.0,0.0,0.0,0,0,-0.0,0.0,0.9749052004340355,1.050457597052489,0.07192331878073732,0.0,0.0,0.0,0.0,0.0,-5e-05
360,14.46,-0.03277591973244137,-1.0,0.0,0.5254792779702697,0.0,0.0,0.0,0.0,0.0,0.0,0.0,0,0,-0.0,0.0,0.9749052004340355,1.050457597052489,0.07192331878073732,0.0,0.0,0.0,0.0,0.0,-5e-05
361,14.55,0.006224066390041484,-1.0,0.0,0.5254792779702697,0.0,0.0,0.0,0.0,0.0,0.0,0.0,0,0,0.0,0.0,0.9749052004340355,1.050457597052489,0.07192331878073732,0.0,0.0,0.0,0.0,0.0,-5e-05
362,15.22,0.046048109965635735,-1.0,0.0,0.5254792779702697,0.0,0.0,0.0,0.0,0.0,0.0,0.0,0,0,0.0,0.0,0.9749052004340355,1.050457597052489,0.07192331878073732,0.0,0.0,0.0,0.0,0.0,-5e-05
363,15.33,0.007227332457292998,-1.0,0.0,0.5254792779702697,0.0,0.0,0.0,0.0,0.0,0.0,0.0,0,0,0.0,0.0,0.9749052004340355,1.050457597052489,0.07192331878073732,0.0,0.11146905434907428,0.05857467819538031,0.05857467819538031,0.0008505818616964526,-0.0031968443812873826
364,15.17,-0.010437051532941954,-1.0,0.0,0.5254792779702697,0.0,0.0,0.0,0.0,0.0,0.0,0.0,0,0,-0.0,0.0,0.9749052004340355,1.050457597052489,0.07192331878073732,0.0,0.093922451244113,0.04935430186495436,0.04935430186495436,0.0006578680120568383,-0.002642670507685566
365,14.85,-0.02109426499670404,-1.0,0.0,0.5254792779702697,0.0,0.0,0.0,0.0,0.0,0.0,0.0,0,0,-0.0,0.0,0.9749052004340355,1.050457597052489,0.07192331878073732,0.0,0.05694504986702303,0.029923443688104265,0.029923443688104265,0.0003105765122391304,-0.0015336445394998049
366,14.81,-0.002693602693602636,-1.0,0.0,0.5254792779702697,0.0,0.0,0.0,0.0,0.0,0.0,0.0,0,0,-0.0,0.0,0.9749052004340355,1.050457597052489,0.07192331878073732,0.0,0.055838530917580315,0.029341990909490686,0.029341990909490686,0.0003015682513208127,-0.0015018419882229673
367,14.47,-0.022957461174881826,-1.0,0.0,0.5254792779702697,0.0,0.0,0.0,0.0,0.0,0.0,0.0,0,0,-0.0,0.0,0.9749052004340355,1.050457597052489,0.07192331878073732,0.0,0.023463459124036936,0.012329561559183867,0.012329561559183867,8.214340483269455e-05,-0.0006154906627878554
368,15.25,0.05390463026952311,-1.0,0.0,0.5254792779702697,0.0,0.0,0.0,0.0,0.0,0.0,0.0,0,0,0.0,0.0,0.9749052004340355,1.050457597052489,0.07192331878073732,0.0,0.0,0.0,0.0,0.0,-5e-05
369,14.98,-0.017704918032786857,-1.0,0.0,0.5254792779702697,0.0,0.0,0.0,0.0,0.0,0.0,0.0,0,0,-0.0,0.0,0.9749052004340355,1.050457597052489,0.07192331878073732,0.0,0.0,0.0,0.0,0.0,-5e-05
370,15.56,0.03871829105473966,-1.0,0.0,0.5254792779702697,0.0,0.0,0.0,0.0,0.0,0.0,0.0,0,0,0.0,0.0,0.9749052004340355,1.050457597052489,0.07192331878073732,0.0,0.0,0.0,0.0,0.0,-5e-05
371,15.34,-0.014138817480719835,-1.0,0.0,0.5254792779702697,0.0,0.0,0.0,0.0,0.0,0.0,0.0,0,0,-0.0,0.0,0.9749052004340355,1.050457597052489,0.07192331878073732,0.0,0.18306402827548246,0.09619635340052957,0.09619635340052957,0.0017901489335993127,-0.005611267916074252
372,15.65,0.020208604954367698,-1.0,0.0,0.5254792779702697,0.0,0.0,0.0,0.0,0.0,0.0,0.0,0,0,0.0,0.0,0.9749052004340355,1.050457597052489,0.07192331878073732,0.0,0.13127617856653775,0.06898291152784046,0.06898291152784046,0.0010870850697438509,-0.003841374348214529
373,15.36,-0.018530351437699738,-0.4177725315093994,0.0,0.5254792779702697,0.0,0.0,0.0,0.0,0.0,0.0,0.0,0,0,-0.0,0.0,0.9749052004340355,1.050457597052489,0.07192331878073732,0.0,0.2846070888492711,0.14955512755373537,0.14955512755373537,0.0034701896627149565,-0.009383095693009942
374,15.94,0.03776041666666667,-1.0,0.0,0.5254792779702697,0.0,0.0,0.0,0.0,0.0,0.0,0.0,0,0,0.0,0.0,0.9749052004340355,1.050457597052489,0.07192331878073732,0.0,0.053396028052159,0.028058506267328778,0.028058506267328778,0.00028199932641380317,-0.0014319575042882784
375,16.29,0.021957340025094082,0.08437316864728928,0.008437316864728928,0.5254792779702697,0.008437316864728928,0.008437316864728928,0.0,0.008437316864728928,0.008437316864728928,0.0,0.0,0,0,0.0,8.437316864728928e-06,0.9748969748499464,1.050457597052489,0.07193114925777148,7.830477034162509e-06,0.2677224550035543,0.14068260235169575,0.13224528548696682,0.0028855031192181655,-0.008205134692511176
376,16.04,-0.015346838551258441,0.2738780081272125,0.03582511767745018,0.5254303369689749,0.03582511767745018,0.03582511767745018,0.008437316864728928,0.03582511767745018,0.027387800812721255,0.008437316864728928,0.0,0,0,-0.00012948613972880492,2.7387800812721254e-05,0.9747440389198797,1.050457597052489,0.07207673907548125,0.00014558981770976254,0.2488937256311792,0.13077631412785407,0.09495119645040388,0.0017555043609502382,-0.006697885699489885
377,17.8,0.10972568578553626,-1.0,0.0,0.5245203882474696,0.0,0.0,0.03582511767745018,0.027387800812721255,-0.008437316864728928,0.027387800812721255,0.008437316864728928,1,0,0.003930935605505759,8.437316864728928e-06,0.978567470744406,1.050457597052489,0.06843696167251463,0.0,0.2153647074479325,0.11296317996539228,0.08557537915267102,0.001502015790591053,-0.001723408663137387
378,16.95,-0.04775280898876412,1.0,0.12738780081272127,0.547268966586716,0.12738780081272127,0.12738780081272127,0.027387800812721255,0.12738780081272127,0.10000000000000002,0.0,0.027387800812721255,0,0,-0.0013078444208321968,0.00010000000000000002,0.9771897999903106,1.050457597052489,0.06974845749867742,0.0013114958261627868,0.5611215234065664,0.30708439624427536,0.17969659543155408,0.004570471696278643,-0.015339649390168684
379,14.95,-0.11799410029498525,1.0,0.22738780081272128,0.5390721637770864,0.22738780081272128,0.22738780081272128,0.12738780081272127,0.22738780081272128,0.1,0.10000000000000002,0.027387800812721255,0,1,-0.015031008945453837,0.0001,0.962403932385251,1.050457597052489,0.08382410190978715,0.014075644411109728,0.4177395359358538,0.22519175553217666,0.0,0.0,-0.02903201270140839
380,14.97,0.0013377926421405586,-1.0,0.12738780081272127,0.4510993402488502,0.12738780081272127,0.12738780081272127,0.22738780081272128,0.12738780081272127,-0.1,0.1,0.12738780081272127,0,0,0.0003041977268397815,0.0001,0.9626004530805459,1.050457597052489,0.08363702087401162,0.0,0.0,0.0,0.0,0.0,-7.910618375012671e-05
381,15.64,0.04475617902471609,-1.0,0.02738780081272127,0.45226861574125066,0.02738780081272127,0.02738780081272127,0.12738780081272127,0.02738780081272127,-0.1,0.0,0.12738780081272127,0,0,0.005701391218739027,0.0001,0.9679923548055853,1.050457597052489,0.0785041133295579,0.0,0.0,0.0,0.0,0.0,0.005267373844246645
382,15.87,0.01470588235294109,-1.0,0.0,0.4843492791085545,0.0,0.0,0.02738780081272127,0.0,-0.02738780081272127,0.0,0.02738780081272127,0,0,0.00040276177665766333,2.738780081272127e-05,0.9683557139443962,1.050457597052489,0.07815820775485362,0.0,0.0,0.0,0.0,0.0,0.0002295166730004176
383,16.25,0.023944549464398286,-1.0,0.0,0.48651120476708415,0.0,0.0,0.0,0.0,0.0,0.0,0.0,0,0,0.0,0.0,0.9683557139443962,1.050457597052489,0.07815820775485362,0.0,0.0,0.0,0.0,0.0,-5e-05
384,15.86,-0.024000000000000035,-1.0,0.0,0.48651120476708415,0.0,0.0,0.0,0.0,0.0,0.0,0.0,0,0,-0.0,0.0,0.9683557139443962,1.050457597052489,0.07815820775485362,0.0,0.0,0.0,0.0,0.0,-5e-05
385,16.18,0.02017654476670872,-1.0,0.0,0.48651120476708415,0.0,0.0,0.0,0.0,0.0,0.0,0.0,0,0,0.0,0.0,0.9683557139443962,1.050457597052489,0.07815820775485362,0.0,0.1958422845623646,0.09527946580677413,0.09527946580677413,0.0017646160326056052,-0.0058489670945903165
386,16.1,-0.004944375772558609,0.046309683471918106,0.004630968347191811,0.48651120476708415,0.004630968347191811,0.004630968347191811,0.0,0.004630968347191811,0.004630968347191811,0.0,0.0,0,0,-0.0,4.630968347191811e-06,0.9683512295197361,1.050457597052489,0.07816247677501469,4.269020161068449e-06,0.27005839777261076,0.1313864364578213,0.1267554681106295,0.0027077047422180704,-0.008089427384985684
387,15.37,-0.04534161490683243,-1.0,0.0,0.4864845223753221,0.0,0.0,0.004630968347191811,0.004630968347191811,-0.0,0.004630968347191811,0.0,0,0,-0.00020997558344410135,0.0,0.9681478994053387,1.050457597052489,0.07835604014679462,0.000193563371779934,0.11843638350982456,0.057617467463637474,0.052986499116445665,0.0007318112634553611,-0.003291294549312643
388,15.3,-0.004554326610279669,-1.0,0.0,0.48527473435092683,0.0,0.0,0.004630968347191811,0.0,-0.004630968347191811,0.0,0.004630968347191811,0,0,-2.109094237497852e-05,4.630968347191811e-06,0.9681229967915043,1.050457597052489,0.0783797465904477,2.370644365308483e-05,0.0,0.0,0.0,0.0,-9.193029993734167e-05
389,16.14,0.05490196078431371,-1.0,0.0,0.48512656092930917,0.0,0.0,0.0,0.0,0.0,0.0,0.0,0,0,0.0,0.0,0.9681229967915043,1.050457597052489,0.0783797465904477,0.0,0.0,0.0,0.0,0.0,-5e-05
390,15.8,-0.021065675340768267,-1.0,0.0,0.48512656092930917,0.0,0.0,0.0,0.0,0.0,0.0,0.0,0,0,-0.0,0.0,0.9681229967915043,1.050457597052489,0.0783797465904477,0.0,0.077497254503512,0.037595976558752194,0.037595976558752194,0.0004373844165333249,-0.002083827859305672
391,15.44,-0.022784810126582355,-1.0,0.0,0.48512656092930917,0.0,0.0,0.0,0.0,0.0,0.0,0.0,0,0,-0.0,0.0,0.9681229967915043,1.050457597052489,0.0783797465904477,0.0,0.0,0.0,0.0,0.0,-5e-05
392,15.76,0.020725388601036288,-1.0,0.0,0.48512656092930917,0.0,0.0,0.0,0.0,0.0,0.0,0.0,0,0,0.0,0.0,0.9681229967915043,1.050457597052489,0.0783797465904477,0.0,0.0,0.0,0.0,0.0,-5e-05
393,16.55,0.05012690355329955,-1.0,0.0,0.48512656092930917,0.0,0.0,0.0,0.0,0.0,0.0,0.0,0,0,0.0,0.0,0.9681229967915043,1.050457597052489,0.0783797465904477,0.0,0.06228838890675103,0.030217751896159457,0.030217751896159457,0.00031516971356415494,-0.0016483105250432262
394,17.09,0.03262839879154073,0.0208283718675375,0.0020828371867537498,0.48512656092930917,0.0020828371867537498,0.0020828371867537498,0.0,0.0020828371867537498,0.0020828371867537498,0.0,0.0,0,0,0.0,2.08283718675375e-06,0.9681209803489252,1.050457597052489,0.07838166617538353,1.9195849358250028e-06,0.2824109326886053,0.1370050445440617,0.13492220735730795,0.0029735579523217314,-0.008612255794272135
395,16.91,-0.010532475131655922,0.43740347027778625,0.045823184214532374,0.4851145934342257,0.045823184214532374,0.045823184214532374,0.0020828371867537498,0.045823184214532374,0.043740347027778625,0.0020828371867537498,0.0,0,0,-2.193743087277205e-05,4.374034702777863e-05,0.968057396314197,1.050457597052489,0.0784421960196216,6.052984423807195e-05,0.26869502517141075,0.13034787789382796,0.08452469367929558,0.0014744384870886273,-0.006671500081934095
396,15.66,-0.07392075694855116,-0.8395204544067383,0.0,0.4847362902044263,0.0,0.0,0.045823184214532374,0.043740347027778625,-0.0020828371867537485,0.043740347027778625,0.0020828371867537485,0,0,-0.003387284462931134,2.0828371867537486e-06,0.9647762942304924,1.050457597052489,0.08156569390560112,0.003123497885979515,0.2789372472395882,0.13521100642675282,0.0914706593989742,0.001659869577609858,-0.010244151115434358
397,15.85,0.012132822477650032,-1.0,0.0,0.46521441862324076,0.0,0.0,0.043740347027778625,0.0,-0.043740347027778625,0.0,0.043740347027778625,0,0,0.0005306938655988453,4.374034702777863e-05,0.965246095441602,1.050457597052489,0.08111845908867195,0.0,0.008120414311674207,0.0037777338229853597,0.0037777338229853597,1.3931512923607712e-05,0.00010265025622974505
398,14.03,-0.11482649842271296,-1.0,0.0,0.4680096436324931,0.0,0.0,0.0,0.0,0.0,0.0,0.0,0,1,-0.0,0.0,0.965246095441602,1.050457597052489,0.08111845908867195,0.0,0.00940558107629245,0.00440190264767215,0.00440190264767215,1.7523138784102278e-05,-0.00026127810895572675
399,14.39,0.025659301496792675,-1.0,0.0,0.4680096436324931,0.0,0.0,0.0,0.0,0.0,0.0,0.0,0,0,0.0,0.0,0.965246095441602,1.050457597052489,0.08111845908867195,0.0,0.0,0.0,0.0,0.0,-5e-05
400,14.39,0.0,-1.0,0.0,0.4680096436324931,0.0,0.0,0.0,0.0,0.0,0.0,0.0,0,0,0.0,0.0,0.965246095441602,1.050457597052489,0.08111845908867195,0.0,0.0,0.0,0.0,0.0,-5e-05
401,13.71,-0.04725503822098678,-1.0,0.0,0.4680096436324931,0.0,0.0,0.0,0.0,0.0,0.0,0.0,0,0,-0.0,0.0,0.965246095441602,1.050457597052489,0.08111845908867195,0.0,0.0,0.0,0.0,0.0,-5e-05
402,14.11,0.02917578409919756,-1.0,0.0,0.4680096436324931,0.0,0.0,0.0,0.0,0.0,0.0,0.0,0,0,0.0,0.0,0.965246095441602,1.050457597052489,0.08111845908867195,0.0,0.0,0.0,0.0,0.0,-5e-05
403,13.94,-0.012048192771084333,-1.0,0.0,0.4680096436324931,0.0,0.0,0.0,0.0,0.0,0.0,0.0,0,0,-0.0,0.0,0.965246095441602,1.050457597052489,0.08111845908867195,0.0,0.0,0.0,0.0,0.0,-5e-05
404,13.13,-0.058106169296987,-1.0,0.0,0.4680096436324931,0.0,0.0,0.0,0.0,0.0,0.0,0.0,0,0,-0.0,0.0,0.965246095441602,1.050457597052489,0.08111845908867195,0.0,0.0,0.0,0.0,0.0,-5e-05
405,13.54,0.0312261995430311,-1.0,0.0,0.4680096436324931,0.0,0.0,0.0,0.0,0.0,0.0,0.0,0,0,0.0,0.0,0.965246095441602,1.050457597052489,0.08111845908867195,0.0,0.0,0.0,0.0,0.0,-5e-05
406,13.49,-0.0036927621861151355,-1.0,0.0,0.4680096436324931,0.0,0.0,0.0,0.0,0.0,0.0,0.0,0,0,-0.0,0.0,0.965246095441602,1.050457597052489,0.08111845908867195,0.0,0.0,0.0,0.0,0.0,-5e-05
407,13.05,-0.0326167531504818,-1.0,0.0,0.4680096436324931,0.0,0.0,0.0,0.0,0.0,0.0,0.0,0,0,-0.0,0.0,0.965246095441602,1.050457597052489,0.08111845908867195,0.0,0.0,0.0,0.0,0.0,-5e-05
408,12.6,-0.03448275862068974,-1.0,0.0,0.4680096436324931,0.0,0.0,0.0,0.0,0.0,0.0,0.0,0,0,-0.0,0.0,0.965246095441602,1.050457597052489,0.08111845908867195,0.0,0.0,0.0,0.0,0.0,-5e-05
409,11.25,-0.10714285714285712,-1.0,0.0,0.4680096436324931,0.0,0.0,0.0,0.0,0.0,0.0,0.0,0,1,-0.0,0.0,0.965246095441602,1.050457597052489,0.08111845908867195,0.0,0.0,0.0,0.0,0.0,-5e-05
410,10.86,-0.03466666666666672,-1.0,0.0,0.4680096436324931,0.0,0.0,0.0,0.0,0.0,0.0,0.0,0,0,-0.0,0.0,0.965246095441602,1.050457597052489,0.08111845908867195,0.0,0.0,0.0,0.0,0.0,-5e-05
411,10.51,-0.03222836095764269,-1.0,0.0,0.4680096436324931,0.0,0.0,0.0,0.0,0.0,0.0,0.0,0,0,-0.0,0.0,0.965246095441602,1.050457597052489,0.08111845908867195,0.0,0.0,0.0,0.0,0.0,-5e-05
412,10.46,-0.004757373929590764,-1.0,0.0,0.4680096436324931,0.0,0.0,0.0,0.0,0.0,0.0,0.0,0,0,-0.0,0.0,0.965246095441602,1.050457597052489,0.08111845908867195,0.0,0.0,0.0,0.0,0.0,-5e-05
413,10.52,0.005736137667303892,-1.0,0.0,0.4680096436324931,0.0,0.0,0.0,0.0,0.0,0.0,0.0,0,0,0.0,0.0,0.965246095441602,1.050457597052489,0.08111845908867195,0.0,0.0,0.0,0.0,0.0,-5e-05
414,9.47,-0.09980988593155884,-1.0,0.0,0.4680096436324931,0.0,0.0,0.0,0.0,0.0,0.0,0.0,0,0,-0.0,0.0,0.965246095441602,1.050457597052489,0.08111845908867195,0.0,0.0,0.0,0.0,0.0,-5e-05
415,9.97,0.05279831045406547,-1.0,0.0,0.4680096436324931,0.0,0.0,0.0,0.0,0.0,0.0,0.0,0,0,0.0,0.0,0.965246095441602,1.050457597052489,0.08111845908867195,0.0,0.0,0.0,0.0,0.0,-5e-05
416,10.5,0.05315947843530585,-1.0,0.0,0.4680096436324931,0.0,0.0,0.0,0.0,0.0,0.0,0.0,0,0,0.0,0.0,0.965246095441602,1.050457597052489,0.08111845908867195,0.0,0.0,0.0,0.0,0.0,-5e-05
417,10.24,-0.024761904761904742,-1.0,0.0,0.4680096436324931,0.0,0.0,0.0,0.0,0.0,0.0,0.0,0,0,-0.0,0.0,0.965246095441602,1.050457597052489,0.08111845908867195,0.0,0.0,0.0,0.0,0.0,-5e-05
418,10.02,-0.021484375000000062,-1.0,0.0,0.4680096436324931,0.0,0.0,0.0,0.0,0.0,0.0,0.0,0,0,-0.0,0.0,0.965246095441602,1.050457597052489,0.08111845908867195,0.0,0.0,0.0,0.0,0.0,-5e-05
419,9.77,-0.0249500998003992,-1.0,0.0,0.4680096436324931,0.0,0.0,0.0,0.0,0.0,0.0,0.0,0,0,-0.0,0.0,0.965246095441602,1.050457597052489,0.08111845908867195,0.0,0.0,0.0,0.0,0.0,-5e-05
420,10.16,0.03991811668372575,-1.0,0.0,0.4680096436324931,0.0,0.0,0.0,0.0,0.0,0.0,0.0,0,0,0.0,0.0,0.965246095441602,1.050457597052489,0.08111845908867195,0.0,0.0,0.0,0.0,0.0,-5e-05
421,10.36,0.01968503937007867,-1.0,0.0,0.4680096436324931,0.0,0.0,0.0,0.0,0.0,0.0,0.0,0,0,0.0,0.0,0.965246095441602,1.050457597052489,0.08111845908867195,0.0,0.0,0.0,0.0,0.0,-5e-05
422,10.93,0.05501930501930505,-1.0,0.0,0.4680096436324931,0.0,0.0,0.0,0.0,0.0,0.0,0.0,0,0,0.0,0.0,0.965246095441602,1.050457597052489,0.08111845908867195,0.0,0.0,0.0,0.0,0.0,-5e-05
423,10.91,-0.0018298261665141422,-1.0,0.0,0.4680096436324931,0.0,0.0,0.0,0.0,0.0,0.0,0.0,0,0,-0.0,0.0,0.965246095441602,1.050457597052489,0.08111845908867195,0.0,0.1507271642978115,0.070541766448755,0.070541766448755,0.001124140892926163,-0.004279120477461079
424,11.1,0.017415215398716728,-1.0,0.0,0.4680096436324931,0.0,0.0,0.0,0.0,0.0,0.0,0.0,0,0,0.0,0.0,0.965246095441602,1.050457597052489,0.08111845908867195,0.0,0.21988171200296602,0.1029067616758106,0.1029067616758106,0.0019806927781675946,-0.006560256045428695
425,11.09,-0.0009009009009008817,-0.345158189535141,0.0,0.4680096436324931,0.0,0.0,0.0,0.0,0.0,0.0,0.0,0,0,-0.0,0.0,0.965246095441602,1.050457597052489,0.08111845908867195,0.0,0.3522875621395421,0.16487397641308688,0.16487397641308688,0.0040167926980564424,-0.01132391647813101
426,10.9,-0.017132551848512128,-1.0,0.0,0.4680096436324931,0.0,0.0,0.0,0.0,0.0,0.0,0.0,0,0,-0.0,0.0,0.965246095441602,1.050457597052489,0.08111845908867195,0.0,0.2812688549813779,0.13163653658475405,0.13163653658475405,0.0028656023280026746,-0.00870974074061906
427,10.57,-0.03027522935779817,-1.0,0.0,0.4680096436324931,0.0,0.0,0.0,0.0,0.0,0.0,0.0,0,0,-0.0,0.0,0.965246095441602,1.050457597052489,0.08111845908867195,0.0,0.17471594173255062,0.08176874562716645,0.08176874562716645,0.0014029178908836388,-0.005052066290574182
428,10.1,-0.04446546830652797,-1.0,0.0,0.4680096436324931,0.0,0.0,0.0,0.0,0.0,0.0,0.0,0,0,-0.0,0.0,0.965246095441602,1.050457597052489,0.08111845908867195,0.0,0.0,0.0,0.0,0.0,-5e-05
429,10.76,0.06534653465346536,-1.0,0.0,0.4680096436324931,0.0,0.0,0.0,0.0,0.0,0.0,0.0,0,0,0.0,0.0,0.965246095441602,1.050457597052489,0.08111845908867195,0.0,0.0,0.0,0.0,0.0,-5e-05
430,10.82,0.005576208178438708,-1.0,0.0,0.4680096436324931,0.0,0.0,0.0,0.0,0.0,0.0,0.0,0,0,0.0,0.0,0.965246095441602,1.050457597052489,0.08111845908867195,0.0,0.0,0.0,0.0,0.0,-5e-05
431,11.0,0.016635859519408477,-1.0,0.0,0.4680096436324931,0.0,0.0,0.0,0.0,0.0,0.0,0.0,0,0,0.0,0.0,0.965246095441602,1.050457597052489,0.08111845908867195,0.0,0.0,0.0,0.0,0.0,-5e-05
432,10.94,-0.0054545454545455,-1.0,0.0,0.4680096436324931,0.0,0.0,0.0,0.0,0.0,0.0,0.0,0,0,-0.0,0.0,0.965246095441602,1.050457597052489,0.08111845908867195,0.0,0.10101043120361354,0.04727385591076763,0.04727385591076763,0.0006167125567719122,-0.0027475274395663512
433,11.42,0.04387568555758688,-1.0,0.0,0.4680096436324931,0.0,0.0,0.0,0.0,0.0,0.0,0.0,0,0,0.0,0.0,0.965246095441602,1.050457597052489,0.08111845908867195,0.0,0.16507293210702473,0.07725572412877937,0.07725572412877937,0.0012883897224157548,-0.004738892123820464
434,11.11,-0.027145359019264494,1.0,0.1,0.4680096436324931,0.1,0.1,0.0,0.1,0.1,0.0,0.0,0,0,-0.0,0.0001,0.9651495708320579,1.050457597052489,0.08121034724276305,9.18881540910993e-05,0.4485596516677467,0.20993024272493738,0.10993024272493737,0.002186890463414388,-0.010208404541766084
435,11.01,-0.00900090009000897,-1.0,0.0,0.4674353435668708,0.0,0.0,0.1,0.1,-0.0,0.1,0.0,0,0,-0.000900090009000897,0.0,0.9642808493461604,1.050457597052489,0.08203734062958326,0.0008269933868202128,0.16317804282726334,0.0762751845115314,0.0,0.0,-0.003620116737064374
436,10.91,-0.00908265213442322,-1.0,0.0,0.4622666429762703,0.0,0.0,0.1,0.0,-0.1,0.0,0.1,0,0,-0.000908265213442322,0.0001,0.9633085985097761,1.050457597052489,0.08296289044626541,0.0009255498166821502,0.09791292347163588,0.04526187843722558,0.04526187843722558,0.0005777635122700155,-0.004003034949228036
437,10.9,-0.0009165902841429685,-1.0,0.0,0.4564819190687058,0.0,0.0,0.0,0.0,0.0,0.0,0.0,0,0,-0.0,0.0,0.9633085985097761,1.050457597052489,0.08296289044626541,0.0,0.004025255264445617,0.0018374562478555459,0.0018374562478555459,4.725815480061292e-06,-0.000137646073927641
438,10.9,0.0,-1.0,0.0,0.4564819190687058,0.0,0.0,0.0,0.0,0.0,0.0,0.0,0,0,0.0,0.0,0.9633085985097761,1.050457597052489,0.08296289044626541,0.0,0.011505814338372316,0.005252196209628426,0.005252196209628426,2.2838241618444914e-05,-0.00030985801698891466
439,11.16,0.023853211009174292,-1.0,0.0,0.4564819190687058,0.0,0.0,0.0,0.0,0.0,0.0,0.0,0,0,0.0,0.0,0.9633085985097761,1.050457597052489,0.08296289044626541,0.0,0.0,0.0,0.0,0.0,-5e-05
440,11.19,0.0026881720430106952,-1.0,0.0,0.4564819190687058,0.0,0.0,0.0,0.0,0.0,0.0,0.0,0,0,0.0,0.0,0.9633085985097761,1.050457597052489,0.08296289044626541,0.0,0.05589772617355663,0.025516301315282153,0.025516301315282153,0.00024455572462173434,-0.001446048883797001
441,11.64,0.04021447721179634,-1.0,0.0,0.4564819190687058,0.0,0.0,0.0,0.0,0.0,0.0,0.0,0,0,0.0,0.0,0.9633085985097761,1.050457597052489,0.08296289044626541,0.0,0.08815197437194384,0.04023978243100029,0.04023978243100029,0.0004843225455666955,-0.002350253217628739
442,11.71,0.006013745704467378,0.9444871544837952,0.09444871544837952,0.4564819190687058,0.09444871544837952,0.09444871544837952,0.0,0.09444871544837952,0.09444871544837952,0.0,0.0,0,0,0.0,9.444871544837952e-05,0.9632176152500664,1.050457597052489,0.08304950342328131,8.661297701589854e-05,0.2814840776259489,0.1284923919419777,0.034043676493598185,0.0003768824658579858,-0.0055826920580072685
443,11.33,-0.0324508966695133,-1.0,0.0,0.4559405878222241,0.0,0.0,0.09444871544837952,0.09444871544837952,-0.0,0.09444871544837952,0.0,0,0,-0.0030649455055836283,0.0,0.9602654057493067,1.050457597052489,0.08585990672660682,0.0028104033033255066,0.3038970090964236,0.13855898096483915,0.044110265516459635,0.000555854029551452,-0.008786342359571582
444,11.39,0.005295675198587864,-1.0,0.0,0.4383755646686429,0.0,0.0,0.09444871544837952,0.0,-0.09444871544837952,0.0,0.09444871544837952,0,0,0.0005001697199384658,9.444871544837952e-05,0.9606550055943045,1.050457597052489,0.08548902088971921,0.0,0.15717196762227892,0.06890035005649818,0.06890035005649818,0.0010851340543184692,-0.004297726086916656
445,11.47,0.007023705004389822,-1.0,0.0,0.4406936265568029,0.0,0.0,0.0,0.0,0.0,0.0,0.0,0,0,0.0,0.0,0.9606550055943045,1.050457597052489,0.08548902088971921,0.0,0.10857898193739343,0.047850065317835505,0.047850065317835505,0.0006280222822691976,-0.002914749310179502
446,11.18,-0.025283347863993104,-1.0,0.0,0.4406936265568029,0.0,0.0,0.0,0.0,0.0,0.0,0.0,0,0,-0.0,0.0,0.9606550055943045,1.050457597052489,0.08548902088971921,0.0,0.12967735045358558,0.057147981853668095,0.057147981853668095,0.0008196955882044939,-0.0035410490075483566
447,11.13,-0.004472271914132284,-1.0,0.0,0.4406936265568029,0.0,0.0,0.0,0.0,0.0,0.0,0.0,0,0,-0.0,0.0,0.9606550055943045,1.050457597052489,0.08548902088971921,0.0,0.0,0.0,0.0,0.0,-5e-05
448,10.64,-0.04402515723270442,-1.0,0.0,0.4406936265568029,0.0,0.0,0.0,0.0,0.0,0.0,0.0,0,0,-0.0,0.0,0.9606550055943045,1.050457597052489,0.08548902088971921,0.0,0.0,0.0,0.0,0.0,-5e-05
449,10.74,0.00939849624060147,-1.0,0.0,0.4406936265568029,0.0,0.0,0.0,0.0,0.0,0.0,0.0,0,0,0.0,0.0,0.9606550055943045,1.050457597052489,0.08548902088971921,0.0,0.0,0.0,0.0,0.0,-5e-05
450,10.44,-0.027932960893854813,-1.0,0.0,0.4406936265568029,0.0,0.0,0.0,0.0,0.0,0.0,0.0,0,0,-0.0,0.0,0.9606550055943045,1.050457597052489,0.08548902088971921,0.0,0.0,0.0,0.0,0.0,-5e-05
451,10.73,0.027777777777777866,-1.0,0.0,0.4406936265568029,0.0,0.0,0.0,0.0,0.0,0.0,0.0,0,0,0.0,0.0,0.9606550055943045,1.050457597052489,0.08548902088971921,0.0,0.0,0.0,0.0,0.0,-5e-05
452,10.8,0.006523765144454826,-1.0,0.0,0.4406936265568029,0.0,0.0,0.0,0.0,0.0,0.0,0.0,0,0,0.0,0.0,0.9606550055943045,1.050457597052489,0.08548902088971921,0.0,0.0,0.0,0.0,0.0,-5e-05
453,10.55,-0.023148148148148147,-1.0,0.0,0.4406936265568029,0.0,0.0,0.0,0.0,0.0,0.0,0.0,0,0,-0.0,0.0,0.9606550055943045,1.050457597052489,0.08548902088971921,0.0,0.0,0.0,0.0,0.0,-5e-05
454,10.21,-0.032227488151658754,-1.0,0.0,0.4406936265568029,0.0,0.0,0.0,0.0,0.0,0.0,0.0,0,0,-0.0,0.0,0.9606550055943045,1.050457597052489,0.08548902088971921,0.0,0.0,0.0,0.0,0.0,-5e-05
455,10.07,-0.013712047012732669,-1.0,0.0,0.4406936265568029,0.0,0.0,0.0,0.0,0.0,0.0,0.0,0,0,-0.0,0.0,0.9606550055943045,1.050457597052489,0.08548902088971921,0.0,0.0,0.0,0.0,0.0,-5e-05
456,10.45,0.037735849056603675,-1.0,0.0,0.4406936265568029,0.0,0.0,0.0,0.0,0.0,0.0,0.0,0,0,0.0,0.0,0.9606550055943045,1.050457597052489,0.08548902088971921,0.0,0.0,0.0,0.0,0.0,-5e-05
457,10.43,-0.0019138755980860837,-1.0,0.0,0.4406936265568029,0.0,0.0,0.0,0.0,0.0,0.0,0.0,0,0,-0.0,0.0,0.9606550055943045,1.050457597052489,0.08548902088971921,0.0,0.0,0.0,0.0,0.0,-5e-05
458,10.41,-0.0019175455417065747,-1.0,0.0,0.4406936265568029,0.0,0.0,0.0,0.0,0.0,0.0,0.0,0,0,-0.0,0.0,0.9606550055943045,1.050457597052489,0.08548902088971921,0.0,0.0,0.0,0.0,0.0,-5e-05
459,10.36,-0.004803073967339165,-1.0,0.0,0.4406936265568029,0.0,0.0,0.0,0.0,0.0,0.0,0.0,0,0,-0.0,0.0,0.9606550055943045,1.050457597052489,0.08548902088971921,0.0,0.0,0.0,0.0,0.0,-5e-05
460,10.83,0.04536679536679543,-1.0,0.0,0.4406936265568029,0.0,0.0,0.0,0.0,0.0,0.0,0.0,0,0,0.0,0.0,0.9606550055943045,1.050457597052489,0.08548902088971921,0.0,0.0,0.0,0.0,0.0,-5e-05
461,11.11,0.025854108956601972,-1.0,0.0,0.4406936265568029,0.0,0.0,0.0,0.0,0.0,0.0,0.0,0,0,0.0,0.0,0.9606550055943045,1.050457597052489,0.08548902088971921,0.0,0.21273485174774753,0.09375089331173868,0.09375089331173868,0.0017223220922298994,-0.006154660038233498
462,11.17,0.005400540054005446,-1.0,0.0,0.4406936265568029,0.0,0.0,0.0,0.0,0.0,0.0,0.0,0,0,0.0,0.0,0.9606550055943045,1.050457597052489,0.08548902088971921,0.0,0.22398776047688268,0.09870997846889396,0.09870997846889396,0.0018607706022419723,-0.006524918468065756
463,11.11,-0.005371530886302641,-1.0,0.0,0.4406936265568029,0.0,0.0,0.0,0.0,0.0,0.0,0.0,0,0,-0.0,0.0,0.9606550055943045,1.050457597052489,0.08548902088971921,0.0,0.2560542837459029,0.11284149089938657,0.11284149089938657,0.002274335203780565,-0.007599053448946165
464,11.03,-0.007200720072007207,-1.0,0.0,0.4406936265568029,0.0,0.0,0.0,0.0,0.0,0.0,0.0,0,0,-0.0,0.0,0.9606550055943045,1.050457597052489,0.08548902088971921,0.0,0.23994698240228834,0.10574310585622582,0.10574310585622582,0.002063143061814247,-0.007056050899301386
465,11.21,0.016319129646418993,-1.0,0.0,0.4406936265568029,0.0,0.0,0.0,0.0,0.0,0.0,0.0,0,0,0.0,0.0,0.9606550055943045,1.050457597052489,0.08548902088971921,0.0,0.22481774192876353,0.0990757460048982,0.0990757460048982,0.001871122740834791,-0.006552368224567321
466,11.5,0.025869759143621687,-1.0,0.0,0.4406936265568029,0.0,0.0,0.0,0.0,0.0,0.0,0.0,0,0,0.0,0.0,0.9606550055943045,1.050457597052489,0.08548902088971921,0.0,0.17043672857556522,0.07511038001444331,0.07511038001444331,0.0012350973482096097,-0.004796093956866253
467,11.23,-0.02347826086956518,-0.7056424021720886,0.0,0.4406936265568029,0.0,0.0,0.0,0.0,0.0,0.0,0.0,0,0,-0.0,0.0,0.9606550055943045,1.050457597052489,0.08548902088971921,0.0,0.20750148796801804,0.09144458324855867,0.09144458324855867,0.0016591598430758044,-0.005983690495216975
468,10.97,-0.02315227070347282,-1.0,0.0,0.4406936265568029,0.0,0.0,0.0,0.0,0.0,0.0,0.0,0,0,-0.0,0.0,0.9606550055943045,1.050457597052489,0.08548902088971921,0.0,0.08254484193149982,0.03637698574435071,0.03637698574435071,0.00041628553003712076,-0.002166709273826017
469,10.76,-0.01914311759343672,-1.0,0.0,0.4406936265568029,0.0,0.0,0.0,0.0,0.0,0.0,0.0,0,0,-0.0,0.0,0.9606550055943045,1.050457597052489,0.08548902088971921,0.0,0.0,0.0,0.0,0.0,-5e-05
470,10.62,-0.01301115241635693,-1.0,0.0,0.4406936265568029,0.0,0.0,0.0,0.0,0.0,0.0,0.0,0,0,-0.0,0.0,0.9606550055943045,1.050457597052489,0.08548902088971921,0.0,0.0,0.0,0.0,0.0,-5e-05
471,10.98,0.03389830508474588,-1.0,0.0,0.4406936265568029,0.0,0.0,0.0,0.0,0.0,0.0,0.0,0,0,0.0,0.0,0.9606550055943045,1.050457597052489,0.08548902088971921,0.0,0.0,0.0,0.0,0.0,-5e-05
472,11.2,0.02003642987249534,-1.0,0.0,0.4406936265568029,0.0,0.0,0.0,0.0,0.0,0.0,0.0,0,0,0.0,0.0,0.9606550055943045,1.050457597052489,0.08548902088971921,0.0,0.0,0.0,0.0,0.0,-5e-05
473,11.35,0.013392857142857175,-1.0,0.0,0.4406936265568029,0.0,0.0,0.0,0.0,0.0,0.0,0.0,0,0,0.0,0.0,0.9606550055943045,1.050457597052489,0.08548902088971921,0.0,0.04589266596423009,0.020224605396136512,0.020224605396136512,0.0001725723986630728,-0.0011679613175262127
474,11.3,-0.004405286343612241,-1.0,0.0,0.4406936265568029,0.0,0.0,0.0,0.0,0.0,0.0,0.0,0,0,-0.0,0.0,0.9606550055943045,1.050457597052489,0.08548902088971921,0.0,0.17113622733857872,0.07541864466108773,0.07541864466108773,0.0012427086909728477,-0.004818114974147569
475,11.35,0.004424778761061852,-0.6649450659751892,0.0,0.4406936265568029,0.0,0.0,0.0,0.0,0.0,0.0,0.0,0,0,0.0,0.0,0.9606550055943045,1.050457597052489,0.08548902088971921,0.0,0.2003568967705836,0.08829600744349547,0.08829600744349547,0.0015742106623776002,-0.005751562735851622
476,11.06,-0.025550660792951468,0.1782706379890442,0.01782706379890442,0.4406936265568029,0.01782706379890442,0.01782706379890442,0.0,0.01782706379890442,0.01782706379890442,0.0,0.0,0,0,-0.0,1.782706379890442e-05,0.960637879936231,1.050457597052489,0.08550532393528869,1.630304556947404e-05,0.24725034830915552,0.10896165266379441,0.09113458886489,0.0016507302443431794,-0.006533221009855972
477,12.47,0.1274864376130199,-1.0,0.0,0.4405917398671425,0.0,0.0,0.01782706379890442,0.01782706379890442,-0.0,0.01782706379890442,0.0,1,0,0.0022727088568223535,0.0,0.9628211301541612,1.050457597052489,0.08342694378547945,0.0,0.03016218073932552,0.013289207690126646,0.0,0.0,0.0016961018914035929
478,12.17,-0.024057738572574233,1.0,0.11782706379890442,0.45358159430691075,0.11782706379890442,0.11782706379890442,0.01782706379890442,0.11782706379890442,0.1,0.0,0.01782706379890442,0,0,-0.0004288788403906446,0.0001,0.9623119144313416,1.050457597052489,0.08391169988058354,0.0004847560951040941,0.472857051314262,0.21447925521438765,0.09665219141548323,0.0018028882502969116,-0.010405081070282516
479,12.3,0.010682004930156187,-0.14864152669906616,0.1029629111289978,0.4505518622733762,0.1029629111289978,0.1029629111289978,0.11782706379890442,0.1029629111289978,-0.014864152669906622,0.1,0.01782706379890442,0,0,0.0012586292764057245,1.4864152669906623e-05,0.9635088044286667,1.050457597052489,0.08277230120263258,0.0,0.33267472672221643,0.14988721765598112,0.04692430652698332,0.0006098851305036218,-0.004988627395849406
480,12.57,0.021951219512195086,0.9388198256492615,0.19684489369392394,0.4576731272077379,0.19684489369392394,0.19684489369392394,0.1029629111289978,0.19684489369392394,0.09388198256492614,0.0,0.1029629111289978,0,0,0.0022601614638072653,9.388198256492614e-05,0.965596033781697,1.050457597052489,0.08078532965910058,0.0,0.37465963083084264,0.17147164488084837,0.0,0.0,-0.0033481468293703634
481,12.76,0.015115354017501949,-0.6327623724937439,0.13356865644454954,0.4700917083802514,0.13356865644454954,0.13356865644454954,0.19684489369392394,0.13356865644454954,-0.0632762372493744,0.09388198256492614,0.1029629111289978,0,0,0.0029753802547211974,6.32762372493744e-05,0.9684079498709275,1.050457597052489,0.07810848092468187,0.0,0.4369533486250688,0.20540814613763014,0.0718394896930806,0.0011553035515398065,-0.005383398343522164
482,13.06,0.023510971786833913,1.0,0.23356865644454955,0.48682198711022556,0.23356865644454955,0.23356865644454955,0.13356865644454954,0.23356865644454955,0.1,0.0,0.13356865644454954,0,0,0.003140328913273116,0.0001,0.9713522285607638,1.050457597052489,0.07530562748433577,0.0,0.5279424982080148,0.25701401605756247,0.023445359613012917,0.00021539548623580892,-0.004277183334027495
483,13.64,0.044410413476263406,-1.0,0.13356865644454954,0.5043398387754037,0.13356865644454954,0.13356865644454954,0.23356865644454955,0.13356865644454954,-0.1,0.1,0.13356865644454954,0,0,0.010372880607797761,0.0001,0.9813308140328868,1.050457597052489,0.06580635259677985,0.0,0.3248777494160102,0.16384879176218659,0.03028013531763704,0.0003161462012854628,0.004480420795414948
484,13.53,-0.008064516129032346,1.0,0.23356865644454955,0.563710302487923,0.23356865644454955,0.23356865644454955,0.13356865644454954,0.23356865644454955,0.1,0.0,0.13356865644454954,0,0,-0.00107716658423025,0.0001,0.9801756241905318,1.050457597052489,0.06690605414170307,0.0010997015449232261,0.5427307561700743,0.30594291873013174,0.07237426228558219,0.0011682276346453352,-0.009639653932880968
485,13.55,0.0014781966001479194,0.6379441618919373,0.2973630726337433,0.5568371418874325,0.2973630726337433,0.2973630726337433,0.23356865644454955,0.2973630726337433,0.06379441618919374,0.1,0.13356865644454954,0,0,0.00034526039385745057,6.379441618919374e-05,0.9804515102808812,1.050457597052489,0.06664341994197578,0.0,0.475095503261922,0.26455082215994,0.0,0.0,-0.005080085819498632
486,13.87,0.023616236162361512,-1.0,0.19736307263374328,0.55847864449128,0.19736307263374328,0.19736307263374328,0.2973630726337433,0.19736307263374328,-0.1,0.06379441618919374,0.23356865644454955,0,0,0.007022596549283941,0.0001,0.9872387805226918,1.050457597052489,0.06018216890161471,0.0,0.4127202982840027,0.2304954727396866,0.033132400105943316,0.00036185168245827983,0.0004950578214915693
487,13.18,-0.04974765681326601,0.9397813081741333,0.2913412034511566,0.5988614432513998,0.2913412034511566,0.2913412034511566,0.19736307263374328,0.2913412034511566,0.09397813081741332,0.0,0.19736307263374328,0,0,-0.009818350404995154,9.397813081741333e-05,0.9774529453868559,1.050457597052489,0.0694979520072767,0.009315783105661987,0.4533525190676001,0.27149534387048074,0.0,0.0,-0.015222017416268805
488,13.65,0.03566009104704102,-1.0,0.1913412034511566,0.5406378101572333,0.1913412034511566,0.1913412034511566,0.2913412034511566,0.1913412034511566,-0.1,0.09397813081741332,0.19736307263374328,0,0,0.010389253840822746,0.0001,0.9875102068594012,1.050457597052489,0.05992378023607409,0.0,0.15397284210267867,0.08324354017807765,0.0,0.0,0.007836475314358628
489,13.74,0.006593406593406583,-1.0,0.0913412034511566,0.6003811039080456,0.0913412034511566,0.0913412034511566,0.1913412034511566,0.0913412034511566,-0.1,0.0,0.1913412034511566,0,0,0.0012615903524252064,0.0001,0.9886572891886104,1.050457597052489,0.05883179676865201,0.0,0.16496266802164086,0.09904046873044918,0.007699265279292586,4.0534533174930335e-05,-0.002026362089732282
490,13.35,-0.028384279475982575,-0.43962380290031433,0.047378823161125155,0.6058410197544953,0.047378823161125155,0.047378823161125155,0.0913412034511566,0.047378823161125155,-0.04396238029003144,0.0,0.0913412034511566,0,0,-0.002592654246430213,4.3962380290031436e-05,0.9860505789418076,1.050457597052489,0.06131329650183216,0.0024814997331801536,0.20096038815315515,0.12175004648896671,0.07437122332784156,0.0012169104995498285,-0.007713884777401109
491,12.02,-0.09962546816479402,-1.0,0.0,0.5917918900029923,0.0,0.0,0.047378823161125155,0.0,-0.047378823161125155,0.0,0.047378823161125155,0,0,-0.00472013743852408,4.737882316112516e-05,0.9813495667718585,1.050457597052489,0.0657885006253873,0.004475204123555135,0.049813342002831835,0.02947913181122129,0.02947913181122129,0.0003036849598938889,-0.006313181947901367
492,11.94,-0.0066555740432612375,-1.0,0.0,0.5638218749323591,0.0,0.0,0.0,0.0,0.0,0.0,0.0,0,0,-0.0,0.0,0.9813495667718585,1.050457597052489,0.0657885006253873,0.0,0.0,0.0,0.0,0.0,-5e-05
493,12.44,0.04187604690117253,-1.0,0.0,0.5638218749323591,0.0,0.0,0.0,0.0,0.0,0.0,0.0,0,0,0.0,0.0,0.9813495667718585,1.050457597052489,0.0657885006253873,0.0,0.0,0.0,0.0,0.0,-5e-05
494,12.58,0.011254019292604547,-1.0,0.0,0.5638218749323591,0.0,0.0,0.0,0.0,0.0,0.0,0.0,0,0,0.0,0.0,0.9813495667718585,1.050457597052489,0.0657885006253873,0.0,0.0,0.0,0.0,0.0,-5e-05
495,12.51,-0.005564387917329116,-1.0,0.0,0.5638218749323591,0.0,0.0,0.0,0.0,0.0,0.0,0.0,0,0,-0.0,0.0,0.9813495667718585,1.050457597052489,0.0657885006253873,0.0,0.0,0.0,0.0,0.0,-5e-05
496,12.13,-0.030375699440447563,-1.0,0.0,0.5638218749323591,0.0,0.0,0.0,0.0,0.0,0.0,0.0,0,0,-0.0,0.0,0.9813495667718585,1.050457597052489,0.0657885006253873,0.0,0.0,0.0,0.0,0.0,-5e-05
497,11.31,-0.06760098928277002,-1.0,0.0,0.5638218749323591,0.0,0.0,0.0,0.0,0.0,0.0,0.0,0,0,-0.0,0.0,0.9813495667718585,1.050457597052489,0.0657885006253873,0.0,0.0,0.0,0.0,0.0,-5e-05
498,11.16,-0.013262599469496051,-1.0,0.0,0.5638218749323591,0.0,0.0,0.0,0.0,0.0,0.0,0.0,0,0,-0.0,0.0,0.9813495667718585,1.050457597052489,0.0657885006253873,0.0,0.0,0.0,0.0,0.0,-5e-05
499,11.36,0.017921146953404955,-1.0,0.0,0.5638218749323591,0.0,0.0,0.0,0.0,0.0,0.0,0.0,0,0,0.0,0.0,0.9813495667718585,1.050457597052489,0.0657885006253873,0.0,0.0,0.0,0.0,0.0,-5e-05
500,11.66,0.026408450704225418,-1.0,0.0,0.5638218749323591,0.0,0.0,0.0,0.0,0.0,0.0,0.0,0,0,0.0,0.0,0.9813495667718585,1.050457597052489,0.0657885006253873,0.0,0.0,0.0,0.0,0.0,-5e-05
501,11.44,-0.01886792452830194,-1.0,0.0,0.5638218749323591,0.0,0.0,0.0,0.0,0.0,0.0,0.0,0,0,-0.0,0.0,0.9813495667718585,1.050457597052489,0.0657885006253873,0.0,0.0,0.0,0.0,0.0,-5e-05
502,11.74,0.026223776223776286,-1.0,0.0,0.5638218749323591,0.0,0.0,0.0,0.0,0.0,0.0,0.0,0,0,0.0,0.0,0.9813495667718585,1.050457597052489,0.0657885006253873,0.0,0.0,0.0,0.0,0.0,-5e-05
503,12.04,0.02555366269165238,-1.0,0.0,0.5638218749323591,0.0,0.0,0.0,0.0,0.0,0.0,0.0,0,0,0.0,0.0,0.9813495667718585,1.050457597052489,0.0657885006253873,0.0,0.017578012747378566,0.009910868104811892,0.009910868104811892,5.919960311894331e-05,-0.0004713066657149418
504,11.83,-0.017441860465116202,-1.0,0.0,0.5638218749323591,0.0,0.0,0.0,0.0,0.0,0.0,0.0,0,0,-0.0,0.0,0.9813495667718585,1.050457597052489,0.0657885006253873,0.0,0.1699675435934198,0.09583141910648944,0.09583141910648944,0.0017799718311677696,-0.005331303229192218
505,11.76,-0.005917159763313634,-1.0,0.0,0.5638218749323591,0.0,0.0,0.0,0.0,0.0,0.0,0.0,0,0,-0.0,0.0,0.9813495667718585,1.050457597052489,0.0657885006253873,0.0,0.055952606576781666,0.03154730354747369,0.03154730354747369,0.00033619760651598055,-0.001538821301997683
506,11.65,-0.00935374149659859,-1.0,0.0,0.5638218749323591,0.0,0.0,0.0,0.0,0.0,0.0,0.0,0,0,-0.0,0.0,0.9813495667718585,1.050457597052489,0.0657885006253873,0.0,0.0,0.0,0.0,0.0,-5e-05
507,11.45,-0.017167381974249017,-1.0,0.0,0.5638218749323591,0.0,0.0,0.0,0.0,0.0,0.0,0.0,0,0,-0.0,0.0,0.9813495667718585,1.050457597052489,0.0657885006253873,0.0,0.0,0.0,0.0,0.0,-5e-05
508,11.56,0.009606986899563425,-1.0,0.0,0.5638218749323591,0.0,0.0,0.0,0.0,0.0,0.0,0.0,0,0,0.0,0.0,0.9813495667718585,1.050457597052489,0.0657885006253873,0.0,0.0,0.0,0.0,0.0,-5e-05
509,11.31,-0.02162629757785467,-1.0,0.0,0.5638218749323591,0.0,0.0,0.0,0.0,0.0,0.0,0.0,0,0,-0.0,0.0,0.9813495667718585,1.050457597052489,0.0657885006253873,0.0,0.0,0.0,0.0,0.0,-5e-05
510,12.29,0.08664898320070721,-1.0,0.0,0.5638218749323591,0.0,0.0,0.0,0.0,0.0,0.0,0.0,0,0,0.0,0.0,0.9813495667718585,1.050457597052489,0.0657885006253873,0.0,0.0,0.0,0.0,0.0,-5e-05
511,12.32,0.002441008950366244,-1.0,0.0,0.5638218749323591,0.0,0.0,0.0,0.0,0.0,0.0,0.0,0,0,0.0,0.0,0.9813495667718585,1.050457597052489,0.0657885006253873,0.0,0.19279747125675412,0.10870343172620073,0.10870343172620073,0.002150384557544408,-0.006172012465433543
512,12.18,-0.011363636363636409,-0.8077154755592346,0.0,0.5638218749323591,0.0,0.0,0.0,0.0,0.0,0.0,0.0,0,0,-0.0,0.0,0.9813495667718585,1.050457597052489,0.0657885006253873,0.0,0.2285883558992195,0.12888311541080333,0.12888311541080333,0.0027761650892035193,-0.00753508522072744
513,12.43,0.020525451559934318,-1.0,0.0,0.5638218749323591,0.0,0.0,0.0,0.0,0.0,0.0,0.0,0,0,0.0,0.0,0.9813495667718585,1.050457597052489,0.0657885006253873,0.0,0.22593816862466704,0.12738888185274327,0.12738888185274327,0.002728026211731739,-0.00743235248539988
514,12.33,-0.008045052292839874,-0.015362853184342384,0.0,0.5638218749323591,0.0,0.0,0.0,0.0,0.0,0.0,0.0,0,0,-0.0,0.0,0.9813495667718585,1.050457597052489,0.0657885006253873,0.0,0.28636922928070196,0.16146123577598,0.16146123577598,0.0038927244113054925,-0.009841930534487953
515,12.0,-0.026763990267639908,0.4294404089450836,0.042944040894508366,0.5638218749323591,0.042944040894508366,0.042944040894508366,0.0,0.042944040894508366,0.042944040894508366,0.0,0.0,0,0,-0.0,4.294404089450837e-05,0.9813074236559312,1.050457597052489,0.06582861944222061,4.0118816833314974e-05,0.31088666121920194,0.1752847002200716,0.13234065932556321,0.0028886251713940623,-0.008874424784867057
516,11.98,-0.0016666666666666312,-1.0,0.0,0.5635711163291501,0.0,0.0,0.042944040894508366,0.042944040894508366,-0.0,0.042944040894508366,0.0,0,0,-7.157340149084575e-05,0.0,0.9812371881457118,1.050457597052489,0.0658954812655026,6.686182328198564e-05,0.0,0.0,0.0,0.0,-4.691349134315026e-05
517,11.95,-0.0025041736227046025,-1.0,0.0,0.5631532318899306,0.0,0.0,0.042944040894508366,0.0,-0.042944040894508366,0.0,0.042944040894508366,0,0,-0.00010753933446037562,4.294404089450837e-05,0.9810895282616159,1.050457597052489,0.06603604846641604,0.00014056720091344677,0.0,0.0,0.0,0.0,-0.0003507875184856633
518,12.14,0.015899581589958266,-1.0,0.0,0.5622747153053178,0.0,0.0,0.0,0.0,0.0,0.0,0.0,0,0,0.0,0.0,0.9810895282616159,1.050457597052489,0.06603604846641604,0.0,0.0,0.0,0.0,0.0,-5e-05
519,12.24,0.008237232289950547,-1.0,0.0,0.5622747153053178,0.0,0.0,0.0,0.0,0.0,0.0,0.0,0,0,0.0,0.0,0.9810895282616159,1.050457597052489,0.06603604846641604,0.0,0.0,0.0,0.0,0.0,-5e-05
520,11.69,-0.04493464052287587,-1.0,0.0,0.5622747153053178,0.0,0.0,0.0,0.0,0.0,0.0,0.0,0,0,-0.0,0.0,0.9810895282616159,1.050457597052489,0.06603604846641604,0.0,0.018939913571758324,0.010649434511467737,0.010649434511467737,6.593880484397017e-05,-0.0005061010244221917
521,11.8,0.009409751924722088,-1.0,0.0,0.5622747153053178,0.0,0.0,0.0,0.0,0.0,0.0,0.0,0,0,0.0,0.0,0.9810895282616159,1.050457597052489,0.06603604846641604,0.0,0.0,0.0,0.0,0.0,-5e-05
522,11.9,0.00847457627118641,-1.0,0.0,0.5622747153053178,0.0,0.0,0.0,0.0,0.0,0.0,0.0,0,0,0.0,0.0,0.9810895282616159,1.050457597052489,0.06603604846641604,0.0,0.0,0.0,0.0,0.0,-5e-05
523,11.89,-0.0008403361344537636,-1.0,0.0,0.5622747153053178,0.0,0.0,0.0,0.0,0.0,0.0,0.0,0,0,-0.0,0.0,0.9810895282616159,1.050457597052489,0.06603604846641604,0.0,0.0,0.0,0.0,0.0,-5e-05
524,11.88,-0.0008410428931875346,-1.0,0.0,0.5622747153053178,0.0,0.0,0.0,0.0,0.0,0.0,0.0,0,0,-0.0,0.0,0.9810895282616159,1.050457597052489,0.06603604846641604,0.0,0.0,0.0,0.0,0.0,-5e-05
525,11.92,0.003367003367003295,-1.0,0.0,0.5622747153053178,0.0,0.0,0.0,0.0,0.0,0.0,0.0,0,0,0.0,0.0,0.9810895282616159,1.050457597052489,0.06603604846641604,0.0,0.0,0.0,0.0,0.0,-5e-05
526,11.66,-0.021812080536912734,-1.0,0.0,0.5622747153053178,0.0,0.0,0.0,0.0,0.0,0.0,0.0,0,0,-0.0,0.0,0.9810895282616159,1.050457597052489,0.06603604846641604,0.0,0.055550145483846784,0.031234442237098935,0.031234442237098935,0.0003312088119988535,-0.0015255418089660973
527,11.32,-0.02915951972555745,-1.0,0.0,0.5622747153053178,0.0,0.0,0.0,0.0,0.0,0.0,0.0,0,0,-0.0,0.0,0.9810895282616159,1.050457597052489,0.06603604846641604,0.0,0.0,0.0,0.0,0.0,-5e-05
528,11.09,-0.020318021201413464,-1.0,0.0,0.5622747153053178,0.0,0.0,0.0,0.0,0.0,0.0,0.0,0,0,-0.0,0.0,0.9810895282616159,1.050457597052489,0.06603604846641604,0.0,0.0,0.0,0.0,0.0,-5e-05
529,11.36,0.024346257889990945,-1.0,0.0,0.5622747153053178,0.0,0.0,0.0,0.0,0.0,0.0,0.0,0,0,0.0,0.0,0.9810895282616159,1.050457597052489,0.06603604846641604,0.0,0.0,0.0,0.0,0.0,-5e-05
530,11.06,-0.026408450704225258,-1.0,0.0,0.5622747153053178,0.0,0.0,0.0,0.0,0.0,0.0,0.0,0,0,-0.0,0.0,0.9810895282616159,1.050457597052489,0.06603604846641604,0.0,0.0,0.0,0.0,0.0,-5e-05
531,10.71,-0.03164556962025313,-1.0,0.0,0.5622747153053178,0.0,0.0,0.0,0.0,0.0,0.0,0.0,0,0,-0.0,0.0,0.9810895282616159,1.050457597052489,0.06603604846641604,0.0,0.0,0.0,0.0,0.0,-5e-05
532,10.77,0.005602240896358424,-1.0,0.0,0.5622747153053178,0.0,0.0,0.0,0.0,0.0,0.0,0.0,0,0,0.0,0.0,0.9810895282616159,1.050457597052489,0.06603604846641604,0.0,0.0,0.0,0.0,0.0,-5e-05
533,11.0,0.021355617455896047,-1.0,0.0,0.5622747153053178,0.0,0.0,0.0,0.0,0.0,0.0,0.0,0,0,0.0,0.0,0.9810895282616159,1.050457597052489,0.06603604846641604,0.0,0.0,0.0,0.0,0.0,-5e-05
534,10.88,-0.010909090909090839,-1.0,0.0,0.5622747153053178,0.0,0.0,0.0,0.0,0.0,0.0,0.0,0,0,-0.0,0.0,0.9810895282616159,1.050457597052489,0.06603604846641604,0.0,0.0,0.0,0.0,0.0,-5e-05
535,10.75,-0.011948529411764776,-1.0,0.0,0.5622747153053178,0.0,0.0,0.0,0.0,0.0,0.0,0.0,0,0,-0.0,0.0,0.9810895282616159,1.050457597052489,0.06603604846641604,0.0,0.0,0.0,0.0,0.0,-5e-05
536,10.71,-0.0037209302325580604,-1.0,0.0,0.5622747153053178,0.0,0.0,0.0,0.0,0.0,0.0,0.0,0,0,-0.0,0.0,0.9810895282616159,1.050457597052489,0.06603604846641604,0.0,0.0,0.0,0.0,0.0,-5e-05
537,10.97,0.024276377217553668,-1.0,0.0,0.5622747153053178,0.0,0.0,0.0,0.0,0.0,0.0,0.0,0,0,0.0,0.0,0.9810895282616159,1.050457597052489,0.06603604846641604,0.0,0.0,0.0,0.0,0.0,-5e-05
538,10.89,-0.007292616226071109,-1.0,0.0,0.5622747153053178,0.0,0.0,0.0,0.0,0.0,0.0,0.0,0,0,-0.0,0.0,0.9810895282616159,1.050457597052489,0.06603604846641604,0.0,0.0007697867532462863,0.00043283162752736054,0.00043283162752736054,5.402934864506408e-07,-6.639790060332414e-05
539,10.71,-0.016528925619834683,-1.0,0.0,0.5622747153053178,0.0,0.0,0.0,0.0,0.0,0.0,0.0,0,0,-0.0,0.0,0.9810895282616159,1.050457597052489,0.06603604846641604,0.0,0.0,0.0,0.0,0.0,-5e-05
540,10.72,0.0009337068160597372,-1.0,0.0,0.5622747153053178,0.0,0.0,0.0,0.0,0.0,0.0,0.0,0,0,0.0,0.0,0.9810895282616159,1.050457597052489,0.06603604846641604,0.0,0.0,0.0,0.0,0.0,-5e-05
541,10.38,-0.03171641791044775,-1.0,0.0,0.5622747153053178,0.0,0.0,0.0,0.0,0.0,0.0,0.0,0,0,-0.0,0.0,0.9810895282616159,1.050457597052489,0.06603604846641604,0.0,0.0,0.0,0.0,0.0,-5e-05
542,10.32,-0.005780346820809296,-1.0,0.0,0.5622747153053178,0.0,0.0,0.0,0.0,0.0,0.0,0.0,0,0,-0.0,0.0,0.9810895282616159,1.050457597052489,0.06603604846641604,0.0,0.0,0.0,0.0,0.0,-5e-05
543,10.43,0.010658914728682115,-1.0,0.0,0.5622747153053178,0.0,0.0,0.0,0.0,0.0,0.0,0.0,0,0,0.0,0.0,0.9810895282616159,1.050457597052489,0.06603604846641604,0.0,0.0,0.0,0.0,0.0,-5e-05
544,10.71,0.026845637583892728,-1.0,0.0,0.5622747153053178,0.0,0.0,0.0,0.0,0.0,0.0,0.0,0,0,0.0,0.0,0.9810895282616159,1.050457597052489,0.06603604846641604,0.0,0.0,0.0,0.0,0.0,-5e-05
545,10.74,0.002801120448179212,-1.0,0.0,0.5622747153053178,0.0,0.0,0.0,0.0,0.0,0.0,0.0,0,0,0.0,0.0,0.9810895282616159,1.050457597052489,0.06603604846641604,0.0,0.0,0.0,0.0,0.0,-5e-05
546,11.0,0.02420856610800743,-1.0,0.0,0.5622747153053178,0.0,0.0,0.0,0.0,0.0,0.0,0.0,0,0,0.0,0.0,0.9810895282616159,1.050457597052489,0.06603604846641604,0.0,0.0,0.0,0.0,0.0,-5e-05
547,11.17,0.015454545454545448,-1.0,0.0,0.5622747153053178,0.0,0.0,0.0,0.0,0.0,0.0,0.0,0,0,0.0,0.0,0.9810895282616159,1.050457597052489,0.06603604846641604,0.0,0.19598377251624746,0.11019671989603522,0.11019671989603522,0.0021948470009311295,-0.0062821127147658275
548,11.08,-0.008057296329453881,-0.5657749176025391,0.0,0.5622747153053178,0.0,0.0,0.0,0.0,0.0,0.0,0.0,0,0,-0.0,0.0,0.9810895282616159,1.050457597052489,0.06603604846641604,0.0,0.27734846762524734,0.15594603067435212,0.15594603067435212,0.003694985495727173,-0.009458363928807268
549,10.88,-0.018050541516245425,-1.0,0.0,0.5622747153053178,0.0,0.0,0.0,0.0,0.0,0.0,0.0,0,0,-0.0,0.0,0.9810895282616159,1.050457597052489,0.06603604846641604,0.0,0.21497301312470563,0.1208738897530202,0.1208738897530202,0.00252144789168785,-0.006999891962056786
550,10.9,0.0018382352941176078,-1.0,0.0,0.5622747153053178,0.0,0.0,0.0,0.0,0.0,0.0,0.0,0,0,0.0,0.0,0.9810895282616159,1.050457597052489,0.06603604846641604,0.0,0.05942440621497002,0.033412841086709825,0.033412841086709825,0.00036645559610553225,-0.0016405983641339147
551,10.93,0.0027522935779815925,-1.0,0.0,0.5622747153053178,0.0,0.0,0.0,0.0,0.0,0.0,0.0,0,0,0.0,0.0,0.9810895282616159,1.050457597052489,0.06603604846641604,0.0,0.06042266318280498,0.033974135739100776,0.033974135739100776,0.00037572827343087536,-0.001670435134996658
552,11.01,0.007319304666056731,-1.0,0.0,0.5622747153053178,0.0,0.0,0.0,0.0,0.0,0.0,0.0,0,0,0.0,0.0,0.9810895282616159,1.050457597052489,0.06603604846641604,0.0,0.0,0.0,0.0,0.0,-5e-05
553,11.0,-0.0009082652134423058,-1.0,0.0,0.5622747153053178,0.0,0.0,0.0,0.0,0.0,0.0,0.0,0,0,-0.0,0.0,0.9810895282616159,1.050457597052489,0.06603604846641604,0.0,0.0,0.0,0.0,0.0,-5e-05
554,10.79,-0.01909090909090917,-1.0,0.0,0.5622747153053178,0.0,0.0,0.0,0.0,0.0,0.0,0.0,0,0,-0.0,0.0,0.9810895282616159,1.050457597052489,0.06603604846641604,0.0,0.00483377971091483,0.0027179121108032575,0.0027179121108032575,8.501672353108119e-06,-0.0001580775343979536
555,10.81,0.001853568118628485,-1.0,0.0,0.5622747153053178,0.0,0.0,0.0,0.0,0.0,0.0,0.0,0,0,0.0,0.0,0.9810895282616159,1.050457597052489,0.06603604846641604,0.0,0.0,0.0,0.0,0.0,-5e-05
556,10.74,-0.0064754856614246325,-1.0,0.0,0.5622747153053178,0.0,0.0,0.0,0.0,0.0,0.0,0.0,0,0,-0.0,0.0,0.9810895282616159,1.050457597052489,0.06603604846641604,0.0,0.0,0.0,0.0,0.0,-5e-05
557,10.83,0.00837988826815641,-1.0,0.0,0.5622747153053178,0.0,0.0,0.0,0.0,0.0,0.0,0.0,0,0,0.0,0.0,0.9810895282616159,1.050457597052489,0.06603604846641604,0.0,0.0,0.0,0.0,0.0,-5e-05
558,11.02,0.01754385964912276,-1.0,0.0,0.5622747153053178,0.0,0.0,0.0,0.0,0.0,0.0,0.0,0,0,0.0,0.0,0.9810895282616159,1.050457597052489,0.06603604846641604,0.0,0.0,0.0,0.0,0.0,-5e-05
559,11.09,0.006352087114337594,-1.0,0.0,0.5622747153053178,0.0,0.0,0.0,0.0,0.0,0.0,0.0,0,0,0.0,0.0,0.9810895282616159,1.050457597052489,0.06603604846641604,0.0,0.03477255805680073,0.019551730181825266,0.019551730181825266,0.00016403217490516413,-0.0009303468708752594
560,11.11,0.001803426510369664,-1.0,0.0,0.5622747153053178,0.0,0.0,0.0,0.0,0.0,0.0,0.0,0,0,0.0,0.0,0.9810895282616159,1.050457597052489,0.06603604846641604,0.0,0.11894707817863862,0.0668809345192934,0.0668809345192934,0.0010377786925543206,-0.0035380885030342766
561,10.8,-0.02790279027902779,-1.0,0.0,0.5622747153053178,0.0,0.0,0.0,0.0,0.0,0.0,0.0,0,0,-0.0,0.0,0.9810895282616159,1.050457597052489,0.06603604846641604,0.0,0.11880071115745411,0.06679863604412681,0.06679863604412681,0.0010358637673549644,-0.003533158417198519
562,10.31,-0.04537037037037039,-1.0,0.0,0.5622747153053178,0.0,0.0,0.0,0.0,0.0,0.0,0.0,0,0,-0.0,0.0,0.9810895282616159,1.050457597052489,0.06603604846641604,0.0,0.007369252321619696,0.004143544251151767,0.004143544251151767,1.6003288047391246e-05,-0.00021780988587275697
563,10.53,0.02133850630455857,-1.0,0.0,0.5622747153053178,0.0,0.0,0.0,0.0,0.0,0.0,0.0,0,0,0.0,0.0,0.9810895282616159,1.050457597052489,0.06603604846641604,0.0,0.0,0.0,0.0,0.0,-5e-05
564,10.62,0.008547008547008534,-1.0,0.0,0.5622747153053178,0.0,0.0,0.0,0.0,0.0,0.0,0.0,0,0,0.0,0.0,0.9810895282616159,1.050457597052489,0.06603604846641604,0.0,0.0,0.0,0.0,0.0,-5e-05
565,10.96,0.03201506591337115,-1.0,0.0,0.5622747153053178,0.0,0.0,0.0,0.0,0.0,0.0,0.0,0,0,0.0,0.0,0.9810895282616159,1.050457597052489,0.06603604846641604,0.0,0.0,0.0,0.0,0.0,-5e-05
566,11.15,0.01733576642335762,-1.0,0.0,0.5622747153053178,0.0,0.0,0.0,0.0,0.0,0.0,0.0,0,0,0.0,0.0,0.9810895282616159,1.050457597052489,0.06603604846641604,0.0,0.0,0.0,0.0,0.0,-5e-05
567,11.55,0.03587443946188344,-1.0,0.0,0.5622747153053178,0.0,0.0,0.0,0.0,0.0,0.0,0.0,0,0,0.0,0.0,0.9810895282616159,1.050457597052489,0.06603604846641604,0.0,0.13225794982069972,0.07436530108229894,0.07436530108229894,0.001216765146972873,-0.003991278913279286
568,12.21,0.057142857142857155,1.0,0.1,0.5622747153053178,0.1,0.1,0.0,0.1,0.1,0.0,0.0,0,0,0.0,0.0001,0.9809914193087897,1.050457597052489,0.06612944486156938,9.33963951533362e-05,0.39668942427515064,0.22304843309894076,0.12304843309894076,0.0025897949639971836,-0.009729515176674745
569,11.69,-0.0425880425880427,1.0,0.2,0.5616909623155634,0.2,0.2,0.1,0.2,0.1,0.1,0.0,0,0,-0.00425880425880427,0.0001,0.9767154697324562,1.050457597052489,0.07020000381447868,0.004070558952909295,0.5359545392026952,0.3010408208821562,0.10104082088215621,0.0019270658232497474,-0.01404323363089175
570,11.63,-0.005132591958939155,-1.0,0.1,0.5362499769792997,0.1,0.1,0.2,0.1,-0.1,0.1,0.1,0,0,-0.001026518391787831,0.0001,0.9756151817922589,1.050457597052489,0.07124744061086585,0.0010474367963871772,0.36277498740719416,0.1945380786457736,0.0945380786457736,0.001744059944433396,-0.009333753122143526
571,11.5,-0.011177987962166876,-1.0,0.0,0.5297034777718475,0.0,0.0,0.1,0.0,-0.1,0.0,0.1,0,0,-0.0011177987962166876,0.0001,0.9744270787983016,1.050457597052489,0.0723784743596731,0.001131033748807242,0.25521235759660266,0.1351868733892728,0.1351868733892728,0.002982311725572876,-0.009857485088279579
572,11.43,-0.0060869565217391555,-1.0,0.0,0.5226345531661778,0.0,0.0,0.0,0.0,0.0,0.0,0.0,0,0,-0.0,0.0,0.9744270787983016,1.050457597052489,0.0723784743596731,0.0,0.1514229905924862,0.07913888702739037,0.07913888702739037,0.0013357837557279332,-0.004505097361933149
573,11.29,-0.012248468941382377,-1.0,0.0,0.5226345531661778,0.0,0.0,0.0,0.0,0.0,0.0,0.0,0,0,-0.0,0.0,0.9744270787983016,1.050457597052489,0.0723784743596731,0.0,0.014936986301328153,0.007806585161243958,0.007806585161243958,4.1384994612898486e-05,-0.00039908691242025843
574,11.55,0.023029229406554615,-1.0,0.0,0.5226345531661778,0.0,0.0,0.0,0.0,0.0,0.0,0.0,0,0,0.0,0.0,0.9744270787983016,1.050457597052489,0.0723784743596731,0.0,0.0,0.0,0.0,0.0,-5e-05
575,11.49,-0.005194805194805237,-1.0,0.0,0.5226345531661778,0.0,0.0,0.0,0.0,0.0,0.0,0.0,0,0,-0.0,0.0,0.9744270787983016,1.050457597052489,0.0723784743596731,0.0,0.018978863923199314,0.009919010066102966,0.009919010066102966,5.927256845127594e-05,-0.0005002371652691819
576,11.4,-0.007832898172323747,-1.0,0.0,0.5226345531661778,0.0,0.0,0.0,0.0,0.0,0.0,0.0,0,0,-0.0,0.0,0.9744270787983016,1.050457597052489,0.0723784743596731,0.0,0.0061305480637542445,0.003204036247963976,0.003204036247963976,1.088171585729009e-05,-0.0001871710059706275
577,11.32,-0.007017543859649129,-1.0,0.0,0.5226345531661778,0.0,0.0,0.0,0.0,0.0,0.0,0.0,0,0,-0.0,0.0,0.9744270787983016,1.050457597052489,0.0723784743596731,0.0,0.0,0.0,0.0,0.0,-5e-05
578,11.32,0.0,-1.0,0.0,0.5226345531661778,0.0,0.0,0.0,0.0,0.0,0.0,0.0,0,0,0.0,0.0,0.9744270787983016,1.050457597052489,0.0723784743596731,0.0,0.0,0.0,0.0,0.0,-5e-05
579,11.24,-0.007067137809187285,-1.0,0.0,0.5226345531661778,0.0,0.0,0.0,0.0,0.0,0.0,0.0,0,0,-0.0,0.0,0.9744270787983016,1.050457597052489,0.0723784743596731,0.0,0.017638591305459896,0.009218537285409861,0.009218537285409861,5.310608365473539e-05,-0.00046646106454720926
580,11.15,-0.008007117437722406,-1.0,0.0,0.5226345531661778,0.0,0.0,0.0,0.0,0.0,0.0,0.0,0,0,-0.0,0.0,0.9744270787983016,1.050457597052489,0.0723784743596731,0.0,0.0,0.0,0.0,0.0,-5e-05
581,10.98,-0.015246636771300441,-1.0,0.0,0.5226345531661778,0.0,0.0,0.0,0.0,0.0,0.0,0.0,0,0,-0.0,0.0,0.9744270787983016,1.050457597052489,0.0723784743596731,0.0,0.0,0.0,0.0,0.0,-5e-05
582,10.96,-0.0018214936247722745,-1.0,0.0,0.5226345531661778,0.0,0.0,0.0,0.0,0.0,0.0,0.0,0,0,-0.0,0.0,0.9744270787983016,1.050457597052489,0.0723784743596731,0.0,0.0,0.0,0.0,0.0,-5e-05
583,11.23,0.024635036496350324,-1.0,0.0,0.5226345531661778,0.0,0.0,0.0,0.0,0.0,0.0,0.0,0,0,0.0,0.0,0.9744270787983016,1.050457597052489,0.0723784743596731,0.0,0.0,0.0,0.0,0.0,-5e-05
584,11.2,-0.0026714158504008135,-1.0,0.0,0.5226345531661778,0.0,0.0,0.0,0.0,0.0,0.0,0.0,0,0,-0.0,0.0,0.9744270787983016,1.050457597052489,0.0723784743596731,0.0,0.0,0.0,0.0,0.0,-5e-05
585,11.02,-0.016071428571428546,-1.0,0.0,0.5226345531661778,0.0,0.0,0.0,0.0,0.0,0.0,0.0,0,0,-0.0,0.0,0.9744270787983016,1.050457597052489,0.0723784743596731,0.0,0.0,0.0,0.0,0.0,-5e-05
586,10.99,-0.002722323049001757,-1.0,0.0,0.5226345531661778,0.0,0.0,0.0,0.0,0.0,0.0,0.0,0,0,-0.0,0.0,0.9744270787983016,1.050457597052489,0.0723784743596731,0.0,0.0,0.0,0.0,0.0,-5e-05
587,10.86,-0.011828935395814448,-1.0,0.0,0.5226345531661778,0.0,0.0,0.0,0.0,0.0,0.0,0.0,0,0,-0.0,0.0,0.9744270787983016,1.050457597052489,0.0723784743596731,0.0,0.0,0.0,0.0,0.0,-5e-05
588,11.29,0.03959484346224675,-1.0,0.0,0.5226345531661778,0.0,0.0,0.0,0.0,0.0,0.0,0.0,0,0,0.0,0.0,0.9744270787983016,1.050457597052489,0.0723784743596731,0.0,0.0,0.0,0.0,0.0,-5e-05
589,10.97,-0.028343666961913067,-1.0,0.0,0.5226345531661778,0.0,0.0,0.0,0.0,0.0,0.0,0.0,0,0,-0.0,0.0,0.9744270787983016,1.050457597052489,0.0723784743596731,0.0,0.017752183609372113,0.00927790454840814,0.00927790454840814,5.3619912460836783e-05,-0.0004693148948139023
590,10.58,-0.035551504102096676,-1.0,0.0,0.5226345531661778,0.0,0.0,0.0,0.0,0.0,0.0,0.0,0,0,-0.0,0.0,0.9744270787983016,1.050457597052489,0.0723784743596731,0.0,0.0,0.0,0.0,0.0,-5e-05
591,10.62,0.0037807183364838514,-1.0,0.0,0.5226345531661778,0.0,0.0,0.0,0.0,0.0,0.0,0.0,0,0,0.0,0.0,0.9744270787983016,1.050457597052489,0.0723784743596731,0.0,0.0,0.0,0.0,0.0,-5e-05
592,10.69,0.006591337099811703,-1.0,0.0,0.5226345531661778,0.0,0.0,0.0,0.0,0.0,0.0,0.0,0,0,0.0,0.0,0.9744270787983016,1.050457597052489,0.0723784743596731,0.0,0.0,0.0,0.0,0.0,-5e-05
593,10.71,0.0018709073900843173,-1.0,0.0,0.5226345531661778,0.0,0.0,0.0,0.0,0.0,0.0,0.0,0,0,0.0,0.0,0.9744270787983016,1.050457597052489,0.0723784743596731,0.0,0.0,0.0,0.0,0.0,-5e-05
594,10.68,-0.0028011204481793775,-1.0,0.0,0.5226345531661778,0.0,0.0,0.0,0.0,0.0,0.0,0.0,0,0,-0.0,0.0,0.9744270787983016,1.050457597052489,0.0723784743596731,0.0,0.0,0.0,0.0,0.0,-5e-05
595,10.73,0.004681647940074973,-1.0,0.0,0.5226345531661778,0.0,0.0,0.0,0.0,0.0,0.0,0.0,0,0,0.0,0.0,0.9744270787983016,1.050457597052489,0.0723784743596731,0.0,0.0,0.0,0.0,0.0,-5e-05
596,10.8,0.006523765144454826,-1.0,0.0,0.5226345531661778,0.0,0.0,0.0,0.0,0.0,0.0,0.0,0,0,0.0,0.0,0.9744270787983016,1.050457597052489,0.0723784743596731,0.0,0.006076031057704032,0.003175543776866965,0.003175543776866965,1.073688759768121e-05,-0.00018590312738638428
597,10.8,0.0,-1.0,0.0,0.5226345531661778,0.0,0.0,0.0,0.0,0.0,0.0,0.0,0,0,0.0,0.0,0.9744270787983016,1.050457597052489,0.0723784743596731,0.0,0.027847519408358907,0.014554075862774121,0.014554075862774121,0.0001053484625441552,-0.0007290073623563488
598,10.42,-0.03518518518518526,-1.0,0.0,0.5226345531661778,0.0,0.0,0.0,0.0,0.0,0.0,0.0,0,0,-0.0,0.0,0.9744270787983016,1.050457597052489,0.0723784743596731,0.0,0.011509476026719118,0.006015249860401181,0.006015249860401181,2.7991860035828416e-05,-0.0003150870661862422
599,10.73,0.029750479846449185,-1.0,0.0,0.5226345531661778,0.0,0.0,0.0,0.0,0.0,0.0,0.0,0,0,0.0,0.0,0.9744270787983016,1.050457597052489,0.0723784743596731,0.0,0.0,0.0,0.0,0.0,-5e-05
600,10.53,-0.01863932898415667,-1.0,0.0,0.5226345531661778,0.0,0.0,0.0,0.0,0.0,0.0,0.0,0,0,-0.0,0.0,0.9744270787983016,1.050457597052489,0.0723784743596731,0.0,0.0,0.0,0.0,0.0,-5e-05
601,10.55,0.0018993352326686942,-1.0,0.0,0.5226345531661778,0.0,0.0,0.0,0.0,0.0,0.0,0.0,0,0,0.0,0.0,0.9744270787983016,1.050457597052489,0.0723784743596731,0.0,0.0,0.0,0.0,0.0,-5e-05
602,10.42,-0.012322274881516661,-1.0,0.0,0.5226345531661778,0.0,0.0,0.0,0.0,0.0,0.0,0.0,0,0,-0.0,0.0,0.9744270787983016,1.050457597052489,0.0723784743596731,0.0,0.0,0.0,0.0,0.0,-5e-05
603,10.66,0.02303262955854129,-1.0,0.0,0.5226345531661778,0.0,0.0,0.0,0.0,0.0,0.0,0.0,0,0,0.0,0.0,0.9744270787983016,1.050457597052489,0.0723784743596731,0.0,0.0,0.0,0.0,0.0,-5e-05
604,10.82,0.015009380863039413,-1.0,0.0,0.5226345531661778,0.0,0.0,0.0,0.0,0.0,0.0,0.0,0,0,0.0,0.0,0.9744270787983016,1.050457597052489,0.0723784743596731,0.0,0.05437951646051611,0.028420614286734647,0.028420614286734647,0.000287475899320641,-0.0014576939384072728
605,10.84,0.0018484288354897942,-1.0,0.0,0.5226345531661778,0.0,0.0,0.0,0.0,0.0,0.0,0.0,0,0,0.0,0.0,0.9744270787983016,1.050457597052489,0.0723784743596731,0.0,0.035821123901440086,0.01872135708413943,0.01872135708413943,0.00015369411579046354,-0.0009416092681601295
606,10.95,0.010147601476014708,-1.0,0.0,0.5226345531661778,0.0,0.0,0.0,0.0,0.0,0.0,0.0,0,0,0.0,0.0,0.9744270787983016,1.050457597052489,0.0723784743596731,0.0,0.10214977308202602,0.053387001010751126,0.053387001010751126,0.0007401240868574445,-0.002894409412347181
607,11.1,0.013698630136986335,-1.0,0.0,0.5226345531661778,0.0,0.0,0.0,0.0,0.0,0.0,0.0,0,0,0.0,0.0,0.9744270787983016,1.050457597052489,0.0723784743596731,0.0,0.1421826715099083,0.07430957699255436,0.07430957699255436,0.0012153977667708421,-0.004194360799874953
608,11.02,-0.007207207207207214,-0.9978106617927551,0.0,0.5226345531661778,0.0,0.0,0.0,0.0,0.0,0.0,0.0,0,0,-0.0,0.0,0.9744270787983016,1.050457597052489,0.0723784743596731,0.0,0.23581755405861232,0.12324640199416383,0.12324640199416383,0.0025960474411247684,-0.007503889054732182
609,10.88,-0.012704174228675027,-1.0,0.0,0.5226345531661778,0.0,0.0,0.0,0.0,0.0,0.0,0.0,0,0,-0.0,0.0,0.9744270787983016,1.050457597052489,0.0723784743596731,0.0,0.14025846715861345,0.07330392131121496,0.07330392131121496,0.0011908088713686181,-0.004130133294836055
610,11.39,0.04687499999999998,-1.0,0.0,0.5226345531661778,0.0,0.0,0.0,0.0,0.0,0.0,0.0,0,0,0.0,0.0,0.9744270787983016,1.050457597052489,0.0723784743596731,0.0,0.03808207436961704,0.01990300792180595,0.01990300792180595,0.00016847261780313747,-0.0010029633498172485
611,11.51,0.010535557506584654,-0.38039687275886536,0.0,0.5226345531661778,0.0,0.0,0.0,0.0,0.0,0.0,0.0,0,0,0.0,0.0,0.9744270787983016,1.050457597052489,0.0723784743596731,0.0,0.23361142529321427,0.12209340287263297,0.12209340287263297,0.002559702824167463,-0.0074220981852076776
612,11.72,0.01824500434404873,0.350908488035202,0.0350908488035202,0.5226345531661778,0.0350908488035202,0.0350908488035202,0.0,0.0350908488035202,0.0350908488035202,0.0,0.0,0,0,0.0,3.5090848803520205e-05,0.9743928853250095,1.050457597052489,0.07241102538637621,3.25510267031176e-05,0.24449916341566444,0.12778371102125008,0.09269286221772988,0.0016932484607550312,-0.006463434364723713
613,12.33,0.05204778156996582,0.19735825061798096,0.054826673865318296,0.5224311057497582,0.054826673865318296,0.054826673865318296,0.0350908488035202,0.054826673865318296,0.019735825061798093,0.0350908488035202,0.0,0,0,0.001826400833630316,1.9735825061798094e-05,0.9761532868555244,1.050457597052489,0.0707351828436077,0.0,0.2777399987083048,0.14510001463611608,0.09027334077079778,0.0016273858016165523,-0.00495667691925549
614,12.82,0.03974047039740472,1.0,0.1548266738653183,0.532905085386523,0.1548266738653183,0.1548266738653183,0.054826673865318296,0.1548266738653183,0.09999999999999999,0.019735825061798093,0.0350908488035202,0,0,0.002178837809732845,9.999999999999999e-05,0.9781825512163347,1.050457597052489,0.06880339200644847,0.0,0.48768012247148695,0.2598872173069778,0.10506054344165949,0.0020431992230528478,-0.007724273899619927
615,12.4,-0.03276131045241809,1.0,0.2548266738653183,0.5449787978096651,0.2548266738653183,0.2548266738653183,0.1548266738653183,0.2548266738653183,0.10000000000000003,0.09999999999999999,0.054826673865318296,0,0,-0.005072324728816979,0.00010000000000000003,0.9731230734173811,1.050457597052489,0.07361984324936403,0.004816451242915562,0.6179160152554575,0.3367511271412579,0.08192445327593956,0.0014069270450792536,-0.014449793568044364
616,13.03,0.05080645161290315,-1.0,0.15482667386531831,0.5148759841940226,0.15482667386531831,0.15482667386531831,0.2548266738653183,0.15482667386531831,-0.1,0.10000000000000003,0.1548266738653183,0,0,0.012946839075415346,0.0001,0.9856246289421478,1.050457597052489,0.061718786452930635,0.0,0.40764195164759065,0.2098850510533254,0.055058377188007074,0.0007751510870395903,0.005540777605425917
617,12.25,-0.0598618572524942,1.0,0.2548266738653183,0.589257575013012,0.2548266738653183,0.2548266738653183,0.15482667386531831,0.2548266738653183,0.1,0.0,0.15482667386531831,0,0,-0.00926821224980416,0.0001,0.9763910882195833,1.050457597052489,0.07050880401144334,0.008790017558512705,0.5513484483639984,0.3248862496701566,0.07005957580483829,0.0011126344573157514,-0.017528932913186586
618,12.29,0.00326530612244891,-1.0,0.15482667386531831,0.5343199972079723,0.15482667386531831,0.15482667386531831,0.2548266738653183,0.15482667386531831,-0.1,0.1,0.15482667386531831,0,0,0.0008320870983357156,0.0001,0.9771058915381989,1.050457597052489,0.06982833549884339,0.0,0.25343111362953974,0.13541331192694897,0.0,0.0,-0.0034308850579826515
619,12.34,0.0040683482506103106,-1.0,0.05482667386531831,0.5385728817448475,0.05482667386531831,0.05482667386531831,0.15482667386531831,0.05482667386531831,-0.1,0.0,0.15482667386531831,0,0,0.0006298888277677809,0.0001,0.9776236490336712,1.050457597052489,0.06933544792591802,0.0,0.10366712910674082,0.05583230446523257,0.0010056305999142576,1.9134141008130983e-06,-0.0016937630263062647
620,11.9,-0.03565640194489461,-1.0,0.0,0.5416534639909548,0.0,0.0,0.05482667386531831,0.0,-0.05482667386531831,0.0,0.05482667386531831,0,0,-0.0019549219206434383,5.482667386531831e-05,0.9756588712790673,1.050457597052489,0.07120584970140799,0.0018704017754899716,0.0,0.0,0.0,0.0,-0.0022516419530373708
621,12.35,0.03781512605042011,-1.0,0.0,0.5299634564685449,0.0,0.0,0.0,0.0,0.0,0.0,0.0,0,0,0.0,0.0,0.9756588712790673,1.050457597052489,0.07120584970140799,0.0,0.0,0.0,0.0,0.0,-5e-05
622,11.97,-0.03076923076923069,-1.0,0.0,0.5299634564685449,0.0,0.0,0.0,0.0,0.0,0.0,0.0,0,0,-0.0,0.0,0.9756588712790673,1.050457597052489,0.07120584970140799,0.0,0.0,0.0,0.0,0.0,-5e-05
623,12.01,0.0033416875522137967,-1.0,0.0,0.5299634564685449,0.0,0.0,0.0,0.0,0.0,0.0,0.0,0,0,0.0,0.0,0.9756588712790673,1.050457597052489,0.07120584970140799,0.0,0.0,0.0,0.0,0.0,-5e-05
624,11.36,-0.0541215653621982,-1.0,0.0,0.5299634564685449,0.0,0.0,0.0,0.0,0.0,0.0,0.0,0,0,-0.0,0.0,0.9756588712790673,1.050457597052489,0.07120584970140799,0.0,0.0,0.0,0.0,0.0,-5e-05
625,11.44,0.007042253521126767,-1.0,0.0,0.5299634564685449,0.0,0.0,0.0,0.0,0.0,0.0,0.0,0,0,0.0,0.0,0.9756588712790673,1.050457597052489,0.07120584970140799,0.0,0.0,0.0,0.0,0.0,-5e-05
626,11.05,-0.034090909090908984,-1.0,0.0,0.5299634564685449,0.0,0.0,0.0,0.0,0.0,0.0,0.0,0,0,-0.0,0.0,0.9756588712790673,1.050457597052489,0.07120584970140799,0.0,0.0,0.0,0.0,0.0,-5e-05
627,10.85,-0.018099547511312312,-1.0,0.0,0.5299634564685449,0.0,0.0,0.0,0.0,0.0,0.0,0.0,0,0,-0.0,0.0,0.9756588712790673,1.050457597052489,0.07120584970140799,0.0,0.0,0.0,0.0,0.0,-5e-05
628,10.42,-0.03963133640552993,-1.0,0.0,0.5299634564685449,0.0,0.0,0.0,0.0,0.0,0.0,0.0,0,0,-0.0,0.0,0.9756588712790673,1.050457597052489,0.07120584970140799,0.0,0.0,0.0,0.0,0.0,-5e-05
629,10.67,0.02399232245681382,-1.0,0.0,0.5299634564685449,0.0,0.0,0.0,0.0,0.0,0.0,0.0,0,0,0.0,0.0,0.9756588712790673,1.050457597052489,0.07120584970140799,0.0,0.0,0.0,0.0,0.0,-5e-05
630,10.36,-0.02905342080599817,-1.0,0.0,0.5299634564685449,0.0,0.0,0.0,0.0,0.0,0.0,0.0,0,0,-0.0,0.0,0.9756588712790673,1.050457597052489,0.07120584970140799,0.0,0.0,0.0,0.0,0.0,-5e-05
631,10.4,0.0038610038610039504,-1.0,0.0,0.5299634564685449,0.0,0.0,0.0,0.0,0.0,0.0,0.0,0,0,0.0,0.0,0.9756588712790673,1.050457597052489,0.07120584970140799,0.0,0.0,0.0,0.0,0.0,-5e-05
632,10.77,0.035576923076923,-1.0,0.0,0.5299634564685449,0.0,0.0,0.0,0.0,0.0,0.0,0.0,0,0,0.0,0.0,0.9756588712790673,1.050457597052489,0.07120584970140799,0.0,0.0,0.0,0.0,0.0,-5e-05
633,11.19,0.03899721448467966,-1.0,0.0,0.5299634564685449,0.0,0.0,0.0,0.0,0.0,0.0,0.0,0,0,0.0,0.0,0.9756588712790673,1.050457597052489,0.07120584970140799,0.0,0.0,0.0,0.0,0.0,-5e-05
634,11.11,-0.007149240393208228,-1.0,0.0,0.5299634564685449,0.0,0.0,0.0,0.0,0.0,0.0,0.0,0,0,-0.0,0.0,0.9756588712790673,1.050457597052489,0.07120584970140799,0.0,0.15620323807020073,0.08278200795926258,0.08278200795926258,0.0014290755370829323,-0.004696862241329067
635,11.34,0.02070207020702074,-1.0,0.0,0.5299634564685449,0.0,0.0,0.0,0.0,0.0,0.0,0.0,0,0,0.0,0.0,0.9756588712790673,1.050457597052489,0.07120584970140799,0.0,0.06955560080570136,0.0368619266197358,0.0368619266197358,0.00042463745249281737,-0.0019074828290902655
636,11.12,-0.019400352733686125,-1.0,0.0,0.5299634564685449,0.0,0.0,0.0,0.0,0.0,0.0,0.0,0,0,-0.0,0.0,0.9756588712790673,1.050457597052489,0.07120584970140799,0.0,0.2417309574968308,0.12810857377047136,0.12810857377047136,0.002751177079975337,-0.007780834804410051
637,10.94,-0.016187050359712206,-1.0,0.0,0.5299634564685449,0.0,0.0,0.0,0.0,0.0,0.0,0.0,0,0,-0.0,0.0,0.9756588712790673,1.050457597052489,0.07120584970140799,0.0,0.16493415776478693,0.08740907633875478,0.08740907633875478,0.0015505509696478075,-0.004998194619602418
638,11.2,0.023765996343692853,-1.0,0.0,0.5299634564685449,0.0,0.0,0.0,0.0,0.0,0.0,0.0,0,0,0.0,0.0,0.9756588712790673,1.050457597052489,0.07120584970140799,0.0,0.00033466174082003725,0.00017735849291276726,0.00017735849291276726,1.4171937716308385e-07,-5.703575123805585e-05
639,11.07,-0.011607142857142769,-1.0,0.0,0.5299634564685449,0.0,0.0,0.0,0.0,0.0,0.0,0.0,0,0,-0.0,0.0,0.9756588712790673,1.050457597052489,0.07120584970140799,0.0,0.0,0.0,0.0,0.0,-5e-05
640,10.96,-0.009936766034326958,-1.0,0.0,0.5299634564685449,0.0,0.0,0.0,0.0,0.0,0.0,0.0,0,0,-0.0,0.0,0.9756588712790673,1.050457597052489,0.07120584970140799,0.0,0.0,0.0,0.0,0.0,-5e-05
641,11.0,0.003649635036496272,-1.0,0.0,0.5299634564685449,0.0,0.0,0.0,0.0,0.0,0.0,0.0,0,0,0.0,0.0,0.9756588712790673,1.050457597052489,0.07120584970140799,0.0,0.0,0.0,0.0,0.0,-5e-05
642,10.73,-0.024545454545454506,-1.0,0.0,0.5299634564685449,0.0,0.0,0.0,0.0,0.0,0.0,0.0,0,0,-0.0,0.0,0.9756588712790673,1.050457597052489,0.07120584970140799,0.0,0.0,0.0,0.0,0.0,-5e-05
643,11.05,0.02982292637465054,-1.0,0.0,0.5299634564685449,0.0,0.0,0.0,0.0,0.0,0.0,0.0,0,0,0.0,0.0,0.9756588712790673,1.050457597052489,0.07120584970140799,0.0,0.0,0.0,0.0,0.0,-5e-05
644,10.78,-0.024434389140271615,-1.0,0.0,0.5299634564685449,0.0,0.0,0.0,0.0,0.0,0.0,0.0,0,0,-0.0,0.0,0.9756588712790673,1.050457597052489,0.07120584970140799,0.0,0.0,0.0,0.0,0.0,-5e-05
645,10.9,0.011131725417439797,-1.0,0.0,0.5299634564685449,0.0,0.0,0.0,0.0,0.0,0.0,0.0,0,0,0.0,0.0,0.9756588712790673,1.050457597052489,0.07120584970140799,0.0,0.0,0.0,0.0,0.0,-5e-05
646,10.85,-0.004587155963302818,-1.0,0.0,0.5299634564685449,0.0,0.0,0.0,0.0,0.0,0.0,0.0,0,0,-0.0,0.0,0.9756588712790673,1.050457597052489,0.07120584970140799,0.0,0.0,0.0,0.0,0.0,-5e-05
647,11.05,0.0184331797235024,-1.0,0.0,0.5299634564685449,0.0,0.0,0.0,0.0,0.0,0.0,0.0,0,0,0.0,0.0,0.9756588712790673,1.050457597052489,0.07120584970140799,0.0,0.0,0.0,0.0,0.0,-5e-05
648,10.88,-0.015384615384615377,-1.0,0.0,0.5299634564685449,0.0,0.0,0.0,0.0,0.0,0.0,0.0,0,0,-0.0,0.0,0.9756588712790673,1.050457597052489,0.07120584970140799,0.0,0.10978339123695832,0.058181185482776995,0.058181185482776995,0.0008420252199287508,-0.003153563079410092
649,10.82,-0.005514705882352987,-1.0,0.0,0.5299634564685449,0.0,0.0,0.0,0.0,0.0,0.0,0.0,0,0,-0.0,0.0,0.9756588712790673,1.050457597052489,0.07120584970140799,0.0,0.0,0.0,0.0,0.0,-5e-05
650,10.68,-0.012939001848428888,-1.0,0.0,0.5299634564685449,0.0,0.0,0.0,0.0,0.0,0.0,0.0,0,0,-0.0,0.0,0.9756588712790673,1.050457597052489,0.07120584970140799,0.0,0.0,0.0,0.0,0.0,-5e-05
651,10.47,-0.01966292134831452,-1.0,0.0,0.5299634564685449,0.0,0.0,0.0,0.0,0.0,0.0,0.0,0,0,-0.0,0.0,0.9756588712790673,1.050457597052489,0.07120584970140799,0.0,0.0,0.0,0.0,0.0,-5e-05
652,10.62,0.014326647564469778,-1.0,0.0,0.5299634564685449,0.0,0.0,0.0,0.0,0.0,0.0,0.0,0,0,0.0,0.0,0.9756588712790673,1.050457597052489,0.07120584970140799,0.0,0.0,0.0,0.0,0.0,-5e-05
653,10.7,0.007532956685499066,-1.0,0.0,0.5299634564685449,0.0,0.0,0.0,0.0,0.0,0.0,0.0,0,0,0.0,0.0,0.9756588712790673,1.050457597052489,0.07120584970140799,0.0,0.0,0.0,0.0,0.0,-5e-05
654,10.67,-0.0028037383177569497,-1.0,0.0,0.5299634564685449,0.0,0.0,0.0,0.0,0.0,0.0,0.0,0,0,-0.0,0.0,0.9756588712790673,1.050457597052489,0.07120584970140799,0.0,0.0,0.0,0.0,0.0,-5e-05
655,10.65,-0.0018744142455482263,-1.0,0.0,0.5299634564685449,0.0,0.0,0.0,0.0,0.0,0.0,0.0,0,0,-0.0,0.0,0.9756588712790673,1.050457597052489,0.07120584970140799,0.0,0.0,0.0,0.0,0.0,-5e-05
656,10.7,0.004694835680751073,-1.0,0.0,0.5299634564685449,0.0,0.0,0.0,0.0,0.0,0.0,0.0,0,0,0.0,0.0,0.9756588712790673,1.050457597052489,0.07120584970140799,0.0,0.0,0.0,0.0,0.0,-5e-05
657,10.8,0.009345794392523497,-1.0,0.0,0.5299634564685449,0.0,0.0,0.0,0.0,0.0,0.0,0.0,0,0,0.0,0.0,0.9756588712790673,1.050457597052489,0.07120584970140799,0.0,0.04670633700742821,0.02475265179944137,0.02475265179944137,0.00023365971855029012,-0.0012458102609033115
658,11.01,0.019444444444444358,-1.0,0.0,0.5299634564685449,0.0,0.0,0.0,0.0,0.0,0.0,0.0,0,0,0.0,0.0,0.9756588712790673,1.050457597052489,0.07120584970140799,0.0,0.04665598906992946,0.02472596923245847,0.02472596923245847,0.00023328200383184198,-0.001244395378672389
659,10.97,-0.0036330608537692233,-1.0,0.0,0.5299634564685449,0.0,0.0,0.0,0.0,0.0,0.0,0.0,0,0,-0.0,0.0,0.9756588712790673,1.050457597052489,0.07120584970140799,0.0,0.11243699419215034,0.0595874980770057,0.0595874980770057,0.0008727381822897699,-0.0032389402626480665
660,11.19,0.02005469462169543,-1.0,0.0,0.5299634564685449,0.0,0.0,0.0,0.0,0.0,0.0,0.0,0,0,0.0,0.0,0.9756588712790673,1.050457597052489,0.07120584970140799,0.0,0.10511238790540108,0.05570572441200883,0.05570572441200883,0.0007888619155264588,-0.003004177106377721
661,10.8,-0.03485254691688997,-1.0,0.0,0.5299634564685449,0.0,0.0,0.0,0.0,0.0,0.0,0.0,0,0,-0.0,0.0,0.9756588712790673,1.050457597052489,0.07120584970140799,0.0,0.19785109518535943,0.10485385027052017,0.10485385027052017,0.0020371725902391504,-0.006162905151057555
662,11.51,0.06574074074074066,-1.0,0.0,0.5299634564685449,0.0,0.0,0.0,0.0,0.0,0.0,0.0,0,0,0.0,0.0,0.9756588712790673,1.050457597052489,0.07120584970140799,0.0,0.025789112109995835,0.013667286993068203,0.013667286993068203,9.586823272535016e-05,-0.0006771239421912644
663,11.52,0.000868809730668965,0.1941300928592682,0.01941300928592682,0.5299634564685449,0.01941300928592682,0.01941300928592682,0.0,0.01941300928592682,0.01941300928592682,0.0,0.0,0,0,0.0,1.941300928592682e-05,0.9756399308043393,1.050457597052489,0.07122388039087237,1.8030689464376692e-05,0.2771281188537252,0.14686777575234594,0.12745476646641912,0.0027301428586617533,-0.00818724536856813
664,11.57,0.0043402777777778396,-0.948200523853302,0.0,0.5298507664370192,0.0,0.0,0.01941300928592682,0.01941300928592682,-0.0,0.01941300928592682,0.0,0,0,8.425785280350302e-05,0.0,0.9757221361300182,1.050457597052489,0.07114562370929893,0.0,0.22303661793888652,0.11817612295843966,0.09876311367251284,0.0018622732729573416,-0.006097431734263256
665,11.3,-0.023336214347450264,-0.3225896954536438,0.0,0.5303398504870663,0.0,0.0,0.01941300928592682,0.0,-0.01941300928592682,0.0,0.01941300928592682,0,0,-0.00045302614582543065,1.941300928592682e-05,0.9752611667884016,1.050457597052489,0.07158445088605514,0.00043882717675620964,0.24706736130655896,0.13102966745555447,0.13102966745555447,0.002845808738470129,-0.008525781068997346
666,11.31,0.0008849557522123705,-1.0,0.0,0.5275971986371498,0.0,0.0,0.0,0.0,0.0,0.0,0.0,0,0,0.0,0.0,0.9752611667884016,1.050457597052489,0.07158445088605514,0.0,0.07893742923201824,0.04164716653043109,0.04164716653043109,0.0005099521646198262,-0.0021860632067994016
667,11.53,0.01945181255526073,-1.0,0.0,0.5275971986371498,0.0,0.0,0.0,0.0,0.0,0.0,0.0,0,0,0.0,0.0,0.9752611667884016,1.050457597052489,0.07158445088605514,0.0,0.18560918471132656,0.09792688589502119,0.09792688589502119,0.001838671593166935,-0.005712220798220262
668,11.51,-0.0017346053772766326,-1.0,0.0,0.5275971986371498,0.0,0.0,0.0,0.0,0.0,0.0,0.0,0,0,-0.0,0.0,0.9752611667884016,1.050457597052489,0.07158445088605514,0.0,0.07908761341064209,0.04172640328235265,0.04172640328235265,0.0005114081880324634,-0.0021906130242916903
669,11.21,-0.026064291920069413,-1.0,0.0,0.5275971986371498,0.0,0.0,0.0,0.0,0.0,0.0,0.0,0,0,-0.0,0.0,0.9752611667884016,1.050457597052489,0.07158445088605514,0.0,0.0641888962975439,0.03386588187019468,0.03386588187019468,0.0003739338957109059,-0.0017462251594403105
670,11.21,0.0,-1.0,0.0,0.5275971986371498,0.0,0.0,0.0,0.0,0.0,0.0,0.0,0,0,0.0,0.0,0.9752611667884016,1.050457597052489,0.07158445088605514,0.0,0.0,0.0,0.0,0.0,-5e-05
671,11.64,0.038358608385370176,-1.0,0.0,0.5275971986371498,0.0,0.0,0.0,0.0,0.0,0.0,0.0,0,0,0.0,0.0,0.9752611667884016,1.050457597052489,0.07158445088605514,0.0,0.0,0.0,0.0,0.0,-5e-05
672,11.65,0.0008591065292096037,-1.0,0.0,0.5275971986371498,0.0,0.0,0.0,0.0,0.0,0.0,0.0,0,0,0.0,0.0,0.9752611667884016,1.050457597052489,0.07158445088605514,0.0,0.1561986135943586,0.08240995096339022,0.08240995096339022,0.001419452074844145,-0.004687143514887932
673,11.53,-0.010300429184549442,-1.0,0.0,0.5275971986371498,0.0,0.0,0.0,0.0,0.0,0.0,0.0,0,0,-0.0,0.0,0.9752611667884016,1.050457597052489,0.07158445088605514,0.0,0.09494166673776103,0.050090957404784586,0.050090957404784586,0.000672651707938777,-0.0026784500427366542
674,11.55,0.0017346053772767868,-1.0,0.0,0.5275971986371498,0.0,0.0,0.0,0.0,0.0,0.0,0.0,0,0,0.0,0.0,0.9752611667884016,1.050457597052489,0.07158445088605514,0.0,0.047380859148266743,0.024998008555646906,0.024998008555646906,0.0002371424863270347,-0.0012631881847813297
675,11.86,0.026839826839826726,-1.0,0.0,0.5275971986371498,0.0,0.0,0.0,0.0,0.0,0.0,0.0,0,0,0.0,0.0,0.9752611667884016,1.050457597052489,0.07158445088605514,0.0,0.12882621727186364,0.06796835134365606,0.06796835134365606,0.0010631911525730115,-0.0037670112283734025
676,11.53,-0.027824620573355826,-0.024926457554101944,0.0,0.5275971986371498,0.0,0.0,0.0,0.0,0.0,0.0,0.0,0,0,-0.0,0.0,0.9752611667884016,1.050457597052489,0.07158445088605514,0.0,0.2385318481279945,0.12584873485807196,0.12584873485807196,0.002678702798362015,-0.007642458869798702
677,11.57,0.0034692107545534192,-1.0,0.0,0.5275971986371498,0.0,0.0,0.0,0.0,0.0,0.0,0.0,0,0,0.0,0.0,0.9752611667884016,1.050457597052489,0.07158445088605514,0.0,0.0,0.0,0.0,0.0,-5e-05
678,11.33,-0.020743301642178063,-1.0,0.0,0.5275971986371498,0.0,0.0,0.0,0.0,0.0,0.0,0.0,0,0,-0.0,0.0,0.9752611667884016,1.050457597052489,0.07158445088605514,0.0,0.001964235052328473,0.0010363249110733979,0.0010363249110733979,2.0016823376980954e-06,-9.246492441566465e-05
679,11.33,0.0,-1.0,0.0,0.5275971986371498,0.0,0.0,0.0,0.0,0.0,0.0,0.0,0,0,0.0,0.0,0.9752611667884016,1.050457597052489,0.07158445088605514,0.0,0.0,0.0,0.0,0.0,-5e-05
680,11.5,0.015004413062665483,-1.0,0.0,0.5275971986371498,0.0,0.0,0.0,0.0,0.0,0.0,0.0,0,0,0.0,0.0,0.9752611667884016,1.050457597052489,0.07158445088605514,0.0,0.0,0.0,0.0,0.0,-5e-05
681,11.57,0.0060869565217391555,-1.0,0.0,0.5275971986371498,0.0,0.0,0.0,0.0,0.0,0.0,0.0,0,0,0.0,0.0,0.9752611667884016,1.050457597052489,0.07158445088605514,0.0,0.0,0.0,0.0,0.0,-5e-05
682,11.7,0.011235955056179688,-1.0,0.0,0.5275971986371498,0.0,0.0,0.0,0.0,0.0,0.0,0.0,0,0,0.0,0.0,0.9752611667884016,1.050457597052489,0.07158445088605514,0.0,0.02130850640605243,0.011242308286975023,0.011242308286975023,7.152114950389396e-05,-0.0005604763814685739
683,11.85,0.012820512820512851,-1.0,0.0,0.5275971986371498,0.0,0.0,0.0,0.0,0.0,0.0,0.0,0,0,0.0,0.0,0.9752611667884016,1.050457597052489,0.07158445088605514,0.0,0.060249729415979204,0.03178758845851691,0.03178758845851691,0.00034004596275935767,-0.0016311903887285292
684,10.91,-0.07932489451476789,-1.0,0.0,0.5275971986371498,0.0,0.0,0.0,0.0,0.0,0.0,0.0,0,0,-0.0,0.0,0.9752611667884016,1.050457597052489,0.07158445088605514,0.0,0.17817054658224477,0.09400228125644215,0.09400228125644215,0.001729254204230264,-0.005449567463824506
685,10.82,-0.00824931255728688,-1.0,0.0,0.5275971986371498,0.0,0.0,0.0,0.0,0.0,0.0,0.0,0,0,-0.0,0.0,0.9752611667884016,1.050457597052489,0.07158445088605514,0.0,0.0,0.0,0.0,0.0,-5e-05
686,10.6,-0.02033271719038823,-1.0,0.0,0.5275971986371498,0.0,0.0,0.0,0.0,0.0,0.0,0.0,0,0,-0.0,0.0,0.9752611667884016,1.050457597052489,0.07158445088605514,0.0,0.0,0.0,0.0,0.0,-5e-05
687,10.67,0.0066037735849056875,-1.0,0.0,0.5275971986371498,0.0,0.0,0.0,0.0,0.0,0.0,0.0,0,0,0.0,0.0,0.9752611667884016,1.050457597052489,0.07158445088605514,0.0,0.0,0.0,0.0,0.0,-5e-05
688,10.64,-0.0028116213683223395,-1.0,0.0,0.5275971986371498,0.0,0.0,0.0,0.0,0.0,0.0,0.0,0,0,-0.0,0.0,0.9752611667884016,1.050457597052489,0.07158445088605514,0.0,0.0,0.0,0.0,0.0,-5e-05
689,10.67,0.0028195488721803907,-1.0,0.0,0.5275971986371498,0.0,0.0,0.0,0.0,0.0,0.0,0.0,0,0,0.0,0.0,0.9752611667884016,1.050457597052489,0.07158445088605514,0.0,0.0,0.0,0.0,0.0,-5e-05
690,10.53,-0.013120899718837916,-1.0,0.0,0.5275971986371498,0.0,0.0,0.0,0.0,0.0,0.0,0.0,0,0,-0.0,0.0,0.9752611667884016,1.050457597052489,0.07158445088605514,0.0,0.0,0.0,0.0,0.0,-5e-05
691,10.63,0.009496676163342965,-1.0,0.0,0.5275971986371498,0.0,0.0,0.0,0.0,0.0,0.0,0.0,0,0,0.0,0.0,0.9752611667884016,1.050457597052489,0.07158445088605514,0.0,0.0,0.0,0.0,0.0,-5e-05
692,10.45,-0.01693320790216383,-1.0,0.0,0.5275971986371498,0.0,0.0,0.0,0.0,0.0,0.0,0.0,0,0,-0.0,0.0,0.9752611667884016,1.050457597052489,0.07158445088605514,0.0,0.0,0.0,0.0,0.0,-5e-05
693,10.5,0.004784688995215379,-1.0,0.0,0.5275971986371498,0.0,0.0,0.0,0.0,0.0,0.0,0.0,0,0,0.0,0.0,0.9752611667884016,1.050457597052489,0.07158445088605514,0.0,0.0,0.0,0.0,0.0,-5e-05
694,10.36,-0.013333333333333388,-1.0,0.0,0.5275971986371498,0.0,0.0,0.0,0.0,0.0,0.0,0.0,0,0,-0.0,0.0,0.9752611667884016,1.050457597052489,0.07158445088605514,0.0,0.0,0.0,0.0,0.0,-5e-05
695,10.37,0.0009652509652509448,-1.0,0.0,0.5275971986371498,0.0,0.0,0.0,0.0,0.0,0.0,0.0,0,0,0.0,0.0,0.9752611667884016,1.050457597052489,0.07158445088605514,0.0,0.0,0.0,0.0,0.0,-5e-05
696,10.26,-0.010607521697203418,-1.0,0.0,0.5275971986371498,0.0,0.0,0.0,0.0,0.0,0.0,0.0,0,0,-0.0,0.0,0.9752611667884016,1.050457597052489,0.07158445088605514,0.0,0.0,0.0,0.0,0.0,-5e-05
697,9.7,-0.0545808966861599,-1.0,0.0,0.5275971986371498,0.0,0.0,0.0,0.0,0.0,0.0,0.0,0,0,-0.0,0.0,0.9752611667884016,1.050457597052489,0.07158445088605514,0.0,0.0,0.0,0.0,0.0,-5e-05
698,9.79,0.009278350515463904,-1.0,0.0,0.5275971986371498,0.0,0.0,0.0,0.0,0.0,0.0,0.0,0,0,0.0,0.0,0.9752611667884016,1.050457597052489,0.07158445088605514,0.0,0.0,0.0,0.0,0.0,-5e-05
699,9.71,-0.008171603677221482,-1.0,0.0,0.5275971986371498,0.0,0.0,0.0,0.0,0.0,0.0,0.0,0,0,-0.0,0.0,0.9752611667884016,1.050457597052489,0.07158445088605514,0.0,0.0,0.0,0.0,0.0,-5e-05
700,9.77,0.006179196704428292,-1.0,0.0,0.5275971986371498,0.0,0.0,0.0,0.0,0.0,0.0,0.0,0,0,0.0,0.0,0.9752611667884016,1.050457597052489,0.07158445088605514,0.0,0.0,0.0,0.0,0.0,-5e-05
701,9.5,-0.027635619242579283,-1.0,0.0,0.5275971986371498,0.0,0.0,0.0,0.0,0.0,0.0,0.0,0,0,-0.0,0.0,0.9752611667884016,1.050457597052489,0.07158445088605514,0.0,0.0,0.0,0.0,0.0,-5e-05
702,9.57,0.007368421052631609,-1.0,0.0,0.5275971986371498,0.0,0.0,0.0,0.0,0.0,0.0,0.0,0,0,0.0,0.0,0.9752611667884016,1.050457597052489,0.07158445088605514,0.0,0.0,0.0,0.0,0.0,-5e-05
703,9.58,0.0010449320794148158,-1.0,0.0,0.5275971986371498,0.0,0.0,0.0,0.0,0.0,0.0,0.0,0,0,0.0,0.0,0.9752611667884016,1.050457597052489,0.07158445088605514,0.0,0.0,0.0,0.0,0.0,-5e-05
704,9.37,-0.021920668058455203,-1.0,0.0,0.5275971986371498,0.0,0.0,0.0,0.0,0.0,0.0,0.0,0,0,-0.0,0.0,0.9752611667884016,1.050457597052489,0.07158445088605514,0.0,0.0,0.0,0.0,0.0,-5e-05
705,9.41,0.0042689434364995655,-1.0,0.0,0.5275971986371498,0.0,0.0,0.0,0.0,0.0,0.0,0.0,0,0,0.0,0.0,0.9752611667884016,1.050457597052489,0.07158445088605514,0.0,0.0,0.0,0.0,0.0,-5e-05
706,9.37,-0.004250797024442181,-1.0,0.0,0.5275971986371498,0.0,0.0,0.0,0.0,0.0,0.0,0.0,0,0,-0.0,0.0,0.9752611667884016,1.050457597052489,0.07158445088605514,0.0,0.0,0.0,0.0,0.0,-5e-05
707,9.64,0.028815368196371545,-1.0,0.0,0.5275971986371498,0.0,0.0,0.0,0.0,0.0,0.0,0.0,0,0,0.0,0.0,0.9752611667884016,1.050457597052489,0.07158445088605514,0.0,0.0,0.0,0.0,0.0,-5e-05
708,9.66,0.0020746887966804537,-1.0,0.0,0.5275971986371498,0.0,0.0,0.0,0.0,0.0,0.0,0.0,0,0,0.0,0.0,0.9752611667884016,1.050457597052489,0.07158445088605514,0.0,0.0,0.0,0.0,0.0,-5e-05
709,9.69,0.003105590062111735,-1.0,0.0,0.5275971986371498,0.0,0.0,0.0,0.0,0.0,0.0,0.0,0,0,0.0,0.0,0.9752611667884016,1.050457597052489,0.07158445088605514,0.0,0.0,0.0,0.0,0.0,-5e-05
710,9.71,0.0020639834881322344,-1.0,0.0,0.5275971986371498,0.0,0.0,0.0,0.0,0.0,0.0,0.0,0,0,0.0,0.0,0.9752611667884016,1.050457597052489,0.07158445088605514,0.0,0.07030385210867623,0.03709211542593806,0.03709211542593806,0.0004286212063302494,-0.00192688055976898
711,9.65,-0.006179196704428475,-1.0,0.0,0.5275971986371498,0.0,0.0,0.0,0.0,0.0,0.0,0.0,0,0,-0.0,0.0,0.9752611667884016,1.050457597052489,0.07158445088605514,0.0,0.07288671483868456,0.03845482656675475,0.03845482656675475,0.00045245723366352345,-0.0020039235593404254
712,9.7,0.0051813471502589565,-1.0,0.0,0.5275971986371498,0.0,0.0,0.0,0.0,0.0,0.0,0.0,0,0,0.0,0.0,0.9752611667884016,1.050457597052489,0.07158445088605514,0.0,0.0653052659881359,0.03445487539159444,0.03445487539159444,0.000383731344908062,-0.0017790198242636614
713,9.47,-0.02371134020618543,-1.0,0.0,0.5275971986371498,0.0,0.0,0.0,0.0,0.0,0.0,0.0,0,0,-0.0,0.0,0.9752611667884016,1.050457597052489,0.07158445088605514,0.0,0.008603952823789889,0.0045394214070377395,0.0045394214070377395,1.8350673256460275e-05,-0.000245592101426532
714,9.6,0.013727560718056916,-1.0,0.0,0.5275971986371498,0.0,0.0,0.0,0.0,0.0,0.0,0.0,0,0,0.0,0.0,0.9752611667884016,1.050457597052489,0.07158445088605514,0.0,0.0,0.0,0.0,0.0,-5e-05
715,9.64,0.004166666666666763,-1.0,0.0,0.5275971986371498,0.0,0.0,0.0,0.0,0.0,0.0,0.0,0,0,0.0,0.0,0.9752611667884016,1.050457597052489,0.07158445088605514,0.0,0.0,0.0,0.0,0.0,-5e-05
716,9.53,-0.011410788381742863,-1.0,0.0,0.5275971986371498,0.0,0.0,0.0,0.0,0.0,0.0,0.0,0,0,-0.0,0.0,0.9752611667884016,1.050457597052489,0.07158445088605514,0.0,0.0,0.0,0.0,0.0,-5e-05
717,9.46,-0.007345225603357661,-1.0,0.0,0.5275971986371498,0.0,0.0,0.0,0.0,0.0,0.0,0.0,0,0,-0.0,0.0,0.9752611667884016,1.050457597052489,0.07158445088605514,0.0,0.0,0.0,0.0,0.0,-5e-05
718,9.71,0.02642706131078224,-1.0,0.0,0.5275971986371498,0.0,0.0,0.0,0.0,0.0,0.0,0.0,0,0,0.0,0.0,0.9752611667884016,1.050457597052489,0.07158445088605514,0.0,0.0,0.0,0.0,0.0,-5e-05
719,9.82,0.011328527291452051,-1.0,0.0,0.5275971986371498,0.0,0.0,0.0,0.0,0.0,0.0,0.0,0,0,0.0,0.0,0.9752611667884016,1.050457597052489,0.07158445088605514,0.0,0.09468426451171708,0.04995515271140083,0.04995515271140083,0.0006699180613880476,-0.0026704139103294194
720,9.76,-0.006109979633401272,-1.0,0.0,0.5275971986371498,0.0,0.0,0.0,0.0,0.0,0.0,0.0,0,0,-0.0,0.0,0.9752611667884016,1.050457597052489,0.07158445088605514,0.0,0.10383474623052084,0.05478292123242215,0.05478292123242215,0.0007693412708368661,-0.0029583370431855954
721,9.73,-0.003073770491803213,-1.0,0.0,0.5275971986371498,0.0,0.0,0.0,0.0,0.0,0.0,0.0,0,0,-0.0,0.0,0.9752611667884016,1.050457597052489,0.07158445088605514,0.0,0.06352285536780214,0.033514480541485245,0.033514480541485245,0.0003681289643349446,-0.0017266997849116686
722,9.56,-0.01747173689619732,-1.0,0.0,0.5275971986371498,0.0,0.0,0.0,0.0,0.0,0.0,0.0,0,0,-0.0,0.0,0.9752611667884016,1.050457597052489,0.07158445088605514,0.0,0.08237657190908594,0.04346164857256547,0.04346164857256547,0.0005436389238431298,-0.0022905963051703003
723,9.56,0.0,-1.0,0.0,0.5275971986371498,0.0,0.0,0.0,0.0,0.0,0.0,0.0,0,0,0.0,0.0,0.9752611667884016,1.050457597052489,0.07158445088605514,0.0,0.024953770322365294,0.013165539317514777,0.013165539317514777,9.063777419800587e-05,-0.000654685442838731
724,9.45,-0.01150627615062774,-1.0,0.0,0.5275971986371498,0.0,0.0,0.0,0.0,0.0,0.0,0.0,0,0,-0.0,0.0,0.9752611667884016,1.050457597052489,0.07158445088605514,0.0,0.0,0.0,0.0,0.0,-5e-05
725,9.12,-0.03492063492063493,-1.0,0.0,0.5275971986371498,0.0,0.0,0.0,0.0,0.0,0.0,0.0,0,0,-0.0,0.0,0.9752611667884016,1.050457597052489,0.07158445088605514,0.0,0.0,0.0,0.0,0.0,-5e-05
726,9.34,0.02412280701754393,-1.0,0.0,0.5275971986371498,0.0,0.0,0.0,0.0,0.0,0.0,0.0,0,0,0.0,0.0,0.9752611667884016,1.050457597052489,0.07158445088605514,0.0,0.0,0.0,0.0,0.0,-5e-05
727,9.38,0.004282655246252776,-1.0,0.0,0.5275971986371498,0.0,0.0,0.0,0.0,0.0,0.0,0.0,0,0,0.0,0.0,0.9752611667884016,1.050457597052489,0.07158445088605514,0.0,0.0,0.0,0.0,0.0,-5e-05
728,9.3,-0.00852878464818764,-1.0,0.0,0.5275971986371498,0.0,0.0,0.0,0.0,0.0,0.0,0.0,0,0,-0.0,0.0,0.9752611667884016,1.050457597052489,0.07158445088605514,0.0,0.0,0.0,0.0,0.0,-5e-05
729,9.18,-0.012903225806451719,-1.0,0.0,0.5275971986371498,0.0,0.0,0.0,0.0,0.0,0.0,0.0,0,0,-0.0,0.0,0.9752611667884016,1.050457597052489,0.07158445088605514,0.0,0.0,0.0,0.0,0.0,-5e-05
730,9.1,-0.008714596949891075,-1.0,0.0,0.5275971986371498,0.0,0.0,0.0,0.0,0.0,0.0,0.0,0,0,-0.0,0.0,0.9752611667884016,1.050457597052489,0.07158445088605514,0.0,0.0,0.0,0.0,0.0,-5e-05
731,9.15,0.005494505494505573,-1.0,0.0,0.5275971986371498,0.0,0.0,0.0,0.0,0.0,0.0,0.0,0,0,0.0,0.0,0.9752611667884016,1.050457597052489,0.07158445088605514,0.0,0.0,0.0,0.0,0.0,-5e-05
732,9.19,0.004371584699453458,-1.0,0.0,0.5275971986371498,0.0,0.0,0.0,0.0,0.0,0.0,0.0,0,0,0.0,0.0,0.9752611667884016,1.050457597052489,0.07158445088605514,0.0,0.0,0.0,0.0,0.0,-5e-05
733,8.79,-0.043525571273123,-1.0,0.0,0.5275971986371498,0.0,0.0,0.0,0.0,0.0,0.0,0.0,0,0,-0.0,0.0,0.9752611667884016,1.050457597052489,0.07158445088605514,0.0,0.0,0.0,0.0,0.0,-5e-05
734,8.9,0.012514220705347124,-1.0,0.0,0.5275971986371498,0.0,0.0,0.0,0.0,0.0,0.0,0.0,0,0,0.0,0.0,0.9752611667884016,1.050457597052489,0.07158445088605514,0.0,0.0,0.0,0.0,0.0,-5e-05
735,8.64,-0.02921348314606739,-1.0,0.0,0.5275971986371498,0.0,0.0,0.0,0.0,0.0,0.0,0.0,0,0,-0.0,0.0,0.9752611667884016,1.050457597052489,0.07158445088605514,0.0,0.0,0.0,0.0,0.0,-5e-05
736,8.71,0.008101851851851884,-1.0,0.0,0.5275971986371498,0.0,0.0,0.0,0.0,0.0,0.0,0.0,0,0,0.0,0.0,0.9752611667884016,1.050457597052489,0.07158445088605514,0.0,0.0,0.0,0.0,0.0,-5e-05
737,8.87,0.018369690011480866,-1.0,0.0,0.5275971986371498,0.0,0.0,0.0,0.0,0.0,0.0,0.0,0,0,0.0,0.0,0.9752611667884016,1.050457597052489,0.07158445088605514,0.0,0.0,0.0,0.0,0.0,-5e-05
738,8.92,0.005636978579481478,-1.0,0.0,0.5275971986371498,0.0,0.0,0.0,0.0,0.0,0.0,0.0,0,0,0.0,0.0,0.9752611667884016,1.050457597052489,0.07158445088605514,0.0,0.0,0.0,0.0,0.0,-5e-05
739,8.86,-0.006726457399103195,-1.0,0.0,0.5275971986371498,0.0,0.0,0.0,0.0,0.0,0.0,0.0,0,0,-0.0,0.0,0.9752611667884016,1.050457597052489,0.07158445088605514,0.0,0.0,0.0,0.0,0.0,-5e-05
740,8.91,0.005643340857787891,-1.0,0.0,0.5275971986371498,0.0,0.0,0.0,0.0,0.0,0.0,0.0,0,0,0.0,0.0,0.9752611667884016,1.050457597052489,0.07158445088605514,0.0,0.0,0.0,0.0,0.0,-5e-05
741,8.77,-0.01571268237934911,-1.0,0.0,0.5275971986371498,0.0,0.0,0.0,0.0,0.0,0.0,0.0,0,0,-0.0,0.0,0.9752611667884016,1.050457597052489,0.07158445088605514,0.0,0.05610654211577323,0.02960165444549922,0.02960165444549922,0.00030558021158429415,-0.0015113749791692227
742,8.68,-0.010262257696693257,-1.0,0.0,0.5275971986371498,0.0,0.0,0.0,0.0,0.0,0.0,0.0,0,0,-0.0,0.0,0.9752611667884016,1.050457597052489,0.07158445088605514,0.0,0.0,0.0,0.0,0.0,-5e-05
743,8.4,-0.03225806451612896,-1.0,0.0,0.5275971986371498,0.0,0.0,0.0,0.0,0.0,0.0,0.0,0,0,-0.0,0.0,0.9752611667884016,1.050457597052489,0.07158445088605514,0.0,0.0,0.0,0.0,0.0,-5e-05
744,8.39,-0.001190476190476165,-1.0,0.0,0.5275971986371498,0.0,0.0,0.0,0.0,0.0,0.0,0.0,0,0,-0.0,0.0,0.9752611667884016,1.050457597052489,0.07158445088605514,0.0,0.0,0.0,0.0,0.0,-5e-05
745,8.62,0.02741358760429066,-1.0,0.0,0.5275971986371498,0.0,0.0,0.0,0.0,0.0,0.0,0.0,0,0,0.0,0.0,0.9752611667884016,1.050457597052489,0.07158445088605514,0.0,0.0,0.0,0.0,0.0,-5e-05
746,9.21,0.06844547563805124,-1.0,0.0,0.5275971986371498,0.0,0.0,0.0,0.0,0.0,0.0,0.0,0,0,0.0,0.0,0.9752611667884016,1.050457597052489,0.07158445088605514,0.0,0.0,0.0,0.0,0.0,-5e-05
747,9.23,0.0021715526601519624,-1.0,0.0,0.5275971986371498,0.0,0.0,0.0,0.0,0.0,0.0,0.0,0,0,0.0,0.0,0.9752611667884016,1.050457597052489,0.07158445088605514,0.0,0.19844239476916042,0.10469765157105643,0.10469765157105643,0.0020326221825982065,-0.006170535514842911
748,9.31,0.008667388949079096,-1.0,0.0,0.5275971986371498,0.0,0.0,0.0,0.0,0.0,0.0,0.0,0,0,0.0,0.0,0.9752611667884016,1.050457597052489,0.07158445088605514,0.0,0.2383783050625222,0.12576772596685862,0.12576772596685862,0.0026761167912058782,-0.007636709875493836
749,9.25,-0.006444683136412513,1.0,0.1,0.5275971986371498,0.1,0.1,0.0,0.1,0.1,0.0,0.0,0,0,-0.0,0.0001,0.9751636406717228,1.050457597052489,0.07167729244096649,9.284155491134927e-05,0.3559706138123324,0.1878090986445333,0.08780909864453329,0.0015612071411725782,-0.00800870757598223
750,9.23,-0.0021621621621621162,-1.0,0.0,0.5270169381070501,0.0,0.0,0.1,0.1,-0.0,0.1,0.0,0,0,-0.00021621621621621163,0.0,0.9749527944791451,1.050457597052489,0.07187801086422255,0.0002007184232560577,0.3334054954988677,0.17571034338587713,0.07571034338587712,0.0012499253446106187,-0.007080034984307581
751,9.43,0.021668472372697648,-1.0,0.0,0.5257624465990745,0.0,0.0,0.1,0.0,-0.1,0.0,0.1,0,0,0.002166847237269765,0.0001,0.9769678729688828,1.050457597052489,0.0699597244951279,0.0,0.255527534505959,0.13434678171528242,0.13434678171528242,0.0029545554930732057,-0.0065515754666261965
752,9.54,0.011664899257688169,-1.0,0.0,0.5377517346308296,0.0,0.0,0.0,0.0,0.0,0.0,0.0,0,0,0.0,0.0,0.9769678729688828,1.050457597052489,0.0699597244951279,0.0,0.15688270647010472,0.08436394753787808,0.08436394753787808,0.0014702344332138731,-0.004752018186498031
753,9.18,-0.03773584905660372,-0.663666307926178,0.0,0.5377517346308296,0.0,0.0,0.0,0.0,0.0,0.0,0.0,0,0,-0.0,0.0,0.9769678729688828,1.050457597052489,0.0699597244951279,0.0,0.1999529725571112,0.10752505783717721,0.10752505783717721,0.0021155133856954125,-0.006284544620371904
754,9.15,-0.0032679738562090806,-1.0,0.0,0.5377517346308296,0.0,0.0,0.0,0.0,0.0,0.0,0.0,0,0,-0.0,0.0,0.9769678729688828,1.050457597052489,0.0699597244951279,0.0,0.0,0.0,0.0,0.0,-5e-05
755,9.24,0.009836065573770475,-1.0,0.0,0.5377517346308296,0.0,0.0,0.0,0.0,0.0,0.0,0.0,0,0,0.0,0.0,0.9769678729688828,1.050457597052489,0.0699597244951279,0.0,0.0,0.0,0.0,0.0,-5e-05
756,9.67,0.04653679653679651,-1.0,0.0,0.5377517346308296,0.0,0.0,0.0,0.0,0.0,0.0,0.0,0,0,0.0,0.0,0.9769678729688828,1.050457597052489,0.0699597244951279,0.0,0.044015568020682044,0.02366944805388304,0.02366944805388304,0.00021849094674984674,-0.001175211647975897
757,9.42,-0.025853154084798345,-0.7063058018684387,0.0,0.5377517346308296,0.0,0.0,0.0,0.0,0.0,0.0,0.0,0,0,-0.0,0.0,0.9769678729688828,1.050457597052489,0.0699597244951279,0.0,0.17829274077449137,0.09587723062356757,0.09587723062356757,0.001781248337691596,-0.005504078797646118
758,9.65,0.02441613588110408,-1.0,0.0,0.5377517346308296,0.0,0.0,0.0,0.0,0.0,0.0,0.0,0,0,0.0,0.0,0.9769678729688828,1.050457597052489,0.0699597244951279,0.0,0.019876831517032206,0.010688800627248814,0.010688800627248814,6.630476117409693e-05,-0.0005257674904249604
759,9.25,-0.041450777202072575,-0.023019779473543167,0.0,0.5377517346308296,0.0,0.0,0.0,0.0,0.0,0.0,0.0,0,0,-0.0,0.0,0.9769678729688828,1.050457597052489,0.0699597244951279,0.0,0.23743396108219167,0.12768052443221745,0.12768052443221745,0.0027373998373607816,-0.0076785394356539294
760,9.28,0.003243243243243174,-1.0,0.0,0.5377517346308296,0.0,0.0,0.0,0.0,0.0,0.0,0.0,0,0,0.0,0.0,0.9769678729688828,1.050457597052489,0.0699597244951279,0.0,0.053026861088222146,0.0285152865322195,0.0285152865322195,0.00028891351644663125,-0.0014312668548640078
761,9.44,0.017241379310344845,-1.0,0.0,0.5377517346308296,0.0,0.0,0.0,0.0,0.0,0.0,0.0,0,0,0.0,0.0,0.9769678729688828,1.050457597052489,0.0699597244951279,0.0,0.03511287561509153,0.018882009769892027,0.018882009769892027,0.0001556766858238573,-0.0009290019234947429
762,9.45,0.0010593220338982825,-1.0,0.0,0.5377517346308296,0.0,0.0,0.0,0.0,0.0,0.0,0.0,0,0,0.0,0.0,0.9769678729688828,1.050457597052489,0.0699597244951279,0.0,0.0,0.0,0.0,0.0,-5e-05
763,9.38,-0.00740740740740725,-1.0,0.0,0.5377517346308296,0.0,0.0,0.0,0.0,0.0,0.0,0.0,0,0,-0.0,0.0,0.9769678729688828,1.050457597052489,0.0699597244951279,0.0,0.04739951049558598,0.025489168989653574,0.025489168989653574,0.0002441657620684281,-0.0012705956782774993
764,9.09,-0.030916844349680266,-1.0,0.0,0.5377517346308296,0.0,0.0,0.0,0.0,0.0,0.0,0.0,0,0,-0.0,0.0,0.9769678729688828,1.050457597052489,0.0699597244951279,0.0,0.0,0.0,0.0,0.0,-5e-05
765,9.11,0.0022002200220021533,-1.0,0.0,0.5377517346308296,0.0,0.0,0.0,0.0,0.0,0.0,0.0,0,0,0.0,0.0,0.9769678729688828,1.050457597052489,0.0699597244951279,0.0,0.0,0.0,0.0,0.0,-5e-05
766,8.91,-0.021953896816684883,-1.0,0.0,0.5377517346308296,0.0,0.0,0.0,0.0,0.0,0.0,0.0,0,0,-0.0,0.0,0.9769678729688828,1.050457597052489,0.0699597244951279,0.0,0.0,0.0,0.0,0.0,-5e-05
767,8.88,-0.0033670033670032953,-1.0,0.0,0.5377517346308296,0.0,0.0,0.0,0.0,0.0,0.0,0.0,0,0,-0.0,0.0,0.9769678729688828,1.050457597052489,0.0699597244951279,0.0,0.0,0.0,0.0,0.0,-5e-05
768,9.11,0.025900900900900747,-1.0,0.0,0.5377517346308296,0.0,0.0,0.0,0.0,0.0,0.0,0.0,0,0,0.0,0.0,0.9769678729688828,1.050457597052489,0.0699597244951279,0.0,0.0,0.0,0.0,0.0,-5e-05
769,9.15,0.004390779363337094,-1.0,0.0,0.5377517346308296,0.0,0.0,0.0,0.0,0.0,0.0,0.0,0,0,0.0,0.0,0.9769678729688828,1.050457597052489,0.0699597244951279,0.0,0.0,0.0,0.0,0.0,-5e-05
770,9.4,0.0273224043715847,-1.0,0.0,0.5377517346308296,0.0,0.0,0.0,0.0,0.0,0.0,0.0,0,0,0.0,0.0,0.9769678729688828,1.050457597052489,0.0699597244951279,0.0,0.0,0.0,0.0,0.0,-5e-05
771,9.45,0.005319148936170099,-1.0,0.0,0.5377517346308296,0.0,0.0,0.0,0.0,0.0,0.0,0.0,0,0,0.0,0.0,0.9769678729688828,1.050457597052489,0.0699597244951279,0.0,0.11267970821607656,0.06059370855089091,0.06059370855089091,0.0008949371795112801,-0.0032661391687624575
772,9.57,0.012698412698412804,-1.0,0.0,0.5377517346308296,0.0,0.0,0.0,0.0,0.0,0.0,0.0,0,0,0.0,0.0,0.9769678729688828,1.050457597052489,0.0699597244951279,0.0,0.20042738848754624,0.10778017582670515,0.10778017582670515,0.002123046869576613,-0.006301851072420065
773,9.59,0.0020898641588296316,-0.7172357439994812,0.0,0.5377517346308296,0.0,0.0,0.0,0.0,0.0,0.0,0.0,0,0,0.0,0.0,0.9769678729688828,1.050457597052489,0.0699597244951279,0.0,0.26282059599758545,0.14133223139441004,0.14133223139441004,0.003187961545028506,-0.008652065822578766
774,9.58,-0.0010427528675703635,-1.0,0.0,0.5377517346308296,0.0,0.0,0.0,0.0,0.0,0.0,0.0,0,0,-0.0,0.0,0.9769678729688828,1.050457597052489,0.0699597244951279,0.0,0.19807757615063354,0.10651656016647343,0.10651656016647343,0.0020858205878182706,-0.0062162186565213225
775,9.6,0.002087682672233776,-1.0,0.0,0.5377517346308296,0.0,0.0,0.0,0.0,0.0,0.0,0.0,0,0,0.0,0.0,0.9769678729688828,1.050457597052489,0.0699597244951279,0.0,0.17730497743805837,0.09534605917599599,0.09534605917599599,0.0017664663618968744,-0.005468948897120877
776,9.57,-0.0031249999999999334,-1.0,0.0,0.5377517346308296,0.0,0.0,0.0,0.0,0.0,0.0,0.0,0,0,-0.0,0.0,0.9769678729688828,1.050457597052489,0.0699597244951279,0.0,0.10367011461421488,0.05574878396317097,0.05574878396317097,0.000789776756964209,-0.002975381118017036
777,9.34,-0.02403343782654132,-1.0,0.0,0.5377517346308296,0.0,0.0,0.0,0.0,0.0,0.0,0.0,0,0,-0.0,0.0,0.9769678729688828,1.050457597052489,0.0699597244951279,0.0,0.07423812542962344,0.0399216807255211,0.0399216807255211,0.0004785909433494693,-0.0020578963271997122
778,9.2,-0.01498929336188443,-1.0,0.0,0.5377517346308296,0.0,0.0,0.0,0.0,0.0,0.0,0.0,0,0,-0.0,0.0,0.9769678729688828,1.050457597052489,0.0699597244951279,0.0,0.0,0.0,0.0,0.0,-5e-05
779,9.15,-0.005434782608695537,-1.0,0.0,0.5377517346308296,0.0,0.0,0.0,0.0,0.0,0.0,0.0,0,0,-0.0,0.0,0.9769678729688828,1.050457597052489,0.0699597244951279,0.0,0.0,0.0,0.0,0.0,-5e-05
780,9.15,0.0,-1.0,0.0,0.5377517346308296,0.0,0.0,0.0,0.0,0.0,0.0,0.0,0,0,0.0,0.0,0.9769678729688828,1.050457597052489,0.0699597244951279,0.0,0.0,0.0,0.0,0.0,-5e-05
781,9.09,-0.006557377049180382,-1.0,0.0,0.5377517346308296,0.0,0.0,0.0,0.0,0.0,0.0,0.0,0,0,-0.0,0.0,0.9769678729688828,1.050457597052489,0.0699597244951279,0.0,0.0,0.0,0.0,0.0,-5e-05
782,9.48,0.042904290429042966,-1.0,0.0,0.5377517346308296,0.0,0.0,0.0,0.0,0.0,0.0,0.0,0,0,0.0,0.0,0.9769678729688828,1.050457597052489,0.0699597244951279,0.0,0.0,0.0,0.0,0.0,-5e-05
783,9.26,-0.023206751054852388,-1.0,0.0,0.5377517346308296,0.0,0.0,0.0,0.0,0.0,0.0,0.0,0,0,-0.0,0.0,0.9769678729688828,1.050457597052489,0.0699597244951279,0.0,0.07548673983544955,0.04059312528813914,0.04059312528813914,0.0004907157351478148,-0.0020957425757580756
784,9.27,0.0010799136069114242,-1.0,0.0,0.5377517346308296,0.0,0.0,0.0,0.0,0.0,0.0,0.0,0,0,0.0,0.0,0.9769678729688828,1.050457597052489,0.0699597244951279,0.0,0.015677676180153373,0.008430697560857915,0.008430697560857915,4.644580721768793e-05,-0.00041940593652884745
785,9.2,-0.00755124056094933,-1.0,0.0,0.5377517346308296,0.0,0.0,0.0,0.0,0.0,0.0,0.0,0,0,-0.0,0.0,0.9769678729688828,1.050457597052489,0.0699597244951279,0.0,0.035550854448892444,0.019117533647500056,0.019117533647500056,0.00015859848894367678,-0.0009409460905908611
786,9.24,0.004347826086956622,-1.0,0.0,0.5377517346308296,0.0,0.0,0.0,0.0,0.0,0.0,0.0,0,0,0.0,0.0,0.9769678729688828,1.050457597052489,0.0699597244951279,0.0,0.0006627224738515666,0.00035638015989251454,0.00035638015989251454,4.0366540209796027e-07,-6.405574836344024e-05
787,9.02,-0.023809523809523878,-1.0,0.0,0.5377517346308296,0.0,0.0,0.0,0.0,0.0,0.0,0.0,0,0,-0.0,0.0,0.9769678729688828,1.050457597052489,0.0699597244951279,0.0,0.03742853014051841,0.020127257007746063,0.020127257007746063,0.00017132791853997957,-0.0009923556394346588
788,9.52,0.05543237250554324,-1.0,0.0,0.5377517346308296,0.0,0.0,0.0,0.0,0.0,0.0,0.0,0,0,0.0,0.0,0.9769678729688828,1.050457597052489,0.0699597244951279,0.0,0.0,0.0,0.0,0.0,-5e-05
789,9.53,0.0010504201680672045,-1.0,0.0,0.5377517346308296,0.0,0.0,0.0,0.0,0.0,0.0,0.0,0,0,0.0,0.0,0.9769678729688828,1.050457597052489,0.0699597244951279,0.0,0.11207639544521242,0.060269276061833785,0.060269276061833785,0.0008877592634231525,-0.0032465330095945285
790,9.28,-0.02623294858342078,-1.0,0.0,0.5377517346308296,0.0,0.0,0.0,0.0,0.0,0.0,0.0,0,0,-0.0,0.0,0.9769678729688828,1.050457597052489,0.0699597244951279,0.0,0.11049231446385986,0.059417433766315746,0.059417433766315746,0.0008690046222664089,-0.0031951463002219222
791,9.29,0.0010775862068965287,-1.0,0.0,0.5377517346308296,0.0,0.0,0.0,0.0,0.0,0.0,0.0,0,0,0.0,0.0,0.9769678729688828,1.050457597052489,0.0699597244951279,0.0,0.014119461385341156,0.007592764852020223,0.007592764852020223,3.969640477571475e-05,-0.0003805573093137426
792,9.26,-0.003229278794402515,-1.0,0.0,0.5377517346308296,0.0,0.0,0.0,0.0,0.0,0.0,0.0,0,0,-0.0,0.0,0.9769678729688828,1.050457597052489,0.0699597244951279,0.0,0.00716149381865255,0.0038511057235283727,0.0038511057235283727,1.433934825510514e-05,-0.00021186612091934768
793,9.13,-0.014038876889848706,-1.0,0.0,0.5377517346308296,0.0,0.0,0.0,0.0,0.0,0.0,0.0,0,0,-0.0,0.0,0.9769678729688828,1.050457597052489,0.0699597244951279,0.0,0.06773973985468808,0.03642716261029966,0.03642716261029966,0.00041714713679723563,-0.00186258577780381
794,8.98,-0.016429353778751408,-1.0,0.0,0.5377517346308296,0.0,0.0,0.0,0.0,0.0,0.0,0.0,0,0,-0.0,0.0,0.9769678729688828,1.050457597052489,0.0699597244951279,0.0,0.0,0.0,0.0,0.0,-5e-05
795,9.04,0.006681514476614556,-1.0,0.0,0.5377517346308296,0.0,0.0,0.0,0.0,0.0,0.0,0.0,0,0,0.0,0.0,0.9769678729688828,1.050457597052489,0.0699597244951279,0.0,0.0,0.0,0.0,0.0,-5e-05
796,8.99,-0.0055309734513273165,-1.0,0.0,0.5377517346308296,0.0,0.0,0.0,0.0,0.0,0.0,0.0,0,0,-0.0,0.0,0.9769678729688828,1.050457597052489,0.0699597244951279,0.0,0.0,0.0,0.0,0.0,-5e-05
797,8.89,-0.011123470522803075,-1.0,0.0,0.5377517346308296,0.0,0.0,0.0,0.0,0.0,0.0,0.0,0,0,-0.0,0.0,0.9769678729688828,1.050457597052489,0.0699597244951279,0.0,0.0,0.0,0.0,0.0,-5e-05
798,8.94,0.00562429696287952,-1.0,0.0,0.5377517346308296,0.0,0.0,0.0,0.0,0.0,0.0,0.0,0,0,0.0,0.0,0.9769678729688828,1.050457597052489,0.0699597244951279,0.0,0.0,0.0,0.0,0.0,-5e-05
799,8.78,-0.017897091722595095,-1.0,0.0,0.5377517346308296,0.0,0.0,0.0,0.0,0.0,0.0,0.0,0,0,-0.0,0.0,0.9769678729688828,1.050457597052489,0.0699597244951279,0.0,0.0,0.0,0.0,0.0,-5e-05
800,8.83,0.005694760820045639,-1.0,0.0,0.5377517346308296,0.0,0.0,0.0,0.0,0.0,0.0,0.0,0,0,0.0,0.0,0.9769678729688828,1.050457597052489,0.0699597244951279,0.0,0.0,0.0,0.0,0.0,-5e-05
801,8.68,-0.016987542468856212,-1.0,0.0,0.5377517346308296,0.0,0.0,0.0,0.0,0.0,0.0,0.0,0,0,-0.0,0.0,0.9769678729688828,1.050457597052489,0.0699597244951279,0.0,0.0,0.0,0.0,0.0,-5e-05
802,8.56,-0.013824884792626639,-1.0,0.0,0.5377517346308296,0.0,0.0,0.0,0.0,0.0,0.0,0.0,0,0,-0.0,0.0,0.9769678729688828,1.050457597052489,0.0699597244951279,0.0,0.0,0.0,0.0,0.0,-5e-05
803,8.75,0.02219626168224293,-1.0,0.0,0.5377517346308296,0.0,0.0,0.0,0.0,0.0,0.0,0.0,0,0,0.0,0.0,0.9769678729688828,1.050457597052489,0.0699597244951279,0.0,0.0,0.0,0.0,0.0,-5e-05
804,8.84,0.01028571428571427,-1.0,0.0,0.5377517346308296,0.0,0.0,0.0,0.0,0.0,0.0,0.0,0,0,0.0,0.0,0.9769678729688828,1.050457597052489,0.0699597244951279,0.0,0.0,0.0,0.0,0.0,-5e-05
805,8.83,-0.0011312217194569894,-1.0,0.0,0.5377517346308296,0.0,0.0,0.0,0.0,0.0,0.0,0.0,0,0,-0.0,0.0,0.9769678729688828,1.050457597052489,0.0699597244951279,0.0,0.0,0.0,0.0,0.0,-5e-05
806,8.87,0.004530011325028216,-1.0,0.0,0.5377517346308296,0.0,0.0,0.0,0.0,0.0,0.0,0.0,0,0,0.0,0.0,0.9769678729688828,1.050457597052489,0.0699597244951279,0.0,0.0,0.0,0.0,0.0,-5e-05
807,9.02,0.016910935738444235,-1.0,0.0,0.5377517346308296,0.0,0.0,0.0,0.0,0.0,0.0,0.0,0,0,0.0,0.0,0.9769678729688828,1.050457597052489,0.0699597244951279,0.0,0.04355812985646648,0.02342345988758978,0.02342345988758978,0.00021509376339723306,-0.0011623912384404426
808,9.09,0.007760532150776085,-1.0,0.0,0.5377517346308296,0.0,0.0,0.0,0.0,0.0,0.0,0.0,0,0,0.0,0.0,0.9769678729688828,1.050457597052489,0.0699597244951279,0.0,0.15910097581208996,0.08555682572440904,0.08555682572440904,0.0015015273434705646,-0.004829007445199617
809,9.05,-0.0044004400440043065,-1.0,0.0,0.5377517346308296,0.0,0.0,0.0,0.0,0.0,0.0,0.0,0,0,-0.0,0.0,0.9769678729688828,1.050457597052489,0.0699597244951279,0.0,0.13303903108515944,0.07154196973964935,0.07154196973964935,0.001148134032385269,-0.003938738072739554
810,8.99,-0.006629834254143701,-1.0,0.0,0.5377517346308296,0.0,0.0,0.0,0.0,0.0,0.0,0.0,0,0,-0.0,0.0,0.9769678729688828,1.050457597052489,0.0699597244951279,0.0,0.08669576893722683,0.04662080013114732,0.04662080013114732,0.0006039776036314425,-0.002439910443738315
811,8.94,-0.005561735261401636,-1.0,0.0,0.5377517346308296,0.0,0.0,0.0,0.0,0.0,0.0,0.0,0,0,-0.0,0.0,0.9769678729688828,1.050457597052489,0.0699597244951279,0.0,0.062451102936710134,0.03358318893382437,0.03358318893382437,0.0003692616019943141,-0.0017057543224905428
812,9.13,0.0212527964205818,-1.0,0.0,0.5377517346308296,0.0,0.0,0.0,0.0,0.0,0.0,0.0,0,0,0.0,0.0,0.9769678729688828,1.050457597052489,0.0699597244951279,0.0,0.026515385443614294,0.014258694516708635,0.014258694516708635,0.00010215765078352702,-0.0006983745909219816
813,9.12,-0.001095290251916929,-1.0,0.0,0.5377517346308296,0.0,0.0,0.0,0.0,0.0,0.0,0.0,0,0,-0.0,0.0,0.9769678729688828,1.050457597052489,0.0699597244951279,0.0,0.07237512114476263,0.03891984693971254,0.03891984693971254,0.0004606890989163697,-0.00200161659449848
814,9.27,0.016447368421052672,-1.0,0.0,0.5377517346308296,0.0,0.0,0.0,0.0,0.0,0.0,0.0,0,0,0.0,0.0,0.9769678729688828,1.050457597052489,0.0699597244951279,0.0,0.044166220171328596,0.023750461509219088,0.023750461509219088,0.00021961364998812462,-0.0011794377855174937
815,9.21,-0.006472491909384976,-1.0,0.0,0.5377517346308296,0.0,0.0,0.0,0.0,0.0,0.0,0.0,0,0,-0.0,0.0,0.9769678729688828,1.050457597052489,0.0699597244951279,0.0,0.12919311544443943,0.06947382193260833,0.06947382193260833,0.001098709898438528,-0.00381008807659398
816,9.14,-0.007600434310532061,-1.0,0.0,0.5377517346308296,0.0,0.0,0.0,0.0,0.0,0.0,0.0,0,0,-0.0,0.0,0.9769678729688828,1.050457597052489,0.0699597244951279,0.0,0.1182417417927673,0.06358470175483127,0.06358470175483127,0.0009620113771740794,-0.003447791258105086
817,9.02,-0.013129102844639058,-1.0,0.0,0.5377517346308296,0.0,0.0,0.0,0.0,0.0,0.0,0.0,0,0,-0.0,0.0,0.9769678729688828,1.050457597052489,0.0699597244951279,0.0,0.09911131005850182,0.053297278905493344,0.053297278905493344,0.000738259094015307,-0.0028299520812204446
818,9.31,0.03215077605321518,-1.0,0.0,0.5377517346308296,0.0,0.0,0.0,0.0,0.0,0.0,0.0,0,0,0.0,0.0,0.9769678729688828,1.050457597052489,0.0699597244951279,0.0,0.0,0.0,0.0,0.0,-5e-05
819,9.26,-0.005370569280343793,-1.0,0.0,0.5377517346308296,0.0,0.0,0.0,0.0,0.0,0.0,0.0,0,0,-0.0,0.0,0.9769678729688828,1.050457597052489,0.0699597244951279,0.0,0.11853191008177572,0.06374074025558041,0.06374074025558041,0.000965554749994276,-0.0034573120976788556
820,9.13,-0.014038876889848706,-1.0,0.0,0.5377517346308296,0.0,0.0,0.0,0.0,0.0,0.0,0.0,0,0,-0.0,0.0,0.9769678729688828,1.050457597052489,0.0699597244951279,0.0,0.04075514484943267,0.021916149837913138,0.021916149837913138,0.0001946693782809397,-0.0010842253621792528
821,9.11,-0.0021905805038336637,-1.0,0.0,0.5377517346308296,0.0,0.0,0.0,0.0,0.0,0.0,0.0,0,0,-0.0,0.0,0.9769678729688828,1.050457597052489,0.0699597244951279,0.0,0.0,0.0,0.0,0.0,-5e-05
822,9.03,-0.008781558726673994,-1.0,0.0,0.5377517346308296,0.0,0.0,0.0,0.0,0.0,0.0,0.0,0,0,-0.0,0.0,0.9769678729688828,1.050457597052489,0.0699597244951279,0.0,0.0031054901978281087,0.0016699827407611037,0.0016699827407611037,4.094672997325416e-06,-0.00011806777107258448
823,8.57,-0.050941306755260145,-1.0,0.0,0.5377517346308296,0.0,0.0,0.0,0.0,0.0,0.0,0.0,0,0,-0.0,0.0,0.9769678729688828,1.050457597052489,0.0699597244951279,0.0,0.0,0.0,0.0,0.0,-5e-05
824,8.38,-0.022170361726954434,-1.0,0.0,0.5377517346308296,0.0,0.0,0.0,0.0,0.0,0.0,0.0,0,0,-0.0,0.0,0.9769678729688828,1.050457597052489,0.0699597244951279,0.0,0.0,0.0,0.0,0.0,-5e-05
825,8.57,0.022673031026252923,-1.0,0.0,0.5377517346308296,0.0,0.0,0.0,0.0,0.0,0.0,0.0,0,0,0.0,0.0,0.9769678729688828,1.050457597052489,0.0699597244951279,0.0,0.0,0.0,0.0,0.0,-5e-05
826,8.66,0.010501750291715269,-1.0,0.0,0.5377517346308296,0.0,0.0,0.0,0.0,0.0,0.0,0.0,0,0,0.0,0.0,0.9769678729688828,1.050457597052489,0.0699597244951279,0.0,0.0,0.0,0.0,0.0,-5e-05
827,8.6,-0.00692840646651276,-1.0,0.0,0.5377517346308296,0.0,0.0,0.0,0.0,0.0,0.0,0.0,0,0,-0.0,0.0,0.9769678729688828,1.050457597052489,0.0699597244951279,0.0,0.0,0.0,0.0,0.0,-5e-05
828,8.65,0.005813953488372176,-1.0,0.0,0.5377517346308296,0.0,0.0,0.0,0.0,0.0,0.0,0.0,0,0,0.0,0.0,0.9769678729688828,1.050457597052489,0.0699597244951279,0.0,0.0,0.0,0.0,0.0,-5e-05
829,8.68,0.003468208092485475,-1.0,0.0,0.5377517346308296,0.0,0.0,0.0,0.0,0.0,0.0,0.0,0,0,0.0,0.0,0.9769678729688828,1.050457597052489,0.0699597244951279,0.0,0.0,0.0,0.0,0.0,-5e-05
830,8.75,0.00806451612903229,-1.0,0.0,0.5377517346308296,0.0,0.0,0.0,0.0,0.0,0.0,0.0,0,0,0.0,0.0,0.9769678729688828,1.050457597052489,0.0699597244951279,0.0,0.0625055339794472,0.033612459321474,0.033612459321474,0.0003697444679162862,-0.0017073584678928987
831,8.96,0.024000000000000098,-1.0,0.0,0.5377517346308296,0.0,0.0,0.0,0.0,0.0,0.0,0.0,0,0,0.0,0.0,0.9769678729688828,1.050457597052489,0.0699597244951279,0.0,0.0330549030789857,0.01777533146877851,0.01777533146877851,0.00014219286752412637,-0.0008731238709512319
832,9.17,0.023437499999999896,-1.0,0.0,0.5377517346308296,0.0,0.0,0.0,0.0,0.0,0.0,0.0,0,0,0.0,0.0,0.9769678729688828,1.050457597052489,0.0699597244951279,0.0,0.10791533291497463,0.058031657468291066,0.058031657468291066,0.0008387812478240846,-0.0031118371058725617
833,9.29,0.013086150490730558,-1.0,0.0,0.5377517346308296,0.0,0.0,0.0,0.0,0.0,0.0,0.0,0,0,0.0,0.0,0.9769678729688828,1.050457597052489,0.0699597244951279,0.0,0.2292907806515807,0.12330151503024459,0.12330151503024459,0.002597788977362985,-0.007371179058785548
834,9.38,0.009687836383207927,-0.34157344698905945,0.0,0.5377517346308296,0.0,0.0,0.0,0.0,0.0,0.0,0.0,0,0,0.0,0.0,0.9769678729688828,1.050457597052489,0.0699597244951279,0.0,0.2672488935271286,0.14371355607238329,0.14371355607238329,0.0032688715401320593,-0.008824198746790909
835,9.37,-0.0010660980810236207,0.36592161655426025,0.036592161655426024,0.5377517346308296,0.036592161655426024,0.036592161655426024,0.0,0.036592161655426024,0.036592161655426024,0.0,0.0,0,0,-0.0,3.659216165542602e-05,0.9769321236025429,1.050457597052489,0.06999375667923527,3.403218410737152e-05,0.2973600541889589,0.15990588495003014,0.1233137232946041,0.002598174803274246,-0.008362457294103896
836,9.27,-0.01067235859124863,-1.0,0.0,0.5375390205547927,0.0,0.0,0.036592161655426024,0.036592161655426024,-0.0,0.036592161655426024,0.0,0,0,-0.0003905246708156446,0.0,0.9765506075065638,1.050457597052489,0.07035694706126464,0.0003631903820293658,0.270298737744994,0.14529611874464088,0.10870395708921485,0.0021504001467561712,-0.007629023214050538
837,9.45,0.01941747572815531,-1.0,0.0,0.5352690614776104,0.0,0.0,0.036592161655426024,0.0,-0.036592161655426024,0.0,0.036592161655426024,0,0,0.0007105274107849702,3.659216165542602e-05,0.9772087393835214,1.050457597052489,0.06973042783878075,0.0,0.15438345057381045,0.08263668469631857,0.08263668469631857,0.0014253140902267727,-0.004109750488711715
838,9.54,0.009523809523809509,-1.0,0.0,0.5391848072424833,0.0,0.0,0.0,0.0,0.0,0.0,0.0,0,0,0.0,0.0,0.9772087393835214,1.050457597052489,0.06973042783878075,0.0,0.1685464427329259,0.0908776812363589,0.0908776812363589,0.0016437550741472064,-0.00516581179444548
839,9.5,-0.00419287211740033,-1.0,0.0,0.5391848072424833,0.0,0.0,0.0,0.0,0.0,0.0,0.0,0,0,-0.0,0.0,0.9772087393835214,1.050457597052489,0.06973042783878075,0.0,0.17061830867360825,0.09199479987421798,0.09199479987421798,0.001674156945190579,-0.005238894103866909
840,9.55,0.005263157894736917,-1.0,0.0,0.5391848072424833,0.0,0.0,0.0,0.0,0.0,0.0,0.0,0,0,0.0,0.0,0.9772087393835214,1.050457597052489,0.06973042783878075,0.0,0.1203612353794662,0.06489694949754465,0.06489694949754465,0.000991945188231894,-0.0035213866370488976
841,9.31,-0.025130890052356043,-1.0,0.0,0.5391848072424833,0.0,0.0,0.0,0.0,0.0,0.0,0.0,0,0,-0.0,0.0,0.9772087393835214,1.050457597052489,0.06973042783878075,0.0,0.14392995562326277,0.07760484537914811,0.07760484537914811,0.001297132997247491,-0.0043120900830867035
842,9.43,0.012889366272824835,-1.0,0.0,0.5391848072424833,0.0,0.0,0.0,0.0,0.0,0.0,0.0,0,0,0.0,0.0,0.9772087393835214,1.050457597052489,0.06973042783878075,0.0,0.058641076526551525,0.0316183775434604,0.0316183775434604,0.0003373343927708165,-0.0015953405692177777
843,9.38,-0.005302226935312719,-1.0,0.0,0.5391848072424833,0.0,0.0,0.0,0.0,0.0,0.0,0.0,0,0,-0.0,0.0,0.9772087393835214,1.050457597052489,0.06973042783878075,0.0,0.055623735004917685,0.029991472836733514,0.029991472836733514,0.0003116362294882801,-0.0015074851705895844
844,9.48,0.010660980810234503,-1.0,0.0,0.5391848072424833,0.0,0.0,0.0,0.0,0.0,0.0,0.0,0,0,0.0,0.0,0.9772087393835214,1.050457597052489,0.06973042783878075,0.0,0.0,0.0,0.0,0.0,-5e-05
845,9.45,-0.003164556962025436,-1.0,0.0,0.5391848072424833,0.0,0.0,0.0,0.0,0.0,0.0,0.0,0,0,-0.0,0.0,0.9772087393835214,1.050457597052489,0.06973042783878075,0.0,0.04765672869374629,0.025695784074544918,0.025695784074544918,0.00024714058004659606,-0.0012788691911377699
846,9.3,-0.015873015873015723,-1.0,0.0,0.5391848072424833,0.0,0.0,0.0,0.0,0.0,0.0,0.0,0,0,-0.0,0.0,0.9772087393835214,1.050457597052489,0.06973042783878075,0.0,0.010380416190693097,0.00559696270287561,0.00559696270287561,2.5123484267696164e-05,-0.00028896005779597395
847,9.3,0.0,-1.0,0.0,0.5391848072424833,0.0,0.0,0.0,0.0,0.0,0.0,0.0,0,0,0.0,0.0,0.9772087393835214,1.050457597052489,0.06973042783878075,0.0,0.008888498363646762,0.004792543276878007,0.004792543276878007,1.9906747841485504e-05,-0.0002530098141326088
848,9.32,0.002150537634408556,-1.0,0.0,0.5391848072424833,0.0,0.0,0.0,0.0,0.0,0.0,0.0,0,0,0.0,0.0,0.9772087393835214,1.050457597052489,0.06973042783878075,0.0,0.0,0.0,0.0,0.0,-5e-05
849,9.44,0.01287553648068661,-1.0,0.0,0.5391848072424833,0.0,0.0,0.0,0.0,0.0,0.0,0.0,0,0,0.0,0.0,0.9772087393835214,1.050457597052489,0.06973042783878075,0.0,0.0,0.0,0.0,0.0,-5e-05
850,9.51,0.007415254237288166,-1.0,0.0,0.5391848072424833,0.0,0.0,0.0,0.0,0.0,0.0,0.0,0,0,0.0,0.0,0.9772087393835214,1.050457597052489,0.06973042783878075,0.0,0.004697127256412378,0.0025326196543421224,0.0025326196543421224,7.647266227173306e-06,-0.0001544080877092683
851,9.29,-0.023133543638275567,-1.0,0.0,0.5391848072424833,0.0,0.0,0.0,0.0,0.0,0.0,0.0,0,0,-0.0,0.0,0.9772087393835214,1.050457597052489,0.06973042783878075,0.0,0.04143536573036091,0.022341319684346446,0.022341319684346446,0.00020036159710627014,-0.0011039301311517049
852,9.23,-0.00645855758880503,-1.0,0.0,0.5391848072424833,0.0,0.0,0.0,0.0,0.0,0.0,0.0,0,0,-0.0,0.0,0.9772087393835214,1.050457597052489,0.06973042783878075,0.0,0.0,0.0,0.0,0.0,-5e-05
853,9.36,0.014084507042253412,-1.0,0.0,0.5391848072424833,0.0,0.0,0.0,0.0,0.0,0.0,0.0,0,0,0.0,0.0,0.9772087393835214,1.050457597052489,0.06973042783878075,0.0,0.0,0.0,0.0,0.0,-5e-05
854,9.25,-0.011752136752136691,-1.0,0.0,0.5391848072424833,0.0,0.0,0.0,0.0,0.0,0.0,0.0,0,0,-0.0,0.0,0.9772087393835214,1.050457597052489,0.06973042783878075,0.0,0.007603004654416096,0.004099424599055046,0.004099424599055046,1.5748369813065054e-05,-0.00022237026569403662
855,9.22,-0.003243243243243174,-1.0,0.0,0.5391848072424833,0.0,0.0,0.0,0.0,0.0,0.0,0.0,0,0,-0.0,0.0,0.9772087393835214,1.050457597052489,0.06973042783878075,0.0,0.0,0.0,0.0,0.0,-5e-05
856,8.95,-0.029284164859002315,-1.0,0.0,0.5391848072424833,0.0,0.0,0.0,0.0,0.0,0.0,0.0,0,0,-0.0,0.0,0.9772087393835214,1.050457597052489,0.06973042783878075,0.0,0.0,0.0,0.0,0.0,-5e-05
857,8.74,-0.023463687150837888,-1.0,0.0,0.5391848072424833,0.0,0.0,0.0,0.0,0.0,0.0,0.0,0,0,-0.0,0.0,0.9772087393835214,1.050457597052489,0.06973042783878075,0.0,0.0,0.0,0.0,0.0,-5e-05
858,8.82,0.009153318077803212,-1.0,0.0,0.5391848072424833,0.0,0.0,0.0,0.0,0.0,0.0,0.0,0,0,0.0,0.0,0.9772087393835214,1.050457597052489,0.06973042783878075,0.0,0.0,0.0,0.0,0.0,-5e-05
859,9.12,0.03401360544217675,-1.0,0.0,0.5391848072424833,0.0,0.0,0.0,0.0,0.0,0.0,0.0,0,0,0.0,0.0,0.9772087393835214,1.050457597052489,0.06973042783878075,0.0,0.0,0.0,0.0,0.0,-5e-05
860,9.04,-0.008771929824561412,-1.0,0.0,0.5391848072424833,0.0,0.0,0.0,0.0,0.0,0.0,0.0,0,0,-0.0,0.0,0.9772087393835214,1.050457597052489,0.06973042783878075,0.0,0.0,0.0,0.0,0.0,-5e-05
861,9.17,0.014380530973451416,-1.0,0.0,0.5391848072424833,0.0,0.0,0.0,0.0,0.0,0.0,0.0,0,0,0.0,0.0,0.9772087393835214,1.050457597052489,0.06973042783878075,0.0,0.0,0.0,0.0,0.0,-5e-05
862,9.01,-0.01744820065430754,-1.0,0.0,0.5391848072424833,0.0,0.0,0.0,0.0,0.0,0.0,0.0,0,0,-0.0,0.0,0.9772087393835214,1.050457597052489,0.06973042783878075,0.0,0.06185125923776189,0.03334925928981751,0.03334925928981751,0.0003654100930936058,-0.0016895460333915008
863,8.89,-0.013318534961154187,-1.0,0.0,0.5391848072424833,0.0,0.0,0.0,0.0,0.0,0.0,0.0,0,0,-0.0,0.0,0.9772087393835214,1.050457597052489,0.06973042783878075,0.0,0.05767685844953283,0.031098485805463354,0.031098485805463354,0.00032904865186448044,-0.0015671919359248566
864,8.71,-0.02024746906636667,-1.0,0.0,0.5391848072424833,0.0,0.0,0.0,0.0,0.0,0.0,0.0,0,0,-0.0,0.0,0.9772087393835214,1.050457597052489,0.06973042783878075,0.0,0.0,0.0,0.0,0.0,-5e-05
865,8.65,-0.006888633754305452,-1.0,0.0,0.5391848072424833,0.0,0.0,0.0,0.0,0.0,0.0,0.0,0,0,-0.0,0.0,0.9772087393835214,1.050457597052489,0.06973042783878075,0.0,0.0,0.0,0.0,0.0,-5e-05
866,8.53,-0.013872832369942311,-1.0,0.0,0.5391848072424833,0.0,0.0,0.0,0.0,0.0,0.0,0.0,0,0,-0.0,0.0,0.9772087393835214,1.050457597052489,0.06973042783878075,0.0,0.0,0.0,0.0,0.0,-5e-05
867,8.51,-0.002344665885111322,-1.0,0.0,0.5391848072424833,0.0,0.0,0.0,0.0,0.0,0.0,0.0,0,0,-0.0,0.0,0.9772087393835214,1.050457597052489,0.06973042783878075,0.0,0.0,0.0,0.0,0.0,-5e-05
868,8.56,0.005875440658049437,-1.0,0.0,0.5391848072424833,0.0,0.0,0.0,0.0,0.0,0.0,0.0,0,0,0.0,0.0,0.9772087393835214,1.050457597052489,0.06973042783878075,0.0,0.0,0.0,0.0,0.0,-5e-05
869,8.69,0.015186915887850351,-1.0,0.0,0.5391848072424833,0.0,0.0,0.0,0.0,0.0,0.0,0.0,0,0,0.0,0.0,0.9772087393835214,1.050457597052489,0.06973042783878075,0.0,0.0,0.0,0.0,0.0,-5e-05
870,8.75,0.006904487917146203,-1.0,0.0,0.5391848072424833,0.0,0.0,0.0,0.0,0.0,0.0,0.0,0,0,0.0,0.0,0.9772087393835214,1.050457597052489,0.06973042783878075,0.0,0.0,0.0,0.0,0.0,-5e-05
871,8.81,0.006857142857142914,-1.0,0.0,0.5391848072424833,0.0,0.0,0.0,0.0,0.0,0.0,0.0,0,0,0.0,0.0,0.9772087393835214,1.050457597052489,0.06973042783878075,0.0,0.005330782671406697,0.00287427702713399,0.00287427702713399,9.245793426965808e-06,-0.00016905991645794376
872,8.73,-0.0090805902383655,-1.0,0.0,0.5391848072424833,0.0,0.0,0.0,0.0,0.0,0.0,0.0,0,0,-0.0,0.0,0.9772087393835214,1.050457597052489,0.06973042783878075,0.0,0.0819748939152028,0.04419961737439164,0.04419961737439164,0.0005575438312211842,-0.002296226645874362
873,8.66,-0.008018327605956504,-1.0,0.0,0.5391848072424833,0.0,0.0,0.0,0.0,0.0,0.0,0.0,0,0,-0.0,0.0,0.9772087393835214,1.050457597052489,0.06973042783878075,0.0,0.05236940073437646,0.028236785240369135,0.028236785240369135,0.0002846912547250106,-0.0014135009098531657
874,8.64,-0.002309468822170851,-1.0,0.0,0.5391848072424833,0.0,0.0,0.0,0.0,0.0,0.0,0.0,0,0,-0.0,0.0,0.9772087393835214,1.050457597052489,0.06973042783878075,0.0,0.004401593045747627,0.002373272097931289,0.002373272097931289,6.937013671536783e-06,-0.0001476098304139379
875,8.67,0.003472222222222148,-1.0,0.0,0.5391848072424833,0.0,0.0,0.0,0.0,0.0,0.0,0.0,0,0,0.0,0.0,0.9772087393835214,1.050457597052489,0.06973042783878075,0.0,0.0,0.0,0.0,0.0,-5e-05
876,8.65,-0.0023068050749711156,-1.0,0.0,0.5391848072424833,0.0,0.0,0.0,0.0,0.0,0.0,0.0,0,0,-0.0,0.0,0.9772087393835214,1.050457597052489,0.06973042783878075,0.0,0.0,0.0,0.0,0.0,-5e-05
877,8.69,0.0046242774566473,-1.0,0.0,0.5391848072424833,0.0,0.0,0.0,0.0,0.0,0.0,0.0,0,0,0.0,0.0,0.9772087393835214,1.050457597052489,0.06973042783878075,0.0,0.0,0.0,0.0,0.0,-5e-05
878,8.8,0.012658227848101406,-1.0,0.0,0.5391848072424833,0.0,0.0,0.0,0.0,0.0,0.0,0.0,0,0,0.0,0.0,0.9772087393835214,1.050457597052489,0.06973042783878075,0.0,0.0,0.0,0.0,0.0,-5e-05
879,8.67,-0.014772727272727361,-1.0,0.0,0.5391848072424833,0.0,0.0,0.0,0.0,0.0,0.0,0.0,0,0,-0.0,0.0,0.9772087393835214,1.050457597052489,0.06973042783878075,0.0,0.0545085698064823,0.029390192704171602,0.029390192704171602,0.0003023116619765875,-0.0014751881999901229
880,8.74,0.00807381776239911,-1.0,0.0,0.5391848072424833,0.0,0.0,0.0,0.0,0.0,0.0,0.0,0,0,0.0,0.0,0.9772087393835214,1.050457597052489,0.06973042783878075,0.0,0.0,0.0,0.0,0.0,-5e-05
881,8.6,-0.01601830663615567,-1.0,0.0,0.5391848072424833,0.0,0.0,0.0,0.0,0.0,0.0,0.0,0,0,-0.0,0.0,0.9772087393835214,1.050457597052489,0.06973042783878075,0.0,0.02652302599008681,0.014300812655952332,0.014300812655952332,0.00010261062345666301,-0.0006989849588524513
882,8.6,0.0,-1.0,0.0,0.5391848072424833,0.0,0.0,0.0,0.0,0.0,0.0,0.0,0,0,0.0,0.0,0.9772087393835214,1.050457597052489,0.06973042783878075,0.0,0.0,0.0,0.0,0.0,-5e-05
883,8.57,-0.0034883720930231816,-1.0,0.0,0.5391848072424833,0.0,0.0,0.0,0.0,0.0,0.0,0.0,0,0,-0.0,0.0,0.9772087393835214,1.050457597052489,0.06973042783878075,0.0,0.0,0.0,0.0,0.0,-5e-05
884,8.57,0.0,-1.0,0.0,0.5391848072424833,0.0,0.0,0.0,0.0,0.0,0.0,0.0,0,0,0.0,0.0,0.9772087393835214,1.050457597052489,0.06973042783878075,0.0,0.0,0.0,0.0,0.0,-5e-05
885,8.61,0.004667444574095583,-1.0,0.0,0.5391848072424833,0.0,0.0,0.0,0.0,0.0,0.0,0.0,0,0,0.0,0.0,0.9772087393835214,1.050457597052489,0.06973042783878075,0.0,0.0,0.0,0.0,0.0,-5e-05
886,8.6,-0.001161440185830405,-1.0,0.0,0.5391848072424833,0.0,0.0,0.0,0.0,0.0,0.0,0.0,0,0,-0.0,0.0,0.9772087393835214,1.050457597052489,0.06973042783878075,0.0,0.0,0.0,0.0,0.0,-5e-05
887,8.54,-0.00697674418604657,-1.0,0.0,0.5391848072424833,0.0,0.0,0.0,0.0,0.0,0.0,0.0,0,0,-0.0,0.0,0.9772087393835214,1.050457597052489,0.06973042783878075,0.0,0.0,0.0,0.0,0.0,-5e-05
888,8.22,-0.037470725995315986,-1.0,0.0,0.5391848072424833,0.0,0.0,0.0,0.0,0.0,0.0,0.0,0,0,-0.0,0.0,0.9772087393835214,1.050457597052489,0.06973042783878075,0.0,0.0,0.0,0.0,0.0,-5e-05
889,8.0,-0.026763990267639978,-1.0,0.0,0.5391848072424833,0.0,0.0,0.0,0.0,0.0,0.0,0.0,0,0,-0.0,0.0,0.9772087393835214,1.050457597052489,0.06973042783878075,0.0,0.0,0.0,0.0,0.0,-5e-05
890,7.8,-0.025000000000000022,-1.0,0.0,0.5391848072424833,0.0,0.0,0.0,0.0,0.0,0.0,0.0,0,0,-0.0,0.0,0.9772087393835214,1.050457597052489,0.06973042783878075,0.0,0.0,0.0,0.0,0.0,-5e-05
891,7.75,-0.0064102564102563875,-1.0,0.0,0.5391848072424833,0.0,0.0,0.0,0.0,0.0,0.0,0.0,0,0,-0.0,0.0,0.9772087393835214,1.050457597052489,0.06973042783878075,0.0,0.0,0.0,0.0,0.0,-5e-05
892,7.68,-0.009032258064516166,-1.0,0.0,0.5391848072424833,0.0,0.0,0.0,0.0,0.0,0.0,0.0,0,0,-0.0,0.0,0.9772087393835214,1.050457597052489,0.06973042783878075,0.0,0.0,0.0,0.0,0.0,-5e-05
893,7.58,-0.013020833333333287,-1.0,0.0,0.5391848072424833,0.0,0.0,0.0,0.0,0.0,0.0,0.0,0,0,-0.0,0.0,0.9772087393835214,1.050457597052489,0.06973042783878075,0.0,0.0,0.0,0.0,0.0,-5e-05
894,7.15,-0.056728232189973575,-1.0,0.0,0.5391848072424833,0.0,0.0,0.0,0.0,0.0,0.0,0.0,0,0,-0.0,0.0,0.9772087393835214,1.050457597052489,0.06973042783878075,0.0,0.0,0.0,0.0,0.0,-5e-05
895,7.29,0.019580419580419534,-1.0,0.0,0.5391848072424833,0.0,0.0,0.0,0.0,0.0,0.0,0.0,0,0,0.0,0.0,0.9772087393835214,1.050457597052489,0.06973042783878075,0.0,0.0,0.0,0.0,0.0,-5e-05
896,7.51,0.030178326474622735,-1.0,0.0,0.5391848072424833,0.0,0.0,0.0,0.0,0.0,0.0,0.0,0,0,0.0,0.0,0.9772087393835214,1.050457597052489,0.06973042783878075,0.0,0.0,0.0,0.0,0.0,-5e-05
897,7.6,0.011984021304926746,-1.0,0.0,0.5391848072424833,0.0,0.0,0.0,0.0,0.0,0.0,0.0,0,0,0.0,0.0,0.9772087393835214,1.050457597052489,0.06973042783878075,0.0,0.0,0.0,0.0,0.0,-5e-05
898,7.5,-0.01315789473684206,-1.0,0.0,0.5391848072424833,0.0,0.0,0.0,0.0,0.0,0.0,0.0,0,0,-0.0,0.0,0.9772087393835214,1.050457597052489,0.06973042783878075,0.0,0.0,0.0,0.0,0.0,-5e-05
899,7.59,0.011999999999999981,-1.0,0.0,0.5391848072424833,0.0,0.0,0.0,0.0,0.0,0.0,0.0,0,0,0.0,0.0,0.9772087393835214,1.050457597052489,0.06973042783878075,0.0,0.0,0.0,0.0,0.0,-5e-05
900,7.79,0.026350461133069852,-1.0,0.0,0.5391848072424833,0.0,0.0,0.0,0.0,0.0,0.0,0.0,0,0,0.0,0.0,0.9772087393835214,1.050457597052489,0.06973042783878075,0.0,0.09606014613379964,0.05179417137683753,0.05179417137683753,0.0007072493948962141,-0.0027360884052524863
901,7.79,0.0,-1.0,0.0,0.5391848072424833,0.0,0.0,0.0,0.0,0.0,0.0,0.0,0,0,0.0,0.0,0.9772087393835214,1.050457597052489,0.06973042783878075,0.0,0.15968528023061768,0.08609987704060752,0.08609987704060752,0.001515845878431261,-0.004855362651181985
902,7.62,-0.021822849807445435,-1.0,0.0,0.5391848072424833,0.0,0.0,0.0,0.0,0.0,0.0,0.0,0,0,-0.0,0.0,0.9772087393835214,1.050457597052489,0.06973042783878075,0.0,0.0822689811016653,0.04435818471733691,0.04435818471733691,0.0005605468262770393,-0.0023052878369713447
903,7.64,0.0026246719160104427,-1.0,0.0,0.5391848072424833,0.0,0.0,0.0,0.0,0.0,0.0,0.0,0,0,0.0,0.0,0.9772087393835214,1.050457597052489,0.06973042783878075,0.0,0.0,0.0,0.0,0.0,-5e-05
904,7.48,-0.020942408376963255,-1.0,0.0,0.5391848072424833,0.0,0.0,0.0,0.0,0.0,0.0,0.0,0,0,-0.0,0.0,0.9772087393835214,1.050457597052489,0.06973042783878075,0.0,0.017298264600562593,0.009326961464283814,0.009326961464283814,5.4045747016322276e-05,-0.0004603899977879117
905,7.6,0.016042780748662996,-1.0,0.0,0.5391848072424833,0.0,0.0,0.0,0.0,0.0,0.0,0.0,0,0,0.0,0.0,0.9772087393835214,1.050457597052489,0.06973042783878075,0.0,0.0,0.0,0.0,0.0,-5e-05
906,7.55,-0.00657894736842103,-1.0,0.0,0.5391848072424833,0.0,0.0,0.0,0.0,0.0,0.0,0.0,0,0,-0.0,0.0,0.9772087393835214,1.050457597052489,0.06973042783878075,0.0,0.0,0.0,0.0,0.0,-5e-05
907,7.58,0.003973509933774867,-1.0,0.0,0.5391848072424833,0.0,0.0,0.0,0.0,0.0,0.0,0.0,0,0,0.0,0.0,0.9772087393835214,1.050457597052489,0.06973042783878075,0.0,0.0,0.0,0.0,0.0,-5e-05
908,7.6,0.0026385224274405768,-1.0,0.0,0.5391848072424833,0.0,0.0,0.0,0.0,0.0,0.0,0.0,0,0,0.0,0.0,0.9772087393835214,1.050457597052489,0.06973042783878075,0.0,0.0,0.0,0.0,0.0,-5e-05
909,7.46,-0.018421052631578907,-1.0,0.0,0.5391848072424833,0.0,0.0,0.0,0.0,0.0,0.0,0.0,0,0,-0.0,0.0,0.9772087393835214,1.050457597052489,0.06973042783878075,0.0,0.0,0.0,0.0,0.0,-5e-05
910,7.55,0.012064343163538854,-1.0,0.0,0.5391848072424833,0.0,0.0,0.0,0.0,0.0,0.0,0.0,0,0,0.0,0.0,0.9772087393835214,1.050457597052489,0.06973042783878075,0.0,0.0,0.0,0.0,0.0,-5e-05
911,7.33,-0.029139072847682086,-1.0,0.0,0.5391848072424833,0.0,0.0,0.0,0.0,0.0,0.0,0.0,0,0,-0.0,0.0,0.9772087393835214,1.050457597052489,0.06973042783878075,0.0,0.0,0.0,0.0,0.0,-5e-05
912,7.44,0.015006821282401136,-1.0,0.0,0.5391848072424833,0.0,0.0,0.0,0.0,0.0,0.0,0.0,0,0,0.0,0.0,0.9772087393835214,1.050457597052489,0.06973042783878075,0.0,0.0,0.0,0.0,0.0,-5e-05
913,7.4,-0.00537634408602151,-1.0,0.0,0.5391848072424833,0.0,0.0,0.0,0.0,0.0,0.0,0.0,0,0,-0.0,0.0,0.9772087393835214,1.050457597052489,0.06973042783878075,0.0,0.0,0.0,0.0,0.0,-5e-05
914,7.5,0.013513513513513466,-1.0,0.0,0.5391848072424833,0.0,0.0,0.0,0.0,0.0,0.0,0.0,0,0,0.0,0.0,0.9772087393835214,1.050457597052489,0.06973042783878075,0.0,0.0,0.0,0.0,0.0,-5e-05
915,7.44,-0.007999999999999948,-1.0,0.0,0.5391848072424833,0.0,0.0,0.0,0.0,0.0,0.0,0.0,0,0,-0.0,0.0,0.9772087393835214,1.050457597052489,0.06973042783878075,0.0,0.00792555003409172,0.0042733361674224014,0.0042733361674224014,1.67610737925979e-05,-0.00023002740449488734
916,7.38,-0.008064516129032324,-1.0,0.0,0.5391848072424833,0.0,0.0,0.0,0.0,0.0,0.0,0.0,0,0,-0.0,0.0,0.9772087393835214,1.050457597052489,0.06973042783878075,0.0,0.0,0.0,0.0,0.0,-5e-05
917,7.29,-0.012195121951219494,-1.0,0.0,0.5391848072424833,0.0,0.0,0.0,0.0,0.0,0.0,0.0,0,0,-0.0,0.0,0.9772087393835214,1.050457597052489,0.06973042783878075,0.0,0.0,0.0,0.0,0.0,-5e-05
918,7.25,-0.005486968449931418,-1.0,0.0,0.5391848072424833,0.0,0.0,0.0,0.0,0.0,0.0,0.0,0,0,-0.0,0.0,0.9772087393835214,1.050457597052489,0.06973042783878075,0.0,0.0,0.0,0.0,0.0,-5e-05
919,7.18,-0.009655172413793142,-1.0,0.0,0.5391848072424833,0.0,0.0,0.0,0.0,0.0,0.0,0.0,0,0,-0.0,0.0,0.9772087393835214,1.050457597052489,0.06973042783878075,0.0,0.0,0.0,0.0,0.0,-5e-05
920,7.12,-0.008356545961002732,-1.0,0.0,0.5391848072424833,0.0,0.0,0.0,0.0,0.0,0.0,0.0,0,0,-0.0,0.0,0.9772087393835214,1.050457597052489,0.06973042783878075,0.0,0.0,0.0,0.0,0.0,-5e-05
921,6.51,-0.08567415730337083,-1.0,0.0,0.5391848072424833,0.0,0.0,0.0,0.0,0.0,0.0,0.0,0,0,-0.0,0.0,0.9772087393835214,1.050457597052489,0.06973042783878075,0.0,0.0,0.0,0.0,0.0,-5e-05
922,6.59,0.012288786482334882,-1.0,0.0,0.5391848072424833,0.0,0.0,0.0,0.0,0.0,0.0,0.0,0,0,0.0,0.0,0.9772087393835214,1.050457597052489,0.06973042783878075,0.0,0.0,0.0,0.0,0.0,-5e-05
923,6.77,0.027314112291350487,-1.0,0.0,0.5391848072424833,0.0,0.0,0.0,0.0,0.0,0.0,0.0,0,0,0.0,0.0,0.9772087393835214,1.050457597052489,0.06973042783878075,0.0,0.0,0.0,0.0,0.0,-5e-05
924,6.82,0.007385524372230534,-1.0,0.0,0.5391848072424833,0.0,0.0,0.0,0.0,0.0,0.0,0.0,0,0,0.0,0.0,0.9772087393835214,1.050457597052489,0.06973042783878075,0.0,0.0,0.0,0.0,0.0,-5e-05
925,6.92,0.014662756598240416,-1.0,0.0,0.5391848072424833,0.0,0.0,0.0,0.0,0.0,0.0,0.0,0,0,0.0,0.0,0.9772087393835214,1.050457597052489,0.06973042783878075,0.0,0.0,0.0,0.0,0.0,-5e-05
926,7.0,0.011560693641618507,-1.0,0.0,0.5391848072424833,0.0,0.0,0.0,0.0,0.0,0.0,0.0,0,0,0.0,0.0,0.9772087393835214,1.050457597052489,0.06973042783878075,0.0,0.0,0.0,0.0,0.0,-5e-05
927,6.59,-0.058571428571428594,-1.0,0.0,0.5391848072424833,0.0,0.0,0.0,0.0,0.0,0.0,0.0,0,0,-0.0,0.0,0.9772087393835214,1.050457597052489,0.06973042783878075,0.0,0.16873549598604648,0.09097961587820129,0.09097961587820129,0.001646521472219197,-0.005172472689531755
928,6.61,0.003034901365705685,-1.0,0.0,0.5391848072424833,0.0,0.0,0.0,0.0,0.0,0.0,0.0,0,0,0.0,0.0,0.9772087393835214,1.050457597052489,0.06973042783878075,0.0,0.0,0.0,0.0,0.0,-5e-05
929,6.74,0.019667170953101346,-1.0,0.0,0.5391848072424833,0.0,0.0,0.0,0.0,0.0,0.0,0.0,0,0,0.0,0.0,0.9772087393835214,1.050457597052489,0.06973042783878075,0.0,0.0,0.0,0.0,0.0,-5e-05
930,6.79,0.007418397626112733,-1.0,0.0,0.5391848072424833,0.0,0.0,0.0,0.0,0.0,0.0,0.0,0,0,0.0,0.0,0.9772087393835214,1.050457597052489,0.06973042783878075,0.0,0.0,0.0,0.0,0.0,-5e-05
931,6.78,-0.0014727540500736062,-1.0,0.0,0.5391848072424833,0.0,0.0,0.0,0.0,0.0,0.0,0.0,0,0,-0.0,0.0,0.9772087393835214,1.050457597052489,0.06973042783878075,0.0,0.0,0.0,0.0,0.0,-5e-05
932,6.78,0.0,-1.0,0.0,0.5391848072424833,0.0,0.0,0.0,0.0,0.0,0.0,0.0,0,0,0.0,0.0,0.9772087393835214,1.050457597052489,0.06973042783878075,0.0,0.0,0.0,0.0,0.0,-5e-05
933,6.7,-0.011799410029498535,-1.0,0.0,0.5391848072424833,0.0,0.0,0.0,0.0,0.0,0.0,0.0,0,0,-0.0,0.0,0.9772087393835214,1.050457597052489,0.06973042783878075,0.0,0.04421997447448743,0.023842738413294037,0.023842738413294037,0.00022089477913435706,-0.0011818262533087982
934,6.79,0.013432835820895501,-1.0,0.0,0.5391848072424833,0.0,0.0,0.0,0.0,0.0,0.0,0.0,0,0,0.0,0.0,0.9772087393835214,1.050457597052489,0.06973042783878075,0.0,0.0,0.0,0.0,0.0,-5e-05
935,6.82,0.0044182621502209495,-1.0,0.0,0.5391848072424833,0.0,0.0,0.0,0.0,0.0,0.0,0.0,0,0,0.0,0.0,0.9772087393835214,1.050457597052489,0.06973042783878075,0.0,0.0,0.0,0.0,0.0,-5e-05
936,6.75,-0.01026392961876837,-1.0,0.0,0.5391848072424833,0.0,0.0,0.0,0.0,0.0,0.0,0.0,0,0,-0.0,0.0,0.9772087393835214,1.050457597052489,0.06973042783878075,0.0,0.00201149026486077,0.001084564990729086,0.001084564990729086,2.1430614424733694e-06,-9.357976089860522e-05
937,6.86,0.016296296296296343,-1.0,0.0,0.5391848072424833,0.0,0.0,0.0,0.0,0.0,0.0,0.0,0,0,0.0,0.0,0.9772087393835214,1.050457597052489,0.06973042783878075,0.0,0.0,0.0,0.0,0.0,-5e-05
938,6.83,-0.004373177842565633,-1.0,0.0,0.5391848072424833,0.0,0.0,0.0,0.0,0.0,0.0,0.0,0,0,-0.0,0.0,0.9772087393835214,1.050457597052489,0.06973042783878075,0.0,0.04446776737436799,0.023976344580252194,0.023976344580252194,0.00022275410065816066,-0.0011887901085701413
939,6.5,-0.04831625183016106,-1.0,0.0,0.5391848072424833,0.0,0.0,0.0,0.0,0.0,0.0,0.0,0,0,-0.0,0.0,0.9772087393835214,1.050457597052489,0.06973042783878075,0.0,0.06511866252690844,0.03511099350245945,0.03511099350245945,0.0003947443549348286,-0.0017861888029891426
940,6.54,0.006153846153846159,-1.0,0.0,0.5391848072424833,0.0,0.0,0.0,0.0,0.0,0.0,0.0,0,0,0.0,0.0,0.9772087393835214,1.050457597052489,0.06973042783878075,0.0,0.0,0.0,0.0,0.0,-5e-05
941,6.62,0.012232415902140683,-1.0,0.0,0.5391848072424833,0.0,0.0,0.0,0.0,0.0,0.0,0.0,0,0,0.0,0.0,0.9772087393835214,1.050457597052489,0.06973042783878075,0.0,0.0,0.0,0.0,0.0,-5e-05
942,6.64,0.003021148036253712,-1.0,0.0,0.5391848072424833,0.0,0.0,0.0,0.0,0.0,0.0,0.0,0,0,0.0,0.0,0.9772087393835214,1.050457597052489,0.06973042783878075,0.0,0.0,0.0,0.0,0.0,-5e-05
943,6.57,-0.010542168674698704,-1.0,0.0,0.5391848072424833,0.0,0.0,0.0,0.0,0.0,0.0,0.0,0,0,-0.0,0.0,0.9772087393835214,1.050457597052489,0.06973042783878075,0.0,0.0,0.0,0.0,0.0,-5e-05
944,6.81,0.0365296803652967,-1.0,0.0,0.5391848072424833,0.0,0.0,0.0,0.0,0.0,0.0,0.0,0,0,0.0,0.0,0.9772087393835214,1.050457597052489,0.06973042783878075,0.0,0.0,0.0,0.0,0.0,-5e-05
945,6.77,-0.005873715124816452,-1.0,0.0,0.5391848072424833,0.0,0.0,0.0,0.0,0.0,0.0,0.0,0,0,-0.0,0.0,0.9772087393835214,1.050457597052489,0.06973042783878075,0.0,0.15666817184747706,0.08447309803861416,0.08447309803861416,0.001473088651002043,-0.0047504529910600704
946,6.8,0.004431314623338294,-1.0,0.0,0.5391848072424833,0.0,0.0,0.0,0.0,0.0,0.0,0.0,0,0,0.0,0.0,0.9772087393835214,1.050457597052489,0.06973042783878075,0.0,0.11411418562275719,0.06152863517863929,0.06152863517863929,0.0009157294322443223,-0.0033164816560731208
947,6.83,0.004411764705882389,-1.0,0.0,0.5391848072424833,0.0,0.0,0.0,0.0,0.0,0.0,0.0,0,0,0.0,0.0,0.9772087393835214,1.050457597052489,0.06973042783878075,0.0,0.09994611165995076,0.053889424950006266,0.053889424950006266,0.0007505965679994045,-0.0028594864681943904
948,6.83,0.0,-1.0,0.0,0.5391848072424833,0.0,0.0,0.0,0.0,0.0,0.0,0.0,0,0,0.0,0.0,0.9772087393835214,1.050457597052489,0.06973042783878075,0.0,0.10807372587223142,0.05827171105239608,0.05827171105239608,0.0008439911764757758,-0.0031203099294437433
949,6.82,-0.0014641288433381826,-1.0,0.0,0.5391848072424833,0.0,0.0,0.0,0.0,0.0,0.0,0.0,0,0,-0.0,0.0,0.9772087393835214,1.050457597052489,0.06973042783878075,0.0,0.13712157642620446,0.07393387075414849,0.07393387075414849,0.0012061919239570174,-0.004080896398336829
950,6.73,-0.0131964809384164,-1.0,0.0,0.5391848072424833,0.0,0.0,0.0,0.0,0.0,0.0,0.0,0,0,-0.0,0.0,0.9772087393835214,1.050457597052489,0.06973042783878075,0.0,0.021864509895203256,0.011789011553296536,0.011789011553296536,7.68010823155745e-05,-0.0005772099861567616
951,7.0,0.04011887072808314,-1.0,0.0,0.5391848072424833,0.0,0.0,0.0,0.0,0.0,0.0,0.0,0,0,0.0,0.0,0.9772087393835214,1.050457597052489,0.06973042783878075,0.0,0.0,0.0,0.0,0.0,-5e-05
952,6.79,-0.029999999999999995,-1.0,0.0,0.5391848072424833,0.0,0.0,0.0,0.0,0.0,0.0,0.0,0,0,-0.0,0.0,0.9772087393835214,1.050457597052489,0.06973042783878075,0.0,0.14277250085257887,0.07698076335172502,0.07698076335172502,0.0012815175861300141,-0.004272631103693139
953,6.78,-0.0014727540500736062,-1.0,0.0,0.5391848072424833,0.0,0.0,0.0,0.0,0.0,0.0,0.0,0,0,-0.0,0.0,0.9772087393835214,1.050457597052489,0.06973042783878075,0.0,0.0,0.0,0.0,0.0,-5e-05
954,7.04,0.03834808259587017,-1.0,0.0,0.5391848072424833,0.0,0.0,0.0,0.0,0.0,0.0,0.0,0,0,0.0,0.0,0.9772087393835214,1.050457597052489,0.06973042783878075,0.0,0.0,0.0,0.0,0.0,-5e-05
955,6.98,-0.008522727272727217,-1.0,0.0,0.5391848072424833,0.0,0.0,0.0,0.0,0.0,0.0,0.0,0,0,-0.0,0.0,0.9772087393835214,1.050457597052489,0.06973042783878075,0.0,0.15591775975018418,0.08406848723658288,0.08406848723658288,0.0014625175939269384,-0.004724423444780732
956,7.09,0.015759312320916822,-1.0,0.0,0.5391848072424833,0.0,0.0,0.0,0.0,0.0,0.0,0.0,0,0,0.0,0.0,0.9772087393835214,1.050457597052489,0.06973042783878075,0.0,0.15500822514657522,0.08357807999665562,0.08357807999665562,0.0014497390443444574,-0.004692908482363907
957,7.09,0.0,-1.0,0.0,0.5391848072424833,0.0,0.0,0.0,0.0,0.0,0.0,0.0,0,0,0.0,0.0,0.9772087393835214,1.050457597052489,0.06973042783878075,0.0,0.10404365988709828,0.05609876070102758,0.05609876070102758,0.0007972254442264472,-0.0029905248379006716
958,7.12,0.00423131170662909,-1.0,0.0,0.5391848072424833,0.0,0.0,0.0,0.0,0.0,0.0,0.0,0,0,0.0,0.0,0.9772087393835214,1.050457597052489,0.06973042783878075,0.0,0.19247294382467955,0.10377848711550317,0.10377848711550317,0.002005913740350568,-0.006020856383138967
959,6.95,-0.02387640449438201,-0.8998580574989319,0.0,0.5391848072424833,0.0,0.0,0.0,0.0,0.0,0.0,0.0,0,0,-0.0,0.0,0.9772087393835214,1.050457597052489,0.06973042783878075,0.0,0.2122274393398429,0.11442981097201901,0.11442981097201901,0.002322522987455773,-0.006744408237856536
960,7.07,0.017266187050359726,-1.0,0.0,0.5391848072424833,0.0,0.0,0.0,0.0,0.0,0.0,0.0,0,0,0.0,0.0,0.9772087393835214,1.050457597052489,0.06973042783878075,0.0,0.0,0.0,0.0,0.0,-5e-05
961,7.15,0.011315417256011324,-1.0,0.0,0.5391848072424833,0.0,0.0,0.0,0.0,0.0,0.0,0.0,0,0,0.0,0.0,0.9772087393835214,1.050457597052489,0.06973042783878075,0.0,0.08294315478100225,0.04472168892267816,0.04472168892267816,0.0005674512342592153,-0.0023260802227478617
962,7.17,0.0027972027972027374,-1.0,0.0,0.5391848072424833,0.0,0.0,0.0,0.0,0.0,0.0,0.0,0,0,0.0,0.0,0.9772087393835214,1.050457597052489,0.06973042783878075,0.0,0.08106030959267563,0.04370648740274283,0.04370648740274283,0.0005482392279726362,-0.002268081605581754
963,7.3,0.018131101813110166,-1.0,0.0,0.5391848072424833,0.0,0.0,0.0,0.0,0.0,0.0,0.0,0,0,0.0,0.0,0.9772087393835214,1.050457597052489,0.06973042783878075,0.0,0.08788942751411705,0.04738864403285141,0.04738864403285141,0.0006189601277765748,-0.002479482334567386
964,7.24,-0.008219178082191728,-1.0,0.0,0.5391848072424833,0.0,0.0,0.0,0.0,0.0,0.0,0.0,0,0,-0.0,0.0,0.9772087393835214,1.050457597052489,0.06973042783878075,0.0,0.14890737492352524,0.08028859424512515,0.08028859424512515,0.0013649980514302276,-0.004482489974854848
965,7.24,0.0,-1.0,0.0,0.5391848072424833,0.0,0.0,0.0,0.0,0.0,0.0,0.0,0,0,0.0,0.0,0.9772087393835214,1.050457597052489,0.06973042783878075,0.0,0.1788213780012266,0.09641777022842661,0.09641777022842661,0.0017963331143814323,-0.0055300535012067
966,7.18,-0.008287292817679627,-1.0,0.0,0.5391848072424833,0.0,0.0,0.0,0.0,0.0,0.0,0.0,0,0,-0.0,0.0,0.9772087393835214,1.050457597052489,0.06973042783878075,0.0,0.12266812114601987,0.06614078725491432,0.06614078725491432,0.0010205993566239572,-0.0035975626522319667
967,7.16,-0.0027855153203342024,-1.0,0.0,0.5391848072424833,0.0,0.0,0.0,0.0,0.0,0.0,0.0,0,0,-0.0,0.0,0.9772087393835214,1.050457597052489,0.06973042783878075,0.0,0.046719608061244686,0.025190502866946584,0.025190502866946584,0.00023988688564257027,-0.0012523108117042108
968,7.09,-0.009776536312849202,-1.0,0.0,0.5391848072424833,0.0,0.0,0.0,0.0,0.0,0.0,0.0,0,0,-0.0,0.0,0.9772087393835214,1.050457597052489,0.06973042783878075,0.0,0.022118704361070496,0.01192606934737727,0.01192606934737727,7.81442893269702e-05,-0.0005837895991650224
969,7.01,-0.011283497884344157,-1.0,0.0,0.5391848072424833,0.0,0.0,0.0,0.0,0.0,0.0,0.0,0,0,-0.0,0.0,0.9772087393835214,1.050457597052489,0.06973042783878075,0.0,0.0,0.0,0.0,0.0,-5e-05
970,6.99,-0.0028530670470755456,-1.0,0.0,0.5391848072424833,0.0,0.0,0.0,0.0,0.0,0.0,0.0,0,0,-0.0,0.0,0.9772087393835214,1.050457597052489,0.06973042783878075,0.0,0.0,0.0,0.0,0.0,-5e-05
971,7.14,0.021459227467811082,-1.0,0.0,0.5391848072424833,0.0,0.0,0.0,0.0,0.0,0.0,0.0,0,0,0.0,0.0,0.9772087393835214,1.050457597052489,0.06973042783878075,0.0,0.0,0.0,0.0,0.0,-5e-05
972,7.04,-0.014005602240896309,-1.0,0.0,0.5391848072424833,0.0,0.0,0.0,0.0,0.0,0.0,0.0,0,0,-0.0,0.0,0.9772087393835214,1.050457597052489,0.06973042783878075,0.0,0.0,0.0,0.0,0.0,-5e-05
973,7.03,-0.0014204545454545151,-1.0,0.0,0.5391848072424833,0.0,0.0,0.0,0.0,0.0,0.0,0.0,0,0,-0.0,0.0,0.9772087393835214,1.050457597052489,0.06973042783878075,0.0,0.0,0.0,0.0,0.0,-5e-05
974,7.04,0.0014224751066856027,-1.0,0.0,0.5391848072424833,0.0,0.0,0.0,0.0,0.0,0.0,0.0,0,0,0.0,0.0,0.9772087393835214,1.050457597052489,0.06973042783878075,0.0,0.0,0.0,0.0,0.0,-5e-05
975,6.95,-0.012784090909090889,-1.0,0.0,0.5391848072424833,0.0,0.0,0.0,0.0,0.0,0.0,0.0,0,0,-0.0,0.0,0.9772087393835214,1.050457597052489,0.06973042783878075,0.0,0.0,0.0,0.0,0.0,-5e-05
976,6.75,-0.028776978417266213,-1.0,0.0,0.5391848072424833,0.0,0.0,0.0,0.0,0.0,0.0,0.0,0,0,-0.0,0.0,0.9772087393835214,1.050457597052489,0.06973042783878075,0.0,0.0,0.0,0.0,0.0,-5e-05
977,7.07,0.04740740740740745,-1.0,0.0,0.5391848072424833,0.0,0.0,0.0,0.0,0.0,0.0,0.0,0,0,0.0,0.0,0.9772087393835214,1.050457597052489,0.06973042783878075,0.0,0.0,0.0,0.0,0.0,-5e-05
978,7.2,0.01838755304101837,-1.0,0.0,0.5391848072424833,0.0,0.0,0.0,0.0,0.0,0.0,0.0,0,0,0.0,0.0,0.9772087393835214,1.050457597052489,0.06973042783878075,0.0,0.00971126217856779,0.005236165025832293,0.005236165025832293,2.273375831842554e-05,-0.00027278575919692207
979,7.34,0.0194444444444444,-1.0,0.0,0.5391848072424833,0.0,0.0,0.0,0.0,0.0,0.0,0.0,0,0,0.0,0.0,0.9772087393835214,1.050457597052489,0.06973042783878075,0.0,0.09561846279997094,0.05155602243362489,0.05155602243362489,0.0007023771206904651,-0.0027221174543698664
980,7.47,0.017711171662125328,-1.0,0.0,0.5391848072424833,0.0,0.0,0.0,0.0,0.0,0.0,0.0,0,0,0.0,0.0,0.9772087393835214,1.050457597052489,0.06973042783878075,0.0,0.17392913575570812,0.09377994753629319,0.09377994753629319,0.001723122798354455,-0.005356062994922042
981,7.4,-0.009370816599732181,0.3559933304786682,0.035599333047866825,0.5391848072424833,0.035599333047866825,0.035599333047866825,0.0,0.035599333047866825,0.035599333047866825,0.0,0.0,0,0,-0.0,3.559933304786683e-05,0.9771739514041508,1.050457597052489,0.06976354481510443,3.3116976323674385e-05,0.2819825262986153,0.15204069408806736,0.11644136104020053,0.0023840324367152524,-0.007862129053060813
982,7.35,-0.0067567567567568525,-0.2028646469116211,0.015312868356704715,0.538977867366409,0.015312868356704715,0.015312868356704715,0.035599333047866825,0.035599333047866825,-0.0,0.035599333047866825,0.0,0,0,-0.0002405360341072117,0.0,0.9769389058572471,1.050457597052489,0.0699873002028166,0.00022375538771217396,0.3148222131568328,0.16968220504684275,0.13408287199897592,0.0029458539130293084,-0.009126011173441428
983,7.4,0.006802721088435471,-1.0,0.0,0.5375793933884013,0.0,0.0,0.035599333047866825,0.0,-0.035599333047866825,0.0,0.035599333047866825,0,0,0.00024217233365896143,3.559933304786683e-05,0.9771407150584437,1.050457597052489,0.06979518468881311,0.0,0.15859192704272196,0.08525575193592407,0.08525575193592407,0.0014936085261182497,-0.004728626888254761
984,7.34,-0.008108108108108174,-1.0,0.0,0.5387801010176942,0.0,0.0,0.0,0.0,0.0,0.0,0.0,0,0,-0.0,0.0,0.9771407150584437,1.050457597052489,0.06979518468881311,0.0,0.13386026451387126,0.07212124683703883,0.07212124683703883,0.0011621069265218087,-0.003969628375507557
985,7.51,0.023160762942779283,-1.0,0.0,0.5387801010176942,0.0,0.0,0.0,0.0,0.0,0.0,0.0,0,0,0.0,0.0,0.9771407150584437,1.050457597052489,0.06979518468881311,0.0,0.03774494131710758,0.020336223295738164,0.020336223295738164,0.00017400298683535207,-0.0010015487779677682
986,7.45,-0.007989347536617791,-1.0,0.0,0.5387801010176942,0.0,0.0,0.0,0.0,0.0,0.0,0.0,0,0,-0.0,0.0,0.9771407150584437,1.050457597052489,0.06979518468881311,0.0,0.08606835682153631,0.04637191798273429,0.04637191798273429,0.0005991476206549743,-0.0024221557711786223
987,7.46,0.0013422818791946022,-1.0,0.0,0.5387801010176942,0.0,0.0,0.0,0.0,0.0,0.0,0.0,0,0,0.0,0.0,0.9771407150584437,1.050457597052489,0.06979518468881311,0.0,0.07503737917860737,0.040428646733953105,0.040428646733953105,0.00048773627496811615,-0.002083506286047428
988,7.31,-0.02010723860589817,-1.0,0.0,0.5387801010176942,0.0,0.0,0.0,0.0,0.0,0.0,0.0,0,0,-0.0,0.0,0.9771407150584437,1.050457597052489,0.06979518468881311,0.0,0.09841345725006703,0.05302321243869165,0.05302321243869165,0.0007325719820325719,-0.002809889201383953
989,7.12,-0.02599179206566341,-1.0,0.0,0.5387801010176942,0.0,0.0,0.0,0.0,0.0,0.0,0.0,0,0,-0.0,0.0,0.9771407150584437,1.050457597052489,0.06979518468881311,0.0,0.0,0.0,0.0,0.0,-5e-05
990,7.29,0.02387640449438201,-1.0,0.0,0.5387801010176942,0.0,0.0,0.0,0.0,0.0,0.0,0.0,0,0,0.0,0.0,0.9771407150584437,1.050457597052489,0.06979518468881311,0.0,0.0,0.0,0.0,0.0,-5e-05
991,7.49,0.027434842249657088,-1.0,0.0,0.5387801010176942,0.0,0.0,0.0,0.0,0.0,0.0,0.0,0,0,0.0,0.0,0.9771407150584437,1.050457597052489,0.06979518468881311,0.0,0.0,0.0,0.0,0.0,-5e-05
992,7.52,0.004005340453938499,-1.0,0.0,0.5387801010176942,0.0,0.0,0.0,0.0,0.0,0.0,0.0,0,0,0.0,0.0,0.9771407150584437,1.050457597052489,0.06979518468881311,0.0,0.0654885650439241,0.03528393568986927,0.03528393568986927,0.00039766446377012234,-0.001796728903674959
993,7.59,0.00930851063829791,-1.0,0.0,0.5387801010176942,0.0,0.0,0.0,0.0,0.0,0.0,0.0,0,0,0.0,0.0,0.9771407150584437,1.050457597052489,0.06979518468881311,0.0,0.07455974939862428,0.04017130931284476,0.04017130931284476,0.0004830868668024665,-0.0020690177044141267
994,7.47,-0.01581027667984191,-1.0,0.0,0.5387801010176942,0.0,0.0,0.0,0.0,0.0,0.0,0.0,0,0,-0.0,0.0,0.9771407150584437,1.050457597052489,0.06979518468881311,0.0,0.1717118262183338,0.09251491507584665,0.09251491507584665,0.0016883748805049997,-0.0052756385006026765
995,7.71,0.03212851405622493,-1.0,0.0,0.5387801010176942,0.0,0.0,0.0,0.0,0.0,0.0,0.0,0,0,0.0,0.0,0.9771407150584437,1.050457597052489,0.06979518468881311,0.0,0.1732054605248015,0.09331965551836881,0.09331965551836881,0.001710452195494379,-0.00532848468230529
996,7.57,-0.0181582360570687,-0.15265503525733948,0.0,0.5387801010176942,0.0,0.0,0.0,0.0,0.0,0.0,0.0,0,0,-0.0,0.0,0.9771407150584437,1.050457597052489,0.06979518468881311,0.0,0.23670210155830837,0.1275303821886859,0.1275303821886859,0.0027325728070978525,-0.007658636099199005
997,7.46,-0.014531043593130821,-1.0,0.0,0.5387801010176942,0.0,0.0,0.0,0.0,0.0,0.0,0.0,0,0,-0.0,0.0,0.9771407150584437,1.050457597052489,0.06979518468881311,0.0,0.06578500151892339,0.035443649763814714,0.035443649763814714,0.00040036758188576006,-0.0018055386131755817
998,7.38,-0.010723860589812341,-1.0,0.0,0.5387801010176942,0.0,0.0,0.0,0.0,0.0,0.0,0.0,0,0,-0.0,0.0,0.9771407150584437,1.050457597052489,0.06979518468881311,0.0,0.0,0.0,0.0,0.0,-5e-05
999,7.55,0.023035230352303513,-1.0,0.0,0.5387801010176942,0.0,0.0,0.0,0.0,0.0,0.0,0.0,0,0,0.0,0.0,0.9771407150584437,1.050457597052489,0.06979518468881311,0.0,0.0,0.0,0.0,0.0,-5e-05
1000,7.51,-0.005298013245033118,-1.0,0.0,0.5387801010176942,0.0,0.0,0.0,0.0,0.0,0.0,0.0,0,0,-0.0,0.0,0.9771407150584437,1.050457597052489,0.06979518468881311,0.0,0.053838966167489496,0.029007363630408213,0.029007363630408213,0.0002964241882275622,-0.0014555068912778459
1001,7.42,-0.011984021304926746,-1.0,0.0,0.5387801010176942,0.0,0.0,0.0,0.0,0.0,0.0,0.0,0,0,-0.0,0.0,0.9771407150584437,1.050457597052489,0.06979518468881311,0.0,0.0,0.0,0.0,0.0,-5e-05
1002,7.42,0.0,-1.0,0.0,0.5387801010176942,0.0,0.0,0.0,0.0,0.0,0.0,0.0,0,0,0.0,0.0,0.9771407150584437,1.050457597052489,0.06979518468881311,0.0,0.0,0.0,0.0,0.0,-5e-05
1003,7.34,-0.010781671159029659,-1.0,0.0,0.5387801010176942,0.0,0.0,0.0,0.0,0.0,0.0,0.0,0,0,-0.0,0.0,0.9771407150584437,1.050457597052489,0.06979518468881311,0.0,0.0,0.0,0.0,0.0,-5e-05
1004,7.27,-0.009536784741144453,-1.0,0.0,0.5387801010176942,0.0,0.0,0.0,0.0,0.0,0.0,0.0,0,0,-0.0,0.0,0.9771407150584437,1.050457597052489,0.06979518468881311,0.0,0.0,0.0,0.0,0.0,-5e-05
1005,7.21,-0.008253094910591419,-1.0,0.0,0.5387801010176942,0.0,0.0,0.0,0.0,0.0,0.0,0.0,0,0,-0.0,0.0,0.9771407150584437,1.050457597052489,0.06979518468881311,0.0,0.0,0.0,0.0,0.0,-5e-05
1006,7.26,0.006934812760055454,-1.0,0.0,0.5387801010176942,0.0,0.0,0.0,0.0,0.0,0.0,0.0,0,0,0.0,0.0,0.9771407150584437,1.050457597052489,0.06979518468881311,0.0,0.0,0.0,0.0,0.0,-5e-05
1007,7.14,-0.016528925619834725,-1.0,0.0,0.5387801010176942,0.0,0.0,0.0,0.0,0.0,0.0,0.0,0,0,-0.0,0.0,0.9771407150584437,1.050457597052489,0.06979518468881311,0.0,0.0,0.0,0.0,0.0,-5e-05
1008,7.1,-0.005602240896358549,-1.0,0.0,0.5387801010176942,0.0,0.0,0.0,0.0,0.0,0.0,0.0,0,0,-0.0,0.0,0.9771407150584437,1.050457597052489,0.06979518468881311,0.0,0.0,0.0,0.0,0.0,-5e-05
1009,7.19,0.012676056338028275,-1.0,0.0,0.5387801010176942,0.0,0.0,0.0,0.0,0.0,0.0,0.0,0,0,0.0,0.0,0.9771407150584437,1.050457597052489,0.06979518468881311,0.0,0.0,0.0,0.0,0.0,-5e-05
1010,7.12,-0.009735744089012557,-1.0,0.0,0.5387801010176942,0.0,0.0,0.0,0.0,0.0,0.0,0.0,0,0,-0.0,0.0,0.9771407150584437,1.050457597052489,0.06979518468881311,0.0,0.0,0.0,0.0,0.0,-5e-05
1011,7.21,0.012640449438202228,-1.0,0.0,0.5387801010176942,0.0,0.0,0.0,0.0,0.0,0.0,0.0,0,0,0.0,0.0,0.9771407150584437,1.050457597052489,0.06979518468881311,0.0,0.0,0.0,0.0,0.0,-5e-05
1012,7.23,0.0027739251040222557,-1.0,0.0,0.5387801010176942,0.0,0.0,0.0,0.0,0.0,0.0,0.0,0,0,0.0,0.0,0.9771407150584437,1.050457597052489,0.06979518468881311,0.0,0.0,0.0,0.0,0.0,-5e-05
1013,7.34,0.015214384508990238,-1.0,0.0,0.5387801010176942,0.0,0.0,0.0,0.0,0.0,0.0,0.0,0,0,0.0,0.0,0.9771407150584437,1.050457597052489,0.06979518468881311,0.0,0.011772701309271771,0.006342897200660586,0.006342897200660586,3.030977829331163e-05,-0.0003228274252643101
1014,7.29,-0.006811989100817414,-1.0,0.0,0.5387801010176942,0.0,0.0,0.0,0.0,0.0,0.0,0.0,0,0,-0.0,0.0,0.9771407150584437,1.050457597052489,0.06979518468881311,0.0,0.09901938926287199,0.053349676549760555,0.053349676549760555,0.0007393480579589759,-0.002829147476774139
1015,7.34,0.0068587105624142415,-1.0,0.0,0.5387801010176942,0.0,0.0,0.0,0.0,0.0,0.0,0.0,0,0,0.0,0.0,0.9771407150584437,1.050457597052489,0.06979518468881311,0.0,0.03222347045574796,0.01736136466728857,0.01736136466728857,0.00013725464137328107,-0.000851058132761689
1016,7.37,0.0040871934604904975,-1.0,0.0,0.5387801010176942,0.0,0.0,0.0,0.0,0.0,0.0,0.0,0,0,0.0,0.0,0.9771407150584437,1.050457597052489,0.06979518468881311,0.0,0.09626111531011888,0.051863573430861766,0.051863573430861766,0.0007086713985278837,-0.0027416503739163328
1017,7.39,0.002713704206241462,-1.0,0.0,0.5387801010176942,0.0,0.0,0.0,0.0,0.0,0.0,0.0,0,0,0.0,0.0,0.9771407150584437,1.050457597052489,0.06979518468881311,0.0,0.07901002491446253,0.04256902920482466,0.04256902920482466,0.000526977253348316,-0.002204583766586244
1018,7.28,-0.01488497970230033,-1.0,0.0,0.5387801010176942,0.0,0.0,0.0,0.0,0.0,0.0,0.0,0,0,-0.0,0.0,0.9771407150584437,1.050457597052489,0.06979518468881311,0.0,0.08365682456251643,0.04507263238861212,0.04507263238861212,0.0005741437412301914,-0.00234747432721803
1019,7.28,0.0,-1.0,0.0,0.5387801010176942,0.0,0.0,0.0,0.0,0.0,0.0,0.0,0,0,0.0,0.0,0.9771407150584437,1.050457597052489,0.06979518468881311,0.0,0.0,0.0,0.0,0.0,-5e-05
1020,7.02,-0.0357142857142858,-1.0,0.0,0.5387801010176942,0.0,0.0,0.0,0.0,0.0,0.0,0.0,0,0,-0.0,0.0,0.9771407150584437,1.050457597052489,0.06979518468881311,0.0,0.0,0.0,0.0,0.0,-5e-05
1021,6.79,-0.0327635327635327,-1.0,0.0,0.5387801010176942,0.0,0.0,0.0,0.0,0.0,0.0,0.0,0,0,-0.0,0.0,0.9771407150584437,1.050457597052489,0.06979518468881311,0.0,0.0,0.0,0.0,0.0,-5e-05
1022,6.64,-0.02209131075110462,-1.0,0.0,0.5387801010176942,0.0,0.0,0.0,0.0,0.0,0.0,0.0,0,0,-0.0,0.0,0.9771407150584437,1.050457597052489,0.06979518468881311,0.0,0.0,0.0,0.0,0.0,-5e-05
1023,6.65,0.001506024096385644,-1.0,0.0,0.5387801010176942,0.0,0.0,0.0,0.0,0.0,0.0,0.0,0,0,0.0,0.0,0.9771407150584437,1.050457597052489,0.06979518468881311,0.0,0.0,0.0,0.0,0.0,-5e-05
1024,6.58,-0.010526315789473726,-1.0,0.0,0.5387801010176942,0.0,0.0,0.0,0.0,0.0,0.0,0.0,0,0,-0.0,0.0,0.9771407150584437,1.050457597052489,0.06979518468881311,0.0,0.0,0.0,0.0,0.0,-5e-05
1025,6.59,0.0015197568389057428,-1.0,0.0,0.5387801010176942,0.0,0.0,0.0,0.0,0.0,0.0,0.0,0,0,0.0,0.0,0.9771407150584437,1.050457597052489,0.06979518468881311,0.0,0.0,0.0,0.0,0.0,-5e-05
1026,6.45,-0.021244309559939254,-1.0,0.0,0.5387801010176942,0.0,0.0,0.0,0.0,0.0,0.0,0.0,0,0,-0.0,0.0,0.9771407150584437,1.050457597052489,0.06979518468881311,0.0,0.0,0.0,0.0,0.0,-5e-05
1027,6.55,0.015503875968992192,-1.0,0.0,0.5387801010176942,0.0,0.0,0.0,0.0,0.0,0.0,0.0,0,0,0.0,0.0,0.9771407150584437,1.050457597052489,0.06979518468881311,0.0,0.0,0.0,0.0,0.0,-5e-05
1028,6.46,-0.013740458015267154,-1.0,0.0,0.5387801010176942,0.0,0.0,0.0,0.0,0.0,0.0,0.0,0,0,-0.0,0.0,0.9771407150584437,1.050457597052489,0.06979518468881311,0.0,0.0,0.0,0.0,0.0,-5e-05
1029,6.28,-0.02786377708978324,-1.0,0.0,0.5387801010176942,0.0,0.0,0.0,0.0,0.0,0.0,0.0,0,0,-0.0,0.0,0.9771407150584437,1.050457597052489,0.06979518468881311,0.0,0.0,0.0,0.0,0.0,-5e-05
1030,6.42,0.022292993630573195,-1.0,0.0,0.5387801010176942,0.0,0.0,0.0,0.0,0.0,0.0,0.0,0,0,0.0,0.0,0.9771407150584437,1.050457597052489,0.06979518468881311,0.0,0.0,0.0,0.0,0.0,-5e-05
1031,6.06,-0.056074766355140235,-1.0,0.0,0.5387801010176942,0.0,0.0,0.0,0.0,0.0,0.0,0.0,0,0,-0.0,0.0,0.9771407150584437,1.050457597052489,0.06979518468881311,0.0,0.0,0.0,0.0,0.0,-5e-05
1032,6.08,0.0033003300330033767,-1.0,0.0,0.5387801010176942,0.0,0.0,0.0,0.0,0.0,0.0,0.0,0,0,0.0,0.0,0.9771407150584437,1.050457597052489,0.06979518468881311,0.0,0.0,0.0,0.0,0.0,-5e-05
1033,6.21,0.021381578947368404,-1.0,0.0,0.5387801010176942,0.0,0.0,0.0,0.0,0.0,0.0,0.0,0,0,0.0,0.0,0.9771407150584437,1.050457597052489,0.06979518468881311,0.0,0.0,0.0,0.0,0.0,-5e-05
1034,6.25,0.006441223832528186,-1.0,0.0,0.5387801010176942,0.0,0.0,0.0,0.0,0.0,0.0,0.0,0,0,0.0,0.0,0.9771407150584437,1.050457597052489,0.06979518468881311,0.0,0.0,0.0,0.0,0.0,-5e-05
1035,6.34,0.014399999999999977,-1.0,0.0,0.5387801010176942,0.0,0.0,0.0,0.0,0.0,0.0,0.0,0,0,0.0,0.0,0.9771407150584437,1.050457597052489,0.06979518468881311,0.0,0.0,0.0,0.0,0.0,-5e-05
1036,6.42,0.012618296529968466,-1.0,0.0,0.5387801010176942,0.0,0.0,0.0,0.0,0.0,0.0,0.0,0,0,0.0,0.0,0.9771407150584437,1.050457597052489,0.06979518468881311,0.0,0.0,0.0,0.0,0.0,-5e-05
1037,6.4,-0.0031152647975077217,-1.0,0.0,0.5387801010176942,0.0,0.0,0.0,0.0,0.0,0.0,0.0,0,0,-0.0,0.0,0.9771407150584437,1.050457597052489,0.06979518468881311,0.0,0.13307901280834122,0.07170032396421311,0.07170032396421311,0.0011519481385447062,-0.003943375802396535
1038,6.3,-0.015625000000000083,-1.0,0.0,0.5387801010176942,0.0,0.0,0.0,0.0,0.0,0.0,0.0,0,0,-0.0,0.0,0.9771407150584437,1.050457597052489,0.06979518468881311,0.0,0.12134044316752571,0.06537581622733128,0.06537581622733128,0.001002944581968816,-0.0035525577112198456
1039,6.4,0.01587301587301596,-1.0,0.0,0.5387801010176942,0.0,0.0,0.0,0.0,0.0,0.0,0.0,0,0,0.0,0.0,0.9771407150584437,1.050457597052489,0.06979518468881311,0.0,0.0,0.0,0.0,0.0,-5e-05
1040,6.37,-0.004687500000000039,-1.0,0.0,0.5387801010176942,0.0,0.0,0.0,0.0,0.0,0.0,0.0,0,0,-0.0,0.0,0.9771407150584437,1.050457597052489,0.06979518468881311,0.0,0.06115024208367861,0.03294653360710082,0.03294653360710082,0.00035881107749664794,-0.0016685060644204275
1041,6.19,-0.028257456828885356,-1.0,0.0,0.5387801010176942,0.0,0.0,0.0,0.0,0.0,0.0,0.0,0,0,-0.0,0.0,0.9771407150584437,1.050457597052489,0.06979518468881311,0.0,0.004367708114841532,0.0023532342193301236,0.0023532342193301236,6.849344066735852e-06,-0.00014682413123247138
1042,6.28,0.014539579967689798,-1.0,0.0,0.5387801010176942,0.0,0.0,0.0,0.0,0.0,0.0,0.0,0,0,0.0,0.0,0.9771407150584437,1.050457597052489,0.06979518468881311,0.0,0.0,0.0,0.0,0.0,-5e-05
1043,6.2,-0.012738853503184724,-1.0,0.0,0.5387801010176942,0.0,0.0,0.0,0.0,0.0,0.0,0.0,0,0,-0.0,0.0,0.9771407150584437,1.050457597052489,0.06979518468881311,0.0,0.0,0.0,0.0,0.0,-5e-05
1044,6.29,0.014516129032258041,-1.0,0.0,0.5387801010176942,0.0,0.0,0.0,0.0,0.0,0.0,0.0,0,0,0.0,0.0,0.9771407150584437,1.050457597052489,0.06979518468881311,0.0,0.0,0.0,0.0,0.0,-5e-05
1045,6.18,-0.017488076311605774,-1.0,0.0,0.5387801010176942,0.0,0.0,0.0,0.0,0.0,0.0,0.0,0,0,-0.0,0.0,0.9771407150584437,1.050457597052489,0.06979518468881311,0.0,0.0,0.0,0.0,0.0,-5e-05
1046,6.1,-0.01294498381877024,-1.0,0.0,0.5387801010176942,0.0,0.0,0.0,0.0,0.0,0.0,0.0,0,0,-0.0,0.0,0.9771407150584437,1.050457597052489,0.06979518468881311,0.0,0.0,0.0,0.0,0.0,-5e-05
1047,6.46,0.05901639344262301,-1.0,0.0,0.5387801010176942,0.0,0.0,0.0,0.0,0.0,0.0,0.0,0,0,0.0,0.0,0.9771407150584437,1.050457597052489,0.06979518468881311,0.0,0.0,0.0,0.0,0.0,-5e-05
1048,6.56,0.015479876160990657,-1.0,0.0,0.5387801010176942,0.0,0.0,0.0,0.0,0.0,0.0,0.0,0,0,0.0,0.0,0.9771407150584437,1.050457597052489,0.06979518468881311,0.0,0.12694052078890813,0.06839302661388665,0.06839302661388665,0.00107317114010009,-0.0037381458683515972
1049,6.53,-0.00457317073170722,-0.9347361922264099,0.0,0.5387801010176942,0.0,0.0,0.0,0.0,0.0,0.0,0.0,0,0,-0.0,0.0,0.9771407150584437,1.050457597052489,0.06979518468881311,0.0,0.23162884943693893,0.12479701489824625,0.12479701489824625,0.0026451941059125925,-0.0074667484043135345
1050,6.59,0.009188361408882023,-1.0,0.0,0.5387801010176942,0.0,0.0,0.0,0.0,0.0,0.0,0.0,0,0,0.0,0.0,0.9771407150584437,1.050457597052489,0.06979518468881311,0.0,0.1665650560181802,0.08974193770749303,0.08974193770749303,0.0016130373152028312,-0.005094277469177344
1051,6.59,0.0,-0.35711345076560974,0.0,0.5387801010176942,0.0,0.0,0.0,0.0,0.0,0.0,0.0,0,0,0.0,0.0,0.9771407150584437,1.050457597052489,0.06979518468881311,0.0,0.25519178750347227,0.13749225705000676,0.13749225705000676,0.0030589234749217238,-0.008365874297493253
1052,6.62,0.004552352048558459,0.6514127850532532,0.06514127850532532,0.5387801010176942,0.06514127850532532,0.06514127850532532,0.0,0.06514127850532532,0.06514127850532532,0.0,0.0,0,0,0.0,6.514127850532532e-05,0.9770770628629851,1.050457597052489,0.06985577941975434,6.0594730941221364e-05,0.2835104958948279,0.15274981361779197,0.08760853511246665,0.00155586129963199,-0.006928621150230465
1053,6.54,-0.012084592145015116,-1.0,0.0,0.5384013786927364,0.0,0.0,0.06514127850532532,0.06514127850532532,-0.0,0.06514127850532532,0.0,0,0,-0.0007872057825416964,0.0,0.9763079021491106,1.050457597052489,0.07058799432879281,0.0007322149090384783,0.13380941170442606,0.07204317174372697,0.006901893238401652,3.440357754068002e-05,-0.0031997633741327348
1054,6.52,-0.003058103975535239,-1.0,0.0,0.5338250458257052,0.0,0.0,0.06514127850532532,0.0,-0.06514127850532532,0.0,0.06514127850532532,0,0,-0.00019920880276858358,6.514127850532532e-05,0.9760498150758291,1.050457597052489,0.07083368446802892,0.0002456901392361016,0.02828160204603048,0.01509742750824658,0.01509742750824658,0.00011130269492529259,-0.0012362482531160682
1055,6.74,0.03374233128834366,-1.0,0.0,0.5322894811647176,0.0,0.0,0.0,0.0,0.0,0.0,0.0,0,0,0.0,0.0,0.9760498150758291,1.050457597052489,0.07083368446802892,0.0,0.024930521371079335,0.013270254285777725,0.013270254285777725,9.17212823155202e-05,-0.0006552900225597544
1056,6.85,0.016320474777447986,-1.0,0.0,0.5322894811647176,0.0,0.0,0.0,0.0,0.0,0.0,0.0,0,0,0.0,0.0,0.9760498150758291,1.050457597052489,0.07083368446802892,0.0,0.14351795286843783,0.07639309667016317,0.07639309667016317,0.0012668710816619662,-0.004273340910751785
1057,6.95,0.01459854014598548,-0.37287673354148865,0.0,0.5322894811647176,0.0,0.0,0.0,0.0,0.0,0.0,0.0,0,0,0.0,0.0,0.9760498150758291,1.050457597052489,0.07083368446802892,0.0,0.21162658745717017,0.11264660643823685,0.11264660643823685,0.002268445865214635,-0.006677953566832341
1058,6.89,-0.008633093525179927,0.7651928067207336,0.07651928067207336,0.5322894811647176,0.07651928067207336,0.07651928067207336,0.0,0.07651928067207336,0.07651928067207336,0.0,0.0,0,0,-0.0,7.651928067207337e-05,0.9759751284460794,1.050457597052489,0.07090478360611818,7.109913808926727e-05,0.2563827573360681,0.13646984488199537,0.05995056420992201,0.0008807266997725836,-0.0057217734362614145
1059,6.91,0.002902757619738819,-1.0,0.0,0.531845100598251,0.0,0.0,0.07651928067207336,0.07651928067207336,-0.0,0.07651928067207336,0.0,0,0,0.0002221169250277943,0.0,0.9761919090405135,1.050457597052489,0.0706984158335947,0.0,0.2460687709779399,0.1308704702548504,0.05435118958277704,0.0007602647089548596,-0.004852254594738568
1060,6.85,-0.008683068017366208,-1.0,0.0,0.5331348892318037,0.0,0.0,0.07651928067207336,0.0,-0.07651928067207336,0.0,0.07651928067207336,0,0,-0.0006644221187155485,7.651928067207337e-05,0.975468608041358,1.050457597052489,0.07138697384982014,0.0006885580162254434,0.26136590849415586,0.13934328467400153,0.13934328467400153,0.00312090332564344,-0.009563799922362929
1061,6.9,0.007299270072992805,-1.0,0.0,0.5288314338791281,0.0,0.0,0.0,0.0,0.0,0.0,0.0,0,0,0.0,0.0,0.975468608041358,1.050457597052489,0.07138697384982014,0.0,0.11896024557178676,0.0629099172403412,0.0629099172403412,0.0009467382443101305,-0.003447319303088938
1062,7.0,0.014492753623188354,-1.0,0.0,0.5288314338791281,0.0,0.0,0.0,0.0,0.0,0.0,0.0,0,0,0.0,0.0,0.975468608041358,1.050457597052489,0.07138697384982014,0.0,0.09490413429176998,0.050188289418574054,0.050188289418574054,0.0006746132098482386,-0.0026796383762587002
1063,6.95,-0.0071428571428571175,-1.0,0.0,0.5288314338791281,0.0,0.0,0.0,0.0,0.0,0.0,0.0,0,0,-0.0,0.0,0.975468608041358,1.050457597052489,0.07138697384982014,0.0,0.10834366337006274,0.057295534851707845,0.057295534851707845,0.00082287225100199,-0.0031047517164252826
1064,6.86,-0.012949640287769763,-1.0,0.0,0.5288314338791281,0.0,0.0,0.0,0.0,0.0,0.0,0.0,0,0,-0.0,0.0,0.975468608041358,1.050457597052489,0.07138697384982014,0.0,0.09312864022742808,0.04924935234668424,0.04924935234668424,0.0006557707415692418,-0.0026242207302542603
1065,6.95,0.013119533527696771,-1.0,0.0,0.5288314338791281,0.0,0.0,0.0,0.0,0.0,0.0,0.0,0,0,0.0,0.0,0.975468608041358,1.050457597052489,0.07138697384982014,0.0,0.018751862429191725,0.009916574296333611,0.009916574296333611,5.925073681701343e-05,-0.0004955391028583629
1066,6.66,-0.041726618705035974,-1.0,0.0,0.5288314338791281,0.0,0.0,0.0,0.0,0.0,0.0,0.0,0,0,-0.0,0.0,0.975468608041358,1.050457597052489,0.07138697384982014,0.0,0.09530055102023582,0.05039792704550232,0.05039792704550232,0.0006788444327451921,-0.0026920357837620502
1067,7.01,0.0525525525525525,-1.0,0.0,0.5288314338791281,0.0,0.0,0.0,0.0,0.0,0.0,0.0,0,0,0.0,0.0,0.975468608041358,1.050457597052489,0.07138697384982014,0.0,0.0,0.0,0.0,0.0,-5e-05
1068,7.05,0.005706134094151218,-1.0,0.0,0.5288314338791281,0.0,0.0,0.0,0.0,0.0,0.0,0.0,0,0,0.0,0.0,0.975468608041358,1.050457597052489,0.07138697384982014,0.0,0.0564681242088251,0.029862119093817682,0.029862119093817682,0.00030962226626338104,-0.001522865624965178
1069,7.09,0.0056737588652482325,-1.0,0.0,0.5288314338791281,0.0,0.0,0.0,0.0,0.0,0.0,0.0,0,0,0.0,0.0,0.975468608041358,1.050457597052489,0.07138697384982014,0.0,0.09843503836064335,0.052055542480206,0.052055542480206,0.0007126096766760382,-0.002790371466905291
1070,7.04,-0.007052186177715067,-1.0,0.0,0.5288314338791281,0.0,0.0,0.0,0.0,0.0,0.0,0.0,0,0,-0.0,0.0,0.975468608041358,1.050457597052489,0.07138697384982014,0.0,0.15700245033430296,0.08302783093282604,0.08302783093282604,0.0014354457667196284,-0.0047196962436062695
1071,7.18,0.01988636363636359,-1.0,0.0,0.5288314338791281,0.0,0.0,0.0,0.0,0.0,0.0,0.0,0,0,0.0,0.0,0.975468608041358,1.050457597052489,0.07138697384982014,0.0,0.08061631257932503,0.042632440175372446,0.042632440175372446,0.0005281551723950978,-0.0022388512115291935
1072,7.34,0.022284122562674116,0.5624398589134216,0.05624398589134216,0.5288314338791281,0.05624398589134216,0.05624398589134216,0.0,0.05624398589134216,0.05624398589134216,0.0,0.0,0,0,0.0,5.624398589134217e-05,0.9754137437987299,1.050457597052489,0.07143920274776146,5.222889794131991e-05,0.28396437509726113,0.1501692876532752,0.09392530176193303,0.0017271304814398941,-0.0071485289107322955
1073,7.32,-0.0027247956403269173,-1.0,0.0,0.5285050053167335,0.0,0.0,0.05624398589134216,0.05624398589134216,-0.0,0.05624398589134216,0.0,0,0,-0.00015325336755133776,0.0,0.9752642583577369,1.050457597052489,0.07158150781691652,0.0001423050691550659,0.22897001462731825,0.12101179879798338,0.06476781290664121,0.0009889858964017167,-0.005303445608366803
1074,7.32,0.0,-1.0,0.0,0.5276155922579979,0.0,0.0,0.05624398589134216,0.0,-0.05624398589134216,0.0,0.05624398589134216,0,0,0.0,5.624398589134217e-05,0.9752094056085495,1.050457597052489,0.0716337257734921,5.221795657557593e-05,0.19143250265528639,0.10100277326589968,0.10100277326589968,0.0019259774508836299,-0.00617258494209357
1075,7.36,0.005464480874316944,-0.8879335522651672,0.0,0.5272892102617321,0.0,0.0,0.0,0.0,0.0,0.0,0.0,0,0,0.0,0.0,0.9752094056085495,1.050457597052489,0.0716337257734921,0.0,0.16579457150129942,0.08742168867260246,0.08742168867260246,0.001550886577333871,-0.005016254750260639
1076,7.36,0.0,-0.5591481328010559,0.0,0.5272892102617321,0.0,0.0,0.0,0.0,0.0,0.0,0.0,0,0,0.0,0.0,0.9752094056085495,1.050457597052489,0.0716337257734921,0.0,0.20434580338091352,0.10774933728502108,0.10774933728502108,0.0021221357513853765,-0.006381659301032195
1077,7.35,-0.0013586956521740047,-1.0,0.0,0.5272892102617321,0.0,0.0,0.0,0.0,0.0,0.0,0.0,0,0,-0.0,0.0,0.9752094056085495,1.050457597052489,0.0716337257734921,0.0,0.140333441867247,0.07399630973549137,0.07399630973549137,0.0012077202348590977,-0.004148589137324386
1078,7.32,-0.004081632653061137,-1.0,0.0,0.5272892102617321,0.0,0.0,0.0,0.0,0.0,0.0,0.0,0,0,-0.0,0.0,0.9752094056085495,1.050457597052489,0.0716337257734921,0.0,0.06332383089257075,0.03338997278209111,0.03338997278209111,0.00036607944801958747,-0.001720550364406545
1079,7.36,0.005464480874316944,-1.0,0.0,0.5272892102617321,0.0,0.0,0.0,0.0,0.0,0.0,0.0,0,0,0.0,0.0,0.9752094056085495,1.050457597052489,0.0716337257734921,0.0,0.04829068664584968,0.025463158024486853,0.025463158024486853,0.00024379211120858864,-0.001288580256113092
1080,7.4,0.005434782608695656,-1.0,0.0,0.5272892102617321,0.0,0.0,0.0,0.0,0.0,0.0,0.0,0,0,0.0,0.0,0.9752094056085495,1.050457597052489,0.0716337257734921,0.0,0.0681797647322409,0.035950454301494,0.035950454301494,0.0004089854187453491,-0.0018634885722295116
1081,7.27,-0.017567567567567673,-1.0,0.0,0.5272892102617321,0.0,0.0,0.0,0.0,0.0,0.0,0.0,0,0,-0.0,0.0,0.9752094056085495,1.050457597052489,0.0716337257734921,0.0,0.07048902733663549,0.03716810355645218,0.03716810355645218,0.00042993901198085273,-0.001932012975115544
1082,7.19,-0.011004126547455185,-1.0,0.0,0.5272892102617321,0.0,0.0,0.0,0.0,0.0,0.0,0.0,0,0,-0.0,0.0,0.9752094056085495,1.050457597052489,0.0716337257734921,0.0,0.0,0.0,0.0,0.0,-5e-05
1083,7.25,0.008344923504867817,-1.0,0.0,0.5272892102617321,0.0,0.0,0.0,0.0,0.0,0.0,0.0,0,0,0.0,0.0,0.9752094056085495,1.050457597052489,0.0716337257734921,0.0,0.0,0.0,0.0,0.0,-5e-05
1084,7.19,-0.008275862068965464,-1.0,0.0,0.5272892102617321,0.0,0.0,0.0,0.0,0.0,0.0,0.0,0,0,-0.0,0.0,0.9752094056085495,1.050457597052489,0.0716337257734921,0.0,0.0,0.0,0.0,0.0,-5e-05
1085,7.08,-0.015299026425591142,-1.0,0.0,0.5272892102617321,0.0,0.0,0.0,0.0,0.0,0.0,0.0,0,0,-0.0,0.0,0.9752094056085495,1.050457597052489,0.0716337257734921,0.0,0.0,0.0,0.0,0.0,-5e-05
1086,7.06,-0.002824858757062212,-1.0,0.0,0.5272892102617321,0.0,0.0,0.0,0.0,0.0,0.0,0.0,0,0,-0.0,0.0,0.9752094056085495,1.050457597052489,0.0716337257734921,0.0,0.0,0.0,0.0,0.0,-5e-05
1087,7.11,0.00708215297450435,-1.0,0.0,0.5272892102617321,0.0,0.0,0.0,0.0,0.0,0.0,0.0,0,0,0.0,0.0,0.9752094056085495,1.050457597052489,0.0716337257734921,0.0,0.0,0.0,0.0,0.0,-5e-05
1088,7.07,-0.005625879043600567,-1.0,0.0,0.5272892102617321,0.0,0.0,0.0,0.0,0.0,0.0,0.0,0,0,-0.0,0.0,0.9752094056085495,1.050457597052489,0.0716337257734921,0.0,0.0,0.0,0.0,0.0,-5e-05
1089,6.97,-0.01414427157001422,-1.0,0.0,0.5272892102617321,0.0,0.0,0.0,0.0,0.0,0.0,0.0,0,0,-0.0,0.0,0.9752094056085495,1.050457597052489,0.0716337257734921,0.0,0.0,0.0,0.0,0.0,-5e-05
1090,7.08,0.015781922525107652,-1.0,0.0,0.5272892102617321,0.0,0.0,0.0,0.0,0.0,0.0,0.0,0,0,0.0,0.0,0.9752094056085495,1.050457597052489,0.0716337257734921,0.0,0.0,0.0,0.0,0.0,-5e-05
1091,7.21,0.018361581920903938,-1.0,0.0,0.5272892102617321,0.0,0.0,0.0,0.0,0.0,0.0,0.0,0,0,0.0,0.0,0.9752094056085495,1.050457597052489,0.0716337257734921,0.0,0.0,0.0,0.0,0.0,-5e-05
1092,7.25,0.005547850208044388,-1.0,0.0,0.5272892102617321,0.0,0.0,0.0,0.0,0.0,0.0,0.0,0,0,0.0,0.0,0.9752094056085495,1.050457597052489,0.0716337257734921,0.0,0.05914361954995522,0.03118579244451623,0.03118579244451623,0.000330435292631195,-0.0015987938553602725
1093,7.39,0.019310344827586163,-1.0,0.0,0.5272892102617321,0.0,0.0,0.0,0.0,0.0,0.0,0.0,0,0,0.0,0.0,0.9752094056085495,1.050457597052489,0.0716337257734921,0.0,0.06378026255239319,0.033630644271537335,0.033630644271537335,0.0003700445661906187,-0.0017339179747699184
1094,7.28,-0.01488497970230033,-1.0,0.0,0.5272892102617321,0.0,0.0,0.0,0.0,0.0,0.0,0.0,0,0,-0.0,0.0,0.9752094056085495,1.050457597052489,0.0716337257734921,0.0,0.16579447402061578,0.08742163727208976,0.08742163727208976,0.0015508852095436573,-0.005016251374368343
1095,7.41,0.017857142857142842,-1.0,0.0,0.5272892102617321,0.0,0.0,0.0,0.0,0.0,0.0,0.0,0,0,0.0,0.0,0.9752094056085495,1.050457597052489,0.0716337257734921,0.0,0.14124353267757803,0.07447619080013727,0.07447619080013727,0.001219487727833633,-0.004179104500991741
1096,7.3,-0.014844804318488572,-1.0,0.0,0.5272892102617321,0.0,0.0,0.0,0.0,0.0,0.0,0.0,0,0,-0.0,0.0,0.9752094056085495,1.050457597052489,0.0716337257734921,0.0,0.17357076908486496,0.09152199375527992,0.09152199375527992,0.0016612670796732685,-0.005286824922821487
1097,7.26,-0.005479452054794526,-1.0,0.0,0.5272892102617321,0.0,0.0,0.0,0.0,0.0,0.0,0.0,0,0,-0.0,0.0,0.9752094056085495,1.050457597052489,0.0716337257734921,0.0,0.05252500356495636,0.027695867648760506,0.027695867648760506,0.0002765500320394997,-0.0014085651054776007
1098,7.22,-0.005509641873278242,-1.0,0.0,0.5272892102617321,0.0,0.0,0.0,0.0,0.0,0.0,0.0,0,0,-0.0,0.0,0.9752094056085495,1.050457597052489,0.0716337257734921,0.0,0.011925368874167442,0.006288118335739592,0.006288118335739592,2.991798289136707e-05,-0.00032558058169921637
1099,7.33,0.015235457063711957,-1.0,0.0,0.5272892102617321,0.0,0.0,0.0,0.0,0.0,0.0,0.0,0,0,0.0,0.0,0.9752094056085495,1.050457597052489,0.0716337257734921,0.0,0.0,0.0,0.0,0.0,-5e-05
1100,7.4,0.009549795361528005,-1.0,0.0,0.5272892102617321,0.0,0.0,0.0,0.0,0.0,0.0,0.0,0,0,0.0,0.0,0.9752094056085495,1.050457597052489,0.0716337257734921,0.0,0.04427235197272891,0.02334433350812967,0.02334433350812967,0.0002140047776543708,-0.0011760152282925865
1101,7.42,0.002702702702702645,-1.0,0.0,0.5272892102617321,0.0,0.0,0.0,0.0,0.0,0.0,0.0,0,0,0.0,0.0,0.9752094056085495,1.050457597052489,0.0716337257734921,0.0,0.03412541025078068,0.017993960620991765,0.017993960620991765,0.00014482428696439758,-0.0008978077381304797
1102,7.43,0.0013477088948786774,-1.0,0.0,0.5272892102617321,0.0,0.0,0.0,0.0,0.0,0.0,0.0,0,0,0.0,0.0,0.9752094056085495,1.050457597052489,0.0716337257734921,0.0,0.08986975157118288,0.04738735033238708,0.04738735033238708,0.0006189347817188023,-0.0025202516640851695
1103,7.43,0.0,-1.0,0.0,0.5272892102617321,0.0,0.0,0.0,0.0,0.0,0.0,0.0,0,0,0.0,0.0,0.9752094056085495,1.050457597052489,0.0716337257734921,0.0,0.11002418029167885,0.058014563135693774,0.058014563135693774,0.0008384106565738721,-0.0031549087705824565
1104,7.43,0.0,-1.0,0.0,0.5272892102617321,0.0,0.0,0.0,0.0,0.0,0.0,0.0,0,0,0.0,0.0,0.9752094056085495,1.050457597052489,0.0716337257734921,0.0,0.12471552982690218,0.06576115322980075,0.06576115322980075,0.0010118249433919949,-0.00363096485782618
1105,7.54,0.014804845222072722,-1.0,0.0,0.5272892102617321,0.0,0.0,0.0,0.0,0.0,0.0,0.0,0,0,0.0,0.0,0.9752094056085495,1.050457597052489,0.0716337257734921,0.0,0.07663954476081666,0.04041120503174969,0.04041120503174969,0.0004874206806816231,-0.0021161953027544465
1106,7.41,-0.017241379310344813,-1.0,0.0,0.5272892102617321,0.0,0.0,0.0,0.0,0.0,0.0,0.0,0,0,-0.0,0.0,0.9752094056085495,1.050457597052489,0.0716337257734921,0.0,0.10998709334510579,0.057995007588924244,0.057995007588924244,0.0008379867751502857,-0.003153720898059465
1107,7.48,0.009446693657220012,-1.0,0.0,0.5272892102617321,0.0,0.0,0.0,0.0,0.0,0.0,0.0,0,0,0.0,0.0,0.9752094056085495,1.050457597052489,0.0716337257734921,0.0,0.019168988021717313,0.010107600555487926,0.010107600555487926,6.0971005369339226e-05,-0.0005058521586167159
1108,7.45,-0.004010695187165809,-1.0,0.0,0.5272892102617321,0.0,0.0,0.0,0.0,0.0,0.0,0.0,0,0,-0.0,0.0,0.9752094056085495,1.050457597052489,0.0716337257734921,0.0,0.053856139842690366,0.02839776144539761,0.02839776144539761,0.00028712923262547,-0.0014465657133848917
1109,7.26,-0.025503355704698038,-1.0,0.0,0.5272892102617321,0.0,0.0,0.0,0.0,0.0,0.0,0.0,0,0,-0.0,0.0,0.9752094056085495,1.050457597052489,0.0716337257734921,0.0,0.031678353042407806,0.016703653758123552,0.016703653758123552,0.00012952943438186368,-0.0008321035070554644
1110,7.23,-0.004132231404958589,-1.0,0.0,0.5272892102617321,0.0,0.0,0.0,0.0,0.0,0.0,0.0,0,0,-0.0,0.0,0.9752094056085495,1.050457597052489,0.0716337257734921,0.0,0.0,0.0,0.0,0.0,-5e-05
1111,7.17,-0.00829875518672206,-1.0,0.0,0.5272892102617321,0.0,0.0,0.0,0.0,0.0,0.0,0.0,0,0,-0.0,0.0,0.9752094056085495,1.050457597052489,0.0716337257734921,0.0,0.0,0.0,0.0,0.0,-5e-05
1112,7.16,-0.0013947001394699842,-1.0,0.0,0.5272892102617321,0.0,0.0,0.0,0.0,0.0,0.0,0.0,0,0,-0.0,0.0,0.9752094056085495,1.050457597052489,0.0716337257734921,0.0,0.0,0.0,0.0,0.0,-5e-05
1113,7.35,0.02653631284916194,-1.0,0.0,0.5272892102617321,0.0,0.0,0.0,0.0,0.0,0.0,0.0,0,0,0.0,0.0,0.9752094056085495,1.050457597052489,0.0716337257734921,0.0,0.0,0.0,0.0,0.0,-5e-05
1114,7.68,0.04489795918367348,-1.0,0.0,0.5272892102617321,0.0,0.0,0.0,0.0,0.0,0.0,0.0,0,0,0.0,0.0,0.9752094056085495,1.050457597052489,0.0716337257734921,0.0,0.0,0.0,0.0,0.0,-5e-05
1115,7.56,-0.015625000000000014,-0.9318637847900391,0.0,0.5272892102617321,0.0,0.0,0.0,0.0,0.0,0.0,0.0,0,0,-0.0,0.0,0.9752094056085495,1.050457597052489,0.0716337257734921,0.0,0.23008231314592617,0.12131992119390796,0.12131992119390796,0.002535417185249051,-0.00732511283605513
1116,7.6,0.005291005291005296,-1.0,0.0,0.5272892102617321,0.0,0.0,0.0,0.0,0.0,0.0,0.0,0,0,0.0,0.0,0.9752094056085495,1.050457597052489,0.0716337257734921,0.0,0.17105855128846753,0.09019732841741204,0.09019732841741204,0.0016253307865916485,-0.0051991369431340795
1117,7.95,0.04605263157894744,-1.0,0.0,0.5272892102617321,0.0,0.0,0.0,0.0,0.0,0.0,0.0,0,0,0.0,0.0,0.9752094056085495,1.050457597052489,0.0716337257734921,0.0,0.21495190074203566,0.11334181798652622,0.11334181798652622,0.002289478196563881,-0.006767487351849816
1118,7.79,-0.02012578616352203,1.0,0.1,0.5272892102617321,0.1,0.1,0.0,0.1,0.1,0.0,0.0,0,0,-0.0,0.0001,0.9751118846679887,1.050457597052489,0.07172656240091471,9.283662742261278e-05,0.39434811143855086,0.20793550424863902,0.10793550424863901,0.002127637996398044,-0.00922755589085341
1119,7.61,-0.023106546854942196,-1.0,0.0,0.5267089962977612,0.0,0.0,0.1,0.1,-0.0,0.1,0.0,0,0,-0.0023106546854942196,0.0,0.9728587378227995,1.050457597052489,0.07387148176892286,0.002144919368008147,0.23955619804516076,0.12617640462927435,0.02617640462927434,0.00025410677436946654,-0.00658321682663142
1120,7.81,0.026281208935610943,-1.0,0.0,0.5133032597623087,0.0,0.0,0.1,0.0,-0.1,0.0,0.1,0,0,0.0026281208935610943,0.0001,0.9753182423243727,1.050457597052489,0.07153011691186022,0.0,0.001276285515086236,0.0006551215152811822,0.0006551215152811822,1.0060835411986346e-06,0.0021008233284091193
1121,7.78,-0.0038412291933417877,-1.0,0.0,0.5279367588478461,0.0,0.0,0.0,0.0,0.0,0.0,0.0,0,0,-0.0,0.0,0.9753182423243727,1.050457597052489,0.07153011691186022,0.0,0.16207242611605396,0.08556399134231653,0.08556399134231653,0.0015017159829462884,-0.0048904079609369995
1122,7.65,-0.016709511568123378,-1.0,0.0,0.5279367588478461,0.0,0.0,0.0,0.0,0.0,0.0,0.0,0,0,-0.0,0.0,0.9753182423243727,1.050457597052489,0.07153011691186022,0.0,0.125116533329433,0.06605361708421938,0.06605361708421938,0.0010185823750242875,-0.003645982961610608
1123,7.6,-0.006535947712418394,-1.0,0.0,0.5279367588478461,0.0,0.0,0.0,0.0,0.0,0.0,0.0,0,0,-0.0,0.0,0.9753182423243727,1.050457597052489,0.07153011691186022,0.0,0.0,0.0,0.0,0.0,-5e-05
1124,7.52,-0.010526315789473694,-1.0,0.0,0.5279367588478461,0.0,0.0,0.0,0.0,0.0,0.0,0.0,0,0,-0.0,0.0,0.9753182423243727,1.050457597052489,0.07153011691186022,0.0,0.0,0.0,0.0,0.0,-5e-05
1125,7.42,-0.013297872340425485,-1.0,0.0,0.5279367588478461,0.0,0.0,0.0,0.0,0.0,0.0,0.0,0,0,-0.0,0.0,0.9753182423243727,1.050457597052489,0.07153011691186022,0.0,0.0,0.0,0.0,0.0,-5e-05
1126,7.5,0.010781671159029659,-1.0,0.0,0.5279367588478461,0.0,0.0,0.0,0.0,0.0,0.0,0.0,0,0,0.0,0.0,0.9753182423243727,1.050457597052489,0.07153011691186022,0.0,0.0,0.0,0.0,0.0,-5e-05
1127,7.86,0.04800000000000004,-1.0,0.0,0.5279367588478461,0.0,0.0,0.0,0.0,0.0,0.0,0.0,0,0,0.0,0.0,0.9753182423243727,1.050457597052489,0.07153011691186022,0.0,0.0,0.0,0.0,0.0,-5e-05
1128,8.24,0.04834605597964375,-1.0,0.0,0.5279367588478461,0.0,0.0,0.0,0.0,0.0,0.0,0.0,0,0,0.0,0.0,0.9753182423243727,1.050457597052489,0.07153011691186022,0.0,0.14340544544571793,0.07570900606974393,0.07570900606974393,0.0012498922275118352,-0.004254044403693624
1129,9.27,0.12499999999999992,1.0,0.1,0.5279367588478461,0.1,0.1,0.0,0.0,0.0,0.0,0.0,1,0,0.0,0.0,0.9753182423243727,1.050457597052489,0.07153011691186022,0.0,0.3594309824136812,0.18975682788497603,0.18975682788497603,0.0049596081845527705,-0.012413886422274603
1130,8.96,-0.033441208198489614,1.0,0.1,0.5279367588478461,0.1,0.1,0.0,0.1,0.1,0.0,0.0,0,0,-0.0,0.0001,0.9752207105001403,1.050457597052489,0.07162296390016903,9.284698830881732e-05,0.7169858553508489,0.3785231886136778,0.27852318861367775,0.008819486262063551,-0.021404245803027987
1131,8.41,-0.061383928571428645,1.0,0.2,0.5273564983177464,0.2,0.2,0.1,0.2,0.1,0.1,0.0,0,0,-0.006138392857142865,0.0001,0.9691369005856184,1.050457597052489,0.07741454457090965,0.00579158067074062,0.6375733215478803,0.33622843427230475,0.13622843427230474,0.0030168443094396916,-0.018435263668252877
1132,8.47,0.00713436385255654,-0.6883063316345215,0.13116936683654784,0.4911591097739727,0.13116936683654784,0.13116936683654784,0.2,0.13116936683654784,-0.06883063316345217,0.1,0.1,0,0,0.001426872770511308,6.883063316345217e-05,0.9704530293334723,1.050457597052489,0.07616163464713274,0.0,0.4190623719904364,0.20582630156659212,0.07465693473004428,0.001223929724884403,-0.0067706194850229865
1133,9.05,0.06847697756788666,-1.0,0.031169366836547835,0.4989897631134013,0.031169366836547835,0.031169366836547835,0.13116936683654784,0.031169366836547835,-0.1,0.0,0.13116936683654784,0,0,0.008982081790460183,0.0001,0.9790726725138121,1.050457597052489,0.06795602672490349,0.0,0.32361569350005986,0.16148091823937397,0.13031155140282613,0.002822445880642181,-0.00044195236979564524
1134,8.75,-0.03314917127071831,1.0,0.13116936683654784,0.5502748101962123,0.13116936683654784,0.13116936683654784,0.031169366836547835,0.13116936683654784,0.1,0.0,0.031169366836547835,0,0,-0.0010332386796645715,0.0001,0.977963149491117,1.050457597052489,0.06901225500656705,0.0010562282816635599,0.45463278630025133,0.25017297019034596,0.11900360335379812,0.002463153163993922,-0.011181652349575185
1135,9.51,0.08685714285714283,-1.0,0.031169366836547835,0.5436734095229879,0.031169366836547835,0.031169366836547835,0.13116936683654784,0.1,-0.031169366836547835,0.1,0.031169366836547835,0,0,0.011392996433803008,3.116936683654784e-05,0.989074597673501,1.050457597052489,0.05843453324648646,0.0,0.0,0.0,0.0,0.0,0.011306734283038543
1136,9.66,0.015772870662460605,1.0,0.2,0.6078273259151341,0.2,0.2,0.1,0.2,0.1,0.0,0.1,0,0,0.0015772870662460606,0.0001,0.9905357447841966,1.050457597052489,0.05704357076042759,0.0,0.4096612501487919,0.24900330220899103,0.04900330220899102,0.0006508625313318779,-0.005162832967168904
1137,9.97,0.032091097308488664,1.0,0.30000000000000004,0.6147821448789648,0.30000000000000004,0.30000000000000004,0.2,0.30000000000000004,0.10000000000000003,0.1,0.1,0,0,0.006418219461697733,0.00010000000000000003,0.9967941670043994,1.050457597052489,0.051085765097673104,0.0,0.5937440034271235,0.3650232119359504,0.06502321193595034,0.000994841464212165,-0.00143180604021279
1138,10.25,0.02808425275827476,1.0,0.4,0.6445711679795498,0.4,0.4,0.30000000000000004,0.4,0.09999999999999998,0.10000000000000003,0.2,0,0,0.00842527582748243,9.999999999999998e-05,1.0050927533879368,1.050457597052489,0.04318579235548658,0.0,0.6567164136688746,0.42330046578988767,0.023300465789887648,0.00021340183757281698,0.0026521426805586174
1139,11.49,0.12097560975609759,0.4426770508289337,0.44426770508289337,0.6840710356860533,0.44426770508289337,0.44426770508289337,0.4,0.4,0.0,0.09999999999999998,0.30000000000000004,1,0,0.04839024390243904,0.0,1.0537294368689532,1.0537294368689532,0.0,0.0,0.6107745561278826,0.4178131831810901,0.017813183181090098,0.00014264729852711942,0.04350540015488886
1140,12.78,0.11227154046997381,1.0,0.5,0.8,0.5,0.5,0.4,0.4,0.0,0.0,0.4,1,0,0.044908616187989525,0.0,1.1010509677152873,1.1010509677152873,0.0,0.0,0.8539571797450416,0.6831657437960333,0.2831657437960333,0.009040913622609352,0.029180045127419837
1141,12.5,-0.021909233176838763,1.0,0.5,0.8,0.5,0.5,0.4,0.5,0.09999999999999998,0.0,0.4,0,0,-0.008763693270735505,9.999999999999998e-05,1.0912915896620126,1.1010509677152873,0.00886369327073546,0.00886369327073546,0.9155480811245406,0.7324384648996325,0.2324384648996325,0.0067237761789136815,-0.02036520985527189
1142,13.96,0.11680000000000007,1.0,0.6,0.8,0.6,0.6,0.5,0.5,0.0,0.09999999999999998,0.4,1,0,0.058400000000000035,0.0,1.1550230184982742,1.1550230184982742,0.0,0.0,0.8719909634282089,0.6975927707425672,0.1975927707425672,0.0052699661677417554,0.04892007901511723
1143,14.89,0.06661891117478508,1.0,0.6,0.8,0.6,0.6,0.5,0.6,0.09999999999999998,0.0,0.5,0,0,0.03330945558739254,9.999999999999998e-05,1.1933807041335087,1.1933807041335087,0.0,0.0,0.9374605600286299,0.749968448022904,0.149968448022904,0.003484585266887115,0.027643949200448156
1144,15.56,0.044996642041638675,1.0,0.7,0.8,0.7,0.7,0.6,0.7,0.09999999999999998,0.09999999999999998,0.5,0,0,0.026997985224983204,9.999999999999998e-05,1.225480240681072,1.225480240681072,0.0,0.0,0.952330812191176,0.7618646497529409,0.061864649752940926,0.0009232410115245277,0.02670307502564985
1145,15.53,-0.0019280205655527723,1.0,0.7999999999999999,0.8,0.7999999999999999,0.7999999999999999,0.7,0.7999999999999999,0.09999999999999998,0.09999999999999998,0.6,0,0,-0.0013496143958869405,9.999999999999998e-05,1.2237037668823059,1.225480240681072,0.0014496143958868963,0.0014496143958868963,0.9440813816425778,0.7552651053140623,0.0,0.0,0.0020727111306833696
1146,14.35,-0.07598197037990984,1.0,0.8999999999999999,0.8,0.8,0.8,0.7999999999999999,0.8,1.1102230246251565e-16,0.09999999999999998,0.7,0,0,-0.06078557630392786,1.1102230246251566e-19,1.1493202281870776,1.225480240681072,0.06214707505334225,0.060697460657455356,0.8704786861243149,0.696382948899452,0.0,0.0,-0.20860258287434125
1147,14.06,-0.020209059233449417,-0.5813156366348267,0.7418684363365173,0.5865807909521835,0.5865807909521835,0.5865807909521835,0.8,0.5865807909521835,-0.21341920904781653,1.1102230246251565e-16,0.7999999999999999,0,0,-0.016167247386759533,0.00021341920904781653,1.1304935967173277,1.225480240681072,0.07750973113279626,0.015362656079454008,0.718921706966408,0.4217056635050495,0.0,0.0,-0.10707853065274343
1148,14.78,0.0512091038406827,-1.0,0.48658079095218354,0.4905641809133232,0.48658079095218354,0.48658079095218354,0.5865807909521835,0.48658079095218354,-0.09999999999999998,0.0,0.5865807909521835,0,0,0.030038276634820157,9.999999999999998e-05,1.164338626749744,1.225480240681072,0.049891962270520236,0.0,0.335555645401271,0.16461158033711604,0.0,0.0,0.027925303622126484
1149,15.12,0.0230040595399188,-1.0,0.38658079095218356,0.6505401819981746,0.38658079095218356,0.38658079095218356,0.48658079095218354,0.38658079095218356,-0.09999999999999998,0.0,0.48658079095218354,0,0,0.011193333486044814,9.999999999999998e-05,1.1772550234269623,1.225480240681072,0.0393520969602155,0.0,0.31514767703498536,0.20501622717464135,0.0,0.0,0.008237562742804327
1150,15.66,0.035714285714285775,-0.9876627922058105,0.2878145117316025,0.7032395169163098,0.2878145117316025,0.2878145117316025,0.38658079095218356,0.2878145117316025,-0.09876627922058107,0.0,0.38658079095218356,0,0,0.013806456819720864,9.876627922058107e-05,1.1933924709753485,1.225480240681072,0.026183832786965625,0.0,0.2510327245993213,0.17653613197741175,0.0,0.0,0.01063186629415903
1151,15.31,-0.022349936143039567,1.0,0.38781451173160253,0.7690808378167729,0.38781451173160253,0.38781451173160253,0.2878145117316025,0.38781451173160253,0.10000000000000003,0.0,0.2878145117316025,0,0,-0.006432635958241428,0.00010000000000000003,1.1855964724071604,1.225480240681072,0.032545419297618325,0.0063615865106527,0.3677362478203114,0.28281890156924155,0.0,0.0,-0.009816508663081097
1152,16.9,0.10385369039843227,1.0,0.4878145117316025,0.7372729122654385,0.4878145117316025,0.4878145117316025,0.38781451173160253,0.38781451173160253,0.0,0.10000000000000003,0.2878145117316025,1,0,0.04027596823339303,0.0,1.233347518267454,1.233347518267454,0.0,0.0,0.4765090606404213,0.35131722285923184,0.0,0.0,0.036432149530956276
1153,16.27,-0.03727810650887568,1.0,0.4878145117316025,0.8,0.4878145117316025,0.4878145117316025,0.38781451173160253,0.4878145117316025,0.09999999999999998,0.0,0.38781451173160253,0,0,-0.014456990674018297,9.999999999999998e-05,1.2153936899462112,1.233347518267454,0.014556990674018196,0.014556990674018196,0.7764881828969732,0.6211905463175786,0.13337603458597613,0.002922590392068772,-0.030959949049580143
1154,15.37,-0.0553165334972342,1.0,0.5878145117316025,0.8,0.5878145117316025,0.5878145117316025,0.4878145117316025,0.5878145117316025,0.09999999999999998,0.09999999999999998,0.38781451173160253,0,0,-0.026984207778638136,9.999999999999998e-05,1.1824757147148623,1.233347518267454,0.04124693389260952,0.026689943218591326,0.5567864809821246,0.4454291847856997,0.0,0.0,-0.06198583546482774
1155,15.25,-0.007807417046193834,-1.0,0.4878145117316025,0.6937653213765954,0.4878145117316025,0.4878145117316025,0.5878145117316025,0.4878145117316025,-0.09999999999999998,0.09999999999999998,0.4878145117316025,0,0,-0.004589313038893418,9.999999999999998e-05,1.1769307159276752,1.233347518267454,0.04574282714658591,0.004495893253976389,0.2249816789320216,0.15608448678811995,0.0,0.0,-0.006096555873505044
1156,16.32,0.07016393442622952,-1.0,0.38781451173160253,0.671285858008503,0.38781451173160253,0.38781451173160253,0.4878145117316025,0.38781451173160253,-0.09999999999999998,0.0,0.4878145117316025,0,0,0.03422698541329933,9.999999999999998e-05,1.2170958133026029,1.233347518267454,0.013176906528081211,0.0,0.05475914857266333,0.036759042033415394,0.0,0.0,0.03346134286557561
1157,15.56,-0.04656862745098038,-1.0,0.28781451173160255,0.8,0.28781451173160255,0.28781451173160255,0.38781451173160253,0.28781451173160255,-0.09999999999999998,0.0,0.38781451173160253,0,0,-0.018059989516912858,9.999999999999998e-05,1.194993366091949,1.233347518267454,0.031097603560578866,0.017920697032497657,0.38662726927306634,0.3093018154184531,0.021487303686850534,0.0001889836067448516,-0.03881161802113486
1158,15.97,0.026349614395886897,-1.0,0.18781451173160255,0.7445119801922604,0.18781451173160255,0.18781451173160255,0.28781451173160255,0.18781451173160255,-0.1,0.0,0.28781451173160255,0,0,0.007583801401668193,0.0001,1.203936459120092,1.233347518267454,0.02384653044802586,0.0,0.0,0.0,0.0,0.0,0.007225325534216966
1159,15.83,-0.008766437069505358,-1.0,0.08781451173160254,0.7807673435663025,0.08781451173160254,0.08781451173160254,0.18781451173160255,0.08781451173160254,-0.1,0.0,0.18781451173160255,0,0,-0.0016464640978349696,0.0001,1.2018338273181643,1.233347518267454,0.025551347436575354,0.0017048169885494936,0.052897095238301994,0.041300324531582756,0.0,0.0,-0.0029669901509332963
1160,17.09,0.07959570435881237,-1.0,0.0,0.7722432646907355,0.0,0.0,0.08781451173160254,0.0,-0.08781451173160254,0.0,0.08781451173160254,0,0,0.006989657914202097,8.781451173160254e-05,1.210128696190106,1.233347518267454,0.018825855432834205,0.0,0.16099784983512083,0.12432950516486249,0.12432950516486249,0.002630344050102625,0.0005975928547037718
1161,15.17,-0.11234640140433001,1.0,0.1,0.8,0.1,0.1,0.0,0.1,0.1,0.0,0.0,0,1,-0.0,0.0001,1.2100076833204871,1.233347518267454,0.018923972847290884,9.811741445667904e-05,0.47693367117971575,0.3815469369437726,0.28154693694377264,0.00896349665307679,-0.01746736906313196
1162,16.9,0.11404087013843102,-1.0,0.0,0.8,0.0,0.0,0.1,0.1,-0.0,0.1,0.0,1,0,0.011404087013843102,0.0,1.223806716228493,1.233347518267454,0.007735696466445708,0.0,0.0,0.0,0.0,0.0,0.011458087013843102
1163,16.69,-0.012426035502958422,-0.1457364857196808,0.08542635142803193,0.8,0.08542635142803193,0.08542635142803193,0.1,0.08542635142803193,-0.014573648571968079,0.0,0.1,0,0,-0.0012426035502958422,1.457364857196808e-05,1.2222681743290291,1.233347518267454,0.008983148524098568,0.0012474520576528604,0.36057612071949907,0.28846089657559926,0.20303454514756733,0.005489163359122828,-0.013037912456282462
1164,16.23,-0.02756141402037153,-1.0,0.0,0.8,0.0,0.0,0.08542635142803193,0.0,-0.08542635142803193,0.0,0.08542635142803193,0,0,-0.0023544710399577445,8.542635142803193e-05,1.2192859653989099,1.233347518267454,0.01140112795483396,0.0024179794307353925,0.22704183828837393,0.18163347063069915,0.18163347063069915,0.004644565293492337,-0.012110516783616729
1165,16.4,0.01047443006777561,-1.0,0.0,0.8,0.0,0.0,0.0,0.0,0.0,0.0,0.0,0,0,0.0,0.0,1.2192859653989099,1.233347518267454,0.01140112795483396,0.0,0.12393614014045043,0.09914891211236035,0.09914891211236035,0.0018731958219644703,-0.004476280308857749
1166,14.55,-0.11280487804878037,-1.0,0.0,0.8,0.0,0.0,0.0,0.0,0.0,0.0,0.0,0,1,-0.0,0.0,1.2192859653989099,1.233347518267454,0.01140112795483396,0.0,0.0,0.0,0.0,0.0,-5e-05
1167,14.0,-0.037800687285223414,-1.0,0.0,0.8,0.0,0.0,0.0,0.0,0.0,0.0,0.0,0,0,-0.0,0.0,1.2192859653989099,1.233347518267454,0.01140112795483396,0.0,0.0,0.0,0.0,0.0,-5e-05
1168,14.02,0.0014285714285713982,-1.0,0.0,0.8,0.0,0.0,0.0,0.0,0.0,0.0,0.0,0,0,0.0,0.0,1.2192859653989099,1.233347518267454,0.01140112795483396,0.0,0.0,0.0,0.0,0.0,-5e-05
1169,13.28,-0.052781740370898736,-1.0,0.0,0.8,0.0,0.0,0.0,0.0,0.0,0.0,0.0,0,0,-0.0,0.0,1.2192859653989099,1.233347518267454,0.01140112795483396,0.0,0.0,0.0,0.0,0.0,-5e-05
1170,12.67,-0.045933734939759,-1.0,0.0,0.8,0.0,0.0,0.0,0.0,0.0,0.0,0.0,0,0,-0.0,0.0,1.2192859653989099,1.233347518267454,0.01140112795483396,0.0,0.0,0.0,0.0,0.0,-5e-05
1171,12.58,-0.007103393843725324,-1.0,0.0,0.8,0.0,0.0,0.0,0.0,0.0,0.0,0.0,0,0,-0.0,0.0,1.2192859653989099,1.233347518267454,0.01140112795483396,0.0,0.0,0.0,0.0,0.0,-5e-05
1172,12.6,0.00158982511923685,-1.0,0.0,0.8,0.0,0.0,0.0,0.0,0.0,0.0,0.0,0,0,0.0,0.0,1.2192859653989099,1.233347518267454,0.01140112795483396,0.0,0.0,0.0,0.0,0.0,-5e-05
1173,12.5,-0.007936507936507908,-1.0,0.0,0.8,0.0,0.0,0.0,0.0,0.0,0.0,0.0,0,0,-0.0,0.0,1.2192859653989099,1.233347518267454,0.01140112795483396,0.0,0.0,0.0,0.0,0.0,-5e-05
1174,12.36,-0.011200000000000045,-1.0,0.0,0.8,0.0,0.0,0.0,0.0,0.0,0.0,0.0,0,0,-0.0,0.0,1.2192859653989099,1.233347518267454,0.01140112795483396,0.0,0.0,0.0,0.0,0.0,-5e-05
1175,12.26,-0.008090614886731363,-1.0,0.0,0.8,0.0,0.0,0.0,0.0,0.0,0.0,0.0,0,0,-0.0,0.0,1.2192859653989099,1.233347518267454,0.01140112795483396,0.0,0.0,0.0,0.0,0.0,-5e-05
1176,13.02,0.06199021207177812,-1.0,0.0,0.8,0.0,0.0,0.0,0.0,0.0,0.0,0.0,0,0,0.0,0.0,1.2192859653989099,1.233347518267454,0.01140112795483396,0.0,0.0,0.0,0.0,0.0,-5e-05
1177,12.68,-0.026113671274961586,-1.0,0.0,0.8,0.0,0.0,0.0,0.0,0.0,0.0,0.0,0,0,-0.0,0.0,1.2192859653989099,1.233347518267454,0.01140112795483396,0.0,0.0,0.0,0.0,0.0,-5e-05
1178,13.45,0.060725552050473156,-1.0,0.0,0.8,0.0,0.0,0.0,0.0,0.0,0.0,0.0,0,0,0.0,0.0,1.2192859653989099,1.233347518267454,0.01140112795483396,0.0,0.0,0.0,0.0,0.0,-5e-05
1179,14.25,0.05947955390334578,-1.0,0.0,0.8,0.0,0.0,0.0,0.0,0.0,0.0,0.0,0,0,0.0,0.0,1.2192859653989099,1.233347518267454,0.01140112795483396,0.0,0.13347609863551796,0.10678087890841437,0.10678087890841437,0.0020935892862465858,-0.004893196918138255
1180,14.06,-0.013333333333333298,0.345691055059433,0.0345691055059433,0.8,0.0345691055059433,0.0345691055059433,0.0,0.0345691055059433,0.0345691055059433,0.0,0.0,0,0,-0.0,3.45691055059433e-05,1.2192438157737302,1.233347518267454,0.011435302933544654,3.417497871069375e-05,0.37455185015102177,0.2996414801208174,0.26507237461487415,0.00818837933121828,-0.015426515186785672
1181,13.31,-0.05334281650071124,-1.0,0.0,0.8,0.0,0.0,0.0345691055059433,0.0345691055059433,-0.0,0.0345691055059433,0.0,0,0,-0.0018440134515972598,0.0,1.2169955137766666,1.233347518267454,0.01325822953270943,0.0018229265991647758,0.36164370089104736,0.2893149607128379,0.25474585520689463,0.007714573841551032,-0.01639638588394909
1182,13.13,-0.013523666416228378,-1.0,0.0,0.8,0.0,0.0,0.0345691055059433,0.0,-0.0345691055059433,0.0,0.0345691055059433,0,0,-0.00046750105116978086,3.45691055059433e-05,1.2163844966483912,1.233347518267454,0.013753643128006324,0.0004954135952968935,0.004064964495480619,0.0032519715963844954,0.0032519715963844954,1.1126827774599616e-05,-0.000767927122328026
1183,12.72,-0.031226199543031234,-1.0,0.0,0.8,0.0,0.0,0.0,0.0,0.0,0.0,0.0,0,0,-0.0,0.0,1.2163844966483912,1.233347518267454,0.013753643128006324,0.0,0.04259317997350789,0.03407454397880631,0.03407454397880631,0.00037739516241802796,-0.0013048146698722905
1184,14.2,0.11635220125786153,-1.0,0.0,0.8,0.0,0.0,0.0,0.0,0.0,0.0,0.0,1,0,0.0,0.0,1.2163844966483912,1.233347518267454,0.013753643128006324,0.0,0.0,0.0,0.0,0.0,-5e-05
1185,14.69,0.03450704225352114,-1.0,0.0,0.8,0.0,0.0,0.0,0.0,0.0,0.0,0.0,0,0,0.0,0.0,1.2163844966483912,1.233347518267454,0.013753643128006324,0.0,0.07785226268987923,0.062281810151903386,0.062281810151903386,0.000932595015526936,-0.0025863516269384484
1186,15.8,0.07556160653505795,0.0780014619231224,0.007800146192312241,0.8,0.007800146192312241,0.007800146192312241,0.0,0.007800146192312241,0.007800146192312241,0.0,0.0,0,0,0.0,7.800146192312242e-06,1.2163750086714913,1.233347518267454,0.013761335993771565,7.692865765240864e-06,0.28123457956613146,0.22498766365290518,0.21718751746059295,0.006073003650258302,-0.011662342192050843
1187,15.93,0.008227848101265759,1.0,0.10780014619231225,0.8,0.10780014619231225,0.10780014619231225,0.007800146192312241,0.10780014619231225,0.1,0.007800146192312241,0.0,0,0,6.41784180380116e-05,0.0001,1.2163314361944215,1.233347518267454,0.013796664622908447,3.532862913688262e-05,0.6517892550309022,0.5214314040247218,0.4136312578324095,0.01596141084304496,-0.027217420651453765
1188,15.95,0.001255492780916483,1.0,0.20780014619231224,0.8,0.20780014619231224,0.20780014619231224,0.10780014619231225,0.20780014619231224,0.09999999999999999,0.1,0.007800146192312243,0,0,0.0001353423053261895,9.999999999999999e-05,1.2163744241514172,1.233347518267454,0.013761809923515991,0.0,0.6770996943608758,0.5416797554887006,0.3338796092963884,0.011575402341975214,-0.021112239912356882
1189,15.82,-0.008150470219435674,1.0,0.3078001461923122,0.8,0.3078001461923122,0.3078001461923122,0.20780014619231224,0.3078001461923122,0.09999999999999998,0.09999999999999999,0.10780014619231225,0,0,-0.0016936689031348204,9.999999999999998e-05,1.2141926511722483,1.233347518267454,0.015530794696140118,0.0017689847726241274,0.6956811936980167,0.5565449549584134,0.24874480876610117,0.007443587351639851,-0.016949121405312465
1190,15.73,-0.005689001264222494,-0.8481267094612122,0.222987475246191,0.8,0.222987475246191,0.222987475246191,0.3078001461923122,0.222987475246191,-0.08481267094612122,0.09999999999999998,0.20780014619231224,0,0,-0.0017510754208159326,8.481267094612121e-05,1.2119635293428561,1.233347518267454,0.01733816998686396,0.0018073752907238408,0.514087675241845,0.41127014019347596,0.18828266494728496,0.004901926051673963,-0.013773400177185743
1191,16.83,0.0699300699300698,-0.7417663931846619,0.14881083592772482,0.8,0.14881083592772482,0.14881083592772482,0.222987475246191,0.14881083592772482,-0.07417663931846619,0.0,0.222987475246191,0,0,0.015593529737495844,7.417663931846618e-05,1.2307724192968412,1.233347518267454,0.0020878940707888907,0.0,0.39331988891627273,0.3146559111330182,0.1658450752052934,0.004052332939715504,0.00517291168884363
1192,16.12,-0.04218657159833615,1.0,0.24881083592772482,0.8,0.24881083592772482,0.24881083592772482,0.14881083592772482,0.24881083592772482,0.1,0.0,0.14881083592772482,0,0,-0.006277818984473217,0.0001,1.222922775595484,1.233347518267454,0.00845239684481978,0.006364502774030889,0.45107901370236947,0.3608632109618956,0.11205237503417079,0.002250519859244469,-0.014520776321391267
1193,15.93,-0.011786600496277994,-1.0,0.14881083592772482,0.8,0.14881083592772482,0.14881083592772482,0.24881083592772482,0.14881083592772482,-0.1,0.1,0.14881083592772482,0,0,-0.0029326339222250637,0.0001,1.2192140985019513,1.233347518267454,0.011459397741649236,0.003007000896829457,0.2239589615794843,0.17916716926358744,0.03035633333586263,0.0003173402941681166,-0.0071033281367754875
1194,15.75,-0.01129943502824857,-1.0,0.04881083592772481,0.8,0.04881083592772481,0.04881083592772481,0.14881083592772482,0.04881083592772481,-0.1,0.0,0.14881083592772482,0,0,-0.0016814783720646845,0.0001,1.2170420949545537,1.233347518267454,0.013220461444480271,0.001761063702831035,0.14917509874178625,0.11934007899342901,0.0705292430657042,0.0011238415506455968,-0.005992524056536126
1195,17.54,0.1136507936507936,-1.0,0.0,0.8,0.0,0.0,0.04881083592772481,0.0,-0.04881083592772481,0.0,0.04881083592772481,1,0,0.005547390241944595,4.881083592772481e-05,1.2237340975541262,1.233347518267454,0.0077945757955002705,0.0,0.1046690198819861,0.08373521590558888,0.08373521590558888,0.0014538294668091623,0.0016677302038917577
1196,19.25,0.09749144811858614,1.0,0.1,0.8,0.1,0.1,0.0,0.1,0.1,0.0,0.0,0,0,0.0,0.0001,1.223611724144371,1.233347518267454,0.007893796337920624,9.922054242035312e-05,0.5473161720638815,0.4378529376511052,0.33785293765110525,0.011782645179852894,-0.021483020104938882
1197,19.92,0.034805194805194895,1.0,0.2,0.8,0.2,0.2,0.1,0.2,0.1,0.1,0.0,0,0,0.0034805194805194897,0.0001,1.2277481674144328,1.233347518267454,0.004539961989696874,0.0,0.6836630950429153,0.5469304760343323,0.3469304760343323,0.012260690468010147,-0.018705454318091473
1198,20.69,0.038654618473895556,1.0,0.30000000000000004,0.8,0.30000000000000004,0.30000000000000004,0.2,0.30000000000000004,0.10000000000000003,0.1,0.1,0,0,0.007730923694779112,0.00010000000000000003,1.2371170199963772,1.2371170199963772,0.0,0.0,0.7899456808348492,0.6319565446678794,0.3319565446678794,0.011475539268763388,-0.012758018063167615
1199,20.54,-0.007249879168680625,1.0,0.4,0.8,0.4,0.4,0.30000000000000004,0.4,0.09999999999999998,0.10000000000000003,0.2,0,0,-0.002174963750604188,9.999999999999998e-05,1.23430262362063,1.2371170199963772,0.0022749637506041666,0.0022749637506041666,0.8332222517380421,0.6665778013904338,0.26657780139043374,0.008258234731191702,-0.017404976495700226
1200,21.96,0.06913339824732238,1.0,0.5,0.8,0.5,0.5,0.4,0.5,0.09999999999999998,0.09999999999999998,0.30000000000000004,0,0,0.027653359298928953,9.999999999999998e-05,1.26831180729286,1.26831180729286,0.0,0.0,0.8080004368220322,0.6464003494576258,0.1464003494576258,0.00336096833213812,0.01995238878268067
1201,24.36,0.10928961748633872,1.0,0.6,0.8,0.6,0.6,0.5,0.5,0.0,0.09999999999999998,0.4,1,0,0.05464480874316936,0.0,1.337618463429082,1.337618463429082,0.0,0.0,0.8282043723085928,0.6625634978468743,0.1625634978468743,0.003932654589364034,0.04672113229226236
1202,23.93,-0.017651888341543503,1.0,0.6,0.8,0.6,0.6,0.5,0.6,0.09999999999999998,0.0,0.5,0,0,-0.008825944170771751,9.999999999999998e-05,1.3256789557027204,1.337618463429082,0.008925944170771798,0.008925944170771798,0.8862228841262898,0.7089783073010318,0.10897830730103186,0.002158546144883739,-0.013062936083908067
1203,22.4,-0.06393648140409533,1.0,0.7,0.8,0.7,0.7,0.6,0.7,0.09999999999999998,0.09999999999999998,0.5,0,0,-0.0383618888424572,9.999999999999998e-05,1.2746908390676976,1.337618463429082,0.0470445243407188,0.038118580169947,0.8108135607071587,0.648650848565727,0.0,0.0,-0.09411223562164403
1204,20.99,-0.06294642857142858,-1.0,0.6,0.6647773847017715,0.6,0.6,0.7,0.6,-0.09999999999999998,0.09999999999999998,0.6,0,0,-0.044062500000000004,9.999999999999998e-05,1.2183973048873704,1.337618463429082,0.08912942053452183,0.04208489619380303,0.5313110370216148,0.35320356165441513,0.0,0.0,-0.10960091446164928
1205,20.91,-0.0038113387327297905,-1.0,0.5,0.41794113666274313,0.41794113666274313,0.41794113666274313,0.6,0.41794113666274313,-0.18205886333725685,0.0,0.6,0,0,-0.0022868032396378742,0.00018205886333725685,1.215389249954967,1.337618463429082,0.09137823438887911,0.0022488138543572816,0.2564301489098976,0.1071727079099991,0.0,0.0,-0.04590296172841327
1206,20.88,-0.001434720229555291,-1.0,0.31794113666274315,0.4038860354621563,0.31794113666274315,0.31794113666274315,0.41794113666274313,0.31794113666274315,-0.09999999999999998,0.0,0.41794113666274313,0,0,-0.00059962860353337,9.999999999999998e-05,1.2145389288712716,1.337618463429082,0.09201393216589361,0.0006356977770144989,0.021242740549203776,0.008579646262769101,0.0,0.0,-0.00114175244006787
1207,21.7,0.03927203065134101,-1.0,0.21794113666274315,0.39991292022668856,0.21794113666274315,0.21794113666274315,0.31794113666274315,0.21794113666274315,-0.1,0.0,0.31794113666274315,0,0,0.01248619406434145,0.0001,1.2295824437429685,1.337618463429082,0.08076744052198206,0.0,0.0,0.0,0.0,0.0,0.012138459742909188
1208,23.1,0.06451612903225816,-1.0,0.11794113666274314,0.4702035136553312,0.11794113666274314,0.11794113666274314,0.21794113666274315,0.11794113666274314,-0.1,0.0,0.21794113666274315,0,0,0.014060718494370546,0.0001,1.2467482981056845,1.337618463429082,0.06793429352824958,0.0,0.0,0.0,0.0,0.0,0.013673137109337813
1209,22.27,-0.03593073593073601,1.0,0.21794113666274315,0.5504106435937166,0.21794113666274315,0.21794113666274315,0.11794113666274314,0.21794113666274315,0.1,0.0,0.11794113666274314,0,0,-0.004237711836799871,0.0001,1.2413402632554815,1.337618463429082,0.07197732597588724,0.004043032447637665,0.3294445682065691,0.18132979681503175,0.0,0.0,-0.009020351812494326
1210,22.48,0.009429726088908885,-0.5092777013778687,0.16701336652495627,0.5251417201031088,0.16701336652495627,0.16701336652495627,0.21794113666274315,0.16701336652495627,-0.050927770137786876,0.1,0.11794113666274314,0,0,0.002055125222235126,5.092777013778688e-05,1.243828154248284,1.337618463429082,0.0701173852971195,0.0,0.3361751520133692,0.1765395975842248,0.00952623105926853,5.578698839576885e-05,-0.0031854955144981424
1211,21.76,-0.032028469750889625,1.0,0.2670133665249563,0.5367663487807823,0.2670133665249563,0.2670133665249563,0.16701336652495627,0.2670133665249563,0.1,0.0,0.16701336652495627,0,0,-0.005349182557738804,0.0001,1.2370503075653299,1.337618463429082,0.07518448542190301,0.005067100124783508,0.3611617537665121,0.19385947588851465,0.0,0.0,-0.010011936823898254
1212,21.78,0.0009191176470588039,-1.0,0.16701336652495627,0.5050969574624183,0.16701336652495627,0.16701336652495627,0.2670133665249563,0.16701336652495627,-0.1,0.1,0.16701336652495627,0,0,0.0002454166971736678,0.0001,1.2372301953352938,1.337618463429082,0.07505000180427802,0.0,0.20568726712362637,0.10389201281290339,0.0,0.0,-0.0032042810161336415
1213,21.56,-0.010101010101010211,-1.0,0.06701336652495626,0.5059374760859878,0.06701336652495626,0.06701336652495626,0.16701336652495627,0.06701336652495626,-0.1,0.0,0.16701336652495627,0,0,-0.001687003702272304,0.0001,1.2350192603956667,1.337618463429082,0.07670289087547043,0.0016528890711924038,0.073367046505455,0.037119138336853194,0.0,0.0,-0.003419333903892528
1214,21.7,0.00649350649350652,-1.0,0.0,0.49560692012571006,0.0,0.0,0.06701336652495626,0.0,-0.06701336652495626,0.0,0.06701336652495626,0,0,0.00043515173068153594,6.701336652495626e-05,1.2354739183658905,1.337618463429082,0.07636298978808691,0.0,0.0,0.0,0.0,0.0,8.359158131923279e-05
1215,22.14,0.020276497695852595,-1.0,0.0,0.49773131348448363,0.0,0.0,0.0,0.0,0.0,0.0,0.0,0,0,0.0,0.0,1.2354739183658905,1.337618463429082,0.07636298978808691,0.0,0.0,0.0,0.0,0.0,-5e-05
1216,20.43,-0.07723577235772361,-1.0,0.0,0.49773131348448363,0.0,0.0,0.0,0.0,0.0,0.0,0.0,0,0,-0.0,0.0,1.2354739183658905,1.337618463429082,0.07636298978808691,0.0,0.0,0.0,0.0,0.0,-5e-05
1217,22.68,0.11013215859030837,-1.0,0.0,0.49773131348448363,0.0,0.0,0.0,0.0,0.0,0.0,0.0,1,0,0.0,0.0,1.2354739183658905,1.337618463429082,0.07636298978808691,0.0,0.0,0.0,0.0,0.0,-5e-05
1218,25.16,0.10934744268077604,-1.0,0.0,0.49773131348448363,0.0,0.0,0.0,0.0,0.0,0.0,0.0,1,0,0.0,0.0,1.2354739183658905,1.337618463429082,0.07636298978808691,0.0,0.17379870400432224,0.08650505722597229,0.08650505722597229,0.0015265586591175155,-0.005156811961606554
1219,24.01,-0.04570747217806036,1.0,0.1,0.49773131348448363,0.1,0.1,0.0,0.1,0.1,0.0,0.0,0,0,-0.0,0.0001,1.2353503709740539,1.337618463429082,0.07645535348910812,9.236370102121139e-05,0.5753176358676813,0.28635360257120884,0.18635360257120884,0.004826784836949587,-0.015003184646700168
1220,23.43,-0.02415660141607671,1.0,0.2,0.49715403318662266,0.2,0.2,0.1,0.2,0.1,0.1,0.0,0,0,-0.0024156601416076714,0.0001,1.2322426492848741,1.337618463429082,0.07877867794533075,0.0023233244562226307,0.39435850813812545,0.19605692284232862,0.0,0.0,-0.008290679255541427
1221,22.99,-0.01877934272300475,-1.0,0.1,0.4826332706987397,0.1,0.1,0.2,0.1,-0.1,0.1,0.1,0,0,-0.00375586854460095,0.0001,1.227491283614181,1.337618463429082,0.082330786263657,0.0035521083183262525,0.23768098478894023,0.11471275107158362,0.01471275107158361,0.00010707598570200597,-0.008299521271714941
1222,21.15,-0.08003479773814702,-1.0,0.0,0.4604325894301259,0.0,0.0,0.1,0.0,-0.1,0.0,0.1,0,0,-0.008003479773814702,0.0001,1.2175443328248796,1.337618463429082,0.08976710017622186,0.007436313912564857,0.36337029035375584,0.16730752370955648,0.16730752370955648,0.004106052116449246,-0.020094959871551316
1223,20.94,-0.009929078014184271,-1.0,0.0,0.4139556348370333,0.0,0.0,0.0,0.0,0.0,0.0,0.0,0,0,-0.0,0.0,1.2175443328248796,1.337618463429082,0.08976710017622186,0.0,0.0,0.0,0.0,0.0,-5e-05
1224,21.56,0.029608404966571033,-1.0,0.0,0.4139556348370333,0.0,0.0,0.0,0.0,0.0,0.0,0.0,0,0,0.0,0.0,1.2175443328248796,1.337618463429082,0.08976710017622186,0.0,0.0,0.0,0.0,0.0,-5e-05
1225,21.9,0.015769944341372907,-1.0,0.0,0.4139556348370333,0.0,0.0,0.0,0.0,0.0,0.0,0.0,0,0,0.0,0.0,1.2175443328248796,1.337618463429082,0.08976710017622186,0.0,0.0,0.0,0.0,0.0,-5e-05
1226,21.15,-0.03424657534246576,-1.0,0.0,0.4139556348370333,0.0,0.0,0.0,0.0,0.0,0.0,0.0,0,0,-0.0,0.0,1.2175443328248796,1.337618463429082,0.08976710017622186,0.0,0.0,0.0,0.0,0.0,-5e-05
1227,20.58,-0.026950354609929093,-1.0,0.0,0.4139556348370333,0.0,0.0,0.0,0.0,0.0,0.0,0.0,0,0,-0.0,0.0,1.2175443328248796,1.337618463429082,0.08976710017622186,0.0,0.0,0.0,0.0,0.0,-5e-05
1228,20.71,0.006316812439261544,-1.0,0.0,0.4139556348370333,0.0,0.0,0.0,0.0,0.0,0.0,0.0,0,0,0.0,0.0,1.2175443328248796,1.337618463429082,0.08976710017622186,0.0,0.0,0.0,0.0,0.0,-5e-05
1229,20.78,0.003380009657170463,-1.0,0.0,0.4139556348370333,0.0,0.0,0.0,0.0,0.0,0.0,0.0,0,0,0.0,0.0,1.2175443328248796,1.337618463429082,0.08976710017622186,0.0,0.0,0.0,0.0,0.0,-5e-05
1230,21.12,0.016361886429258895,-1.0,0.0,0.4139556348370333,0.0,0.0,0.0,0.0,0.0,0.0,0.0,0,0,0.0,0.0,1.2175443328248796,1.337618463429082,0.08976710017622186,0.0,0.0,0.0,0.0,0.0,-5e-05
1231,20.77,-0.016571969696969762,-1.0,0.0,0.4139556348370333,0.0,0.0,0.0,0.0,0.0,0.0,0.0,0,0,-0.0,0.0,1.2175443328248796,1.337618463429082,0.08976710017622186,0.0,0.0,0.0,0.0,0.0,-5e-05
1232,20.95,0.008666345690900324,-1.0,0.0,0.4139556348370333,0.0,0.0,0.0,0.0,0.0,0.0,0.0,0,0,0.0,0.0,1.2175443328248796,1.337618463429082,0.08976710017622186,0.0,0.0,0.0,0.0,0.0,-5e-05
1233,22.22,0.06062052505966585,-1.0,0.0,0.4139556348370333,0.0,0.0,0.0,0.0,0.0,0.0,0.0,0,0,0.0,0.0,1.2175443328248796,1.337618463429082,0.08976710017622186,0.0,0.0,0.0,0.0,0.0,-5e-05
1234,23.43,0.0544554455445545,-1.0,0.0,0.4139556348370333,0.0,0.0,0.0,0.0,0.0,0.0,0.0,0,0,0.0,0.0,1.2175443328248796,1.337618463429082,0.08976710017622186,0.0,0.23334720474053752,0.0965953902758164,0.0965953902758164,0.001801299185548202,-0.006658251603203275
1235,22.63,-0.034144259496372203,1.0,0.1,0.4139556348370333,0.1,0.1,0.0,0.1,0.1,0.0,0.0,0,0,-0.0,0.0001,1.217422578391597,1.337618463429082,0.08985812346620428,9.10232899824226e-05,0.42498859270534983,0.17592642269184047,0.07592642269184047,0.0012552801403355083,-0.008876086216326457
1236,20.7,-0.08528501988510825,-1.0,0.0,0.4133867364423437,0.0,0.0,0.1,0.1,-0.0,0.1,0.0,0,0,-0.008528501988510826,0.0,1.2070397875109262,1.337618463429082,0.09762027027004984,0.007762146803845557,0.25000189315160226,0.10334746671434837,0.0033474667143483655,1.1620522376687614e-05,-0.012736154694464753
1237,19.95,-0.036231884057971016,-1.0,0.0,0.36487330534151907,0.0,0.0,0.1,0.0,-0.1,0.0,0.1,0,0,-0.003623188405797102,0.0001,1.2025457509687298,1.337618463429082,0.10098000001740663,0.0033597297473567933,0.0,0.0,0.0,0.0,-0.0041231884057971015
1238,19.95,0.0,-1.0,0.0,0.34693750403825296,0.0,0.0,0.0,0.0,0.0,0.0,0.0,0,0,0.0,0.0,1.2025457509687298,1.337618463429082,0.10098000001740663,0.0,0.0,0.0,0.0,0.0,-5e-05
1239,19.85,-0.005012531328320695,-1.0,0.0,0.34693750403825296,0.0,0.0,0.0,0.0,0.0,0.0,0.0,0,0,-0.0,0.0,1.2025457509687298,1.337618463429082,0.10098000001740663,0.0,0.0,0.0,0.0,0.0,-5e-05
1240,19.84,-0.0005037783375315648,-1.0,0.0,0.34693750403825296,0.0,0.0,0.0,0.0,0.0,0.0,0.0,0,0,-0.0,0.0,1.2025457509687298,1.337618463429082,0.10098000001740663,0.0,0.0,0.0,0.0,0.0,-5e-05
1241,19.34,-0.02520161290322581,-1.0,0.0,0.34693750403825296,0.0,0.0,0.0,0.0,0.0,0.0,0.0,0,0,-0.0,0.0,1.2025457509687298,1.337618463429082,0.10098000001740663,0.0,0.0,0.0,0.0,0.0,-5e-05
1242,19.36,0.0010341261633919118,-1.0,0.0,0.34693750403825296,0.0,0.0,0.0,0.0,0.0,0.0,0.0,0,0,0.0,0.0,1.2025457509687298,1.337618463429082,0.10098000001740663,0.0,0.0,0.0,0.0,0.0,-5e-05
1243,18.55,-0.04183884297520655,-1.0,0.0,0.34693750403825296,0.0,0.0,0.0,0.0,0.0,0.0,0.0,0,0,-0.0,0.0,1.2025457509687298,1.337618463429082,0.10098000001740663,0.0,0.0,0.0,0.0,0.0,-5e-05
1244,18.86,0.01671159029649589,-1.0,0.0,0.34693750403825296,0.0,0.0,0.0,0.0,0.0,0.0,0.0,0,0,0.0,0.0,1.2025457509687298,1.337618463429082,0.10098000001740663,0.0,0.0,0.0,0.0,0.0,-5e-05
1245,20.9,0.10816542948038171,-1.0,0.0,0.34693750403825296,0.0,0.0,0.0,0.0,0.0,0.0,0.0,1,0,0.0,0.0,1.2025457509687298,1.337618463429082,0.10098000001740663,0.0,0.0,0.0,0.0,0.0,-5e-05
1246,19.79,-0.05311004784688993,-1.0,0.0,0.34693750403825296,0.0,0.0,0.0,0.0,0.0,0.0,0.0,0,0,-0.0,0.0,1.2025457509687298,1.337618463429082,0.10098000001740663,0.0,0.17816764639995264,0.061813038542369594,0.061813038542369594,0.0009220859177749208,-0.004642339433613946
1247,20.88,0.05507832238504295,-1.0,0.0,0.34693750403825296,0.0,0.0,0.0,0.0,0.0,0.0,0.0,0,0,0.0,0.0,1.2025457509687298,1.337618463429082,0.10098000001740663,0.0,0.016611014335128634,0.005762983852973168,0.005762983852973168,2.624957973045208e-05,-0.00041843647503410196
1248,18.77,-0.10105363984674327,-1.0,0.0,0.34693750403825296,0.0,0.0,0.0,0.0,0.0,0.0,0.0,0,1,-0.0,0.0,1.2025457509687298,1.337618463429082,0.10098000001740663,0.0,0.24515767862215374,0.08505439311698218,0.08505439311698218,0.0014883201979085411,-0.006588568377524908
1249,19.13,0.01917954182205644,-1.0,0.0,0.34693750403825296,0.0,0.0,0.0,0.0,0.0,0.0,0.0,0,0,0.0,0.0,1.2025457509687298,1.337618463429082,0.10098000001740663,0.0,0.0,0.0,0.0,0.0,-5e-05
1250,20.04,0.04756926293779405,-1.0,0.0,0.34693750403825296,0.0,0.0,0.0,0.0,0.0,0.0,0.0,0,0,0.0,0.0,1.2025457509687298,1.337618463429082,0.10098000001740663,0.0,0.0,0.0,0.0,0.0,-5e-05
1251,20.25,0.010479041916167707,-1.0,0.0,0.34693750403825296,0.0,0.0,0.0,0.0,0.0,0.0,0.0,0,0,0.0,0.0,1.2025457509687298,1.337618463429082,0.10098000001740663,0.0,0.0,0.0,0.0,0.0,-5e-05
1252,20.36,0.005432098765432071,-1.0,0.0,0.34693750403825296,0.0,0.0,0.0,0.0,0.0,0.0,0.0,0,0,0.0,0.0,1.2025457509687298,1.337618463429082,0.10098000001740663,0.0,0.06784052219498495,0.02353642144297978,0.02353642144297978,0.00021665159878813032,-0.0016641663560048202
1253,19.7,-0.03241650294695482,-1.0,0.0,0.34693750403825296,0.0,0.0,0.0,0.0,0.0,0.0,0.0,0,0,-0.0,0.0,1.2025457509687298,1.337618463429082,0.10098000001740663,0.0,0.0,0.0,0.0,0.0,-5e-05
1254,19.44,-0.013197969543147108,-1.0,0.0,0.34693750403825296,0.0,0.0,0.0,0.0,0.0,0.0,0.0,0,0,-0.0,0.0,1.2025457509687298,1.337618463429082,0.10098000001740663,0.0,0.11357722691853797,0.03940419962270384,0.03940419962270384,0.0004693156279404476,-0.00285900650246233
1255,18.76,-0.034979423868312744,-1.0,0.0,0.34693750403825296,0.0,0.0,0.0,0.0,0.0,0.0,0.0,0,0,-0.0,0.0,1.2025457509687298,1.337618463429082,0.10098000001740663,0.0,0.012782582350436465,0.004434757215823852,0.004434757215823852,1.771968608937853e-05,-0.0003310408825083697
1256,18.67,-0.004797441364605535,-1.0,0.0,0.34693750403825296,0.0,0.0,0.0,0.0,0.0,0.0,0.0,0,0,-0.0,0.0,1.2025457509687298,1.337618463429082,0.10098000001740663,0.0,0.0,0.0,0.0,0.0,-5e-05
1257,17.65,-0.05463310123192303,-1.0,0.0,0.34693750403825296,0.0,0.0,0.0,0.0,0.0,0.0,0.0,0,0,-0.0,0.0,1.2025457509687298,1.337618463429082,0.10098000001740663,0.0,0.0,0.0,0.0,0.0,-5e-05
1258,17.53,-0.006798866855523935,-1.0,0.0,0.34693750403825296,0.0,0.0,0.0,0.0,0.0,0.0,0.0,0,0,-0.0,0.0,1.2025457509687298,1.337618463429082,0.10098000001740663,0.0,0.0,0.0,0.0,0.0,-5e-05
1259,17.91,0.02167712492869361,-1.0,0.0,0.34693750403825296,0.0,0.0,0.0,0.0,0.0,0.0,0.0,0,0,0.0,0.0,1.2025457509687298,1.337618463429082,0.10098000001740663,0.0,0.0,0.0,0.0,0.0,-5e-05
1260,17.73,-0.010050251256281392,-1.0,0.0,0.34693750403825296,0.0,0.0,0.0,0.0,0.0,0.0,0.0,0,0,-0.0,0.0,1.2025457509687298,1.337618463429082,0.10098000001740663,0.0,0.0,0.0,0.0,0.0,-5e-05
1261,17.31,-0.023688663282572006,-1.0,0.0,0.34693750403825296,0.0,0.0,0.0,0.0,0.0,0.0,0.0,0,0,-0.0,0.0,1.2025457509687298,1.337618463429082,0.10098000001740663,0.0,0.0,0.0,0.0,0.0,-5e-05
1262,17.04,-0.015597920277296336,-1.0,0.0,0.34693750403825296,0.0,0.0,0.0,0.0,0.0,0.0,0.0,0,0,-0.0,0.0,1.2025457509687298,1.337618463429082,0.10098000001740663,0.0,0.0,0.0,0.0,0.0,-5e-05
1263,16.58,-0.026995305164319302,-1.0,0.0,0.34693750403825296,0.0,0.0,0.0,0.0,0.0,0.0,0.0,0,0,-0.0,0.0,1.2025457509687298,1.337618463429082,0.10098000001740663,0.0,0.0,0.0,0.0,0.0,-5e-05
1264,16.75,0.010253317249698536,-1.0,0.0,0.34693750403825296,0.0,0.0,0.0,0.0,0.0,0.0,0.0,0,0,0.0,0.0,1.2025457509687298,1.337618463429082,0.10098000001740663,0.0,0.0,0.0,0.0,0.0,-5e-05
1265,16.93,0.010746268656716402,-1.0,0.0,0.34693750403825296,0.0,0.0,0.0,0.0,0.0,0.0,0.0,0,0,0.0,0.0,1.2025457509687298,1.337618463429082,0.10098000001740663,0.0,0.0,0.0,0.0,0.0,-5e-05
1266,16.85,-0.004725339633786078,-1.0,0.0,0.34693750403825296,0.0,0.0,0.0,0.0,0.0,0.0,0.0,0,0,-0.0,0.0,1.2025457509687298,1.337618463429082,0.10098000001740663,0.0,0.0,0.0,0.0,0.0,-5e-05
1267,16.76,-0.005341246290801178,-1.0,0.0,0.34693750403825296,0.0,0.0,0.0,0.0,0.0,0.0,0.0,0,0,-0.0,0.0,1.2025457509687298,1.337618463429082,0.10098000001740663,0.0,0.0,0.0,0.0,0.0,-5e-05
1268,18.39,0.09725536992840089,-1.0,0.0,0.34693750403825296,0.0,0.0,0.0,0.0,0.0,0.0,0.0,0,0,0.0,0.0,1.2025457509687298,1.337618463429082,0.10098000001740663,0.0,0.0,0.0,0.0,0.0,-5e-05
1269,17.74,-0.03534529635671572,-1.0,0.0,0.34693750403825296,0.0,0.0,0.0,0.0,0.0,0.0,0.0,0,0,-0.0,0.0,1.2025457509687298,1.337618463429082,0.10098000001740663,0.0,0.3040850586082201,0.10549851124886175,0.10549851124886175,0.0020559888119014366,-0.00837014101923077
1270,18.18,0.024802705749718226,-1.0,0.0,0.34693750403825296,0.0,0.0,0.0,0.0,0.0,0.0,0.0,0,0,0.0,0.0,1.2025457509687298,1.337618463429082,0.10098000001740663,0.0,0.13886108610000725,0.048176118619577456,0.048176118619577456,0.0006344522788293759,-0.003544990652489525
1271,18.25,0.003850385038503866,-1.0,0.0,0.34693750403825296,0.0,0.0,0.0,0.0,0.0,0.0,0.0,0,0,0.0,0.0,1.2025457509687298,1.337618463429082,0.10098000001740663,0.0,0.22083434401411545,0.07661571611818212,0.07661571611818212,0.0012724128554939468,-0.005871600342184725
1272,18.15,-0.005479452054794599,-1.0,0.0,0.34693750403825296,0.0,0.0,0.0,0.0,0.0,0.0,0.0,0,0,-0.0,0.0,1.2025457509687298,1.337618463429082,0.10098000001740663,0.0,0.2575172051836995,0.08934237641333938,0.08934237641333938,0.0016022766379276568,-0.006957131064711867
1273,17.71,-0.024242424242424118,-1.0,0.0,0.34693750403825296,0.0,0.0,0.0,0.0,0.0,0.0,0.0,0,0,-0.0,0.0,1.2025457509687298,1.337618463429082,0.10098000001740663,0.0,0.2582102486872654,0.08958281919665644,0.08958281919665644,0.0016087491813981708,-0.006977880304355838
1274,17.31,-0.0225861095426314,-1.0,0.0,0.34693750403825296,0.0,0.0,0.0,0.0,0.0,0.0,0.0,0,0,-0.0,0.0,1.2025457509687298,1.337618463429082,0.10098000001740663,0.0,0.0,0.0,0.0,0.0,-5e-05
1275,17.62,0.017908723281340397,-1.0,0.0,0.34693750403825296,0.0,0.0,0.0,0.0,0.0,0.0,0.0,0,0,0.0,0.0,1.2025457509687298,1.337618463429082,0.10098000001740663,0.0,0.0,0.0,0.0,0.0,-5e-05
1276,17.2,-0.023836549375709518,-1.0,0.0,0.34693750403825296,0.0,0.0,0.0,0.0,0.0,0.0,0.0,0,0,-0.0,0.0,1.2025457509687298,1.337618463429082,0.10098000001740663,0.0,0.0,0.0,0.0,0.0,-5e-05
1277,16.33,-0.050581395348837266,-1.0,0.0,0.34693750403825296,0.0,0.0,0.0,0.0,0.0,0.0,0.0,0,0,-0.0,0.0,1.2025457509687298,1.337618463429082,0.10098000001740663,0.0,0.0,0.0,0.0,0.0,-5e-05
1278,15.87,-0.028169014084506987,-1.0,0.0,0.34693750403825296,0.0,0.0,0.0,0.0,0.0,0.0,0.0,0,0,-0.0,0.0,1.2025457509687298,1.337618463429082,0.10098000001740663,0.0,0.0,0.0,0.0,0.0,-5e-05
1279,15.73,-0.008821676118462431,-1.0,0.0,0.34693750403825296,0.0,0.0,0.0,0.0,0.0,0.0,0.0,0,0,-0.0,0.0,1.2025457509687298,1.337618463429082,0.10098000001740663,0.0,0.0,0.0,0.0,0.0,-5e-05
1280,15.37,-0.022886204704386598,-1.0,0.0,0.34693750403825296,0.0,0.0,0.0,0.0,0.0,0.0,0.0,0,0,-0.0,0.0,1.2025457509687298,1.337618463429082,0.10098000001740663,0.0,0.0,0.0,0.0,0.0,-5e-05
1281,14.98,-0.025374105400130045,-1.0,0.0,0.34693750403825296,0.0,0.0,0.0,0.0,0.0,0.0,0.0,0,0,-0.0,0.0,1.2025457509687298,1.337618463429082,0.10098000001740663,0.0,0.0,0.0,0.0,0.0,-5e-05
1282,14.62,-0.02403204272363159,-1.0,0.0,0.34693750403825296,0.0,0.0,0.0,0.0,0.0,0.0,0.0,0,0,-0.0,0.0,1.2025457509687298,1.337618463429082,0.10098000001740663,0.0,0.0,0.0,0.0,0.0,-5e-05
1283,13.0,-0.11080711354309161,-1.0,0.0,0.34693750403825296,0.0,0.0,0.0,0.0,0.0,0.0,0.0,0,1,-0.0,0.0,1.2025457509687298,1.337618463429082,0.10098000001740663,0.0,0.0,0.0,0.0,0.0,-5e-05
1284,12.21,-0.0607692307692307,-1.0,0.0,0.34693750403825296,0.0,0.0,0.0,0.0,0.0,0.0,0.0,0,0,-0.0,0.0,1.2025457509687298,1.337618463429082,0.10098000001740663,0.0,0.0,0.0,0.0,0.0,-5e-05
1285,11.99,-0.01801801801801807,-1.0,0.0,0.34693750403825296,0.0,0.0,0.0,0.0,0.0,0.0,0.0,0,0,-0.0,0.0,1.2025457509687298,1.337618463429082,0.10098000001740663,0.0,0.0,0.0,0.0,0.0,-5e-05
1286,12.28,0.024186822351959895,-1.0,0.0,0.34693750403825296,0.0,0.0,0.0,0.0,0.0,0.0,0.0,0,0,0.0,0.0,1.2025457509687298,1.337618463429082,0.10098000001740663,0.0,0.0,0.0,0.0,0.0,-5e-05
1287,12.52,0.019543973941368097,-1.0,0.0,0.34693750403825296,0.0,0.0,0.0,0.0,0.0,0.0,0.0,0,0,0.0,0.0,1.2025457509687298,1.337618463429082,0.10098000001740663,0.0,0.0,0.0,0.0,0.0,-5e-05
1288,13.05,0.04233226837060712,-1.0,0.0,0.34693750403825296,0.0,0.0,0.0,0.0,0.0,0.0,0.0,0,0,0.0,0.0,1.2025457509687298,1.337618463429082,0.10098000001740663,0.0,0.0,0.0,0.0,0.0,-5e-05
1289,13.17,0.009195402298850514,-1.0,0.0,0.34693750403825296,0.0,0.0,0.0,0.0,0.0,0.0,0.0,0,0,0.0,0.0,1.2025457509687298,1.337618463429082,0.10098000001740663,0.0,0.0,0.0,0.0,0.0,-5e-05
1290,12.98,-0.014426727410782042,-1.0,0.0,0.34693750403825296,0.0,0.0,0.0,0.0,0.0,0.0,0.0,0,0,-0.0,0.0,1.2025457509687298,1.337618463429082,0.10098000001740663,0.0,0.023973886129609434,0.00831744021590399,0.00831744021590399,4.551303345213995e-05,-0.0005893750877220944
1291,13.05,0.0053929121725732115,-1.0,0.0,0.34693750403825296,0.0,0.0,0.0,0.0,0.0,0.0,0.0,0,0,0.0,0.0,1.2025457509687298,1.337618463429082,0.10098000001740663,0.0,0.03631580132544299,0.012599313468998268,0.012599313468998268,8.485385396426552e-05,-0.000882959361268391
1292,13.2,0.011494252873563109,-1.0,0.0,0.34693750403825296,0.0,0.0,0.0,0.0,0.0,0.0,0.0,0,0,0.0,0.0,1.2025457509687298,1.337618463429082,0.10098000001740663,0.0,0.0128449577026504,0.004456397564834462,0.004456397564834462,1.784954469954185e-05,-0.0003324556733741401
1293,13.42,0.016666666666666715,-1.0,0.0,0.34693750403825296,0.0,0.0,0.0,0.0,0.0,0.0,0.0,0,0,0.0,0.0,1.2025457509687298,1.337618463429082,0.10098000001740663,0.0,0.025243354905042092,0.008757866544307094,0.008757866544307094,4.9175494389731264e-05,-0.0006191886054335983
1294,13.84,0.03129657228017883,-1.0,0.0,0.34693750403825296,0.0,0.0,0.0,0.0,0.0,0.0,0.0,0,0,0.0,0.0,1.2025457509687298,1.337618463429082,0.10098000001740663,0.0,0.0,0.0,0.0,0.0,-5e-05
1295,13.75,-0.0065028901734103944,-1.0,0.0,0.34693750403825296,0.0,0.0,0.0,0.0,0.0,0.0,0.0,0,0,-0.0,0.0,1.2025457509687298,1.337618463429082,0.10098000001740663,0.0,0.11818429615734619,0.04100256472534738,0.04100256472534738,0.0004981587748785063,-0.0029827552757198377
1296,14.04,0.02109090909090903,-1.0,0.0,0.34693750403825296,0.0,0.0,0.0,0.0,0.0,0.0,0.0,0,0,0.0,0.0,1.2025457509687298,1.337618463429082,0.10098000001740663,0.0,0.15165236249514022,0.052613892125568315,0.052613892125568315,0.0007241055820523065,-0.003898144249452195
1297,13.86,-0.012820512820512801,-1.0,0.0,0.34693750403825296,0.0,0.0,0.0,0.0,0.0,0.0,0.0,0,0,-0.0,0.0,1.2025457509687298,1.337618463429082,0.10098000001740663,0.0,0.24244861743821935,0.08411451819154107,0.08411451819154107,0.0014637189411522082,-0.006508160460379527
1298,14.56,0.05050505050505059,-1.0,0.0,0.34693750403825296,0.0,0.0,0.0,0.0,0.0,0.0,0.0,0,0,0.0,0.0,1.2025457509687298,1.337618463429082,0.10098000001740663,0.0,0.1691066458923765,0.058669437642181785,0.058669437642181785,0.0008526467451511118,-0.004386243650534068
1299,14.82,0.017857142857142842,0.47086653113365173,0.04708665311336518,0.34693750403825296,0.04708665311336518,0.04708665311336518,0.0,0.04708665311336518,0.04708665311336518,0.0,0.0,0,0,0.0,4.708665311336518e-05,1.202489127114101,1.337618463429082,0.10102233186028785,4.233184288121583e-05,0.34132496264301726,0.11841843060531834,0.07133177749195316,0.0011430778773224362,-0.007672389865618636
1300,14.86,0.00269905533063422,-0.010875944048166275,0.04599905870854855,0.3468052096665305,0.04599905870854855,0.04599905870854855,0.04708665311336518,0.04708665311336518,-0.0,0.04708665311336518,0.0,0,0,0.0001270894820873527,0.0,1.2026419508344814,1.337618463429082,0.10090808125403596,0.0,0.33912927550161265,0.11761179949439536,0.07052514638103019,0.0011237436347159835,-0.007273264085849778
1301,14.39,-0.03162853297442792,1.0,0.1470866531133652,0.3471622554585692,0.1470866531133652,0.1470866531133652,0.04708665311336518,0.1470866531133652,0.1,0.0,0.04708665311336518,0,0,-0.0014892817606515197,0.0001,1.2007306139174259,1.337618463429082,0.10233699164164808,0.0014289103876121284,0.37042043316287515,0.12859599304476393,0.0,0.0,-0.007637902069393549
1302,14.8,0.0284920083391244,-1.0,0.047086653113365184,0.34269688967624495,0.047086653113365184,0.047086653113365184,0.1470866531133652,0.1,-0.047086653113365184,0.1,0.047086653113365184,0,0,0.004190794147079899,4.7086653113365184e-05,1.2057060903605505,1.337618463429082,0.09861733870685703,0.0,0.17407559376756848,0.05965516455269125,0.0,0.0,0.0010736191140210904
1303,14.57,-0.01554054054054057,-1.0,0.0,0.35864163973040775,0.0,0.0,0.1,0.0,-0.1,0.0,0.1,0,0,-0.001554054054054057,0.0001,1.203711787313792,1.337618463429082,0.10010827435202306,0.0014909356451660305,0.33466383081906115,0.12002438504340786,0.12002438504340786,0.002494913451934538,-0.011443042420861254
1304,14.41,-0.010981468771448191,-0.9316238760948181,0.0,0.3496616458520336,0.0,0.0,0.0,0.0,0.0,0.0,0.0,0,0,-0.0,0.0,1.203711787313792,1.337618463429082,0.10010827435202306,0.0,0.11105821660097477,0.038832798802088474,0.038832798802088474,0.0004591443974428302,-0.0027969436594229105
1305,14.02,-0.027064538514920234,-1.0,0.0,0.3496616458520336,0.0,0.0,0.0,0.0,0.0,0.0,0.0,0,0,-0.0,0.0,1.203711787313792,1.337618463429082,0.10010827435202306,0.0,0.0,0.0,0.0,0.0,-5e-05
1306,14.17,0.01069900142653355,-1.0,0.0,0.3496616458520336,0.0,0.0,0.0,0.0,0.0,0.0,0.0,0,0,0.0,0.0,1.203711787313792,1.337618463429082,0.10010827435202306,0.0,0.0,0.0,0.0,0.0,-5e-05
1307,13.85,-0.02258292166549049,-1.0,0.0,0.3496616458520336,0.0,0.0,0.0,0.0,0.0,0.0,0.0,0,0,-0.0,0.0,1.203711787313792,1.337618463429082,0.10010827435202306,0.0,0.0,0.0,0.0,0.0,-5e-05
1308,13.34,-0.03682310469314078,-1.0,0.0,0.3496616458520336,0.0,0.0,0.0,0.0,0.0,0.0,0.0,0,0,-0.0,0.0,1.203711787313792,1.337618463429082,0.10010827435202306,0.0,0.0,0.0,0.0,0.0,-5e-05
1309,13.6,0.019490254872563704,-1.0,0.0,0.3496616458520336,0.0,0.0,0.0,0.0,0.0,0.0,0.0,0,0,0.0,0.0,1.203711787313792,1.337618463429082,0.10010827435202306,0.0,0.0,0.0,0.0,0.0,-5e-05
1310,13.4,-0.014705882352941124,-1.0,0.0,0.3496616458520336,0.0,0.0,0.0,0.0,0.0,0.0,0.0,0,0,-0.0,0.0,1.203711787313792,1.337618463429082,0.10010827435202306,0.0,0.0,0.0,0.0,0.0,-5e-05
1311,13.55,0.011194029850746294,-1.0,0.0,0.3496616458520336,0.0,0.0,0.0,0.0,0.0,0.0,0.0,0,0,0.0,0.0,1.203711787313792,1.337618463429082,0.10010827435202306,0.0,0.0,0.0,0.0,0.0,-5e-05
1312,13.6,0.0036900369003689247,-1.0,0.0,0.3496616458520336,0.0,0.0,0.0,0.0,0.0,0.0,0.0,0,0,0.0,0.0,1.203711787313792,1.337618463429082,0.10010827435202306,0.0,0.0,0.0,0.0,0.0,-5e-05
1313,13.23,-0.027205882352941118,-1.0,0.0,0.3496616458520336,0.0,0.0,0.0,0.0,0.0,0.0,0.0,0,0,-0.0,0.0,1.203711787313792,1.337618463429082,0.10010827435202306,0.0,0.0,0.0,0.0,0.0,-5e-05
1314,12.6,-0.04761904761904768,-1.0,0.0,0.3496616458520336,0.0,0.0,0.0,0.0,0.0,0.0,0.0,0,0,-0.0,0.0,1.203711787313792,1.337618463429082,0.10010827435202306,0.0,0.0,0.0,0.0,0.0,-5e-05
1315,12.7,0.007936507936507908,-1.0,0.0,0.3496616458520336,0.0,0.0,0.0,0.0,0.0,0.0,0.0,0,0,0.0,0.0,1.203711787313792,1.337618463429082,0.10010827435202306,0.0,0.0,0.0,0.0,0.0,-5e-05
1316,12.78,0.006299212598425203,-1.0,0.0,0.3496616458520336,0.0,0.0,0.0,0.0,0.0,0.0,0.0,0,0,0.0,0.0,1.203711787313792,1.337618463429082,0.10010827435202306,0.0,0.0,0.0,0.0,0.0,-5e-05
1317,14.21,0.11189358372456976,-1.0,0.0,0.3496616458520336,0.0,0.0,0.0,0.0,0.0,0.0,0.0,1,0,0.0,0.0,1.203711787313792,1.337618463429082,0.10010827435202306,0.0,0.0,0.0,0.0,0.0,-5e-05
1318,14.04,-0.011963406052076122,-1.0,0.0,0.3496616458520336,0.0,0.0,0.0,0.0,0.0,0.0,0.0,0,0,-0.0,0.0,1.203711787313792,1.337618463429082,0.10010827435202306,0.0,0.16777512552741888,0.05866452652494882,0.05866452652494882,0.0008525396870133541,-0.0043587072728781835
1319,13.71,-0.023504273504273383,-1.0,0.0,0.3496616458520336,0.0,0.0,0.0,0.0,0.0,0.0,0.0,0,0,-0.0,0.0,1.203711787313792,1.337618463429082,0.10010827435202306,0.0,0.19672934580982823,0.0687887068432584,0.0687887068432584,0.0010824976650212063,-0.0051851221887036685
1320,13.53,-0.013129102844639058,-1.0,0.0,0.3496616458520336,0.0,0.0,0.0,0.0,0.0,0.0,0.0,0,0,-0.0,0.0,1.203711787313792,1.337618463429082,0.10010827435202306,0.0,0.23328094140996058,0.08156939791931864,0.08156939791931864,0.0013977906639653535,-0.006253378057010542
1321,13.45,-0.005912786400591284,-1.0,0.0,0.3496616458520336,0.0,0.0,0.0,0.0,0.0,0.0,0.0,0,0,-0.0,0.0,1.203711787313792,1.337618463429082,0.10010827435202306,0.0,0.16529721166967862,0.0577980950871718,0.0577980950871718,0.0008337225306828659,-0.004288845091078246
1322,13.23,-0.01635687732341999,-1.0,0.0,0.3496616458520336,0.0,0.0,0.0,0.0,0.0,0.0,0.0,0,0,-0.0,0.0,1.203711787313792,1.337618463429082,0.10010827435202306,0.0,0.12730433475202949,0.04451344321349286,0.04451344321349286,0.0005634923627137998,-0.0032359616586056074
1323,13.48,0.01889644746787604,-1.0,0.0,0.3496616458520336,0.0,0.0,0.0,0.0,0.0,0.0,0.0,0,0,0.0,0.0,1.203711787313792,1.337618463429082,0.10010827435202306,0.0,0.0,0.0,0.0,0.0,-5e-05
1324,13.62,0.010385756676557773,-1.0,0.0,0.3496616458520336,0.0,0.0,0.0,0.0,0.0,0.0,0.0,0,0,0.0,0.0,1.203711787313792,1.337618463429082,0.10010827435202306,0.0,0.0,0.0,0.0,0.0,-5e-05
1325,13.0,-0.045521292217327404,-1.0,0.0,0.3496616458520336,0.0,0.0,0.0,0.0,0.0,0.0,0.0,0,0,-0.0,0.0,1.203711787313792,1.337618463429082,0.10010827435202306,0.0,0.0,0.0,0.0,0.0,-5e-05
1326,13.02,0.0015384615384615057,-1.0,0.0,0.3496616458520336,0.0,0.0,0.0,0.0,0.0,0.0,0.0,0,0,0.0,0.0,1.203711787313792,1.337618463429082,0.10010827435202306,0.0,0.0,0.0,0.0,0.0,-5e-05
1327,12.77,-0.019201228878648235,-1.0,0.0,0.3496616458520336,0.0,0.0,0.0,0.0,0.0,0.0,0.0,0,0,-0.0,0.0,1.203711787313792,1.337618463429082,0.10010827435202306,0.0,0.0,0.0,0.0,0.0,-5e-05
1328,12.66,-0.008613938919342165,-1.0,0.0,0.3496616458520336,0.0,0.0,0.0,0.0,0.0,0.0,0.0,0,0,-0.0,0.0,1.203711787313792,1.337618463429082,0.10010827435202306,0.0,0.0,0.0,0.0,0.0,-5e-05
1329,12.32,-0.026856240126382293,-1.0,0.0,0.3496616458520336,0.0,0.0,0.0,0.0,0.0,0.0,0.0,0,0,-0.0,0.0,1.203711787313792,1.337618463429082,0.10010827435202306,0.0,0.0,0.0,0.0,0.0,-5e-05
1330,12.38,0.004870129870129911,-1.0,0.0,0.3496616458520336,0.0,0.0,0.0,0.0,0.0,0.0,0.0,0,0,0.0,0.0,1.203711787313792,1.337618463429082,0.10010827435202306,0.0,0.0,0.0,0.0,0.0,-5e-05
1331,13.25,0.07027463651050074,-1.0,0.0,0.3496616458520336,0.0,0.0,0.0,0.0,0.0,0.0,0.0,0,0,0.0,0.0,1.203711787313792,1.337618463429082,0.10010827435202306,0.0,0.0,0.0,0.0,0.0,-5e-05
1332,13.57,0.024150943396226438,-1.0,0.0,0.3496616458520336,0.0,0.0,0.0,0.0,0.0,0.0,0.0,0,0,0.0,0.0,1.203711787313792,1.337618463429082,0.10010827435202306,0.0,0.0608781645711767,0.021286759220408607,0.021286759220408607,0.00018634406795358307,-0.0014904342581198232
1333,12.65,-0.06779661016949153,-1.0,0.0,0.3496616458520336,0.0,0.0,0.0,0.0,0.0,0.0,0.0,0,0,-0.0,0.0,1.203711787313792,1.337618463429082,0.10010827435202306,0.0,0.22412239128250072,0.07836700420813267,0.07836700420813267,0.0013162885935376926,-0.005983209853957207
1334,12.33,-0.025296442687747056,-1.0,0.0,0.3496616458520336,0.0,0.0,0.0,0.0,0.0,0.0,0.0,0,0,-0.0,0.0,1.203711787313792,1.337618463429082,0.10010827435202306,0.0,0.0,0.0,0.0,0.0,-5e-05
1335,11.92,-0.033252230332522316,-1.0,0.0,0.3496616458520336,0.0,0.0,0.0,0.0,0.0,0.0,0.0,0,0,-0.0,0.0,1.203711787313792,1.337618463429082,0.10010827435202306,0.0,0.0,0.0,0.0,0.0,-5e-05
1336,11.75,-0.014261744966442946,-1.0,0.0,0.3496616458520336,0.0,0.0,0.0,0.0,0.0,0.0,0.0,0,0,-0.0,0.0,1.203711787313792,1.337618463429082,0.10010827435202306,0.0,0.0,0.0,0.0,0.0,-5e-05
1337,11.53,-0.018723404255319202,-1.0,0.0,0.3496616458520336,0.0,0.0,0.0,0.0,0.0,0.0,0.0,0,0,-0.0,0.0,1.203711787313792,1.337618463429082,0.10010827435202306,0.0,0.0,0.0,0.0,0.0,-5e-05
1338,11.64,0.009540329575021787,-1.0,0.0,0.3496616458520336,0.0,0.0,0.0,0.0,0.0,0.0,0.0,0,0,0.0,0.0,1.203711787313792,1.337618463429082,0.10010827435202306,0.0,0.0,0.0,0.0,0.0,-5e-05
1339,11.36,-0.02405498281786951,-1.0,0.0,0.3496616458520336,0.0,0.0,0.0,0.0,0.0,0.0,0.0,0,0,-0.0,0.0,1.203711787313792,1.337618463429082,0.10010827435202306,0.0,0.0,0.0,0.0,0.0,-5e-05
1340,11.6,0.021126760563380302,-1.0,0.0,0.3496616458520336,0.0,0.0,0.0,0.0,0.0,0.0,0.0,0,0,0.0,0.0,1.203711787313792,1.337618463429082,0.10010827435202306,0.0,0.0,0.0,0.0,0.0,-5e-05
1341,11.31,-0.02499999999999993,-1.0,0.0,0.3496616458520336,0.0,0.0,0.0,0.0,0.0,0.0,0.0,0,0,-0.0,0.0,1.203711787313792,1.337618463429082,0.10010827435202306,0.0,0.0,0.0,0.0,0.0,-5e-05
1342,11.17,-0.01237842617152967,-1.0,0.0,0.3496616458520336,0.0,0.0,0.0,0.0,0.0,0.0,0.0,0,0,-0.0,0.0,1.203711787313792,1.337618463429082,0.10010827435202306,0.0,0.0,0.0,0.0,0.0,-5e-05
1343,11.36,0.017009847806624845,-1.0,0.0,0.3496616458520336,0.0,0.0,0.0,0.0,0.0,0.0,0.0,0,0,0.0,0.0,1.203711787313792,1.337618463429082,0.10010827435202306,0.0,0.0,0.0,0.0,0.0,-5e-05
1344,11.13,-0.02024647887323932,-1.0,0.0,0.3496616458520336,0.0,0.0,0.0,0.0,0.0,0.0,0.0,0,0,-0.0,0.0,1.203711787313792,1.337618463429082,0.10010827435202306,0.0,0.0,0.0,0.0,0.0,-5e-05
1345,12.16,0.09254267744833776,-1.0,0.0,0.3496616458520336,0.0,0.0,0.0,0.0,0.0,0.0,0.0,0,0,0.0,0.0,1.203711787313792,1.337618463429082,0.10010827435202306,0.0,0.0,0.0,0.0,0.0,-5e-05
1346,12.65,0.04029605263157896,-1.0,0.0,0.3496616458520336,0.0,0.0,0.0,0.0,0.0,0.0,0.0,0,0,0.0,0.0,1.203711787313792,1.337618463429082,0.10010827435202306,0.0,0.14909384647034116,0.0521323997432299,0.0521323997432299,0.0007141884549695961,-0.003835521692258624
1347,12.85,0.01581027667984184,1.0,0.1,0.3496616458520336,0.1,0.1,0.0,0.1,0.1,0.0,0.0,0,0,0.0,0.0001,1.2035914161350605,1.337618463429082,0.10019826352458788,8.99891725648222e-05,0.37649555981341765,0.13164605710034236,0.03164605710034235,0.000337777456763776,-0.007134201973591876
1348,12.95,0.0077821011673151474,1.0,0.2,0.34938043300063193,0.2,0.2,0.1,0.2,0.1,0.1,0.0,0,0,0.0007782101167315147,0.0001,1.2044077040098946,1.337618463429082,0.09958800888385759,0.0,0.45326403986919983,0.15836158651311674,0.0,0.0,-0.0059214864414372835
1349,12.95,0.0,-1.0,0.1,0.3525749579133855,0.1,0.1,0.2,0.1,-0.1,0.1,0.1,0,0,0.0,0.0001,1.2042872632394936,1.337618463429082,0.09967805008296919,9.004119911160124e-05,0.4474495822968864,0.15775951764668664,0.05775951764668663,0.0008328879656196936,-0.008835530864666765
1350,13.53,0.0447876447876448,1.0,0.2,0.35201220624768814,0.2,0.2,0.1,0.2,0.1,0.0,0.1,0,0,0.00447876447876448,0.0001,1.2095605535299954,1.337618463429082,0.09573575230922042,0.0,0.4773819684198486,0.16804427992633508,0.0,0.0,-0.0025585830791134
1351,12.86,-0.049519586104951954,-1.0,0.1,0.3766515556778717,0.1,0.1,0.2,0.1,-0.1,0.1,0.1,0,0,-0.00990391722099039,0.0001,1.197460209878706,1.337618463429082,0.10478193698902016,0.009046184679799743,0.4544721364461078,0.17117763720467247,0.07117763720467246,0.0011393747773852665,-0.01916531831795949
1352,12.04,-0.06376360808709178,-1.0,0.0,0.3350564356895169,0.0,0.0,0.1,0.0,-0.1,0.0,0.1,0,0,-0.006376360808709178,0.0001,1.1897050255054589,1.337618463429082,0.11057969216755298,0.005797755178532815,0.13469550941531816,0.04513059728808026,0.04513059728808026,0.0005752516490682472,-0.010226339951732978
1353,11.95,-0.007475083056478394,-1.0,0.0,0.3169384630401095,0.0,0.0,0.0,0.0,0.0,0.0,0.0,0,0,-0.0,0.0,1.1897050255054589,1.337618463429082,0.11057969216755298,0.0,0.0,0.0,0.0,0.0,-5e-05
1354,11.76,-0.01589958158995812,-1.0,0.0,0.3169384630401095,0.0,0.0,0.0,0.0,0.0,0.0,0.0,0,0,-0.0,0.0,1.1897050255054589,1.337618463429082,0.11057969216755298,0.0,0.0,0.0,0.0,0.0,-5e-05
1355,13.01,0.10629251700680273,-1.0,0.0,0.3169384630401095,0.0,0.0,0.0,0.0,0.0,0.0,0.0,1,0,0.0,0.0,1.1897050255054589,1.337618463429082,0.11057969216755298,0.0,0.0,0.0,0.0,0.0,-5e-05
1356,12.37,-0.04919292851652579,-1.0,0.0,0.3169384630401095,0.0,0.0,0.0,0.0,0.0,0.0,0.0,0,0,-0.0,0.0,1.1897050255054589,1.337618463429082,0.11057969216755298,0.0,0.0004252035539558524,0.00013476336086996012,0.00013476336086996012,9.386614894373246e-08,-5.88530593604343e-05
1357,13.22,0.06871463217461612,-1.0,0.0,0.3169384630401095,0.0,0.0,0.0,0.0,0.0,0.0,0.0,0,0,0.0,0.0,1.1897050255054589,1.337618463429082,0.11057969216755298,0.0,0.0,0.0,0.0,0.0,-5e-05
1358,13.98,0.05748865355521934,1.0,0.1,0.3169384630401095,0.1,0.1,0.0,0.1,0.1,0.0,0.0,0,0,0.0,0.0001,1.1895860550029083,1.337618463429082,0.11066863419833627,8.894203078328722e-05,0.3879005144056833,0.1229405928482051,0.0229405928482051,0.00020847702741854773,-0.007198785772315164
1359,13.75,-0.016452074391988585,1.0,0.2,0.316660509817719,0.2,0.2,0.1,0.2,0.1,0.1,0.0,0,0,-0.0016452074391988586,0.0001,1.1875099805701501,1.337618463429082,0.1122207019138461,0.0015520677155098361,0.5776762665775155,0.1829272610840326,0.0,0.0,-0.010086675171284074
1360,14.15,0.029090909090909115,1.0,0.30000000000000004,0.311810298264504,0.30000000000000004,0.30000000000000004,0.2,0.30000000000000004,0.10000000000000003,0.1,0.1,0,0,0.005818181818181823,0.00010000000000000003,1.1943003785499557,1.337618463429082,0.10714421847297168,0.0,0.5380869260043052,0.1677810448896325,0.0,0.0,-0.00042477436786553333
1361,15.72,0.1109540636042403,-1.0,0.20000000000000004,0.3276743073019196,0.20000000000000004,0.20000000000000004,0.30000000000000004,0.20000000000000004,-0.1,0.10000000000000003,0.2,1,0,0.0332862190812721,0.0001,1.2339346925613608,1.337618463429082,0.07751371089923528,0.0,0.42261169705527335,0.1384789950902754,0.0,0.0,0.027015655322498264
1362,16.94,0.07760814249363872,1.0,0.30000000000000004,0.4905393146005816,0.30000000000000004,0.30000000000000004,0.20000000000000004,0.30000000000000004,0.1,0.0,0.20000000000000004,0,0,0.015521628498727747,0.0001,1.252963974981734,1.337618463429082,0.06328747005355323,0.0,0.761887526570524,0.37373578508663724,0.0737357850866372,0.0012013476782428774,0.0056155180282091086
1363,16.0,-0.05548996458087374,1.0,0.4,0.5794533327227007,0.4,0.4,0.30000000000000004,0.4,0.09999999999999998,0.1,0.20000000000000004,0,0,-0.016646989374262126,9.999999999999998e-05,1.2319806006063818,1.337618463429082,0.0789745848393045,0.01568711478575127,0.8225010614055155,0.47660098119938465,0.07660098119938463,0.0012720458028923686,-0.03617927323990116
1364,16.64,0.040000000000000036,1.0,0.5,0.48140886090992335,0.48140886090992335,0.48140886090992335,0.4,0.48140886090992335,0.08140886090992333,0.09999999999999998,0.30000000000000004,0,0,0.016000000000000014,8.140886090992334e-05,1.2515919960787254,1.337618463429082,0.06431315782665072,0.0,0.6217740468152564,0.2993275356206859,0.0,0.0,0.0030322283349108834
1365,16.62,-0.0012019230769230512,1.0,0.5814088609099234,0.5730427600450102,0.5730427600450102,0.5730427600450102,0.48140886090992335,0.5730427600450102,0.09163389913508685,0.08140886090992333,0.4,0,0,-0.0005786164193628762,9.163389913508685e-05,1.250753116144724,1.337618463429082,0.06494030223063181,0.0006271444039810947,0.7206669424049734,0.41297297374894437,0.0,0.0,-0.0070513701804354924
1366,16.12,-0.030084235860409144,-1.0,0.4730427600450102,0.5691231027253241,0.4730427600450102,0.4730427600450102,0.5730427600450102,0.4730427600450102,-0.09999999999999998,0.09163389913508685,0.48140886090992335,0,0,-0.01723955355129393,9.999999999999998e-05,1.229065615507885,1.337618463429082,0.08115381993376042,0.016213517703128608,0.6637953692202898,0.3777812801053534,0.0,0.0,-0.03382282455079666
1367,17.78,0.10297766749379653,-1.0,0.37304276004501025,0.46778864078554233,0.37304276004501025,0.37304276004501025,0.4730427600450102,0.37304276004501025,-0.09999999999999998,0.0,0.4730427600450102,1,0,0.04871284005426284,9.999999999999998e-05,1.2888139856907639,1.337618463429082,0.03648609754772992,0.0,0.29143369152320575,0.13632937043675344,0.0,0.0,0.045836012199010207
1368,16.65,-0.06355455568054007,-0.7684515118598938,0.29619760885902086,0.717569516601239,0.29619760885902086,0.29619760885902086,0.37304276004501025,0.29619760885902086,-0.07684515118598939,0.0,0.37304276004501025,0,0,-0.023708566864502952,7.684515118598939e-05,1.258159014029527,1.337618463429082,0.059403672700401436,0.022917575152671517,0.46264560223455065,0.3319803811531356,0.03578277229411475,0.00040612734085589803,-0.05531244535058024
1369,17.14,0.02942942942942955,-1.0,0.19619760885902085,0.6029816359330794,0.19619760885902085,0.19619760885902085,0.29619760885902086,0.19619760885902085,-0.1,0.0,0.29619760885902086,0,0,0.008716926627082332,0.0001,1.2690004779386217,1.337618463429082,0.051298623162357594,0.0,0.3379168416050764,0.20375764996036824,0.007560041101347392,3.9440052585025644e-05,0.0035527264961612483
1370,18.47,0.07759626604434063,0.286558598279953,0.22485346868701617,0.6435068897942089,0.22485346868701617,0.22485346868701617,0.19619760885902085,0.22485346868701617,0.028655859827995317,0.0,0.19619760885902085,0,0,0.015224201854288064,2.865585982799532e-05,1.28828363306813,1.337618463429082,0.03688258775561349,0.0,0.32770035103354667,0.21087743367806808,0.0,0.0,0.010856356914770384
1371,20.47,0.10828370330265295,1.0,0.32485346868701614,0.7155870661160592,0.32485346868701614,0.32485346868701614,0.22485346868701617,0.22485346868701617,0.0,0.028655859827995317,0.19619760885902085,1,0,0.024347966289877225,0.0,1.3196507195378733,1.337618463429082,0.013432637469093454,0.0,0.6030698097467633,0.4315489558198563,0.20669548713284014,0.0056382943187928344,0.010820922565392344
1372,21.2,0.035661944308744524,1.0,0.32485346868701614,0.8,0.32485346868701614,0.32485346868701614,0.22485346868701617,0.32485346868701614,0.09999999999999998,0.0,0.22485346868701617,0,0,0.0080187118779444,9.999999999999998e-05,1.3301006533654158,1.337618463429082,0.005620294777027591,0.0,0.8491597036975906,0.6793277629580725,0.35447429427105637,0.012662759840164559,-0.013670073564168517
1373,20.46,-0.03490566037735842,1.0,0.4248534686870161,0.8,0.4248534686870161,0.4248534686870161,0.32485346868701614,0.4248534686870161,0.09999999999999998,0.09999999999999998,0.22485346868701617,0,0,-0.011339224850395823,9.999999999999998e-05,1.3148853329179104,1.337618463429082,0.0169952278117435,0.01137493303471591,0.8007937778358455,0.6406350222686764,0.2157815535816603,0.00601412878571471,-0.02621588303646412
1374,21.06,0.029325513196480833,1.0,0.5248534686870161,0.8,0.5248534686870161,0.5248534686870161,0.4248534686870161,0.5248534686870161,0.09999999999999998,0.09999999999999998,0.32485346868701614,0,0,0.012459046002551747,9.999999999999998e-05,1.3311360612355234,1.337618463429082,0.004846226611540968,0.0,0.7736781983353558,0.6189425586682846,0.09408908998126853,0.0017316501408245288,0.007135491859391619
1375,23.32,0.10731244064577405,1.0,0.6248534686870161,0.8,0.6248534686870161,0.6248534686870161,0.5248534686870161,0.5248534686870161,0.0,0.09999999999999998,0.4248534686870161,1,0,0.05632330670620404,0.0,1.4061100458801803,1.4061100458801803,0.0,0.0,0.7740889251113598,0.6192711400890879,0.0944176714020718,0.0017407290553185211,0.05143892625422189
1376,24.27,0.04073756432246995,1.0,0.6248534686870161,0.8,0.6248534686870161,0.6248534686870161,0.5248534686870161,0.6248534686870161,0.09999999999999998,0.0,0.5248534686870161,0,0,0.021381251940508786,9.999999999999998e-05,1.4360338280226368,1.4360338280226368,0.0,0.0,0.8574824972927948,0.6859859978342359,0.06113252914721978,0.0009069008225048593,0.019089375522116356
1377,23.25,-0.042027194066749055,1.0,0.7248534686870161,0.8,0.7248534686870161,0.7248534686870161,0.6248534686870161,0.7248534686870161,0.09999999999999998,0.09999999999999998,0.5248534686870161,0,0,-0.026260837991790527,9.999999999999998e-05,1.3981787729314012,1.4360338280226368,0.026360837991790554,0.026360837991790554,0.8054453231871779,0.6443562585497423,0.0,0.0,-0.057906860798044725
1378,22.8,-0.01935483870967739,-1.0,0.6248534686870161,0.7681958112873638,0.6248534686870161,0.6248534686870161,0.7248534686870161,0.6248534686870161,-0.09999999999999998,0.09999999999999998,0.6248534686870161,0,0,-0.014029421974587385,9.999999999999998e-05,1.3784233150527427,1.4360338280226368,0.040117796562788154,0.0137569585709976,0.6023154542669726,0.46269620904153413,0.0,0.0,-0.022608234209832535
1379,21.3,-0.06578947368421052,-1.0,0.5248534686870161,0.6994110174502247,0.5248534686870161,0.5248534686870161,0.6248534686870161,0.5248534686870161,-0.09999999999999998,0.0,0.6248534686870161,0,0,-0.04110878083467211,9.999999999999998e-05,1.3216201707653321,1.4360338280226368,0.07967337191133433,0.03955557534854618,0.5900753618405313,0.4127052091971955,0.0,0.0,-0.10303071637205607
1380,21.53,0.010798122065727719,-1.0,0.4248534686870161,0.47704142369637326,0.4248534686870161,0.4248534686870161,0.5248534686870161,0.4248534686870161,-0.09999999999999998,0.0,0.5248534686870161,0,0,0.005667431821503001,9.999999999999998e-05,1.3289782009599913,1.4360338280226368,0.07454951615593691,0.0,0.20673075338136748,0.09861913291487137,0.0,0.0,0.003864336882925249
1381,23.46,0.08964235949837435,-1.0,0.32485346868701614,0.5090655092172707,0.32485346868701614,0.32485346868701614,0.4248534686870161,0.32485346868701614,-0.09999999999999998,0.0,0.4248534686870161,0,0,0.038084867374172826,9.999999999999998e-05,1.3794592616666235,1.4360338280226368,0.03939640226575604,0.0,0.0,0.0,0.0,0.0,0.03776646158971424
1382,23.96,0.021312872975277068,-1.0,0.22485346868701614,0.7030179925287173,0.22485346868701614,0.22485346868701614,0.32485346868701614,0.22485346868701614,-0.1,0.0,0.32485346868701614,0,0,0.006923560713704521,0.0001,1.3888720856906878,1.4360338280226368,0.032841665294813374,0.0,0.15489247925132898,0.10889219982106531,0.0,0.0,0.004525131097457591
1383,23.53,-0.01794657762938229,1.0,0.32485346868701614,0.7357916809634525,0.32485346868701614,0.32485346868701614,0.22485346868701614,0.32485346868701614,0.1,0.0,0.22485346868701614,0,0,-0.004035350231027415,0.0001,1.3831286131902594,1.4360338280226368,0.03684120373767648,0.003999538442863104,0.34889619240350583,0.2567149158903237,0.0,0.0,-0.00793147571413697
1384,23.44,-0.003824904377390559,-1.0,0.22485346868701614,0.715793987365682,0.22485346868701614,0.22485346868701614,0.32485346868701614,0.22485346868701614,-0.1,0.1,0.22485346868701614,0,0,-0.0012425334543914748,0.0001,1.3812717167553252,1.4360338280226368,0.03813427664355016,0.001293072905873681,0.3030195144774167,0.21689954651740312,0.0,0.0,-0.005604297444852869
1385,22.88,-0.02389078498293525,1.0,0.32485346868701614,0.7093286156677026,0.32485346868701614,0.32485346868701614,0.22485346868701614,0.32485346868701614,0.1,0.0,0.22485346868701614,0,0,-0.0053719258730686665,0.0001,1.3737135003106737,1.4360338280226368,0.04339753458160226,0.005263257938052102,0.44828454536957024,0.31798105599222265,0.0,0.0,-0.010287218879256045
1386,22.36,-0.02272727272727271,-1.0,0.22485346868701614,0.6830123268097084,0.22485346868701614,0.22485346868701614,0.32485346868701614,0.22485346868701614,-0.1,0.1,0.22485346868701614,0,0,-0.007383033379250362,0.0001,1.363433956334322,1.4360338280226368,0.05055582276100135,0.007158288179399092,0.29967474460624133,0.204681544599614,0.0,0.0,-0.011700464465513058
1387,22.18,-0.00805008944543827,-1.0,0.12485346868701613,0.6472208924629735,0.12485346868701613,0.12485346868701613,0.22485346868701614,0.12485346868701613,-0.1,0.0,0.22485346868701614,0,0,-0.001810090535047533,0.0001,1.3608296740391654,1.4360338280226368,0.05236934709750158,0.0018135243365002274,0.0,0.0,0.0,0.0,-0.002194531487021231
1388,20.86,-0.05951307484220019,-1.0,0.024853468687016128,0.6381532564799716,0.024853468687016128,0.024853468687016128,0.12485346868701613,0.024853468687016128,-0.1,0.0,0.12485346868701613,0,0,-0.007430413826278689,0.0001,1.3505820634465706,1.4360338280226368,0.059505398068324035,0.007136050970822455,0.0,0.0,0.0,0.0,-0.007865872362009946
1389,21.9,0.049856184084371966,-1.0,0.0,0.6024730034221917,0.0,0.0,0.024853468687016128,0.0,-0.024853468687016128,0.0,0.024853468687016128,0,0,0.0012390991099950504,2.485346868701613e-05,1.3522220018303395,1.4360338280226368,0.05836340659725473,0.0,0.0,0.0,0.0,0.0,0.001077258500903478
1390,21.22,-0.031050228310502272,-1.0,0.0,0.6081829607534679,0.0,0.0,0.0,0.0,0.0,0.0,0.0,0,0,-0.0,0.0,1.3522220018303395,1.4360338280226368,0.05836340659725473,0.0,0.0,0.0,0.0,0.0,-5e-05
1391,21.76,0.02544769085768156,-1.0,0.0,0.6081829607534679,0.0,0.0,0.0,0.0,0.0,0.0,0.0,0,0,0.0,0.0,1.3522220018303395,1.4360338280226368,0.05836340659725473,0.0,0.0,0.0,0.0,0.0,-5e-05
1392,21.35,-0.01884191176470589,-1.0,0.0,0.6081829607534679,0.0,0.0,0.0,0.0,0.0,0.0,0.0,0,0,-0.0,0.0,1.3522220018303395,1.4360338280226368,0.05836340659725473,0.0,0.0,0.0,0.0,0.0,-5e-05
1393,20.37,-0.045901639344262314,-1.0,0.0,0.6081829607534679,0.0,0.0,0.0,0.0,0.0,0.0,0.0,0,0,-0.0,0.0,1.3522220018303395,1.4360338280226368,0.05836340659725473,0.0,0.0,0.0,0.0,0.0,-5e-05
1394,20.45,0.003927344133529616,-1.0,0.0,0.6081829607534679,0.0,0.0,0.0,0.0,0.0,0.0,0.0,0,0,0.0,0.0,1.3522220018303395,1.4360338280226368,0.05836340659725473,0.0,0.0,0.0,0.0,0.0,-5e-05
1395,20.34,-0.005378973105134447,-1.0,0.0,0.6081829607534679,0.0,0.0,0.0,0.0,0.0,0.0,0.0,0,0,-0.0,0.0,1.3522220018303395,1.4360338280226368,0.05836340659725473,0.0,0.0,0.0,0.0,0.0,-5e-05
1396,19.55,-0.038839724680432605,-1.0,0.0,0.6081829607534679,0.0,0.0,0.0,0.0,0.0,0.0,0.0,0,0,-0.0,0.0,1.3522220018303395,1.4360338280226368,0.05836340659725473,0.0,0.0,0.0,0.0,0.0,-5e-05
1397,19.7,0.007672634271099672,-1.0,0.0,0.6081829607534679,0.0,0.0,0.0,0.0,0.0,0.0,0.0,0,0,0.0,0.0,1.3522220018303395,1.4360338280226368,0.05836340659725473,0.0,0.0,0.0,0.0,0.0,-5e-05
1398,20.71,0.05126903553299501,-1.0,0.0,0.6081829607534679,0.0,0.0,0.0,0.0,0.0,0.0,0.0,0,0,0.0,0.0,1.3522220018303395,1.4360338280226368,0.05836340659725473,0.0,0.0,0.0,0.0,0.0,-5e-05
1399,20.69,-0.000965717044905822,-1.0,0.0,0.6081829607534679,0.0,0.0,0.0,0.0,0.0,0.0,0.0,0,0,-0.0,0.0,1.3522220018303395,1.4360338280226368,0.05836340659725473,0.0,0.0,0.0,0.0,0.0,-5e-05
1400,20.26,-0.02078298695021748,-1.0,0.0,0.6081829607534679,0.0,0.0,0.0,0.0,0.0,0.0,0.0,0,0,-0.0,0.0,1.3522220018303395,1.4360338280226368,0.05836340659725473,0.0,0.0,0.0,0.0,0.0,-5e-05
1401,20.95,0.03405725567620917,-1.0,0.0,0.6081829607534679,0.0,0.0,0.0,0.0,0.0,0.0,0.0,0,0,0.0,0.0,1.3522220018303395,1.4360338280226368,0.05836340659725473,0.0,0.0,0.0,0.0,0.0,-5e-05
1402,21.35,0.019093078758949982,-1.0,0.0,0.6081829607534679,0.0,0.0,0.0,0.0,0.0,0.0,0.0,0,0,0.0,0.0,1.3522220018303395,1.4360338280226368,0.05836340659725473,0.0,0.16945144917645702,0.10305748406410342,0.10305748406410342,0.0019850459036575407,-0.005525745756692555
1403,20.5,-0.039812646370023484,-1.0,0.0,0.6081829607534679,0.0,0.0,0.0,0.0,0.0,0.0,0.0,0,0,-0.0,0.0,1.3522220018303395,1.4360338280226368,0.05836340659725473,0.0,0.23610606455199137,0.14359568539107953,0.14359568539107953,0.003264850780600645,-0.008178635710371668
1404,19.29,-0.05902439024390248,-1.0,0.0,0.6081829607534679,0.0,0.0,0.0,0.0,0.0,0.0,0.0,0,0,-0.0,0.0,1.3522220018303395,1.4360338280226368,0.05836340659725473,0.0,0.0,0.0,0.0,0.0,-5e-05
1405,19.04,-0.012960082944530845,-1.0,0.0,0.6081829607534679,0.0,0.0,0.0,0.0,0.0,0.0,0.0,0,0,-0.0,0.0,1.3522220018303395,1.4360338280226368,0.05836340659725473,0.0,0.0,0.0,0.0,0.0,-5e-05
1406,20.69,0.08665966386554634,-1.0,0.0,0.6081829607534679,0.0,0.0,0.0,0.0,0.0,0.0,0.0,0,0,0.0,0.0,1.3522220018303395,1.4360338280226368,0.05836340659725473,0.0,0.0,0.0,0.0,0.0,-5e-05
1407,20.64,-0.002416626389560208,-1.0,0.0,0.6081829607534679,0.0,0.0,0.0,0.0,0.0,0.0,0.0,0,0,-0.0,0.0,1.3522220018303395,1.4360338280226368,0.05836340659725473,0.0,0.0,0.0,0.0,0.0,-5e-05
1408,22.86,0.10755813953488366,-1.0,0.0,0.6081829607534679,0.0,0.0,0.0,0.0,0.0,0.0,0.0,1,0,0.0,0.0,1.3522220018303395,1.4360338280226368,0.05836340659725473,0.0,0.0,0.0,0.0,0.0,-5e-05
1409,22.97,0.00481189851268589,1.0,0.1,0.6081829607534679,0.1,0.1,0.0,0.1,0.1,0.0,0.0,0,0,0.0,0.0001,1.3520867796301566,1.4360338280226368,0.05845757025659492,9.416365934018789e-05,0.4522082798743906,0.2750253705312397,0.1750253705312397,0.004393420366843015,-0.012476961124707657
1410,22.95,-0.0008707009142359415,1.0,0.2,0.6077121399391086,0.2,0.2,0.1,0.2,0.1,0.1,0.0,0,0,-8.707009142359415e-05,0.0001,1.3518338446326785,1.4360338280226368,0.0586337046850062,0.00017613442841128008,0.5642943230333997,0.3429285106061179,0.1429285106061179,0.003242123488742226,-0.011583314102633416
1411,23.27,0.013943355119825722,1.0,0.30000000000000004,0.6068314813125741,0.30000000000000004,0.30000000000000004,0.2,0.30000000000000004,0.10000000000000003,0.1,0.1,0,0,0.0027886710239651445,0.00010000000000000003,1.3554684811199578,1.4360338280226368,0.05610268040385539,0.0,0.5703421385460957,0.34610156478890863,0.04610156478890859,0.0005939156238671436,-0.0044030081239090505
1412,23.83,0.024065320154705576,-1.0,0.20000000000000004,0.6194865904793567,0.20000000000000004,0.20000000000000004,0.30000000000000004,0.20000000000000004,-0.1,0.10000000000000003,0.2,0,0,0.007219596046411674,0.0001,1.3651188691591751,1.4360338280226368,0.04938251277904005,0.0,0.4811069894786717,0.2980393285679301,0.09803932856793005,0.0018418393312669174,-0.001711741137556647
1413,22.91,-0.03860679815358784,1.0,0.30000000000000004,0.6530874423719417,0.30000000000000004,0.30000000000000004,0.20000000000000004,0.30000000000000004,0.1,0.0,0.20000000000000004,0,0,-0.00772135963071757,0.0001,1.3544417835448028,1.4360338280226368,0.05681763401784418,0.007435121238804132,0.5550597543465017,0.36250255532975506,0.06250255532975502,0.0009375574955071578,-0.015088574424036246
1414,22.67,-0.010475774770842359,-1.0,0.20000000000000004,0.6159118391619451,0.20000000000000004,0.20000000000000004,0.30000000000000004,0.20000000000000004,-0.1,0.1,0.20000000000000004,0,0,-0.003142732431252708,0.0001,1.3500496912470583,1.4360338280226368,0.05987612206460019,0.003058488046756007,0.12903452618829253,0.07947389234002143,0.0,0.0,-0.005303215797888803
1415,22.37,-0.013233348037053404,-1.0,0.10000000000000003,0.6006193921019808,0.10000000000000003,0.10000000000000003,0.20000000000000004,0.10000000000000003,-0.1,0.0,0.20000000000000004,0,0,-0.0026466696074106816,0.0001,1.3463415507916159,1.4360338280226368,0.062458331747326394,0.002582209682726204,0.05919728225994805,0.03555503568505937,0.0,0.0,-0.004049023405829797
1416,22.45,0.0035762181493070315,-1.0,2.7755575615628914e-17,0.584635421075311,2.7755575615628914e-17,2.7755575615628914e-17,0.10000000000000003,2.7755575615628914e-17,-0.1,0.0,0.10000000000000003,0,0,0.0003576218149307033,0.0001,1.3466883977454474,1.4360338280226368,0.062216800561178044,0.0,0.0,0.0,0.0,0.0,-0.0001423781850692967
1417,22.25,-0.008908685968819567,-1.0,0.0,0.5861450018364674,0.0,0.0,2.7755575615628914e-17,0.0,-2.7755575615628914e-17,0.0,2.7755575615628914e-17,0,0,-2.4726570704346383e-19,2.7755575615628914e-20,1.3466883977454474,1.4360338280226368,0.062216800561178044,0.0,0.0,0.0,0.0,0.0,-5.0000000000000375e-05
1418,22.75,0.02247191011235955,-1.0,0.0,0.5861450018364674,0.0,0.0,0.0,0.0,0.0,0.0,0.0,0,0,0.0,0.0,1.3466883977454474,1.4360338280226368,0.062216800561178044,0.0,0.0,0.0,0.0,0.0,-5e-05
1419,24.03,0.05626373626373631,-1.0,0.0,0.5861450018364674,0.0,0.0,0.0,0.0,0.0,0.0,0.0,0,0,0.0,0.0,1.3466883977454474,1.4360338280226368,0.062216800561178044,0.0,0.048689722062704464,0.028539237227861,0.028539237227861,0.0002892775912994602,-0.0013422858657911722
1420,24.15,0.00499375780274646,1.0,0.1,0.5861450018364674,0.1,0.1,0.0,0.1,0.1,0.0,0.0,0,0,0.0,0.0001,1.3465537289056728,1.4360338280226368,0.06231057888112192,9.37783199438727e-05,0.3143665811655455,0.18426440029460267,0.08426440029460266,0.0014676329439642945,-0.007207864823778568
1421,24.67,0.02153209109730862,0.8642004132270813,0.18642004132270815,0.5855588739741479,0.18642004132270815,0.18642004132270815,0.1,0.18642004132270815,0.08642004132270814,0.1,0.0,0,0,0.002153209109730862,8.642004132270814e-05,1.3493367714325994,1.4360338280226368,0.06037257263599135,0.0,0.35802086644247744,0.20964229541330587,0.02322225409059772,0.0002123282642013593,-0.0035151581620647115
1422,24.17,-0.020267531414673693,-0.4761441648006439,0.13880562484264375,0.5976714225486502,0.13880562484264375,0.13880562484264375,0.18642004132270815,0.13880562484264375,-0.0476144164800644,0.08642004132270814,0.1,0,0,-0.0037782740438327554,4.76144164800644e-05,1.3441743594496998,1.4360338280226368,0.0639674823673367,0.0035949097313453457,0.42157718124594534,0.2519646336293143,0.11315900878667057,0.002283941376074109,-0.012880782223105932
1423,23.88,-0.011998345055854476,-0.9312447309494019,0.045681151747703555,0.5752032421535492,0.045681151747703555,0.045681151747703555,0.13880562484264375,0.045681151747703555,-0.0931244730949402,0.0,0.13880562484264375,0,0,-0.0016654377825555259,9.31244730949402e-05,1.3418105451561584,1.4360338280226368,0.06561355382290697,0.001646071455570275,0.35276579577448597,0.20291202945036116,0.1572308777026576,0.0037407441767595,-0.012370958937813141
1424,24.07,0.007956448911222835,-0.555999219417572,0.0,0.564915294201059,0.0,0.0,0.045681151747703555,0.0,-0.045681151747703555,0.0,0.045681151747703555,0,0,0.00036345975008642104,4.5681151747703553e-05,1.342236943830434,1.4360338280226368,0.06531662580773426,0.0,0.2294434850385948,0.12961613385309406,0.12961613385309406,0.002799882753108736,-0.007418523977682033
1425,22.6,-0.06107187370170332,-0.9750424027442932,0.0,0.5667710941293201,0.0,0.0,0.0,0.0,0.0,0.0,0.0,0,0,-0.0,0.0,1.342236943830434,1.4360338280226368,0.06531662580773426,0.0,0.08568441136545216,0.048563447579424074,0.048563447579424074,0.0006421189927640287,-0.002457217866892343
1426,23.31,0.0314159292035397,-1.0,0.0,0.5667710941293201,0.0,0.0,0.0,0.0,0.0,0.0,0.0,0,0,0.0,0.0,1.342236943830434,1.4360338280226368,0.06531662580773426,0.0,0.0,0.0,0.0,0.0,-5e-05
1427,22.57,-0.03174603174603168,-1.0,0.0,0.5667710941293201,0.0,0.0,0.0,0.0,0.0,0.0,0.0,0,0,-0.0,0.0,1.342236943830434,1.4360338280226368,0.06531662580773426,0.0,0.0,0.0,0.0,0.0,-5e-05
1428,22.66,0.0039875941515285715,-1.0,0.0,0.5667710941293201,0.0,0.0,0.0,0.0,0.0,0.0,0.0,0,0,0.0,0.0,1.342236943830434,1.4360338280226368,0.06531662580773426,0.0,0.0,0.0,0.0,0.0,-5e-05
1429,22.39,-0.011915269196822577,-1.0,0.0,0.5667710941293201,0.0,0.0,0.0,0.0,0.0,0.0,0.0,0,0,-0.0,0.0,1.342236943830434,1.4360338280226368,0.06531662580773426,0.0,0.0,0.0,0.0,0.0,-5e-05
1430,21.36,-0.04600267976775351,-1.0,0.0,0.5667710941293201,0.0,0.0,0.0,0.0,0.0,0.0,0.0,0,0,-0.0,0.0,1.342236943830434,1.4360338280226368,0.06531662580773426,0.0,0.0,0.0,0.0,0.0,-5e-05
1431,22.32,0.04494382022471914,-1.0,0.0,0.5667710941293201,0.0,0.0,0.0,0.0,0.0,0.0,0.0,0,0,0.0,0.0,1.342236943830434,1.4360338280226368,0.06531662580773426,0.0,0.0,0.0,0.0,0.0,-5e-05
1432,22.24,-0.0035842293906810864,-1.0,0.0,0.5667710941293201,0.0,0.0,0.0,0.0,0.0,0.0,0.0,0,0,-0.0,0.0,1.342236943830434,1.4360338280226368,0.06531662580773426,0.0,0.0,0.0,0.0,0.0,-5e-05
1433,22.15,-0.0040467625899280515,-1.0,0.0,0.5667710941293201,0.0,0.0,0.0,0.0,0.0,0.0,0.0,0,0,-0.0,0.0,1.342236943830434,1.4360338280226368,0.06531662580773426,0.0,0.0,0.0,0.0,0.0,-5e-05
1434,24.52,0.10699774266365694,-1.0,0.0,0.5667710941293201,0.0,0.0,0.0,0.0,0.0,0.0,0.0,1,0,0.0,0.0,1.342236943830434,1.4360338280226368,0.06531662580773426,0.0,0.0,0.0,0.0,0.0,-5e-05
1435,22.98,-0.06280587275693308,1.0,0.1,0.5667710941293201,0.1,0.1,0.0,0.1,0.1,0.0,0.0,0,0,-0.0,0.0001,1.342102720136051,1.4360338280226368,0.06541009414515352,9.346833741925853e-05,0.3527814428720345,0.19994632436510323,0.09994632436510323,0.001895839165761198,-0.008289123694585785
1436,22.66,-0.013925152306353362,-1.0,0.0,0.5661869220444072,0.0,0.0,0.1,0.1,-0.0,0.1,0.0,0,0,-0.0013925152306353363,0.0,1.3402338216571843,1.4360338280226368,0.06671152482345448,0.0013014306783009633,0.20678322123113102,0.1170779555592818,0.017077955559281793,0.00013390755149358998,-0.004987737543058154
1437,22.82,0.007060900264783766,-1.0,0.0,0.5580529835085627,0.0,0.0,0.1,0.0,-0.1,0.0,0.1,0,0,0.0007060900264783767,0.0001,1.3410461240096396,1.4360338280226368,0.06614586798682283,0.0,0.017889436255416804,0.009983253275621598,0.009983253275621598,5.984934260009286e-05,-0.00022228170298330244
1438,24.35,0.06704645048203335,-1.0,0.0,0.5615883305678433,0.0,0.0,0.0,0.0,0.0,0.0,0.0,0,0,0.0,0.0,1.3410461240096396,1.4360338280226368,0.06614586798682283,0.0,0.058471006874520254,0.032836635137282716,0.032836635137282716,0.00035701726724644763,-0.0016115200088615649
1439,25.68,0.054620123203285346,1.0,0.1,0.5615883305678433,0.1,0.1,0.0,0.1,0.1,0.0,0.0,0,0,0.0,0.0001,1.3409120193972386,1.4360338280226368,0.06623925340002419,9.33854132013634e-05,0.341218099418088,0.19162410281173642,0.09162410281173641,0.0016640480131652063,-0.007860755703272704
1440,25.96,0.010903426791277303,-1.0,0.0,0.5610046707103464,0.0,0.0,0.1,0.1,-0.0,0.1,0.0,0,0,0.0010903426791277304,0.0,1.3423740730009428,1.4360338280226368,0.06522113420591204,0.0,0.288284191202978,0.1617287777568252,0.0617287777568252,0.000920201140669021,-0.004676689711991917
1441,27.07,0.04275808936825884,1.0,0.2,0.5673679322012476,0.2,0.2,0.1,0.2,0.1,0.0,0.1,0,0,0.004275808936825884,0.0001,1.3479795706515434,1.4360338280226368,0.06131767626417319,0.0,0.486298688903131,0.27591028155514724,0.07591028155514723,0.0012548798731282869,-0.004141252580946237
1442,26.92,-0.005541189508681144,1.0,0.30000000000000004,0.5917645324023636,0.30000000000000004,0.30000000000000004,0.2,0.30000000000000004,0.10000000000000003,0.1,0.1,0,0,-0.0011082379017362289,0.00010000000000000003,1.3463508906435162,1.4360338280226368,0.062451827825400555,0.001134151561227363,0.6257925360933128,0.3703218275021485,0.07032182750214844,0.001118887631781955,-0.009434843430544626
1443,27.06,0.005200594353640305,0.9312488436698914,0.39312488436698917,0.5846760733056919,0.39312488436698917,0.39312488436698917,0.30000000000000004,0.39312488436698917,0.09312488436698912,0.10000000000000003,0.2,0,0,0.0015601783060920917,9.312488436698913e-05,1.3483260593244775,1.4360338280226368,0.06107639457137966,0.0,0.5939941276644767,0.3472941541295061,0.0,0.0,-0.0035902034184707938
1444,26.92,-0.005173688100517259,-1.0,0.29312488436698914,0.5932725299151433,0.29312488436698914,0.29312488436698914,0.39312488436698917,0.29312488436698914,-0.10000000000000003,0.09312488436698912,0.30000000000000004,0,0,-0.002033905536266715,0.00010000000000000003,1.3454488588817923,1.4360338280226368,0.06307996885113526,0.0020035742797556017,0.4873236825967504,0.28911575406173845,0.0,0.0,-0.007820656632968593
1445,26.0,-0.03417533432392279,-1.0,0.19312488436698913,0.5807501994078204,0.19312488436698913,0.19312488436698913,0.29312488436698914,0.19312488436698913,-0.1,0.0,0.29312488436698914,0,0,-0.010017640921903064,0.0001,1.3318360904488422,1.4360338280226368,0.07255938929883765,0.009479420447702391,0.3202331684121854,0.1859754764123748,0.0,0.0,-0.014923457883501298
1446,24.89,-0.04269230769230767,-1.0,0.09312488436698912,0.5215038344283655,0.09312488436698912,0.09312488436698912,0.19312488436698913,0.09312488436698912,-0.1,0.0,0.19312488436698913,0,0,-0.00824494698643684,0.0001,1.3207219888794233,1.4360338280226368,0.08029883202820749,0.0077394427293698415,0.1209133953833221,0.0630567993261555,0.0,0.0,-0.010724741931031347
1447,25.62,0.029329047810365626,-1.0,0.0,0.47313229032177995,0.0,0.0,0.09312488436698912,0.0,-0.09312488436698912,0.0,0.09312488436698912,0,0,0.0027312641859341944,9.312488436698913e-05,1.3242062374647303,1.4360338280226368,0.07787253223128368,0.0,0.0,0.0,0.0,0.0,0.0022622022062827435
1448,25.26,-0.014051522248243537,-1.0,0.0,0.4882966898409636,0.0,0.0,0.0,0.0,0.0,0.0,0.0,0,0,-0.0,0.0,1.3242062374647303,1.4360338280226368,0.07787253223128368,0.0,0.0,0.0,0.0,0.0,-5e-05
1449,25.85,0.023357086302454467,-1.0,0.0,0.4882966898409636,0.0,0.0,0.0,0.0,0.0,0.0,0.0,0,0,0.0,0.0,1.3242062374647303,1.4360338280226368,0.07787253223128368,0.0,0.0,0.0,0.0,0.0,-5e-05
1450,26.45,0.023210831721469937,-1.0,0.0,0.4882966898409636,0.0,0.0,0.0,0.0,0.0,0.0,0.0,0,0,0.0,0.0,1.3242062374647303,1.4360338280226368,0.07787253223128368,0.0,0.0,0.0,0.0,0.0,-5e-05
1451,25.81,-0.024196597353497187,-0.10546509176492691,0.0,0.4882966898409636,0.0,0.0,0.0,0.0,0.0,0.0,0.0,0,0,-0.0,0.0,1.3242062374647303,1.4360338280226368,0.07787253223128368,0.0,0.1449057488583178,0.07075699750644257,0.07075699750644257,0.0011292896403884,-0.004164348066869747
1452,25.83,0.0007748934521503129,-0.9560268521308899,0.0,0.4882966898409636,0.0,0.0,0.0,0.0,0.0,0.0,0.0,0,0,0.0,0.0,1.3242062374647303,1.4360338280226368,0.07787253223128368,0.0,0.15384642713252422,0.07512270111267058,0.07512270111267058,0.0012354012685161094,-0.004454637667446109
1453,25.72,-0.004258614014711554,-1.0,0.0,0.4882966898409636,0.0,0.0,0.0,0.0,0.0,0.0,0.0,0,0,-0.0,0.0,1.3242062374647303,1.4360338280226368,0.07787253223128368,0.0,0.05957638374808027,0.029090950976882576,0.029090950976882576,0.00029770637053449156,-0.001574979875744945
1454,25.53,-0.007387247278382494,-1.0,0.0,0.4882966898409636,0.0,0.0,0.0,0.0,0.0,0.0,0.0,0,0,-0.0,0.0,1.3242062374647303,1.4360338280226368,0.07787253223128368,0.0,0.07220010985905718,0.03525507465033154,0.03525507465033154,0.0003971766498832399,-0.001934498912979818
1455,25.41,-0.004700352526439522,-1.0,0.0,0.4882966898409636,0.0,0.0,0.0,0.0,0.0,0.0,0.0,0,0,-0.0,0.0,1.3242062374647303,1.4360338280226368,0.07787253223128368,0.0,0.0,0.0,0.0,0.0,-5e-05
1456,27.45,0.08028335301062571,-1.0,0.0,0.4882966898409636,0.0,0.0,0.0,0.0,0.0,0.0,0.0,0,0,0.0,0.0,1.3242062374647303,1.4360338280226368,0.07787253223128368,0.0,0.0,0.0,0.0,0.0,-5e-05
1457,27.4,-0.0018214936247723393,1.0,0.1,0.4882966898409636,0.1,0.1,0.0,0.1,0.1,0.0,0.0,0,0,-0.0,0.0001,1.3240738168409838,1.4360338280226368,0.0779647449780606,9.221274677691238e-05,0.27487721576815205,0.13422163457228897,0.03422163457228897,0.000379841467006133,-0.005448754135064718
1458,27.21,-0.006934306569342983,-1.0,0.0,0.48772034086567717,0.0,0.0,0.1,0.1,-0.0,0.1,0.0,0,0,-0.0006934306569342983,0.0,1.3231556634643422,1.4360338280226368,0.07860411249066707,0.000639367512606473,0.25125295786640633,0.12254117825411333,0.022541178254113323,0.00020305616070029274,-0.005113787101363498
1459,25.71,-0.05512679162072767,-1.0,0.0,0.48372431509487446,0.0,0.0,0.1,0.0,-0.1,0.0,0.1,0,0,-0.005512679162072768,0.0001,1.3157292152438373,1.4360338280226368,0.08377561198851023,0.0051714994978431655,0.22456866997299302,0.10862932607445294,0.10862932607445294,0.0021481859817807335,-0.012786979745297158
1460,25.41,-0.011668611435239234,-1.0,0.0,0.4514024391807512,0.0,0.0,0.0,0.0,0.0,0.0,0.0,0,0,-0.0,0.0,1.3157292152438373,1.4360338280226368,0.08377561198851023,0.0,0.0,0.0,0.0,0.0,-5e-05
1461,25.91,0.01967729240456513,-1.0,0.0,0.4514024391807512,0.0,0.0,0.0,0.0,0.0,0.0,0.0,0,0,0.0,0.0,1.3157292152438373,1.4360338280226368,0.08377561198851023,0.0,0.0,0.0,0.0,0.0,-5e-05
1462,24.4,-0.05827865688923202,-1.0,0.0,0.4514024391807512,0.0,0.0,0.0,0.0,0.0,0.0,0.0,0,0,-0.0,0.0,1.3157292152438373,1.4360338280226368,0.08377561198851023,0.0,0.0,0.0,0.0,0.0,-5e-05
1463,23.86,-0.022131147540983574,-1.0,0.0,0.4514024391807512,0.0,0.0,0.0,0.0,0.0,0.0,0.0,0,0,-0.0,0.0,1.3157292152438373,1.4360338280226368,0.08377561198851023,0.0,0.0,0.0,0.0,0.0,-5e-05
1464,23.11,-0.03143336127409891,-1.0,0.0,0.4514024391807512,0.0,0.0,0.0,0.0,0.0,0.0,0.0,0,0,-0.0,0.0,1.3157292152438373,1.4360338280226368,0.08377561198851023,0.0,0.0,0.0,0.0,0.0,-5e-05
1465,23.36,0.010817827780181739,-1.0,0.0,0.4514024391807512,0.0,0.0,0.0,0.0,0.0,0.0,0.0,0,0,0.0,0.0,1.3157292152438373,1.4360338280226368,0.08377561198851023,0.0,0.0,0.0,0.0,0.0,-5e-05
1466,22.99,-0.015839041095890453,-1.0,0.0,0.4514024391807512,0.0,0.0,0.0,0.0,0.0,0.0,0.0,0,0,-0.0,0.0,1.3157292152438373,1.4360338280226368,0.08377561198851023,0.0,0.0,0.0,0.0,0.0,-5e-05
1467,22.75,-0.010439321444106066,-1.0,0.0,0.4514024391807512,0.0,0.0,0.0,0.0,0.0,0.0,0.0,0,0,-0.0,0.0,1.3157292152438373,1.4360338280226368,0.08377561198851023,0.0,0.0,0.0,0.0,0.0,-5e-05
1468,21.65,-0.048351648351648416,-1.0,0.0,0.4514024391807512,0.0,0.0,0.0,0.0,0.0,0.0,0.0,0,0,-0.0,0.0,1.3157292152438373,1.4360338280226368,0.08377561198851023,0.0,0.0,0.0,0.0,0.0,-5e-05
1469,21.95,0.013856812933025438,-1.0,0.0,0.4514024391807512,0.0,0.0,0.0,0.0,0.0,0.0,0.0,0,0,0.0,0.0,1.3157292152438373,1.4360338280226368,0.08377561198851023,0.0,0.0,0.0,0.0,0.0,-5e-05
1470,22.25,0.013667425968109373,-1.0,0.0,0.4514024391807512,0.0,0.0,0.0,0.0,0.0,0.0,0.0,0,0,0.0,0.0,1.3157292152438373,1.4360338280226368,0.08377561198851023,0.0,0.0,0.0,0.0,0.0,-5e-05
1471,21.3,-0.04269662921348311,-1.0,0.0,0.4514024391807512,0.0,0.0,0.0,0.0,0.0,0.0,0.0,0,0,-0.0,0.0,1.3157292152438373,1.4360338280226368,0.08377561198851023,0.0,0.0,0.0,0.0,0.0,-5e-05
1472,22.29,0.046478873239436544,-1.0,0.0,0.4514024391807512,0.0,0.0,0.0,0.0,0.0,0.0,0.0,0,0,0.0,0.0,1.3157292152438373,1.4360338280226368,0.08377561198851023,0.0,0.0,0.0,0.0,0.0,-5e-05
1473,22.42,0.005832211754149958,-1.0,0.0,0.4514024391807512,0.0,0.0,0.0,0.0,0.0,0.0,0.0,0,0,0.0,0.0,1.3157292152438373,1.4360338280226368,0.08377561198851023,0.0,0.0,0.0,0.0,0.0,-5e-05
1474,20.78,-0.07314897413024088,-1.0,0.0,0.4514024391807512,0.0,0.0,0.0,0.0,0.0,0.0,0.0,0,0,-0.0,0.0,1.3157292152438373,1.4360338280226368,0.08377561198851023,0.0,0.001043928399623889,0.0004712318259202815,0.0004712318259202815,6.137664871602641e-07,-7.211869151941239e-05
1475,18.87,-0.09191530317613089,-1.0,0.0,0.4514024391807512,0.0,0.0,0.0,0.0,0.0,0.0,0.0,0,0,-0.0,0.0,1.3157292152438373,1.4360338280226368,0.08377561198851023,0.0,0.0,0.0,0.0,0.0,-5e-05
1476,19.26,0.02066772655007952,-1.0,0.0,0.4514024391807512,0.0,0.0,0.0,0.0,0.0,0.0,0.0,0,0,0.0,0.0,1.3157292152438373,1.4360338280226368,0.08377561198851023,0.0,0.0,0.0,0.0,0.0,-5e-05
1477,18.85,-0.021287642782969893,-1.0,0.0,0.4514024391807512,0.0,0.0,0.0,0.0,0.0,0.0,0.0,0,0,-0.0,0.0,1.3157292152438373,1.4360338280226368,0.08377561198851023,0.0,0.0,0.0,0.0,0.0,-5e-05
1478,18.93,0.004244031830238636,-1.0,0.0,0.4514024391807512,0.0,0.0,0.0,0.0,0.0,0.0,0.0,0,0,0.0,0.0,1.3157292152438373,1.4360338280226368,0.08377561198851023,0.0,0.0,0.0,0.0,0.0,-5e-05
1479,19.24,0.016376122556788098,-1.0,0.0,0.4514024391807512,0.0,0.0,0.0,0.0,0.0,0.0,0.0,0,0,0.0,0.0,1.3157292152438373,1.4360338280226368,0.08377561198851023,0.0,0.0,0.0,0.0,0.0,-5e-05
1480,19.09,-0.007796257796257723,-1.0,0.0,0.4514024391807512,0.0,0.0,0.0,0.0,0.0,0.0,0.0,0,0,-0.0,0.0,1.3157292152438373,1.4360338280226368,0.08377561198851023,0.0,0.0,0.0,0.0,0.0,-5e-05
1481,19.23,0.007333682556312235,-1.0,0.0,0.4514024391807512,0.0,0.0,0.0,0.0,0.0,0.0,0.0,0,0,0.0,0.0,1.3157292152438373,1.4360338280226368,0.08377561198851023,0.0,0.0,0.0,0.0,0.0,-5e-05
1482,19.83,0.031201248049921887,-1.0,0.0,0.4514024391807512,0.0,0.0,0.0,0.0,0.0,0.0,0.0,0,0,0.0,0.0,1.3157292152438373,1.4360338280226368,0.08377561198851023,0.0,0.0,0.0,0.0,0.0,-5e-05
1483,19.69,-0.007060010085728544,-1.0,0.0,0.4514024391807512,0.0,0.0,0.0,0.0,0.0,0.0,0.0,0,0,-0.0,0.0,1.3157292152438373,1.4360338280226368,0.08377561198851023,0.0,0.061750730898235406,0.027874430548657642,0.027874430548657642,0.00027922882974791986,-0.0016012938862515693
1484,20.09,0.020314880650076108,-1.0,0.0,0.4514024391807512,0.0,0.0,0.0,0.0,0.0,0.0,0.0,0,0,0.0,0.0,1.3157292152438373,1.4360338280226368,0.08377561198851023,0.0,0.032712857819650804,0.014766663812363483,0.014766663812363483,0.00010766507114574447,-0.000831549942230551
1485,19.81,-0.013937282229965214,-1.0,0.0,0.4514024391807512,0.0,0.0,0.0,0.0,0.0,0.0,0.0,0,0,-0.0,0.0,1.3157292152438373,1.4360338280226368,0.08377561198851023,0.0,0.08257504537197793,0.037274576896372036,0.037274576896372036,0.000431787766945488,-0.0021828337016082337
1486,19.68,-0.006562342251388138,-1.0,0.0,0.4514024391807512,0.0,0.0,0.0,0.0,0.0,0.0,0.0,0,0,-0.0,0.0,1.3157292152438373,1.4360338280226368,0.08377561198851023,0.0,0.05651200307672023,0.025509656031821627,0.025509656031821627,0.00024446019532006,-0.0014586074587004969
1487,19.8,0.006097560975609807,-1.0,0.0,0.4514024391807512,0.0,0.0,0.0,0.0,0.0,0.0,0.0,0,0,0.0,0.0,1.3157292152438373,1.4360338280226368,0.08377561198851023,0.0,0.017141186847178205,0.007737573553269252,0.007737573553269252,4.083743310281245e-05,-0.0004439458821546835
1488,19.42,-0.019191919191919142,-1.0,0.0,0.4514024391807512,0.0,0.0,0.0,0.0,0.0,0.0,0.0,0,0,-0.0,0.0,1.3157292152438373,1.4360338280226368,0.08377561198851023,0.0,0.0,0.0,0.0,0.0,-5e-05
1489,19.49,0.0036045314109164122,-1.0,0.0,0.4514024391807512,0.0,0.0,0.0,0.0,0.0,0.0,0.0,0,0,0.0,0.0,1.3157292152438373,1.4360338280226368,0.08377561198851023,0.0,0.0,0.0,0.0,0.0,-5e-05
1490,19.15,-0.01744484350949204,-1.0,0.0,0.4514024391807512,0.0,0.0,0.0,0.0,0.0,0.0,0.0,0,0,-0.0,0.0,1.3157292152438373,1.4360338280226368,0.08377561198851023,0.0,0.0,0.0,0.0,0.0,-5e-05
1491,18.78,-0.01932114882506514,-1.0,0.0,0.4514024391807512,0.0,0.0,0.0,0.0,0.0,0.0,0.0,0,0,-0.0,0.0,1.3157292152438373,1.4360338280226368,0.08377561198851023,0.0,0.0,0.0,0.0,0.0,-5e-05
1492,18.8,0.0010649627263045567,-1.0,0.0,0.4514024391807512,0.0,0.0,0.0,0.0,0.0,0.0,0.0,0,0,0.0,0.0,1.3157292152438373,1.4360338280226368,0.08377561198851023,0.0,0.0,0.0,0.0,0.0,-5e-05
1493,18.25,-0.029255319148936205,-1.0,0.0,0.4514024391807512,0.0,0.0,0.0,0.0,0.0,0.0,0.0,0,0,-0.0,0.0,1.3157292152438373,1.4360338280226368,0.08377561198851023,0.0,0.0,0.0,0.0,0.0,-5e-05
1494,19.5,0.0684931506849315,-1.0,0.0,0.4514024391807512,0.0,0.0,0.0,0.0,0.0,0.0,0.0,0,0,0.0,0.0,1.3157292152438373,1.4360338280226368,0.08377561198851023,0.0,0.0,0.0,0.0,0.0,-5e-05
1495,18.48,-0.052307692307692284,-1.0,0.0,0.4514024391807512,0.0,0.0,0.0,0.0,0.0,0.0,0.0,0,0,-0.0,0.0,1.3157292152438373,1.4360338280226368,0.08377561198851023,0.0,0.018020208720890583,0.008134366171156253,0.008134366171156253,4.401866103634312e-05,-0.00046523496068668913
1496,18.47,-0.0005411255411256257,-1.0,0.0,0.4514024391807512,0.0,0.0,0.0,0.0,0.0,0.0,0.0,0,0,-0.0,0.0,1.3157292152438373,1.4360338280226368,0.08377561198851023,0.0,0.0,0.0,0.0,0.0,-5e-05
1497,17.95,-0.028153762858689747,-1.0,0.0,0.4514024391807512,0.0,0.0,0.0,0.0,0.0,0.0,0.0,0,0,-0.0,0.0,1.3157292152438373,1.4360338280226368,0.08377561198851023,0.0,0.0,0.0,0.0,0.0,-5e-05
1498,17.91,-0.002228412256267362,-1.0,0.0,0.4514024391807512,0.0,0.0,0.0,0.0,0.0,0.0,0.0,0,0,-0.0,0.0,1.3157292152438373,1.4360338280226368,0.08377561198851023,0.0,0.0,0.0,0.0,0.0,-5e-05
1499,17.39,-0.02903405918481293,-1.0,0.0,0.4514024391807512,0.0,0.0,0.0,0.0,0.0,0.0,0.0,0,0,-0.0,0.0,1.3157292152438373,1.4360338280226368,0.08377561198851023,0.0,0.0,0.0,0.0,0.0,-5e-05
1500,17.63,0.013801035077630731,-1.0,0.0,0.4514024391807512,0.0,0.0,0.0,0.0,0.0,0.0,0.0,0,0,0.0,0.0,1.3157292152438373,1.4360338280226368,0.08377561198851023,0.0,0.0,0.0,0.0,0.0,-5e-05
1501,17.85,0.012478729438457313,-1.0,0.0,0.4514024391807512,0.0,0.0,0.0,0.0,0.0,0.0,0.0,0,0,0.0,0.0,1.3157292152438373,1.4360338280226368,0.08377561198851023,0.0,0.0,0.0,0.0,0.0,-5e-05
1502,17.81,-0.0022408963585435686,-1.0,0.0,0.4514024391807512,0.0,0.0,0.0,0.0,0.0,0.0,0.0,0,0,-0.0,0.0,1.3157292152438373,1.4360338280226368,0.08377561198851023,0.0,0.0,0.0,0.0,0.0,-5e-05
1503,17.87,0.003368893879842913,-1.0,0.0,0.4514024391807512,0.0,0.0,0.0,0.0,0.0,0.0,0.0,0,0,0.0,0.0,1.3157292152438373,1.4360338280226368,0.08377561198851023,0.0,0.0,0.0,0.0,0.0,-5e-05
1504,18.28,0.022943480693900398,-1.0,0.0,0.4514024391807512,0.0,0.0,0.0,0.0,0.0,0.0,0.0,0,0,0.0,0.0,1.3157292152438373,1.4360338280226368,0.08377561198851023,0.0,0.0,0.0,0.0,0.0,-5e-05
1505,17.78,-0.02735229759299781,-1.0,0.0,0.4514024391807512,0.0,0.0,0.0,0.0,0.0,0.0,0.0,0,0,-0.0,0.0,1.3157292152438373,1.4360338280226368,0.08377561198851023,0.0,0.12183893738908352,0.05499839352462313,0.05499839352462313,0.0007738846929500519,-0.0033337668031651726
1506,17.88,0.00562429696287952,-1.0,0.0,0.4514024391807512,0.0,0.0,0.0,0.0,0.0,0.0,0.0,0,0,0.0,0.0,1.3157292152438373,1.4360338280226368,0.08377561198851023,0.0,0.0,0.0,0.0,0.0,-5e-05
1507,17.89,0.0005592841163311837,-1.0,0.0,0.4514024391807512,0.0,0.0,0.0,0.0,0.0,0.0,0.0,0,0,0.0,0.0,1.3157292152438373,1.4360338280226368,0.08377561198851023,0.0,0.0,0.0,0.0,0.0,-5e-05
1508,17.74,-0.008384572386808392,-1.0,0.0,0.4514024391807512,0.0,0.0,0.0,0.0,0.0,0.0,0.0,0,0,-0.0,0.0,1.3157292152438373,1.4360338280226368,0.08377561198851023,0.0,0.0,0.0,0.0,0.0,-5e-05
1509,19.61,0.10541149943630221,-1.0,0.0,0.4514024391807512,0.0,0.0,0.0,0.0,0.0,0.0,0.0,1,0,0.0,0.0,1.3157292152438373,1.4360338280226368,0.08377561198851023,0.0,0.0,0.0,0.0,0.0,-5e-05
1510,20.1,0.024987251402345843,0.23815277218818665,0.023815277218818667,0.4514024391807512,0.023815277218818667,0.023815277218818667,0.0,0.023815277218818667,0.023815277218818667,0.0,0.0,0,0,0.0,2.381527721881867e-05,1.3156978807878315,1.4360338280226368,0.08379743212630533,2.1820137795100503e-05,0.3152582953277351,0.14230836348290524,0.11849308626408657,0.002447320044367944,-0.008620466921570577
1511,20.69,0.029353233830845763,1.0,0.12381527721881867,0.4512660469897022,0.12381527721881867,0.12381527721881867,0.023815277218818667,0.12381527721881867,0.1,0.023815277218818667,0.0,0,0,0.0006990554009503985,0.0001,1.3164860567093366,1.4360338280226368,0.08324857602965584,0.0,0.4707113395647414,0.21241604547860826,0.08860076825978959,0.001582367964443747,-0.00893401067223305
1512,22.03,0.06476558724021265,1.0,0.22381527721881866,0.4546963874286976,0.22381527721881866,0.22381527721881866,0.12381527721881867,0.22381527721881866,0.09999999999999999,0.1,0.023815277218818667,0,0,0.008018969138386515,9.999999999999999e-05,1.326911269163534,1.4360338280226368,0.07598884979566273,0.0,0.5472356902647242,0.24882609143541978,0.025010814216601118,0.00023732473015338333,0.00016555503389894356
1513,24.22,0.0994098955969132,1.0,0.32381527721881864,0.5000696782047697,0.32381527721881864,0.32381527721881864,0.22381527721881866,0.32381527721881864,0.09999999999999998,0.09999999999999999,0.12381527721881867,0,0,0.02224945334131695,9.999999999999998e-05,1.3563016284079394,1.4360338280226368,0.05552250793735515,0.0,0.6960548995319911,0.34807594962181604,0.024260672402997396,0.0002267281793617667,0.014544798844934531
1514,26.74,0.10404624277456646,1.0,0.4238152772188186,0.622387455408245,0.4238152772188186,0.4238152772188186,0.32381527721881864,0.32381527721881864,0.0,0.09999999999999998,0.22381527721881866,1,0,0.033691762947622744,0.0,1.4019978213577344,1.4360338280226368,0.02370139616541529,0.0,0.8342010141368569,0.5191962464876158,0.1953809692687971,0.005181728332170934,0.020061200678258163
1515,25.03,-0.06394913986537014,1.0,0.4238152772188186,0.781493020803199,0.4238152772188186,0.4238152772188186,0.32381527721881864,0.4238152772188186,0.09999999999999998,0.0,0.32381527721881864,0,0,-0.02070770845340984,9.999999999999998e-05,1.372825459438607,1.4360338280226368,0.04401593287747642,0.02031453671206113,0.9002991149943462,0.7035774750033783,0.2797621977845597,0.00887840183065675,-0.057077832905231336
1516,24.83,-0.007990411506192683,1.0,0.5238152772188186,0.6799203358620622,0.5238152772188186,0.5238152772188186,0.4238152772188186,0.5238152772188186,0.09999999999999998,0.09999999999999998,0.32381527721881864,0,0,-0.00338645846758949,9.999999999999998e-05,1.3680391604910247,1.4360338280226368,0.0473489316231764,0.0033329987456999846,0.7934308917797737,0.5394697984222393,0.0156545212034207,0.00011751977035938178,-0.007204599698053852
1517,23.62,-0.048731373338703074,1.0,0.6238152772188186,0.663255342844567,0.6238152772188186,0.6238152772188186,0.5238152772188186,0.6238152772188186,0.09999999999999998,0.09999999999999998,0.4238152772188186,0,0,-0.025526237834666496,9.999999999999998e-05,1.3329814635971442,1.4360338280226368,0.07176179447485002,0.02441286285167362,0.7346309387699317,0.48724789515807715,0.0,0.0,-0.05560556036546746
1518,24.19,0.024132091447925497,-1.0,0.5238152772188186,0.5264887850749989,0.5238152772188186,0.5238152772188186,0.6238152772188186,0.5238152772188186,-0.09999999999999998,0.09999999999999998,0.5238152772188186,0,0,0.015053967316457525,9.999999999999998e-05,1.3529148248372198,1.4360338280226368,0.057880950687539616,0.0,0.4418151919240162,0.23261074362375272,0.0,0.0,0.012860209594634719
1519,23.63,-0.02315006200909476,-1.0,0.4238152772188186,0.6105952538597251,0.4238152772188186,0.4238152772188186,0.5238152772188186,0.4238152772188186,-0.09999999999999998,0.0,0.5238152772188186,0,0,-0.012126356148926811,9.999999999999998e-05,1.336373606349597,1.4360338280226368,0.06939963371912211,0.011518683031582495,0.24545373351479605,0.1498728847262842,0.0,0.0,-0.01725546808615985
1520,22.56,-0.045281421921286515,-1.0,0.32381527721881864,0.5412522967919493,0.32381527721881864,0.32381527721881864,0.4238152772188186,0.32381527721881864,-0.09999999999999998,0.0,0.4238152772188186,0,0,-0.019190958384432334,9.999999999999998e-05,1.3105936787234533,1.4360338280226368,0.0873518066575839,0.017952172938461783,0.0,0.0,0.0,0.0,-0.03541392889528079
1521,22.74,0.007978723404255306,-1.0,0.22381527721881864,0.4290512096179545,0.22381527721881864,0.22381527721881864,0.32381527721881864,0.22381527721881864,-0.1,0.0,0.32381527721881864,0,0,0.0025836325310012085,0.0001,1.3138487118188553,1.4360338280226368,0.08508512391523929,0.0,0.0,0.0,0.0,0.0,0.002237865730342578
1522,25.11,0.10422163588390507,-1.0,0.12381527721881863,0.44321797639523497,0.12381527721881863,0.12381527721881863,0.22381527721881864,0.12381527721881863,-0.1,0.0,0.22381527721881864,1,0,0.02332639432755499,0.0001,1.3443646800863103,1.4360338280226368,0.06383495022714848,0.0,0.0,0.0,0.0,0.0,0.022941485360162616
1523,25.23,0.004778972520908044,1.0,0.22381527721881864,0.5760315604513915,0.22381527721881864,0.22381527721881864,0.12381527721881863,0.22381527721881864,0.1,0.0,0.12381527721881863,0,0,0.0005917098074973461,0.0001,1.3450257173843618,1.4360338280226368,0.06337462869073887,0.0,0.40507875756117895,0.23333814882367682,0.00952287160485818,5.57574808204665e-05,-0.005191505192635034
1524,25.29,0.002378121284185443,-0.20020708441734314,0.20379456877708432,0.5789085555826929,0.20379456877708432,0.20379456877708432,0.22381527721881864,0.20379456877708432,-0.020020708441734314,0.1,0.12381527721881863,0,0,0.0005322598744799379,2.0020708441734314e-05,1.3457146922361347,1.4360338280226368,0.06289485249164921,0.0,0.33352670800503825,0.1930814647794473,0.0,0.0,-0.004091882119094385
1525,24.64,-0.02570185844207191,0.7005643844604492,0.2738510072231293,0.5819071814422362,0.2738510072231293,0.2738510072231293,0.20379456877708432,0.2738510072231293,0.07005643844604495,0.0,0.20379456877708432,0,0,-0.005237899157971709,7.005643844604495e-05,1.3385716984042983,1.4360338280226368,0.06786896500379802,0.004974112512148812,0.3870622563441083,0.22523430663187236,0.0,0.0,-0.009995162615284738
1526,24.38,-0.010551948051948114,-1.0,0.17385100722312927,0.5508189819765466,0.17385100722312927,0.17385100722312927,0.2738510072231293,0.17385100722312927,-0.1,0.07005643844604495,0.20379456877708432,0,0,-0.002889661602192128,0.0001,1.3345698219957978,1.4360338280226368,0.07065572136733787,0.0027867563635398523,0.3776840140641552,0.20803552413563364,0.034184516912504376,0.0003792236559557989,-0.009216567051010814
1527,24.69,0.012715340442986148,-1.0,0.07385100722312926,0.5334017597155531,0.07385100722312926,0.07385100722312926,0.17385100722312927,0.07385100722312926,-0.1,0.0,0.17385100722312927,0,0,0.0022105747431981327,0.0001,1.3373865313551365,1.4360338280226368,0.0686942708051201,0.0,0.29193201275101727,0.1557170493186959,0.08186604209556664,0.0014054226294381107,-0.004795665724217027
1528,24.29,-0.016200891049007782,-1.0,0.0,0.5456608053310389,0.0,0.0,0.07385100722312926,0.0,-0.07385100722312926,0.0,0.07385100722312926,0,0,-0.001196452121881404,7.385100722312926e-05,1.3356876450595339,1.4360338280226368,0.06987731138706932,0.0011830405819492212,0.03499860928552578,0.01909736932820637,0.01909736932820637,0.0001583476312339709,-0.0024581006369012877
1529,24.08,-0.00864553314121041,-1.0,0.0,0.5382668025807078,0.0,0.0,0.0,0.0,0.0,0.0,0.0,0,0,-0.0,0.0,1.3356876450595339,1.4360338280226368,0.06987731138706932,0.0,0.0,0.0,0.0,0.0,-5e-05
1530,23.87,-0.008720930232558028,-1.0,0.0,0.5382668025807078,0.0,0.0,0.0,0.0,0.0,0.0,0.0,0,0,-0.0,0.0,1.3356876450595339,1.4360338280226368,0.06987731138706932,0.0,0.0,0.0,0.0,0.0,-5e-05
1531,23.28,-0.024717218265605356,-1.0,0.0,0.5382668025807078,0.0,0.0,0.0,0.0,0.0,0.0,0.0,0,0,-0.0,0.0,1.3356876450595339,1.4360338280226368,0.06987731138706932,0.0,0.0,0.0,0.0,0.0,-5e-05
1532,22.71,-0.024484536082474237,-1.0,0.0,0.5382668025807078,0.0,0.0,0.0,0.0,0.0,0.0,0.0,0,0,-0.0,0.0,1.3356876450595339,1.4360338280226368,0.06987731138706932,0.0,0.0,0.0,0.0,0.0,-5e-05
1533,23.36,0.0286217525319242,-1.0,0.0,0.5382668025807078,0.0,0.0,0.0,0.0,0.0,0.0,0.0,0,0,0.0,0.0,1.3356876450595339,1.4360338280226368,0.06987731138706932,0.0,0.0,0.0,0.0,0.0,-5e-05
1534,23.78,0.017979452054794592,-1.0,0.0,0.5382668025807078,0.0,0.0,0.0,0.0,0.0,0.0,0.0,0,0,0.0,0.0,1.3356876450595339,1.4360338280226368,0.06987731138706932,0.0,0.0,0.0,0.0,0.0,-5e-05
1535,23.21,-0.02396972245584526,-1.0,0.0,0.5382668025807078,0.0,0.0,0.0,0.0,0.0,0.0,0.0,0,0,-0.0,0.0,1.3356876450595339,1.4360338280226368,0.06987731138706932,0.0,0.0,0.0,0.0,0.0,-5e-05
1536,23.67,0.019819043515726015,-1.0,0.0,0.5382668025807078,0.0,0.0,0.0,0.0,0.0,0.0,0.0,0,0,0.0,0.0,1.3356876450595339,1.4360338280226368,0.06987731138706932,0.0,0.0,0.0,0.0,0.0,-5e-05
1537,25.01,0.05661174482467257,-1.0,0.0,0.5382668025807078,0.0,0.0,0.0,0.0,0.0,0.0,0.0,0,0,0.0,0.0,1.3356876450595339,1.4360338280226368,0.06987731138706932,0.0,0.034634040691185426,0.018642354343294507,0.018642354343294507,0.00015272227618515224,-0.000916183514423572
1538,26.04,0.04118352658936415,0.9448011517524719,0.0944801151752472,0.5382668025807078,0.0944801151752472,0.0944801151752472,0.0,0.0944801151752472,0.0944801151752472,0.0,0.0,0,0,0.0,9.448011517524719e-05,1.3355614491369905,1.4360338280226368,0.06996518948581656,8.787809874724606e-05,0.3349290521910887,0.18028119001428433,0.08580107483903714,0.0015079618098988664,-0.0076310471354057085
1539,24.75,-0.04953917050691241,0.7894536852836609,0.17342548370361327,0.5377175550923421,0.17342548370361327,0.17342548370361327,0.0944801151752472,0.17342548370361327,0.07894536852836607,0.0944801151752472,0.0,0,0,-0.0046804665351792936,7.894536852836608e-05,1.3292049620778348,1.4360338280226368,0.0743916082338403,0.004426418748023742,0.418280590738032,0.2249168165942351,0.05149133289062183,0.0007010555816036009,-0.011840163225560424
1540,25.5,0.030303030303030304,-1.0,0.07342548370361326,0.5100524317495659,0.07342548370361326,0.07342548370361326,0.17342548370361327,0.07894536852836607,-0.0944801151752472,0.07894536852836607,0.0944801151752472,0,0,0.005255317687988281,9.448011517524719e-05,1.3360647729880957,1.4360338280226368,0.06961469366790242,0.0,0.15816546525630348,0.08067268017277908,0.0017273116444130043,4.3073216255799205e-06,0.002080761269631371
1541,23.9,-0.06274509803921574,-0.3562477231025696,0.04332059621810912,0.539908165486169,0.04332059621810912,0.04332059621810912,0.07894536852836607,0.04332059621810912,-0.03562477231025696,0.0,0.07894536852836607,0,0,-0.004953434888054347,3.5624772310256955e-05,1.3293990661255466,1.4360338280226368,0.07425644146831983,0.0046417478004174145,0.34037109083196565,0.18376913123561278,0.14044853501750365,0.0031581086756250973,-0.014612058144710597
1542,22.95,-0.03974895397489537,-1.0,0.0,0.5108972344569785,0.0,0.0,0.04332059621810912,0.0,-0.04332059621810912,0.0,0.04332059621810912,0,0,-0.0017219483852386457,4.3320596218109116e-05,1.3270523191901376,1.4360338280226368,0.07589062785697923,0.0016341863886593921,0.002058702217158717,0.0010517852693168388,0.0010517852693168388,2.0466419728264253e-06,-0.002011346975866433
1543,22.27,-0.029629629629629617,-1.0,0.0,0.5006835594798121,0.0,0.0,0.0,0.0,0.0,0.0,0.0,0,0,-0.0,0.0,1.3270523191901376,1.4360338280226368,0.07589062785697923,0.0,0.0,0.0,0.0,0.0,-5e-05
1544,22.75,0.021553659631791667,-1.0,0.0,0.5006835594798121,0.0,0.0,0.0,0.0,0.0,0.0,0.0,0,0,0.0,0.0,1.3270523191901376,1.4360338280226368,0.07589062785697923,0.0,0.0,0.0,0.0,0.0,-5e-05
1545,23.03,0.012307692307692358,-1.0,0.0,0.5006835594798121,0.0,0.0,0.0,0.0,0.0,0.0,0.0,0,0,0.0,0.0,1.3270523191901376,1.4360338280226368,0.07589062785697923,0.0,0.0,0.0,0.0,0.0,-5e-05
1546,22.46,-0.024750325662179776,-1.0,0.0,0.5006835594798121,0.0,0.0,0.0,0.0,0.0,0.0,0.0,0,0,-0.0,0.0,1.3270523191901376,1.4360338280226368,0.07589062785697923,0.0,0.0,0.0,0.0,0.0,-5e-05
1547,21.87,-0.026268922528940333,-1.0,0.0,0.5006835594798121,0.0,0.0,0.0,0.0,0.0,0.0,0.0,0,0,-0.0,0.0,1.3270523191901376,1.4360338280226368,0.07589062785697923,0.0,0.0,0.0,0.0,0.0,-5e-05
1548,21.14,-0.033379058070416114,-1.0,0.0,0.5006835594798121,0.0,0.0,0.0,0.0,0.0,0.0,0.0,0,0,-0.0,0.0,1.3270523191901376,1.4360338280226368,0.07589062785697923,0.0,0.0,0.0,0.0,0.0,-5e-05
1549,21.12,-0.0009460737937558928,-1.0,0.0,0.5006835594798121,0.0,0.0,0.0,0.0,0.0,0.0,0.0,0,0,-0.0,0.0,1.3270523191901376,1.4360338280226368,0.07589062785697923,0.0,0.0,0.0,0.0,0.0,-5e-05
1550,21.35,0.010890151515151535,-1.0,0.0,0.5006835594798121,0.0,0.0,0.0,0.0,0.0,0.0,0.0,0,0,0.0,0.0,1.3270523191901376,1.4360338280226368,0.07589062785697923,0.0,0.0,0.0,0.0,0.0,-5e-05
1551,20.88,-0.022014051522248355,-1.0,0.0,0.5006835594798121,0.0,0.0,0.0,0.0,0.0,0.0,0.0,0,0,-0.0,0.0,1.3270523191901376,1.4360338280226368,0.07589062785697923,0.0,0.0,0.0,0.0,0.0,-5e-05
1552,21.22,0.016283524904214555,-1.0,0.0,0.5006835594798121,0.0,0.0,0.0,0.0,0.0,0.0,0.0,0,0,0.0,0.0,1.3270523191901376,1.4360338280226368,0.07589062785697923,0.0,0.0,0.0,0.0,0.0,-5e-05
1553,21.59,0.017436380772855843,-1.0,0.0,0.5006835594798121,0.0,0.0,0.0,0.0,0.0,0.0,0.0,0,0,0.0,0.0,1.3270523191901376,1.4360338280226368,0.07589062785697923,0.0,0.0,0.0,0.0,0.0,-5e-05
1554,21.27,-0.014821676702176947,-1.0,0.0,0.5006835594798121,0.0,0.0,0.0,0.0,0.0,0.0,0.0,0,0,-0.0,0.0,1.3270523191901376,1.4360338280226368,0.07589062785697923,0.0,0.0,0.0,0.0,0.0,-5e-05
1555,20.91,-0.016925246826516194,-1.0,0.0,0.5006835594798121,0.0,0.0,0.0,0.0,0.0,0.0,0.0,0,0,-0.0,0.0,1.3270523191901376,1.4360338280226368,0.07589062785697923,0.0,0.0,0.0,0.0,0.0,-5e-05
1556,21.57,0.031563845050215214,-1.0,0.0,0.5006835594798121,0.0,0.0,0.0,0.0,0.0,0.0,0.0,0,0,0.0,0.0,1.3270523191901376,1.4360338280226368,0.07589062785697923,0.0,0.0,0.0,0.0,0.0,-5e-05
1557,21.63,0.002781641168289231,-1.0,0.0,0.5006835594798121,0.0,0.0,0.0,0.0,0.0,0.0,0.0,0,0,0.0,0.0,1.3270523191901376,1.4360338280226368,0.07589062785697923,0.0,0.03122629369133917,0.015634491874741696,0.015634491874741696,0.000117294299806426,-0.0008105559498480129
1558,21.16,-0.021729079981507114,-1.0,0.0,0.5006835594798121,0.0,0.0,0.0,0.0,0.0,0.0,0.0,0,0,-0.0,0.0,1.3270523191901376,1.4360338280226368,0.07589062785697923,0.0,0.005685991938152946,0.0028468826827679327,0.0028468826827679327,9.113928273866224e-06,-0.00017624536219981688
1559,21.17,0.00047258979206056534,-1.0,0.0,0.5006835594798121,0.0,0.0,0.0,0.0,0.0,0.0,0.0,0,0,0.0,0.0,1.3270523191901376,1.4360338280226368,0.07589062785697923,0.0,0.0,0.0,0.0,0.0,-5e-05
1560,21.36,0.00897496457250816,-1.0,0.0,0.5006835594798121,0.0,0.0,0.0,0.0,0.0,0.0,0.0,0,0,0.0,0.0,1.3270523191901376,1.4360338280226368,0.07589062785697923,0.0,0.0,0.0,0.0,0.0,-5e-05
1561,21.37,0.0004681647940075638,-1.0,0.0,0.5006835594798121,0.0,0.0,0.0,0.0,0.0,0.0,0.0,0,0,0.0,0.0,1.3270523191901376,1.4360338280226368,0.07589062785697923,0.0,0.03531256925704361,0.01768042286999398,0.01768042286999398,0.00014105556420040594,-0.0009184944908955043
1562,20.38,-0.04632662611137117,-1.0,0.0,0.5006835594798121,0.0,0.0,0.0,0.0,0.0,0.0,0.0,0,0,-0.0,0.0,1.3270523191901376,1.4360338280226368,0.07589062785697923,0.0,0.0,0.0,0.0,0.0,-5e-05
1563,20.09,-0.01422963689892047,-1.0,0.0,0.5006835594798121,0.0,0.0,0.0,0.0,0.0,0.0,0.0,0,0,-0.0,0.0,1.3270523191901376,1.4360338280226368,0.07589062785697923,0.0,0.0,0.0,0.0,0.0,-5e-05
1564,20.63,0.026879044300647047,-1.0,0.0,0.5006835594798121,0.0,0.0,0.0,0.0,0.0,0.0,0.0,0,0,0.0,0.0,1.3270523191901376,1.4360338280226368,0.07589062785697923,0.0,0.0,0.0,0.0,0.0,-5e-05
1565,20.44,-0.0092098885118758,-1.0,0.0,0.5006835594798121,0.0,0.0,0.0,0.0,0.0,0.0,0.0,0,0,-0.0,0.0,1.3270523191901376,1.4360338280226368,0.07589062785697923,0.0,0.0,0.0,0.0,0.0,-5e-05
1566,21.22,0.03816046966731886,-1.0,0.0,0.5006835594798121,0.0,0.0,0.0,0.0,0.0,0.0,0.0,0,0,0.0,0.0,1.3270523191901376,1.4360338280226368,0.07589062785697923,0.0,0.0,0.0,0.0,0.0,-5e-05
1567,21.05,-0.00801131008482555,-1.0,0.0,0.5006835594798121,0.0,0.0,0.0,0.0,0.0,0.0,0.0,0,0,-0.0,0.0,1.3270523191901376,1.4360338280226368,0.07589062785697923,0.0,0.0,0.0,0.0,0.0,-5e-05
1568,21.08,0.0014251781472682937,-1.0,0.0,0.5006835594798121,0.0,0.0,0.0,0.0,0.0,0.0,0.0,0,0,0.0,0.0,1.3270523191901376,1.4360338280226368,0.07589062785697923,0.0,0.09540951637598402,0.04776997626737511,0.04776997626737511,0.0006264462137017484,-0.002641882251047019
1569,22.03,0.04506641366223923,-1.0,0.0,0.5006835594798121,0.0,0.0,0.0,0.0,0.0,0.0,0.0,0,0,0.0,0.0,1.3270523191901376,1.4360338280226368,0.07589062785697923,0.0,0.14406377851560737,0.07213036541930558,0.07213036541930558,0.0011623273283385695,-0.004180041165760082
1570,21.75,-0.012709940989559743,-0.548971951007843,0.0,0.5006835594798121,0.0,0.0,0.0,0.0,0.0,0.0,0.0,0,0,-0.0,0.0,1.3270523191901376,1.4360338280226368,0.07589062785697923,0.0,0.25730838795303435,0.12883007956433765,0.12883007956433765,0.002774451663241533,-0.00812500445507404
1571,22.36,0.028045977011494225,-1.0,0.0,0.5006835594798121,0.0,0.0,0.0,0.0,0.0,0.0,0.0,0,0,0.0,0.0,1.3270523191901376,1.4360338280226368,0.07589062785697923,0.0,0.22649698461122308,0.11340331646659141,0.11340331646659141,0.0022913418316617153,-0.00700717971465291
1572,21.64,-0.03220035778175308,-0.29128730297088623,0.0,0.5006835594798121,0.0,0.0,0.0,0.0,0.0,0.0,0.0,0,0,-0.0,0.0,1.3270523191901376,1.4360338280226368,0.07589062785697923,0.0,0.2361388055302973,0.1182308176842204,0.1182308176842204,0.0024391993192289818,-0.007353658713153107
1573,21.48,-0.0073937153419593405,-1.0,0.0,0.5006835594798121,0.0,0.0,0.0,0.0,0.0,0.0,0.0,0,0,-0.0,0.0,1.3270523191901376,1.4360338280226368,0.07589062785697923,0.0,0.11187893905459913,0.05601594543668166,0.05601594543668166,0.0007954607511342611,-0.0031501668956590034
1574,20.53,-0.04422718808193665,-1.0,0.0,0.5006835594798121,0.0,0.0,0.0,0.0,0.0,0.0,0.0,0,0,-0.0,0.0,1.3270523191901376,1.4360338280226368,0.07589062785697923,0.0,0.07437334095316624,0.03723750907883695,0.03723750907883695,0.0004311438380936016,-0.0020132346617288263
1575,19.74,-0.038480272771553956,-1.0,0.0,0.5006835594798121,0.0,0.0,0.0,0.0,0.0,0.0,0.0,0,0,-0.0,0.0,1.3270523191901376,1.4360338280226368,0.07589062785697923,0.0,0.0,0.0,0.0,0.0,-5e-05
1576,19.58,-0.008105369807497475,-1.0,0.0,0.5006835594798121,0.0,0.0,0.0,0.0,0.0,0.0,0.0,0,0,-0.0,0.0,1.3270523191901376,1.4360338280226368,0.07589062785697923,0.0,0.0,0.0,0.0,0.0,-5e-05
1577,19.7,0.006128702757916292,-1.0,0.0,0.5006835594798121,0.0,0.0,0.0,0.0,0.0,0.0,0.0,0,0,0.0,0.0,1.3270523191901376,1.4360338280226368,0.07589062785697923,0.0,0.0,0.0,0.0,0.0,-5e-05
1578,20.28,0.029441624365482328,-1.0,0.0,0.5006835594798121,0.0,0.0,0.0,0.0,0.0,0.0,0.0,0,0,0.0,0.0,1.3270523191901376,1.4360338280226368,0.07589062785697923,0.0,0.0,0.0,0.0,0.0,-5e-05
1579,19.66,-0.030571992110453697,-1.0,0.0,0.5006835594798121,0.0,0.0,0.0,0.0,0.0,0.0,0.0,0,0,-0.0,0.0,1.3270523191901376,1.4360338280226368,0.07589062785697923,0.0,0.0,0.0,0.0,0.0,-5e-05
1580,19.57,-0.004577822990844347,-1.0,0.0,0.5006835594798121,0.0,0.0,0.0,0.0,0.0,0.0,0.0,0,0,-0.0,0.0,1.3270523191901376,1.4360338280226368,0.07589062785697923,0.0,0.0,0.0,0.0,0.0,-5e-05
1581,18.78,-0.04036791006642816,-1.0,0.0,0.5006835594798121,0.0,0.0,0.0,0.0,0.0,0.0,0.0,0,0,-0.0,0.0,1.3270523191901376,1.4360338280226368,0.07589062785697923,0.0,0.0,0.0,0.0,0.0,-5e-05
1582,18.75,-0.0015974440894569294,-1.0,0.0,0.5006835594798121,0.0,0.0,0.0,0.0,0.0,0.0,0.0,0,0,-0.0,0.0,1.3270523191901376,1.4360338280226368,0.07589062785697923,0.0,0.0,0.0,0.0,0.0,-5e-05
1583,19.6,0.045333333333333406,-1.0,0.0,0.5006835594798121,0.0,0.0,0.0,0.0,0.0,0.0,0.0,0,0,0.0,0.0,1.3270523191901376,1.4360338280226368,0.07589062785697923,0.0,0.0,0.0,0.0,0.0,-5e-05
1584,19.17,-0.021938775510204067,-1.0,0.0,0.5006835594798121,0.0,0.0,0.0,0.0,0.0,0.0,0.0,0,0,-0.0,0.0,1.3270523191901376,1.4360338280226368,0.07589062785697923,0.0,0.0,0.0,0.0,0.0,-5e-05
1585,19.87,0.036515388628064645,-1.0,0.0,0.5006835594798121,0.0,0.0,0.0,0.0,0.0,0.0,0.0,0,0,0.0,0.0,1.3270523191901376,1.4360338280226368,0.07589062785697923,0.0,0.0,0.0,0.0,0.0,-5e-05
1586,19.69,-0.009058882737795657,-1.0,0.0,0.5006835594798121,0.0,0.0,0.0,0.0,0.0,0.0,0.0,0,0,-0.0,0.0,1.3270523191901376,1.4360338280226368,0.07589062785697923,0.0,0.00753740292108146,0.003773853723760599,0.003773853723760599,1.3910054912317168e-05,-0.00021918055508659523
1587,19.8,0.00558659217877092,-1.0,0.0,0.5006835594798121,0.0,0.0,0.0,0.0,0.0,0.0,0.0,0,0,0.0,0.0,1.3270523191901376,1.4360338280226368,0.07589062785697923,0.0,0.09535245318510985,0.04774140566585295,0.04774140566585295,0.0006258842937424092,-0.0026401448293556723
1588,20.24,0.022222222222222105,-1.0,0.0,0.5006835594798121,0.0,0.0,0.0,0.0,0.0,0.0,0.0,0,0,0.0,0.0,1.3270523191901376,1.4360338280226368,0.07589062785697923,0.0,0.12845053191877726,0.06431306953816862,0.06431306953816862,0.0009785884994602252,-0.0036746694569870365
1589,22.36,0.10474308300395263,-1.0,0.0,0.5006835594798121,0.0,0.0,0.0,0.0,0.0,0.0,0.0,1,0,0.0,0.0,1.3270523191901376,1.4360338280226368,0.07589062785697923,0.0,0.09887705332281325,0.049506115008541324,0.049506115008541324,0.0006609057342978826,-0.002747773032747836
1590,22.03,-0.014758497316636776,1.0,0.1,0.5006835594798121,0.1,0.1,0.0,0.1,0.1,0.0,0.0,0,0,-0.0,0.0001,1.3269196139582184,1.4360338280226368,0.0759830387941936,9.241093721437665e-05,0.5335365723822167,0.2671329901729867,0.1671329901729867,0.004099628703593218,-0.013565750434090904
1591,22.38,0.015887426236949515,0.6827118396759033,0.16827118396759033,0.5001059997851788,0.16827118396759033,0.16827118396759033,0.1,0.16827118396759033,0.06827118396759033,0.1,0.0,0,0,0.0015887426236949516,6.827118396759033e-05,1.3289371573340558,1.4360338280226368,0.07457809739485662,0.0,0.41610558093034256,0.20809689756736158,0.039825713599771245,0.0004768662645533428,-0.005332924628991036
1592,20.48,-0.08489722966934757,0.28945204615592957,0.1972163885831833,0.5088868815474639,0.1972163885831833,0.1972163885831833,0.16827118396759033,0.1972163885831833,0.028945204615592968,0.06827118396759033,0.1,0,0,-0.014285757352029553,2.8945204615592968e-05,1.3099138172103453,1.4360338280226368,0.08782523667005387,0.013247139275197259,0.49075280824033435,0.24973766619608428,0.052521277612900985,0.0007221944946331847,-0.02844901183599325
1593,19.03,-0.07080078124999996,-1.0,0.0972163885831833,0.426092258100089,0.0972163885831833,0.0972163885831833,0.1972163885831833,0.0972163885831833,-0.1,0.028945204615592968,0.16827118396759033,0,0,-0.01396307438699295,0.0001,1.2914924017583662,1.4360338280226368,0.10065321822070065,0.01282798155064678,0.12354220253230314,0.052640376047647576,0.0,0.0,-0.02212691251847408
1594,19.51,0.025223331581713106,-1.0,0.0,0.34795869924130607,0.0,0.0,0.0972163885831833,0.0,-0.0972163885831833,0.0,0.0972163885831833,0,0,0.0024521212044103006,9.72163885831833e-05,1.2945337434348712,1.4360338280226368,0.09853534215318994,0.0,0.0,0.0,0.0,0.0,0.0019646474557859753
1595,20.58,0.054843669912865024,-1.0,0.0,0.35915409997707715,0.0,0.0,0.0,0.0,0.0,0.0,0.0,0,0,0.0,0.0,1.2945337434348712,1.4360338280226368,0.09853534215318994,0.0,0.0,0.0,0.0,0.0,-5e-05
1596,20.75,0.008260447035957323,-1.0,0.0,0.35915409997707715,0.0,0.0,0.0,0.0,0.0,0.0,0.0,0,0,0.0,0.0,1.2945337434348712,1.4360338280226368,0.09853534215318994,0.0,0.0,0.0,0.0,0.0,-5e-05
1597,20.8,0.0024096385542169015,-1.0,0.0,0.35915409997707715,0.0,0.0,0.0,0.0,0.0,0.0,0.0,0,0,0.0,0.0,1.2945337434348712,1.4360338280226368,0.09853534215318994,0.0,0.0,0.0,0.0,0.0,-5e-05
1598,21.18,0.01826923076923072,-1.0,0.0,0.35915409997707715,0.0,0.0,0.0,0.0,0.0,0.0,0.0,0,0,0.0,0.0,1.2945337434348712,1.4360338280226368,0.09853534215318994,0.0,0.09371937660773247,0.03365969835596289,0.03365969835596289,0.0003705242014172832,-0.002351143359536572
1599,20.82,-0.016997167138810172,1.0,0.1,0.35915409997707715,0.1,0.1,0.0,0.1,0.1,0.0,0.0,0,0,-0.0,0.0001,1.2944042900605277,1.4360338280226368,0.09862548861897459,9.014646578464625e-05,0.3664550908585642,0.13161384833932566,0.03161384833932565,0.0003372619126945545,-0.0069629984572901465
1600,21.13,0.014889529298751139,-1.0,0.0,0.3585906963855776,0.0,0.0,0.1,0.1,-0.0,0.1,0.0,0,0,0.001488952929875114,0.0,1.2963315971206564,1.4360338280226368,0.09728338439933898,0.0,0.2318497661417417,0.08313916909760047,0.0,0.0,-0.002398493094534495
1601,21.93,0.037860861334595396,-1.0,0.0,0.3669788394181571,0.0,0.0,0.1,0.0,-0.1,0.0,0.1,0,0,0.0037860861334595396,0.0001,1.3011099870451683,1.4360338280226368,0.09395589320012981,0.0,0.13692540406285642,0.05024872586984926,0.05024872586984926,0.0006758321246742917,-0.00021040931490959428
1602,21.71,-0.01003191974464199,1.0,0.1,0.3877756450378307,0.1,0.1,0.0,0.1,0.1,0.0,0.0,0,0,-0.0,0.0001,1.300979876046464,1.4360338280226368,0.09404649761080973,9.060441067991476e-05,0.26703461308007925,0.10354951933455527,0.0035495193345552595,1.2688362263348194e-05,-0.004948276784624696
1603,22.27,0.025794564716720345,-1.0,0.0,0.3872094009124786,0.0,0.0,0.1,0.1,-0.0,0.1,0.0,0,0,0.0025794564716720347,0.0,1.3043356970072473,1.4360338280226368,0.09170962998603784,0.0,0.20448709354265185,0.07917932498498419,0.0,0.0,-0.000842824118553047
1604,21.65,-0.027840143691064256,-1.0,0.0,0.401814820622392,0.0,0.0,0.1,0.0,-0.1,0.0,0.1,0,0,-0.0027840143691064256,0.0001,1.3005739741149398,1.4360338280226368,0.09432915246447919,0.002619522478441355,0.2551105522311954,0.10250720078365713,0.10250720078365713,0.0019691681904602087,-0.01050845993552926
1605,22.23,0.026789838337182535,-0.7614941000938416,0.0,0.38544277512073466,0.0,0.0,0.0,0.0,0.0,0.0,0.0,0,0,0.0,0.0,1.3005739741149398,1.4360338280226368,0.09432915246447919,0.0,0.1702160817950811,0.06560855893727402,0.06560855893727402,0.0010083051805559512,-0.004564756465534622
1606,22.24,0.0004498425551056235,0.17962679266929626,0.017962679266929626,0.38544277512073466,0.017962679266929626,0.017962679266929626,0.0,0.017962679266929626,0.017962679266929626,0.0,0.0,0,0,0.0,1.7962679266929625e-05,1.3005506123217798,1.4360338280226368,0.0943454207394349,1.6268274955710815e-05,0.2361631786704328,0.0910273909680655,0.07306471170113588,0.0011849847543156699,-0.005851232668579751
1607,22.11,-0.00584532374100715,-1.0,0.0,0.38534112126171793,0.0,0.0,0.017962679266929626,0.017962679266929626,-0.0,0.017962679266929626,0.0,0,0,-0.00010499767557108066,0.0,1.3004140575305236,1.4360338280226368,0.09444051236512746,9.50916256925588e-05,0.11856421718513185,0.04568766839163656,0.02772498912470693,0.00027698632429760906,-0.0026787924005441037
1608,21.8,-0.014020805065581128,-1.0,0.0,0.38474679776074194,0.0,0.0,0.017962679266929626,0.0,-0.017962679266929626,0.0,0.017962679266929626,0,0,-0.00025185122445717603,1.7962679266929625e-05,1.3000631877372038,1.4360338280226368,0.09468484490554054,0.0002443325404130753,0.113904310342485,0.04382431865541686,0.04382431865541686,0.0005504577739702021,-0.0032795698481837524
1609,20.99,-0.0371559633027524,-1.0,0.0,0.38321970813518313,0.0,0.0,0.0,0.0,0.0,0.0,0.0,0,0,-0.0,0.0,1.3000631877372038,1.4360338280226368,0.09468484490554054,0.0,0.0,0.0,0.0,0.0,-5e-05
1610,20.22,-0.036684135302525,-1.0,0.0,0.38321970813518313,0.0,0.0,0.0,0.0,0.0,0.0,0.0,0,0,-0.0,0.0,1.3000631877372038,1.4360338280226368,0.09468484490554054,0.0,0.0,0.0,0.0,0.0,-5e-05
1611,20.1,-0.005934718100890081,-1.0,0.0,0.38321970813518313,0.0,0.0,0.0,0.0,0.0,0.0,0.0,0,0,-0.0,0.0,1.3000631877372038,1.4360338280226368,0.09468484490554054,0.0,0.0,0.0,0.0,0.0,-5e-05
1612,20.07,-0.0014925373134328922,-1.0,0.0,0.38321970813518313,0.0,0.0,0.0,0.0,0.0,0.0,0.0,0,0,-0.0,0.0,1.3000631877372038,1.4360338280226368,0.09468484490554054,0.0,0.0,0.0,0.0,0.0,-5e-05
1613,20.07,0.0,-1.0,0.0,0.38321970813518313,0.0,0.0,0.0,0.0,0.0,0.0,0.0,0,0,0.0,0.0,1.3000631877372038,1.4360338280226368,0.09468484490554054,0.0,0.0,0.0,0.0,0.0,-5e-05
1614,20.35,0.013951170901843604,-1.0,0.0,0.38321970813518313,0.0,0.0,0.0,0.0,0.0,0.0,0.0,0,0,0.0,0.0,1.3000631877372038,1.4360338280226368,0.09468484490554054,0.0,0.0,0.0,0.0,0.0,-5e-05
1615,19.9,-0.02211302211302225,-1.0,0.0,0.38321970813518313,0.0,0.0,0.0,0.0,0.0,0.0,0.0,0,0,-0.0,0.0,1.3000631877372038,1.4360338280226368,0.09468484490554054,0.0,0.0,0.0,0.0,0.0,-5e-05
1616,20.06,0.008040201005025133,-1.0,0.0,0.38321970813518313,0.0,0.0,0.0,0.0,0.0,0.0,0.0,0,0,0.0,0.0,1.3000631877372038,1.4360338280226368,0.09468484490554054,0.0,0.0,0.0,0.0,0.0,-5e-05
1617,19.85,-0.010468594217347822,-1.0,0.0,0.38321970813518313,0.0,0.0,0.0,0.0,0.0,0.0,0.0,0,0,-0.0,0.0,1.3000631877372038,1.4360338280226368,0.09468484490554054,0.0,0.0,0.0,0.0,0.0,-5e-05
1618,19.94,0.004534005037783368,-1.0,0.0,0.38321970813518313,0.0,0.0,0.0,0.0,0.0,0.0,0.0,0,0,0.0,0.0,1.3000631877372038,1.4360338280226368,0.09468484490554054,0.0,0.0,0.0,0.0,0.0,-5e-05
1619,19.7,-0.012036108324975025,-1.0,0.0,0.38321970813518313,0.0,0.0,0.0,0.0,0.0,0.0,0.0,0,0,-0.0,0.0,1.3000631877372038,1.4360338280226368,0.09468484490554054,0.0,0.0,0.0,0.0,0.0,-5e-05
1620,20.29,0.029949238578680197,-1.0,0.0,0.38321970813518313,0.0,0.0,0.0,0.0,0.0,0.0,0.0,0,0,0.0,0.0,1.3000631877372038,1.4360338280226368,0.09468484490554054,0.0,0.0,0.0,0.0,0.0,-5e-05
1621,20.55,0.012814194184327332,-1.0,0.0,0.38321970813518313,0.0,0.0,0.0,0.0,0.0,0.0,0.0,0,0,0.0,0.0,1.3000631877372038,1.4360338280226368,0.09468484490554054,0.0,0.01665666722108746,0.006383163150970009,0.006383163150970009,3.05988544505816e-05,-0.00042372619920498327
1622,20.57,0.0009732360097323393,-1.0,0.0,0.38321970813518313,0.0,0.0,0.0,0.0,0.0,0.0,0.0,0,0,0.0,0.0,1.3000631877372038,1.4360338280226368,0.09468484490554054,0.0,0.05438322053006216,0.02084072189898172,0.02084072189898172,0.00018051794791437004,-0.0013508122908336506
1623,20.05,-0.025279533300923654,-1.0,0.0,0.38321970813518313,0.0,0.0,0.0,0.0,0.0,0.0,0.0,0,0,-0.0,0.0,1.3000631877372038,1.4360338280226368,0.09468484490554054,0.0,0.0942642086819634,0.03612390253869601,0.03612390253869601,0.00041194880106189795,-0.002403791499910344
1624,19.88,-0.008478802992518788,-1.0,0.0,0.38321970813518313,0.0,0.0,0.0,0.0,0.0,0.0,0.0,0,0,-0.0,0.0,1.3000631877372038,1.4360338280226368,0.09468484490554054,0.0,0.0,0.0,0.0,0.0,-5e-05
1625,19.66,-0.011066398390341996,-1.0,0.0,0.38321970813518313,0.0,0.0,0.0,0.0,0.0,0.0,0.0,0,0,-0.0,0.0,1.3000631877372038,1.4360338280226368,0.09468484490554054,0.0,0.0,0.0,0.0,0.0,-5e-05
1626,19.87,0.01068158697863687,-1.0,0.0,0.38321970813518313,0.0,0.0,0.0,0.0,0.0,0.0,0.0,0,0,0.0,0.0,1.3000631877372038,1.4360338280226368,0.09468484490554054,0.0,0.0,0.0,0.0,0.0,-5e-05
1627,19.54,-0.016607951685958824,-1.0,0.0,0.38321970813518313,0.0,0.0,0.0,0.0,0.0,0.0,0.0,0,0,-0.0,0.0,1.3000631877372038,1.4360338280226368,0.09468484490554054,0.0,0.0,0.0,0.0,0.0,-5e-05
1628,19.41,-0.006653019447287564,-1.0,0.0,0.38321970813518313,0.0,0.0,0.0,0.0,0.0,0.0,0.0,0,0,-0.0,0.0,1.3000631877372038,1.4360338280226368,0.09468484490554054,0.0,0.0,0.0,0.0,0.0,-5e-05
1629,19.25,-0.008243173621844417,-1.0,0.0,0.38321970813518313,0.0,0.0,0.0,0.0,0.0,0.0,0.0,0,0,-0.0,0.0,1.3000631877372038,1.4360338280226368,0.09468484490554054,0.0,0.0,0.0,0.0,0.0,-5e-05
1630,19.01,-0.012467532467532386,-1.0,0.0,0.38321970813518313,0.0,0.0,0.0,0.0,0.0,0.0,0.0,0,0,-0.0,0.0,1.3000631877372038,1.4360338280226368,0.09468484490554054,0.0,0.0,0.0,0.0,0.0,-5e-05
1631,18.89,-0.006312467122567122,-1.0,0.0,0.38321970813518313,0.0,0.0,0.0,0.0,0.0,0.0,0.0,0,0,-0.0,0.0,1.3000631877372038,1.4360338280226368,0.09468484490554054,0.0,0.0,0.0,0.0,0.0,-5e-05
1632,19.05,0.008470089994706201,-1.0,0.0,0.38321970813518313,0.0,0.0,0.0,0.0,0.0,0.0,0.0,0,0,0.0,0.0,1.3000631877372038,1.4360338280226368,0.09468484490554054,0.0,0.0,0.0,0.0,0.0,-5e-05
1633,19.03,-0.0010498687664041771,-1.0,0.0,0.38321970813518313,0.0,0.0,0.0,0.0,0.0,0.0,0.0,0,0,-0.0,0.0,1.3000631877372038,1.4360338280226368,0.09468484490554054,0.0,0.0,0.0,0.0,0.0,-5e-05
1634,18.08,-0.04992117708880729,-1.0,0.0,0.38321970813518313,0.0,0.0,0.0,0.0,0.0,0.0,0.0,0,0,-0.0,0.0,1.3000631877372038,1.4360338280226368,0.09468484490554054,0.0,0.0,0.0,0.0,0.0,-5e-05
1635,16.18,-0.10508849557522117,-1.0,0.0,0.38321970813518313,0.0,0.0,0.0,0.0,0.0,0.0,0.0,0,1,-0.0,0.0,1.3000631877372038,1.4360338280226368,0.09468484490554054,0.0,0.0,0.0,0.0,0.0,-5e-05
1636,14.47,-0.10568603213844247,-1.0,0.0,0.38321970813518313,0.0,0.0,0.0,0.0,0.0,0.0,0.0,0,1,-0.0,0.0,1.3000631877372038,1.4360338280226368,0.09468484490554054,0.0,0.0,0.0,0.0,0.0,-5e-05
1637,15.36,0.06150656530753274,-1.0,0.0,0.38321970813518313,0.0,0.0,0.0,0.0,0.0,0.0,0.0,0,0,0.0,0.0,1.3000631877372038,1.4360338280226368,0.09468484490554054,0.0,0.0,0.0,0.0,0.0,-5e-05
1638,16.99,0.1061197916666666,-1.0,0.0,0.38321970813518313,0.0,0.0,0.0,0.0,0.0,0.0,0.0,1,0,0.0,0.0,1.3000631877372038,1.4360338280226368,0.09468484490554054,0.0,0.0,0.0,0.0,0.0,-5e-05
1639,16.83,-0.009417304296645095,-1.0,0.0,0.38321970813518313,0.0,0.0,0.0,0.0,0.0,0.0,0.0,0,0,-0.0,0.0,1.3000631877372038,1.4360338280226368,0.09468484490554054,0.0,0.0,0.0,0.0,0.0,-5e-05
1640,16.95,0.00713012477718366,-1.0,0.0,0.38321970813518313,0.0,0.0,0.0,0.0,0.0,0.0,0.0,0,0,0.0,0.0,1.3000631877372038,1.4360338280226368,0.09468484490554054,0.0,0.0,0.0,0.0,0.0,-5e-05
1641,17.13,0.010619469026548657,-1.0,0.0,0.38321970813518313,0.0,0.0,0.0,0.0,0.0,0.0,0.0,0,0,0.0,0.0,1.3000631877372038,1.4360338280226368,0.09468484490554054,0.0,0.01724521735353085,0.006608707160947888,0.006608707160947888,3.223487665399791e-05,-0.00043748635413673345
1642,16.53,-0.03502626970227658,-1.0,0.0,0.38321970813518313,0.0,0.0,0.0,0.0,0.0,0.0,0.0,0,0,-0.0,0.0,1.3000631877372038,1.4360338280226368,0.09468484490554054,0.0,0.3053001853894849,0.1169970479385757,0.1169970479385757,0.0024011185673990187,-0.008740302386422408
1643,16.43,-0.0060496067755596745,-1.0,0.0,0.38321970813518313,0.0,0.0,0.0,0.0,0.0,0.0,0.0,0,0,-0.0,0.0,1.3000631877372038,1.4360338280226368,0.09468484490554054,0.0,0.08601381376094419,0.03296218860506303,0.03296218860506303,0.0003590668488915407,-0.0021809514123669912
1644,16.59,0.00973828362751066,-1.0,0.0,0.38321970813518313,0.0,0.0,0.0,0.0,0.0,0.0,0.0,0,0,0.0,0.0,1.3000631877372038,1.4360338280226368,0.09468484490554054,0.0,0.0,0.0,0.0,0.0,-5e-05
1645,16.84,0.015069318866787222,-1.0,0.0,0.38321970813518313,0.0,0.0,0.0,0.0,0.0,0.0,0.0,0,0,0.0,0.0,1.3000631877372038,1.4360338280226368,0.09468484490554054,0.0,0.0,0.0,0.0,0.0,-5e-05
1646,16.81,-0.0017814726840855782,-1.0,0.0,0.38321970813518313,0.0,0.0,0.0,0.0,0.0,0.0,0.0,0,0,-0.0,0.0,1.3000631877372038,1.4360338280226368,0.09468484490554054,0.0,0.0,0.0,0.0,0.0,-5e-05
1647,17.27,0.0273646638905414,-1.0,0.0,0.38321970813518313,0.0,0.0,0.0,0.0,0.0,0.0,0.0,0,0,0.0,0.0,1.3000631877372038,1.4360338280226368,0.09468484490554054,0.0,0.0,0.0,0.0,0.0,-5e-05
1648,16.95,-0.01852924145917778,-1.0,0.0,0.38321970813518313,0.0,0.0,0.0,0.0,0.0,0.0,0.0,0,0,-0.0,0.0,1.3000631877372038,1.4360338280226368,0.09468484490554054,0.0,0.12381594943143918,0.04744871200359672,0.04744871200359672,0.0006201373546942746,-0.003220745912981922
1649,17.27,0.018879056047197657,-1.0,0.0,0.38321970813518313,0.0,0.0,0.0,0.0,0.0,0.0,0.0,0,0,0.0,0.0,1.3000631877372038,1.4360338280226368,0.09468484490554054,0.0,0.06929554092914235,0.026555416969935568,0.026555416969935568,0.00025964558241873794,-0.0017371337255590704
1650,17.03,-0.013896931094383233,-1.0,0.0,0.38321970813518313,0.0,0.0,0.0,0.0,0.0,0.0,0.0,0,0,-0.0,0.0,1.3000631877372038,1.4360338280226368,0.09468484490554054,0.0,0.13253720037791522,0.05079086724587895,0.05079086724587895,0.0006867990614228862,-0.0034670653892079394
1651,17.12,0.005284791544333521,-1.0,0.0,0.38321970813518313,0.0,0.0,0.0,0.0,0.0,0.0,0.0,0,0,0.0,0.0,1.3000631877372038,1.4360338280226368,0.09468484490554054,0.0,0.03344413262175485,0.012816450742143251,0.012816450742143251,8.705684209235921e-05,-0.0008260059741005091
1652,17.09,-0.0017523364485981972,-1.0,0.0,0.38321970813518313,0.0,0.0,0.0,0.0,0.0,0.0,0.0,0,0,-0.0,0.0,1.3000631877372038,1.4360338280226368,0.09468484490554054,0.0,0.07054119760589139,0.027032777158035978,0.027032777158035978,0.00026667803532644366,-0.0017698267060078062
1653,17.84,0.04388531304856641,-1.0,0.0,0.38321970813518313,0.0,0.0,0.0,0.0,0.0,0.0,0.0,0,0,0.0,0.0,1.3000631877372038,1.4360338280226368,0.09468484490554054,0.0,0.0,0.0,0.0,0.0,-5e-05
1654,17.66,-0.010089686098654693,-1.0,0.0,0.38321970813518313,0.0,0.0,0.0,0.0,0.0,0.0,0.0,0,0,-0.0,0.0,1.3000631877372038,1.4360338280226368,0.09468484490554054,0.0,0.24541337868018595,0.09404724335029004,0.09404724335029004,0.001730495028153881,-0.006836010628965711
1655,18.06,0.022650056625141482,-1.0,0.0,0.38321970813518313,0.0,0.0,0.0,0.0,0.0,0.0,0.0,0,0,0.0,0.0,1.3000631877372038,1.4360338280226368,0.09468484490554054,0.0,0.14655207935119396,0.05616164507556875,0.05616164507556875,0.0007985663045975865,-0.003867539139232182
1656,17.72,-0.018826135105204866,1.0,0.1,0.38321970813518313,0.1,0.1,0.0,0.1,0.1,0.0,0.0,0,0,-0.0,0.0001,1.29993318141843,1.4360338280226368,0.09477537642104997,9.053151550943161e-05,0.27895514719980335,0.10690111009271569,0.006901110092715684,3.439772213664225e-05,-0.005172635224533299
1657,18.3,0.03273137697516941,-1.0,0.0,0.3826538831049896,0.0,0.0,0.1,0.1,-0.0,0.1,0.0,0,0,0.003273137697516941,0.0,1.3041880417187839,1.4360338280226368,0.0918124515808931,0.0,0.1646821193050356,0.06301625243003105,0.0,0.0,0.0005275416693313356
1658,18.12,-0.009836065573770475,-1.0,0.0,0.4011721614797946,0.0,0.0,0.1,0.0,-0.1,0.0,0.1,0,0,-0.0009836065573770477,0.0001,1.3027748150047247,1.4360338280226368,0.09279656956368822,0.0009841179827951158,0.2978982179965853,0.11950847201466917,0.11950847201466917,0.002478844540002423,-0.010099154388109127
1659,18.58,0.025386313465783513,-1.0,0.0,0.3950214278004154,0.0,0.0,0.0,0.0,0.0,0.0,0.0,0,0,0.0,0.0,1.3027748150047247,1.4360338280226368,0.09279656956368822,0.0,0.12408154823285036,0.04901487034662666,0.04901487034662666,0.0006510930171770107,-0.0032571729107737286
1660,18.13,-0.02421959095801934,0.8064051866531372,0.08064051866531373,0.3950214278004154,0.08064051866531373,0.08064051866531373,0.0,0.08064051866531373,0.08064051866531373,0.0,0.0,0,0,-0.0,8.064051866531373e-05,1.3026697585679385,1.4360338280226368,0.0928697269188536,7.315735516538746e-05,0.2592967052813704,0.10242775474419044,0.021787236078876712,0.00019295429912392998,-0.0050699935394335266
1661,18.25,0.00661886376172096,-1.0,0.0,0.39456419498241935,0.0,0.0,0.08064051866531373,0.08064051866531373,-0.0,0.08064051866531373,0.0,0,0,0.0005337486067202277,0.0,1.3033650567365909,1.4360338280226368,0.09238554739948272,0.0,0.07657180512751675,0.03021249264848934,0.0,0.0,-0.0007679612181626173
1662,18.08,-0.009315068493150778,-1.0,0.0,0.3975903414240418,0.0,0.0,0.08064051866531373,0.0,-0.08064051866531373,0.0,0.08064051866531373,0,0,-0.0007511719546906011,8.064051866531373e-05,1.3022809014250611,1.4360338280226368,0.09314051242215392,0.0007549650226711946,0.1589254187709213,0.06318721151008942,0.06318721151008942,0.0009530046847756378,-0.00539092260014113
1663,18.09,0.0005530973451328299,-1.0,0.0,0.3928717955998704,0.0,0.0,0.0,0.0,0.0,0.0,0.0,0,0,0.0,0.0,1.3022809014250611,1.4360338280226368,0.09314051242215392,0.0,0.012934319257373518,0.005081529231506316,0.005081529231506316,2.1734161642042425e-05,-0.00033818113834393695
1664,18.0,-0.004975124378109445,-1.0,0.0,0.3928717955998704,0.0,0.0,0.0,0.0,0.0,0.0,0.0,0,0,-0.0,0.0,1.3022809014250611,1.4360338280226368,0.09314051242215392,0.0,0.03756808359287649,0.014759440458379418,0.014759440458379418,0.00010758608162418903,-0.0009314886036374448
1665,18.08,0.00444444444444435,-1.0,0.0,0.3928717955998704,0.0,0.0,0.0,0.0,0.0,0.0,0.0,0,0,0.0,0.0,1.3022809014250611,1.4360338280226368,0.09314051242215392,0.0,0.0,0.0,0.0,0.0,-5e-05
1666,17.82,-0.014380530973451218,-1.0,0.0,0.3928717955998704,0.0,0.0,0.0,0.0,0.0,0.0,0.0,0,0,-0.0,0.0,1.3022809014250611,1.4360338280226368,0.09314051242215392,0.0,0.021948437266884856,0.008622921959652165,0.008622921959652165,4.804331141672203e-05,-0.0005501811191145501
1667,17.79,-0.0016835016835017472,-1.0,0.0,0.3928717955998704,0.0,0.0,0.0,0.0,0.0,0.0,0.0,0,0,-0.0,0.0,1.3022809014250611,1.4360338280226368,0.09314051242215392,0.0,0.0,0.0,0.0,0.0,-5e-05
1668,17.5,-0.016301292861157907,-1.0,0.0,0.3928717955998704,0.0,0.0,0.0,0.0,0.0,0.0,0.0,0,0,-0.0,0.0,1.3022809014250611,1.4360338280226368,0.09314051242215392,0.0,0.0,0.0,0.0,0.0,-5e-05
1669,17.61,0.006285714285714253,-1.0,0.0,0.3928717955998704,0.0,0.0,0.0,0.0,0.0,0.0,0.0,0,0,0.0,0.0,1.3022809014250611,1.4360338280226368,0.09314051242215392,0.0,0.0,0.0,0.0,0.0,-5e-05
1670,18.73,0.06360022714366843,-1.0,0.0,0.3928717955998704,0.0,0.0,0.0,0.0,0.0,0.0,0.0,0,0,0.0,0.0,1.3022809014250611,1.4360338280226368,0.09314051242215392,0.0,0.0,0.0,0.0,0.0,-5e-05
1671,17.96,-0.04111051788574477,-1.0,0.0,0.3928717955998704,0.0,0.0,0.0,0.0,0.0,0.0,0.0,0,0,-0.0,0.0,1.3022809014250611,1.4360338280226368,0.09314051242215392,0.0,0.172870576425765,0.06791597376677493,0.06791597376677493,0.0010619624193734596,-0.004673096293744219
1672,17.82,-0.007795100222717181,-1.0,0.0,0.3928717955998704,0.0,0.0,0.0,0.0,0.0,0.0,0.0,0,0,-0.0,0.0,1.3022809014250611,1.4360338280226368,0.09314051242215392,0.0,0.02267514646446213,0.00890842550698329,0.00890842550698329,5.044901363991206e-05,-0.0005675570308078319
1673,18.46,0.03591470258136928,-1.0,0.0,0.3928717955998704,0.0,0.0,0.0,0.0,0.0,0.0,0.0,0,0,0.0,0.0,1.3022809014250611,1.4360338280226368,0.09314051242215392,0.0,0.0,0.0,0.0,0.0,-5e-05
1674,19.59,0.061213434452871016,-1.0,0.0,0.3928717955998704,0.0,0.0,0.0,0.0,0.0,0.0,0.0,0,0,0.0,0.0,1.3022809014250611,1.4360338280226368,0.09314051242215392,0.0,0.19391026414865764,0.0761818736613283,0.0761818736613283,0.0012616204645598504,-0.0053061719060221975
1675,19.34,-0.012761613067891782,1.0,0.1,0.3928717955998704,0.1,0.1,0.0,0.1,0.1,0.0,0.0,0,0,-0.0,0.0001,1.3021506733349186,1.4360338280226368,0.0932311983709117,9.068594875778768e-05,0.41212240047552257,0.16191126748174745,0.06191126748174744,0.0009242847620251269,-0.008326365570109009
1676,19.46,0.0062047569803516545,-1.0,0.0,0.39230499268097363,0.0,0.0,0.1,0.1,-0.0,0.1,0.0,0,0,0.0006204756980351655,0.0,1.3029586261829031,1.4360338280226368,0.09266857036576434,0.0,0.1894717155705012,0.07433069999013699,0.0,0.0,-0.002546543466663355
1677,19.19,-0.013874614594039032,-1.0,0.0,0.3958214338919901,0.0,0.0,0.1,0.0,-0.1,0.0,0.1,0,0,-0.0013874614594039034,0.0001,1.301020525443258,1.4360338280226368,0.09401819089825121,0.0013496205324868699,0.32666804432863555,0.12930221371285272,0.12930221371285272,0.002789717268712762,-0.011406540441286559
1678,19.43,0.012506513809275583,0.6335214376449585,0.06335214376449586,0.3873863056355224,0.06335214376449586,0.06335214376449586,0.0,0.06335214376449586,0.06335214376449586,0.0,0.0,0,0,0.0,6.335214376449586e-05,1.3009381030038896,1.4360338280226368,0.09407558678806949,5.739588981827637e-05,0.2854785530718507,0.11059048201267867,0.04723833824818281,0.0006160176671764658,-0.006032499835690104
1679,19.69,0.013381369016984127,-1.0,0.0,0.38702756017978945,0.0,0.0,0.06335214376449586,0.06335214376449586,-0.0,0.06335214376449586,0.0,0,0,0.0008477384137297489,0.0,1.3020409582076906,1.4360338280226368,0.0933075998630542,0.0,0.23617829088658093,0.09140750768926602,0.028055363924770163,0.00028195195502137585,-0.0036733041380872947
1680,19.93,0.012188928390045628,-1.0,0.0,0.3918275035969802,0.0,0.0,0.06335214376449586,0.0,-0.06335214376449586,0.0,0.06335214376449586,0,0,0.0007721947437013156,6.335214376449586e-05,1.302963900305731,1.4360338280226368,0.09266489766479805,0.0,0.11469456277442944,0.04494048420805182,0.04494048420805182,0.0005716206000015224,-0.0024972184963936847
1681,20.25,0.016056196688409446,0.012094147503376007,0.0012094147503376009,0.3958443909934538,0.0012094147503376009,0.0012094147503376009,0.0,0.0012094147503376009,0.0012094147503376009,0.0,0.0,0,0,0.0,1.2094147503376008e-06,1.3029623244819708,1.4360338280226368,0.09266599500925429,1.0973444562467627e-06,0.20102963557574424,0.07957645366611643,0.07836703891577883,0.0013162894679864022,-0.0053343059284424186
1682,19.63,-0.030617283950617333,0.9970341324806213,0.10091282799839975,0.39583754577253055,0.10091282799839975,0.10091282799839975,0.0012094147503376009,0.10091282799839975,0.09970341324806214,0.0012094147503376009,0.0,0,0,-3.70289948251513e-05,9.970341324806214e-05,1.3027841673057157,1.4360338280226368,0.09279005697268342,0.0001240619634291229,0.24608995345698925,0.0974116432156909,0.0,0.0,-0.004608046771734777
1683,20.19,0.028527763627101493,-1.0,0.0009128279983997428,0.3950621265969251,0.0009128279983997428,0.0009128279983997428,0.10091282799839975,0.09970341324806214,-0.0012094147503376035,0.09970341324806214,0.0012094147503376035,0,0,0.0028788173040806973,1.2094147503376036e-06,1.3065330693036494,1.4360338280226368,0.09017946248334896,0.0,0.14088264663532246,0.05565739798035362,0.0,0.0,0.0005309740126874455
1684,19.84,-0.01733531451213479,-1.0,0.0,0.4113783393102356,0.0,0.0,0.09970341324806214,0.0,-0.09970341324806214,0.0,0.09970341324806214,0,0,-0.0017283900265885038,9.970341324806214e-05,1.304144604770726,1.4360338280226368,0.09184269943941172,0.0016632369560627552,0.22243989936981515,0.09150695639909048,0.09150695639909048,0.001660857669252354,-0.008470174982475329
1685,19.62,-0.011088709677419298,-1.0,0.0,0.4009831495632812,0.0,0.0,0.0,0.0,0.0,0.0,0.0,0,0,-0.0,0.0,1.304144604770726,1.4360338280226368,0.09184269943941172,0.0,0.09563032143384645,0.0383461474822927,0.0383461474822927,0.0004505405218897547,-0.0024705251434269915
1686,19.23,-0.01987767584097862,-1.0,0.0,0.4009831495632812,0.0,0.0,0.0,0.0,0.0,0.0,0.0,0,0,-0.0,0.0,1.304144604770726,1.4360338280226368,0.09184269943941172,0.0,0.002869061789373323,0.0011504454325945782,0.0011504454325945782,2.341263457691415e-06,-0.00011144393631878186
1687,19.32,0.004680187207488292,-1.0,0.0,0.4009831495632812,0.0,0.0,0.0,0.0,0.0,0.0,0.0,0,0,0.0,0.0,1.304144604770726,1.4360338280226368,0.09184269943941172,0.0,0.0,0.0,0.0,0.0,-5e-05
1688,20.01,0.03571428571428578,-1.0,0.0,0.4009831495632812,0.0,0.0,0.0,0.0,0.0,0.0,0.0,0,0,0.0,0.0,1.304144604770726,1.4360338280226368,0.09184269943941172,0.0,0.0,0.0,0.0,0.0,-5e-05
1689,20.07,0.002998500749625123,-1.0,0.0,0.4009831495632812,0.0,0.0,0.0,0.0,0.0,0.0,0.0,0,0,0.0,0.0,1.304144604770726,1.4360338280226368,0.09184269943941172,0.0,0.03102747010524157,0.012441492685780316,0.012441492685780316,8.326452008835087e-05,-0.0007724304042563271
1690,20.38,0.015445939212755293,-1.0,0.0,0.4009831495632812,0.0,0.0,0.0,0.0,0.0,0.0,0.0,0,0,0.0,0.0,1.304144604770726,1.4360338280226368,0.09184269943941172,0.0,0.08729184142077337,0.03500255750408019,0.03500255750408019,0.00039291708826605365,-0.0022411290215339852
1691,20.41,0.0014720314033366605,-1.0,0.0,0.4009831495632812,0.0,0.0,0.0,0.0,0.0,0.0,0.0,0,0,0.0,0.0,1.304144604770726,1.4360338280226368,0.09184269943941172,0.0,0.1837722340765437,0.07368956922229304,0.07368956922229304,0.0012002183903302161,-0.005035926412307016
1692,20.43,0.0009799118079372648,0.2699509859085083,0.026995098590850832,0.4009831495632812,0.026995098590850832,0.026995098590850832,0.0,0.026995098590850832,0.026995098590850832,0.0,0.0,0,0,0.0,2.6995098590850834e-05,1.3041093992585435,1.4360338280226368,0.09186721523527626,2.4515795864543666e-05,0.23842067437146844,0.09560267293047289,0.06860757433962206,0.0010782248768835833,-0.005759270801703381
1693,20.19,-0.011747430249632816,-0.8948116302490234,0.0,0.400829900433632,0.0,0.0,0.026995098590850832,0.026995098590850832,-0.0,0.026995098590850832,0.0,0,0,-0.00031712303777798126,0.0,1.3036958361242559,1.4360338280226368,0.0921552050626866,0.0002879898274103371,0.21936701449375484,0.08792885857795486,0.06093375998710403,0.0009024813103029283,-0.005413529794495069
1694,22.31,0.1050024764735016,-1.0,0.0,0.3990299798598464,0.0,0.0,0.026995098590850832,0.0,-0.026995098590850832,0.0,0.026995098590850832,1,0,0.0028345522046856705,2.6995098590850834e-05,1.3073560366331527,1.4360338280226368,0.08960637895742919,0.0,0.05570195937674259,0.022226751728255577,0.022226751728255577,0.0001988223707968847,0.0013167915270690597
1695,22.84,0.023756163155535685,1.0,0.1,0.4149601127998597,0.1,0.1,0.0,0.1,0.1,0.0,0.0,0,0,0.0,0.0001,1.3072253010294894,1.4360338280226368,0.08969741831953343,9.103936210423658e-05,0.4630254490391631,0.1921370925624968,0.0921370925624968,0.0016780426928452307,-0.009945475326511004
1696,23.01,0.007443082311733875,1.0,0.2,0.4143911212729126,0.2,0.2,0.1,0.2,0.1,0.1,0.0,0,0,0.0007443082311733876,0.0001,1.3080675570509408,1.4360338280226368,0.08911090287329834,0.0,0.5020430415794555,0.20804217892737403,0.008042178927374022,4.327248612791336e-05,-0.006681566837066903
1697,25.41,0.10430247718383305,1.0,0.30000000000000004,0.4180568534926362,0.30000000000000004,0.30000000000000004,0.2,0.2,0.0,0.1,0.1,1,0,0.020860495436766612,0.0,1.3353544943557845,1.4360338280226368,0.07010930501928628,0.0,0.5121031697467936,0.21408823980794991,0.014088239807949904,0.00010033128017697747,0.013686719780134525
1698,25.63,0.008658008658008613,1.0,0.30000000000000004,0.5368168264643252,0.30000000000000004,0.30000000000000004,0.2,0.30000000000000004,0.10000000000000003,0.0,0.2,0,0,0.0017316017316017227,0.00010000000000000003,1.3375332610610777,1.4360338280226368,0.06859209375115526,0.0,0.7508701697923859,0.4030797416346776,0.10307974163467754,0.001985689011023513,-0.008837659147138034
1699,25.19,-0.01716738197424884,1.0,0.4,0.5462994132204367,0.4,0.4,0.30000000000000004,0.4,0.09999999999999998,0.10000000000000003,0.2,0,0,-0.005150214592274653,9.999999999999998e-05,1.3305109244162023,1.4360338280226368,0.0734821851319028,0.004890091380747544,0.7563667412028957,0.41320270689859584,0.013202706898595817,9.102186366348313e-05,-0.011598170385561303
1700,25.03,-0.006351726875744348,-0.5953377485275269,0.34046622514724734,0.5157363399884309,0.34046622514724734,0.34046622514724734,0.4,0.34046622514724734,-0.059533774852752686,0.09999999999999998,0.30000000000000004,0,0,-0.0025406907502977393,5.953377485275269e-05,1.3270512972795547,1.4360338280226368,0.07589133947711163,0.0024091543452088304,0.5808219697367845,0.29955099685692044,0.0,0.0,-0.008357794841495925
1701,24.95,-0.0031961646024771012,-1.0,0.24046622514724733,0.5006791356975828,0.24046622514724733,0.24046622514724733,0.34046622514724734,0.24046622514724733,-0.1,0.0,0.34046622514724734,0,0,-0.001088186097154631,0.0001,1.3254745133779162,1.4360338280226368,0.07698935253980506,0.0010980130626934287,0.4909883915074619,0.2458276434975024,0.005361418350255082,2.3554332156268963e-05,-0.007729939174726186
1702,26.28,0.053306613226452984,-0.07711849361658096,0.23275437578558925,0.49381654560831406,0.23275437578558925,0.23275437578558925,0.24046622514724733,0.23275437578558925,-0.007711849361658085,0.0,0.24046622514724733,0,0,0.012818440057949475,7.711849361658085e-06,1.3424548071162106,1.4360338280226368,0.06516491400156006,0.0,0.4450375664786591,0.21976691374442187,0.0,0.0,0.007097666501658122
1703,25.76,-0.019786910197869084,0.22176530957221985,0.2549309067428112,0.5677192736425125,0.2549309067428112,0.2549309067428112,0.23275437578558925,0.2549309067428112,0.022176530957221968,0.0,0.23275437578558925,0,0,-0.0046054899318305285,2.2176530957221968e-05,1.3362423740275107,1.4360338280226368,0.06949101897727236,0.0043261049757123,0.3629430118206549,0.20604974304444804,0.0,0.0,-0.009074418140850875
1704,26.53,0.029891304347826067,-1.0,0.1549309067428112,0.5406811166569518,0.1549309067428112,0.1549309067428112,0.2549309067428112,0.1549309067428112,-0.1,0.022176530957221968,0.23275437578558925,0,0,0.0076202173211166345,0.0001,1.3462912070738824,1.4360338280226368,0.06249338922073064,0.0,0.23276174689842508,0.12584988122806326,0.0,0.0,0.003675398430735742
1705,26.14,-0.014700339238597834,1.0,0.2549309067428112,0.5844163274396381,0.2549309067428112,0.2549309067428112,0.1549309067428112,0.2549309067428112,0.1,0.0,0.1549309067428112,0,0,-0.0022775368876628895,0.0001,1.3430903500675282,1.4360338280226368,0.06472234577028606,0.0022289565495554192,0.39207565455891735,0.22913541411581467,0.0,0.0,-0.007456519231268597
1706,26.05,-0.0034429992348890535,-1.0,0.1549309067428112,0.57048534825518,0.1549309067428112,0.1549309067428112,0.2549309067428112,0.1549309067428112,-0.1,0.1,0.1549309067428112,0,0,-0.0008777269168650716,0.0001,1.3417771744804854,1.4360338280226368,0.06563679190756891,0.0009144461372828511,0.32680715184818215,0.1864386918343937,0.0315077850915825,0.0003355660858867401,-0.006601903796212025
1707,25.99,-0.002303262955854214,0.1942766010761261,0.17435856685042384,0.5647700544455514,0.17435856685042384,0.17435856685042384,0.1549309067428112,0.17435856685042384,0.019427660107612627,0.0,0.1549309067428112,0,0,-0.0003568466182176209,1.9427660107612626e-05,1.3412722982424843,1.4360338280226368,0.06598836874938767,0.0003515768418187598,0.29944762333121056,0.16911905053235876,0.0,0.0,-0.004780511207592452
1708,25.61,-0.014621008080030744,-1.0,0.07435856685042383,0.5625726919630586,0.07435856685042383,0.07435856685042383,0.17435856685042384,0.07435856685042383,-0.1,0.019427660107612627,0.1549309067428112,0,0,-0.0025492980147426274,0.0001,1.3377188682055212,1.4360338280226368,0.06846284390980642,0.0024744751604187515,0.11239332283778408,0.0632294141875253,0.0,0.0,-0.004955144656973245
1709,27.48,0.0730183522061695,-1.0,0.0,0.547107242421638,0.0,0.0,0.07435856685042383,0.0,-0.07435856685042383,0.0,0.07435856685042383,0,0,0.005429540023830248,7.435856685042383e-05,1.3448825954831876,1.4360338280226368,0.06347429340502443,0.0,0.08756747871256927,0.04790880180424926,0.04790880180424926,0.0006291789935425133,0.002611857417981901
1710,27.69,0.0076419213973799435,1.0,0.1,0.5782856870448058,0.1,0.1,0.0,0.1,0.1,0.0,0.0,0,0,0.0,0.0001,1.3447481072236394,1.4360338280226368,0.06356794597568384,9.365257065940824e-05,0.2937400914262017,0.16986569058300513,0.06986569058300512,0.0011080189413675433,-0.0064976004956129735
1711,28.6,0.03286384976525822,1.0,0.2,0.5777003508066745,0.2,0.2,0.1,0.2,0.1,0.1,0.0,0,0,0.003286384976525822,0.0001,1.3490329923897084,1.4360338280226368,0.06058411294720346,0.0,0.3479405142667153,0.20100535715173615,0.001005357151736136,1.912633718786836e-06,-0.001940694856926979
1712,30.22,0.056643356643356554,1.0,0.30000000000000004,0.5963492937386948,0.30000000000000004,0.30000000000000004,0.2,0.30000000000000004,0.10000000000000003,0.1,0.1,0,0,0.011328671328671311,0.00010000000000000003,1.3641808404727864,1.4360338280226368,0.05003572071055538,0.0,0.46427280298474294,0.27686875816203566,0.0,0.0,0.00589767049583914
1713,32.31,0.06915949702183996,1.0,0.4,0.6498213872351044,0.4,0.4,0.30000000000000004,0.4,0.09999999999999998,0.10000000000000003,0.2,0,0,0.02074784910655199,9.999999999999998e-05,1.3923482406209178,1.4360338280226368,0.030421001615172524,0.0,0.6256505890685805,0.40656113371300523,0.006561133713005207,3.188743477277438e-05,0.01540475695923057
1714,34.28,0.06097183534509436,1.0,0.5,0.747894990818015,0.5,0.5,0.4,0.5,0.09999999999999998,0.09999999999999998,0.30000000000000004,0,0,0.024388734138037743,9.999999999999998e-05,1.4261666168649239,1.4360338280226368,0.006871155097578523,0.0,0.7627212143149584,0.5704353755767911,0.07043537557679114,0.0011215987133771804,0.019153529353085775
1715,32.67,-0.04696616102683779,1.0,0.6,0.8,0.6,0.6,0.5,0.6,0.09999999999999998,0.09999999999999998,0.4,0,0,-0.023483080513418894,9.999999999999998e-05,1.3925332147138483,1.4360338280226368,0.030292192607110923,0.0234210375095324,0.7952628378599254,0.6362102702879403,0.03621027028794033,0.00041342706113664735,-0.052635108269340196
1716,32.64,-0.0009182736455464076,-1.0,0.5,0.7485390376312485,0.5,0.5,0.6,0.5,-0.09999999999999998,0.09999999999999998,0.5,0,0,-0.0005509641873278446,9.999999999999998e-05,1.3916267254614052,1.4360338280226368,0.030923437661895793,0.0006312450547848701,0.664178754475589,0.4971637256902787,0.0,0.0,-0.004171857959705789
1717,34.72,0.06372549019607837,-1.0,0.4,0.7453828133656328,0.4,0.4,0.5,0.4,-0.09999999999999998,0.0,0.5,0,0,0.031862745098039186,9.999999999999998e-05,1.4358286104138547,1.4360338280226368,0.000142905831866574,0.0,0.5883810659970035,0.43856913430391653,0.03856913430391651,0.0004544761393127814,0.02639522043075037
1718,33.97,-0.021601382488479263,1.0,0.5,0.8,0.5,0.5,0.4,0.5,0.09999999999999998,0.0,0.4,0,0,-0.008640552995391706,9.999999999999998e-05,1.4232786743522328,1.4360338280226368,0.008882209751261489,0.008739303919394915,0.6571780954451145,0.5257424763560916,0.025742476356091615,0.0002478145115042229,-0.0124742579841215
1719,35.32,0.03974094789520169,-1.0,0.4,0.8,0.4,0.4,0.5,0.4,-0.09999999999999998,0.09999999999999998,0.4,0,0,0.019870473947600845,9.999999999999998e-05,1.4514175683036894,1.4514175683036894,0.0,0.0,0.4043809283503227,0.3235047426802582,0.0,0.0,0.016329426520798263
1720,36.26,0.02661381653454127,-1.0,0.30000000000000004,0.8,0.30000000000000004,0.30000000000000004,0.4,0.30000000000000004,-0.09999999999999998,0.0,0.4,0,0,0.010645526613816509,9.999999999999998e-05,1.466723530897997,1.466723530897997,0.0,0.0,0.37238299848231077,0.2979063987858486,0.0,0.0,0.006225313630511092
1721,36.02,-0.006618863761720764,1.0,0.4,0.8,0.4,0.4,0.30000000000000004,0.4,0.09999999999999998,0.0,0.30000000000000004,0,0,-0.001985659128516229,9.999999999999998e-05,1.46366444557677,1.466723530897997,0.002085659128516183,0.002085659128516183,0.5800927933177525,0.46407423465420206,0.06407423465420203,0.0009731423914708235,-0.007905543866529073
1722,39.38,0.09328151027207104,-0.3560488522052765,0.3643951147794724,0.8,0.3643951147794724,0.3643951147794724,0.4,0.3643951147794724,-0.03560488522052763,0.09999999999999998,0.30000000000000004,0,0,0.03731260410882842,3.560488522052763e-05,1.5182254639781574,1.5182254639781574,0.0,0.0,0.5355169270893501,0.42841354167148005,0.06401842689200765,0.0009718712782339489,0.031463331657769905
1723,43.35,0.10081259522600301,1.0,0.4643951147794724,0.8,0.4643951147794724,0.4643951147794724,0.3643951147794724,0.3643951147794724,0.0,0.0,0.3643951147794724,1,0,0.03673561720859586,0.0,1.573998413459202,1.573998413459202,0.0,0.0,0.6725286450374812,0.538022916029985,0.17362780125051258,0.004340903673047373,0.026435092007888943
1724,42.89,-0.010611303344867378,1.0,0.4643951147794724,0.8,0.4643951147794724,0.4643951147794724,0.3643951147794724,0.4643951147794724,0.09999999999999998,0.0,0.3643951147794724,0,0,-0.0038667071003127477,9.999999999999998e-05,1.5677548227766522,1.573998413459202,0.003966707100312839,0.003966707100312839,0.8641612788806262,0.6913290231045011,0.2269339083250287,0.006486349406121004,-0.015897674419944895
1725,44.53,0.038237351363954314,1.0,0.5643951147794724,0.8,0.5643951147794724,0.5643951147794724,0.4643951147794724,0.5643951147794724,0.09999999999999998,0.09999999999999998,0.3643951147794724,0,0,0.017757239175526577,9.999999999999998e-05,1.5954370446510049,1.5954370446510049,0.0,0.0,0.7987912759452629,0.6390330207562104,0.07463790597673803,0.0012234618171252233,0.013780480617170653
1726,44.13,-0.008982708286548362,1.0,0.6643951147794723,0.8,0.6643951147794723,0.6643951147794723,0.5643951147794724,0.6643951147794723,0.09999999999999998,0.09999999999999998,0.4643951147794724,0,0,-0.00506979667441698,9.999999999999998e-05,1.5871889595233264,1.5954370446510049,0.005169796674417027,0.005169796674417027,0.8173977343019752,0.6539181874415801,0.0,0.0,-0.0054417149676532555
1727,48.58,0.10083843190573295,1.0,0.7643951147794723,0.8,0.7643951147794723,0.7643951147794723,0.6643951147794723,0.6643951147794723,0.0,0.09999999999999998,0.5643951147794724,1,0,0.06699656154019144,0.0,1.6935251623259435,1.6935251623259435,0.0,0.0,0.7822014892708833,0.6257611914167067,0.0,0.0,0.06707704174985984
1728,47.58,-0.02058460271716756,1.0,0.7643951147794723,0.8,0.7643951147794723,0.7643951147794723,0.6643951147794723,0.7643951147794723,0.09999999999999998,0.0,0.6643951147794723,0,0,-0.013676309484962379,9.999999999999998e-05,1.6701946355691704,1.6935251623259435,0.013776309484962269,0.013776309484962269,0.8433981414259669,0.6747185131407736,0.0,0.0,-0.01909815157583494
1729,44.96,-0.05506515342580911,-1.0,0.6643951147794723,0.8,0.6643951147794723,0.6643951147794723,0.7643951147794723,0.6643951147794723,-0.09999999999999998,0.09999999999999998,0.6643951147794723,0,0,-0.04209153427327061,9.999999999999998e-05,1.599726561359521,1.6935251623259435,0.05538660012443886,0.04161029063947659,0.6206573416630079,0.4965258733304063,0.0,0.0,-0.10567062666515446
1730,45.5,0.01201067615658361,-1.0,0.5643951147794724,0.623067004238022,0.5643951147794724,0.5643951147794724,0.6643951147794723,0.5643951147794724,-0.09999999999999998,0.0,0.6643951147794723,0,0,0.00797983456363244,9.999999999999998e-05,1.6123321420100827,1.6935251623259435,0.04794320280682907,0.0,0.40808625031550116,0.25426507745480686,0.0,0.0,0.006425278101440193
1731,47.67,0.04769230769230773,-1.0,0.4643951147794724,0.6602839767967821,0.4643951147794724,0.4643951147794724,0.5643951147794724,0.4643951147794724,-0.09999999999999998,0.0,0.5643951147794724,0,0,0.026917305474097934,9.999999999999998e-05,1.6555705455880736,1.6935251623259435,0.02241160484780858,0.0,0.31714755821442236,0.20940745096920774,0.0,0.0,0.024692046986069024
1732,45.15,-0.05286343612334808,-1.0,0.3643951147794724,0.7879419732841884,0.3643951147794724,0.3643951147794724,0.4643951147794724,0.3643951147794724,-0.09999999999999998,0.0,0.4643951147794724,0,0,-0.02454952148613954,9.999999999999998e-05,1.6147615238527806,1.6935251623259435,0.0465086909987132,0.024097086150904622,0.5041813788141012,0.39726567051592576,0.032870555736453366,0.0003575706141347248,-0.05798428824722383
1733,45.39,0.005315614617940244,-1.0,0.2643951147794724,0.6674565389785524,0.2643951147794724,0.2643951147794724,0.3643951147794724,0.2643951147794724,-0.09999999999999998,0.0,0.3643951147794724,0,0,0.0019369839988277765,9.999999999999998e-05,1.6177278149340208,1.6935251623259435,0.04475714272105653,0.0,0.0,0.0,0.0,0.0,0.0016036782016639098
1734,48.61,0.07094073584489974,-1.0,0.1643951147794724,0.6762142866880846,0.1643951147794724,0.1643951147794724,0.2643951147794724,0.1643951147794724,-0.1,0.0,0.2643951147794724,0,0,0.0187563839962525,0.0001,1.6479087662508485,1.6935251623259435,0.026935765165983113,0.0,0.029791949086965475,0.020145741600890093,0.0,0.0,0.017939896157812534
1735,53.5,0.1005965850648015,1.0,0.2643951147794724,0.765321172402176,0.2643951147794724,0.2643951147794724,0.1643951147794724,0.1643951147794724,0.0,0.0,0.1643951147794724,1,0,0.016537587148151,0.0,1.675161201084924,1.6935251623259435,0.010843630581666649,0.0,0.4635910816716702,0.3547960701401556,0.19040095536068316,0.004984882606267769,0.004649667797524117
1736,55.29,0.03345794392523363,1.0,0.2643951147794724,0.8,0.2643951147794724,0.2643951147794724,0.1643951147794724,0.2643951147794724,0.1,0.0,0.1643951147794724,0,0,0.005500322531873934,0.0001,1.684207611863664,1.6935251623259435,0.005501867152350145,0.0,0.7170066772604833,0.5736053418083866,0.3092102270289142,0.010316491503480473,-0.013802416432022062
1737,53.55,-0.03147042864894198,1.0,0.3643951147794724,0.8,0.3643951147794724,0.3643951147794724,0.2643951147794724,0.3643951147794724,0.09999999999999998,0.1,0.1643951147794724,0,0,-0.008320627594796211,9.999999999999998e-05,1.670025526771839,1.6935251623259435,0.013876165572780411,0.008374298420430266,0.704197830292584,0.5633582642340672,0.1989631494545948,0.005324884851253452,-0.020342314786931097
1738,53.91,0.006722689075630242,1.0,0.4643951147794724,0.8,0.4643951147794724,0.4643951147794724,0.3643951147794724,0.4643951147794724,0.09999999999999998,0.09999999999999998,0.2643951147794724,0,0,0.0024497150573409873,9.999999999999998e-05,1.6739496108982386,1.6935251623259435,0.011559055550623908,0.0,0.6729075757145082,0.5383260605716066,0.07393094579213422,0.001206120345856972,-0.0031404677017196235
1739,52.8,-0.02058987200890372,1.0,0.5643951147794724,0.8,0.5643951147794724,0.5643951147794724,0.4643951147794724,0.5643951147794724,0.09999999999999998,0.09999999999999998,0.3643951147794724,0,0,-0.009561835974869488,9.999999999999998e-05,1.6577761843275431,1.6935251623259435,0.02110920982673889,0.009550154276114982,0.6545179928541313,0.523614394283305,0.0,0.0,-0.011872481139372469
1740,55.5,0.051136363636363695,-1.0,0.4643951147794724,0.7944539483638005,0.4643951147794724,0.4643951147794724,0.5643951147794724,0.4643951147794724,-0.09999999999999998,0.09999999999999998,0.4643951147794724,0,0,0.028861113823950325,9.999999999999998e-05,1.7054556738596216,1.7054556738596216,0.0,0.0,0.4319680443431655,0.3431787183954171,0.0,0.0,0.025939107798390332
1741,51.07,-0.07981981981981981,-1.0,0.3643951147794724,0.8,0.3643951147794724,0.3643951147794724,0.4643951147794724,0.3643951147794724,-0.09999999999999998,0.0,0.4643951147794724,0,0,-0.03706793438690202,9.999999999999998e-05,1.6420674092738374,1.7054556738596216,0.03716793438690201,0.03716793438690201,0.3458951110263939,0.27671608882111515,0.0,0.0,-0.09485146393164769
1742,48.46,-0.05110632465243782,-1.0,0.2643951147794724,0.7141603358111384,0.2643951147794724,0.2643951147794724,0.3643951147794724,0.2643951147794724,-0.09999999999999998,0.0,0.3643951147794724,0,0,-0.01862289503768206,9.999999999999998e-05,1.6113231535252048,1.7054556738596216,0.05519493809029067,0.01802700370338866,0.0,0.0,0.0,0.0,-0.03501020824162325
1743,53.34,0.10070160957490719,-1.0,0.1643951147794724,0.6240253165408258,0.1643951147794724,0.1643951147794724,0.2643951147794724,0.1643951147794724,-0.1,0.0,0.2643951147794724,1,0,0.026625013622035204,0.0001,1.6540635221219615,1.7054556738596216,0.030133970952967878,0.0,0.0,0.0,0.0,0.0,0.02625743523864487
1744,58.71,0.10067491563554551,-1.0,0.0643951147794724,0.7493301495922359,0.0643951147794724,0.0643951147794724,0.1643951147794724,0.0643951147794724,-0.1,0.0,0.1643951147794724,1,0,0.016550464311319207,0.0001,1.6812736350612838,1.7054556738596216,0.014179224455368787,0.0,0.09439585968711876,0.07073366366023641,0.006338548880764003,3.0278615714781217e-05,0.014400776498823025
1745,61.57,0.04871401805484584,1.0,0.1643951147794724,0.8,0.1643951147794724,0.1643951147794724,0.0643951147794724,0.1643951147794724,0.1,0.0,0.0643951147794724,0,0,0.003136944784011089,0.0001,1.6863795702577784,1.7054556738596216,0.011185341193108825,0.0,0.5352619561816025,0.42820956494528206,0.2638144501658096,0.00813016051888253,-0.013426199720187038
1746,59.57,-0.0324833522819555,1.0,0.2643951147794724,0.8,0.2643951147794724,0.2643951147794724,0.1643951147794724,0.2643951147794724,0.1,0.1,0.0643951147794724,0,0,-0.005340104426814112,0.0001,1.6772054892923303,1.7054556738596216,0.016564596195782832,0.005379255002674006,0.5699056322736245,0.4559245058188996,0.19152939103942718,0.005029263520692076,-0.017580378438388958
1747,59.4,-0.0028537854624811434,1.0,0.3643951147794724,0.8,0.3643951147794724,0.3643951147794724,0.2643951147794724,0.3643951147794724,0.09999999999999998,0.1,0.1643951147794724,0,0,-0.0007545269349086916,9.999999999999998e-05,1.6757722720263533,1.7054556738596216,0.01740496823707634,0.0008403720412935092,0.5986812139430057,0.47894497115440454,0.11454985637493215,0.002326178695465392,-0.008820667830039338
1748,60.79,0.02340067340067341,1.0,0.4643951147794724,0.8,0.4643951147794724,0.4643951147794724,0.3643951147794724,0.4643951147794724,0.09999999999999998,0.09999999999999998,0.2643951147794724,0,0,0.008527091069755334,9.999999999999998e-05,1.68989415757489,1.7054556738596216,0.009124550419721116,0.0,0.6368181666579944,0.5094545333263956,0.04505941854692319,0.0005738912791029228,0.0037881332007453587
1749,64.03,0.05329823984207932,-1.0,0.3643951147794724,0.8,0.3643951147794724,0.3643951147794724,0.4643951147794724,0.3643951147794724,-0.09999999999999998,0.09999999999999998,0.3643951147794724,0,0,0.024751442209006273,9.999999999999998e-05,1.7315524857396847,1.7315524857396847,0.0,0.0,0.5566481124330593,0.4453184899464475,0.08092337516697512,0.001381218009921742,0.01801142432414058
1750,65.77,0.027174761830391924,-0.5446746945381165,0.30992764532566075,0.8,0.30992764532566075,0.30992764532566075,0.3643951147794724,0.30992764532566075,-0.054467469453811646,0.0,0.3643951147794724,0,0,0.00990235045629049,5.4467469453811646e-05,1.7486046120048153,1.7486046120048153,0.0,0.0,0.5083938014460795,0.40671504115686363,0.09678739583120288,0.0018066725982150424,0.0025379805300151845
1751,70.17,0.06689980234149318,0.9273436069488525,0.402662006020546,0.8,0.402662006020546,0.402662006020546,0.30992764532566075,0.402662006020546,0.09273436069488528,0.0,0.30992764532566075,0,0,0.020734098212451105,9.273436069488528e-05,1.7846981960340658,1.7846981960340658,0.0,0.0,0.4648935773770017,0.3719148619016014,0.0,0.0,0.01677908664432166
1752,70.54,0.0052729086504204725,1.0,0.502662006020546,0.8,0.502662006020546,0.502662006020546,0.402662006020546,0.502662006020546,0.09999999999999998,0.09273436069488528,0.30992764532566075,0,0,0.0021231999747413975,9.999999999999998e-05,1.7883089973792028,1.7883089973792028,0.0,0.0,0.7179325950775326,0.5743460760620261,0.07168407004148014,0.0011515564538109697,-0.0028606894795095887
1753,68.3,-0.031755032605613964,1.0,0.602662006020546,0.8,0.602662006020546,0.602662006020546,0.502662006020546,0.602662006020546,0.09999999999999998,0.09999999999999998,0.402662006020546,0,0,-0.01596204839078576,9.999999999999998e-05,1.7595850917256206,1.7883089973792028,0.016062048390785684,0.016062048390785684,0.708846791307632,0.5670774330461056,0.0,0.0,-0.029753553814677317
1754,68.13,-0.0024890190336749884,-1.0,0.502662006020546,0.8,0.502662006020546,0.502662006020546,0.602662006020546,0.502662006020546,-0.09999999999999998,0.09999999999999998,0.502662006020546,0,0,-0.0015000372038578894,9.999999999999998e-05,1.7567696901155059,1.7883089973792028,0.017636385719648172,0.001574337328862488,0.5530085686811265,0.4424068549449012,0.0,0.0,-0.0045209209348518724
1755,64.54,-0.05269338030236297,-1.0,0.402662006020546,0.8,0.402662006020546,0.402662006020546,0.502662006020546,0.402662006020546,-0.09999999999999998,0.0,0.502662006020546,0,0,-0.026486960246789298,9.999999999999998e-05,1.7100625242016405,1.7883089973792028,0.04375444808041218,0.026118062360764006,0.3946838138591442,0.3157470510873154,0.0,0.0,-0.06215472076957248
1756,66.25,0.02649519677719234,-1.0,0.30266200602054605,0.6812277637451778,0.30266200602054605,0.30266200602054605,0.402662006020546,0.30266200602054605,-0.09999999999999998,0.0,0.402662006020546,0,0,0.010668609084213373,9.999999999999998e-05,1.728135506529491,1.7883089973792028,0.03364826265365609,0.0,0.061551337279671686,0.04193047985055594,0.0,0.0,0.009673094504728618
1757,65.68,-0.008603773584905557,-1.0,0.20266200602054604,0.7317586816864385,0.20266200602054604,0.20266200602054604,0.30266200602054605,0.20266200602054604,-0.1,0.0,0.30266200602054605,0,0,-0.0026040353725541006,0.0001,1.7234625669912687,1.7883089973792028,0.036261311933769656,0.0026130492801135635,0.0,0.0,0.0,0.0,-0.002957081302152336
1758,68.12,0.03714981729598047,-1.0,0.10266200602054604,0.718693436684257,0.10266200602054604,0.10266200602054604,0.20266200602054604,0.10266200602054604,-0.1,0.0,0.20266200602054604,0,0,0.00752885649650018,0.0001,1.7362659230785367,1.7883089973792028,0.029101835520000254,0.0,0.0,0.0,0.0,0.0,0.0071341300076244105
1759,66.08,-0.029947152084556755,-1.0,0.0026620060205460316,0.7544908221822434,0.0026620060205460316,0.0026620060205460316,0.10266200602054604,0.0026620060205460316,-0.1,0.0,0.10266200602054604,0,0,-0.003074434707602973,0.0001,1.730754260270688,1.7883089973792028,0.03218388835087349,0.0030820528308732366,0.14482912122638603,0.1092722427500278,0.10661023672948176,0.00208857277194156,-0.008496430872445906
1760,63.15,-0.04434019370460048,-1.0,0.0,0.7390805535033674,0.0,0.0,0.0026620060205460316,0.0,-0.0026620060205460316,0.0,0.0026620060205460316,0,0,-0.00011803386259382373,2.6620060205460317e-06,1.7305453653818867,1.7883089973792028,0.0323006997571279,0.0001168114062544065,0.0006940418202754234,0.0005129528126836446,0.0005129528126836446,6.970555247298796e-07,-0.00019500720670868448
1761,59.39,-0.05954077593032459,-1.0,0.0,0.7384965024903891,0.0,0.0,0.0,0.0,0.0,0.0,0.0,0,0,-0.0,0.0,1.7305453653818867,1.7883089973792028,0.0323006997571279,0.0,0.0,0.0,0.0,0.0,-5e-05
1762,63.05,0.061626536453948416,-1.0,0.0,0.7384965024903891,0.0,0.0,0.0,0.0,0.0,0.0,0.0,0,0,0.0,0.0,1.7305453653818867,1.7883089973792028,0.0323006997571279,0.0,0.0,0.0,0.0,0.0,-5e-05
1763,63.26,0.0033306899286280867,-1.0,0.0,0.7384965024903891,0.0,0.0,0.0,0.0,0.0,0.0,0.0,0,0,0.0,0.0,1.7305453653818867,1.7883089973792028,0.0323006997571279,0.0,0.0,0.0,0.0,0.0,-5e-05
1764,59.68,-0.0565918431868479,-1.0,0.0,0.7384965024903891,0.0,0.0,0.0,0.0,0.0,0.0,0.0,0,0,-0.0,0.0,1.7305453653818867,1.7883089973792028,0.0323006997571279,0.0,0.0,0.0,0.0,0.0,-5e-05
1765,61.73,0.03434986595174258,-1.0,0.0,0.7384965024903891,0.0,0.0,0.0,0.0,0.0,0.0,0.0,0,0,0.0,0.0,1.7305453653818867,1.7883089973792028,0.0323006997571279,0.0,0.0,0.0,0.0,0.0,-5e-05
1766,67.67,0.09622549813704852,-1.0,0.0,0.7384965024903891,0.0,0.0,0.0,0.0,0.0,0.0,0.0,0,0,0.0,0.0,1.7305453653818867,1.7883089973792028,0.0323006997571279,0.0,0.0,0.0,0.0,0.0,-5e-05
1767,65.13,-0.03753509679326151,1.0,0.1,0.7384965024903891,0.1,0.1,0.0,0.1,0.1,0.0,0.0,0,0,-0.0,0.0001,1.7303723108453486,1.7883089973792028,0.03239746968715216,9.676993002426248e-05,0.40834422942125204,0.3015607852397277,0.20156078523972767,0.005429505942581529,-0.012767357842742813
1768,63.66,-0.022570244127130337,-1.0,0.0,0.7380126431599855,0.0,0.0,0.1,0.1,-0.0,0.1,0.0,0,0,-0.0022570244127130337,0.0,1.726466818296688,1.7883089973792028,0.034581372219871134,0.0021839025327189746,0.09901040167572404,0.07307092824103296,0.0,0.0,-0.003886201241200343
1769,66.92,0.051209550738297284,-1.0,0.0,0.7270931467432129,0.0,0.0,0.1,0.0,-0.1,0.0,0.1,0,0,0.005120955073829729,0.0001,1.7351353306278137,1.7883089973792028,0.029734048662348644,0.0,0.0,0.0,0.0,0.0,0.004620955073829729
1770,72.43,0.08233711894799768,0.9143781065940857,0.09143781065940858,0.7513297550392398,0.09143781065940858,0.09143781065940858,0.0,0.09143781065940858,0.09143781065940858,0.0,0.0,0,0,0.0,9.143781065940858e-05,1.7349766736519832,1.7883089973792028,0.02982276765669639,8.871899434774455e-05,0.34660122673322213,0.2604118147777718,0.16897400411836322,0.004167552636131485,-0.010510427435967999
1771,73.66,0.01698191357172428,1.0,0.19143781065940857,0.7508861660969615,0.19143781065940857,0.19143781065940857,0.09143781065940858,0.19143781065940857,0.09999999999999999,0.09143781065940858,0.0,0,0,0.0015527889978057656,9.999999999999999e-05,1.7374972286749144,1.7883089973792028,0.028413304847626386,0.0,0.5380763137802859,0.40403406032206446,0.2125962496626559,0.005881453244857163,-0.012357072353138024
1772,80.47,0.09245180559326639,-1.0,0.09143781065940856,0.757933474705675,0.09143781065940856,0.09143781065940856,0.19143781065940857,0.09999999999999999,-0.09143781065940858,0.09999999999999999,0.09143781065940858,0,0,0.017698771254284183,9.143781065940858e-05,1.7680899217375678,1.7883089973792028,0.011306253936688984,0.0,0.41345535414228296,0.3133716532007259,0.21337165320072593,0.005913659755006074,0.004398900330891961
1773,77.64,-0.035168385733813826,1.0,0.2,0.8,0.2,0.2,0.09999999999999999,0.2,0.10000000000000002,0.0,0.09999999999999999,0,0,-0.0035168385733813823,0.00010000000000000002,1.7616950259074207,1.7883089973792028,0.014882199614711638,0.003575945678022654,0.7257181637601351,0.5805745310081081,0.38057453100810806,0.014086750794733812,-0.028117643660757086
1774,71.67,-0.07689335394126737,1.0,0.30000000000000004,0.8,0.30000000000000004,0.30000000000000004,0.2,0.30000000000000004,0.10000000000000003,0.10000000000000002,0.09999999999999999,0,0,-0.015378670788253473,0.00010000000000000003,1.734426328572096,1.7883089973792028,0.030130513734523932,0.015248314119812294,0.6582780309589779,0.5266224247671824,0.2266224247671823,0.00647299949889935,-0.039913356867326166
1775,74.56,0.040323705874145396,-1.0,0.20000000000000004,0.7493474349392203,0.20000000000000004,0.20000000000000004,0.30000000000000004,0.20000000000000004,-0.1,0.10000000000000003,0.2,0,0,0.012097111762243621,0.0001,1.7552344350793534,1.7883089973792028,0.018494881113007164,0.0,0.30378512126686885,0.22764060139402814,0.027640601394028103,0.0002757226744599001,0.007214397390047558
1776,73.16,-0.018776824034334838,-1.0,0.10000000000000003,0.8,0.10000000000000003,0.10000000000000003,0.20000000000000004,0.10000000000000003,-0.1,0.0,0.20000000000000004,0,0,-0.0037553648068669684,0.0001,1.7484673660105474,1.7883089973792028,0.022278941406123864,0.0037840602931167,0.2390310047433227,0.19122480379465817,0.09122480379465814,0.0016531819593824568,-0.009868073846885912
1777,74.91,0.023920174958993987,-1.0,2.7755575615628914e-17,0.7886052891614902,2.7755575615628914e-17,2.7755575615628914e-17,0.10000000000000003,2.7755575615628914e-17,-0.1,0.0,0.10000000000000003,0,0,0.0023920174958993994,0.0001,1.7524748838044526,1.7883089973792028,0.020037987633717492,0.0,0.09480412941127789,0.07476303788808414,0.07476303788808411,0.0012265398428689999,-0.0012874874128419248
1778,75.89,0.013082365505273048,-1.0,0.0,0.7998100589960861,0.0,0.0,2.7755575615628914e-17,0.0,-2.7755575615628914e-17,0.0,2.7755575615628914e-17,0,0,3.6310858501290143e-19,2.7755575615628914e-20,1.7524748838044526,1.7883089973792028,0.020037987633717492,0.0,0.0,0.0,0.0,0.0,-4.9999999999999765e-05
1779,72.37,-0.04638292265120564,-0.8846924901008606,0.0,0.7998100589960861,0.0,0.0,0.0,0.0,0.0,0.0,0.0,0,0,-0.0,0.0,1.7524748838044526,1.7883089973792028,0.020037987633717492,0.0,0.08469301728255586,0.06773832714931755,0.06773832714931755,0.001057798510591302,-0.002852474666611953
1780,71.17,-0.016581456404587573,-1.0,0.0,0.7998100589960861,0.0,0.0,0.0,0.0,0.0,0.0,0.0,0,0,-0.0,0.0,1.7524748838044526,1.7883089973792028,0.020037987633717492,0.0,0.10156223202196397,0.08123049478526119,0.08123049478526119,0.0013890884436255542,-0.003531270423278012
1781,67.7,-0.04875649852465925,-1.0,0.0,0.7998100589960861,0.0,0.0,0.0,0.0,0.0,0.0,0.0,0,0,-0.0,0.0,1.7524748838044526,1.7883089973792028,0.020037987633717492,0.0,0.0,0.0,0.0,0.0,-5e-05
1782,68.27,0.008419497784342587,-1.0,0.0,0.7998100589960861,0.0,0.0,0.0,0.0,0.0,0.0,0.0,0,0,0.0,0.0,1.7524748838044526,1.7883089973792028,0.020037987633717492,0.0,0.0,0.0,0.0,0.0,-5e-05
1783,67.66,-0.0089351105903032,-1.0,0.0,0.7998100589960861,0.0,0.0,0.0,0.0,0.0,0.0,0.0,0,0,-0.0,0.0,1.7524748838044526,1.7883089973792028,0.020037987633717492,0.0,0.0,0.0,0.0,0.0,-5e-05
1784,63.94,-0.054980786284362974,-1.0,0.0,0.7998100589960861,0.0,0.0,0.0,0.0,0.0,0.0,0.0,0,0,-0.0,0.0,1.7524748838044526,1.7883089973792028,0.020037987633717492,0.0,0.0,0.0,0.0,0.0,-5e-05
1785,64.61,0.01047857366280891,-1.0,0.0,0.7998100589960861,0.0,0.0,0.0,0.0,0.0,0.0,0.0,0,0,0.0,0.0,1.7524748838044526,1.7883089973792028,0.020037987633717492,0.0,0.0,0.0,0.0,0.0,-5e-05
1786,64.39,-0.0034050456585667677,-1.0,0.0,0.7998100589960861,0.0,0.0,0.0,0.0,0.0,0.0,0.0,0,0,-0.0,0.0,1.7524748838044526,1.7883089973792028,0.020037987633717492,0.0,0.0,0.0,0.0,0.0,-5e-05
1787,64.73,0.0052803230315266875,-1.0,0.0,0.7998100589960861,0.0,0.0,0.0,0.0,0.0,0.0,0.0,0,0,0.0,0.0,1.7524748838044526,1.7883089973792028,0.020037987633717492,0.0,0.0,0.0,0.0,0.0,-5e-05
1788,65.61,0.013594932797775303,-1.0,0.0,0.7998100589960861,0.0,0.0,0.0,0.0,0.0,0.0,0.0,0,0,0.0,0.0,1.7524748838044526,1.7883089973792028,0.020037987633717492,0.0,0.0,0.0,0.0,0.0,-5e-05
1789,60.34,-0.08032312147538478,-1.0,0.0,0.7998100589960861,0.0,0.0,0.0,0.0,0.0,0.0,0.0,0,0,-0.0,0.0,1.7524748838044526,1.7883089973792028,0.020037987633717492,0.0,0.0,0.0,0.0,0.0,-5e-05
1790,55.61,-0.07838912827311906,-1.0,0.0,0.7998100589960861,0.0,0.0,0.0,0.0,0.0,0.0,0.0,0,0,-0.0,0.0,1.7524748838044526,1.7883089973792028,0.020037987633717492,0.0,0.0,0.0,0.0,0.0,-5e-05
1791,56.28,0.012048192771084367,-1.0,0.0,0.7998100589960861,0.0,0.0,0.0,0.0,0.0,0.0,0.0,0,0,0.0,0.0,1.7524748838044526,1.7883089973792028,0.020037987633717492,0.0,0.0,0.0,0.0,0.0,-5e-05
1792,58.6,0.0412224591329069,-1.0,0.0,0.7998100589960861,0.0,0.0,0.0,0.0,0.0,0.0,0.0,0,0,0.0,0.0,1.7524748838044526,1.7883089973792028,0.020037987633717492,0.0,0.0,0.0,0.0,0.0,-5e-05
1793,59.94,0.022866894197952153,-1.0,0.0,0.7998100589960861,0.0,0.0,0.0,0.0,0.0,0.0,0.0,0,0,0.0,0.0,1.7524748838044526,1.7883089973792028,0.020037987633717492,0.0,0.0,0.0,0.0,0.0,-5e-05
1794,60.39,0.007507507507507555,-1.0,0.0,0.7998100589960861,0.0,0.0,0.0,0.0,0.0,0.0,0.0,0,0,0.0,0.0,1.7524748838044526,1.7883089973792028,0.020037987633717492,0.0,0.0,0.0,0.0,0.0,-5e-05
1795,59.48,-0.015068719986752835,-1.0,0.0,0.7998100589960861,0.0,0.0,0.0,0.0,0.0,0.0,0.0,0,0,-0.0,0.0,1.7524748838044526,1.7883089973792028,0.020037987633717492,0.0,0.0,0.0,0.0,0.0,-5e-05
1796,60.63,0.019334229993275148,-1.0,0.0,0.7998100589960861,0.0,0.0,0.0,0.0,0.0,0.0,0.0,0,0,0.0,0.0,1.7524748838044526,1.7883089973792028,0.020037987633717492,0.0,0.06776653858988954,0.0542003592275401,0.0542003592275401,0.0007571021819493055,-0.0022030928769010303
1797,61.35,0.011875309252845107,-1.0,0.0,0.7998100589960861,0.0,0.0,0.0,0.0,0.0,0.0,0.0,0,0,0.0,0.0,1.7524748838044526,1.7883089973792028,0.020037987633717492,0.0,0.12486923258300882,0.09987166827901228,0.09987166827901228,0.0018937153833345154,-0.004516021574544497
1798,61.07,-0.0045639771801141175,-1.0,0.0,0.7998100589960861,0.0,0.0,0.0,0.0,0.0,0.0,0.0,0,0,-0.0,0.0,1.7524748838044526,1.7883089973792028,0.020037987633717492,0.0,0.07653857597935335,0.06121632296952302,0.06121632296952302,0.0009087660828362149,-0.002535460748010894
1799,60.79,-0.004584902570820388,-1.0,0.0,0.7998100589960861,0.0,0.0,0.0,0.0,0.0,0.0,0.0,0,0,-0.0,0.0,1.7524748838044526,1.7883089973792028,0.020037987633717492,0.0,0.005775458865626137,0.00461927009604591,0.00461927009604591,1.8836980391560615e-05,-0.00018781143302345907
1800,63.08,0.03767066951801282,-1.0,0.0,0.7998100589960861,0.0,0.0,0.0,0.0,0.0,0.0,0.0,0,0,0.0,0.0,1.7524748838044526,1.7883089973792028,0.020037987633717492,0.0,0.0,0.0,0.0,0.0,-5e-05
1801,67.66,0.07260621433100822,-1.0,0.0,0.7998100589960861,0.0,0.0,0.0,0.0,0.0,0.0,0.0,0,0,0.0,0.0,1.7524748838044526,1.7883089973792028,0.020037987633717492,0.0,0.194627225338919,0.15566481258056536,0.15566481258056536,0.003684995230051933,-0.007744316072033665
1802,64.88,-0.04108779190067989,1.0,0.1,0.7998100589960861,0.1,0.1,0.0,0.1,0.1,0.0,0.0,0,0,-0.0,0.0001,1.752299636316072,1.7883089973792028,0.020135983834954147,9.799620123665531e-05,0.4289978540892207,0.34311679898829395,0.24311679898829394,0.007192397870889517,-0.01488136139040627
1803,61.97,-0.04485203452527738,-1.0,0.0,0.7993200808763674,0.0,0.0,0.1,0.1,-0.0,0.1,0.0,0,0,-0.0044852034525277385,0.0,1.7444402159374042,1.7883089973792028,0.0245308733032653,0.004394889468311153,0.23400946190973132,0.18704846201952166,0.08704846201952166,0.001540965458601136,-0.009950329763594308
1804,61.42,-0.008875262223656562,-1.0,0.0,0.7773456364875735,0.0,0.0,0.1,0.0,-0.1,0.0,0.1,0,0,-0.0008875262223656563,0.0001,1.7427175354808169,1.7883089973792028,0.0254941746449864,0.0009633013417210991,0.04901417129272152,0.038100952180451564,0.038100952180451564,0.00044622612616862273,-0.0028434442771643424
1805,58.81,-0.042494301530446095,-1.0,0.0,0.7725291248417808,0.0,0.0,0.0,0.0,0.0,0.0,0.0,0,0,-0.0,0.0,1.7427175354808169,1.7883089973792028,0.0254941746449864,0.0,0.02566080082562739,0.019823716004561176,0.019823716004561176,0.00016746684998623332,-0.0007460793469941576
1806,58.62,-0.0032307430709063905,-1.0,0.0,0.7725291248417808,0.0,0.0,0.0,0.0,0.0,0.0,0.0,0,0,-0.0,0.0,1.7427175354808169,1.7883089973792028,0.0254941746449864,0.0,0.0,0.0,0.0,0.0,-5e-05
1807,61.17,0.04350051177072679,-1.0,0.0,0.7725291248417808,0.0,0.0,0.0,0.0,0.0,0.0,0.0,0,0,0.0,0.0,1.7427175354808169,1.7883089973792028,0.0254941746449864,0.0,0.0,0.0,0.0,0.0,-5e-05
1808,57.95,-0.05264018309628901,-1.0,0.0,0.7725291248417808,0.0,0.0,0.0,0.0,0.0,0.0,0.0,0,0,-0.0,0.0,1.7427175354808169,1.7883089973792028,0.0254941746449864,0.0,0.0,0.0,0.0,0.0,-5e-05
1809,57.97,0.0003451251078515275,-1.0,0.0,0.7725291248417808,0.0,0.0,0.0,0.0,0.0,0.0,0.0,0,0,0.0,0.0,1.7427175354808169,1.7883089973792028,0.0254941746449864,0.0,0.0,0.0,0.0,0.0,-5e-05
1810,60.29,0.04002070036225634,-1.0,0.0,0.7725291248417808,0.0,0.0,0.0,0.0,0.0,0.0,0.0,0,0,0.0,0.0,1.7427175354808169,1.7883089973792028,0.0254941746449864,0.0,0.0,0.0,0.0,0.0,-5e-05
1811,62.53,0.0371537568419307,-1.0,0.0,0.7725291248417808,0.0,0.0,0.0,0.0,0.0,0.0,0.0,0,0,0.0,0.0,1.7427175354808169,1.7883089973792028,0.0254941746449864,0.0,0.06682540024264079,0.051624567966649014,0.051624567966649014,0.0007037783385557268,-0.002130381583554127
1812,64.81,0.036462498000959555,-0.7448782920837402,0.0,0.7725291248417808,0.0,0.0,0.0,0.0,0.0,0.0,0.0,0,0,0.0,0.0,1.7427175354808169,1.7883089973792028,0.0254941746449864,0.0,0.22937023637606768,0.17719518797235598,0.17719518797235598,0.00447537195444294,-0.009250398823789936
1813,66.39,0.02437895386514424,0.3695760667324066,0.03695760667324066,0.7725291248417808,0.03695760667324066,0.03695760667324066,0.0,0.03695760667324066,0.03695760667324066,0.0,0.0,0,0,0.0,3.695760667324066e-05,1.742653128811598,1.7883089973792028,0.025530190047980624,3.601540299422515e-05,0.25785064456115536,0.19919713278271844,0.16223952610947778,0.003920904405821837,-0.008936985200821208
1814,63.51,-0.04338002711251698,1.0,0.13695760667324067,0.7723490536219835,0.13695760667324067,0.13695760667324067,0.03695760667324066,0.13695760667324067,0.1,0.03695760667324066,0.0,0,0,-0.0016032219794989185,0.0001,1.7396850036999636,1.7883089973792028,0.027189928446649032,0.0016597383986684082,0.4671532411755552,0.36080536371838223,0.22384775704514157,0.0063544851782250745,-0.015760446153015015
1815,64.91,0.022043772634230806,-1.0,0.03695760667324066,0.7640503548094677,0.03695760667324066,0.03695760667324066,0.13695760667324067,0.1,-0.03695760667324066,0.1,0.03695760667324066,0,0,0.003019062342033329,3.695760667324066e-05,1.7448729265875325,1.7883089973792028,0.02428890692566365,0.0,0.3023442518246523,0.23100623288122865,0.13100623288122865,0.0028450453159293656,-0.005078144484944709
1816,63.9,-0.015560006162378648,-1.0,0.0,0.7785554617648718,0.0,0.0,0.1,0.0,-0.1,0.0,0.1,0,0,-0.0015560006162378649,0.0001,1.7419834159458467,1.7883089973792028,0.025904685097064884,0.0016157781714012352,0.2851290644391998,0.22198879042704706,0.22198879042704706,0.0062754925394948365,-0.014205151883180217
1817,61.72,-0.03411580594679186,-1.0,0.0,0.7704765737064113,0.0,0.0,0.0,0.0,0.0,0.0,0.0,0,0,-0.0,0.0,1.7419834159458467,1.7883089973792028,0.025904685097064884,0.0,0.10739022990813785,0.08274165638916582,0.08274165638916582,0.001428030773575846,-0.0036902695096834854
1818,63.34,0.026247569669475123,-1.0,0.0,0.7704765737064113,0.0,0.0,0.0,0.0,0.0,0.0,0.0,0,0,0.0,0.0,1.7419834159458467,1.7883089973792028,0.025904685097064884,0.0,0.0,0.0,0.0,0.0,-5e-05
1819,63.72,0.005999368487527556,-1.0,0.0,0.7704765737064113,0.0,0.0,0.0,0.0,0.0,0.0,0.0,0,0,0.0,0.0,1.7419834159458467,1.7883089973792028,0.025904685097064884,0.0,0.0,0.0,0.0,0.0,-5e-05
1820,62.82,-0.014124293785310712,-1.0,0.0,0.7704765737064113,0.0,0.0,0.0,0.0,0.0,0.0,0.0,0,0,-0.0,0.0,1.7419834159458467,1.7883089973792028,0.025904685097064884,0.0,0.040812398646217864,0.03144499707367812,0.03144499707367812,0.00033456352275184297,-0.001225298934863931
1821,61.0,-0.02897166507481694,-1.0,0.0,0.7704765737064113,0.0,0.0,0.0,0.0,0.0,0.0,0.0,0,0,-0.0,0.0,1.7419834159458467,1.7883089973792028,0.025904685097064884,0.0,0.0,0.0,0.0,0.0,-5e-05
1822,61.15,0.0024590163934425997,-1.0,0.0,0.7704765737064113,0.0,0.0,0.0,0.0,0.0,0.0,0.0,0,0,0.0,0.0,1.7419834159458467,1.7883089973792028,0.025904685097064884,0.0,0.0,0.0,0.0,0.0,-5e-05
1823,60.6,-0.008994276369582947,-1.0,0.0,0.7704765737064113,0.0,0.0,0.0,0.0,0.0,0.0,0.0,0,0,-0.0,0.0,1.7419834159458467,1.7883089973792028,0.025904685097064884,0.0,0.0,0.0,0.0,0.0,-5e-05
1824,59.1,-0.02475247524752475,-1.0,0.0,0.7704765737064113,0.0,0.0,0.0,0.0,0.0,0.0,0.0,0,0,-0.0,0.0,1.7419834159458467,1.7883089973792028,0.025904685097064884,0.0,0.0,0.0,0.0,0.0,-5e-05
1825,59.67,0.009644670050761426,-1.0,0.0,0.7704765737064113,0.0,0.0,0.0,0.0,0.0,0.0,0.0,0,0,0.0,0.0,1.7419834159458467,1.7883089973792028,0.025904685097064884,0.0,0.0,0.0,0.0,0.0,-5e-05
1826,60.46,0.013239483827719107,-1.0,0.0,0.7704765737064113,0.0,0.0,0.0,0.0,0.0,0.0,0.0,0,0,0.0,0.0,1.7419834159458467,1.7883089973792028,0.025904685097064884,0.0,0.0,0.0,0.0,0.0,-5e-05
1827,63.0,0.0420112471055243,-1.0,0.0,0.7704765737064113,0.0,0.0,0.0,0.0,0.0,0.0,0.0,0,0,0.0,0.0,1.7419834159458467,1.7883089973792028,0.025904685097064884,0.0,0.0,0.0,0.0,0.0,-5e-05
1828,60.9,-0.033333333333333354,-1.0,0.0,0.7704765737064113,0.0,0.0,0.0,0.0,0.0,0.0,0.0,0,0,-0.0,0.0,1.7419834159458467,1.7883089973792028,0.025904685097064884,0.0,0.11537488765538123,0.08889364813248027,0.08889364813248027,0.0015902204896155012,-0.0040169431753163546
1829,59.67,-0.02019704433497532,-1.0,0.0,0.7704765737064113,0.0,0.0,0.0,0.0,0.0,0.0,0.0,0,0,-0.0,0.0,1.7419834159458467,1.7883089973792028,0.025904685097064884,0.0,0.0,0.0,0.0,0.0,-5e-05
1830,61.56,0.031674208144796386,-1.0,0.0,0.7704765737064113,0.0,0.0,0.0,0.0,0.0,0.0,0.0,0,0,0.0,0.0,1.7419834159458467,1.7883089973792028,0.025904685097064884,0.0,0.0,0.0,0.0,0.0,-5e-05
1831,62.75,0.019330734243014906,-1.0,0.0,0.7704765737064113,0.0,0.0,0.0,0.0,0.0,0.0,0.0,0,0,0.0,0.0,1.7419834159458467,1.7883089973792028,0.025904685097064884,0.0,0.07756025073524969,0.059758356242305355,0.059758356242305355,0.0008764945394753547,-0.0025242357046214984
1832,60.11,-0.042071713147410365,-1.0,0.0,0.7704765737064113,0.0,0.0,0.0,0.0,0.0,0.0,0.0,0,0,-0.0,0.0,1.7419834159458467,1.7883089973792028,0.025904685097064884,0.0,0.1237824063645034,0.09537144434085726,0.09537144434085726,0.0017671718712507006,-0.0043670894423594704
1833,59.26,-0.014140741973049433,-1.0,0.0,0.7704765737064113,0.0,0.0,0.0,0.0,0.0,0.0,0.0,0,0,-0.0,0.0,1.7419834159458467,1.7883089973792028,0.025904685097064884,0.0,0.0,0.0,0.0,0.0,-5e-05
