date,股票代码,open,close,high,low,volume,成交额,振幅,涨跌幅,涨跌额,换手率,ret_1,ret_5,ret_20,vol_20,ma_20,price_vs_ma20,equity,rolling_max_equity,drawdown
2018-07-09,601138,14.05,14.29,14.32,13.91,800840,1388137552.0,2.92,1.71,0.24,7.16,0.01708185053380773,-0.00832755031228316,-0.1417417417417417,0.06636569663436971,16.326,-0.12470905304422401,0.8582582582582587,1.353753753753754,-0.3660159716060335
2018-07-10,601138,14.33,14.17,14.36,14.02,656169,1137038432.0,2.38,-0.84,-0.12,5.87,-0.008397480755773179,-0.037364130434782705,-0.239398819108964,0.05955833236654937,16.103,-0.12003974414705343,0.8510510510510516,1.353753753753754,-0.3713398402839394
2018-07-11,601138,13.77,13.47,13.92,13.36,792350,1326556528.0,3.95,-4.94,-0.7,7.09,-0.04940014114326041,-0.037169406719085085,-0.3527150408457471,0.05170974531849364,15.736,-0.14400101677681748,0.8090090090090095,1.353753753753754,-0.4023957409050574
2018-07-12,601138,13.47,14.78,15.1,13.47,1794765,3159557648.0,12.1,9.73,1.31,16.05,0.09725315515961386,0.07256894049346885,-0.3442768411712511,0.05326782453625191,15.347999999999999,-0.03700807922856396,0.8876876876876881,1.353753753753754,-0.34427684117125096
2018-07-13,601138,14.52,14.44,14.61,14.3,994409,1752297232.0,2.1,-2.3,-0.34,8.9,-0.023004059539918797,0.0277580071174377,-0.28194927896568867,0.04907890264933886,15.064499999999999,-0.04145507650436453,0.8672672672672677,1.353753753753754,-0.35936113575865114
2018-07-16,601138,14.44,14.66,15.01,14.38,910022,1629162608.0,4.36,1.52,0.22,8.14,0.015235457063711877,0.025892232330301024,-0.2443298969072164,0.04929310751696355,14.8275,-0.011296577305682037,0.8804804804804809,1.353753753753754,-0.3496007098491569
2018-07-17,601138,14.66,14.51,14.67,14.26,611768,1077433088.0,2.8,-1.02,-0.15,5.47,-0.01023192360163716,0.023994354269583518,-0.1534422403733956,0.042822409765255254,14.696000000000002,-0.012656505171475346,0.8714714714714719,1.353753753753754,-0.35625554569653933
2018-07-18,601138,14.51,14.03,14.58,14.0,621401,1086314080.0,4.0,-3.31,-0.48,5.56,-0.03308063404548589,0.041573867854491464,-0.15887290167865709,0.04299381492357394,14.563500000000001,-0.03663267758437201,0.842642642642643,1.353753753753754,-0.37755102040816313
2018-07-19,601138,14.0,13.75,14.2,13.69,526953,897483168.0,3.64,-2.0,-0.28,4.71,-0.019957234497505305,-0.06968876860622464,-0.08272181454302874,0.037120536719525636,14.501500000000002,-0.05182222528703939,0.8258258258258262,1.353753753753754,-0.38997338065661036
2018-07-20,601138,13.73,14.12,14.3,13.55,712705,1224951712.0,5.45,2.69,0.37,6.38,0.02690909090909077,-0.02216066481994461,-0.09137709137709138,0.0366219356359143,14.430499999999999,-0.021516925955441555,0.8480480480480483,1.353753753753754,-0.3735581188997337
2018-07-23,601138,13.93,14.07,14.12,13.86,483686,830800480.0,1.84,-0.35,-0.05,4.33,-0.003541076487252104,-0.04024556616643926,-0.06387225548902187,0.03599555992747187,14.382500000000002,-0.021727794194333513,0.8450450450450454,1.353753753753754,-0.3757763975155278
2018-07-24,601138,14.05,14.88,14.92,14.02,1250545,2216366256.0,6.4,5.76,0.81,11.19,0.05756929637526653,0.02549965541006216,-0.030618892508143203,0.0381190106625844,14.359,0.036283863778814734,0.8936936936936941,1.353753753753754,-0.33984028393966265
2018-07-25,601138,14.82,14.53,14.83,14.41,859807,1530209680.0,2.82,-2.35,-0.35,7.69,-0.02352150537634423,0.03563791874554534,-0.03711066931742879,0.038293052247443164,14.331,0.01388598143883887,0.8726726726726729,1.353753753753754,-0.3553682342502218
2018-07-26,601138,14.48,14.58,14.87,14.45,665397,1185426896.0,2.89,0.34,0.05,5.95,0.0034411562284928365,0.0603636363636364,-0.008837525492862097,0.03788239665829375,14.324499999999997,0.017836573702398214,0.875675675675676,1.353753753753754,-0.35314995563442764
2018-07-27,601138,14.5,14.11,14.5,14.1,545162,950530432.0,2.74,-3.22,-0.47,4.88,-0.032235939643347145,-0.0007082152974504652,-0.07536041939711668,0.037484663667137645,14.267,-0.01100441578467793,0.8474474474474476,1.353753753753754,-0.3740017746228927
2018-07-30,601138,14.02,13.96,14.2,13.87,367711,631237648.0,2.34,-1.06,-0.15,3.29,-0.010630758327427214,-0.00781805259417201,-0.031228313671061714,0.03546609440029523,14.244500000000002,-0.01997262101161861,0.8384384384384387,1.353753753753754,-0.38065661047027505
2018-07-31,601138,14.01,13.99,14.09,13.87,291622,500048032.0,1.58,0.21,0.03,2.61,0.0021489971346704273,-0.05981182795698925,-0.049592391304347894,0.03508137849137564,14.207999999999998,-0.015343468468468343,0.8402402402402405,1.353753753753754,-0.37932564330079854
2018-08-01,601138,14.07,13.8,14.23,13.78,452007,776123680.0,3.22,-1.36,-0.19,4.04,-0.013581129378127166,-0.050240880935994436,-0.013581129378127166,0.03339188469647229,14.1985,-0.02806634503644741,0.8288288288288291,1.353753753753754,-0.38775510204081626
2018-08-02,601138,13.72,13.06,13.75,12.84,689106,1133184224.0,6.59,-5.36,-0.74,6.16,-0.05362318840579716,-0.10425240054869678,-0.0522496371552974,0.035353810187857944,14.1625,-0.07784642541924089,0.7843843843843846,1.353753753753754,-0.42058562555456963
2018-08-03,601138,13.09,12.63,13.16,12.62,518180,828764288.0,4.13,-3.29,-0.43,4.64,-0.032924961715160794,-0.10489014883061654,-0.10106761565836297,0.03560732184420227,14.0915,-0.10371500549976931,0.7585585585585588,1.353753753753754,-0.4396628216503992
2018-08-06,601138,12.59,11.96,12.67,11.93,491494,757691968.0,5.86,-5.3,-0.67,4.4,-0.05304829770387964,-0.14326647564469908,-0.1630510846745975,0.03678064379803456,13.975,-0.14418604651162784,0.7183183183183186,1.353753753753754,-0.4693877551020407
2018-08-07,601138,12.02,12.37,12.39,11.86,452787,696241552.0,4.43,3.43,0.41,4.05,0.03428093645484931,-0.11579699785561126,-0.12702893436838392,0.03798868882397403,13.885000000000002,-0.10911055095426735,0.742942942942943,1.353753753753754,-0.4511978704525289
2018-08-08,601138,12.23,11.83,12.29,11.82,466053,709284544.0,3.8,-4.37,-0.54,4.17,-0.043654001616814764,-0.1427536231884058,-0.12175204157386788,0.037664297006283896,13.803,-0.14293994059262483,0.7105105105105107,1.353753753753754,-0.47515527950310554
2018-08-09,601138,11.81,12.24,12.4,11.62,618225,950425488.0,6.59,3.47,0.41,5.53,0.03465765004226551,-0.06278713629402755,-0.17185385656292285,0.030584752089336583,13.676000000000002,-0.1050014624159112,0.7351351351351354,1.353753753753754,-0.45696539485359355
2018-08-10,601138,12.14,12.29,12.35,12.13,361171,557064560.0,1.8,0.41,0.05,3.23,0.004084967320261423,-0.02692003167062562,-0.14889196675900285,0.03052889403719443,13.5685,-0.09422559604967395,0.7381381381381384,1.353753753753754,-0.45474711623779934
2018-08-13,601138,12.01,12.54,12.65,11.9,529925,822665056.0,6.1,2.03,0.25,4.74,0.020341741253051326,0.04849498327759183,-0.1446111869031379,0.03075033721991657,13.4625,-0.06852367688022293,0.7531531531531536,1.353753753753754,-0.44365572315882856
2018-08-14,601138,12.55,12.33,12.58,12.26,446345,693689984.0,2.55,-1.67,-0.21,3.99,-0.01674641148325351,-0.003233629749393674,-0.15024121295658166,0.030817125566510218,13.3535,-0.07664657205975964,0.740540540540541,1.353753753753754,-0.452972493345164
2018-08-15,601138,12.21,11.88,12.31,11.86,408086,620369296.0,3.65,-3.65,-0.45,3.65,-0.03649635036496346,0.004226542688081203,-0.15324305060584453,0.03097450797625331,13.246,-0.10312547184055561,0.713513513513514,1.353753753753754,-0.4729370008873112
2018-08-16,601138,11.67,11.71,11.97,11.53,345948,516841872.0,3.7,-1.43,-0.17,3.09,-0.014309764309764272,-0.0433006535947712,-0.14836363636363625,0.03088370747479222,13.144,-0.10909920876445521,0.7033033033033038,1.353753753753754,-0.4804791481810113
2018-08-17,601138,11.91,11.45,11.96,11.44,321107,477788528.0,4.44,-2.22,-0.26,2.87,-0.02220324508966709,-0.06834825061025218,-0.18909348441926344,0.029938132251037926,13.010499999999999,-0.11994158564236575,0.6876876876876881,1.353753753753754,-0.4920141969831409
2018-08-20,601138,11.47,11.74,11.75,11.35,355908,524770432.0,3.49,2.53,0.29,3.18,0.02532751091703056,-0.0637958532695374,-0.1656005685856432,0.030944913392107105,12.894,-0.08949899177912206,0.7051051051051055,1.353753753753754,-0.4791481810115349
2018-08-21,601138,11.72,11.84,11.96,11.63,350600,525981568.0,2.81,0.85,0.1,3.14,0.008517887563884052,-0.03974047039740469,-0.20430107526881724,0.027137864630085416,12.742,-0.07078951498979759,0.7111111111111115,1.353753753753754,-0.47471162377994663
2018-08-22,601138,11.81,11.56,11.81,11.52,277602,412042704.0,2.45,-2.36,-0.28,2.48,-0.023648648648648574,-0.026936026936026924,-0.2044046799724707,0.027140964788282408,12.5935,-0.08206614523365229,0.6942942942942947,1.353753753753754,-0.4871339840283938
2018-08-23,601138,11.59,11.95,12.02,11.59,483486,726749792.0,3.72,3.37,0.39,4.32,0.03373702422145319,0.02049530315969239,-0.18038408779149528,0.02878585568727644,12.462,-0.04108489809019423,0.7177177177177181,1.353753753753754,-0.46983141082519947
2018-08-24,601138,11.86,11.81,11.94,11.74,254493,382018752.0,1.67,-1.17,-0.14,2.28,-0.01171548117154797,0.03144104803493453,-0.16300496102055273,0.028294343385552735,12.347,-0.043492346318943796,0.7093093093093098,1.353753753753754,-0.47604259094942303
2018-08-27,601138,11.82,12.13,12.24,11.82,540955,825814176.0,3.56,2.71,0.32,4.84,0.02709568162574083,0.03321976149914829,-0.13108882521489973,0.029379759191752283,12.255500000000001,-0.010240300273346709,0.728528528528529,1.353753753753754,-0.4618456078083405
2018-08-28,601138,12.13,12.14,12.3,12.04,315558,483808960.0,2.14,0.08,0.01,2.82,0.0008244023083263663,0.02533783783783794,-0.1322373123659757,0.029360513884822862,12.163,-0.0018909808435418635,0.7291291291291295,1.353753753753754,-0.46140195208518175
2018-08-29,601138,12.17,11.93,12.19,11.89,297976,451580496.0,2.47,-1.73,-0.21,2.67,-0.017298187808896248,0.032006920415224904,-0.13550724637681166,0.02941837695919823,12.069500000000001,-0.011558059571647683,0.7165165165165169,1.353753753753754,-0.4707187222715171
2018-08-30,601138,11.95,11.62,11.98,11.6,292615,436880576.0,3.19,-2.6,-0.31,2.62,-0.025984911986588477,-0.02761506276150627,-0.1102603369065851,0.02770430938606199,11.9975,-0.031464888518441446,0.6978978978978982,1.353753753753754,-0.48447204968944085
2018-08-31,601138,11.57,11.61,11.79,11.49,203201,301160928.0,2.58,-0.09,-0.01,1.82,-0.0008605851979345269,-0.01693480101608813,-0.08076009501187653,0.026948635670959127,11.946499999999999,-0.02816724563679732,0.6972972972972977,1.353753753753754,-0.48491570541259965
2018-09-03,601138,11.53,11.52,11.59,11.33,225558,329832752.0,2.24,-0.78,-0.09,2.02,-0.007751937984496138,-0.05028854080791434,-0.03678929765886296,0.024377469345605297,11.9245,-0.03392175772569085,0.6918918918918923,1.353753753753754,-0.4889086069210291
2018-09-04,601138,11.51,11.75,11.81,11.48,240883,357937504.0,2.86,2.0,0.23,2.15,0.0199652777777779,-0.032125205930807255,-0.05012126111560222,0.0234617446383501,11.8935,-0.01206541388153189,0.7057057057057061,1.353753753753754,-0.47870452528837604
2018-09-05,601138,11.68,11.45,11.71,11.43,236974,349522512.0,2.38,-2.55,-0.3,2.12,-0.025531914893617058,-0.04023470243084659,-0.032121724429416854,0.022090693930623878,11.8745,-0.035748873636784716,0.6876876876876881,1.353753753753754,-0.4920141969831409
2018-09-06,601138,11.43,11.85,12.22,11.39,625924,945223168.0,7.25,3.49,0.4,5.6,0.03493449781659397,0.019793459552495785,-0.031862745098039214,0.022114551116903865,11.855,-0.00042176296921136915,0.7117117117117122,1.353753753753754,-0.47426796805678767
2018-09-07,601138,11.82,11.71,12.01,11.54,362796,543003696.0,3.97,-1.18,-0.14,3.25,-0.01181434599156106,0.008613264427218104,-0.04719283970707877,0.022193166357913283,11.825999999999999,-0.009808895653644335,0.7033033033033039,1.353753753753754,-0.4804791481810112
2018-09-10,601138,11.62,11.45,11.66,11.45,226162,332303936.0,1.79,-2.22,-0.26,2.02,-0.02220324508966709,-0.006076388888888951,-0.08692185007974484,0.021958475383831444,11.7715,-0.027311727477381843,0.6876876876876882,1.353753753753754,-0.49201419698314086
2018-09-11,601138,11.45,11.51,11.7,11.4,204420,300589872.0,2.62,0.52,0.06,1.83,0.005240174672489051,-0.020425531914893602,-0.06650446066504467,0.021853106830459993,11.730500000000001,-0.018797152721537976,0.6912912912912917,1.353753753753754,-0.4893522626441879
2018-09-12,601138,11.5,11.54,11.7,11.48,181132,267306826.0,1.91,0.26,0.03,1.62,0.0026064291920069316,0.007860262008733576,-0.028619528619528767,0.020420465005224115,11.7135,-0.014811969095488167,0.6930930930930935,1.353753753753754,-0.4880212954747114
2018-09-13,601138,11.69,11.61,11.76,11.36,265941,391537504.0,3.47,0.61,0.07,2.38,0.0060658578856152,-0.020253164556962022,-0.008539709649872052,0.020242305859775614,11.7085,-0.008412691634282902,0.6972972972972977,1.353753753753754,-0.48491570541259965
2018-09-14,601138,11.61,11.42,11.63,11.4,233028,341644000.0,1.98,-1.64,-0.19,2.08,-0.01636520241171402,-0.02476515798462864,-0.0026200873362445254,0.019948805763636314,11.706999999999999,-0.024515247287947302,0.6858858858858863,1.353753753753754,-0.49334516415261737
2018-09-17,601138,11.38,10.99,11.38,10.98,261016,373286512.0,3.5,-3.77,-0.43,2.33,-0.0376532399299474,-0.04017467248908291,-0.06388415672913117,0.020706315693382663,11.669500000000001,-0.058228715883285556,0.6600600600600605,1.353753753753754,-0.512422360248447
2018-09-18,601138,10.88,11.13,11.16,10.87,247626,352231152.0,2.64,1.27,0.14,2.22,0.01273885350318471,-0.03301476976542128,-0.05996621621621612,0.020851876711662803,11.634,-0.04332129963898913,0.6684684684684689,1.353753753753754,-0.5062111801242234
2018-09-19,601138,11.06,11.24,11.36,11.03,323145,463842864.0,2.96,0.99,0.11,2.89,0.009883198562443685,-0.025996533795493826,-0.02768166089965396,0.02043812628106618,11.618,-0.03253572043380962,0.6750750750750754,1.353753753753754,-0.5013309671694763
2018-09-20,601138,11.19,11.09,11.24,11.08,213853,306273792.0,1.42,-1.33,-0.15,1.91,-0.013345195729537407,-0.04478897502153312,-0.07196652719665264,0.018851614141539425,11.575,-0.0419006479481641,0.6660660660660663,1.353753753753754,-0.5079858030168588
2018-09-21,601138,11.12,11.27,11.3,11.04,333518,479670896.0,2.34,1.62,0.18,2.98,0.01623083859332719,-0.013134851138353776,-0.04572396274343782,0.01924675659627951,11.547999999999998,-0.024073432629026562,0.676876876876877,1.353753753753754,-0.5
2018-09-25,601138,11.17,11.25,11.35,11.11,231669,332988752.0,2.13,-0.18,-0.02,2.07,-0.0017746228926353025,0.023657870791628843,-0.07254740313272878,0.017977802145656772,11.504,-0.022079276773296207,0.6756756756756759,1.353753753753754,-0.5008873114463176
2018-09-26,601138,11.42,11.37,11.61,11.25,372768,543684912.0,3.2,1.07,0.12,3.33,0.010666666666666602,0.02156334231805923,-0.06342668863261958,0.018238244003785088,11.4655,-0.00832933583358783,0.682882882882883,1.353753753753754,-0.49556344276841174
2018-09-27,601138,11.31,11.02,11.34,11.01,341098,488678416.0,2.9,-3.08,-0.35,3.05,-0.030782761653474044,-0.019572953736654908,-0.07627829002514674,0.019022636302629584,11.42,-0.035026269702276736,0.661861861861862,1.353753753753754,-0.5110913930789707
2018-09-28,601138,11.03,11.06,11.11,11.01,180090,256481682.0,0.91,0.36,0.04,1.61,0.003629764065335772,-0.0027051397655545317,-0.04819277108433728,0.01834429703689822,11.392,-0.029143258426966204,0.6642642642642644,1.353753753753754,-0.5093167701863354
2018-10-08,601138,10.82,10.54,10.82,10.53,285599,394775392.0,2.62,-4.7,-0.52,2.55,-0.047016274864376206,-0.06477373558118904,-0.09216192937123169,0.02088079780264604,11.3385,-0.07042377739559913,0.6330330330330332,1.353753753753754,-0.5323868677905945
2018-10-09,601138,10.58,10.55,10.68,10.48,172033,236509972.0,1.9,0.09,0.01,1.54,0.0009487666034158071,-0.06222222222222218,-0.08420138888888884,0.020902602172247094,11.29,-0.06554472984942414,0.6336336336336339,1.353753753753754,-0.5319432120674356
2018-10-10,601138,10.61,10.53,10.63,10.48,135234,185669575.0,1.42,-0.19,-0.02,1.21,-0.0018957345971565287,-0.07387862796833777,-0.10382978723404257,0.020130935125390756,11.229,-0.062249532460593095,0.6324324324324326,1.353753753753754,-0.5328305235137533
2018-10-11,601138,9.83,9.16,9.99,9.16,560642,709169248.0,7.88,-13.01,-1.37,5.02,-0.1301044634377967,-0.16878402903811252,-0.19999999999999996,0.03427886532774087,11.1145,-0.1758513653335732,0.5501501501501503,1.353753753753754,-0.5936113575865128
2018-10-12,601138,8.89,8.78,8.99,8.27,455083,537993952.0,7.86,-4.15,-0.38,4.07,-0.04148471615720528,-0.20614828209764924,-0.2590717299578059,0.03318961399669156,10.961,-0.198978195420126,0.5273273273273275,1.353753753753754,-0.6104702750665484
2018-10-15,601138,8.82,8.71,9.12,8.68,261871,316494000.0,5.01,-0.8,-0.07,2.34,-0.007972665148063607,-0.1736242884250473,-0.2561912894961571,0.03321599387893125,10.811,-0.19433909906576627,0.5231231231231234,1.353753753753754,-0.61357586512866
2018-10-16,601138,8.72,8.39,8.84,8.32,235142,275682960.0,5.97,-3.67,-0.32,2.1,-0.036739380022962176,-0.204739336492891,-0.26724890829694314,0.0335592191592629,10.658,-0.21279789829236245,0.5039039039039042,1.353753753753754,-0.6277728482697426
2018-10-17,601138,8.59,8.58,8.68,8.34,234823,275033712.0,4.05,2.26,0.19,2.1,0.02264600715137055,-0.18518518518518512,-0.25456125108601213,0.034324768736313176,10.5115,-0.18375112971507396,0.5153153153153155,1.353753753753754,-0.6193433895297249
2018-10-18,601138,8.45,8.2,8.46,8.16,227586,261844967.0,3.5,-4.43,-0.38,2.04,-0.044289044289044344,-0.10480349344978179,-0.28942807625649913,0.03473101276754703,10.3445,-0.2073082314273286,0.4924924924924926,1.353753753753754,-0.6362023070097604
2018-10-19,601138,7.99,8.43,8.44,7.93,329659,376551392.0,6.22,2.8,0.23,2.95,0.028048780487804903,-0.03986332574031892,-0.2739018087855297,0.035808254205160664,10.1855,-0.17235285454813212,0.5063063063063065,1.353753753753754,-0.6259982253771074
2018-10-22,601138,8.52,9.47,9.58,8.44,712296,875304288.0,13.52,12.34,1.04,6.37,0.12336892052194548,0.08725602755453488,-0.17075306479859886,0.04734804297239449,10.088,-0.06126090404440906,0.5687687687687689,1.353753753753754,-0.5798580301685892
2018-10-23,601138,9.37,9.01,9.42,8.95,432081,532761072.0,4.96,-4.86,-0.46,3.87,-0.04857444561774027,0.07389749702026216,-0.18016378525932675,0.04776618838423963,9.989,-0.09800780858944848,0.5411411411411413,1.353753753753754,-0.6002661934338953
2018-10-24,601138,9.0,9.01,9.18,8.95,229790,281169328.0,2.55,0.0,0.0,2.06,0.0,0.05011655011655014,-0.19047619047619058,0.04754842553501332,9.883,-0.08833350197308504,0.5411411411411413,1.353753753753754,-0.6002661934338953
2018-10-25,601138,8.57,8.82,8.91,8.43,254227,300391680.0,5.33,-2.11,-0.19,2.27,-0.021087680355160843,0.07560975609756104,-0.21530249110320288,0.04739047200667394,9.761999999999999,-0.09649661954517502,0.52972972972973,1.353753753753754,-0.608695652173913
2018-10-26,601138,8.92,8.91,9.14,8.82,240787,292714176.0,3.63,1.02,0.09,2.15,0.010204081632652962,0.05693950177935947,-0.19657348963029753,0.04762051266380331,9.652999999999999,-0.07697088987879402,0.5351351351351353,1.353753753753754,-0.6047027506654835
2018-10-29,601138,8.95,8.89,9.17,8.73,215717,261059505.0,4.94,-0.22,-0.02,1.93,-0.002244668911335568,-0.06124604012671597,-0.21118012422360244,0.04726688128729234,9.534,-0.06754772393538915,0.5339339339339342,1.353753753753754,-0.6055900621118011
2018-10-30,601138,8.82,8.92,9.04,8.57,248175,298502528.0,5.29,0.34,0.03,2.22,0.003374578177727683,-0.009988901220865709,-0.20711111111111113,0.04733216467741233,9.4175,-0.05282718343509429,0.535735735735736,1.353753753753754,-0.6042590949423247
2018-10-31,601138,9.07,9.07,9.18,8.91,307840,377349456.0,3.03,1.68,0.15,2.75,0.01681614349775784,0.006659267480577213,-0.20228671943711518,0.047496353170136583,9.3025,-0.024993281375974192,0.544744744744745,1.353753753753754,-0.5976042590949422
2018-11-01,601138,9.3,9.17,9.47,9.15,412949,514567136.0,3.53,1.1,0.1,3.69,0.011025358324145529,0.03968253968253954,-0.16787658802177852,0.04746084474084091,9.209999999999999,-0.004343105320303926,0.550750750750751,1.353753753753754,-0.593167701863354
2018-11-02,601138,9.47,9.43,9.56,9.19,496010,622333728.0,4.03,2.84,0.26,4.44,0.028353326063249806,0.058361391694724984,-0.14737793851717906,0.04809923050030684,9.128499999999999,0.03302842745248406,0.5663663663663666,1.353753753753754,-0.5816326530612244
2018-11-05,601138,9.44,9.42,9.57,9.28,355468,448469664.0,3.08,-0.11,-0.01,3.18,-0.0010604453870625141,0.059617547806524174,-0.10626185958254264,0.04716714059583927,9.0725,0.038302562689446144,0.5657657657657661,1.353753753753754,-0.5820763087843832
2018-11-06,601138,9.32,9.61,9.67,9.13,390119,489123648.0,5.73,2.02,0.19,3.49,0.020169851380042347,0.07735426008968593,-0.08909952606635085,0.0474795060940363,9.025500000000001,0.064760955071741,0.5771771771771774,1.353753753753754,-0.5736468500443654
2018-11-07,601138,9.54,9.35,9.66,9.28,313975,397624832.0,3.95,-2.71,-0.26,2.81,-0.027055150884495283,0.030871003307607392,-0.11206077872744535,0.047765187492458096,8.9665,0.04277031171583112,0.5615615615615618,1.353753753753754,-0.5851818988464951
2018-11-08,601138,9.49,9.21,9.49,9.21,183836,230244508.0,2.99,-1.5,-0.14,1.64,-0.014973262032085488,0.004362050163577047,0.005458515283842891,0.03776328564305294,8.969000000000001,0.02687033114059534,0.5531531531531534,1.353753753753754,-0.5913930789707187
2018-11-09,601138,9.17,9.16,9.3,9.14,139612,173000900.0,1.74,-0.54,-0.05,1.25,-0.005428881650380135,-0.028632025450689214,0.04328018223234631,0.03647056742287662,8.988000000000001,0.019136626613261994,0.5501501501501503,1.353753753753754,-0.5936113575865128
2018-11-12,601138,9.15,9.41,9.42,9.13,221764,277314192.0,3.17,2.73,0.25,1.98,0.02729257641921401,-0.0010615711252653925,0.08036739380022961,0.03677713838155154,9.023,0.042890391222431615,0.5651651651651654,1.353753753753754,-0.5825199645075421
2018-11-13,601138,9.19,9.49,9.58,9.17,341034,428804976.0,4.36,0.85,0.08,3.05,0.008501594048884176,-0.012486992715920797,0.13110846245530383,0.035475924342690555,9.078,0.04538444591319683,0.5699699699699702,1.353753753753754,-0.5789707187222715
2018-11-14,601138,9.49,9.4,9.6,9.39,258546,327099072.0,2.21,-0.95,-0.09,2.31,-0.009483667017913588,0.005347593582887722,0.09557109557109555,0.035445879899148686,9.119,0.03081478232262316,0.5645645645645648,1.353753753753754,-0.5829636202307009
2018-11-15,601138,9.38,9.71,9.75,9.37,424735,544430272.0,4.04,3.3,0.31,3.8,0.03297872340425534,0.05428881650380024,0.1841463414634148,0.033953393586059845,9.1945,0.05606612648866183,0.5831831831831835,1.353753753753754,-0.5692102928127771
2018-11-16,601138,9.73,9.68,9.78,9.59,352265,453220704.0,1.96,-0.31,-0.03,3.15,-0.00308959835221434,0.05676855895196509,0.14827995255041526,0.0337477883062948,9.257000000000001,0.04569514961650623,0.5813813813813816,1.353753753753754,-0.5705412599822537
2018-11-19,601138,9.71,9.84,9.88,9.61,334783,434242432.0,2.79,1.65,0.16,2.99,0.016528925619834656,0.04569606801275228,0.039070749736008326,0.02015045501362673,9.275500000000001,0.06085925287046508,0.5909909909909912,1.353753753753754,-0.5634427684117125
2018-11-20,601138,9.72,9.44,9.75,9.41,305728,390753040.0,3.46,-4.07,-0.4,2.73,-0.04065040650406504,-0.005268703898840932,0.04772475027746936,0.019154686382655613,9.297,0.01538130579756899,0.5669669669669671,1.353753753753754,-0.5811889973380656
2018-11-21,601138,9.3,9.34,9.41,9.22,192554,240783383.0,2.01,-1.06,-0.1,1.72,-0.010593220338983023,-0.00638297872340432,0.03662597114317423,0.01937292109871997,9.313500000000001,0.0028453320448809396,0.5609609609609612,1.353753753753754,-0.5856255545696539
2018-11-22,601138,9.34,9.25,9.39,9.23,179189,223515011.0,1.71,-0.96,-0.09,1.6,-0.009635974304068484,-0.047373841400617955,0.0487528344671202,0.0188165272544655,9.335,-0.009105516871987235,0.5555555555555558,1.353753753753754,-0.5896184560780833
2018-11-23,601138,9.28,8.63,9.29,8.6,334614,402864032.0,7.46,-6.7,-0.62,2.99,-0.0670270270270269,-0.10847107438016523,-0.03142536475869806,0.024291593270355245,9.321000000000002,-0.07413367664413696,0.5183183183183186,1.353753753753754,-0.6171251109139306
2018-11-26,601138,8.63,8.55,8.73,8.52,133735,157630269.0,2.43,-0.93,-0.08,1.2,-0.009269988412514474,-0.13109756097560965,-0.038245219347581516,0.024356527020545672,9.303999999999998,-0.08104041272570915,0.5135135135135138,1.353753753753754,-0.6206743566992012
2018-11-27,601138,8.61,8.48,8.68,8.44,155797,183035036.0,2.81,-0.82,-0.07,1.39,-0.008187134502923965,-0.10169491525423724,-0.049327354260089606,0.02436791453659888,9.282,-0.08640379228614518,0.5093093093093096,1.353753753753754,-0.6237799467613131
2018-11-28,601138,8.48,8.61,8.61,8.38,158171,185222881.0,2.71,1.53,0.13,1.41,0.015330188679245182,-0.07815845824411138,-0.05071664829106959,0.024308950252711202,9.258999999999999,-0.07009396263095359,0.5171171171171174,1.353753753753754,-0.6180124223602483
2018-11-29,601138,8.68,8.28,8.71,8.27,247715,289036992.0,5.11,-3.83,-0.33,2.22,-0.0383275261324042,-0.1048648648648649,-0.09705561613958569,0.025365595194935375,9.2145,-0.10141624613381084,0.49729729729729755,1.353753753753754,-0.6326530612244897
2018-11-30,601138,8.28,8.35,8.4,8.14,150179,172065790.0,3.14,0.85,0.07,1.34,0.008454106280193274,-0.03244495944380077,-0.11452810180275719,0.024368148297053877,9.160499999999999,-0.08847770318214065,0.5015015015015017,1.353753753753754,-0.6295474711623779
2018-12-03,601138,8.85,8.82,8.95,8.74,461335,555111744.0,2.51,5.63,0.47,4.13,0.056287425149700754,0.03157894736842093,-0.06369426751592355,0.0280484130101576,9.130500000000001,-0.03400689995071476,0.5297297297297301,1.353753753753754,-0.6086956521739129
2018-12-04,601138,8.86,8.92,8.94,8.81,330165,397926320.0,1.47,1.13,0.1,2.95,0.011337868480725488,0.05188679245283012,-0.0718002081165452,0.027733693200358577,9.096,-0.019349164467897993,0.5357357357357361,1.353753753753754,-0.6042590949423245
2018-12-05,601138,8.71,9.12,9.19,8.66,409407,496156176.0,5.94,2.24,0.2,3.66,0.022421524663676973,0.059233449477351874,-0.024598930481283476,0.027714606509522406,9.0845,0.0039077549672518,0.547747747747748,1.353753753753754,-0.595385980479148
2018-12-06,601138,8.97,8.78,8.98,8.76,269620,324379024.0,2.41,-3.73,-0.34,2.41,-0.037280701754385914,0.06038647342995174,-0.04668838219326832,0.028741631829886635,9.062999999999999,-0.03122586340063991,0.5273273273273277,1.353753753753754,-0.6104702750665482
2018-12-07,601138,8.81,8.74,8.85,8.72,128421,153494538.0,1.48,-0.46,-0.04,1.15,-0.004555808656036331,0.04670658682634743,-0.045851528384279416,0.028736799766293807,9.042,-0.03339969033399686,0.5249249249249254,1.353753753753754,-0.6122448979591835
2018-12-10,601138,8.63,8.74,8.83,8.53,157151,186076246.0,3.43,0.0,0.0,1.41,0.0,-0.009070294784580546,-0.07120085015940492,0.027911313072670994,9.0085,-0.029805183992895546,0.5249249249249254,1.353753753753754,-0.6122448979591835
2018-12-11,601138,8.72,8.82,8.91,8.69,163772,196556081.0,2.52,0.92,0.08,1.47,0.009153318077803174,-0.011210762331838486,-0.07060063224446789,0.027926208981455918,8.975,-0.01727019498607235,0.5297297297297302,1.353753753753754,-0.6086956521739127
2018-12-12,601138,8.88,8.91,8.95,8.82,173472,209706118.0,1.47,1.02,0.09,1.55,0.010204081632652962,-0.02302631578947356,-0.05212765957446808,0.028042788808707482,8.950500000000002,-0.004524886877828225,0.5351351351351356,1.353753753753754,-0.6047027506654834
2018-12-13,601138,8.97,9.06,9.13,8.91,275638,337358816.0,2.47,1.68,0.15,2.47,0.01683501683501687,0.031890660592255315,-0.06694129763130796,0.0271934771920021,8.918000000000001,0.015922852657546473,0.5441441441441446,1.353753753753754,-0.5980479148181009
2018-12-14,601138,9.04,8.88,9.21,8.84,418033,510976000.0,4.08,-1.99,-0.18,3.74,-0.019867549668874163,0.016018306636155666,-0.0826446280991735,0.027450611655580503,8.878,0.00022527596305481728,0.5333333333333338,1.353753753753754,-0.6060337178349599
2018-12-17,601138,8.82,9.1,9.12,8.79,285168,348196720.0,3.72,2.48,0.22,2.55,0.024774774774774633,0.041189931350114284,-0.07520325203252032,0.027833511189627406,8.841,0.02929532858273955,0.5465465465465469,1.353753753753754,-0.5962732919254656
2018-12-18,601138,9.02,9.05,9.11,8.9,156544,190778232.0,2.31,-0.55,-0.05,1.4,-0.005494505494505364,0.026077097505669,-0.04131355932203373,0.026441106314965167,8.8215,0.025902624270248864,0.543543543543544,1.353753753753754,-0.5984915705412598
2018-12-19,601138,9.06,8.75,9.1,8.72,177897,214568934.0,4.2,-3.31,-0.3,1.59,-0.03314917127071826,-0.017957351290684653,-0.06316916488222701,0.027304117493511817,8.792,-0.0047770700636942465,0.5255255255255259,1.353753753753754,-0.6118012422360246
2018-12-20,601138,8.74,8.6,8.81,8.51,207428,245078244.0,3.43,-1.71,-0.15,1.86,-0.017142857142857237,-0.050772626931567366,-0.07027027027027033,0.02745278431395312,8.7595,-0.01820880187225293,0.5165165165165169,1.353753753753754,-0.6184560780834071
2018-12-21,601138,8.53,8.58,8.62,8.45,124942,146522793.0,1.98,-0.23,-0.02,1.12,-0.0023255813953487747,-0.03378378378378388,-0.005793742757821629,0.022995130164947173,8.757,-0.02021240150736549,0.5153153153153157,1.353753753753754,-0.6193433895297247
2018-12-24,601138,8.57,8.72,8.78,8.55,128812,152961338.0,2.68,1.63,0.14,1.15,0.01631701631701632,-0.04175824175824161,0.019883040935672502,0.023165736061853428,8.7655,-0.005190804859962212,0.5237237237237241,1.353753753753754,-0.6131322094055012
2018-12-25,601138,8.55,8.6,8.64,8.31,187905,218768554.0,3.78,-1.38,-0.12,1.68,-0.013761467889908396,-0.04972375690607744,0.014150943396226356,0.023318149791291175,8.7715,-0.01955195804594425,0.5165165165165169,1.353753753753754,-0.6184560780834071
2018-12-26,601138,8.55,8.6,8.66,8.54,108282,127505889.0,1.4,0.0,0.0,0.97,0.0,-0.017142857142857237,-0.0011614401858304202,0.023071593595392095,8.771,-0.019496066583057935,0.5165165165165169,1.353753753753754,-0.6184560780834071
2018-12-27,601138,8.74,8.38,8.79,8.38,153491,180863504.0,4.77,-2.56,-0.22,1.37,-0.025581395348837077,-0.025581395348837077,0.012077294685990614,0.02210740537314288,8.776,-0.04512306289881484,0.5033033033033038,1.353753753753754,-0.6282165039929013
2018-12-28,601138,8.42,8.41,8.54,8.36,127883,148621779.0,2.15,0.36,0.03,1.14,0.0035799522673030104,-0.019813519813519753,0.007185628742514938,0.022045730180656947,8.779,-0.042032122109579656,0.5051051051051055,1.353753753753754,-0.6268855368234247
2019-01-02,601138,8.48,8.42,8.52,8.35,115440,133953196.0,2.02,0.12,0.01,1.03,0.0011890606420927874,-0.034403669724770714,-0.04535147392290251,0.017741372367961337,8.759,-0.038703048293184196,0.5057057057057062,1.353753753753754,-0.6264418811002659
2019-01-03,601138,8.39,8.34,8.51,8.34,106396,123163694.0,2.02,-0.95,-0.08,0.95,-0.009501187648456089,-0.03023255813953485,-0.06502242152466364,0.017516986808733235,8.73,-0.04467353951890041,0.5009009009009013,1.353753753753754,-0.6299911268855366
2019-01-04,601138,8.18,8.47,8.48,8.04,207383,238358331.0,5.28,1.56,0.13,1.86,0.01558752997601931,-0.015116279069767313,-0.07127192982456121,0.017051159144068444,8.6975,-0.0261569416498993,0.5087087087087092,1.353753753753754,-0.6242236024844717
2019-01-07,601138,8.58,8.56,8.58,8.43,191429,224007892.0,1.77,1.06,0.09,1.71,0.010625737898465104,0.021479713603818507,-0.02505694760820032,0.01534280526132807,8.686499999999999,-0.014562827375812847,0.5141141141141146,1.353753753753754,-0.6202307009760424
2019-01-08,601138,8.52,8.55,8.66,8.48,144299,169622210.0,2.1,-0.12,-0.01,1.29,-0.001168224299065379,0.01664684898929858,-0.021739130434782594,0.015321977846628594,8.677,-0.014636395067419488,0.5135135135135139,1.353753753753754,-0.6206743566992012
2019-01-09,601138,8.6,8.94,9.17,8.53,541447,658337152.0,7.49,4.56,0.39,4.84,0.04561403508771922,0.061757719714964354,0.022883295194507935,0.01853457796918573,8.687000000000001,0.02912397835846648,0.5369369369369373,1.353753753753754,-0.6033717834960068
2019-01-10,601138,8.9,8.85,8.96,8.78,225612,271862288.0,2.01,-1.01,-0.09,2.02,-0.010067114093959662,0.06115107913669071,0.00340136054421758,0.01860380876277377,8.6885,0.01858778845600509,0.531531531531532,1.353753753753754,-0.6073646850044363
2019-01-11,601138,8.84,8.99,9.07,8.84,229028,278279424.0,2.6,1.58,0.14,2.05,0.015819209039548143,0.06139315230224307,0.008978675645342271,0.018801925527362196,8.692499999999999,0.03422490652861677,0.5399399399399405,1.353753753753754,-0.6011535048802127
2019-01-14,601138,9.03,8.92,9.11,8.9,169249,205647854.0,2.34,-0.78,-0.07,1.51,-0.007786429365962189,0.04205607476635498,-0.015452538631346657,0.01848737661111624,8.6855,0.026999021357434875,0.5357357357357363,1.353753753753754,-0.6042590949423244
2019-01-15,601138,8.89,9.1,9.16,8.85,292988,358364640.0,3.48,2.02,0.18,2.62,0.020179372197309364,0.06432748538011679,0.024774774774774633,0.018461323844295982,8.6965,0.04639797619732068,0.5465465465465471,1.353753753753754,-0.5962732919254655
2019-01-16,601138,9.12,8.94,9.13,8.9,207221,252331941.0,2.53,-1.76,-0.16,1.85,-0.01758241758241763,0.0,-0.01758241758241763,0.01806217469953679,8.688500000000001,0.028946308338608305,0.5369369369369374,1.353753753753754,-0.6033717834960068
2019-01-17,601138,8.97,8.77,9.0,8.75,189559,228227231.0,2.8,-1.9,-0.17,1.7,-0.019015659955257225,-0.009039548022598876,-0.030939226519337115,0.018497594744406553,8.674499999999998,0.011009280073779614,0.5267267267267273,1.353753753753754,-0.6109139307897069
2019-01-18,601138,8.73,8.87,8.91,8.73,172270,206933275.0,2.05,1.14,0.1,1.54,0.011402508551881407,-0.013348164627363879,0.013714285714285568,0.017104118492503484,8.680499999999999,0.021830539715454258,0.5327327327327332,1.353753753753754,-0.6064773735581186
2019-01-21,601138,8.84,8.89,8.94,8.82,155629,187871240.0,1.35,0.23,0.02,1.39,0.0022547914317927464,-0.0033632286995515237,0.03372093023255829,0.016573730349762065,8.695,0.022426682001150118,0.5339339339339345,1.353753753753754,-0.6055900621118009
2019-01-22,601138,8.89,8.7,8.91,8.64,152097,181827807.0,3.04,-2.14,-0.19,1.36,-0.02137232845894277,-0.04395604395604402,0.013986013986013957,0.017351566197330755,8.701,-0.00011492931846928193,0.5225225225225231,1.353753753753754,-0.6140195208518187
2019-01-23,601138,8.68,8.66,8.76,8.65,111451,132354185.0,1.26,-0.46,-0.04,1.0,-0.0045977011494251485,-0.031319910514541305,-0.006880733944954143,0.016996097505299,8.698,-0.004368820418487037,0.5201201201201208,1.353753753753754,-0.615794143744454
2019-01-24,601138,8.67,8.67,8.71,8.52,132551,156690931.0,2.19,0.12,0.01,1.19,0.0011547344110853786,-0.011402508551881407,0.008139534883720989,0.016694700683670786,8.7015,-0.003620065505947184,0.5207207207207213,1.353753753753754,-0.6153504880212951
2019-01-25,601138,8.69,8.62,8.75,8.61,135038,160127731.0,1.61,-0.58,-0.05,1.21,-0.005767012687427964,-0.028184892897407,0.0023255813953488857,0.016754156884887163,8.702499999999999,-0.00948003447285258,0.5177177177177182,1.353753753753754,-0.6175687666370894
2019-01-28,601138,8.7,8.58,8.74,8.57,112659,133441187.0,1.97,-0.46,-0.04,1.01,-0.004640371229698292,-0.03487064116985383,0.02386634844868718,0.0156745355782167,8.7125,-0.015208034433285542,0.5153153153153158,1.353753753753754,-0.6193433895297247
2019-01-29,601138,8.55,8.38,8.59,8.27,160486,186154031.0,3.73,-2.33,-0.2,1.44,-0.023310023310023187,-0.036781609195402076,-0.00356718192627814,0.01659452301591713,8.711,-0.03799793364711279,0.5033033033033039,1.353753753753754,-0.6282165039929012
2019-01-30,601138,8.39,8.4,8.54,8.39,103074,119995798.0,1.79,0.24,0.02,0.92,0.0023866348448686736,-0.03002309468822173,-0.002375296912113911,0.016601384978114163,8.709999999999999,-0.0355912743972444,0.504504504504505,1.353753753753754,-0.6273291925465836
2019-01-31,601138,8.46,8.32,8.54,8.31,141521,163889905.0,2.74,-0.95,-0.08,1.27,-0.00952380952380949,-0.0403690888119953,-0.0023980815347721673,0.016602067919687564,8.709,-0.04466643701917549,0.49969969969970024,1.353753753753754,-0.6308784383318541
2019-02-01,601138,8.4,8.72,8.76,8.37,187115,219933106.0,4.69,4.81,0.4,1.67,0.04807692307692313,0.011600928074246175,0.029515938606847758,0.01953668261984898,8.721499999999999,-0.00017198876340059402,0.5237237237237243,1.353753753753754,-0.613132209405501
2019-02-11,601138,8.69,8.97,8.98,8.68,264658,319129840.0,3.44,2.87,0.25,2.37,0.028669724770642224,0.045454545454545414,0.04789719626168232,0.020372520226190537,8.742,0.0260809883321894,0.5387387387387393,1.353753753753754,-0.6020408163265303
2019-02-12,601138,9.11,9.36,9.45,9.11,569738,711386912.0,3.79,4.35,0.39,5.1,0.04347826086956519,0.1169451073985679,0.09473684210526301,0.022300110333085106,8.7825,0.06575576430401352,0.5621621621621627,1.353753753753754,-0.584738243123336
2019-02-13,601138,9.42,10.61,10.61,9.29,826664,1098004928.0,14.1,13.35,1.25,7.39,0.13354700854700852,0.26309523809523805,0.18680089485458606,0.035524276634564506,8.866,0.19670651928716443,0.6372372372372379,1.353753753753754,-0.5292812777284823
2019-02-14,601138,11.12,10.68,11.12,10.52,1176286,1641975600.0,5.66,0.66,0.07,10.52,0.006597549481621057,0.28365384615384603,0.20677966101694922,0.035243761611048315,8.9575,0.19229695785654483,0.6414414414414421,1.353753753753754,-0.5261756876663705
2019-02-15,601138,10.54,10.37,10.59,10.28,652452,887288640.0,2.9,-2.9,-0.31,5.84,-0.029026217228464435,0.18922018348623837,0.15350389321468283,0.03626570696265978,9.0265,0.1488395280562786,0.6228228228228234,1.353753753753754,-0.5399290150842943
2019-02-18,601138,10.51,10.77,10.8,10.35,848101,1170288432.0,4.34,3.86,0.4,7.59,0.03857280617164904,0.2006688963210701,0.20739910313901344,0.03669895477663949,9.119,0.18105055378879262,0.6468468468468475,1.353753753753754,-0.5221827861579411
2019-02-19,601138,10.79,10.74,11.01,10.53,738635,1030237472.0,4.46,-0.28,-0.03,6.61,-0.0027855153203342198,0.14743589743589758,0.18021978021978025,0.03672539820859535,9.200999999999999,0.16726442777958936,0.6450450450450457,1.353753753753754,-0.5235137533274176
2019-02-20,601138,10.75,10.68,10.76,10.47,420064,580290976.0,2.7,-0.56,-0.06,3.76,-0.005586592178770999,0.006597549481621057,0.19463087248322153,0.03636587966529574,9.288,0.14987080103359166,0.641441441441442,1.353753753753754,-0.5261756876663706
2019-02-21,601138,10.64,10.5,10.89,10.44,620570,860178880.0,4.21,-1.69,-0.18,5.55,-0.016853932584269593,-0.016853932584269593,0.19726339794754844,0.036279694652005534,9.374500000000001,0.12005973651928088,0.6306306306306312,1.353753753753754,-0.5341614906832295
2019-02-22,601138,10.47,10.91,10.92,10.43,774438,1081643024.0,4.67,3.9,0.41,6.93,0.039047619047619,0.05207328833172631,0.22998872604284126,0.036872423352911854,9.4765,0.15126892840183617,0.6552552552552559,1.353753753753754,-0.5159716060337175
2019-02-25,601138,11.27,11.98,12.17,11.12,1364392,2013237264.0,9.62,9.81,1.07,12.21,0.09807516040329967,0.11234911792014857,0.34758155230596177,0.041596668343962764,9.630999999999998,0.2438999065517602,0.7195195195195201,1.353753753753754,-0.46850044365572285
2019-02-26,601138,12.0,11.92,12.51,11.64,1189263,1805866320.0,7.26,-0.5,-0.06,10.64,-0.005008347245409106,0.10986964618249528,0.3701149425287358,0.04098328027271945,9.792,0.2173202614379085,0.7159159159159164,1.353753753753754,-0.47116237799467586
2019-02-27,601138,11.87,11.75,12.02,11.45,651365,974050176.0,4.78,-1.43,-0.17,5.83,-0.014261744966442946,0.10018726591760307,0.3568129330254042,0.04130240271277557,9.9465,0.1813200623334841,0.7057057057057062,1.353753753753754,-0.4787045252883759
2019-02-28,601138,11.67,11.91,12.12,11.64,492581,743079616.0,4.09,1.36,0.16,4.41,0.013617021276595809,0.13428571428571434,0.37370242214532867,0.04115814770442368,10.1085,0.17821635257456606,0.7153153153153159,1.353753753753754,-0.47160603371783466
2019-03-01,601138,12.03,11.9,12.18,11.69,456724,687604112.0,4.11,-0.08,-0.01,4.09,-0.0008396305625524292,0.09074243813015581,0.3805104408352671,0.041030722930458736,10.2725,0.15843270868824524,0.7147147147147154,1.353753753753754,-0.4720496894409934
2019-03-04,601138,11.95,12.13,12.71,11.95,938905,1458847456.0,6.39,1.93,0.23,8.4,0.019327731092436906,0.012520868113522488,0.4137529137529139,0.04071383840237623,10.45,0.1607655502392346,0.7285285285285291,1.353753753753754,-0.46184560780834044
2019-03-05,601138,12.13,12.27,12.37,11.97,561702,861868464.0,3.3,1.15,0.14,5.02,0.01154163231657046,0.02936241610738244,0.4642004773269688,0.0395730748605936,10.6445,0.15270797125275953,0.7369369369369375,1.353753753753754,-0.4556344276841168
2019-03-06,601138,12.37,13.54,13.71,12.37,1459637,2391359872.0,10.92,10.35,1.27,13.06,0.10350448247758748,0.15234042553191474,0.6119047619047617,0.04347754831870506,10.9015,0.2420309131770856,0.8132132132132137,1.353753753753754,-0.39929015084294567
2019-03-07,601138,13.57,14.01,14.7,13.32,1321329,2280033456.0,10.19,3.47,0.47,11.82,0.03471196454948311,0.17632241813602012,0.6838942307692306,0.04274741174769064,11.186,0.25245843018058284,0.8414414414414421,1.353753753753754,-0.3784383318544806
2019-03-08,601138,13.32,12.64,14.17,12.55,1179874,1940550944.0,11.56,-9.78,-1.37,10.55,-0.09778729478943604,0.06218487394957983,0.4495412844036697,0.05070428360249944,11.382000000000001,0.1105253909681953,0.7591591591591598,1.353753753753754,-0.43921916592724014
2019-03-11,601138,12.65,13.14,13.22,12.53,659644,1060482112.0,5.46,3.96,0.5,5.9,0.039556962025316444,0.08326463314097277,0.4648829431438126,0.050861284457895034,11.5905,0.13368707130839913,0.7891891891891898,1.353753753753754,-0.4170363797692987
2019-03-12,601138,13.32,13.0,13.41,12.73,964186,1558305408.0,5.18,-1.07,-0.14,8.63,-0.010654490106544956,0.059494702526487364,0.38888888888888906,0.05101265453291653,11.772499999999999,0.10426842217031225,0.7807807807807813,1.353753753753754,-0.42324755989352236
2019-03-13,601138,12.82,12.14,12.82,12.04,815282,1268689680.0,6.0,-6.62,-0.86,7.29,-0.06615384615384612,-0.1033973412112259,0.14420358152686163,0.046502025285968224,11.849,0.024559034517680847,0.7291291291291296,1.353753753753754,-0.46140195208518164
2019-03-14,601138,12.12,11.55,12.12,11.34,635032,941853744.0,6.43,-4.86,-0.59,5.68,-0.04859967051070835,-0.17558886509635963,0.0814606741573034,0.0481834407655853,11.8925,-0.028799663653563116,0.6936936936936943,1.353753753753754,-0.4875776397515525
2019-03-15,601138,11.66,11.68,11.92,11.53,397830,593831872.0,3.38,1.13,0.13,3.56,0.011255411255411074,-0.07594936708860767,0.1263259402121506,0.047522763490226466,11.958,-0.023248034788426197,0.7015015015015019,1.353753753753754,-0.48181011535048784
2019-03-18,601138,11.77,12.01,12.02,11.65,415598,624249680.0,3.17,2.83,0.33,3.72,0.028253424657534332,-0.08599695585996958,0.11513463324048279,0.04721735344964602,12.02,-0.0008319467554076363,0.7213213213213218,1.353753753753754,-0.46716947648624646
2019-03-19,601138,12.06,12.08,12.27,12.0,371865,568183344.0,2.25,0.58,0.07,3.33,0.005828476269775118,-0.0707692307692308,0.12476722532588447,0.047167283808288024,12.087,-0.0005791346074294426,0.725525525525526,1.353753753753754,-0.46406388642413465
2019-03-20,601138,12.02,11.88,12.04,11.66,320451,482030000.0,3.15,-1.66,-0.2,2.87,-0.01655629139072845,-0.021416803953871466,0.1123595505617978,0.04738400535118047,12.147,-0.021980735984193582,0.713513513513514,1.353753753753754,-0.4729370008873112
2019-03-21,601138,11.93,12.12,12.25,11.83,466598,711362336.0,3.54,2.02,0.24,4.17,0.02020202020202011,0.049350649350649256,0.15428571428571414,0.04715077234138746,12.228,-0.008832188420019671,0.7279279279279284,1.353753753753754,-0.46228926353149935
2019-03-22,601138,12.11,11.91,12.11,11.71,353943,532798016.0,3.3,-1.73,-0.21,3.17,-0.01732673267326723,0.019691780821917915,0.09165902841429885,0.04689732650071447,12.278,-0.029972308193516886,0.7153153153153158,1.353753753753754,-0.4716060337178347
2019-03-25,601138,11.6,11.49,11.76,11.48,348270,515099440.0,2.35,-3.53,-0.42,3.12,-0.035264483627204024,-0.04329725228975845,-0.04090150250417368,0.04228532004790237,12.2535,-0.062308728118496796,0.6900900900900906,1.353753753753754,-0.4902395740905055
2019-03-26,601138,11.54,11.06,11.63,11.02,390085,564204800.0,5.31,-3.74,-0.43,3.49,-0.03742384682332456,-0.08443708609271516,-0.07214765100671139,0.043051942208729745,12.2105,-0.09422218582367628,0.6642642642642648,1.353753753753754,-0.5093167701863351
2019-03-27,601138,11.17,11.07,11.25,10.93,234665,333945280.0,2.89,0.09,0.01,2.1,0.0009041591320071429,-0.06818181818181823,-0.05787234042553191,0.04297391796964735,12.1765,-0.09087176117932086,0.6648648648648653,1.353753753753754,-0.5088731144631764
2019-03-28,601138,11.06,11.12,11.45,10.92,390180,560978176.0,4.79,0.45,0.05,3.49,0.004516711833784992,-0.08250825082508251,-0.06633081444164579,0.04284678855214078,12.137,-0.0837933591497076,0.6678678678678683,1.353753753753754,-0.5066548358473822
2019-03-29,601138,11.1,11.57,11.58,11.02,427429,621815744.0,5.04,4.05,0.45,3.82,0.04046762589928066,-0.028547439126784258,-0.027731092436974802,0.04391582167480709,12.1205,-0.045418918361453696,0.6948948948948954,1.353753753753754,-0.48669032830523484
2019-04-01,601138,12.02,12.38,12.54,11.93,774359,1191372592.0,5.27,7.0,0.81,6.93,0.070008643042351,0.0774586597040905,0.0206100577081616,0.0465050931740924,12.133,0.02035770213467417,0.7435435435435441,1.353753753753754,-0.4507542147293697
2019-04-02,601138,12.48,12.83,13.57,12.48,1051400,1705576432.0,8.8,3.63,0.45,9.41,0.03634894991922444,0.16003616636528029,0.04563977180114098,0.04709863358558406,12.161,0.055011923361565705,0.7705705705705711,1.353753753753754,-0.4307897071872225
2019-04-03,601138,12.85,12.9,13.06,12.57,515381,825297856.0,3.82,0.55,0.07,4.61,0.005455962587685104,0.16531165311653107,-0.047267355982274606,0.04080011673673127,12.129000000000001,0.0635666584219638,0.7747747747747753,1.353753753753754,-0.4276841171251107
2019-04-04,601138,12.92,12.66,13.02,12.52,584962,929784816.0,3.88,-1.86,-0.24,5.23,-0.018604651162790753,0.13848920863309355,-0.09635974304068518,0.04003645743955031,12.0615,0.049620693943539324,0.7603603603603608,1.353753753753754,-0.4383318544809226
2019-04-08,601138,12.73,12.44,12.9,12.17,505724,792597840.0,5.77,-1.74,-0.22,4.52,-0.017377567140600347,0.07519446845289535,-0.015822784810126667,0.0336857528906796,12.0515,0.03223665103928961,0.7471471471471476,1.353753753753754,-0.4480922803904168
2019-04-09,601138,12.77,13.03,13.16,12.71,805291,1298697280.0,3.62,4.74,0.59,7.2,0.047427652733119,0.0525040387722131,-0.008371385083713934,0.034217158237945196,12.046000000000001,0.08168686700979563,0.7825825825825831,1.353753753753754,-0.4219165927240459
2019-04-10,601138,12.81,12.72,12.94,12.51,437191,694666240.0,3.3,-2.38,-0.31,3.91,-0.02379125095932455,-0.008573655494933718,-0.021538461538461506,0.03455955797489072,12.032,0.057180851063829835,0.7639639639639645,1.353753753753754,-0.4356699201419696
2019-04-11,601138,12.7,12.49,12.87,12.49,333554,527666400.0,2.99,-1.81,-0.23,2.98,-0.018081761006289332,-0.03178294573643414,0.02883031301482708,0.031269714780268035,12.049499999999998,0.036557533507614585,0.7501501501501506,1.353753753753754,-0.44587400177462266
2019-04-12,601138,12.55,12.53,12.67,12.33,218743,343077200.0,2.72,0.32,0.04,1.96,0.0032025620496396456,-0.010268562401263837,0.08484848484848473,0.028925733430538246,12.0985,0.0356655783774848,0.7525525525525529,1.353753753753754,-0.4440993788819874
2019-04-15,601138,12.78,12.32,12.86,12.32,350383,554678048.0,4.31,-1.68,-0.21,3.13,-0.016759776536312776,-0.009646302250803762,0.0547945205479452,0.029256405698694816,12.130500000000001,0.015621779811219559,0.7399399399399403,1.353753753753754,-0.45341614906832284
2019-04-16,601138,12.3,13.1,13.15,12.15,817888,1309737072.0,8.12,6.33,0.78,7.32,0.06331168831168821,0.005372217958557135,0.09075770191507071,0.0317855525655574,12.185,0.07509232663110374,0.7867867867867872,1.353753753753754,-0.4188110026619342
2019-04-17,601138,13.43,14.73,14.73,13.13,2177427,3774130912.0,12.21,12.44,1.63,19.48,0.12442748091603062,0.15801886792452824,0.2193708609271523,0.04154687093869062,12.317499999999999,0.19585954942155484,0.8846846846846852,1.353753753753754,-0.346495119787045
2019-04-18,601138,15.22,16.43,16.52,14.72,3580843,6858181632.0,12.22,11.54,1.7,32.03,0.11541072640868966,0.31545236188951153,0.3829966329966328,0.04709063335955181,12.545,0.3096851335193304,0.9867867867867873,1.353753753753754,-0.27107364685004415
2019-04-19,601138,15.35,14.71,15.48,14.51,2287108,4151934960.0,5.9,-10.47,-1.72,20.46,-0.10468654899573948,0.17398244213886693,0.2136963696369638,0.05440521966079994,12.6745,0.1605980512051758,0.8834834834834839,1.353753753753754,-0.3473824312333627
2019-04-22,601138,14.54,13.9,14.55,13.84,1134875,1958106496.0,4.83,-5.51,-0.81,10.15,-0.055064581917063204,0.12824675324675328,0.16708648194794296,0.05607219070282698,12.774000000000001,0.08814780021919519,0.8348348348348352,1.353753753753754,-0.3833185448092279
2019-04-23,601138,13.97,14.0,14.34,13.26,1305677,2227477456.0,7.77,0.72,0.1,11.68,0.007194244604316502,0.06870229007633588,0.2184508268059182,0.055094512319734015,12.8995,0.08531338423969924,0.8408408408408412,1.353753753753754,-0.37888198757763963
2019-04-24,601138,13.75,13.75,13.92,13.49,695796,1174254768.0,3.07,-1.79,-0.25,6.22,-0.017857142857142905,-0.06653088934147999,0.24321880650994565,0.054351656617817115,13.034,0.0549332514960871,0.8258258258258262,1.353753753753754,-0.38997338065661036
2019-04-25,601138,13.5,12.99,13.74,12.98,726139,1199981760.0,5.53,-5.53,-0.76,6.5,-0.05527272727272725,-0.20937309799147896,0.17344173441734423,0.05638631349623989,13.13,-0.010662604722010706,0.7801801801801805,1.353753753753754,-0.4236912156166813
2019-04-26,601138,12.92,12.83,13.25,12.83,484431,787034752.0,3.23,-1.23,-0.16,4.33,-0.012317167051578148,-0.1278042148198505,0.15377697841726623,0.05659010621513374,13.2155,-0.02917029245961185,0.7705705705705709,1.353753753753754,-0.4307897071872226
2019-04-29,601138,12.97,12.32,13.05,12.29,528342,832383824.0,5.92,-3.98,-0.51,4.73,-0.03975058456742009,-0.11366906474820149,0.06482281763180642,0.0570587961099462,13.253,-0.07039915490832263,0.7399399399399402,1.353753753753754,-0.4534161490683229
2019-04-30,601138,12.28,12.24,12.69,12.02,500720,778371632.0,5.44,-0.65,-0.08,4.48,-0.006493506493506551,-0.12571428571428567,-0.011308562197092087,0.05497364413177126,13.246,-0.075947455835724,0.7351351351351354,1.353753753753754,-0.45696539485359355
2019-05-06,601138,12.02,10.74,12.02,10.7,790926,1140330976.0,10.78,-12.25,-1.5,7.08,-0.12254901960784315,-0.21890909090909094,-0.1628994544037412,0.06074980028280641,13.141499999999999,-0.18274169615340705,0.6450450450450452,1.353753753753754,-0.5235137533274179
2019-05-07,601138,10.78,11.0,11.15,10.72,486990,686660576.0,4.0,2.42,0.26,4.36,0.024208566108007368,-0.1531947652040031,-0.1472868217054264,0.06109765588907059,13.0465,-0.1568619936381405,0.6606606606606608,1.353753753753754,-0.5119787045252884
2019-05-08,601138,10.62,10.78,11.12,10.46,390253,546763072.0,6.0,-2.0,-0.22,3.49,-0.020000000000000018,-0.1597817614964927,-0.14849921011058453,0.06111339558904252,12.9525,-0.16772823779193213,0.6474474474474475,1.353753753753754,-0.5217391304347827
2019-05-09,601138,10.59,10.65,10.87,10.52,312524,434588400.0,3.25,-1.21,-0.13,2.8,-0.012059369202226278,-0.13555194805194803,-0.1438906752411575,0.06107394600626946,12.863,-0.17204384669206244,0.6396396396396398,1.353753753753754,-0.5275066548358474
2019-05-10,601138,10.83,11.04,11.11,10.0,605004,850858224.0,10.42,3.66,0.39,5.41,0.036619718309859106,-0.0980392156862746,-0.1527244819646969,0.060622705627522394,12.763499999999999,-0.1350334939475849,0.6630630630630632,1.353753753753754,-0.5102040816326531
2019-05-13,601138,10.82,10.7,10.86,10.59,339262,471730752.0,2.45,-3.08,-0.34,3.03,-0.030797101449275388,-0.003724394785847407,-0.158805031446541,0.06074789487415123,12.6625,-0.15498519249753212,0.6426426426426427,1.353753753753754,-0.5252883762200533
2019-05-14,601138,10.43,10.43,10.66,10.38,315861,432205984.0,2.62,-2.52,-0.27,2.83,-0.025233644859813054,-0.051818181818181874,-0.1649319455564452,0.06083837586857179,12.559500000000002,-0.169552928062423,0.6264264264264265,1.353753753753754,-0.5372670807453417
2019-05-15,601138,10.58,10.71,10.79,10.54,371113,513378864.0,2.4,2.68,0.28,3.32,0.0268456375838928,-0.006493506493506329,-0.14525139664804454,0.061279727986995325,12.4685,-0.14103540923126276,0.6432432432432434,1.353753753753754,-0.5248447204968943
2019-05-16,601138,10.7,10.65,10.7,10.54,271620,374866480.0,1.49,-0.56,-0.06,2.43,-0.0056022408963586345,0.0,-0.13555194805194803,0.06122777812075187,12.385,-0.14008881711748078,0.6396396396396398,1.353753753753754,-0.5275066548358474
2019-05-17,601138,10.67,10.02,10.76,9.95,467044,631300224.0,7.61,-5.92,-0.63,4.18,-0.05915492957746482,-0.09239130434782605,-0.23511450381679388,0.060099028133185524,12.231,-0.18077017414765761,0.6018018018018019,1.353753753753754,-0.5554569653948537
2019-05-20,601138,9.98,10.02,10.12,9.6,292734,381947504.0,5.19,0.0,0.0,2.62,0.0,-0.06355140186915886,-0.31975560081466403,0.05103213651413972,11.9955,-0.1646867575340753,0.6018018018018019,1.353753753753754,-0.5554569653948537
2019-05-21,601138,10.01,10.32,10.4,9.95,324853,436838672.0,4.49,2.99,0.3,2.91,0.029940119760479167,-0.010546500479386323,-0.371880706025563,0.0420809225514702,11.690000000000001,-0.11719418306244661,0.6198198198198199,1.353753753753754,-0.5421472937000887
2019-05-22,601138,10.37,10.19,10.57,10.13,295475,399741360.0,4.26,-1.26,-0.13,2.64,-0.012596899224806224,-0.04855275443510754,-0.3072739632902788,0.03734004574955669,11.464,-0.11113049546406148,0.612012012012012,1.353753753753754,-0.5479148181011536
2019-05-23,601138,10.19,9.86,10.19,9.8,289080,377773696.0,3.83,-3.24,-0.33,2.59,-0.03238469087340534,-0.0741784037558686,-0.2906474820143885,0.036473425074214263,11.261999999999999,-0.1244894334931628,0.5921921921921922,1.353753753753754,-0.5625554569653949
2019-05-24,601138,9.85,9.72,9.95,9.72,193651,251180594.0,2.33,-1.42,-0.14,1.73,-0.014198782961460377,-0.029940119760478945,-0.3057142857142857,0.03605752669728557,11.047999999999998,-0.12020275162925396,0.5837837837837838,1.353753753753754,-0.5687666370896185
2019-05-27,601138,9.78,10.08,10.14,9.72,248708,326904624.0,4.32,3.7,0.36,2.22,0.03703703703703698,0.005988023952095967,-0.2669090909090909,0.038057340160350374,10.8645,-0.07220764876432413,0.6054054054054054,1.353753753753754,-0.5527950310559007
2019-05-28,601138,10.08,10.22,10.22,9.99,258606,343502560.0,2.28,1.39,0.14,2.31,0.01388888888888884,-0.009689922480620172,-0.21324095458044645,0.03731037024336097,10.726,-0.04717508856983034,0.6138138138138138,1.353753753753754,-0.546583850931677
2019-05-29,601138,10.11,10.45,10.57,10.07,395336,536662496.0,4.89,2.25,0.23,3.54,0.02250489236790587,0.025515210991167825,-0.18550272798129386,0.03806188589093054,10.607,-0.014801546148769685,0.6276276276276276,1.353753753753754,-0.5363797692990241
2019-05-30,601138,10.31,10.29,10.34,10.18,198247,266191360.0,1.53,-1.53,-0.16,1.77,-0.015311004784689053,0.043610547667342736,-0.1647727272727274,0.03742620358678422,10.505500000000001,-0.02051306458521748,0.6180180180180179,1.353753753753754,-0.5434782608695654
2019-05-31,601138,10.31,10.5,10.57,10.23,315203,429250208.0,3.3,2.04,0.21,2.82,0.020408163265306145,0.08024691358024683,-0.1421568627450981,0.03797271764909719,10.4185,0.007822623218313588,0.6306306306306305,1.353753753753754,-0.53416149068323
2019-06-03,601138,10.42,10.2,10.47,10.02,276274,371005936.0,4.29,-2.86,-0.3,2.47,-0.028571428571428692,0.011904761904761862,-0.05027932960893866,0.027197202795204163,10.3915,-0.018428523312322698,0.6126126126126125,1.353753753753754,-0.5474711623779949
2019-06-04,601138,10.19,9.9,10.28,9.8,248295,327188672.0,4.71,-2.94,-0.3,2.22,-0.02941176470588225,-0.03131115459882583,-0.09999999999999998,0.027097221569513146,10.336500000000001,-0.04222899434044411,0.5945945945945945,1.353753753753754,-0.5607808340727597
2019-06-05,601138,10.04,9.9,10.11,9.87,184376,242847860.0,2.42,0.0,0.0,1.65,0.0,-0.05263157894736836,-0.08163265306122436,0.02687895255511796,10.2925,-0.03813456400291475,0.5945945945945945,1.353753753753754,-0.5607808340727597
2019-06-06,601138,9.85,9.65,9.85,9.57,229343,294883040.0,2.83,-2.53,-0.25,2.05,-0.025252525252525304,-0.06219630709426616,-0.0938967136150235,0.027248982274004515,10.2425,-0.057847205272150294,0.5795795795795795,1.353753753753754,-0.5718722271517304
2019-06-10,601138,8.37,8.5,8.7,8.37,1805591,2097096624.0,3.42,-11.92,-1.15,11.22,-0.11917098445595853,-0.19047619047619047,-0.23007246376811585,0.03578657927865117,10.1155,-0.1597054025999704,0.5105105105105104,1.353753753753754,-0.6228926353149957
2019-06-11,601138,8.41,8.92,9.02,8.32,1117537,1326413200.0,8.24,4.94,0.42,6.95,0.049411764705882266,-0.12549019607843137,-0.16635514018691588,0.0380345716277692,10.0265,-0.11035755248591238,0.5357357357357356,1.353753753753754,-0.6042590949423249
2019-06-12,601138,8.83,8.73,9.01,8.67,698940,836606560.0,3.81,-2.13,-0.19,4.34,-0.02130044843049317,-0.11818181818181817,-0.16299137104506223,0.03795271936129936,9.9415,-0.12186289795302511,0.5243243243243243,1.353753753753754,-0.6126885536823427
2019-06-13,601138,8.65,8.76,8.94,8.44,607701,720544512.0,5.73,0.34,0.03,3.78,0.0034364261168384758,-0.11515151515151523,-0.1820728291316528,0.037169674572096266,9.844,-0.11011783827712308,0.5261261261261261,1.353753753753754,-0.6113575865128661
2019-06-14,601138,8.7,8.63,8.9,8.6,484074,575578640.0,3.42,-1.48,-0.13,3.01,-0.0148401826484017,-0.10569948186528488,-0.18967136150234742,0.037178487901425875,9.743,-0.11423586164425736,0.5183183183183183,1.353753753753754,-0.6171251109139309
2019-06-17,601138,8.64,8.51,8.72,8.5,373169,438436928.0,2.55,-1.39,-0.12,2.32,-0.013904982618771822,0.0011764705882353343,-0.15069860279441116,0.03534727038288229,9.6675,-0.11973105766744252,0.5111111111111111,1.353753753753754,-0.6224489795918369
2019-06-18,601138,8.52,8.47,8.61,8.42,321396,375224848.0,2.23,-0.47,-0.04,2.0,-0.004700352526439411,-0.05044843049327341,-0.15469061876247492,0.03531027551868132,9.59,-0.11678832116788314,0.5087087087087087,1.353753753753754,-0.6242236024844722
2019-06-19,601138,8.82,8.66,8.92,8.64,636918,761023376.0,3.31,2.24,0.19,3.96,0.022432113341204207,-0.008018327605956554,-0.16085271317829464,0.034926297841584505,9.507,-0.08909224781739766,0.5201201201201201,1.353753753753754,-0.6157941437444544
2019-06-20,601138,8.7,8.9,8.93,8.57,574428,679825072.0,4.16,2.77,0.24,3.57,0.02771362586605086,0.01598173515981749,-0.1265947006869479,0.03580674844607068,9.442499999999999,-0.057453005030447306,0.5345345345345346,1.353753753753754,-0.6051464063886425
2019-06-21,601138,8.9,9.27,9.39,8.89,752042,920370080.0,5.62,4.16,0.37,4.67,0.041573033707865026,0.07415990730011579,-0.0598377281947261,0.03675686245354534,9.413,-0.015191756082014308,0.5567567567567567,1.353753753753754,-0.5887311446317659
2019-06-24,601138,9.25,9.19,9.25,9.09,334182,407711968.0,1.73,-0.86,-0.08,2.08,-0.008629989212513456,0.0799059929494712,-0.054526748971193584,0.03668390265801093,9.386500000000002,-0.02093432056677165,0.5519519519519519,1.353753753753754,-0.5922803904170365
2019-06-25,601138,9.21,8.99,9.21,8.83,368308,442471472.0,4.13,-2.18,-0.2,2.29,-0.02176278563656142,0.06139315230224307,-0.10813492063492058,0.035722960561829255,9.331999999999999,-0.03664809258465482,0.5399399399399399,1.353753753753754,-0.601153504880213
2019-06-26,601138,8.91,9.06,9.2,8.88,345788,419352352.0,3.56,0.78,0.07,2.15,0.007786429365962189,0.04618937644341803,-0.11350293542074363,0.035578231961766925,9.274,-0.023075264179426208,0.5441441441441441,1.353753753753754,-0.5980479148181013
2019-06-27,601138,9.11,9.1,9.26,9.07,332839,406513536.0,2.1,0.44,0.04,2.07,0.004415011037527394,0.022471910112359383,-0.1291866028708134,0.03505817129706839,9.2065,-0.011567913973822895,0.5465465465465464,1.353753753753754,-0.596273291925466
2019-06-28,601138,9.15,9.0,9.19,8.93,244161,294456640.0,2.86,-1.1,-0.1,1.52,-0.01098901098901095,-0.029126213592232997,-0.12536443148688037,0.03501289115939997,9.142,-0.015532706191205368,0.5405405405405405,1.353753753753754,-0.6007098491570543
2019-07-01,601138,9.4,10.21,10.21,9.31,1196006,1538674368.0,10.0,13.44,1.21,7.43,0.1344444444444446,0.11099020674646365,-0.027619047619047543,0.046839406746069394,9.1275,0.11859764448096427,0.6132132132132132,1.353753753753754,-0.5470275066548359
2019-07-02,601138,10.45,10.25,10.64,10.15,1237681,1666117408.0,4.8,0.39,0.04,7.69,0.003917727717923425,0.14015572858731917,0.004901960784313708,0.04637076128443027,9.129999999999999,0.12267250821467701,0.6156156156156155,1.353753753753754,-0.5452528837622007
2019-07-03,601138,10.24,10.36,10.52,10.08,781534,1044033776.0,4.29,1.07,0.11,4.86,0.01073170731707318,0.14348785871964664,0.04646464646464632,0.045839085814653256,9.153,0.13186933245930285,0.6222222222222221,1.353753753753754,-0.5403726708074535
2019-07-04,601138,10.32,10.21,10.41,10.07,506955,673746304.0,3.28,-1.45,-0.15,3.15,-0.014478764478764394,0.12197802197802221,0.031313131313131404,0.04600739594905722,9.1685,0.1135954627256368,0.6132132132132132,1.353753753753754,-0.5470275066548359
2019-07-05,601138,10.22,10.1,10.24,9.88,421661,553077152.0,3.53,-1.08,-0.11,2.62,-0.010773751224290029,0.12222222222222223,0.04663212435233155,0.04565962873054683,9.191,0.09890109890109877,0.6066066066066065,1.353753753753754,-0.5519077196095832
2019-07-08,601138,10.03,9.63,10.1,9.43,601933,765691152.0,6.63,-4.65,-0.47,3.74,-0.046534653465346465,-0.056807051909892214,0.13294117647058834,0.03758274062088464,9.2475,0.04136253041362533,0.5783783783783784,1.353753753753754,-0.5727595385980481
2019-07-09,601138,9.56,9.66,9.82,9.5,314607,399945072.0,3.32,0.31,0.03,1.96,0.0031152647975076775,-0.05756097560975604,0.08295964125560551,0.036227677375326194,9.2845,0.04044375033658255,0.5801801801801801,1.353753753753754,-0.5714285714285715
2019-07-10,601138,9.75,9.68,9.82,9.6,232121,295643760.0,2.28,0.21,0.02,1.44,0.0020703933747412417,-0.06563706563706562,0.10882016036655195,0.035722261512968985,9.332,0.03729104157736808,0.5813813813813814,1.353753753753754,-0.5705412599822538
2019-07-11,601138,9.79,9.74,9.94,9.66,316966,406964800.0,2.89,0.62,0.06,1.97,0.006198347107438051,-0.04603330068560241,0.11187214611872154,0.035718180812477116,9.381,0.038268841274917385,0.5849849849849851,1.353753753753754,-0.5678793256433008
2019-07-12,601138,9.69,9.72,9.8,9.53,234469,299167520.0,2.77,-0.21,-0.02,1.46,-0.002053388090349051,-0.037623762376237546,0.1263035921205098,0.03544096881805809,9.4355,0.030152085210110893,0.5837837837837839,1.353753753753754,-0.5687666370896185
2019-07-15,601138,9.6,9.71,9.85,9.03,486774,609445344.0,8.44,-0.1,-0.01,3.03,-0.0010288065843621075,0.008307372793354029,0.14101057579318454,0.035166130894217745,9.4955,0.022589647727871205,0.5831831831831833,1.353753753753754,-0.5692102928127774
2019-07-16,601138,9.63,9.61,9.79,9.52,289725,366758272.0,2.78,-1.03,-0.1,1.8,-0.010298661174047541,-0.005175983436853104,0.13459268004722524,0.03528767964978275,9.5525,0.006019366657942865,0.5771771771771772,1.353753753753754,-0.5736468500443657
2019-07-17,601138,9.63,9.76,9.83,9.5,386943,493100688.0,3.43,1.56,0.15,2.41,0.015608740894901274,0.008264462809917328,0.1270207852193994,0.03516229331297274,9.6075,0.015873015873015858,0.5861861861861863,1.353753753753754,-0.5669920141969831
2019-07-18,601138,9.66,9.31,9.66,9.28,380636,475908272.0,3.89,-4.61,-0.45,2.37,-0.04610655737704916,-0.04414784394250515,0.046067415730337125,0.03666625974721853,9.628,-0.033028666389696676,0.5591591591591594,1.353753753753754,-0.5869565217391304
2019-07-19,601138,9.3,9.41,9.6,9.28,224564,281019120.0,3.44,1.07,0.1,1.4,0.01074113856068748,-0.03189300411522633,0.015102481121898714,0.035585164812261746,9.635,-0.023352361183186263,0.5651651651651654,1.353753753753754,-0.5825199645075421
2019-07-22,601138,9.47,9.2,9.51,9.05,254801,313152016.0,4.89,-2.23,-0.21,1.58,-0.022316684378321017,-0.05252317198764178,0.0010881392818280489,0.03591661559738303,9.635499999999999,-0.045197446940999364,0.5525525525525526,1.353753753753754,-0.5918367346938775
2019-07-23,601138,9.19,9.38,9.43,9.15,203142,250828950.0,3.04,1.96,0.18,1.26,0.019565217391304568,-0.023933402705514917,0.04338153503893216,0.035748692766935555,9.655000000000001,-0.028482651475919246,0.5633633633633636,1.353753753753754,-0.5838509316770186
2019-07-24,601138,9.45,10.01,10.28,9.44,759559,983857616.0,8.96,6.72,0.63,4.72,0.06716417910447747,0.02561475409836067,0.10485651214128033,0.038549216960241314,9.7025,0.0316928626642617,0.6012012012012014,1.353753753753754,-0.5559006211180124
2019-07-25,601138,10.01,10.36,10.59,9.96,865720,1156544224.0,6.29,3.5,0.35,5.38,0.034965034965035,0.11278195488721798,0.1384615384615384,0.039098246076428506,9.7655,0.06087757923301419,0.6222222222222225,1.353753753753754,-0.5403726708074533
2019-07-26,601138,10.32,10.2,10.39,10.16,410975,546374624.0,2.22,-1.54,-0.16,2.55,-0.015444015444015413,0.08395324123273107,0.1333333333333333,0.03921981049140099,9.825500000000002,0.03811510864587019,0.6126126126126129,1.353753753753754,-0.5474711623779945
2019-07-29,601138,10.25,10.26,10.59,10.15,471357,630895184.0,4.31,0.59,0.06,2.93,0.00588235294117645,0.11521739130434794,0.004897159647404337,0.02528972431575772,9.828,0.043956043956044,0.6162162162162165,1.353753753753754,-0.5448092280390416
2019-07-30,601138,10.27,10.34,10.47,10.25,315560,422709472.0,2.14,0.78,0.08,1.96,0.007797270955165692,0.10234541577825151,0.008780487804878057,0.02533178877943252,9.8325,0.05161454360539032,0.6210210210210213,1.353753753753754,-0.5412599822537709
2019-07-31,601138,10.25,10.62,10.7,10.25,595442,809026336.0,4.35,2.71,0.28,3.7,0.027079303675048294,0.060939060939060985,0.025096525096525157,0.025927882070071146,9.8455,0.07866538012289877,0.6378378378378381,1.353753753753754,-0.5288376220053238
2019-08-01,601138,10.5,10.37,10.57,10.21,436962,586818752.0,3.39,-2.35,-0.25,2.72,-0.02354048964218458,0.0009652509652509078,0.015670910871694366,0.026299379264391517,9.8535,0.052417922565585716,0.6228228228228231,1.353753753753754,-0.5399290150842945
2019-08-02,601138,9.9,9.84,10.06,9.62,600947,775625520.0,4.24,-5.11,-0.53,3.74,-0.05110896817743482,-0.03529411764705881,-0.025742574257425765,0.02869558696886279,9.8405,-5.081042629953875e-05,0.5909909909909913,1.353753753753754,-0.5634427684117124
2019-08-05,601138,9.7,9.57,9.83,9.54,349319,443681008.0,2.95,-2.74,-0.27,2.17,-0.027439024390243816,-0.067251461988304,-0.006230529595015577,0.027385485389411723,9.8375,-0.027191867852604835,0.5747747747747751,1.353753753753754,-0.5754214729370007
2019-08-06,601138,9.28,9.28,9.37,8.85,527126,641966624.0,5.43,-3.03,-0.29,3.28,-0.030303030303030387,-0.10251450676982599,-0.03933747412008293,0.02819565453731822,9.8185,-0.05484544482354747,0.5573573573573577,1.353753753753754,-0.5882874889086067
2019-08-07,601138,9.33,9.19,9.43,9.14,243428,300094912.0,3.13,-0.97,-0.09,1.51,-0.00969827586206895,-0.13465160075329563,-0.05061983471074383,0.028237173075019266,9.794,-0.06167041045538094,0.5519519519519523,1.353753753753754,-0.5922803904170362
2019-08-08,601138,9.25,9.3,9.36,9.17,215742,265785296.0,2.07,1.2,0.11,1.34,0.011969532100108982,-0.10318225650916091,-0.045174537987679675,0.02835692906428149,9.772,-0.048301268931641377,0.5585585585585591,1.353753753753754,-0.587400177462289
2019-08-09,601138,9.4,9.24,9.52,9.13,280210,346738304.0,4.19,-0.65,-0.06,1.74,-0.006451612903225823,-0.060975609756097504,-0.04938271604938271,0.028374999159722022,9.748000000000001,-0.052113254000820765,0.5549549549549555,1.353753753753754,-0.5900621118012419
2019-08-12,601138,9.24,9.81,9.83,9.17,424903,533738880.0,7.14,6.17,0.57,2.64,0.06168831168831179,0.025078369905956244,0.01029866117404743,0.03176794334617697,9.753,0.005844355582897609,0.5891891891891898,1.353753753753754,-0.5647737355811886
2019-08-13,601138,9.62,10.44,10.57,9.59,878375,1169815280.0,9.99,6.42,0.63,5.46,0.06422018348623837,0.125,0.08636836628511957,0.03461681683059591,9.7945,0.06590433406503653,0.6270270270270276,1.353753753753754,-0.5368234250221825
2019-08-14,601138,10.77,10.64,11.0,10.48,1135013,1566341328.0,4.98,1.92,0.2,7.06,0.019157088122605526,0.15778019586507086,0.0901639344262295,0.03468462168129564,9.8385,0.0814656705798649,0.6390390390390397,1.353753753753754,-0.5279503105590059
2019-08-15,601138,10.29,11.24,11.32,10.27,992645,1379756512.0,9.87,5.64,0.6,6.17,0.05639097744360888,0.2086021505376343,0.20730397422126745,0.03432325929564839,9.934999999999999,0.1313537996980374,0.6750750750750757,1.353753753753754,-0.5013309671694761
2019-08-16,601138,11.2,11.31,11.95,11.15,1133524,1655650512.0,7.12,0.62,0.07,7.05,0.006227758007117501,0.22402597402597402,0.20191285866099906,0.03433307610690795,10.03,0.12761714855433712,0.6792792792792799,1.353753753753754,-0.49822537710736436
2019-08-19,601138,11.73,12.04,12.29,11.68,1362051,2046562432.0,5.39,6.45,0.73,8.47,0.06454465075154725,0.22731906218144737,0.30869565217391304,0.03553085081185914,10.172,0.18364136846244578,0.7231231231231238,1.353753753753754,-0.46583850931676984
2019-08-20,601138,11.95,11.72,12.09,11.7,696171,1036385552.0,3.24,-2.66,-0.32,4.33,-0.026578073089700838,0.12260536398467448,0.24946695095948823,0.03664038459829182,10.288999999999998,0.13908057148410954,0.7039039039039047,1.353753753753754,-0.48003549245785226
2019-08-21,601138,11.73,12.1,12.17,11.59,835790,1252501792.0,4.95,3.24,0.38,5.2,0.03242320819112621,0.1372180451127818,0.20879120879120872,0.03464818139656047,10.3935,0.16418915668446626,0.7267267267267274,1.353753753753754,-0.4631765749778168
2019-08-22,601138,12.08,11.77,12.24,11.56,659191,984257088.0,5.62,-2.73,-0.33,4.1,-0.027272727272727226,0.047153024911031904,0.13610038610038622,0.03508849803146485,10.464,0.12480886850152896,0.7069069069069076,1.353753753753754,-0.47781721384205816
2019-08-23,601138,11.86,11.9,12.1,11.62,512697,764844528.0,4.08,1.1,0.13,3.19,0.011045029736618694,0.05216622458001763,0.16666666666666674,0.034695368214878064,10.549,0.1280690112806902,0.7147147147147156,1.353753753753754,-0.47204968944099324
2019-08-26,601138,11.43,11.18,11.58,10.72,878336,1250575264.0,7.23,-6.05,-0.72,5.46,-0.060504201680672276,-0.0714285714285714,0.08966861598440534,0.037960949132167375,10.595,0.05521472392638028,0.6714714714714722,1.353753753753754,-0.503992901508429
2019-08-27,601138,11.35,11.35,11.52,11.18,582933,839474624.0,3.04,1.52,0.17,3.62,0.015205724508050134,-0.03156996587030725,0.0976789168278529,0.038025953003378125,10.6455,0.06617819736038696,0.6816816816816825,1.353753753753754,-0.49645075421472884
2019-08-28,601138,11.35,11.03,11.35,10.99,412014,583096688.0,3.17,-2.82,-0.32,2.56,-0.028193832599119006,-0.0884297520661157,0.038606403013182744,0.038370811987064046,10.666,0.03412713294580902,0.6624624624624632,1.353753753753754,-0.5106477373558115
2019-08-29,601138,11.13,11.32,11.49,10.94,611674,875475216.0,4.99,2.63,0.29,3.8,0.026291931097008225,-0.03823279524214096,0.0916104146576664,0.03820234846800155,10.7135,0.05661081812666267,0.6798798798798807,1.353753753753754,-0.49778172138420534
2019-08-30,601138,11.42,11.16,11.63,10.98,539298,777040432.0,5.74,-1.41,-0.16,3.35,-0.014134275618374548,-0.06218487394957983,0.13414634146341475,0.03618123010438037,10.7795,0.03529848323206082,0.6702702702702711,1.353753753753754,-0.5048802129547466
2019-09-02,601138,11.07,11.47,11.56,11.04,576532,829257488.0,4.66,2.78,0.31,3.58,0.0277777777777779,0.025939177101967914,0.19853709508881923,0.03552135081995763,10.8745,0.05476113844314693,0.6888888888888898,1.353753753753754,-0.4911268855368229
2019-09-03,601138,11.48,11.96,11.99,11.14,875216,1285408256.0,7.41,4.27,0.49,5.44,0.042720139494333065,0.05374449339207055,0.288793103448276,0.03494239208730153,11.0085,0.0864332107008222,0.7183183183183193,1.353753753753754,-0.4693877551020402
2019-09-04,601138,11.85,12.08,12.21,11.64,731735,1098477216.0,4.77,1.0,0.12,4.55,0.010033444816053505,0.09519492293744336,0.31447225244831345,0.03453380556023746,11.153,0.083116650228638,0.7255255255255265,1.353753753753754,-0.46406388642413426
2019-09-05,601138,12.16,12.15,12.71,11.98,967057,1485586432.0,6.04,0.58,0.07,6.01,0.005794701986755024,0.0733215547703181,0.30645161290322576,0.03458356760635826,11.2955,0.07564959497144878,0.7297297297297307,1.353753753753754,-0.46095829636202246
2019-09-06,601138,12.34,12.26,12.61,12.05,658614,1014090624.0,4.61,0.91,0.11,4.09,0.009053497942386857,0.09856630824372759,0.3268398268398267,0.03427291396004346,11.4465,0.07106975931507442,0.7363363363363373,1.353753753753754,-0.45607808340727535
2019-09-09,601138,12.47,12.31,12.54,12.07,830653,1273423968.0,3.83,0.41,0.05,5.16,0.004078303425774976,0.07323452484742798,0.25484199796126394,0.03249930299754346,11.5715,0.0638205937000389,0.7393393393393404,1.353753753753754,-0.4538598047914812
2019-09-10,601138,12.23,12.05,12.39,11.87,575911,873652416.0,4.22,-2.11,-0.26,3.58,-0.021121039805036546,0.007525083612040184,0.15421455938697326,0.030829856654697358,11.652,0.034157226227257254,0.7237237237237247,1.353753753753754,-0.4653948535936107
2019-09-11,601138,12.13,12.16,12.43,12.01,600171,917094032.0,3.49,0.91,0.11,3.73,0.009128630705394158,0.0066225165562914245,0.1428571428571428,0.030714136854956657,11.728,0.03683492496589362,0.7303303303303313,1.353753753753754,-0.4605146406388636
2019-09-12,601138,12.22,12.26,12.91,11.79,967279,1479024272.0,9.21,0.82,0.1,6.01,0.008223684210526327,0.009053497942386857,0.09074733096085397,0.028454816176336325,11.779,0.04083538500721622,0.7363363363363373,1.353753753753754,-0.45607808340727535
2019-09-16,601138,12.01,11.83,12.01,11.56,727499,1079049536.0,3.67,-3.51,-0.43,4.52,-0.03507340946166393,-0.03507340946166393,0.04597701149425282,0.02980747841821021,11.805,0.002117746717492618,0.7105105105105115,1.353753753753754,-0.475155279503105
2019-09-17,601138,11.36,11.12,11.51,11.09,650959,935751280.0,3.55,-6.0,-0.71,4.05,-0.06001690617075239,-0.09666937449228274,-0.07641196013289031,0.02920631152164201,11.759,-0.05434135555744545,0.6678678678678688,1.353753753753754,-0.5066548358473819
2019-09-18,601138,11.12,11.31,11.55,11.1,519094,745563232.0,4.05,1.71,0.19,3.23,0.017086330935252025,-0.06141078838174274,-0.03498293515358364,0.029026229487856773,11.738499999999998,-0.036503812241768366,0.6792792792792803,1.353753753753754,-0.49822537710736403
2019-09-19,601138,11.4,11.44,11.49,11.23,319647,460957984.0,2.3,1.15,0.13,1.99,0.011494252873563093,-0.05921052631578949,-0.054545454545454564,0.028106388110907713,11.705499999999999,-0.022681645380376696,0.6870870870870881,1.353753753753754,-0.49245785270629927
2019-09-20,601138,11.42,11.44,11.7,11.33,429256,625183024.0,3.23,0.0,0.0,2.67,0.0,-0.06688417618270803,-0.028037383177570097,0.027491983277254533,11.689,-0.021302078877577256,0.6870870870870881,1.353753753753754,-0.49245785270629927
2019-09-23,601138,11.28,11.16,11.33,10.96,357982,506466528.0,3.23,-2.45,-0.28,2.23,-0.02447552447552437,-0.05663567202028741,-0.06218487394957983,0.027814576088942757,11.652,-0.04222451081359416,0.6702702702702713,1.353753753753754,-0.5048802129547465
2019-09-24,601138,11.22,12.54,12.54,11.22,1602772,2428371600.0,11.83,12.37,1.38,9.96,0.12365591397849451,0.1276978417266188,0.12164579606440062,0.03676136012318049,11.72,0.06996587030716711,0.7531531531531542,1.353753753753754,-0.44365572315882806
2019-09-25,601138,12.43,12.29,12.55,12.08,984750,1510407136.0,3.75,-1.99,-0.25,6.12,-0.019936204146730474,0.08664898320070713,0.08281938325991178,0.037154873237800666,11.767,0.044446332965071784,0.7381381381381392,1.353753753753754,-0.4547471162377988
2019-09-26,601138,12.7,11.98,12.81,11.65,1032266,1581945536.0,9.44,-2.52,-0.31,6.42,-0.025223759153783498,0.0472027972027973,0.08612873980054414,0.037022519833808165,11.814499999999999,0.014008210250116514,0.7195195195195206,1.353753753753754,-0.46850044365572246
2019-09-27,601138,11.95,12.02,12.31,11.55,602216,905581600.0,6.34,0.33,0.04,3.74,0.0033388981636059967,0.05069930069930062,0.06183745583038869,0.036674304354562634,11.8495,0.014388792776066396,0.7219219219219231,1.353753753753754,-0.4667258207630871
2019-09-30,601138,11.95,11.35,11.95,11.34,451439,658744384.0,5.07,-5.57,-0.67,2.81,-0.05574043261231276,0.017025089605734678,0.017025089605734678,0.03884991294847757,11.859,-0.04292098827894429,0.6816816816816827,1.353753753753754,-0.4964507542147287
2019-10-08,601138,11.48,11.55,11.99,11.48,466210,687445184.0,4.49,1.76,0.2,2.9,0.017621145374449476,-0.07894736842105254,0.006974716652136115,0.03855414624067171,11.863000000000001,-0.026384557026047424,0.6936936936936948,1.353753753753754,-0.48757763975155205
2019-10-09,601138,11.28,11.18,11.3,10.86,501056,708393904.0,3.81,-3.2,-0.37,3.11,-0.03203463203463208,-0.09031733116354757,-0.0652173913043479,0.03791827882405175,11.824000000000002,-0.05446549391069028,0.6714714714714726,1.353753753753754,-0.5039929015084288
2019-10-10,601138,11.12,11.59,11.7,11.06,540561,784547104.0,5.72,3.67,0.41,3.36,0.03667262969588547,-0.03255425709515869,-0.04056291390728484,0.038845851809083,11.799499999999998,-0.017754989618204035,0.6960960960960972,1.353753753753754,-0.48580301685891675
2019-10-11,601138,11.66,11.77,11.95,11.59,487079,722563616.0,3.11,1.55,0.18,3.03,0.015530629853321765,-0.02079866888519133,-0.03127572016460911,0.03900110304754907,11.7805,-0.0008913034251517676,0.706906906906908,1.353753753753754,-0.47781721384205783
2019-10-14,601138,12.1,12.15,12.42,12.0,595940,909692848.0,3.57,3.23,0.38,3.7,0.03228547153780803,0.07048458149779746,-0.008972267536704659,0.03965326243319188,11.775,0.03184713375796178,0.7297297297297309,1.353753753753754,-0.4609582963620223
2019-10-15,601138,12.15,11.86,12.24,11.86,270447,406160848.0,3.13,-2.39,-0.29,1.68,-0.023868312757201693,0.026839826839826664,-0.036555645816409466,0.040003032885467145,11.7525,0.009146990002127202,0.7123123123123134,1.353753753753754,-0.47382431233362843
2019-10-16,601138,11.95,11.72,12.06,11.69,242811,362151552.0,3.12,-1.18,-0.14,1.51,-0.011804384485666009,0.04830053667262968,-0.027385892116182586,0.039811684130309326,11.736,-0.001363326516700751,0.703903903903905,1.353753753753754,-0.480035492457852
2019-10-17,601138,11.73,12.16,12.41,11.73,558127,847737312.0,5.8,3.75,0.44,3.47,0.03754266211604085,0.049180327868852514,0.0,0.04067684586615342,11.735999999999999,0.036128152692569984,0.7303303303303313,1.353753753753754,-0.4605146406388636
2019-10-18,601138,12.21,12.18,12.39,11.93,414398,630887808.0,3.78,0.16,0.02,2.58,0.00164473684210531,0.034834324553950635,-0.006525285481239762,0.040639929421021494,11.732,0.0381861575178998,0.7315315315315326,1.353753753753754,-0.4596273291925459
2019-10-21,601138,12.14,12.23,12.25,11.82,283167,427949936.0,3.53,0.41,0.05,1.76,0.004105090311987025,0.006584362139917754,0.03381234150464918,0.03977327295136813,11.752,0.04067392784206941,0.7345345345345358,1.353753753753754,-0.45740905057675163
2019-10-22,601138,12.28,12.76,12.85,12.24,860667,1353596208.0,4.99,4.33,0.53,5.35,0.04333605887162717,0.07588532883642496,0.14748201438848918,0.037908071307440415,11.834,0.07824911272604362,0.7663663663663677,1.353753753753754,-0.4338952972493337
2019-10-23,601138,12.6,13.06,13.56,12.6,1087128,1754862704.0,7.52,2.35,0.3,6.76,0.023510971786833812,0.11433447098976113,0.15473032714412027,0.038020087913049894,11.9215,0.09549972738329912,0.7843843843843857,1.353753753753754,-0.4205856255545688
2019-10-24,601138,13.03,13.14,13.2,12.83,499631,802925376.0,2.83,0.61,0.08,3.11,0.006125574272588086,0.08059210526315796,0.14860139860139876,0.03801219908419731,12.006499999999999,0.09440719610211148,0.7891891891891906,1.353753753753754,-0.41703637976929814
2019-10-25,601138,13.05,12.83,13.05,12.59,528430,837312480.0,3.5,-2.36,-0.31,3.28,-0.023592085235920934,0.05336617405582933,0.12150349650349646,0.03862209018412019,12.076,0.06243789334216624,0.7705705705705719,1.353753753753754,-0.43078970718722187
2019-10-28,601138,13.01,12.96,13.38,12.72,553658,888252832.0,5.14,1.01,0.13,3.44,0.010132501948558081,0.05968928863450529,0.16129032258064524,0.037933456688888006,12.166,0.0652638500739767,0.7783783783783798,1.353753753753754,-0.42502218278615705
2019-10-29,601138,12.8,12.65,13.25,12.65,457359,731029008.0,4.63,-2.39,-0.31,2.84,-0.023919753086419804,-0.008620689655172376,0.00877192982456143,0.027088921215313227,12.1715,0.03931314957071851,0.7597597597597611,1.353753753753754,-0.4387755102040808
2019-10-30,601138,12.46,12.72,12.86,12.41,300805,472968240.0,3.56,0.55,0.07,1.87,0.005533596837944632,-0.026033690658499253,0.0349877949552484,0.026658720755964375,12.193000000000001,0.04322152054457469,0.7639639639639653,1.353753753753754,-0.435669920141969
2019-10-31,601138,12.65,12.3,12.94,12.18,461072,713636032.0,5.97,-3.3,-0.42,2.87,-0.03301886792452835,-0.0639269406392694,0.026711185308848195,0.027131398673768313,12.209,0.007453517896633719,0.73873873873874,1.353753753753754,-0.4543034605146399
2019-11-01,601138,12.35,12.54,12.62,12.29,284335,441765856.0,2.68,1.95,0.24,1.77,0.019512195121951015,-0.02260327357755265,0.043261231281197965,0.027423213936679673,12.235,0.02492848385778502,0.7531531531531542,1.353753753753754,-0.44365572315882806
2019-11-04,601138,12.41,12.73,12.98,12.31,486160,762943968.0,5.34,1.52,0.19,3.02,0.01515151515151536,-0.017746913580246937,0.12158590308370054,0.02385092337668488,12.304,0.03462288686605983,0.7645645645645658,1.353753753753754,-0.43522626441881024
2019-11-05,601138,12.76,12.85,12.93,12.63,373083,591052512.0,2.36,0.94,0.12,2.32,0.00942655145325988,0.015810276679841806,0.11255411255411252,0.023711178262114257,12.369,0.038887541434230725,0.7717717717717729,1.353753753753754,-0.42990239574090433
2019-11-06,601138,12.76,12.57,13.05,12.47,349938,551992784.0,4.51,-2.18,-0.28,2.18,-0.021789883268482413,-0.011792452830188704,0.12432915921288012,0.02295360668720918,12.4385,0.010572014310407272,0.7549549549549561,1.353753753753754,-0.4423247559893515
2019-11-07,601138,12.58,12.27,12.62,11.87,562581,858959552.0,5.97,-2.39,-0.3,3.5,-0.023866348448687402,-0.0024390243902440156,0.05867126833477143,0.022703663456003272,12.4725,-0.016235718580877977,0.7369369369369381,1.353753753753754,-0.45563442768411644
2019-11-08,601138,12.35,12.95,13.04,12.35,781590,1238204192.0,5.62,5.54,0.68,4.86,0.055419722901385526,0.032695374800638,0.1002548853016143,0.025440368131228602,12.5315,0.03339584247695806,0.777777777777779,1.353753753753754,-0.42546583850931596
2019-11-11,601138,12.77,12.53,12.93,12.49,396301,624498880.0,3.4,-3.24,-0.42,2.46,-0.032432432432432434,-0.01571091908876676,0.031275720164609,0.02591117102249284,12.5505,-0.001633401059718751,0.7525525525525537,1.353753753753754,-0.44409937888198686
2019-11-12,601138,12.55,12.73,12.73,12.06,370423,571057680.0,5.35,1.6,0.2,2.3,0.015961691939345712,-0.009338521400778177,0.07335581787521095,0.02535451767165362,12.594000000000001,0.010798793076067906,0.7645645645645659,1.353753753753754,-0.4352262644188101
2019-11-13,601138,12.62,12.61,12.79,12.37,263330,411085264.0,3.3,-0.94,-0.12,1.64,-0.009426551453260101,0.0031821797931581575,0.07593856655290088,0.02528272666781899,12.6385,-0.0022550144400048325,0.7573573573573587,1.353753753753754,-0.44055013309671615
2019-11-14,601138,12.63,12.94,13.15,12.28,614383,974305728.0,6.9,2.62,0.33,3.82,0.026169706582077623,0.0546047269763652,0.06414473684210531,0.024606691696990073,12.6775,0.02070597515282976,0.7771771771771784,1.353753753753754,-0.4259094942324748
2019-11-15,601138,12.86,12.96,13.4,12.76,534548,864588800.0,4.95,0.15,0.02,3.32,0.0015455950540959051,0.0007722007722008595,0.0640394088669951,0.024607073724027144,12.7165,0.019148350568159552,0.7783783783783796,1.353753753753754,-0.42502218278615717
2019-11-18,601138,13.04,12.89,13.38,12.71,459374,737456336.0,5.17,-0.54,-0.07,2.86,-0.005401234567901203,0.02873104549082206,0.05396565821749788,0.02468431216049985,12.7495,0.011020040001568782,0.7741741741741754,1.353753753753754,-0.4281277728482689
2019-11-19,601138,12.88,13.03,13.08,12.55,387592,615798576.0,4.11,1.09,0.14,2.41,0.010861132660977324,0.02356637863314992,0.021159874608150497,0.02288850902600795,12.763,0.020919846431089826,0.7825825825825837,1.353753753753754,-0.4219165927240454
2019-11-20,601138,12.95,13.16,13.39,12.81,619549,1005036832.0,4.45,1.0,0.13,3.85,0.009976976208749155,0.04361617763679626,0.007656967840734996,0.022391806291777488,12.767999999999999,0.03070175438596501,0.7903903903903916,1.353753753753754,-0.4161490683229806
2019-11-21,601138,13.0,13.75,14.03,12.9,922954,1537720048.0,8.59,4.48,0.59,5.74,0.04483282674772027,0.06259659969088105,0.04642313546423127,0.02446924447468268,12.7985,0.07434464976364412,0.825825825825827,1.353753753753754,-0.38997338065660975
2019-11-22,601138,13.74,13.77,13.93,13.51,686056,1152482896.0,3.05,0.15,0.02,4.26,0.001454545454545375,0.0625,0.07326578332034295,0.023689178957518237,12.845500000000001,0.07197072904908319,0.8270270270270281,1.353753753753754,-0.38908606921029215
2019-11-25,601138,13.81,13.15,13.85,12.85,672855,1099424048.0,7.26,-4.5,-0.62,4.18,-0.04502541757443712,0.020170674941815347,0.014660493827160392,0.026010877216607074,12.854999999999999,0.022948269155970574,0.7897897897897909,1.353753753753754,-0.41659272404613956
2019-11-26,601138,13.15,13.36,13.57,13.1,474432,777222320.0,3.57,1.6,0.21,2.95,0.015969581749049278,0.025326170376055224,0.05612648221343863,0.025520305317201702,12.8905,0.03642217136651022,0.8024024024024033,1.353753753753754,-0.40727595385980425
2019-11-27,601138,13.25,13.49,13.72,13.1,409297,676562912.0,4.64,0.97,0.13,2.54,0.009730538922155807,0.025075987841945313,0.06053459119496862,0.025559090682474413,12.928999999999998,0.04339082682342035,0.8102102102102112,1.353753753753754,-0.4015084294587394
2019-11-28,601138,13.45,13.33,13.59,13.25,243922,401061072.0,2.52,-1.19,-0.16,1.52,-0.011860637509266136,-0.030545454545454542,0.08373983739837398,0.02438990577457716,12.980500000000001,0.02692500288894873,0.8006006006006016,1.353753753753754,-0.4086069210292807
2019-11-29,601138,13.29,13.61,13.79,13.29,502326,836815856.0,3.75,2.1,0.28,3.12,0.021005251312828266,-0.011619462599854802,0.08532695374800636,0.024441115364534582,13.034,0.044192112935399624,0.8174174174174185,1.353753753753754,-0.3961845607808334
2019-12-02,601138,13.6,13.97,14.08,13.59,617898,1049216304.0,3.6,2.65,0.36,3.84,0.026451138868479163,0.06235741444866916,0.09740769835035357,0.024830587364499685,13.096,0.06673793524740383,0.8390390390390402,1.353753753753754,-0.38021295474711553
2019-12-03,601138,13.88,14.04,14.22,13.82,486298,828257856.0,2.86,0.5,0.07,3.02,0.00501073729420165,0.05089820359281427,0.09260700389105048,0.024808311139410403,13.1555,0.06723423663106678,0.8432432432432443,1.353753753753754,-0.37710736468500383
2019-12-04,601138,13.9,13.79,13.9,13.58,358761,602573408.0,2.28,-1.78,-0.25,2.23,-0.017806267806267817,0.02223869532987388,0.09705648369132858,0.0245992989107269,13.2165,0.043392728785987156,0.8282282282282293,1.353753753753754,-0.3881987577639745
2019-12-05,601138,13.88,14.09,14.2,13.67,505328,862353504.0,3.84,2.18,0.3,3.14,0.021754894851341522,0.05701425356339085,0.14832925835370836,0.023893735657219556,13.3075,0.05880142776629725,0.8462462462462473,1.353753753753754,-0.3748890860692096
2019-12-06,601138,14.02,13.75,14.17,13.67,528429,892950384.0,3.55,-2.41,-0.34,3.28,-0.024130589070262554,0.010286554004408588,0.061776061776061875,0.021991480128013073,13.3475,0.030155459823937057,0.825825825825827,1.353753753753754,-0.38997338065660975
2019-12-09,601138,13.55,14.48,14.89,13.55,1032385,1803881344.0,9.75,5.31,0.73,5.61,0.05309090909090908,0.0365068002863278,0.15562649640861936,0.022984105520113332,13.444999999999999,0.07698029007065839,0.8696696696696709,1.353753753753754,-0.3575865128660152
2019-12-10,601138,14.48,14.7,14.78,14.35,510574,899786160.0,2.97,1.52,0.22,2.78,0.015193370165745845,0.047008547008547064,0.15475255302435187,0.022969870296015736,13.5435,0.08539151622549558,0.8828828828828841,1.353753753753754,-0.347826086956521
2019-12-11,601138,14.7,14.77,14.99,14.35,467823,828076832.0,4.35,0.48,0.07,2.54,0.004761904761904745,0.07106598984771573,0.17129262490087238,0.02263725801378572,13.651499999999999,0.08193238838222913,0.8870870870870883,1.353753753753754,-0.3447204968944092
2019-12-12,601138,14.78,14.74,14.87,14.49,439664,779525232.0,2.57,-0.2,-0.03,2.39,-0.0020311442112389555,0.046132008516678535,0.13910355486862458,0.022333942396138663,13.741499999999998,0.07266310082596528,0.8852852852852865,1.353753753753754,-0.3460514640638857
2019-12-13,601138,14.89,15.87,15.97,14.77,1186823,2205272832.0,8.14,7.67,1.13,6.45,0.07666214382632286,0.1541818181818182,0.22453703703703698,0.027196078069512998,13.887,0.142795420177144,0.9531531531531544,1.353753753753754,-0.295918367346938
2019-12-16,601138,15.77,16.1,16.28,15.6,655565,1248062608.0,4.28,1.45,0.23,3.57,0.01449275362318847,0.11187845303867405,0.2490302560124127,0.026945573655202733,14.0475,0.1461114077237944,0.9669669669669683,1.353753753753754,-0.2857142857142849
2019-12-17,601138,15.98,15.97,16.37,15.76,756936,1445827936.0,3.79,-0.81,-0.13,4.12,-0.008074534161490732,0.08639455782312933,0.22563315425940145,0.027300268371251678,14.1945,0.12508365916376069,0.9591591591591604,1.353753753753754,-0.29148181011534974
2019-12-18,601138,15.94,15.88,16.04,15.66,471538,890880144.0,2.38,-0.56,-0.09,2.56,-0.005635566687539173,0.07515233581584302,0.20668693009118555,0.027540364286966816,14.3305,0.1081260249119012,0.9537537537537549,1.353753753753754,-0.29547471162377925
2019-12-19,601138,15.8,15.1,15.82,14.8,1060569,1928041328.0,6.42,-4.91,-0.78,5.77,-0.049118387909319994,0.024423337856173566,0.09818181818181815,0.029210898169111807,14.398000000000001,0.04875677177385735,0.9069069069069079,1.353753753753754,-0.33007985803016804
2019-12-20,601138,15.01,15.1,15.31,14.73,487486,883852720.0,3.84,0.0,0.0,2.65,0.0,-0.04851921865154374,0.09658678286129274,0.02922224684353911,14.464499999999997,0.04393515157800147,0.9069069069069079,1.353753753753754,-0.33007985803016804
2019-12-23,601138,14.95,14.82,15.17,14.66,420799,757533264.0,3.38,-1.85,-0.28,2.29,-0.018543046357615833,-0.07950310559006213,0.12699619771863113,0.02737685759738252,14.547999999999998,0.01869672807258744,0.8900900900900911,1.353753753753754,-0.3425022182786152
2019-12-24,601138,14.91,14.82,15.03,14.15,588302,1038861312.0,5.94,0.0,0.0,3.2,0.0,-0.07201001878522229,0.10928143712574867,0.027314220502401492,14.620999999999999,0.013610560153204406,0.8900900900900911,1.353753753753754,-0.3425022182786152
2019-12-25,601138,14.76,15.03,15.17,14.64,467627,842479536.0,3.58,1.42,0.21,2.54,0.014170040485829816,-0.05352644836272047,0.11415863602668641,0.02736798896757449,14.697999999999999,0.022588107225472907,0.9027027027027036,1.353753753753754,-0.3331854480922799
2019-12-26,601138,14.9,14.95,15.27,14.81,344774,622942704.0,3.06,-0.53,-0.08,1.87,-0.005322687957418526,-0.009933774834437137,0.12153038259564886,0.027184753163050822,14.779,0.011570471615129533,0.8978978978978988,1.353753753753754,-0.33673469387755056
2019-12-27,601138,14.99,14.46,15.08,14.4,503285,893256000.0,4.55,-3.28,-0.49,2.74,-0.032775919732441317,-0.04238410596026487,0.06245407788390889,0.028270668886853742,14.821499999999997,-0.024390243902438755,0.8684684684684695,1.353753753753754,-0.35847382431233304
2019-12-30,601138,14.3,14.55,14.76,14.02,369746,646958128.0,5.12,0.62,0.09,2.01,0.006224066390041472,-0.018218623481781382,0.04151753758052967,0.027760109766030654,14.8505,-0.02023500892225848,0.8738738738738748,1.353753753753754,-0.3544809228039036
2019-12-31,601138,14.57,15.22,15.36,14.55,674602,1223733360.0,5.57,4.6,0.67,3.67,0.0460481099656358,0.026990553306342813,0.08404558404558427,0.029429939787229027,14.9095,0.020825648076729677,0.9141141141141151,1.353753753753754,-0.324755989352262
2020-01-02,601138,15.28,15.33,15.49,15.06,582518,1070536096.0,2.83,0.72,0.11,3.17,0.007227332457292901,0.019960079840319445,0.11167512690355341,0.028962265681392756,14.986500000000001,0.022920628565709058,0.9207207207207216,1.353753753753754,-0.319875776397515
2020-01-03,601138,15.44,15.17,15.59,15.0,465619,849403952.0,3.85,-1.04,-0.16,2.53,-0.010437051532941943,0.014715719063545185,0.07665010645848125,0.028917534385763676,15.0405,0.00861008610086102,0.911111111111112,1.353753753753754,-0.3269742679680563
2020-01-06,601138,14.96,14.85,15.08,14.65,565047,1012684096.0,2.83,-2.11,-0.32,3.07,-0.021094264996704082,0.026970954356846377,0.08000000000000007,0.028769168602691547,15.095499999999998,-0.016263124772283005,0.8918918918918927,1.353753753753754,-0.3411712511091389
2020-01-07,601138,14.87,14.81,14.89,14.57,502766,893421104.0,2.15,-0.27,-0.04,2.73,-0.002693602693602637,0.017869415807560074,0.02279005524861888,0.026389707176388957,15.112,-0.0199841185812599,0.8894894894894904,1.353753753753754,-0.3429458740017741
2020-01-08,601138,14.57,14.47,14.67,14.31,507464,888363232.0,2.43,-2.3,-0.34,2.76,-0.022957461174881844,-0.04927726675427069,-0.01564625850340129,0.02672096560950546,15.1005,-0.041753584318400025,0.8690690690690699,1.353753753753754,-0.35803016858917436
2020-01-09,601138,14.6,15.25,15.3,14.6,789830,1430327328.0,4.84,5.39,0.78,4.3,0.05390463026952319,-0.005218525766470972,0.032498307379823954,0.02935551575790291,15.124500000000001,0.008297794968428631,0.9159159159159168,1.353753753753754,-0.3234250221827856
2020-01-10,601138,15.36,14.98,15.54,14.9,379855,688948848.0,4.2,-1.77,-0.27,2.07,-0.017704918032786843,-0.01252471984179293,0.016282225237449044,0.029676325216326134,15.136500000000002,-0.010339246192977318,0.8996996996997007,1.353753753753754,-0.335403726708074
2020-01-13,601138,14.97,15.56,15.65,14.72,650310,1193145680.0,6.21,3.87,0.58,3.54,0.03871829105473967,0.04781144781144797,-0.01953371140516691,0.025521416839629246,15.121,0.029032471397394354,0.9345345345345355,1.353753753753754,-0.3096716947648619
2020-01-14,601138,15.6,15.34,15.78,15.31,463560,862049872.0,3.02,-1.41,-0.22,2.52,-0.014138817480719879,0.03578663065496279,-0.047204968944099424,0.025428465350900275,15.083000000000002,0.017039050586753157,0.9213213213213222,1.353753753753754,-0.3194321206743562
2020-01-15,601138,15.3,15.65,15.73,15.25,409454,760151120.0,3.13,2.02,0.31,2.23,0.020208604954367715,0.08154803040774006,-0.020037570444583652,0.025862071931579914,15.066999999999998,0.03869383420720794,0.9399399399399408,1.353753753753754,-0.3056787932564325
2020-01-16,601138,15.6,15.36,15.82,15.34,404695,751174848.0,3.07,-1.85,-0.29,2.2,-0.018530351437699766,0.00721311475409836,-0.032745591939546737,0.026150816319050144,15.041,0.02120869623030377,0.9225225225225233,1.353753753753754,-0.31854480922803863
2020-01-17,601138,15.36,15.94,16.06,15.24,646399,1214813952.0,5.34,3.78,0.58,3.52,0.03776041666666674,0.06408544726301724,0.05562913907284761,0.024986569732934467,15.082999999999998,0.05681893522508793,0.9573573573573583,1.353753753753754,-0.29281277728482646
2020-01-20,601138,15.83,16.29,16.41,15.67,581996,1116361936.0,4.64,2.2,0.35,3.17,0.021957340025094085,0.04691516709511556,0.07880794701986749,0.025327725633562274,15.142500000000002,0.07578008915304588,0.9783783783783793,1.353753753753754,-0.2772848269742675
2020-01-21,601138,16.15,16.04,16.34,15.83,463624,885043840.0,3.13,-1.53,-0.25,2.52,-0.015346838551258402,0.04563233376792697,0.08232118758434548,0.025187021098024655,15.2035,0.055020225605945945,0.9633633633633643,1.353753753753754,-0.2883762200532382
2020-01-22,601138,15.85,17.8,17.95,15.55,917158,1827720400.0,14.96,10.97,1.76,4.99,0.10972568578553621,0.13738019169329085,0.20107962213225372,0.03445517754603714,15.352500000000001,0.15942028985507245,1.06906906906907,1.353753753753754,-0.21029281277728426
2020-01-23,601138,17.45,16.95,17.73,16.35,748806,1503553344.0,7.75,-4.78,-0.85,4.07,-0.047752808988764106,0.103515625,0.12774451097804396,0.03674305150543305,15.4485,0.09719390232061366,1.018018018018019,1.353753753753754,-0.24800354924578477
2020-02-03,601138,14.95,14.95,14.95,14.95,142866,257158800.0,0.0,-11.8,-2.0,0.78,-0.11799410029498525,-0.062107904642409006,0.0,0.04611728272365642,15.448500000000001,-0.0322685050328512,0.8978978978978988,1.353753753753754,-0.33673469387755056
2020-02-04,601138,14.05,14.97,15.43,14.05,946082,1687452208.0,9.23,0.13,0.02,5.15,0.0013377926421405117,-0.08103130755064447,0.03526970954356834,0.045427326175617726,15.474,-0.03257076386196197,0.8990990990991,1.353753753753754,-0.33584738243123285
2020-02-05,601138,15.11,15.64,16.54,14.87,843686,1586448400.0,11.16,4.48,0.67,4.59,0.04475617902471618,-0.024937655860349017,0.074914089347079,0.04639049577982037,15.5285,0.007180345815758204,0.9393393393393403,1.353753753753754,-0.3061224489795913
2020-02-06,601138,15.49,15.87,16.01,15.41,532366,999594720.0,3.84,1.47,0.23,2.9,0.014705882352941124,-0.10842696629213489,0.04270696452036793,0.04543802377964241,15.560999999999998,0.0198573356468094,0.9531531531531541,1.353753753753754,-0.29591836734693827
2020-02-07,601138,16.85,16.25,16.85,15.59,1032332,1987654480.0,7.94,2.39,0.38,5.61,0.02394454946439839,-0.041297935103244754,0.060013046314416174,0.045671443949548925,15.607,0.041199461779970574,0.9759759759759771,1.353753753753754,-0.2790594498669026
2020-02-10,601138,15.85,15.86,15.89,15.15,867901,1612161776.0,4.55,-2.4,-0.39,4.72,-0.02400000000000002,0.0608695652173914,0.045484508899142906,0.04599536419254785,15.641499999999999,0.013969248473611905,0.9525525525525536,1.353753753753754,-0.296362023070097
2020-02-11,601138,15.76,16.18,16.34,15.71,730480,1393812096.0,3.97,2.02,0.32,3.97,0.020176544766708826,0.08082832331329315,0.08956228956228962,0.045771398505782185,15.708000000000002,0.030048382989559315,0.9717717717717729,1.353753753753754,-0.2821650399290144
2020-02-12,601138,16.03,16.1,16.2,15.77,549303,1046295632.0,2.66,-0.49,-0.08,2.99,-0.0049443757725585735,0.02941176470588247,0.08710330857528703,0.04579485784129514,15.772500000000003,0.020763987953716832,0.9669669669669682,1.353753753753754,-0.285714285714285
2020-02-13,601138,16.06,15.37,16.06,15.33,847225,1577966592.0,4.53,-4.53,-0.73,4.61,-0.04534161490683242,-0.031505986137366104,0.06219765031098823,0.04678190262708619,15.817499999999999,-0.028291449344080913,0.9231231231231242,1.353753753753754,-0.3181011535048796
2020-02-14,601138,15.21,15.3,15.7,14.91,791232,1448287984.0,5.14,-0.46,-0.07,4.3,-0.004554326610279658,-0.058461538461538454,0.003278688524590123,0.04530751306987421,15.819999999999999,-0.03286978508217433,0.9189189189189201,1.353753753753754,-0.3212067435669913
2020-02-17,601138,15.39,16.14,16.21,15.17,828653,1564564224.0,6.8,5.49,0.84,4.51,0.05490196078431375,0.017654476670870167,0.07743658210947935,0.046607512347077294,15.877999999999997,0.01650081874291498,0.9693693693693706,1.353753753753754,-0.2839396628216497
2020-02-18,601138,16.15,15.8,16.15,15.55,858954,1621012736.0,3.72,-2.11,-0.34,4.67,-0.02106567534076831,-0.023485784919653807,0.015424164524421524,0.046231892293259316,15.889999999999997,-0.005663939584644199,0.9489489489489501,1.353753753753754,-0.2990239574090499
2020-02-19,601138,15.6,15.44,15.75,15.41,671602,1250139120.0,2.15,-2.28,-0.36,3.65,-0.0227848101265824,-0.04099378881987592,0.006518904823989535,0.04642868389180646,15.895,-0.02862535388486946,0.9273273273273284,1.353753753753754,-0.3149955634427678
2020-02-20,601138,15.54,15.76,15.97,15.18,995674,1858929168.0,5.12,2.07,0.32,5.41,0.020725388601036343,0.025374105400130187,0.007028753993610248,0.04643986952505488,15.9005,-0.00883620011949306,0.9465465465465477,1.353753753753754,-0.3007985803016852
2020-02-21,601138,15.62,16.55,16.63,15.57,1306981,2522345792.0,6.73,5.01,0.79,7.11,0.05012690355329963,0.08169934640522869,0.07747395833333348,0.04741762284986232,15.959999999999999,0.03696741854636602,0.9939939939939954,1.353753753753754,-0.2657497781721376
2020-02-24,601138,16.7,17.09,17.55,16.5,1378464,2760684416.0,6.34,3.26,0.54,7.5,0.03262839879154078,0.0588599752168526,0.07214554579673771,0.04724353114568582,16.017500000000002,0.06695801467145297,1.0264264264264278,1.353753753753754,-0.24179236912156085
2020-02-25,601138,16.6,16.91,17.24,15.92,1167120,2302400784.0,7.72,-1.05,-0.18,6.35,-0.010532475131655894,0.07025316455696196,0.03806015960712106,0.04717236934937583,16.048499999999997,0.053681029379693004,1.015615615615617,1.353753753753754,-0.24977817213841969
2020-02-26,601138,16.5,15.66,16.53,15.47,1117676,2137561120.0,6.27,-7.39,-1.25,6.08,-0.07392075694855116,0.014248704663212486,-0.023690773067331583,0.050094922813447545,16.029500000000002,-0.023051249259178522,0.9405405405405419,1.353753753753754,-0.3052351375332733
2020-02-27,601138,15.59,15.85,15.98,15.3,683535,1277517824.0,4.34,1.21,0.19,3.72,0.012132822477650018,0.005710659898477077,-0.10955056179775291,0.0431113219770007,15.931999999999999,-0.005146874215415451,0.9519519519519533,1.353753753753754,-0.29680567879325565
2020-02-28,601138,15.03,14.03,15.39,13.96,1159058,2035573872.0,9.02,-11.48,-1.82,6.3,-0.11482649842271297,-0.15226586102719042,-0.17227138643067852,0.048849566135274726,15.786000000000001,-0.11123780565057657,0.8426426426426438,1.353753753753754,-0.3775510204081626
2020-03-02,601138,14.25,14.39,14.69,13.8,951533,1649933616.0,6.34,2.57,0.36,5.17,0.02565930149679274,-0.15798712697483908,-0.037458193979933,0.04193152494403854,15.758,-0.08681304734103304,0.8642642642642655,1.353753753753754,-0.3615794143744447
2020-03-03,601138,14.78,14.39,15.1,14.15,899689,1594423488.0,6.6,0.0,0.0,4.89,0.0,-0.14902424600827913,-0.03874415497661987,0.04192859287450109,15.729,-0.08512937885434539,0.8642642642642655,1.353753753753754,-0.3615794143744447
2020-03-04,601138,14.18,13.71,14.28,13.37,1135074,1914633664.0,6.32,-4.73,-0.68,6.17,-0.047255038220986756,-0.1245210727969348,-0.1234015345268542,0.04167819708026747,15.632500000000002,-0.12298096913481535,0.8234234234234247,1.353753753753754,-0.391748003549245
2020-03-05,601138,14.05,14.11,14.2,13.76,875745,1492182208.0,3.21,2.92,0.4,4.76,0.02917578409919752,-0.1097791798107256,-0.11090107120352866,0.04217391646419386,15.544500000000003,-0.09228344430505987,0.8474474474474486,1.353753753753754,-0.3740017746228919
2020-03-06,601138,13.78,13.94,14.18,13.65,667487,1133057312.0,3.76,-1.2,-0.17,3.63,-0.012048192771084376,-0.00641482537419813,-0.1421538461538462,0.04163889078493845,15.429000000000002,-0.09650657852096717,0.8372372372372383,1.353753753753754,-0.3815439219165921
2020-03-09,601138,13.63,13.13,13.73,13.11,711284,1169356592.0,4.45,-5.81,-0.81,3.87,-0.058106169296986976,-0.08756080611535788,-0.17213114754098358,0.04305524774281314,15.2925,-0.1414091875102174,0.7885885885885897,1.353753753753754,-0.41748003549245716
2020-03-10,601138,12.93,13.54,13.55,12.74,711824,1157534576.0,6.17,3.12,0.41,3.87,0.031226199543031186,-0.05906879777623364,-0.1631644004944376,0.043510973905350095,15.160499999999999,-0.10688961445862603,0.8132132132132144,1.353753753753754,-0.39929015084294517
2020-03-11,601138,13.62,13.49,14.12,13.47,682708,1151262384.0,4.8,-0.37,-0.05,3.71,-0.0036927621861151394,-0.01604668125455877,-0.16211180124223612,0.04351640917887588,15.029999999999998,-0.10246174318030589,0.8102102102102114,1.353753753753754,-0.40150842945873927
2020-03-12,601138,13.2,13.05,13.29,12.78,679764,1090709840.0,3.78,-3.26,-0.44,3.7,-0.03261675315048185,-0.07512402551381991,-0.15094339622641495,0.04303013393930802,14.914000000000001,-0.12498323722676684,0.783783783783785,1.353753753753754,-0.4210292812777277
2020-03-13,601138,12.13,12.6,12.94,12.0,850984,1321246992.0,7.2,-3.45,-0.45,4.63,-0.034482758620689724,-0.09612625538020081,-0.17647058823529416,0.04345012004582782,14.779000000000002,-0.1474389336220314,0.7567567567567579,1.353753753753754,-0.44099378881987505
2020-03-16,601138,12.63,11.25,12.69,11.12,1238366,1845807296.0,12.46,-10.71,-1.35,6.73,-0.1071428571428571,-0.14318354912414322,-0.3029739776951673,0.0459925450249089,14.534500000000003,-0.22597956586053888,0.6756756756756768,1.353753753753754,-0.5008873114463169
2020-03-17,601138,11.34,10.86,11.54,10.25,929745,1291392800.0,11.47,-3.47,-0.39,5.06,-0.034666666666666734,-0.19793205317577545,-0.3126582278481014,0.04615856777015335,14.2875,-0.2398950131233596,0.6522522522522533,1.353753753753754,-0.5181898846495113
2020-03-18,601138,11.0,10.51,11.22,10.49,704710,984491840.0,6.72,-3.22,-0.35,3.83,-0.0322283609576427,-0.22090437361008153,-0.31930051813471505,0.04626344011215699,14.041,-0.25147781497044375,0.6312312312312323,1.353753753753754,-0.5337178349600703
2020-03-19,601138,10.5,10.46,10.7,9.95,882153,1181709840.0,7.14,-0.48,-0.05,4.8,-0.004757373929590747,-0.19846743295019154,-0.33629441624365475,0.04548536553132732,13.776,-0.2407084785133565,0.6282282282282293,1.353753753753754,-0.5359361135758645
2020-03-20,601138,10.63,10.52,10.72,10.24,646735,874463120.0,4.59,0.57,0.06,3.52,0.005736137667303964,-0.16507936507936505,-0.3643504531722055,0.04293239709961248,13.4745,-0.21926602100263468,0.6318318318318329,1.353753753753754,-0.5332741792369114
2020-03-23,601138,10.05,9.47,10.13,9.46,941434,1205081376.0,6.37,-9.98,-1.05,5.12,-0.09980988593155882,-0.15822222222222215,-0.44587478057343477,0.04433717574784157,13.0935,-0.2767403673578493,0.5687687687687698,1.353753753753754,-0.5798580301685885
2020-03-24,601138,9.7,9.97,10.04,9.37,907527,1162821440.0,7.07,5.28,0.5,4.94,0.05279831045406547,-0.08195211786371992,-0.41040804257835595,0.04778586395406177,12.7465,-0.21782450084336868,0.5987987987987999,1.353753753753754,-0.557675244010647
2020-03-25,601138,10.35,10.5,10.55,10.2,923074,1241899440.0,3.51,5.32,0.53,5.02,0.053159478435305774,-0.0009514747859181716,-0.32950191570881227,0.04935348120928926,12.488499999999998,-0.15922648836929965,0.6306306306306317,1.353753753753754,-0.5341614906832292
2020-03-26,601138,10.36,10.24,10.47,10.2,517426,691446256.0,2.57,-2.48,-0.26,2.81,-0.024761904761904763,-0.021032504780114758,-0.3539432176656151,0.04883155658994978,12.208,-0.16120576671035386,0.6150150150150161,1.353753753753754,-0.5456965394853587
2020-03-27,601138,10.45,10.02,10.5,9.99,678491,897665600.0,4.98,-2.15,-0.22,3.69,-0.02148437500000011,-0.04752851711026618,-0.28581610833927296,0.04350501853573592,12.0075,-0.16552154903185515,0.6018018018018028,1.353753753753754,-0.555456965394853
2020-03-30,601138,9.79,9.77,9.88,9.38,625929,794639888.0,4.99,-2.5,-0.25,3.4,-0.024950099800399195,0.03167898627243915,-0.3210562890896457,0.04242726565052778,11.7765,-0.17038169235341577,0.5867867867867878,1.353753753753754,-0.5665483584738237
2020-03-31,601138,10.24,10.16,10.25,9.98,631417,832023008.0,2.76,3.99,0.39,3.43,0.03991811668372569,0.01905717151454356,-0.2939541348158443,0.044233709913401816,11.565000000000001,-0.12148724600086476,0.6102102102102113,1.353753753753754,-0.5492457852706293
2020-04-01,601138,10.08,10.36,10.68,10.07,791177,1065901696.0,6.0,1.97,0.2,4.3,0.019685039370078705,-0.01333333333333342,-0.24434719183078057,0.04430064051067542,11.397499999999999,-0.09102873437157269,0.6222222222222232,1.353753753753754,-0.5403726708074528
2020-04-02,601138,10.29,10.93,11.02,10.28,855237,1171735376.0,7.14,5.5,0.57,4.65,0.055019305019305076,0.0673828125,-0.22537207654145996,0.0459406742610913,11.2385,-0.027450282511011295,0.6564564564564576,1.353753753753754,-0.5150842945873995
2020-04-03,601138,10.85,10.91,11.23,10.62,763413,1066775280.0,5.58,-0.18,-0.02,4.15,-0.0018298261665141702,0.08882235528942117,-0.2173601147776183,0.045992923968124426,11.087,-0.015964643275908685,0.6552552552552564,1.353753753753754,-0.5159716060337171
2020-04-07,601138,11.3,11.1,11.35,10.97,762864,1081042368.0,3.48,1.74,0.19,4.15,0.01741521539871682,0.13613101330603894,-0.1546077684691547,0.04502481838841102,10.9855,0.010422830094215066,0.6666666666666679,1.353753753753754,-0.5075421472936993
2020-04-08,601138,11.0,11.09,11.22,10.9,492067,693769984.0,2.88,-0.09,-0.01,2.68,-0.0009009009009008917,0.0915354330708662,-0.1809453471196455,0.04413961985381444,10.863,0.02089662155942192,0.6660660660660672,1.353753753753754,-0.5079858030168581
2020-04-09,601138,11.12,10.9,11.17,10.88,421601,591859184.0,2.61,-1.71,-0.19,2.29,-0.017132551848512145,0.05212355212355213,-0.19199406968124533,0.04415719653394499,10.733500000000001,0.015512181487865019,0.6546546546546558,1.353753753753754,-0.5164152617568759
2020-04-10,601138,10.89,10.57,10.89,10.45,471113,645617184.0,4.04,-3.03,-0.33,2.56,-0.03027522935779814,-0.032936870997255174,-0.19003831417624528,0.04409616522751381,10.6095,-0.003723078373156163,0.6348348348348359,1.353753753753754,-0.5310559006211173
2020-04-13,601138,10.39,10.1,10.39,9.99,453101,598645504.0,3.78,-4.45,-0.47,2.46,-0.04446546830652798,-0.07424381301558203,-0.19841269841269837,0.044448513678105955,10.4845,-0.036673184224331246,0.6066066066066076,1.353753753753754,-0.5519077196095823
2020-04-14,601138,10.23,10.76,10.78,10.18,595888,807993232.0,5.94,6.53,0.66,3.24,0.0653465346534654,-0.03063063063063065,-0.04355555555555557,0.041232394707591144,10.459999999999999,0.028680688336520148,0.6462462462462474,1.353753753753754,-0.5226264418810995
2020-04-15,601138,10.76,10.82,11.0,10.69,512412,711242240.0,2.88,0.56,0.06,2.79,0.005576208178438735,-0.024346257889990897,-0.0036832412523019054,0.040499422685129315,10.458,0.03461464907248041,0.6498498498498511,1.353753753753754,-0.5199645075421465
2020-04-16,601138,10.7,11.0,11.06,10.52,545740,759852480.0,4.99,1.66,0.18,2.97,0.01663585951940849,0.00917431192660545,0.04662226450999052,0.03988380373620268,10.4825,0.04936799427617458,0.6606606606606619,1.353753753753754,-0.5119787045252876
2020-04-17,601138,11.17,10.94,11.34,10.92,721172,1023267952.0,3.82,-0.55,-0.06,3.92,-0.00545454545454549,0.03500473036896867,0.04588910133843194,0.039891286949558104,10.506499999999999,0.04126017227430643,0.6570570570570582,1.353753753753754,-0.5146406388642406
2020-04-20,601138,11.01,11.42,11.42,10.86,728974,1040937008.0,5.12,4.39,0.48,3.96,0.04387568555758681,0.1306930693069308,0.08555133079847921,0.04092658700048642,10.5515,0.08231057195659376,0.6858858858858871,1.353753753753754,-0.4933451641526168
2020-04-21,601138,11.25,11.11,11.31,10.9,547496,774211376.0,3.59,-2.71,-0.31,2.98,-0.027145359019264514,0.032527881040892215,0.17317845828933454,0.03373332811585704,10.633500000000002,0.04481120985564469,0.6672672672672684,1.353753753753754,-0.5070984915705405
2020-04-22,601138,11.01,11.01,11.05,10.84,360323,504479040.0,1.89,-0.9,-0.1,1.96,-0.009000900090008979,0.01756007393715331,0.10431293881644921,0.03226547555798666,10.685500000000001,0.030368256047915272,0.6612612612612624,1.353753753753754,-0.5115350488021289
2020-04-23,601138,11.2,10.91,11.21,10.87,331959,466870784.0,3.09,-0.91,-0.1,1.81,-0.009082652134423275,-0.008181818181818179,0.039047619047619,0.030368690747119672,10.706,0.01905473566224553,0.6552552552552564,1.353753753753754,-0.5159716060337171
2020-04-24,601138,10.91,10.9,11.11,10.83,355312,497676480.0,2.57,-0.09,-0.01,1.93,-0.0009165902841429263,-0.003656307129798808,0.064453125,0.02970920795623896,10.739,0.01499208492410835,0.6546546546546559,1.353753753753754,-0.5164152617568759
2020-04-27,601138,10.95,10.9,11.09,10.67,318311,444348848.0,3.85,0.0,0.0,1.73,0.0,-0.045534150612959734,0.08782435129740529,0.029139650277955023,10.783,0.010850412686636455,0.6546546546546559,1.353753753753754,-0.5164152617568759
2020-04-28,601138,10.96,11.16,11.33,10.43,696155,979092432.0,8.26,2.39,0.26,3.79,0.023853211009174258,0.004500450045004545,0.14227226202661214,0.02857133598313543,10.852500000000001,0.02833448514167235,0.6702702702702715,1.353753753753754,-0.5048802129547463
2020-04-29,601138,11.11,11.19,11.28,11.06,326768,464891216.0,1.97,0.27,0.03,1.78,0.0026881720430107503,0.016348773841961872,0.10137795275590555,0.02751072863910887,10.904,0.026228906823184114,0.6720720720720733,1.353753753753754,-0.5035492457852698
2020-04-30,601138,11.26,11.64,11.74,11.22,666470,973308736.0,4.65,4.02,0.45,3.62,0.04021447721179627,0.06691109074243817,0.12355212355212375,0.028446913918576365,10.968,0.06126914660831515,0.6990990990991004,1.353753753753754,-0.4835847382431225
2020-05-06,601138,11.38,11.71,11.77,11.34,599900,875817504.0,3.69,0.6,0.07,3.26,0.006013745704467333,0.07431192660550456,0.07136322049405308,0.026030352342806054,11.007,0.0638684473516854,0.7033033033033046,1.353753753753754,-0.4804791481810107
2020-05-07,601138,11.7,11.33,11.83,11.27,523702,761131216.0,4.78,-3.25,-0.38,2.85,-0.032450896669513285,0.03944954128440359,0.03849679193400557,0.027249108741873303,11.028,0.02738483859267316,0.6804804804804817,1.353753753753754,-0.4973380656610462
2020-05-08,601138,11.43,11.39,11.55,11.29,485977,702469152.0,2.29,0.53,0.06,2.64,0.005295675198587757,0.020609318996415826,0.026126126126126303,0.027027727662922666,11.0425,0.031469323069957,0.6840840840840853,1.353753753753754,-0.4946761313220933
2020-05-11,601138,11.45,11.47,11.64,11.3,474525,687902768.0,2.99,0.7,0.08,2.58,0.0070237050043897575,0.02502234137622894,0.03426510369702451,0.027046695290549715,11.061499999999999,0.036929891967635665,0.68888888888889,1.353753753753754,-0.4911268855368227
2020-05-12,601138,11.4,11.18,11.4,11.04,388243,551811520.0,3.14,-2.53,-0.29,2.11,-0.02528334786399311,-0.03951890034364269,0.025688073394495303,0.027409606318279576,11.0755,0.00943523994402057,0.6714714714714725,1.353753753753754,-0.5039929015084288
2020-05-13,601138,11.05,11.13,11.18,10.95,295336,417694768.0,2.06,-0.45,-0.05,1.61,-0.004472271914132242,-0.049530315969257055,0.052980132450331174,0.026418533918109055,11.1035,0.002386634844868772,0.6684684684684695,1.353753753753754,-0.506211180124223
2020-05-14,601138,11.02,10.64,11.08,10.61,645482,894065328.0,4.22,-4.4,-0.49,3.51,-0.04402515723270439,-0.06090026478375987,0.05346534653465351,0.026377125048350342,11.130500000000001,-0.04406810116346981,0.63903903903904,1.353753753753754,-0.5279503105590055
2020-05-15,601138,10.69,10.74,10.87,10.53,367165,505467616.0,3.2,0.94,0.1,2.0,0.009398496240601517,-0.05706760316066728,-0.0018587360594795044,0.022015930248318195,11.129500000000002,-0.03499707983287674,0.645045045045046,1.353753753753754,-0.5235137533274173
2020-05-18,601138,10.58,10.44,10.65,10.25,459788,619925024.0,3.72,-2.79,-0.3,2.46,-0.027932960893854775,-0.08979947689625123,-0.03512014787430695,0.022839864487274947,11.1105,-0.06034831915755371,0.627027027027028,1.353753753753754,-0.5368234250221822
2020-05-19,601138,10.49,10.73,10.74,10.49,362802,497468896.0,2.39,2.78,0.29,1.94,0.0277777777777779,-0.0402504472271914,-0.024545454545454537,0.023434627579066676,11.097,-0.03307200144183105,0.6444444444444455,1.353753753753754,-0.5239574090505761
2020-05-20,601138,10.74,10.8,10.9,10.56,335806,464336864.0,3.17,0.65,0.07,1.8,0.006523765144454741,-0.029649595687331498,-0.01279707495429605,0.0234673266649489,11.09,-0.02614968440036061,0.6486486486486497,1.353753753753754,-0.5208518189884643
2020-05-21,601138,10.83,10.55,10.91,10.52,280034,385497840.0,3.61,-2.31,-0.25,1.5,-0.02314814814814814,-0.008458646616541388,-0.07618213660245177,0.021519271277170862,11.0465,-0.04494636310143478,0.6336336336336347,1.353753753753754,-0.531943212067435
2020-05-22,601138,10.53,10.21,10.69,10.18,341132,457353104.0,4.83,-3.22,-0.34,1.83,-0.03222748815165877,-0.04934823091247664,-0.08100810081008092,0.021837923174052396,11.0015,-0.07194473480888962,0.6132132132132142,1.353753753753754,-0.5470275066548352
2020-05-25,601138,10.2,10.07,10.22,9.96,268733,352216640.0,2.55,-1.37,-0.14,1.44,-0.013712047012732653,-0.03544061302681989,-0.0853769300635785,0.021920100265695214,10.9545,-0.08074307362271206,0.6048048048048058,1.353753753753754,-0.5532386867790589
2020-05-26,601138,10.13,10.45,10.49,10.13,288665,386219568.0,3.57,3.77,0.38,1.55,0.037735849056603765,-0.026095060577819296,-0.0421631530705775,0.023793704583640475,10.931500000000002,-0.04404702007958672,0.6276276276276287,1.353753753753754,-0.5363797692990233
2020-05-27,601138,10.51,10.43,10.54,10.31,290721,391646992.0,2.2,-0.19,-0.02,1.56,-0.00191387559808609,-0.03425925925925932,-0.0431192660550459,0.023792619429926467,10.908,-0.0438210487715438,0.6264264264264275,1.353753753753754,-0.5372670807453409
2020-05-28,601138,10.45,10.41,10.58,10.15,222956,299141616.0,4.12,-0.19,-0.02,1.19,-0.0019175455417065335,-0.013270142180094813,-0.04495412844036695,0.023788287177951162,10.8835,-0.04350622501952493,0.6252252252252264,1.353753753753754,-0.5381543921916585
2020-05-29,601138,10.35,10.36,10.4,10.16,337257,449526384.0,2.31,-0.48,-0.05,1.81,-0.004803073967339144,0.014691478942213454,-0.07168458781362008,0.022997228211329334,10.8435,-0.04458892424032841,0.6222222222222233,1.353753753753754,-0.5403726708074527
2020-06-01,601138,10.41,10.83,10.88,10.4,485643,669725472.0,4.63,4.54,0.47,2.6,0.04536679536679533,0.07547169811320753,-0.03217158176943691,0.025447391491812875,10.8255,0.0004156851877511589,0.6504504504504516,1.353753753753754,-0.5195208518189878
2020-06-02,601138,10.85,11.11,11.23,10.8,557639,788167648.0,3.97,2.59,0.28,2.99,0.025854108956602007,0.06315789473684208,-0.045532646048110026,0.024394388133493716,10.799000000000001,0.02879896286693195,0.6672672672672684,1.353753753753754,-0.5070984915705405
2020-06-03,601138,11.22,11.17,11.46,10.97,617705,882340432.0,4.41,0.54,0.06,3.31,0.005400540054005365,0.07094918504314474,-0.04611443210930832,0.02438410974112749,10.772,0.03694764203490528,0.6708708708708719,1.353753753753754,-0.5044365572315876
2020-06-04,601138,11.2,11.11,11.33,11.08,326054,463959376.0,2.24,-0.54,-0.06,1.75,-0.0053715308863026,0.06724303554274735,-0.019417475728155442,0.023338071578443954,10.761,0.032431930118018794,0.6672672672672684,1.353753753753754,-0.5070984915705405
2020-06-05,601138,11.11,11.03,11.21,10.83,313336,440290272.0,3.42,-0.72,-0.08,1.68,-0.007200720072007227,0.0646718146718146,-0.03160667251975424,0.023335776799510786,10.743,0.026715070278320676,0.6624624624624635,1.353753753753754,-0.5106477373558113
2020-06-08,601138,11.2,11.21,11.5,11.15,419716,602422992.0,3.17,1.63,0.18,2.25,0.016319129646418906,0.03508771929824572,-0.022667829119441985,0.023602299534308632,10.73,0.044734389561975806,0.6732732732732744,1.353753753753754,-0.5026619343389523
2020-06-09,601138,11.35,11.5,11.6,11.17,558616,810704768.0,3.84,2.59,0.29,2.99,0.025869759143621662,0.035103510351035094,0.028622540250447193,0.02359042927412091,10.746,0.0701656430299646,0.6906906906906918,1.353753753753754,-0.48979591836734626
2020-06-10,601138,11.51,11.23,11.54,11.15,400340,573193040.0,3.39,-2.35,-0.27,2.14,-0.02347826086956517,0.005371530886302711,0.008984725965857976,0.024225405965359756,10.751000000000001,0.044553994977211346,0.6744744744744756,1.353753753753754,-0.5017746228926346
2020-06-11,601138,11.2,10.97,11.3,10.91,445750,629868080.0,3.47,-2.32,-0.26,2.39,-0.02315227070347281,-0.012601260126012481,0.03101503759398505,0.02259048126561349,10.7675,0.01880659391687955,0.65885885885886,1.353753753753754,-0.5133096716947642
2020-06-12,601138,10.65,10.76,10.87,10.57,404305,557870384.0,2.73,-1.91,-0.21,2.16,-0.019143117593436676,-0.024478694469628248,0.0018621973929235924,0.022981304740575484,10.7685,-0.0007893392765937438,0.6462462462462473,1.353753753753754,-0.5226264418810996
2020-06-15,601138,10.63,10.62,10.89,10.61,311905,430131056.0,2.6,-1.3,-0.14,1.67,-0.013011152416356975,-0.052631578947368585,0.01724137931034475,0.022245469385227576,10.7775,-0.014613778705636803,0.6378378378378388,1.353753753753754,-0.5288376220053232
2020-06-16,601138,10.69,10.98,10.99,10.69,376143,522587616.0,2.82,3.39,0.36,2.01,0.033898305084745894,-0.045217391304347765,0.02329916123019582,0.022670002084280785,10.790000000000001,0.017608897126969367,0.6594594594594605,1.353753753753754,-0.5128660159716054
2020-06-17,601138,10.92,11.2,11.31,10.84,512882,727272768.0,4.28,2.0,0.22,2.75,0.02003642987249532,-0.00267141585040076,0.03703703703703698,0.023029426028447958,10.809999999999999,0.03607770582793715,0.6726726726726736,1.353753753753754,-0.5031055900621112
2020-06-18,601138,11.2,11.35,11.4,11.06,501653,719706672.0,3.04,1.34,0.15,2.69,0.013392857142857206,0.03463992707383756,0.07582938388625582,0.022363290506928136,10.85,0.04608294930875576,0.6816816816816826,1.353753753753754,-0.4964507542147288
2020-06-19,601138,11.38,11.3,11.45,11.22,437882,628318880.0,2.03,-0.44,-0.05,2.34,-0.004405286343612258,0.05018587360594795,0.10675808031341827,0.02080922943502415,10.9045,0.03626943005181349,0.6786786786786797,1.353753753753754,-0.4986690328305229
2020-06-22,601138,11.31,11.35,11.57,11.26,535623,773866656.0,2.74,0.44,0.05,2.87,0.004424778761061843,0.06873822975517885,0.12711022840119157,0.020327248798939188,10.9685,0.03478141951953312,0.6816816816816826,1.353753753753754,-0.4964507542147288
2020-06-23,601138,11.31,11.06,11.34,10.98,490115,693937440.0,3.17,-2.56,-0.29,2.62,-0.02555066079295143,0.007285974499089187,0.058373205741626855,0.020083323029201613,10.998999999999999,0.005545958723520477,0.6642642642642653,1.353753753753754,-0.5093167701863347
2020-06-24,601138,11.1,12.47,12.47,11.05,1852614,2796533040.0,12.84,12.75,1.41,9.92,0.1274864376130198,0.1133928571428573,0.19558964525407485,0.03425216206034665,11.101,0.12332222322313302,0.7489489489489501,1.353753753753754,-0.4467613132209398
2020-06-29,601138,12.44,12.17,12.44,11.95,1049712,1600030896.0,3.93,-2.41,-0.3,5.62,-0.024057738572574205,0.07224669603524236,0.16906820365033615,0.03499044075616831,11.189,0.0876753954777013,0.7309309309309321,1.353753753753754,-0.4600709849157047
2020-06-30,601138,12.34,12.3,12.4,12.07,752560,1135545408.0,2.71,1.07,0.13,4.03,0.010682004930156141,0.08849557522123885,0.18725868725868744,0.034854115513371364,11.286,0.08984582668793205,0.73873873873874,1.353753753753754,-0.4543034605146399
2020-07-01,601138,12.35,12.57,12.6,12.17,878193,1337872704.0,3.5,2.2,0.27,4.7,0.02195121951219514,0.1074889867841411,0.16066481994459836,0.03395587105869313,11.373,0.10524927459773156,0.7549549549549562,1.353753753753754,-0.44232475598935145
2020-07-02,601138,12.49,12.76,12.83,12.33,1082959,1668685088.0,3.98,1.51,0.19,5.8,0.01511535401750197,0.15370705244122962,0.14851485148514865,0.03374287930960864,11.4555,0.11387543101566924,0.7663663663663677,1.353753753753754,-0.4338952972493337
2020-07-03,601138,12.8,13.06,13.4,12.71,1297945,2071258848.0,5.41,2.35,0.3,6.95,0.023510971786833812,0.04731355252606262,0.16920322291853185,0.03392719612753117,11.55,0.1307359307359307,0.7843843843843857,1.353753753753754,-0.4205856255545688
2020-07-06,601138,13.36,13.64,13.96,13.35,1229308,2023770960.0,4.67,4.44,0.58,6.58,0.04441041347626351,0.12078882497945775,0.22772277227722793,0.03468400463340606,11.6765,0.16815826660386243,0.8192192192192207,1.353753753753754,-0.39485359361135663
2020-07-07,601138,13.65,13.53,14.02,13.51,1115810,1848198032.0,3.74,-0.81,-0.11,5.97,-0.008064516129032362,0.09999999999999987,0.22665457842248404,0.03470820090659125,11.8015,0.14646443248739555,0.812612612612614,1.353753753753754,-0.39973380656610386
2020-07-08,601138,13.45,13.55,13.62,13.18,887583,1443993280.0,3.25,0.15,0.02,4.75,0.0014781966001480296,0.07796340493237874,0.20874219446922382,0.034742887048539485,11.9185,0.13688803121198145,0.8138138138138153,1.353753753753754,-0.39884649511978604
2020-07-09,601138,13.53,13.87,14.02,13.44,999154,1657624448.0,4.28,2.36,0.32,5.35,0.023616236162361526,0.0869905956112853,0.20608695652173914,0.034692566018164,12.036999999999999,0.1522804685552879,0.8330330330330346,1.353753753753754,-0.38464951197870356
2020-07-10,601138,13.83,13.18,13.83,13.05,932744,1517897520.0,5.62,-4.97,-0.69,4.99,-0.049747656813265984,0.009188361408882129,0.1736420302760462,0.03647647724263013,12.1345,0.08615929786971038,0.7915915915915931,1.353753753753754,-0.4152617568766627
2020-07-13,601138,13.11,13.65,13.72,13.05,809180,1320409808.0,5.08,3.57,0.47,4.33,0.03566009104704104,0.0007331378299120228,0.24430264357338194,0.0361474394326156,12.2685,0.11260545298936307,0.8198198198198214,1.353753753753754,-0.3944099378881977
2020-07-14,601138,13.68,13.74,13.99,13.4,844748,1400077136.0,4.32,0.66,0.09,4.52,0.00659340659340657,0.015521064301552201,0.2769516728624535,0.035447317361639814,12.4175,0.10650291926716325,0.8252252252252268,1.353753753753754,-0.39041703637976827
2020-07-15,601138,13.98,13.35,14.24,13.28,810081,1343779296.0,6.99,-2.84,-0.39,4.34,-0.028384279475982543,-0.014760147601476148,0.2570621468926555,0.03619685141842735,12.554,0.0634060857097339,0.8018018018018033,1.353753753753754,-0.40771960958296266
2020-07-16,601138,13.28,12.02,13.52,11.92,1044330,1623940880.0,11.99,-9.96,-1.33,5.59,-0.099625468164794,-0.13338139870223498,0.0947176684881601,0.04353500405112047,12.605999999999998,-0.046485800412501874,0.7219219219219233,1.353753753753754,-0.46672582076308694
2020-07-17,601138,12.23,11.94,12.31,11.69,679171,1009220944.0,5.16,-0.67,-0.08,3.64,-0.006655574043261225,-0.09408194233687406,0.06607142857142856,0.04347262843861524,12.643,-0.055603891481452276,0.7171171171171185,1.353753753753754,-0.4702750665483576
2020-07-20,601138,12.03,12.44,12.48,11.89,517190,777592032.0,4.94,4.19,0.5,2.77,0.041876046901172526,-0.08864468864468866,0.09603524229074889,0.04425292671633265,12.697500000000002,-0.020279582594999176,0.7471471471471486,1.353753753753754,-0.4480922803904161
2020-07-21,601138,12.55,12.58,12.64,12.3,461383,707697248.0,2.73,1.13,0.14,2.47,0.0112540192926045,-0.0844250363901019,0.11327433628318584,0.044206662166285535,12.7615,-0.01422246601104884,0.755555555555557,1.353753753753754,-0.4418811002661925
2020-07-22,601138,12.59,12.51,12.71,12.4,416534,641824144.0,2.46,-0.56,-0.07,2.23,-0.005564387917329161,-0.06292134831460672,0.10220264317180616,0.044285308246257614,12.8195,-0.024142907289675875,0.7513513513513527,1.353753753753754,-0.4449866903283044
2020-07-23,601138,12.32,12.13,12.37,11.76,582934,869142768.0,4.88,-3.04,-0.38,3.12,-0.0303756994404476,0.009151414309484185,0.09674502712477406,0.044477804983425136,12.873,-0.057717703720966254,0.7285285285285298,1.353753753753754,-0.46184560780833994
2020-07-24,601138,12.07,11.31,12.21,11.21,682951,989868784.0,8.24,-6.76,-0.82,3.66,-0.06760098928277003,-0.05276381909547734,-0.09302325581395354,0.03711287774442342,12.815000000000001,-0.11744049941474839,0.6792792792792804,1.353753753753754,-0.4982253771073639
2020-07-27,601138,11.38,11.16,11.45,11.0,384133,538939296.0,3.98,-1.33,-0.15,2.06,-0.01326259946949604,-0.10289389067524113,-0.0829909613804437,0.036886629316127725,12.764500000000002,-0.12570018410435202,0.6702702702702714,1.353753753753754,-0.5048802129547464
2020-07-28,601138,11.3,11.36,11.52,11.23,312419,444170720.0,2.6,1.79,0.2,1.67,0.017921146953404854,-0.09697933227345001,-0.07642276422764238,0.03706979846992848,12.7175,-0.10674267741301356,0.6822822822822834,1.353753753753754,-0.4960070984915698
2020-07-29,601138,11.37,11.66,11.7,11.22,446594,642568544.0,4.23,2.64,0.3,2.39,0.026408450704225483,-0.06794564348521182,-0.07239459029435169,0.03724255955938497,12.672,-0.07986111111111115,0.7003003003003015,1.353753753753754,-0.4826974267968049
2020-07-30,601138,11.66,11.44,11.71,11.43,340125,489209472.0,2.4,-1.89,-0.22,1.82,-0.018867924528301994,-0.05688375927452605,-0.10344827586206895,0.037144210840912247,12.605999999999998,-0.09249563699825471,0.6870870870870882,1.353753753753754,-0.4924578527062992
2020-07-31,601138,11.43,11.74,11.98,11.42,540653,787750160.0,4.9,2.62,0.3,2.89,0.02622377622377625,0.03801945181255517,-0.10107197549770297,0.037257704164023304,12.540000000000001,-0.06379585326953753,0.7051051051051063,1.353753753753754,-0.47914818101153434
2020-08-03,601138,11.83,12.04,12.14,11.82,508011,752974976.0,2.73,2.56,0.3,2.72,0.02555366269165238,0.07885304659498193,-0.11730205278592387,0.03617407039120789,12.459999999999999,-0.033707865168539325,0.7231231231231242,1.353753753753754,-0.4658385093167695
2020-08-04,601138,12.05,11.83,12.12,11.66,486833,715488208.0,3.82,-1.74,-0.21,2.61,-0.0174418604651162,0.041373239436619746,-0.12564671101256464,0.03626864086149565,12.375,-0.04404040404040403,0.7105105105105116,1.353753753753754,-0.4751552795031049
2020-08-05,601138,11.98,11.76,11.99,11.68,380069,556437632.0,2.62,-0.59,-0.07,2.03,-0.00591715976331364,0.00857632933104635,-0.13210332103321043,0.036225554050164296,12.285499999999999,-0.042774001872125614,0.7063063063063074,1.353753753753754,-0.4782608695652167
2020-08-06,601138,11.8,11.65,11.86,11.44,459173,662821360.0,3.57,-0.94,-0.11,2.46,-0.009353741496598622,0.018356643356643332,-0.16005767844268193,0.0355304268691214,12.1745,-0.04308185141073553,0.6996996996997008,1.353753753753754,-0.4831410825199638
2020-08-07,601138,11.63,11.45,11.63,11.32,373798,534630272.0,2.66,-1.72,-0.2,2.0,-0.017167381974249052,-0.02470187393526413,-0.1312594840667679,0.034242303138449136,12.088,-0.05277961614824619,0.6876876876876887,1.353753753753754,-0.4920141969831404
2020-08-10,601138,11.34,11.56,11.67,11.26,339467,487413600.0,3.58,0.96,0.11,1.82,0.009606986899563408,-0.03986710963455142,-0.15311355311355312,0.03303069756484412,11.9835,-0.0353402595235114,0.6942942942942955,1.353753753753754,-0.48713398402839325
2020-08-11,601138,11.55,11.31,11.63,11.28,309164,442390544.0,3.03,-2.16,-0.25,1.65,-0.021626297577854725,-0.04395604395604391,-0.17685589519650657,0.032988941875298466,11.861999999999998,-0.04653515427415258,0.6792792792792803,1.353753753753754,-0.49822537710736403
2020-08-12,601138,11.53,12.29,12.42,11.49,1195040,1766522592.0,8.22,8.66,0.98,6.4,0.08664898320070713,0.04506802721088432,-0.07940074906367045,0.038948672149534985,11.809000000000001,0.040731645355237364,0.7381381381381391,1.353753753753754,-0.4547471162377989
2020-08-13,601138,12.42,12.32,12.59,12.11,778329,1182684448.0,3.91,0.24,0.03,4.17,0.0024410089503661414,0.057510729613733824,0.024958402662229595,0.03168640223501571,11.824000000000002,0.041948579161028295,0.7399399399399409,1.353753753753754,-0.4534161490683224
2020-08-14,601138,12.16,12.18,12.27,11.96,562583,841484992.0,2.52,-1.14,-0.14,3.01,-0.011363636363636465,0.06375545851528397,0.0201005025125629,0.03176916382300498,11.836000000000002,0.02906387293004373,0.7315315315315324,1.353753753753754,-0.45962732919254606
2020-08-17,601138,12.24,12.43,12.47,12.07,610997,926920048.0,3.28,2.05,0.25,3.27,0.020525451559934238,0.07525951557093413,-0.000803858520900258,0.030679985438178257,11.8355,0.05023023953360653,0.7465465465465474,1.353753753753754,-0.44853593611357534
2020-08-18,601138,12.45,12.33,12.57,12.22,463396,704755216.0,2.82,-0.8,-0.1,2.48,-0.008045052292839916,0.0901856763925728,-0.019872813990461036,0.030624152640831716,11.823,0.04288251712763255,0.7405405405405414,1.353753753753754,-0.45297249334516365
2020-08-19,601138,12.33,12.0,12.36,11.95,423855,633388784.0,3.33,-2.68,-0.33,2.27,-0.02676399026763987,-0.02359641985353944,-0.04076738609112707,0.03116842905791976,11.797500000000001,0.01716465352828979,0.7207207207207216,1.353753753753754,-0.467613132209405
2020-08-20,601138,11.9,11.98,12.2,11.84,290134,431391632.0,3.0,-0.17,-0.02,1.55,-0.0016666666666665941,-0.02759740259740262,-0.012366034624896938,0.03042680015363576,11.79,0.016115351993214698,0.7195195195195204,1.353753753753754,-0.46850044365572263
2020-08-21,601138,12.15,11.95,12.2,11.8,337754,501453248.0,3.34,-0.25,-0.03,1.81,-0.0025041736227046085,-0.018883415435139606,0.056587091069849604,0.025994845386233697,11.822,0.01082727118930808,0.7177177177177185,1.353753753753754,-0.4698314108251992
2020-08-24,601138,12.01,12.14,12.29,11.81,458121,685283040.0,4.02,1.59,0.19,2.45,0.0158995815899583,-0.023330651649235645,0.08781362007168458,0.025848118370032324,11.870999999999999,0.022660264510150952,0.7291291291291301,1.353753753753754,-0.4614019520851813
2020-08-25,601138,12.19,12.24,12.5,12.15,556141,844079584.0,2.88,0.82,0.1,2.98,0.008237232289950658,-0.007299270072992692,0.07746478873239449,0.025674096159209594,11.915000000000001,0.02727654217373053,0.7351351351351362,1.353753753753754,-0.45696539485359294
2020-08-26,601138,12.23,11.69,12.24,11.62,473328,697999056.0,5.07,-4.49,-0.55,2.53,-0.04493464052287588,-0.025833333333333375,0.002572898799313883,0.027307118269823193,11.916500000000001,-0.01900725884278114,0.702102102102103,1.353753753753754,-0.48136645962732866
2020-08-27,601138,11.75,11.8,11.83,11.59,246415,358741760.0,2.05,0.94,0.11,1.32,0.009409751924722043,-0.015025041736226985,0.03146853146853168,0.026983074584956385,11.9345,-0.01126984791989603,0.7087087087087096,1.353753753753754,-0.47648624667258155
2020-08-28,601138,11.71,11.9,11.94,11.56,369934,539785968.0,3.22,0.85,0.1,1.98,0.008474576271186418,-0.004184100418409997,0.013628620102214661,0.02642670549241093,11.942499999999999,-0.0035587188612098515,0.7147147147147156,1.353753753753754,-0.47204968944099324
2020-08-31,601138,11.99,11.89,12.19,11.8,426428,634961664.0,3.28,-0.08,-0.01,2.28,-0.0008403361344537785,-0.020593080724876422,-0.012458471760797174,0.02578733897255214,11.935,-0.003770423125261829,0.714114114114115,1.353753753753754,-0.4724933451641521
2020-09-01,601138,11.82,11.88,11.92,11.65,316923,464127696.0,2.27,-0.08,-0.01,1.7,-0.000841042893187538,-0.02941176470588236,0.004226542688081203,0.025472434285972165,11.9375,-0.0048167539267015055,0.7135135135135143,1.353753753753754,-0.47293700088731094
2020-09-02,601138,11.87,11.92,12.12,11.81,385207,570206080.0,2.61,0.34,0.04,2.06,0.0033670033670032407,0.019674935842600494,0.013605442176870763,0.025433690360156073,11.9455,-0.0021346950734585568,0.7159159159159166,1.353753753753754,-0.4711623779946757
2020-09-03,601138,11.99,11.66,11.99,11.6,357019,520852064.0,3.27,-2.18,-0.26,1.91,-0.021812080536912748,-0.011864406779661052,0.0008583690987125081,0.025849149059123472,11.946000000000002,-0.02394106813996328,0.700300300300301,1.353753753753754,-0.4826974267968053
2020-09-04,601138,11.44,11.32,11.44,11.19,550674,778605424.0,2.14,-2.92,-0.34,2.95,-0.029159519725557415,-0.04873949579831938,-0.011353711790392906,0.02640993477979379,11.9395,-0.05188659491603504,0.6798798798798806,1.353753753753754,-0.4977817213842054
2020-09-07,601138,11.16,11.09,11.32,11.01,393674,551975808.0,2.74,-2.03,-0.23,2.11,-0.02031802120141346,-0.06728343145500426,-0.040657439446366794,0.026668685998594205,11.916,-0.06931856327626724,0.6660660660660668,1.353753753753754,-0.5079858030168585
2020-09-08,601138,11.09,11.36,11.36,11.09,301429,424788960.0,2.43,2.43,0.27,1.61,0.024346257889990897,-0.043771043771043905,0.004420866489831976,0.02684540739908612,11.9185,-0.04685992364811012,0.6822822822822829,1.353753753753754,-0.49600709849157015
2020-09-09,601138,11.21,11.06,11.22,11.01,274125,382888288.0,1.85,-2.64,-0.3,1.47,-0.02640845070422526,-0.07214765100671139,-0.10008136696501213,0.018308186833472028,11.857,-0.06721767732141341,0.664264264264265,1.353753753753754,-0.509316770186335
2020-09-10,601138,11.15,10.71,11.19,10.65,347928,478563488.0,4.88,-3.16,-0.35,1.86,-0.03164556962025311,-0.08147512864493989,-0.13068181818181812,0.019137257049746843,11.7765,-0.09056171188383641,0.643243243243244,1.353753753753754,-0.524844720496894
2020-09-11,601138,10.62,10.77,10.82,10.5,270806,365241424.0,2.99,0.56,0.06,1.45,0.0056022408963585235,-0.048586572438162556,-0.11576354679802958,0.019299751565060017,11.706,-0.07995899538698104,0.6468468468468476,1.353753753753754,-0.522182786157941
2020-09-14,601138,10.77,11.0,11.04,10.66,256287,351794592.0,3.53,2.14,0.23,1.37,0.02135561745589598,-0.008115419296663595,-0.11504424778761058,0.019360495561111125,11.6345,-0.054536078043749124,0.6606606606606614,1.353753753753754,-0.5119787045252879
2020-09-15,601138,10.98,10.88,10.98,10.78,212305,290727760.0,1.82,-1.09,-0.12,1.14,-0.010909090909090868,-0.042253521126760396,-0.1175993511759934,0.01938767346176031,11.562000000000001,-0.058986334544196536,0.6534534534534543,1.353753753753754,-0.5173025732031938
2020-09-16,601138,10.84,10.75,10.84,10.67,219341,298064672.0,1.56,-1.19,-0.13,1.17,-0.01194852941176483,-0.028028933092224317,-0.10416666666666663,0.018829804276453643,11.499500000000001,-0.06517674681507901,0.6456456456456464,1.353753753753754,-0.5230700976042586
2020-09-17,601138,10.71,10.71,10.83,10.58,220633,298437568.0,2.33,-0.37,-0.04,1.18,-0.0037209302325580396,0.0,-0.10601001669449073,0.01881445360618269,11.436,-0.0634837355718782,0.6432432432432441,1.353753753753754,-0.5248447204968939
2020-09-18,601138,10.72,10.97,10.99,10.67,318283,435819472.0,2.99,2.43,0.26,1.7,0.024276377217553602,0.01857010213556176,-0.08200836820083668,0.01995134731708655,11.386999999999999,-0.036620707824712224,0.6588588588588596,1.353753753753754,-0.5133096716947644
2020-09-21,601138,10.96,10.89,11.09,10.88,242492,335581216.0,1.91,-0.73,-0.08,1.3,-0.007292616226071136,-0.009999999999999898,-0.10296540362438222,0.019395309827821887,11.3245,-0.038368139873725095,0.6540540540540548,1.353753753753754,-0.5168589174800351
2020-09-22,601138,10.8,10.71,10.89,10.67,225367,306786192.0,2.02,-1.65,-0.18,1.21,-0.016528925619834656,-0.015625,-0.125,0.01927995062319704,11.248000000000001,-0.04783072546230443,0.643243243243244,1.353753753753754,-0.524844720496894
2020-09-23,601138,10.78,10.72,10.84,10.6,234368,317674704.0,2.24,0.09,0.01,1.25,0.0009337068160597539,-0.0027906976744185297,-0.08297690333618468,0.017065340763610704,11.1995,-0.04281441135764988,0.6438438438438446,1.353753753753754,-0.5244010647737352
2020-09-24,601138,10.6,10.38,10.66,10.36,287767,383429712.0,2.8,-3.17,-0.34,1.54,-0.03171641791044777,-0.03081232492997199,-0.12033898305084745,0.017803091213697723,11.1285,-0.06725973850923304,0.6234234234234242,1.353753753753754,-0.5394853593611353
2020-09-25,601138,10.46,10.32,10.47,10.23,192394,253702763.0,2.31,-0.58,-0.06,1.03,-0.005780346820809301,-0.0592525068368277,-0.13277310924369745,0.01746515896325916,11.0495,-0.06602108692701025,0.6198198198198205,1.353753753753754,-0.5421472937000883
2020-09-28,601138,10.35,10.43,10.51,10.3,226597,300545216.0,2.03,1.07,0.11,1.21,0.01065891472868219,-0.04224058769513328,-0.12279226240538277,0.017861727378421382,10.9765,-0.04978818384731016,0.6264264264264271,1.353753753753754,-0.5372670807453412
2020-09-29,601138,10.47,10.71,10.84,10.45,341770,464058560.0,3.74,2.68,0.28,1.83,0.0268456375838928,0.0,-0.09848484848484851,0.019326226995928005,10.918000000000001,-0.019051108261586385,0.643243243243244,1.353753753753754,-0.524844720496894
2020-09-30,601138,10.75,10.74,10.86,10.63,285198,388006864.0,2.15,0.28,0.03,1.52,0.0028011204481792618,0.001865671641791078,-0.09899328859060397,0.019313754155008207,10.859,-0.010958651809558871,0.6450450450450458,1.353753753753754,-0.5235137533274175
2020-10-09,601138,10.96,11.0,11.05,10.88,310853,430030912.0,1.58,2.42,0.26,1.66,0.024208566108007368,0.059730250481695446,-0.05660377358490565,0.019939297254914827,10.825999999999999,0.016072418252355558,0.6606606606606613,1.353753753753754,-0.511978704525288
2020-10-12,601138,11.05,11.17,11.19,11.01,347080,484181616.0,1.64,1.55,0.17,1.85,0.015454545454545388,0.08236434108527124,-0.013250883392226132,0.019311410577432585,10.8185,0.03249064103156627,0.6708708708708715,1.353753753753754,-0.504436557231588
2020-10-13,601138,11.15,11.08,11.15,10.93,215667,299525728.0,1.97,-0.81,-0.09,1.15,-0.008057296329453845,0.06232023010546506,-0.0009017132551848439,0.018837617741302555,10.818,0.024218894435200634,0.6654654654654661,1.353753753753754,-0.5084294587400173
2020-10-14,601138,10.95,10.88,10.97,10.75,311778,427321152.0,1.99,-1.81,-0.2,1.67,-0.01805054151624541,0.015873015873015817,-0.042253521126760396,0.018347466127561277,10.794,0.007967389290346516,0.6534534534534542,1.353753753753754,-0.517302573203194
2020-10-15,601138,10.9,10.9,10.97,10.81,178509,245621211.0,1.47,0.18,0.02,0.95,0.0018382352941175295,0.014897579143389184,-0.01446654611211573,0.017433793888006453,10.786,0.010569256443537992,0.6546546546546553,1.353753753753754,-0.5164152617568762
2020-10-16,601138,11.03,10.93,11.03,10.86,156557,215663036.0,1.56,0.28,0.03,0.84,0.0027522935779815683,-0.006363636363636349,0.020541549953314586,0.01583124684573158,10.797,0.012318236547188952,0.6564564564564571,1.353753753753754,-0.5150842945873998
2020-10-19,601138,11.05,11.01,11.2,11.0,234420,326995648.0,1.83,0.73,0.08,1.25,0.007319304666056681,-0.0143240823634736,0.022284122562674202,0.01586136857919521,10.809000000000001,0.018595614765473098,0.661261261261262,1.353753753753754,-0.5115350488021292
2020-10-20,601138,10.97,11.0,11.0,10.79,173062,237631498.0,1.91,-0.09,-0.01,0.92,-0.0009082652134423386,-0.0072202166064981865,0.0,0.015138775360768316,10.809000000000001,0.017670459802016737,0.6606606606606613,1.353753753753754,-0.511978704525288
2020-10-21,601138,10.97,10.79,10.97,10.76,164944,225386929.0,1.91,-1.91,-0.21,0.88,-0.01909090909090916,-0.008272058823529549,-0.008272058823529549,0.015556950484849678,10.8045,-0.0013420334120044178,0.6480480480480486,1.353753753753754,-0.5212954747116235
2020-10-22,601138,10.73,10.81,10.85,10.64,155929,212210818.0,1.95,0.19,0.02,0.83,0.001853568118628468,-0.008256880733944927,0.005581395348837281,0.015317325191735632,10.807500000000001,0.00023132084200781886,0.6492492492492499,1.353753753753754,-0.5204081632653058
2020-10-23,601138,10.82,10.74,10.98,10.74,124885,171135118.0,2.22,-0.65,-0.07,0.67,-0.00647548566142464,-0.017383348581884728,0.0028011204481792618,0.015368531143635832,10.809000000000001,-0.0063835692478490915,0.6450450450450457,1.353753753753754,-0.5235137533274176
2020-10-26,601138,10.72,10.83,10.92,10.62,126162,172001952.0,2.79,0.84,0.09,0.67,0.008379888268156499,-0.016348773841961872,-0.012762078395624488,0.014443906964415032,10.802000000000001,0.0025921125717458518,0.6504504504504511,1.353753753753754,-0.5195208518189881
2020-10-27,601138,10.74,11.02,11.09,10.7,207767,287021776.0,3.6,1.75,0.19,1.11,0.01754385964912286,0.0018181818181817189,0.011937557392102782,0.014893701963371909,10.8085,0.019567932645602918,0.6618618618618626,1.353753753753754,-0.5110913930789703
2020-10-28,601138,11.08,11.09,11.18,10.92,305486,424912272.0,2.36,0.64,0.07,1.63,0.006352087114337657,0.027803521779425466,0.03548085901027065,0.014370291754886107,10.827499999999999,0.024243823597321735,0.6660660660660669,1.353753753753754,-0.5079858030168585
2020-10-29,601138,10.91,11.11,11.21,10.81,289193,400681584.0,3.61,0.18,0.02,1.54,0.0018034265103696878,0.02775208140610541,0.03638059701492535,0.014368710769235788,10.847,0.024246335392274353,0.667267267267268,1.353753753753754,-0.5070984915705408
2020-10-30,601138,11.05,10.8,11.2,10.72,273953,378373632.0,4.32,-2.79,-0.31,1.46,-0.027902790279027756,0.005586592178770999,0.040462427745664664,0.013917529341399618,10.868,-0.006256900993743064,0.6486486486486495,1.353753753753754,-0.5208518189884644
2020-11-02,601138,10.55,10.31,10.65,10.16,492014,648172560.0,4.54,-4.54,-0.49,2.63,-0.045370370370370394,-0.048014773776546615,-0.0009689922480620172,0.017458860525778663,10.8675,-0.05129974695192079,0.61921921921922,1.353753753753754,-0.5425909494232471
2020-11-03,601138,10.33,10.53,10.58,10.31,277306,369151856.0,2.62,2.13,0.22,1.48,0.02133850630455858,-0.04446460980036304,0.009587727708533,0.017955137672279978,10.872499999999999,-0.0315014945964589,0.6324324324324331,1.353753753753754,-0.5328305235137529
2020-11-04,601138,10.55,10.62,10.81,10.47,225946,304776672.0,3.23,0.85,0.09,1.21,0.008547008547008517,-0.04238052299368811,-0.008403361344538007,0.01698930705297839,10.867999999999999,-0.022819285977180654,0.6378378378378384,1.353753753753754,-0.5288376220053236
2020-11-05,601138,10.83,10.96,11.02,10.7,293975,404099968.0,3.01,3.2,0.34,1.57,0.03201506591337111,-0.013501350135013412,0.020484171322160183,0.01846060464147504,10.879000000000001,0.00744553727364643,0.6582582582582589,1.353753753753754,-0.5137533274179233
2020-11-06,601138,11.0,11.15,11.24,10.92,416531,581940384.0,2.92,1.73,0.19,2.23,0.017335766423357546,0.03240740740740744,0.013636363636363669,0.01806914035308288,10.886500000000002,0.024204289716621384,0.6696696696696702,1.353753753753754,-0.5053238686779057
2020-11-09,601138,11.42,11.55,11.75,11.32,625775,901108416.0,3.86,3.59,0.4,3.34,0.03587443946188351,0.12027158098933066,0.03401969561324991,0.01946198800786177,10.9055,0.05909861996240436,0.6936936936936944,1.353753753753754,-0.4875776397515524
2020-11-10,601138,11.5,12.21,12.59,11.36,1197655,1784335248.0,10.65,5.71,0.66,6.4,0.05714285714285716,0.1595441595441598,0.10198555956678712,0.022875596622203988,10.962,0.11384783798576913,0.7333333333333341,1.353753753753754,-0.45829636202306967
2020-11-11,601138,12.09,11.69,12.11,11.54,712691,1039448480.0,4.67,-4.26,-0.52,3.81,-0.04258804258804272,0.10075329566854996,0.0744485294117645,0.024763506642349723,11.0025,0.062485798682117705,0.7021021021021027,1.353753753753754,-0.4813664596273289
2020-11-12,601138,11.66,11.63,11.74,11.45,337648,487886784.0,2.48,-0.51,-0.06,1.8,-0.0051325919589391145,0.06113138686131392,0.06697247706422016,0.024842804946891072,11.039,0.053537458103089144,0.6984984984984992,1.353753753753754,-0.4840283939662818
2020-11-13,601138,11.46,11.5,11.55,11.23,306748,437005776.0,2.75,-1.12,-0.13,1.64,-0.011177987962166847,0.03139013452914785,0.052150045745654294,0.025060364786646146,11.067499999999999,0.039078382651908834,0.6906906906906913,1.353753753753754,-0.4897959183673466
2020-11-16,601138,11.6,11.43,11.63,11.36,241556,345094672.0,2.35,-0.61,-0.07,1.29,-0.006086956521739184,-0.010389610389610504,0.038147138964577554,0.025113568693666034,11.0885,0.03079767326509446,0.6864864864864871,1.353753753753754,-0.4929015084294584
2020-11-17,601138,11.41,11.29,11.42,11.11,319859,450227808.0,2.71,-1.22,-0.14,1.71,-0.012248468941382429,-0.07534807534807553,0.026363636363636367,0.02531400904402333,11.103,0.016842294875258883,0.6780780780780786,1.353753753753754,-0.49911268855368207
2020-11-18,601138,11.29,11.55,11.62,11.29,277119,396483072.0,2.92,2.3,0.26,1.48,0.023029229406554608,-0.011976047904191489,0.07043558850787779,0.025253555730875746,11.141,0.036711246746252646,0.6936936936936944,1.353753753753754,-0.4875776397515524
2020-11-19,601138,11.44,11.49,11.66,11.37,192072,276114960.0,2.51,-0.52,-0.06,1.03,-0.0051948051948051965,-0.012037833190025826,0.06290471785383911,0.025329915709942332,11.175,0.028187919463087203,0.6900900900900908,1.353753753753754,-0.49023957409050534
2020-11-20,601138,11.5,11.4,11.57,11.27,206591,294038016.0,2.61,-0.78,-0.09,1.1,-0.007832898172323799,-0.008695652173912993,0.06145251396648055,0.02535945577286086,11.208000000000002,0.017130620985010562,0.6846846846846854,1.353753753753754,-0.49423247559893485
2020-11-23,601138,11.41,11.32,11.44,11.25,320790,454599584.0,1.67,-0.7,-0.08,1.71,-0.007017543859649145,-0.00962379702537175,0.04524469067405357,0.025430466925465415,11.2325,0.007789895392833328,0.6798798798798805,1.353753753753754,-0.4977817213842055
2020-11-24,601138,11.3,11.32,11.5,11.28,272421,387862144.0,1.94,0.0,0.0,1.46,0.0,0.0026572187776794376,0.02722323049001818,0.025186422060334737,11.247499999999999,0.006445876861524923,0.6798798798798805,1.353753753753754,-0.4977817213842055
2020-11-25,601138,11.35,11.24,11.45,11.2,250509,354656112.0,2.21,-0.71,-0.08,1.34,-0.007067137809187329,-0.026839826839826886,0.01352569882777277,0.025233106161415424,11.255,-0.0013327410039982734,0.6750750750750757,1.353753753753754,-0.5013309671694761
2020-11-26,601138,11.21,11.15,11.28,11.13,166365,233664556.0,1.33,-0.8,-0.09,0.89,-0.008007117437722422,-0.02959094865100087,0.0036003600360037247,0.025311356329866884,11.257,-0.009505196766456368,0.6696696696696702,1.353753753753754,-0.5053238686779057
2020-11-27,601138,11.11,10.98,11.11,10.75,322185,442496448.0,3.23,-1.52,-0.17,1.72,-0.015246636771300448,-0.0368421052631579,0.016666666666666607,0.0247155339553932,11.266,-0.025386117521746812,0.65945945945946,1.353753753753754,-0.5128660159716057
2020-11-30,601138,10.92,10.96,11.22,10.9,281718,392622800.0,2.91,-0.18,-0.02,1.5,-0.0018214936247722413,-0.03180212014134276,0.06304558680892347,0.022194296594590775,11.2985,-0.0299597291675886,0.6582582582582589,1.353753753753754,-0.5137533274179233
2020-12-01,601138,10.91,11.23,11.26,10.91,256344,357930688.0,3.19,2.46,0.27,1.37,0.02463503649635035,-0.007950530035335635,0.06647673314339997,0.022347079993684748,11.3335,-0.009132218643843506,0.6744744744744752,1.353753753753754,-0.5017746228926349
2020-12-02,601138,11.25,11.2,11.27,11.07,187114,262345968.0,1.78,-0.27,-0.03,1.0,-0.00267141585040076,-0.003558718861210064,0.05461393596986808,0.022353410459298416,11.3625,-0.014301430143014425,0.6726726726726734,1.353753753753754,-0.5031055900621114
2020-12-03,601138,11.15,11.02,11.16,10.95,250909,348416720.0,1.88,-1.61,-0.18,1.34,-0.016071428571428514,-0.011659192825112186,0.005474452554744325,0.02163105080723252,11.3655,-0.030399014561612002,0.6618618618618626,1.353753753753754,-0.5110913930789703
2020-12-04,601138,10.95,10.99,11.1,10.95,176750,245069570.0,1.36,-0.27,-0.03,0.94,-0.0027223230490017736,0.0009107468123861207,-0.014349775784753382,0.0212710249683277,11.3575,-0.032357473035439115,0.6600600600600608,1.353753753753754,-0.5124223602484468
2020-12-07,601138,10.97,10.86,11.03,10.79,226348,311049776.0,2.18,-1.18,-0.13,1.21,-0.011828935395814422,-0.009124087591241059,-0.05974025974025987,0.01958404104673641,11.323,-0.04089022343901801,0.6522522522522529,1.353753753753754,-0.5181898846495115
2020-12-08,601138,11.0,11.29,11.34,10.9,412673,580007872.0,4.05,3.96,0.43,1.42,0.03959484346224684,0.005342831700801298,-0.07534807534807553,0.016971476505681548,11.277,0.0011527888622860603,0.6780780780780788,1.353753753753754,-0.4991126885536819
2020-12-09,601138,11.32,10.97,11.41,10.95,276367,388601472.0,4.07,-2.83,-0.32,0.95,-0.02834366696191304,-0.020535714285714213,-0.06159110350727104,0.015491168240540485,11.241,-0.024108175429232187,0.6588588588588598,1.353753753753754,-0.5133096716947643
2020-12-10,601138,10.91,10.58,10.92,10.55,400626,542256496.0,3.37,-3.56,-0.39,1.38,-0.03555150410209673,-0.03992740471869327,-0.09028374892519353,0.01711362777208351,11.188500000000001,-0.05438620011619083,0.6354354354354362,1.353753753753754,-0.5306122448979587
2020-12-11,601138,10.53,10.62,10.67,10.45,243916,327120368.0,2.08,0.38,0.04,0.84,0.003780718336483746,-0.033666969972702576,-0.07652173913043481,0.017137026032546604,11.1445,-0.047063573960249586,0.6378378378378385,1.353753753753754,-0.5288376220053235
2020-12-14,601138,10.67,10.69,10.7,10.45,190763,256212041.0,2.35,0.66,0.07,0.66,0.006591337099811634,-0.015653775322283625,-0.06474190726159235,0.017283154172298077,11.1075,-0.037587215845149714,0.6420420420420427,1.353753753753754,-0.5257320319432116
2020-12-15,601138,10.51,10.71,10.8,10.49,175057,236053918.0,2.9,0.19,0.02,0.6,0.00187090739008422,-0.051372896368467535,-0.051372896368467535,0.01718215758020673,11.078500000000002,-0.03326262580674287,0.643243243243244,1.353753753753754,-0.524844720496894
2020-12-16,601138,10.71,10.68,10.97,10.67,190962,261107599.0,2.8,-0.28,-0.03,0.66,-0.0028011204481793728,-0.026435733819507812,-0.07532467532467546,0.01609938920130234,11.035,-0.032170367014046256,0.6414414414414421,1.353753753753754,-0.5261756876663705
2020-12-17,601138,10.68,10.73,10.77,10.51,166844,225252130.0,2.43,0.47,0.05,0.58,0.004681647940074862,0.01417769376181477,-0.06614447345517838,0.01620500377756008,10.997,-0.02427934891333995,0.644444444444445,1.353753753753754,-0.5239574090505764
2020-12-18,601138,10.78,10.8,10.9,10.72,134098,182896813.0,1.68,0.65,0.07,0.46,0.006523765144454741,0.016949152542373058,-0.05263157894736836,0.016310875324557918,10.967,-0.015227500683869773,0.6486486486486492,1.353753753753754,-0.5208518189884647
2020-12-21,601138,10.75,10.8,10.9,10.66,164306,223964913.0,2.22,0.0,0.0,0.57,0.0,0.01028999064546321,-0.04593639575971731,0.01628570725445935,10.940999999999999,-0.01288730463394555,0.6486486486486492,1.353753753753754,-0.5208518189884647
2020-12-22,601138,10.73,10.42,10.77,10.39,264235,354408720.0,3.52,-3.52,-0.38,0.91,-0.03518518518518521,-0.027077497665733086,-0.0795053003533569,0.0178575419449675,10.896,-0.043685756240822396,0.6258258258258264,1.353753753753754,-0.5377107364685002
2020-12-23,601138,10.46,10.73,10.78,10.39,256267,344568624.0,3.74,2.98,0.31,0.88,0.029750479846449185,0.004681647940074862,-0.04537366548042698,0.01935747983360043,10.8705,-0.01292488845959242,0.644444444444445,1.353753753753754,-0.5239574090505764
2020-12-24,601138,10.78,10.53,10.81,10.47,153371,206001450.0,3.17,-1.86,-0.2,0.53,-0.018639328984156656,-0.018639328984156656,-0.0556053811659194,0.019670519740135572,10.8395,-0.028552977535864194,0.632432432432433,1.353753753753754,-0.532830523513753
2020-12-25,601138,10.5,10.55,10.57,10.41,130503,174384323.0,1.52,0.19,0.02,0.45,0.0018993352326686086,-0.02314814814814814,-0.03916211293260474,0.019466244079175465,10.818,-0.02477352560547226,0.6336336336336342,1.353753753753754,-0.5319432120674353
2020-12-28,601138,10.57,10.42,10.61,10.36,189971,252636691.0,2.37,-1.23,-0.13,0.66,-0.012322274881516715,-0.03518518518518521,-0.04927007299270081,0.019607516317839774,10.791,-0.03438050227041057,0.6258258258258264,1.353753753753754,-0.5377107364685002
2020-12-29,601138,10.47,10.66,10.75,10.39,258063,348441088.0,3.45,2.3,0.24,0.89,0.02303262955854124,0.02303262955854124,-0.050756901157613554,0.019494435262778033,10.7625,-0.009523809523809445,0.6402402402402407,1.353753753753754,-0.5270629991126883
2020-12-30,601138,10.64,10.82,10.82,10.56,240461,326295728.0,2.44,1.5,0.16,0.83,0.015009380863039379,0.00838769804287054,-0.03392857142857131,0.019879554511643263,10.743500000000001,0.007120584539488932,0.6498498498498503,1.353753753753754,-0.5199645075421471
2020-12-31,601138,10.82,10.84,10.98,10.73,244500,335039504.0,2.31,0.18,0.02,0.84,0.001848428835489857,0.029439696106362767,-0.016333938294010864,0.019591722056031394,10.7345,0.009828124272206367,0.6510510510510515,1.353753753753754,-0.5190771960958294
2021-01-04,601138,10.85,10.95,11.15,10.67,407225,559562016.0,4.43,1.01,0.11,1.41,0.010147601476014678,0.03791469194312791,-0.0036396724294813776,0.019730612604613156,10.732499999999998,0.020265548567435468,0.6576576576576582,1.353753753753754,-0.5141969831410823
2021-01-05,601138,10.95,11.1,11.1,10.75,391093,537512096.0,3.2,1.37,0.15,1.35,0.013698630136986356,0.06525911708253362,0.022099447513812098,0.019750602339136832,10.7445,0.033086695518637375,0.6666666666666672,1.353753753753754,-0.5075421472936998
2021-01-06,601138,11.11,11.02,11.21,10.97,394796,549516912.0,2.16,-0.72,-0.08,1.36,-0.007207207207207245,0.03377110694183849,-0.023914968999114272,0.017630805610223982,10.731,0.02693132047339481,0.6618618618618624,1.353753753753754,-0.5110913930789704
2021-01-07,601138,10.94,10.88,11.07,10.62,359547,492614624.0,4.08,-1.27,-0.14,1.24,-0.01270417422867498,0.005545286506469571,-0.008204193254329972,0.01667813502781898,10.726499999999998,0.014310352864401518,0.6534534534534541,1.353753753753754,-0.517302573203194
2021-01-08,601138,11.01,11.39,11.74,10.91,691276,986306528.0,7.63,4.69,0.51,2.39,0.046875,0.050738007380073835,0.07655954631379958,0.01765853572066058,10.767,0.05786198569703735,0.6840840840840847,1.353753753753754,-0.4946761313220937
2021-01-11,601138,11.25,11.51,11.75,11.2,615538,886733520.0,4.83,1.05,0.12,2.13,0.010535557506584636,0.05114155251141561,0.08380414312617712,0.01772177550762442,10.811499999999999,0.06460713129538002,0.6912912912912919,1.353753753753754,-0.4893522626441878
2021-01-12,601138,11.45,11.72,11.74,11.26,616275,884498848.0,4.17,1.82,0.21,2.13,0.018245004344048743,0.05585585585585595,0.096351730589336,0.017994704357762556,10.863,0.07889165055693649,0.7039039039039046,1.353753753753754,-0.4800354924578523
2021-01-13,601138,11.63,12.33,12.48,11.58,1147997,1716564464.0,7.68,5.2,0.61,3.96,0.05204778156996581,0.11887477313974593,0.15126050420168058,0.020842748804088176,10.943999999999999,0.12664473684210537,0.7405405405405412,1.353753753753754,-0.4529724933451638
2021-01-14,601138,12.3,12.82,13.75,12.17,2127219,3396621472.0,12.81,3.97,0.49,7.34,0.03974047039740469,0.1783088235294117,0.20037453183520615,0.021904391612277876,11.051,0.16007601122070403,0.7699699699699707,1.353753753753754,-0.43123336291038117
2021-01-15,601138,12.72,12.4,13.11,12.19,1107619,1719919056.0,7.18,-3.28,-0.42,3.82,-0.032761310452418035,0.0886742756804213,0.15563839701770732,0.023843100595782946,11.1345,0.1136557546364903,0.7447447447447455,1.353753753753754,-0.4498669032830519
2021-01-18,601138,12.41,13.03,13.1,12.15,919827,1433424384.0,7.66,5.08,0.63,3.18,0.0508064516129032,0.13205907906168535,0.20648148148148127,0.025726758641448747,11.246,0.15863418104214821,0.7825825825825834,1.353753753753754,-0.4219165927240457
2021-01-19,601138,13.01,12.25,13.01,12.2,771931,1187756288.0,6.22,-5.99,-0.78,2.66,-0.059861857252494155,0.04522184300341281,0.13425925925925908,0.03004026973833753,11.3185,0.08229889119582981,0.7357357357357366,1.353753753753754,-0.45652173913043426
2021-01-20,601138,12.5,12.29,12.63,12.19,489211,742855888.0,3.59,0.33,0.04,1.69,0.0032653061224490187,-0.0032441200324412334,0.17946257197696736,0.028401048046252243,11.411999999999999,0.07693655800911323,0.738138138138139,1.353753753753754,-0.45474711623779895
2021-01-21,601138,12.3,12.34,12.6,12.23,586762,894030016.0,3.01,0.41,0.05,2.02,0.00406834825061031,-0.03744149765990645,0.15004659832246037,0.02797517340192755,11.4925,0.073743745921253,0.741141141141142,1.353753753753754,-0.4525288376220048
2021-01-22,601138,12.24,11.9,12.25,11.59,745961,1093175472.0,5.35,-3.57,-0.44,2.57,-0.03565640194489461,-0.040322580645161255,0.1301044634377968,0.02904665413171946,11.561,0.02932272294784192,0.7147147147147156,1.353753753753754,-0.47204968944099324
2021-01-25,601138,11.84,12.35,12.36,11.65,630126,938892288.0,5.97,3.78,0.45,2.17,0.037815126050420034,-0.05218726016884112,0.17061611374407581,0.029844235837477254,11.651,0.05999485022744828,0.7417417417417426,1.353753753753754,-0.452085181898846
2021-01-26,601138,12.17,11.97,12.24,11.87,394090,584769520.0,3.0,-3.08,-0.38,1.36,-0.03076923076923066,-0.022857142857142798,0.1487523992322457,0.030786318056654754,11.7285,0.020590868397493307,0.7189189189189198,1.353753753753754,-0.4689440993788815
2021-01-27,601138,12.1,12.01,12.33,11.9,361201,538605008.0,3.59,0.33,0.04,1.25,0.003341687552213868,-0.022782750203417357,0.12664165103189484,0.0305744991679708,11.796,0.01814174296371655,0.7213213213213222,1.353753753753754,-0.4671694764862461
2021-01-28,601138,11.76,11.36,11.8,11.28,472844,677107024.0,4.33,-5.41,-0.65,1.63,-0.054121565362198254,-0.0794165316045381,0.049907578558225474,0.03333587767993138,11.823,-0.03916095745580656,0.682282282282283,1.353753753753754,-0.4960070984915701
2021-01-29,601138,11.55,11.44,11.71,11.17,434927,621419424.0,4.75,0.7,0.08,1.5,0.007042253521126751,-0.038655462184874034,0.05535055350553497,0.03334692811890365,11.853,-0.034843499535982474,0.6870870870870879,1.353753753753754,-0.49245785270629944
2021-02-01,601138,11.2,11.05,11.32,10.88,402254,559356096.0,3.85,-3.41,-0.39,1.39,-0.03409090909090895,-0.10526315789473673,0.009132420091324311,0.03431682651539804,11.858,-0.06813965255523695,0.6636636636636645,1.353753753753754,-0.5097604259094938
2021-02-02,601138,11.08,10.85,11.12,10.72,436591,598210976.0,3.62,-1.81,-0.2,1.51,-0.018099547511312264,-0.09356725146198841,-0.022522522522522515,0.034434690893178764,11.8455,-0.0840403528766198,0.6516516516516524,1.353753753753754,-0.5186335403726704
2021-02-03,601138,10.82,10.42,10.83,10.41,444370,596861024.0,3.87,-3.96,-0.43,1.53,-0.03963133640552996,-0.13238967527060785,-0.05444646098003625,0.035509888020859526,11.8155,-0.11810757056408956,0.6258258258258266,1.353753753753754,-0.5377107364685
2021-02-04,601138,10.35,10.67,10.68,10.31,425908,569147856.0,3.55,2.4,0.25,1.47,0.02399232245681393,-0.06073943661971826,-0.019301470588235392,0.03588442063680156,11.805000000000001,-0.09614570097416361,0.6408408408408417,1.353753753753754,-0.5266193433895292
2021-02-05,601138,10.66,10.36,10.67,10.33,292353,389817328.0,3.19,-2.91,-0.31,1.01,-0.029053420805998154,-0.09440559440559437,-0.09043020193151896,0.03461816090748781,11.753499999999999,-0.11856042880844,0.622222222222223,1.353753753753754,-0.540372670807453
2021-02-08,601138,10.3,10.4,10.59,10.27,218040,289419808.0,3.09,0.39,0.04,0.75,0.0038610038610038533,-0.05882352941176472,-0.09643788010425713,0.03450103764007821,11.698,-0.11095913831424176,0.6246246246246254,1.353753753753754,-0.5385980479148176
2021-02-09,601138,10.45,10.77,10.8,10.4,271805,366517888.0,3.85,3.56,0.37,0.94,0.03557692307692295,-0.007373271889400956,-0.08105802047781574,0.03531035546417833,11.650500000000001,-0.0755761555298057,0.6468468468468476,1.353753753753754,-0.522182786157941
2021-02-10,601138,10.66,11.19,11.3,10.63,438021,608783936.0,6.22,3.9,0.42,1.51,0.03899721448467974,0.0738963531669865,-0.09245742092457421,0.034334498023818744,11.5935,-0.03480398499159021,0.6720720720720729,1.353753753753754,-0.5035492457852702
2021-02-18,601138,11.27,11.11,11.56,10.97,344619,483219584.0,5.27,-0.71,-0.08,1.19,-0.007149240393208189,0.04123711340206171,-0.13338533541341657,0.03273424435467809,11.508,-0.034584636774417775,0.667267267267268,1.353753753753754,-0.5070984915705408
2021-02-19,601138,11.04,11.34,11.38,10.95,291242,409448112.0,3.87,2.07,0.23,1.0,0.02070207020702064,0.09459459459459474,-0.08548387096774201,0.03267015839896452,11.455,-0.010039284155390679,0.6810810810810818,1.353753753753754,-0.4968944099378878
2021-02-22,601138,11.4,11.12,11.44,11.1,397945,562017952.0,3.0,-1.94,-0.22,1.37,-0.01940035273368612,0.0692307692307692,-0.14658480429777443,0.030151972524732236,11.3595,-0.02108367445750265,0.6678678678678686,1.353753753753754,-0.506654835847382
2021-02-23,601138,11.0,10.94,11.15,10.89,289019,400219264.0,2.34,-1.62,-0.18,1.0,-0.01618705035971224,0.01578458681522754,-0.10693877551020414,0.027633309243200174,11.294,-0.03134407650079697,0.6570570570570577,1.353753753753754,-0.5146406388642409
2021-02-24,601138,10.96,11.2,11.21,10.81,322328,446991728.0,3.66,2.38,0.26,1.11,0.02376599634369292,0.0008936550491509543,-0.08868999186330351,0.028338014248321903,11.2395,-0.0035143912095734076,0.6726726726726734,1.353753753753754,-0.5031055900621114
2021-02-25,601138,11.2,11.07,11.38,11.0,326396,457370832.0,3.39,-1.16,-0.13,1.13,-0.011607142857142816,-0.0036003600360035026,-0.1029173419773095,0.028312607067290524,11.176,-0.009484609878310655,0.6648648648648656,1.353753753753754,-0.5088731144631762
2021-02-26,601138,10.92,10.96,11.18,10.83,259277,358991568.0,3.16,-0.99,-0.11,0.89,-0.009936766034326916,-0.033509700176366786,-0.0789915966386554,0.0274184721517482,11.129,-0.015185551262467312,0.6582582582582591,1.353753753753754,-0.5137533274179231
2021-03-01,601138,10.99,11.0,11.12,10.97,252891,350864368.0,1.37,0.36,0.04,0.87,0.0036496350364962904,-0.010791366906474753,-0.10931174089068818,0.02570334266464458,11.061499999999999,-0.005559824616914413,0.6606606606606615,1.353753753753754,-0.5119787045252878
2021-03-02,601138,11.05,10.73,11.07,10.69,293803,401655296.0,3.45,-2.45,-0.27,1.01,-0.024545454545454537,-0.019195612431444187,-0.1035923141186299,0.025416824026684562,10.999500000000001,-0.024501113686985838,0.6444444444444453,1.353753753753754,-0.5239574090505763
2021-03-03,601138,10.71,11.05,11.1,10.7,275976,380448880.0,3.73,2.98,0.32,0.95,0.02982292637465056,-0.013392857142856984,-0.07993338884263101,0.026546817035898222,10.9515,0.008994201707528774,0.6636636636636646,1.353753753753754,-0.5097604259094937
2021-03-04,601138,10.95,10.78,10.99,10.76,249977,342151328.0,2.08,-2.44,-0.27,0.86,-0.02443438914027163,-0.02619692863595313,-0.051056338028169,0.02432305866455089,10.9225,-0.013046463721675448,0.6474474474474482,1.353753753753754,-0.5217391304347822
2021-03-05,601138,10.65,10.9,10.96,10.65,256166,351077424.0,2.88,1.11,0.12,0.88,0.011131725417439897,-0.005474452554744547,-0.047202797202797075,0.02442303315992666,10.8955,0.0004130145472901813,0.6546546546546556,1.353753753753754,-0.5164152617568761
2021-03-08,601138,10.91,10.85,11.17,10.84,334978,464054304.0,3.03,-0.46,-0.05,1.16,-0.004587155963302836,-0.013636363636363669,-0.018099547511312264,0.023254118323004478,10.885499999999999,-0.003261219052868401,0.6516516516516525,1.353753753753754,-0.5186335403726703
2021-03-09,601138,10.83,11.05,11.28,10.7,475488,660624848.0,5.35,1.84,0.2,1.64,0.018433179723502446,0.02982292637465056,0.018433179723502446,0.023246683712494692,10.8955,0.01418016612362907,0.6636636636636646,1.353753753753754,-0.5097604259094937
2021-03-10,601138,11.13,10.88,11.18,10.74,303711,417769744.0,3.98,-1.54,-0.17,1.05,-0.01538461538461533,-0.01538461538461533,0.04414587332053754,0.021579311687764224,10.9185,-0.0035261253835232945,0.6534534534534544,1.353753753753754,-0.5173025732031937
2021-03-11,601138,10.87,10.82,10.88,10.71,272610,372325520.0,1.56,-0.55,-0.06,0.94,-0.005514705882353033,0.0037105751391466324,0.014058106841612128,0.021025683188766,10.925999999999998,-0.009701629141497173,0.6498498498498507,1.353753753753754,-0.5199645075421467
2021-03-12,601138,10.84,10.68,10.85,10.6,249253,336978528.0,2.31,-1.29,-0.14,0.86,-0.012939001848428888,-0.020183486238532167,0.030888030888030826,0.02010578383908558,10.942,-0.0239444342898922,0.6414414414414422,1.353753753753754,-0.5261756876663705
2021-03-15,601138,10.63,10.47,10.66,10.4,243288,324313152.0,2.43,-1.97,-0.21,0.84,-0.019662921348314488,-0.03502304147465429,0.006730769230769207,0.0206540978959875,10.9455,-0.043442510620802934,0.6288288288288296,1.353753753753754,-0.5354924578527058
2021-03-16,601138,10.49,10.62,10.63,10.44,171158,229300963.0,1.81,1.43,0.15,0.59,0.014326647564469885,-0.03891402714932135,-0.013927576601671321,0.019255899308850195,10.937999999999999,-0.029072956664838147,0.6378378378378387,1.353753753753754,-0.5288376220053234
2021-03-17,601138,10.6,10.7,10.74,10.5,156068,210970364.0,2.26,0.75,0.08,0.54,0.007532956685499137,-0.016544117647058987,-0.043789097408400424,0.01701140130527927,10.913499999999999,-0.01956292665047875,0.6426426426426435,1.353753753753754,-0.5252883762200528
2021-03-18,601138,10.72,10.67,10.79,10.59,134814,182076044.0,1.87,-0.28,-0.03,0.46,-0.002803738317756932,-0.013863216266173817,-0.03960396039603953,0.016971209152326215,10.8915,-0.020336960014690417,0.6408408408408417,1.353753753753754,-0.5266193433895292
2021-03-19,601138,10.67,10.65,10.8,10.6,186762,252936993.0,1.87,-0.19,-0.02,0.64,-0.0018744142455482393,-0.002808988764044895,-0.060846560846560815,0.016119448812518974,10.857000000000001,-0.019066040342636155,0.6396396396396405,1.353753753753754,-0.5275066548358468
2021-03-22,601138,10.63,10.7,10.74,10.56,182191,246355468.0,1.69,0.47,0.05,0.63,0.004694835680751019,0.021967526265520343,-0.03776978417266186,0.01572564645859211,10.836,-0.012550756736803342,0.6426426426426435,1.353753753753754,-0.5252883762200528
2021-03-23,601138,10.71,10.8,10.86,10.69,185239,252219694.0,1.59,0.93,0.1,0.64,0.009345794392523477,0.016949152542373058,-0.01279707495429605,0.015531925319618648,10.829,-0.0026779942746329223,0.6486486486486496,1.353753753753754,-0.5208518189884643
2021-03-24,601138,10.81,11.01,11.07,10.78,292658,403850528.0,2.69,1.94,0.21,1.01,0.019444444444444375,0.028971962616822555,-0.016964285714285654,0.0152027150757465,10.819500000000001,0.01760709829474544,0.6612612612612622,1.353753753753754,-0.511535048802129
2021-03-25,601138,11.05,10.97,11.19,10.95,249166,346699792.0,2.18,-0.36,-0.04,0.86,-0.0036330608537692433,0.028116213683224034,-0.009033423667569984,0.015006157198958106,10.814499999999999,0.014378843219751422,0.6588588588588598,1.353753753753754,-0.5133096716947643
2021-03-26,601138,10.95,11.19,11.25,10.95,386476,541105408.0,2.73,2.01,0.22,1.33,0.020054694621695512,0.05070422535211261,0.020985401459853836,0.015488168164486059,10.826,0.03362276002216876,0.672072072072073,1.353753753753754,-0.50354924578527
2021-03-29,601138,11.22,10.8,11.25,10.78,369348,508376704.0,4.2,-3.49,-0.39,1.27,-0.03485254691688999,0.009345794392523477,-0.018181818181818077,0.017432303576935985,10.816,-0.0014792899408284036,0.6486486486486496,1.353753753753754,-0.5208518189884643
2021-03-30,601138,10.89,11.51,11.59,10.86,684351,974497456.0,6.76,6.57,0.71,2.36,0.06574074074074066,0.06574074074074066,0.0726933830382106,0.022034721371011572,10.855,0.060340856748042314,0.6912912912912922,1.353753753753754,-0.4893522626441876
2021-03-31,601138,11.45,11.52,11.7,11.39,367730,529911040.0,2.69,0.09,0.01,1.27,0.0008688097306690512,0.04632152588555849,0.04253393665158356,0.021164987810745554,10.8785,0.058969527048765805,0.6918918918918928,1.353753753753754,-0.4889086069210287
2021-04-01,601138,11.56,11.57,11.66,11.44,241874,348498720.0,1.91,0.43,0.05,0.83,0.004340277777777901,0.054694621695533296,0.07328385899814482,0.020208828086650074,10.918000000000001,0.05971789705074182,0.6948948948948959,1.353753753753754,-0.48669032830523457
2021-04-02,601138,11.52,11.3,11.56,11.24,267556,379476720.0,2.77,-2.33,-0.27,0.92,-0.023336214347450257,0.009830205540661385,0.03669724770642202,0.020998927180125998,10.937999999999999,0.033095629914061245,0.6786786786786797,1.353753753753754,-0.4986690328305229
2021-04-06,601138,11.48,11.31,11.5,11.21,173981,246403433.0,2.57,0.09,0.01,0.6,0.0008849557522123686,0.047222222222222276,0.04239631336405547,0.020944027221542313,10.961,0.03184016056929114,0.6792792792792803,1.353753753753754,-0.49822537710736403
2021-04-07,601138,11.34,11.53,11.57,11.25,291925,418052768.0,2.83,1.95,0.22,1.01,0.01945181255526074,0.0017376194613378804,0.04343891402714917,0.020986562824434677,10.985,0.049613108784706414,0.6924924924924936,1.353753753753754,-0.48846495119786976
2021-04-08,601138,11.49,11.51,11.57,11.3,200049,286258752.0,2.34,-0.17,-0.02,0.69,-0.0017346053772766545,-0.0008680555555555802,0.05790441176470584,0.020598367538223403,11.0165,0.044796441701084655,0.6912912912912924,1.353753753753754,-0.4893522626441874
2021-04-09,601138,11.44,11.21,11.45,11.1,223281,314316400.0,3.04,-2.61,-0.3,0.77,-0.026064291920069427,-0.03111495246326701,0.03604436229205188,0.021537444325485138,11.036,0.015766582094962057,0.6732732732732745,1.353753753753754,-0.5026619343389522
2021-04-12,601138,11.2,11.21,11.33,11.11,180281,253994956.0,1.96,0.0,0.0,0.62,0.0,-0.007964601769911539,0.04962546816479407,0.021257942108562786,11.0625,0.01333333333333341,0.6732732732732745,1.353753753753754,-0.5026619343389522
2021-04-13,601138,11.21,11.64,11.8,11.17,393217,567975856.0,5.62,3.84,0.43,1.36,0.038358608385370196,0.02917771883289122,0.11174785100286533,0.022000736445414643,11.121,0.04666846506609119,0.6990990990991003,1.353753753753754,-0.4835847382431226
2021-04-14,601138,11.74,11.65,11.81,11.55,252842,366703968.0,2.23,0.09,0.01,0.87,0.0008591065292096189,0.01040763226366015,0.09698681732580039,0.021923526672774002,11.1725,0.04273886775565012,0.6996996996997009,1.353753753753754,-0.48314108251996374
2021-04-15,601138,11.69,11.53,11.69,11.41,172867,247934976.0,2.4,-1.03,-0.12,0.6,-0.010300429184549431,0.0017376194613378804,0.07757009345794397,0.022170524816247622,11.214,0.02817906188692696,0.6924924924924937,1.353753753753754,-0.4884649511978697
2021-04-16,601138,11.44,11.55,11.64,11.31,208070,298206176.0,2.86,0.17,0.02,0.72,0.0017346053772768766,0.030330062444246186,0.08247422680412386,0.022120691135134173,11.258,0.02593711138745795,0.693693693693695,1.353753753753754,-0.48757763975155194
2021-04-19,601138,11.5,11.86,11.89,11.46,390462,571262480.0,3.72,2.68,0.31,1.35,0.026839826839826664,0.0579839429081177,0.1136150234741784,0.022631674216617742,11.3185,0.047842028537350284,0.7123123123123136,1.353753753753754,-0.47382431233362826
2021-04-20,601138,11.8,11.53,11.83,11.46,300876,435341984.0,3.12,-2.78,-0.33,1.04,-0.027824620573355774,-0.00945017182130592,0.07757009345794397,0.023838755327716454,11.36,0.01496478873239436,0.6924924924924938,1.353753753753754,-0.4884649511978696
2021-04-21,601138,11.48,11.57,11.6,11.4,159325,228807129.0,1.73,0.35,0.04,0.55,0.003469210754553309,-0.006866952789699621,0.07129629629629619,0.02380570576541617,11.3985,0.015045839364828704,0.6948948948948962,1.353753753753754,-0.4866903283052343
2021-04-22,601138,11.58,11.33,11.63,11.26,238612,339874400.0,3.2,-2.07,-0.24,0.82,-0.02074330164217808,-0.017346053772766656,0.02906448683015439,0.02410237658616083,11.4145,-0.007402864777257019,0.6804804804804817,1.353753753753754,-0.4973380656610462
2021-04-23,601138,11.3,11.33,11.41,11.21,164408,232648379.0,1.77,0.0,0.0,0.57,0.0,-0.01904761904761909,0.03281677301731989,0.02407369587288577,11.432500000000001,-0.00896566805160734,0.6804804804804817,1.353753753753754,-0.4973380656610462
2021-04-26,601138,11.36,11.5,11.72,11.27,383134,551009488.0,3.97,1.5,0.17,1.32,0.015004413062665423,-0.030354131534569895,0.027703306523681803,0.023898957596686022,11.448,0.0045422781271837525,0.6906906906906919,1.353753753753754,-0.48979591836734615
2021-04-27,601138,11.49,11.57,11.59,11.38,193354,277322000.0,1.83,0.61,0.07,0.67,0.006086956521739184,0.003469210754553309,0.07129629629629619,0.022309703944530867,11.4865,0.007269403212466878,0.6948948948948961,1.353753753753754,-0.4866903283052344
2021-04-28,601138,11.58,11.7,11.78,11.5,287483,418105504.0,2.42,1.12,0.13,0.99,0.01123595505617958,0.01123595505617958,0.01650738488271064,0.01703548726949195,11.495999999999999,0.01774530271398753,0.7027027027027037,1.353753753753754,-0.4809228039041697
2021-04-29,601138,11.8,11.85,11.96,11.59,393413,576630480.0,3.16,1.28,0.15,1.36,0.012820512820512775,0.04589585172109434,0.02864583333333326,0.017240637991601967,11.5125,0.02931596091205215,0.7117117117117128,1.353753753753754,-0.4742679680567873
2021-04-30,601138,11.8,10.91,11.87,10.73,667605,938402544.0,9.62,-7.93,-0.94,2.3,-0.07932489451476787,-0.03706972639011474,-0.057044079515989665,0.024953867747420658,11.4795,-0.04961017465917502,0.6552552552552563,1.353753753753754,-0.5159716060337172
2021-05-06,601138,10.76,10.82,10.88,10.56,350189,474411024.0,2.93,-0.82,-0.09,1.21,-0.008249312557286892,-0.05913043478260871,-0.04247787610619469,0.024519205001438994,11.4555,-0.05547553576884469,0.6498498498498508,1.353753753753754,-0.5199645075421466
2021-05-07,601138,10.82,10.6,10.82,10.58,217293,293740992.0,2.22,-2.03,-0.22,0.75,-0.020332717190388205,-0.08383751080380297,-0.06277630415561453,0.024850295894356222,11.42,-0.07180385288966727,0.6366366366366376,1.353753753753754,-0.529724933451641
2021-05-10,601138,10.65,10.67,10.76,10.51,215004,289705296.0,2.36,0.66,0.07,0.74,0.006603773584905603,-0.08803418803418794,-0.0745880312228967,0.02440314390879922,11.377,-0.06214291992616689,0.6408408408408418,1.353753753753754,-0.5266193433895291
2021-05-11,601138,10.6,10.64,10.7,10.51,144727,194792084.0,1.78,-0.28,-0.03,0.5,-0.002811621368322359,-0.10210970464135016,-0.07558644656820146,0.024400049961836017,11.333499999999999,-0.06119027661357908,0.63903903903904,1.353753753753754,-0.5279503105590055
2021-05-12,601138,10.57,10.67,10.68,10.51,198864,267809373.0,1.6,0.28,0.03,0.69,0.0028195488721804995,-0.021998166819431786,-0.04817127564674406,0.023851053306222846,11.306500000000002,-0.05629505151903786,0.6408408408408418,1.353753753753754,-0.5266193433895291
2021-05-13,601138,10.59,10.53,10.72,10.46,187081,250740040.0,2.44,-1.31,-0.14,0.64,-0.013120899718837897,-0.026802218114602705,-0.060660124888492595,0.023967876044120963,11.272499999999999,-0.06586826347305387,0.6324324324324334,1.353753753753754,-0.5328305235137527
2021-05-14,601138,10.55,10.63,10.69,10.52,204643,275652736.0,1.61,0.95,0.1,0.71,0.009496676163343043,0.002830188679245449,-0.08676975945017185,0.022157003144981473,11.222,-0.05275351987168052,0.6384384384384396,1.353753753753754,-0.5283939662821643
2021-05-17,601138,10.61,10.45,10.68,10.4,367178,491935216.0,2.63,-1.69,-0.18,1.27,-0.016933207902163794,-0.020618556701030966,-0.10300429184549365,0.022296263293490083,11.162,-0.06378785163949126,0.6276276276276287,1.353753753753754,-0.5363797692990233
2021-05-18,601138,10.46,10.5,10.56,10.25,215847,286088512.0,2.97,0.48,0.05,0.74,0.004784688995215447,-0.013157894736842146,-0.08933217692974849,0.022368840711726498,11.1105,-0.05494802214121777,0.6306306306306317,1.353753753753754,-0.5341614906832292
2021-05-19,601138,10.45,10.36,10.45,10.34,154198,203870799.0,1.05,-1.33,-0.14,0.53,-0.01333333333333342,-0.029053420805998154,-0.10303030303030314,0.02240428172544657,11.051,-0.06252827798389292,0.6222222222222232,1.353753753753754,-0.5403726708074528
2021-05-20,601138,10.35,10.37,10.42,10.28,168642,222503997.0,1.35,0.1,0.01,0.58,0.0009652509652509078,-0.015194681861348536,-0.12563237774030356,0.02117139563363445,10.9765,-0.05525440714253182,0.6228228228228238,1.353753753753754,-0.539929015084294
2021-05-21,601138,10.36,10.26,10.42,10.25,218146,286658080.0,1.64,-1.06,-0.11,0.75,-0.01060752169720347,-0.03480714957666986,-0.11014744145706845,0.02059967704550633,10.913,-0.059836891780445385,0.6162162162162171,1.353753753753754,-0.5448092280390411
2021-05-24,601138,10.26,9.7,10.27,9.55,575302,731885920.0,7.02,-5.46,-0.56,1.98,-0.05458089668615984,-0.0717703349282297,-0.16162489196197072,0.023181195051045406,10.8195,-0.10347058551689084,0.5825825825825834,1.353753753753754,-0.5696539485359355
2021-05-25,601138,9.71,9.79,9.82,9.51,424427,533564256.0,3.2,0.93,0.09,1.46,0.009278350515463885,-0.06761904761904769,-0.13592233009708743,0.0233190173980903,10.7425,-0.08866651151966494,0.5879879879879888,1.353753753753754,-0.5656610470275062
2021-05-26,601138,9.71,9.71,9.85,9.63,306886,387040400.0,2.25,-0.82,-0.08,1.06,-0.008171603677221473,-0.06274131274131256,-0.1429832303618711,0.023261247138603586,10.6615,-0.08924635370257462,0.5831831831831841,1.353753753753754,-0.5692102928127767
2021-05-27,601138,9.68,9.77,9.87,9.62,344810,433751584.0,2.57,0.62,0.06,1.18,0.006179196704428236,-0.057859209257473454,-0.1504347826086957,0.022894314345592956,10.575,-0.07612293144208036,0.5867867867867875,1.353753753753754,-0.5665483584738239
2021-05-28,601138,9.71,9.5,9.74,9.44,461910,573385648.0,3.07,-2.76,-0.27,1.58,-0.02763561924257929,-0.07407407407407407,-0.17891097666378564,0.02305434814730055,10.4715,-0.0927756290884783,0.5705705705705714,1.353753753753754,-0.5785270629991122
2021-05-31,601138,9.53,9.57,9.57,9.43,264537,326846624.0,1.47,0.74,0.07,0.9,0.007368421052631691,-0.013402061855670055,-0.18205128205128196,0.022886467379992743,10.365,-0.07670043415340086,0.5747747747747757,1.353753753753754,-0.5754214729370003
2021-06-01,601138,9.57,9.58,9.6,9.47,230874,286058064.0,1.36,0.1,0.01,0.79,0.0010449320794148065,-0.021450459652706755,-0.1915611814345991,0.022422309869629696,10.251499999999998,-0.06550260937423776,0.5753753753753763,1.353753753753754,-0.5749778172138414
2021-06-02,601138,9.57,9.37,9.57,9.36,348942,428250976.0,2.19,-2.19,-0.21,1.19,-0.02192066805845516,-0.03501544799176126,-0.1411549037580202,0.015830517473539807,10.174499999999998,-0.07907022458106042,0.5627627627627636,1.353753753753754,-0.5842945874001769
2021-06-03,601138,9.37,9.41,9.49,9.31,216256,265199683.0,1.92,0.43,0.04,0.74,0.004268943436499528,-0.03684749232343909,-0.13031423290203326,0.01604361780488063,10.104,-0.06868566904196349,0.565165165165166,1.353753753753754,-0.5825199645075416
2021-06-04,601138,9.36,9.37,9.49,9.31,249623,305141008.0,1.91,-0.43,-0.04,0.85,-0.004250797024442199,-0.013684210526315854,-0.11603773584905663,0.015731321231330624,10.0425,-0.06696539706248456,0.5627627627627635,1.353753753753754,-0.584294587400177
2021-06-07,601138,9.38,9.64,9.69,9.38,498237,621052992.0,3.31,2.88,0.27,1.7,0.02881536819637165,0.007314524555903867,-0.09653233364573566,0.01736881312200404,9.991,-0.03513161845661086,0.5789789789789799,1.353753753753754,-0.5723158828748885
2021-06-08,601138,9.71,9.66,9.81,9.57,376592,472218512.0,2.49,0.21,0.02,1.24,0.0020746887966804906,0.008350730688935215,-0.0921052631578948,0.017434233337342595,9.942,-0.028364514182257095,0.580180180180181,1.353753753753754,-0.571428571428571
2021-06-09,601138,9.62,9.69,9.77,9.57,256916,321637696.0,2.07,0.31,0.03,0.85,0.0031055900621117516,0.03415154749199578,-0.09184629803186506,0.017440819315463048,9.892999999999999,-0.020519559284342407,0.5819819819819828,1.353753753753754,-0.5700976042590944
2021-06-10,601138,9.66,9.71,9.75,9.58,294002,368286464.0,1.75,0.21,0.02,0.97,0.002063983488132193,0.03188097768331577,-0.07787274453941107,0.01738347012253789,9.852,-0.01441331709297599,0.5831831831831841,1.353753753753754,-0.5692102928127767
2021-06-11,601138,9.71,9.65,9.78,9.6,388348,486887088.0,1.85,-0.62,-0.06,1.28,-0.006179196704428458,0.029882604055496476,-0.09219190968955793,0.017098741562857185,9.803,-0.015607467101907626,0.5795795795795804,1.353753753753754,-0.5718722271517298
2021-06-15,601138,9.65,9.7,9.97,9.62,301182,379710224.0,3.63,0.52,0.05,0.99,0.005181347150258864,0.006224066390041472,-0.0717703349282297,0.01697949995667774,9.7655,-0.0067072858532589335,0.5825825825825833,1.353753753753754,-0.5696539485359357
2021-06-16,601138,9.65,9.47,9.7,9.38,245555,304306480.0,3.3,-2.37,-0.23,0.81,-0.023711340206185483,-0.019668737060041352,-0.09809523809523801,0.017430481913949834,9.714,-0.025118385834877473,0.5687687687687696,1.353753753753754,-0.5798580301685887
2021-06-17,601138,9.46,9.6,9.63,9.42,212100,262522450.0,2.22,1.37,0.13,0.7,0.01372756071805692,-0.009287925696594423,-0.07335907335907332,0.0177962093785999,9.675999999999998,-0.007854485324514132,0.5765765765765773,1.353753753753754,-0.574090505767524
2021-06-18,601138,9.63,9.64,9.8,9.49,269439,336681296.0,3.23,0.42,0.04,0.89,0.004166666666666874,-0.007209062821833201,-0.07039537126325923,0.017854202602500525,9.639500000000002,5.1869910264934345e-05,0.5789789789789799,1.353753753753754,-0.5723158828748885
2021-06-21,601138,9.55,9.53,9.63,9.47,235674,291736336.0,1.66,-1.14,-0.11,0.78,-0.011410788381742809,-0.012435233160621895,-0.07115009746588696,0.017871952991081207,9.603,-0.007601791106945787,0.5723723723723733,1.353753753753754,-0.5771960958296356
2021-06-22,601138,9.52,9.46,9.62,9.38,256428,315931360.0,2.52,-0.73,-0.07,0.84,-0.007345225603357708,-0.024742268041236914,-0.024742268041236914,0.013309003773523958,9.591,-0.013658638306745748,0.5681681681681691,1.353753753753754,-0.5803016858917475
2021-06-23,601138,9.47,9.71,9.8,9.43,365594,456582816.0,3.91,2.64,0.25,1.2,0.026427061310782207,0.025343189017951406,-0.008171603677221473,0.014515150850704987,9.587,0.01282987378742058,0.5831831831831841,1.353753753753754,-0.5692102928127767
2021-06-24,601138,9.76,9.82,9.84,9.67,286086,361324880.0,1.75,1.13,0.11,0.94,0.011328527291452062,0.022916666666666696,0.011328527291452062,0.014613877893132631,9.5925,0.023716445139431944,0.5897897897897907,1.353753753753754,-0.5643300798580296
2021-06-25,601138,9.84,9.76,9.96,9.68,275213,348129456.0,2.85,-0.61,-0.06,0.91,-0.006109979633401319,0.012448132780082943,-0.0010235414534288667,0.01462817081867656,9.592,0.017514595496246795,0.586186186186187,1.353753753753754,-0.5669920141969826
2021-06-28,601138,9.81,9.73,9.86,9.65,177967,223675817.0,2.15,-0.31,-0.03,0.59,-0.0030737704918032405,0.02098635886673672,0.02421052631578946,0.013136452264243547,9.6035,0.013172280939240907,0.5843843843843852,1.353753753753754,-0.5683229813664591
2021-06-29,601138,9.73,9.56,9.77,9.55,198827,247636192.0,2.26,-1.75,-0.17,0.65,-0.0174717368961973,0.010570824524312794,-0.0010449320794148065,0.013692866075388593,9.603,-0.004477767364365226,0.574174174174175,1.353753753753754,-0.5758651286601592
2021-06-30,601138,9.6,9.56,9.64,9.49,141730,175642044.0,1.57,0.0,0.0,0.47,0.0,-0.015447991761071145,-0.0020876826722338038,0.013690809384612944,9.602,-0.004374088731514248,0.574174174174175,1.353753753753754,-0.5758651286601592
2021-07-01,601138,9.57,9.45,9.61,9.45,182792,225600272.0,1.67,-1.15,-0.11,0.6,-0.011506276150627714,-0.037678207739307634,0.008537886872998834,0.012994147393877867,9.606,-0.016239850093691503,0.5675675675675683,1.353753753753754,-0.5807453416149063
2021-07-02,601138,9.44,9.12,9.45,9.08,450074,543119424.0,3.92,-3.49,-0.33,1.48,-0.03492063492063491,-0.06557377049180335,-0.030818278427205192,0.015169444883667636,9.5915,-0.049158108742115486,0.5477477477477485,1.353753753753754,-0.5953859804791477
2021-07-05,601138,9.1,9.34,9.37,9.1,228427,276003632.0,2.96,2.41,0.22,0.75,0.02412280701754388,-0.04008221993833505,-0.0032017075773744796,0.016186824430588723,9.59,-0.026068821689259645,0.5609609609609617,1.353753753753754,-0.5856255545696535
2021-07-06,601138,9.34,9.38,9.39,9.24,143516,174741834.0,1.61,0.43,0.04,0.47,0.004282655246252709,-0.01882845188284521,-0.026970954356846488,0.014751307641932759,9.577,-0.020570115902683428,0.5633633633633641,1.353753753753754,-0.5838509316770182
2021-07-07,601138,9.34,9.3,9.37,9.26,153392,186277322.0,1.17,-0.85,-0.08,0.5,-0.008528784648187626,-0.027196652719665204,-0.037267080745341574,0.014815466496411389,9.559000000000001,-0.02709488440213415,0.5585585585585593,1.353753753753754,-0.5874001774622888
2021-07-08,601138,9.31,9.18,9.42,9.16,227343,275245232.0,2.8,-1.29,-0.12,0.75,-0.012903225806451757,-0.02857142857142858,-0.05263157894736836,0.014968569312824758,9.5335,-0.03707977133266905,0.551351351351352,1.353753753753754,-0.5927240461401948
2021-07-09,601138,9.17,9.1,9.25,9.06,233860,279900832.0,2.07,-0.87,-0.08,0.77,-0.008714596949891074,-0.002192982456140302,-0.0628218331616891,0.014986099637456781,9.503,-0.04240766073871414,0.5465465465465472,1.353753753753754,-0.5962732919254654
2021-07-12,601138,9.15,9.15,9.23,9.09,304607,365782464.0,1.54,0.55,0.05,1.0,0.005494505494505475,-0.020342612419700146,-0.051813471502590636,0.015088156107468465,9.478,-0.03460645705845109,0.5495495495495503,1.353753753753754,-0.5940550133096713
2021-07-13,601138,9.17,9.19,9.27,9.12,245986,296168240.0,1.64,0.44,0.04,0.81,0.0043715846994534235,-0.02025586353944575,-0.0525773195876289,0.015067394696073058,9.4525,-0.027770431102882947,0.5519519519519526,1.353753753753754,-0.5922803904170361
2021-07-14,601138,9.16,8.79,9.18,8.76,505788,593750704.0,4.57,-4.35,-0.4,1.66,-0.043525571273122954,-0.05483870967741955,-0.07180570221752924,0.017050282640438653,9.4185,-0.06673037107819724,0.5279279279279285,1.353753753753754,-0.6100266193433892
2021-07-15,601138,8.81,8.9,8.92,8.56,328225,381233680.0,4.1,1.25,0.11,1.08,0.012514220705347023,-0.030501089324618702,-0.07291666666666663,0.016987504082896482,9.383500000000002,-0.05152661586827954,0.5345345345345351,1.353753753753754,-0.605146406388642
2021-07-16,601138,8.87,8.64,8.92,8.62,322412,373468544.0,3.37,-2.92,-0.26,1.06,-0.02921348314606742,-0.05054945054945048,-0.10373443983402486,0.017800457307830222,9.333499999999999,-0.07430224460277479,0.5189189189189195,1.353753753753754,-0.6166814551907717
2021-07-19,601138,8.65,8.71,8.74,8.45,261186,299094560.0,3.36,0.81,0.07,0.86,0.00810185185185186,-0.04808743169398899,-0.08604407135362002,0.017982237710667356,9.2925,-0.06268496099004568,0.5231231231231237,1.353753753753754,-0.6135758651286598
2021-07-20,601138,8.66,8.87,8.9,8.63,213922,249745274.0,3.1,1.84,0.16,0.7,0.01836969001148092,-0.03482045701849845,-0.06236786469344624,0.018662033333688592,9.263000000000002,-0.04242685954874256,0.5327327327327332,1.353753753753754,-0.6064773735581186
2021-07-21,601138,8.85,8.92,8.98,8.82,203511,239412418.0,1.8,0.56,0.05,0.67,0.005636978579481422,0.014789533560864765,-0.08135942327497436,0.017475104971565236,9.2235,-0.03290507941670729,0.5357357357357363,1.353753753753754,-0.6042590949423244
2021-07-22,601138,8.91,8.86,9.02,8.85,211133,248831878.0,1.91,-0.67,-0.06,0.69,-0.006726457399103158,-0.004494382022471988,-0.09775967413441966,0.017099132407377943,9.175500000000001,-0.034385047136396035,0.5321321321321327,1.353753753753754,-0.6069210292812773
2021-07-23,601138,8.85,8.91,9.0,8.71,205690,240795407.0,3.27,0.56,0.05,0.68,0.0056433408577878375,0.03125,-0.08709016393442615,0.01725983026055324,9.133,-0.024416949523705135,0.5351351351351358,1.353753753753754,-0.6047027506654832
2021-07-26,601138,8.94,8.77,8.98,8.62,232813,270680000.0,4.04,-1.57,-0.14,0.77,-0.015712682379349086,0.006888633754305262,-0.09866392600205554,0.017439073769008075,9.084999999999999,-0.03467253714914689,0.5267267267267274,1.353753753753754,-0.6109139307897068
2021-07-27,601138,8.83,8.68,8.97,8.64,307503,351271360.0,3.76,-1.03,-0.09,1.01,-0.010262257696693311,-0.021420518602029204,-0.09205020920502105,0.01724185135805703,9.041,-0.0399292113704237,0.5213213213213219,1.353753753753754,-0.6149068322981363
2021-07-28,601138,8.68,8.4,8.8,8.35,461600,513175440.0,5.18,-3.23,-0.28,1.52,-0.032258064516129004,-0.058295964125560484,-0.12133891213389125,0.018260345804910955,8.983,-0.06490036736056998,0.5045045045045051,1.353753753753754,-0.6273291925465835
2021-07-29,601138,8.45,8.39,8.57,8.31,338185,372450496.0,3.1,-0.12,-0.01,1.11,-0.0011904761904761862,-0.053047404063205295,-0.11216931216931203,0.01825084208285832,8.93,-0.06047032474804022,0.5039039039039045,1.353753753753754,-0.6277728482697423
2021-07-30,601138,8.36,8.62,8.73,8.12,394288,436842624.0,7.27,2.74,0.23,1.3,0.02741358760429069,-0.032547699214365955,-0.054824561403508776,0.01833317477258042,8.905,-0.03200449185850648,0.5177177177177182,1.353753753753754,-0.6175687666370894
2021-08-02,601138,8.62,9.21,9.34,8.58,587577,685076320.0,8.82,6.84,0.59,1.93,0.06844547563805126,0.05017103762827846,-0.013918629550321082,0.023648670983080298,8.8985,0.035005899870764794,0.5531531531531538,1.353753753753754,-0.5913930789707184
2021-08-03,601138,9.25,9.23,9.32,9.13,351749,415832320.0,2.06,0.22,0.02,1.16,0.0021715526601520097,0.06336405529953915,-0.015991471215351827,0.023631196070387696,8.891,0.03812844449443262,0.554354354354355,1.353753753753754,-0.5905057675244006
2021-08-04,601138,9.19,9.31,9.36,9.13,319025,378643024.0,2.49,0.87,0.08,1.05,0.008667388949079147,0.10833333333333339,0.0010752688172042113,0.02363820530081121,8.891499999999999,0.04706742394421658,0.5591591591591598,1.353753753753754,-0.58695652173913
2021-08-05,601138,9.38,9.25,9.58,9.19,367738,440480064.0,4.19,-0.64,-0.06,1.21,-0.0064446831364125545,0.102502979737783,0.007625272331154731,0.023491769379190213,8.895,0.03991006183249021,0.5555555555555561,1.353753753753754,-0.589618456078083
2021-08-06,601138,9.23,9.23,9.32,9.06,261338,307203280.0,2.81,-0.22,-0.02,0.86,-0.00216216216216214,0.0707656612529004,0.014285714285714457,0.023399966383679426,8.9015,0.03690389260237039,0.554354354354355,1.353753753753754,-0.5905057675244006
2021-08-09,601138,9.2,9.43,9.54,9.13,294120,353081760.0,4.44,2.17,0.2,0.97,0.021668472372697645,0.023887079261671884,0.030601092896174853,0.023840028320797405,8.915499999999998,0.05770848522236575,0.566366366366367,1.353753753753754,-0.5816326530612241
2021-08-10,601138,9.45,9.54,9.56,9.27,281057,338260592.0,3.08,1.17,0.11,0.92,0.01166489925768821,0.03358613217768136,0.0380848748639826,0.023937412065971757,8.933,0.0679502966528601,0.5729729729729736,1.353753753753754,-0.5767524401064771
2021-08-11,601138,9.64,9.18,9.7,9.16,564993,675888816.0,5.66,-3.77,-0.36,1.86,-0.037735849056603765,-0.013963480128893702,0.04436860068259385,0.02338471856818146,8.952499999999999,0.025411896118402787,0.5513513513513519,1.353753753753754,-0.5927240461401949
2021-08-12,601138,9.16,9.15,9.3,9.08,271618,319543856.0,2.4,-0.33,-0.03,0.89,-0.0032679738562090277,-0.010810810810810811,0.028089887640449396,0.023292605603684607,8.965,0.020635805911879586,0.5495495495495502,1.353753753753754,-0.5940550133096714
2021-08-13,601138,9.14,9.24,9.36,9.03,265006,312476784.0,3.61,0.98,0.09,0.87,0.00983606557377037,0.0010834236186347823,0.06944444444444442,0.022180269827476305,8.995000000000001,0.027237354085603023,0.5549549549549555,1.353753753753754,-0.5900621118012419
2021-08-16,601138,9.27,9.67,9.7,9.27,637088,777486672.0,4.65,4.65,0.43,2.1,0.04653679653679643,0.02545068928950167,0.1102181400688862,0.024167513752222383,9.043,0.06933539754506256,0.5807807807807813,1.353753753753754,-0.5709849157054123
2021-08-17,601138,9.67,9.42,9.76,9.4,446173,542165808.0,3.72,-2.59,-0.25,1.47,-0.02585315408479838,-0.012578616352201144,0.06200676437429542,0.02494015217345968,9.0705,0.03853150322473963,0.5657657657657663,1.353753753753754,-0.582076308784383
2021-08-18,601138,9.41,9.65,9.72,9.34,446542,541987648.0,4.03,2.44,0.23,1.47,0.02441613588110414,0.05119825708060999,0.0818385650224216,0.025382211502769578,9.107000000000001,0.05962446469748536,0.5795795795795802,1.353753753753754,-0.5718722271517299
2021-08-19,601138,9.6,9.25,9.6,9.23,414328,494530560.0,3.83,-4.15,-0.4,1.36,-0.041450777202072575,0.010928961748633892,0.04401805869074504,0.02728807820820022,9.1265,0.013532022133347936,0.5555555555555561,1.353753753753754,-0.589618456078083
2021-08-20,601138,9.28,9.28,9.34,9.16,266249,315612416.0,1.95,0.32,0.03,0.88,0.00324324324324321,0.0043290043290042934,0.041526374859708115,0.0272788321468469,9.145,0.014762165117550552,0.5573573573573579,1.353753753753754,-0.5882874889086066
2021-08-23,601138,9.36,9.44,9.51,9.25,281216,338051584.0,2.8,1.72,0.16,0.93,0.01724137931034475,-0.02378490175801451,0.07639680729760556,0.027122880432359872,9.178500000000001,0.02849049408944795,0.5669669669669675,1.353753753753754,-0.5811889973380654
2021-08-24,601138,9.55,9.45,9.6,9.38,235765,284375840.0,2.33,0.11,0.01,0.78,0.0010593220338983578,0.0031847133757960666,0.08870967741935476,0.026926234014978904,9.217,0.025279375067809348,0.5675675675675681,1.353753753753754,-0.5807453416149065
2021-08-25,601138,9.43,9.38,9.48,9.26,233010,278294960.0,2.33,-0.74,-0.07,0.77,-0.007407407407407196,-0.02797927461139893,0.1166666666666667,0.025680424360794277,9.266,0.012303043384416228,0.563363363363364,1.353753753753754,-0.5838509316770183
2021-08-26,601138,9.36,9.09,9.39,9.09,335728,395618608.0,3.2,-3.09,-0.29,1.1,-0.030916844349680228,-0.017297297297297343,0.08343265792610244,0.026938339889499556,9.301,-0.022685732716912193,0.5459459459459466,1.353753753753754,-0.5967169476486243
2021-08-27,601138,9.09,9.11,9.25,9.0,236831,277214672.0,2.75,0.22,0.02,0.78,0.002200220022002153,-0.018318965517241326,0.05684454756380508,0.026386830942091218,9.325500000000002,-0.023108680499705346,0.5471471471471477,1.353753753753754,-0.5958296362023067
2021-08-30,601138,9.15,8.91,9.16,8.82,231048,266911436.0,3.73,-2.2,-0.2,0.76,-0.021953896816684915,-0.056144067796610075,-0.032573289902280256,0.021977622255408807,9.310500000000001,-0.043015949734171194,0.5351351351351358,1.353753753753754,-0.6047027506654832
2021-08-31,601138,8.93,8.88,9.01,8.73,216804,248221023.0,3.14,-0.34,-0.03,0.71,-0.0033670033670032407,-0.060317460317460214,-0.037919826652220934,0.021964817771861184,9.293000000000001,-0.04444205315829121,0.533333333333334,1.353753753753754,-0.6060337178349596
2021-09-01,601138,8.88,9.11,9.15,8.86,313008,364630608.0,3.27,2.59,0.23,1.03,0.025900900900900803,-0.028784648187633377,-0.02148227712137496,0.022718104265147893,9.283,-0.018636216740277933,0.5471471471471477,1.353753753753754,-0.5958296362023067
2021-09-02,601138,9.11,9.15,9.28,9.08,233528,274918464.0,2.2,0.44,0.04,0.77,0.004390779363337094,0.0066006600660066805,-0.010810810810810811,0.02270659869116703,9.278,-0.013796076740676882,0.5495495495495502,1.353753753753754,-0.5940550133096714
2021-09-03,601138,9.2,9.4,9.55,9.12,418148,500151120.0,4.7,2.73,0.25,1.38,0.02732240437158473,0.03183315038419332,0.018418201516793076,0.023521701330112346,9.2865,0.012222042750228843,0.5645645645645652,1.353753753753754,-0.5829636202307006
2021-09-06,601138,9.41,9.45,9.55,9.33,291197,350968160.0,2.34,0.53,0.05,0.96,0.005319148936170137,0.06060606060606055,0.0021208907741250282,0.023051441427591274,9.2875,0.017496635262449493,0.5675675675675681,1.353753753753754,-0.5807453416149065
2021-09-07,601138,9.45,9.57,9.6,9.36,375919,455433216.0,2.54,1.27,0.12,1.24,0.012698412698412875,0.07770270270270263,0.003144654088050425,0.023079262271101967,9.289,0.0302508343201637,0.5747747747747755,1.353753753753754,-0.5754214729370005
2021-09-08,601138,9.57,9.59,9.74,9.53,332574,406461968.0,2.19,0.21,0.02,1.09,0.002089864158829613,0.05268935236004402,0.04466230936819171,0.021261231039270294,9.3095,0.03013051184274128,0.5759759759759766,1.353753753753754,-0.5745341614906828
2021-09-09,601138,9.64,9.58,9.65,9.46,257747,313418112.0,1.98,-0.1,-0.01,0.85,-0.0010427528675703845,0.04699453551912569,0.04699453551912569,0.021235805946400114,9.331,0.026685242739256303,0.575375375375376,1.353753753753754,-0.5749778172138417
2021-09-10,601138,9.57,9.6,9.7,9.53,302035,368597504.0,1.77,0.21,0.02,0.99,0.0020876826722338038,0.02127659574468077,0.03896103896103886,0.02116574138777369,9.349,0.02684779120761573,0.5765765765765771,1.353753753753754,-0.5740905057675241
2021-09-13,601138,9.62,9.57,9.68,9.52,250214,305191712.0,1.67,-0.31,-0.03,0.82,-0.0031249999999999334,0.012698412698412875,-0.010341261633919352,0.01841580481018107,9.344,0.02418664383561653,0.5747747747747753,1.353753753753754,-0.5754214729370005
2021-09-14,601138,9.52,9.34,9.63,9.29,268677,323943552.0,3.55,-2.4,-0.23,0.88,-0.024033437826541326,-0.024033437826541326,-0.00849256900212314,0.018287256235925576,9.34,0.0,0.5609609609609615,1.353753753753754,-0.5856255545696537
2021-09-15,601138,9.33,9.2,9.39,9.13,216926,256940371.0,2.78,-1.5,-0.14,0.71,-0.014989293361884481,-0.04066736183524511,-0.04663212435233166,0.017597770737495824,9.317499999999999,-0.012610678830158276,0.552552552552553,1.353753753753754,-0.5918367346938773
2021-09-16,601138,9.2,9.15,9.4,9.1,253172,299201472.0,3.26,-0.54,-0.05,0.83,-0.005434782608695565,-0.044885177453027114,-0.010810810810810811,0.015029045650514853,9.3125,-0.01744966442953016,0.54954954954955,1.353753753753754,-0.5940550133096715
2021-09-17,601138,9.15,9.15,9.22,9.0,165450,193225110.0,2.4,0.0,0.0,0.54,0.0,-0.04687499999999989,-0.014008620689655027,0.015004736685782432,9.306,-0.016763378465505997,0.54954954954955,1.353753753753754,-0.5940550133096715
2021-09-22,601138,9.08,9.09,9.13,9.02,120041,140235717.0,1.2,-0.66,-0.06,0.4,-0.006557377049180357,-0.050156739811912265,-0.037076271186440635,0.014448914171180273,9.288499999999999,-0.02137051192334599,0.5459459459459464,1.353753753753754,-0.5967169476486245
2021-09-23,601138,9.39,9.48,9.66,9.38,376664,455117120.0,3.08,4.29,0.39,1.24,0.04290429042904287,0.014989293361884481,0.0031746031746033854,0.01757448939810806,9.290000000000001,0.020452099031216305,0.5693693693693698,1.353753753753754,-0.5794143744454301
2021-09-24,601138,9.4,9.26,9.48,9.21,266175,317496704.0,2.85,-2.32,-0.22,0.88,-0.02320675105485237,0.006521739130434856,-0.01279317697228155,0.01828028684639999,9.284,-0.0025850926324860954,0.5561561561561565,1.353753753753754,-0.5891748003549244
2021-09-27,601138,9.3,9.27,9.39,9.17,235313,279374896.0,2.38,0.11,0.01,0.77,0.001079913606911509,0.013114754098360493,0.01980198019801982,0.016818558084319032,9.293000000000001,-0.0024749811686217,0.5567567567567572,1.353753753753754,-0.5887311446317656
2021-09-28,601138,9.21,9.2,9.28,9.15,134462,158845736.0,1.4,-0.76,-0.07,0.44,-0.007551240560949357,0.005464480874316724,0.009879253567508295,0.016926418521262154,9.2975,-0.010486689970422172,0.552552552552553,1.353753753753754,-0.5918367346938773
2021-09-29,601138,9.2,9.24,9.39,8.99,327722,387259472.0,4.35,0.43,0.04,1.08,0.004347826086956719,0.01650165016501659,0.03703703703703698,0.01608030710437802,9.314,-0.007945028988619266,0.5549549549549555,1.353753753753754,-0.5900621118012419
2021-09-30,601138,9.24,9.02,9.29,8.98,272821,318487600.0,3.35,-2.38,-0.22,0.9,-0.023809523809523836,-0.048523206751054926,0.015765765765765716,0.017055631528168132,9.321,-0.032292672460036496,0.5417417417417423,1.353753753753754,-0.5998225377107361
2021-10-08,601138,9.14,9.52,9.58,9.12,505415,608750336.0,5.1,5.54,0.5,1.66,0.055432372505543226,0.02807775377969768,0.04500548847420416,0.020301634772580016,9.3415,0.019108280254777035,0.5717717717717723,1.353753753753754,-0.5776397515527948
2021-10-11,601138,9.52,9.53,9.65,9.48,291677,355464496.0,1.79,0.11,0.01,0.96,0.0010504201680672232,0.028047464940668787,0.04153005464480852,0.020298101417250688,9.3605,0.018108007050905327,0.5723723723723729,1.353753753753754,-0.5771960958296359
2021-10-12,601138,9.57,9.28,9.57,9.21,266263,318572784.0,3.78,-2.62,-0.25,0.88,-0.026232948583420734,0.008695652173912993,-0.01276595744680864,0.020346022423574018,9.3545,-0.00796408145812181,0.5573573573573579,1.353753753753754,-0.5882874889086066
2021-10-13,601138,9.28,9.29,9.31,9.16,151025,178589769.0,1.62,0.11,0.01,0.5,0.0010775862068965747,0.005411255411255311,-0.016931216931216908,0.02030480137096952,9.3465,-0.006045043599208425,0.5579579579579586,1.353753753753754,-0.5878438331854478
2021-10-14,601138,9.27,9.26,9.33,9.18,115265,136501244.0,1.61,-0.32,-0.03,0.38,-0.0032292787944024903,0.026607538802660757,-0.03239289446186,0.020064186706059976,9.331,-0.007609045118422434,0.5561561561561568,1.353753753753754,-0.5891748003549242
2021-10-15,601138,9.26,9.13,9.3,9.11,195552,229918639.0,2.05,-1.4,-0.13,0.64,-0.014038876889848728,-0.0409663865546217,-0.04796663190823769,0.02023750143366137,9.307999999999998,-0.019123334765792577,0.548348348348349,1.353753753753754,-0.594942324755989
2021-10-18,601138,9.22,8.98,9.22,8.95,233361,271029008.0,2.96,-1.64,-0.15,0.77,-0.016429353778751432,-0.05771248688352559,-0.06263048016701456,0.020479662355505978,9.278,-0.03211899116188834,0.53933933933934,1.353753753753754,-0.6015971606033714
2021-10-19,601138,9.02,9.04,9.07,8.89,202139,233942149.0,2.0,0.67,0.06,0.66,0.006681514476614581,-0.025862068965517238,-0.05833333333333335,0.02056569581974942,9.25,-0.022702702702702793,0.5429429429429435,1.353753753753754,-0.5989352262644184
2021-10-20,601138,9.05,8.99,9.13,8.96,151976,176700063.0,1.88,-0.55,-0.05,0.5,-0.005530973451327359,-0.03229278794402568,-0.06060606060606066,0.020574712146150715,9.221,-0.025051512851100733,0.5399399399399406,1.353753753753754,-0.6011535048802126
2021-10-21,601138,9.0,8.89,9.02,8.81,233548,268555088.0,2.34,-1.11,-0.1,0.77,-0.011123470522803047,-0.0399568034557235,-0.04817987152034253,0.020073986028184675,9.1985,-0.03353807686035752,0.5339339339339346,1.353753753753754,-0.6055900621118008
2021-10-22,601138,8.89,8.94,8.96,8.82,157055,180300752.0,1.57,0.56,0.05,0.52,0.0056242969628794715,-0.020810514786418488,-0.02826086956521734,0.019915554077294787,9.1855,-0.02672690653747753,0.5369369369369376,1.353753753753754,-0.6033717834960067
2021-10-25,601138,8.88,8.78,8.88,8.72,203844,232006639.0,1.79,-1.79,-0.16,0.67,-0.017897091722595126,-0.022271714922049157,-0.040437158469945444,0.02024568991403614,9.166999999999998,-0.042216646667393776,0.5273273273273279,1.353753753753754,-0.610470275066548
2021-10-26,601138,8.82,8.83,8.91,8.77,121526,139047045.0,1.59,0.57,0.05,0.4,0.005694760820045719,-0.023230088495575174,-0.0349726775956285,0.02031331345640725,9.151,-0.0350781335373183,0.530330330330331,1.353753753753754,-0.6082519964507539
2021-10-27,601138,8.86,8.68,8.87,8.47,227900,255542257.0,4.53,-1.7,-0.15,0.75,-0.016987542468856254,-0.034482758620689724,-0.04510451045104513,0.020579810275250365,9.130500000000001,-0.04934012376102093,0.5213213213213219,1.353753753753754,-0.6149068322981363
2021-10-28,601138,8.53,8.56,8.7,8.53,121055,135561909.0,1.96,-1.38,-0.12,0.4,-0.013824884792626668,-0.03712035995500562,-0.09704641350210974,0.01776661969048712,9.0845,-0.05773570367108809,0.5141141141141148,1.353753753753754,-0.6202307009760422
2021-10-29,601138,8.61,8.75,8.75,8.57,156724,177015050.0,2.1,2.22,0.19,0.52,0.022196261682242868,-0.021252796420581643,-0.05507559395248374,0.01820550251128786,9.059000000000001,-0.03410972513522475,0.5255255255255261,1.353753753753754,-0.6118012422360245
2021-11-01,601138,8.7,8.84,8.93,8.69,223714,255820455.0,2.74,1.03,0.09,0.74,0.010285714285714231,0.006833712984054774,-0.04638619201725991,0.018420500749434736,9.037499999999998,-0.021853388658367695,0.5309309309309315,1.353753753753754,-0.607808340727595
2021-11-02,601138,8.9,8.83,9.03,8.65,270803,310346480.0,4.3,-0.11,-0.01,0.89,-0.0011312217194570096,0.0,-0.04021739130434776,0.018378473613201923,9.019,-0.02095576006209115,0.5303303303303308,1.353753753753754,-0.6082519964507539
2021-11-03,601138,8.78,8.87,9.05,8.78,237781,274048976.0,3.06,0.45,0.04,0.78,0.0045300113250281715,0.02188940092165903,-0.0400432900432901,0.01838177411884251,9.000499999999999,-0.014499194489195004,0.5327327327327331,1.353753753753754,-0.6064773735581187
2021-11-04,601138,8.92,9.02,9.03,8.86,233190,269879328.0,1.92,1.69,0.15,0.77,0.016910935738444266,0.05373831775700921,0.0,0.01807796511484288,9.000499999999999,0.00216654630298325,0.5417417417417422,1.353753753753754,-0.5998225377107362
2021-11-05,601138,9.0,9.09,9.22,8.94,353903,415154160.0,3.1,0.78,0.07,1.16,0.0077605321507761005,0.03885714285714292,-0.04516806722689071,0.012768939499381073,8.979,0.012362178416304785,0.5459459459459464,1.353753753753754,-0.5967169476486245
2021-11-08,601138,9.08,9.05,9.13,8.97,161631,188033961.0,1.76,-0.44,-0.04,0.53,-0.004400440044004306,0.023755656108597423,-0.050367261280167774,0.012753383750093914,8.955,0.010608598548297113,0.5435435435435441,1.353753753753754,-0.5984915705412597
2021-11-09,601138,9.05,8.99,9.09,8.86,220713,255228442.0,2.54,-0.66,-0.06,0.73,-0.006629834254143652,0.018120045300113352,-0.03124999999999989,0.011528094063385539,8.9405,0.005536603098260735,0.5399399399399405,1.353753753753754,-0.6011535048802127
2021-11-10,601138,9.02,8.94,9.05,8.78,182316,209772475.0,3.0,-0.56,-0.05,0.6,-0.00556173526140169,0.007891770011273946,-0.03767491926803013,0.011544845071734061,8.923,0.0019051888378347483,0.5369369369369374,1.353753753753754,-0.6033717834960068
2021-11-11,601138,8.92,9.13,9.18,8.86,243890,285177568.0,3.58,2.13,0.19,0.8,0.021252796420581754,0.012195121951219745,-0.014038876889848728,0.012637663373646005,8.916500000000001,0.02394437279201478,0.5483483483483489,1.353753753753754,-0.5949423247559891
2021-11-12,601138,9.14,9.12,9.18,9.05,164379,192412797.0,1.42,-0.11,-0.01,0.54,-0.0010952902519169028,0.0033003300330032292,-0.0010952902519169028,0.012240067822324143,8.916,0.0228802153432031,0.5477477477477483,1.353753753753754,-0.5953859804791479
2021-11-15,601138,9.12,9.27,9.3,9.1,359708,425564016.0,2.19,1.64,0.15,1.18,0.016447368421052655,0.024309392265193353,0.03229398663697092,0.012122284435474435,8.930499999999999,0.038015788589664756,0.5567567567567573,1.353753753753754,-0.5887311446317655
2021-11-16,601138,9.27,9.21,9.34,9.2,272265,322965648.0,1.51,-0.65,-0.06,0.9,-0.006472491909384925,0.024471635150166815,0.018805309734513553,0.012192142612111484,8.939,0.03031659022262007,0.5531531531531538,1.353753753753754,-0.5913930789707184
2021-11-17,601138,9.19,9.14,9.24,9.12,192803,226664245.0,1.3,-0.76,-0.07,0.63,-0.007600434310532034,0.022371364653243964,0.016685205784204626,0.012259106351740504,8.9465,0.021628569831777814,0.5489489489489496,1.353753753753754,-0.5944986690328301
2021-11-18,601138,9.14,9.02,9.18,8.99,208810,243106614.0,2.08,-1.31,-0.12,0.69,-0.013129102844639085,-0.012048192771084487,0.014623172103486848,0.012370326280296341,8.953,0.007483525075393742,0.5417417417417424,1.353753753753754,-0.5998225377107361
2021-11-19,601138,9.0,9.31,9.36,8.96,341482,403926272.0,4.43,3.22,0.29,1.12,0.03215077605321515,0.02083333333333348,0.0413870246085013,0.014201485740238847,8.9715,0.03773059131694809,0.5591591591591598,1.353753753753754,-0.58695652173913
2021-11-22,601138,9.32,9.26,9.36,9.22,245670,291577264.0,1.5,-0.54,-0.05,0.81,-0.00537056928034374,-0.0010787486515642097,0.0546697038724373,0.013532449508518164,8.9955,0.029403590684231,0.5561561561561568,1.353753753753754,-0.5891748003549242
2021-11-23,601138,9.26,9.13,9.33,9.11,310200,365625776.0,2.38,-1.4,-0.13,1.02,-0.014038876889848728,-0.008686210640608039,0.03397508493771251,0.014017265837747143,9.0105,0.013262305088507894,0.548348348348349,1.353753753753754,-0.594942324755989
2021-11-24,601138,9.14,9.11,9.18,9.05,251367,294145744.0,1.42,-0.22,-0.02,0.83,-0.0021905805038336945,-0.00328227571115991,0.04953917050691237,0.013350032983576352,9.032,0.008635961027457862,0.5471471471471477,1.353753753753754,-0.5958296362023067
2021-11-25,601138,9.14,9.03,9.17,9.01,211257,246342061.0,1.76,-0.88,-0.08,0.69,-0.008781558726673966,0.0011086474501107446,0.05490654205607459,0.013070052807016659,9.055499999999999,-0.0028159681961238137,0.5423423423423429,1.353753753753754,-0.5993788819875773
2021-11-26,601138,9.03,8.57,9.04,8.55,603300,680884464.0,5.43,-5.09,-0.46,1.98,-0.050941306755260096,-0.07948442534908706,-0.020571428571428574,0.016988867526897822,9.046499999999998,-0.052672304206046315,0.5147147147147153,1.353753753753754,-0.6197870452528834
2021-11-29,601138,8.49,8.38,8.56,8.36,487182,537007600.0,2.33,-2.22,-0.19,1.6,-0.022170361726954413,-0.09503239740820724,-0.05203619909502255,0.017409059632766847,9.023500000000002,-0.0713137917659446,0.503303303303304,1.353753753753754,-0.6282165039929011
2021-11-30,601138,8.41,8.57,8.58,8.41,312276,346614272.0,2.03,2.27,0.19,1.03,0.022673031026252843,-0.06133625410733845,-0.029445073612684003,0.01830013789750992,9.0105,-0.04888740913378837,0.5147147147147153,1.353753753753754,-0.6197870452528834
2021-12-01,601138,8.58,8.66,8.7,8.51,230021,258278456.0,2.22,1.05,0.09,0.76,0.010501750291715295,-0.04939626783754114,-0.023675310033821728,0.018448944500867526,9.0,-0.037777777777777764,0.5201201201201208,1.353753753753754,-0.615794143744454
2021-12-02,601138,8.61,8.6,8.73,8.55,210069,236242028.0,2.08,-0.69,-0.06,0.69,-0.006928406466512715,-0.04761904761904756,-0.04656319290465627,0.017992984381468635,8.979000000000001,-0.04220960017819371,0.5165165165165172,1.353753753753754,-0.6184560780834069
2021-12-03,601138,8.59,8.65,8.68,8.49,240525,269013536.0,2.21,0.58,0.05,0.79,0.005813953488372103,0.009334889148191472,-0.04840484048404836,0.01794131060705529,8.957,-0.03427486881768453,0.5195195195195202,1.353753753753754,-0.6162377994676127
2021-12-06,601138,8.62,8.68,8.82,8.54,280149,317031360.0,3.24,0.35,0.03,0.92,0.003468208092485492,0.03579952267303099,-0.04088397790055265,0.017979604460773208,8.938500000000001,-0.028919841136656202,0.521321321321322,1.353753753753754,-0.6149068322981363
2021-12-07,601138,8.72,8.75,8.78,8.65,227450,257396462.0,1.5,0.81,0.07,0.75,0.008064516129032251,0.02100350058343059,-0.026696329254727535,0.018077416829530603,8.9265,-0.01977258724023982,0.5255255255255262,1.353753753753754,-0.6118012422360244
2021-12-08,601138,8.77,8.96,8.99,8.71,335995,385382752.0,3.2,2.4,0.21,0.17,0.02400000000000002,0.03464203233256358,0.0022371364653246406,0.01889182001278436,8.927499999999998,0.0036404368524225617,0.5381381381381388,1.353753753753754,-0.602484472049689
2021-12-09,601138,8.9,9.17,9.22,8.88,542275,634310080.0,3.79,2.34,0.21,0.27,0.0234375,0.0662790697674418,0.004381161007666945,0.01902529853674764,8.9295,0.026933198947309372,0.5507507507507514,1.353753753753754,-0.5931677018633537
2021-12-10,601138,9.15,9.29,9.42,9.1,649354,773341216.0,3.49,1.31,0.12,0.33,0.013086150490730475,0.07398843930635834,0.018640350877193068,0.019230121829288946,8.937999999999999,0.03938241217274562,0.5579579579579586,1.353753753753754,-0.5878438331854478
2021-12-13,601138,9.28,9.38,9.45,9.18,474339,567539264.0,2.91,0.97,0.09,0.24,0.009687836383208026,0.08064516129032273,0.011866235167206085,0.019004282070352728,8.9435,0.04880639570637899,0.5633633633633641,1.353753753753754,-0.5838509316770182
2021-12-14,601138,9.36,9.37,9.48,9.31,329285,394733584.0,1.81,-0.11,-0.01,0.17,-0.0010660980810236476,0.07085714285714273,0.017372421281215855,0.01893426827557292,8.9515,0.046751941015472254,0.5627627627627634,1.353753753753754,-0.5842945874001771
2021-12-15,601138,9.33,9.27,9.4,9.26,253539,301992688.0,1.49,-1.07,-0.1,0.13,-0.010672358591248599,0.03459821428571419,0.014223194748358647,0.019020256732790678,8.958,0.034829202947086337,0.5567567567567574,1.353753753753754,-0.5887311446317653
2021-12-16,601138,9.32,9.45,9.52,9.29,358174,430896992.0,2.48,1.94,0.18,0.18,0.01941747572815533,0.030534351145037997,0.047671840354767125,0.01915047080125534,8.9795,0.05239712678879665,0.5675675675675682,1.353753753753754,-0.5807453416149064
2021-12-17,601138,9.44,9.54,9.63,9.4,408846,495398016.0,2.43,0.95,0.09,0.21,0.00952380952380949,0.026910656620021456,0.02470461868958096,0.017936959385549404,8.991,0.061061061061061,0.5729729729729736,1.353753753753754,-0.5767524401064771
2021-12-20,601138,9.54,9.5,9.64,9.42,360101,437217504.0,2.31,-0.42,-0.04,0.18,-0.004192872117400381,0.012793176972281328,0.02591792656587466,0.017915566903835372,9.003,0.055203820948572686,0.5705705705705711,1.353753753753754,-0.5785270629991124
2021-12-21,601138,9.5,9.55,9.75,9.31,512460,619774304.0,4.63,0.53,0.05,0.26,0.0052631578947368585,0.019210245464247766,0.04600219058050392,0.01755440343260835,9.024,0.05828900709219876,0.5735735735735742,1.353753753753754,-0.5763087843833182
2021-12-22,601138,9.4,9.31,9.42,9.21,428478,509842448.0,2.2,-2.51,-0.24,0.22,-0.025130890052356025,0.004314994606256839,0.021953896816685026,0.0185890941258017,9.034,0.03055125083019701,0.5591591591591598,1.353753753753754,-0.58695652173913
2021-12-23,601138,9.28,9.43,9.43,9.25,251592,300899712.0,1.93,1.29,0.12,0.13,0.012889366272824887,-0.002116402116402072,0.04429678848283514,0.01860500667838889,9.054,0.04152860614093212,0.5663663663663671,1.353753753753754,-0.581632653061224
2021-12-24,601138,9.4,9.38,9.45,9.25,192562,230186353.0,2.12,-0.53,-0.05,0.1,-0.005302226935312682,-0.016771488469601525,0.09451575262543765,0.013940632866817999,9.0945,0.031392599923030486,0.5633633633633641,1.353753753753754,-0.5838509316770182
2021-12-27,601138,9.38,9.48,9.52,9.36,176157,212122319.0,1.71,1.07,0.1,0.09,0.010660980810234477,-0.002105263157894721,0.13126491646778038,0.012476247882973333,9.1495,0.03612219246953393,0.5693693693693701,1.353753753753754,-0.5794143744454299
2021-12-28,601138,9.48,9.45,9.5,9.36,217437,261533405.0,1.48,-0.32,-0.03,0.11,-0.0031645569620254443,-0.010471204188481797,0.10268378063010486,0.012016481846809833,9.1935,0.027900146842878018,0.5675675675675682,1.353753753753754,-0.5807453416149064
2021-12-29,601138,9.4,9.3,9.45,9.24,215762,256546827.0,2.22,-1.59,-0.15,0.11,-0.015873015873015706,-0.0010741138560687036,0.07390300230946889,0.01279896765436774,9.2255,0.008075443065416557,0.5585585585585593,1.353753753753754,-0.5874001774622888
2021-12-30,601138,9.31,9.3,9.38,9.26,185851,221330426.0,1.29,0.0,0.0,0.09,0.0,-0.013785790031813239,0.08139534883720945,0.012589656713819054,9.2605,0.004265428432590066,0.5585585585585593,1.353753753753754,-0.5874001774622888
2021-12-31,601138,9.32,9.32,9.35,9.18,227340,269934960.0,1.83,0.22,0.02,0.12,0.0021505376344086446,-0.006396588486140775,0.07745664739884384,0.012588457730227846,9.294,0.0027975037658704324,0.5597597597597606,1.353753753753754,-0.5865128660159711
2022-01-04,601138,9.33,9.44,9.5,9.25,316243,379197120.0,2.68,1.29,0.12,0.16,0.012875536480686511,-0.0042194092827004814,0.0875576036866359,0.012749641124241828,9.331999999999999,0.011573081868838465,0.5669669669669677,1.353753753753754,-0.5811889973380652
2022-01-05,601138,9.43,9.51,9.59,9.41,376451,456452656.0,1.91,0.74,0.07,0.19,0.00741525423728806,0.006349206349206327,0.08685714285714274,0.012740328360663293,9.37,0.014941302027748194,0.5711711711711719,1.353753753753754,-0.5780834072759534
2022-01-06,601138,9.53,9.29,9.57,9.24,401404,478477296.0,3.47,-2.31,-0.22,0.2,-0.023133543638275578,-0.0010752688172044333,0.036830357142856984,0.013244158824059446,9.386500000000002,-0.010280722313961802,0.5579579579579587,1.353753753753754,-0.5878438331854476
2022-01-07,601138,9.32,9.23,9.35,9.21,268177,318756016.0,1.51,-0.65,-0.06,0.14,-0.006458557588804981,-0.007526881720430145,0.0065430752453654595,0.012340940511712872,9.3895,-0.016987060013845205,0.5543543543543552,1.353753753753754,-0.5905057675244005
2022-01-10,601138,9.21,9.36,9.45,9.14,354144,422401872.0,3.36,1.41,0.13,0.18,0.014084507042253502,0.0042918454935620964,0.00753498385360607,0.012396853000441613,9.393,-0.0035132545512617107,0.562162162162163,1.353753753753754,-0.5847382431233358
2022-01-11,601138,9.33,9.25,9.39,9.22,271747,322789264.0,1.82,-1.18,-0.11,0.14,-0.01175213675213671,-0.0201271186440678,-0.013859275053304976,0.012482563016014614,9.386500000000002,-0.014542161615085666,0.5555555555555564,1.353753753753754,-0.5896184560780829
2022-01-12,601138,9.25,9.22,9.28,9.2,201399,238297820.0,0.86,-0.32,-0.03,0.1,-0.00324324324324321,-0.030494216614090353,-0.016008537886872842,0.012496113762780994,9.379000000000001,-0.01695276681949042,0.5537537537537546,1.353753753753754,-0.5909494232475594
2022-01-13,601138,9.26,8.95,9.29,8.87,595980,692635760.0,4.56,-2.93,-0.27,0.3,-0.029284164859002315,-0.03659849300322926,-0.034519956850053934,0.013890539340031415,9.363,-0.044109793869486304,0.5375375375375383,1.353753753753754,-0.6029281277728478
2022-01-14,601138,8.87,8.74,8.88,8.69,478418,543378768.0,2.12,-2.35,-0.21,0.24,-0.02346368715083791,-0.05308775731310944,-0.07513227513227505,0.013774426357572908,9.3275,-0.0629857946931118,0.5249249249249257,1.353753753753754,-0.6122448979591831
2022-01-17,601138,8.74,8.82,8.89,8.74,219638,250973863.0,1.72,0.92,0.08,0.11,0.009153318077803174,-0.0576923076923076,-0.07547169811320742,0.01375579163131666,9.291500000000001,-0.05074530484851753,0.5297297297297305,1.353753753753754,-0.6086956521739125
2022-01-18,601138,8.85,9.12,9.35,8.81,648506,762721600.0,6.12,3.4,0.3,0.33,0.034013605442176686,-0.014054054054054133,-0.040000000000000036,0.016147145875447837,9.2725,-0.01644648153141026,0.5477477477477485,1.353753753753754,-0.5953859804791477
2022-01-19,601138,9.12,9.04,9.19,9.0,233462,272351424.0,2.08,-0.88,-0.08,0.12,-0.00877192982456143,-0.01952277657266832,-0.05340314136125668,0.01612373008960628,9.247,-0.022385638585487266,0.5429429429429437,1.353753753753754,-0.5989352262644184
2022-01-20,601138,9.09,9.17,9.27,9.02,336912,395932096.0,2.77,1.44,0.13,0.17,0.014380530973451489,0.024581005586592264,-0.015037593984962516,0.015633098493555708,9.239999999999998,-0.0075757575757574155,0.5507507507507515,1.353753753753754,-0.5931677018633535
2022-01-21,601138,9.11,9.01,9.16,8.96,230886,268483712.0,2.18,-1.74,-0.16,0.12,-0.017448200654307522,0.030892448512585657,-0.044538706256627814,0.01572270231304113,9.219,-0.02267057164551466,0.5411411411411419,1.353753753753754,-0.6002661934338949
2022-01-24,601138,8.95,8.89,9.04,8.83,397879,457758624.0,2.33,-1.33,-0.12,0.2,-0.013318534961154205,0.007936507936507908,-0.052238805970149294,0.015908159962571014,9.1945,-0.033117624666920344,0.5339339339339347,1.353753753753754,-0.6055900621118008
2022-01-25,601138,8.96,8.71,8.96,8.68,317808,362379072.0,3.15,-2.02,-0.18,0.16,-0.020247469066366652,-0.04495614035087703,-0.08122362869198307,0.016056933719344624,9.156,-0.048711227610310145,0.5231231231231239,1.353753753753754,-0.6135758651286597
2022-01-26,601138,8.71,8.65,8.78,8.56,251672,283709776.0,2.53,-0.69,-0.06,0.13,-0.006888633754305484,-0.0431415929203538,-0.08465608465608454,0.016067052495234626,9.116,-0.05111891180342248,0.5195195195195202,1.353753753753754,-0.6162377994676127
2022-01-27,601138,8.65,8.53,8.67,8.46,254999,283594400.0,2.43,-1.39,-0.12,0.13,-0.0138728323699423,-0.0697928026172302,-0.08279569892473138,0.015997236094001704,9.0775,-0.06031396309556609,0.512312312312313,1.353753753753754,-0.6215616681455186
2022-01-28,601138,8.54,8.51,8.61,8.46,336859,374669472.0,1.76,-0.23,-0.02,0.17,-0.0023446658851112856,-0.05549389567147611,-0.08494623655913991,0.015973484137284368,9.038,-0.05842000442575796,0.5111111111111118,1.353753753753754,-0.6224489795918363
2022-02-07,601138,8.6,8.56,8.64,8.48,231212,258045987.0,1.88,0.59,0.05,0.12,0.005875440658049458,-0.03712035995500562,-0.08154506437768239,0.016074146625150033,9.0,-0.048888888888888836,0.5141141141141149,1.353753753753754,-0.620230700976042
2022-02-08,601138,8.55,8.69,8.7,8.54,262680,295168528.0,1.87,1.52,0.13,0.13,0.015186915887850372,-0.0022962112514353095,-0.07944915254237284,0.016210513188638132,8.9625,-0.0304044630404464,0.5219219219219227,1.353753753753754,-0.6144631765749774
2022-02-09,601138,8.71,8.75,8.83,8.69,271068,307794192.0,1.61,0.69,0.06,0.14,0.0069044879171462625,0.01156069364161838,-0.07991587802313349,0.01619196482635302,8.9245,-0.01955291612975518,0.5255255255255263,1.353753753753754,-0.6118012422360243
2022-02-10,601138,8.77,8.81,8.83,8.71,201914,229741769.0,1.37,0.69,0.06,0.1,0.006857142857142895,0.03282532239155933,-0.05166846071044118,0.015711399757532937,8.9005,-0.010167968091680097,0.52912912912913,1.353753753753754,-0.6091393078970713
2022-02-11,601138,8.81,8.73,8.82,8.66,183048,207763704.0,1.82,-0.91,-0.08,0.09,-0.009080590238365494,0.02585193889541726,-0.054171180931744334,0.01575676377341751,8.875499999999999,-0.016393442622950644,0.5243243243243252,1.353753753753754,-0.612688553682342
2022-02-14,601138,8.67,8.66,8.7,8.58,174635,195957196.0,1.37,-0.8,-0.07,0.09,-0.008018327605956554,0.011682242990654235,-0.07478632478632474,0.015288471671664625,8.8405,-0.020417397206040418,0.5201201201201209,1.353753753753754,-0.6157941437444538
2022-02-15,601138,8.63,8.64,8.71,8.58,172067,193476550.0,1.5,-0.23,-0.02,0.09,-0.002309468822170868,-0.00575373993095496,-0.06594594594594594,0.015174312502347354,8.809999999999999,-0.01929625425652647,0.5189189189189197,1.353753753753754,-0.6166814551907714
2022-02-16,601138,8.7,8.67,8.76,8.64,158727,179184399.0,1.39,0.35,0.03,0.08,0.003472222222222099,-0.00914285714285712,-0.05965292841648595,0.015249653696366286,8.782499999999999,-0.012809564474807737,0.5207207207207215,1.353753753753754,-0.615350488021295
2022-02-17,601138,8.65,8.65,8.69,8.61,136560,153486748.0,0.92,-0.23,-0.02,0.07,-0.0023068050749711633,-0.018161180476730987,-0.03351955307262555,0.013935142985545807,8.7675,-0.013401767892785825,0.5195195195195204,1.353753753753754,-0.6162377994676126
2022-02-18,601138,8.64,8.69,8.69,8.58,140079,157313709.0,1.27,0.46,0.04,0.07,0.0046242774566473965,-0.004581901489118079,-0.005720823798627039,0.013000989973714181,8.764999999999999,-0.008556759840273737,0.5219219219219228,1.353753753753754,-0.6144631765749773
2022-02-21,601138,8.67,8.8,8.81,8.63,243068,275814256.0,2.07,1.27,0.11,0.12,0.012658227848101333,0.01616628175519641,-0.0022675736961450532,0.01315649371324636,8.764,0.004107713372889248,0.5285285285285294,1.353753753753754,-0.6095829636202301
2022-02-22,601138,8.74,8.67,8.74,8.59,211502,237674230.0,1.7,-1.48,-0.13,0.11,-0.014772727272727382,0.003472222222222099,-0.049342105263157854,0.0108287628632454,8.741499999999998,-0.008179374249270557,0.5207207207207215,1.353753753753754,-0.615350488021295
2022-02-23,601138,8.67,8.74,8.75,8.65,278503,315118704.0,1.15,0.81,0.07,0.14,0.008073817762399127,0.008073817762399127,-0.03318584070796449,0.010967137719066012,8.7265,0.0015470119750186802,0.5249249249249257,1.353753753753754,-0.6122448979591831
2022-02-24,601138,8.71,8.6,8.73,8.48,369870,413623776.0,2.86,-1.6,-0.14,0.19,-0.016018306636155666,-0.005780346820809301,-0.06215921483097053,0.010735679072233936,8.698,-0.011266957921361318,0.5165165165165172,1.353753753753754,-0.6184560780834069
2022-02-25,601138,8.6,8.6,8.68,8.55,303983,341201600.0,1.51,0.0,0.0,0.15,0.0,-0.010356731875719172,-0.0455049944506104,0.010208505115057094,8.677499999999998,-0.0089311437626043,0.5165165165165172,1.353753753753754,-0.6184560780834069
2022-02-28,601138,8.58,8.57,8.6,8.4,257873,286450160.0,2.33,-0.35,-0.03,0.13,-0.0034883720930232176,-0.026136363636363735,-0.03599550056242973,0.009880241712630326,8.6615,-0.010563990071003858,0.5147147147147154,1.353753753753754,-0.6197870452528833
2022-03-01,601138,8.56,8.57,8.61,8.5,151403,168799489.0,1.28,0.0,0.0,0.08,0.0,-0.011534025374855816,-0.016073478760045945,0.008875101291237995,8.6545,-0.009763706742157286,0.5147147147147154,1.353753753753754,-0.6197870452528833
2022-03-02,601138,8.55,8.61,8.63,8.48,163681,182669536.0,1.75,0.47,0.04,0.08,0.004667444574095514,-0.014874141876430325,-0.0046242774566475076,0.00883202220934692,8.6525,-0.004911875180583696,0.5171171171171177,1.353753753753754,-0.6180124223602481
2022-03-03,601138,8.63,8.6,8.68,8.55,185538,207679152.0,1.51,-0.12,-0.01,0.09,-0.0011614401858304202,0.0,0.008206330597889888,0.008232955680381985,8.656,-0.006469500924214526,0.5165165165165171,1.353753753753754,-0.618456078083407
2022-03-04,601138,8.53,8.54,8.57,8.47,262598,291625488.0,1.16,-0.7,-0.06,0.13,-0.006976744186046546,-0.006976744186046546,0.003525264394829586,0.008379296151208174,8.6575,-0.013572047357782441,0.5129129129129134,1.353753753753754,-0.62111801242236
2022-03-07,601138,8.48,8.22,8.49,8.17,495347,536874992.0,3.75,-3.75,-0.32,0.25,-0.03747072599531598,-0.040840140023337135,-0.03971962616822433,0.011760279617246494,8.6405,-0.048666165152479464,0.49369369369369426,1.353753753753754,-0.6353149955634425
2022-03-08,601138,8.17,8.0,8.24,7.97,396973,424312128.0,3.28,-2.68,-0.22,0.2,-0.02676399026763998,-0.06651108518086346,-0.07940161104718058,0.012271444724983925,8.606,-0.07041598884499185,0.480480480480481,1.353753753753754,-0.6450754214729367
2022-03-09,601138,8.03,7.8,8.08,7.4,430882,447065776.0,8.5,-2.5,-0.2,0.22,-0.025000000000000022,-0.09407665505226481,-0.10857142857142854,0.012832596395681012,8.5585,-0.08862534322603266,0.46846846846846896,1.353753753753754,-0.6539485359361132
2022-03-10,601138,7.95,7.75,7.96,7.75,225140,234813996.0,2.69,-0.64,-0.05,0.11,-0.0064102564102563875,-0.09883720930232553,-0.12031782065834284,0.012490341928945027,8.505500000000001,-0.08882487802010479,0.46546546546546597,1.353753753753754,-0.6561668145519074
2022-03-11,601138,7.63,7.68,7.73,7.4,365520,370637056.0,4.26,-0.9,-0.07,0.19,-0.00903225806451613,-0.10070257611241207,-0.1202749140893472,0.012489783162809267,8.453,-0.09144682361291846,0.46126126126126177,1.353753753753754,-0.6592724046140193
2022-03-14,601138,7.55,7.58,7.73,7.51,171066,175546316.0,2.86,-1.3,-0.1,0.09,-0.01302083333333326,-0.07785888077858882,-0.12471131639722866,0.012575556717850992,8.399,-0.09751160852482428,0.4552552552552558,1.353753753753754,-0.6637089618456075
2022-03-15,601138,7.59,7.15,7.64,7.13,430086,430241984.0,6.73,-5.67,-0.43,0.22,-0.05672823218997358,-0.10624999999999996,-0.17245370370370372,0.016788571851125034,8.3245,-0.14108955492822392,0.42942942942942997,1.353753753753754,-0.6827861579414372
2022-03-16,601138,7.25,7.29,7.32,6.82,422427,410175120.0,6.99,1.96,0.14,0.21,0.01958041958041945,-0.06538461538461537,-0.15916955017301038,0.017789242479164056,8.255500000000001,-0.11695233480709845,0.4378378378378383,1.353753753753754,-0.6765749778172137
2022-03-17,601138,7.4,7.51,7.59,7.37,399068,403211648.0,3.02,3.02,0.22,0.2,0.030178326474622708,-0.030967741935483906,-0.1317919075144509,0.019756552160898482,8.1985,-0.08397877660547655,0.45105105105105153,1.353753753753754,-0.6668145519077193
2022-03-18,601138,7.5,7.6,7.65,7.46,797102,812901360.0,2.53,1.2,0.09,0.4,0.011984021304926706,-0.01041666666666663,-0.12543153049482159,0.02004797391684194,8.144,-0.06679764243614937,0.45645645645645694,1.353753753753754,-0.6628216503992899
2022-03-21,601138,7.62,7.5,7.66,7.45,242983,245949513.0,2.76,-1.32,-0.1,0.12,-0.013157894736842035,-0.01055408970976257,-0.14772727272727282,0.019576086972598886,8.078999999999999,-0.07166728555514283,0.45045045045045096,1.353753753753754,-0.6672582076308782
2022-03-22,601138,7.53,7.59,7.61,7.5,216925,220372351.0,1.47,1.2,0.09,0.11,0.01200000000000001,0.06153846153846154,-0.12456747404844293,0.01998358729166429,8.025,-0.054205607476635574,0.45585585585585636,1.353753753753754,-0.6632653061224487
2022-03-23,601138,7.85,7.79,7.91,7.66,400811,416380112.0,3.29,2.64,0.2,0.2,0.026350461133069825,0.06858710562414272,-0.10869565217391308,0.02107042406278107,7.977500000000001,-0.023503603885929283,0.4678678678678684,1.353753753753754,-0.6543921916592721
2022-03-24,601138,7.82,7.79,7.95,7.76,309162,322502240.0,2.44,0.0,0.0,0.16,0.0,0.037283621837550074,-0.09418604651162787,0.02095462368115215,7.937,-0.018520851707194183,0.4678678678678684,1.353753753753754,-0.6543921916592721
2022-03-25,601138,7.79,7.62,7.8,7.58,272652,279546112.0,2.82,-2.18,-0.17,0.14,-0.02182284980744542,0.0026315789473685403,-0.11395348837209296,0.021261698668341742,7.888000000000001,-0.03397565922920901,0.45765765765765815,1.353753753753754,-0.6619343389529723
2022-03-28,601138,7.49,7.64,7.66,7.38,208723,211340237.0,3.67,0.26,0.02,0.11,0.002624671916010346,0.01866666666666661,-0.10851808634772464,0.021340678505873133,7.841499999999999,-0.025696614168207534,0.4588588588588593,1.353753753753754,-0.6610470275066546
2022-03-29,601138,7.64,7.48,7.65,7.47,150104,151930972.0,2.36,-2.09,-0.16,0.08,-0.020942408376963262,-0.01449275362318836,-0.12718786464410736,0.021568764633081012,7.787000000000001,-0.0394246821625787,0.4492492492492497,1.353753753753754,-0.6681455190771959
2022-03-30,601138,7.52,7.6,7.62,7.48,246172,250017063.0,1.87,1.6,0.12,0.12,0.016042780748662944,-0.024390243902439046,-0.11730545876887344,0.022025427494944304,7.736500000000001,-0.017643637303690507,0.4564564564564568,1.353753753753754,-0.66282165039929
2022-03-31,601138,7.55,7.55,7.63,7.54,196830,200293589.0,1.18,-0.66,-0.05,0.1,-0.006578947368421018,-0.030808729139923052,-0.12209302325581395,0.021996260021670308,7.683999999999999,-0.01743883394065584,0.45345345345345384,1.353753753753754,-0.6650399290150841
2022-04-01,601138,7.47,7.58,7.61,7.42,257103,260120647.0,2.52,0.4,0.03,0.13,0.003973509933774766,-0.005249343832021025,-0.11241217798594838,0.022113378215314484,7.636,-0.007333682556312212,0.4552552552552556,1.353753753753754,-0.6637089618456077
2022-04-06,601138,7.55,7.6,7.67,7.51,235828,240200749.0,2.11,0.26,0.02,0.12,0.0026385224274405594,-0.005235602094240788,-0.07542579075425804,0.02086488072390115,7.6049999999999995,-0.0006574621959237204,0.45645645645645677,1.353753753753754,-0.66282165039929
2022-04-07,601138,7.57,7.46,7.61,7.46,247863,251098719.0,1.97,-1.84,-0.14,0.13,-0.018421052631578894,-0.002673796791443861,-0.0675,0.02045904007761474,7.578,-0.015571390868303024,0.4480480480480484,1.353753753753754,-0.6690328305235136
2022-04-08,601138,7.46,7.55,7.56,7.34,261061,262358568.0,2.95,1.21,0.09,0.13,0.012064343163538771,-0.006578947368421018,-0.03205128205128205,0.02006358664615016,7.565499999999998,-0.002048774040050032,0.4534534534534537,1.353753753753754,-0.6650399290150841
2022-04-11,601138,7.51,7.33,7.52,7.31,264342,264086109.0,2.78,-2.91,-0.22,0.13,-0.029139072847682135,-0.029139072847682135,-0.05419354838709678,0.020982932830837027,7.544499999999999,-0.02843130757505458,0.4402402402402405,1.353753753753754,-0.6748003549245783
2022-04-12,601138,7.33,7.44,7.52,7.15,286929,285092560.0,5.05,1.5,0.11,0.15,0.01500682128240105,-0.01846965699208436,-0.03124999999999989,0.021279705604395252,7.532500000000001,-0.012280119482243643,0.4468468468468471,1.353753753753754,-0.6699201419698313
2022-04-13,601138,7.4,7.4,7.48,7.35,129919,130147229.0,1.75,-0.54,-0.04,0.07,-0.005376344086021501,-0.02631578947368407,-0.0237467018469657,0.021127499659672675,7.5235,-0.016415232272213722,0.4444444444444447,1.353753753753754,-0.6716947648624667
2022-04-14,601138,7.53,7.5,7.56,7.45,154969,156543595.0,1.49,1.35,0.1,0.08,0.013513513513513375,0.00536193029490617,0.04895104895104896,0.016760571582080244,7.5409999999999995,-0.005436944702294057,0.4504504504504506,1.353753753753754,-0.6672582076308784
2022-04-15,601138,7.44,7.44,7.48,7.37,132651,133030006.0,1.47,-0.8,-0.06,0.07,-0.007999999999999896,-0.014569536423840956,0.020576131687242816,0.01641457096118223,7.5485,-0.01437371663244345,0.44684684684684706,1.353753753753754,-0.6699201419698313
2022-04-18,601138,7.4,7.38,7.41,7.32,131664,131107044.0,1.21,-0.81,-0.06,0.07,-0.008064516129032362,0.006821282401091366,-0.017310252996005304,0.015023187180087867,7.542,-0.021479713603818607,0.4432432432432434,1.353753753753754,-0.6725820763087843
2022-04-19,601138,7.38,7.29,7.43,7.27,157258,156450304.0,2.17,-1.22,-0.09,0.08,-0.012195121951219523,-0.02016129032258074,-0.04078947368421049,0.014915718953634083,7.5265,-0.031422307845612216,0.437837837837838,1.353753753753754,-0.6765749778172138
2022-04-20,601138,7.33,7.25,7.41,7.25,161124,159588854.0,2.19,-0.55,-0.04,0.08,-0.005486968449931462,-0.020270270270270285,-0.033333333333333326,0.014710212717400249,7.514,-0.03513441575725316,0.43543543543543556,1.353753753753754,-0.6783496007098492
2022-04-21,601138,7.27,7.18,7.44,7.15,334622,332551312.0,4.0,-0.97,-0.07,0.17,-0.0096551724137931,-0.04266666666666674,-0.05401844532279321,0.014451918424798494,7.4935,-0.04183625809034501,0.43123123123123136,1.353753753753754,-0.6814551907719609
2022-04-22,601138,7.17,7.12,7.28,7.08,229895,224406395.0,2.79,-0.84,-0.06,0.12,-0.00835654596100277,-0.043010752688172116,-0.08600770218228493,0.01276917831727533,7.459999999999999,-0.045576407506702284,0.42762762762762774,1.353753753753754,-0.6841171251109139
2022-04-25,601138,7.0,6.51,7.06,6.5,374585,352098240.0,7.87,-8.57,-0.61,0.19,-0.0856741573033708,-0.11788617886178865,-0.1643132220795892,0.022142616763266093,7.395999999999999,-0.119794483504597,0.3909909909909911,1.353753753753754,-0.7111801242236024
2022-04-26,601138,6.57,6.59,6.83,6.46,309924,286422608.0,5.68,1.23,0.08,0.16,0.01228878648233489,-0.0960219478737997,-0.1351706036745407,0.022390362993666906,7.344499999999999,-0.1027299339641908,0.39579579579579593,1.353753753753754,-0.7076308784383318
2022-04-27,601138,6.49,6.77,6.79,6.49,221228,205728982.0,4.55,2.73,0.18,0.11,0.0273141122913505,-0.06620689655172418,-0.11387434554973819,0.023596315352471375,7.301,-0.07272976304615814,0.40660660660660675,1.353753753753754,-0.6996450754214729
2022-04-28,601138,6.71,6.82,6.82,6.67,190648,178394040.0,2.22,0.74,0.05,0.1,0.007385524372230501,-0.05013927576601662,-0.08823529411764708,0.023486480709763162,7.267999999999999,-0.061640066042927724,0.4096096096096098,1.353753753753754,-0.6974267968056788
2022-04-29,601138,6.86,6.92,7.08,6.73,431291,410165408.0,5.13,1.47,0.1,0.22,0.014662756598240456,-0.028089887640449507,-0.08947368421052626,0.023425406329898275,7.234,-0.04340613768316285,0.4156156156156158,1.353753753753754,-0.6929902395740904
2022-05-05,601138,6.96,7.0,7.05,6.93,337840,323723952.0,1.73,1.16,0.08,0.17,0.011560693641618602,0.07526881720430101,-0.07284768211920523,0.023686514691809005,7.2065,-0.02865468674113649,0.4204204204204206,1.353753753753754,-0.6894409937888198
2022-05-06,601138,6.83,6.59,6.85,6.57,252537,234539370.0,4.0,-5.86,-0.41,0.13,-0.05857142857142861,0.0,-0.13060686015831136,0.026598013273528526,7.156999999999999,-0.07922313818639086,0.39579579579579593,1.353753753753754,-0.7076308784383318
2022-05-09,601138,6.59,6.61,6.67,6.55,133697,123004963.0,1.82,0.3,0.02,0.07,0.003034901365705611,-0.023633677991137247,-0.13026315789473675,0.026605425933579865,7.1075,-0.06999648258881458,0.39699699699699714,1.353753753753754,-0.7067435669920142
2022-05-10,601138,6.51,6.74,6.81,6.47,237015,220137032.0,5.14,1.97,0.13,0.12,0.01966717095310133,-0.011730205278592365,-0.09651474530831095,0.027074197587190357,7.0715,-0.04687831436046102,0.40480480480480496,1.353753753753754,-0.7009760425909494
2022-05-11,601138,6.77,6.79,6.95,6.74,292138,276146672.0,3.12,0.74,0.05,0.15,0.007418397626112627,-0.018786127167630062,-0.10066225165562914,0.026942389634032574,7.033500000000001,-0.034620032700647035,0.4078078078078079,1.353753753753754,-0.6987577639751553
2022-05-12,601138,6.75,6.78,6.85,6.71,213739,200513265.0,2.06,-0.15,-0.01,0.11,-0.0014727540500736325,-0.03142857142857136,-0.07503410641200547,0.026337626977331025,7.006,-0.03225806451612903,0.4072072072072073,1.353753753753754,-0.6992014196983142
2022-05-13,601138,6.83,6.78,6.88,6.74,158988,149514706.0,2.06,0.0,0.0,0.08,0.0,0.028831562974203306,-0.08870967741935487,0.025992638081597217,6.973000000000001,-0.02767818729384777,0.4072072072072073,1.353753753753754,-0.6992014196983142
2022-05-16,601138,6.84,6.7,6.85,6.67,140857,131387568.0,2.65,-1.18,-0.08,0.07,-0.01179941002949858,0.013615733736762392,-0.09459459459459463,0.02604625713685839,6.938,-0.03430383395791288,0.4024024024024025,1.353753753753754,-0.7027506654835848
2022-05-17,601138,6.73,6.79,6.79,6.69,106059,99180841.0,1.49,1.34,0.09,0.05,0.013432835820895495,0.007418397626112627,-0.09466666666666668,0.026043306752551645,6.902500000000001,-0.01629844259326341,0.4078078078078079,1.353753753753754,-0.6987577639751553
2022-05-18,601138,6.8,6.82,6.86,6.74,165699,155635182.0,1.77,0.44,0.03,0.08,0.004418262150220897,0.004418262150220897,-0.08333333333333337,0.026106578662428836,6.8715,-0.007494724587062487,0.4096096096096097,1.353753753753754,-0.6974267968056788
2022-05-19,601138,6.73,6.75,6.79,6.68,182136,169838176.0,1.61,-1.03,-0.07,0.09,-0.01026392961876832,-0.004424778761061954,-0.08536585365853655,0.026129203079338845,6.840000000000001,-0.013157894736842212,0.4054054054054055,1.353753753753754,-0.7005323868677906
2022-05-20,601138,6.8,6.86,7.05,6.79,347010,329761424.0,3.85,1.63,0.11,0.18,0.016296296296296253,0.01179941002949847,-0.058984910836762605,0.026440291978875843,6.8185,0.006086382635477025,0.4120120120120121,1.353753753753754,-0.6956521739130435
2022-05-23,601138,6.91,6.83,6.93,6.79,279735,264041230.0,2.04,-0.44,-0.03,0.14,-0.004373177842565634,0.0194029850746269,-0.0579310344827586,0.02643526338786984,6.797500000000001,0.004781169547627636,0.41021021021021026,1.353753753753754,-0.6969831410825199
2022-05-24,601138,6.81,6.5,6.85,6.48,429206,396809440.0,5.42,-4.83,-0.33,0.22,-0.04831625183016108,-0.04270986745213545,-0.09470752089136492,0.028321881755495555,6.7635000000000005,-0.03895911879943823,0.3903903903903904,1.353753753753754,-0.7116237799467613
2022-05-25,601138,6.51,6.54,6.55,6.46,215239,196002103.0,1.38,0.62,0.04,0.11,0.006153846153846176,-0.04105571847507339,-0.0814606741573034,0.028405439189789262,6.7345,-0.028881134456900985,0.39279279279279283,1.353753753753754,-0.7098491570541261
2022-05-26,601138,6.53,6.62,6.65,6.39,376145,343241648.0,3.98,1.22,0.08,0.19,0.012232415902140747,-0.019259259259259198,0.016897081413210557,0.02104267134897617,6.74,-0.017804154302670638,0.39759759759759766,1.353753753753754,-0.7062999112688554
2022-05-27,601138,6.63,6.64,6.71,6.57,193422,178776401.0,2.11,0.3,0.02,0.1,0.0030211480362536403,-0.03206997084548113,0.007587253414264028,0.020883676539482674,6.7425,-0.015202076381164262,0.3987987987987988,1.353753753753754,-0.7054125998225377
2022-05-30,601138,6.64,6.57,6.69,6.52,192656,177246079.0,2.56,-1.05,-0.07,0.1,-0.010542168674698704,-0.0380673499267935,-0.02954209748892156,0.020032248220354973,6.7325,-0.02413665057556623,0.39459459459459467,1.353753753753754,-0.7085181898846495
2022-05-31,601138,6.57,6.81,6.84,6.52,419882,392031104.0,4.87,3.65,0.24,0.21,0.0365296803652968,0.0476923076923077,-0.0014662756598241566,0.021689029020159237,6.732000000000001,0.011586452762923128,0.4090090090090091,1.353753753753754,-0.6978704525288376
2022-06-01,601138,6.75,6.77,6.84,6.7,249910,234048427.0,2.06,-0.59,-0.04,0.13,-0.005873715124816492,0.03516819571865426,-0.021676300578034713,0.021450833233267175,6.724500000000001,0.006766302327310396,0.4066066066066067,1.353753753753754,-0.6996450754214729
2022-06-02,601138,6.71,6.8,6.8,6.66,219331,204763150.0,2.07,0.44,0.03,0.11,0.004431314623338345,0.027190332326283873,-0.02857142857142858,0.021291996803820528,6.714499999999999,0.012733636160548154,0.40840840840840853,1.353753753753754,-0.6983141082519965
2022-06-06,601138,6.79,6.83,6.84,6.7,304062,285424048.0,2.06,0.44,0.03,0.15,0.004411764705882337,0.028614457831325435,0.036418816388467334,0.016477946641064622,6.7265,0.015386902549617242,0.4102102102102103,1.353753753753754,-0.6969831410825199
2022-06-07,601138,6.84,6.83,6.87,6.77,255481,240751099.0,1.46,0.0,0.0,0.13,0.0,0.03957382039573809,0.033282904689863724,0.0164811162425629,6.7375,0.013729128014842338,0.4102102102102103,1.353753753753754,-0.6969831410825199
2022-06-08,601138,6.85,6.82,6.91,6.74,335576,316029456.0,2.49,-0.15,-0.01,0.17,-0.0014641288433381305,0.001468428781204123,0.011869436201780381,0.01594180400103477,6.741499999999999,0.011644292813172278,0.40960960960960974,1.353753753753754,-0.6974267968056788
2022-06-09,601138,6.8,6.73,6.83,6.69,332814,310927840.0,2.05,-1.32,-0.09,0.17,-0.01319648093841641,-0.005908419497784201,-0.008836524300441795,0.016150449677347332,6.7385,-0.0012614083252949068,0.40420420420420433,1.353753753753754,-0.7014196983141082
2022-06-10,601138,6.67,7.0,7.13,6.67,860086,819457920.0,6.84,4.01,0.27,0.43,0.04011887072808307,0.02941176470588247,0.032448377581120846,0.018500750308484623,6.7495,0.03711386028594706,0.4204204204204205,1.353753753753754,-0.6894409937888198
2022-06-13,601138,6.95,6.79,6.98,6.72,471627,444995616.0,3.71,-3.0,-0.21,0.24,-0.030000000000000027,-0.005856515373352855,0.001474926253687281,0.01982015055601769,6.75,0.005925925925925931,0.40780780780780784,1.353753753753754,-0.6987577639751553
2022-06-14,601138,6.71,6.78,6.8,6.56,411980,381082384.0,3.53,-0.15,-0.01,0.21,-0.0014727540500736325,-0.007320644216691097,0.011940298507462588,0.01962296229520787,6.7540000000000004,0.0038495706248148948,0.40720720720720727,1.353753753753754,-0.6992014196983142
2022-06-15,601138,6.74,7.04,7.19,6.73,648453,623966048.0,6.78,3.83,0.26,0.33,0.03834808259587019,0.032258064516129004,0.036818851251841034,0.02119647486747811,6.766500000000001,0.04041971477129969,0.42282282282282285,1.353753753753754,-0.6876663708961847
2022-06-16,601138,7.08,6.98,7.16,6.95,301439,290607472.0,2.98,-0.85,-0.06,0.15,-0.008522727272727182,0.03714710252600306,0.02346041055718473,0.021316685846896846,6.774499999999999,0.030334342017861334,0.4192192192192193,1.353753753753754,-0.6903283052351376
2022-06-17,601138,6.93,7.09,7.13,6.9,327436,315520608.0,3.3,1.58,0.11,0.17,0.015759312320916763,0.0128571428571429,0.0503703703703704,0.02136297467588766,6.791499999999999,0.04395199882205708,0.42582582582582584,1.353753753753754,-0.6854480922803905
2022-06-20,601138,7.14,7.09,7.14,7.0,242157,234071826.0,1.97,0.0,0.0,0.12,0.0,0.044182621502209196,0.03352769679300294,0.021125641503258036,6.803,0.04218727032191679,0.42582582582582584,1.353753753753754,-0.6854480922803905
2022-06-21,601138,7.09,7.12,7.22,7.03,288142,280517600.0,2.68,0.42,0.03,0.15,0.004231311706629048,0.05014749262536866,0.04245973645680823,0.02107953841247884,6.8175,0.0443711037770444,0.4276276276276276,1.353753753753754,-0.684117125110914
2022-06-22,601138,7.11,6.95,7.13,6.95,281061,269787920.0,2.53,-2.39,-0.17,0.14,-0.023876404494381998,-0.01278409090909094,0.0692307692307692,0.018547653447616795,6.839999999999999,0.01608187134502942,0.41741741741741745,1.353753753753754,-0.6916592724046141
2022-06-23,601138,6.95,7.07,7.07,6.94,180647,173710075.0,1.87,1.73,0.12,0.09,0.01726618705035965,0.012893982808023008,0.08103975535168195,0.01879566406471003,6.8665,0.02963664166605986,0.42462462462462464,1.353753753753754,-0.6863354037267082
2022-06-24,601138,7.1,7.15,7.16,7.08,243948,237367556.0,1.13,1.13,0.08,0.12,0.011315417256011262,0.008462623413258097,0.08006042296072513,0.018775812989960276,6.893000000000001,0.03728420136370226,0.4294294294294294,1.353753753753754,-0.6827861579414375
2022-06-27,601138,7.15,7.17,7.22,7.1,225043,219873504.0,1.68,0.28,0.02,0.11,0.002797202797202747,0.01128349788434413,0.07981927710843384,0.018776509445897028,6.919500000000001,0.036202037719488225,0.43063063063063056,1.353753753753754,-0.6818988464951199
2022-06-28,601138,7.16,7.3,7.31,7.11,284767,279528352.0,2.79,1.81,0.13,0.14,0.018131101813110062,0.02528089887640439,0.11111111111111094,0.01870117739229944,6.956,0.04945370902817703,0.4384384384384383,1.353753753753754,-0.6761313220940551
2022-06-29,601138,7.3,7.24,7.38,7.21,289340,285810192.0,2.33,-0.82,-0.06,0.15,-0.008219178082191747,0.04172661870503602,0.06314243759177685,0.017419632568708335,6.977499999999999,0.03762092439985684,0.43483483483483476,1.353753753753754,-0.6787932564330081
2022-06-30,601138,7.23,7.24,7.31,7.21,191134,188469064.0,1.38,0.0,0.0,0.1,0.0,0.0240452616690241,0.06942392909896622,0.017307592306542822,7.001,0.03413798028853019,0.43483483483483476,1.353753753753754,-0.6787932564330081
2022-07-01,601138,7.23,7.18,7.27,7.16,160570,157374489.0,1.52,-0.83,-0.06,0.08,-0.008287292817679592,0.00419580419580412,0.055882352941176494,0.0175042279947282,7.0200000000000005,0.022792022792022686,0.43123123123123114,1.353753753753754,-0.681455190771961
2022-07-04,601138,7.17,7.16,7.19,7.07,178010,173109371.0,1.67,-0.28,-0.02,0.09,-0.0027855153203342198,-0.001394700139469962,0.04831625183016097,0.017544734928241955,7.036500000000001,0.017551339444325877,0.43003003003002993,1.353753753753754,-0.6823425022182787
2022-07-05,601138,7.16,7.09,7.23,7.01,205679,199304054.0,3.07,-0.98,-0.07,0.1,-0.009776536312849249,-0.02876712328767128,0.038067349926793614,0.017753221901640647,7.0495,0.00574508830413501,0.4258258258258257,1.353753753753754,-0.6854480922803906
2022-07-06,601138,7.08,7.01,7.1,6.95,161111,154804214.0,2.12,-1.13,-0.08,0.08,-0.01128349788434413,-0.03176795580110503,0.027859237536656867,0.017988813549504688,7.059,-0.006941493129338486,0.4210210210210209,1.353753753753754,-0.6889973380656612
2022-07-07,601138,6.96,6.99,7.04,6.96,167869,160968201.0,1.14,-0.29,-0.02,0.08,-0.0028530670470755526,-0.03453038674033149,0.03863298662704295,0.017689423376423253,7.072,-0.011595022624434369,0.41981981981981975,1.353753753753754,-0.6898846495119788
2022-07-08,601138,7.02,7.14,7.26,7.01,279107,272814704.0,3.58,2.15,0.15,0.14,0.02145922746781115,-0.005571030640668551,0.020000000000000018,0.01598562523283939,7.078999999999999,0.00861703630456291,0.4288288288288288,1.353753753753754,-0.6832298136645963
2022-07-11,601138,7.16,7.04,7.16,6.98,171128,164836673.0,2.52,-1.4,-0.1,0.09,-0.014005602240896309,-0.016759776536312887,0.036818851251841034,0.014695278487116303,7.091499999999999,-0.0072622153282096875,0.4228228228228228,1.353753753753754,-0.6876663708961847
2022-07-12,601138,7.0,7.03,7.09,7.0,111672,107681114.0,1.28,-0.14,-0.01,0.06,-0.0014204545454544748,-0.008462623413258097,0.03687315634218291,0.01469464925902695,7.103999999999999,-0.01041666666666652,0.4222222222222222,1.353753753753754,-0.6881100266193434
2022-07-13,601138,7.04,7.04,7.09,6.99,127642,123147840.0,1.42,0.14,0.01,0.06,0.0014224751066855834,0.004279600570613384,0.0,0.011936976681787163,7.104000000000001,-0.00900900900900914,0.4228228228228228,1.353753753753754,-0.6876663708961847
2022-07-14,601138,7.06,6.95,7.06,6.93,174073,166775089.0,1.85,-1.28,-0.09,0.09,-0.01278409090909094,-0.005722460658083017,-0.004297994269340966,0.012134771899573897,7.102500000000001,-0.021471312917986728,0.4174174174174174,1.353753753753754,-0.6916592724046141
2022-07-15,601138,6.92,6.75,6.99,6.71,208283,197285495.0,4.03,-2.88,-0.2,0.11,-0.02877697841726623,-0.054621848739495715,-0.04795486600846255,0.013109715536592691,7.085500000000001,-0.04735022228494821,0.4054054054054054,1.353753753753754,-0.7005323868677907
2022-07-18,601138,6.76,7.07,7.07,6.76,227850,218009048.0,4.59,4.74,0.32,0.12,0.04740740740740734,0.0042613636363637575,-0.0028208744710859213,0.017206860763653315,7.0845,-0.0020467217164231713,0.4246246246246246,1.353753753753754,-0.6863354037267082
2022-07-19,601138,7.03,7.2,7.24,7.0,220672,214760107.0,3.39,1.84,0.13,0.11,0.018387553041018467,0.024182076813655806,0.011235955056179803,0.017674956174677143,7.088500000000001,0.015729703040135358,0.4324324324324324,1.353753753753754,-0.6805678793256433
2022-07-20,601138,7.27,7.34,7.57,7.22,359495,359095149.0,4.86,1.94,0.14,0.18,0.019444444444444375,0.04261363636363624,0.05611510791366903,0.017150550391059005,7.108000000000001,0.0326392796848619,0.4408408408408408,1.353753753753754,-0.6743566992014197
2022-07-21,601138,7.3,7.47,7.55,7.28,439126,441596359.0,3.68,1.77,0.13,0.22,0.017711171662125436,0.07482014388489211,0.05657708628005653,0.0171704837670471,7.128,0.04797979797979793,0.4486486486486487,1.353753753753754,-0.668589174800355
2022-07-22,601138,7.44,7.4,7.51,7.34,209675,209937571.0,2.28,-0.94,-0.07,0.11,-0.009370816599732157,0.09629629629629632,0.034965034965035,0.017259325506588853,7.1404999999999985,0.036341992857643286,0.44444444444444453,1.353753753753754,-0.6716947648624667
2022-07-25,601138,7.4,7.35,7.4,7.3,151867,151102858.0,1.35,-0.68,-0.05,0.08,-0.006756756756756799,0.03960396039603942,0.025104602510460206,0.01736391588952785,7.149500000000001,0.028043919155185535,0.4414414414414415,1.353753753753754,-0.6739130434782609
2022-07-26,601138,7.38,7.4,7.41,7.34,127648,127394538.0,0.95,0.68,0.05,0.06,0.006802721088435382,0.0277777777777779,0.013698630136986356,0.016969082088911354,7.154499999999999,0.03431406806904768,0.4444444444444445,1.353753753753754,-0.6716947648624668
2022-07-27,601138,7.39,7.34,7.4,7.33,95612,95230022.0,0.95,-0.81,-0.06,0.05,-0.008108108108108136,0.0,0.013812154696132506,0.016965987477661853,7.1594999999999995,0.025211257769397352,0.44084084084084085,1.353753753753754,-0.6743566992014197
2022-07-28,601138,7.39,7.51,7.57,7.38,235809,238221670.0,2.59,2.32,0.17,0.12,0.023160762942779245,0.0053547523427042165,0.037292817679557944,0.017682291555738524,7.173,0.0469817370695664,0.45105105105105103,1.353753753753754,-0.6668145519077197
2022-07-29,601138,7.5,7.45,7.54,7.38,245795,246908242.0,2.13,-0.8,-0.06,0.12,-0.007989347536617841,0.006756756756756799,0.03760445682451263,0.017673309931057937,7.1865,0.03666597091769297,0.4474474474474474,1.353753753753754,-0.6694764862466727
2022-08-01,601138,7.43,7.46,7.49,7.34,195099,196061258.0,2.01,0.13,0.01,0.1,0.0013422818791946067,0.014965986394557929,0.04189944134078205,0.017638622049666177,7.2015,0.03589529959036308,0.448048048048048,1.353753753753754,-0.6690328305235139
2022-08-02,601138,7.4,7.31,7.4,7.16,254973,251530380.0,3.22,-2.01,-0.15,0.13,-0.020107238605898137,-0.01216216216216226,0.031029619181946355,0.018151629304408938,7.2125,0.013518197573656741,0.43903903903903896,1.353753753753754,-0.6756876663708963
2022-08-03,601138,7.31,7.12,7.39,7.12,251707,247589214.0,3.69,-2.6,-0.19,0.13,-0.025991792065663377,-0.02997275204359673,0.015691868758915817,0.018983553989822825,7.218000000000001,-0.013577168190634627,0.42762762762762757,1.353753753753754,-0.684117125110914
2022-08-04,601138,7.17,7.29,7.34,7.14,262538,258865299.0,2.81,2.39,0.17,0.13,0.023876404494381998,-0.02929427430093201,0.0429184549356223,0.019631653606627813,7.233,0.007880547490667826,0.43783783783783775,1.353753753753754,-0.676574977817214
2022-08-05,601138,7.31,7.49,7.5,7.23,333842,317278072.0,3.7,2.74,0.2,0.17,0.027434842249657088,0.005369127516778427,0.0490196078431373,0.01998118965504346,7.2505,0.03303220467553969,0.44984984984984977,1.353753753753754,-0.6677018633540374
2022-08-08,601138,7.49,7.52,7.6,7.47,213091,204753605.0,1.74,0.4,0.03,0.11,0.004005340453938411,0.008042895442359255,0.06818181818181812,0.019596318778622612,7.274500000000001,0.033748023919169555,0.4516516516516515,1.353753753753754,-0.6663708961845609
2022-08-09,601138,7.5,7.59,7.6,7.43,212654,204603951.0,2.26,0.93,0.07,0.11,0.009308510638297962,0.03830369357045149,0.07965860597439534,0.01960183082443742,7.3025,0.03937007874015743,0.45585585585585575,1.353753753753754,-0.6632653061224492
2022-08-10,601138,7.59,7.47,7.61,7.39,249568,238916869.0,2.9,-1.58,-0.12,0.13,-0.015810276679841917,0.04915730337078639,0.061079545454545414,0.020094618796296593,7.324,0.01993446204259966,0.44864864864864856,1.353753753753754,-0.6685891748003551
2022-08-11,601138,7.5,7.71,7.72,7.5,388470,378872304.0,2.95,3.21,0.24,0.2,0.032128514056224855,0.057613168724279795,0.10935251798561141,0.02071898033512449,7.362,0.047269763651181726,0.46306306306306294,1.353753753753754,-0.6579414374445431
2022-08-12,601138,7.67,7.57,7.69,7.55,280158,271612719.0,1.82,-1.82,-0.14,0.14,-0.018158236057068677,0.010680907877169465,0.12148148148148152,0.019917499290166316,7.4030000000000005,0.022558422261245416,0.45465465465465454,1.353753753753754,-0.6641526175687668
2022-08-15,601138,7.56,7.46,7.56,7.4,283474,270655350.0,2.11,-1.45,-0.11,0.14,-0.014531043593130843,-0.007978723404255317,0.05516265912305518,0.017836414882229274,7.422500000000001,0.005052206130009936,0.44804804804804793,1.353753753753754,-0.6690328305235139
2022-08-16,601138,7.48,7.38,7.48,7.35,222966,211660833.0,1.74,-1.07,-0.08,0.11,-0.01072386058981234,-0.02766798418972327,0.02499999999999991,0.01768798741123004,7.4315,-0.006929960304110863,0.4432432432432431,1.353753753753754,-0.6725820763087845
2022-08-17,601138,7.36,7.55,7.55,7.33,271793,260003173.0,2.98,2.3,0.17,0.14,0.023035230352303593,0.010709504685408211,0.028610354223433276,0.017897940181200705,7.441999999999998,0.01451222789572715,0.45345345345345334,1.353753753753754,-0.6650399290150845
2022-08-18,601138,7.52,7.51,7.54,7.38,187032,178647004.0,2.12,-0.53,-0.04,0.09,-0.005298013245033095,-0.025940337224383936,0.0053547523427042165,0.01754126565219966,7.444,0.008866200967221901,0.4510510510510509,1.353753753753754,-0.6668145519077198
2022-08-19,601138,7.42,7.42,7.64,7.38,220858,211068998.0,3.46,-1.2,-0.09,0.11,-0.011984021304926706,-0.019815059445178362,0.002702702702702675,0.017627494668346982,7.445,-0.0033579583613163673,0.44564564564564557,1.353753753753754,-0.6708074534161492
2022-08-22,601138,7.33,7.42,7.45,7.26,206135,195440456.0,2.56,0.0,0.0,0.1,0.0,-0.00536193029490617,0.00952380952380949,0.017550076169677062,7.4485,-0.003826273746391917,0.44564564564564557,1.353753753753754,-0.6708074534161492
2022-08-23,601138,7.38,7.34,7.38,7.26,166372,156478680.0,1.62,-1.08,-0.08,0.08,-0.010781671159029615,-0.005420054200542035,-0.008108108108108136,0.017664113086593096,7.445500000000001,-0.014169632664025388,0.4408408408408408,1.353753753753754,-0.6743566992014197
2022-08-24,601138,7.32,7.27,7.36,7.2,223057,208924103.0,2.18,-0.95,-0.07,0.11,-0.0095367847411445,-0.03708609271523178,-0.0095367847411445,0.01770037465061393,7.442,-0.023112066648750415,0.43663663663663654,1.353753753753754,-0.6774622892635317
2022-08-25,601138,7.22,7.21,7.28,7.12,160727,149292286.0,2.2,-0.83,-0.06,0.08,-0.008253094910591452,-0.039946737683089206,-0.039946737683089206,0.016880876566076192,7.427,-0.02921771913289345,0.433033033033033,1.353753753753754,-0.6801242236024846
2022-08-26,601138,7.26,7.26,7.4,7.22,230610,217025874.0,2.5,0.69,0.05,0.12,0.006934812760055475,-0.021563342318059342,-0.025503355704698083,0.01692740574357745,7.4174999999999995,-0.021233569261880657,0.43603603603603597,1.353753753753754,-0.6779059449866904
2022-08-29,601138,7.16,7.14,7.28,7.11,167138,154611795.0,2.34,-1.65,-0.12,0.08,-0.016528925619834767,-0.037735849056603765,-0.04289544235924936,0.017257093683102118,7.4015,-0.03533067621428099,0.4288288288288287,1.353753753753754,-0.6832298136645965
2022-08-30,601138,7.17,7.1,7.2,7.07,157760,145432218.0,1.82,-0.56,-0.04,0.08,-0.0056022408963585235,-0.032697547683923744,-0.028727770177838563,0.016755746928608702,7.391,-0.03937220944391833,0.4264264264264263,1.353753753753754,-0.6850044365572318
2022-08-31,601138,7.08,7.19,7.24,7.06,193888,179556720.0,2.54,1.27,0.09,0.1,0.012676056338028374,-0.011004126547455195,0.00983146067415741,0.01597213568784337,7.394499999999999,-0.027655690039894328,0.4318318318318318,1.353753753753754,-0.6810115350488022
2022-09-01,601138,7.12,7.12,7.21,7.12,117813,109020771.0,1.25,-0.97,-0.07,0.06,-0.009735744089012566,-0.012482662968099856,-0.023319615912208547,0.01514189871794674,7.386,-0.03601408069320336,0.4276276276276276,1.353753753753754,-0.684117125110914
2022-09-02,601138,7.12,7.21,7.39,7.11,209252,195917384.0,3.93,1.26,0.09,0.11,0.012640449438202195,-0.00688705234159781,-0.03738317757009346,0.013993872799630044,7.372,-0.021975040694519794,0.43303303303303303,1.353753753753754,-0.6801242236024846
2022-09-05,601138,7.2,7.23,7.25,7.1,137115,126939973.0,2.08,0.28,0.02,0.07,0.00277392510402219,0.0126050420168069,-0.03856382978723394,0.013969624116758516,7.3575,-0.017329255861365887,0.43423423423423424,1.353753753753754,-0.6792369121561669
2022-09-06,601138,7.21,7.34,7.37,7.21,232852,219399882.0,2.21,1.52,0.11,0.12,0.015214384508990264,0.033802816901408406,-0.03293807641633728,0.01427743545377749,7.345000000000001,-0.0006807351940096366,0.4408408408408408,1.353753753753754,-0.6743566992014197
2022-09-07,601138,7.33,7.29,7.34,7.22,175144,164132941.0,1.63,-0.68,-0.05,0.09,-0.006811989100817373,0.013908205841446364,-0.02409638554216864,0.013943172395712279,7.336,-0.006270447110141802,0.4378378378378378,1.353753753753754,-0.676574977817214
2022-09-08,601138,7.33,7.34,7.37,7.25,202010,190431669.0,1.65,0.69,0.05,0.1,0.006858710562414272,0.030898876404494402,-0.0479896238651103,0.011742270894943065,7.3175,0.0030748206354629264,0.4408408408408408,1.353753753753754,-0.6743566992014197
2022-09-09,601138,7.37,7.37,7.43,7.3,230658,218765212.0,1.77,0.41,0.03,0.12,0.004087193460490468,0.02219140083217752,-0.026420079260237816,0.01121169084228432,7.3075,0.008552856654122476,0.4426426426426426,1.353753753753754,-0.6730257320319433
2022-09-13,601138,7.41,7.39,7.48,7.38,246809,235295997.0,1.36,0.27,0.02,0.12,0.0027137042062415073,0.022130013831258566,-0.009383378016085797,0.010794177569393205,7.303999999999999,0.01177437020810519,0.4438438438438438,1.353753753753754,-0.6721384205856257
2022-09-14,601138,7.36,7.28,7.38,7.23,215461,202228603.0,2.03,-1.49,-0.11,0.11,-0.014884979702300294,-0.008174386920980825,-0.013550135501354976,0.011040604423819475,7.2989999999999995,-0.002603096314563535,0.43723723723723723,1.353753753753754,-0.6770186335403727
2022-09-15,601138,7.29,7.28,7.42,7.19,320571,301948219.0,3.16,0.0,0.0,0.16,0.0,-0.00137174211248281,-0.03576158940397345,0.00954241548378702,7.285500000000001,-0.0007549241644362781,0.43723723723723723,1.353753753753754,-0.6770186335403727
2022-09-16,601138,7.24,7.02,7.29,7.01,241803,222991398.0,3.85,-3.57,-0.26,0.12,-0.03571428571428581,-0.043596730245231696,-0.06524633821571246,0.012189829105910327,7.261,-0.033191020520589525,0.4216216216216216,1.353753753753754,-0.6885536823425024
2022-09-19,601138,7.02,6.79,7.03,6.74,295433,264069156.0,4.13,-3.28,-0.23,0.15,-0.03276353276353272,-0.07869742198100405,-0.08490566037735847,0.013754388725571451,7.2295,-0.06079258593263708,0.4078078078078078,1.353753753753754,-0.6987577639751553
2022-09-20,601138,6.82,6.64,6.89,6.61,263999,232043254.0,4.12,-2.21,-0.15,0.13,-0.022091310751104598,-0.10148849797023007,-0.10512129380053914,0.014265422062815426,7.1905,-0.07655934914122807,0.39879879879879876,1.353753753753754,-0.7054125998225378
2022-09-21,601138,6.63,6.65,6.7,6.49,168825,146875512.0,3.16,0.15,0.01,0.09,0.001506024096385561,-0.08653846153846156,-0.09400544959128054,0.014287856518630541,7.155999999999999,-0.07070989379541623,0.3993993993993994,1.353753753753754,-0.7049689440993789
2022-09-22,601138,6.6,6.58,6.66,6.55,127659,111221532.0,1.65,-1.05,-0.07,0.06,-0.010526315789473717,-0.09615384615384615,-0.09491059147180181,0.014306729034039577,7.1215,-0.07603735168152778,0.3951951951951952,1.353753753753754,-0.7080745341614908
2022-09-23,601138,6.6,6.59,6.64,6.48,140559,121918277.0,2.43,0.15,0.01,0.07,0.001519756838905817,-0.061253561253561184,-0.0859916782246879,0.014352114041791614,7.0905000000000005,-0.07058740568366131,0.3957957957957958,1.353753753753754,-0.707630878438332
2022-09-26,601138,6.5,6.45,6.61,6.45,168426,145105102.0,2.43,-2.12,-0.14,0.09,-0.02124430955993928,-0.050073637702503615,-0.11157024793388426,0.01456379560967757,7.05,-0.08510638297872336,0.3873873873873874,1.353753753753754,-0.7138420585625554
2022-09-27,601138,6.44,6.55,6.56,6.32,166102,141952686.0,3.72,1.55,0.1,0.08,0.015503875968992276,-0.013554216867469826,-0.08263305322128844,0.015073751438796775,7.0205,-0.06701801865963967,0.39339339339339346,1.353753753753754,-0.7094055013309671
2022-09-28,601138,6.52,6.46,6.55,6.4,152130,130557828.0,2.29,-1.37,-0.09,0.08,-0.013740458015267132,-0.02857142857142858,-0.09014084507042253,0.015222872930149487,6.988499999999999,-0.07562423982256555,0.38798798798798806,1.353753753753754,-0.7133984028393966
2022-09-29,601138,6.57,6.28,6.61,6.26,184804,157339387.0,5.42,-2.79,-0.18,0.09,-0.02786377708978327,-0.045592705167173175,-0.1265646731571627,0.01549783048434165,6.943,-0.09549186230735984,0.37717717717717725,1.353753753753754,-0.7213842058562555
2022-09-30,601138,6.31,6.42,6.47,6.29,177301,150818151.0,2.87,2.23,0.14,0.09,0.022292993630573132,-0.025796661608497695,-0.09831460674157311,0.016762963261812355,6.9079999999999995,-0.07064273306311517,0.3855855855855856,1.353753753753754,-0.715173025732032
2022-10-10,601138,6.5,6.06,6.5,6.06,300982,250284586.0,6.85,-5.61,-0.36,0.15,-0.05607476635514019,-0.06046511627906981,-0.15950069348127605,0.0197306301657789,6.850499999999999,-0.11539303700459819,0.36396396396396397,1.353753753753754,-0.7311446317657498
2022-10-11,601138,6.14,6.08,6.15,6.05,150209,123037473.0,1.65,0.33,0.02,0.08,0.0033003300330034513,-0.07175572519083961,-0.1590594744121715,0.019746752403516116,6.792999999999999,-0.10496098925364335,0.36516516516516523,1.353753753753754,-0.7302573203194321
2022-10-12,601138,6.06,6.21,6.22,6.0,184507,151437895.0,3.62,2.14,0.13,0.09,0.021381578947368363,-0.03869969040247678,-0.1539509536784741,0.020178930154958006,6.7364999999999995,-0.07815631262525044,0.372972972972973,1.353753753753754,-0.7244897959183675
2022-10-13,601138,6.15,6.25,6.31,6.15,128093,106836071.0,2.58,0.64,0.04,0.06,0.006441223832528209,-0.004777070063694322,-0.1426611796982168,0.020440326560321034,6.6845,-0.06500112199865359,0.3753753753753754,1.353753753753754,-0.7227151730257321
2022-10-14,601138,6.31,6.34,6.4,6.27,133767,113070841.0,2.08,1.44,0.09,0.07,0.014399999999999968,-0.012461059190031154,-0.1362397820163488,0.020785112065142282,6.6345,-0.04438917778280205,0.3807807807807808,1.353753753753754,-0.7187222715173026
2022-10-17,601138,6.34,6.42,6.44,6.33,113401,96397910.0,1.74,1.26,0.08,0.06,0.012618296529968376,0.05940594059405946,-0.12890094979647215,0.021111494079460946,6.586999999999999,-0.025352967967207977,0.3855855855855856,1.353753753753754,-0.715173025732032
2022-10-18,601138,6.44,6.4,6.47,6.37,101679,86564719.0,1.56,-0.31,-0.02,0.05,-0.0031152647975076775,0.05263157894736836,-0.13396481732070353,0.02101527428106842,6.5375,-0.021032504780114616,0.38438438438438444,1.353753753753754,-0.7160603371783497
2022-10-19,601138,6.39,6.3,6.45,6.29,96539,81625060.0,2.5,-1.56,-0.1,0.05,-0.01562500000000011,0.01449275362318847,-0.1346153846153847,0.021030621265498418,6.4885,-0.029051398628342502,0.3783783783783784,1.353753753753754,-0.7204968944099379
2022-10-20,601138,6.28,6.4,6.45,6.26,147123,124600194.0,3.02,1.59,0.1,0.07,0.01587301587301604,0.02400000000000002,-0.1208791208791209,0.021600079578780646,6.444500000000001,-0.006905112886957903,0.3843843843843845,1.353753753753754,-0.7160603371783496
2022-10-21,601138,6.4,6.37,6.43,6.33,97277,82474124.0,1.56,-0.47,-0.03,0.05,-0.004687500000000067,0.004731861198738141,-0.09259259259259256,0.020452158038824664,6.411999999999999,-0.006550218340611188,0.38258258258258265,1.353753753753754,-0.7173913043478262
2022-10-24,601138,6.3,6.19,6.48,6.16,220717,185302010.0,5.02,-2.83,-0.18,0.11,-0.028257456828885363,-0.03582554517133951,-0.08836524300441817,0.020148662495671994,6.382,-0.030084612973989233,0.37177177177177184,1.353753753753754,-0.725377107364685
2022-10-25,601138,6.3,6.28,6.36,6.19,256915,215388845.0,2.75,1.45,0.09,0.13,0.01453957996768973,-0.018750000000000044,-0.054216867469879415,0.020122601441198606,6.364,-0.013199245757385234,0.3771771771771772,1.353753753753754,-0.7213842058562555
2022-10-26,601138,6.24,6.2,6.37,6.18,220811,184687348.0,3.03,-1.27,-0.08,0.11,-0.01273885350318471,-0.015873015873015817,-0.06766917293233088,0.020221924339760146,6.3415,-0.022313332807695298,0.37237237237237236,1.353753753753754,-0.7249334516415262
2022-10-27,601138,6.21,6.29,6.37,6.21,299075,251575248.0,2.58,1.45,0.09,0.15,0.014516129032257963,-0.017187500000000022,-0.04407294832826747,0.02052398405264198,6.327,-0.0058479532163742565,0.3777777777777777,1.353753753753754,-0.7209405501330968
2022-10-28,601138,6.33,6.18,6.33,6.17,181880,151717127.0,2.54,-1.75,-0.11,0.09,-0.01748807631160576,-0.02982731554160134,-0.06221547799696514,0.02078846534568496,6.3065,-0.020058669626575765,0.3711711711711711,1.353753753753754,-0.7258207630878439
2022-10-31,601138,5.77,6.1,6.25,5.7,356879,291418444.0,8.9,-1.29,-0.08,0.18,-0.012944983818770184,-0.014539579967689953,-0.054263565891472965,0.02048571167629194,6.289,-0.030052472571155998,0.3663663663663663,1.353753753753754,-0.7293700088731145
2022-11-01,601138,6.19,6.46,6.47,6.15,404397,342343374.0,5.25,5.9,0.36,0.2,0.059016393442623105,0.028662420382165488,-0.013740458015267132,0.024437187105202183,6.2844999999999995,0.02792584931179894,0.387987987987988,1.353753753753754,-0.7133984028393967
2022-11-02,601138,6.39,6.56,6.61,6.35,261069,224350257.0,4.02,1.55,0.1,0.13,0.015479876160990669,0.05806451612903207,0.015479876160990669,0.024471589312511154,6.2895,0.043008188250258254,0.393993993993994,1.353753753753754,-0.7089618456078084
2022-11-03,601138,6.58,6.53,6.59,6.42,142809,122858382.0,2.59,-0.46,-0.03,0.07,-0.004573170731707266,0.038155802861685295,0.039808917197452276,0.023560289361300096,6.302,0.03617899079657262,0.3921921921921922,1.353753753753754,-0.7102928127772848
2022-11-04,601138,6.48,6.59,6.66,6.48,199044,173254360.0,2.76,0.92,0.06,0.1,0.009188361408882129,0.06634304207119746,0.026479750778816147,0.023151269204790517,6.310499999999999,0.044291260597417094,0.3957957957957958,1.353753753753754,-0.707630878438332
2022-11-07,601138,6.59,6.59,6.67,6.55,138169,120133226.0,1.82,0.0,0.0,0.07,0.0,0.08032786885245913,0.08745874587458746,0.018788033176716405,6.337,0.03992425437904373,0.3957957957957958,1.353753753753754,-0.707630878438332
2022-11-08,601138,6.56,6.62,6.62,6.51,133205,115376976.0,1.67,0.46,0.03,0.07,0.004552352048558417,0.024767801857585203,0.08881578947368429,0.018786380506519956,6.364,0.040226272784412355,0.3975975975975976,1.353753753753754,-0.7062999112688554
2022-11-09,601138,6.59,6.54,6.65,6.5,129049,111725192.0,2.27,-1.21,-0.08,0.07,-0.012084592145015116,-0.0030487804878047697,0.0531400966183575,0.01868707914350398,6.3805,0.024998040905885185,0.3927927927927928,1.353753753753754,-0.7098491570541261
2022-11-10,601138,6.53,6.52,6.59,6.47,128468,110731425.0,1.83,-0.31,-0.02,0.06,-0.003058103975535187,-0.0015313935681471325,0.043199999999999905,0.018709178010299116,6.394,0.019705974350953934,0.39159159159159157,1.353753753753754,-0.7107364685004438
2022-11-11,601138,6.65,6.74,6.78,6.6,268140,235733873.0,2.76,3.37,0.22,0.14,0.033742331288343586,0.022761760242792084,0.06309148264984232,0.019834698218023097,6.414,0.0508263174306206,0.4048048048048048,1.353753753753754,-0.7009760425909496
2022-11-14,601138,6.78,6.85,6.95,6.78,276693,248622266.0,2.52,1.63,0.11,0.14,0.016320474777447913,0.039453717754172946,0.06697819314641751,0.01994372888663033,6.4355,0.0644083598787972,0.41141141141141135,1.353753753753754,-0.6960958296362024
2022-11-15,601138,6.86,6.95,6.97,6.77,207431,186830815.0,2.92,1.46,0.1,0.1,0.014598540145985384,0.049848942598187396,0.0859375,0.020030769274627862,6.463000000000001,0.07535200371344564,0.41741741741741734,1.353753753753754,-0.6916592724046141
2022-11-16,601138,6.91,6.89,6.95,6.83,160851,144552726.0,1.73,-0.86,-0.06,0.08,-0.008633093525179936,0.05351681957186538,0.09365079365079354,0.019723028697950357,6.4925,0.061224489795918366,0.4138138138138137,1.353753753753754,-0.6943212067435672
2022-11-17,601138,6.86,6.91,6.95,6.84,114763,103186151.0,1.6,0.29,0.02,0.06,0.002902757619738905,0.059815950920245387,0.07968749999999991,0.019547665449561123,6.518000000000001,0.06014114759128558,0.415015015015015,1.353753753753754,-0.6934338952972495
2022-11-18,601138,6.95,6.85,7.11,6.85,194890,176610121.0,3.76,-0.87,-0.06,0.1,-0.00868306801736618,0.016320474777447913,0.0753532182103609,0.019661422030104153,6.542,0.04708040354631609,0.41141141141141135,1.353753753753754,-0.6960958296362024
2022-11-21,601138,6.8,6.9,6.95,6.7,197485,176038721.0,3.65,0.73,0.05,0.1,0.007299270072992803,0.007299270072992803,0.1147011308562198,0.01815837231509782,6.577500000000001,0.04903078677309004,0.4144144144144144,1.353753753753754,-0.6938775510204083
2022-11-22,601138,6.96,7.0,7.08,6.86,233764,212453345.0,3.19,1.45,0.1,0.12,0.014492753623188248,0.007194244604316502,0.1146496815286624,0.018157161644525435,6.6135,0.058441067513419494,0.4204204204204203,1.353753753753754,-0.6894409937888201
2022-11-23,601138,7.01,6.95,7.02,6.92,120259,108956274.0,1.43,-0.71,-0.05,0.06,-0.0071428571428571175,0.00870827285921627,0.12096774193548376,0.01790107605960651,6.651000000000001,0.04495564576755367,0.41741741741741734,1.353753753753754,-0.6916592724046141
2022-11-24,601138,6.95,6.86,7.0,6.81,104737,94280356.0,2.73,-1.29,-0.09,0.05,-0.012949640287769792,-0.00723589001447178,0.09062003179650246,0.01825334152318802,6.6795,0.027022980762033137,0.41201201201201193,1.353753753753754,-0.6956521739130437
2022-11-25,601138,6.85,6.95,6.98,6.85,104598,94495510.0,1.9,1.31,0.09,0.05,0.013119533527696792,0.014598540145985384,0.12459546925566345,0.017583448999162036,6.717999999999999,0.034534087526049584,0.41741741741741734,1.353753753753754,-0.6916592724046141
2022-11-28,601138,6.8,6.66,6.84,6.63,239804,210875888.0,3.02,-4.17,-0.29,0.12,-0.04172661870503602,-0.034782608695652195,0.09180327868852478,0.020201257826079375,6.746,-0.012748295286095508,0.3999999999999999,1.353753753753754,-0.7045252883762202
2022-11-29,601138,6.73,7.01,7.03,6.71,312036,282260950.0,4.8,5.26,0.35,0.16,0.052552552552552534,0.0014285714285713347,0.08513931888544879,0.019317091384990402,6.7735,0.03491547944194279,0.4210210210210209,1.353753753753754,-0.6889973380656612
2022-11-30,601138,7.02,7.05,7.06,6.96,190565,173869428.0,1.43,0.57,0.04,0.1,0.005706134094151327,0.014388489208633004,0.07469512195121952,0.019141403099189123,6.797999999999999,0.03706972639011484,0.4234234234234234,1.353753753753754,-0.6872227151730259
2022-12-01,601138,7.11,7.09,7.2,7.05,204624,188770394.0,2.13,0.57,0.04,0.1,0.005673758865248235,0.03352769679300294,0.08575803981623276,0.01904290075670454,6.825999999999999,0.0386756519191329,0.4258258258258258,1.353753753753754,-0.6854480922803905
2022-12-02,601138,7.07,7.04,7.16,7.02,163489,150338230.0,1.97,-0.71,-0.05,0.08,-0.007052186177715081,0.012949640287769792,0.06828528072837625,0.01916903732450504,6.8485,0.027962327516974587,0.4228228228228228,1.353753753753754,-0.6876663708961847
2022-12-05,601138,7.19,7.18,7.23,7.08,178326,165527157.0,2.13,1.99,0.14,0.09,0.019886363636363535,0.0780780780780781,0.08952959028831553,0.01949198565251026,6.877999999999998,0.04390811282349541,0.43123123123123114,1.353753753753754,-0.681455190771961
2022-12-06,601138,7.12,7.34,7.37,7.08,248314,233276988.0,4.04,2.23,0.16,0.13,0.022284122562674202,0.04707560627674745,0.10876132930513593,0.019894750858276876,6.914,0.06161411628579696,0.4408408408408408,1.353753753753754,-0.6743566992014197
2022-12-07,601138,7.36,7.32,7.42,7.26,191966,181046551.0,2.18,-0.27,-0.02,0.1,-0.0027247956403269047,0.0382978723404257,0.11926605504587151,0.01957017820744098,6.953,0.052782971379260746,0.43963963963963965,1.353753753753754,-0.6752440106477374
2022-12-08,601138,7.31,7.32,7.38,7.25,167858,157887768.0,1.78,0.0,0.0,0.08,0.0,0.03244005641748959,0.12269938650306766,0.01950892645549039,6.993,0.046761046761046754,0.43963963963963965,1.353753753753754,-0.6752440106477374
2022-12-09,601138,7.3,7.36,7.38,7.26,188147,177417860.0,1.64,0.55,0.04,0.1,0.005464480874316946,0.045454545454545414,0.09198813056379818,0.01838347437796591,7.023999999999999,0.04783599088838286,0.44204204204204206,1.353753753753754,-0.673469387755102
2022-12-12,601138,7.33,7.36,7.41,7.29,145526,137826959.0,1.63,0.0,0.0,0.07,0.0,0.025069637883008422,0.07445255474452561,0.018195668982989653,7.0495,0.044045676998368706,0.44204204204204206,1.353753753753754,-0.673469387755102
2022-12-13,601138,7.38,7.35,7.42,7.28,125844,118841995.0,1.9,-0.14,-0.01,0.06,-0.0013586956521740579,0.0013623978201635634,0.05755395683453224,0.018044316536878713,7.0695,0.03967748779970295,0.4414414414414414,1.353753753753754,-0.673913043478261
2022-12-14,601138,7.38,7.32,7.4,7.26,193306,182442115.0,1.9,-0.41,-0.03,0.1,-0.004081632653061162,0.0,0.062409288824383236,0.017918733832675886,7.090999999999999,0.03229445776336215,0.4396396396396396,1.353753753753754,-0.6752440106477374
2022-12-15,601138,7.32,7.36,7.4,7.31,163265,154406546.0,1.23,0.55,0.04,0.08,0.005464480874316946,0.005464480874316946,0.06512301013024602,0.017925778771857574,7.1135,0.03465242145216844,0.442042042042042,1.353753753753754,-0.6734693877551021
2022-12-16,601138,7.31,7.4,7.4,7.3,159680,151236058.0,1.36,0.54,0.04,0.08,0.005434782608695565,0.005434782608695565,0.08029197080291972,0.01770521609289527,7.141000000000001,0.03626943005181339,0.44444444444444436,1.353753753753754,-0.6716947648624668
2022-12-19,601138,7.42,7.27,7.42,7.22,236969,223060524.0,2.7,-1.76,-0.13,0.12,-0.01756756756756772,-0.0122282608695653,0.05362318840579694,0.018324883332839256,7.1594999999999995,0.01543403868985265,0.4366366366366365,1.353753753753754,-0.6774622892635317
2022-12-20,601138,7.22,7.19,7.44,7.18,253998,239066940.0,3.58,-1.1,-0.08,0.13,-0.011004126547455195,-0.021768707482993088,0.027142857142857135,0.01835356819940925,7.169,0.0029292788394477327,0.4318318318318317,1.353753753753754,-0.6810115350488023
2022-12-21,601138,7.19,7.25,7.28,7.16,120302,112184474.0,1.67,0.83,0.06,0.06,0.008344923504867818,-0.009562841530054711,0.043165467625899234,0.01829640489997864,7.183999999999999,0.009187082405345314,0.4354354354354353,1.353753753753754,-0.6783496007098494
2022-12-22,601138,7.37,7.19,7.38,7.16,106237,99376277.0,3.03,-0.83,-0.06,0.05,-0.008275862068965467,-0.02309782608695654,0.048104956268221644,0.018120742655057562,7.2005,-0.0014582320672174862,0.4318318318318317,1.353753753753754,-0.6810115350488023
2022-12-23,601138,7.16,7.08,7.22,7.03,133412,123070649.0,2.64,-1.53,-0.11,0.07,-0.015299026425591111,-0.043243243243243246,0.018705035971223083,0.01835743353617345,7.207000000000001,-0.017621756625503075,0.4252252252252251,1.353753753753754,-0.6858917480035495
2022-12-26,601138,7.12,7.06,7.16,7.03,103703,95320065.0,1.84,-0.28,-0.02,0.05,-0.0028248587570621764,-0.028885832187070193,0.06006006006006004,0.015406107591181401,7.226999999999999,-0.02310779023107788,0.4240240240240239,1.353753753753754,-0.6867790594498671
2022-12-27,601138,7.12,7.11,7.24,7.08,95188,88064683.0,2.27,0.71,0.05,0.05,0.00708215297450443,-0.011126564673157202,0.014265335235378096,0.010183261892818233,7.231999999999999,-0.016869469026548536,0.427027027027027,1.353753753753754,-0.6845607808340729
2022-12-28,601138,7.13,7.07,7.21,7.06,115176,106193999.0,2.11,-0.56,-0.04,0.06,-0.005625879043600568,-0.024827586206896513,0.0028368794326241176,0.010208660487301588,7.233,-0.022535600718927053,0.4246246246246246,1.353753753753754,-0.6863354037267082
2022-12-29,601138,7.08,6.97,7.08,6.94,115288,104756465.0,1.98,-1.41,-0.1,0.06,-0.014144271570014189,-0.030598052851182334,-0.016925246826516194,0.010602682735149192,7.227000000000001,-0.0355610903556111,0.41861861861861854,1.353753753753754,-0.6907719609582965
2022-12-30,601138,7.01,7.08,7.22,7.0,146494,134962400.0,3.16,1.58,0.11,0.07,0.015781922525107683,0.0,0.005681818181818121,0.01111119811538955,7.228999999999999,-0.02061142620002755,0.42522522522522516,1.353753753753754,-0.6858917480035495
2023-01-03,601138,7.04,7.21,7.28,6.94,209071,193450520.0,4.8,1.84,0.13,0.11,0.01836158192090398,0.021246458923512845,0.00417827298050133,0.010974425175510042,7.230500000000001,-0.002835211949381242,0.433033033033033,1.353753753753754,-0.6801242236024846
2023-01-04,601138,7.29,7.25,7.33,7.21,123857,115947363.0,1.66,0.55,0.04,0.06,0.00554785020804438,0.019690576652601877,-0.012261580381471404,0.009780225465216098,7.226000000000001,0.0033213396069746927,0.4354354354354354,1.353753753753754,-0.6783496007098493
2023-01-05,601138,7.35,7.39,7.4,7.25,178185,168403617.0,2.07,1.93,0.14,0.09,0.0193103448275862,0.04526166902404527,0.0095628415300546,0.010720774381624597,7.229499999999999,0.0222007054429768,0.4438438438438438,1.353753753753754,-0.6721384205856257
2023-01-06,601138,7.38,7.28,7.38,7.27,119240,112225417.0,1.49,-1.49,-0.11,0.06,-0.014884979702300294,0.04447632711621252,-0.005464480874316946,0.011262521475661721,7.227499999999999,0.007263922518159959,0.43723723723723723,1.353753753753754,-0.6770186335403727
2023-01-09,601138,7.38,7.41,7.45,7.32,181150,172488288.0,1.79,1.79,0.13,0.09,0.017857142857142794,0.04661016949152552,0.006793478260869623,0.011913456788309998,7.230000000000001,0.024896265560165807,0.445045045045045,1.353753753753754,-0.6712511091393081
2023-01-10,601138,7.39,7.3,7.39,7.27,161826,152459008.0,1.62,-1.48,-0.11,0.08,-0.014844804318488558,0.012482662968099856,-0.00815217391304357,0.01239286687026389,7.226999999999999,0.010101010101010157,0.4384384384384384,1.353753753753754,-0.6761313220940551
2023-01-11,601138,7.35,7.26,7.36,7.25,140861,132224319.0,1.51,-0.55,-0.04,0.07,-0.005479452054794498,0.0013793103448276334,-0.01224489795918371,0.0124449044940081,7.222499999999999,0.005192107995846388,0.43603603603603597,1.353753753753754,-0.6779059449866904
2023-01-12,601138,7.3,7.22,7.32,7.15,123655,115292163.0,2.34,-0.55,-0.04,0.06,-0.005509641873278293,-0.023004059539918797,-0.013661202185792476,0.012470349625827663,7.217500000000001,0.00034638032559731406,0.43363363363363355,1.353753753753754,-0.6796805678793258
2023-01-13,601138,7.25,7.33,7.33,7.19,115876,108629375.0,1.94,1.52,0.11,0.06,0.015235457063711877,0.006868131868131844,-0.0040760869565217295,0.012904837795958607,7.215999999999999,0.015798226164079932,0.44024024024024017,1.353753753753754,-0.6748003549245787
2023-01-16,601138,7.34,7.4,7.47,7.3,207610,197244832.0,2.32,0.95,0.07,0.1,0.009549795361528002,-0.0013495276653171517,0.0,0.01303034418609963,7.215999999999999,0.025498891352550037,0.44444444444444436,1.353753753753754,-0.6716947648624668
2023-01-17,601138,7.42,7.42,7.45,7.36,130979,124623998.0,1.22,0.27,0.02,0.07,0.002702702702702675,0.016438356164383494,0.02063273727647874,0.012356297278537615,7.2235,0.02720287949055172,0.44564564564564557,1.353753753753754,-0.6708074534161492
2023-01-18,601138,7.43,7.43,7.5,7.39,123424,117618834.0,1.48,0.13,0.01,0.06,0.0013477088948787852,0.023415977961432466,0.033379694019471495,0.012023997225934769,7.2355,0.026881348904705917,0.4462462462462462,1.353753753753754,-0.6703637976929904
2023-01-19,601138,7.39,7.43,7.46,7.35,98757,93988270.0,1.48,0.0,0.0,0.05,0.0,0.02908587257617734,0.024827586206896513,0.011926090497151896,7.2445,0.025605631858651296,0.4462462462462462,1.353753753753754,-0.6703637976929904
2023-01-20,601138,7.45,7.43,7.52,7.39,150755,143905678.0,1.75,0.0,0.0,0.08,0.0,0.013642564802182733,0.033379694019471495,0.011718321717039036,7.256500000000001,0.023909598291187054,0.4462462462462462,1.353753753753754,-0.6703637976929904
2023-01-30,601138,7.57,7.54,7.64,7.46,217748,210248030.0,2.42,1.48,0.11,0.11,0.014804845222072816,0.018918918918918948,0.06497175141242928,0.011346288960339127,7.2795000000000005,0.035785424823133384,0.45285285285285287,1.353753753753754,-0.6654835847382432
2023-01-31,601138,7.6,7.41,7.62,7.41,184630,177338332.0,2.79,-1.72,-0.13,0.09,-0.017241379310344862,-0.0013477088948786742,0.0495750708215299,0.012177572705645961,7.297,0.015485816088803677,0.44504504504504505,1.353753753753754,-0.671251109139308
2023-02-01,601138,7.44,7.48,7.49,7.36,195248,186210775.0,1.75,0.94,0.07,0.1,0.009446693657219951,0.006729475100942128,0.05203938115330531,0.012235815302180878,7.3155,0.022486501264438564,0.44924924924924925,1.353753753753754,-0.6681455190771962
2023-02-02,601138,7.5,7.45,7.52,7.4,158757,151477030.0,1.6,-0.4,-0.03,0.08,-0.004010695187165791,0.0026917900403768957,0.05374823196605383,0.012183809966176599,7.3345,0.015747494716749598,0.44744744744744747,1.353753753753754,-0.6694764862466727
2023-02-03,601138,7.4,7.26,7.42,7.22,271191,254641004.0,2.68,-2.55,-0.19,0.14,-0.025503355704698083,-0.02288021534320317,0.04160688665710177,0.013229781908561894,7.348999999999999,-0.012110491223295623,0.436036036036036,1.353753753753754,-0.6779059449866904
2023-02-06,601138,7.21,7.23,7.3,7.16,199794,186072469.0,1.93,-0.41,-0.03,0.1,-0.004132231404958553,-0.04111405835543758,0.021186440677966045,0.012892821156467863,7.3565,-0.01719567729219047,0.4342342342342343,1.353753753753754,-0.6792369121561669
2023-02-07,601138,7.28,7.17,7.28,7.14,194772,181015776.0,1.94,-0.83,-0.06,0.1,-0.008298755186722073,-0.03238866396761142,-0.00554785020804438,0.012385462946310898,7.3545,-0.025086681623495803,0.4306306306306307,1.353753753753754,-0.6818988464951198
2023-02-08,601138,7.2,7.16,7.29,7.15,160435,149400914.0,1.95,-0.14,-0.01,0.08,-0.001394700139469962,-0.042780748663101664,-0.012413793103448256,0.01231281402312127,7.35,-0.025850340136054355,0.4300300300300301,1.353753753753754,-0.6823425022182786
2023-02-09,601138,7.14,7.35,7.36,7.1,174156,162905446.0,3.63,2.65,0.19,0.09,0.026536312849162025,-0.0134228187919464,-0.005412719891745632,0.01301246254320922,7.348000000000001,0.00027218290691329494,0.44144144144144154,1.353753753753754,-0.6739130434782609
2023-02-10,601138,7.32,7.68,8.0,7.32,746094,736251616.0,9.25,4.49,0.33,0.38,0.044897959183673564,0.05785123966942152,0.05494505494505497,0.01598610694694307,7.368,0.042345276872964084,0.4612612612612614,1.353753753753754,-0.6592724046140195
2023-02-13,601138,7.62,7.56,7.63,7.47,403000,388192236.0,2.08,-1.56,-0.12,0.2,-0.015625,0.04564315352697079,0.020242914979756943,0.01607899120341972,7.3755,0.025015253203172653,0.4540540540540542,1.353753753753754,-0.6645962732919254
2023-02-14,601138,7.54,7.6,7.7,7.52,193428,187646558.0,2.38,0.53,0.04,0.1,0.005291005291005346,0.05997210599721048,0.041095890410958846,0.015651182812608244,7.3905,0.028347202489682612,0.4564564564564566,1.353753753753754,-0.6628216503992901
2023-02-15,601138,7.61,7.95,8.07,7.51,724498,723001800.0,7.37,4.61,0.35,0.37,0.046052631578947345,0.11033519553072635,0.0950413223140496,0.01834272833788319,7.425,0.07070707070707076,0.4774774774774776,1.353753753753754,-0.6472937000887311
2023-02-16,601138,7.98,7.79,8.12,7.72,615668,617814958.0,5.03,-2.01,-0.16,0.31,-0.020125786163522008,0.05986394557823127,0.07894736842105265,0.019048798220040054,7.4535,0.0451465754343597,0.467867867867868,1.353753753753754,-0.6543921916592723
2023-02-17,601138,7.77,7.61,7.83,7.59,322609,316155794.0,3.08,-2.31,-0.18,0.16,-0.023106546854942178,-0.00911458333333326,0.03819918144611201,0.01977173915002681,7.467499999999999,0.019082691663876928,0.4570570570570572,1.353753753753754,-0.6623779946761313
2023-02-20,601138,7.61,7.81,7.82,7.54,252747,247312067.0,3.68,2.63,0.2,0.13,0.026281208935611033,0.033068783068783025,0.055405405405405395,0.020447750287634424,7.4879999999999995,0.043002136752136766,0.4690690690690692,1.353753753753754,-0.6535048802129547
2023-02-21,601138,7.78,7.78,7.93,7.69,212945,210728836.0,3.07,-0.38,-0.03,0.11,-0.003841229193341733,0.023684210526315974,0.04851752021563338,0.0205032895938911,7.506,0.03650413002930989,0.46726726726726747,1.353753753753754,-0.6548358473824312
2023-02-22,601138,7.71,7.65,7.75,7.54,217787,211956351.0,2.7,-1.67,-0.13,0.11,-0.016709511568123392,-0.037735849056603765,0.02960969044414541,0.020952548800048522,7.517,0.017693228681654915,0.45945945945945965,1.353753753753754,-0.6606033717834959
2023-02-23,601138,7.73,7.6,7.73,7.57,173994,169164611.0,2.09,-0.65,-0.05,0.09,-0.0065359477124183885,-0.024390243902439046,0.02288021534320328,0.02103072707026425,7.525499999999999,0.009899674440236591,0.4564564564564566,1.353753753753754,-0.6628216503992901
2023-02-24,601138,7.56,7.52,7.65,7.51,154815,149409336.0,1.84,-1.05,-0.08,0.08,-0.010526315789473717,-0.01182654402102501,0.01211305518169592,0.021197066059744557,7.529999999999999,-0.0013280212483399452,0.4516516516516518,1.353753753753754,-0.6663708961845608
2023-02-27,601138,7.48,7.42,7.57,7.4,195856,187596249.0,2.26,-1.33,-0.1,0.1,-0.013297872340425454,-0.049935979513444306,-0.01591511936339529,0.021152144583154925,7.523999999999999,-0.013822434875066349,0.4456456456456458,1.353753753753754,-0.670807453416149
2023-02-28,601138,7.51,7.5,7.67,7.39,254313,244333577.0,3.77,1.08,0.08,0.13,0.010781671159029615,-0.03598971722365041,0.012145748987854255,0.020918079608283208,7.528499999999999,-0.00378561466427566,0.45045045045045057,1.353753753753754,-0.6672582076308785
2023-03-01,601138,7.51,7.86,8.05,7.51,541571,536940994.0,7.2,4.8,0.36,0.27,0.04800000000000004,0.027450980392156765,0.050802139037433136,0.023386703019594432,7.547500000000001,0.04140443855581306,0.4720720720720722,1.353753753753754,-0.6512866015971607
2023-03-02,601138,7.87,8.24,8.31,7.86,899725,924435338.0,5.73,4.83,0.38,0.45,0.04834605597964381,0.08421052631578951,0.10604026845637593,0.02543252195831748,7.586999999999999,0.08606827468037452,0.494894894894895,1.353753753753754,-0.6344276841171251
2023-03-03,601138,8.18,9.27,9.27,8.01,1594713,1714964630.0,15.29,12.5,1.03,0.81,0.125,0.23271276595744683,0.2768595041322315,0.035923699715977704,7.6875,0.2058536585365853,0.5567567567567568,1.353753753753754,-0.5887311446317658
2023-03-06,601138,9.4,8.96,9.75,8.94,2678691,3079324473.0,8.74,-3.34,-0.31,1.35,-0.033441208198489614,0.20754716981132093,0.23928077455048413,0.03722831312398095,7.774000000000001,0.1525598147671726,0.5381381381381383,1.353753753753754,-0.6024844720496895
2023-03-07,601138,8.96,8.41,9.06,8.34,1636151,1755130290.0,8.04,-6.14,-0.55,0.83,-0.0613839285714286,0.1213333333333333,0.17294281729428174,0.04045989804940093,7.836,0.07325165900969881,0.5051051051051052,1.353753753753754,-0.6268855368234251
2023-03-08,601138,8.33,8.47,8.66,8.33,899550,955114851.0,3.92,0.71,0.06,0.45,0.007134363852556502,0.07760814249363879,0.18296089385474867,0.04039212546324782,7.9015,0.07194836423463902,0.5087087087087088,1.353753753753754,-0.6242236024844721
2023-03-09,601138,8.6,9.05,9.3,8.53,1887473,2074788699.0,9.09,6.85,0.58,0.95,0.06847697756788662,0.09830097087378653,0.23129251700680298,0.04238008153719732,7.986500000000001,0.133162211231453,0.5435435435435436,1.353753753753754,-0.59849157054126
2023-03-10,601138,8.9,8.75,9.15,8.69,959511,1055607267.0,5.08,-3.31,-0.3,0.48,-0.03314917127071826,-0.056094929881337574,0.13932291666666674,0.04271392358790828,8.040000000000001,0.08830845771144266,0.5255255255255256,1.353753753753754,-0.611801242236025
2023-03-13,601138,8.78,9.51,9.53,8.78,1475094,1676340140.0,8.57,8.69,0.76,0.75,0.08685714285714274,0.06138392857142838,0.2579365079365079,0.04584134168992677,8.1375,0.16866359447004617,0.5711711711711711,1.353753753753754,-0.578083407275954
2023-03-14,601138,9.5,9.66,9.83,9.32,1325333,1550402144.0,5.36,1.58,0.15,0.67,0.015772870662460692,0.14863258026159332,0.27105263157894743,0.0458144332719238,8.2405,0.1722589648686365,0.5801801801801801,1.353753753753754,-0.5714285714285715
2023-03-15,601138,9.86,9.97,10.24,9.67,1385755,1671700449.0,5.9,3.21,0.31,0.7,0.03209109730848869,0.1770956316410861,0.25408805031446535,0.04538916417164639,8.3415,0.1952286758976204,0.5987987987987988,1.353753753753754,-0.5576752440106478
2023-03-16,601138,9.9,10.25,10.46,9.85,1414219,1741411337.0,6.12,2.81,0.28,0.71,0.028084252758274753,0.1325966850828728,0.3157894736842106,0.044851709590784605,8.4645,0.2109398074310356,0.6156156156156156,1.353753753753754,-0.5452528837622006
2023-03-17,601138,10.45,11.49,11.49,10.45,1437647,1932690618.0,10.15,12.1,1.24,0.73,0.12097560975609767,0.31314285714285717,0.5098554533508541,0.04975572588750653,8.6585,0.3270196916324999,0.6900900900900901,1.353753753753754,-0.49023957409050584
2023-03-20,601138,12.29,12.78,12.85,12.22,3247584,4830178884.0,5.48,11.23,1.29,1.64,0.1122715404699739,0.34384858044164024,0.6363636363636365,0.053708393497227634,8.907,0.4348265409228696,0.7675675675675676,1.353753753753754,-0.43300798580301697
2023-03-21,601138,12.79,12.5,12.89,12.1,2805700,4117272987.0,6.18,-2.19,-0.28,1.42,-0.021909233176838794,0.29399585921325055,0.6066838046272494,0.05438874545722306,9.143,0.3671661380290932,0.7507507507507508,1.353753753753754,-0.44543034605146414
2023-03-22,601138,12.9,13.96,13.96,12.9,2836035,4416811794.0,8.48,11.68,1.46,1.43,0.11680000000000001,0.4002006018054163,0.8248366013071895,0.05708239433427038,9.458499999999999,0.47592112914309903,0.8384384384384386,1.353753753753754,-0.3806566104702751
2023-03-23,601138,14.59,14.89,15.2,14.34,3567149,6021729191.0,6.16,6.66,0.93,1.8,0.06661891117478502,0.45268292682926825,0.9592105263157897,0.05682517885920123,9.823,0.5158301944416166,0.8942942942942944,1.353753753753754,-0.33939662821650407
2023-03-24,601138,14.75,15.56,15.71,14.55,3034400,5233784622.0,7.79,4.5,0.67,1.53,0.04499664204163878,0.3542210617928634,1.0691489361702131,0.05579619598188606,10.225,0.5217603911980441,0.9345345345345347,1.353753753753754,-0.3096716947648625
2023-03-27,601138,14.98,15.53,15.89,14.51,3783619,6534761024.0,8.87,-0.19,-0.03,1.91,-0.001928020565552746,0.21517996870109557,1.0929919137466308,0.05529687512153538,10.630500000000001,0.4608908329805745,0.9327327327327328,1.353753753753754,-0.31100266193433906
2023-03-28,601138,14.98,14.35,15.35,14.29,2552180,4307404642.0,6.83,-7.6,-1.18,1.29,-0.07598197037990984,0.1479999999999999,0.9133333333333333,0.06076215869814943,10.973,0.3077553996172422,0.861861861861862,1.353753753753754,-0.3633540372670808
2023-03-29,601138,14.6,14.06,14.9,12.75,3532927,5734185787.0,14.98,-2.02,-0.29,1.78,-0.0202090592334494,0.007163323782234832,0.7888040712468194,0.06187922834290863,11.283,0.24612248515465754,0.8444444444444447,1.353753753753754,-0.37622005323868674
2023-03-30,601138,14.11,14.78,14.96,13.44,2957329,4856324624.0,10.81,5.12,0.72,1.49,0.05120910384068278,-0.007387508394895992,0.7936893203883495,0.061924104174852154,11.610000000000001,0.27304048234280776,0.8876876876876879,1.353753753753754,-0.34427684117125107
2023-03-31,601138,14.6,15.12,15.38,14.31,2217192,3759699800.0,7.24,2.3,0.34,1.12,0.023004059539918797,-0.028277634961439646,0.6310679611650485,0.05787899736293646,11.9025,0.2703213610586011,0.9081081081081083,1.353753753753754,-0.32919254658385094
2023-04-03,601138,14.99,15.66,15.75,14.32,3398147,5871067497.0,9.46,3.57,0.54,1.72,0.03571428571428581,0.00837089504185462,0.747767857142857,0.05616145695863037,12.2375,0.2796731358529111,0.9405405405405408,1.353753753753754,-0.30523513753327414
2023-04-04,601138,15.14,15.31,15.8,14.92,2178577,3794273861.0,5.62,-2.23,-0.35,1.1,-0.022349936143039595,0.06689895470383278,0.8204518430439953,0.053439175765478936,12.5825,0.21676932247168695,0.9195195195195198,1.353753753753754,-0.3207630878438331
2023-04-06,601138,15.9,16.9,16.9,15.3,2603043,4757350132.0,10.45,10.39,1.59,1.31,0.10385369039843217,0.20199146514935973,0.995277449822904,0.05543582368518159,13.004,0.29960012303906486,1.0150150150150152,1.353753753753754,-0.2502218278615794
2023-04-07,601138,16.68,16.27,16.85,15.6,1626452,2982443059.0,7.4,-3.73,-0.63,0.82,-0.03727810650887564,0.10081190798376194,0.7977900552486186,0.057245378241175905,13.365,0.21735877291432842,0.9771771771771774,1.353753753753754,-0.2781721384205856
2023-04-10,601138,15.96,15.37,16.23,14.99,1611111,2843784223.0,7.62,-5.53,-0.9,0.81,-0.0553165334972342,0.016534391534391624,0.7565714285714285,0.05875307773342694,13.695999999999998,0.12222546728971974,0.9231231231231234,1.353753753753754,-0.31810115350488016
2023-04-11,601138,15.54,15.25,15.65,14.81,1725069,2993061079.0,5.47,-0.78,-0.12,0.87,-0.00780741704619381,-0.0261813537675607,0.6035751840168244,0.057749992599426675,13.982999999999999,0.09061002646070238,0.9159159159159163,1.353753753753754,-0.32342502218278607
2023-04-12,601138,15.42,16.32,16.64,15.1,1823041,3313872346.0,10.1,7.02,1.07,0.92,0.07016393442622948,0.06596995427824948,0.68944099378882,0.058546451418113425,14.316000000000003,0.13998323554065364,0.9801801801801805,1.353753753753754,-0.2759538598047914
2023-04-13,601138,16.15,15.56,16.85,15.25,1626837,2949474670.0,9.8,-4.66,-0.76,0.82,-0.04656862745098034,-0.07928994082840224,0.5606820461384152,0.060863976187433104,14.595500000000001,0.06608201157891125,0.9345345345345348,1.353753753753754,-0.3096716947648624
2023-04-14,601138,15.48,15.97,16.27,15.3,1164476,2086155664.0,6.23,2.63,0.41,0.59,0.02634961439588679,-0.018438844499077955,0.5580487804878049,0.06085941126181729,14.881499999999999,0.07314450828209533,0.9591591591591594,1.353753753753754,-0.29148181011535046
2023-04-17,601138,15.89,15.83,16.14,15.29,1007602,1796009627.0,5.32,-0.88,-0.14,0.51,-0.008766437069505306,0.029928432010409844,0.3777197563098347,0.05677056987400192,15.098499999999998,0.048448521376295815,0.950750750750751,1.353753753753754,-0.2976929902395741
2023-04-18,601138,15.78,17.09,17.45,15.55,1841183,3438069369.0,12.0,7.96,1.26,0.93,0.07959570435881247,0.120655737704918,0.33724569640062607,0.054321298968778374,15.314000000000002,0.11597231291628561,1.0264264264264267,1.353753753753754,-0.24179236912156166
2023-04-19,601138,16.98,15.17,17.21,15.17,2825819,5169020918.0,11.94,-11.23,-1.92,1.43,-0.11234640140433005,-0.07046568627450978,0.2136,0.06099772878040826,15.447500000000002,-0.01796407185628753,0.9111111111111113,1.353753753753754,-0.3269742679680568
2023-04-20,601138,15.17,16.9,16.9,15.11,3255603,5938781149.0,11.8,11.4,1.73,1.64,0.114040870138431,0.08611825192802036,0.21060171919770765,0.06074962715493873,15.5945,0.08371541248517096,1.0150150150150152,1.353753753753754,-0.2502218278615794
2023-04-21,601138,17.4,16.69,17.77,16.09,2488269,4729618699.0,9.94,-1.24,-0.21,1.26,-0.012426035502958399,0.04508453350031316,0.12088650100738763,0.05952355744595779,15.6845,0.06410787720360875,1.0024024024024027,1.353753753753754,-0.25953859804791474
2023-04-24,601138,16.74,16.23,17.0,15.87,1657450,3064750579.0,6.77,-2.76,-0.46,0.84,-0.02756141402037149,0.025268477574226234,0.04305912596401029,0.05932214279868673,15.718,0.03257411884463675,0.9747747747747751,1.353753753753754,-0.2799467613132208
2023-04-25,601138,15.96,16.4,16.68,15.65,1961278,3579727008.0,6.35,1.05,0.17,0.99,0.010474430067775709,-0.04037448800468113,0.056020605280102886,0.05932427282966123,15.761500000000002,0.040510103733781486,0.9849849849849853,1.353753753753754,-0.27240461401952076
2023-04-26,601138,16.68,14.55,16.88,14.55,2415148,4155268474.0,14.21,-11.28,-1.85,1.22,-0.11280487804878037,-0.04087013843111398,0.013937282229965264,0.06243952193205233,15.7715,-0.07744983039026085,0.8738738738738743,1.353753753753754,-0.35448092280390403
2023-04-27,601138,13.8,14.0,14.74,13.73,2652764,4301910849.0,6.94,-3.78,-0.55,1.34,-0.037800687285223455,-0.17159763313609455,-0.004267425320056972,0.06289919366746637,15.7685,-0.112153977867267,0.8408408408408411,1.353753753753754,-0.3788819875776397
2023-04-28,601138,14.03,14.02,14.78,13.81,2195698,3595198891.0,6.93,0.14,0.02,1.11,0.0014285714285713347,-0.1599760335530258,-0.05142083897158323,0.06181116815923674,15.730500000000001,-0.10873780235847566,0.8420420420420422,1.353753753753754,-0.3779946761313221
2023-05-04,601138,13.88,13.28,13.9,13.03,2110000,3249895420.0,6.21,-5.28,-0.74,1.07,-0.05278174037089878,-0.18176216882316698,-0.12169312169312174,0.0625918449356204,15.638500000000002,-0.1508136969658217,0.7975975975975977,1.353753753753754,-0.41082519964507547
2023-05-05,601138,13.23,12.67,13.26,12.36,2095333,3104383401.0,6.78,-4.59,-0.61,1.06,-0.04593373493975894,-0.22743902439024388,-0.19093231162196678,0.06248596907769457,15.488999999999999,-0.18200012912389432,0.7609609609609612,1.353753753753754,-0.4378881987577639
2023-05-08,601138,12.63,12.58,12.68,12.25,1511140,2202460780.0,3.39,-0.71,-0.09,0.76,-0.00710339384372527,-0.1353951890034365,-0.17831482691051603,0.062403518995902345,15.352500000000001,-0.1805894805406286,0.7555555555555559,1.353753753753754,-0.4418811002661933
2023-05-09,601138,12.58,12.6,13.13,12.3,1949480,2895339592.0,6.6,0.16,0.02,0.98,0.0015898251192367763,-0.09999999999999998,-0.2544378698224852,0.05669031285827121,15.1375,-0.16763005780346818,0.756756756756757,1.353753753753754,-0.4409937888198757
2023-05-10,601138,12.6,12.5,12.94,12.27,1026619,1502842988.0,5.32,-0.79,-0.1,0.52,-0.007936507936507908,-0.108416547788873,-0.2317148125384142,0.05640908248003756,14.948999999999998,-0.1638236671349253,0.750750750750751,1.353753753753754,-0.445430346051464
2023-05-11,601138,12.41,12.36,12.7,12.25,1093982,1590025501.0,3.6,-1.12,-0.14,0.55,-0.011200000000000099,-0.06927710843373491,-0.19583604424202994,0.05546324552934987,14.7985,-0.16478021421089983,0.7423423423423425,1.353753753753754,-0.45164152617568765
2023-05-12,601138,12.24,12.26,12.69,12.12,801676,1160032070.0,4.61,-0.81,-0.1,0.4,-0.008090614886731351,-0.03235990528808208,-0.19606557377049183,0.0554628618274735,14.649000000000001,-0.1630828042869821,0.7363363363363365,1.353753753753754,-0.4560780834072759
2023-05-15,601138,12.52,13.02,13.28,12.06,2323190,3437969744.0,9.95,6.2,0.76,1.17,0.06199021207177813,0.0349761526232113,-0.20220588235294124,0.05487282791053289,14.484,-0.1010770505385253,0.7819819819819822,1.353753753753754,-0.42236024844720493
2023-05-16,601138,12.99,12.68,13.36,12.41,1666709,2488224300.0,7.3,-2.61,-0.34,0.84,-0.02611367127496156,0.006349206349206327,-0.18508997429305918,0.05433933197097113,14.339999999999998,-0.11576011157601106,0.7615615615615619,1.353753753753754,-0.43744454303460506
2023-05-17,601138,12.75,13.45,13.75,12.72,2146967,3314842388.0,8.12,6.07,0.77,1.08,0.06072555205047325,0.07599999999999985,-0.15779586725109584,0.056026142117145024,14.214000000000002,-0.05374982411706788,0.8078078078078081,1.353753753753754,-0.40328305235137524
2023-05-18,601138,13.81,14.25,14.89,13.62,2868316,4704621858.0,9.44,5.95,0.8,1.45,0.059479553903345694,0.15291262135922334,-0.09981048641819334,0.05796103133823584,14.135000000000002,0.008135833038556662,0.8558558558558562,1.353753753753754,-0.3677905944986689
2023-05-19,601138,14.4,14.06,15.05,14.06,1744803,2898536350.0,6.95,-1.33,-0.19,0.88,-0.013333333333333308,0.1468189233278956,-0.1772966647162083,0.054562551316569056,13.983500000000001,0.00547073336432219,0.8444444444444448,1.353753753753754,-0.3762200532386867
2023-05-22,601138,13.91,13.31,14.5,13.2,1761662,2782786704.0,9.25,-5.33,-0.75,0.89,-0.053342816500711265,0.022273425499232058,-0.12261041529334205,0.05004826543138414,13.8905,-0.041791152226341666,0.7993993993993996,1.353753753753754,-0.4094942324755989
2023-05-23,601138,13.28,13.13,13.53,13.05,991487,1522136305.0,3.61,-1.35,-0.18,0.5,-0.013523666416228375,0.03548895899053628,-0.22307692307692295,0.04141864016009936,13.702000000000002,-0.041745730550284695,0.7885885885885888,1.353753753753754,-0.4174800354924578
2023-05-24,601138,13.04,12.72,13.19,12.43,1224922,1820114878.0,5.79,-3.12,-0.41,0.62,-0.031226199543031186,-0.05427509293680288,-0.23786698621929303,0.041648369749077756,13.503499999999999,-0.05802199429777453,0.7639639639639643,1.353753753753754,-0.43566992014196976
2023-05-25,601138,13.9,14.2,14.2,13.56,3066759,4940496360.0,5.03,11.64,1.48,1.55,0.1163522012578615,-0.0035087719298245723,-0.1250770178681455,0.05044107402199583,13.401999999999997,0.059543351738546635,0.8528528528528531,1.353753753753754,-0.3700088731144632
2023-05-26,601138,14.23,14.69,15.19,14.06,2658723,4472661970.0,7.96,3.45,0.49,1.34,0.03450704225352119,0.04480796586059732,-0.10426829268292681,0.051122247242872565,13.3165,0.10314271768107235,0.8822822822822826,1.353753753753754,-0.3482697426796805
2023-05-29,601138,15.19,15.8,15.98,15.0,3029228,5337846775.0,6.67,7.56,1.11,1.53,0.07556160653505795,0.18707738542449293,0.08591065292096212,0.04727860402985378,13.379,0.18095522834292557,0.9489489489489493,1.353753753753754,-0.29902395740905047
2023-05-30,601138,15.32,15.93,16.21,14.83,2515116,4427330223.0,8.73,0.82,0.13,1.27,0.008227848101265867,0.2132520944402132,0.1378571428571429,0.04618481150883228,13.4755,0.18214537493970534,0.9567567567567572,1.353753753753754,-0.29325643300798565
2023-05-31,601138,16.01,15.95,16.48,15.4,2186397,3954507790.0,6.78,0.13,0.02,1.1,0.0012554927809165228,0.25393081761006275,0.13766048502139805,0.046186018092472386,13.572,0.17521367521367523,0.9579579579579585,1.353753753753754,-0.29236912156166794
2023-06-01,601138,15.5,15.82,16.11,15.43,1585823,2829531747.0,4.26,-0.82,-0.13,0.8,-0.008150470219435713,0.11408450704225359,0.191265060240964,0.044155984908268366,13.698999999999998,0.1548288196218704,0.9501501501501507,1.353753753753754,-0.29813664596273265
2023-06-02,601138,16.1,15.73,16.25,15.5,1071115,1906662166.0,4.74,-0.57,-0.09,0.54,-0.0056890012642224486,0.07079646017699126,0.2415153906866614,0.04236872159037706,13.852,0.13557609009529312,0.9447447447447453,1.353753753753754,-0.3021295474711621
2023-06-05,601138,15.96,16.83,17.17,15.64,2055526,3816461647.0,9.73,6.99,1.1,1.04,0.06993006993006978,0.06518987341772142,0.3378378378378377,0.0440380727664698,14.064499999999999,0.1966298126488677,1.0108108108108114,1.353753753753754,-0.25332741792369096
2023-06-06,601138,16.5,16.12,17.01,16.0,1419313,2643588807.0,6.0,-4.22,-0.71,0.72,-0.042186571598336164,0.011927181418706967,0.2793650793650795,0.04582032944849344,14.2405,0.1319827253256557,0.9681681681681689,1.353753753753754,-0.2848269742679677
2023-06-07,601138,16.1,15.93,16.4,15.73,965029,1749907000.0,4.16,-1.18,-0.19,0.49,-0.011786600496277999,-0.0012539184952977678,0.2744,0.045922493324714396,14.412,0.10532889258950866,0.9567567567567573,1.353753753753754,-0.29325643300798554
2023-06-08,601138,15.8,15.75,15.98,15.42,960586,1706987329.0,3.52,-1.13,-0.18,0.49,-0.011299435028248594,-0.004424778761061954,0.27427184466019416,0.04592527580258956,14.5815,0.0801357884991256,0.9459459459459465,1.353753753753754,-0.30124223602484446
2023-06-09,601138,15.75,17.54,17.54,15.53,2155132,4086444130.0,12.76,11.37,1.79,1.09,0.11365079365079356,0.1150667514303878,0.43066884176182696,0.05077203388757384,14.845500000000001,0.1815028123000234,1.0534534534534539,1.353753753753754,-0.22182786157941425
2023-06-12,601138,18.21,19.25,19.27,18.16,2500999,5206129217.0,6.33,9.75,1.71,1.26,0.09749144811858623,0.14379084967320277,0.478494623655914,0.052920033569209164,15.157,0.2700402454311539,1.1561561561561569,1.353753753753754,-0.14596273291925432
2023-06-13,601138,19.1,19.92,20.48,18.77,2242848,4886032449.0,8.88,3.48,0.67,1.13,0.03480519480519484,0.23573200992555843,0.5709779179810728,0.051805390561736844,15.519,0.2835878600425286,1.196396396396397,1.353753753753754,-0.11623779946761285
2023-06-14,601138,19.65,20.69,21.35,19.48,2032553,4547021809.0,9.39,3.87,0.77,1.03,0.03865461847389562,0.2988072818581293,0.5382899628252791,0.051215234233147486,15.881,0.3028146842138405,1.2426426426426433,1.353753753753754,-0.082076308784383
2023-06-15,601138,20.5,20.54,21.7,20.38,1510106,3475872715.0,6.38,-0.72,-0.15,0.76,-0.007249879168680584,0.304126984126984,0.4414035087719297,0.050884031482839376,16.1955,0.2682535272143497,1.2336336336336342,1.353753753753754,-0.08873114463176554
2023-06-16,601138,20.54,21.96,22.24,20.25,1989771,4670191184.0,9.69,6.91,1.42,1.0,0.06913339824732234,0.2519954389965793,0.561877667140825,0.05141066696514877,16.5905,0.32364907627859335,1.3189189189189197,1.353753753753754,-0.025732031943211744
2023-06-19,601138,22.4,24.36,24.37,21.6,2075930,5224454892.0,12.61,10.93,2.4,1.05,0.1092896174863387,0.2654545454545454,0.8302028549962432,0.051435940628042076,17.142999999999997,0.42098815843201326,1.4630630630630637,1.4630630630630637,0.0
2023-06-20,601138,23.77,23.93,24.34,22.46,2177997,5548451086.0,7.72,-1.77,-0.43,1.1,-0.01765188834154352,0.20130522088353398,0.8225437928408224,0.05163566066805554,17.683,0.35327715885313576,1.4372372372372377,1.4630630630630637,-0.01765188834154358
2023-06-21,601138,23.4,22.4,23.4,22.0,1594267,3934455891.0,5.85,-6.39,-1.53,0.81,-0.06393648140409536,0.0826486225229579,0.7610062893081759,0.05418801291656629,18.167,0.23300489899267884,1.3453453453453457,1.4630630630630637,-0.08045977011494268
2023-06-26,601138,21.8,20.99,22.68,20.65,1946822,4569065399.0,9.06,-6.29,-1.41,0.98,-0.06294642857142863,0.02190847127555995,0.47816901408450696,0.053989135574507165,18.5065,0.13419609326452867,1.260660660660661,1.4630630630630637,-0.13834154351395744
2023-06-27,601138,21.31,20.91,21.31,20.67,1009206,2325935660.0,3.05,-0.38,-0.08,0.51,-0.003811338732729763,-0.04781420765027322,0.42341729067392797,0.05416720048454716,18.817500000000003,0.11119968114786753,1.2558558558558564,1.4630630630630637,-0.14162561576354682
2023-06-28,601138,19.89,20.88,21.34,19.23,1694122,3805901695.0,10.09,-0.14,-0.03,0.86,-0.0014347202295552641,-0.1428571428571429,0.3215189873417721,0.05266323717128352,19.0715,0.09482736019715275,1.2540540540540546,1.4630630630630637,-0.14285714285714285
2023-06-29,601138,20.91,21.7,22.25,20.8,1699548,4024690082.0,6.94,3.93,0.82,0.86,0.039272030651340994,-0.09318846636021727,0.36220966729441306,0.05290032952975395,19.36,0.12086776859504132,1.303303303303304,1.4630630630630637,-0.10919540229885052
2023-06-30,601138,21.45,23.1,23.65,21.21,1949811,4758139006.0,11.24,6.45,1.4,0.98,0.06451612903225823,0.03125000000000022,0.44827586206896575,0.053801329621789545,19.7175,0.17154811715481172,1.3873873873873883,1.4630630630630637,-0.05172413793103424
2023-07-03,601138,23.3,22.27,23.62,21.38,1556356,3812430137.0,9.7,-3.59,-0.83,0.79,-0.035930735930736035,0.06098141972367799,0.40771175726927944,0.0549142669443345,20.04,0.11127744510978047,1.3375375375375382,1.4630630630630637,-0.08579638752052535
2023-07-04,601138,21.9,22.48,23.2,21.87,1108526,2724852436.0,5.97,0.94,0.21,0.56,0.009429726088908907,0.07508369201339082,0.42911633820724737,0.05466521411199534,20.3775,0.10317752423015576,1.350150150150151,1.4630630630630637,-0.07717569786535287
2023-07-05,601138,22.2,21.76,22.41,21.51,959801,2300738699.0,4.0,-3.2,-0.72,0.48,-0.03202846975088958,0.042145593869731934,0.29292929292929326,0.054458398849482725,20.624000000000002,0.05508145849495729,1.306906906906908,1.4630630630630637,-0.10673234811165813
2023-07-06,601138,21.5,21.78,22.65,21.5,975269,2363004012.0,5.28,0.09,0.02,0.49,0.0009191176470588758,0.0036866359447005337,0.3511166253101736,0.05293696428909595,20.907,0.04175634954799833,1.3081081081081092,1.4630630630630637,-0.10591133004926072
2023-07-07,601138,21.7,21.56,22.18,20.7,1051556,2467400528.0,6.8,-1.01,-0.22,0.53,-0.010101010101010166,-0.06666666666666676,0.3534212178279974,0.05289095810272128,21.188499999999998,0.017533095783089935,1.294894894894896,1.4630630630630637,-0.11494252873563182
2023-07-10,601138,21.9,21.7,21.96,20.79,888598,2079013382.0,5.43,0.65,0.14,0.45,0.006493506493506551,-0.025594970812752638,0.37777777777777777,0.05254658803054965,21.486,0.009959973936516738,1.3033033033033044,1.4630630630630637,-0.10919540229885022
2023-07-11,601138,21.9,22.14,22.5,21.4,1187436,2860137756.0,5.07,2.03,0.44,0.6,0.02027649769585249,-0.015124555160142328,0.2622576966932726,0.04744810325157014,21.716,0.01952477435991893,1.3297297297297308,1.4630630630630637,-0.09113300492610801
2023-07-12,601138,21.9,20.43,21.9,20.31,1653803,3803466806.0,7.18,-7.72,-1.71,0.84,-0.07723577235772361,-0.0611213235294118,0.061298701298701186,0.047110340404265975,21.775,-0.061768082663605006,1.227027027027028,1.4630630630630637,-0.1613300492610834
2023-07-13,601138,20.88,22.68,22.68,20.67,1557740,3692431528.0,9.84,11.01,2.25,0.79,0.11013215859030834,0.04132231404958664,0.13855421686746983,0.052413426509652784,21.913000000000004,0.035002053575502935,1.3621621621621633,1.4630630630630637,-0.06896551724137888
2023-07-14,601138,23.61,25.16,25.16,23.35,2081319,5474742072.0,7.98,10.93,2.48,1.05,0.10934744268077612,0.16697588126159557,0.21604639922667945,0.05680421786073079,22.136499999999998,0.1365843742235675,1.5111111111111126,1.5111111111111126,0.0
2023-07-17,601138,24.79,24.01,24.79,23.52,1749725,4581994468.0,5.05,-4.57,-1.15,0.88,-0.04570747217806037,0.10645161290322602,0.16893865628042848,0.058102145005171496,22.31,0.07619901389511444,1.4420420420420434,1.5111111111111126,-0.04570747217806044
2023-07-18,601138,23.98,23.43,24.55,22.97,1566161,4030402671.0,6.58,-2.42,-0.58,0.79,-0.024156601416076673,0.05826558265582649,0.06693989071038242,0.05678416075926751,22.383499999999998,0.04675318873277199,1.4072072072072086,1.5111111111111126,-0.06875993640699524
2023-07-19,601138,23.82,22.99,24.32,22.64,1270262,3213940576.0,7.17,-1.88,-0.44,0.64,-0.018779342723004744,0.12530592266275087,-0.05623973727422005,0.05133276519804246,22.315,0.03024871162894901,1.3807807807807821,1.5111111111111126,-0.08624801271860097
2023-07-20,601138,22.8,21.15,22.85,20.7,2028230,4796612587.0,9.35,-8.0,-1.84,1.02,-0.08003479773814703,-0.06746031746031755,-0.11617216882574177,0.05417197574576328,22.176,-0.04626623376623376,1.2702702702702715,1.5111111111111126,-0.15937996820349765
2023-07-21,601138,20.94,20.94,21.44,20.5,1326290,3060013607.0,4.44,-0.99,-0.21,0.67,-0.0099290780141843,-0.16772655007949122,-0.06517857142857131,0.0523848458508319,22.102999999999998,-0.052617291770347775,1.257657657657659,1.5111111111111126,-0.1677265500794912
2023-07-24,601138,20.69,21.56,22.43,20.69,1456211,3464207392.0,8.31,2.96,0.62,0.74,0.029608404966571022,-0.10204081632653073,0.027155788470700326,0.05078924086294966,22.1315,-0.025822922079389122,1.2948948948948962,1.5111111111111126,-0.14308426073131958
2023-07-25,601138,21.95,21.9,22.58,21.0,1619429,3883664355.0,7.33,1.58,0.34,0.82,0.0157699443413728,-0.0653008962868118,0.04734576757532283,0.05084901485130844,22.181,-0.01266850006762555,1.3153153153153165,1.5111111111111126,-0.1295707472178061
2023-07-26,601138,21.4,21.15,22.08,20.11,1612811,3743366428.0,9.0,-3.42,-0.75,0.81,-0.03424657534246578,-0.08003479773814703,0.012931034482758674,0.05154193307535576,22.194499999999998,-0.047061208858050395,1.2702702702702715,1.5111111111111126,-0.15937996820349765
2023-07-27,601138,21.03,20.58,21.19,20.23,1422649,3233438185.0,4.54,-2.7,-0.57,0.72,-0.026950354609929117,-0.026950354609929117,-0.05161290322580647,0.05113897557081668,22.1385,-0.07039772342299623,1.2360360360360372,1.5111111111111126,-0.18203497615262326
2023-07-28,601138,20.75,20.71,21.07,20.13,1182659,2619015858.0,4.57,0.63,0.13,0.6,0.006316812439261632,-0.010983763132760282,-0.10346320346320348,0.04879086540255309,22.019,-0.0594486579772014,1.2438438438438453,1.5111111111111126,-0.1768680445151032
2023-07-31,601138,20.7,20.78,21.55,20.26,1410991,3180890470.0,6.23,0.34,0.07,0.71,0.0033800096571705573,-0.036178107606678944,-0.06690615177368653,0.048239973349483586,21.944499999999998,-0.053065688441294945,1.2480480480480496,1.5111111111111126,-0.1740858505564386
2023-08-01,601138,20.65,21.12,21.6,19.98,1630855,3655613866.0,7.8,1.64,0.34,0.82,0.016361886429258954,-0.03561643835616424,-0.06049822064056942,0.04835402301053778,21.8765,-0.03458048590953759,1.2684684684684702,1.5111111111111126,-0.160572337042925
2023-08-02,601138,20.7,20.77,21.31,20.56,835974,1873700193.0,3.55,-1.66,-0.35,0.42,-0.016571969696969724,-0.017966903073285967,-0.0454963235294118,0.04797130649663043,21.827,-0.048426261052824576,1.247447447447449,1.5111111111111126,-0.17448330683624777
2023-08-03,601138,20.31,20.95,21.3,20.1,1184953,2640203325.0,5.78,0.87,0.18,0.6,0.008666345690900412,0.017978620019436287,-0.038108356290174505,0.04802104231825478,21.7855,-0.038351196897018644,1.25825825825826,1.5111111111111126,-0.16732909379968172
2023-08-04,601138,20.55,22.22,22.48,20.37,1868329,4306607786.0,10.07,6.06,1.27,0.94,0.060620525059665864,0.07291163689039104,0.030612244897959107,0.04987347297060888,21.8185,0.018401814973531574,1.3345345345345363,1.5111111111111126,-0.11685214626391069
2023-08-07,601138,22.15,23.43,24.45,22.05,2299516,5689145334.0,10.8,5.45,1.21,1.16,0.054455445544554504,0.12752646775745902,0.0797235023041476,0.051202478827330436,21.904999999999998,0.06961880849121216,1.407207207207209,1.5111111111111126,-0.06875993640699495
2023-08-08,601138,23.05,22.63,23.37,22.32,1315252,3206501097.0,4.48,-3.41,-0.8,0.66,-0.03414425949637223,0.07149621212121193,0.02213188798554655,0.05179423168883496,21.929499999999997,0.03194327276043694,1.3591591591591607,1.5111111111111126,-0.10055643879173276
2023-08-09,601138,21.75,20.7,22.18,20.7,2184953,4991039039.0,6.54,-8.53,-1.93,1.1,-0.08528501988510828,-0.003370245546461259,0.013215859030836885,0.05247199254952763,21.942999999999998,-0.05664676662261307,1.2432432432432448,1.5111111111111126,-0.17726550079491238
2023-08-10,601138,20.44,19.95,20.45,19.38,2383605,5102779608.0,5.17,-3.62,-0.75,1.2,-0.036231884057971064,-0.04773269689737469,-0.12037037037037035,0.046449803723952805,21.8065,-0.08513516612019355,1.1981981981981995,1.5111111111111126,-0.20707472178060407
2023-08-11,601138,20.17,19.95,20.65,19.83,1376589,2999618734.0,4.11,0.0,0.0,0.7,0.0,-0.10216021602160219,-0.20707472178060415,0.03788055634355465,21.546,-0.07407407407407408,1.1981981981981995,1.5111111111111126,-0.20707472178060407
2023-08-14,601138,19.54,19.85,20.06,19.15,1293396,2737037106.0,4.56,-0.5,-0.1,0.65,-0.005012531328320691,-0.15279556124626537,-0.1732611411911703,0.03699178091286117,21.338,-0.06973474552441651,1.1921921921921936,1.5111111111111126,-0.21104928457869618
2023-08-15,601138,20.49,19.84,20.68,19.66,1571670,3425023036.0,5.14,-0.05,-0.01,0.79,-0.0005037783375315685,-0.12328767123287665,-0.15322236448997006,0.03685309396987145,21.1585,-0.06231538152515539,1.191591591591593,1.5111111111111126,-0.21144674085850548
2023-08-16,601138,19.45,19.34,19.85,19.14,1201353,2520208813.0,3.58,-2.52,-0.5,0.61,-0.025201612903225756,-0.06570048309178744,-0.15876468029578072,0.03698314643758059,20.976,-0.0779938977879481,1.1615615615615629,1.5111111111111126,-0.23131955484896652
2023-08-17,601138,18.78,19.36,19.62,18.38,1347608,2786935601.0,6.41,0.1,0.02,0.68,0.0010341261633919352,-0.029573934837092697,-0.08463356973995273,0.0328814856772698,20.8865,-0.07308548584013608,1.1627627627627641,1.5111111111111126,-0.23052464228934805
2023-08-18,601138,19.34,18.55,19.49,18.51,1020525,2084409527.0,5.06,-4.18,-0.81,0.51,-0.04183884297520657,-0.07017543859649111,-0.11413562559694368,0.033946691678351563,20.767,-0.10675591082005098,1.1141141141141155,1.5111111111111126,-0.2627186009538949
2023-08-21,601138,18.6,18.86,19.34,18.31,918720,1880744006.0,5.55,1.67,0.31,0.46,0.016711590296495826,-0.04987405541561718,-0.12523191094619668,0.03336237261946844,20.632,-0.08588600232648322,1.1327327327327341,1.5111111111111126,-0.2503974562798091
2023-08-22,601138,19.65,20.9,20.9,19.18,1997066,4278439693.0,9.12,10.82,2.04,1.01,0.10816542948038177,0.053427419354838745,-0.045662100456621,0.041867931248280595,20.582,0.015450393547760073,1.2552552552552567,1.5111111111111126,-0.169316375198728
2023-08-23,601138,20.62,19.79,20.67,19.51,1377277,2962775190.0,5.55,-5.31,-1.11,0.69,-0.053110047846889885,0.023267838676318542,-0.06430260047281322,0.04284519188490655,20.514000000000003,-0.035292970654187565,1.18858858858859,1.5111111111111126,-0.21343402225755148
2023-08-24,601138,20.95,20.88,21.75,20.35,2016512,4539145812.0,7.07,5.51,1.09,1.02,0.055078322385042844,0.07851239669421495,0.014577259475218707,0.04427927949455764,20.529000000000003,0.01709776413853551,1.2540540540540555,1.5111111111111126,-0.1701112877583465
2023-08-25,601138,19.65,18.77,19.92,18.64,1951191,4038616221.0,6.13,-10.11,-2.11,0.98,-0.10105363984674332,0.011859838274932644,-0.09367455335586683,0.04984243586749404,20.432,-0.08134299138606103,1.1273273273273285,1.5111111111111126,-0.25397456279809216
2023-08-28,601138,19.88,19.13,19.88,18.66,1375394,2867096461.0,6.5,1.92,0.36,0.69,0.01917954182205639,0.014316012725344551,-0.07940327237728595,0.05008557083727227,20.3495,-0.05992776235288337,1.1489489489489502,1.5111111111111126,-0.2396661367249602
2023-08-29,601138,19.0,20.04,20.59,18.73,1727641,3678743676.0,9.72,4.76,0.91,0.87,0.047569262937793955,-0.0411483253588516,-0.05113636363636376,0.0511922476646726,20.2955,-0.012588997561035766,1.2036036036036049,1.5111111111111126,-0.2034976152623211
2023-08-30,601138,20.34,20.25,20.92,20.02,1336895,2931335704.0,4.49,1.05,0.21,0.67,0.010479041916167775,0.023244062657908016,-0.025036109773712067,0.05112687402959043,20.2695,-0.0009620365573892172,1.2162162162162176,1.5111111111111126,-0.19515103338632742
2023-08-31,601138,20.01,20.36,20.68,19.78,1170775,2561965498.0,4.44,0.54,0.11,0.59,0.005432098765432158,-0.02490421455938696,-0.028162291169451015,0.05110305911325659,20.24,0.005928853754940761,1.2228228228228242,1.5111111111111126,-0.190779014308426
2023-09-01,601138,20.24,19.7,20.44,19.35,940264,2005854005.0,5.35,-3.24,-0.66,0.47,-0.03241650294695486,0.049547149706979265,-0.11341134113411344,0.04948583052964346,20.114,-0.02058267873123205,1.1831831831831845,1.5111111111111126,-0.2170111287758346
2023-09-04,601138,19.85,19.44,19.9,19.11,960343,2006222555.0,4.01,-1.32,-0.26,0.48,-0.013197969543147114,0.016204913748039784,-0.17029449423815612,0.04749176091165366,19.9145,-0.023826859825755053,1.167567567567569,1.5111111111111126,-0.22734499205087425
2023-09-05,601138,19.22,18.76,19.24,18.64,993309,2023636694.0,3.09,-3.5,-0.68,0.5,-0.034979423868312765,-0.06387225548902187,-0.17101193106495793,0.047516118511254875,19.721,-0.048729780437097435,1.126726726726728,1.5111111111111126,-0.2543720190779013
2023-09-06,601138,18.53,18.67,18.72,17.99,899082,1793430368.0,3.89,-0.48,-0.09,0.45,-0.004797441364605581,-0.07802469135802459,-0.09806763285024145,0.043921536373677815,19.619500000000002,-0.048395728739264524,1.1213213213213227,1.5111111111111126,-0.25794912559618427
2023-09-07,601138,18.43,17.65,18.43,17.64,1279588,2491071475.0,4.23,-5.46,-1.02,0.65,-0.054633101231923,-0.1331041257367388,-0.11528822055137844,0.04481081526510624,19.5045,-0.09508062242046715,1.0600600600600611,1.5111111111111126,-0.29848966613672495
2023-09-08,601138,17.46,17.53,17.67,16.89,929633,1758805480.0,4.42,-0.68,-0.12,0.47,-0.0067988668555238885,-0.11015228426395929,-0.12130325814536336,0.044795438118075744,19.383499999999998,-0.09562256558413068,1.0528528528528542,1.5111111111111126,-0.3032591414944354
2023-09-11,601138,17.45,17.91,18.52,16.81,1365924,2644631310.0,9.75,2.17,0.38,0.69,0.02167712492869356,-0.07870370370370372,-0.09773299748110842,0.04520622562210305,19.2865,-0.07137116635988905,1.075675675675677,1.5111111111111126,-0.28815580286168513
2023-09-12,601138,17.64,17.73,18.1,17.53,813488,1575512390.0,3.18,-1.01,-0.18,0.41,-0.01005025125628134,-0.05490405117270791,-0.10635080645161288,0.04521598444328137,19.181,-0.07564777644544082,1.0648648648648662,1.5111111111111126,-0.295310015898251
2023-09-13,601138,17.61,17.31,17.71,17.13,755380,1426852678.0,3.27,-2.37,-0.42,0.38,-0.02368866328257202,-0.07284413497589737,-0.10496380558428131,0.04518102159920995,19.079500000000003,-0.09274352053250892,1.0396396396396408,1.5111111111111126,-0.3120031796502384
2023-09-14,601138,17.43,17.04,17.61,17.0,728533,1368811170.0,3.52,-1.56,-0.27,0.37,-0.01559792027729634,-0.03456090651558075,-0.1198347107438017,0.04522564257224714,18.9635,-0.10143169773512277,1.0234234234234245,1.5111111111111126,-0.3227344992050874
2023-09-15,601138,17.08,16.58,17.15,16.48,958532,1754707907.0,3.93,-2.7,-0.46,0.48,-0.02699530516431925,-0.05419281232173434,-0.10619946091644217,0.04471498923916632,18.865,-0.12112377418499869,0.9957957957957969,1.5111111111111126,-0.34101748807631155
2023-09-18,601138,16.53,16.75,17.25,16.39,922539,1701928033.0,5.19,1.03,0.17,0.47,0.01025331724969858,-0.06476828587381356,-0.11187698833510074,0.04457569764717103,18.759499999999996,-0.1071190596764304,1.0060060060060072,1.5111111111111126,-0.33426073131955475
2023-09-19,601138,16.77,16.93,17.45,16.58,1082722,2007364413.0,5.19,1.07,0.18,0.55,0.010746268656716351,-0.045121263395375144,-0.18995215311004776,0.0360736721617973,18.561,-0.08787242066698994,1.016816816816818,1.5111111111111126,-0.3271065182829888
2023-09-20,601138,16.94,16.85,17.43,16.63,1047324,1951207190.0,4.73,-0.47,-0.08,0.53,-0.004725339633786074,-0.02657423454650476,-0.14855987872662946,0.03461228812987011,18.413999999999998,-0.08493537525795572,1.0120120120120133,1.5111111111111126,-0.3302861685214625
2023-09-21,601138,16.71,16.76,17.2,16.67,738200,1364353569.0,3.15,-0.53,-0.09,0.37,-0.005341246290801127,-0.016431924882629012,-0.19731800766283514,0.03135302580289503,18.208,-0.07952548330404201,1.006606606606608,1.5111111111111126,-0.3338632750397454
2023-09-22,601138,16.75,18.39,18.55,16.69,2128261,4131079561.0,11.1,9.73,1.63,1.07,0.09725536992840089,0.10916767189384813,-0.020245071923281732,0.032526205565381924,18.189,0.011050634999175354,1.1045045045045059,1.5111111111111126,-0.2690779014308424
2023-09-25,601138,18.21,17.74,18.49,17.68,1046753,2051590554.0,4.4,-3.53,-0.65,0.53,-0.03534529635671568,0.059104477611940265,-0.07266074228959751,0.0330676772052303,18.1195,-0.020944286542123138,1.0654654654654667,1.5111111111111126,-0.29491255961844187
2023-09-26,601138,17.94,18.18,18.84,17.9,1267772,2527443848.0,5.3,2.48,0.44,0.64,0.024802705749718212,0.07383343177790902,-0.09281437125748504,0.03158450879574031,18.0265,0.008515241450087432,1.0918918918918932,1.5111111111111126,-0.2774244833068361
2023-09-27,601138,18.05,18.25,18.55,17.97,830304,1649178540.0,3.19,0.39,0.07,0.42,0.0038503850385038785,0.08308605341246289,-0.09876543209876543,0.03145471333813239,17.926499999999997,0.018045909686776718,1.0960960960960975,1.5111111111111126,-0.27464228934817153
2023-09-28,601138,18.48,18.15,18.78,18.01,734827,1459736692.0,4.22,-0.55,-0.1,0.37,-0.005479452054794609,0.0829355608591884,-0.1085461689587427,0.031363719953601495,17.816000000000003,0.018747193533901887,1.0900900900900914,1.5111111111111126,-0.27861685214626375
2023-10-09,601138,17.92,17.71,17.95,17.3,1051936,2010700007.0,3.58,-2.42,-0.44,0.53,-0.024242424242424065,-0.03697661772702554,-0.10101522842639588,0.031043013874484496,17.7165,-0.0003668896226680813,1.0636636636636652,1.5111111111111126,-0.29610492845786934
2023-10-10,601138,17.68,17.31,17.8,17.06,800631,1514705079.0,4.18,-2.26,-0.4,0.4,-0.022586109542631405,-0.024239007891770026,-0.10956790123456805,0.031245976320607757,17.61,-0.017035775127768354,1.039639639639641,1.5111111111111126,-0.31200317965023827
2023-10-11,601138,17.61,17.62,18.1,17.3,902253,1735693090.0,4.62,1.79,0.31,0.45,0.01790872328134041,-0.030803080308030695,-0.06076759061833692,0.03084033757310007,17.553,0.003817011337093384,1.0582582582582598,1.5111111111111126,-0.2996820349761523
2023-10-12,601138,17.85,17.2,17.9,17.12,821651,1548478801.0,4.43,-2.38,-0.42,0.41,-0.02383654937570956,-0.05753424657534245,-0.07873594001071249,0.031200570698357386,17.479499999999998,-0.015990159901598945,1.0330330330330344,1.5111111111111126,-0.3163751987281397
2023-10-13,601138,17.06,16.33,17.06,16.26,1066817,1928970559.0,4.65,-5.06,-0.87,0.54,-0.05058139534883732,-0.10027548209366388,-0.07478753541076488,0.030863387289088,17.4135,-0.06222183937749452,0.980780780780782,1.5111111111111126,-0.35095389507154195
2023-10-16,601138,16.34,15.87,16.34,15.75,951592,1663989371.0,3.61,-2.82,-0.46,0.48,-0.028169014084507005,-0.10389610389610393,-0.09469480889903037,0.031351896107811736,17.3305,-0.08427339084273398,0.9531531531531544,1.5111111111111126,-0.3692368839427661
2023-10-17,601138,15.97,15.73,16.03,15.65,581479,1008406536.0,2.39,-0.88,-0.14,0.29,-0.008821676118462407,-0.09127671865973419,-0.12171970965940815,0.030747160862322268,17.2215,-0.08660685770693602,0.9447447447447461,1.5111111111111126,-0.3748012718600951
2023-10-18,601138,15.05,15.37,15.58,14.55,1512938,2516260664.0,6.55,-2.29,-0.36,0.76,-0.022886204704386626,-0.12769580022701488,-0.13310772701635654,0.030968613089677438,17.1035,-0.10135352413248756,0.9231231231231244,1.5111111111111126,-0.38910969793322714
2023-10-19,601138,15.03,14.98,15.54,14.93,859459,1437089344.0,3.97,-2.54,-0.39,0.43,-0.025374105400130076,-0.12906976744186038,-0.13460427498555738,0.031019601702705152,16.987,-0.11814917289692106,0.899699699699701,1.5111111111111126,-0.4046104928457867
2023-10-20,601138,15.01,14.62,15.17,14.52,804678,1310063588.0,4.34,-2.4,-0.36,0.41,-0.024032042723631575,-0.10471524800979792,-0.142018779342723,0.031202888954351134,16.866,-0.13316731886635838,0.8780780780780792,1.5111111111111126,-0.41891891891891875
2023-10-23,601138,13.0,13.0,13.0,13.0,237865,346093575.0,0.0,-11.08,-1.62,0.12,-0.11080711354309158,-0.1808443604284814,-0.21592279855247276,0.03872541786474181,16.687,-0.22095044046263565,0.7807807807807818,1.5111111111111126,-0.4833068362480125
2023-10-24,601138,11.76,12.21,12.59,11.7,3189679,4364905170.0,6.85,-6.08,-0.79,1.61,-0.06076923076923069,-0.22377622377622375,-0.2710447761194029,0.03987739649998348,16.46,-0.2582017010935601,0.7333333333333344,1.5111111111111126,-0.514705882352941
2023-10-25,601138,12.27,11.99,12.3,11.92,1930659,2625027048.0,3.11,-1.8,-0.22,0.97,-0.018018018018018056,-0.2199089134677944,-0.2917897223862965,0.03941900581394138,16.213,-0.26046999321532105,0.7201201201201212,1.5111111111111126,-0.5234499205087438
2023-10-26,601138,11.85,12.28,12.47,11.69,1415805,1926808467.0,6.51,2.42,0.29,0.71,0.024186822351959902,-0.18024032042723637,-0.2712166172106826,0.04038641024024559,15.9845,-0.23175576339578974,0.7375375375375386,1.5111111111111126,-0.5119236883942764
2023-10-27,601138,12.28,12.52,12.64,12.11,999904,1394536019.0,4.32,1.95,0.24,0.5,0.019543973941368087,-0.14363885088919282,-0.25298329355608606,0.04107435220247038,15.772499999999999,-0.2062133460136313,0.7519519519519531,1.5111111111111126,-0.502384737678855
2023-10-30,601138,12.52,13.05,13.21,12.38,1208231,1739499854.0,6.63,4.23,0.53,0.61,0.04233226837060711,0.0038461538461538325,-0.29037520391517124,0.034592310677317696,15.505500000000001,-0.15836316145883722,0.783783783783785,1.5111111111111126,-0.4813195548489663
2023-10-31,601138,13.27,13.17,13.53,12.98,1521122,2250138537.0,4.21,0.92,0.12,0.77,0.009195402298850519,0.07862407862407861,-0.25760992108229985,0.03474295073961577,15.277000000000001,-0.1379197486417491,0.7909909909909921,1.5111111111111126,-0.4765500794912557
2023-11-01,601138,13.21,12.98,13.4,12.94,716601,1050021774.0,3.49,-1.44,-0.19,0.36,-0.014426727410781992,0.08256880733944949,-0.286028602860286,0.03351128944682001,15.017000000000001,-0.13564626756342815,0.7795795795795808,1.5111111111111126,-0.48410174880763085
2023-11-02,601138,13.33,13.05,13.44,13.03,825759,1220238642.0,3.16,0.54,0.07,0.42,0.0053929121725733165,0.06270358306188939,-0.284931506849315,0.033561482078957476,14.757,-0.1156739174628989,0.7837837837837851,1.5111111111111126,-0.48131955484896627
2023-11-03,601138,13.13,13.2,13.37,13.04,780844,1155544925.0,2.53,1.15,0.15,0.39,0.011494252873563093,0.054313099041533475,-0.2727272727272727,0.03405446895067475,14.509500000000003,-0.09025121472138965,0.792792792792794,1.5111111111111126,-0.475357710651828
2023-11-06,601138,13.37,13.42,13.51,13.23,984696,1470553982.0,2.12,1.67,0.22,0.5,0.016666666666666607,0.028352490421455823,-0.2422360248447205,0.03470666682141265,14.294999999999998,-0.061210213361315026,0.8060060060060072,1.5111111111111126,-0.46661367249602514
2023-11-07,601138,13.42,13.84,14.07,13.29,1426711,2170167447.0,5.81,3.13,0.42,0.72,0.03129657228017879,0.05087319665907364,-0.20046216060080868,0.03600508441600246,14.121500000000001,-0.019934142973480236,0.8312312312312324,1.5111111111111126,-0.4499205087440379
2023-11-08,601138,13.8,13.75,13.95,13.62,776357,1189968639.0,2.38,-0.65,-0.09,0.39,-0.006502890173410436,0.05932203389830515,-0.21963677639046542,0.03540056672251244,13.928,-0.012780011487650834,0.825825825825827,1.5111111111111126,-0.4534976152623209
2023-11-09,601138,13.95,14.04,14.19,13.86,1180598,1836882230.0,2.4,2.11,0.29,0.6,0.02109090909090905,0.07586206896551717,-0.1837209302325582,0.03601048678861212,13.77,0.01960784313725487,0.8432432432432444,1.5111111111111126,-0.4419713831478535
2023-11-10,601138,13.85,13.86,14.24,13.78,904472,1404192265.0,3.28,-1.28,-0.18,0.46,-0.012820512820512775,0.050000000000000044,-0.1512553582363747,0.03470729848305073,13.6465,0.015645037189022812,0.8324324324324336,1.5111111111111126,-0.4491255961844195
2023-11-13,601138,14.1,14.56,15.2,14.1,1692022,2746107541.0,7.94,5.05,0.7,0.85,0.05050505050505061,0.08494783904619974,-0.08254568367989912,0.036653760376719205,13.581,0.07208600250349761,0.8744744744744758,1.5111111111111126,-0.42130365659777397
2023-11-14,601138,14.6,14.82,15.28,14.46,1239230,2036744729.0,5.63,1.79,0.26,0.62,0.017857142857142794,0.07080924855491322,-0.05785123966942152,0.036939517217698344,13.535499999999999,0.09489859997783616,0.8900900900900913,1.5111111111111126,-0.41096979332273426
2023-11-15,601138,14.93,14.86,15.13,14.48,1100106,1796181525.0,4.39,0.27,0.04,0.55,0.0026990553306343035,0.08072727272727276,-0.033181522446324,0.03663094085399207,13.51,0.09992598075499627,0.8924924924924937,1.5111111111111126,-0.40937996820349737
2023-11-16,601138,14.65,14.39,14.82,14.36,825175,1330396756.0,3.1,-3.16,-0.47,0.42,-0.031628532974427914,0.024928774928774988,-0.03938584779706278,0.036875636393912996,13.480500000000001,0.06746782389377244,0.8642642642642655,1.5111111111111126,-0.42806041335453077
2023-11-17,601138,14.32,14.8,14.85,14.32,919559,1491098997.0,3.68,2.85,0.41,0.46,0.028492008339124464,0.067821067821068,0.012311901504788114,0.03704423090608163,13.489499999999998,0.0971496349012197,0.8888888888888902,1.5111111111111126,-0.4117647058823527
2023-11-20,601138,14.74,14.57,14.93,14.35,794665,1281681740.0,3.92,-1.55,-0.23,0.4,-0.015540540540540548,0.0006868131868131844,0.12076923076923074,0.026494422931992213,13.568000000000001,0.07385023584905652,0.8750750750750763,1.5111111111111126,-0.4209062003179648
2023-11-21,601138,14.64,14.41,14.7,14.38,647881,1042353837.0,2.2,-1.1,-0.16,0.33,-0.010981468771448233,-0.027665317139001333,0.18018018018018012,0.021810454779409672,13.678,0.05351659599356626,0.8654654654654667,1.5111111111111126,-0.4272655007949123
2023-11-22,601138,14.35,14.02,14.39,13.99,668499,1051738983.0,2.78,-2.71,-0.39,0.34,-0.02706453851492019,-0.05652759084791381,0.16930775646371976,0.022473981157964572,13.779499999999999,0.01745346347835559,0.8420420420420432,1.5111111111111126,-0.44276629570747195
2023-11-23,601138,14.18,14.17,14.26,13.83,625526,978521886.0,3.07,1.07,0.15,0.32,0.010699001426533572,-0.015288394718554588,0.15390879478827357,0.02216576718772087,13.874,0.021334870981692327,0.8510510510510523,1.5111111111111126,-0.4368044515103336
2023-11-24,601138,14.25,13.85,14.25,13.68,869338,1336550877.0,4.02,-2.26,-0.32,0.44,-0.022582921665490474,-0.06418918918918926,0.10623003194888181,0.02294057886541987,13.9405,-0.00649187618808511,0.8318318318318331,1.5111111111111126,-0.4495230524642287
2023-11-27,601138,13.55,13.34,13.72,13.26,1514598,2266464637.0,3.32,-3.68,-0.51,0.76,-0.03682310469314076,-0.08442004118050794,0.022222222222222143,0.023044798091457982,13.954999999999998,-0.044070225725546294,0.8012012012012024,1.5111111111111126,-0.4697933227344989
2023-11-28,601138,13.22,13.6,13.64,13.22,849575,1279183881.0,3.15,1.95,0.26,0.43,0.019490254872563728,-0.056210964607911196,0.03264996203492787,0.023342295825102156,13.976500000000001,-0.026938074625263965,0.8168168168168181,1.5111111111111126,-0.45945945945945915
2023-11-29,601138,13.6,13.4,13.64,13.36,628224,943270478.0,2.06,-1.47,-0.2,0.32,-0.014705882352941124,-0.0442225392296719,0.03235747303543923,0.023352631913344236,13.997499999999999,-0.0426861939632076,0.8048048048048061,1.5111111111111126,-0.46740858505564353
2023-11-30,601138,13.53,13.55,13.68,13.19,948174,1422477453.0,3.66,1.12,0.15,0.48,0.011194029850746245,-0.04375441072688768,0.03831417624521083,0.023434813904230578,14.022499999999999,-0.03369584596184692,0.8138138138138151,1.5111111111111126,-0.46144674085850523
2023-12-01,601138,13.5,13.6,13.68,13.31,772622,1165230211.0,2.73,0.37,0.05,0.39,0.0036900369003689537,-0.018050541516245522,0.030303030303030276,0.02333565353794686,14.0425,-0.03151148299804171,0.8168168168168181,1.5111111111111126,-0.45945945945945915
2023-12-04,601138,13.66,13.23,13.67,13.22,733488,1096639726.0,3.31,-2.72,-0.37,0.37,-0.02720588235294108,-0.008245877061469176,-0.014157973174366623,0.023914685023185177,14.032999999999998,-0.05722226181144427,0.7945945945945959,1.5111111111111126,-0.4741653418124003
2023-12-05,601138,13.2,12.6,13.3,12.56,769487,1109274939.0,5.59,-4.76,-0.63,0.39,-0.04761904761904767,-0.07352941176470584,-0.08959537572254339,0.024892681937333794,13.971,-0.09813184453510847,0.756756756756758,1.5111111111111126,-0.4992050874403812
2023-12-06,601138,12.59,12.7,12.86,12.57,566544,808626857.0,2.3,0.79,0.1,0.29,0.007936507936507908,-0.052238805970149294,-0.07636363636363641,0.025037087713817626,13.9185,-0.08754535330675005,0.762762762762764,1.5111111111111126,-0.49523052464228906
2023-12-07,601138,12.83,12.78,12.92,12.59,567072,812267721.0,2.6,0.63,0.08,0.29,0.006299212598425141,-0.056826568265682775,-0.08974358974358976,0.02447955428015858,13.855500000000001,-0.0776226047417994,0.7675675675675687,1.5111111111111126,-0.49205087440381534
2023-12-08,601138,12.81,14.21,14.21,12.75,1492915,2266887919.0,11.42,11.19,1.43,0.75,0.11189358372456981,0.04485294117647065,0.025252525252525304,0.035587334204772,13.873,0.024291789807539935,0.8534534534534549,1.5111111111111126,-0.4352146263910966
2023-12-11,601138,14.22,14.04,14.28,13.64,1573185,2429544664.0,4.5,-1.2,-0.17,0.79,-0.011963406052076131,0.06122448979591821,-0.03571428571428581,0.03378618187934981,13.847,0.013938037119953754,0.8432432432432446,1.5111111111111126,-0.4419713831478534
2023-12-12,601138,14.06,13.71,14.22,13.42,1095769,1677111903.0,5.7,-2.35,-0.33,0.55,-0.02350427350427342,0.08809523809523823,-0.0748987854251012,0.0338181447843565,13.7915,-0.005909436972047881,0.8234234234234249,1.5111111111111126,-0.45508744038155763
2023-12-13,601138,13.71,13.53,13.84,13.49,766463,1164312185.0,2.55,-1.31,-0.18,0.39,-0.013129102844639085,0.06535433070866148,-0.08950201884253028,0.033854042049033375,13.725,-0.014207650273224065,0.812612612612614,1.5111111111111126,-0.4622416534181236
2023-12-14,601138,13.63,13.45,13.9,13.45,714419,1086318807.0,3.33,-0.59,-0.08,0.36,-0.00591278640059123,0.05242566510172142,-0.06532314107018766,0.03323832505267358,13.678,-0.016669103670127323,0.8078078078078093,1.5111111111111126,-0.46542130365659734
2023-12-15,601138,13.55,13.23,13.6,13.16,619912,922563125.0,3.27,-1.64,-0.22,0.31,-0.01635687732341995,-0.06896551724137934,-0.10608108108108105,0.03251636396848506,13.5995,-0.02717011654840254,0.7945945945945961,1.5111111111111126,-0.47416534181240017
2023-12-18,601138,13.23,13.48,13.78,13.2,933059,1408291061.0,4.38,1.89,0.25,0.47,0.01889644746787611,-0.03988603988603978,-0.07481125600549077,0.03284504173490868,13.544999999999998,-0.004798818752306957,0.8096096096096113,1.5111111111111126,-0.46422893481716954
2023-12-19,601138,13.41,13.62,13.66,13.21,651403,978306779.0,3.34,1.04,0.14,0.33,0.010385756676557722,-0.006564551422319598,-0.054823039555864095,0.032932423113772445,13.505500000000001,0.00847802747028972,0.8180180180180195,1.5111111111111126,-0.45866454689984054
2023-12-20,601138,13.62,13.0,13.62,12.96,744238,1093316142.0,4.85,-4.55,-0.62,0.38,-0.04552129221732737,-0.03917220990391712,-0.07275320970042798,0.03390653066834345,13.454500000000001,-0.033780519528782284,0.7807807807807823,1.5111111111111126,-0.48330683624801224
2023-12-21,601138,13.0,13.02,13.31,12.9,659239,963005307.0,3.15,0.15,0.02,0.33,0.0015384615384614886,-0.031970260223048275,-0.08115737473535645,0.0337698942282581,13.397,-0.028140628498917717,0.7819819819819834,1.5111111111111126,-0.48251192368839385
2023-12-22,601138,12.96,12.77,13.05,12.71,669029,964875926.0,2.61,-1.92,-0.25,0.34,-0.01920122887864828,-0.034769463340891926,-0.0779783393501805,0.033678715000738775,13.342999999999998,-0.04294386569736931,0.7669669669669683,1.5111111111111126,-0.4924483306836244
2023-12-25,601138,12.65,12.66,13.08,12.64,539590,776180341.0,3.45,-0.86,-0.11,0.27,-0.008613938919342146,-0.060830860534124676,-0.050974512743628186,0.03279003479030805,13.309000000000001,-0.04876399428957855,0.7603603603603617,1.5111111111111126,-0.49682034976152584
2023-12-26,601138,12.57,12.32,12.72,12.2,422904,588280158.0,4.11,-2.69,-0.34,0.21,-0.026856240126382325,-0.09544787077826722,-0.09411764705882353,0.03282006457791173,13.245,-0.06983767459418641,0.7399399399399412,1.5111111111111126,-0.5103338632750394
2023-12-27,601138,12.4,12.38,12.54,12.28,506304,706127751.0,2.11,0.49,0.06,0.26,0.004870129870129913,-0.04769230769230759,-0.07611940298507458,0.032789615667406104,13.193999999999999,-0.0616947097165377,0.7435435435435449,1.5111111111111126,-0.507949125596184
2023-12-28,601138,12.64,13.25,13.48,12.47,1042023,1522613513.0,8.16,7.03,0.87,0.53,0.0702746365105007,0.01766513056835639,-0.022140221402214055,0.03661710158997045,13.178999999999998,0.005387358676682716,0.7957957957957972,1.5111111111111126,-0.47337042925278183
2023-12-29,601138,13.25,13.57,13.87,13.17,896699,1358259324.0,5.28,2.42,0.32,0.45,0.024150943396226365,0.06264682850430692,-0.0022058823529411686,0.037024041831655294,13.1775,0.029785619427053694,0.8150150150150164,1.5111111111111126,-0.46065182829888673
2024-01-02,601138,13.45,12.65,13.45,12.48,1280166,1834238096.0,7.15,-6.78,-0.92,0.65,-0.06779661016949157,-0.0007898894154818592,-0.04383975812547236,0.039643617828951594,13.148499999999999,-0.03791306993193126,0.759759759759761,1.5111111111111126,-0.49721780604133514
2024-01-03,601138,12.56,12.33,12.69,12.23,827288,1154214016.0,3.64,-2.53,-0.32,0.42,-0.02529644268774711,0.0008116883116882079,-0.021428571428571352,0.03857706771669567,13.135,-0.061286638751427466,0.7405405405405416,1.5111111111111126,-0.5099364069952302
2024-01-04,601138,12.23,11.92,12.32,11.8,1031539,1390232644.0,4.22,-3.33,-0.41,0.52,-0.03325223033252234,-0.037156704361874016,-0.06141732283464563,0.039203211481475944,13.096,-0.08979841172877216,0.715915915915917,1.5111111111111126,-0.5262321144674084
2024-01-05,601138,11.9,11.75,12.07,11.65,633969,850023499.0,3.52,-1.43,-0.17,0.32,-0.014261744966442946,-0.1132075471698113,-0.08059467918622842,0.03923114975382053,13.0445,-0.09923722641726393,0.7057057057057068,1.5111111111111126,-0.532988871224165
2024-01-08,601138,11.69,11.53,11.75,11.5,582860,767066243.0,2.13,-1.87,-0.22,0.29,-0.018723404255319154,-0.15033161385409,-0.18859957776213943,0.028386526193180918,12.910499999999999,-0.10692846907555863,0.6924924924924936,1.5111111111111126,-0.541732909379968
2024-01-09,601138,11.78,11.64,12.03,11.51,886400,1178732748.0,4.51,0.95,0.11,0.45,0.009540329575021822,-0.07984189723320156,-0.1709401709401709,0.028714143764339665,12.7905,-0.08994957194793005,0.6990990990991003,1.5111111111111126,-0.5373608903020665
2024-01-10,601138,11.53,11.36,11.67,11.28,691550,896989917.0,3.35,-2.41,-0.28,0.35,-0.024054982817869552,-0.07866991078669916,-0.17140773158278633,0.028729106962646193,12.672999999999998,-0.10360609169099654,0.6822822822822834,1.5111111111111126,-0.5484896661367247
2024-01-11,601138,11.41,11.6,11.64,11.34,736633,963337025.0,2.64,2.11,0.24,0.37,0.021126760563380254,-0.02684563758389269,-0.14264597191426454,0.029479199054225056,12.5765,-0.07764481373991172,0.6966966966966978,1.5111111111111126,-0.5389507154213035
2024-01-12,601138,11.45,11.31,11.56,11.27,596072,771220392.0,2.5,-2.5,-0.29,0.3,-0.02499999999999991,-0.03744680851063831,-0.15910780669144975,0.029741319722416105,12.4695,-0.09298688800673639,0.6792792792792803,1.5111111111111126,-0.5504769475357708
2024-01-15,601138,11.25,11.17,11.38,11.08,595441,760055553.0,2.65,-1.24,-0.14,0.3,-0.012378426171529622,-0.031222896790980004,-0.15570672713529865,0.0296972170909798,12.3665,-0.09675332551651641,0.6708708708708719,1.5111111111111126,-0.5560413354530999
2024-01-16,601138,11.09,11.36,11.48,11.09,1022357,1311978067.0,3.49,1.7,0.19,0.52,0.017009847806624734,-0.024054982817869552,-0.1572700296735906,0.02961012659416696,12.2605,-0.07344724929652142,0.6822822822822833,1.5111111111111126,-0.5484896661367248
2024-01-17,601138,11.32,11.13,11.55,11.13,765428,988768028.0,3.7,-2.02,-0.23,0.39,-0.02024647887323927,-0.02024647887323927,-0.18281938325991176,0.029394903423429694,12.136,-0.08289386947923522,0.6684684684684695,1.5111111111111126,-0.5576311605723367
2024-01-18,601138,11.13,12.16,12.25,11.13,2220347,2966176138.0,10.06,9.25,1.03,1.12,0.09254267744833777,0.048275862068965614,-0.06461538461538463,0.03599444674567799,12.094,0.005457251529684201,0.7303303303303315,1.5111111111111126,-0.516693163751987
2024-01-19,601138,12.29,12.65,12.92,12.17,1991611,2829169536.0,6.17,4.03,0.49,1.0,0.04029605263157898,0.11847922192749771,-0.02841781874039928,0.03725758554081258,12.075500000000002,0.04757566974452392,0.759759759759761,1.5111111111111126,-0.49721780604133514
2024-01-22,601138,13.16,12.85,13.39,12.65,2146068,3147146255.0,5.85,1.58,0.2,1.08,0.015810276679841806,0.15040286481647258,0.006264682850430692,0.037169581362474564,12.0795,0.06378575272155307,0.7717717717717729,1.5111111111111126,-0.48926868044515076
2024-01-23,601138,12.5,12.95,13.25,12.47,1647231,2384151801.0,6.07,0.78,0.1,0.83,0.0077821011673151474,0.13996478873239426,0.02290679304897303,0.03712816602001279,12.094,0.07077889862741855,0.7777777777777789,1.5111111111111126,-0.4852941176470586
2024-01-24,601138,13.07,12.95,13.21,12.51,1416358,2039889528.0,5.41,0.0,0.0,0.71,0.0,0.16352201257861632,0.051136363636363535,0.03651874318171557,12.1255,0.06799719599191775,0.7777777777777789,1.5111111111111126,-0.4852941176470586
2024-01-25,601138,12.9,13.53,13.67,12.76,1654835,2470541712.0,7.03,4.48,0.58,0.83,0.04478764478764474,0.1126644736842104,0.09289176090468487,0.03769143343963189,12.183,0.11056390051711397,0.8126126126126137,1.5111111111111126,-0.4622416534181238
2024-01-26,601138,13.28,12.86,13.36,12.72,1405585,2051277667.0,4.73,-4.95,-0.67,0.71,-0.049519586104951996,0.016600790513833896,-0.02943396226415096,0.036283965646870364,12.1635,0.057261479015086,0.7723723723723734,1.5111111111111126,-0.4888712241653416
2024-01-29,601138,12.67,12.04,12.86,11.94,1219277,1674421619.0,7.15,-6.38,-0.82,0.61,-0.0637636080870918,-0.06303501945525292,-0.11274871039056755,0.03835867768765182,12.087,-0.003888475221312203,0.7231231231231241,1.5111111111111126,-0.5214626391096978
2024-01-30,601138,12.0,11.95,12.35,11.93,756191,1034328271.0,3.49,-0.75,-0.09,0.38,-0.007475083056478371,-0.07722007722007718,-0.055335968379446765,0.035444332096937835,12.052,-0.008463325589113866,0.7177177177177188,1.5111111111111126,-0.5250397456279807
2024-01-31,601138,11.75,11.76,12.0,11.47,884640,1178654515.0,4.44,-1.59,-0.19,0.45,-0.01589958158995808,-0.09189189189189184,-0.04622871046228716,0.035184133744900696,12.0235,-0.021915415644363164,0.7063063063063074,1.5111111111111126,-0.5325914149443558
2024-02-01,601138,11.58,13.01,13.09,11.43,1798360,2561288968.0,14.12,10.63,1.25,0.91,0.10629251700680276,-0.03843311160384333,0.09144295302013417,0.0418249367739776,12.078,0.07716509355853622,0.7813813813813827,1.5111111111111126,-0.48290937996820316
2024-02-02,601138,12.99,12.37,13.22,12.0,1593523,2271481022.0,9.38,-4.92,-0.64,0.8,-0.04919292851652579,-0.03810264385692075,0.052765957446808454,0.043380527211030015,12.108999999999998,0.021554215872491622,0.7429429429429442,1.5111111111111126,-0.5083465818759934
2024-02-05,601138,12.33,13.22,13.66,12.26,2226110,3243363776.0,11.32,6.87,0.85,1.12,0.06871463217461615,0.09800664451827257,0.14657415437987864,0.045388179829841335,12.193499999999998,0.08418419649813444,0.7939939939939954,1.5111111111111126,-0.47456279809220947
2024-02-06,601138,12.75,13.98,14.34,12.75,2334671,3576843175.0,12.03,5.75,0.76,1.18,0.05748865355521926,0.16987447698744784,0.2010309278350515,0.046730384281330424,12.310500000000001,0.13561593761423169,0.8396396396396411,1.5111111111111126,-0.44435612082670867
2024-02-07,601138,13.72,13.75,13.98,13.46,1737953,2648861173.0,3.72,-1.65,-0.23,0.88,-0.01645207439198859,0.16921768707482987,0.210387323943662,0.04646710371904988,12.430000000000001,0.1061946902654866,0.8258258258258272,1.5111111111111126,-0.4534976152623208
2024-02-08,601138,13.95,14.15,15.01,13.65,1870793,2963949494.0,9.89,2.91,0.4,0.94,0.029090909090909056,0.08762490392006161,0.21982758620689657,0.04659604313921851,12.5575,0.1268166434401753,0.8498498498498512,1.5111111111111126,-0.437599364069952
2024-02-19,601138,15.15,15.72,15.72,14.77,1988385,3376731916.0,6.71,11.1,1.57,1.0,0.11095406360424032,0.27081649151172194,0.3899204244031831,0.050796188114717436,12.777999999999999,0.23023947409610285,0.9441441441441457,1.5111111111111126,-0.3751987281399042
2024-02-20,601138,16.35,16.94,17.44,16.06,3053232,5554868237.0,8.78,7.76,1.22,1.54,0.07760814249363879,0.281391830559758,0.5165622202327664,0.05195525630309193,13.0665,0.2964451077182108,1.0174174174174193,1.5111111111111126,-0.32670906200317906
2024-02-21,601138,16.18,16.0,16.31,15.7,2485909,4361411875.0,3.6,-5.55,-0.94,1.25,-0.05548996458087374,0.14449213161659502,0.40845070422535223,0.0547947656570449,13.298499999999999,0.2031432116404107,0.9609609609609627,1.5111111111111126,-0.3640699523052459
2024-02-22,601138,16.7,16.64,17.02,15.76,2593071,4644717973.0,7.88,4.0,0.64,1.31,0.040000000000000036,0.21018181818181825,0.49505840071877794,0.05419569159370647,13.574000000000002,0.2258729924856342,0.9993993993994013,1.5111111111111126,-0.3386327503974557
2024-02-23,601138,17.27,16.62,17.4,16.51,2237459,4126150026.0,5.35,-0.12,-0.02,1.13,-0.0012019230769230171,0.17455830388692584,0.3667763157894737,0.051742638317095864,13.797,0.2046096977603827,0.9981981981982001,1.5111111111111126,-0.3394276629570741
2024-02-26,601138,16.05,16.12,16.46,15.96,1767651,3139609159.0,3.01,-3.01,-0.5,0.89,-0.030084235860409092,0.025445292620865256,0.2743083003952569,0.052462551545726606,13.970499999999998,0.15385991911527888,0.9681681681681701,1.5111111111111126,-0.35930047694753514
2024-02-27,601138,16.04,17.78,17.89,15.84,2863760,5308530292.0,12.72,10.3,1.66,1.44,0.10297766749379655,0.04958677685950419,0.3836575875486383,0.056157611601997885,14.217000000000002,0.2506154603643524,1.06786786786787,1.5111111111111126,-0.29332273449920443
2024-02-28,601138,17.5,16.65,17.74,16.65,2194145,4136701239.0,6.13,-6.36,-1.13,1.11,-0.06355455568054003,0.04062499999999991,0.2857142857142856,0.05902186611719874,14.401999999999997,0.1560894320233302,1.0000000000000018,1.5111111111111126,-0.3382352941176465
2024-02-29,601138,16.61,17.14,17.51,16.53,1824980,3398084193.0,5.89,2.94,0.49,0.92,0.0294294294294295,0.030048076923076872,0.3235521235521237,0.05901438490057447,14.611500000000001,0.17304862608219546,1.0294294294294313,1.5111111111111126,-0.3187599364069947
2024-03-01,601138,17.5,18.47,18.91,17.5,2481166,4892950969.0,8.23,7.76,1.33,1.25,0.07759626604434056,0.11131167268351372,0.36511456023651134,0.060306306498641896,14.858500000000001,0.24305952821617238,1.1093093093093112,1.5111111111111126,-0.2658982511923684
2024-03-04,601138,19.25,20.47,20.47,18.89,2681951,5710595359.0,8.55,10.83,2.0,1.35,0.10828370330265291,0.2698511166253099,0.5917573872472783,0.061406445111219295,15.238999999999999,0.3432639937003741,1.2294294294294315,1.5111111111111126,-0.18640699523052412
2024-03-05,601138,20.15,21.2,22.63,19.98,3097571,7050812139.0,12.95,3.57,0.73,1.56,0.035661944308744475,0.19235095613048347,0.760797342192691,0.05773432385288317,15.697,0.3505765432885265,1.2732732732732754,1.5111111111111126,-0.15739268680445093
2024-03-06,601138,20.52,20.46,21.0,20.15,2302577,5085112589.0,4.01,-3.49,-0.74,1.16,-0.03490566037735843,0.22882882882882893,0.7121338912133892,0.05898954181413742,16.1225,0.2690339587532952,1.228828828828831,1.5111111111111126,-0.18680445151033329
2024-03-07,601138,20.92,21.06,21.66,20.31,2702907,6085421452.0,6.6,2.93,0.6,1.36,0.029325513196480912,0.2287047841306884,0.7908163265306121,0.05804243310320407,16.5875,0.2696307460437076,1.264864864864867,1.5111111111111126,-0.16295707472178
2024-03-08,601138,21.55,23.32,23.32,21.11,2857208,6824257680.0,10.49,10.73,2.26,1.44,0.10731244064577417,0.2625879805089335,0.7924673328209071,0.05811235531434538,17.103,0.3635034789218265,1.4006006006006033,1.5111111111111126,-0.07313195548489579
2024-03-11,601138,22.13,24.27,25.2,21.85,3359710,8195001191.0,14.37,4.07,0.95,1.69,0.04073756432246989,0.18563751831949205,0.9620048504446241,0.054959974533679255,17.698,0.3713413945078539,1.4576576576576603,1.5111111111111126,-0.03537360890301988
2024-03-12,601138,23.71,23.25,23.93,22.52,3125177,7726114946.0,5.81,-4.2,-1.02,1.58,-0.04202719406674904,0.09669811320754729,0.758698940998487,0.05699682373243124,18.199499999999997,0.2775076238358199,1.396396396396399,1.5111111111111126,-0.07591414944356041
2024-03-13,601138,23.99,22.8,25.43,22.54,4920400,12619421139.0,12.43,-1.94,-0.45,2.48,-0.019354838709677358,0.11436950146627556,0.6309012875536482,0.05764240287236764,18.6405,0.22314315603122242,1.369369369369372,1.5111111111111126,-0.0937996820349753
2024-03-14,601138,21.22,21.3,21.72,20.44,5506132,12448108454.0,5.61,-6.58,-1.5,2.78,-0.06578947368421051,0.01139601139601143,0.5490909090909091,0.06055047918204839,19.018,0.11999158691765695,1.2792792792792818,1.5111111111111126,-0.1534181240063585
2024-03-15,601138,20.94,21.53,21.73,20.91,3583236,8214079652.0,3.85,1.08,0.23,1.81,0.010798122065727611,-0.07675814751286447,0.5215547703180212,0.06060493995040219,19.387,0.11053798937432303,1.2930930930930955,1.5111111111111126,-0.14427662957074647
2024-03-18,601138,21.9,23.46,23.75,21.81,4248136,10433641458.0,9.01,8.96,1.93,2.14,0.0896423594983744,-0.03337453646477129,0.49236641221374056,0.05914528122673944,19.774,0.18640639223222413,1.4090090090090117,1.5111111111111126,-0.06756756756756671
2024-03-19,601138,22.85,23.96,24.56,22.58,3791375,9516654769.0,8.44,2.13,0.5,1.91,0.021312872975277175,0.030537634408602132,0.4144037780401417,0.05767321115447345,20.125,0.19055900621118016,1.439039039039042,1.5111111111111126,-0.04769475357710554
2024-03-20,601138,23.75,23.53,24.28,23.02,2989026,7531928513.0,5.26,-1.79,-0.43,1.51,-0.017946577629382343,0.032017543859649056,0.47062500000000007,0.0556970614106321,20.5015,0.14772089847084366,1.413213213213216,1.5111111111111126,-0.0647853736089021
2024-03-21,601138,23.53,23.44,24.25,23.19,2697026,6810420622.0,4.5,-0.38,-0.09,1.36,-0.003824904377390581,0.10046948356807506,0.40865384615384626,0.055768556250768556,20.8415,0.12467912578269325,1.4078078078078107,1.5111111111111126,-0.06836248012718504
2024-03-22,601138,23.27,22.88,23.8,22.56,2603640,6429464240.0,5.29,-2.39,-0.56,1.31,-0.023890784982935287,0.06270320483046898,0.3766546329723224,0.05642206369825843,21.154500000000002,0.08156656976057088,1.3741741741741769,1.5111111111111126,-0.09062003179650152
2024-03-25,601138,23.3,22.36,23.45,22.32,2339728,5719688823.0,4.94,-2.27,-0.52,1.18,-0.022727272727272707,-0.04688832054560965,0.38709677419354827,0.05611808670759553,21.466500000000003,0.04162299396734427,1.3429429429429456,1.5111111111111126,-0.11128775834658101
2024-03-26,601138,22.45,22.18,22.75,21.45,2463439,5848714351.0,5.81,-0.81,-0.18,1.24,-0.00805008944543828,-0.07429048414023376,0.24746906636670407,0.05264884883066035,21.686500000000002,0.02275609249994224,1.3321321321321347,1.5111111111111126,-0.11844197138314706
2024-03-27,601138,21.82,20.86,22.12,20.81,2376320,5453341226.0,5.91,-5.95,-1.32,1.2,-0.05951307484220014,-0.11347216319592013,0.25285285285285286,0.05234887614616805,21.897,-0.04735808558249985,1.2528528528528553,1.5111111111111126,-0.17090620031796425
2024-03-28,601138,20.87,21.9,22.56,20.87,2756411,6411695654.0,8.1,4.99,1.04,1.39,0.04985618408437187,-0.06569965870307182,0.27771295215869296,0.05289089021750101,22.134999999999998,-0.010616670431443391,1.3153153153153176,1.5111111111111126,-0.12957074721780537
2024-03-29,601138,21.59,21.22,21.63,20.78,1693523,3846707807.0,3.88,-3.11,-0.68,0.85,-0.031050228310502304,-0.07255244755244761,0.14889009204114778,0.051536802225350606,22.2725,-0.0472555842406556,1.2744744744744767,1.5111111111111126,-0.15659777424483243
2024-04-01,601138,21.35,21.76,21.95,21.03,1699460,3938504686.0,4.34,2.54,0.54,0.86,0.025447690857681504,-0.02683363148479423,0.06301905227161719,0.04611267954831078,22.337,-0.025831579889868745,1.3069069069069092,1.5111111111111126,-0.13513513513513445
2024-04-02,601138,21.69,21.35,22.13,21.17,1538554,3555487009.0,4.41,-1.88,-0.41,0.78,-0.018841911764705843,-0.0374211000901713,0.0070754716981134,0.04575534234479347,22.3445,-0.0445075969477947,1.2822822822822846,1.5111111111111126,-0.15143084260731252
2024-04-03,601138,21.15,20.37,21.19,20.19,1768837,3905145590.0,4.68,-4.59,-0.98,0.89,-0.04590163934426228,-0.02348993288590595,-0.004398826979472137,0.04627670588824823,22.34,-0.08818263205013424,1.2234234234234256,1.5111111111111126,-0.19038155802861623
2024-04-08,601138,20.15,20.45,20.84,20.03,1223888,2705714760.0,3.98,0.39,0.08,0.62,0.003927344133529687,-0.06621004566210043,-0.028964862298195615,0.04579802699247126,22.3095,-0.08335014231605373,1.2282282282282304,1.5111111111111126,-0.18720190779014245
2024-04-09,601138,20.6,20.34,20.61,19.75,1372388,2976232278.0,4.21,-0.54,-0.11,0.69,-0.005378973105134466,-0.041470311027332674,-0.12778730703259011,0.03812607505996831,22.160500000000003,-0.08215067349563424,1.2216216216216238,1.5111111111111126,-0.1915739268680439
2024-04-10,601138,20.14,19.55,20.32,19.38,1236589,2620631468.0,4.62,-3.88,-0.79,0.62,-0.03883972468043262,-0.1015625,-0.19447878038730937,0.03711666173055788,21.924500000000002,-0.10830349608885041,1.1741741741741762,1.5111111111111126,-0.2229729729729724
2024-04-11,601138,19.68,19.7,20.1,19.55,1355528,2899217552.0,2.81,0.77,0.15,0.68,0.007672634271099765,-0.07728337236533966,-0.15268817204301077,0.03652616808734466,21.747000000000003,-0.09412792569090007,1.1831831831831854,1.5111111111111126,-0.21701112877583398
2024-04-12,601138,20.25,20.71,21.37,20.16,2543958,5686706943.0,6.14,5.13,1.01,1.28,0.051269035532995,0.016691212567501168,-0.09166666666666667,0.03868241331362744,21.642500000000002,-0.04308651957953106,1.2438438438438462,1.5111111111111126,-0.17686804451510263
2024-04-15,601138,20.33,20.69,21.0,20.15,1492917,3313784495.0,4.1,-0.1,-0.02,0.75,-0.0009657170449057784,0.011735941320293541,-0.028638497652582084,0.03585296522218867,21.612000000000002,-0.042661484360540465,1.2426426426426451,1.5111111111111126,-0.17766295707472096
2024-04-16,601138,19.98,20.26,20.82,19.85,1243881,2714956237.0,4.69,-2.08,-0.43,0.63,-0.02078298695021752,-0.003933136676499416,-0.058987459359033934,0.03600806151516979,21.548499999999997,-0.0597953453836692,1.2168168168168192,1.5111111111111126,-0.19475357710651753
2024-04-17,601138,20.95,20.95,21.31,20.19,2048865,4573338864.0,5.53,3.41,0.69,1.03,0.0340572556762091,0.07161125319693085,-0.10699062233589096,0.0302051091653656,21.423,-0.022079073892545348,1.2582582582582604,1.5111111111111126,-0.16732909379968144
2024-04-18,601138,20.31,21.35,21.94,19.77,2326484,5211279395.0,10.36,1.91,0.4,1.17,0.019093078758950055,0.08375634517766506,-0.10893155258764609,0.03010644336779025,21.2925,0.0027004813901609012,1.2822822822822848,1.5111111111111126,-0.15143084260731238
2024-04-19,601138,20.86,20.5,20.95,19.89,1885986,4146330681.0,4.96,-3.98,-0.85,0.95,-0.03981264637002346,-0.010140028971511339,-0.12877178070548245,0.03097366204964356,21.141,-0.030320230831086432,1.2312312312312337,1.5111111111111126,-0.18521462639109618
2024-04-22,601138,18.83,19.29,19.55,18.4,1723170,3546511611.0,5.61,-5.9,-1.21,0.87,-0.05902439024390249,-0.06766553890768501,-0.17704778156996592,0.03311615610142436,20.933500000000002,-0.07851052141304621,1.1585585585585607,1.5111111111111126,-0.23330683624801207
2024-04-23,601138,19.5,19.04,19.64,18.81,1040598,2158505427.0,4.3,-1.3,-0.25,0.52,-0.012960082944530882,-0.06021717670286286,-0.1678321678321678,0.03295025497719582,20.7415,-0.08203360412699176,1.1435435435435457,1.5111111111111126,-0.24324324324324256
2024-04-24,601138,19.47,20.69,21.04,19.37,2237521,4867851884.0,8.77,8.67,1.65,1.13,0.08665966386554635,-0.012410501193317325,-0.0746869409660107,0.03900807192449664,20.657999999999998,0.0015490366928068344,1.2426426426426451,1.5111111111111126,-0.17766295707472096
2024-04-25,601138,20.11,20.64,20.94,20.01,1199373,2644030377.0,4.49,-0.24,-0.05,0.6,-0.0024166263895601947,-0.033255269320843106,-0.06943192064923354,0.03899121497707105,20.581,0.0028667217336378723,1.239639639639642,1.5111111111111126,-0.1796502384737671
2024-04-26,601138,21.67,22.86,22.86,21.65,3527524,8519029870.0,5.86,10.76,2.22,1.78,0.10755813953488369,0.11512195121951208,0.09587727708533067,0.04381662431937262,20.681,0.10536240994149211,1.3729729729729756,1.5111111111111126,-0.09141494435611999
2024-04-29,601138,23.21,22.97,23.21,22.62,2566889,6273636106.0,2.58,0.48,0.11,1.29,0.00481189851268593,0.190772420943494,0.04885844748858448,0.04255500052789374,20.7345,0.10781547662109037,1.3795795795795822,1.5111111111111126,-0.08704292527821857
2024-04-30,601138,23.75,22.95,23.75,22.9,2305375,5712943191.0,3.7,-0.09,-0.02,1.16,-0.0008707009142359112,0.2053571428571428,0.08152686145146082,0.041804060991092865,20.821,0.10225253349983178,1.3783783783783812,1.5111111111111126,-0.0878378378378369
2024-05-06,601138,23.45,23.27,23.75,22.85,1715148,4260075771.0,3.92,1.39,0.32,0.86,0.013943355119825807,0.12469792170130489,0.06939338235294112,0.04158262104671773,20.8965,0.11358361448089394,1.3975975975976005,1.5111111111111126,-0.07511923688394177
2024-05-07,601138,23.65,23.83,24.44,23.12,2409142,6122501658.0,5.67,2.41,0.56,1.21,0.02406532015470564,0.15455426356589141,0.11615925058548005,0.041440044347653984,21.020500000000002,0.13365524131205234,1.4312312312312343,1.5111111111111126,-0.05286168521462531
2024-05-08,601138,23.19,22.91,23.65,22.86,1411925,3488052621.0,3.32,-3.86,-0.92,0.71,-0.03860679815358781,0.0021872265966753623,0.124693176239568,0.04098596732278241,21.1475,0.08334318477361387,1.375975975975979,1.5111111111111126,-0.08942766295707358
2024-05-09,601138,22.75,22.67,22.95,22.21,1433468,3459862019.0,3.23,-1.05,-0.24,0.72,-0.010475774770842383,-0.013060513713539224,0.10855745721271415,0.04116284888804092,21.2585,0.06639697062351531,1.3615615615615646,1.5111111111111126,-0.09896661367249492
2024-05-10,601138,22.45,22.37,22.64,21.97,974638,2323699523.0,2.96,-1.32,-0.3,0.49,-0.01323334803705345,-0.02527233115468397,0.09980334316617512,0.041313811835849534,21.36,0.04728464419475663,1.3435435435435465,1.5111111111111126,-0.11089030206677156
2024-05-13,601138,22.38,22.45,22.79,22.25,1012136,2434496045.0,2.41,0.36,0.08,0.51,0.0035762181493070866,-0.035238504512247526,0.14833759590792828,0.039982023540332846,21.505000000000003,0.04394326900720747,1.3483483483483514,1.5111111111111126,-0.10771065182829778
2024-05-14,601138,22.85,22.25,22.94,21.91,1146807,2746620742.0,4.59,-0.89,-0.2,0.58,-0.008908685968819552,-0.06630297943768348,0.12944162436548234,0.040153684326926245,21.6325,0.02854501329018836,1.3363363363363394,1.5111111111111126,-0.11565977742448216
2024-05-15,601138,22.33,22.75,23.45,22.2,1425040,3493813893.0,5.62,2.25,0.5,0.72,0.022471910112359605,-0.0069838498472283295,0.09850313858039583,0.038976045312773794,21.7345,0.04672295198877358,1.3663663663663697,1.5111111111111126,-0.09578696343402099
2024-05-16,601138,24.18,24.03,24.87,23.86,2411610,6231606320.0,4.44,5.63,1.28,1.22,0.056263736263736375,0.05999117776797536,0.16143064282261954,0.040552319666344004,21.9015,0.09718512430655446,1.443243243243247,1.5111111111111126,-0.04491255961844049
2024-05-17,601138,23.65,24.15,24.25,23.55,1387359,3532613919.0,2.91,0.5,0.12,0.7,0.004993757802746357,0.07957085382208295,0.19200394866732462,0.03998600785426896,22.096,0.09295800144822586,1.4504504504504538,1.5111111111111126,-0.04014308426073004
2024-05-20,601138,23.75,24.67,24.68,23.46,1715322,4424493397.0,5.05,2.15,0.52,0.86,0.021532091097308692,0.09888641425389766,0.17756563245823398,0.03967903374755856,22.282000000000004,0.10717170810519693,1.4816816816816853,1.5111111111111126,-0.019475357710650384
2024-05-21,601138,24.39,24.17,24.65,23.91,1117078,2880736926.0,3.0,-2.03,-0.5,0.56,-0.020267531414673745,0.0862921348314607,0.13208430913348956,0.04012222777531779,22.423,0.07791107345136707,1.451651651651655,1.5111111111111126,-0.03934817170111155
2024-05-22,601138,24.14,23.88,24.31,23.64,986842,2511330102.0,2.77,-1.2,-0.29,0.5,-0.011998345055854509,0.04967032967032958,0.16487804878048773,0.03887825121623632,22.592,0.05701133144475922,1.4342342342342373,1.5111111111111126,-0.05087440381557918
2024-05-23,601138,24.45,24.07,24.63,22.89,1818487,4611253745.0,7.29,0.8,0.19,0.92,0.007956448911222935,0.0016645859342487856,0.24779678589942988,0.035507310165867625,22.831,0.054268319390302695,1.445645645645649,1.5111111111111126,-0.04332273449920382
2024-05-24,601138,23.65,22.6,24.35,22.51,2051195,5084389549.0,7.64,-6.11,-1.47,1.03,-0.061071873701703305,-0.06418219461697716,0.1869747899159666,0.038748145271792,23.009,-0.017775653005345688,1.3573573573573605,1.5111111111111126,-0.10174880763115939
2024-05-27,601138,23.05,23.31,23.77,22.96,1466062,3646699891.0,3.58,3.14,0.71,0.74,0.03141592920353964,-0.05512768544791258,0.12663122281295291,0.03470087590546123,23.14,0.007346585998271311,1.400000000000003,1.5111111111111126,-0.07352941176470482
2024-05-28,601138,23.1,22.57,23.35,22.55,985647,2403414902.0,3.43,-3.17,-0.74,0.5,-0.03174603174603163,-0.06619776582540349,0.09350775193798455,0.03570439660165967,23.2365,-0.028683321498504475,1.3555555555555587,1.5111111111111126,-0.10294117647058704
2024-05-29,601138,23.2,22.66,23.27,22.55,902703,2201683548.0,3.19,0.4,0.09,0.46,0.003987594151528606,-0.05108877721943039,-0.008748906386701671,0.026340268731842417,23.2265,-0.02439024390243908,1.360960960960964,1.5111111111111126,-0.09936406995230408
2024-05-30,601138,22.45,22.39,22.73,22.15,710186,1704977226.0,2.56,-1.19,-0.27,0.36,-0.01191526919682262,-0.06979642708766098,-0.025250326512842758,0.026441196215823737,23.197499999999998,-0.03480978553723451,1.3447447447447478,1.5111111111111126,-0.11009538950715307
2024-05-31,601138,22.12,21.36,22.53,21.36,1391132,3246306827.0,5.23,-4.6,-1.03,0.7,-0.04600267976775352,-0.05486725663716818,-0.06928104575163396,0.028295432648470766,23.118000000000002,-0.0760446405398392,1.2828828828828858,1.5111111111111126,-0.1510333863275029
2024-06-03,601138,21.36,22.32,22.59,21.35,1556125,3677729130.0,5.81,4.49,0.96,0.78,0.04494382022471921,-0.042471042471042386,-0.040825096691018414,0.030077043138284937,23.070500000000003,-0.03253072105069254,1.3405405405405437,1.5111111111111126,-0.11287758346581754
2024-06-04,601138,22.32,22.24,22.35,21.9,821074,1943067318.0,2.02,-0.36,-0.08,0.41,-0.0035842293906810374,-0.014621178555604852,-0.06672261854804873,0.029461952876807068,22.991,-0.03266495585229008,1.335735735735739,1.5111111111111126,-0.11605723370429133
2024-06-05,601138,22.12,22.15,22.42,21.91,732816,1740337548.0,2.29,-0.4,-0.09,0.37,-0.004046762589928088,-0.022506619593998356,-0.0331732867743344,0.028254455439469688,22.953,-0.034984533612164026,1.3303303303303335,1.5111111111111126,-0.11963434022257427
2024-06-06,601138,23.33,24.52,24.52,23.33,2979325,7674821765.0,5.37,10.7,2.37,1.5,0.10699774266365703,0.09513175524787854,0.08160564622849575,0.03707989696051139,23.045499999999997,0.06398212232323025,1.4726726726726764,1.5111111111111126,-0.025437201907788632
2024-06-07,601138,24.3,22.98,24.59,22.33,2956978,7341980763.0,9.22,-6.28,-1.54,1.49,-0.06280587275693306,0.07584269662921361,0.027268663388466674,0.03988335469839459,23.076,-0.00416016640665627,1.3801801801801838,1.5111111111111126,-0.08664546899840866
2024-06-11,601138,22.95,22.66,23.5,22.49,1610391,3945047341.0,4.4,-1.39,-0.32,0.81,-0.013925152306353383,0.015232974910394326,0.00935412026726068,0.040040706234709254,23.0865,-0.018473999956684674,1.3609609609609645,1.5111111111111126,-0.09936406995230379
2024-06-12,601138,23.0,22.82,23.93,22.76,1934349,4803851921.0,5.16,0.71,0.16,0.98,0.007060900264783676,0.026079136690647653,0.025617977528089808,0.039987402045580094,23.115000000000002,-0.01276227557862867,1.370570570570574,1.5111111111111126,-0.09300476947535638
2024-06-13,601138,23.25,24.35,25.04,23.22,2381979,6133068310.0,7.98,6.7,1.53,1.2,0.06704645048203339,0.09932279909706554,0.0703296703296703,0.04235954593602229,23.195,0.049795214485880625,1.4624624624624663,1.5111111111111126,-0.032193958664545365
2024-06-14,601138,24.5,25.68,26.17,24.29,2284523,6138937770.0,7.72,5.46,1.33,1.15,0.05462012320328524,0.047308319738988525,0.06866416978776524,0.04225477227442005,23.2775,0.10321125550424229,1.5423423423423461,1.5423423423423461,0.0
2024-06-17,601138,25.52,25.96,26.44,25.13,2043932,5592828643.0,5.1,1.09,0.28,1.03,0.010903426791277315,0.1296779808529156,0.07494824016563162,0.04228156716484235,23.368000000000002,0.11092091749400884,1.5591591591591631,1.5591591591591631,0.0
2024-06-18,601138,25.98,27.07,27.36,25.98,2054130,5829921762.0,5.32,4.28,1.11,1.04,0.04275808936825887,0.19461606354810246,0.09728415079043362,0.04299318081021495,23.488,0.15250340599455045,1.62582582582583,1.62582582582583,0.0
2024-06-19,601138,27.64,26.92,27.72,26.74,1422463,4069391664.0,3.62,-0.55,-0.15,0.72,-0.005541189508681099,0.17966695880806327,0.11377741001241204,0.04265311492123693,23.625500000000002,0.13944678419504344,1.616816816816821,1.62582582582583,-0.005541189508681126
2024-06-20,601138,26.92,27.06,27.54,26.83,1043474,2991085814.0,2.64,0.52,0.14,0.53,0.005200594353640398,0.11129363449691976,0.13316582914572872,0.04243862048010168,23.7845,0.13771573924194316,1.6252252252252295,1.62582582582583,-0.00036941263391202954
2024-06-21,601138,25.95,26.92,27.19,25.89,1231321,3463436541.0,4.8,-0.52,-0.14,0.62,-0.005173688100517215,0.04828660436137078,0.11840465309513926,0.04252634756257575,23.927,0.12508881180256623,1.6168168168168213,1.62582582582583,-0.005541189508680989
2024-06-24,601138,26.25,26.0,26.92,25.77,1134130,3157646689.0,4.27,-3.42,-0.92,0.57,-0.034175334323922835,0.0015408320493066618,0.1504424778761062,0.04066294688976743,24.097,0.0789724862016018,1.5615615615615657,1.62582582582583,-0.03952715182859249
2024-06-25,601138,25.21,24.89,25.65,24.66,1317100,3505269013.0,3.81,-4.27,-1.11,0.66,-0.042692307692307696,-0.08053195419283343,0.06778206778206797,0.04175954101000285,24.176,0.02953342157511591,1.4948948948948988,1.62582582582583,-0.08053195419283336
2024-06-26,601138,25.57,25.62,25.83,24.9,1197861,3224735831.0,3.74,2.93,0.73,0.6,0.029329047810365605,-0.048291233283803914,0.1351351351351351,0.04123037519977917,24.3285,0.053085886922745046,1.5387387387387428,1.62582582582583,-0.053564831917251525
2024-06-27,601138,25.12,25.26,25.7,24.77,1056595,2831106545.0,3.63,-1.41,-0.36,0.53,-0.014051522248243575,-0.06651884700665178,0.11473962930273607,0.0414996129856282,24.4585,0.03276979373224036,1.5171171171171212,1.62582582582583,-0.06686368673808636
2024-06-28,601138,25.15,25.85,26.23,25.14,1150061,3151830923.0,4.32,2.34,0.59,0.58,0.023357086302454366,-0.03974739970282315,0.1545332737829388,0.04143657038170648,24.6315,0.049469175649067346,1.5525525525525565,1.62582582582583,-0.04506834133727375
2024-07-01,601138,25.86,26.45,26.64,25.45,1005197,2769311843.0,4.6,2.32,0.6,0.51,0.02321083172146987,0.017307692307692246,0.23829588014981273,0.03953468816287226,24.886,0.06284658040665435,1.5885885885885924,1.62582582582583,-0.02290358330254911
2024-07-02,601138,26.2,25.81,26.32,25.71,901733,2475200110.0,2.31,-2.42,-0.64,0.45,-0.024196597353497218,0.03696263559662505,0.1563620071684586,0.03947660938242632,25.060499999999998,0.029907623551006613,1.5501501501501538,1.62582582582583,-0.04654599187292228
2024-07-03,601138,25.6,25.83,25.99,25.26,740225,2014567864.0,2.83,0.08,0.02,0.37,0.0007748934521503159,0.008196721311475308,0.16142086330935257,0.0394211949715798,25.240000000000002,0.02337559429477006,1.551351351351355,1.62582582582583,-0.04580716660509808
2024-07-04,601138,26.2,25.72,26.3,25.61,790687,2171606461.0,2.67,-0.43,-0.11,0.4,-0.004258614014711504,0.01821060965954069,0.16117381489841986,0.039424696413325334,25.4185,0.011861439502724284,1.5447447447447484,1.62582582582583,-0.049870705578130954
2024-07-05,601138,25.45,25.53,25.67,24.81,881540,2359759723.0,3.34,-0.74,-0.19,0.44,-0.007387247278382469,-0.012379110251450665,0.04119086460032628,0.031924763144165265,25.469,0.0023950685146648843,1.5333333333333372,1.62582582582583,-0.05688954562246033
2024-07-08,601138,25.32,25.41,25.88,25.26,639423,1734099061.0,2.43,-0.47,-0.12,0.32,-0.004700352526439522,-0.03931947069943287,0.10574412532637067,0.028081162187298545,25.5905,-0.007053398722182003,1.5261261261261299,1.62582582582583,-0.06132249722940537
2024-07-09,601138,25.55,27.45,27.63,25.2,1595198,4499603103.0,9.56,8.03,2.04,0.8,0.08028335301062572,0.06354126307632701,0.2113857016769638,0.03225822832887696,25.830000000000002,0.0627177700348431,1.6486486486486527,1.6486486486486527,0.0
2024-07-10,601138,27.45,27.4,27.63,26.87,1025420,2958129613.0,2.77,-0.18,-0.05,0.52,-0.0018214936247723523,0.06078203639179258,0.20070113935144596,0.03236351134300305,26.058999999999997,0.05146014812540777,1.6456456456456496,1.6486486486486527,-0.0018214936247723352
2024-07-11,601138,27.9,27.21,27.92,26.32,1284074,3681298002.0,5.84,-0.69,-0.19,0.65,-0.006934306569343018,0.05793157076205291,0.11745379876796713,0.02956808527755716,26.202000000000005,0.03847034577513149,1.6342342342342382,1.6486486486486527,-0.008743169398907128
2024-07-12,601138,26.1,25.71,26.13,25.65,1292642,3537581677.0,1.76,-5.51,-1.5,0.65,-0.055126791620727644,0.007050528789659172,0.001168224299065379,0.030241202229973868,26.203500000000002,-0.018833361955464,1.544144144144148,1.6486486486486527,-0.06338797814207651
2024-07-15,601138,25.6,25.41,25.77,25.12,847118,2283405842.0,2.53,-1.17,-0.3,0.43,-0.011668611435239229,0.0,-0.021186440677966156,0.030253228087807338,26.176,-0.02926344743276277,1.5261261261261299,1.6486486486486527,-0.07431693989071038
2024-07-16,601138,25.41,25.91,26.05,24.81,1268270,3433207744.0,4.88,1.97,0.5,0.64,0.019677292404565172,-0.05610200364298723,-0.04285186553380127,0.028921516077579888,26.118000000000002,-0.007963856344283711,1.55615615615616,1.6486486486486527,-0.05610200364298717
2024-07-17,601138,25.51,24.4,25.55,24.29,1360612,3579744021.0,4.86,-5.83,-1.51,0.69,-0.05827865688923206,-0.10948905109489049,-0.0936106983655276,0.03156443858703506,25.991999999999997,-0.06124961526623572,1.465465465465469,1.6486486486486527,-0.11111111111111109
2024-07-18,601138,23.27,23.86,23.91,22.78,1603036,3987867399.0,4.63,-2.21,-0.54,0.81,-0.022131147540983553,-0.12311650128629181,-0.1182557280118256,0.03171675991594889,25.832,-0.07633942397026948,1.4330330330330365,1.6486486486486527,-0.1307832422586521
2024-07-19,601138,23.42,23.11,23.75,23.0,1157326,2872113111.0,3.14,-3.14,-0.75,0.58,-0.0314333612740989,-0.10112796577207317,-0.14153046062407137,0.03222894812788065,25.6415,-0.09872667355653925,1.3879879879879913,1.6486486486486527,-0.15810564663023685
2024-07-22,601138,22.94,23.36,23.48,22.67,1043013,2583806742.0,3.5,1.08,0.25,0.53,0.01081782778018181,-0.0806768988587171,-0.10153846153846158,0.03180794304019006,25.5095,-0.08426272565122797,1.4030030030030065,1.6486486486486527,-0.14899817850637517
2024-07-23,601138,23.8,22.99,23.9,22.98,989088,2472328010.0,3.94,-1.58,-0.37,0.5,-0.015839041095890405,-0.11269780007719032,-0.07633587786259555,0.030673529553025637,25.414499999999997,-0.09539829624820471,1.3807807807807841,1.6486486486486527,-0.16247723132969036
2024-07-24,601138,22.85,22.75,23.55,22.61,883936,2172629157.0,4.09,-1.04,-0.24,0.45,-0.010439321444106087,-0.06762295081967207,-0.11202185792349728,0.029705815158082988,25.271,-0.09975861659609832,1.3663663663663697,1.6486486486486527,-0.17122040072859748
2024-07-25,601138,21.95,21.65,22.19,21.45,1346031,3140485430.0,3.25,-4.84,-1.1,0.68,-0.0483516483516484,-0.09262363788767813,-0.14291369754552663,0.03117867346609091,25.0905,-0.13712361252266794,1.3003003003003033,1.6486486486486527,-0.21129326047358846
2024-07-26,601138,21.65,21.95,22.11,21.4,859955,2005890391.0,3.28,1.39,0.3,0.43,0.01385681293302543,-0.05019472090004329,-0.15087040618955516,0.03075779864109215,24.895500000000002,-0.11831455483922806,1.3183183183183214,1.6486486486486527,-0.20036429872495456
2024-07-29,601138,21.85,22.25,22.54,21.62,976987,2316856734.0,4.19,1.37,0.3,0.49,0.013667425968109326,-0.047517123287671215,-0.1587901701323251,0.030324027537385497,24.6855,-0.0986611573595836,1.3363363363363394,1.6486486486486527,-0.1894353369763207
2024-07-30,601138,21.94,21.3,22.05,21.08,1282949,2937657047.0,4.36,-4.27,-0.95,0.65,-0.04269662921348316,-0.07351022183558065,-0.17473847345989924,0.03111045203062087,24.46,-0.12919051512673754,1.2792792792792822,1.6486486486486527,-0.22404371584699467
2024-07-31,601138,21.21,22.29,22.33,21.19,1503000,3523270167.0,5.35,4.65,0.99,0.76,0.04647887323943656,-0.020219780219780215,-0.1370499419279907,0.0334635322119969,24.282999999999998,-0.08207387884528265,1.3387387387387417,1.6486486486486527,-0.1879781420765029
2024-08-01,601138,23.05,22.42,23.23,22.41,1452511,3524832734.0,3.68,0.58,0.13,0.73,0.005832211754150052,0.035565819861431924,-0.12830482115085529,0.033579961833990084,24.118000000000002,-0.07040384774856955,1.3465465465465498,1.6486486486486527,-0.18324225865209473
2024-08-02,601138,21.38,20.78,21.55,20.7,1819823,4118348271.0,3.79,-7.31,-1.64,0.92,-0.0731489741302409,-0.05330296127562639,-0.18605562083822957,0.03676007186186359,23.880499999999998,-0.1298339649504825,1.248048048048051,1.6486486486486527,-0.2429872495446267
2024-08-05,601138,19.55,18.87,19.97,18.73,2341599,4886015926.0,5.97,-9.19,-1.91,1.18,-0.09191530317613095,-0.15191011235955054,-0.25737898465171194,0.04106901382937327,23.5535,-0.19884518224467695,1.133333333333336,1.6486486486486527,-0.31256830601092905
2024-08-06,601138,19.48,19.26,19.68,18.95,1429616,2970093528.0,3.87,2.07,0.39,0.72,0.020667726550079424,-0.09577464788732393,-0.29836065573770487,0.035678648135916105,23.144,-0.16781887314206692,1.1567567567567594,1.6486486486486527,-0.29836065573770504
2024-08-07,601138,19.05,18.85,19.26,18.76,1109344,2274063503.0,2.6,-2.13,-0.41,0.56,-0.021287642782969907,-0.1543292956482727,-0.3120437956204378,0.03550964584938158,22.7165,-0.17020667796535552,1.1321321321321347,1.6486486486486527,-0.313296903460838
2024-08-08,601138,18.45,18.93,19.04,18.2,1312416,2654203645.0,4.46,0.42,0.08,0.66,0.0042440318302385815,-0.15566458519179316,-0.30429988974641675,0.035778493302913446,22.302500000000002,-0.15121623136419693,1.1369369369369393,1.6486486486486527,-0.31038251366120245
2024-08-09,601138,19.25,19.24,19.77,19.06,1726815,3608863237.0,3.75,1.64,0.31,0.87,0.016376122556787998,-0.07410972088546697,-0.251653053286659,0.0353755631121597,21.979000000000003,-0.12461895445652686,1.1555555555555577,1.6486486486486527,-0.29908925318761426
2024-08-12,601138,18.96,19.09,19.37,18.92,926802,1913431142.0,2.34,-0.78,-0.15,0.47,-0.0077962577962576995,0.011658717541070507,-0.24872097599370324,0.03539830910300008,21.663,-0.11877394636015327,1.1465465465465488,1.6486486486486527,-0.30455373406193115
2024-08-13,601138,19.3,19.23,19.5,18.9,1014066,2100912052.0,3.14,0.73,0.14,0.51,0.007333682556312171,-0.0015576323987539498,-0.25781551524507906,0.034891831972596224,21.329,-0.09841061465610203,1.1549549549549571,1.6486486486486527,-0.29945355191256867
2024-08-14,601138,19.65,19.83,20.35,19.48,2109498,4530984888.0,4.52,3.12,0.6,1.06,0.03120124804992197,0.051989389920424234,-0.18729508196721312,0.0346787957797781,21.1005,-0.060211843321248404,1.1909909909909933,1.6486486486486527,-0.27759562841530094
2024-08-15,601138,19.77,19.69,19.93,19.33,1264310,2605049267.0,3.03,-0.71,-0.14,0.64,-0.007060010085728541,0.0401479133650291,-0.1747694886839899,0.03455863580803387,20.892,-0.05753398430021052,1.182582582582585,1.6486486486486527,-0.28269581056466325
2024-08-16,601138,20.04,20.09,20.49,20.01,1518563,3219246358.0,2.44,2.03,0.4,0.76,0.02031488065007614,0.044178794178794334,-0.13067935958459542,0.03472544322115014,20.741000000000003,-0.03138710766115439,1.206606606606609,1.6486486486486527,-0.2681238615664848
2024-08-19,601138,20.03,19.81,20.17,19.76,905047,1891974203.0,2.04,-1.39,-0.28,0.46,-0.013937282229965264,0.037716081718176975,-0.1519691780821918,0.03452049106002172,20.5635,-0.036642594889002476,1.189789789789792,1.6486486486486527,-0.2783242258652099
2024-08-20,601138,20.14,19.68,20.21,19.54,904180,1882949855.0,3.38,-0.66,-0.13,0.46,-0.006562342251388187,0.023400936037441422,-0.143975641583297,0.03446659468200787,20.398,-0.03519952936562408,1.1819819819819841,1.6486486486486527,-0.28306010928961794
2024-08-21,601138,19.33,19.8,20.16,19.3,937099,1945131356.0,4.37,0.61,0.12,0.47,0.0060975609756097615,-0.0015128593040846239,-0.12967032967032965,0.03458197691173282,20.2505,-0.022246364287301458,1.1891891891891913,1.6486486486486527,-0.27868852459016447
2024-08-22,601138,19.81,19.42,19.82,19.24,822236,1677662039.0,2.93,-1.92,-0.38,0.41,-0.019191919191919093,-0.013712544438801433,-0.10300230946882205,0.03330852136401455,20.139000000000003,-0.035701871989671834,1.1663663663663686,1.6486486486486527,-0.2925318761384339
2024-08-23,601138,19.23,19.49,19.59,19.02,820164,1664348901.0,2.94,0.36,0.07,0.41,0.003604531410916323,-0.029865604778496868,-0.11207289293849665,0.033083175922117604,20.016,-0.026278976818545158,1.1705705705705725,1.6486486486486527,-0.2899817850637529
2024-08-26,601138,19.63,19.15,19.73,19.03,757463,1533708332.0,3.59,-1.74,-0.34,0.38,-0.017444843509492047,-0.03331650681474008,-0.1393258426966293,0.03287074959392705,19.860999999999997,-0.035798801671617676,1.150150150150152,1.6486486486486527,-0.30236794171220455
2024-08-27,601138,19.03,18.78,19.1,18.69,730994,1447122601.0,2.14,-1.93,-0.37,0.37,-0.019321148825065193,-0.0457317073170731,-0.11830985915492953,0.03193487140360877,19.735000000000003,-0.04839118317709661,1.12792792792793,1.6486486486486527,-0.31584699453551957
2024-08-28,601138,18.63,18.8,19.09,18.53,678861,1339117467.0,2.98,0.11,0.02,0.34,0.0010649627263046302,-0.0505050505050505,-0.15657245401525344,0.029549257198109195,19.5605,-0.03887937424912453,1.1291291291291312,1.6486486486486527,-0.3151183970856106
2024-08-29,601138,18.03,18.25,18.36,17.54,1372798,2598158621.0,4.36,-2.93,-0.55,0.69,-0.0292553191489362,-0.06024716786817719,-0.18599464763603935,0.029722980990551488,19.351999999999997,-0.05694501860272824,1.0960960960960981,1.6486486486486527,-0.335154826958106
2024-08-30,601138,18.11,19.5,19.78,18.1,1923256,3894024149.0,9.21,6.85,1.25,0.97,0.06849315068493156,0.0005130836326321386,-0.06159769008662175,0.030693293920851523,19.288,0.010991289921194511,1.1711711711711734,1.6486486486486527,-0.2896174863387982
2024-09-02,601138,19.4,18.48,19.4,18.48,1313612,2592560075.0,4.72,-5.23,-1.02,0.66,-0.05230769230769228,-0.03498694516971268,-0.020667726550079535,0.025468333503885224,19.2685,-0.04092171160183715,1.1099099099099121,1.6486486486486527,-0.3267759562841533
2024-09-03,601138,18.37,18.47,18.68,18.26,822969,1599480885.0,2.27,-0.05,-0.01,0.41,-0.00054112554112562,-0.0165069222577211,-0.041017653167185975,0.024966728559806008,19.229000000000003,-0.03947163139008809,1.1093093093093114,1.6486486486486527,-0.32714025500910787
2024-09-04,601138,17.53,17.95,18.01,17.43,1287535,2407196351.0,3.14,-2.82,-0.52,0.65,-0.028153762858689757,-0.04521276595744683,-0.04774535809018576,0.025293878458704754,19.184,-0.06432443703085913,1.07807807807808,1.6486486486486527,-0.3460837887067399
2024-09-05,601138,17.89,17.91,18.24,17.74,818265,1547422597.0,2.79,-0.22,-0.04,0.41,-0.0022284122562673536,-0.018630136986301338,-0.0538827258320127,0.025249237516714144,19.133,-0.06392097423300053,1.0756756756756778,1.6486486486486527,-0.3475409836065577
2024-09-06,601138,17.9,17.39,17.97,17.33,918167,1702211168.0,3.57,-2.9,-0.52,0.46,-0.029034059184812944,-0.10820512820512818,-0.09615384615384603,0.025506155312581248,19.0405,-0.08668364801344507,1.0444444444444465,1.6486486486486527,-0.36648451730418974
2024-09-09,601138,17.16,17.63,17.67,17.13,865900,1593335404.0,3.11,1.38,0.24,0.44,0.013801035077630752,-0.045995670995671034,-0.07647983237297018,0.025824976218380803,18.9675,-0.07051535521286421,1.0588588588588608,1.6486486486486527,-0.3577413479052827
2024-09-10,601138,17.63,17.85,18.02,17.39,1015619,1895273408.0,3.57,1.25,0.22,0.51,0.012478729438457403,-0.033567948023822236,-0.07176287051482055,0.025965457687108708,18.8985,-0.05548059369791238,1.0720720720720742,1.6486486486486527,-0.34972677595628443
2024-09-11,601138,17.75,17.81,18.11,17.68,693071,1302534355.0,2.41,-0.22,-0.04,0.35,-0.0022408963585435204,-0.007799442896936015,-0.10186585980837115,0.024664201601204815,18.7975,-0.05253358159329702,1.0696696696696717,1.6486486486486527,-0.35118397085610237
2024-09-12,601138,18.42,17.87,18.67,17.83,1179950,2261474918.0,4.72,0.34,0.06,0.59,0.003368893879842849,-0.002233389168062483,-0.09243270695784667,0.024730096356580626,18.7065,-0.044717076951861515,1.0732732732732755,1.6486486486486527,-0.3489981785063755
2024-09-13,601138,17.89,18.28,18.62,17.89,1596820,3090243461.0,4.09,2.29,0.41,0.8,0.022943480693900398,0.05117883841288107,-0.0900945744151318,0.02487575237210212,18.616,-0.018048990116029142,1.0978978978979002,1.6486486486486527,-0.33406193078324253
2024-09-18,601138,18.03,17.78,18.13,17.6,814375,1529559614.0,2.9,-2.74,-0.5,0.41,-0.027352297592997843,0.008508224617129967,-0.10247349823321539,0.025322775832166897,18.514499999999998,-0.039671608739096226,1.0678678678678701,1.6486486486486527,-0.3522768670309656
2024-09-19,601138,17.9,17.88,18.0,17.48,977367,1832408896.0,2.92,0.56,0.1,0.49,0.0056242969628794715,0.001680672268907335,-0.09146341463414642,0.025431845580746685,18.424500000000002,-0.029553040788081242,1.073873873873876,1.6486486486486527,-0.3486338797814211
2024-09-20,601138,18.03,17.89,18.27,17.76,903688,1709430548.0,2.85,0.06,0.01,0.45,0.0005592841163311046,0.004491858506457058,-0.09646464646464648,0.025340601337173165,18.329,-0.023951115718260682,1.0744744744744765,1.6486486486486527,-0.34826958105646666
2024-09-23,601138,17.68,17.74,18.18,17.57,770526,1453569652.0,3.41,-0.84,-0.15,0.39,-0.008384572386808342,-0.007274762171236904,-0.08650875386199808,0.02513094177369463,18.244999999999997,-0.027678816114003787,1.0654654654654674,1.6486486486486527,-0.35373406193078366
2024-09-24,601138,17.93,19.61,19.61,17.91,2578305,5130805422.0,9.58,10.54,1.87,1.3,0.10541149943630224,0.07275711159737419,0.0061570035915854415,0.035122772736959997,18.250999999999998,0.07446167333296816,1.17777777777778,1.6486486486486527,-0.2856102003642991
2024-09-25,601138,20.35,20.1,20.86,20.04,2454176,5260220552.0,4.18,2.5,0.49,1.24,0.024987251402345922,0.13048368953880773,0.04960835509138395,0.035239342365623524,18.2985,0.09845069267972789,1.2072072072072098,1.6486486486486527,-0.2677595628415303
2024-09-26,601138,20.14,20.69,20.72,19.89,1888155,4012792718.0,4.13,2.94,0.59,0.95,0.02935323383084576,0.15715883668903818,0.10170394036208741,0.03529770772774567,18.394,0.12482331194954893,1.2426426426426453,1.6486486486486527,-0.24626593806921696
2024-09-27,601138,21.05,22.03,22.03,20.88,1406876,3139300713.0,5.56,6.48,1.34,0.71,0.06476558724021264,0.23141419787590833,0.17180851063829783,0.03767693948184922,18.555500000000002,0.1872490636199509,1.323123123123126,1.6486486486486527,-0.197449908925319
2024-09-30,601138,23.33,24.22,24.32,22.53,2791674,6863945912.0,8.13,9.94,2.19,1.41,0.09940989559691316,0.3652762119503947,0.3271232876712329,0.041646032980797734,18.854000000000003,0.2846080407340615,1.4546546546546575,1.6486486486486527,-0.11766848816029188
2024-10-08,601138,26.74,26.74,26.74,24.35,3065615,8353966206.0,9.87,10.4,2.52,1.54,0.10404624277456653,0.36359000509943895,0.37128205128205116,0.04469462124941114,19.216,0.3915487094088258,1.6060060060060093,1.6486486486486527,-0.02586520947176724
2024-10-09,601138,26.73,25.03,27.33,24.7,2665827,7197497797.0,9.84,-6.39,-1.71,1.34,-0.0639491398653701,0.24527363184079598,0.35443722943722955,0.045706695502518394,19.5435,0.28073272443523417,1.5033033033033065,1.6486486486486527,-0.08816029143898024
2024-10-10,601138,25.55,24.83,25.71,24.08,1845426,4801598730.0,6.51,-0.8,-0.2,0.93,-0.00799041150619273,0.2000966650555822,0.34434217650243637,0.04588069131685086,19.8615,0.25015733957656766,1.4912912912912943,1.6486486486486527,-0.09544626593806958
2024-10-11,601138,24.43,23.62,24.95,23.15,1458644,3645912133.0,7.25,-4.87,-1.21,0.73,-0.04873137333870303,0.07217430776214262,0.31587743732590545,0.04713353113672863,20.145,0.17249937949863497,1.4186186186186218,1.6486486486486527,-0.13952641165755936
2024-10-14,601138,23.57,24.19,24.2,22.99,1413804,3486650145.0,5.12,2.41,0.57,0.71,0.024132091447925497,-0.001238645747316136,0.35064209938581814,0.04699943615193731,20.459,0.1823647294589179,1.4528528528528561,1.6486486486486527,-0.11876138433515498
2024-10-15,601138,24.22,23.63,24.78,23.63,1340918,3377437590.0,4.75,-2.32,-0.56,0.68,-0.023150062009094752,-0.11630516080777864,0.35882691201840133,0.04671922889063371,20.770999999999997,0.13764383034037853,1.4192192192192223,1.6486486486486527,-0.13916211293260494
2024-10-16,601138,22.64,22.56,23.12,22.22,1350643,3181044984.0,3.81,-4.53,-1.07,0.68,-0.04528142192128648,-0.09868158210147837,0.27963698241633583,0.04872087212631779,21.0175,0.07339122160104677,1.354954954954958,1.6486486486486527,-0.17814207650273242
2024-10-17,601138,22.8,22.74,23.25,22.64,1152798,2753947719.0,2.7,0.8,0.18,0.58,0.007978723404255206,-0.08417237213048734,0.2739495798319327,0.04873622524609903,21.262,0.06951368638886267,1.3657657657657687,1.6486486486486527,-0.17158469945355218
2024-10-18,601138,23.01,25.11,25.11,23.01,2428536,6177895389.0,9.23,10.42,2.37,1.22,0.10422163588390498,0.06308213378492789,0.4098820887142056,0.052612287997370125,21.627000000000002,0.16104868913857662,1.5081081081081114,1.6486486486486527,-0.08524590163934453
2024-10-21,601138,25.84,25.23,26.01,24.64,2500426,6584950952.0,5.46,0.48,0.12,1.26,0.004778972520907976,0.04299297230260435,0.4118634583100167,0.05259174647524826,21.995,0.1470788815639918,1.5153153153153185,1.6486486486486527,-0.08087431693989103
2024-10-22,601138,25.52,25.29,25.81,24.83,1472538,3872117498.0,3.88,0.24,0.06,0.74,0.0023781212841853527,0.07024968260685571,0.3834792122538291,0.052704690905622735,22.345499999999998,0.13177149761696993,1.5189189189189218,1.6486486486486527,-0.07868852459016441
2024-10-23,601138,24.82,24.64,25.08,24.28,1238150,3174466112.0,3.16,-2.57,-0.65,0.62,-0.025701858442071956,0.09219858156028371,0.3858267716535433,0.052631777889033386,22.688499999999998,0.08601273773056849,1.4798798798798827,1.6486486486486527,-0.10236794171220451
2024-10-24,601138,24.19,24.38,24.83,23.86,921488,2324974143.0,3.94,-1.06,-0.26,0.46,-0.010551948051948146,0.07211961301671077,0.36353467561521247,0.05295081338148227,23.0135,0.059378191061768025,1.464264264264267,1.6486486486486527,-0.1118397085610206
2024-10-25,601138,24.42,24.69,25.08,24.16,1066717,2731769321.0,3.77,1.27,0.31,0.54,0.012715340442986056,-0.016726403823177916,0.38010061486864166,0.052822814804523804,23.3535,0.057229109127111606,1.4828828828828855,1.6486486486486527,-0.10054644808743231
2024-10-28,601138,24.34,24.29,24.65,23.92,1086663,2740527329.0,2.96,-1.62,-0.4,0.55,-0.016200891049007793,-0.03725723345223941,0.3692220969560316,0.05305298838056006,23.681,0.025716819391072936,1.4588588588588614,1.6486486486486527,-0.11511839708561085
2024-10-29,601138,24.23,24.08,25.01,23.94,1383533,3511210240.0,4.41,-0.86,-0.21,0.7,-0.008645533141210415,-0.04784499802293396,0.22794492605813366,0.04904258175359894,23.904500000000002,0.007341713903239807,1.4462462462462486,1.6486486486486527,-0.1227686703096546
2024-10-30,601138,23.93,23.87,24.67,23.57,1212944,3035295520.0,4.57,-0.87,-0.21,0.61,-0.008720930232558044,-0.03125,0.18756218905472632,0.04913121567140029,24.092999999999996,-0.009255800439961626,1.4336336336336362,1.6486486486486527,-0.13041894353369823
2024-10-31,601138,23.53,23.28,23.68,22.84,1867212,4520725516.0,3.52,-2.47,-0.59,0.94,-0.024717218265605356,-0.04511894995898269,0.12518124697921706,0.04948173254328043,24.2225,-0.03891010424192379,1.3981981981982006,1.6486486486486527,-0.15191256830601158
2024-11-01,601138,22.88,22.71,23.39,22.68,1130299,2705900739.0,3.05,-2.45,-0.57,0.57,-0.02448453608247425,-0.08019441069258815,0.030866999546073526,0.048004134936819196,24.2565,-0.06375610661059915,1.3639639639639662,1.6486486486486527,-0.17267759562841595
2024-11-04,601138,22.81,23.36,23.56,22.81,1095512,2656417976.0,3.3,2.86,0.65,0.55,0.028621752531924116,-0.0382873610539316,-0.035507844756399676,0.04281827168496226,24.2135,-0.035248931381254275,1.4030030030030052,1.6486486486486527,-0.14899817850637598
2024-11-05,601138,23.37,23.78,24.02,23.08,1532383,3775653367.0,4.02,1.8,0.42,0.77,0.017979452054794676,-0.012458471760797174,-0.11069558713537764,0.035389746690516574,24.0655,-0.011863455984708357,1.4282282282282306,1.6486486486486527,-0.1336976320582885
2024-11-06,601138,24.03,23.21,24.03,23.06,1565169,3825674261.0,4.08,-2.4,-0.57,0.79,-0.023969722455845277,-0.027649769585253448,-0.07271274470635236,0.03294528703847334,23.9745,-0.031888047717366294,1.3939939939939963,1.6486486486486527,-0.15446265938069287
2024-11-07,601138,22.99,23.67,23.82,22.65,1549010,3759858836.0,5.04,1.98,0.46,0.78,0.019819043515725943,0.01675257731958757,-0.046717680225533464,0.03332016365450874,23.916500000000003,-0.010306692032697134,1.421621621621624,1.6486486486486527,-0.13770491803278756
2024-11-08,601138,23.93,25.01,26.03,23.93,3313820,8684620573.0,8.87,5.66,1.34,1.67,0.05661174482467257,0.10127697049757822,0.058848433530906075,0.0338456820114383,23.986,0.04269157008254819,1.5021021021021046,1.6486486486486527,-0.0888888888888896
2024-11-11,601138,24.33,26.04,26.21,24.24,3129680,8231086030.0,7.88,4.12,1.03,1.58,0.04118352658936408,0.11472602739726034,0.07647788342290185,0.034601970279102515,24.078500000000002,0.08146271570072874,1.5639639639639662,1.6486486486486527,-0.051366120218580204
2024-11-12,601138,26.04,24.75,26.04,24.49,2311452,6024691958.0,5.95,-4.95,-1.29,1.16,-0.04953917050691237,0.04079058031959626,0.047397376216673726,0.03616916717118994,24.134500000000003,0.02550291077088803,1.4864864864864886,1.6486486486486527,-0.09836065573770583
2024-11-13,601138,24.5,25.5,26.17,24.13,2394372,6252146823.0,8.24,3.03,0.75,1.21,0.030303030303030276,0.09866436880654894,0.13031914893617036,0.03478974419031001,24.2815,0.050182237505920095,1.5315315315315337,1.6486486486486527,-0.0710382513661212
2024-11-14,601138,25.61,23.9,25.63,23.88,1850870,4734109353.0,6.86,-6.27,-1.6,0.93,-0.0627450980392158,0.009716941275876412,0.05101143359718563,0.03809096752515603,24.3395,-0.01805706772941114,1.4354354354354373,1.6486486486486527,-0.12932604735883527
2024-11-15,601138,23.83,22.95,24.16,22.93,1517619,3712560403.0,5.15,-3.97,-0.95,0.76,-0.03974895397489542,-0.08236705317872861,-0.08602150537634412,0.030916539397004877,24.2315,-0.05288570662154638,1.37837837837838,1.6486486486486527,-0.1639344262295092
2024-11-18,601138,22.95,22.27,23.12,22.11,1122673,2640742072.0,4.4,-2.96,-0.68,0.57,-0.029629629629629672,-0.1447772657450077,-0.11732065001981773,0.03135471189185786,24.083499999999997,-0.07530051695143969,1.3375375375375391,1.6486486486486527,-0.18870673952641268
2024-11-19,601138,22.48,22.75,22.91,21.95,1074776,2515347736.0,4.31,2.16,0.48,0.54,0.021553659631791566,-0.08080808080808077,-0.10043495452748119,0.03190476204413722,23.9565,-0.05036211466616569,1.3663663663663679,1.6486486486486527,-0.17122040072859857
2024-11-20,601138,22.73,23.03,23.22,22.73,1145576,2745515817.0,2.15,1.23,0.28,0.58,0.012307692307692353,-0.09686274509803916,-0.06534090909090906,0.03172530965292486,23.876,-0.03543307086614173,1.3831831831831847,1.6486486486486527,-0.16102003642987364
2024-11-21,601138,22.63,22.46,22.82,22.24,1229154,2887580665.0,2.52,-2.48,-0.57,0.62,-0.02475032566217983,-0.06025104602510456,-0.07875307629204253,0.0320627804959051,23.779999999999998,-0.05550883095037834,1.3489489489489503,1.6486486486486527,-0.18178506375227801
2024-11-22,601138,22.52,21.87,22.99,21.87,1211450,2836805756.0,4.99,-2.63,-0.59,0.61,-0.02626892252894031,-0.04705882352941171,-0.11421628189550426,0.032203216368449486,23.639,-0.0748339608274461,1.313513513513515,1.6486486486486527,-0.20327868852459122
2024-11-25,601138,21.87,21.14,21.98,20.73,1284159,2845965547.0,5.72,-3.34,-0.73,0.65,-0.03337905807041608,-0.0507409070498428,-0.12968299711815556,0.03272700943542075,23.4815,-0.09971679833060068,1.2696696696696712,1.6486486486486527,-0.2298724954462669
2024-11-26,601138,20.92,21.12,21.45,20.74,896673,1977884775.0,3.36,-0.09,-0.02,0.45,-0.0009460737937558861,-0.0716483516483516,-0.12292358803986703,0.03274462058118364,23.333499999999997,-0.09486360811708473,1.26846846846847,1.6486486486486527,-0.23060109289617586
2024-11-27,601138,20.95,21.35,21.45,20.75,868575,1922345866.0,3.31,1.09,0.23,0.44,0.010890151515151603,-0.07294832826747721,-0.1055718475073314,0.032952642778007066,23.207500000000003,-0.08003878056662724,1.282282282282284,1.6486486486486527,-0.22222222222222313
2024-11-28,601138,21.35,20.88,21.35,20.81,908158,1995650738.0,2.53,-2.2,-0.47,0.46,-0.022014051522248335,-0.07034728406055213,-0.10309278350515472,0.03287315828532337,23.0875,-0.09561451001624255,1.2540540540540555,1.6486486486486527,-0.239344262295083
2024-11-29,601138,20.88,21.22,21.73,20.78,1153973,2560538002.0,4.55,1.63,0.34,0.58,0.016283524904214586,-0.02972107910379529,-0.06560986349625719,0.032859485412678725,23.013,-0.07791248424803383,1.274474474474476,1.6486486486486527,-0.2269581056466312
2024-12-02,601138,21.1,21.59,21.78,21.1,1223315,2743941157.0,3.2,1.74,0.37,0.62,0.01743638077285592,0.021286660359508103,-0.07577054794520544,0.032387043365331936,22.924500000000002,-0.058212829069336385,1.2966966966966984,1.6486486486486527,-0.213479052823316
2024-12-03,601138,21.71,21.27,21.71,21.08,881292,1962120597.0,2.92,-1.48,-0.32,0.44,-0.014821676702176934,0.007102272727272707,-0.1055508830950379,0.032074769682581085,22.799,-0.06706434492740909,1.277477477477479,1.6486486486486527,-0.22513661202185883
2024-12-04,601138,21.28,20.91,21.35,20.83,962608,2114514357.0,2.44,-1.69,-0.36,0.48,-0.016925246826516194,-0.020608899297423933,-0.09909521757862993,0.03189448817798401,22.684,-0.07820490213366253,1.2558558558558575,1.6486486486486527,-0.23825136612021947
2024-12-05,601138,20.95,21.57,21.68,20.95,1467166,3296525194.0,3.49,3.16,0.66,0.74,0.031563845050215145,0.033045977011494365,-0.08871989860583018,0.032472936708663684,22.579,-0.04468754152088225,1.2954954954954971,1.6486486486486527,-0.21420765027322497
2024-12-06,601138,21.57,21.63,21.7,21.26,1107237,2491375747.0,2.04,0.28,0.06,0.56,0.0027816411682892728,0.01932139491046181,-0.1351459416233508,0.029243516095479344,22.41,-0.034805890227577026,1.2990990990991007,1.6486486486486527,-0.21202185792349823
2024-12-09,601138,21.65,21.16,21.65,21.03,931284,2070106173.0,2.87,-2.17,-0.47,0.47,-0.021729079981507082,-0.019916628068550213,-0.1874039938556067,0.027113908205969497,22.166,-0.045384823603717414,1.2708708708708725,1.6486486486486527,-0.22914389799635793
2024-12-10,601138,21.64,21.17,21.83,21.16,1299174,2916481422.0,3.17,0.05,0.01,0.65,0.0004725897920605515,-0.004701457451809943,-0.14464646464646458,0.02553251048914266,21.987000000000002,-0.03715832082594261,1.2714714714714732,1.6486486486486527,-0.22877959927140337
2024-12-11,601138,21.13,21.36,21.51,21.06,937454,2091065851.0,2.13,0.9,0.19,0.47,0.008974964572508126,0.021520803443328518,-0.1623529411764706,0.024286921793226265,21.78,-0.019283746556473906,1.2828828828828844,1.6486486486486527,-0.2218579234972687
2024-12-12,601138,21.4,21.37,21.68,21.23,909888,2035384897.0,2.11,0.05,0.01,0.46,0.000468164794007464,-0.009272137227630983,-0.10585774058577402,0.020710692912939133,21.6535,-0.013092571639688737,1.283483483483485,1.6486486486486527,-0.2214936247723143
2024-12-13,601138,21.2,20.38,21.23,20.33,1651591,3576176007.0,4.21,-4.63,-0.99,0.83,-0.04632662611137117,-0.057790106333795666,-0.11198257080610019,0.021328310550698216,21.525,-0.053193960511033665,1.2240240240240252,1.6486486486486527,-0.2575591985428062
2024-12-16,601138,20.23,20.09,20.33,19.9,988166,2076540553.0,2.11,-1.42,-0.29,0.5,-0.014229636898920428,-0.05056710775047257,-0.097889537494387,0.020687396071413122,21.416000000000004,-0.0619163242435564,1.206606606606608,1.6486486486486527,-0.26812386156648554
2024-12-17,601138,20.02,20.63,21.2,19.95,1836546,3999723765.0,6.22,2.69,0.54,0.92,0.026879044300647026,-0.025507794048181487,-0.09318681318681321,0.02107685533517101,21.310000000000002,-0.03190990145471625,1.2390390390390402,1.6486486486486527,-0.24845173041894467
2024-12-18,601138,20.65,20.44,20.73,20.21,923516,1975597414.0,2.52,-0.92,-0.19,0.46,-0.009209888511875763,-0.04307116104868902,-0.11246200607902734,0.020710797893860045,21.180500000000002,-0.03496140317745099,1.227627627627629,1.6486486486486527,-0.2553734061930793
2024-12-19,601138,20.23,21.22,21.4,20.14,1824622,3997002708.0,6.16,3.82,0.78,0.92,0.038160469667318786,-0.007019185774450265,-0.05520926090828149,0.022381962309000133,21.1185,0.004806212562445151,1.2744744744744756,1.6486486486486527,-0.22695810564663144
2024-12-20,601138,21.06,21.05,21.38,20.95,1249791,2760716991.0,2.03,-0.8,-0.17,0.63,-0.008011310084825585,0.03287536800785085,-0.03749428440786462,0.021728442886003087,21.0775,-0.0013047088127149736,1.2642642642642654,1.6486486486486527,-0.23315118397085727
2024-12-23,601138,21.26,21.08,21.67,21.07,1383104,3081972767.0,2.85,0.14,0.03,0.7,0.00142517814726828,0.04927824788451951,-0.0028382213812678803,0.020410148958585256,21.0745,0.0002609789081590472,1.266066066066067,1.6486486486486527,-0.23205828779599405
2024-12-24,601138,21.14,22.03,22.1,20.83,2100292,4726842841.0,6.02,4.51,0.95,1.06,0.04506641366223918,0.0678623364032962,0.043087121212121327,0.022750331735321063,21.12,0.043087121212121215,1.3231231231231242,1.6486486486486527,-0.19744990892532008
2024-12-25,601138,22.06,21.75,22.22,21.55,1625086,3716854498.0,3.04,-1.27,-0.28,0.82,-0.012709940989559687,0.06409001956947158,0.0187353629976581,0.022896002817026535,21.14,0.028855250709555316,1.3063063063063074,1.6486486486486527,-0.207650273224045
2024-12-26,601138,21.67,22.36,22.41,21.45,1954601,4515517027.0,4.41,2.8,0.61,0.98,0.02804597701149425,0.05372290292177184,0.07088122605363978,0.022963535078228688,21.214,0.054020929574809126,1.342942942942944,1.6486486486486527,-0.18542805100182283
2024-12-27,601138,22.19,21.64,22.23,21.58,1796131,4104549967.0,2.91,-3.22,-0.72,0.9,-0.03220035778175312,0.028028503562945284,0.019792648444863392,0.02409427377039704,21.235,0.019072286319755175,1.2996996996997008,1.6486486486486527,-0.21165755919854407
2024-12-30,601138,21.58,21.48,21.78,21.33,972770,2187789771.0,2.08,-0.74,-0.16,0.49,-0.007393715341959317,0.018975332068311257,-0.005094951366373279,0.02385516619427762,21.229499999999998,0.011799618455451254,1.2900900900900911,1.6486486486486527,-0.21748633879781548
2024-12-31,601138,21.49,20.53,21.53,20.53,1344455,2935692145.0,4.66,-4.42,-0.95,0.68,-0.0442271880819366,-0.0680889695869269,-0.0347907851433944,0.025655884440853836,21.192500000000003,-0.031261059337029676,1.2330330330330341,1.6486486486486527,-0.25209471766848934
2025-01-02,601138,20.43,19.74,20.43,19.47,1247299,2610824056.0,4.68,-3.85,-0.79,0.63,-0.03848027277155397,-0.09241379310344833,-0.0559540889526543,0.02676852217180317,21.134,-0.06596006435128238,1.1855855855855864,1.6486486486486527,-0.280874316939892
2025-01-03,601138,19.67,19.58,20.19,19.49,1037654,2159601878.0,3.55,-0.81,-0.16,0.52,-0.008105369807497431,-0.12432915921288024,-0.09225776541492825,0.02555099923634128,21.0345,-0.06914830397680016,1.1759759759759767,1.6486486486486527,-0.2867030965391634
2025-01-06,601138,19.82,19.7,20.08,19.44,826977,1710058080.0,3.27,0.61,0.12,0.42,0.006128702757916216,-0.08964879852125696,-0.08922792417938052,0.025612210650942494,20.938,-0.05912694622217975,1.1831831831831838,1.6486486486486527,-0.28233151183970995
2025-01-07,601138,19.84,20.28,20.3,19.66,1151917,2414106395.0,3.25,2.94,0.58,0.58,0.029441624365482255,-0.05586592178770944,-0.041587901701323204,0.026330540992099104,20.894,-0.029386426725375576,1.2180180180180187,1.6486486486486527,-0.26120218579235116
2025-01-08,601138,19.93,19.66,19.94,19.19,1160263,2388783297.0,3.7,-3.06,-0.62,0.58,-0.030571992110453694,-0.04237700925474919,-0.07132735002361834,0.02709403610346677,20.8185,-0.05564762110622764,1.1807807807807813,1.6486486486486527,-0.28378870673952783
2025-01-09,601138,19.65,19.57,19.86,19.49,761155,1572457091.0,1.88,-0.46,-0.09,0.38,-0.004577822990844305,-0.008611955420466,-0.08380149812734083,0.026938757376773963,20.729,-0.055912007332722224,1.175375375375376,1.6486486486486527,-0.28706739526411795
2025-01-10,601138,19.52,18.78,19.52,18.78,1103875,2213737347.0,3.78,-4.04,-0.79,0.56,-0.04036791006642815,-0.04085801838610814,-0.12119794103883952,0.028102975539910084,20.5995,-0.08832738658705298,1.1279279279279286,1.6486486486486527,-0.3158469945355204
2025-01-13,601138,18.51,18.75,18.89,18.43,646947,1270179136.0,2.45,-0.16,-0.03,0.33,-0.0015974440894569453,-0.048223350253807085,-0.07998037291462212,0.026462023172918913,20.518,-0.08616824251876404,1.1261261261261268,1.6486486486486527,-0.31693989071038375
2025-01-14,601138,18.78,19.6,19.71,18.51,1348206,2721137523.0,6.4,4.53,0.85,0.68,0.04533333333333345,-0.0335305719921104,-0.024390243902438935,0.028502671825377055,20.4935,-0.04359918998706905,1.177177177177178,1.6486486486486527,-0.2859744990892545
2025-01-15,601138,19.53,19.17,19.53,19.12,832789,1681752452.0,2.09,-2.19,-0.43,0.42,-0.021938775510204067,-0.02492370295015256,-0.0707707222491516,0.02809050757362026,20.420499999999997,-0.06123748194216574,1.151351351351352,1.6486486486486527,-0.3016393442622964
2025-01-16,601138,19.38,19.87,20.02,19.23,1572690,3239699313.0,4.12,3.65,0.7,0.79,0.03651538862806469,0.015329586101175297,-0.02788649706457924,0.02941293586838599,20.392,-0.02559827383287556,1.193393393393394,1.6486486486486527,-0.2761384335154841
2025-01-17,601138,19.71,19.69,20.03,19.53,1023812,2123876213.0,2.52,-0.91,-0.18,0.52,-0.009058882737795648,0.04845580404685834,-0.0721017907634306,0.02796323525555313,20.3155,-0.030789298811252433,1.1825825825825833,1.6486486486486527,-0.28269581056466436
2025-01-20,601138,19.94,19.8,20.12,19.72,847175,1769984579.0,2.03,0.56,0.11,0.43,0.005586592178770999,0.05600000000000005,-0.05938242280285033,0.02800957015958201,20.253,-0.02236705673233592,1.18918918918919,1.6486486486486527,-0.27868852459016524
2025-01-21,601138,19.99,20.24,20.63,19.78,1257723,2659706976.0,4.29,2.22,0.44,0.63,0.022222222222222143,0.03265306122448974,-0.03984819734345346,0.02855097614484393,20.211000000000002,0.0014348622037502529,1.2156156156156164,1.6486486486486527,-0.26265938069216893
2025-01-22,601138,20.45,22.36,22.36,20.44,3995412,9093333602.0,9.49,10.47,2.12,2.01,0.10474308300395263,0.16640584246218038,0.014979573309123806,0.035869901019814666,20.2275,0.10542578173278953,1.3429429429429438,1.6486486486486527,-0.18542805100182297
2025-01-23,601138,22.84,22.03,23.27,22.03,4045048,9577730151.0,5.55,-1.48,-0.33,2.04,-0.01475849731663681,0.108706592853548,0.012873563218390949,0.03591502728846175,20.2415,0.08835807622952858,1.323123123123124,1.6486486486486527,-0.19744990892532022
2025-01-24,601138,21.74,22.38,22.53,21.59,2319553,5347422349.0,4.27,1.59,0.35,1.17,0.015887426236949498,0.1366175723717622,0.0008944543828264262,0.03553827821655184,20.2425,0.10559466469062613,1.3441441441441448,1.6486486486486527,-0.18469945355191414
2025-01-27,601138,21.58,20.48,21.62,20.42,2547188,5575565451.0,5.36,-8.49,-1.9,1.28,-0.08489722966934754,0.03434343434343434,-0.05360443622920519,0.039798530207300495,20.1845,0.014639946493596599,1.2300300300300309,1.6486486486486527,-0.2539162112932618
2025-02-05,601138,19.59,19.03,19.62,18.83,2995661,6007427161.0,3.86,-7.08,-1.45,1.51,-0.07080078125,-0.059782608695651995,-0.11405959031657353,0.04267208475234162,20.062,-0.05144053434353504,1.1429429429429436,1.6486486486486527,-0.30673952641165886
2025-02-06,601138,19.34,19.51,19.6,19.03,2040040,4149233282.0,3.0,2.52,0.48,1.03,0.025223331581713193,-0.12745974955277273,-0.049683390160740304,0.042149615224758914,20.011000000000003,-0.025036230073459655,1.1717717717717726,1.6486486486486527,-0.2892531876138446
2025-02-07,601138,19.7,20.58,20.94,19.62,2893257,6188085420.0,6.77,5.48,1.07,1.46,0.054843669912864934,-0.06581933726736278,0.042553191489361764,0.04302069591208038,20.053,0.026280357053807282,1.2360360360360365,1.6486486486486527,-0.2502732240437174
2025-02-10,601138,20.69,20.75,20.81,20.46,1726219,3732243385.0,1.7,0.83,0.17,0.87,0.008260447035957297,-0.07283288650580877,0.05975485188968355,0.04295469012243212,20.1115,0.031748004872833975,1.2462462462462467,1.6486486486486527,-0.24408014571949155
2025-02-11,601138,20.83,20.8,21.25,20.76,1533061,3363606157.0,2.36,0.24,0.05,0.77,0.002409638554216942,0.015625,0.055837563451776706,0.042952041010115315,20.166500000000003,0.03141348275605573,1.2492492492492497,1.6486486486486527,-0.24225865209471922
2025-02-12,601138,20.75,21.18,21.21,20.61,1272067,2790480314.0,2.88,1.83,0.38,0.64,0.018269230769230704,0.11297950604308982,0.044378698224851965,0.04266992023810057,20.2115,0.04791826435445161,1.2720720720720724,1.6486486486486527,-0.22841530054644976
2025-02-13,601138,21.08,20.82,21.21,20.79,1127096,2470477929.0,1.98,-1.7,-0.36,0.57,-0.016997167138810165,0.06714505381855451,0.05900305188199395,0.04221270063469889,20.2695,0.02715903204321762,1.2504504504504508,1.6486486486486527,-0.2415300546448104
2025-02-14,601138,20.84,21.13,21.66,20.84,1541399,3432007183.0,3.94,1.49,0.31,0.78,0.014889529298751203,0.026724975704567555,0.07971384772611123,0.04223585430652007,20.347500000000004,0.03845681287627449,1.2690690690690694,1.6486486486486527,-0.23023679417122211
2025-02-17,601138,21.49,21.93,22.13,21.34,2100385,4768448291.0,3.74,3.79,0.8,1.06,0.03786086133459543,0.05686746987951796,0.16773162939297115,0.04145881957521994,20.505000000000003,0.06949524506217981,1.3171171171171174,1.6486486486486527,-0.20109289617486514
2025-02-18,601138,21.93,21.71,22.5,21.62,2136041,4925567579.0,4.01,-1.0,-0.22,1.08,-0.010031919744642015,0.043749999999999956,0.15786666666666682,0.041610626707965,20.653,0.0511790054713602,1.3039039039039042,1.6486486486486527,-0.20910746812386333
2025-02-19,601138,21.63,22.27,22.67,21.58,1977652,4587932119.0,5.02,2.58,0.56,1.0,0.02579456471672037,0.0514636449480641,0.13622448979591817,0.04091594732281592,20.7865,0.07136843624467801,1.3375375375375378,1.6486486486486527,-0.18870673952641348
2025-02-20,601138,22.08,21.65,22.14,21.61,1484933,3378726846.0,2.38,-2.78,-0.62,0.75,-0.027840143691064245,0.03986551392891435,0.12936880542514317,0.04115771699753509,20.910500000000003,0.035365008010329546,1.3003003003003004,1.6486486486486527,-0.2112932604735902
2025-02-21,601138,21.9,22.23,22.33,21.62,2026370,4659632779.0,3.28,2.68,0.58,1.02,0.026789838337182514,0.05205868433506877,0.11877201811776539,0.04084574244558861,21.0285,0.05713674299165415,1.3351351351351353,1.6486486486486527,-0.19016393442623142
2025-02-24,601138,22.41,22.24,22.99,21.83,2368703,5535768096.0,5.22,0.04,0.01,1.19,0.0004498425551056062,0.014135886912904683,0.12950736414423547,0.04071120949971698,21.156,0.05123841936093778,1.3357357357357358,1.6486486486486527,-0.189799635701277
2025-02-25,601138,21.83,22.11,22.63,21.75,1914260,4432891533.0,3.96,-0.58,-0.13,0.96,-0.005845323741007102,0.018424689083371693,0.1166666666666667,0.040810682084248394,21.2715,0.03941894083633029,1.3279279279279281,1.6486486486486527,-0.1945355191256849
2025-02-26,601138,22.02,21.8,22.02,21.37,1675795,3787848529.0,2.94,-1.4,-0.31,0.84,-0.014020805065581121,-0.02110462505612931,0.07707509881422947,0.04087218633932782,21.3495,0.021101196749338472,1.3093093093093096,1.6486486486486527,-0.2058287795992732
2025-02-27,601138,21.93,20.99,22.0,20.72,1935848,4293091118.0,5.87,-3.72,-0.81,0.97,-0.03715596330275239,-0.030484988452655903,-0.061270125223613636,0.03435358808330908,21.281,-0.013674169446924504,1.2606606606606607,1.6486486486486527,-0.2353369763205847
2025-02-28,601138,20.13,20.22,20.42,19.77,1719022,3622179187.0,3.1,-3.67,-0.77,0.87,-0.03668413530252501,-0.09041835357624839,-0.08216068996822523,0.03510420469844869,21.1905,-0.04579882494514057,1.2144144144144144,1.6486486486486527,-0.26338797814207826
2025-03-03,601138,20.4,20.1,20.52,19.88,1059091,2231416864.0,3.17,-0.59,-0.12,0.53,-0.0059347181008900796,-0.09622302158273366,-0.101876675603217,0.03480184399643381,21.076500000000003,-0.046331221977083545,1.2072072072072073,1.6486486486486527,-0.2677595628415318
2025-03-04,601138,19.42,20.07,20.07,19.33,1127277,2336474074.0,3.68,-0.15,-0.03,0.57,-0.0014925373134329067,-0.09226594301221158,-0.02001953125,0.029249286080245195,21.056,-0.04682750759878422,1.2054054054054055,1.6486486486486527,-0.26885245901639515
2025-03-05,601138,20.07,20.07,20.17,19.78,817677,1710518289.0,1.94,0.0,0.0,0.41,0.0,-0.07935779816513766,0.05465055176037836,0.02414490853661684,21.108,-0.049175667993177956,1.2054054054054055,1.6486486486486527,-0.26885245901639515
2025-03-06,601138,20.23,20.35,20.53,20.14,1397754,2980568031.0,1.94,1.4,0.28,0.7,0.013951170901843613,-0.030490709861838883,0.043054843669912746,0.023725278811786186,21.15,-0.037825059101654714,1.2222222222222223,1.6486486486486527,-0.25865209471767026
2025-03-07,601138,20.16,19.9,20.16,19.85,1030579,2161396767.0,1.52,-2.21,-0.45,0.52,-0.02211302211302224,-0.015825914935707286,-0.033041788143828965,0.020832157919313664,21.116,-0.057586664140935835,1.1951951951951951,1.6486486486486527,-0.27504553734062115
2025-03-10,601138,19.96,20.06,20.1,19.79,711738,1488413535.0,1.56,0.8,0.16,0.36,0.008040201005025116,-0.0019900497512439497,-0.033253012048192865,0.02082679988012224,21.0815,-0.04845480634679694,1.2048048048048048,1.6486486486486527,-0.2692167577413497
2025-03-11,601138,19.64,19.85,19.94,19.59,787432,1632176395.0,1.74,-1.05,-0.21,0.4,-0.010468594217347804,-0.010961634280019839,-0.04567307692307687,0.020899069472158978,21.034,-0.056289816487591404,1.1921921921921923,1.6486486486486527,-0.27686703096539333
2025-03-12,601138,19.95,19.94,20.13,19.83,901504,1889288343.0,1.51,0.45,0.09,0.45,0.00453400503778334,-0.0064773293472844,-0.05854579792256842,0.020413594770019496,20.972,-0.04920846843410261,1.1975975975975977,1.6486486486486527,-0.2735883424408032
2025-03-13,601138,20.06,19.7,20.18,19.64,891121,1855240657.0,2.71,-1.2,-0.24,0.45,-0.012036108324975037,-0.03194103194103204,-0.053794428434197905,0.020261752670465625,20.916,-0.05813731114935939,1.1831831831831832,1.6486486486486527,-0.28233151183971034
2025-03-14,601138,19.84,20.29,20.31,19.71,1447834,3055254924.0,3.05,2.99,0.59,0.73,0.02994923857868015,0.019597989949748706,-0.03975390440132509,0.021202568296751923,20.874,-0.027977388138353917,1.2186186186186185,1.6486486486486527,-0.26083788706739713
2025-03-17,601138,20.63,20.55,20.8,20.42,1164673,2513967676.0,1.87,1.28,0.26,0.59,0.012814194184327388,0.024426719840478617,-0.06292749658002728,0.019398885024815828,20.805,-0.012256669069935064,1.2342342342342343,1.6486486486486527,-0.251366120218581
2025-03-18,601138,20.51,20.57,20.69,20.34,910808,1952928427.0,1.7,0.1,0.02,0.46,0.0009732360097323145,0.03627204030226694,-0.052510363887609435,0.019346877903804086,20.747999999999998,-0.008579140158087396,1.2354354354354353,1.6486486486486527,-0.2506375227686722
2025-03-19,601138,20.43,20.05,20.43,20.01,971972,2050446052.0,2.04,-2.53,-0.52,0.49,-0.025279533300923696,0.005516549648946878,-0.09968567579703635,0.018775854576952078,20.637,-0.028444056791200257,1.204204204204204,1.6486486486486527,-0.26958105646630426
2025-03-20,601138,20.14,19.88,20.19,19.85,637325,1334169975.0,1.7,-0.85,-0.17,0.32,-0.008478802992518797,0.009137055837563413,-0.08175519630484984,0.018024047227522728,20.548499999999997,-0.03253278828138298,1.1939939939939936,1.6486486486486527,-0.2757741347905302
2025-03-21,601138,19.81,19.66,19.94,19.61,714499,1479176185.0,1.66,-1.11,-0.22,0.36,-0.011066398390341958,-0.03104977821586985,-0.11560953666216822,0.016535645005118324,20.42,-0.03721841332027431,1.1807807807807806,1.6486486486486527,-0.2837887067395283
2025-03-24,601138,19.72,19.87,19.87,19.54,651469,1346156800.0,1.68,1.07,0.21,0.33,0.01068158697863697,-0.03309002433090025,-0.10656474820143869,0.01689974292521845,20.3015,-0.021254587099475395,1.1933933933933933,1.6486486486486527,-0.2761384335154845
2025-03-25,601138,19.82,19.54,19.92,19.51,734633,1513586680.0,2.06,-1.66,-0.33,0.37,-0.016607951685958855,-0.05007292173067579,-0.11623699683401179,0.01708230274386248,20.173,-0.0313785753234521,1.1735735735735733,1.6486486486486527,-0.28816029143898186
2025-03-26,601138,19.46,19.41,19.58,19.38,525207,1073654161.0,1.02,-0.67,-0.13,0.26,-0.006653019447287578,-0.031920199501246915,-0.1096330275229358,0.016979811793481733,20.0535,-0.03208916149300618,1.1657657657657656,1.6486486486486527,-0.2928961748633898
2025-03-27,601138,19.24,19.25,19.38,18.93,724600,1459341265.0,2.32,-0.82,-0.16,0.36,-0.008243173621844457,-0.03169014084507038,-0.0828966174368746,0.015304533248540177,19.966500000000003,-0.03588510755515505,1.156156156156156,1.6486486486486527,-0.29872495446266123
2025-03-28,601138,19.23,19.01,19.32,19.0,572141,1147677927.0,1.66,-1.25,-0.24,0.29,-0.012467532467532405,-0.03306205493387582,-0.059841740850642755,0.013444689465117236,19.906,-0.045011554305234465,1.1417417417417417,1.6486486486486527,-0.3074681238615682
2025-03-31,601138,18.83,18.89,18.98,18.71,636444,1260114710.0,1.42,-0.63,-0.12,0.32,-0.006312467122567167,-0.04932058379466531,-0.060199004975124426,0.01344930132597126,19.845499999999998,-0.048146935073442206,1.1345345345345343,1.6486486486486527,-0.31183970856102183
2025-04-01,601138,18.98,19.05,19.2,18.82,574777,1148515765.0,2.01,0.85,0.16,0.29,0.00847008999470611,-0.025076765609007068,-0.05082212257100149,0.013690935762918651,19.7945,-0.037611457728156744,1.1441441441441438,1.6486486486486527,-0.30601092896175053
2025-04-02,601138,18.98,19.03,19.21,18.95,479032,961073174.0,1.36,-0.1,-0.02,0.24,-0.0010498687664042272,-0.019577537351880392,-0.051818634778275974,0.013682792959345486,19.7425,-0.036089654299100854,1.1429429429429425,1.6486486486486527,-0.3067395264116595
2025-04-03,601138,18.68,18.08,18.91,18.04,1274764,2469083191.0,4.57,-4.99,-0.95,0.64,-0.04992117708880728,-0.06077922077922082,-0.11154791154791166,0.016737283638101536,19.628999999999998,-0.0789138519537419,1.0858858858858853,1.6486486486486527,-0.3413479052823335
2025-04-07,601138,16.18,16.18,16.18,16.18,331662,568800330.0,0.0,-10.51,-1.9,0.17,-0.10508849557522115,-0.14886901630720684,-0.18693467336683411,0.027698363645386418,19.443,-0.1678238954893793,0.9717717717717713,1.6486486486486527,-0.4105646630236811
2025-04-08,601138,15.32,14.47,15.67,14.47,2147404,3376376512.0,7.42,-10.57,-1.71,1.08,-0.10568603213844252,-0.23398623610375857,-0.2786640079760717,0.03462644502962308,19.1635,-0.2449187257025073,0.8690690690690687,1.6486486486486527,-0.47285974499089406
2025-04-09,601138,13.61,15.36,15.53,13.61,2189355,3439909983.0,13.27,6.15,0.89,1.1,0.061506565307532846,-0.19370078740157481,-0.2261964735516374,0.03868934184088351,18.939,-0.18897513068271823,0.9225225225225221,1.6486486486486527,-0.44043715846994697
2025-04-10,601138,16.93,16.99,16.99,16.53,2538561,4527281725.0,2.99,10.61,1.63,1.28,0.10611979166666652,-0.10719915922228074,-0.14794383149448354,0.04679348632925301,18.791500000000003,-0.09586781257483458,1.02042042042042,1.6486486486486527,-0.3810564663023698
2025-04-11,601138,16.68,16.83,17.12,16.41,1574238,2789262751.0,4.18,-0.94,-0.16,0.79,-0.009417304296645113,-0.06913716814159288,-0.14568527918781726,0.0467820757563814,18.648,-0.09749034749034757,1.0108108108108103,1.6486486486486527,-0.3868852459016412
2025-04-14,601138,17.43,16.95,17.7,16.86,1429056,2596128245.0,4.99,0.71,0.12,0.72,0.007130124777183555,0.04758961681087759,-0.1646131099063578,0.04611241998052485,18.481,-0.08284183756290256,1.0180180180180174,1.6486486486486527,-0.38251366120218766
2025-04-15,601138,16.95,17.13,17.21,16.85,874022,1576120666.0,2.12,1.06,0.18,0.44,0.010619469026548645,0.18382861091914293,-0.16642335766423366,0.04606304367020673,18.31,-0.06444565811032221,1.028828828828828,1.6486486486486527,-0.3759562841530074
2025-04-16,601138,17.03,16.53,17.09,16.16,1187253,2066155704.0,5.43,-3.5,-0.6,0.6,-0.035026269702276625,0.07617187500000022,-0.19640252795333002,0.046394533901542544,18.108,-0.087143803843605,0.9927927927927922,1.6486486486486527,-0.39781420765027503
2025-04-17,601138,16.25,16.43,16.68,16.23,778226,1358456920.0,2.72,-0.6,-0.1,0.39,-0.006049606775559657,-0.03296056503825773,-0.18054862842892772,0.04625674585718089,17.927,-0.0835053271601495,0.9867867867867861,1.6486486486486527,-0.40145719489981974
2025-04-18,601138,16.43,16.59,16.68,16.38,544202,952948033.0,1.83,0.97,0.16,0.27,0.009738283627510613,-0.01426024955436711,-0.16549295774647887,0.04644397993988938,17.7625,-0.06600985221674874,0.9963963963963957,1.6486486486486527,-0.3956284153005484
2025-04-21,601138,16.58,16.84,16.88,16.42,511316,903346238.0,2.77,1.51,0.25,0.26,0.015069318866787196,-0.006489675516224147,-0.14343845371312314,0.04671903178551241,17.621499999999997,-0.04434923247169638,1.0114114114114106,1.6486486486486527,-0.3865209471766869
2025-04-22,601138,16.73,16.81,16.86,16.61,461645,818795246.0,1.48,-0.18,-0.03,0.23,-0.0017814726840855721,-0.018680677174547577,-0.15400100654252658,0.04655840082172882,17.4685,-0.037696424993559845,1.0096096096096088,1.6486486486486527,-0.3876138433515503
2025-04-23,601138,17.22,17.27,17.56,17.15,1014516,1856499335.0,2.44,2.74,0.46,0.51,0.027364663890541374,0.04476709013914082,-0.11617195496417598,0.04712960552762906,17.355,-0.004897723998847643,1.0372372372372365,1.6486486486486527,-0.370856102003645
2025-04-24,601138,17.29,16.95,17.29,16.9,536401,967764177.0,2.26,-1.85,-0.32,0.27,-0.01852924145917778,0.03164942178940966,-0.1267387944358579,0.04722513677872513,17.232,-0.01636490250696379,1.0180180180180172,1.6486486486486527,-0.3825136612021878
2025-04-25,601138,17.12,17.27,17.41,17.04,705304,1288557403.0,2.18,1.89,0.32,0.36,0.01887905604719764,0.04098854731766122,-0.10285714285714287,0.0475359864150103,17.133,0.007996264518764984,1.0372372372372363,1.6486486486486527,-0.3708561020036451
2025-04-28,601138,17.29,17.03,17.32,16.95,458800,828167886.0,2.14,-1.39,-0.24,0.23,-0.01389693109438328,0.01128266033254155,-0.1041557075223567,0.04754995083306007,17.034,-0.00023482446870950942,1.022822822822822,1.6486486486486527,-0.3795992714025521
2025-04-29,601138,17.02,17.12,17.12,16.85,364971,657510530.0,1.59,0.53,0.09,0.18,0.005284791544333478,0.018441403926234612,-0.09370037056643721,0.047596003192804874,16.945500000000003,0.010297719158478552,1.0282282282282273,1.6486486486486527,-0.376320582877962
2025-04-30,601138,17.28,17.09,17.28,17.01,552575,1000543730.0,1.58,-0.18,-0.03,0.28,-0.0017523364485981796,-0.01042269832078746,-0.1028871391076116,0.04751196728678313,16.8475,0.014393826977296317,1.0264264264264256,1.6486486486486527,-0.37741347905282535
2025-05-06,601138,17.33,17.84,17.86,17.23,995643,1849510955.0,3.69,4.39,0.75,0.5,0.043885313048566355,0.05250737463126853,-0.06253284287966376,0.04872200575568667,16.788,0.06266380748153441,1.0714714714714706,1.6486486486486527,-0.35009107468124073
2025-05-07,601138,18.12,17.66,18.18,17.49,999429,1863389394.0,3.87,-1.01,-0.18,0.5,-0.010089686098654682,0.022582513028372997,-0.023230088495575174,0.0474611748751186,16.767,0.05325937854118212,1.06066066066066,1.6486486486486527,-0.356648451730421
2025-05-08,601138,17.73,18.06,18.18,17.68,1010763,1918182894.0,2.83,2.27,0.4,0.51,0.022650056625141524,0.06048150322959467,0.11619283065512964,0.040700605567969075,16.860999999999997,0.07111084751794092,1.0846846846846838,1.6486486486486527,-0.34207650273224255
2025-05-09,601138,17.94,17.72,17.98,17.68,579766,1088299862.0,1.66,-1.88,-0.34,0.29,-0.01882613510520481,0.03504672897196248,0.22460262612301296,0.03177826516948556,17.023500000000002,0.04091403060475206,1.0642642642642635,1.6486486486486527,-0.3544626593806942
2025-05-12,601138,18.14,18.3,18.39,17.94,1064011,2034112490.0,2.54,3.27,0.58,0.54,0.03273137697516937,0.07080163838502052,0.19140625,0.029953254148234014,17.170499999999997,0.06578142744823995,1.0990990990990983,1.6486486486486527,-0.3333333333333354
2025-05-13,601138,18.83,18.12,18.83,18.11,1045962,2024574595.0,3.93,-0.98,-0.18,0.53,-0.00983606557377048,0.015695067264574147,0.06650971159505614,0.019661057381852344,17.226999999999997,0.05183723225169817,1.0882882882882876,1.6486486486486527,-0.33989071038251567
2025-05-14,601138,18.51,18.58,19.06,18.33,1504813,2959459215.0,4.03,2.54,0.46,0.76,0.02538631346578346,0.052095130237825416,0.1039809863339276,0.02000345160558348,17.314500000000002,0.07308902942620323,1.115915915915915,1.6486486486486527,-0.32313296903461053
2025-05-15,601138,18.59,18.13,18.59,18.13,806554,1548705746.0,2.48,-2.42,-0.45,0.41,-0.024219590958019288,0.003875968992248069,0.06961651917404121,0.02104128979690046,17.3735,0.04354332748150914,1.0888888888888881,1.6486486486486527,-0.33952641165756126
2025-05-16,601138,18.03,18.25,18.32,17.9,537079,1028660417.0,2.32,0.66,0.12,0.27,0.00661886376172105,0.02990970654627545,0.06538237011091663,0.020989800154077816,17.4295,0.04707536073897697,1.0960960960960955,1.6486486486486527,-0.33515482695810767
2025-05-19,601138,18.09,18.08,18.16,17.77,553254,1046353427.0,2.14,-0.93,-0.17,0.28,-0.00931506849315078,-0.012021857923497414,0.09376890502117341,0.019227078784428527,17.506999999999998,0.032729765236762465,1.085885885885885,1.6486486486486527,-0.3413479052823336
2025-05-20,601138,18.08,18.09,18.23,17.88,397482,756345309.0,1.94,0.06,0.01,0.2,0.0005530973451328691,-0.0016556291390729116,0.10103469263542308,0.019089605760544134,17.589999999999996,0.028425241614553932,1.0864864864864858,1.6486486486486527,-0.3409836065573791
2025-05-21,601138,18.09,18.0,18.09,17.9,329366,624459799.0,1.05,-0.5,-0.09,0.17,-0.00497512437810943,-0.031216361679224924,0.08499095840867987,0.01918051344991522,17.6605,0.019223691288468677,1.0810810810810805,1.6486486486486527,-0.3442622950819692
2025-05-22,601138,17.91,18.08,18.29,17.85,544319,1039624102.0,2.44,0.44,0.08,0.27,0.004444444444444251,-0.0027578599007170856,0.07363420427553424,0.019011768307837313,17.722500000000004,0.02017209761602452,1.085885885885885,1.6486486486486527,-0.3413479052823336
2025-05-23,601138,18.11,17.82,18.43,17.82,536671,1020421967.0,3.37,-1.44,-0.26,0.27,-0.014380530973451267,-0.02356164383561643,0.06008328375966698,0.01940855441982314,17.773000000000003,0.0026444606988126392,1.0702702702702696,1.6486486486486527,-0.35081967213114956
2025-05-26,601138,17.87,17.79,17.93,17.68,381887,716195619.0,1.4,-0.17,-0.03,0.19,-0.0016835016835017313,-0.01603982300884954,0.030110017371163922,0.018565672696354153,17.799,-0.0005056463846283691,1.0684684684684678,1.6486486486486527,-0.3519125683060129
2025-05-27,601138,17.79,17.5,17.79,17.42,432192,799701202.0,2.08,-1.63,-0.29,0.22,-0.01630129286115789,-0.032614704256495264,0.03244837758112107,0.018444532192782206,17.8265,-0.018315429276638675,1.0510510510510505,1.6486486486486527,-0.3624772313296923
2025-05-28,601138,17.53,17.61,17.71,17.43,331845,616336260.0,1.6,0.63,0.11,0.17,0.006285714285714228,-0.021666666666666723,0.01968731905037635,0.018039796498580746,17.8435,-0.01308599770224448,1.057657657657657,1.6486486486486527,-0.35846994535519316
2025-05-29,601138,17.84,18.73,18.88,17.84,1769327,3465261644.0,5.91,6.36,1.12,0.89,0.06360022714366842,0.0359513274336285,0.09982384028185542,0.022431137070259947,17.9285,0.04470535739186216,1.1249249249249242,1.6486486486486527,-0.3176684881602935
2025-05-30,601138,18.35,17.96,18.42,17.96,935605,1784380335.0,2.46,-4.11,-0.77,0.47,-0.041110517885744824,0.007856341189674598,0.0490654205607477,0.02468615337608055,17.970499999999998,-0.0005842909212318436,1.078678678678678,1.6486486486486527,-0.3457194899817871
2025-06-03,601138,17.85,17.82,17.99,17.79,497426,936626287.0,1.11,-0.78,-0.14,0.25,-0.007795100222717233,0.001686340640809414,0.04271503803393806,0.02478009938443549,18.006999999999998,-0.010384850335980321,1.0702702702702696,1.6486486486486527,-0.35081967213114956
2025-06-04,601138,17.98,18.46,18.52,17.98,1112026,2150783266.0,3.03,3.59,0.64,0.56,0.03591470258136931,0.05485714285714294,0.034753363228699596,0.024133117762952624,18.038,0.02339505488413353,1.108708708708708,1.6486486486486527,-0.327504553734064
2025-06-05,601138,18.41,19.59,19.73,18.41,2321442,4706401501.0,7.15,6.12,1.13,1.17,0.061213434452870974,0.11243611584327096,0.10928652321630805,0.027313081205701608,18.1345,0.08026138024208006,1.1765765765765757,1.6486486486486527,-0.28633879781420996
2025-06-06,601138,19.53,19.34,19.53,19.28,848004,1726461322.0,1.28,-1.28,-0.25,0.43,-0.012761613067891808,0.03256807261078487,0.07087486157253609,0.027293848674002766,18.198500000000003,0.06272494985850464,1.1615615615615607,1.6486486486486527,-0.2954462659380715
2025-06-09,601138,19.55,19.46,19.68,19.24,743828,1520629307.0,2.28,0.62,0.12,0.37,0.006204756980351611,0.08351893095768381,0.0981941309255081,0.026771730227820433,18.2855,0.06423122145962659,1.1687687687687678,1.6486486486486527,-0.291074681238618
2025-06-10,601138,19.48,19.19,19.49,18.99,625185,1262554130.0,2.57,-1.39,-0.27,0.31,-0.013874614594039048,0.07687991021324359,0.04863387978142075,0.02625690762784751,18.330000000000002,0.04691762138570646,1.1525525525525515,1.6486486486486527,-0.3009107468123885
2025-06-11,601138,19.28,19.43,19.78,19.26,858063,1762638766.0,2.71,1.25,0.24,0.43,0.012506513809275477,0.05254604550379183,0.07229580573951422,0.026170699062915005,18.395500000000002,0.05623657959827119,1.1669669669669658,1.6486486486486527,-0.2921675774134815
2025-06-12,601138,19.28,19.69,19.93,19.26,1048122,2171612346.0,3.45,1.34,0.26,0.53,0.013381369016984168,0.005104645227156812,0.059741657696448014,0.025784742079110246,18.451,0.06715083193322859,1.1825825825825815,1.6486486486486527,-0.2826958105646654
2025-06-13,601138,19.63,19.93,20.22,19.56,1043343,2183420358.0,3.35,1.22,0.24,0.53,0.012188928390045595,0.030506721820062088,0.09928295642581353,0.025019759237725713,18.541,0.0749150531255056,1.1969969969969958,1.6486486486486527,-0.2739526411657584
2025-06-16,601138,19.88,20.25,20.79,19.85,1235136,2644510942.0,4.72,1.61,0.32,0.62,0.016056196688409408,0.04059609455292912,0.1095890410958904,0.025139892623968256,18.641,0.08631511185022273,1.216216216216215,1.6486486486486527,-0.26229508196721574
2025-06-17,601138,20.34,19.63,20.41,19.59,882107,1836402727.0,4.05,-3.06,-0.62,0.44,-0.030617283950617358,0.022928608650338633,0.08573008849557517,0.02622862677390888,18.7185,0.048695141170499785,1.1789789789789775,1.6486486486486527,-0.2848816029143924
2025-06-18,601138,19.68,20.19,20.28,19.3,1178883,2448922822.0,4.99,2.85,0.56,0.59,0.02852776362710152,0.039114770972722646,0.1160862354892207,0.02675101601985822,18.823500000000003,0.07259542593035292,1.2126126126126113,1.6486486486486527,-0.26448087431694245
2025-06-19,601138,20.13,19.84,20.59,19.77,807375,1701363333.0,4.06,-1.73,-0.35,0.41,-0.01733531451213477,0.007618080243778413,0.10222222222222221,0.027153792139771336,18.9155,0.04887526102931449,1.1915915915915902,1.6486486486486527,-0.2772313296903487
2025-06-20,601138,19.94,19.62,20.03,19.61,500864,1037041650.0,2.12,-1.11,-0.22,0.25,-0.011088709677419262,-0.015554440541896586,0.08517699115044253,0.02739827938759093,18.9925,0.033039357641174216,1.1783783783783772,1.6486486486486527,-0.2852459016393467
2025-06-23,601138,19.46,19.23,19.69,19.01,784295,1586402298.0,3.47,-1.99,-0.39,0.39,-0.01987767584097866,-0.0503703703703704,0.07912457912457915,0.02762373757955772,19.063,0.00876042595604058,1.1549549549549538,1.6486486486486527,-0.2994535519125707
2025-06-24,601138,19.44,19.32,19.58,19.26,711368,1447435304.0,1.66,0.47,0.09,0.36,0.004680187207488196,-0.015792154865002517,0.08600337268128166,0.027589373465458075,19.1395,0.009430758379267929,1.1603603603603592,1.6486486486486527,-0.2961748633879806
2025-06-25,601138,19.52,20.01,20.1,19.52,1149523,2399815815.0,3.0,3.57,0.69,0.58,0.03571428571428581,-0.008915304606240682,0.14342857142857146,0.027975276948326966,19.265,0.03867116532572027,1.2018018018018006,1.6486486486486527,-0.2710382513661227
2025-06-26,601138,20.43,20.07,20.73,20.05,1179644,2510679363.0,3.4,0.3,0.06,0.59,0.0029985007496251548,0.011592741935483986,0.13969335604770028,0.0279899078089776,19.387999999999998,0.03517639777181773,1.2054054054054042,1.6486486486486527,-0.268852459016396
2025-06-27,601138,20.07,20.38,20.68,19.75,1161620,2473588949.0,4.63,1.54,0.31,0.58,0.015445939212755277,0.038735983690112,0.08809396689802451,0.024740731898251246,19.470499999999998,0.046711692046942886,1.2240240240240228,1.6486486486486527,-0.2575591985428077
2025-06-30,601138,20.51,20.41,20.58,20.23,758585,1620980543.0,1.72,0.15,0.03,0.38,0.0014720314033367377,0.0613624544981799,0.13641425389755013,0.022321308038609905,19.593,0.04169856581432145,1.2258258258258248,1.6486486486486527,-0.25646630236794415
2025-07-01,601138,20.29,20.43,20.66,20.03,750580,1598486869.0,3.09,0.1,0.02,0.38,0.000979911807937217,0.05745341614906829,0.1464646464646464,0.022107695849824027,19.7235,0.03582021446497824,1.2270270270270258,1.6486486486486527,-0.2557377049180353
2025-07-02,601138,20.23,20.19,20.34,20.08,536834,1135722498.0,1.27,-1.17,-0.24,0.27,-0.011747430249632762,0.008995502248875464,0.09371614301191777,0.021393947164856385,19.81,0.019182231196365602,1.2126126126126116,1.6486486486486527,-0.26448087431694234
2025-07-03,601138,20.29,22.31,22.31,20.29,3418388,7812149979.0,10.0,10.5,2.12,1.72,0.10500247647350158,0.11160936721474823,0.13884635017866254,0.028531578877099333,19.946,0.11852000401082909,1.3399399399399385,1.6486486486486527,-0.18724954462659665
2025-07-04,601138,22.34,22.84,23.38,22.31,3236055,7750318603.0,4.8,2.38,0.53,1.63,0.023756163155535637,0.12070657507360161,0.18097207859358844,0.02837564535376697,20.121000000000002,0.13513244868545288,1.3717717717717703,1.6486486486486527,-0.1679417122040102
2025-07-07,601138,22.83,23.01,23.36,22.37,1648997,3935417533.0,4.33,0.74,0.17,0.83,0.007443082311733962,0.1273885350318471,0.182425488180884,0.02837122184879732,20.2985,0.13358129911077177,1.3819819819819807,1.6486486486486527,-0.16174863387978422
2025-07-08,601138,23.91,25.41,25.41,23.83,2896954,7483434567.0,6.87,10.43,2.4,1.46,0.10430247718383301,0.24375917767988264,0.3241271495570608,0.03494843840016887,20.6095,0.23292656299279454,1.5261261261261245,1.6486486486486527,-0.07431693989071361
2025-07-09,601138,26.03,25.63,26.15,25.53,2653866,7099473985.0,2.44,0.87,0.22,1.34,0.008658008658008587,0.26944031698860815,0.3190941842511579,0.03497167746455367,20.9195,0.22517268577164845,1.5393393393393375,1.6486486486486527,-0.06630236794171558
2025-07-10,601138,25.93,25.19,26.02,24.91,1864206,4894678074.0,4.33,-1.72,-0.44,0.94,-0.01716738197424883,0.12909009412819383,0.2793296089385475,0.035682869386094634,21.194499999999998,0.18851588855599347,1.5129129129129113,1.6486486486486527,-0.08233151183971178
2025-07-11,601138,25.13,25.03,25.6,24.91,1439146,3755704608.0,2.74,-0.64,-0.16,0.72,-0.006351726875744368,0.09588441330998254,0.2558956347215253,0.035944103464894184,21.4495,0.16692696799459197,1.5033033033033016,1.6486486486486527,-0.0881602914389832
2025-07-14,601138,25.03,24.95,25.25,24.43,1084306,2808305774.0,3.28,-0.32,-0.08,0.55,-0.0031961646024770696,0.08431116905693159,0.23209876543209873,0.03608846605437546,21.6845,0.15059143627937002,1.4984984984984968,1.6486486486486527,-0.09107468123861891
2025-07-15,601138,25.33,26.28,26.44,25.2,2763471,7421225013.0,4.97,5.33,1.33,1.39,0.053306613226453026,0.03423848878394331,0.338767193071829,0.03586336631820172,22.017,0.19362310941545177,1.5783783783783767,1.6486486486486527,-0.042622950819675494
2025-07-16,601138,26.02,25.76,26.44,25.68,1456232,3923855980.0,2.89,-1.98,-0.52,0.73,-0.019786910197869045,0.005072181037846457,0.2758791480931153,0.03654452046904246,22.2955,0.155390101141486,1.5471471471471456,1.6486486486486527,-0.0615664845173074
2025-07-17,601138,25.66,26.53,26.66,25.66,1571342,4272932957.0,3.88,2.99,0.77,0.79,0.029891304347826164,0.053195712584358956,0.33719758064516125,0.03601263571109766,22.630000000000003,0.17233760494918243,1.593393393393392,1.6486486486486527,-0.03351548269581382
2025-07-18,601138,26.52,26.14,27.02,26.09,1289587,3527149095.0,3.51,-1.47,-0.39,0.65,-0.014700339238597815,0.044346783859368744,0.33231396534148816,0.036160262882149324,22.956,0.13870012197246911,1.5699699699699685,1.6486486486486527,-0.047723132969037824
2025-07-21,601138,26.03,26.05,26.58,25.78,865038,2336498383.0,3.06,-0.34,-0.09,0.44,-0.0034429992348889993,0.044088176352705455,0.3546541861674466,0.035505790104689364,23.297,0.11816972142335923,1.5645645645645632,1.6486486486486527,-0.05100182149362794
2025-07-22,601138,26.03,25.99,27.29,25.83,1418847,3881833840.0,5.6,-0.23,-0.06,0.71,-0.0023032629558542572,-0.011035007610350145,0.3452380952380951,0.035655574223426766,23.6305,0.09984977042381654,1.5609609609609594,1.6486486486486527,-0.053187613843354825
2025-07-23,601138,25.53,25.61,25.79,25.38,1140934,3028691471.0,1.58,-1.46,-0.38,0.57,-0.01462100808003075,-0.005822981366459756,0.27986006996501733,0.03593007630518531,23.910500000000003,0.07107756006775252,1.5381381381381367,1.6486486486486527,-0.06703096539162427
2025-07-24,601138,26.22,27.48,27.98,26.08,2239425,6254561232.0,7.42,7.3,1.87,1.13,0.07301835220616959,0.035808518658122956,0.36920777279521677,0.038241542609342184,24.281,0.13174910423788155,1.6504504504504491,1.6504504504504491,0.0
2025-07-25,601138,27.48,27.69,28.18,27.44,1074339,3082064581.0,2.69,0.76,0.21,0.54,0.007641921397379958,0.05929609793420054,0.35868498527968606,0.03829262229993003,24.6465,0.12348609336011206,1.6630630630630618,1.6630630630630618,0.0
2025-07-28,601138,27.97,28.6,28.6,27.64,1522496,4437868498.0,3.47,3.29,0.91,0.77,0.032863849765258246,0.09788867562380044,0.4012738853503186,0.03830450259652689,25.056,0.1414431673052363,1.7177177177177165,1.7177177177177165,0.0
2025-07-29,601138,28.59,30.22,30.31,28.34,1788365,5443611579.0,6.89,5.66,1.62,0.9,0.056643356643356624,0.16275490573297424,0.4791972589329416,0.039042546354601054,25.5455,0.18298721888395209,1.8150150150150137,1.8150150150150137,0.0
2025-07-30,601138,30.03,32.31,33.28,29.32,2068356,6670342339.0,13.1,6.92,2.09,1.04,0.06915949702183988,0.2616165560327999,0.6002971768202081,0.03971545503015697,26.1515,0.23549318394738367,1.9405405405405391,1.9405405405405391,0.0
2025-07-31,601138,32.93,34.28,35.57,32.87,3022803,10515073293.0,8.36,6.1,1.97,1.52,0.060971835345094316,0.24745269286754001,0.5365307037203049,0.03607168134352399,26.75,0.2814953271028038,2.058858858858857,2.058858858858857,0.0
2025-08-01,601138,33.67,32.67,33.97,32.15,2193951,7294069283.0,5.31,-4.7,-1.61,1.1,-0.046966161026837816,0.17984832069339118,0.43038528896672523,0.039248445451189225,27.241499999999995,0.19927316777710508,1.9621621621621606,2.058858858858857,-0.04696616102683783
2025-08-04,601138,32.07,32.64,32.77,31.88,1381801,4507279459.0,2.72,-0.09,-0.03,0.7,-0.0009182736455464191,0.14125874125874116,0.41851368970013025,0.039419586745277124,27.723000000000003,0.17736175738556426,1.9603603603603588,2.058858858858857,-0.047841306884480767
2025-08-05,601138,33.17,34.72,35.01,32.78,2445901,8367476018.0,6.83,6.37,2.08,1.23,0.06372549019607843,0.1489080079417604,0.3663911845730028,0.03562447921783786,28.188499999999998,0.23170796601450952,2.0852852852852837,2.0852852852852837,0.0
2025-08-06,601138,33.77,33.97,34.36,33.22,1476207,5047534286.0,3.28,-2.16,-0.75,0.74,-0.021601382488479315,0.05137728257505403,0.3253999219664456,0.036596368204591334,28.6055,0.18753386586495602,2.0402402402402386,2.0852852852852837,-0.021601382488479273
2025-08-07,601138,35.87,35.32,37.31,34.39,2435918,8779278722.0,8.6,3.97,1.35,1.23,0.03974094789520177,0.03033838973162184,0.40214370782056363,0.03618945068156962,29.112000000000002,0.21324539708711177,2.12132132132132,2.12132132132132,0.0
2025-08-08,601138,35.4,36.26,37.22,34.73,1801252,6572389388.0,7.05,2.66,0.94,0.91,0.026613816534541312,0.10988674625038253,0.44866160607271266,0.03578704131127553,29.6735,0.22196572699546724,2.1777777777777763,2.1777777777777763,0.0
2025-08-11,601138,36.17,36.02,36.86,34.77,1929848,7003982795.0,5.76,-0.66,-0.24,0.97,-0.006618863761720717,0.10355392156862764,0.44368737474949915,0.03590826937455335,30.227000000000004,0.19164984947232602,2.1633633633633624,2.1777777777777763,-0.006618863761720638
2025-08-12,601138,36.14,39.38,39.38,36.14,2228502,8550587057.0,9.0,9.33,3.36,1.12,0.09328151027207099,0.13421658986175133,0.49847792998477924,0.038898726303858794,30.881999999999998,0.2751764782073702,2.365165165165164,2.365165165165164,0.0
2025-08-13,601138,39.39,43.35,43.35,38.62,2423668,10023782873.0,12.01,10.08,3.97,1.22,0.10081259522600305,0.2761259935236975,0.6828416149068322,0.041483735510636645,31.7615,0.3648599719786534,2.6036036036036023,2.6036036036036023,0.0
2025-08-14,601138,43.63,42.89,45.45,42.65,2420015,10650283436.0,6.46,-1.06,-0.46,1.22,-0.010611303344867373,0.21432616081540212,0.6166603844704108,0.04232348020139875,32.5795,0.3164720146104144,2.575975975975975,2.6036036036036023,-0.010611303344867313
2025-08-15,601138,42.26,44.53,45.37,42.17,2306713,10234688715.0,7.46,3.82,1.64,1.16,0.03823735136395423,0.2280750137892995,0.7035195103289977,0.04134515508007678,33.499,0.3292934117436341,2.674474474474473,2.674474474474473,0.0
2025-08-18,601138,44.47,44.13,44.92,41.33,2630780,11509162414.0,8.06,-0.9,-0.4,1.32,-0.008982708286548347,0.22515269294836204,0.6940499040307102,0.041583218306789536,34.403,0.28273697061302805,2.650450450450449,2.674474474474473,-0.008982708286548362
2025-08-19,601138,43.69,48.58,48.58,43.35,2730438,12733532496.0,11.85,10.08,4.45,1.37,0.10083843190573294,0.23362112747587593,0.8691804540207773,0.04401650072735541,35.532500000000006,0.367199043129529,2.917717717717716,2.917717717717716,0.0
2025-08-20,601138,46.17,47.58,48.63,45.47,2530587,11955177840.0,6.5,-2.06,-1.0,1.27,-0.020584602717167555,0.09757785467128022,0.8578680203045685,0.04437242363540574,36.631,0.298899838934236,2.857657657657656,2.917717717717716,-0.020584602717167562
2025-08-21,601138,47.09,44.96,48.07,44.24,2316619,10647328640.0,8.05,-5.51,-2.62,1.17,-0.05506515342580909,0.04826299836791792,0.6360989810771471,0.04733973252525798,37.505,0.19877349686708434,2.7003003003002988,2.917717717717716,-0.07451626183614656
2025-08-22,601138,44.17,45.5,46.96,43.67,2412630,11006049638.0,7.32,1.2,0.54,1.21,0.012010676156583688,0.0217830675948798,0.6431924882629108,0.04726077730772977,38.3955,0.18503470458777727,2.7327327327327313,2.917717717717716,-0.06340057636887603
2025-08-25,601138,46.17,47.67,47.74,44.37,3060730,14043646790.0,7.41,4.77,2.17,1.54,0.0476923076923077,0.08021753908905493,0.6667832167832168,0.04748696471147881,39.349,0.21146661922793478,2.863063063063062,2.917717717717716,-0.01873198847262235
2025-08-26,601138,46.55,45.15,46.67,45.15,2216374,10207619380.0,3.19,-5.29,-2.52,1.12,-0.052863436123348095,-0.07060518731988474,0.49404367968232954,0.05011950479645408,40.0955,0.12606152810165722,2.71171171171171,2.917717717717716,-0.0706051873198847
2025-08-27,601138,44.67,45.39,47.56,44.18,2603612,12048546713.0,7.49,0.53,0.24,1.31,0.0053156146179402786,-0.04602774274905419,0.40482822655524586,0.0489397250908199,40.7495,0.1138786978981338,2.726126126126125,2.917717717717716,-0.0656648826677644
2025-08-28,601138,44.27,48.61,49.62,43.89,3459293,16267081571.0,12.62,7.09,3.22,1.74,0.07094073584489968,0.08118327402135228,0.4180280046674445,0.049445875792014454,41.466,0.17228572806636758,2.919519519519518,2.919519519519518,0.0
2025-08-29,601138,47.67,53.5,53.5,46.81,3430227,17371646436.0,13.76,10.06,4.89,1.73,0.1005965850648014,0.17582417582417587,0.6375880012243649,0.05012854266727765,42.50750000000001,0.2586014232782448,3.213213213213211,3.213213213213211,0.0
2025-09-01,601138,53.66,55.29,56.63,51.97,2695192,14793140838.0,8.71,3.35,1.79,1.36,0.0334579439252336,0.1598489616110761,0.6939338235294117,0.04974021183096525,43.64,0.26695692025664525,3.3207207207207183,3.3207207207207183,0.0
2025-09-02,601138,56.37,53.55,57.67,52.18,2723115,15010975666.0,9.93,-3.15,-1.74,1.37,-0.031470428648942006,0.18604651162790686,0.5423387096774193,0.05067223372402811,44.5815,0.20117088927021295,3.2162162162162136,3.3207207207207183,-0.03147042864894205
2025-09-03,601138,53.55,53.91,55.27,50.75,2219157,11903006052.0,8.44,0.67,0.36,1.12,0.006722689075630228,0.18770654329147374,0.586988519281719,0.049744851532558615,45.578500000000005,0.18279451934574395,3.237837837837835,3.3207207207207183,-0.0249593054801955
2025-09-04,601138,56.17,52.8,57.55,49.6,3338313,18022745305.0,14.75,-2.06,-1.11,1.68,-0.02058987200890372,0.08619625591442093,0.494903737259343,0.05059418777506905,46.4525,0.1366449599052795,3.1711711711711685,3.3207207207207183,-0.04503526858383082
2025-09-05,601138,52.97,55.5,56.87,50.27,3390913,18175746989.0,12.5,5.11,2.7,1.71,0.05113636363636376,0.03738317757009346,0.5306122448979593,0.05102033270179968,47.4145,0.1705280030370457,3.333333333333331,3.333333333333331,0.0
2025-09-08,601138,54.67,51.07,55.81,50.05,3032515,15981215892.0,10.38,-7.98,-4.43,1.53,-0.07981981981981978,-0.07632483270030743,0.41782343142698486,0.05565073814032532,48.166999999999994,0.06026947910395097,3.067267267267265,3.333333333333331,-0.07981981981981982
2025-09-09,601138,50.07,48.46,51.17,47.17,2621774,12944729646.0,7.83,-5.11,-2.61,1.32,-0.05110632465243781,-0.09505135387488317,0.2305738953783647,0.054874541097722176,48.620999999999995,-0.0033113263816045386,2.9105105105105085,3.333333333333331,-0.1268468468468468
2025-09-10,601138,51.27,53.34,53.34,50.27,3460787,18310218737.0,6.34,10.07,4.88,1.74,0.10070160957490715,-0.010573177518085619,0.23044982698961936,0.05486507412840085,49.1205,0.0859009985647541,3.2036036036036015,3.333333333333331,-0.03891891891891882
2025-09-11,601138,55.47,58.71,58.71,54.32,2722798,15528041271.0,8.23,10.07,5.37,1.37,0.10067491563554554,0.1119318181818183,0.36885054791326644,0.058021959976721764,49.911500000000004,0.1762820191739378,3.526126126126124,3.526126126126124,0.0
2025-09-12,601138,58.55,61.57,62.77,57.7,3156052,19269402667.0,8.64,4.87,2.86,1.59,0.048714018054845765,0.10936936936936936,0.3826633730069615,0.05826683540290953,50.7635,0.21287933259133038,3.6978978978978954,3.6978978978978954,0.0
2025-09-15,601138,59.67,59.57,60.95,58.17,1931719,11563491312.0,4.52,-3.25,-2.0,0.97,-0.032483352281955535,0.16643822204816927,0.3498753682302287,0.05906927118622818,51.5355,0.155902242143765,3.5777777777777753,3.6978978978978954,-0.03248335228195551
2025-09-16,601138,59.54,59.4,61.57,58.54,1794970,10801450448.0,5.09,-0.29,-0.17,0.9,-0.002853785462481162,0.22575319851423847,0.22272540139975305,0.05575716123347176,52.076499999999996,0.1406296506101601,3.567567567567565,3.6978978978978954,-0.03524443722592178
2025-09-17,601138,58.57,60.79,62.67,57.38,2419094,14585318191.0,8.91,2.34,1.39,1.22,0.02340067340067331,0.1396700412448444,0.2776376628835646,0.0552881794096852,52.737,0.1527011396173464,3.651051051051048,3.6978978978978954,-0.012668507389962764
2025-09-18,601138,59.06,64.03,66.9,59.06,3150669,20292012592.0,12.9,5.33,3.24,1.59,0.053298239842079376,0.09061488673139162,0.4241548042704626,0.05346866584151003,53.6905,0.19257596781553535,3.845645645645643,3.845645645645643,0.0
2025-09-19,601138,65.31,65.77,68.3,64.67,2368673,15781011244.0,5.67,2.72,1.74,1.19,0.027174761830391914,0.06821503979210641,0.4454945054945054,0.053469260654171624,54.70399999999999,0.20228868090084828,3.950150150150147,3.950150150150147,0.0
2025-09-22,601138,66.22,70.17,71.56,64.31,2399280,16708442542.0,11.02,6.69,4.4,1.21,0.06689980234149306,0.17794191707235196,0.4719949653870359,0.05416211985735868,55.82899999999999,0.25687366780705384,4.214414414414411,4.214414414414411,0.0
2025-09-23,601138,74.39,70.54,74.39,68.17,2670327,19020544374.0,8.86,0.53,0.37,1.34,0.005272908650420405,0.18754208754208768,0.5623477297895905,0.051489512952803705,57.0985,0.23540898622555767,4.236636636636633,4.236636636636633,0.0
2025-09-24,601138,68.47,68.3,69.61,67.17,1963844,13461289668.0,3.46,-3.18,-2.24,0.99,-0.031755032605613964,0.12354005593025175,0.5047367261511346,0.05283945119618493,58.24399999999999,0.17265297713069166,4.102102102102098,4.236636636636633,-0.03175503260561403
2025-09-25,601138,67.55,68.13,69.53,65.86,1886682,12883412578.0,5.37,-0.25,-0.17,0.95,-0.002489019033675044,0.06403248477276269,0.40156346430775547,0.05179670783771378,59.220000000000006,0.15045592705167155,4.091891891891887,4.236636636636633,-0.034165012758718805
2025-09-26,601138,67.22,64.54,68.18,64.32,1921757,12691205307.0,5.67,-5.27,-3.59,0.97,-0.052693380302362924,-0.01870153565455357,0.20635514018691592,0.050293660994802654,59.772000000000006,0.0797697918757947,3.8762762762762724,4.236636636636633,-0.0850581230507515
2025-09-29,601138,64.52,66.25,67.17,64.52,1550358,10295116892.0,4.11,2.65,1.71,0.78,0.026495196777192254,-0.0558643294855351,0.19822752758184126,0.0501510751292656,60.32000000000001,0.09830901856763913,3.9789789789789745,4.236636636636633,-0.06081655798128748
2025-09-30,601138,66.47,65.68,69.15,65.19,1653417,11090699578.0,5.98,-0.86,-0.57,0.83,-0.008603773584905605,-0.06889707967110859,0.2265172735760972,0.04940470705454613,60.9265,0.07802023749928208,3.9447447447447406,4.236636636636633,-0.06889707967110878
2025-10-09,601138,66.78,68.12,70.55,66.67,2215437,15252473527.0,5.91,3.71,2.44,1.12,0.03714981729598055,-0.002635431918008635,0.2635874605824524,0.04972041159685532,61.637,0.10518032999659302,4.091291291291287,4.236636636636633,-0.03430677629713654
2025-10-10,601138,67.98,66.08,69.66,65.13,1842838,12406938350.0,6.65,-2.99,-2.04,0.93,-0.029947152084556783,-0.030089534713048538,0.25151515151515147,0.05009500789818687,62.30100000000001,0.06065713230927254,3.968768768768764,4.236636636636633,-0.06322653813439215
2025-10-13,601138,60.67,63.15,64.3,60.67,1708677,10776334666.0,5.49,-4.43,-2.93,0.86,-0.04434019370460052,-0.021537031298419662,0.13783783783783776,0.050760003168029436,62.6835,0.007442149848046078,3.7927927927927882,4.236636636636633,-0.10476325489084239
2025-10-14,601138,64.66,59.39,65.33,58.92,1946791,12102481124.0,10.15,-5.95,-3.76,0.98,-0.059540775930324585,-0.10354716981132073,0.16291364793420793,0.04909531548221492,63.0995,-0.05878810450162043,3.566966966966963,4.236636636636633,-0.15806634533597985
2025-10-15,601138,59.39,63.05,63.57,58.17,1911663,11740563455.0,9.09,6.16,3.66,0.96,0.06162653645394833,-0.04004263093788074,0.30107304993809314,0.048333264493876156,63.82899999999999,-0.012204483855300827,3.7867867867867817,4.236636636636633,-0.1061808902750217
2025-10-16,601138,61.67,63.26,64.02,61.37,1159393,7332048118.0,4.2,0.33,0.21,0.58,0.003330689928628061,-0.07134468584850273,0.18597675290588667,0.04387413402117617,64.325,-0.016556548775748227,3.799399399399394,4.236636636636633,-0.10320385596824544
2025-10-17,601138,62.67,59.68,62.94,59.57,1378795,8413468100.0,5.33,-5.66,-3.58,0.69,-0.05659184318684796,-0.09685230024213076,0.016521887242377797,0.04064089090698501,64.3735,-0.07291043674804083,3.5843843843843795,4.236636636636633,-0.1539552027218604
2025-10-20,601138,61.67,61.73,63.49,60.74,1450023,9053010272.0,4.61,3.43,2.05,0.73,0.0343498659517425,-0.022486144101346084,0.002598668182556274,0.03988441012782044,64.3815,-0.04118419111080055,3.707507507507502,4.236636636636633,-0.12489367734618714
2025-10-21,601138,62.61,67.67,67.86,62.09,2522878,16620319080.0,9.35,9.62,5.94,1.27,0.0962254981370485,0.1394174103384409,0.13597448380057076,0.04435064832125411,64.7865,0.04450772923371378,4.064264264264258,4.236636636636633,-0.04068613552594336
2025-10-22,601138,66.66,65.13,66.67,64.17,1671917,11014894220.0,3.69,-3.75,-2.54,0.84,-0.0375350967932615,0.03298969072164937,0.09646464646464636,0.04543415454623055,65.07300000000001,0.0008759393296757171,3.9117117117117055,4.236636636636633,-0.0766940742840948
2025-10-23,601138,64.47,63.66,64.69,62.37,1110253,7078123496.0,3.56,-2.26,-1.47,0.56,-0.02257024412713038,0.006323110970597456,0.047211712452706056,0.04564783174907386,65.2165,-0.023866659511013313,3.8234234234234172,4.236636636636633,-0.0975333144315289
2025-10-24,601138,64.85,66.92,67.37,63.73,1790208,11869082164.0,5.72,5.12,3.26,0.9,0.05120955073829725,0.12131367292225215,0.045135092925191245,0.045529630873622565,65.361,0.02385214424503905,4.019219219219213,4.236636636636633,-0.05131840090728728
2025-10-27,601138,68.93,72.43,73.25,68.93,2348792,16679873611.0,6.46,8.23,5.51,1.18,0.08233711894799778,0.1733354932771749,0.10126197354416933,0.048625085207302264,65.694,0.1025360002435535,4.350150150150144,4.350150150150144,0.0
2025-10-28,601138,70.85,73.66,75.43,70.72,2028042,14958411164.0,6.5,1.7,1.23,1.02,0.016981913571724183,0.0885178070045809,0.049736354567478935,0.04656911558945892,65.8685,0.11828871159962652,4.424024024024017,4.424024024024017,0.0
2025-10-29,601138,77.79,80.47,81.06,77.57,1991939,15896272624.0,4.74,9.25,6.81,1.0,0.09245180559326638,0.23552894211576847,0.14077119364899326,0.05065036004530783,66.365,0.2125367286973556,4.833033033033026,4.833033033033026,0.0
2025-10-30,601138,79.67,77.64,83.55,77.37,2408910,19314782838.0,7.68,-3.52,-2.83,1.21,-0.03516838573381387,0.21960414703110276,0.13674963396778916,0.05079621345547964,66.83200000000001,0.16171893703615023,4.663063063063055,4.833033033033026,-0.03516838573381394
2025-10-31,601138,77.62,71.67,78.34,71.17,2462987,18180679395.0,9.23,-7.69,-5.97,1.24,-0.0768933539412674,0.07098027495517045,0.05195948921180116,0.05418799371898874,67.009,0.06955782059126388,4.304504504504497,4.833033033033026,-0.10935752454330816
2025-11-03,601138,70.03,74.56,75.67,69.88,2143326,15719905804.0,8.08,4.03,2.89,1.08,0.040323705874145466,0.02940770399005932,0.155252556554075,0.05305367420677904,67.51,0.10442897348540951,4.478078078078071,4.833033033033026,-0.07344351932397167
2025-11-04,601138,74.44,73.16,74.87,72.14,1312358,9664880743.0,3.66,-1.88,-1.4,0.66,-0.018776824034334894,-0.006787944610372021,0.10430188679245278,0.05321392719081923,67.8555,0.07817347156825886,4.393993993993987,4.833033033033026,-0.09084130731949805
2025-11-05,601138,69.98,74.91,75.47,69.54,1672507,12189758182.0,8.11,2.39,1.75,0.84,0.0239201749589939,-0.06909407232509013,0.14052984165651616,0.053231428831428805,68.317,0.09650599411566674,4.499099099099091,4.833033033033026,-0.06909407232509035
2025-11-06,601138,74.91,75.89,76.37,73.77,1724829,13036723386.0,3.47,1.31,0.98,0.87,0.013082365505272975,-0.022539927872230803,0.114063417498532,0.052806381533318264,68.7055,0.10456950316932415,4.5579579579579494,4.833033033033026,-0.056915620728222004
2025-11-07,601138,73.74,72.37,74.17,71.3,1585420,11558342729.0,3.78,-4.64,-3.52,0.8,-0.046382922651205694,0.00976698758197303,0.09518765133171914,0.05353003198412384,69.02,0.04853665604172716,4.346546546546539,4.833033033033026,-0.10065863054554515
2025-11-10,601138,71.67,71.17,71.88,67.67,2122826,14784377560.0,5.82,-1.66,-1.2,1.07,-0.016581456404587525,-0.04546673819742486,0.12699920823436273,0.052508908376762135,69.421,0.025194105530026868,4.2744744744744665,4.833033033033026,-0.1155710202559963
2025-11-11,601138,71.67,67.7,71.73,67.67,1409353,9758753282.0,5.7,-4.88,-3.47,0.71,-0.04875649852465924,-0.0746309458720612,0.13992254588314545,0.05183758435405329,69.8365,-0.030592884809519348,4.066066066066059,4.833033033033026,-0.1586926805020507
2025-11-12,601138,66.12,68.27,69.22,65.33,1369682,9283976951.0,5.75,0.84,0.57,0.69,0.008419497784342589,-0.0886397009745028,0.08279143536875488,0.050273047099008115,70.0975,-0.026070829915474884,4.100300300300292,4.833033033033026,-0.1516092953895866
2025-11-13,601138,67.25,67.66,68.54,65.86,1216656,8199301373.0,3.93,-0.89,-0.61,0.61,-0.008935110590303164,-0.10844643563051792,0.06955422067657291,0.05037137065009163,70.3175,-0.03779286806271553,4.063663663663656,4.833033033033026,-0.15918976015906586
2025-11-14,601138,65.47,63.94,66.16,63.93,1550452,10095924261.0,3.3,-5.5,-3.72,0.78,-0.05498078628436298,-0.11648473124222758,0.0713806970509383,0.05026962392999938,70.53049999999999,-0.09344184430849055,3.8402402402402327,4.833033033033026,-0.20541816826146422
2025-11-17,601138,64.06,64.61,66.16,63.99,1162681,7593007713.0,3.39,1.05,0.67,0.59,0.010478573662809021,-0.09217366868062393,0.04665478697553871,0.04980826319696085,70.6745,-0.0858088843925319,3.8804804804804736,4.833033033033026,-0.19709208400646222
2025-11-18,601138,63.32,64.39,66.17,62.87,1146975,7466283351.0,5.11,-0.34,-0.22,0.58,-0.0034050456585668076,-0.04889217134416546,-0.04847051869366048,0.044767402215325755,70.51050000000001,-0.08680267477893372,3.8672672672672603,4.833033033033026,-0.19982602212004494
2025-11-19,601138,64.17,64.73,66.29,63.87,1456366,9533078295.0,3.76,0.53,0.34,0.73,0.00528032303152659,-0.051852936868316823,-0.006141563027790453,0.04397213008118262,70.4905,-0.08172023180428559,3.8876876876876807,4.833033033033026,-0.19560084503541714
2025-11-20,601138,67.73,65.61,68.0,64.67,1421754,9427698402.0,5.14,1.36,0.88,0.72,0.01359493279777535,-0.030298551581436572,0.030631479736098033,0.04371191810481411,70.58800000000001,-0.07052190173967259,3.940540540540533,4.833033033033026,-0.18466509258108638
2025-11-21,601138,62.72,60.34,63.12,59.75,1902893,11707877589.0,5.14,-8.03,-5.27,0.96,-0.08032312147538478,-0.05630278385986853,-0.09832635983263593,0.04582703718458794,70.259,-0.14117764272192881,3.6240240240240174,4.833033033033026,-0.2501553373928174
2025-11-24,601138,60.67,55.61,61.47,54.27,3320091,18723572081.0,11.93,-7.84,-4.73,1.67,-0.07838912827311906,-0.13929732239591397,-0.232224216484882,0.04391178705973742,69.41799999999999,-0.19891094528796557,3.3399399399399337,4.833033033033026,-0.30893500683484554
2025-11-25,601138,56.03,56.28,58.01,55.83,2262144,12916587348.0,3.92,1.2,0.67,1.14,0.012048192771084265,-0.12595123466376767,-0.23594895465652999,0.04375277448563993,68.54899999999999,-0.1789814585187237,3.3801801801801736,4.833033033033026,-0.3006089225798437
2025-11-26,601138,54.98,58.6,60.77,54.69,2812843,16345298899.0,10.8,4.12,2.32,1.42,0.0412224591329069,-0.09470106596632166,-0.2717783024729713,0.038468686876027454,67.4555,-0.1312791395809089,3.5195195195195126,4.833033033033026,-0.2717783024729716
2025-11-27,601138,59.69,59.94,63.12,59.58,2758875,17029728373.0,6.04,2.29,1.34,1.39,0.02286689419795218,-0.0864197530864198,-0.22797527047913446,0.03905258363847674,66.57050000000001,-0.09960117469449697,3.599999999999993,4.833033033033026,-0.25512613396296785
2025-11-28,601138,59.91,60.39,60.43,58.69,1667788,10007823545.0,2.9,0.75,0.45,0.84,0.007507507507507505,0.0008286377195889649,-0.1573880284637924,0.03613473415052939,66.00649999999999,-0.0850901047624096,3.6270270270270197,4.833033033033026,-0.24953398782154876
2025-12-01,601138,59.7,59.48,59.88,57.67,1807887,10722486460.0,3.66,-1.51,-0.91,0.91,-0.015068719986752854,0.06959180003596477,-0.2022532188841203,0.0343222299047726,65.2525,-0.08846404352323667,3.572372372372365,4.833033033033026,-0.2608425500186409
2025-12-02,601138,59.5,60.63,62.37,59.39,2091277,12795589250.0,5.01,1.93,1.15,1.05,0.019334229993275054,0.0772921108742004,-0.1712684527063969,0.034900882978283865,64.626,-0.061832698913749914,3.641441441441434,4.833033033033026,-0.24655150987945856
2025-12-03,601138,60.67,61.35,62.44,60.67,1865931,11572935737.0,2.92,1.19,0.72,0.94,0.01187530925284519,0.04692832764505117,-0.18101722066479775,0.034407839269999414,63.948,-0.04062675924188401,3.6846846846846772,4.833033033033026,-0.2376040760531879
2025-12-04,601138,60.55,61.07,62.63,59.35,1570775,9625767961.0,5.35,-0.46,-0.28,0.79,-0.004563977180114143,0.01885218551885215,-0.19528264593490574,0.03402631756553861,63.206999999999994,-0.03380954641099868,3.6678678678678605,4.833033033033026,-0.24108363365229313
2025-12-05,601138,61.66,60.79,61.93,59.67,1305590,7989114088.0,3.7,-0.46,-0.28,0.66,-0.004584902570820337,0.006623613180990251,-0.16001105430426976,0.03295623811851007,62.628,-0.029347895509995545,3.6510510510510437,4.833033033033026,-0.2445631912513984
2025-12-08,601138,60.42,63.08,63.94,60.05,2410754,15117129371.0,6.4,3.77,2.29,1.21,0.0376706695180129,0.060524546065904516,-0.11367149079668404,0.034425530691416545,62.2235,0.013764895899459157,3.7885885885885813,4.833033033033026,-0.21610538088728748
2025-12-09,601138,63.67,67.66,68.05,62.85,2938040,19562027296.0,8.24,7.26,4.58,1.48,0.07260621433100822,0.11594920006597387,-0.0005908419497785422,0.03698830910393039,62.22149999999999,0.08740547881359347,4.063663663663656,4.833033033033026,-0.15918976015906586
2025-12-10,601138,66.51,64.88,66.63,63.67,2195275,14245136589.0,4.37,-4.11,-2.78,1.11,-0.041087791900679904,0.05753871230643837,-0.0496557785264391,0.0380802351650685,62.052,0.04557467930123116,3.8966966966966887,4.833033033033026,-0.19373679632161095
2025-12-11,601138,63.68,61.97,64.55,61.28,1920907,12140309727.0,5.04,-4.49,-2.91,0.97,-0.04485203452527742,0.014737186834779648,-0.08409695536506057,0.03926092458464675,61.767500000000005,0.0032784231189540362,3.7219219219219144,4.833033033033026,-0.2298993413694548
2025-12-12,601138,60.67,61.42,62.17,59.53,1685144,10301366982.0,4.26,-0.89,-0.55,0.85,-0.008875262223656533,0.010363546635959953,-0.039411948701908006,0.03739694053457032,61.64149999999999,-0.0035933583705781307,3.6888888888888816,4.833033033033026,-0.23673418665341153
2025-12-15,601138,59.17,58.81,60.35,58.78,1374058,8203956641.0,2.56,-4.25,-2.61,0.69,-0.04249430153044609,-0.06769181991122375,-0.08976938554403335,0.038379339619516895,61.3515,-0.04142523002697569,3.532132132132125,4.833033033033026,-0.2691686342736427
2025-12-16,601138,58.62,58.62,59.99,58.05,1294221,7675208175.0,3.3,-0.32,-0.19,0.65,-0.0032307430709064278,-0.13360922258350572,-0.08961018791737851,0.038379497289644314,61.063,-0.04000786073399611,3.520720720720713,4.833033033033026,-0.2715297626444642
2025-12-17,601138,58.77,61.17,61.23,58.35,1622526,9798305828.0,4.91,4.35,2.55,0.82,0.04350051177072678,-0.057182490752157755,-0.05499768268190952,0.03979011649670467,60.885000000000005,0.004680955900468039,3.673873873873866,4.833033033033026,-0.23984093450975563
2025-12-18,601138,59.23,57.95,59.53,57.92,1761502,10379614296.0,2.63,-5.26,-3.22,0.89,-0.05264018309628904,-0.06487009843472646,-0.11675049535131832,0.04115148670319101,60.50200000000001,-0.04218042378764349,3.480480480480473,4.833033033033026,-0.279855846899466
2025-12-19,601138,58.86,57.97,58.89,57.41,990077,5794317500.0,2.55,0.03,0.02,0.5,0.0003451251078514517,-0.056170628459785155,-0.039277427908518514,0.03718050343545901,60.383500000000005,-0.03996952809956372,3.481681681681674,4.833033033033026,-0.27960730707095865
2025-12-22,601138,59.14,60.29,60.67,58.79,1764853,10628028374.0,3.24,4.0,2.32,0.89,0.040020700362256356,0.025165788131270128,0.08415752562488765,0.03351246387119163,60.61750000000001,-0.005402730234668332,3.6210210210210128,4.833033033033026,-0.25077668696408656
2025-12-23,601138,60.23,62.53,63.05,59.99,2164938,13545831355.0,5.08,3.72,2.24,1.09,0.037153756841930674,0.06670078471511443,0.11105188343994321,0.03426858387889545,60.93000000000001,0.02625964221237476,3.755555555555547,4.833033033033026,-0.22294022617124448
2025-12-24,601138,63.85,64.81,65.67,63.26,2178730,14124843136.0,3.85,3.65,2.28,1.1,0.036462498000959576,0.05950629393493534,0.10597269624573391,0.03402554929252877,61.2405,0.05828659138968501,3.892492492492484,4.833033033033026,-0.19460668572138737
2025-12-25,601138,65.07,66.39,67.82,65.07,2022245,13545522350.0,4.24,2.44,1.58,1.02,0.024378953865144215,0.14564279551337345,0.10760760760760757,0.03406759494849228,61.563,0.0784074850153501,3.9873873873873786,4.833033033033026,-0.17497203926929344
2025-12-26,601138,66.17,63.51,66.17,63.47,1929297,12420981635.0,4.07,-4.34,-2.88,0.97,-0.04338002711251698,0.0955666724167672,0.05166418281172369,0.03578059166926662,61.71900000000001,0.02901861663345144,3.814414414414406,4.833033033033026,-0.21076177457437603
2025-12-29,601138,63.41,64.91,66.06,63.4,1884924,12359241737.0,4.19,2.2,1.4,0.95,0.02204377263423085,0.07662962348648206,0.09129119031607269,0.03574952766422158,61.9905,0.04709592598865955,3.89849849849849,4.833033033033026,-0.19336398657884976
2025-12-30,601138,63.47,63.9,64.97,62.68,1492962,9567558935.0,3.53,-1.56,-1.01,0.75,-0.015560006162378626,0.021909483447944966,0.05393369619000499,0.03586363157601279,62.153999999999996,0.028091514624963836,3.8378378378378297,4.833033033033026,-0.2059152479184794
2025-12-31,601138,63.91,61.72,64.21,61.53,1564104,9816587478.0,4.19,-3.41,-2.18,0.79,-0.034115805946791866,-0.047677827495756886,0.006030969845150835,0.036744405928552056,62.1725,-0.0072781374401865865,3.706906906906899,4.833033033033026,-0.2330060892257989
2026-01-05,601138,62.96,63.34,63.95,62.38,1593406,10131702308.0,2.54,2.62,1.62,0.8,0.026247569669475057,-0.045940653712908563,0.03717046012772229,0.03714523164778198,62.286,0.016921940725042578,3.804204204204196,4.833033033033026,-0.2128743631166899
2026-01-06,601138,63.34,63.72,64.64,62.53,1708615,10875605983.0,3.33,0.6,0.38,0.86,0.005999368487527468,0.003306565895134561,0.048198716894225946,0.03711465804390985,62.432500000000005,0.02062227205381803,3.827027027027018,4.833033033033026,-0.20815210637504722
2026-01-07,601138,63.08,62.82,64.33,62.27,1657003,10505069732.0,3.23,-1.41,-0.9,0.83,-0.01412429378531066,-0.03219842859343702,-0.004121750158528781,0.03636837026539281,62.41949999999999,0.006416264148223041,3.7729729729729646,4.833033033033026,-0.21933639865788546
2026-01-08,601138,62.98,61.0,63.14,60.74,1859715,11514884182.0,3.82,-2.9,-1.82,0.94,-0.028971665074816966,-0.04538341158059467,-0.09843334318652075,0.03266061995549762,62.0865,-0.01749977853478616,3.6636636636636553,4.833033033033026,-0.24195352305206966
2026-01-09,601138,60.17,61.15,61.42,59.72,1565321,9545355899.0,2.79,0.25,0.15,0.79,0.0024590163934425924,-0.009235255994815339,-0.05749075215782984,0.03153644362551167,61.9,-0.012116316639741519,3.672672672672664,4.833033033033026,-0.2400894743382633
2026-01-12,601138,61.16,60.6,61.37,59.42,2110816,12764097982.0,3.19,-0.9,-0.55,1.06,-0.008994276369582943,-0.043258604357436115,-0.02210747135710822,0.0299818140561799,61.83149999999999,-0.01991703258048066,3.6396396396396313,4.833033033033026,-0.24692431962222003
2026-01-13,601138,60.45,59.1,61.4,58.76,1930316,11626275822.0,4.36,-2.48,-1.5,0.97,-0.024752475247524774,-0.07250470809792842,-0.03777271247150771,0.030417025565861355,61.715500000000006,-0.042379953172217745,3.5495495495495413,4.833033033033026,-0.26556480676028393
2026-01-14,601138,59.77,59.67,60.16,59.04,1562402,9382960104.0,1.9,0.96,0.57,0.79,0.009644670050761528,-0.05014326647564471,0.014623363373575948,0.028914255206576242,61.75849999999999,-0.03381720734797622,3.5837837837837756,4.833033033033026,-0.2584814216478196
2026-01-15,601138,58.97,60.46,60.67,58.56,1426215,8569045663.0,3.54,1.32,0.79,0.72,0.013239483827719,-0.008852459016393421,0.03138860457181858,0.029018048847598926,61.8505,-0.022481629089498,3.6312312312312227,4.833033033033026,-0.2486640984217727
2026-01-16,601138,61.2,63.0,64.0,61.2,2625963,16419501558.0,4.63,4.2,2.54,1.32,0.042011247105524285,0.030253475061324586,0.029916625796959195,0.0289075087367245,61.94199999999999,0.017080494656291485,3.783783783783775,4.833033033033026,-0.2170995402013179
2026-01-19,601138,62.11,60.9,62.18,60.71,1883890,11531498547.0,2.33,-3.33,-2.1,0.95,-0.033333333333333326,0.004950495049504955,0.05090595340811044,0.027267084335367047,62.0895,-0.019157828618365465,3.657657657657649,4.833033033033026,-0.24319622219460726
2026-01-20,601138,60.3,59.67,60.45,58.8,1395115,8288321804.0,2.71,-2.02,-1.23,0.7,-0.020197044334975267,0.009644670050761528,0.029325513196480912,0.027748601684744766,62.17449999999999,-0.04028178754955788,3.583783783783776,4.833033033033026,-0.2584814216478195
2026-01-21,601138,58.71,61.56,61.79,58.7,1734936,10542404628.0,5.18,3.17,1.89,0.87,0.03167420814479649,0.03167420814479649,0.021064853209487477,0.027201073821216407,62.238,-0.01089366624891541,3.6972972972972897,4.833033033033026,-0.23499440785385897
2026-01-22,601138,61.69,62.75,63.0,60.79,2218563,13776641286.0,3.59,1.93,1.19,1.12,0.019330734243014902,0.03787628183923264,0.003518311210618963,0.026242957105376923,62.249,0.00804832206139854,3.7687687687687608,4.833033033033026,-0.22020628805766168
2026-01-23,601138,62.0,60.11,62.05,60.08,2032992,12294797171.0,3.14,-4.21,-2.64,1.02,-0.04207171314741032,-0.04587301587301584,-0.07251967288998618,0.02645385567578444,62.013999999999996,-0.030702744541555076,3.6102102102102025,4.833033033033026,-0.2530135454206541
2026-01-26,601138,60.09,59.26,60.09,59.01,1178431,6991157495.0,1.8,-1.41,-0.85,0.59,-0.014140741973049487,-0.026929392446633837,-0.1073956921223076,0.02571504923218513,61.65749999999999,-0.038884158455986605,3.5591591591591514,4.833033033033026,-0.2635764881322237
