step,close,price_return,action_delta,raw_target,risk_cap,shielded_target,target_position,prev_position,position,executed_trade,locked_position,sellable_position,limit_up,limit_down,pnl,cost,equity,max_equity,drawdown,dd_increase,reward
1,14.17,-0.008397480755773214,-1.0,0.0,0.8,0.0,0.0,0.0,0.0,0.0,0.0,0.0,0,0,-0.0,0.0,1.0,1.0,0.0,0.0,-0.0002
2,13.47,-0.04940014114326036,-1.0,0.0,0.8,0.0,0.0,0.0,0.0,0.0,0.0,0.0,0,0,-0.0,0.0,1.0,1.0,0.0,0.0,-0.0002
3,14.78,0.09725315515961386,-1.0,0.0,0.8,0.0,0.0,0.0,0.0,0.0,0.0,0.0,0,0,0.0,0.0,1.0,1.0,0.0,0.0,-0.0002
4,14.44,-0.0230040595399188,-0.09334827959537506,0.0,0.8,0.0,0.0,0.0,0.0,0.0,0.0,0.0,0,0,-0.0,0.0,1.0,1.0,0.0,0.0,-0.0031926530370894467
5,14.66,0.015235457063711957,-1.0,0.0,0.8,0.0,0.0,0.0,0.0,0.0,0.0,0.0,0,0,0.0,0.0,1.0,1.0,0.0,0.0,-0.000612970322283005
6,14.51,-0.010231923601637131,-0.9689446687698364,0.0,0.8,0.0,0.0,0.0,0.0,0.0,0.0,0.0,0,0,-0.0,0.0,1.0,1.0,0.0,0.0,-0.0014023877221603198
7,14.03,-0.033080634045485904,-1.0,0.0,0.8,0.0,0.0,0.0,0.0,0.0,0.0,0.0,0,0,-0.0,0.0,1.0,1.0,0.0,0.0,-0.0012502839925855852
8,13.75,-0.0199572344975053,-1.0,0.0,0.8,0.0,0.0,0.0,0.0,0.0,0.0,0.0,0,0,-0.0,0.0,1.0,1.0,0.0,0.0,-0.0015493746267157967
9,14.12,0.02690909090909085,-1.0,0.0,0.8,0.0,0.0,0.0,0.0,0.0,0.0,0.0,0,0,0.0,0.0,1.0,1.0,0.0,0.0,-0.0002
10,14.07,-0.0035410764872520492,-1.0,0.0,0.8,0.0,0.0,0.0,0.0,0.0,0.0,0.0,0,0,-0.0,0.0,1.0,1.0,0.0,0.0,-0.0002
11,14.88,0.05756929637526656,-1.0,0.0,0.8,0.0,0.0,0.0,0.0,0.0,0.0,0.0,0,0,0.0,0.0,1.0,1.0,0.0,0.0,-0.0002
12,14.53,-0.02352150537634418,-0.09712287783622742,0.0,0.8,0.0,0.0,0.0,0.0,0.0,0.0,0.0,0,0,-0.0,0.0,1.0,1.0,0.0,0.0,-0.0028023890122051585
13,14.58,0.0034411562284928227,-0.7467217445373535,0.0,0.8,0.0,0.0,0.0,0.0,0.0,0.0,0.0,0,0,0.0,0.0,1.0,1.0,0.0,0.0,-0.0027226100655067926
14,14.11,-0.032235939643347096,-0.0328180268406868,0.0,0.8,0.0,0.0,0.0,0.0,0.0,0.0,0.0,0,0,-0.0,0.0,1.0,1.0,0.0,0.0,-0.004205930951923836
15,13.96,-0.010630758327427256,-1.0,0.0,0.8,0.0,0.0,0.0,0.0,0.0,0.0,0.0,0,0,-0.0,0.0,1.0,1.0,0.0,0.0,-0.0002
16,13.99,0.002148997134670441,-1.0,0.0,0.8,0.0,0.0,0.0,0.0,0.0,0.0,0.0,0,0,0.0,0.0,1.0,1.0,0.0,0.0,-0.0002
17,13.8,-0.013581129378127199,-1.0,0.0,0.8,0.0,0.0,0.0,0.0,0.0,0.0,0.0,0,0,-0.0,0.0,1.0,1.0,0.0,0.0,-0.0002
18,13.06,-0.05362318840579711,-1.0,0.0,0.8,0.0,0.0,0.0,0.0,0.0,0.0,0.0,0,0,-0.0,0.0,1.0,1.0,0.0,0.0,-0.0002
19,12.63,-0.03292496171516077,-1.0,0.0,0.8,0.0,0.0,0.0,0.0,0.0,0.0,0.0,0,0,-0.0,0.0,1.0,1.0,0.0,0.0,-0.0002
20,11.96,-0.05304829770387964,-1.0,0.0,0.8,0.0,0.0,0.0,0.0,0.0,0.0,0.0,0,0,-0.0,0.0,1.0,1.0,0.0,0.0,-0.0002
21,12.37,0.03428093645484936,-1.0,0.0,0.8,0.0,0.0,0.0,0.0,0.0,0.0,0.0,0,0,0.0,0.0,1.0,1.0,0.0,0.0,-0.0002
22,11.83,-0.043654001616814805,-1.0,0.0,0.8,0.0,0.0,0.0,0.0,0.0,0.0,0.0,0,0,-0.0,0.0,1.0,1.0,0.0,0.0,-0.0002
23,12.24,0.03465765004226544,-1.0,0.0,0.8,0.0,0.0,0.0,0.0,0.0,0.0,0.0,0,0,0.0,0.0,1.0,1.0,0.0,0.0,-0.0002
24,12.29,0.0040849673202613505,-1.0,0.0,0.8,0.0,0.0,0.0,0.0,0.0,0.0,0.0,0,0,0.0,0.0,1.0,1.0,0.0,0.0,-0.0002
25,12.54,0.020341741253051264,-1.0,0.0,0.8,0.0,0.0,0.0,0.0,0.0,0.0,0.0,0,0,0.0,0.0,1.0,1.0,0.0,0.0,-0.0002
26,12.33,-0.016746411483253516,-1.0,0.0,0.8,0.0,0.0,0.0,0.0,0.0,0.0,0.0,0,0,-0.0,0.0,1.0,1.0,0.0,0.0,-0.0010030388547732402
27,11.88,-0.036496350364963445,-1.0,0.0,0.8,0.0,0.0,0.0,0.0,0.0,0.0,0.0,0,0,-0.0,0.0,1.0,1.0,0.0,0.0,-0.0002
28,11.71,-0.014309764309764304,-1.0,0.0,0.8,0.0,0.0,0.0,0.0,0.0,0.0,0.0,0,0,-0.0,0.0,1.0,1.0,0.0,0.0,-0.0002
29,11.45,-0.022203245089667083,-1.0,0.0,0.8,0.0,0.0,0.0,0.0,0.0,0.0,0.0,0,0,-0.0,0.0,1.0,1.0,0.0,0.0,-0.0002
30,11.74,0.02532751091703065,-1.0,0.0,0.8,0.0,0.0,0.0,0.0,0.0,0.0,0.0,0,0,0.0,0.0,1.0,1.0,0.0,0.0,-0.0002
31,11.84,0.008517887563884127,-1.0,0.0,0.8,0.0,0.0,0.0,0.0,0.0,0.0,0.0,0,0,0.0,0.0,1.0,1.0,0.0,0.0,-0.0002
32,11.56,-0.023648648648648594,-1.0,0.0,0.8,0.0,0.0,0.0,0.0,0.0,0.0,0.0,0,0,-0.0,0.0,1.0,1.0,0.0,0.0,-0.0002
33,11.95,0.03373702422145318,-1.0,0.0,0.8,0.0,0.0,0.0,0.0,0.0,0.0,0.0,0,0,0.0,0.0,1.0,1.0,0.0,0.0,-0.0002
34,11.81,-0.011715481171548017,-1.0,0.0,0.8,0.0,0.0,0.0,0.0,0.0,0.0,0.0,0,0,-0.0,0.0,1.0,1.0,0.0,0.0,-0.0002
35,12.13,0.02709568162574092,-1.0,0.0,0.8,0.0,0.0,0.0,0.0,0.0,0.0,0.0,0,0,0.0,0.0,1.0,1.0,0.0,0.0,-0.0007669825430381962
36,12.14,0.0008244023083264457,-1.0,0.0,0.8,0.0,0.0,0.0,0.0,0.0,0.0,0.0,0,0,0.0,0.0,1.0,1.0,0.0,0.0,-0.0018600911068661018
37,11.93,-0.01729818780889628,-1.0,0.0,0.8,0.0,0.0,0.0,0.0,0.0,0.0,0.0,0,0,-0.0,0.0,1.0,1.0,0.0,0.0,-0.0016519364438607183
38,11.62,-0.025984911986588474,-1.0,0.0,0.8,0.0,0.0,0.0,0.0,0.0,0.0,0.0,0,0,-0.0,0.0,1.0,1.0,0.0,0.0,-0.0017505471490476276
39,11.61,-0.0008605851979345772,-1.0,0.0,0.8,0.0,0.0,0.0,0.0,0.0,0.0,0.0,0,0,-0.0,0.0,1.0,1.0,0.0,0.0,-0.0002
40,11.52,-0.007751937984496112,-1.0,0.0,0.8,0.0,0.0,0.0,0.0,0.0,0.0,0.0,0,0,-0.0,0.0,1.0,1.0,0.0,0.0,-0.0002
41,11.75,0.019965277777777814,-1.0,0.0,0.8,0.0,0.0,0.0,0.0,0.0,0.0,0.0,0,0,0.0,0.0,1.0,1.0,0.0,0.0,-0.0002
42,11.45,-0.025531914893617082,-1.0,0.0,0.8,0.0,0.0,0.0,0.0,0.0,0.0,0.0,0,0,-0.0,0.0,1.0,1.0,0.0,0.0,-0.0002
43,11.85,0.03493449781659392,-1.0,0.0,0.8,0.0,0.0,0.0,0.0,0.0,0.0,0.0,0,0,0.0,0.0,1.0,1.0,0.0,0.0,-0.0002
44,11.71,-0.01181434599156108,-1.0,0.0,0.8,0.0,0.0,0.0,0.0,0.0,0.0,0.0,0,0,-0.0,0.0,1.0,1.0,0.0,0.0,-0.0013694026612659756
45,11.45,-0.022203245089667083,-1.0,0.0,0.8,0.0,0.0,0.0,0.0,0.0,0.0,0.0,0,0,-0.0,0.0,1.0,1.0,0.0,0.0,-0.0004221542851583535
46,11.51,0.005240174672489127,-1.0,0.0,0.8,0.0,0.0,0.0,0.0,0.0,0.0,0.0,0,0,0.0,0.0,1.0,1.0,0.0,0.0,-0.0002
47,11.54,0.002606429192006895,-1.0,0.0,0.8,0.0,0.0,0.0,0.0,0.0,0.0,0.0,0,0,0.0,0.0,1.0,1.0,0.0,0.0,-0.0002
48,11.61,0.0060658578856152764,-1.0,0.0,0.8,0.0,0.0,0.0,0.0,0.0,0.0,0.0,0,0,0.0,0.0,1.0,1.0,0.0,0.0,-0.00022719952760255613
49,11.42,-0.016365202411714,-1.0,0.0,0.8,0.0,0.0,0.0,0.0,0.0,0.0,0.0,0,0,-0.0,0.0,1.0,1.0,0.0,0.0,-0.0002
50,10.99,-0.03765323992994744,-1.0,0.0,0.8,0.0,0.0,0.0,0.0,0.0,0.0,0.0,0,0,-0.0,0.0,1.0,1.0,0.0,0.0,-0.0002
51,11.13,0.012738853503184764,-1.0,0.0,0.8,0.0,0.0,0.0,0.0,0.0,0.0,0.0,0,0,0.0,0.0,1.0,1.0,0.0,0.0,-0.0002
52,11.24,0.009883198562443794,-1.0,0.0,0.8,0.0,0.0,0.0,0.0,0.0,0.0,0.0,0,0,0.0,0.0,1.0,1.0,0.0,0.0,-0.0002
53,11.09,-0.013345195729537398,-1.0,0.0,0.8,0.0,0.0,0.0,0.0,0.0,0.0,0.0,0,0,-0.0,0.0,1.0,1.0,0.0,0.0,-0.0002
54,11.27,0.016230838593327298,-1.0,0.0,0.8,0.0,0.0,0.0,0.0,0.0,0.0,0.0,0,0,0.0,0.0,1.0,1.0,0.0,0.0,-0.0002
55,11.25,-0.0017746228926352773,-1.0,0.0,0.8,0.0,0.0,0.0,0.0,0.0,0.0,0.0,0,0,-0.0,0.0,1.0,1.0,0.0,0.0,-0.0002
56,11.37,0.010666666666666597,-1.0,0.0,0.8,0.0,0.0,0.0,0.0,0.0,0.0,0.0,0,0,0.0,0.0,1.0,1.0,0.0,0.0,-0.0009486035865786655
57,11.02,-0.030782761653474027,-1.0,0.0,0.8,0.0,0.0,0.0,0.0,0.0,0.0,0.0,0,0,-0.0,0.0,1.0,1.0,0.0,0.0,-0.00123680138830566
58,11.06,0.003629764065335837,-1.0,0.0,0.8,0.0,0.0,0.0,0.0,0.0,0.0,0.0,0,0,0.0,0.0,1.0,1.0,0.0,0.0,-0.0002
59,10.54,-0.04701627486437625,-1.0,0.0,0.8,0.0,0.0,0.0,0.0,0.0,0.0,0.0,0,0,-0.0,0.0,1.0,1.0,0.0,0.0,-0.0002
60,10.55,0.0009487666034157081,-1.0,0.0,0.8,0.0,0.0,0.0,0.0,0.0,0.0,0.0,0,0,0.0,0.0,1.0,1.0,0.0,0.0,-0.0002
61,10.53,-0.0018957345971565259,-1.0,0.0,0.8,0.0,0.0,0.0,0.0,0.0,0.0,0.0,0,0,-0.0,0.0,1.0,1.0,0.0,0.0,-0.0002
62,9.16,-0.1301044634377967,-1.0,0.0,0.8,0.0,0.0,0.0,0.0,0.0,0.0,0.0,0,1,-0.0,0.0,1.0,1.0,0.0,0.0,-0.0002
63,8.78,-0.04148471615720532,-1.0,0.0,0.8,0.0,0.0,0.0,0.0,0.0,0.0,0.0,0,0,-0.0,0.0,1.0,1.0,0.0,0.0,-0.0002
64,8.71,-0.007972665148063612,-1.0,0.0,0.8,0.0,0.0,0.0,0.0,0.0,0.0,0.0,0,0,-0.0,0.0,1.0,1.0,0.0,0.0,-0.0002
65,8.39,-0.03673938002296214,-1.0,0.0,0.8,0.0,0.0,0.0,0.0,0.0,0.0,0.0,0,0,-0.0,0.0,1.0,1.0,0.0,0.0,-0.0002
66,8.58,0.02264600715137062,-1.0,0.0,0.8,0.0,0.0,0.0,0.0,0.0,0.0,0.0,0,0,0.0,0.0,1.0,1.0,0.0,0.0,-0.0002
67,8.2,-0.04428904428904438,-1.0,0.0,0.8,0.0,0.0,0.0,0.0,0.0,0.0,0.0,0,0,-0.0,0.0,1.0,1.0,0.0,0.0,-0.0002
68,8.43,0.028048780487804934,-1.0,0.0,0.8,0.0,0.0,0.0,0.0,0.0,0.0,0.0,0,0,0.0,0.0,1.0,1.0,0.0,0.0,-0.0002
69,9.47,0.12336892052194555,-1.0,0.0,0.8,0.0,0.0,0.0,0.0,0.0,0.0,0.0,1,0,0.0,0.0,1.0,1.0,0.0,0.0,-0.0002
70,9.01,-0.04857444561774032,-1.0,0.0,0.8,0.0,0.0,0.0,0.0,0.0,0.0,0.0,0,0,-0.0,0.0,1.0,1.0,0.0,0.0,-0.0031868348822579507
71,9.01,0.0,-1.0,0.0,0.8,0.0,0.0,0.0,0.0,0.0,0.0,0.0,0,0,0.0,0.0,1.0,1.0,0.0,0.0,-0.001506125618636197
72,8.82,-0.021087680355160877,-1.0,0.0,0.8,0.0,0.0,0.0,0.0,0.0,0.0,0.0,0,0,-0.0,0.0,1.0,1.0,0.0,0.0,-0.000529857411029022
73,8.91,0.010204081632653045,-1.0,0.0,0.8,0.0,0.0,0.0,0.0,0.0,0.0,0.0,0,0,0.0,0.0,1.0,1.0,0.0,0.0,-0.001632364801773611
74,8.89,-0.00224466891133553,-1.0,0.0,0.8,0.0,0.0,0.0,0.0,0.0,0.0,0.0,0,0,-0.0,0.0,1.0,1.0,0.0,0.0,-0.0012204384660824362
75,8.92,0.003374578177727712,-1.0,0.0,0.8,0.0,0.0,0.0,0.0,0.0,0.0,0.0,0,0,0.0,0.0,1.0,1.0,0.0,0.0,-0.0002
76,9.07,0.01681614349775789,-1.0,0.0,0.8,0.0,0.0,0.0,0.0,0.0,0.0,0.0,0,0,0.0,0.0,1.0,1.0,0.0,0.0,-0.0002
77,9.17,0.011025358324145496,-1.0,0.0,0.8,0.0,0.0,0.0,0.0,0.0,0.0,0.0,0,0,0.0,0.0,1.0,1.0,0.0,0.0,-0.0002
78,9.43,0.028353326063249706,-0.686038076877594,0.0,0.8,0.0,0.0,0.0,0.0,0.0,0.0,0.0,0,0,0.0,0.0,1.0,1.0,0.0,0.0,-0.002406672457082699
79,9.42,-0.0010604453870625436,1.0,0.1,0.8,0.1,0.1,0.0,0.1,0.1,0.0,0.0,0,0,-0.0,0.0001,0.9999,1.0,9.999999999998899e-05,9.999999999998899e-05,-0.004095940545255336
80,9.61,0.02016985138004241,-0.43206945061683655,0.05679305493831635,0.8,0.05679305493831635,0.05679305493831635,0.1,0.1,-0.0,0.1,0.0,0,0,0.002016985138004241,0.0,1.0019167834394904,1.0019167834394904,0.0,0.0,-0.001818579198982685
81,9.35,-0.027055150884495296,0.8879689574241638,0.1887968957424164,0.8,0.1887968957424164,0.1887968957424164,0.1,0.1887968957424164,0.08879689574241639,0.0,0.1,0,0,-0.0027055150884495297,8.879689574241639e-05,0.9991171153643624,1.0019167834394904,0.0027943119841919235,0.0027943119841919235,-0.007495499708188405
82,9.21,-0.014973262032085433,-1.0,0.08879689574241639,0.8,0.08879689574241639,0.08879689574241639,0.1887968957424164,0.08879689574241639,-0.1,0.08879689574241639,0.1,0,0,-0.0028269053907955155,0.0001,0.9961927940933664,1.0019167834394904,0.005713038688177392,0.0029187267039854684,-0.005921934511672973
83,9.16,-0.005428881650380099,-1.0,0.0,0.8,0.0,0.0,0.08879689574241639,0.0,-0.08879689574241639,0.0,0.08879689574241639,0,0,-0.0004820678379067191,8.879689574241639e-05,0.9956241027593031,1.0019167834394904,0.006280642049517408,0.0005676033613400159,-0.0021476855055117547
84,9.41,0.027292576419213975,-1.0,0.0,0.8,0.0,0.0,0.0,0.0,0.0,0.0,0.0,0,0,0.0,0.0,0.9956241027593031,1.0019167834394904,0.006280642049517408,0.0,-0.0002
85,9.49,0.008501594048884174,-1.0,0.0,0.8,0.0,0.0,0.0,0.0,0.0,0.0,0.0,0,0,0.0,0.0,0.9956241027593031,1.0019167834394904,0.006280642049517408,0.0,-0.0014159640216986722
86,9.4,-0.009483667017913578,-1.0,0.0,0.8,0.0,0.0,0.0,0.0,0.0,0.0,0.0,0,0,-0.0,0.0,0.9956241027593031,1.0019167834394904,0.006280642049517408,0.0,-0.000805361183276144
87,9.71,0.032978723404255374,-1.0,0.0,0.8,0.0,0.0,0.0,0.0,0.0,0.0,0.0,0,0,0.0,0.0,0.9956241027593031,1.0019167834394904,0.006280642049517408,0.0,-0.0014425645679550984
88,9.68,-0.003089598352214329,0.43358179926872253,0.043358179926872256,0.8,0.043358179926872256,0.043358179926872256,0.0,0.043358179926872256,0.043358179926872256,0.0,0.0,0,0,-0.0,4.335817992687226e-05,0.9955809343103162,1.0019167834394904,0.0063237279122361585,4.30858627187506e-05,-0.004670306793410483
89,9.84,0.016528925619834725,-0.41581249237060547,0.0017769306898117038,0.8,0.0017769306898117038,0.0017769306898117038,0.043358179926872256,0.043358179926872256,-0.0,0.043358179926872256,0.0,0,0,0.0007166641310226825,0.0,0.9962944314554666,1.0019167834394904,0.005611595770182432,0.0,-0.00359907141533646
90,9.44,-0.040650406504065074,0.2719399929046631,0.07055217921733857,0.8,0.07055217921733857,0.07055217921733857,0.043358179926872256,0.07055217921733857,0.027193999290466314,0.0,0.043358179926872256,0,0,-0.0017625276393037517,2.7193999290466315e-05,0.9945113417530798,1.0019167834394904,0.007391274214399769,0.0017796784442173372,-0.005852182250058612
91,9.34,-0.010593220338983014,-1.0,0.0,0.8,0.0,0.0,0.07055217921733857,0.027193999290466314,-0.043358179926872256,0.027193999290466314,0.043358179926872256,0,0,-0.0007473747798446857,4.335817992687226e-05,0.993724948856289,1.0019167834394904,0.008176162650035217,0.0007848884356354479,-0.0010657903048509466
92,9.25,-0.009635974304068507,-1.0,0.0,0.8,0.0,0.0,0.027193999290466314,0.0,-0.027193999290466314,0.0,0.027193999290466314,0,0,-0.0002620406783877906,2.7193999290466315e-05,0.9934375291410057,1.0019167834394904,0.008463032497944799,0.00028686984790958145,-0.000584413675194889
93,8.63,-0.06702702702702694,-1.0,0.0,0.8,0.0,0.0,0.0,0.0,0.0,0.0,0.0,0,0,-0.0,0.0,0.9934375291410057,1.0019167834394904,0.008463032497944799,0.0,-0.0002
94,8.55,-0.009269988412514491,-1.0,0.0,0.8,0.0,0.0,0.0,0.0,0.0,0.0,0.0,0,0,-0.0,0.0,0.9934375291410057,1.0019167834394904,0.008463032497944799,0.0,-0.0002
95,8.48,-0.008187134502924008,-1.0,0.0,0.8,0.0,0.0,0.0,0.0,0.0,0.0,0.0,0,0,-0.0,0.0,0.9934375291410057,1.0019167834394904,0.008463032497944799,0.0,-0.0002
96,8.61,0.015330188679245165,-1.0,0.0,0.8,0.0,0.0,0.0,0.0,0.0,0.0,0.0,0,0,0.0,0.0,0.9934375291410057,1.0019167834394904,0.008463032497944799,0.0,-0.0002
97,8.28,-0.03832752613240419,-1.0,0.0,0.8,0.0,0.0,0.0,0.0,0.0,0.0,0.0,0,0,-0.0,0.0,0.9934375291410057,1.0019167834394904,0.008463032497944799,0.0,-0.0002
98,8.35,0.008454106280193273,-1.0,0.0,0.8,0.0,0.0,0.0,0.0,0.0,0.0,0.0,0,0,0.0,0.0,0.9934375291410057,1.0019167834394904,0.008463032497944799,0.0,-0.0002
99,8.82,0.05628742514970068,-1.0,0.0,0.8,0.0,0.0,0.0,0.0,0.0,0.0,0.0,0,0,0.0,0.0,0.9934375291410057,1.0019167834394904,0.008463032497944799,0.0,-0.0002
100,8.92,0.011337868480725584,-1.0,0.0,0.8,0.0,0.0,0.0,0.0,0.0,0.0,0.0,0,0,0.0,0.0,0.9934375291410057,1.0019167834394904,0.008463032497944799,0.0,-0.0010557016967381527
101,9.12,0.02242152466367705,-1.0,0.0,0.8,0.0,0.0,0.0,0.0,0.0,0.0,0.0,0,0,0.0,0.0,0.9934375291410057,1.0019167834394904,0.008463032497944799,0.0,-0.002636557779454507
102,8.78,-0.037280701754385956,-0.43074285984039307,0.0,0.8,0.0,0.0,0.0,0.0,0.0,0.0,0.0,0,0,-0.0,0.0,0.9934375291410057,1.0019167834394904,0.008463032497944799,0.0,-0.0037287915628614375
103,8.74,-0.00455580865603635,-1.0,0.0,0.8,0.0,0.0,0.0,0.0,0.0,0.0,0.0,0,0,-0.0,0.0,0.9934375291410057,1.0019167834394904,0.008463032497944799,0.0,-0.002738503762979094
104,8.74,0.0,-1.0,0.0,0.8,0.0,0.0,0.0,0.0,0.0,0.0,0.0,0,0,0.0,0.0,0.9934375291410057,1.0019167834394904,0.008463032497944799,0.0,-0.0019326166653036321
105,8.82,0.009153318077803212,-1.0,0.0,0.8,0.0,0.0,0.0,0.0,0.0,0.0,0.0,0,0,0.0,0.0,0.9934375291410057,1.0019167834394904,0.008463032497944799,0.0,-0.0002
106,8.91,0.010204081632653045,-1.0,0.0,0.8,0.0,0.0,0.0,0.0,0.0,0.0,0.0,0,0,0.0,0.0,0.9934375291410057,1.0019167834394904,0.008463032497944799,0.0,-0.0002
107,9.06,0.016835016835016876,-1.0,0.0,0.8,0.0,0.0,0.0,0.0,0.0,0.0,0.0,0,0,0.0,0.0,0.9934375291410057,1.0019167834394904,0.008463032497944799,0.0,-0.0002
108,8.88,-0.01986754966887414,-0.5723732113838196,0.0,0.8,0.0,0.0,0.0,0.0,0.0,0.0,0.0,0,0,-0.0,0.0,0.9934375291410057,1.0019167834394904,0.008463032497944799,0.0,-0.002567747236802701
109,9.1,0.024774774774774643,-1.0,0.0,0.8,0.0,0.0,0.0,0.0,0.0,0.0,0.0,0,0,0.0,0.0,0.9934375291410057,1.0019167834394904,0.008463032497944799,0.0,-0.0011649083266307785
110,9.05,-0.005494505494505378,0.16441476345062256,0.016441476345062257,0.8,0.016441476345062257,0.016441476345062257,0.0,0.016441476345062257,0.016441476345062257,0.0,0.0,0,0,-0.0,1.6441476345062255e-05,0.99342119556137,1.0019167834394904,0.008479334829541278,1.630233159647873e-05,-0.003281809808532102
111,8.75,-0.03314917127071831,-0.7644757628440857,0.0,0.8,0.0,0.0,0.016441476345062257,0.016441476345062257,-0.0,0.016441476345062257,0.0,0,0,-0.0005450213153059324,0.0,0.9928797598347123,1.0019167834394904,0.0090197347266255,0.0005403998970842233,-0.002805417704233757
112,8.6,-0.017142857142857182,-1.0,0.0,0.8,0.0,0.0,0.016441476345062257,0.0,-0.016441476345062257,0.0,0.016441476345062257,0,0,-0.0002818538802010679,1.6441476345062255e-05,0.992583588412745,1.0019167834394904,0.00931533953818543,0.00029560481155993003,-0.0005558405237538481
113,8.58,-0.0023255813953487877,-1.0,0.0,0.8,0.0,0.0,0.0,0.0,0.0,0.0,0.0,0,0,-0.0,0.0,0.992583588412745,1.0019167834394904,0.00931533953818543,0.0,-0.0002
114,8.72,0.016317016317016382,-1.0,0.0,0.8,0.0,0.0,0.0,0.0,0.0,0.0,0.0,0,0,0.0,0.0,0.992583588412745,1.0019167834394904,0.00931533953818543,0.0,-0.0002
115,8.6,-0.01376146788990837,-1.0,0.0,0.8,0.0,0.0,0.0,0.0,0.0,0.0,0.0,0,0,-0.0,0.0,0.992583588412745,1.0019167834394904,0.00931533953818543,0.0,-0.0002
116,8.6,0.0,-1.0,0.0,0.8,0.0,0.0,0.0,0.0,0.0,0.0,0.0,0,0,0.0,0.0,0.992583588412745,1.0019167834394904,0.00931533953818543,0.0,-0.0002
117,8.38,-0.025581395348837077,-1.0,0.0,0.8,0.0,0.0,0.0,0.0,0.0,0.0,0.0,0,0,-0.0,0.0,0.992583588412745,1.0019167834394904,0.00931533953818543,0.0,-0.0002
118,8.41,0.003579952267303026,-1.0,0.0,0.8,0.0,0.0,0.0,0.0,0.0,0.0,0.0,0,0,0.0,0.0,0.992583588412745,1.0019167834394904,0.00931533953818543,0.0,-0.0002
119,8.42,0.0011890606420927215,-1.0,0.0,0.8,0.0,0.0,0.0,0.0,0.0,0.0,0.0,0,0,0.0,0.0,0.992583588412745,1.0019167834394904,0.00931533953818543,0.0,-0.0002
120,8.34,-0.009501187648456066,-1.0,0.0,0.8,0.0,0.0,0.0,0.0,0.0,0.0,0.0,0,0,-0.0,0.0,0.992583588412745,1.0019167834394904,0.00931533953818543,0.0,-0.0002
121,8.47,0.015587529976019279,-1.0,0.0,0.8,0.0,0.0,0.0,0.0,0.0,0.0,0.0,0,0,0.0,0.0,0.992583588412745,1.0019167834394904,0.00931533953818543,0.0,-0.0002
122,8.56,0.010625737898465154,-1.0,0.0,0.8,0.0,0.0,0.0,0.0,0.0,0.0,0.0,0,0,0.0,0.0,0.992583588412745,1.0019167834394904,0.00931533953818543,0.0,-0.0002
123,8.55,-0.0011682242990653955,-1.0,0.0,0.8,0.0,0.0,0.0,0.0,0.0,0.0,0.0,0,0,-0.0,0.0,0.992583588412745,1.0019167834394904,0.00931533953818543,0.0,-0.001045087384851509
124,8.94,0.045614035087719156,-1.0,0.0,0.8,0.0,0.0,0.0,0.0,0.0,0.0,0.0,0,0,0.0,0.0,0.992583588412745,1.0019167834394904,0.00931533953818543,0.0,-0.0007566927932866876
125,8.85,-0.010067114093959717,0.3552286922931671,0.03552286922931671,0.8,0.03552286922931671,0.03552286922931671,0.0,0.03552286922931671,0.03552286922931671,0.0,0.0,0,0,-0.0,3.552286922931671e-05,0.9925483289957345,1.0019167834394904,0.00935053149982659,3.519196164115945e-05,-0.0043201799993026705
126,8.99,0.015819209039548088,-0.5716602206230164,0.0,0.8,0.0,0.0,0.03552286922931671,0.03552286922931671,-0.0,0.03552286922931671,0.0,0,0,0.0005619436940230915,0.0,0.9931060852702269,1.0019167834394904,0.008793842278015508,0.0,-0.0032705239193034173
127,8.92,-0.007786429365962212,-0.002571909688413143,0.03526567826047539,0.8,0.03526567826047539,0.03526567826047539,0.03552286922931671,0.03526567826047539,-0.0002571909688413171,0.0,0.03552286922931671,0,0,-0.00027659631213038707,2.571909688413171e-07,0.9928311403715707,1.0019167834394904,0.009068261175074345,0.00027441889705883717,-0.004565429210735945
128,9.1,0.020179372197309385,-0.6933837532997131,0.0,0.8,0.0,0.0,0.03526567826047539,0.0,-0.03526567826047539,0.0,0.03526567826047539,0,0,0.0007116392474086951,3.5265678260475394e-05,0.9935026651135453,1.0019167834394904,0.008398021138103067,0.0,-0.0029263973611833804
129,8.94,-0.0175824175824176,0.9402812123298645,0.09402812123298646,0.8,0.09402812123298646,0.09402812123298646,0.0,0.09402812123298646,0.09402812123298646,0.0,0.0,0,0,-0.0,9.402812123298646e-05,0.9934092479245048,1.0019167834394904,0.008491259609186319,9.323847108325123e-05,-0.0047198725069929875
130,8.77,-0.019015659955257263,-1.0,0.0,0.8,0.0,0.0,0.09402812123298646,0.09402812123298646,-0.0,0.09402812123298646,0.0,0,0,-0.0017880067795981757,0.0,0.9916330254543002,1.0019167834394904,0.010264083959035991,0.0017728243498496728,-0.002480935087366247
131,8.87,0.011402508551881374,-1.0,0.0,0.8,0.0,0.0,0.09402812123298646,0.0,-0.09402812123298646,0.0,0.09402812123298646,0,0,0.0010721564564764668,9.402812123298646e-05,0.9926029698146602,1.0019167834394904,0.009295995215148213,0.0,0.00044902991092802766
132,8.89,0.0022547914317927117,-1.0,0.0,0.8,0.0,0.0,0.0,0.0,0.0,0.0,0.0,0,0,0.0,0.0,0.9926029698146602,1.0019167834394904,0.009295995215148213,0.0,-0.0002
133,8.7,-0.021372328458942776,-1.0,0.0,0.8,0.0,0.0,0.0,0.0,0.0,0.0,0.0,0,0,-0.0,0.0,0.9926029698146602,1.0019167834394904,0.009295995215148213,0.0,-0.0006700207833683385
134,8.66,-0.00459770114942519,-1.0,0.0,0.8,0.0,0.0,0.0,0.0,0.0,0.0,0.0,0,0,-0.0,0.0,0.9926029698146602,1.0019167834394904,0.009295995215148213,0.0,-0.0002
135,8.67,0.0011547344110854256,-1.0,0.0,0.8,0.0,0.0,0.0,0.0,0.0,0.0,0.0,0,0,0.0,0.0,0.9926029698146602,1.0019167834394904,0.009295995215148213,0.0,-0.0002
136,8.62,-0.005767012687427994,-1.0,0.0,0.8,0.0,0.0,0.0,0.0,0.0,0.0,0.0,0,0,-0.0,0.0,0.9926029698146602,1.0019167834394904,0.009295995215148213,0.0,-0.0002
137,8.58,-0.004640371229698278,-1.0,0.0,0.8,0.0,0.0,0.0,0.0,0.0,0.0,0.0,0,0,-0.0,0.0,0.9926029698146602,1.0019167834394904,0.009295995215148213,0.0,-0.0002
138,8.38,-0.02331002331002323,-1.0,0.0,0.8,0.0,0.0,0.0,0.0,0.0,0.0,0.0,0,0,-0.0,0.0,0.9926029698146602,1.0019167834394904,0.009295995215148213,0.0,-0.0002
139,8.4,0.002386634844868684,-1.0,0.0,0.8,0.0,0.0,0.0,0.0,0.0,0.0,0.0,0,0,0.0,0.0,0.9926029698146602,1.0019167834394904,0.009295995215148213,0.0,-0.0002
140,8.32,-0.009523809523809532,-1.0,0.0,0.8,0.0,0.0,0.0,0.0,0.0,0.0,0.0,0,0,-0.0,0.0,0.9926029698146602,1.0019167834394904,0.009295995215148213,0.0,-0.0002
141,8.72,0.04807692307692312,-1.0,0.0,0.8,0.0,0.0,0.0,0.0,0.0,0.0,0.0,0,0,0.0,0.0,0.9926029698146602,1.0019167834394904,0.009295995215148213,0.0,-0.0002
142,8.97,0.0286697247706422,-1.0,0.0,0.8,0.0,0.0,0.0,0.0,0.0,0.0,0.0,0,0,0.0,0.0,0.9926029698146602,1.0019167834394904,0.009295995215148213,0.0,-0.0008897740996115531
143,9.36,0.04347826086956508,-0.2949037551879883,0.0,0.8,0.0,0.0,0.0,0.0,0.0,0.0,0.0,0,0,0.0,0.0,0.9926029698146602,1.0019167834394904,0.009295995215148213,0.0,-0.0036424443431894893
144,10.61,0.13354700854700854,1.0,0.1,0.8,0.1,0.1,0.0,0.0,0.0,0.0,0.0,1,0,0.0,0.0,0.9926029698146602,1.0019167834394904,0.009295995215148213,0.0,-0.008201747958644628
145,10.68,0.006597549481621139,1.0,0.1,0.8,0.1,0.1,0.0,0.1,0.1,0.0,0.0,0,0,0.0,0.0001,0.9925037095176787,1.0019167834394904,0.009395065615626717,9.907040047850424e-05,-0.012707060671928111
146,10.37,-0.029026217228464466,1.0,0.2,0.8,0.2,0.2,0.1,0.2,0.1,0.1,0.0,0,0,-0.002902621722846447,0.0001,0.9895235963194753,1.0019167834394904,0.012369477510368114,0.002974411894741397,-0.01344897884310801
147,10.77,0.03857280617164902,1.0,0.30000000000000004,0.8,0.30000000000000004,0.30000000000000004,0.2,0.30000000000000004,0.10000000000000003,0.1,0.1,0,0,0.007714561234329805,0.00010000000000000003,0.9970583843364643,1.0019167834394904,0.004849104419977528,0.0,0.0006153001032753814
148,10.74,-0.0027855153203342024,1.0,0.4,0.8,0.4,0.4,0.30000000000000004,0.4,0.09999999999999998,0.10000000000000003,0.2,0,0,-0.0008356545961002609,9.999999999999998e-05,0.9961254820765796,1.0019167834394904,0.005780221929240292,0.0009311175092627634,-0.006462633142168411
149,10.68,-0.005586592178770996,0.6833913922309875,0.4683391392230988,0.8,0.4683391392230988,0.4683391392230988,0.4,0.4683391392230988,0.06833913922309875,0.09999999999999998,0.30000000000000004,0,0,-0.0022346368715083983,6.833913922309876e-05,0.9938314289876788,1.0019167834394904,0.008069886227532071,0.0022896642982917796,-0.005880107016166694
150,10.5,-0.016853932584269638,-1.0,0.3683391392230988,0.8,0.3683391392230988,0.3683391392230988,0.4683391392230988,0.3683391392230988,-0.09999999999999998,0.06833913922309875,0.4,0,0,-0.007893356279040979,9.999999999999998e-05,0.985887380294472,1.0019167834394904,0.01599873703082499,0.00792885080329292,-0.010267340630003095
151,10.91,0.03904761904761906,-1.0,0.2683391392230988,0.8,0.2683391392230988,0.2683391392230988,0.3683391392230988,0.2683391392230988,-0.09999999999999998,0.0,0.3683391392230988,0,0,0.014382766388711481,9.999999999999998e-05,0.9999685794327967,1.0019167834394904,0.0019444768656391807,0.0,0.012589152982681248
152,11.98,0.09807516040329975,-0.4272468686103821,0.22561445236206062,0.8,0.22561445236206062,0.22561445236206062,0.2683391392230988,0.22561445236206062,-0.0427246868610382,0.0,0.2683391392230988,0,0,0.0263174041217888,4.27246868610382e-05,1.0262424333023936,1.0262424333023936,0.0,0.0,0.021415809750584585
153,11.92,-0.005008347245409057,1.0,0.32561445236206066,0.8,0.32561445236206066,0.32561445236206066,0.22561445236206062,0.32561445236206066,0.10000000000000003,0.0,0.22561445236206062,0,0,-0.0011299555210119991,0.00010000000000000003,1.0249802007556565,1.0262424333023936,0.001229955521012006,0.001229955521012006,-0.0076473596714834915
154,11.75,-0.014261744966442946,1.0,0.42561445236206064,0.8,0.42561445236206064,0.42561445236206064,0.32561445236206066,0.42561445236206064,0.09999999999999998,0.10000000000000003,0.22561445236206062,0,0,-0.004643830276975695,9.999999999999998e-05,1.0201178686460113,1.0262424333023936,0.005967951097747745,0.004737995576735739,-0.009108306147320675
155,11.91,0.013617021276595757,-1.0,0.32561445236206066,0.8,0.32561445236206066,0.32561445236206066,0.42561445236206064,0.32561445236206066,-0.09999999999999998,0.09999999999999998,0.32561445236206066,0,0,0.005795601053440831,9.999999999999998e-05,1.0259280530533053,1.0262424333023936,0.00030634111286619194,0.0,0.0001885128128807072
156,11.9,-0.000839630562552459,1.0,0.42561445236206064,0.8,0.42561445236206064,0.42561445236206064,0.32561445236206066,0.42561445236206064,0.09999999999999998,0.0,0.32561445236206066,0,0,-0.00027339584581196784,9.999999999999998e-05,1.025544975780193,1.0262424333023936,0.000679622572179301,0.000373281459313109,-0.004757089442798968
157,12.13,0.01932773109243701,-1.0,0.32561445236206066,0.8,0.32561445236206066,0.32561445236206066,0.42561445236206064,0.32561445236206066,-0.09999999999999998,0.09999999999999998,0.32561445236206066,0,0,0.00822616168430875,9.999999999999998e-05,1.0338787200679134,1.0338787200679134,0.0,0.0,0.0031051021275005303
158,12.27,0.011541632316570386,-1.0,0.22561445236206065,0.8,0.22561445236206065,0.22561445236206065,0.32561445236206066,0.22561445236206065,-0.1,0.0,0.32561445236206066,0,0,0.003758122286124328,0.0001,1.0376607748549433,1.0376607748549433,0.0,0.0,-4.7536252002249214e-05
159,13.54,0.10350448247758758,-1.0,0.12561445236206065,0.8,0.12561445236206065,0.12561445236206065,0.22561445236206065,0.12561445236206065,-0.1,0.0,0.22561445236206065,1,0,0.023352107131199423,0.0001,1.061788574357714,1.061788574357714,0.0,0.0,0.01807477487424553
160,14.01,0.03471196454948306,1.0,0.22561445236206065,0.8,0.22561445236206065,0.22561445236206065,0.12561445236206065,0.22561445236206065,0.1,0.0,0.12561445236206065,0,0,0.004360324417294578,0.0001,1.0663121381470546,1.0663121381470546,0.0,0.0,-0.004874714260288958
161,12.64,-0.09778729478943607,1.0,0.32561445236206066,0.8,0.32561445236206066,0.32561445236206066,0.22561445236206065,0.32561445236206066,0.1,0.1,0.12561445236206065,0,0,-0.022062226961886006,0.0001,1.0426802865292257,1.0663121381470546,0.022162226961885922,0.022162226961885922,-0.05399185062471818
162,13.14,0.03955696202531645,-1.0,0.22561445236206065,0.7891888651999555,0.22561445236206065,0.22561445236206065,0.32561445236206066,0.22561445236206065,-0.1,0.1,0.22561445236206065,0,0,0.012880318526980246,0.0001,1.0560060727128724,1.0663121381470546,0.009665148754745691,0.0,0.008058611639015287
163,13.0,-0.010654490106544944,-0.5053834319114685,0.1750761091709138,0.8,0.1750761091709138,0.1750761091709138,0.22561445236206065,0.1750761091709138,-0.05053834319114686,0.0,0.22561445236206065,0,0,-0.0024038069505851307,5.0538343191146864e-05,1.0534142691781103,1.0663121381470546,0.012095772436162172,0.0024306236814164803,-0.008758153011460235
164,12.14,-0.0661538461538461,-1.0,0.07507610917091379,0.8,0.07507610917091379,0.07507610917091379,0.1750761091709138,0.07507610917091379,-0.1,0.0,0.1750761091709138,0,0,-0.011581957991306596,0.0001,1.0411083279381288,1.0663121381470546,0.02363642812199702,0.01154065568583485,-0.020799927610770416
165,11.55,-0.04859967051070839,-1.0,0.0,0.781817856803991,0.0,0.0,0.07507610917091379,0.0,-0.07507610917091379,0.0,0.07507610917091379,0,0,-0.0036486741689323826,7.507610917091379e-05,1.0372315005124335,1.0663121381470546,0.02727216224430768,0.0036357341223106597,-0.0041865166602014945
166,11.68,0.011255411255411168,-1.0,0.0,0.763639185206011,0.0,0.0,0.0,0.0,0.0,0.0,0.0,0,0,0.0,0.0,1.0372315005124335,1.0663121381470546,0.02727216224430768,0.0,-0.0002
167,12.01,0.028253424657534252,-1.0,0.0,0.763639185206011,0.0,0.0,0.0,0.0,0.0,0.0,0.0,0,0,0.0,0.0,1.0372315005124335,1.0663121381470546,0.02727216224430768,0.0,-0.0002
168,12.08,0.005828476269775211,-1.0,0.0,0.763639185206011,0.0,0.0,0.0,0.0,0.0,0.0,0.0,0,0,0.0,0.0,1.0372315005124335,1.0663121381470546,0.02727216224430768,0.0,-0.0002
169,11.88,-0.01655629139072842,-1.0,0.0,0.763639185206011,0.0,0.0,0.0,0.0,0.0,0.0,0.0,0,0,-0.0,0.0,1.0372315005124335,1.0663121381470546,0.02727216224430768,0.0,-0.0002
170,12.12,0.02020202020202007,-1.0,0.0,0.763639185206011,0.0,0.0,0.0,0.0,0.0,0.0,0.0,0,0,0.0,0.0,1.0372315005124335,1.0663121381470546,0.02727216224430768,0.0,-0.0002
171,11.91,-0.017326732673267252,-1.0,0.0,0.763639185206011,0.0,0.0,0.0,0.0,0.0,0.0,0.0,0,0,-0.0,0.0,1.0372315005124335,1.0663121381470546,0.02727216224430768,0.0,-0.002812527433101623
172,11.49,-0.035264483627204024,-1.0,0.0,0.763639185206011,0.0,0.0,0.0,0.0,0.0,0.0,0.0,0,0,-0.0,0.0,1.0372315005124335,1.0663121381470546,0.02727216224430768,0.0,-0.0004792858018072189
173,11.06,-0.03742384682332461,-1.0,0.0,0.763639185206011,0.0,0.0,0.0,0.0,0.0,0.0,0.0,0,0,-0.0,0.0,1.0372315005124335,1.0663121381470546,0.02727216224430768,0.0,-0.0002
174,11.07,0.0009041591320072139,-1.0,0.0,0.763639185206011,0.0,0.0,0.0,0.0,0.0,0.0,0.0,0,0,0.0,0.0,1.0372315005124335,1.0663121381470546,0.02727216224430768,0.0,-0.0002
175,11.12,0.004516711833784908,-1.0,0.0,0.763639185206011,0.0,0.0,0.0,0.0,0.0,0.0,0.0,0,0,0.0,0.0,1.0372315005124335,1.0663121381470546,0.02727216224430768,0.0,-0.0002
176,11.57,0.04046762589928067,-1.0,0.0,0.763639185206011,0.0,0.0,0.0,0.0,0.0,0.0,0.0,0,0,0.0,0.0,1.0372315005124335,1.0663121381470546,0.02727216224430768,0.0,-0.0002
177,12.38,0.07000864304235095,-1.0,0.0,0.763639185206011,0.0,0.0,0.0,0.0,0.0,0.0,0.0,0,0,0.0,0.0,1.0372315005124335,1.0663121381470546,0.02727216224430768,0.0,-0.0002
178,12.83,0.036348949919224494,0.5204597115516663,0.052045971155166626,0.763639185206011,0.052045971155166626,0.052045971155166626,0.0,0.052045971155166626,0.052045971155166626,0.0,0.0,0,0,0.0,5.204597115516663e-05,1.0371775167916766,1.0663121381470546,0.027322788809293373,5.062656498569171e-05,-0.0047676703087266206
179,12.9,0.005455962587685135,1.0,0.15204597115516663,0.7633860517302369,0.15204597115516663,0.15204597115516663,0.052045971155166626,0.15204597115516663,0.1,0.052045971155166626,0.0,0,0,0.00028396087146232877,0.0001,1.0373683168715269,1.0663121381470546,0.027143854261871037,0.0,-0.0070972542495516665
180,12.66,-0.018604651162790715,1.0,0.25204597115516664,0.7642807267615188,0.25204597115516664,0.25204597115516664,0.15204597115516663,0.25204597115516664,0.1,0.1,0.052045971155166626,0,0,-0.0028287622540496145,0.0001,1.0343301117015267,1.0663121381470546,0.029993118620128958,0.0028492643582579205,-0.00905272542667461
181,12.44,-0.017377567140600365,-0.30909693241119385,0.22113627791404725,0.7500344064099167,0.22113627791404725,0.22113627791404725,0.25204597115516664,0.22113627791404725,-0.03090969324111939,0.1,0.15204597115516663,0,0,-0.004379945786266731,3.090969324111939e-05,1.029767831060708,1.0663121381470546,0.03427167878802379,0.004278560167894834,-0.009954198073113225
182,13.03,0.04742765273311896,-1.0,0.12113627791404724,0.7286416009086328,0.12113627791404724,0.12113627791404724,0.22113627791404725,0.12113627791404724,-0.1,0.0,0.22113627791404725,0,0,0.010487974595601917,0.0001,1.0404650331291347,1.0663121381470546,0.024239717521020384,0.0,0.00585271111266633
183,12.72,-0.02379125095932454,0.2798117697238922,0.14911745488643646,0.7788014147435959,0.14911745488643646,0.14911745488643646,0.12113627791404724,0.14911745488643646,0.02798117697238922,0.0,0.12113627791404724,0,0,-0.0028819835881315806,2.7981176972389222e-05,1.0374373165434063,1.0663121381470546,0.027079145562222025,0.002839428041201641,-0.007164837777198604
184,12.49,-0.018081761006289342,-1.0,0.04911745488643646,0.7646042682239321,0.04911745488643646,0.04911745488643646,0.14911745488643646,0.04911745488643646,-0.1,0.02798117697238922,0.12113627791404724,0,0,-0.002696306181122677,0.0001,1.0345363241626286,1.0663121381470546,0.029799730161229568,0.002720584599007543,-0.004215818304715763
185,12.53,0.0032025620496396435,-1.0,0.0,0.751001352072987,0.0,0.0,0.04911745488643646,0.0,-0.04911745488643646,0.0,0.04911745488643646,0,0,0.00015730169699418867,4.911745488643646e-05,1.0346482446907912,1.0663121381470546,0.029694769780344243,0.0,-0.0002637268499947754
186,12.32,-0.016759776536312776,-1.0,0.0,0.7515261523437697,0.0,0.0,0.0,0.0,0.0,0.0,0.0,0,0,-0.0,0.0,1.0346482446907912,1.0663121381470546,0.029694769780344243,0.0,-0.0006505675337248482
187,13.1,0.06331168831168826,-1.0,0.0,0.7515261523437697,0.0,0.0,0.0,0.0,0.0,0.0,0.0,0,0,0.0,0.0,1.0346482446907912,1.0663121381470546,0.029694769780344243,0.0,-0.0002
188,14.73,0.12442748091603059,0.2520219087600708,0.025202190876007082,0.7515261523437697,0.025202190876007082,0.025202190876007082,0.0,0.0,0.0,0.0,0.0,1,0,0.0,0.0,1.0346482446907912,1.0663121381470546,0.029694769780344243,0.0,-0.0027376400800586047
189,16.43,0.1154107264086897,1.0,0.1,0.7515261523437697,0.1,0.1,0.0,0.0,0.0,0.0,0.0,1,0,0.0,0.0,1.0346482446907912,1.0663121381470546,0.029694769780344243,0.0,-0.012870795952446713
190,14.71,-0.10468654899573944,1.0,0.1,0.7515261523437697,0.1,0.1,0.0,0.1,0.1,0.0,0.0,0,1,-0.0,0.0001,1.034544779866322,1.0663121381470546,0.02979180030336623,9.703052302198825e-05,-0.014724981726420394
191,13.9,-0.05506458191706325,1.0,0.2,0.7510409984749875,0.2,0.2,0.1,0.2,0.1,0.1,0.0,0,0,-0.005506458191706326,0.0001,1.0287446478105535,1.0663121381470546,0.035231232012216084,0.005439431708849852,-0.014450163209782674
192,14.0,0.007194244604316521,0.392697274684906,0.23926972746849062,0.7238438367862667,0.23926972746849062,0.23926972746849062,0.2,0.23926972746849062,0.03926972746849061,0.1,0.1,0,0,0.0014388489208633044,3.926972746849061e-05,1.0301844574149455,1.0663121381470546,0.03388096171810322,0.0,-0.004431041850282565
193,13.75,-0.017857142857142856,-1.0,0.13926972746849062,0.730595199020452,0.13926972746849062,0.13926972746849062,0.23926972746849062,0.13926972746849062,-0.1,0.03926972746849061,0.2,0,0,-0.004272673704794475,0.0001,1.0256797969269191,1.0663121381470546,0.03810548503249983,0.004224523314396614,-0.00972044518493059
194,12.99,-0.05527272727272726,-1.0,0.03926972746849061,0.7094725795112831,0.03926972746849061,0.03926972746849061,0.13926972746849062,0.03926972746849061,-0.1,0.0,0.13926972746849062,0,0,-0.007697817663712934,0.0001,1.017681732889129,1.0663121381470546,0.0456061630719419,0.007500678039442071,-0.00812518109412911
195,12.83,-0.012317167051578148,-1.0,0.0,0.6719691880079328,0.0,0.0,0.03926972746849061,0.0,-0.03926972746849061,0.0,0.03926972746849061,0,0,-0.00048369179329934593,3.926972746849061e-05,1.0171495245024398,1.0663121381470546,0.04610527432431313,0.0004991112523712246,-0.0008604055669075537
196,12.32,-0.039750584567420096,-1.0,0.0,0.6694736346635071,0.0,0.0,0.0,0.0,0.0,0.0,0.0,0,0,-0.0,0.0,1.0171495245024398,1.0663121381470546,0.04610527432431313,0.0,-0.0002
197,12.24,-0.006493506493506499,-1.0,0.0,0.6694736346635071,0.0,0.0,0.0,0.0,0.0,0.0,0.0,0,0,-0.0,0.0,1.0171495245024398,1.0663121381470546,0.04610527432431313,0.0,-0.0002
198,10.74,-0.12254901960784313,-1.0,0.0,0.6694736346635071,0.0,0.0,0.0,0.0,0.0,0.0,0.0,0,1,-0.0,0.0,1.0171495245024398,1.0663121381470546,0.04610527432431313,0.0,-0.0002
199,11.0,0.02420856610800743,-1.0,0.0,0.6694736346635071,0.0,0.0,0.0,0.0,0.0,0.0,0.0,0,0,0.0,0.0,1.0171495245024398,1.0663121381470546,0.04610527432431313,0.0,-0.0002
200,10.78,-0.02000000000000006,-1.0,0.0,0.6694736346635071,0.0,0.0,0.0,0.0,0.0,0.0,0.0,0,0,-0.0,0.0,1.0171495245024398,1.0663121381470546,0.04610527432431313,0.0,-0.0002
201,10.65,-0.012059369202226253,-1.0,0.0,0.6694736346635071,0.0,0.0,0.0,0.0,0.0,0.0,0.0,0,0,-0.0,0.0,1.0171495245024398,1.0663121381470546,0.04610527432431313,0.0,-0.0002
202,11.04,0.036619718309859044,-1.0,0.0,0.6694736346635071,0.0,0.0,0.0,0.0,0.0,0.0,0.0,0,0,0.0,0.0,1.0171495245024398,1.0663121381470546,0.04610527432431313,0.0,-0.0002
203,10.7,-0.030797101449275353,-1.0,0.0,0.6694736346635071,0.0,0.0,0.0,0.0,0.0,0.0,0.0,0,0,-0.0,0.0,1.0171495245024398,1.0663121381470546,0.04610527432431313,0.0,-0.0002
204,10.43,-0.025233644859813047,-1.0,0.0,0.6694736346635071,0.0,0.0,0.0,0.0,0.0,0.0,0.0,0,0,-0.0,0.0,1.0171495245024398,1.0663121381470546,0.04610527432431313,0.0,-0.0002
205,10.71,0.026845637583892728,-1.0,0.0,0.6694736346635071,0.0,0.0,0.0,0.0,0.0,0.0,0.0,0,0,0.0,0.0,1.0171495245024398,1.0663121381470546,0.04610527432431313,0.0,-0.0002
206,10.65,-0.0056022408963585894,-1.0,0.0,0.6694736346635071,0.0,0.0,0.0,0.0,0.0,0.0,0.0,0,0,-0.0,0.0,1.0171495245024398,1.0663121381470546,0.04610527432431313,0.0,-0.0002
207,10.02,-0.05915492957746486,-1.0,0.0,0.6694736346635071,0.0,0.0,0.0,0.0,0.0,0.0,0.0,0,0,-0.0,0.0,1.0171495245024398,1.0663121381470546,0.04610527432431313,0.0,-0.0002
208,10.02,0.0,-1.0,0.0,0.6694736346635071,0.0,0.0,0.0,0.0,0.0,0.0,0.0,0,0,0.0,0.0,1.0171495245024398,1.0663121381470546,0.04610527432431313,0.0,-0.0002
209,10.32,0.029940119760479115,-1.0,0.0,0.6694736346635071,0.0,0.0,0.0,0.0,0.0,0.0,0.0,0,0,0.0,0.0,1.0171495245024398,1.0663121381470546,0.04610527432431313,0.0,-0.0002
210,10.19,-0.012596899224806278,-1.0,0.0,0.6694736346635071,0.0,0.0,0.0,0.0,0.0,0.0,0.0,0,0,-0.0,0.0,1.0171495245024398,1.0663121381470546,0.04610527432431313,0.0,-0.0002
211,9.86,-0.03238469087340531,-1.0,0.0,0.6694736346635071,0.0,0.0,0.0,0.0,0.0,0.0,0.0,0,0,-0.0,0.0,1.0171495245024398,1.0663121381470546,0.04610527432431313,0.0,-0.0002
212,9.72,-0.014198782961460325,-1.0,0.0,0.6694736346635071,0.0,0.0,0.0,0.0,0.0,0.0,0.0,0,0,-0.0,0.0,1.0171495245024398,1.0663121381470546,0.04610527432431313,0.0,-0.0002
213,10.08,0.03703703703703698,-1.0,0.0,0.6694736346635071,0.0,0.0,0.0,0.0,0.0,0.0,0.0,0,0,0.0,0.0,1.0171495245024398,1.0663121381470546,0.04610527432431313,0.0,-0.0002
214,10.22,0.013888888888888945,-1.0,0.0,0.6694736346635071,0.0,0.0,0.0,0.0,0.0,0.0,0.0,0,0,0.0,0.0,1.0171495245024398,1.0663121381470546,0.04610527432431313,0.0,-0.0002
215,10.45,0.022504892367905933,-1.0,0.0,0.6694736346635071,0.0,0.0,0.0,0.0,0.0,0.0,0.0,0,0,0.0,0.0,1.0171495245024398,1.0663121381470546,0.04610527432431313,0.0,-0.0002
216,10.29,-0.01531100478468901,-1.0,0.0,0.6694736346635071,0.0,0.0,0.0,0.0,0.0,0.0,0.0,0,0,-0.0,0.0,1.0171495245024398,1.0663121381470546,0.04610527432431313,0.0,-0.0012753090476158595
217,10.5,0.020408163265306208,-1.0,0.0,0.6694736346635071,0.0,0.0,0.0,0.0,0.0,0.0,0.0,0,0,0.0,0.0,1.0171495245024398,1.0663121381470546,0.04610527432431313,0.0,-0.002143889673183361
218,10.2,-0.02857142857142864,0.6769171357154846,0.06769171357154846,0.6694736346635071,0.06769171357154846,0.06769171357154846,0.0,0.06769171357154846,0.06769171357154846,0.0,0.0,0,0,-0.0,6.769171357154846e-05,1.0170806719081678,1.0663121381470546,0.04616984509286095,6.457076854782251e-05,-0.004497542259777587
219,9.9,-0.029411764705882252,-1.0,0.0,0.669150782379799,0.0,0.0,0.06769171357154846,0.06769171357154846,-0.0,0.06769171357154846,0.0,0,0,-0.0019909327521043596,0.0,1.0150557326869334,1.0663121381470546,0.04806885678821043,0.0018990116953494784,-0.0020975220982092243
220,9.9,0.0,-1.0,0.0,0.6596557252144137,0.0,0.0,0.06769171357154846,0.0,-0.06769171357154846,0.0,0.06769171357154846,0,0,0.0,6.769171357154846e-05,1.0149870218250172,1.0663121381470546,0.048133294638496534,6.443785028610594e-05,-0.0005046127110719681
221,9.65,-0.025252525252525252,-1.0,0.0,0.6593335248565078,0.0,0.0,0.0,0.0,0.0,0.0,0.0,0,0,-0.0,0.0,1.0149870218250172,1.0663121381470546,0.048133294638496534,0.0,-0.0002
222,8.5,-0.11917098445595858,-1.0,0.0,0.6593335248565078,0.0,0.0,0.0,0.0,0.0,0.0,0.0,0,1,-0.0,0.0,1.0149870218250172,1.0663121381470546,0.048133294638496534,0.0,-0.0002
223,8.92,0.04941176470588234,-1.0,0.0,0.6593335248565078,0.0,0.0,0.0,0.0,0.0,0.0,0.0,0,0,0.0,0.0,1.0149870218250172,1.0663121381470546,0.048133294638496534,0.0,-0.0002
224,8.73,-0.021300448430493217,-1.0,0.0,0.6593335248565078,0.0,0.0,0.0,0.0,0.0,0.0,0.0,0,0,-0.0,0.0,1.0149870218250172,1.0663121381470546,0.048133294638496534,0.0,-0.0002
225,8.76,0.0034364261168384146,-1.0,0.0,0.6593335248565078,0.0,0.0,0.0,0.0,0.0,0.0,0.0,0,0,0.0,0.0,1.0149870218250172,1.0663121381470546,0.048133294638496534,0.0,-0.0002
226,8.63,-0.014840182648401713,-1.0,0.0,0.6593335248565078,0.0,0.0,0.0,0.0,0.0,0.0,0.0,0,0,-0.0,0.0,1.0149870218250172,1.0663121381470546,0.048133294638496534,0.0,-0.0002
227,8.51,-0.01390498261877184,-1.0,0.0,0.6593335248565078,0.0,0.0,0.0,0.0,0.0,0.0,0.0,0,0,-0.0,0.0,1.0149870218250172,1.0663121381470546,0.048133294638496534,0.0,-0.0002
228,8.47,-0.004700352526439383,-1.0,0.0,0.6593335248565078,0.0,0.0,0.0,0.0,0.0,0.0,0.0,0,0,-0.0,0.0,1.0149870218250172,1.0663121381470546,0.048133294638496534,0.0,-0.0002
229,8.66,0.02243211334120419,-1.0,0.0,0.6593335248565078,0.0,0.0,0.0,0.0,0.0,0.0,0.0,0,0,0.0,0.0,1.0149870218250172,1.0663121381470546,0.048133294638496534,0.0,-0.0002
230,8.9,0.027713625866050834,-1.0,0.0,0.6593335248565078,0.0,0.0,0.0,0.0,0.0,0.0,0.0,0,0,0.0,0.0,1.0149870218250172,1.0663121381470546,0.048133294638496534,0.0,-0.0002
231,9.27,0.04157303370786508,-1.0,0.0,0.6593335248565078,0.0,0.0,0.0,0.0,0.0,0.0,0.0,0,0,0.0,0.0,1.0149870218250172,1.0663121381470546,0.048133294638496534,0.0,-0.0002
232,9.19,-0.008629989212513492,-0.5196109414100647,0.0,0.6593335248565078,0.0,0.0,0.0,0.0,0.0,0.0,0.0,0,0,-0.0,0.0,1.0149870218250172,1.0663121381470546,0.048133294638496534,0.0,-0.0039220311733939835
233,8.99,-0.021762785636561404,-0.696411669254303,0.0,0.6593335248565078,0.0,0.0,0.0,0.0,0.0,0.0,0.0,0,0,-0.0,0.0,1.0149870218250172,1.0663121381470546,0.048133294638496534,0.0,-0.004030712564760711
234,9.06,0.007786429365962212,-1.0,0.0,0.6593335248565078,0.0,0.0,0.0,0.0,0.0,0.0,0.0,0,0,0.0,0.0,1.0149870218250172,1.0663121381470546,0.048133294638496534,0.0,-0.0026305202962777666
235,9.1,0.004415011037527499,-1.0,0.0,0.6593335248565078,0.0,0.0,0.0,0.0,0.0,0.0,0.0,0,0,0.0,0.0,1.0149870218250172,1.0663121381470546,0.048133294638496534,0.0,-0.0022113712815531443
236,9.0,-0.01098901098901095,-1.0,0.0,0.6593335248565078,0.0,0.0,0.0,0.0,0.0,0.0,0.0,0,0,-0.0,0.0,1.0149870218250172,1.0663121381470546,0.048133294638496534,0.0,-0.0011933048623469905
237,10.21,0.13444444444444453,-1.0,0.0,0.6593335248565078,0.0,0.0,0.0,0.0,0.0,0.0,0.0,1,0,0.0,0.0,1.0149870218250172,1.0663121381470546,0.048133294638496534,0.0,-0.0002
238,10.25,0.00391772771792352,1.0,0.1,0.6593335248565078,0.1,0.1,0.0,0.1,0.1,0.0,0.0,0,0,0.0,0.0001,1.0148855231228346,1.0663121381470546,0.04822848130903275,9.518667053621394e-05,-0.008248356490307304
239,10.36,0.010731707317073116,1.0,0.2,0.6588576003944396,0.2,0.2,0.1,0.2,0.1,0.1,0.0,0,0,0.0010731707317073117,0.0001,1.0158731800099712,1.0663121381470546,0.04730224512377015,0.0,-0.006550749981954916
240,10.21,-0.014478764478764342,1.0,0.30000000000000004,0.6634887695346627,0.30000000000000004,0.30000000000000004,0.2,0.30000000000000004,0.10000000000000003,0.1,0.1,0,0,-0.0028957528957528687,0.00010000000000000003,1.0128298749892386,1.0663121381470546,0.0501562921817179,0.002854047057947756,-0.009120811691490217
241,10.1,-0.010773751224290029,0.24764186143875122,0.32476418614387514,0.6492185421325709,0.32476418614387514,0.32476418614387514,0.30000000000000004,0.32476418614387514,0.0247641861438751,0.10000000000000003,0.2,0,0,-0.003232125367287009,2.47641861438751e-05,1.0095311999499834,1.0663121381470546,0.053249828231103344,0.003093536049385441,-0.008096336791688412
242,9.63,-0.04653465346534642,-0.634433388710022,0.26132084727287297,0.6337508574169712,0.26132084727287297,0.26132084727287297,0.32476418614387514,0.26132084727287297,-0.06344333887100218,0.0247641861438751,0.30000000000000004,0,0,-0.01511278886016049,6.344333887100218e-05,0.9942103200473755,1.0663121381470546,0.06761792867234111,0.014368100441237763,-0.029572267179691008
243,9.66,0.0031152647975077213,-1.0,0.16132084727287296,0.5523879345518332,0.16132084727287296,0.16132084727287296,0.26132084727287297,0.16132084727287296,-0.1,0.0,0.26132084727287297,0,0,0.0008140836363640728,0.0001,0.9949202693680257,1.0663121381470546,0.06695212989236675,0.0,0.00044526149526889395
244,9.68,0.0020703933747411567,-1.0,0.06132084727287296,0.5565491769473686,0.06132084727287296,0.06132084727287296,0.16132084727287296,0.06132084727287296,-0.1,0.0,0.16132084727287296,0,0,0.0003339976134013862,0.0001,0.9951530783365825,1.0663121381470546,0.06673379891757228,0.0,-8.146602602104783e-05
245,9.74,0.006198347107438068,-1.0,0.0,0.5579137507836611,0.0,0.0,0.06132084727287296,0.0,-0.06132084727287296,0.0,0.06132084727287296,0,0,0.0003800878963194636,6.132084727287296e-05,0.9954703003467135,1.0663121381470546,0.06643630440467835,0.0,-9.585591640846473e-05
246,9.72,-0.0020533880903490323,-1.0,0.0,0.5597730897377057,0.0,0.0,0.0,0.0,0.0,0.0,0.0,0,0,-0.0,0.0,0.9954703003467135,1.0663121381470546,0.06643630440467835,0.0,-0.0002
247,9.71,-0.0010288065843621179,-1.0,0.0,0.5597730897377057,0.0,0.0,0.0,0.0,0.0,0.0,0.0,0,0,-0.0,0.0,0.9954703003467135,1.0663121381470546,0.06643630440467835,0.0,-0.0002
248,9.61,-0.01029866117404752,-1.0,0.0,0.5597730897377057,0.0,0.0,0.0,0.0,0.0,0.0,0.0,0,0,-0.0,0.0,0.9954703003467135,1.0663121381470546,0.06643630440467835,0.0,-0.0013746839018028447
249,9.76,0.015608740894901182,-1.0,0.0,0.5597730897377057,0.0,0.0,0.0,0.0,0.0,0.0,0.0,0,0,0.0,0.0,0.9954703003467135,1.0663121381470546,0.06643630440467835,0.0,-0.0002
250,9.31,-0.04610655737704911,-1.0,0.0,0.5597730897377057,0.0,0.0,0.0,0.0,0.0,0.0,0.0,0,0,-0.0,0.0,0.9954703003467135,1.0663121381470546,0.06643630440467835,0.0,-0.0011712926234302445
251,9.41,0.010741138560687395,-1.0,0.0,0.5597730897377057,0.0,0.0,0.0,0.0,0.0,0.0,0.0,0,0,0.0,0.0,0.9954703003467135,1.0663121381470546,0.06643630440467835,0.0,-0.0002
252,9.2,-0.022316684378321027,-1.0,0.0,0.5597730897377057,0.0,0.0,0.0,0.0,0.0,0.0,0.0,0,0,-0.0,0.0,0.9954703003467135,1.0663121381470546,0.06643630440467835,0.0,-0.0002
253,9.38,0.019565217391304512,-1.0,0.0,0.5597730897377057,0.0,0.0,0.0,0.0,0.0,0.0,0.0,0,0,0.0,0.0,0.9954703003467135,1.0663121381470546,0.06643630440467835,0.0,-0.0002
254,10.01,0.0671641791044775,-1.0,0.0,0.5597730897377057,0.0,0.0,0.0,0.0,0.0,0.0,0.0,0,0,0.0,0.0,0.9954703003467135,1.0663121381470546,0.06643630440467835,0.0,-0.0002
255,10.36,0.03496503496503493,-0.7428339123725891,0.0,0.5597730897377057,0.0,0.0,0.0,0.0,0.0,0.0,0.0,0,0,0.0,0.0,0.9954703003467135,1.0663121381470546,0.06643630440467835,0.0,-0.002672829135725785
256,10.2,-0.015444015444015458,1.0,0.1,0.5597730897377057,0.1,0.1,0.0,0.1,0.1,0.0,0.0,0,0,-0.0,0.0001,0.9953707533166788,1.0663121381470546,0.06652966077423787,9.335636955952464e-05,-0.006940943795568996
257,10.26,0.00588235294117652,-0.7596822381019592,0.02403177618980408,0.5591896161447237,0.02403177618980408,0.02403177618980408,0.1,0.1,-0.0,0.1,0.0,0,0,0.000588235294117652,0.0,0.995956265524512,1.0663121381470546,0.06598056057469344,0.0,-0.004278302837860914
258,10.34,0.007797270955165699,0.7622821927070618,0.1762282192707062,0.5626214932659672,0.1762282192707062,0.1762282192707062,0.1,0.1762282192707062,0.0762282192707062,0.0,0.1,0,0,0.0007797270955165699,7.62282192707062e-05,0.9966569196380984,1.0663121381470546,0.06532347894866603,0.0,-0.004845970491688244
259,10.62,0.027079303675048294,-0.4077150821685791,0.1354567110538483,0.5667282532908889,0.1354567110538483,0.1354567110538483,0.1762282192707062,0.1354567110538483,-0.040771508216857905,0.0762282192707062,0.1,0,0,0.004772137465744451,4.0771508216857907e-05,1.0013724682590084,1.0663121381470546,0.060901182275663476,0.0,-0.0009235972563067984
260,10.37,-0.02354048964218456,0.015850143507122993,0.13704172540456058,0.5943676022814132,0.13704172540456058,0.13704172540456058,0.1354567110538483,0.13704172540456058,0.0015850143507122882,0.0,0.1354567110538483,0,0,-0.003188717303527503,1.5850143507122882e-06,0.9981777873524622,1.0663121381470546,0.06389719141056614,0.0029960091349026663,-0.00774754687270063
261,9.84,-0.05110896817743485,-1.0,0.03704172540456058,0.5756425470119844,0.03704172540456058,0.03704172540456058,0.13704172540456058,0.03704172540456058,-0.1,0.0015850143507122882,0.1354567110538483,0,0,-0.007004061182682451,0.0001,0.9910866712799157,1.0663121381470546,0.07054732303606641,0.006650131625500266,-0.008960397170662344
262,9.57,-0.02743902439024386,-1.0,0.0,0.5340792503224402,0.0,0.0,0.03704172540456058,0.0,-0.03704172540456058,0.0,0.03704172540456058,0,0,-0.0010163888068324533,3.704172540456058e-05,0.9900426303202964,1.0663121381470546,0.07152643686424953,0.000979113828183123,-0.001383076571152976
263,9.28,-0.030303030303030398,-1.0,0.0,0.5279597625154385,0.0,0.0,0.0,0.0,0.0,0.0,0.0,0,0,-0.0,0.0,0.9900426303202964,1.0663121381470546,0.07152643686424953,0.0,-0.0002
264,9.19,-0.00969827586206895,-1.0,0.0,0.5279597625154385,0.0,0.0,0.0,0.0,0.0,0.0,0.0,0,0,-0.0,0.0,0.9900426303202964,1.0663121381470546,0.07152643686424953,0.0,-0.0002
265,9.3,0.011969532100108945,-1.0,0.0,0.5279597625154385,0.0,0.0,0.0,0.0,0.0,0.0,0.0,0,0,0.0,0.0,0.9900426303202964,1.0663121381470546,0.07152643686424953,0.0,-0.0002
266,9.24,-0.006451612903225859,-1.0,0.0,0.5279597625154385,0.0,0.0,0.0,0.0,0.0,0.0,0.0,0,0,-0.0,0.0,0.9900426303202964,1.0663121381470546,0.07152643686424953,0.0,-0.0002
267,9.81,0.061688311688311716,-1.0,0.0,0.5279597625154385,0.0,0.0,0.0,0.0,0.0,0.0,0.0,0,0,0.0,0.0,0.9900426303202964,1.0663121381470546,0.07152643686424953,0.0,-0.0002
268,10.44,0.06422018348623842,-1.0,0.0,0.5279597625154385,0.0,0.0,0.0,0.0,0.0,0.0,0.0,0,0,0.0,0.0,0.9900426303202964,1.0663121381470546,0.07152643686424953,0.0,-0.0018687606437074952
269,10.64,0.019157088122605467,1.0,0.1,0.5279597625154385,0.1,0.1,0.0,0.1,0.1,0.0,0.0,0,0,0.0,0.0001,0.9899436260572644,1.0663121381470546,0.07161928422056309,9.284735631355512e-05,-0.0074537657387870335
270,11.24,0.056390977443608985,1.0,0.2,0.5273794554192102,0.2,0.2,0.1,0.2,0.1,0.1,0.0,0,0,0.0056390977443608985,0.0001,0.9954270205634027,1.0663121381470546,0.06647689269188096,0.0,-0.001560352421951657
271,11.31,0.006227758007117463,1.0,0.30000000000000004,0.5595193974683867,0.30000000000000004,0.30000000000000004,0.2,0.30000000000000004,0.10000000000000003,0.1,0.1,0,0,0.0012455516014234927,0.00010000000000000003,0.9965673335809094,1.0663121381470546,0.06540749380133822,0.0,-0.0058082017471607576
272,12.04,0.06454465075154718,1.0,0.4,0.5662031736233338,0.4,0.4,0.30000000000000004,0.4,0.09999999999999998,0.10000000000000003,0.2,0,0,0.019363395225464156,9.999999999999998e-05,1.0157646039964654,1.0663121381470546,0.0474040689796764,0.0,0.014106003006011069
273,11.72,-0.026578073089700876,1.0,0.5,0.6629796527360362,0.5,0.5,0.4,0.5,0.09999999999999998,0.09999999999999998,0.30000000000000004,0,0,-0.01063122923588035,9.999999999999998e-05,1.004864201181286,1.0663121381470546,0.057626594284622405,0.010222525304946002,-0.014822555697841874
274,12.1,0.03242320819112619,-1.0,0.4,0.6118670307146852,0.4,0.4,0.5,0.4,-0.09999999999999998,0.09999999999999998,0.4,0,0,0.016211604095563097,9.999999999999998e-05,1.0210541753605231,1.0663121381470546,0.042443447061548865,0.0,0.011821191525918217
275,11.77,-0.02727272727272728,0.3022526502609253,0.43022526502609254,0.687782765927736,0.43022526502609254,0.43022526502609254,0.4,0.43022526502609254,0.030225265026092518,0.0,0.4,0,0,-0.010909090909090912,3.022526502609252e-05,1.009884540905352,1.0663121381470546,0.05291846094874017,0.010475013887191305,-0.01586679469988528
276,11.9,0.011045029736618589,-1.0,0.3302252650260925,0.6354076989036224,0.3302252650260925,0.3302252650260925,0.43022526502609254,0.3302252650260925,-0.10000000000000003,0.030225265026092518,0.4,0,0,0.004751850845657805,0.00010000000000000003,1.0145823731609795,1.0663121381470546,0.04851277889039751,0.0,0.0012377177347533605
277,11.18,-0.06050420168067232,-1.0,0.2302252650260925,0.6574361041223881,0.2302252650260925,0.2302252650260925,0.3302252650260925,0.2302252650260925,-0.1,0.0,0.3302252650260925,0,0,-0.01998001603519217,0.0001,0.9942095428388837,1.0663121381470546,0.06761865754755877,0.019105878657161263,-0.04291851370799578
278,11.35,0.015205724508050083,-1.0,0.1302252650260925,0.5523833710712177,0.1302252650260925,0.1302252650260925,0.2302252650260925,0.1302252650260925,-0.1,0.0,0.2302252650260925,0,0,0.0035007419547795804,0.0001,0.9975905929430583,1.0663121381470546,0.06444786919842692,0.0,0.0031187019420045666
279,11.03,-0.028193832599118968,-1.0,0.03022526502609249,0.5722007978714502,0.03022526502609249,0.03022526502609249,0.1302252650260925,0.03022526502609249,-0.1,0.0,0.1302252650260925,0,0,-0.003671549322321554,0.0001,0.9938281308182896,1.0663121381470546,0.06797635020334805,0.003528481004921133,-0.004187783543908346
280,11.32,0.026291931097008246,-1.0,0.0,0.5501478243631667,0.0,0.0,0.03022526502609249,0.0,-0.03022526502609249,0.0,0.03022526502609249,0,0,0.0007946805854548369,3.0225265026092492e-05,0.9945878680204853,1.0663121381470546,0.06726385976549569,0.0,0.0004586668928374208
281,11.16,-0.01413427561837457,-1.0,0.0,0.5546008966874505,0.0,0.0,0.0,0.0,0.0,0.0,0.0,0,0,-0.0,0.0,0.9945878680204853,1.0663121381470546,0.06726385976549569,0.0,-0.0002
282,11.47,0.02777777777777782,-1.0,0.0,0.5546008966874505,0.0,0.0,0.0,0.0,0.0,0.0,0.0,0,0,0.0,0.0,0.9945878680204853,1.0663121381470546,0.06726385976549569,0.0,-0.0002
283,11.96,0.04272013949433306,-0.39789730310440063,0.0,0.5546008966874505,0.0,0.0,0.0,0.0,0.0,0.0,0.0,0,0,0.0,0.0,0.9945878680204853,1.0663121381470546,0.06726385976549569,0.0,-0.003372117574639405
284,12.08,0.010033444816053446,1.0,0.1,0.5546008966874505,0.1,0.1,0.0,0.1,0.1,0.0,0.0,0,0,0.0,0.0001,0.9944884092336832,1.0663121381470546,0.06735713337951915,9.32736140234619e-05,-0.00520169767408746
285,12.15,0.00579470198675499,0.40456998348236084,0.1404569983482361,0.5540179353218845,0.1404569983482361,0.1404569983482361,0.1,0.1404569983482361,0.0404569983482361,0.1,0.0,0,0,0.000579470198675499,4.04569983482361e-05,0.9950244516138325,1.0663121381470546,0.0668544265632198,0.0,-0.005533084501075191
286,12.26,0.009053497942386784,-0.9530444741249084,0.04515255093574526,0.5571598451595288,0.04515255093574526,0.04515255093574526,0.1404569983482361,0.04515255093574526,-0.09530444741249085,0.0404569983482361,0.1,0,0,0.0012716271455395795,9.530444741249085e-05,0.9961949214614572,1.0663121381470546,0.0657567462445294,0.0,-0.005067302507556218
287,12.31,0.004078303425774935,0.8198731541633606,0.12713986635208133,0.5640203397730047,0.12713986635208133,0.12713986635208133,0.04515255093574526,0.12713986635208133,0.08198731541633607,0.0,0.04515255093574526,0,0,0.00018414580316372716,8.198731541633607e-05,0.9962966912281354,1.0663121381470546,0.06566130536653748,0.0,-0.006114538239293584
288,12.05,-0.02112103980503654,-0.971072793006897,0.030032587051391627,0.5646168518820309,0.030032587051391627,0.030032587051391627,0.12713986635208133,0.08198731541633607,-0.04515255093574526,0.08198731541633607,0.04515255093574526,0,0,-0.0026853261780293352,4.515255093574526e-05,0.9935763243049986,1.0663121381470546,0.06821249729788315,0.0025511919313456616,-0.008125717925844982
289,12.16,0.009128630705394143,-1.0,0.0,0.5486719109130817,0.0,0.0,0.08198731541633607,0.0,-0.08198731541633607,0.0,0.08198731541633607,0,0,0.0007484319249624,8.198731541633607e-05,0.9942384878905044,1.0663121381470546,0.06759151253946485,0.0,-0.001292854624459514
290,12.26,0.008223684210526286,-1.0,0.0,0.5525530580443084,0.0,0.0,0.0,0.0,0.0,0.0,0.0,0,0,0.0,0.0,0.9942384878905044,1.0663121381470546,0.06759151253946485,0.0,-0.0016977136018057292
291,11.83,-0.03507340946166392,-0.930151641368866,0.0,0.5525530580443084,0.0,0.0,0.0,0.0,0.0,0.0,0.0,0,0,-0.0,0.0,0.9942384878905044,1.0663121381470546,0.06759151253946485,0.0,-0.0019616458093936013
292,11.12,-0.06001690617075239,-1.0,0.0,0.5525530580443084,0.0,0.0,0.0,0.0,0.0,0.0,0.0,0,0,-0.0,0.0,0.9942384878905044,1.0663121381470546,0.06759151253946485,0.0,-0.0002
293,11.31,0.017086330935251914,-1.0,0.0,0.5525530580443084,0.0,0.0,0.0,0.0,0.0,0.0,0.0,0,0,0.0,0.0,0.9942384878905044,1.0663121381470546,0.06759151253946485,0.0,-0.0002
294,11.44,0.01149425287356313,-1.0,0.0,0.5525530580443084,0.0,0.0,0.0,0.0,0.0,0.0,0.0,0,0,0.0,0.0,0.9942384878905044,1.0663121381470546,0.06759151253946485,0.0,-0.0002
295,11.44,0.0,-1.0,0.0,0.5525530580443084,0.0,0.0,0.0,0.0,0.0,0.0,0.0,0,0,0.0,0.0,0.9942384878905044,1.0663121381470546,0.06759151253946485,0.0,-0.0002
296,11.16,-0.02447552447552442,-1.0,0.0,0.5525530580443084,0.0,0.0,0.0,0.0,0.0,0.0,0.0,0,0,-0.0,0.0,0.9942384878905044,1.0663121381470546,0.06759151253946485,0.0,-0.0002
297,12.54,0.12365591397849453,-1.0,0.0,0.5525530580443084,0.0,0.0,0.0,0.0,0.0,0.0,0.0,1,0,0.0,0.0,0.9942384878905044,1.0663121381470546,0.06759151253946485,0.0,-0.0002
298,12.29,-0.019936204146730464,1.0,0.1,0.5525530580443084,0.1,0.1,0.0,0.1,0.1,0.0,0.0,0,0,-0.0,0.0001,0.9941390640417154,1.0663121381470546,0.06768475338821088,9.324084874602623e-05,-0.00763439006930177
299,11.98,-0.02522375915378346,-0.2969845235347748,0.07030154764652252,0.5519702829432573,0.07030154764652252,0.07030154764652252,0.1,0.1,-0.0,0.1,0.0,0,0,-0.0025223759153783464,0.0,0.9916314716100398,1.0663121381470546,0.07003640291180442,0.002351649523593541,-0.0076548420726377416
300,12.02,0.0033388981636059386,-1.0,0.0,0.5372724760339445,0.0,0.0,0.1,0.0,-0.1,0.0,0.1,0,0,0.0003338898163605939,0.0001,0.991863404112832,1.0663121381470546,0.0698188938968595,0.0,-0.0034949058363969426
301,11.35,-0.05574043261231281,-0.6640755534172058,0.0,0.5386319275960767,0.0,0.0,0.0,0.0,0.0,0.0,0.0,0,0,-0.0,0.0,0.991863404112832,1.0663121381470546,0.0698188938968595,0.0,-0.0035828722818434444
302,11.55,0.017621145374449435,-1.0,0.0,0.5386319275960767,0.0,0.0,0.0,0.0,0.0,0.0,0.0,0,0,0.0,0.0,0.991863404112832,1.0663121381470546,0.0698188938968595,0.0,-0.0002
303,11.18,-0.03203463203463212,-1.0,0.0,0.5386319275960767,0.0,0.0,0.0,0.0,0.0,0.0,0.0,0,0,-0.0,0.0,0.991863404112832,1.0663121381470546,0.0698188938968595,0.0,-0.0002
304,11.59,0.03667262969588552,-1.0,0.0,0.5386319275960767,0.0,0.0,0.0,0.0,0.0,0.0,0.0,0,0,0.0,0.0,0.991863404112832,1.0663121381470546,0.0698188938968595,0.0,-0.0002
305,11.77,0.015530629853321804,-1.0,0.0,0.5386319275960767,0.0,0.0,0.0,0.0,0.0,0.0,0.0,0,0,0.0,0.0,0.991863404112832,1.0663121381470546,0.0698188938968595,0.0,-0.0002
306,12.15,0.03228547153780805,-1.0,0.0,0.5386319275960767,0.0,0.0,0.0,0.0,0.0,0.0,0.0,0,0,0.0,0.0,0.991863404112832,1.0663121381470546,0.0698188938968595,0.0,-0.0002
307,11.86,-0.02386831275720172,0.7607479691505432,0.07607479691505432,0.5386319275960767,0.07607479691505432,0.07607479691505432,0.0,0.07607479691505432,0.07607479691505432,0.0,0.0,0,0,-0.0,7.607479691505432e-05,0.9917879483057966,1.0663121381470546,0.06988965723560053,7.076333874103669e-05,-0.004682019860083167
308,11.72,-0.011804384485666003,-1.0,0.0,0.5381896425054028,0.0,0.0,0.07607479691505432,0.07607479691505432,-0.0,0.07607479691505432,0.0,0,0,-0.0008980161524542591,0.0,0.9908973067084086,1.0663121381470546,0.0707249113469677,0.000835254111367173,-0.0025132975226602673
309,12.16,0.03754266211604091,-1.0,0.0,0.5329693000780412,0.0,0.0,0.07607479691505432,0.0,-0.07607479691505432,0.0,0.07607479691505432,0,0,0.002856050396128316,7.607479691505432e-05,0.9936519770423842,1.0663121381470546,0.06814154927555548,0.0,-0.00046492356966398765
310,12.18,0.0016447368421052282,0.3408534824848175,0.03408534824848175,0.549115313590845,0.03408534824848175,0.03408534824848175,0.0,0.03408534824848175,0.03408534824848175,0.0,0.0,0,0,0.0,3.408534824848175e-05,0.9936181080687089,1.0663121381470546,0.06817331199536672,3.176271981124301e-05,-0.0038794687014765666
311,12.23,0.004105090311986922,-0.49638044834136963,0.0,0.5489168021840707,0.0,0.0,0.03408534824848175,0.03408534824848175,-0.0,0.03408534824848175,0.0,0,0,0.00013992343287554283,0.0,0.9937571385253572,1.0663121381470546,0.06804292760633604,0.0,-0.002877422420392275
312,12.76,0.043336058871627094,-1.0,0.0,0.5497317094368388,0.0,0.0,0.03408534824848175,0.0,-0.03408534824848175,0.0,0.03408534824848175,0,0,0.0014771246583561166,3.408534824848175e-05,0.9951911691409492,1.0663121381470546,0.0666980769155393,0.0,-0.0004853133128685259
313,13.06,0.023510971786833913,1.0,0.1,0.5581370353709196,0.1,0.1,0.0,0.1,0.1,0.0,0.0,0,0,0.0,0.0001,0.9950916500240351,1.0663121381470546,0.06679140710784774,9.333019230843564e-05,-0.0059786633438342115
314,13.14,0.006125574272588061,1.0,0.2,0.5575537014763238,0.2,0.2,0.1,0.2,0.1,0.1,0.0,0,0,0.0006125574272588061,0.0001,0.9956016916400582,1.0663121381470546,0.06631308411237909,0.0,-0.0058616830611034
315,12.83,-0.02359208523592089,-0.395443856716156,0.1604556143283844,0.5605432469407647,0.1604556143283844,0.1604556143283844,0.2,0.1604556143283844,-0.03954438567161561,0.1,0.1,0,0,-0.004718417047184178,3.9544385671615615e-05,0.9908646571887487,1.0663121381470546,0.07075553044853454,0.004442446336155453,-0.010320346013345643
316,12.96,0.010132501948558128,-1.0,0.060455614328384394,0.5327779132889625,0.060455614328384394,0.060455614328384394,0.1604556143283844,0.060455614328384394,-0.1,0.0,0.1604556143283844,0,0,0.0016258168248394465,0.0001,0.9923765351538262,1.0663121381470546,0.06933767360250381,0.0,-0.003289749825172499
317,12.65,-0.02391975308641979,0.05294482782483101,0.06575009711086749,0.5416395407184648,0.06575009711086749,0.06575009711086749,0.060455614328384394,0.06575009711086749,0.005294482782483095,0.0,0.060455614328384394,0,0,-0.001446083367422777,5.294482782483095e-06,0.9909362218316404,1.0663121381470546,0.07068841628905768,0.0013507426865538713,-0.0062725191351117645
318,12.72,0.005533596837944687,-1.0,0.0,0.5331973809765589,0.0,0.0,0.06575009711086749,0.005294482782483095,-0.060455614328384394,0.005294482782483095,0.060455614328384394,0,0,0.00036383452946725243,6.04556143283844e-05,0.9912368509875914,1.0663121381470546,0.07040648274896559,0.0,-0.0005570125285725593
319,12.3,-0.033018867924528295,-1.0,0.0,0.534959489853816,0.0,0.0,0.005294482782483095,0.0,-0.005294482782483095,0.0,0.005294482782483095,0,0,-0.0001748178277234984,5.294482782483095e-06,0.9910583170281012,1.0663121381470546,0.07057391398518918,0.0001674312362235919,-0.00039864300024467235
320,12.54,0.01951219512195109,-1.0,0.0,0.5339130558090042,0.0,0.0,0.0,0.0,0.0,0.0,0.0,0,0,0.0,0.0,0.9910583170281012,1.0663121381470546,0.07057391398518918,0.0,-0.0002
321,12.73,0.015151515151515254,-1.0,0.0,0.5339130558090042,0.0,0.0,0.0,0.0,0.0,0.0,0.0,0,0,0.0,0.0,0.9910583170281012,1.0663121381470546,0.07057391398518918,0.0,-0.0002
322,12.85,0.009426551453259954,-1.0,0.0,0.5339130558090042,0.0,0.0,0.0,0.0,0.0,0.0,0.0,0,0,0.0,0.0,0.9910583170281012,1.0663121381470546,0.07057391398518918,0.0,-0.0002
323,12.57,-0.02178988326848244,-0.9041230082511902,0.0,0.5339130558090042,0.0,0.0,0.0,0.0,0.0,0.0,0.0,0,0,-0.0,0.0,0.9910583170281012,1.0663121381470546,0.07057391398518918,0.0,-0.002307143641946997
324,12.27,-0.023866348448687406,-1.0,0.0,0.5339130558090042,0.0,0.0,0.0,0.0,0.0,0.0,0.0,0,0,-0.0,0.0,0.9910583170281012,1.0663121381470546,0.07057391398518918,0.0,-0.0002
325,12.95,0.05541972290138547,-1.0,0.0,0.5339130558090042,0.0,0.0,0.0,0.0,0.0,0.0,0.0,0,0,0.0,0.0,0.9910583170281012,1.0663121381470546,0.07057391398518918,0.0,-0.0002
326,12.53,-0.03243243243243243,-0.5135056972503662,0.0,0.5339130558090042,0.0,0.0,0.0,0.0,0.0,0.0,0.0,0,0,-0.0,0.0,0.9910583170281012,1.0663121381470546,0.07057391398518918,0.0,-0.003135475803163456
327,12.73,0.015961691939345657,-1.0,0.0,0.5339130558090042,0.0,0.0,0.0,0.0,0.0,0.0,0.0,0,0,0.0,0.0,0.9910583170281012,1.0663121381470546,0.07057391398518918,0.0,-0.0002
328,12.61,-0.009426551453260093,-1.0,0.0,0.5339130558090042,0.0,0.0,0.0,0.0,0.0,0.0,0.0,0,0,-0.0,0.0,0.9910583170281012,1.0663121381470546,0.07057391398518918,0.0,-0.0002
329,12.94,0.026169706582077724,-1.0,0.0,0.5339130558090042,0.0,0.0,0.0,0.0,0.0,0.0,0.0,0,0,0.0,0.0,0.9910583170281012,1.0663121381470546,0.07057391398518918,0.0,-0.00032325818870341253
330,12.96,0.0015455950540959314,-0.31057077646255493,0.0,0.5339130558090042,0.0,0.0,0.0,0.0,0.0,0.0,0.0,0,0,0.0,0.0,0.9910583170281012,1.0663121381470546,0.07057391398518918,0.0,-0.003984263048082944
331,12.89,-0.005401234567901256,-1.0,0.0,0.5339130558090042,0.0,0.0,0.0,0.0,0.0,0.0,0.0,0,0,-0.0,0.0,0.9910583170281012,1.0663121381470546,0.07057391398518918,0.0,-0.0008201511569013758
332,13.03,0.010861132660977407,-1.0,0.0,0.5339130558090042,0.0,0.0,0.0,0.0,0.0,0.0,0.0,0,0,0.0,0.0,0.9910583170281012,1.0663121381470546,0.07057391398518918,0.0,-0.002237468126149199
333,13.16,0.009976976208749102,-0.9628435969352722,0.0,0.5339130558090042,0.0,0.0,0.0,0.0,0.0,0.0,0.0,0,0,0.0,0.0,0.9910583170281012,1.0663121381470546,0.07057391398518918,0.0,-0.00223140668592684
334,13.75,0.04483282674772035,-0.07333415746688843,0.0,0.5339130558090042,0.0,0.0,0.0,0.0,0.0,0.0,0.0,0,0,0.0,0.0,0.9910583170281012,1.0663121381470546,0.07057391398518918,0.0,-0.003677278691237982
335,13.77,0.0014545454545454234,1.0,0.1,0.5339130558090042,0.1,0.1,0.0,0.1,0.1,0.0,0.0,0,0,0.0,0.0001,0.9909592111963984,1.0663121381470546,0.07066685659379067,9.294260860148729e-05,-0.00531129769066093
336,13.15,-0.04502541757443713,0.09953731298446655,0.10995373129844666,0.5333321433531023,0.10995373129844666,0.10995373129844666,0.1,0.10995373129844666,0.00995373129844665,0.1,0.0,0,0,-0.004502541757443713,9.95373129844665e-06,0.9864875122263472,1.0663121381470546,0.0748604682109497,0.004193611617159032,-0.009256659907581975
337,13.36,0.015969581749049357,-1.0,0.00995373129844665,0.5071220718347403,0.00995373129844665,0.00995373129844665,0.10995373129844666,0.00995373129844665,-0.1,0.00995373129844665,0.1,0,0,0.0017559151005835509,0.0001,0.9881210517943799,1.0663121381470546,0.07332851569011342,0.0,-0.0005516561557258034
338,13.49,0.009730538922155748,-0.6595370769500732,0.0,0.5166967663934791,0.0,0.0,0.00995373129844665,0.0,-0.00995373129844665,0.0,0.00995373129844665,0,0,9.6855169820215e-05,9.95373129844665e-06,0.9882069209352143,1.0663121381470546,0.07324798660508994,0.0,-0.0027442550354620193
339,13.33,-0.011860637509266133,-0.3186478912830353,0.0,0.5172000996789174,0.0,0.0,0.0,0.0,0.0,0.0,0.0,0,0,-0.0,0.0,0.9882069209352143,1.0663121381470546,0.07324798660508994,0.0,-0.002987729925900164
340,13.61,0.02100525131282816,-1.0,0.0,0.5172000996789174,0.0,0.0,0.0,0.0,0.0,0.0,0.0,0,0,0.0,0.0,0.9882069209352143,1.0663121381470546,0.07324798660508994,0.0,-0.0002
341,13.97,0.02645113886847915,-1.0,0.0,0.5172000996789174,0.0,0.0,0.0,0.0,0.0,0.0,0.0,0,0,0.0,0.0,0.9882069209352143,1.0663121381470546,0.07324798660508994,0.0,-0.0008220097547640228
342,14.04,0.0050107372942017545,1.0,0.1,0.5172000996789174,0.1,0.1,0.0,0.1,0.1,0.0,0.0,0,0,0.0,0.0001,0.9881081002431208,1.0663121381470546,0.07334066180642945,9.26752013395149e-05,-0.005115134627595242
343,13.79,-0.017806267806267807,-0.4203314185142517,0.05796685814857483,0.5166208636036498,0.05796685814857483,0.05796685814857483,0.1,0.1,-0.0,0.1,0.0,0,0,-0.0017806267806267807,0.0,0.9863486484976737,1.0663121381470546,0.07499069624053478,0.0016500344341053297,-0.005936233385906665
344,14.09,0.021754894851341605,-1.0,0.0,0.5063081424706755,0.0,0.0,0.1,0.0,-0.1,0.0,0.1,0,0,0.0021754894851341608,0.0001,0.988395804746307,1.0663121381470546,0.07307084915693068,0.0,-0.001095447335073951
345,13.75,-0.02413058907026259,0.7069514393806458,0.07069514393806457,0.518307209389464,0.07069514393806457,0.07069514393806457,0.0,0.07069514393806457,0.07069514393806457,0.0,0.0,0,0,-0.0,7.069514393806458e-05,0.9883259299626226,1.0663121381470546,0.07313637854666996,6.552938973927724e-05,-0.004783672939442298
346,14.48,0.05309090909090912,-1.0,0.0,0.5178976137211583,0.0,0.0,0.07069514393806457,0.07069514393806457,-0.0,0.07069514393806457,0.0,0,0,0.003753269459984521,0.0,0.992035383492062,1.0663121381470546,0.06965760962269862,0.0,0.0024351112859969646
347,14.7,0.015193370165745778,-0.17302709817886353,0.05339243412017822,0.5396399445846866,0.05339243412017822,0.05339243412017822,0.07069514393806457,0.05339243412017822,-0.017302709817886355,0.0,0.07069514393806457,0,0,0.0010740974907716937,1.7302709817886355e-05,0.993083761307858,1.0663121381470546,0.0686744286400477,0.0,-0.0030442739131432647
348,14.77,0.004761904761904781,0.5459244847297668,0.1079848825931549,0.5457848109318458,0.1079848825931549,0.1079848825931549,0.05339243412017822,0.1079848825931549,0.05459244847297669,0.0,0.05339243412017822,0,0,0.000254249686286564,5.4592448472976686e-05,0.9932820376685583,1.0663121381470546,0.06848848274896482,0.0,-0.00433756940608877
349,14.74,-0.0020311442112389546,0.17269563674926758,0.12525444626808166,0.5469469618065507,0.12525444626808166,0.12525444626808166,0.1079848825931549,0.12525444626808166,0.017269563674926755,0.05459244847297669,0.05339243412017822,0,0,-0.00021933286918040474,1.7269563674926756e-05,0.9930470247219343,1.0663121381470546,0.06870888064017927,0.00022039789121444664,-0.005455410670735195
350,15.87,0.07666214382632286,-0.9100733399391174,0.034247112274169905,0.5455694891526002,0.034247112274169905,0.034247112274169905,0.12525444626808166,0.034247112274169905,-0.09100733399391175,0.017269563674926755,0.1079848825931549,0,0,0.009602274374690105,9.100733399391176e-05,1.0024921601580334,1.0663121381470546,0.05985112211131914,0.0,0.004616151886991674
351,16.1,0.014492753623188545,1.0,0.1342471122741699,0.6007443942179426,0.1342471122741699,0.1342471122741699,0.034247112274169905,0.1342471122741699,0.1,0.0,0.034247112274169905,0,0,0.0004963349604952208,0.0001,1.0028894828487265,1.0663121381470546,0.05947850824294147,0.0,-0.008926560074919765
352,15.97,-0.008074534161490732,1.0,0.23424711227416992,0.6026074677755112,0.23424711227416992,0.23424711227416992,0.1342471122741699,0.23424711227416992,0.1,0.1,0.034247112274169905,0,0,-0.0010839828941392666,0.0001,1.0017020788563213,1.0663121381470546,0.06059206960075224,0.0011135613578107662,-0.007900183610365883
353,15.88,-0.005635566687539127,-0.03696046397089958,0.23055106587707996,0.5962995611132116,0.23055106587707996,0.23055106587707996,0.23424711227416992,0.23055106587707996,-0.0036960463970899526,0.1,0.1342471122741699,0,0,-0.0013201152225845497,3.6960463970899527e-06,1.000376014356169,1.0663121381470546,0.06183566840518542,0.0012435988044331853,-0.006692755419266682
354,15.1,-0.049118387909319966,-0.7542065978050232,0.15513040609657763,0.5885270688685662,0.15513040609657763,0.15513040609657763,0.23055106587707996,0.15513040609657763,-0.07542065978050233,0.0,0.23055106587707996,0,0,-0.011324296686657595,7.542065978050233e-05,0.9889720105523525,1.0663121381470546,0.07253047660987627,0.010694808204690848,-0.018622873398527435
355,15.1,0.0,-1.0,0.05513040609657763,0.5216845110078363,0.05513040609657763,0.05513040609657763,0.15513040609657763,0.05513040609657763,-0.1,0.0,0.15513040609657763,0,0,0.0,0.0001,0.9888731133512972,1.0663121381470546,0.07262322356221532,9.274695233904562e-05,-0.003085679854277938
356,14.82,-0.01854304635761585,-1.0,0.0,0.5211048558374102,0.0,0.0,0.05513040609657763,0.0,-0.05513040609657763,0.0,0.05513040609657763,0,0,-0.0010222856759630264,5.5130406096577626e-05,0.9878076855558561,1.0663121381470546,0.0736223942152781,0.000999170653062778,-0.0014703725033976258
357,14.82,0.0,-1.0,0.0,0.5148600585779971,0.0,0.0,0.0,0.0,0.0,0.0,0.0,0,0,0.0,0.0,0.9878076855558561,1.0663121381470546,0.0736223942152781,0.0,-0.0002
358,15.03,0.014170040485829897,-1.0,0.0,0.5148600585779971,0.0,0.0,0.0,0.0,0.0,0.0,0.0,0,0,0.0,0.0,0.9878076855558561,1.0663121381470546,0.0736223942152781,0.0,-0.0002
359,14.95,-0.005322687957418502,-1.0,0.0,0.5148600585779971,0.0,0.0,0.0,0.0,0.0,0.0,0.0,0,0,-0.0,0.0,0.9878076855558561,1.0663121381470546,0.0736223942152781,0.0,-0.0002
360,14.46,-0.03277591973244137,-1.0,0.0,0.5148600585779971,0.0,0.0,0.0,0.0,0.0,0.0,0.0,0,0,-0.0,0.0,0.9878076855558561,1.0663121381470546,0.0736223942152781,0.0,-0.0002
361,14.55,0.006224066390041484,-1.0,0.0,0.5148600585779971,0.0,0.0,0.0,0.0,0.0,0.0,0.0,0,0,0.0,0.0,0.9878076855558561,1.0663121381470546,0.0736223942152781,0.0,-0.0002
362,15.22,0.046048109965635735,-1.0,0.0,0.5148600585779971,0.0,0.0,0.0,0.0,0.0,0.0,0.0,0,0,0.0,0.0,0.9878076855558561,1.0663121381470546,0.0736223942152781,0.0,-0.0002
363,15.33,0.007227332457292998,-1.0,0.0,0.5148600585779971,0.0,0.0,0.0,0.0,0.0,0.0,0.0,0,0,0.0,0.0,0.9878076855558561,1.0663121381470546,0.0736223942152781,0.0,-0.002429381086981486
364,15.17,-0.010437051532941954,-1.0,0.0,0.5148600585779971,0.0,0.0,0.0,0.0,0.0,0.0,0.0,0,0,-0.0,0.0,0.9878076855558561,1.0663121381470546,0.0736223942152781,0.0,-0.00207844902488226
365,14.85,-0.02109426499670404,-1.0,0.0,0.5148600585779971,0.0,0.0,0.0,0.0,0.0,0.0,0.0,0,0,-0.0,0.0,0.9878076855558561,1.0663121381470546,0.0736223942152781,0.0,-0.0013389009973404607
366,14.81,-0.002693602693602636,-1.0,0.0,0.5148600585779971,0.0,0.0,0.0,0.0,0.0,0.0,0.0,0,0,-0.0,0.0,0.9878076855558561,1.0663121381470546,0.0736223942152781,0.0,-0.0013167706183516063
367,14.47,-0.022957461174881826,-1.0,0.0,0.5148600585779971,0.0,0.0,0.0,0.0,0.0,0.0,0.0,0,0,-0.0,0.0,0.9878076855558561,1.0663121381470546,0.0736223942152781,0.0,-0.0006692691824807387
368,15.25,0.05390463026952311,-1.0,0.0,0.5148600585779971,0.0,0.0,0.0,0.0,0.0,0.0,0.0,0,0,0.0,0.0,0.9878076855558561,1.0663121381470546,0.0736223942152781,0.0,-0.0002
369,14.98,-0.017704918032786857,-1.0,0.0,0.5148600585779971,0.0,0.0,0.0,0.0,0.0,0.0,0.0,0,0,-0.0,0.0,0.9878076855558561,1.0663121381470546,0.0736223942152781,0.0,-0.0002
370,15.56,0.03871829105473966,-1.0,0.0,0.5148600585779971,0.0,0.0,0.0,0.0,0.0,0.0,0.0,0,0,0.0,0.0,0.9878076855558561,1.0663121381470546,0.0736223942152781,0.0,-0.0002
371,15.34,-0.014138817480719835,0.14312034845352173,0.014312034845352173,0.5148600585779971,0.014312034845352173,0.014312034845352173,0.0,0.014312034845352173,0.014312034845352173,0.0,0.0,0,0,-0.0,1.4312034845352174e-05,0.9877935480178399,1.0663121381470546,0.07363565256385202,1.325834857392183e-05,-0.003638619839463094
372,15.65,0.020208604954367698,-0.7823572754859924,0.0,0.5147771708688584,0.0,0.0,0.014312034845352173,0.014312034845352173,-0.0,0.014312034845352173,0.0,0,0,0.00028922625828286706,0.0,0.9880792438496889,1.0663121381470546,0.07336772366983656,0.0,-0.0022714681154852572
373,15.36,-0.018530351437699738,1.0,0.11431203484535218,0.5164517354241038,0.11431203484535218,0.11431203484535218,0.014312034845352173,0.11431203484535218,0.1,0.0,0.014312034845352173,0,0,-0.0002652070354729804,0.0001,0.9877183903582303,1.0663121381470546,0.0737061362964486,0.0003384126266120363,-0.005370581472604319
374,15.94,0.03776041666666667,-1.0,0.014312034845352178,0.5143366552910763,0.014312034845352178,0.014312034845352178,0.11431203484535218,0.1,-0.014312034845352178,0.1,0.014312034845352178,0,0,0.004316470065775018,1.4312034845352179e-05,0.9919677109636069,1.0663121381470546,0.06972107371171544,0.0,0.0033983334320842294
375,16.29,0.021957340025094082,-0.22450438141822815,0.07754956185817719,0.5392432943001677,0.07754956185817719,0.07754956185817719,0.1,0.07754956185817719,-0.02245043814182282,0.0,0.1,0,0,0.0021957340025094084,2.245043814182282e-05,0.9941235380862274,1.0663121381470546,0.06769931381093561,0.0,-0.0025939679202579753
376,16.04,-0.015346838551258441,0.1772017776966095,0.09526973962783813,0.5518792927277197,0.09526973962783813,0.09526973962783813,0.07754956185817719,0.09526973962783813,0.01772017776966095,0.0,0.07754956185817719,0,0,-0.0011901406055582749,1.772017776966095e-05,0.9929227752507899,1.0663121381470546,0.0688254032480531,0.0011260894371174918,-0.005484678655265334
377,17.8,0.10972568578553626,-0.9022660851478577,0.005043131113052365,0.5448412414653978,0.005043131113052365,0.005043131113052365,0.09526973962783813,0.01772017776966095,-0.07754956185817719,0.01772017776966095,0.07754956185817719,1,0,0.01045353751527402,7.754956185817718e-05,1.0032253300054645,1.0663121381470546,0.05916354684962781,0.0,0.005922203068833907
378,16.95,-0.04775280898876412,1.0,0.11772017776966096,0.6041822597433406,0.11772017776966096,0.11772017776966096,0.01772017776966095,0.11772017776966096,0.1,0.0,0.01772017776966095,0,0,-0.0008461882642815635,0.0001,1.0022760899717835,1.0663121381470546,0.06005375526020684,0.0008902084105790325,-0.010474641685329448
379,14.95,-0.11799410029498525,1.0,0.21772017776966096,0.599664033763119,0.21772017776966096,0.21772017776966096,0.11772017776966096,0.21772017776966096,0.1,0.1,0.01772017776966095,0,1,-0.013890286462496867,0.0001,0.9882539603585669,1.0663121381470546,0.07320387248346479,0.013150117223257943,-0.026164610985791776
380,14.97,0.0013377926421405586,-1.0,0.11772017776966096,0.5174758177271255,0.11772017776966096,0.11772017776966096,0.21772017776966096,0.11772017776966096,-0.1,0.1,0.11772017776966096,0,0,0.0002912644518657868,0.0001,0.9884429782105991,1.0663121381470546,0.07302660933014399,0.0,-9.641826562488897e-05
381,15.64,0.04475617902471609,-1.0,0.01772017776966095,0.5185836724957316,0.01772017776966095,0.01772017776966095,0.11772017776966096,0.01772017776966095,-0.1,0.0,0.11772017776966096,0,0,0.005268705351080349,0.0001,0.9935519487213139,1.0663121381470546,0.06823535700547974,0.0,0.004829149054922033
382,15.87,0.01470588235294109,-1.0,0.0,0.5485289994640105,0.0,0.0,0.01772017776966095,0.0,-0.01772017776966095,0.0,0.01772017776966095,0,0,0.00026059084955383597,1.772017776966095e-05,0.9937932533505525,1.0663121381470546,0.0680090587006908,0.0,-1.914995040963832e-05
383,16.25,0.023944549464398286,-1.0,0.0,0.5499433990580437,0.0,0.0,0.0,0.0,0.0,0.0,0.0,0,0,0.0,0.0,0.9937932533505525,1.0663121381470546,0.0680090587006908,0.0,-0.0002
384,15.86,-0.024000000000000035,-1.0,0.0,0.5499433990580437,0.0,0.0,0.0,0.0,0.0,0.0,0.0,0,0,-0.0,0.0,0.9937932533505525,1.0663121381470546,0.0680090587006908,0.0,-0.0002
385,16.18,0.02017654476670872,-0.4167783260345459,0.0,0.5499433990580437,0.0,0.0,0.0,0.0,0.0,0.0,0.0,0,0,0.0,0.0,0.9937932533505525,1.0663121381470546,0.0680090587006908,0.0,-0.004116845691247292
386,16.1,-0.004944375772558609,0.5630518198013306,0.05630518198013306,0.5499433990580437,0.05630518198013306,0.05630518198013306,0.0,0.05630518198013306,0.05630518198013306,0.0,0.0,0,0,-0.0,5.630518198013306e-05,0.9937372976405718,1.0663121381470546,0.06806153462024457,5.247591955377662e-05,-0.005166489712329925
387,15.37,-0.04534161490683243,-1.0,0.0,0.5496153872472723,0.0,0.0,0.05630518198013306,0.05630518198013306,-0.0,0.05630518198013306,0.0,0,0,-0.002552967878602314,0.0,0.9912003182399265,1.0663121381470546,0.07044074358719293,0.0023792089669483624,-0.00468975713992373
388,15.3,-0.004554326610279669,-1.0,0.0,0.5347453322277885,0.0,0.0,0.05630518198013306,0.0,-0.05630518198013306,0.0,0.05630518198013306,0,0,-0.0002564321885887593,5.630518198013306e-05,0.9908903328586931,1.0663121381470546,0.07073145150483143,0.00029070791763849413,-0.0007098055074993581
389,16.14,0.05490196078431371,-1.0,0.0,0.5329284150170166,0.0,0.0,0.0,0.0,0.0,0.0,0.0,0,0,0.0,0.0,0.9908903328586931,1.0663121381470546,0.07073145150483143,0.0,-0.0002
390,15.8,-0.021065675340768267,-1.0,0.0,0.5329284150170166,0.0,0.0,0.0,0.0,0.0,0.0,0.0,0,0,-0.0,0.0,0.9908903328586931,1.0663121381470546,0.07073145150483143,0.0,-0.00174994509007024
391,15.44,-0.022784810126582355,-1.0,0.0,0.5329284150170166,0.0,0.0,0.0,0.0,0.0,0.0,0.0,0,0,-0.0,0.0,0.9908903328586931,1.0663121381470546,0.07073145150483143,0.0,-0.0002
392,15.76,0.020725388601036288,-1.0,0.0,0.5329284150170166,0.0,0.0,0.0,0.0,0.0,0.0,0.0,0,0,0.0,0.0,0.9908903328586931,1.0663121381470546,0.07073145150483143,0.0,-0.0002
393,16.55,0.05012690355329955,-1.0,0.0,0.5329284150170166,0.0,0.0,0.0,0.0,0.0,0.0,0.0,0,0,0.0,0.0,0.9908903328586931,1.0663121381470546,0.07073145150483143,0.0,-0.0014457677781350208
394,17.09,0.03262839879154073,0.9289491772651672,0.09289491772651673,0.5329284150170166,0.09289491772651673,0.09289491772651673,0.0,0.09289491772651673,0.09289491772651673,0.0,0.0,0,0,0.0,9.289491772651674e-05,0.9907982841827462,1.0663121381470546,0.07081777583018975,8.632432535832235e-05,-0.005228650301633866
395,16.91,-0.010532475131655922,0.012181796133518219,0.09411309733986856,0.5323888998495554,0.09411309733986856,0.09411309733986856,0.09289491772651673,0.09411309733986856,0.0012181796133518275,0.09289491772651673,0.0,0,0,-0.0009784134108117603,1.2181796133518275e-06,0.9898276668838217,1.0663121381470546,0.07172803209024799,0.000910256260058237,-0.005548010597389817
396,15.66,-0.07392075694855116,-0.12784144282341003,0.08132895305752755,0.5266997762042728,0.08132895305752755,0.08132895305752755,0.09411309733986856,0.08132895305752755,-0.012784144282341009,0.0012181796133518275,0.09289491772651673,0,0,-0.00695691139413576,1.278414428234101e-05,0.9829288694101388,1.0663121381470546,0.07819780508342715,0.0064697729931791625,-0.01186778602692447
397,15.85,0.012132822477650032,-1.0,0.0,0.48626370579288625,0.0,0.0,0.08132895305752755,0.0,-0.08132895305752755,0.0,0.08132895305752755,0,0,0.0009867497497401145,8.132895305752756e-05,0.9838188336501626,1.0663121381470546,0.07736318620572183,0.0,0.00025836117474775644
398,14.03,-0.11482649842271296,-1.0,0.0,0.4914800900993059,0.0,0.0,0.0,0.0,0.0,0.0,0.0,0,1,-0.0,0.0,0.9838188336501626,1.0663121381470546,0.07736318620572183,0.0,-0.00038811162152584903
399,14.39,0.025659301496792675,-1.0,0.0,0.4914800900993059,0.0,0.0,0.0,0.0,0.0,0.0,0.0,0,0,0.0,0.0,0.9838188336501626,1.0663121381470546,0.07736318620572183,0.0,-0.0002
400,14.39,0.0,-1.0,0.0,0.4914800900993059,0.0,0.0,0.0,0.0,0.0,0.0,0.0,0,0,0.0,0.0,0.9838188336501626,1.0663121381470546,0.07736318620572183,0.0,-0.0002
401,13.71,-0.04725503822098678,-1.0,0.0,0.4914800900993059,0.0,0.0,0.0,0.0,0.0,0.0,0.0,0,0,-0.0,0.0,0.9838188336501626,1.0663121381470546,0.07736318620572183,0.0,-0.0002
402,14.11,0.02917578409919756,-1.0,0.0,0.4914800900993059,0.0,0.0,0.0,0.0,0.0,0.0,0.0,0,0,0.0,0.0,0.9838188336501626,1.0663121381470546,0.07736318620572183,0.0,-0.0002
403,13.94,-0.012048192771084333,-1.0,0.0,0.4914800900993059,0.0,0.0,0.0,0.0,0.0,0.0,0.0,0,0,-0.0,0.0,0.9838188336501626,1.0663121381470546,0.07736318620572183,0.0,-0.0002
404,13.13,-0.058106169296987,-1.0,0.0,0.4914800900993059,0.0,0.0,0.0,0.0,0.0,0.0,0.0,0,0,-0.0,0.0,0.9838188336501626,1.0663121381470546,0.07736318620572183,0.0,-0.0002
405,13.54,0.0312261995430311,-1.0,0.0,0.4914800900993059,0.0,0.0,0.0,0.0,0.0,0.0,0.0,0,0,0.0,0.0,0.9838188336501626,1.0663121381470546,0.07736318620572183,0.0,-0.0002
406,13.49,-0.0036927621861151355,-1.0,0.0,0.4914800900993059,0.0,0.0,0.0,0.0,0.0,0.0,0.0,0,0,-0.0,0.0,0.9838188336501626,1.0663121381470546,0.07736318620572183,0.0,-0.0002
407,13.05,-0.0326167531504818,-1.0,0.0,0.4914800900993059,0.0,0.0,0.0,0.0,0.0,0.0,0.0,0,0,-0.0,0.0,0.9838188336501626,1.0663121381470546,0.07736318620572183,0.0,-0.0002
408,12.6,-0.03448275862068974,-1.0,0.0,0.4914800900993059,0.0,0.0,0.0,0.0,0.0,0.0,0.0,0,0,-0.0,0.0,0.9838188336501626,1.0663121381470546,0.07736318620572183,0.0,-0.0002
409,11.25,-0.10714285714285712,-1.0,0.0,0.4914800900993059,0.0,0.0,0.0,0.0,0.0,0.0,0.0,0,1,-0.0,0.0,0.9838188336501626,1.0663121381470546,0.07736318620572183,0.0,-0.0002
410,10.86,-0.03466666666666672,-1.0,0.0,0.4914800900993059,0.0,0.0,0.0,0.0,0.0,0.0,0.0,0,0,-0.0,0.0,0.9838188336501626,1.0663121381470546,0.07736318620572183,0.0,-0.0002
411,10.51,-0.03222836095764269,-1.0,0.0,0.4914800900993059,0.0,0.0,0.0,0.0,0.0,0.0,0.0,0,0,-0.0,0.0,0.9838188336501626,1.0663121381470546,0.07736318620572183,0.0,-0.0002
412,10.46,-0.004757373929590764,-1.0,0.0,0.4914800900993059,0.0,0.0,0.0,0.0,0.0,0.0,0.0,0,0,-0.0,0.0,0.9838188336501626,1.0663121381470546,0.07736318620572183,0.0,-0.0002
413,10.52,0.005736137667303892,-1.0,0.0,0.4914800900993059,0.0,0.0,0.0,0.0,0.0,0.0,0.0,0,0,0.0,0.0,0.9838188336501626,1.0663121381470546,0.07736318620572183,0.0,-0.0002
414,9.47,-0.09980988593155884,-1.0,0.0,0.4914800900993059,0.0,0.0,0.0,0.0,0.0,0.0,0.0,0,0,-0.0,0.0,0.9838188336501626,1.0663121381470546,0.07736318620572183,0.0,-0.0002
415,9.97,0.05279831045406547,-1.0,0.0,0.4914800900993059,0.0,0.0,0.0,0.0,0.0,0.0,0.0,0,0,0.0,0.0,0.9838188336501626,1.0663121381470546,0.07736318620572183,0.0,-0.0002
416,10.5,0.05315947843530585,-1.0,0.0,0.4914800900993059,0.0,0.0,0.0,0.0,0.0,0.0,0.0,0,0,0.0,0.0,0.9838188336501626,1.0663121381470546,0.07736318620572183,0.0,-0.0002
417,10.24,-0.024761904761904742,-1.0,0.0,0.4914800900993059,0.0,0.0,0.0,0.0,0.0,0.0,0.0,0,0,-0.0,0.0,0.9838188336501626,1.0663121381470546,0.07736318620572183,0.0,-0.0002
418,10.02,-0.021484375000000062,-1.0,0.0,0.4914800900993059,0.0,0.0,0.0,0.0,0.0,0.0,0.0,0,0,-0.0,0.0,0.9838188336501626,1.0663121381470546,0.07736318620572183,0.0,-0.0002
419,9.77,-0.0249500998003992,-1.0,0.0,0.4914800900993059,0.0,0.0,0.0,0.0,0.0,0.0,0.0,0,0,-0.0,0.0,0.9838188336501626,1.0663121381470546,0.07736318620572183,0.0,-0.0002
420,10.16,0.03991811668372575,-1.0,0.0,0.4914800900993059,0.0,0.0,0.0,0.0,0.0,0.0,0.0,0,0,0.0,0.0,0.9838188336501626,1.0663121381470546,0.07736318620572183,0.0,-0.0002
421,10.36,0.01968503937007867,-1.0,0.0,0.4914800900993059,0.0,0.0,0.0,0.0,0.0,0.0,0.0,0,0,0.0,0.0,0.9838188336501626,1.0663121381470546,0.07736318620572183,0.0,-0.0002
422,10.93,0.05501930501930505,-1.0,0.0,0.4914800900993059,0.0,0.0,0.0,0.0,0.0,0.0,0.0,0,0,0.0,0.0,0.9838188336501626,1.0663121381470546,0.07736318620572183,0.0,-0.0002
423,10.91,-0.0018298261665141422,-0.4462737441062927,0.0,0.4914800900993059,0.0,0.0,0.0,0.0,0.0,0.0,0.0,0,0,-0.0,0.0,0.9838188336501626,1.0663121381470546,0.07736318620572183,0.0,-0.00321454328595623
424,11.1,0.017415215398716728,0.32966873049736023,0.03296687304973602,0.4914800900993059,0.03296687304973602,0.03296687304973602,0.0,0.03296687304973602,0.03296687304973602,0.0,0.0,0,0,0.0,3.2966873049736024e-05,0.9837864002195698,1.0663121381470546,0.0773936026564332,3.041645071137633e-05,-0.004309392759217686
425,11.09,-0.0009009009009008817,1.0,0.13296687304973603,0.4912899605957029,0.13296687304973603,0.13296687304973603,0.03296687304973602,0.13296687304973603,0.1,0.03296687304973602,0.0,0,0,-2.969988563039218e-05,0.0001,0.9836588032359765,1.0663121381470546,0.07751326460065053,0.00011966194421732246,-0.006051001851628284
426,10.9,-0.017132551848512128,-0.3958718478679657,0.09337968826293946,0.4905421085683054,0.09337968826293946,0.09337968826293946,0.13296687304973603,0.1,-0.03296687304973603,0.1,0.03296687304973603,0,0,-0.0022780618466591326,3.296687304973603e-05,0.9813855394913037,1.0663121381470546,0.07964515793970896,0.00213189333905843,-0.007153983310066369
427,10.57,-0.03027522935779817,-1.0,0.0,0.47721776962587226,0.0,0.0,0.1,0.0,-0.1,0.0,0.1,0,0,-0.0030275229357798173,0.0001,0.978316233707702,1.0663121381470546,0.08252358881730848,0.002878430877599522,-0.007171841770430829
428,10.1,-0.04446546830652797,-1.0,0.0,0.459227551150861,0.0,0.0,0.0,0.0,0.0,0.0,0.0,0,0,-0.0,0.0,0.978316233707702,1.0663121381470546,0.08252358881730848,0.0,-0.0002
429,10.76,0.06534653465346536,-1.0,0.0,0.459227551150861,0.0,0.0,0.0,0.0,0.0,0.0,0.0,0,0,0.0,0.0,0.978316233707702,1.0663121381470546,0.08252358881730848,0.0,-0.0002
430,10.82,0.005576208178438708,-1.0,0.0,0.459227551150861,0.0,0.0,0.0,0.0,0.0,0.0,0.0,0,0,0.0,0.0,0.978316233707702,1.0663121381470546,0.08252358881730848,0.0,-0.0002
431,11.0,0.016635859519408477,-1.0,0.0,0.459227551150861,0.0,0.0,0.0,0.0,0.0,0.0,0.0,0,0,0.0,0.0,0.978316233707702,1.0663121381470546,0.08252358881730848,0.0,-0.0002
432,10.94,-0.0054545454545455,-0.4538588523864746,0.0,0.459227551150861,0.0,0.0,0.0,0.0,0.0,0.0,0.0,0,0,-0.0,0.0,0.978316233707702,1.0663121381470546,0.08252358881730848,0.0,-0.002220208624072271
433,11.42,0.04387568555758688,-0.1150323897600174,0.0,0.459227551150861,0.0,0.0,0.0,0.0,0.0,0.0,0.0,0,0,0.0,0.0,0.978316233707702,1.0663121381470546,0.08252358881730848,0.0,-0.0035014586421404947
434,11.11,-0.027145359019264494,1.0,0.1,0.459227551150861,0.1,0.1,0.0,0.1,0.1,0.0,0.0,0,0,-0.0,0.0001,0.9782184020843313,1.0663121381470546,0.08261533645842671,9.174764111823108e-05,-0.008021514078351695
435,11.01,-0.00900090009000897,-1.0,0.0,0.4586541358416846,0.0,0.0,0.1,0.1,-0.0,0.1,0.0,0,0,-0.000900090009000897,0.0,0.9773379174739943,1.0663121381470546,0.08344106522849117,0.0008257287700644544,-0.003620116737064374
436,10.91,-0.00908265213442322,-1.0,0.0,0.45349335149296816,0.0,0.0,0.1,0.0,-0.1,0.0,0.1,0,0,-0.000908265213442322,0.0001,0.9763525016500272,1.0663121381470546,0.084365199718491,0.0009241344899998394,-0.0035165236828750396
437,10.9,-0.0009165902841429685,-1.0,0.0,0.447717521715991,0.0,0.0,0.0,0.0,0.0,0.0,0.0,0,0,-0.0,0.0,0.9763525016500272,1.0663121381470546,0.084365199718491,0.0,-0.00028050510528891237
438,10.9,0.0,-1.0,0.0,0.447717521715991,0.0,0.0,0.0,0.0,0.0,0.0,0.0,0,0,0.0,0.0,0.9763525016500272,1.0663121381470546,0.084365199718491,0.0,-0.0004301162867674463
439,11.16,0.023853211009174292,-1.0,0.0,0.447717521715991,0.0,0.0,0.0,0.0,0.0,0.0,0.0,0,0,0.0,0.0,0.9763525016500272,1.0663121381470546,0.084365199718491,0.0,-0.0002
440,11.19,0.0026881720430106952,-1.0,0.0,0.447717521715991,0.0,0.0,0.0,0.0,0.0,0.0,0.0,0,0,0.0,0.0,0.9763525016500272,1.0663121381470546,0.084365199718491,0.0,-0.0013179545234711326
441,11.64,0.04021447721179634,-1.0,0.0,0.447717521715991,0.0,0.0,0.0,0.0,0.0,0.0,0.0,0,0,0.0,0.0,0.9763525016500272,1.0663121381470546,0.084365199718491,0.0,-0.0019630394874388768
442,11.71,0.006013745704467378,1.0,0.1,0.447717521715991,0.1,0.1,0.0,0.1,0.1,0.0,0.0,0,0,0.0,0.0001,0.9762548663998621,1.0663121381470546,0.08445676319851919,9.15634800281867e-05,-0.005181229319641132
443,11.33,-0.0324508966695133,0.14379552006721497,0.11437955200672151,0.4471452239939041,0.11437955200672151,0.11437955200672151,0.1,0.11437955200672151,0.014379552006721502,0.1,0.0,0,0,-0.00324508966695133,1.4379552006721502e-05,0.9730727937129738,1.0663121381470546,0.08744094819749879,0.0029841849989795943,-0.008284171598157428
444,11.39,0.005295675198587864,-1.0,0.014379552006721502,0.4284940924538335,0.014379552006721502,0.014379552006721502,0.11437955200672151,0.014379552006721502,-0.1,0.014379552006721502,0.1,0,0,0.0006057169567875859,0.0001,0.9735648931249432,1.0663121381470546,0.0869794516109322,0.0,-0.002911416852890809
445,11.47,0.007023705004389822,-0.9188094735145569,0.0,0.4313784450334742,0.0,0.0,0.014379552006721502,0.0,-0.014379552006721502,0.0,0.014379552006721502,0,0,0.00010099773139049352,1.4379552006721502e-05,0.9736492215434976,1.0663121381470546,0.08690036743329078,0.0,-0.002335289891387622
446,11.18,-0.025283347863993104,-0.4442444443702698,0.0,0.43187269792381033,0.0,0.0,0.0,0.0,0.0,0.0,0.0,0,0,-0.0,0.0,0.9736492215434976,1.0663121381470546,0.08690036743329078,0.0,-0.0027935470090717117
447,11.13,-0.004472271914132284,-1.0,0.0,0.43187269792381033,0.0,0.0,0.0,0.0,0.0,0.0,0.0,0,0,-0.0,0.0,0.9736492215434976,1.0663121381470546,0.08690036743329078,0.0,-0.0002
448,10.64,-0.04402515723270442,-1.0,0.0,0.43187269792381033,0.0,0.0,0.0,0.0,0.0,0.0,0.0,0,0,-0.0,0.0,0.9736492215434976,1.0663121381470546,0.08690036743329078,0.0,-0.0002
449,10.74,0.00939849624060147,-1.0,0.0,0.43187269792381033,0.0,0.0,0.0,0.0,0.0,0.0,0.0,0,0,0.0,0.0,0.9736492215434976,1.0663121381470546,0.08690036743329078,0.0,-0.0002
450,10.44,-0.027932960893854813,-1.0,0.0,0.43187269792381033,0.0,0.0,0.0,0.0,0.0,0.0,0.0,0,0,-0.0,0.0,0.9736492215434976,1.0663121381470546,0.08690036743329078,0.0,-0.0002
451,10.73,0.027777777777777866,-1.0,0.0,0.43187269792381033,0.0,0.0,0.0,0.0,0.0,0.0,0.0,0,0,0.0,0.0,0.9736492215434976,1.0663121381470546,0.08690036743329078,0.0,-0.0002
452,10.8,0.006523765144454826,-1.0,0.0,0.43187269792381033,0.0,0.0,0.0,0.0,0.0,0.0,0.0,0,0,0.0,0.0,0.9736492215434976,1.0663121381470546,0.08690036743329078,0.0,-0.0002
453,10.55,-0.023148148148148147,-1.0,0.0,0.43187269792381033,0.0,0.0,0.0,0.0,0.0,0.0,0.0,0,0,-0.0,0.0,0.9736492215434976,1.0663121381470546,0.08690036743329078,0.0,-0.0002
454,10.21,-0.032227488151658754,-1.0,0.0,0.43187269792381033,0.0,0.0,0.0,0.0,0.0,0.0,0.0,0,0,-0.0,0.0,0.9736492215434976,1.0663121381470546,0.08690036743329078,0.0,-0.0002
455,10.07,-0.013712047012732669,-1.0,0.0,0.43187269792381033,0.0,0.0,0.0,0.0,0.0,0.0,0.0,0,0,-0.0,0.0,0.9736492215434976,1.0663121381470546,0.08690036743329078,0.0,-0.0002
456,10.45,0.037735849056603675,-1.0,0.0,0.43187269792381033,0.0,0.0,0.0,0.0,0.0,0.0,0.0,0,0,0.0,0.0,0.9736492215434976,1.0663121381470546,0.08690036743329078,0.0,-0.0002
457,10.43,-0.0019138755980860837,-1.0,0.0,0.43187269792381033,0.0,0.0,0.0,0.0,0.0,0.0,0.0,0,0,-0.0,0.0,0.9736492215434976,1.0663121381470546,0.08690036743329078,0.0,-0.0002
458,10.41,-0.0019175455417065747,-1.0,0.0,0.43187269792381033,0.0,0.0,0.0,0.0,0.0,0.0,0.0,0,0,-0.0,0.0,0.9736492215434976,1.0663121381470546,0.08690036743329078,0.0,-0.0002
459,10.36,-0.004803073967339165,-1.0,0.0,0.43187269792381033,0.0,0.0,0.0,0.0,0.0,0.0,0.0,0,0,-0.0,0.0,0.9736492215434976,1.0663121381470546,0.08690036743329078,0.0,-0.0002
460,10.83,0.04536679536679543,-1.0,0.0,0.43187269792381033,0.0,0.0,0.0,0.0,0.0,0.0,0.0,0,0,0.0,0.0,0.9736492215434976,1.0663121381470546,0.08690036743329078,0.0,-0.0002
461,11.11,0.025854108956601972,-0.05642082914710045,0.0,0.43187269792381033,0.0,0.0,0.0,0.0,0.0,0.0,0.0,0,0,0.0,0.0,0.9736492215434976,1.0663121381470546,0.08690036743329078,0.0,-0.00445469703495495
462,11.17,0.005400540054005446,0.5963663458824158,0.05963663458824158,0.43187269792381033,0.05963663458824158,0.05963663458824158,0.0,0.05963663458824158,0.05963663458824158,0.0,0.0,0,0,0.0,5.9636634588241584e-05,0.9735911563806554,1.0663121381470546,0.08695482162242074,5.445418912995714e-05,-0.004313735714628851
463,11.11,-0.005371530886302641,0.17354336380958557,0.07699097096920014,0.43153234608892566,0.07699097096920014,0.07699097096920014,0.05963663458824158,0.07699097096920014,0.01735433638095856,0.05963663458824158,0.0,0,0,-0.00032034002464588403,1.7354336380958563e-05,0.9732623801372001,1.0663121381470546,0.08726315183052154,0.00030833020810079603,-0.004885466158670598
464,11.03,-0.007200720072007207,-0.4460452198982239,0.03238644897937775,0.42960529998370817,0.03238644897937775,0.03238644897937775,0.07699097096920014,0.03238644897937775,-0.04460452198982239,0.01735433638095856,0.05963663458824158,0,0,-0.0005543904300212436,4.4604521989822394e-05,0.9726794008845157,1.0663121381470546,0.08780987659508956,0.0005467247645680184,-0.00530211696578026
465,11.21,0.016319129646418993,-0.02371925860643387,0.030014523118734364,0.4261882774575294,0.030014523118734364,0.030014523118734364,0.03238644897937775,0.030014523118734364,-0.002371925860643387,0.0,0.03238644897937775,0,0,0.0005285186596815996,2.371925860643387e-06,0.9731911729743459,1.0663121381470546,0.08732993074103641,0.0,-0.0037586077349754774
466,11.5,0.025869759143621687,-0.11733050644397736,0.018281472474336626,0.4291879277719047,0.018281472474336626,0.018281472474336626,0.030014523118734364,0.018281472474336626,-0.011733050644397738,0.0,0.030014523118734364,0,0,0.0007764684838923228,1.173305064439774e-05,0.9739354067476433,1.0663121381470546,0.08663197960020937,0.0,-0.002580821428513562
467,11.23,-0.02347826086956518,0.7352323532104492,0.09180470779538155,0.43355014957903704,0.09180470779538155,0.09180470779538155,0.018281472474336626,0.09180470779538155,0.07352323532104493,0.0,0.018281472474336626,0,0,-0.00042921717983225057,7.352323532104494e-05,0.9734457700569226,1.0663121381470546,0.08709116661797288,0.00045918701776351267,-0.004288587131983799
468,10.97,-0.02315227070347282,-1.0,0.0,0.43068018593317375,0.0,0.0,0.09180470779538155,0.07352323532104493,-0.01828147247433662,0.07352323532104493,0.01828147247433662,0,0,-0.002125487446731895,1.828147247433662e-05,0.9713589272705417,1.0663121381470546,0.0890482322010461,0.0019570655830732225,-0.0036357114548469798
469,10.76,-0.01914311759343672,-1.0,0.0,0.4184485677675097,0.0,0.0,0.07352323532104493,0.0,-0.07352323532104493,0.0,0.07352323532104493,0,0,-0.0014074639396006834,7.352323532104494e-05,0.9699203571570083,1.0663121381470546,0.09039734008612867,0.001349107885082565,-0.0019383184985453858
470,10.62,-0.01301115241635693,-1.0,0.0,0.4100166060077956,0.0,0.0,0.0,0.0,0.0,0.0,0.0,0,0,-0.0,0.0,0.9699203571570083,1.0663121381470546,0.09039734008612867,0.0,-0.0002
471,10.98,0.03389830508474588,-1.0,0.0,0.4100166060077956,0.0,0.0,0.0,0.0,0.0,0.0,0.0,0,0,0.0,0.0,0.9699203571570083,1.0663121381470546,0.09039734008612867,0.0,-0.0002
472,11.2,0.02003642987249534,-1.0,0.0,0.4100166060077956,0.0,0.0,0.0,0.0,0.0,0.0,0.0,0,0,0.0,0.0,0.9699203571570083,1.0663121381470546,0.09039734008612867,0.0,-0.0002
473,11.35,0.013392857142857175,-1.0,0.0,0.4100166060077956,0.0,0.0,0.0,0.0,0.0,0.0,0.0,0,0,0.0,0.0,0.9699203571570083,1.0663121381470546,0.09039734008612867,0.0,-0.0011178533192846018
474,11.3,-0.004405286343612241,-0.03418710082769394,0.0,0.4100166060077956,0.0,0.0,0.0,0.0,0.0,0.0,0.0,0,0,-0.0,0.0,0.9699203571570083,1.0663121381470546,0.09039734008612867,0.0,-0.0036227245467715745
475,11.35,0.004424778761061852,-0.12604866921901703,0.0,0.4100166060077956,0.0,0.0,0.0,0.0,0.0,0.0,0.0,0,0,0.0,0.0,0.9699203571570083,1.0663121381470546,0.09039734008612867,0.0,-0.004207137935411671
476,11.06,-0.025550660792951468,0.23806962370872498,0.0238069623708725,0.4100166060077956,0.0238069623708725,0.0238069623708725,0.0,0.0238069623708725,0.0238069623708725,0.0,0.0,0,0,-0.0,2.3806962370872502e-05,0.9698972662995626,1.0663121381470546,0.09041899496242577,2.165487629710028e-05,-0.0048616057901524744
477,12.47,0.1274864376130199,-1.0,0.0,0.40988128483770736,0.0,0.0,0.0238069623708725,0.0238069623708725,-0.0,0.0238069623708725,0.0,1,0,0.003035064823049749,0.0,0.9728409673744806,1.0663121381470546,0.08765835765032198,0.0,0.0024673074198679028
478,12.17,-0.024057738572574233,1.0,0.1238069623708725,0.4271352462513748,0.1238069623708725,0.1238069623708725,0.0238069623708725,0.1238069623708725,0.1,0.0,0.0238069623708725,0,0,-0.0005727416769255627,0.0001,0.9721864967107072,1.0663121381470546,0.08827212789672527,0.0006137702464032863,-0.008658505569381185
479,12.3,0.010682004930156187,0.11468741297721863,0.13527570366859437,0.42329922169888695,0.13527570366859437,0.13527570366859437,0.1238069623708725,0.13527570366859437,0.011468741297721866,0.1,0.0238069623708725,0,0,0.0013225065824333216,1.1468741297721865e-05,0.973461069996536,1.0663121381470546,0.08707681815557981,0.0,-0.003962327342748264
480,12.57,0.021951219512195086,0.4411802291870117,0.17939372658729555,0.43076987229710695,0.17939372658729555,0.17939372658729555,0.13527570366859437,0.17939372658729555,0.04411802291870118,0.011468741297721866,0.1238069623708725,0,0,0.002969466665895969,4.411802291870118e-05,0.9763087830166416,1.0663121381470546,0.08440619956442875,0.0,-0.0026175824620890296
481,12.76,0.015115354017501949,0.9282861351966858,0.2722223401069641,0.447461268309592,0.2722223401069641,0.2722223401069641,0.17939372658729555,0.2722223401069641,0.09282861351966856,0.04411802291870118,0.13527570366859437,0,0,0.002711599685885924,9.282861351966857e-05,0.9788655122153028,1.0663121381470546,0.08200846900581006,0.0,-0.00275787175245306
482,13.06,0.023510971786833913,1.0,0.3722223401069641,0.4624470867250975,0.3722223401069641,0.3722223401069641,0.2722223401069641,0.3722223401069641,0.09999999999999998,0.09282861351966856,0.17939372658729555,0,0,0.006400211758000739,9.999999999999998e-05,0.9850325722248631,1.0663121381470546,0.07622492796849539,0.0,0.001426925279366918
483,13.64,0.044410413476263406,-1.0,0.2722223401069641,0.4985941838498433,0.2722223401069641,0.2722223401069641,0.3722223401069641,0.2722223401069641,-0.09999999999999998,0.09999999999999998,0.2722223401069641,0,0,0.01653054802925262,9.999999999999998e-05,1.0012171972131818,1.0663121381470546,0.06104679727925557,0.0,0.012355032879365915
484,13.53,-0.008064516129032346,1.0,0.3722223401069641,0.5934575138615217,0.3722223401069641,0.3722223401069641,0.2722223401069641,0.3722223401069641,0.09999999999999998,0.0,0.2722223401069641,0,0,-0.002195341452475541,9.999999999999998e-05,0.998919061877487,1.0663121381470546,0.06320201548739515,0.0021552182081395824,-0.007299257490808254
485,13.55,0.0014781966001479194,-0.9559332728385925,0.2766290128231048,0.5799873996531005,0.2766290128231048,0.2766290128231048,0.3722223401069641,0.2766290128231048,-0.09559332728385928,0.09999999999999998,0.2722223401069641,0,0,0.0005502177976452169,9.559332728385928e-05,0.999373194926927,1.0663121381470546,0.06277612419985047,0.0,-0.005319042997196768
486,13.87,0.023616236162361512,-0.3765329122543335,0.23897572159767147,0.5826492127035425,0.23897572159767147,0.23897572159767147,0.2766290128231048,0.23897572159767147,-0.037653291225433344,0.0,0.2766290128231048,0,0,0.006532936096191374,3.765329122543334e-05,1.0058644064556799,1.0663121381470546,0.0566885900749621,0.0,0.0011771140486603684
487,13.18,-0.04974765681326601,0.9569094777107239,0.3346666693687439,0.616557040815171,0.3346666693687439,0.3346666693687439,0.23897572159767147,0.3346666693687439,0.09569094777107243,0.0,0.23897572159767147,0,0,-0.011888482184743563,9.569094777107243e-05,0.993809953260881,1.0663121381470546,0.06799339732938023,0.011304807254418126,-0.019310498077843706
488,13.65,0.03566009104704102,-1.0,0.2346666693687439,0.5500412810606333,0.2346666693687439,0.2346666693687439,0.3346666693687439,0.2346666693687439,-0.1,0.09569094777107243,0.23897572159767147,0,0,0.011934243900099383,0.0001,1.0055709426381165,1.0663121381470546,0.056963803876873144,0.0,0.009596514813123739
489,13.74,0.006593406593406583,-1.0,0.13466666936874389,0.6151809744583081,0.13466666936874389,0.13466666936874389,0.2346666693687439,0.13466666936874389,-0.1,0.0,0.2346666693687439,0,0,0.0015472527650686387,0.0001,1.0070262579653222,1.0663121381470546,0.05559899213447417,0.0,-0.0014656324686665697
490,13.35,-0.028384279475982575,-1.0,0.03466666936874388,0.6220050357326661,0.03466666936874388,0.03466666936874388,0.13466666936874389,0.03466666936874388,-0.1,0.0,0.13466666936874389,0,0,-0.003822416379462168,0.0001,1.0030762816765306,1.0663121381470546,0.059303326116506384,0.0037043339820322166,-0.0080625463877135
491,12.02,-0.09962546816479402,-1.0,0.0,0.6034833766569152,0.0,0.0,0.03466666936874388,0.0,-0.03466666936874388,0.0,0.03466666936874388,0,0,-0.0034536831655752336,3.466666936874388e-05,0.999577200694908,1.0663121381470546,0.06258480520358033,0.003281479087073942,-0.004805950017791217
492,11.94,-0.0066555740432612375,-1.0,0.0,0.5838449843231902,0.0,0.0,0.0,0.0,0.0,0.0,0.0,0,0,-0.0,0.0,0.999577200694908,1.0663121381470546,0.06258480520358033,0.0,-0.0002
493,12.44,0.04187604690117253,-1.0,0.0,0.5838449843231902,0.0,0.0,0.0,0.0,0.0,0.0,0.0,0,0,0.0,0.0,0.999577200694908,1.0663121381470546,0.06258480520358033,0.0,-0.0002
494,12.58,0.011254019292604547,-1.0,0.0,0.5838449843231902,0.0,0.0,0.0,0.0,0.0,0.0,0.0,0,0,0.0,0.0,0.999577200694908,1.0663121381470546,0.06258480520358033,0.0,-0.0002
495,12.51,-0.005564387917329116,-1.0,0.0,0.5838449843231902,0.0,0.0,0.0,0.0,0.0,0.0,0.0,0,0,-0.0,0.0,0.999577200694908,1.0663121381470546,0.06258480520358033,0.0,-0.0002
496,12.13,-0.030375699440447563,-1.0,0.0,0.5838449843231902,0.0,0.0,0.0,0.0,0.0,0.0,0.0,0,0,-0.0,0.0,0.999577200694908,1.0663121381470546,0.06258480520358033,0.0,-0.0002
497,11.31,-0.06760098928277002,-1.0,0.0,0.5838449843231902,0.0,0.0,0.0,0.0,0.0,0.0,0.0,0,0,-0.0,0.0,0.999577200694908,1.0663121381470546,0.06258480520358033,0.0,-0.0002
498,11.16,-0.013262599469496051,-1.0,0.0,0.5838449843231902,0.0,0.0,0.0,0.0,0.0,0.0,0.0,0,0,-0.0,0.0,0.999577200694908,1.0663121381470546,0.06258480520358033,0.0,-0.0002
499,11.36,0.017921146953404955,-1.0,0.0,0.5838449843231902,0.0,0.0,0.0,0.0,0.0,0.0,0.0,0,0,0.0,0.0,0.999577200694908,1.0663121381470546,0.06258480520358033,0.0,-0.0002
500,11.66,0.026408450704225418,-1.0,0.0,0.5838449843231902,0.0,0.0,0.0,0.0,0.0,0.0,0.0,0,0,0.0,0.0,0.999577200694908,1.0663121381470546,0.06258480520358033,0.0,-0.0002
501,11.44,-0.01886792452830194,-1.0,0.0,0.5838449843231902,0.0,0.0,0.0,0.0,0.0,0.0,0.0,0,0,-0.0,0.0,0.999577200694908,1.0663121381470546,0.06258480520358033,0.0,-0.0002
502,11.74,0.026223776223776286,-1.0,0.0,0.5838449843231902,0.0,0.0,0.0,0.0,0.0,0.0,0.0,0,0,0.0,0.0,0.999577200694908,1.0663121381470546,0.06258480520358033,0.0,-0.0002
503,12.04,0.02555366269165238,-1.0,0.0,0.5838449843231902,0.0,0.0,0.0,0.0,0.0,0.0,0.0,0,0,0.0,0.0,0.999577200694908,1.0663121381470546,0.06258480520358033,0.0,-0.0005515602549475713
504,11.83,-0.017441860465116202,-0.8402834534645081,0.0,0.5838449843231902,0.0,0.0,0.0,0.0,0.0,0.0,0.0,0,0,-0.0,0.0,0.999577200694908,1.0663121381470546,0.06258480520358033,0.0,-0.0035993508718683963
505,11.76,-0.005917159763313634,-1.0,0.0,0.5838449843231902,0.0,0.0,0.0,0.0,0.0,0.0,0.0,0,0,-0.0,0.0,0.999577200694908,1.0663121381470546,0.06258480520358033,0.0,-0.0013190521315356335
506,11.65,-0.00935374149659859,-1.0,0.0,0.5838449843231902,0.0,0.0,0.0,0.0,0.0,0.0,0.0,0,0,-0.0,0.0,0.999577200694908,1.0663121381470546,0.06258480520358033,0.0,-0.0002
507,11.45,-0.017167381974249017,-1.0,0.0,0.5838449843231902,0.0,0.0,0.0,0.0,0.0,0.0,0.0,0,0,-0.0,0.0,0.999577200694908,1.0663121381470546,0.06258480520358033,0.0,-0.0002
508,11.56,0.009606986899563425,-1.0,0.0,0.5838449843231902,0.0,0.0,0.0,0.0,0.0,0.0,0.0,0,0,0.0,0.0,0.999577200694908,1.0663121381470546,0.06258480520358033,0.0,-0.0002
509,11.31,-0.02162629757785467,-1.0,0.0,0.5838449843231902,0.0,0.0,0.0,0.0,0.0,0.0,0.0,0,0,-0.0,0.0,0.999577200694908,1.0663121381470546,0.06258480520358033,0.0,-0.0002
510,12.29,0.08664898320070721,-1.0,0.0,0.5838449843231902,0.0,0.0,0.0,0.0,0.0,0.0,0.0,0,0,0.0,0.0,0.999577200694908,1.0663121381470546,0.06258480520358033,0.0,-0.0002
511,12.32,0.002441008950366244,0.7984691262245178,0.07984691262245179,0.5838449843231902,0.07984691262245179,0.07984691262245179,0.0,0.07984691262245179,0.07984691262245179,0.0,0.0,0,0,0.0,7.984691262245179e-05,0.9994973875415047,1.0663121381470546,0.06265965491273014,7.484970914981015e-05,-0.0037093492167978156
512,12.18,-0.011363636363636409,-0.5648470520973206,0.02336220741271973,0.5833771344278438,0.02336220741271973,0.02336220741271973,0.07984691262245179,0.07984691262245179,-0.0,0.07984691262245179,0.0,0,0,-0.0009073512798005921,0.0,0.9985904923077616,1.0663121381470546,0.06351015187445377,0.0008504969617236374,-0.004887473333484867
513,12.43,0.020525451559934318,-0.8514196276664734,0.0,0.5780615642672301,0.0,0.0,0.07984691262245179,0.0,-0.07984691262245179,0.0,0.07984691262245179,0,0,0.0016388939372424423,7.984691262245179e-05,1.000147341843608,1.0663121381470546,0.062050120163146705,0.0,-0.003439180542051932
514,12.33,-0.008045052292839874,1.0,0.1,0.5871867559853419,0.1,0.1,0.0,0.1,0.1,0.0,0.0,0,0,-0.0,0.0001,1.0000473271094237,1.0663121381470546,0.06214391515113034,9.379498798363362e-05,-0.005264276897771934
515,12.0,-0.026763990267639908,0.15536299347877502,0.11553629934787751,0.5866005349907648,0.11553629934787751,0.11553629934787751,0.1,0.11553629934787751,0.015536299347877508,0.1,0.0,0,0,-0.002676399026763991,1.553629934787751e-05,0.997355264381794,1.0663121381470546,0.06466856307674404,0.0025246479256137017,-0.007825172169868437
516,11.98,-0.0016666666666666312,-1.0,0.015536299347877508,0.5708214625723503,0.015536299347877508,0.015536299347877508,0.11553629934787751,0.015536299347877508,-0.1,0.015536299347877508,0.1,0,0,-0.0001925604989131251,0.0001,0.9970634776280528,1.0663121381470546,0.06494220410857947,0.0002736410318354282,-0.0006333835452628548
517,11.95,-0.0025041736227046025,-1.0,0.0,0.569111228362498,0.0,0.0,0.015536299347877508,0.0,-0.015536299347877508,0.0,0.015536299347877508,0,0,-3.8905591021397575e-05,1.553629934787751e-05,0.9970091956075126,1.0663121381470546,0.06499311042259234,5.09063140128746e-05,-0.00030881893808684636
518,12.14,0.015899581589958266,-1.0,0.0,0.5687930420048886,0.0,0.0,0.0,0.0,0.0,0.0,0.0,0,0,0.0,0.0,0.9970091956075126,1.0663121381470546,0.06499311042259234,0.0,-0.0002
519,12.24,0.008237232289950547,-1.0,0.0,0.5687930420048886,0.0,0.0,0.0,0.0,0.0,0.0,0.0,0,0,0.0,0.0,0.9970091956075126,1.0663121381470546,0.06499311042259234,0.0,-0.0002
520,11.69,-0.04493464052287587,-1.0,0.0,0.5687930420048886,0.0,0.0,0.0,0.0,0.0,0.0,0.0,0,0,-0.0,0.0,0.9970091956075126,1.0663121381470546,0.06499311042259234,0.0,-0.0005787982714351665
521,11.8,0.009409751924722088,-1.0,0.0,0.5687930420048886,0.0,0.0,0.0,0.0,0.0,0.0,0.0,0,0,0.0,0.0,0.9970091956075126,1.0663121381470546,0.06499311042259234,0.0,-0.0002
522,11.9,0.00847457627118641,-1.0,0.0,0.5687930420048886,0.0,0.0,0.0,0.0,0.0,0.0,0.0,0,0,0.0,0.0,0.9970091956075126,1.0663121381470546,0.06499311042259234,0.0,-0.0002
523,11.89,-0.0008403361344537636,-1.0,0.0,0.5687930420048886,0.0,0.0,0.0,0.0,0.0,0.0,0.0,0,0,-0.0,0.0,0.9970091956075126,1.0663121381470546,0.06499311042259234,0.0,-0.0002
524,11.88,-0.0008410428931875346,-1.0,0.0,0.5687930420048886,0.0,0.0,0.0,0.0,0.0,0.0,0.0,0,0,-0.0,0.0,0.9970091956075126,1.0663121381470546,0.06499311042259234,0.0,-0.0002
525,11.92,0.003367003367003295,-1.0,0.0,0.5687930420048886,0.0,0.0,0.0,0.0,0.0,0.0,0.0,0,0,0.0,0.0,0.9970091956075126,1.0663121381470546,0.06499311042259234,0.0,-0.0002
526,11.66,-0.021812080536912734,-1.0,0.0,0.5687930420048886,0.0,0.0,0.0,0.0,0.0,0.0,0.0,0,0,-0.0,0.0,0.9970091956075126,1.0663121381470546,0.06499311042259234,0.0,-0.001311002909676936
527,11.32,-0.02915951972555745,-1.0,0.0,0.5687930420048886,0.0,0.0,0.0,0.0,0.0,0.0,0.0,0,0,-0.0,0.0,0.9970091956075126,1.0663121381470546,0.06499311042259234,0.0,-0.0002
528,11.09,-0.020318021201413464,-1.0,0.0,0.5687930420048886,0.0,0.0,0.0,0.0,0.0,0.0,0.0,0,0,-0.0,0.0,0.9970091956075126,1.0663121381470546,0.06499311042259234,0.0,-0.0002
529,11.36,0.024346257889990945,-1.0,0.0,0.5687930420048886,0.0,0.0,0.0,0.0,0.0,0.0,0.0,0,0,0.0,0.0,0.9970091956075126,1.0663121381470546,0.06499311042259234,0.0,-0.0002
530,11.06,-0.026408450704225258,-1.0,0.0,0.5687930420048886,0.0,0.0,0.0,0.0,0.0,0.0,0.0,0,0,-0.0,0.0,0.9970091956075126,1.0663121381470546,0.06499311042259234,0.0,-0.0002
531,10.71,-0.03164556962025313,-1.0,0.0,0.5687930420048886,0.0,0.0,0.0,0.0,0.0,0.0,0.0,0,0,-0.0,0.0,0.9970091956075126,1.0663121381470546,0.06499311042259234,0.0,-0.0002
532,10.77,0.005602240896358424,-1.0,0.0,0.5687930420048886,0.0,0.0,0.0,0.0,0.0,0.0,0.0,0,0,0.0,0.0,0.9970091956075126,1.0663121381470546,0.06499311042259234,0.0,-0.0002
533,11.0,0.021355617455896047,-1.0,0.0,0.5687930420048886,0.0,0.0,0.0,0.0,0.0,0.0,0.0,0,0,0.0,0.0,0.9970091956075126,1.0663121381470546,0.06499311042259234,0.0,-0.0002
534,10.88,-0.010909090909090839,-1.0,0.0,0.5687930420048886,0.0,0.0,0.0,0.0,0.0,0.0,0.0,0,0,-0.0,0.0,0.9970091956075126,1.0663121381470546,0.06499311042259234,0.0,-0.0002
535,10.75,-0.011948529411764776,-1.0,0.0,0.5687930420048886,0.0,0.0,0.0,0.0,0.0,0.0,0.0,0,0,-0.0,0.0,0.9970091956075126,1.0663121381470546,0.06499311042259234,0.0,-0.0002
536,10.71,-0.0037209302325580604,-1.0,0.0,0.5687930420048886,0.0,0.0,0.0,0.0,0.0,0.0,0.0,0,0,-0.0,0.0,0.9970091956075126,1.0663121381470546,0.06499311042259234,0.0,-0.0002
537,10.97,0.024276377217553668,-1.0,0.0,0.5687930420048886,0.0,0.0,0.0,0.0,0.0,0.0,0.0,0,0,0.0,0.0,0.9970091956075126,1.0663121381470546,0.06499311042259234,0.0,-0.0002
538,10.89,-0.007292616226071109,-1.0,0.0,0.5687930420048886,0.0,0.0,0.0,0.0,0.0,0.0,0.0,0,0,-0.0,0.0,0.9970091956075126,1.0663121381470546,0.06499311042259234,0.0,-0.00021539573506492574
539,10.71,-0.016528925619834683,-1.0,0.0,0.5687930420048886,0.0,0.0,0.0,0.0,0.0,0.0,0.0,0,0,-0.0,0.0,0.9970091956075126,1.0663121381470546,0.06499311042259234,0.0,-0.0002
540,10.72,0.0009337068160597372,-1.0,0.0,0.5687930420048886,0.0,0.0,0.0,0.0,0.0,0.0,0.0,0,0,0.0,0.0,0.9970091956075126,1.0663121381470546,0.06499311042259234,0.0,-0.0002
541,10.38,-0.03171641791044775,-1.0,0.0,0.5687930420048886,0.0,0.0,0.0,0.0,0.0,0.0,0.0,0,0,-0.0,0.0,0.9970091956075126,1.0663121381470546,0.06499311042259234,0.0,-0.0002
542,10.32,-0.005780346820809296,-1.0,0.0,0.5687930420048886,0.0,0.0,0.0,0.0,0.0,0.0,0.0,0,0,-0.0,0.0,0.9970091956075126,1.0663121381470546,0.06499311042259234,0.0,-0.0002
543,10.43,0.010658914728682115,-1.0,0.0,0.5687930420048886,0.0,0.0,0.0,0.0,0.0,0.0,0.0,0,0,0.0,0.0,0.9970091956075126,1.0663121381470546,0.06499311042259234,0.0,-0.0002
544,10.71,0.026845637583892728,-1.0,0.0,0.5687930420048886,0.0,0.0,0.0,0.0,0.0,0.0,0.0,0,0,0.0,0.0,0.9970091956075126,1.0663121381470546,0.06499311042259234,0.0,-0.0002
545,10.74,0.002801120448179212,-1.0,0.0,0.5687930420048886,0.0,0.0,0.0,0.0,0.0,0.0,0.0,0,0,0.0,0.0,0.9970091956075126,1.0663121381470546,0.06499311042259234,0.0,-0.0002
546,11.0,0.02420856610800743,-1.0,0.0,0.5687930420048886,0.0,0.0,0.0,0.0,0.0,0.0,0.0,0,0,0.0,0.0,0.9970091956075126,1.0663121381470546,0.06499311042259234,0.0,-0.0002
547,11.17,0.015454545454545448,0.11817505955696106,0.011817505955696106,0.5687930420048886,0.011817505955696106,0.011817505955696106,0.0,0.011817505955696106,0.011817505955696106,0.0,0.0,0,0,0.0,1.1817505955696107e-05,0.9969974134454056,1.0663121381470546,0.06500415987207851,1.1049449486169594e-05,-0.0038963663336524556
548,11.08,-0.008057296329453881,0.8946752548217773,0.10128503143787385,0.5687239844359826,0.10128503143787385,0.10128503143787385,0.011817505955696106,0.10128503143787385,0.08946752548217773,0.011817505955696106,0.0,0,0,-9.521714736012961e-05,8.946752548217774e-05,0.9968132833042788,1.0663121381470546,0.0651768392729215,0.00017267940084299271,-0.005147437092348096
549,10.88,-0.018050541516245425,-1.0,0.0012850314378738403,0.5676447678365452,0.0012850314378738403,0.0012850314378738403,0.10128503143787385,0.08946752548217773,-0.011817505955696112,0.08946752548217773,0.011817505955696112,0,0,-0.001828249664943565,1.1817505955696112e-05,0.9949790799061543,1.0663121381470546,0.06689697668157163,0.0017201374086501242,-0.0055550177459270916
550,10.9,0.0018382352941176078,-1.0,0.0,0.556893905998354,0.0,0.0,0.08946752548217773,0.0,-0.08946752548217773,0.0,0.08946752548217773,0,0,0.00016446236301870555,8.946752548217774e-05,0.9950536982006043,1.0663121381470546,0.06682699877193285,0.0,-0.0016266296259504947
551,10.93,0.0027522935779815925,-1.0,0.0,0.5573312550793824,0.0,0.0,0.0,0.0,0.0,0.0,0.0,0,0,0.0,0.0,0.9950536982006043,1.0663121381470546,0.06682699877193285,0.0,-0.0014084532636560998
552,11.01,0.007319304666056731,-1.0,0.0,0.5573312550793824,0.0,0.0,0.0,0.0,0.0,0.0,0.0,0,0,0.0,0.0,0.9950536982006043,1.0663121381470546,0.06682699877193285,0.0,-0.0002
553,11.0,-0.0009082652134423058,-1.0,0.0,0.5573312550793824,0.0,0.0,0.0,0.0,0.0,0.0,0.0,0,0,-0.0,0.0,0.9950536982006043,1.0663121381470546,0.06682699877193285,0.0,-0.0002
554,10.79,-0.01909090909090917,-1.0,0.0,0.5573312550793824,0.0,0.0,0.0,0.0,0.0,0.0,0.0,0,0,-0.0,0.0,0.9950536982006043,1.0663121381470546,0.06682699877193285,0.0,-0.0002966755942182966
555,10.81,0.001853568118628485,-1.0,0.0,0.5573312550793824,0.0,0.0,0.0,0.0,0.0,0.0,0.0,0,0,0.0,0.0,0.9950536982006043,1.0663121381470546,0.06682699877193285,0.0,-0.0002
556,10.74,-0.0064754856614246325,-1.0,0.0,0.5573312550793824,0.0,0.0,0.0,0.0,0.0,0.0,0.0,0,0,-0.0,0.0,0.9950536982006043,1.0663121381470546,0.06682699877193285,0.0,-0.0002
557,10.83,0.00837988826815641,-1.0,0.0,0.5573312550793824,0.0,0.0,0.0,0.0,0.0,0.0,0.0,0,0,0.0,0.0,0.9950536982006043,1.0663121381470546,0.06682699877193285,0.0,-0.0002
558,11.02,0.01754385964912276,-1.0,0.0,0.5573312550793824,0.0,0.0,0.0,0.0,0.0,0.0,0.0,0,0,0.0,0.0,0.9950536982006043,1.0663121381470546,0.06682699877193285,0.0,-0.0002
559,11.09,0.006352087114337594,-1.0,0.0,0.5573312550793824,0.0,0.0,0.0,0.0,0.0,0.0,0.0,0,0,0.0,0.0,0.9950536982006043,1.0663121381470546,0.06682699877193285,0.0,-0.0008954511611360147
560,11.11,0.001803426510369664,-0.8074356913566589,0.0,0.5573312550793824,0.0,0.0,0.0,0.0,0.0,0.0,0.0,0,0,0.0,0.0,0.9950536982006043,1.0663121381470546,0.06682699877193285,0.0,-0.0025789415635727726
561,10.8,-0.02790279027902779,-0.8219401240348816,0.0,0.5573312550793824,0.0,0.0,0.0,0.0,0.0,0.0,0.0,0,0,-0.0,0.0,0.9950536982006043,1.0663121381470546,0.06682699877193285,0.0,-0.0025760142231490823
562,10.31,-0.04537037037037039,-1.0,0.0,0.5573312550793824,0.0,0.0,0.0,0.0,0.0,0.0,0.0,0,0,-0.0,0.0,0.9950536982006043,1.0663121381470546,0.06682699877193285,0.0,-0.0003473850464323939
563,10.53,0.02133850630455857,-1.0,0.0,0.5573312550793824,0.0,0.0,0.0,0.0,0.0,0.0,0.0,0,0,0.0,0.0,0.9950536982006043,1.0663121381470546,0.06682699877193285,0.0,-0.0002
564,10.62,0.008547008547008534,-1.0,0.0,0.5573312550793824,0.0,0.0,0.0,0.0,0.0,0.0,0.0,0,0,0.0,0.0,0.9950536982006043,1.0663121381470546,0.06682699877193285,0.0,-0.0002
565,10.96,0.03201506591337115,-1.0,0.0,0.5573312550793824,0.0,0.0,0.0,0.0,0.0,0.0,0.0,0,0,0.0,0.0,0.9950536982006043,1.0663121381470546,0.06682699877193285,0.0,-0.0002
566,11.15,0.01733576642335762,-1.0,0.0,0.5573312550793824,0.0,0.0,0.0,0.0,0.0,0.0,0.0,0,0,0.0,0.0,0.9950536982006043,1.0663121381470546,0.06682699877193285,0.0,-0.0002
567,11.55,0.03587443946188344,-0.584945023059845,0.0,0.5573312550793824,0.0,0.0,0.0,0.0,0.0,0.0,0.0,0,0,0.0,0.0,0.9950536982006043,1.0663121381470546,0.06682699877193285,0.0,-0.0028451589964139943
568,12.21,0.057142857142857155,1.0,0.1,0.5573312550793824,0.1,0.1,0.0,0.1,0.1,0.0,0.0,0,0,0.0,0.0001,0.9949541928307842,1.0663121381470546,0.06692031607205566,9.331730012281103e-05,-0.007139720212677561
569,11.69,-0.0425880425880427,1.0,0.2,0.556748014317044,0.2,0.2,0.1,0.2,0.1,0.1,0.0,0,0,-0.00425880425880427,0.0001,0.9906173822577582,1.0663121381470546,0.07098742777216457,0.0040671117001089135,-0.012116167807642002
570,11.63,-0.005132591958939155,-0.7800981402397156,0.12199018597602845,0.5313285890983821,0.12199018597602845,0.12199018597602845,0.2,0.12199018597602845,-0.07800981402397156,0.1,0.1,0,0,-0.001026518391787831,7.800981402397157e-05,0.9895232174178871,1.0663121381470546,0.07201354836174398,0.0010261205895794046,-0.007241147509301
571,11.5,-0.011177987962166876,-0.859976589679718,0.03599252700805665,0.5249153155852253,0.03599252700805665,0.03599252700805665,0.12199018597602845,0.03599252700805665,-0.0859976589679718,0.0,0.12199018597602845,0,0,-0.0013636048303425445,8.59976589679718e-05,0.9880888020986874,1.0663121381470546,0.07335875983208533,0.0013452114703413481,-0.006558451078418326
572,11.43,-0.0060869565217391555,-0.8315475583076477,0.0,0.5165077544769656,0.0,0.0,0.03599252700805665,0.0,-0.03599252700805665,0.0,0.03599252700805665,0,0,-0.0002190849470055631,3.599252700805665e-05,0.9878367629029471,1.0663121381470546,0.07359512513894409,0.0002363653068587629,-0.003609511130391542
573,11.29,-0.012248468941382377,-1.0,0.0,0.5150304906091474,0.0,0.0,0.0,0.0,0.0,0.0,0.0,0,0,-0.0,0.0,0.9878367629029471,1.0663121381470546,0.07359512513894409,0.0,-0.0004987397260265631
574,11.55,0.023029229406554615,-1.0,0.0,0.5150304906091474,0.0,0.0,0.0,0.0,0.0,0.0,0.0,0,0,0.0,0.0,0.9878367629029471,1.0663121381470546,0.07359512513894409,0.0,-0.0002
575,11.49,-0.005194805194805237,-1.0,0.0,0.5150304906091474,0.0,0.0,0.0,0.0,0.0,0.0,0.0,0,0,-0.0,0.0,0.9878367629029471,1.0663121381470546,0.07359512513894409,0.0,-0.0005795772784639863
576,11.4,-0.007832898172323747,-1.0,0.0,0.5150304906091474,0.0,0.0,0.0,0.0,0.0,0.0,0.0,0,0,-0.0,0.0,0.9878367629029471,1.0663121381470546,0.07359512513894409,0.0,-0.0003226109612750849
577,11.32,-0.007017543859649129,-1.0,0.0,0.5150304906091474,0.0,0.0,0.0,0.0,0.0,0.0,0.0,0,0,-0.0,0.0,0.9878367629029471,1.0663121381470546,0.07359512513894409,0.0,-0.0002
578,11.32,0.0,-1.0,0.0,0.5150304906091474,0.0,0.0,0.0,0.0,0.0,0.0,0.0,0,0,0.0,0.0,0.9878367629029471,1.0663121381470546,0.07359512513894409,0.0,-0.0002
579,11.24,-0.007067137809187285,-1.0,0.0,0.5150304906091474,0.0,0.0,0.0,0.0,0.0,0.0,0.0,0,0,-0.0,0.0,0.9878367629029471,1.0663121381470546,0.07359512513894409,0.0,-0.000552771826109198
580,11.15,-0.008007117437722406,-1.0,0.0,0.5150304906091474,0.0,0.0,0.0,0.0,0.0,0.0,0.0,0,0,-0.0,0.0,0.9878367629029471,1.0663121381470546,0.07359512513894409,0.0,-0.0002
581,10.98,-0.015246636771300441,-1.0,0.0,0.5150304906091474,0.0,0.0,0.0,0.0,0.0,0.0,0.0,0,0,-0.0,0.0,0.9878367629029471,1.0663121381470546,0.07359512513894409,0.0,-0.0002
582,10.96,-0.0018214936247722745,-1.0,0.0,0.5150304906091474,0.0,0.0,0.0,0.0,0.0,0.0,0.0,0,0,-0.0,0.0,0.9878367629029471,1.0663121381470546,0.07359512513894409,0.0,-0.0002
583,11.23,0.024635036496350324,-1.0,0.0,0.5150304906091474,0.0,0.0,0.0,0.0,0.0,0.0,0.0,0,0,0.0,0.0,0.9878367629029471,1.0663121381470546,0.07359512513894409,0.0,-0.0002
584,11.2,-0.0026714158504008135,-1.0,0.0,0.5150304906091474,0.0,0.0,0.0,0.0,0.0,0.0,0.0,0,0,-0.0,0.0,0.9878367629029471,1.0663121381470546,0.07359512513894409,0.0,-0.0002
585,11.02,-0.016071428571428546,-1.0,0.0,0.5150304906091474,0.0,0.0,0.0,0.0,0.0,0.0,0.0,0,0,-0.0,0.0,0.9878367629029471,1.0663121381470546,0.07359512513894409,0.0,-0.0002
586,10.99,-0.002722323049001757,-1.0,0.0,0.5150304906091474,0.0,0.0,0.0,0.0,0.0,0.0,0.0,0,0,-0.0,0.0,0.9878367629029471,1.0663121381470546,0.07359512513894409,0.0,-0.0002
587,10.86,-0.011828935395814448,-1.0,0.0,0.5150304906091474,0.0,0.0,0.0,0.0,0.0,0.0,0.0,0,0,-0.0,0.0,0.9878367629029471,1.0663121381470546,0.07359512513894409,0.0,-0.0002
588,11.29,0.03959484346224675,-1.0,0.0,0.5150304906091474,0.0,0.0,0.0,0.0,0.0,0.0,0.0,0,0,0.0,0.0,0.9878367629029471,1.0663121381470546,0.07359512513894409,0.0,-0.0002
589,10.97,-0.028343666961913067,-1.0,0.0,0.5150304906091474,0.0,0.0,0.0,0.0,0.0,0.0,0.0,0,0,-0.0,0.0,0.9878367629029471,1.0663121381470546,0.07359512513894409,0.0,-0.0005550436721874423
590,10.58,-0.035551504102096676,-1.0,0.0,0.5150304906091474,0.0,0.0,0.0,0.0,0.0,0.0,0.0,0,0,-0.0,0.0,0.9878367629029471,1.0663121381470546,0.07359512513894409,0.0,-0.0002
591,10.62,0.0037807183364838514,-1.0,0.0,0.5150304906091474,0.0,0.0,0.0,0.0,0.0,0.0,0.0,0,0,0.0,0.0,0.9878367629029471,1.0663121381470546,0.07359512513894409,0.0,-0.0002
592,10.69,0.006591337099811703,-1.0,0.0,0.5150304906091474,0.0,0.0,0.0,0.0,0.0,0.0,0.0,0,0,0.0,0.0,0.9878367629029471,1.0663121381470546,0.07359512513894409,0.0,-0.0002
593,10.71,0.0018709073900843173,-1.0,0.0,0.5150304906091474,0.0,0.0,0.0,0.0,0.0,0.0,0.0,0,0,0.0,0.0,0.9878367629029471,1.0663121381470546,0.07359512513894409,0.0,-0.0002
594,10.68,-0.0028011204481793775,-1.0,0.0,0.5150304906091474,0.0,0.0,0.0,0.0,0.0,0.0,0.0,0,0,-0.0,0.0,0.9878367629029471,1.0663121381470546,0.07359512513894409,0.0,-0.0002
595,10.73,0.004681647940074973,-1.0,0.0,0.5150304906091474,0.0,0.0,0.0,0.0,0.0,0.0,0.0,0,0,0.0,0.0,0.9878367629029471,1.0663121381470546,0.07359512513894409,0.0,-0.0002
596,10.8,0.006523765144454826,-1.0,0.0,0.5150304906091474,0.0,0.0,0.0,0.0,0.0,0.0,0.0,0,0,0.0,0.0,0.9878367629029471,1.0663121381470546,0.07359512513894409,0.0,-0.00032152062115408064
597,10.8,0.0,-1.0,0.0,0.5150304906091474,0.0,0.0,0.0,0.0,0.0,0.0,0.0,0,0,0.0,0.0,0.9878367629029471,1.0663121381470546,0.07359512513894409,0.0,-0.0007569503881671781
598,10.42,-0.03518518518518526,-1.0,0.0,0.5150304906091474,0.0,0.0,0.0,0.0,0.0,0.0,0.0,0,0,-0.0,0.0,0.9878367629029471,1.0663121381470546,0.07359512513894409,0.0,-0.0004301895205343824
599,10.73,0.029750479846449185,-1.0,0.0,0.5150304906091474,0.0,0.0,0.0,0.0,0.0,0.0,0.0,0,0,0.0,0.0,0.9878367629029471,1.0663121381470546,0.07359512513894409,0.0,-0.0002
600,10.53,-0.01863932898415667,-1.0,0.0,0.5150304906091474,0.0,0.0,0.0,0.0,0.0,0.0,0.0,0,0,-0.0,0.0,0.9878367629029471,1.0663121381470546,0.07359512513894409,0.0,-0.0002
601,10.55,0.0018993352326686942,-1.0,0.0,0.5150304906091474,0.0,0.0,0.0,0.0,0.0,0.0,0.0,0,0,0.0,0.0,0.9878367629029471,1.0663121381470546,0.07359512513894409,0.0,-0.0002
602,10.42,-0.012322274881516661,-1.0,0.0,0.5150304906091474,0.0,0.0,0.0,0.0,0.0,0.0,0.0,0,0,-0.0,0.0,0.9878367629029471,1.0663121381470546,0.07359512513894409,0.0,-0.0002
603,10.66,0.02303262955854129,-1.0,0.0,0.5150304906091474,0.0,0.0,0.0,0.0,0.0,0.0,0.0,0,0,0.0,0.0,0.9878367629029471,1.0663121381470546,0.07359512513894409,0.0,-0.0002
604,10.82,0.015009380863039413,-1.0,0.0,0.5150304906091474,0.0,0.0,0.0,0.0,0.0,0.0,0.0,0,0,0.0,0.0,0.9878367629029471,1.0663121381470546,0.07359512513894409,0.0,-0.0012875903292103223
605,10.84,0.0018484288354897942,-1.0,0.0,0.5150304906091474,0.0,0.0,0.0,0.0,0.0,0.0,0.0,0,0,0.0,0.0,0.9878367629029471,1.0663121381470546,0.07359512513894409,0.0,-0.0009164224780288017
606,10.95,0.010147601476014708,-1.0,0.0,0.5150304906091474,0.0,0.0,0.0,0.0,0.0,0.0,0.0,0,0,0.0,0.0,0.9878367629029471,1.0663121381470546,0.07359512513894409,0.0,-0.0022429954616405207
607,11.1,0.013698630136986335,-0.5277032852172852,0.0,0.5150304906091474,0.0,0.0,0.0,0.0,0.0,0.0,0.0,0,0,0.0,0.0,0.9878367629029471,1.0663121381470546,0.07359512513894409,0.0,-0.003043653430198166
608,11.02,-0.007207207207207214,0.511640191078186,0.051164019107818606,0.5150304906091474,0.051164019107818606,0.051164019107818606,0.0,0.051164019107818606,0.051164019107818606,0.0,0.0,0,0,-0.0,5.1164019107818606e-05,0.9877862212039346,1.0663121381470546,0.07364252373566302,4.739859671892832e-05,-0.004555500194549081
609,10.88,-0.012704174228675027,-1.0,0.0,0.5147342368981697,0.0,0.0,0.051164019107818606,0.051164019107818606,-0.0,0.051164019107818606,0.0,0,0,-0.0006499966129849858,0.0,0.9871441635057987,1.0663121381470546,0.07424465295764822,0.0006021292219852009,-0.003210752591991223
610,11.39,0.04687499999999998,-1.0,0.0,0.5109709020726289,0.0,0.0,0.051164019107818606,0.0,-0.051164019107818606,0.0,0.051164019107818606,0,0,0.002398313395678996,5.1164019107818606e-05,0.9894611383137573,1.0663121381470546,0.07207176687198028,0.0,0.0012064338223014715
611,11.51,0.010535557506584654,0.8429839611053467,0.08429839611053468,0.5245514478553321,0.08429839611053468,0.08429839611053468,0.0,0.08429839611053468,0.08429839611053468,0.0,0.0,0,0,0.0,8.429839611053468e-05,0.9893777283267837,1.0663121381470546,0.07214998973373864,7.82228617583619e-05,-0.004414463928488037
612,11.72,0.01824500434404873,-0.23257401585578918,0.06104099452495576,0.5240625500698001,0.06104099452495576,0.06104099452495576,0.08429839611053468,0.08429839611053468,-0.0,0.08429839611053468,0.0,0,0,0.0015380246032330456,0.0,0.9908994156148412,1.0663121381470546,0.07072293358983905,0.0,-0.0026873167393767663
613,12.33,0.05204778156996582,0.3378056585788727,0.11807896196842194,0.5329816866682833,0.11807896196842194,0.11807896196842194,0.08429839611053468,0.11807896196842194,0.03378056585788726,0.0,0.08429839611053468,0,0,0.004387544507459565,3.378056585788726e-05,0.9952135577602992,1.0663121381470546,0.06667708060634517,0.0,-0.00027292869830407014
614,12.82,0.03974047039740472,1.0,0.21807896196842194,0.5582682587216796,0.21807896196842194,0.21807896196842194,0.11807896196842194,0.21807896196842194,0.1,0.03378056585788726,0.08429839611053468,0,0,0.00469251349266235,0.0001,0.9997840894523938,1.0663121381470546,0.06239078250601882,0.0,-0.002218193393341828
615,12.4,-0.03276131045241809,1.0,0.31807896196842195,0.585057612881438,0.31807896196842195,0.31807896196842195,0.21807896196842194,0.31807896196842195,0.1,0.1,0.11807896196842194,0,0,-0.007144552576188549,0.0001,0.9925411010515193,1.0663121381470546,0.06918334177807288,0.0067925592720540565,-0.013926347498261209
616,13.03,0.05080645161290315,-1.0,0.21807896196842194,0.5426041115089698,0.21807896196842194,0.21807896196842194,0.31807896196842195,0.21807896196842194,-0.1,0.1,0.21807896196842194,0,0,0.01616046339033109,0.0001,1.0084817710683562,1.0663121381470546,0.05423399491558917,0.0,0.010326880684471042
617,12.25,-0.0598618572524942,1.0,0.31807896196842195,0.6288300283295986,0.31807896196842195,0.31807896196842195,0.21807896196842194,0.31807896196842195,0.1,0.0,0.21807896196842194,0,0,-0.013054611691125786,0.0001,0.9952155849723733,1.0663121381470546,0.06667517946314182,0.01244118454755265,-0.02402263664780253
618,12.29,0.00326530612244891,-1.0,0.21807896196842194,0.5582801330845056,0.21807896196842194,0.21807896196842194,0.31807896196842195,0.21807896196842194,-0.1,0.1,0.21807896196842194,0,0,0.0010386251819376822,0.0001,0.9961497193818851,1.0663121381470546,0.06579913728365851,0.0,-0.0027196449479390578
619,12.34,0.0040683482506103106,-1.0,0.11807896196842194,0.5637553785005331,0.11807896196842194,0.11807896196842194,0.21807896196842194,0.11807896196842194,-0.1,0.0,0.21807896196842194,0,0,0.0008872211634191418,0.0001,0.9969339095229167,1.0663121381470546,0.06506371459364366,0.0,-0.0012064124164352355
620,11.9,-0.03565640194489461,-1.0,0.01807896196842193,0.5683517813690467,0.01807896196842193,0.01807896196842193,0.11807896196842194,0.01807896196842193,-0.1,0.0,0.11807896196842194,0,0,-0.0042102709291819765,0.0001,0.9926368542743843,1.0663121381470546,0.06909354328526811,0.004029828691624451,-0.004649619661320437
621,12.35,0.03781512605042011,-1.0,0.0,0.5431653730585478,0.0,0.0,0.01807896196842193,0.0,-0.01807896196842193,0.0,0.01807896196842193,0,0,0.0006836582256966266,1.807896196842193e-05,0.9932975327810017,1.0663121381470546,0.06847395125120807,0.0,0.00040230289683872795
622,11.97,-0.03076923076923069,-1.0,0.0,0.5470378123237022,0.0,0.0,0.0,0.0,0.0,0.0,0.0,0,0,-0.0,0.0,0.9932975327810017,1.0663121381470546,0.06847395125120807,0.0,-0.0002
623,12.01,0.0033416875522137967,-1.0,0.0,0.5470378123237022,0.0,0.0,0.0,0.0,0.0,0.0,0.0,0,0,0.0,0.0,0.9932975327810017,1.0663121381470546,0.06847395125120807,0.0,-0.0002
624,11.36,-0.0541215653621982,-1.0,0.0,0.5470378123237022,0.0,0.0,0.0,0.0,0.0,0.0,0.0,0,0,-0.0,0.0,0.9932975327810017,1.0663121381470546,0.06847395125120807,0.0,-0.0002
625,11.44,0.007042253521126767,-1.0,0.0,0.5470378123237022,0.0,0.0,0.0,0.0,0.0,0.0,0.0,0,0,0.0,0.0,0.9932975327810017,1.0663121381470546,0.06847395125120807,0.0,-0.0002
626,11.05,-0.034090909090908984,-1.0,0.0,0.5470378123237022,0.0,0.0,0.0,0.0,0.0,0.0,0.0,0,0,-0.0,0.0,0.9932975327810017,1.0663121381470546,0.06847395125120807,0.0,-0.0002
627,10.85,-0.018099547511312312,-1.0,0.0,0.5470378123237022,0.0,0.0,0.0,0.0,0.0,0.0,0.0,0,0,-0.0,0.0,0.9932975327810017,1.0663121381470546,0.06847395125120807,0.0,-0.0002
628,10.42,-0.03963133640552993,-1.0,0.0,0.5470378123237022,0.0,0.0,0.0,0.0,0.0,0.0,0.0,0,0,-0.0,0.0,0.9932975327810017,1.0663121381470546,0.06847395125120807,0.0,-0.0002
629,10.67,0.02399232245681382,-1.0,0.0,0.5470378123237022,0.0,0.0,0.0,0.0,0.0,0.0,0.0,0,0,0.0,0.0,0.9932975327810017,1.0663121381470546,0.06847395125120807,0.0,-0.0002
630,10.36,-0.02905342080599817,-1.0,0.0,0.5470378123237022,0.0,0.0,0.0,0.0,0.0,0.0,0.0,0,0,-0.0,0.0,0.9932975327810017,1.0663121381470546,0.06847395125120807,0.0,-0.0002
631,10.4,0.0038610038610039504,-1.0,0.0,0.5470378123237022,0.0,0.0,0.0,0.0,0.0,0.0,0.0,0,0,0.0,0.0,0.9932975327810017,1.0663121381470546,0.06847395125120807,0.0,-0.0002
632,10.77,0.035576923076923,-1.0,0.0,0.5470378123237022,0.0,0.0,0.0,0.0,0.0,0.0,0.0,0,0,0.0,0.0,0.9932975327810017,1.0663121381470546,0.06847395125120807,0.0,-0.0002
633,11.19,0.03899721448467966,-1.0,0.0,0.5470378123237022,0.0,0.0,0.0,0.0,0.0,0.0,0.0,0,0,0.0,0.0,0.9932975327810017,1.0663121381470546,0.06847395125120807,0.0,-0.0002
634,11.11,-0.007149240393208228,-1.0,0.0,0.5470378123237022,0.0,0.0,0.0,0.0,0.0,0.0,0.0,0,0,-0.0,0.0,0.9932975327810017,1.0663121381470546,0.06847395125120807,0.0,-0.0033240647614040148
635,11.34,0.02070207020702074,-1.0,0.0,0.5470378123237022,0.0,0.0,0.0,0.0,0.0,0.0,0.0,0,0,0.0,0.0,0.9932975327810017,1.0663121381470546,0.06847395125120807,0.0,-0.0015911120161140274
636,11.12,-0.019400352733686125,0.22600200772285461,0.022600200772285462,0.5470378123237022,0.022600200772285462,0.022600200772285462,0.0,0.022600200772285462,0.022600200772285462,0.0,0.0,0,0,-0.0,2.2600200772285462e-05,0.9932750840573343,1.0663121381470546,0.06849500392693436,2.1052675726287995e-05,-0.0047591713492243426
637,10.94,-0.016187050359712206,-0.9681709408760071,0.0,0.5469062164439124,0.0,0.0,0.022600200772285462,0.022600200772285462,-0.0,0.022600200772285462,0.0,0,0,-0.00036583058804059147,0.0,0.9929117136492476,1.0663121381470546,0.06883577694741051,0.0003407730204761511,-0.0035394337319271676
638,11.2,0.023765996343692853,-1.0,0.0,0.5447763748480774,0.0,0.0,0.022600200772285462,0.0,-0.022600200772285462,0.0,0.022600200772285462,0,0,0.0005371162889208607,2.2600200772285462e-05,0.9934225827000313,1.0663121381470546,0.06835667797394161,0.0,0.00022872215062917533
639,11.07,-0.011607142857142769,-1.0,0.0,0.5477707631899063,0.0,0.0,0.0,0.0,0.0,0.0,0.0,0,0,-0.0,0.0,0.9934225827000313,1.0663121381470546,0.06835667797394161,0.0,-0.0002
640,10.96,-0.009936766034326958,-1.0,0.0,0.5477707631899063,0.0,0.0,0.0,0.0,0.0,0.0,0.0,0,0,-0.0,0.0,0.9934225827000313,1.0663121381470546,0.06835667797394161,0.0,-0.0002
641,11.0,0.003649635036496272,-1.0,0.0,0.5477707631899063,0.0,0.0,0.0,0.0,0.0,0.0,0.0,0,0,0.0,0.0,0.9934225827000313,1.0663121381470546,0.06835667797394161,0.0,-0.0002
642,10.73,-0.024545454545454506,-1.0,0.0,0.5477707631899063,0.0,0.0,0.0,0.0,0.0,0.0,0.0,0,0,-0.0,0.0,0.9934225827000313,1.0663121381470546,0.06835667797394161,0.0,-0.0002
643,11.05,0.02982292637465054,-1.0,0.0,0.5477707631899063,0.0,0.0,0.0,0.0,0.0,0.0,0.0,0,0,0.0,0.0,0.9934225827000313,1.0663121381470546,0.06835667797394161,0.0,-0.0002
644,10.78,-0.024434389140271615,-1.0,0.0,0.5477707631899063,0.0,0.0,0.0,0.0,0.0,0.0,0.0,0,0,-0.0,0.0,0.9934225827000313,1.0663121381470546,0.06835667797394161,0.0,-0.0002
645,10.9,0.011131725417439797,-1.0,0.0,0.5477707631899063,0.0,0.0,0.0,0.0,0.0,0.0,0.0,0,0,0.0,0.0,0.9934225827000313,1.0663121381470546,0.06835667797394161,0.0,-0.0002
646,10.85,-0.004587155963302818,-1.0,0.0,0.5477707631899063,0.0,0.0,0.0,0.0,0.0,0.0,0.0,0,0,-0.0,0.0,0.9934225827000313,1.0663121381470546,0.06835667797394161,0.0,-0.0002
647,11.05,0.0184331797235024,-1.0,0.0,0.5477707631899063,0.0,0.0,0.0,0.0,0.0,0.0,0.0,0,0,0.0,0.0,0.9934225827000313,1.0663121381470546,0.06835667797394161,0.0,-0.0002
648,10.88,-0.015384615384615377,-1.0,0.0,0.5477707631899063,0.0,0.0,0.0,0.0,0.0,0.0,0.0,0,0,-0.0,0.0,0.9934225827000313,1.0663121381470546,0.06835667797394161,0.0,-0.0023956678247391665
649,10.82,-0.005514705882352987,-1.0,0.0,0.5477707631899063,0.0,0.0,0.0,0.0,0.0,0.0,0.0,0,0,-0.0,0.0,0.9934225827000313,1.0663121381470546,0.06835667797394161,0.0,-0.0002
650,10.68,-0.012939001848428888,-1.0,0.0,0.5477707631899063,0.0,0.0,0.0,0.0,0.0,0.0,0.0,0,0,-0.0,0.0,0.9934225827000313,1.0663121381470546,0.06835667797394161,0.0,-0.0002
651,10.47,-0.01966292134831452,-1.0,0.0,0.5477707631899063,0.0,0.0,0.0,0.0,0.0,0.0,0.0,0,0,-0.0,0.0,0.9934225827000313,1.0663121381470546,0.06835667797394161,0.0,-0.0002
652,10.62,0.014326647564469778,-1.0,0.0,0.5477707631899063,0.0,0.0,0.0,0.0,0.0,0.0,0.0,0,0,0.0,0.0,0.9934225827000313,1.0663121381470546,0.06835667797394161,0.0,-0.0002
653,10.7,0.007532956685499066,-1.0,0.0,0.5477707631899063,0.0,0.0,0.0,0.0,0.0,0.0,0.0,0,0,0.0,0.0,0.9934225827000313,1.0663121381470546,0.06835667797394161,0.0,-0.0002
654,10.67,-0.0028037383177569497,-1.0,0.0,0.5477707631899063,0.0,0.0,0.0,0.0,0.0,0.0,0.0,0,0,-0.0,0.0,0.9934225827000313,1.0663121381470546,0.06835667797394161,0.0,-0.0002
655,10.65,-0.0018744142455482263,-1.0,0.0,0.5477707631899063,0.0,0.0,0.0,0.0,0.0,0.0,0.0,0,0,-0.0,0.0,0.9934225827000313,1.0663121381470546,0.06835667797394161,0.0,-0.0002
656,10.7,0.004694835680751073,-1.0,0.0,0.5477707631899063,0.0,0.0,0.0,0.0,0.0,0.0,0.0,0,0,0.0,0.0,0.9934225827000313,1.0663121381470546,0.06835667797394161,0.0,-0.0002
657,10.8,0.009345794392523497,-1.0,0.0,0.5477707631899063,0.0,0.0,0.0,0.0,0.0,0.0,0.0,0,0,0.0,0.0,0.9934225827000313,1.0663121381470546,0.06835667797394161,0.0,-0.0011341267401485642
658,11.01,0.019444444444444358,-1.0,0.0,0.5477707631899063,0.0,0.0,0.0,0.0,0.0,0.0,0.0,0,0,0.0,0.0,0.9934225827000313,1.0663121381470546,0.06835667797394161,0.0,-0.0011331197813985892
659,10.97,-0.0036330608537692233,-0.7739438414573669,0.0,0.5477707631899063,0.0,0.0,0.0,0.0,0.0,0.0,0.0,0,0,-0.0,0.0,0.9934225827000313,1.0663121381470546,0.06835667797394161,0.0,-0.0024487398838430067
660,11.19,0.02005469462169543,-0.9844607710838318,0.0,0.5477707631899063,0.0,0.0,0.0,0.0,0.0,0.0,0.0,0,0,0.0,0.0,0.9934225827000313,1.0663121381470546,0.06835667797394161,0.0,-0.0023022477581080216
661,10.8,-0.03485254691688997,0.1772514283657074,0.01772514283657074,0.5477707631899063,0.01772514283657074,0.01772514283657074,0.0,0.01772514283657074,0.01772514283657074,0.0,0.0,0,0,-0.0,1.772514283657074e-05,0.9934049741428558,1.0663121381470546,0.0683731914848973,1.6513510955690203e-05,-0.003921130301506987
662,11.51,0.06574074074074066,-1.0,0.0,0.5476675726486414,0.0,0.0,0.01772514283657074,0.01772514283657074,-0.0,0.01772514283657074,0.0,0,0,0.0011652640198115934,0.0,0.9945625532163264,1.0663121381470546,0.0672876002850427,0.0,0.0006736418257738134
663,11.52,0.000868809730668965,1.0,0.11772514283657075,0.5544524904351892,0.11772514283657075,0.11772514283657075,0.01772514283657074,0.11772514283657075,0.1,0.0,0.01772514283657074,0,0,1.5399776573909957e-05,0.0001,0.994478413002113,1.0663121381470546,0.06736650796245088,7.890767740817428e-05,-0.004936094619069637
664,11.57,0.0043402777777778396,-0.8864070773124695,0.029084435105323797,0.5539593085658139,0.029084435105323797,0.029084435105323797,0.11772514283657075,0.1,-0.017725142836570743,0.1,0.017725142836570743,0,0,0.00051095982133929,1.7725142836570744e-05,0.994968924242428,1.0663121381470546,0.0669065007818449,0.0,-0.00330642582638635
665,11.3,-0.023336214347450264,-0.5051349997520447,0.049486500024795536,0.5568343479197088,0.049486500024795536,0.049486500024795536,0.1,0.049486500024795536,-0.05051349997520447,0.0,0.1,0,0,-0.0023336214347450266,5.051349997520447e-05,0.9925967840711806,1.0663121381470546,0.06913112159069129,0.0022246208088463892,-0.007107261889517875
666,11.31,0.0008849557522123705,-1.0,0.0,0.5429304935052357,0.0,0.0,0.049486500024795536,0.0,-0.049486500024795536,0.0,0.049486500024795536,0,0,4.3793362853800425e-05,4.9486500024795536e-05,0.9925911330815335,1.0663121381470546,0.06913642115490419,5.2995642128988996e-06,-0.0019576444718981444
667,11.53,0.01945181255526073,-0.09489300847053528,0.0,0.5428973849877089,0.0,0.0,0.0,0.0,0.0,0.0,0.0,0,0,0.0,0.0,0.9925911330815335,1.0663121381470546,0.06913642115490419,0.0,-0.003912183694226531
668,11.51,-0.0017346053772766326,-0.6166163682937622,0.0,0.5428973849877089,0.0,0.0,0.0,0.0,0.0,0.0,0.0,0,0,-0.0,0.0,0.9925911330815335,1.0663121381470546,0.06913642115490419,0.0,-0.0017817522682128419
669,11.21,-0.026064291920069413,-0.9459065794944763,0.0,0.5428973849877089,0.0,0.0,0.0,0.0,0.0,0.0,0.0,0,0,-0.0,0.0,0.9925911330815335,1.0663121381470546,0.06913642115490419,0.0,-0.0014837779259508782
670,11.21,0.0,-1.0,0.0,0.5428973849877089,0.0,0.0,0.0,0.0,0.0,0.0,0.0,0,0,0.0,0.0,0.9925911330815335,1.0663121381470546,0.06913642115490419,0.0,-0.0002
671,11.64,0.038358608385370176,-1.0,0.0,0.5428973849877089,0.0,0.0,0.0,0.0,0.0,0.0,0.0,0,0,0.0,0.0,0.9925911330815335,1.0663121381470546,0.06913642115490419,0.0,-0.0002
672,11.65,0.0008591065292096037,-0.23581674695014954,0.0,0.5428973849877089,0.0,0.0,0.0,0.0,0.0,0.0,0.0,0,0,0.0,0.0,0.9925911330815335,1.0663121381470546,0.06913642115490419,0.0,-0.003323972271887172
673,11.53,-0.010300429184549442,-0.8713136911392212,0.0,0.5428973849877089,0.0,0.0,0.0,0.0,0.0,0.0,0.0,0,0,-0.0,0.0,0.9925911330815335,1.0663121381470546,0.06913642115490419,0.0,-0.0020988333347552205
674,11.55,0.0017346053772767868,-1.0,0.0,0.5428973849877089,0.0,0.0,0.0,0.0,0.0,0.0,0.0,0,0,0.0,0.0,0.9925911330815335,1.0663121381470546,0.06913642115490419,0.0,-0.001147617182965335
675,11.86,0.026839826839826726,-0.8742920160293579,0.0,0.5428973849877089,0.0,0.0,0.0,0.0,0.0,0.0,0.0,0,0,0.0,0.0,0.9925911330815335,1.0663121381470546,0.06913642115490419,0.0,-0.002776524345437273
676,11.53,-0.027824620573355826,0.5052762627601624,0.05052762627601624,0.5428973849877089,0.05052762627601624,0.05052762627601624,0.0,0.05052762627601624,0.05052762627601624,0.0,0.0,0,0,-0.0,5.0527626276016235e-05,0.9925409798077163,1.0663121381470546,0.06918345548193,4.703432702581056e-05,-0.004607653087332444
677,11.57,0.0034692107545534192,-1.0,0.0,0.542603413017039,0.0,0.0,0.05052762627601624,0.05052762627601624,-0.0,0.05052762627601624,0.0,0,0,0.00017529098447881147,0.0,0.9927149632932023,1.0663121381470546,0.06902029173347228,0.0,0.00020407573563416796
678,11.33,-0.020743301642178063,-1.0,0.0,0.5436231646700886,0.0,0.0,0.05052762627601624,0.0,-0.05052762627601624,0.0,0.05052762627601624,0,0,-0.001048109793106647,5.0527626276016235e-05,0.9916243294877473,1.0663121381470546,0.07004310087765989,0.0010228091441876058,-0.0015147688123952894
679,11.33,0.0,-1.0,0.0,0.5372306130842165,0.0,0.0,0.0,0.0,0.0,0.0,0.0,0,0,0.0,0.0,0.9916243294877473,1.0663121381470546,0.07004310087765989,0.0,-0.0002
680,11.5,0.015004413062665483,-1.0,0.0,0.5372306130842165,0.0,0.0,0.0,0.0,0.0,0.0,0.0,0,0,0.0,0.0,0.9916243294877473,1.0663121381470546,0.07004310087765989,0.0,-0.0002
681,11.57,0.0060869565217391555,-1.0,0.0,0.5372306130842165,0.0,0.0,0.0,0.0,0.0,0.0,0.0,0,0,0.0,0.0,0.9916243294877473,1.0663121381470546,0.07004310087765989,0.0,-0.0002
682,11.7,0.011235955056179688,-1.0,0.0,0.5372306130842165,0.0,0.0,0.0,0.0,0.0,0.0,0.0,0,0,0.0,0.0,0.9916243294877473,1.0663121381470546,0.07004310087765989,0.0,-0.0006261701281210486
683,11.85,0.012820512820512851,-1.0,0.0,0.5372306130842165,0.0,0.0,0.0,0.0,0.0,0.0,0.0,0,0,0.0,0.0,0.9916243294877473,1.0663121381470546,0.07004310087765989,0.0,-0.0014049945883195841
684,10.91,-0.07932489451476789,-0.1356879323720932,0.0,0.5372306130842165,0.0,0.0,0.0,0.0,0.0,0.0,0.0,0,0,-0.0,0.0,0.9916243294877473,1.0663121381470546,0.07004310087765989,0.0,-0.0037634109316448954
685,10.82,-0.00824931255728688,-1.0,0.0,0.5372306130842165,0.0,0.0,0.0,0.0,0.0,0.0,0.0,0,0,-0.0,0.0,0.9916243294877473,1.0663121381470546,0.07004310087765989,0.0,-0.0002
686,10.6,-0.02033271719038823,-1.0,0.0,0.5372306130842165,0.0,0.0,0.0,0.0,0.0,0.0,0.0,0,0,-0.0,0.0,0.9916243294877473,1.0663121381470546,0.07004310087765989,0.0,-0.0002
687,10.67,0.0066037735849056875,-1.0,0.0,0.5372306130842165,0.0,0.0,0.0,0.0,0.0,0.0,0.0,0,0,0.0,0.0,0.9916243294877473,1.0663121381470546,0.07004310087765989,0.0,-0.0002
688,10.64,-0.0028116213683223395,-1.0,0.0,0.5372306130842165,0.0,0.0,0.0,0.0,0.0,0.0,0.0,0,0,-0.0,0.0,0.9916243294877473,1.0663121381470546,0.07004310087765989,0.0,-0.0002
689,10.67,0.0028195488721803907,-1.0,0.0,0.5372306130842165,0.0,0.0,0.0,0.0,0.0,0.0,0.0,0,0,0.0,0.0,0.9916243294877473,1.0663121381470546,0.07004310087765989,0.0,-0.0002
690,10.53,-0.013120899718837916,-1.0,0.0,0.5372306130842165,0.0,0.0,0.0,0.0,0.0,0.0,0.0,0,0,-0.0,0.0,0.9916243294877473,1.0663121381470546,0.07004310087765989,0.0,-0.0002
691,10.63,0.009496676163342965,-1.0,0.0,0.5372306130842165,0.0,0.0,0.0,0.0,0.0,0.0,0.0,0,0,0.0,0.0,0.9916243294877473,1.0663121381470546,0.07004310087765989,0.0,-0.0002
692,10.45,-0.01693320790216383,-1.0,0.0,0.5372306130842165,0.0,0.0,0.0,0.0,0.0,0.0,0.0,0,0,-0.0,0.0,0.9916243294877473,1.0663121381470546,0.07004310087765989,0.0,-0.0002
693,10.5,0.004784688995215379,-1.0,0.0,0.5372306130842165,0.0,0.0,0.0,0.0,0.0,0.0,0.0,0,0,0.0,0.0,0.9916243294877473,1.0663121381470546,0.07004310087765989,0.0,-0.0002
694,10.36,-0.013333333333333388,-1.0,0.0,0.5372306130842165,0.0,0.0,0.0,0.0,0.0,0.0,0.0,0,0,-0.0,0.0,0.9916243294877473,1.0663121381470546,0.07004310087765989,0.0,-0.0002
695,10.37,0.0009652509652509448,-1.0,0.0,0.5372306130842165,0.0,0.0,0.0,0.0,0.0,0.0,0.0,0,0,0.0,0.0,0.9916243294877473,1.0663121381470546,0.07004310087765989,0.0,-0.0002
696,10.26,-0.010607521697203418,-1.0,0.0,0.5372306130842165,0.0,0.0,0.0,0.0,0.0,0.0,0.0,0,0,-0.0,0.0,0.9916243294877473,1.0663121381470546,0.07004310087765989,0.0,-0.0002
697,9.7,-0.0545808966861599,-1.0,0.0,0.5372306130842165,0.0,0.0,0.0,0.0,0.0,0.0,0.0,0,0,-0.0,0.0,0.9916243294877473,1.0663121381470546,0.07004310087765989,0.0,-0.0002
698,9.79,0.009278350515463904,-1.0,0.0,0.5372306130842165,0.0,0.0,0.0,0.0,0.0,0.0,0.0,0,0,0.0,0.0,0.9916243294877473,1.0663121381470546,0.07004310087765989,0.0,-0.0002
699,9.71,-0.008171603677221482,-1.0,0.0,0.5372306130842165,0.0,0.0,0.0,0.0,0.0,0.0,0.0,0,0,-0.0,0.0,0.9916243294877473,1.0663121381470546,0.07004310087765989,0.0,-0.0002
700,9.77,0.006179196704428292,-1.0,0.0,0.5372306130842165,0.0,0.0,0.0,0.0,0.0,0.0,0.0,0,0,0.0,0.0,0.9916243294877473,1.0663121381470546,0.07004310087765989,0.0,-0.0002
701,9.5,-0.027635619242579283,-1.0,0.0,0.5372306130842165,0.0,0.0,0.0,0.0,0.0,0.0,0.0,0,0,-0.0,0.0,0.9916243294877473,1.0663121381470546,0.07004310087765989,0.0,-0.0002
702,9.57,0.007368421052631609,-1.0,0.0,0.5372306130842165,0.0,0.0,0.0,0.0,0.0,0.0,0.0,0,0,0.0,0.0,0.9916243294877473,1.0663121381470546,0.07004310087765989,0.0,-0.0002
703,9.58,0.0010449320794148158,-1.0,0.0,0.5372306130842165,0.0,0.0,0.0,0.0,0.0,0.0,0.0,0,0,0.0,0.0,0.9916243294877473,1.0663121381470546,0.07004310087765989,0.0,-0.0002
704,9.37,-0.021920668058455203,-1.0,0.0,0.5372306130842165,0.0,0.0,0.0,0.0,0.0,0.0,0.0,0,0,-0.0,0.0,0.9916243294877473,1.0663121381470546,0.07004310087765989,0.0,-0.0002
705,9.41,0.0042689434364995655,-1.0,0.0,0.5372306130842165,0.0,0.0,0.0,0.0,0.0,0.0,0.0,0,0,0.0,0.0,0.9916243294877473,1.0663121381470546,0.07004310087765989,0.0,-0.0002
706,9.37,-0.004250797024442181,-1.0,0.0,0.5372306130842165,0.0,0.0,0.0,0.0,0.0,0.0,0.0,0,0,-0.0,0.0,0.9916243294877473,1.0663121381470546,0.07004310087765989,0.0,-0.0002
707,9.64,0.028815368196371545,-1.0,0.0,0.5372306130842165,0.0,0.0,0.0,0.0,0.0,0.0,0.0,0,0,0.0,0.0,0.9916243294877473,1.0663121381470546,0.07004310087765989,0.0,-0.0002
708,9.66,0.0020746887966804537,-1.0,0.0,0.5372306130842165,0.0,0.0,0.0,0.0,0.0,0.0,0.0,0,0,0.0,0.0,0.9916243294877473,1.0663121381470546,0.07004310087765989,0.0,-0.0002
709,9.69,0.003105590062111735,-1.0,0.0,0.5372306130842165,0.0,0.0,0.0,0.0,0.0,0.0,0.0,0,0,0.0,0.0,0.9916243294877473,1.0663121381470546,0.07004310087765989,0.0,-0.0002
710,9.71,0.0020639834881322344,-1.0,0.0,0.5372306130842165,0.0,0.0,0.0,0.0,0.0,0.0,0.0,0,0,0.0,0.0,0.9916243294877473,1.0663121381470546,0.07004310087765989,0.0,-0.001606077042173525
711,9.65,-0.006179196704428475,-1.0,0.0,0.5372306130842165,0.0,0.0,0.0,0.0,0.0,0.0,0.0,0,0,-0.0,0.0,0.9916243294877473,1.0663121381470546,0.07004310087765989,0.0,-0.0016577342967736912
712,9.7,0.0051813471502589565,-1.0,0.0,0.5372306130842165,0.0,0.0,0.0,0.0,0.0,0.0,0.0,0,0,0.0,0.0,0.9916243294877473,1.0663121381470546,0.07004310087765989,0.0,-0.001506105319762718
713,9.47,-0.02371134020618543,-1.0,0.0,0.5372306130842165,0.0,0.0,0.0,0.0,0.0,0.0,0.0,0,0,-0.0,0.0,0.9916243294877473,1.0663121381470546,0.07004310087765989,0.0,-0.00037207905647579777
714,9.6,0.013727560718056916,-1.0,0.0,0.5372306130842165,0.0,0.0,0.0,0.0,0.0,0.0,0.0,0,0,0.0,0.0,0.9916243294877473,1.0663121381470546,0.07004310087765989,0.0,-0.0002
715,9.64,0.004166666666666763,-1.0,0.0,0.5372306130842165,0.0,0.0,0.0,0.0,0.0,0.0,0.0,0,0,0.0,0.0,0.9916243294877473,1.0663121381470546,0.07004310087765989,0.0,-0.0002
716,9.53,-0.011410788381742863,-1.0,0.0,0.5372306130842165,0.0,0.0,0.0,0.0,0.0,0.0,0.0,0,0,-0.0,0.0,0.9916243294877473,1.0663121381470546,0.07004310087765989,0.0,-0.0002
717,9.46,-0.007345225603357661,-1.0,0.0,0.5372306130842165,0.0,0.0,0.0,0.0,0.0,0.0,0.0,0,0,-0.0,0.0,0.9916243294877473,1.0663121381470546,0.07004310087765989,0.0,-0.0002
718,9.71,0.02642706131078224,-1.0,0.0,0.5372306130842165,0.0,0.0,0.0,0.0,0.0,0.0,0.0,0,0,0.0,0.0,0.9916243294877473,1.0663121381470546,0.07004310087765989,0.0,-0.0002
719,9.82,0.011328527291452051,-1.0,0.0,0.5372306130842165,0.0,0.0,0.0,0.0,0.0,0.0,0.0,0,0,0.0,0.0,0.9916243294877473,1.0663121381470546,0.07004310087765989,0.0,-0.0020936852902343414
720,9.76,-0.006109979633401272,-0.8469516634941101,0.0,0.5372306130842165,0.0,0.0,0.0,0.0,0.0,0.0,0.0,0,0,-0.0,0.0,0.9916243294877473,1.0663121381470546,0.07004310087765989,0.0,-0.002276694924610417
721,9.73,-0.003073770491803213,-1.0,0.0,0.5372306130842165,0.0,0.0,0.0,0.0,0.0,0.0,0.0,0,0,-0.0,0.0,0.9916243294877473,1.0663121381470546,0.07004310087765989,0.0,-0.001470457107356043
722,9.56,-0.01747173689619732,-1.0,0.0,0.5372306130842165,0.0,0.0,0.0,0.0,0.0,0.0,0.0,0,0,-0.0,0.0,0.9916243294877473,1.0663121381470546,0.07004310087765989,0.0,-0.001847531438181719
723,9.56,0.0,-1.0,0.0,0.5372306130842165,0.0,0.0,0.0,0.0,0.0,0.0,0.0,0,0,0.0,0.0,0.9916243294877473,1.0663121381470546,0.07004310087765989,0.0,-0.0006990754064473059
724,9.45,-0.01150627615062774,-1.0,0.0,0.5372306130842165,0.0,0.0,0.0,0.0,0.0,0.0,0.0,0,0,-0.0,0.0,0.9916243294877473,1.0663121381470546,0.07004310087765989,0.0,-0.0002
725,9.12,-0.03492063492063493,-1.0,0.0,0.5372306130842165,0.0,0.0,0.0,0.0,0.0,0.0,0.0,0,0,-0.0,0.0,0.9916243294877473,1.0663121381470546,0.07004310087765989,0.0,-0.0002
726,9.34,0.02412280701754393,-1.0,0.0,0.5372306130842165,0.0,0.0,0.0,0.0,0.0,0.0,0.0,0,0,0.0,0.0,0.9916243294877473,1.0663121381470546,0.07004310087765989,0.0,-0.0002
727,9.38,0.004282655246252776,-1.0,0.0,0.5372306130842165,0.0,0.0,0.0,0.0,0.0,0.0,0.0,0,0,0.0,0.0,0.9916243294877473,1.0663121381470546,0.07004310087765989,0.0,-0.0002
728,9.3,-0.00852878464818764,-1.0,0.0,0.5372306130842165,0.0,0.0,0.0,0.0,0.0,0.0,0.0,0,0,-0.0,0.0,0.9916243294877473,1.0663121381470546,0.07004310087765989,0.0,-0.0002
729,9.18,-0.012903225806451719,-1.0,0.0,0.5372306130842165,0.0,0.0,0.0,0.0,0.0,0.0,0.0,0,0,-0.0,0.0,0.9916243294877473,1.0663121381470546,0.07004310087765989,0.0,-0.0002
730,9.1,-0.008714596949891075,-1.0,0.0,0.5372306130842165,0.0,0.0,0.0,0.0,0.0,0.0,0.0,0,0,-0.0,0.0,0.9916243294877473,1.0663121381470546,0.07004310087765989,0.0,-0.0002
731,9.15,0.005494505494505573,-1.0,0.0,0.5372306130842165,0.0,0.0,0.0,0.0,0.0,0.0,0.0,0,0,0.0,0.0,0.9916243294877473,1.0663121381470546,0.07004310087765989,0.0,-0.0002
732,9.19,0.004371584699453458,-1.0,0.0,0.5372306130842165,0.0,0.0,0.0,0.0,0.0,0.0,0.0,0,0,0.0,0.0,0.9916243294877473,1.0663121381470546,0.07004310087765989,0.0,-0.0002
733,8.79,-0.043525571273123,-1.0,0.0,0.5372306130842165,0.0,0.0,0.0,0.0,0.0,0.0,0.0,0,0,-0.0,0.0,0.9916243294877473,1.0663121381470546,0.07004310087765989,0.0,-0.0002
734,8.9,0.012514220705347124,-1.0,0.0,0.5372306130842165,0.0,0.0,0.0,0.0,0.0,0.0,0.0,0,0,0.0,0.0,0.9916243294877473,1.0663121381470546,0.07004310087765989,0.0,-0.0002
735,8.64,-0.02921348314606739,-1.0,0.0,0.5372306130842165,0.0,0.0,0.0,0.0,0.0,0.0,0.0,0,0,-0.0,0.0,0.9916243294877473,1.0663121381470546,0.07004310087765989,0.0,-0.0002
736,8.71,0.008101851851851884,-1.0,0.0,0.5372306130842165,0.0,0.0,0.0,0.0,0.0,0.0,0.0,0,0,0.0,0.0,0.9916243294877473,1.0663121381470546,0.07004310087765989,0.0,-0.0002
737,8.87,0.018369690011480866,-1.0,0.0,0.5372306130842165,0.0,0.0,0.0,0.0,0.0,0.0,0.0,0,0,0.0,0.0,0.9916243294877473,1.0663121381470546,0.07004310087765989,0.0,-0.0002
738,8.92,0.005636978579481478,-1.0,0.0,0.5372306130842165,0.0,0.0,0.0,0.0,0.0,0.0,0.0,0,0,0.0,0.0,0.9916243294877473,1.0663121381470546,0.07004310087765989,0.0,-0.0002
739,8.86,-0.006726457399103195,-1.0,0.0,0.5372306130842165,0.0,0.0,0.0,0.0,0.0,0.0,0.0,0,0,-0.0,0.0,0.9916243294877473,1.0663121381470546,0.07004310087765989,0.0,-0.0002
740,8.91,0.005643340857787891,-1.0,0.0,0.5372306130842165,0.0,0.0,0.0,0.0,0.0,0.0,0.0,0,0,0.0,0.0,0.9916243294877473,1.0663121381470546,0.07004310087765989,0.0,-0.0002
741,8.77,-0.01571268237934911,-1.0,0.0,0.5372306130842165,0.0,0.0,0.0,0.0,0.0,0.0,0.0,0,0,-0.0,0.0,0.9916243294877473,1.0663121381470546,0.07004310087765989,0.0,-0.0013221308423154647
742,8.68,-0.010262257696693257,-1.0,0.0,0.5372306130842165,0.0,0.0,0.0,0.0,0.0,0.0,0.0,0,0,-0.0,0.0,0.9916243294877473,1.0663121381470546,0.07004310087765989,0.0,-0.0002
743,8.4,-0.03225806451612896,-1.0,0.0,0.5372306130842165,0.0,0.0,0.0,0.0,0.0,0.0,0.0,0,0,-0.0,0.0,0.9916243294877473,1.0663121381470546,0.07004310087765989,0.0,-0.0002
744,8.39,-0.001190476190476165,-1.0,0.0,0.5372306130842165,0.0,0.0,0.0,0.0,0.0,0.0,0.0,0,0,-0.0,0.0,0.9916243294877473,1.0663121381470546,0.07004310087765989,0.0,-0.0002
745,8.62,0.02741358760429066,-1.0,0.0,0.5372306130842165,0.0,0.0,0.0,0.0,0.0,0.0,0.0,0,0,0.0,0.0,0.9916243294877473,1.0663121381470546,0.07004310087765989,0.0,-0.0002
746,9.21,0.06844547563805124,-1.0,0.0,0.5372306130842165,0.0,0.0,0.0,0.0,0.0,0.0,0.0,0,0,0.0,0.0,0.9916243294877473,1.0663121381470546,0.07004310087765989,0.0,-0.0002
747,9.23,0.0021715526601519624,0.4481568932533264,0.04481568932533264,0.5372306130842165,0.04481568932533264,0.04481568932533264,0.0,0.04481568932533264,0.04481568932533264,0.0,0.0,0,0,0.0,4.4815689325332645e-05,0.9915798891598695,1.0663121381470546,0.0700847775371369,4.167665947701904e-05,-0.0038780341699693375
748,9.31,0.008667388949079096,0.11138004064559937,0.055953693389892575,0.5369701221601031,0.055953693389892575,0.055953693389892575,0.04481568932533264,0.055953693389892575,0.011138004064559934,0.04481568932533264,0.0,0,0,0.00038843501040375014,1.1138004064559935e-05,0.9919540092835957,1.0663121381470546,0.06973392330755242,0.0,-0.003997413984817541
749,9.25,-0.006444683136412513,1.0,0.15595369338989257,0.5391629677281091,0.15595369338989257,0.15595369338989257,0.055953693389892575,0.15595369338989257,0.09999999999999999,0.011138004064559934,0.04481568932533264,0,0,-0.00036060382420983697,9.999999999999999e-05,0.9914971114734793,1.0663121381470546,0.0701624074200097,0.00042848411245728635,-0.0061855888582427075
750,9.23,-0.0021621621621621162,-0.5332586169242859,0.10262783169746398,0.5364849496648693,0.10262783169746398,0.10262783169746398,0.15595369338989257,0.10262783169746398,-0.05332586169242859,0.09999999999999999,0.055953693389892575,0,0,-0.00033719717489705785,5.332586169242859e-05,0.9911099090107369,1.0663121381470546,0.07052553042019914,0.00036312300018943866,-0.006163515754203195
751,9.43,0.021668472372697648,-0.6929419636726379,0.03333363533020019,0.5342154562489743,0.03333363533020019,0.03333363533020019,0.10262783169746398,0.03333363533020019,-0.06929419636726379,0.0,0.10262783169746398,0,0,0.0022237883358063623,6.929419636726379e-05,0.9932452495012404,1.0663121381470546,0.06852298312273138,0.0,-0.0029237228859525775
752,9.54,0.011664899257688169,-0.20280268788337708,0.013053366541862479,0.5467313606305326,0.013053366541862479,0.013053366541862479,0.03333363533020019,0.013053366541862479,-0.020280268788337708,0.0,0.03333363533020019,0,0,0.0003888334980193003,2.028026878833771e-05,0.9936113132453624,1.0663121381470546,0.06817968426020676,0.0,-0.002770916631083031
753,9.18,-0.03773584905660372,0.6300466060638428,0.07605802714824676,0.5488769881440069,0.07605802714824676,0.07605802714824676,0.013053366541862479,0.07605802714824676,0.06300466060638428,0.0,0.013053366541862479,0,0,-0.0004925798695042437,6.300466060638429e-05,0.9930592781707804,1.0663121381470546,0.06869738921247458,0.000517704952267814,-0.004276755512728816
754,9.15,-0.0032679738562090806,-1.0,0.0,0.5456413406892299,0.0,0.0,0.07605802714824676,0.06300466060638428,-0.013053366541862482,0.06300466060638428,0.013053366541862482,0,0,-0.0002485556442753109,1.3053366541862482e-05,0.9927994849153353,1.0663121381470546,0.0689410263672542,0.00024363715477962455,-0.0002718747497047369
755,9.24,0.009836065573770475,-1.0,0.0,0.5441185817136429,0.0,0.0,0.06300466060638428,0.0,-0.06300466060638428,0.0,0.06300466060638428,0,0,0.0006197179731775493,6.300466060638429e-05,0.9933521896053014,1.0663121381470546,0.06842269344184411,0.0,0.0001361970004488201
756,9.67,0.04653679653679651,-1.0,0.0,0.5473581872893619,0.0,0.0,0.0,0.0,0.0,0.0,0.0,0,0,0.0,0.0,0.9933521896053014,1.0663121381470546,0.06842269344184411,0.0,-0.001080311360413641
757,9.42,-0.025853154084798345,0.45834970474243164,0.04583497047424317,0.5473581872893619,0.04583497047424317,0.04583497047424317,0.0,0.04583497047424317,0.04583497047424317,0.0,0.0,0,0,-0.0,4.583497047424317e-05,0.9933066593370202,1.0663121381470546,0.06846539226018473,4.2698818340625166e-05,-0.00350071043177528
758,9.65,0.02441613588110408,-1.0,0.0,0.5470913168056125,0.0,0.0,0.04583497047424317,0.04583497047424317,-0.0,0.04583497047424317,0.0,0,0,0.0011191128672055147,0.0,0.9944182816005651,1.0663121381470546,0.06742289989441595,0.0,0.0007751483320095319
759,9.25,-0.041450777202072575,0.18944121897220612,0.06477909237146379,0.5536068961035883,0.06477909237146379,0.06477909237146379,0.04583497047424317,0.06477909237146379,0.01894412189722062,0.0,0.04583497047424317,0,0,-0.0018998951491914283,1.894412189722062e-05,0.9925101527499415,1.0663121381470546,0.0692123654574165,0.001789465563000553,-0.006236050567522984
760,9.28,0.003243243243243174,-1.0,0.0,0.542422736437568,0.0,0.0,0.06477909237146379,0.01894412189722062,-0.04583497047424317,0.01894412189722062,0.04583497047424317,0,0,0.00021009435363717537,4.583497047424317e-05,0.9926731818554152,1.0663121381470546,0.06905947485471078,0.0,-0.0010154126703672355
761,9.44,0.017241379310344845,-1.0,0.0,0.5433782733990996,0.0,0.0,0.01894412189722062,0.0,-0.01894412189722062,0.0,0.01894412189722062,0,0,0.00032662279133139027,1.894412189722062e-05,0.9929786062191915,1.0663121381470546,0.06877304431261166,0.0,-0.0006608832695079331
762,9.45,0.0010593220338982825,-1.0,0.0,0.5451684616519807,0.0,0.0,0.0,0.0,0.0,0.0,0.0,0,0,0.0,0.0,0.9929786062191915,1.0663121381470546,0.06877304431261166,0.0,-0.0002
763,9.38,-0.00740740740740725,-1.0,0.0,0.5451684616519807,0.0,0.0,0.0,0.0,0.0,0.0,0.0,0,0,-0.0,0.0,0.9929786062191915,1.0663121381470546,0.06877304431261166,0.0,-0.0011479902099117197
764,9.09,-0.030916844349680266,-1.0,0.0,0.5451684616519807,0.0,0.0,0.0,0.0,0.0,0.0,0.0,0,0,-0.0,0.0,0.9929786062191915,1.0663121381470546,0.06877304431261166,0.0,-0.0002
765,9.11,0.0022002200220021533,-1.0,0.0,0.5451684616519807,0.0,0.0,0.0,0.0,0.0,0.0,0.0,0,0,0.0,0.0,0.9929786062191915,1.0663121381470546,0.06877304431261166,0.0,-0.0002
766,8.91,-0.021953896816684883,-1.0,0.0,0.5451684616519807,0.0,0.0,0.0,0.0,0.0,0.0,0.0,0,0,-0.0,0.0,0.9929786062191915,1.0663121381470546,0.06877304431261166,0.0,-0.0002
767,8.88,-0.0033670033670032953,-1.0,0.0,0.5451684616519807,0.0,0.0,0.0,0.0,0.0,0.0,0.0,0,0,-0.0,0.0,0.9929786062191915,1.0663121381470546,0.06877304431261166,0.0,-0.0002
768,9.11,0.025900900900900747,-1.0,0.0,0.5451684616519807,0.0,0.0,0.0,0.0,0.0,0.0,0.0,0,0,0.0,0.0,0.9929786062191915,1.0663121381470546,0.06877304431261166,0.0,-0.0002
769,9.15,0.004390779363337094,-1.0,0.0,0.5451684616519807,0.0,0.0,0.0,0.0,0.0,0.0,0.0,0,0,0.0,0.0,0.9929786062191915,1.0663121381470546,0.06877304431261166,0.0,-0.0002
770,9.4,0.0273224043715847,-1.0,0.0,0.5451684616519807,0.0,0.0,0.0,0.0,0.0,0.0,0.0,0,0,0.0,0.0,0.9929786062191915,1.0663121381470546,0.06877304431261166,0.0,-0.0002
771,9.45,0.005319148936170099,-0.9995656609535217,0.0,0.5451684616519807,0.0,0.0,0.0,0.0,0.0,0.0,0.0,0,0,0.0,0.0,0.9929786062191915,1.0663121381470546,0.06877304431261166,0.0,-0.0024535941643215316
772,9.57,0.012698412698412804,-0.07569266855716705,0.0,0.5451684616519807,0.0,0.0,0.0,0.0,0.0,0.0,0.0,0,0,0.0,0.0,0.9929786062191915,1.0663121381470546,0.06877304431261166,0.0,-0.0042085477697509244
773,9.59,0.0020898641588296316,0.8018698692321777,0.08018698692321778,0.5451684616519807,0.08018698692321778,0.08018698692321778,0.0,0.08018698692321778,0.08018698692321778,0.0,0.0,0,0,0.0,8.018698692321779e-05,0.9928989822566796,1.0663121381470546,0.0688477165963299,7.46722837182412e-05,-0.004940755389843032
774,9.58,-0.0010427528675703635,-1.0,0.0,0.5447017759098526,0.0,0.0,0.08018698692321778,0.08018698692321778,-0.0,0.08018698692321778,0.0,0,0,-8.361521055601259e-05,0.0,0.9928159607992174,1.0663121381470546,0.06892557509056638,7.785849423647129e-05,-0.0035244151928806415
775,9.6,0.002087682672233776,-1.0,0.0,0.5442151598646282,0.0,0.0,0.08018698692321778,0.0,-0.08018698692321778,0.0,0.08018698692321778,0,0,0.00016740498313823815,8.018698692321779e-05,0.9929025522179287,1.0663121381470546,0.06884436864489867,0.0,-0.00393953600677741
776,9.57,-0.0031249999999999334,-0.9079390168190002,0.0,0.5447226841016521,0.0,0.0,0.0,0.0,0.0,0.0,0.0,0,0,-0.0,0.0,0.9929025522179287,1.0663121381470546,0.06884436864489867,0.0,-0.0022734022922842978
777,9.34,-0.02403343782654132,-1.0,0.0,0.5447226841016521,0.0,0.0,0.0,0.0,0.0,0.0,0.0,0,0,-0.0,0.0,0.9929025522179287,1.0663121381470546,0.06884436864489867,0.0,-0.001684762508592469
778,9.2,-0.01498929336188443,-1.0,0.0,0.5447226841016521,0.0,0.0,0.0,0.0,0.0,0.0,0.0,0,0,-0.0,0.0,0.9929025522179287,1.0663121381470546,0.06884436864489867,0.0,-0.0002
779,9.15,-0.005434782608695537,-1.0,0.0,0.5447226841016521,0.0,0.0,0.0,0.0,0.0,0.0,0.0,0,0,-0.0,0.0,0.9929025522179287,1.0663121381470546,0.06884436864489867,0.0,-0.0002
780,9.15,0.0,-1.0,0.0,0.5447226841016521,0.0,0.0,0.0,0.0,0.0,0.0,0.0,0,0,0.0,0.0,0.9929025522179287,1.0663121381470546,0.06884436864489867,0.0,-0.0002
781,9.09,-0.006557377049180382,-1.0,0.0,0.5447226841016521,0.0,0.0,0.0,0.0,0.0,0.0,0.0,0,0,-0.0,0.0,0.9929025522179287,1.0663121381470546,0.06884436864489867,0.0,-0.0002
782,9.48,0.042904290429042966,-1.0,0.0,0.5447226841016521,0.0,0.0,0.0,0.0,0.0,0.0,0.0,0,0,0.0,0.0,0.9929025522179287,1.0663121381470546,0.06884436864489867,0.0,-0.0002
783,9.26,-0.023206751054852388,-1.0,0.0,0.5447226841016521,0.0,0.0,0.0,0.0,0.0,0.0,0.0,0,0,-0.0,0.0,0.9929025522179287,1.0663121381470546,0.06884436864489867,0.0,-0.0017097347967089912
784,9.27,0.0010799136069114242,-1.0,0.0,0.5447226841016521,0.0,0.0,0.0,0.0,0.0,0.0,0.0,0,0,0.0,0.0,0.9929025522179287,1.0663121381470546,0.06884436864489867,0.0,-0.0005135535236030675
785,9.2,-0.00755124056094933,-1.0,0.0,0.5447226841016521,0.0,0.0,0.0,0.0,0.0,0.0,0.0,0,0,-0.0,0.0,0.9929025522179287,1.0663121381470546,0.06884436864489867,0.0,-0.0009110170889778488
786,9.24,0.004347826086956622,-1.0,0.0,0.5447226841016521,0.0,0.0,0.0,0.0,0.0,0.0,0.0,0,0,0.0,0.0,0.9929025522179287,1.0663121381470546,0.06884436864489867,0.0,-0.00021325444947703135
787,9.02,-0.023809523809523878,-1.0,0.0,0.5447226841016521,0.0,0.0,0.0,0.0,0.0,0.0,0.0,0,0,-0.0,0.0,0.9929025522179287,1.0663121381470546,0.06884436864489867,0.0,-0.0009485706028103682
788,9.52,0.05543237250554324,-1.0,0.0,0.5447226841016521,0.0,0.0,0.0,0.0,0.0,0.0,0.0,0,0,0.0,0.0,0.9929025522179287,1.0663121381470546,0.06884436864489867,0.0,-0.0002
789,9.53,0.0010504201680672045,-0.9028209447860718,0.0,0.5447226841016521,0.0,0.0,0.0,0.0,0.0,0.0,0.0,0,0,0.0,0.0,0.9929025522179287,1.0663121381470546,0.06884436864489867,0.0,-0.0024415279089042485
790,9.28,-0.02623294858342078,-1.0,0.0,0.5447226841016521,0.0,0.0,0.0,0.0,0.0,0.0,0.0,0,0,-0.0,0.0,0.9929025522179287,1.0663121381470546,0.06884436864489867,0.0,-0.0024098462892771975
791,9.29,0.0010775862068965287,-1.0,0.0,0.5447226841016521,0.0,0.0,0.0,0.0,0.0,0.0,0.0,0,0,0.0,0.0,0.9929025522179287,1.0663121381470546,0.06884436864489867,0.0,-0.0004823892277068232
792,9.26,-0.003229278794402515,-1.0,0.0,0.5447226841016521,0.0,0.0,0.0,0.0,0.0,0.0,0.0,0,0,-0.0,0.0,0.9929025522179287,1.0663121381470546,0.06884436864489867,0.0,-0.000343229876373051
793,9.13,-0.014038876889848706,-1.0,0.0,0.5447226841016521,0.0,0.0,0.0,0.0,0.0,0.0,0.0,0,0,-0.0,0.0,0.9929025522179287,1.0663121381470546,0.06884436864489867,0.0,-0.0015547947970937616
794,8.98,-0.016429353778751408,-1.0,0.0,0.5447226841016521,0.0,0.0,0.0,0.0,0.0,0.0,0.0,0,0,-0.0,0.0,0.9929025522179287,1.0663121381470546,0.06884436864489867,0.0,-0.0002
795,9.04,0.006681514476614556,-1.0,0.0,0.5447226841016521,0.0,0.0,0.0,0.0,0.0,0.0,0.0,0,0,0.0,0.0,0.9929025522179287,1.0663121381470546,0.06884436864489867,0.0,-0.0002
796,8.99,-0.0055309734513273165,-1.0,0.0,0.5447226841016521,0.0,0.0,0.0,0.0,0.0,0.0,0.0,0,0,-0.0,0.0,0.9929025522179287,1.0663121381470546,0.06884436864489867,0.0,-0.0002
797,8.89,-0.011123470522803075,-1.0,0.0,0.5447226841016521,0.0,0.0,0.0,0.0,0.0,0.0,0.0,0,0,-0.0,0.0,0.9929025522179287,1.0663121381470546,0.06884436864489867,0.0,-0.0002
798,8.94,0.00562429696287952,-1.0,0.0,0.5447226841016521,0.0,0.0,0.0,0.0,0.0,0.0,0.0,0,0,0.0,0.0,0.9929025522179287,1.0663121381470546,0.06884436864489867,0.0,-0.0002
799,8.78,-0.017897091722595095,-1.0,0.0,0.5447226841016521,0.0,0.0,0.0,0.0,0.0,0.0,0.0,0,0,-0.0,0.0,0.9929025522179287,1.0663121381470546,0.06884436864489867,0.0,-0.0002
800,8.83,0.005694760820045639,-1.0,0.0,0.5447226841016521,0.0,0.0,0.0,0.0,0.0,0.0,0.0,0,0,0.0,0.0,0.9929025522179287,1.0663121381470546,0.06884436864489867,0.0,-0.0002
801,8.68,-0.016987542468856212,-1.0,0.0,0.5447226841016521,0.0,0.0,0.0,0.0,0.0,0.0,0.0,0,0,-0.0,0.0,0.9929025522179287,1.0663121381470546,0.06884436864489867,0.0,-0.0002
802,8.56,-0.013824884792626639,-1.0,0.0,0.5447226841016521,0.0,0.0,0.0,0.0,0.0,0.0,0.0,0,0,-0.0,0.0,0.9929025522179287,1.0663121381470546,0.06884436864489867,0.0,-0.0002
803,8.75,0.02219626168224293,-1.0,0.0,0.5447226841016521,0.0,0.0,0.0,0.0,0.0,0.0,0.0,0,0,0.0,0.0,0.9929025522179287,1.0663121381470546,0.06884436864489867,0.0,-0.0002
804,8.84,0.01028571428571427,-1.0,0.0,0.5447226841016521,0.0,0.0,0.0,0.0,0.0,0.0,0.0,0,0,0.0,0.0,0.9929025522179287,1.0663121381470546,0.06884436864489867,0.0,-0.0002
805,8.83,-0.0011312217194569894,-1.0,0.0,0.5447226841016521,0.0,0.0,0.0,0.0,0.0,0.0,0.0,0,0,-0.0,0.0,0.9929025522179287,1.0663121381470546,0.06884436864489867,0.0,-0.0002
806,8.87,0.004530011325028216,-1.0,0.0,0.5447226841016521,0.0,0.0,0.0,0.0,0.0,0.0,0.0,0,0,0.0,0.0,0.9929025522179287,1.0663121381470546,0.06884436864489867,0.0,-0.0002
807,9.02,0.016910935738444235,-1.0,0.0,0.5447226841016521,0.0,0.0,0.0,0.0,0.0,0.0,0.0,0,0,0.0,0.0,0.9929025522179287,1.0663121381470546,0.06884436864489867,0.0,-0.0010711625971293298
808,9.09,0.007760532150776085,-0.7346575856208801,0.0,0.5447226841016521,0.0,0.0,0.0,0.0,0.0,0.0,0.0,0,0,0.0,0.0,0.9929025522179287,1.0663121381470546,0.06884436864489867,0.0,-0.0033820195162417993
809,9.05,-0.0044004400440043065,-0.617729663848877,0.0,0.5447226841016521,0.0,0.0,0.0,0.0,0.0,0.0,0.0,0,0,-0.0,0.0,0.9929025522179287,1.0663121381470546,0.06884436864489867,0.0,-0.0028607806217031888
810,8.99,-0.006629834254143701,-1.0,0.0,0.5447226841016521,0.0,0.0,0.0,0.0,0.0,0.0,0.0,0,0,-0.0,0.0,0.9929025522179287,1.0663121381470546,0.06884436864489867,0.0,-0.0019339153787445366
811,8.94,-0.005561735261401636,-1.0,0.0,0.5447226841016521,0.0,0.0,0.0,0.0,0.0,0.0,0.0,0,0,-0.0,0.0,0.9929025522179287,1.0663121381470546,0.06884436864489867,0.0,-0.0014490220587342027
812,9.13,0.0212527964205818,-1.0,0.0,0.5447226841016521,0.0,0.0,0.0,0.0,0.0,0.0,0.0,0,0,0.0,0.0,0.9929025522179287,1.0663121381470546,0.06884436864489867,0.0,-0.0007303077088722859
813,9.12,-0.001095290251916929,-0.9936805367469788,0.0,0.5447226841016521,0.0,0.0,0.0,0.0,0.0,0.0,0.0,0,0,-0.0,0.0,0.9929025522179287,1.0663121381470546,0.06884436864489867,0.0,-0.0016475024228952528
814,9.27,0.016447368421052672,-1.0,0.0,0.5447226841016521,0.0,0.0,0.0,0.0,0.0,0.0,0.0,0,0,0.0,0.0,0.9929025522179287,1.0663121381470546,0.06884436864489867,0.0,-0.001083324403426572
815,9.21,-0.006472491909384976,-0.39772701263427734,0.0,0.5447226841016521,0.0,0.0,0.0,0.0,0.0,0.0,0.0,0,0,-0.0,0.0,0.9929025522179287,1.0663121381470546,0.06884436864489867,0.0,-0.0027838623088887885
816,9.14,-0.007600434310532061,-0.6520403027534485,0.0,0.5447226841016521,0.0,0.0,0.0,0.0,0.0,0.0,0.0,0,0,-0.0,0.0,0.9929025522179287,1.0663121381470546,0.06884436864489867,0.0,-0.002564834835855346
817,9.02,-0.013129102844639058,-0.9923712611198425,0.0,0.5447226841016521,0.0,0.0,0.0,0.0,0.0,0.0,0.0,0,0,-0.0,0.0,0.9929025522179287,1.0663121381470546,0.06884436864489867,0.0,-0.0021822262011700366
818,9.31,0.03215077605321518,-1.0,0.0,0.5447226841016521,0.0,0.0,0.0,0.0,0.0,0.0,0.0,0,0,0.0,0.0,0.9929025522179287,1.0663121381470546,0.06884436864489867,0.0,-0.0002
819,9.26,-0.005370569280343793,-0.4962245225906372,0.0,0.5447226841016521,0.0,0.0,0.0,0.0,0.0,0.0,0.0,0,0,-0.0,0.0,0.9929025522179287,1.0663121381470546,0.06884436864489867,0.0,-0.0025706382016355144
820,9.13,-0.014038876889848706,-1.0,0.0,0.5447226841016521,0.0,0.0,0.0,0.0,0.0,0.0,0.0,0,0,-0.0,0.0,0.9929025522179287,1.0663121381470546,0.06884436864489867,0.0,-0.0010151028969886534
821,9.11,-0.0021905805038336637,-1.0,0.0,0.5447226841016521,0.0,0.0,0.0,0.0,0.0,0.0,0.0,0,0,-0.0,0.0,0.9929025522179287,1.0663121381470546,0.06884436864489867,0.0,-0.0002
822,9.03,-0.008781558726673994,-1.0,0.0,0.5447226841016521,0.0,0.0,0.0,0.0,0.0,0.0,0.0,0,0,-0.0,0.0,0.9929025522179287,1.0663121381470546,0.06884436864489867,0.0,-0.0002621098039565622
823,8.57,-0.050941306755260145,-1.0,0.0,0.5447226841016521,0.0,0.0,0.0,0.0,0.0,0.0,0.0,0,0,-0.0,0.0,0.9929025522179287,1.0663121381470546,0.06884436864489867,0.0,-0.0002
824,8.38,-0.022170361726954434,-1.0,0.0,0.5447226841016521,0.0,0.0,0.0,0.0,0.0,0.0,0.0,0,0,-0.0,0.0,0.9929025522179287,1.0663121381470546,0.06884436864489867,0.0,-0.0002
825,8.57,0.022673031026252923,-1.0,0.0,0.5447226841016521,0.0,0.0,0.0,0.0,0.0,0.0,0.0,0,0,0.0,0.0,0.9929025522179287,1.0663121381470546,0.06884436864489867,0.0,-0.0002
826,8.66,0.010501750291715269,-1.0,0.0,0.5447226841016521,0.0,0.0,0.0,0.0,0.0,0.0,0.0,0,0,0.0,0.0,0.9929025522179287,1.0663121381470546,0.06884436864489867,0.0,-0.0002
827,8.6,-0.00692840646651276,-1.0,0.0,0.5447226841016521,0.0,0.0,0.0,0.0,0.0,0.0,0.0,0,0,-0.0,0.0,0.9929025522179287,1.0663121381470546,0.06884436864489867,0.0,-0.0002
828,8.65,0.005813953488372176,-1.0,0.0,0.5447226841016521,0.0,0.0,0.0,0.0,0.0,0.0,0.0,0,0,0.0,0.0,0.9929025522179287,1.0663121381470546,0.06884436864489867,0.0,-0.0002
829,8.68,0.003468208092485475,-1.0,0.0,0.5447226841016521,0.0,0.0,0.0,0.0,0.0,0.0,0.0,0,0,0.0,0.0,0.9929025522179287,1.0663121381470546,0.06884436864489867,0.0,-0.0002
830,8.75,0.00806451612903229,-1.0,0.0,0.5447226841016521,0.0,0.0,0.0,0.0,0.0,0.0,0.0,0,0,0.0,0.0,0.9929025522179287,1.0663121381470546,0.06884436864489867,0.0,-0.0014501106795889443
831,8.96,0.024000000000000098,-1.0,0.0,0.5447226841016521,0.0,0.0,0.0,0.0,0.0,0.0,0.0,0,0,0.0,0.0,0.9929025522179287,1.0663121381470546,0.06884436864489867,0.0,-0.000861098061579714
832,9.17,0.023437499999999896,-1.0,0.0,0.5447226841016521,0.0,0.0,0.0,0.0,0.0,0.0,0.0,0,0,0.0,0.0,0.9929025522179287,1.0663121381470546,0.06884436864489867,0.0,-0.0023583066582994927
833,9.29,0.013086150490730558,0.41837525367736816,0.04183752536773682,0.5447226841016521,0.04183752536773682,0.04183752536773682,0.0,0.04183752536773682,0.04183752536773682,0.0,0.0,0,0,0.0,4.183752536773682e-05,0.9928610116322126,1.0663121381470546,0.06888332589224673,3.895724734806483e-05,-0.0044622434235201645
834,9.38,0.009687836383207927,0.3589745759963989,0.07773498296737671,0.5444792363806538,0.07773498296737671,0.07773498296737671,0.04183752536773682,0.07773498296737671,0.035897457599639894,0.04183752536773682,0.0,0,0,0.0004053151004409454,3.5897457599639894e-05,0.9932277920067988,1.0663121381470546,0.06853935496528767,0.0,-0.004434948330474295
835,9.37,-0.0010660980810236207,0.349987655878067,0.11273374855518342,0.5466290082795849,0.11273374855518342,0.11273374855518342,0.07773498296737671,0.11273374855518342,0.03499876558780671,0.035897457599639894,0.04183752536773682,0,0,-8.287311616992415e-05,3.4998765587806705e-05,0.9931107183779408,1.0663121381470546,0.06864914798430119,0.00010979301901352378,-0.0051218783274202895
836,9.27,-0.01067235859124863,-0.5130637288093567,0.06142737567424775,0.5459428098066255,0.06142737567424775,0.06142737567424775,0.11273374855518342,0.06142737567424775,-0.051306372880935674,0.03499876558780671,0.07773498296737671,0,0,-0.0012031349899165745,5.1306372880935675e-05,0.99186491921497,1.0663121381470546,0.06981747301634639,0.0011683250320451977,-0.00630728372763335
837,9.45,0.01941747572815531,-1.0,0.0,0.5386407751605353,0.0,0.0,0.06142737567424775,0.0,-0.06142737567424775,0.0,0.06142737567424775,0,0,0.0011927645761989835,6.142737567424775e-05,0.9929870528959732,1.0663121381470546,0.06876512292029181,0.0,-0.002371327625811341
838,9.54,0.009523809523809509,0.19477687776088715,0.019477687776088715,0.5452179614468203,0.019477687776088715,0.019477687776088715,0.0,0.019477687776088715,0.019477687776088715,0.0,0.0,0,0,0.0,1.9477687776088716e-05,0.9929677118041912,1.0663121381470546,0.0687832612224738,1.813830218198864e-05,-0.0033486326155582552
839,9.5,-0.00419287211740033,0.18187867105007172,0.03766555488109589,0.5451046194894924,0.03766555488109589,0.03766555488109589,0.019477687776088715,0.03766555488109589,0.018187867105007173,0.019477687776088715,0.0,0,0,-8.166745398779162e-05,1.8187867105007175e-05,0.9928685586944942,1.0663121381470546,0.06887624816893141,9.298694645760996e-05,-0.0033613379148465655
840,9.55,0.005263157894736917,-0.6700757145881653,0.0,0.5445234276368182,0.0,0.0,0.03766555488109589,0.018187867105007173,-0.019477687776088715,0.018187867105007173,0.019477687776088715,0,0,0.00019823976253208642,1.9477687776088716e-05,0.9930460459380066,1.0663121381470546,0.06870979855519933,0.0,-0.0022202468742822438
841,9.31,-0.025130890052356043,-0.17973802983760834,0.00021406412124633928,0.5455637615187664,0.00021406412124633928,0.00021406412124633928,0.018187867105007173,0.00021406412124633928,-0.017973802983760834,0.0,0.018187867105007173,0,0,-0.00045707728850279843,1.7973802983760836e-05,0.9925742983299874,1.0663121381470546,0.06915220898188633,0.0004424104266869955,-0.0034155057962321537
842,9.43,0.012889366272824835,-1.0,0.0,0.5427987113609309,0.0,0.0,0.00021406412124633928,0.0,-0.00021406412124633928,0.0,0.00021406412124633928,0,0,2.7591508646144515e-06,2.1406412124633928e-07,0.9925768245176759,1.0663121381470546,0.06914983989351332,0.0,-0.0013710256682120247
843,9.38,-0.005302226935312719,-1.0,0.0,0.5428135193898669,0.0,0.0,0.0,0.0,0.0,0.0,0.0,0,0,-0.0,0.0,0.9925768245176759,1.0663121381470546,0.06914983989351332,0.0,-0.0013124747000983537
844,9.48,0.010660980810234503,-1.0,0.0,0.5428135193898669,0.0,0.0,0.0,0.0,0.0,0.0,0.0,0,0,0.0,0.0,0.9925768245176759,1.0663121381470546,0.06914983989351332,0.0,-0.0002
845,9.45,-0.003164556962025436,-1.0,0.0,0.5428135193898669,0.0,0.0,0.0,0.0,0.0,0.0,0.0,0,0,-0.0,0.0,0.9925768245176759,1.0663121381470546,0.06914983989351332,0.0,-0.001153134573874926
846,9.3,-0.015873015873015723,-1.0,0.0,0.5428135193898669,0.0,0.0,0.0,0.0,0.0,0.0,0.0,0,0,-0.0,0.0,0.9925768245176759,1.0663121381470546,0.06914983989351332,0.0,-0.00040760832381386196
847,9.3,0.0,-1.0,0.0,0.5428135193898669,0.0,0.0,0.0,0.0,0.0,0.0,0.0,0,0,0.0,0.0,0.9925768245176759,1.0663121381470546,0.06914983989351332,0.0,-0.00037776996727293527
848,9.32,0.002150537634408556,-1.0,0.0,0.5428135193898669,0.0,0.0,0.0,0.0,0.0,0.0,0.0,0,0,0.0,0.0,0.9925768245176759,1.0663121381470546,0.06914983989351332,0.0,-0.0002
849,9.44,0.01287553648068661,-1.0,0.0,0.5428135193898669,0.0,0.0,0.0,0.0,0.0,0.0,0.0,0,0,0.0,0.0,0.9925768245176759,1.0663121381470546,0.06914983989351332,0.0,-0.0002
850,9.51,0.007415254237288166,-1.0,0.0,0.5428135193898669,0.0,0.0,0.0,0.0,0.0,0.0,0.0,0,0,0.0,0.0,0.9925768245176759,1.0663121381470546,0.06914983989351332,0.0,-0.00029394254512824755
851,9.29,-0.023133543638275567,-1.0,0.0,0.5428135193898669,0.0,0.0,0.0,0.0,0.0,0.0,0.0,0,0,-0.0,0.0,0.9925768245176759,1.0663121381470546,0.06914983989351332,0.0,-0.0010287073146072183
852,9.23,-0.00645855758880503,-1.0,0.0,0.5428135193898669,0.0,0.0,0.0,0.0,0.0,0.0,0.0,0,0,-0.0,0.0,0.9925768245176759,1.0663121381470546,0.06914983989351332,0.0,-0.0002
853,9.36,0.014084507042253412,-1.0,0.0,0.5428135193898669,0.0,0.0,0.0,0.0,0.0,0.0,0.0,0,0,0.0,0.0,0.9925768245176759,1.0663121381470546,0.06914983989351332,0.0,-0.0002
854,9.25,-0.011752136752136691,-1.0,0.0,0.5428135193898669,0.0,0.0,0.0,0.0,0.0,0.0,0.0,0,0,-0.0,0.0,0.9925768245176759,1.0663121381470546,0.06914983989351332,0.0,-0.00035206009308832195
855,9.22,-0.003243243243243174,-1.0,0.0,0.5428135193898669,0.0,0.0,0.0,0.0,0.0,0.0,0.0,0,0,-0.0,0.0,0.9925768245176759,1.0663121381470546,0.06914983989351332,0.0,-0.0002
856,8.95,-0.029284164859002315,-1.0,0.0,0.5428135193898669,0.0,0.0,0.0,0.0,0.0,0.0,0.0,0,0,-0.0,0.0,0.9925768245176759,1.0663121381470546,0.06914983989351332,0.0,-0.0002
857,8.74,-0.023463687150837888,-1.0,0.0,0.5428135193898669,0.0,0.0,0.0,0.0,0.0,0.0,0.0,0,0,-0.0,0.0,0.9925768245176759,1.0663121381470546,0.06914983989351332,0.0,-0.0002
858,8.82,0.009153318077803212,-1.0,0.0,0.5428135193898669,0.0,0.0,0.0,0.0,0.0,0.0,0.0,0,0,0.0,0.0,0.9925768245176759,1.0663121381470546,0.06914983989351332,0.0,-0.0002
859,9.12,0.03401360544217675,-1.0,0.0,0.5428135193898669,0.0,0.0,0.0,0.0,0.0,0.0,0.0,0,0,0.0,0.0,0.9925768245176759,1.0663121381470546,0.06914983989351332,0.0,-0.0002
860,9.04,-0.008771929824561412,-1.0,0.0,0.5428135193898669,0.0,0.0,0.0,0.0,0.0,0.0,0.0,0,0,-0.0,0.0,0.9925768245176759,1.0663121381470546,0.06914983989351332,0.0,-0.0002
861,9.17,0.014380530973451416,-1.0,0.0,0.5428135193898669,0.0,0.0,0.0,0.0,0.0,0.0,0.0,0,0,0.0,0.0,0.9925768245176759,1.0663121381470546,0.06914983989351332,0.0,-0.0002
862,9.01,-0.01744820065430754,-1.0,0.0,0.5428135193898669,0.0,0.0,0.0,0.0,0.0,0.0,0.0,0,0,-0.0,0.0,0.9925768245176759,1.0663121381470546,0.06914983989351332,0.0,-0.001437025184755238
863,8.89,-0.013318534961154187,-1.0,0.0,0.5428135193898669,0.0,0.0,0.0,0.0,0.0,0.0,0.0,0,0,-0.0,0.0,0.9925768245176759,1.0663121381470546,0.06914983989351332,0.0,-0.0013535371689906567
864,8.71,-0.02024746906636667,-1.0,0.0,0.5428135193898669,0.0,0.0,0.0,0.0,0.0,0.0,0.0,0,0,-0.0,0.0,0.9925768245176759,1.0663121381470546,0.06914983989351332,0.0,-0.0002
865,8.65,-0.006888633754305452,-1.0,0.0,0.5428135193898669,0.0,0.0,0.0,0.0,0.0,0.0,0.0,0,0,-0.0,0.0,0.9925768245176759,1.0663121381470546,0.06914983989351332,0.0,-0.0002
866,8.53,-0.013872832369942311,-1.0,0.0,0.5428135193898669,0.0,0.0,0.0,0.0,0.0,0.0,0.0,0,0,-0.0,0.0,0.9925768245176759,1.0663121381470546,0.06914983989351332,0.0,-0.0002
867,8.51,-0.002344665885111322,-1.0,0.0,0.5428135193898669,0.0,0.0,0.0,0.0,0.0,0.0,0.0,0,0,-0.0,0.0,0.9925768245176759,1.0663121381470546,0.06914983989351332,0.0,-0.0002
868,8.56,0.005875440658049437,-1.0,0.0,0.5428135193898669,0.0,0.0,0.0,0.0,0.0,0.0,0.0,0,0,0.0,0.0,0.9925768245176759,1.0663121381470546,0.06914983989351332,0.0,-0.0002
869,8.69,0.015186915887850351,-1.0,0.0,0.5428135193898669,0.0,0.0,0.0,0.0,0.0,0.0,0.0,0,0,0.0,0.0,0.9925768245176759,1.0663121381470546,0.06914983989351332,0.0,-0.0002
870,8.75,0.006904487917146203,-1.0,0.0,0.5428135193898669,0.0,0.0,0.0,0.0,0.0,0.0,0.0,0,0,0.0,0.0,0.9925768245176759,1.0663121381470546,0.06914983989351332,0.0,-0.0002
871,8.81,0.006857142857142914,-1.0,0.0,0.5428135193898669,0.0,0.0,0.0,0.0,0.0,0.0,0.0,0,0,0.0,0.0,0.9925768245176759,1.0663121381470546,0.06914983989351332,0.0,-0.00030661565342813397
872,8.73,-0.0090805902383655,-1.0,0.0,0.5428135193898669,0.0,0.0,0.0,0.0,0.0,0.0,0.0,0,0,-0.0,0.0,0.9925768245176759,1.0663121381470546,0.06914983989351332,0.0,-0.001839497878304056
873,8.66,-0.008018327605956504,-1.0,0.0,0.5428135193898669,0.0,0.0,0.0,0.0,0.0,0.0,0.0,0,0,-0.0,0.0,0.9925768245176759,1.0663121381470546,0.06914983989351332,0.0,-0.0012473880146875293
874,8.64,-0.002309468822170851,-1.0,0.0,0.5428135193898669,0.0,0.0,0.0,0.0,0.0,0.0,0.0,0,0,-0.0,0.0,0.9925768245176759,1.0663121381470546,0.06914983989351332,0.0,-0.00028803186091495256
875,8.67,0.003472222222222148,-1.0,0.0,0.5428135193898669,0.0,0.0,0.0,0.0,0.0,0.0,0.0,0,0,0.0,0.0,0.9925768245176759,1.0663121381470546,0.06914983989351332,0.0,-0.0002
876,8.65,-0.0023068050749711156,-1.0,0.0,0.5428135193898669,0.0,0.0,0.0,0.0,0.0,0.0,0.0,0,0,-0.0,0.0,0.9925768245176759,1.0663121381470546,0.06914983989351332,0.0,-0.0002
877,8.69,0.0046242774566473,-1.0,0.0,0.5428135193898669,0.0,0.0,0.0,0.0,0.0,0.0,0.0,0,0,0.0,0.0,0.9925768245176759,1.0663121381470546,0.06914983989351332,0.0,-0.0002
878,8.8,0.012658227848101406,-1.0,0.0,0.5428135193898669,0.0,0.0,0.0,0.0,0.0,0.0,0.0,0,0,0.0,0.0,0.9925768245176759,1.0663121381470546,0.06914983989351332,0.0,-0.0002
879,8.67,-0.014772727272727361,-1.0,0.0,0.5428135193898669,0.0,0.0,0.0,0.0,0.0,0.0,0.0,0,0,-0.0,0.0,0.9925768245176759,1.0663121381470546,0.06914983989351332,0.0,-0.0012901713961296461
880,8.74,0.00807381776239911,-1.0,0.0,0.5428135193898669,0.0,0.0,0.0,0.0,0.0,0.0,0.0,0,0,0.0,0.0,0.9925768245176759,1.0663121381470546,0.06914983989351332,0.0,-0.0002
881,8.6,-0.01601830663615567,-1.0,0.0,0.5428135193898669,0.0,0.0,0.0,0.0,0.0,0.0,0.0,0,0,-0.0,0.0,0.9925768245176759,1.0663121381470546,0.06914983989351332,0.0,-0.0007304605198017362
882,8.6,0.0,-1.0,0.0,0.5428135193898669,0.0,0.0,0.0,0.0,0.0,0.0,0.0,0,0,0.0,0.0,0.9925768245176759,1.0663121381470546,0.06914983989351332,0.0,-0.0002
883,8.57,-0.0034883720930231816,-1.0,0.0,0.5428135193898669,0.0,0.0,0.0,0.0,0.0,0.0,0.0,0,0,-0.0,0.0,0.9925768245176759,1.0663121381470546,0.06914983989351332,0.0,-0.0002
884,8.57,0.0,-1.0,0.0,0.5428135193898669,0.0,0.0,0.0,0.0,0.0,0.0,0.0,0,0,0.0,0.0,0.9925768245176759,1.0663121381470546,0.06914983989351332,0.0,-0.0002
885,8.61,0.004667444574095583,-1.0,0.0,0.5428135193898669,0.0,0.0,0.0,0.0,0.0,0.0,0.0,0,0,0.0,0.0,0.9925768245176759,1.0663121381470546,0.06914983989351332,0.0,-0.0002
886,8.6,-0.001161440185830405,-1.0,0.0,0.5428135193898669,0.0,0.0,0.0,0.0,0.0,0.0,0.0,0,0,-0.0,0.0,0.9925768245176759,1.0663121381470546,0.06914983989351332,0.0,-0.0002
887,8.54,-0.00697674418604657,-1.0,0.0,0.5428135193898669,0.0,0.0,0.0,0.0,0.0,0.0,0.0,0,0,-0.0,0.0,0.9925768245176759,1.0663121381470546,0.06914983989351332,0.0,-0.0002
888,8.22,-0.037470725995315986,-1.0,0.0,0.5428135193898669,0.0,0.0,0.0,0.0,0.0,0.0,0.0,0,0,-0.0,0.0,0.9925768245176759,1.0663121381470546,0.06914983989351332,0.0,-0.0002
889,8.0,-0.026763990267639978,-1.0,0.0,0.5428135193898669,0.0,0.0,0.0,0.0,0.0,0.0,0.0,0,0,-0.0,0.0,0.9925768245176759,1.0663121381470546,0.06914983989351332,0.0,-0.0002
890,7.8,-0.025000000000000022,-1.0,0.0,0.5428135193898669,0.0,0.0,0.0,0.0,0.0,0.0,0.0,0,0,-0.0,0.0,0.9925768245176759,1.0663121381470546,0.06914983989351332,0.0,-0.0002
891,7.75,-0.0064102564102563875,-1.0,0.0,0.5428135193898669,0.0,0.0,0.0,0.0,0.0,0.0,0.0,0,0,-0.0,0.0,0.9925768245176759,1.0663121381470546,0.06914983989351332,0.0,-0.0002
892,7.68,-0.009032258064516166,-1.0,0.0,0.5428135193898669,0.0,0.0,0.0,0.0,0.0,0.0,0.0,0,0,-0.0,0.0,0.9925768245176759,1.0663121381470546,0.06914983989351332,0.0,-0.0002
893,7.58,-0.013020833333333287,-1.0,0.0,0.5428135193898669,0.0,0.0,0.0,0.0,0.0,0.0,0.0,0,0,-0.0,0.0,0.9925768245176759,1.0663121381470546,0.06914983989351332,0.0,-0.0002
894,7.15,-0.056728232189973575,-1.0,0.0,0.5428135193898669,0.0,0.0,0.0,0.0,0.0,0.0,0.0,0,0,-0.0,0.0,0.9925768245176759,1.0663121381470546,0.06914983989351332,0.0,-0.0002
895,7.29,0.019580419580419534,-1.0,0.0,0.5428135193898669,0.0,0.0,0.0,0.0,0.0,0.0,0.0,0,0,0.0,0.0,0.9925768245176759,1.0663121381470546,0.06914983989351332,0.0,-0.0002
896,7.51,0.030178326474622735,-1.0,0.0,0.5428135193898669,0.0,0.0,0.0,0.0,0.0,0.0,0.0,0,0,0.0,0.0,0.9925768245176759,1.0663121381470546,0.06914983989351332,0.0,-0.0002
897,7.6,0.011984021304926746,-1.0,0.0,0.5428135193898669,0.0,0.0,0.0,0.0,0.0,0.0,0.0,0,0,0.0,0.0,0.9925768245176759,1.0663121381470546,0.06914983989351332,0.0,-0.0002
898,7.5,-0.01315789473684206,-1.0,0.0,0.5428135193898669,0.0,0.0,0.0,0.0,0.0,0.0,0.0,0,0,-0.0,0.0,0.9925768245176759,1.0663121381470546,0.06914983989351332,0.0,-0.0002
899,7.59,0.011999999999999981,-1.0,0.0,0.5428135193898669,0.0,0.0,0.0,0.0,0.0,0.0,0.0,0,0,0.0,0.0,0.9925768245176759,1.0663121381470546,0.06914983989351332,0.0,-0.0002
900,7.79,0.026350461133069852,-1.0,0.0,0.5428135193898669,0.0,0.0,0.0,0.0,0.0,0.0,0.0,0,0,0.0,0.0,0.9925768245176759,1.0663121381470546,0.06914983989351332,0.0,-0.002121202922675993
901,7.79,0.0,-0.7885916233062744,0.0,0.5428135193898669,0.0,0.0,0.0,0.0,0.0,0.0,0.0,0,0,0.0,0.0,0.9925768245176759,1.0663121381470546,0.06914983989351332,0.0,-0.0033937056046123536
902,7.62,-0.021822849807445435,-1.0,0.0,0.5428135193898669,0.0,0.0,0.0,0.0,0.0,0.0,0.0,0,0,-0.0,0.0,0.9925768245176759,1.0663121381470546,0.06914983989351332,0.0,-0.0018453796220333062
903,7.64,0.0026246719160104427,-1.0,0.0,0.5428135193898669,0.0,0.0,0.0,0.0,0.0,0.0,0.0,0,0,0.0,0.0,0.9925768245176759,1.0663121381470546,0.06914983989351332,0.0,-0.0002
904,7.48,-0.020942408376963255,-1.0,0.0,0.5428135193898669,0.0,0.0,0.0,0.0,0.0,0.0,0.0,0,0,-0.0,0.0,0.9925768245176759,1.0663121381470546,0.06914983989351332,0.0,-0.0005459652920112519
905,7.6,0.016042780748662996,-1.0,0.0,0.5428135193898669,0.0,0.0,0.0,0.0,0.0,0.0,0.0,0,0,0.0,0.0,0.9925768245176759,1.0663121381470546,0.06914983989351332,0.0,-0.0002
906,7.55,-0.00657894736842103,-1.0,0.0,0.5428135193898669,0.0,0.0,0.0,0.0,0.0,0.0,0.0,0,0,-0.0,0.0,0.9925768245176759,1.0663121381470546,0.06914983989351332,0.0,-0.0002
907,7.58,0.003973509933774867,-1.0,0.0,0.5428135193898669,0.0,0.0,0.0,0.0,0.0,0.0,0.0,0,0,0.0,0.0,0.9925768245176759,1.0663121381470546,0.06914983989351332,0.0,-0.0002
908,7.6,0.0026385224274405768,-1.0,0.0,0.5428135193898669,0.0,0.0,0.0,0.0,0.0,0.0,0.0,0,0,0.0,0.0,0.9925768245176759,1.0663121381470546,0.06914983989351332,0.0,-0.0002
909,7.46,-0.018421052631578907,-1.0,0.0,0.5428135193898669,0.0,0.0,0.0,0.0,0.0,0.0,0.0,0,0,-0.0,0.0,0.9925768245176759,1.0663121381470546,0.06914983989351332,0.0,-0.0002
910,7.55,0.012064343163538854,-1.0,0.0,0.5428135193898669,0.0,0.0,0.0,0.0,0.0,0.0,0.0,0,0,0.0,0.0,0.9925768245176759,1.0663121381470546,0.06914983989351332,0.0,-0.0002
911,7.33,-0.029139072847682086,-1.0,0.0,0.5428135193898669,0.0,0.0,0.0,0.0,0.0,0.0,0.0,0,0,-0.0,0.0,0.9925768245176759,1.0663121381470546,0.06914983989351332,0.0,-0.0002
912,7.44,0.015006821282401136,-1.0,0.0,0.5428135193898669,0.0,0.0,0.0,0.0,0.0,0.0,0.0,0,0,0.0,0.0,0.9925768245176759,1.0663121381470546,0.06914983989351332,0.0,-0.0002
913,7.4,-0.00537634408602151,-1.0,0.0,0.5428135193898669,0.0,0.0,0.0,0.0,0.0,0.0,0.0,0,0,-0.0,0.0,0.9925768245176759,1.0663121381470546,0.06914983989351332,0.0,-0.0002
914,7.5,0.013513513513513466,-1.0,0.0,0.5428135193898669,0.0,0.0,0.0,0.0,0.0,0.0,0.0,0,0,0.0,0.0,0.9925768245176759,1.0663121381470546,0.06914983989351332,0.0,-0.0002
915,7.44,-0.007999999999999948,-1.0,0.0,0.5428135193898669,0.0,0.0,0.0,0.0,0.0,0.0,0.0,0,0,-0.0,0.0,0.9925768245176759,1.0663121381470546,0.06914983989351332,0.0,-0.0003585110006818344
916,7.38,-0.008064516129032324,-1.0,0.0,0.5428135193898669,0.0,0.0,0.0,0.0,0.0,0.0,0.0,0,0,-0.0,0.0,0.9925768245176759,1.0663121381470546,0.06914983989351332,0.0,-0.0002
917,7.29,-0.012195121951219494,-1.0,0.0,0.5428135193898669,0.0,0.0,0.0,0.0,0.0,0.0,0.0,0,0,-0.0,0.0,0.9925768245176759,1.0663121381470546,0.06914983989351332,0.0,-0.0002
918,7.25,-0.005486968449931418,-1.0,0.0,0.5428135193898669,0.0,0.0,0.0,0.0,0.0,0.0,0.0,0,0,-0.0,0.0,0.9925768245176759,1.0663121381470546,0.06914983989351332,0.0,-0.0002
919,7.18,-0.009655172413793142,-1.0,0.0,0.5428135193898669,0.0,0.0,0.0,0.0,0.0,0.0,0.0,0,0,-0.0,0.0,0.9925768245176759,1.0663121381470546,0.06914983989351332,0.0,-0.0002
920,7.12,-0.008356545961002732,-1.0,0.0,0.5428135193898669,0.0,0.0,0.0,0.0,0.0,0.0,0.0,0,0,-0.0,0.0,0.9925768245176759,1.0663121381470546,0.06914983989351332,0.0,-0.0002
921,6.51,-0.08567415730337083,-1.0,0.0,0.5428135193898669,0.0,0.0,0.0,0.0,0.0,0.0,0.0,0,0,-0.0,0.0,0.9925768245176759,1.0663121381470546,0.06914983989351332,0.0,-0.0002
922,6.59,0.012288786482334882,-1.0,0.0,0.5428135193898669,0.0,0.0,0.0,0.0,0.0,0.0,0.0,0,0,0.0,0.0,0.9925768245176759,1.0663121381470546,0.06914983989351332,0.0,-0.0002
923,6.77,0.027314112291350487,-1.0,0.0,0.5428135193898669,0.0,0.0,0.0,0.0,0.0,0.0,0.0,0,0,0.0,0.0,0.9925768245176759,1.0663121381470546,0.06914983989351332,0.0,-0.0002
924,6.82,0.007385524372230534,-1.0,0.0,0.5428135193898669,0.0,0.0,0.0,0.0,0.0,0.0,0.0,0,0,0.0,0.0,0.9925768245176759,1.0663121381470546,0.06914983989351332,0.0,-0.0002
925,6.92,0.014662756598240416,-1.0,0.0,0.5428135193898669,0.0,0.0,0.0,0.0,0.0,0.0,0.0,0,0,0.0,0.0,0.9925768245176759,1.0663121381470546,0.06914983989351332,0.0,-0.0002
926,7.0,0.011560693641618507,-1.0,0.0,0.5428135193898669,0.0,0.0,0.0,0.0,0.0,0.0,0.0,0,0,0.0,0.0,0.9925768245176759,1.0663121381470546,0.06914983989351332,0.0,-0.0002
927,6.59,-0.058571428571428594,-0.9604182839393616,0.0,0.5428135193898669,0.0,0.0,0.0,0.0,0.0,0.0,0.0,0,0,-0.0,0.0,0.9925768245176759,1.0663121381470546,0.06914983989351332,0.0,-0.0035747099197209298
928,6.61,0.003034901365705685,-1.0,0.0,0.5428135193898669,0.0,0.0,0.0,0.0,0.0,0.0,0.0,0,0,0.0,0.0,0.9925768245176759,1.0663121381470546,0.06914983989351332,0.0,-0.0002
929,6.74,0.019667170953101346,-1.0,0.0,0.5428135193898669,0.0,0.0,0.0,0.0,0.0,0.0,0.0,0,0,0.0,0.0,0.9925768245176759,1.0663121381470546,0.06914983989351332,0.0,-0.0002
930,6.79,0.007418397626112733,-1.0,0.0,0.5428135193898669,0.0,0.0,0.0,0.0,0.0,0.0,0.0,0,0,0.0,0.0,0.9925768245176759,1.0663121381470546,0.06914983989351332,0.0,-0.0002
931,6.78,-0.0014727540500736062,-1.0,0.0,0.5428135193898669,0.0,0.0,0.0,0.0,0.0,0.0,0.0,0,0,-0.0,0.0,0.9925768245176759,1.0663121381470546,0.06914983989351332,0.0,-0.0002
932,6.78,0.0,-1.0,0.0,0.5428135193898669,0.0,0.0,0.0,0.0,0.0,0.0,0.0,0,0,0.0,0.0,0.9925768245176759,1.0663121381470546,0.06914983989351332,0.0,-0.0002
933,6.7,-0.011799410029498535,-1.0,0.0,0.5428135193898669,0.0,0.0,0.0,0.0,0.0,0.0,0.0,0,0,-0.0,0.0,0.9925768245176759,1.0663121381470546,0.06914983989351332,0.0,-0.0010843994894897486
934,6.79,0.013432835820895501,-1.0,0.0,0.5428135193898669,0.0,0.0,0.0,0.0,0.0,0.0,0.0,0,0,0.0,0.0,0.9925768245176759,1.0663121381470546,0.06914983989351332,0.0,-0.0002
935,6.82,0.0044182621502209495,-1.0,0.0,0.5428135193898669,0.0,0.0,0.0,0.0,0.0,0.0,0.0,0,0,0.0,0.0,0.9925768245176759,1.0663121381470546,0.06914983989351332,0.0,-0.0002
936,6.75,-0.01026392961876837,-1.0,0.0,0.5428135193898669,0.0,0.0,0.0,0.0,0.0,0.0,0.0,0,0,-0.0,0.0,0.9925768245176759,1.0663121381470546,0.06914983989351332,0.0,-0.00024022980529721542
937,6.86,0.016296296296296343,-1.0,0.0,0.5428135193898669,0.0,0.0,0.0,0.0,0.0,0.0,0.0,0,0,0.0,0.0,0.9925768245176759,1.0663121381470546,0.06914983989351332,0.0,-0.0002
938,6.83,-0.004373177842565633,-1.0,0.0,0.5428135193898669,0.0,0.0,0.0,0.0,0.0,0.0,0.0,0,0,-0.0,0.0,0.9925768245176759,1.0663121381470546,0.06914983989351332,0.0,-0.0010893553474873598
939,6.5,-0.04831625183016106,-1.0,0.0,0.5428135193898669,0.0,0.0,0.0,0.0,0.0,0.0,0.0,0,0,-0.0,0.0,0.9925768245176759,1.0663121381470546,0.06914983989351332,0.0,-0.001502373250538169
940,6.54,0.006153846153846159,-1.0,0.0,0.5428135193898669,0.0,0.0,0.0,0.0,0.0,0.0,0.0,0,0,0.0,0.0,0.9925768245176759,1.0663121381470546,0.06914983989351332,0.0,-0.0002
941,6.62,0.012232415902140683,-1.0,0.0,0.5428135193898669,0.0,0.0,0.0,0.0,0.0,0.0,0.0,0,0,0.0,0.0,0.9925768245176759,1.0663121381470546,0.06914983989351332,0.0,-0.0002
942,6.64,0.003021148036253712,-1.0,0.0,0.5428135193898669,0.0,0.0,0.0,0.0,0.0,0.0,0.0,0,0,0.0,0.0,0.9925768245176759,1.0663121381470546,0.06914983989351332,0.0,-0.0002
943,6.57,-0.010542168674698704,-1.0,0.0,0.5428135193898669,0.0,0.0,0.0,0.0,0.0,0.0,0.0,0,0,-0.0,0.0,0.9925768245176759,1.0663121381470546,0.06914983989351332,0.0,-0.0002
944,6.81,0.0365296803652967,-1.0,0.0,0.5428135193898669,0.0,0.0,0.0,0.0,0.0,0.0,0.0,0,0,0.0,0.0,0.9925768245176759,1.0663121381470546,0.06914983989351332,0.0,-0.0002
945,6.77,-0.005873715124816452,-0.5225539803504944,0.0,0.5428135193898669,0.0,0.0,0.0,0.0,0.0,0.0,0.0,0,0,-0.0,0.0,0.9925768245176759,1.0663121381470546,0.06914983989351332,0.0,-0.0033333634369495414
946,6.8,0.004431314623338294,-1.0,0.0,0.5428135193898669,0.0,0.0,0.0,0.0,0.0,0.0,0.0,0,0,0.0,0.0,0.9925768245176759,1.0663121381470546,0.06914983989351332,0.0,-0.002482283712455144
947,6.83,0.004411764705882389,-0.9717597961425781,0.0,0.5428135193898669,0.0,0.0,0.0,0.0,0.0,0.0,0.0,0,0,0.0,0.0,0.9925768245176759,1.0663121381470546,0.06914983989351332,0.0,-0.0021989222331990155
948,6.83,0.0,-1.0,0.0,0.5428135193898669,0.0,0.0,0.0,0.0,0.0,0.0,0.0,0,0,0.0,0.0,0.9925768245176759,1.0663121381470546,0.06914983989351332,0.0,-0.0023614745174446285
949,6.82,-0.0014641288433381826,-0.8680056929588318,0.0,0.5428135193898669,0.0,0.0,0.0,0.0,0.0,0.0,0.0,0,0,-0.0,0.0,0.9925768245176759,1.0663121381470546,0.06914983989351332,0.0,-0.002942431528524089
950,6.73,-0.0131964809384164,-1.0,0.0,0.5428135193898669,0.0,0.0,0.0,0.0,0.0,0.0,0.0,0,0,-0.0,0.0,0.9925768245176759,1.0663121381470546,0.06914983989351332,0.0,-0.0006372901979040651
951,7.0,0.04011887072808314,-1.0,0.0,0.5428135193898669,0.0,0.0,0.0,0.0,0.0,0.0,0.0,0,0,0.0,0.0,0.9925768245176759,1.0663121381470546,0.06914983989351332,0.0,-0.0002
952,6.79,-0.029999999999999995,-0.24723786115646362,0.0,0.5428135193898669,0.0,0.0,0.0,0.0,0.0,0.0,0.0,0,0,-0.0,0.0,0.9925768245176759,1.0663121381470546,0.06914983989351332,0.0,-0.0030554500170515775
953,6.78,-0.0014727540500736062,-1.0,0.0,0.5428135193898669,0.0,0.0,0.0,0.0,0.0,0.0,0.0,0,0,-0.0,0.0,0.9925768245176759,1.0663121381470546,0.06914983989351332,0.0,-0.0002
954,7.04,0.03834808259587017,-1.0,0.0,0.5428135193898669,0.0,0.0,0.0,0.0,0.0,0.0,0.0,0,0,0.0,0.0,0.9925768245176759,1.0663121381470546,0.06914983989351332,0.0,-0.0002
955,6.98,-0.008522727272727217,-0.08348987996578217,0.0,0.5428135193898669,0.0,0.0,0.0,0.0,0.0,0.0,0.0,0,0,-0.0,0.0,0.9925768245176759,1.0663121381470546,0.06914983989351332,0.0,-0.0033183551950036836
956,7.09,0.015759312320916822,-0.35095012187957764,0.0,0.5428135193898669,0.0,0.0,0.0,0.0,0.0,0.0,0.0,0,0,0.0,0.0,0.9925768245176759,1.0663121381470546,0.06914983989351332,0.0,-0.0033001645029315046
957,7.09,0.0,-0.5590644478797913,0.0,0.5428135193898669,0.0,0.0,0.0,0.0,0.0,0.0,0.0,0,0,0.0,0.0,0.9925768245176759,1.0663121381470546,0.06914983989351332,0.0,-0.0022808731977419657
958,7.12,0.00423131170662909,0.20906326174736023,0.020906326174736024,0.5428135193898669,0.020906326174736024,0.020906326174736024,0.0,0.020906326174736024,0.020906326174736024,0.0,0.0,0,0,0.0,2.0906326174736024e-05,0.9925560733828291,1.0663121381470546,0.06916930055058025,1.9460657066927567e-05,-0.0038105387289572245
959,6.95,-0.02387640449438201,0.1105620265007019,0.03196252882480621,0.5426918886616252,0.03196252882480621,0.03196252882480621,0.020906326174736024,0.03196252882480621,0.01105620265007019,0.020906326174736024,0.0,0,0,-0.0004991679002394834,1.105620265007019e-05,0.9920496473507198,1.0663121381470546,0.06964423280914893,0.0004749322585686777,-0.004571405274196663
960,7.07,0.017266187050359726,-1.0,0.0,0.5397235307857562,0.0,0.0,0.03196252882480621,0.01105620265007019,-0.020906326174736024,0.01105620265007019,0.020906326174736024,0,0,0.0005518710012916185,2.0906326174736024e-05,0.9925763906694253,1.0663121381470546,0.06915024676147921,0.0,0.00046435291132512486
961,7.15,0.011315417256011324,-1.0,0.0,0.5428109582527868,0.0,0.0,0.01105620265007019,0.0,-0.01105620265007019,0.0,0.01105620265007019,0,0,0.00012510554625256236,1.105620265007019e-05,0.9926895933552564,1.0663121381470546,0.06904408395812985,0.0,-0.0017835104612927988
962,7.17,0.0027972027972027374,-1.0,0.0,0.543474479021055,0.0,0.0,0.0,0.0,0.0,0.0,0.0,0,0,0.0,0.0,0.9926895933552564,1.0663121381470546,0.06904408395812985,0.0,-0.0018212061918535126
963,7.3,0.018131101813110166,-0.9998499155044556,0.0,0.543474479021055,0.0,0.0,0.0,0.0,0.0,0.0,0.0,0,0,0.0,0.0,0.9926895933552564,1.0663121381470546,0.06904408395812985,0.0,-0.0019577885502823408
964,7.24,-0.008219178082191728,-0.28264009952545166,0.0,0.543474479021055,0.0,0.0,0.0,0.0,0.0,0.0,0.0,0,0,-0.0,0.0,0.9926895933552564,1.0663121381470546,0.06904408395812985,0.0,-0.003178147498470505
965,7.24,0.0,-0.13834944367408752,0.0,0.543474479021055,0.0,0.0,0.0,0.0,0.0,0.0,0.0,0,0,0.0,0.0,0.9926895933552564,1.0663121381470546,0.06904408395812985,0.0,-0.003776427560024532
966,7.18,-0.008287292817679627,-0.712047278881073,0.0,0.543474479021055,0.0,0.0,0.0,0.0,0.0,0.0,0.0,0,0,-0.0,0.0,0.9926895933552564,1.0663121381470546,0.06904408395812985,0.0,-0.0026533624229203973
967,7.16,-0.0027855153203342024,-1.0,0.0,0.543474479021055,0.0,0.0,0.0,0.0,0.0,0.0,0.0,0,0,-0.0,0.0,0.9926895933552564,1.0663121381470546,0.06904408395812985,0.0,-0.0011343921612248938
968,7.09,-0.009776536312849202,-1.0,0.0,0.543474479021055,0.0,0.0,0.0,0.0,0.0,0.0,0.0,0,0,-0.0,0.0,0.9926895933552564,1.0663121381470546,0.06904408395812985,0.0,-0.0006423740872214099
969,7.01,-0.011283497884344157,-1.0,0.0,0.543474479021055,0.0,0.0,0.0,0.0,0.0,0.0,0.0,0,0,-0.0,0.0,0.9926895933552564,1.0663121381470546,0.06904408395812985,0.0,-0.0002
970,6.99,-0.0028530670470755456,-1.0,0.0,0.543474479021055,0.0,0.0,0.0,0.0,0.0,0.0,0.0,0,0,-0.0,0.0,0.9926895933552564,1.0663121381470546,0.06904408395812985,0.0,-0.0002
971,7.14,0.021459227467811082,-1.0,0.0,0.543474479021055,0.0,0.0,0.0,0.0,0.0,0.0,0.0,0,0,0.0,0.0,0.9926895933552564,1.0663121381470546,0.06904408395812985,0.0,-0.0002
972,7.04,-0.014005602240896309,-1.0,0.0,0.543474479021055,0.0,0.0,0.0,0.0,0.0,0.0,0.0,0,0,-0.0,0.0,0.9926895933552564,1.0663121381470546,0.06904408395812985,0.0,-0.0002
973,7.03,-0.0014204545454545151,-1.0,0.0,0.543474479021055,0.0,0.0,0.0,0.0,0.0,0.0,0.0,0,0,-0.0,0.0,0.9926895933552564,1.0663121381470546,0.06904408395812985,0.0,-0.0002
974,7.04,0.0014224751066856027,-1.0,0.0,0.543474479021055,0.0,0.0,0.0,0.0,0.0,0.0,0.0,0,0,0.0,0.0,0.9926895933552564,1.0663121381470546,0.06904408395812985,0.0,-0.0002
975,6.95,-0.012784090909090889,-1.0,0.0,0.543474479021055,0.0,0.0,0.0,0.0,0.0,0.0,0.0,0,0,-0.0,0.0,0.9926895933552564,1.0663121381470546,0.06904408395812985,0.0,-0.0002
976,6.75,-0.028776978417266213,-1.0,0.0,0.543474479021055,0.0,0.0,0.0,0.0,0.0,0.0,0.0,0,0,-0.0,0.0,0.9926895933552564,1.0663121381470546,0.06904408395812985,0.0,-0.0002
977,7.07,0.04740740740740745,-1.0,0.0,0.543474479021055,0.0,0.0,0.0,0.0,0.0,0.0,0.0,0,0,0.0,0.0,0.9926895933552564,1.0663121381470546,0.06904408395812985,0.0,-0.0002
978,7.2,0.01838755304101837,-1.0,0.0,0.543474479021055,0.0,0.0,0.0,0.0,0.0,0.0,0.0,0,0,0.0,0.0,0.9926895933552564,1.0663121381470546,0.06904408395812985,0.0,-0.0003942252435713558
979,7.34,0.0194444444444444,-1.0,0.0,0.543474479021055,0.0,0.0,0.0,0.0,0.0,0.0,0.0,0,0,0.0,0.0,0.9926895933552564,1.0663121381470546,0.06904408395812985,0.0,-0.002112369255999419
980,7.47,0.017711171662125328,-0.1970718801021576,0.0,0.543474479021055,0.0,0.0,0.0,0.0,0.0,0.0,0.0,0,0,0.0,0.0,0.9926895933552564,1.0663121381470546,0.06904408395812985,0.0,-0.0036785827151141624
981,7.4,-0.009370816599732181,1.0,0.1,0.543474479021055,0.1,0.1,0.0,0.1,0.1,0.0,0.0,0,0,-0.0,0.0001,0.9925903243959209,1.0663121381470546,0.06913717954973406,9.309559160421144e-05,-0.005189702947076461
982,7.35,-0.0067567567567568525,-0.12046153843402863,0.08795384615659714,0.5428926352425785,0.08795384615659714,0.08795384615659714,0.1,0.1,-0.0,0.1,0.0,0,0,-0.0006756756756756853,0.0,0.9919196552578154,1.0663121381470546,0.06976614091490323,0.00062896136516917,-0.005973653299341844
983,7.4,0.006802721088435471,-1.0,0.0,0.5389616157874824,0.0,0.0,0.1,0.0,-0.1,0.0,0.1,0,0,0.0006802721088435471,0.0001,0.9924952385679752,1.0663121381470546,0.06922635215177433,0.0,-0.003141566432010892
984,7.34,-0.008108108108108174,-0.38471394777297974,0.0,0.5423352852478138,0.0,0.0,0.0,0.0,0.0,0.0,0.0,0,0,-0.0,0.0,0.9924952385679752,1.0663121381470546,0.06922635215177433,0.0,-0.0028772052902774252
985,7.51,0.023160762942779283,-1.0,0.0,0.5423352852478138,0.0,0.0,0.0,0.0,0.0,0.0,0.0,0,0,0.0,0.0,0.9924952385679752,1.0663121381470546,0.06922635215177433,0.0,-0.0009548988263421516
986,7.45,-0.007989347536617791,-0.5819646716117859,0.0,0.5423352852478138,0.0,0.0,0.0,0.0,0.0,0.0,0.0,0,0,-0.0,0.0,0.9924952385679752,1.0663121381470546,0.06922635215177433,0.0,-0.0019213671364307263
987,7.46,0.0013422818791946022,-0.9627119302749634,0.0,0.5423352852478138,0.0,0.0,0.0,0.0,0.0,0.0,0.0,0,0,0.0,0.0,0.9924952385679752,1.0663121381470546,0.06922635215177433,0.0,-0.0017007475835721475
988,7.31,-0.02010723860589817,-0.776290774345398,0.0,0.5423352852478138,0.0,0.0,0.0,0.0,0.0,0.0,0.0,0,0,-0.0,0.0,0.9924952385679752,1.0663121381470546,0.06922635215177433,0.0,-0.002168269145001341
989,7.12,-0.02599179206566341,-1.0,0.0,0.5423352852478138,0.0,0.0,0.0,0.0,0.0,0.0,0.0,0,0,-0.0,0.0,0.9924952385679752,1.0663121381470546,0.06922635215177433,0.0,-0.0002
990,7.29,0.02387640449438201,-1.0,0.0,0.5423352852478138,0.0,0.0,0.0,0.0,0.0,0.0,0.0,0,0,0.0,0.0,0.9924952385679752,1.0663121381470546,0.06922635215177433,0.0,-0.0002
991,7.49,0.027434842249657088,-1.0,0.0,0.5423352852478138,0.0,0.0,0.0,0.0,0.0,0.0,0.0,0,0,0.0,0.0,0.9924952385679752,1.0663121381470546,0.06922635215177433,0.0,-0.0002
992,7.52,0.004005340453938499,-1.0,0.0,0.5423352852478138,0.0,0.0,0.0,0.0,0.0,0.0,0.0,0,0,0.0,0.0,0.9924952385679752,1.0663121381470546,0.06922635215177433,0.0,-0.001509771300878482
993,7.59,0.00930851063829791,-1.0,0.0,0.5423352852478138,0.0,0.0,0.0,0.0,0.0,0.0,0.0,0,0,0.0,0.0,0.9924952385679752,1.0663121381470546,0.06922635215177433,0.0,-0.0016911949879724858
994,7.47,-0.01581027667984191,-0.19110456109046936,0.0,0.5423352852478138,0.0,0.0,0.0,0.0,0.0,0.0,0.0,0,0,-0.0,0.0,0.9924952385679752,1.0663121381470546,0.06922635215177433,0.0,-0.0036342365243666763
995,7.71,0.03212851405622493,-0.5550030469894409,0.0,0.5423352852478138,0.0,0.0,0.0,0.0,0.0,0.0,0.0,0,0,0.0,0.0,0.9924952385679752,1.0663121381470546,0.06922635215177433,0.0,-0.0036641092104960304
996,7.57,-0.0181582360570687,0.504246175289154,0.05042461752891541,0.5423352852478138,0.05042461752891541,0.05042461752891541,0.0,0.05042461752891541,0.05042461752891541,0.0,0.0,0,0,-0.0,5.042461752891541e-05,0.9924451923751711,1.0663121381470546,0.06927328605697304,4.693390519870666e-05,-0.004574155236579655
997,7.46,-0.014531043593130821,-1.0,0.0,0.542041965202946,0.0,0.0,0.05042461752891541,0.05042461752891541,-0.0,0.05042461752891541,0.0,0,0,-0.0007327223154796183,0.0,0.9917180056358275,1.0663121381470546,0.06995525028989205,0.0006819642329190106,-0.0019201776543505745
998,7.38,-0.010723860589812341,-1.0,0.0,0.5377796743080674,0.0,0.0,0.05042461752891541,0.0,-0.05042461752891541,0.0,0.05042461752891541,0,0,-0.0005407465686746966,5.042461752891541e-05,0.9911317305260563,1.0663121381470546,0.07050506594780057,0.0005498156579085145,-0.000967657347554816
999,7.55,0.023035230352303513,-1.0,0.0,0.5343433268384659,0.0,0.0,0.0,0.0,0.0,0.0,0.0,0,0,0.0,0.0,0.9911317305260563,1.0663121381470546,0.07050506594780057,0.0,-0.0002
1000,7.51,-0.005298013245033118,-1.0,0.0,0.5343433268384659,0.0,0.0,0.0,0.0,0.0,0.0,0.0,0,0,-0.0,0.0,0.9911317305260563,1.0663121381470546,0.07050506594780057,0.0,-0.00127677932334979
1001,7.42,-0.011984021304926746,-1.0,0.0,0.5343433268384659,0.0,0.0,0.0,0.0,0.0,0.0,0.0,0,0,-0.0,0.0,0.9911317305260563,1.0663121381470546,0.07050506594780057,0.0,-0.0002
1002,7.42,0.0,-1.0,0.0,0.5343433268384659,0.0,0.0,0.0,0.0,0.0,0.0,0.0,0,0,0.0,0.0,0.9911317305260563,1.0663121381470546,0.07050506594780057,0.0,-0.0002
1003,7.34,-0.010781671159029659,-1.0,0.0,0.5343433268384659,0.0,0.0,0.0,0.0,0.0,0.0,0.0,0,0,-0.0,0.0,0.9911317305260563,1.0663121381470546,0.07050506594780057,0.0,-0.0002
1004,7.27,-0.009536784741144453,-1.0,0.0,0.5343433268384659,0.0,0.0,0.0,0.0,0.0,0.0,0.0,0,0,-0.0,0.0,0.9911317305260563,1.0663121381470546,0.07050506594780057,0.0,-0.0002
1005,7.21,-0.008253094910591419,-1.0,0.0,0.5343433268384659,0.0,0.0,0.0,0.0,0.0,0.0,0.0,0,0,-0.0,0.0,0.9911317305260563,1.0663121381470546,0.07050506594780057,0.0,-0.0002
1006,7.26,0.006934812760055454,-1.0,0.0,0.5343433268384659,0.0,0.0,0.0,0.0,0.0,0.0,0.0,0,0,0.0,0.0,0.9911317305260563,1.0663121381470546,0.07050506594780057,0.0,-0.0002
1007,7.14,-0.016528925619834725,-1.0,0.0,0.5343433268384659,0.0,0.0,0.0,0.0,0.0,0.0,0.0,0,0,-0.0,0.0,0.9911317305260563,1.0663121381470546,0.07050506594780057,0.0,-0.0002
1008,7.1,-0.005602240896358549,-1.0,0.0,0.5343433268384659,0.0,0.0,0.0,0.0,0.0,0.0,0.0,0,0,-0.0,0.0,0.9911317305260563,1.0663121381470546,0.07050506594780057,0.0,-0.0002
1009,7.19,0.012676056338028275,-1.0,0.0,0.5343433268384659,0.0,0.0,0.0,0.0,0.0,0.0,0.0,0,0,0.0,0.0,0.9911317305260563,1.0663121381470546,0.07050506594780057,0.0,-0.0002
1010,7.12,-0.009735744089012557,-1.0,0.0,0.5343433268384659,0.0,0.0,0.0,0.0,0.0,0.0,0.0,0,0,-0.0,0.0,0.9911317305260563,1.0663121381470546,0.07050506594780057,0.0,-0.0002
1011,7.21,0.012640449438202228,-1.0,0.0,0.5343433268384659,0.0,0.0,0.0,0.0,0.0,0.0,0.0,0,0,0.0,0.0,0.9911317305260563,1.0663121381470546,0.07050506594780057,0.0,-0.0002
1012,7.23,0.0027739251040222557,-1.0,0.0,0.5343433268384659,0.0,0.0,0.0,0.0,0.0,0.0,0.0,0,0,0.0,0.0,0.9911317305260563,1.0663121381470546,0.07050506594780057,0.0,-0.0002
1013,7.34,0.015214384508990238,-1.0,0.0,0.5343433268384659,0.0,0.0,0.0,0.0,0.0,0.0,0.0,0,0,0.0,0.0,0.9911317305260563,1.0663121381470546,0.07050506594780057,0.0,-0.00043545402618543543
1014,7.29,-0.006811989100817414,-1.0,0.0,0.5343433268384659,0.0,0.0,0.0,0.0,0.0,0.0,0.0,0,0,-0.0,0.0,0.9911317305260563,1.0663121381470546,0.07050506594780057,0.0,-0.00218038778525744
1015,7.34,0.0068587105624142415,-1.0,0.0,0.5343433268384659,0.0,0.0,0.0,0.0,0.0,0.0,0.0,0,0,0.0,0.0,0.9911317305260563,1.0663121381470546,0.07050506594780057,0.0,-0.0008444694091149592
1016,7.37,0.0040871934604904975,-1.0,0.0,0.5343433268384659,0.0,0.0,0.0,0.0,0.0,0.0,0.0,0,0,0.0,0.0,0.9911317305260563,1.0663121381470546,0.07050506594780057,0.0,-0.0021252223062023777
1017,7.39,0.002713704206241462,-1.0,0.0,0.5343433268384659,0.0,0.0,0.0,0.0,0.0,0.0,0.0,0,0,0.0,0.0,0.9911317305260563,1.0663121381470546,0.07050506594780057,0.0,-0.0017802004982892508
1018,7.28,-0.01488497970230033,-1.0,0.0,0.5343433268384659,0.0,0.0,0.0,0.0,0.0,0.0,0.0,0,0,-0.0,0.0,0.9911317305260563,1.0663121381470546,0.07050506594780057,0.0,-0.0018731364912503287
1019,7.28,0.0,-1.0,0.0,0.5343433268384659,0.0,0.0,0.0,0.0,0.0,0.0,0.0,0,0,0.0,0.0,0.9911317305260563,1.0663121381470546,0.07050506594780057,0.0,-0.0002
1020,7.02,-0.0357142857142858,-1.0,0.0,0.5343433268384659,0.0,0.0,0.0,0.0,0.0,0.0,0.0,0,0,-0.0,0.0,0.9911317305260563,1.0663121381470546,0.07050506594780057,0.0,-0.0002
1021,6.79,-0.0327635327635327,-1.0,0.0,0.5343433268384659,0.0,0.0,0.0,0.0,0.0,0.0,0.0,0,0,-0.0,0.0,0.9911317305260563,1.0663121381470546,0.07050506594780057,0.0,-0.0002
1022,6.64,-0.02209131075110462,-1.0,0.0,0.5343433268384659,0.0,0.0,0.0,0.0,0.0,0.0,0.0,0,0,-0.0,0.0,0.9911317305260563,1.0663121381470546,0.07050506594780057,0.0,-0.0002
1023,6.65,0.001506024096385644,-1.0,0.0,0.5343433268384659,0.0,0.0,0.0,0.0,0.0,0.0,0.0,0,0,0.0,0.0,0.9911317305260563,1.0663121381470546,0.07050506594780057,0.0,-0.0002
1024,6.58,-0.010526315789473726,-1.0,0.0,0.5343433268384659,0.0,0.0,0.0,0.0,0.0,0.0,0.0,0,0,-0.0,0.0,0.9911317305260563,1.0663121381470546,0.07050506594780057,0.0,-0.0002
1025,6.59,0.0015197568389057428,-1.0,0.0,0.5343433268384659,0.0,0.0,0.0,0.0,0.0,0.0,0.0,0,0,0.0,0.0,0.9911317305260563,1.0663121381470546,0.07050506594780057,0.0,-0.0002
1026,6.45,-0.021244309559939254,-1.0,0.0,0.5343433268384659,0.0,0.0,0.0,0.0,0.0,0.0,0.0,0,0,-0.0,0.0,0.9911317305260563,1.0663121381470546,0.07050506594780057,0.0,-0.0002
1027,6.55,0.015503875968992192,-1.0,0.0,0.5343433268384659,0.0,0.0,0.0,0.0,0.0,0.0,0.0,0,0,0.0,0.0,0.9911317305260563,1.0663121381470546,0.07050506594780057,0.0,-0.0002
1028,6.46,-0.013740458015267154,-1.0,0.0,0.5343433268384659,0.0,0.0,0.0,0.0,0.0,0.0,0.0,0,0,-0.0,0.0,0.9911317305260563,1.0663121381470546,0.07050506594780057,0.0,-0.0002
1029,6.28,-0.02786377708978324,-1.0,0.0,0.5343433268384659,0.0,0.0,0.0,0.0,0.0,0.0,0.0,0,0,-0.0,0.0,0.9911317305260563,1.0663121381470546,0.07050506594780057,0.0,-0.0002
1030,6.42,0.022292993630573195,-1.0,0.0,0.5343433268384659,0.0,0.0,0.0,0.0,0.0,0.0,0.0,0,0,0.0,0.0,0.9911317305260563,1.0663121381470546,0.07050506594780057,0.0,-0.0002
1031,6.06,-0.056074766355140235,-1.0,0.0,0.5343433268384659,0.0,0.0,0.0,0.0,0.0,0.0,0.0,0,0,-0.0,0.0,0.9911317305260563,1.0663121381470546,0.07050506594780057,0.0,-0.0002
1032,6.08,0.0033003300330033767,-1.0,0.0,0.5343433268384659,0.0,0.0,0.0,0.0,0.0,0.0,0.0,0,0,0.0,0.0,0.9911317305260563,1.0663121381470546,0.07050506594780057,0.0,-0.0002
1033,6.21,0.021381578947368404,-1.0,0.0,0.5343433268384659,0.0,0.0,0.0,0.0,0.0,0.0,0.0,0,0,0.0,0.0,0.9911317305260563,1.0663121381470546,0.07050506594780057,0.0,-0.0002
1034,6.25,0.006441223832528186,-1.0,0.0,0.5343433268384659,0.0,0.0,0.0,0.0,0.0,0.0,0.0,0,0,0.0,0.0,0.9911317305260563,1.0663121381470546,0.07050506594780057,0.0,-0.0002
1035,6.34,0.014399999999999977,-1.0,0.0,0.5343433268384659,0.0,0.0,0.0,0.0,0.0,0.0,0.0,0,0,0.0,0.0,0.9911317305260563,1.0663121381470546,0.07050506594780057,0.0,-0.0002
1036,6.42,0.012618296529968466,-1.0,0.0,0.5343433268384659,0.0,0.0,0.0,0.0,0.0,0.0,0.0,0,0,0.0,0.0,0.9911317305260563,1.0663121381470546,0.07050506594780057,0.0,-0.0002
1037,6.4,-0.0031152647975077217,-1.0,0.0,0.5343433268384659,0.0,0.0,0.0,0.0,0.0,0.0,0.0,0,0,-0.0,0.0,0.9911317305260563,1.0663121381470546,0.07050506594780057,0.0,-0.0028615802561668246
1038,6.3,-0.015625000000000083,-1.0,0.0,0.5343433268384659,0.0,0.0,0.0,0.0,0.0,0.0,0.0,0,0,-0.0,0.0,0.9911317305260563,1.0663121381470546,0.07050506594780057,0.0,-0.0026268088633505144
1039,6.4,0.01587301587301596,-1.0,0.0,0.5343433268384659,0.0,0.0,0.0,0.0,0.0,0.0,0.0,0,0,0.0,0.0,0.9911317305260563,1.0663121381470546,0.07050506594780057,0.0,-0.0002
1040,6.37,-0.004687500000000039,-1.0,0.0,0.5343433268384659,0.0,0.0,0.0,0.0,0.0,0.0,0.0,0,0,-0.0,0.0,0.9911317305260563,1.0663121381470546,0.07050506594780057,0.0,-0.0014230048416735725
1041,6.19,-0.028257456828885356,-1.0,0.0,0.5343433268384659,0.0,0.0,0.0,0.0,0.0,0.0,0.0,0,0,-0.0,0.0,0.9911317305260563,1.0663121381470546,0.07050506594780057,0.0,-0.0002873541622968307
1042,6.28,0.014539579967689798,-1.0,0.0,0.5343433268384659,0.0,0.0,0.0,0.0,0.0,0.0,0.0,0,0,0.0,0.0,0.9911317305260563,1.0663121381470546,0.07050506594780057,0.0,-0.0002
1043,6.2,-0.012738853503184724,-1.0,0.0,0.5343433268384659,0.0,0.0,0.0,0.0,0.0,0.0,0.0,0,0,-0.0,0.0,0.9911317305260563,1.0663121381470546,0.07050506594780057,0.0,-0.0002
1044,6.29,0.014516129032258041,-1.0,0.0,0.5343433268384659,0.0,0.0,0.0,0.0,0.0,0.0,0.0,0,0,0.0,0.0,0.9911317305260563,1.0663121381470546,0.07050506594780057,0.0,-0.0002
1045,6.18,-0.017488076311605774,-1.0,0.0,0.5343433268384659,0.0,0.0,0.0,0.0,0.0,0.0,0.0,0,0,-0.0,0.0,0.9911317305260563,1.0663121381470546,0.07050506594780057,0.0,-0.0002
1046,6.1,-0.01294498381877024,-1.0,0.0,0.5343433268384659,0.0,0.0,0.0,0.0,0.0,0.0,0.0,0,0,-0.0,0.0,0.9911317305260563,1.0663121381470546,0.07050506594780057,0.0,-0.0002
1047,6.46,0.05901639344262301,-1.0,0.0,0.5343433268384659,0.0,0.0,0.0,0.0,0.0,0.0,0.0,0,0,0.0,0.0,0.9911317305260563,1.0663121381470546,0.07050506594780057,0.0,-0.0002
1048,6.56,0.015479876160990657,-0.35985082387924194,0.0,0.5343433268384659,0.0,0.0,0.0,0.0,0.0,0.0,0.0,0,0,0.0,0.0,0.9911317305260563,1.0663121381470546,0.07050506594780057,0.0,-0.0027388104157781627
1049,6.53,-0.00457317073170722,0.692223846912384,0.06922238469123841,0.5343433268384659,0.06922238469123841,0.06922238469123841,0.0,0.06922238469123841,0.06922238469123841,0.0,0.0,0,0,-0.0,6.922238469123841e-05,0.9910631220241262,1.0663121381470546,0.07056940780369406,6.434185589349051e-05,-0.004424402292520632
1050,6.59,0.009188361408882023,-1.0,0.0,0.5339411817507569,0.0,0.0,0.06922238469123841,0.06922238469123841,-0.0,0.06922238469123841,0.0,0,0,0.0006360402881277607,0.0,0.9916934780978113,1.0663121381470546,0.06997825250203868,0.0,-0.0023107015330322608
1051,6.59,0.0,-0.1004323661327362,0.05917914807796479,0.537635924668679,0.05917914807796479,0.05917914807796479,0.06922238469123841,0.05917914807796479,-0.010043236613273623,0.0,0.06922238469123841,0,0,0.0,1.0043236613273623e-05,0.9916835182855629,1.0663121381470546,0.0699875929305043,9.340428465620665e-06,-0.004662563151494283
1052,6.62,0.004552352048558459,0.00019087549299001694,0.05919823562726379,0.5375775307432521,0.05919823562726379,0.05919823562726379,0.05917914807796479,0.05919823562726379,1.908754929900308e-05,0.0,0.05917914807796479,0,0,0.0002694043159846674,1.908754929900308e-08,0.9919506631766719,1.0663121381470546,0.06973706132577809,0.0,-0.004863975579004675
1053,6.54,-0.012084592145015116,-1.0,0.0,0.539143363387914,0.0,0.0,0.05919823562726379,1.908754929900308e-05,-0.05917914807796479,1.908754929900308e-05,0.05917914807796479,0,0,-0.000715386533259986,5.917914807796479e-05,0.9911823322353949,1.0663121381470546,0.0704576110726957,0.000720549746917612,-0.003657792858576093
1054,6.52,-0.003058103975535239,-1.0,0.0,0.5346399530784735,0.0,0.0,1.908754929900308e-05,0.0,-1.908754929900308e-05,0.0,1.908754929900308e-05,0,0,-5.8371710394506186e-08,1.908754929900308e-08,0.9911822554591452,1.0663121381470546,0.07045768307436101,7.20016653105171e-08,-0.0007657763066028496
1055,6.74,0.03374233128834366,-1.0,0.0,0.5346394874171861,0.0,0.0,0.0,0.0,0.0,0.0,0.0,0,0,0.0,0.0,0.9911822554591452,1.0663121381470546,0.07045768307436101,0.0,-0.0006986104274215866
1056,6.85,0.016320474777447986,-0.08381327986717224,0.0,0.5346394874171861,0.0,0.0,0.0,0.0,0.0,0.0,0.0,0,0,0.0,0.0,0.9911822554591452,1.0663121381470546,0.07045768307436101,0.0,-0.003070359057368757
1057,6.95,0.01459854014598548,0.7469227910041809,0.07469227910041809,0.5346394874171861,0.07469227910041809,0.07469227910041809,0.0,0.07469227910041809,0.07469227910041809,0.0,0.0,0,0,0.0,7.469227910041809e-05,0.991108221797481,1.0663121381470546,0.07052711270853247,6.94296341714612e-05,-0.004052972835506763
1058,6.89,-0.008633093525179927,0.23516744375228882,0.09820902347564697,0.5342055376635549,0.09820902347564697,0.09820902347564697,0.07469227910041809,0.09820902347564697,0.023516744375228882,0.07469227910041809,0.0,0,0,-0.0006448254310827514,2.3516744375228882e-05,0.9904458223724106,1.0663121381470546,0.07114831864005405,0.0006212059315215818,-0.005069794513763408
1059,6.91,0.002902757619738819,-0.5641441941261292,0.041794604063034056,0.5303229935484662,0.041794604063034056,0.041794604063034056,0.09820902347564697,0.041794604063034056,-0.056414419412612916,0.023516744375228882,0.07469227910041809,0,0,0.0002850769912210428,5.6414419412612915e-05,0.9906723002613912,1.0663121381470546,0.07093592502576573,0.0,-0.004557604220954953
1060,6.85,-0.008683068017366208,0.44530534744262695,0.08632513880729675,0.5316504541801612,0.08632513880729675,0.08632513880729675,0.041794604063034056,0.08632513880729675,0.0445305347442627,0.0,0.041794604063034056,0,0,-0.0003629053898382148,4.45305347442627e-05,0.990268664776776,1.0663121381470546,0.07131445910614917,0.00037853408038343583,-0.0050664136506325995
1061,6.9,0.007299270072992805,-1.0,0.0,0.5292846154439247,0.0,0.0,0.08632513880729675,0.0445305347442627,-0.041794604063034056,0.0445305347442627,0.041794604063034056,0,0,0.000630110502243051,4.1794604063034056e-05,0.9908512555757337,1.0663121381470546,0.07076809863803137,0.0,-0.0017527206872859319
1062,7.0,0.014492753623188354,-1.0,0.0,0.5326994027959244,0.0,0.0,0.0445305347442627,0.0,-0.0445305347442627,0.0,0.0445305347442627,0,0,0.0006453700687574281,4.45305347442627e-05,0.9914465981824102,1.0663121381470546,0.07020977937542687,0.0,-0.001653100023427154
1063,6.95,-0.0071428571428571175,-0.4610845446586609,0.0,0.5361888822184064,0.0,0.0,0.0,0.0,0.0,0.0,0.0,0,0,-0.0,0.0,0.9914465981824102,1.0663121381470546,0.07020977937542687,0.0,-0.002366873267401255
1064,6.86,-0.012949640287769763,-0.9478580951690674,0.0,0.5361888822184064,0.0,0.0,0.0,0.0,0.0,0.0,0.0,0,0,-0.0,0.0,0.9914465981824102,1.0663121381470546,0.07020977937542687,0.0,-0.0020625728045485614
1065,6.95,0.013119533527696771,-1.0,0.0,0.5361888822184064,0.0,0.0,0.0,0.0,0.0,0.0,0.0,0,0,0.0,0.0,0.9914465981824102,1.0663121381470546,0.07020977937542687,0.0,-0.0005750372485838345
1066,6.66,-0.041726618705035974,-1.0,0.0,0.5361888822184064,0.0,0.0,0.0,0.0,0.0,0.0,0.0,0,0,-0.0,0.0,0.9914465981824102,1.0663121381470546,0.07020977937542687,0.0,-0.0021060110204047166
1067,7.01,0.0525525525525525,-1.0,0.0,0.5361888822184064,0.0,0.0,0.0,0.0,0.0,0.0,0.0,0,0,0.0,0.0,0.9914465981824102,1.0663121381470546,0.07020977937542687,0.0,-0.0002
1068,7.05,0.005706134094151218,-1.0,0.0,0.5361888822184064,0.0,0.0,0.0,0.0,0.0,0.0,0.0,0,0,0.0,0.0,0.9914465981824102,1.0663121381470546,0.07020977937542687,0.0,-0.001329362484176502
1069,7.09,0.0056737588652482325,-0.86620032787323,0.0,0.5361888822184064,0.0,0.0,0.0,0.0,0.0,0.0,0.0,0,0,0.0,0.0,0.9914465981824102,1.0663121381470546,0.07020977937542687,0.0,-0.002168700767212867
1070,7.04,-0.007052186177715067,-0.36732935905456543,0.0,0.5361888822184064,0.0,0.0,0.0,0.0,0.0,0.0,0.0,0,0,-0.0,0.0,0.9914465981824102,1.0663121381470546,0.07020977937542687,0.0,-0.0033400490066860596
1071,7.18,0.01988636363636359,-1.0,0.0,0.5361888822184064,0.0,0.0,0.0,0.0,0.0,0.0,0.0,0,0,0.0,0.0,0.9914465981824102,1.0663121381470546,0.07020977937542687,0.0,-0.0018123262515865007
1072,7.34,0.022284122562674116,0.9594065546989441,0.09594065546989441,0.5361888822184064,0.09594065546989441,0.09594065546989441,0.0,0.09594065546989441,0.09594065546989441,0.0,0.0,0,0,0.0,9.594065546989442e-05,0.9913514781459172,1.0663121381470546,0.0702989840586431,8.92046832162291e-05,-0.0052416669755931
1073,7.32,-0.0027247956403269173,-0.6720756888389587,0.028733086585998532,0.5356313459591269,0.028733086585998532,0.028733086585998532,0.09594065546989441,0.09594065546989441,-0.0,0.09594065546989441,0.0,0,0,-0.0002614186797544751,0.0,0.9910923203513277,1.0663121381470546,0.07054202527079685,0.0002430412121537523,-0.004129751346053213
1074,7.32,0.0,-1.0,0.0,0.534112358839967,0.0,0.0,0.09594065546989441,0.0,-0.09594065546989441,0.0,0.09594065546989441,0,0,0.0,9.594065546989442e-05,0.9909972343044819,1.0663121381470546,0.07063119807812412,8.917280732727295e-05,-0.004460383002720253
1075,7.36,0.005464480874316944,-0.27476680278778076,0.0,0.5335550088452022,0.0,0.0,0.0,0.0,0.0,0.0,0.0,0,0,0.0,0.0,0.9909972343044819,1.0663121381470546,0.07063119807812412,0.0,-0.0035158914300259885
1076,7.36,0.0,0.2218412607908249,0.02218412607908249,0.5335550088452022,0.02218412607908249,0.02218412607908249,0.0,0.02218412607908249,0.02218412607908249,0.0,0.0,0,0,0.0,2.218412607908249e-05,0.9909752498968921,1.0663121381470546,0.07065181531279992,2.061723467579324e-05,-0.004037732448618619
1077,7.35,-0.0013586956521740047,-0.6879993081092834,0.0,0.5334261603670074,0.0,0.0,0.02218412607908249,0.02218412607908249,-0.0,0.02218412607908249,0.0,0,0,-3.014147565092933e-05,0.0,0.9909453804405267,1.0663121381470546,0.07067982723847986,2.8011925679943817e-05,-0.002730399875593517
1078,7.32,-0.004081632653061137,-1.0,0.0,0.5332510717229841,0.0,0.0,0.02218412607908249,0.0,-0.02218412607908249,0.0,0.02218412607908249,0,0,-9.054745338400822e-05,2.218412607908249e-05,0.990833669602628,1.0663121381470546,0.07078459096938221,0.00010476373090234636,-0.0016568526385912945
1079,7.36,0.005464480874316944,-1.0,0.0,0.532596305386917,0.0,0.0,0.0,0.0,0.0,0.0,0.0,0,0,0.0,0.0,0.990833669602628,1.0663121381470546,0.07078459096938221,0.0,-0.0011658137329169937
1080,7.4,0.005434782608695656,-1.0,0.0,0.532596305386917,0.0,0.0,0.0,0.0,0.0,0.0,0.0,0,0,0.0,0.0,0.990833669602628,1.0663121381470546,0.07078459096938221,0.0,-0.001563595294644818
1081,7.27,-0.017567567567567673,-1.0,0.0,0.532596305386917,0.0,0.0,0.0,0.0,0.0,0.0,0.0,0,0,-0.0,0.0,0.990833669602628,1.0663121381470546,0.07078459096938221,0.0,-0.00160978054673271
1082,7.19,-0.011004126547455185,-1.0,0.0,0.532596305386917,0.0,0.0,0.0,0.0,0.0,0.0,0.0,0,0,-0.0,0.0,0.990833669602628,1.0663121381470546,0.07078459096938221,0.0,-0.0002
1083,7.25,0.008344923504867817,-1.0,0.0,0.532596305386917,0.0,0.0,0.0,0.0,0.0,0.0,0.0,0,0,0.0,0.0,0.990833669602628,1.0663121381470546,0.07078459096938221,0.0,-0.0002
1084,7.19,-0.008275862068965464,-1.0,0.0,0.532596305386917,0.0,0.0,0.0,0.0,0.0,0.0,0.0,0,0,-0.0,0.0,0.990833669602628,1.0663121381470546,0.07078459096938221,0.0,-0.0002
1085,7.08,-0.015299026425591142,-1.0,0.0,0.532596305386917,0.0,0.0,0.0,0.0,0.0,0.0,0.0,0,0,-0.0,0.0,0.990833669602628,1.0663121381470546,0.07078459096938221,0.0,-0.0002
1086,7.06,-0.002824858757062212,-1.0,0.0,0.532596305386917,0.0,0.0,0.0,0.0,0.0,0.0,0.0,0,0,-0.0,0.0,0.990833669602628,1.0663121381470546,0.07078459096938221,0.0,-0.0002
1087,7.11,0.00708215297450435,-1.0,0.0,0.532596305386917,0.0,0.0,0.0,0.0,0.0,0.0,0.0,0,0,0.0,0.0,0.990833669602628,1.0663121381470546,0.07078459096938221,0.0,-0.0002
1088,7.07,-0.005625879043600567,-1.0,0.0,0.532596305386917,0.0,0.0,0.0,0.0,0.0,0.0,0.0,0,0,-0.0,0.0,0.990833669602628,1.0663121381470546,0.07078459096938221,0.0,-0.0002
1089,6.97,-0.01414427157001422,-1.0,0.0,0.532596305386917,0.0,0.0,0.0,0.0,0.0,0.0,0.0,0,0,-0.0,0.0,0.990833669602628,1.0663121381470546,0.07078459096938221,0.0,-0.0002
1090,7.08,0.015781922525107652,-1.0,0.0,0.532596305386917,0.0,0.0,0.0,0.0,0.0,0.0,0.0,0,0,0.0,0.0,0.990833669602628,1.0663121381470546,0.07078459096938221,0.0,-0.0002
1091,7.21,0.018361581920903938,-1.0,0.0,0.532596305386917,0.0,0.0,0.0,0.0,0.0,0.0,0.0,0,0,0.0,0.0,0.990833669602628,1.0663121381470546,0.07078459096938221,0.0,-0.0002
1092,7.25,0.005547850208044388,-1.0,0.0,0.532596305386917,0.0,0.0,0.0,0.0,0.0,0.0,0.0,0,0,0.0,0.0,0.990833669602628,1.0663121381470546,0.07078459096938221,0.0,-0.0013828723909991045
1093,7.39,0.019310344827586163,-1.0,0.0,0.532596305386917,0.0,0.0,0.0,0.0,0.0,0.0,0.0,0,0,0.0,0.0,0.990833669602628,1.0663121381470546,0.07078459096938221,0.0,-0.001475605251047864
1094,7.28,-0.01488497970230033,-0.3055267333984375,0.0,0.532596305386917,0.0,0.0,0.0,0.0,0.0,0.0,0.0,0,0,-0.0,0.0,0.990833669602628,1.0663121381470546,0.07078459096938221,0.0,-0.0035158894804123157
1095,7.41,0.017857142857142842,-0.8465650677680969,0.0,0.532596305386917,0.0,0.0,0.0,0.0,0.0,0.0,0.0,0,0,0.0,0.0,0.990833669602628,1.0663121381470546,0.07078459096938221,0.0,-0.0030248706535515608
1096,7.3,-0.014844804318488572,-0.17274735867977142,0.0,0.532596305386917,0.0,0.0,0.0,0.0,0.0,0.0,0.0,0,0,-0.0,0.0,0.990833669602628,1.0663121381470546,0.07078459096938221,0.0,-0.0036714153816972996
1097,7.26,-0.005479452054794526,-1.0,0.0,0.532596305386917,0.0,0.0,0.0,0.0,0.0,0.0,0.0,0,0,-0.0,0.0,0.990833669602628,1.0663121381470546,0.07078459096938221,0.0,-0.0012505000712991273
1098,7.22,-0.005509641873278242,-1.0,0.0,0.532596305386917,0.0,0.0,0.0,0.0,0.0,0.0,0.0,0,0,-0.0,0.0,0.990833669602628,1.0663121381470546,0.07078459096938221,0.0,-0.00043850737748334887
1099,7.33,0.015235457063711957,-1.0,0.0,0.532596305386917,0.0,0.0,0.0,0.0,0.0,0.0,0.0,0,0,0.0,0.0,0.990833669602628,1.0663121381470546,0.07078459096938221,0.0,-0.0002
1100,7.4,0.009549795361528005,-1.0,0.0,0.532596305386917,0.0,0.0,0.0,0.0,0.0,0.0,0.0,0,0,0.0,0.0,0.990833669602628,1.0663121381470546,0.07078459096938221,0.0,-0.0010854470394545783
1101,7.42,0.002702702702702645,-1.0,0.0,0.532596305386917,0.0,0.0,0.0,0.0,0.0,0.0,0.0,0,0,0.0,0.0,0.990833669602628,1.0663121381470546,0.07078459096938221,0.0,-0.0008825082050156137
1102,7.43,0.0013477088948786774,-0.9480177760124207,0.0,0.532596305386917,0.0,0.0,0.0,0.0,0.0,0.0,0.0,0,0,0.0,0.0,0.990833669602628,1.0663121381470546,0.07078459096938221,0.0,-0.0019973950314236574
1103,7.43,0.0,-0.8329493403434753,0.0,0.532596305386917,0.0,0.0,0.0,0.0,0.0,0.0,0.0,0,0,0.0,0.0,0.990833669602628,1.0663121381470546,0.07078459096938221,0.0,-0.002400483605833577
1104,7.43,0.0,-0.7023415565490723,0.0,0.532596305386917,0.0,0.0,0.0,0.0,0.0,0.0,0.0,0,0,0.0,0.0,0.990833669602628,1.0663121381470546,0.07078459096938221,0.0,-0.002694310596538044
1105,7.54,0.014804845222072722,-1.0,0.0,0.532596305386917,0.0,0.0,0.0,0.0,0.0,0.0,0.0,0,0,0.0,0.0,0.990833669602628,1.0663121381470546,0.07078459096938221,0.0,-0.0017327908952163335
1106,7.41,-0.017241379310344813,-0.7377857565879822,0.0,0.532596305386917,0.0,0.0,0.0,0.0,0.0,0.0,0.0,0,0,-0.0,0.0,0.990833669602628,1.0663121381470546,0.07078459096938221,0.0,-0.002399741866902116
1107,7.48,0.009446693657220012,-1.0,0.0,0.532596305386917,0.0,0.0,0.0,0.0,0.0,0.0,0.0,0,0,0.0,0.0,0.990833669602628,1.0663121381470546,0.07078459096938221,0.0,-0.0005833797604343463
1108,7.45,-0.004010695187165809,-1.0,0.0,0.532596305386917,0.0,0.0,0.0,0.0,0.0,0.0,0.0,0,0,-0.0,0.0,0.990833669602628,1.0663121381470546,0.07078459096938221,0.0,-0.0012771227968538074
1109,7.26,-0.025503355704698038,-1.0,0.0,0.532596305386917,0.0,0.0,0.0,0.0,0.0,0.0,0.0,0,0,-0.0,0.0,0.990833669602628,1.0663121381470546,0.07078459096938221,0.0,-0.0008335670608481561
1110,7.23,-0.004132231404958589,-1.0,0.0,0.532596305386917,0.0,0.0,0.0,0.0,0.0,0.0,0.0,0,0,-0.0,0.0,0.990833669602628,1.0663121381470546,0.07078459096938221,0.0,-0.0002
1111,7.17,-0.00829875518672206,-1.0,0.0,0.532596305386917,0.0,0.0,0.0,0.0,0.0,0.0,0.0,0,0,-0.0,0.0,0.990833669602628,1.0663121381470546,0.07078459096938221,0.0,-0.0002
1112,7.16,-0.0013947001394699842,-1.0,0.0,0.532596305386917,0.0,0.0,0.0,0.0,0.0,0.0,0.0,0,0,-0.0,0.0,0.990833669602628,1.0663121381470546,0.07078459096938221,0.0,-0.0002
1113,7.35,0.02653631284916194,-1.0,0.0,0.532596305386917,0.0,0.0,0.0,0.0,0.0,0.0,0.0,0,0,0.0,0.0,0.990833669602628,1.0663121381470546,0.07078459096938221,0.0,-0.0002
1114,7.68,0.04489795918367348,-1.0,0.0,0.532596305386917,0.0,0.0,0.0,0.0,0.0,0.0,0.0,0,0,0.0,0.0,0.990833669602628,1.0663121381470546,0.07078459096938221,0.0,-0.0002
1115,7.56,-0.015625000000000014,0.5786648392677307,0.05786648392677307,0.532596305386917,0.05786648392677307,0.05786648392677307,0.0,0.05786648392677307,0.05786648392677307,0.0,0.0,0,0,-0.0,5.7866483926773075e-05,0.9907763335420118,1.0663121381470546,0.07083836139791341,5.377042853120517e-05,-0.004429913033945361
1116,7.6,0.005291005291005296,-1.0,0.0,0.5322602376358755,0.0,0.0,0.05786648392677307,0.05786648392677307,-0.0,0.05786648392677307,0.0,0,0,0.00030617187262842925,0.0,0.9910796813874083,1.0663121381470546,0.07055387823904807,0.0,-0.0027853316735019502
1117,7.95,0.04605263157894744,-0.7014926075935364,0.0,0.5340382721291581,0.0,0.0,0.05786648392677307,0.0,-0.05786648392677307,0.0,0.05786648392677307,0,0,0.002664903865048764,5.7866483926773075e-05,0.9936634631644558,1.0663121381470546,0.06813077745587842,0.0,-0.0020945333274624283
1118,7.79,-0.02012578616352203,1.0,0.1,0.549182648212988,0.1,0.1,0.0,0.1,0.1,0.0,0.0,0,0,-0.0,0.0001,0.9935640968181393,1.0663121381470546,0.06822396437813284,9.318692225442071e-05,-0.007099917894455365
1119,7.61,-0.023106546854942196,-0.9382727742195129,0.006172722578048712,0.5486002456409668,0.006172722578048712,0.006172722578048712,0.1,0.1,-0.0,0.1,0.0,0,0,-0.0023106546854942196,0.0,0.9912683132824877,1.0663121381470546,0.07037697704067371,0.002153012662540865,-0.006329110052261953
1120,7.81,0.026281208935610943,-1.0,0.0,0.5351438917235852,0.0,0.0,0.1,0.0,-0.1,0.0,0.1,0,0,0.0026281208935610943,0.0001,0.9937743594164221,1.0663121381470546,0.06802677765319487,0.0,0.0019525951832593696
1121,7.78,-0.0038412291933417877,-0.07255282998085022,0.0,0.549832618237796,0.0,0.0,0.0,0.0,0.0,0.0,0.0,0,0,-0.0,0.0,0.9937743594164221,1.0663121381470546,0.06802677765319487,0.0,-0.0034414485223210793
1122,7.65,-0.016709511568123378,-0.5704495906829834,0.0,0.549832618237796,0.0,0.0,0.0,0.0,0.0,0.0,0.0,0,0,-0.0,0.0,0.9937743594164221,1.0663121381470546,0.06802677765319487,0.0,-0.0027023306665886603
1123,7.6,-0.006535947712418394,-1.0,0.0,0.549832618237796,0.0,0.0,0.0,0.0,0.0,0.0,0.0,0,0,-0.0,0.0,0.9937743594164221,1.0663121381470546,0.06802677765319487,0.0,-0.0002
1124,7.52,-0.010526315789473694,-1.0,0.0,0.549832618237796,0.0,0.0,0.0,0.0,0.0,0.0,0.0,0,0,-0.0,0.0,0.9937743594164221,1.0663121381470546,0.06802677765319487,0.0,-0.0002
1125,7.42,-0.013297872340425485,-1.0,0.0,0.549832618237796,0.0,0.0,0.0,0.0,0.0,0.0,0.0,0,0,-0.0,0.0,0.9937743594164221,1.0663121381470546,0.06802677765319487,0.0,-0.0002
1126,7.5,0.010781671159029659,-1.0,0.0,0.549832618237796,0.0,0.0,0.0,0.0,0.0,0.0,0.0,0,0,0.0,0.0,0.9937743594164221,1.0663121381470546,0.06802677765319487,0.0,-0.0002
1127,7.86,0.04800000000000004,-1.0,0.0,0.549832618237796,0.0,0.0,0.0,0.0,0.0,0.0,0.0,0,0,0.0,0.0,0.9937743594164221,1.0663121381470546,0.06802677765319487,0.0,-0.0002
1128,8.24,0.04834605597964375,-0.20486527681350708,0.0,0.549832618237796,0.0,0.0,0.0,0.0,0.0,0.0,0.0,0,0,0.0,0.0,0.9937743594164221,1.0663121381470546,0.06802677765319487,0.0,-0.0030681089089143587
1129,9.27,0.12499999999999992,1.0,0.1,0.549832618237796,0.1,0.1,0.0,0.0,0.0,0.0,0.0,1,0,0.0,0.0,0.9937743594164221,1.0663121381470546,0.06802677765319487,0.0,-0.007388619648273624
1130,8.96,-0.033441208198489614,1.0,0.1,0.549832618237796,0.1,0.1,0.0,0.1,0.1,0.0,0.0,0,0,-0.0,0.0001,0.9936749819804804,1.0663121381470546,0.06811997497542958,9.319732223471433e-05,-0.012584759540964434
1131,8.41,-0.061383928571428645,1.0,0.2,0.549250169099646,0.2,0.2,0.1,0.2,0.1,0.1,0.0,0,0,-0.006138392857142865,0.0001,0.9874760470705718,1.0663121381470546,0.07393340866725702,0.005813433691827435,-0.015418419358813187
1132,8.47,0.00713436385255654,-0.31439411640167236,0.16856058835983279,0.5129162021003082,0.16856058835983279,0.16856058835983279,0.2,0.16856058835983279,-0.031439411640167225,0.1,0.1,0,0,0.001426872770511308,3.1439411640167226e-05,0.9888540040877404,1.0663121381470546,0.07264114445317513,0.0,-0.004892641272365947
1133,9.05,0.06847697756788666,-0.9005702137947083,0.07850356698036196,0.5209928642978154,0.07850356698036196,0.07850356698036196,0.16856058835983279,0.07850356698036196,-0.09005702137947083,0.0,0.16856058835983279,0,0,0.011542519627946047,9.005702137947083e-05,1.0001788175929087,1.0663121381470546,0.06202060183715687,0.0,0.0054705032040256105
1134,8.75,-0.03314917127071831,1.0,0.17850356698036196,0.5873712277043043,0.17850356698036196,0.17850356698036196,0.07850356698036196,0.17850356698036196,0.1,0.0,0.07850356698036196,0,0,-0.002602328187194325,0.0001,0.9974760061818927,1.0663121381470546,0.06455533000381991,0.0025347281666630375,-0.009622392666441496
1135,9.51,0.08685714285714283,-1.0,0.07850356698036196,0.571529174596783,0.07850356698036196,0.07850356698036196,0.17850356698036196,0.1,-0.07850356698036196,0.1,0.07850356698036196,0,0,0.015504309817722862,7.850356698036196e-05,1.0128628777930189,1.0663121381470546,0.05012534176616921,0.0,0.015205043766311233
1136,9.66,0.015772870662460605,1.0,0.2,0.649373290691565,0.2,0.2,0.1,0.2,0.1,0.0,0.1,0,0,0.0015772870662460606,0.0001,1.0143591670222634,1.0663121381470546,0.04872210421900537,0.0,-0.004511970435837026
1137,9.97,0.032091097308488664,1.0,0.30000000000000004,0.6563894838130614,0.30000000000000004,0.30000000000000004,0.2,0.30000000000000004,0.10000000000000003,0.1,0.1,0,0,0.006418219461697733,0.00010000000000000003,1.0207681108524949,1.0663121381470546,0.04271172170439909,0.0,-0.000436964576000625
1138,10.25,0.02808425275827476,1.0,0.4,0.6864414006500024,0.4,0.4,0.30000000000000004,0.4,0.09999999999999998,0.10000000000000003,0.2,0,0,0.00842527582748243,9.999999999999998e-05,1.0292662869312401,1.0663121381470546,0.03474203274117238,0.0,0.0028655445181314343
1139,11.49,0.12097560975609759,1.0,0.5,0.7262898437697242,0.5,0.5,0.4,0.4,0.0,0.09999999999999998,0.30000000000000004,1,0,0.04839024390243904,0.0,1.0790727335964005,1.0790727335964005,0.0,0.0,0.04364804745341598
1140,12.78,0.11227154046997381,1.0,0.5,0.8,0.5,0.5,0.4,0.4,0.0,0.0,0.4,1,0,0.044908616187989525,0.0,1.127532396828406,1.127532396828406,0.0,0.0,0.038220958750029184
1141,12.5,-0.021909233176838763,1.0,0.5,0.8,0.5,0.5,0.4,0.5,0.09999999999999998,0.0,0.4,0,0,-0.008763693270735505,9.999999999999998e-05,1.1175382955101016,1.127532396828406,0.008863693270735534,0.008863693270735534,-0.013641433676358207
1142,13.96,0.11680000000000007,1.0,0.6,0.8,0.6,0.6,0.5,0.5,0.0,0.09999999999999998,0.4,1,0,0.058400000000000035,0.0,1.1828025319678916,1.1828025319678916,0.0,0.0,0.054190045182858984
1143,14.89,0.06661891117478508,1.0,0.6,0.8,0.6,0.6,0.5,0.6,0.09999999999999998,0.0,0.5,0,0,0.03330945558739254,9.999999999999998e-05,1.2220827601219348,1.2220827601219348,0.0,0.0,0.03112853446733527
1144,15.56,0.044996642041638675,1.0,0.7,0.8,0.7,0.7,0.6,0.7,0.09999999999999998,0.09999999999999998,0.5,0,0,0.026997985224983204,9.999999999999998e-05,1.2549543241474015,1.2549543241474015,0.0,0.0,0.02762631603717438
1145,15.53,-0.0019280205655527723,1.0,0.7999999999999999,0.8,0.7999999999999999,0.7999999999999999,0.7,0.7999999999999999,0.09999999999999998,0.09999999999999998,0.6,0,0,-0.0013496143958869405,9.999999999999998e-05,1.2531351242929367,1.2549543241474015,0.001449614395887045,0.001449614395887045,0.0020727111306833696
1146,14.35,-0.07598197037990984,1.0,0.8999999999999999,0.8,0.8,0.8,0.7999999999999999,0.8,1.1102230246251565e-16,0.09999999999999998,0.7,0,0,-0.06078557630392786,1.1102230246251566e-19,1.1769625835760962,1.2549543241474015,0.062147075053342535,0.06069746065745549,-0.20860258287434152
1147,14.06,-0.020209059233449417,-1.0,0.7000000000000001,0.5865807909521835,0.5865807909521835,0.5865807909521835,0.8,0.5865807909521835,-0.21341920904781653,1.1102230246251565e-16,0.7999999999999999,0,0,-0.016167247386759533,0.00021341920904781653,1.157683151898796,1.2549543241474015,0.07750973113279654,0.015362656079454001,-0.0861443124844848
1148,14.78,0.0512091038406827,-1.0,0.48658079095218354,0.4905641809133232,0.48658079095218354,0.48658079095218354,0.5865807909521835,0.48658079095218354,-0.09999999999999998,0.0,0.5865807909521835,0,0,0.030038276634820157,9.999999999999998e-05,1.1923421903558127,1.2549543241474015,0.04989196227052058,0.0,0.027925303622126484
1149,15.12,0.0230040595399188,-1.0,0.38658079095218356,0.6505401819981746,0.38658079095218356,0.38658079095218356,0.48658079095218354,0.38658079095218356,-0.09999999999999998,0.0,0.48658079095218354,0,0,0.011193333486044814,9.999999999999998e-05,1.2055692399029108,1.2549543241474015,0.039352096960215875,0.0,0.008237562742804327
1150,15.66,0.035714285714285775,-1.0,0.2865807909521836,0.7032395169163098,0.2865807909521836,0.2865807909521836,0.38658079095218356,0.2865807909521836,-0.09999999999999998,0.0,0.38658079095218356,0,0,0.013806456819720864,9.999999999999998e-05,1.2220933226328239,1.2549543241474015,0.02618501795824554,0.0,0.010616708375576739
1151,15.31,-0.022349936143039567,0.484877347946167,0.3350685257468003,0.7690749146051986,0.3350685257468003,0.3350685257468003,0.2865807909521836,0.3350685257468003,0.04848773479461671,0.0,0.2865807909521836,0,0,-0.006405062377603074,4.848773479461671e-05,1.2142064821331864,1.2549543241474015,0.03246958174505564,0.0062845637868101,-0.010147798302680328
1152,16.9,0.10385369039843227,-1.0,0.2350685257468003,0.7376520909384578,0.2350685257468003,0.2350685257468003,0.3350685257468003,0.2350685257468003,-0.1,0.04848773479461671,0.2865807909521836,1,0,0.03479810293516733,0.0001,1.2563371436347912,1.2563371436347912,0.0,0.0,0.02828617698242101
1153,16.27,-0.03727810650887568,1.0,0.3350685257468003,0.8,0.3350685257468003,0.3350685257468003,0.2350685257468003,0.3350685257468003,0.1,0.0,0.2350685257468003,0,0,-0.008762909539673607,0.0001,1.2452023411794242,1.2563371436347912,0.008862909539673558,0.008862909539673558,-0.01680369211123965
1154,15.37,-0.0553165334972342,-0.28976720571517944,0.30609180517528234,0.8,0.30609180517528234,0.30609180517528234,0.3350685257468003,0.30609180517528234,-0.028976720571517955,0.1,0.2350685257468003,0,0,-0.01853482932834176,2.8976720571517956e-05,1.2220866464261166,1.2563371436347912,0.027262186254863256,0.018399276715189698,-0.04135923448191724
1155,15.25,-0.007807417046193834,-1.0,0.20609180517528233,0.7636890668431062,0.20609180517528233,0.20609180517528233,0.30609180517528234,0.20609180517528233,-0.1,0.0,0.30609180517528234,0,0,-0.0023897863774257413,0.0001,1.219043911741811,1.2563371436347912,0.029684095612332755,0.0024219093574694983,-0.005850242761983263
1156,16.32,0.07016393442622952,-1.0,0.10609180517528233,0.7515795264405196,0.10609180517528233,0.10609180517528233,0.20609180517528233,0.10609180517528233,-0.1,0.0,0.20609180517528233,0,0,0.01446021190410178,0.0001,1.2365496406348286,1.2563371436347912,0.015750153611405655,0.0,0.013146215640736534
1157,15.56,-0.04656862745098038,0.17859604954719543,0.12395141013000187,0.8,0.12395141013000187,0.12395141013000187,0.10609180517528233,0.12395141013000187,0.01785960495471954,0.0,0.10609180517528233,0,0,-0.0049405497508097146,1.785960495471954e-05,1.2304183213278377,1.2563371436347912,0.020630467258148624,0.004880313646742969,-0.011250621027099951
1158,15.97,0.026349614395886897,-1.0,0.023951410130001863,0.7968476615846946,0.023951410130001863,0.023951410130001863,0.12395141013000187,0.023951410130001863,-0.1,0.01785960495471954,0.10609180517528233,0,0,0.003266071860751978,0.0001,1.2343139141519475,1.2563371436347912,0.01752971293925681,0.0,0.00283009850480165
1159,15.83,-0.008766437069505358,-1.0,0.0,0.8,0.0,0.0,0.023951410130001863,0.0,-0.023951410130001863,0.0,0.023951410130001863,0,0,-0.00020996852963057447,2.3951410130001864e-05,1.2340251835155034,1.2563371436347912,0.01775953232962263,0.0002298193903658187,-0.0015756917799816228
1160,17.09,0.07959570435881237,-1.0,0.0,0.8,0.0,0.0,0.0,0.0,0.0,0.0,0.0,0,0,0.0,0.0,1.2340251835155034,1.2563371436347912,0.01775953232962263,0.0,-0.003419956996702417
1161,15.17,-0.11234640140433001,1.0,0.1,0.8,0.1,0.1,0.0,0.1,0.1,0.0,0.0,0,1,-0.0,0.0001,1.2339017809971518,1.2563371436347912,0.01785775637638973,9.822404676710153e-05,-0.008503872410055168
1162,16.9,0.11404087013843102,-1.0,0.0,0.8,0.0,0.0,0.1,0.1,-0.0,0.1,0.0,1,0,0.011404087013843102,0.0,1.2479733042741794,1.2563371436347912,0.006657320770134863,0.0,0.011458087013843102
1163,16.69,-0.012426035502958422,0.8153980374336243,0.18153980374336243,0.8,0.18153980374336243,0.18153980374336243,0.1,0.18153980374336243,0.08153980374336242,0.0,0.1,0,0,-0.0012426035502958422,8.153980374336243e-05,1.2463208087173063,1.2563371436347912,0.00797264887712065,0.0013153281069857858,-0.006768137673792019
1164,16.23,-0.02756141402037153,-1.0,0.08153980374336242,0.8,0.08153980374336242,0.08153980374336242,0.18153980374336243,0.08153980374336242,-0.1,0.08153980374336242,0.1,0,0,-0.0050034936921478056,0.0001,1.239960218331625,1.2563371436347912,0.0130354542060144,0.005062805328893751,-0.009394007411358983
1165,16.4,0.01047443006777561,-1.0,0.0,0.8,0.0,0.0,0.08153980374336242,0.0,-0.08153980374336242,0.0,0.08153980374336242,0,0,0.0008540829720499975,8.153980374336243e-05,1.2409181411272692,1.2563371436347912,0.012272981488800303,0.0,-0.002191568947604142
1166,14.55,-0.11280487804878037,-1.0,0.0,0.8,0.0,0.0,0.0,0.0,0.0,0.0,0.0,0,1,-0.0,0.0,1.2409181411272692,1.2563371436347912,0.012272981488800303,0.0,-0.0002
1167,14.0,-0.037800687285223414,-1.0,0.0,0.8,0.0,0.0,0.0,0.0,0.0,0.0,0.0,0,0,-0.0,0.0,1.2409181411272692,1.2563371436347912,0.012272981488800303,0.0,-0.0002
1168,14.02,0.0014285714285713982,-1.0,0.0,0.8,0.0,0.0,0.0,0.0,0.0,0.0,0.0,0,0,0.0,0.0,1.2409181411272692,1.2563371436347912,0.012272981488800303,0.0,-0.0002
1169,13.28,-0.052781740370898736,-1.0,0.0,0.8,0.0,0.0,0.0,0.0,0.0,0.0,0.0,0,0,-0.0,0.0,1.2409181411272692,1.2563371436347912,0.012272981488800303,0.0,-0.0002
1170,12.67,-0.045933734939759,-1.0,0.0,0.8,0.0,0.0,0.0,0.0,0.0,0.0,0.0,0,0,-0.0,0.0,1.2409181411272692,1.2563371436347912,0.012272981488800303,0.0,-0.0002
1171,12.58,-0.007103393843725324,-1.0,0.0,0.8,0.0,0.0,0.0,0.0,0.0,0.0,0.0,0,0,-0.0,0.0,1.2409181411272692,1.2563371436347912,0.012272981488800303,0.0,-0.0002
1172,12.6,0.00158982511923685,-1.0,0.0,0.8,0.0,0.0,0.0,0.0,0.0,0.0,0.0,0,0,0.0,0.0,1.2409181411272692,1.2563371436347912,0.012272981488800303,0.0,-0.0002
1173,12.5,-0.007936507936507908,-1.0,0.0,0.8,0.0,0.0,0.0,0.0,0.0,0.0,0.0,0,0,-0.0,0.0,1.2409181411272692,1.2563371436347912,0.012272981488800303,0.0,-0.0002
1174,12.36,-0.011200000000000045,-1.0,0.0,0.8,0.0,0.0,0.0,0.0,0.0,0.0,0.0,0,0,-0.0,0.0,1.2409181411272692,1.2563371436347912,0.012272981488800303,0.0,-0.0002
1175,12.26,-0.008090614886731363,-1.0,0.0,0.8,0.0,0.0,0.0,0.0,0.0,0.0,0.0,0,0,-0.0,0.0,1.2409181411272692,1.2563371436347912,0.012272981488800303,0.0,-0.0002
1176,13.02,0.06199021207177812,-1.0,0.0,0.8,0.0,0.0,0.0,0.0,0.0,0.0,0.0,0,0,0.0,0.0,1.2409181411272692,1.2563371436347912,0.012272981488800303,0.0,-0.0002
1177,12.68,-0.026113671274961586,-1.0,0.0,0.8,0.0,0.0,0.0,0.0,0.0,0.0,0.0,0,0,-0.0,0.0,1.2409181411272692,1.2563371436347912,0.012272981488800303,0.0,-0.0002
1178,13.45,0.060725552050473156,-1.0,0.0,0.8,0.0,0.0,0.0,0.0,0.0,0.0,0.0,0,0,0.0,0.0,1.2409181411272692,1.2563371436347912,0.012272981488800303,0.0,-0.0002
1179,14.25,0.05947955390334578,-1.0,0.0,0.8,0.0,0.0,0.0,0.0,0.0,0.0,0.0,0,0,0.0,0.0,1.2409181411272692,1.2563371436347912,0.012272981488800303,0.0,-0.002869521972710359
1180,14.06,-0.013333333333333298,1.0,0.1,0.8,0.1,0.1,0.0,0.1,0.1,0.0,0.0,0,0,-0.0,0.0001,1.2407940493131564,1.2563371436347912,0.012371754190651457,9.877270185115403e-05,-0.0067633814525673705
1181,13.31,-0.05334281650071124,0.9118808507919312,0.19118808507919313,0.8,0.19118808507919313,0.19118808507919313,0.1,0.19118808507919313,0.09118808507919313,0.1,0.0,0,0,-0.005334281650071124,9.118808507919313e-05,1.2340621587510532,1.2563371436347912,0.017730101347869735,0.005358347157218278,-0.01081046193039732
1182,13.13,-0.013523666416228378,-1.0,0.09118808507919313,0.8,0.09118808507919313,0.09118808507919313,0.19118808507919313,0.09118808507919313,-0.1,0.09118808507919313,0.1,0,0,-0.002585563885368498,0.0001,1.2307480059852116,1.2563371436347912,0.020368049913374358,0.0026379485655046234,-0.003056019194499107
1183,12.72,-0.031226199543031234,-1.0,0.0,0.7981597460806831,0.0,0.0,0.09118808507919313,0.0,-0.09118808507919313,0.0,0.09118808507919313,0,0,-0.0028474573406297938,9.118808507919313e-05,1.2271312739872227,1.2563371436347912,0.023246840862374836,0.002878790949000478,-0.00430966732295632
1184,14.2,0.11635220125786153,-1.0,0.0,0.7837657924745566,0.0,0.0,0.0,0.0,0.0,0.0,0.0,1,0,0.0,0.0,1.2271312739872227,1.2563371436347912,0.023246840862374836,0.0,-0.0002
1185,14.69,0.03450704225352114,0.43542590737342834,0.04354259073734284,0.7837657924745566,0.04354259073734284,0.04354259073734284,0.0,0.04354259073734284,0.04354259073734284,0.0,0.0,0,0,0.0,4.354259073734284e-05,1.2270778415123784,1.2563371436347912,0.02328937122543459,4.253036305975483e-05,-0.0016263022556296484
1186,15.8,0.07556160653505795,1.0,0.14354259073734285,0.7835531435911,0.14354259073734285,0.14354259073734285,0.04354259073734284,0.14354259073734285,0.1,0.04354259073734284,0.0,0,0,0.003290148108812158,0.0001,1.2309924015678444,1.2563371436347912,0.02017351966019271,0.0,-0.0014997064086059212
1187,15.93,0.008227848101265759,1.0,0.24354259073734286,0.7991324007511357,0.24354259073734286,0.24354259073734286,0.14354259073734285,0.24354259073734286,0.1,0.1,0.043542590737342846,0,0,0.0011810466326490144,0.0001,1.2323231617583759,1.2563371436347912,0.019114281543041005,0.0,-0.0074320473960788
1188,15.95,0.001255492780916483,1.0,0.34354259073734283,0.8,0.34354259073734283,0.34354259073734283,0.24354259073734286,0.34354259073734283,0.09999999999999998,0.1,0.14354259073734285,0,0,0.00030576596451643146,9.999999999999998e-05,1.232576731922351,1.2563371436347912,0.018912448647102276,0.0,-0.006572537779603046
1189,15.82,-0.008150470219435674,1.0,0.4435425907373428,0.8,0.4435425907373428,0.4435425907373428,0.34354259073734283,0.4435425907373428,0.09999999999999998,0.09999999999999998,0.24354259073734286,0,0,-0.002800033654912491,9.999999999999998e-05,1.2290022179175142,1.2563371436347912,0.021757635564441376,0.0028451869173391,-0.007758642822907251
1190,15.73,-0.005689001264222494,-1.0,0.34354259073734283,0.7912118189039044,0.34354259073734283,0.34354259073734283,0.4435425907373428,0.34354259073734283,-0.09999999999999998,0.09999999999999998,0.34354259073734283,0,0,-0.0025233143594412632,9.999999999999998e-05,1.225778158751466,1.2563371436347912,0.02432387280607895,0.0025662372416375735,-0.007821424862264437
1191,16.83,0.0699300699300698,-1.0,0.24354259073734283,0.7783806338911693,0.24354259073734283,0.24354259073734283,0.34354259073734283,0.24354259073734283,-0.1,0.0,0.34354259073734283,0,0,0.024023957394219732,0.0001,1.2551036231962014,1.2563371436347912,0.0009818387085341123,0.0,0.018691801716290635
1192,16.12,-0.04218657159833615,1.0,0.34354259073734283,0.8,0.34354259073734283,0.34354259073734283,0.24354259073734283,0.34354259073734283,0.1,0.0,0.24354259073734283,0,0,-0.010274226941385191,0.0001,1.2420828933742092,1.2563371436347912,0.011345879832337138,0.010364041123803026,-0.015689631225749817
1193,15.93,-0.011786600496277994,-1.0,0.24354259073734283,0.8,0.24354259073734283,0.24354259073734283,0.34354259073734283,0.24354259073734283,-0.1,0.1,0.24354259073734283,0,0,-0.004049199270477393,0.0001,1.2369292439391484,1.2563371436347912,0.015448002786491341,0.004102122954154203,-0.007231534372069128
1194,15.75,-0.01129943502824857,-1.0,0.14354259073734282,0.8,0.14354259073734282,0.14354259073734282,0.24354259073734283,0.14354259073734282,-0.1,0.0,0.24354259073734283,0,0,-0.0027518936806479374,0.0001,1.2334016532449497,1.2563371436347912,0.01825584040561388,0.0028078376191225402,-0.005469243381847762
1195,17.54,0.1136507936507936,-1.0,0.04354259073734282,0.8,0.04354259073734282,0.04354259073734282,0.14354259073734282,0.04354259073734282,-0.1,0.0,0.14354259073734282,1,0,0.016313729359990065,0.0001,1.2533996938428276,1.2563371436347912,0.002338106301199624,0.0,0.013932063751335879
1196,19.25,0.09749144811858614,1.0,0.14354259073734282,0.8,0.14354259073734282,0.14354259073734282,0.04354259073734282,0.14354259073734282,0.1,0.0,0.04354259073734282,0,0,0.004245030225818487,0.0001,1.2585950734588378,1.2585950734588378,0.0,0.0,-0.004720634907515245
1197,19.92,0.034805194805194895,1.0,0.24354259073734283,0.8,0.24354259073734283,0.24354259073734283,0.14354259073734282,0.24354259073734283,0.1,0.1,0.04354259073734282,0,0,0.004996027833455582,0.0001,1.2647571899695422,1.2647571899695422,0.0,0.0,-0.004021663868314298
1198,20.69,0.038654618473895556,1.0,0.34354259073734283,0.8,0.34354259073734283,0.34354259073734283,0.24354259073734283,0.34354259073734283,0.1,0.1,0.14354259073734282,0,0,0.009414045927096076,0.0001,1.2765371965235437,1.2765371965235437,0.0,0.0,0.0014418445299245316
1199,20.54,-0.007249879168680625,1.0,0.4435425907373428,0.8,0.4435425907373428,0.4435425907373428,0.34354259073734283,0.4435425907373428,0.09999999999999998,0.1,0.24354259073734283,0,0,-0.0024906422721412353,9.999999999999998e-05,1.2732301453002692,1.2765371965235437,0.00259064227214116,0.00259064227214116,-0.00836991308446166
1200,21.96,0.06913339824732238,1.0,0.5435425907373428,0.8,0.5435425907373428,0.5435425907373428,0.4435425907373428,0.5435425907373428,0.09999999999999998,0.09999999999999998,0.34354259073734283,0,0,0.030663606565093846,9.999999999999998e-05,1.3121446505280439,1.3121446505280439,0.0,0.0,0.02737793977674289
1201,24.36,0.10928961748633872,1.0,0.6435425907373428,0.8,0.6435425907373428,0.6435425907373428,0.5435425907373428,0.5435425907373428,0.0,0.09999999999999998,0.4435425907373428,1,0,0.05940356182921775,0.0,1.3900907164045637,1.3900907164045637,0.0,0.0,0.056493267314259236
1202,23.93,-0.017651888341543503,1.0,0.6435425907373428,0.8,0.6435425907373428,0.6435425907373428,0.5435425907373428,0.6435425907373428,0.09999999999999998,0.0,0.5435425907373428,0,0,-0.009594553120568852,9.999999999999998e-05,1.37661440811197,1.3900907164045637,0.009694553120568898,0.009694553120568898,-0.010521708363667427
1203,22.4,-0.06393648140409533,1.0,0.7435425907373427,0.8,0.7435425907373427,0.7435425907373427,0.6435425907373428,0.7435425907373427,0.09999999999999998,0.09999999999999998,0.5435425907373428,0,0,-0.04114584888542145,9.999999999999998e-05,1.3198347782614896,1.3900907164045637,0.050540541932967774,0.04084598881239888,-0.10130345305446908
1204,20.99,-0.06294642857142858,-1.0,0.6435425907373428,0.6472972981669931,0.6435425907373428,0.6435425907373428,0.7435425907373427,0.6435425907373428,-0.09999999999999998,0.09999999999999998,0.6435425907373428,0,0,-0.0468033505776631,9.999999999999998e-05,1.2579301049520988,1.3900907164045637,0.09507337175396378,0.04453282982099601,-0.11654995520773372
1205,20.91,-0.0038113387327297905,-1.0,0.5435425907373428,0.38079142422032014,0.38079142422032014,0.38079142422032014,0.6435425907373428,0.38079142422032014,-0.2627511665170226,0.0,0.6435425907373428,0,0,-0.00245275880223851,0.00026275116651702264,1.2545141832121038,1.3900907164045637,0.09753070903395811,0.0024573372799943233,-0.08706845965050518
1206,20.88,-0.001434720229555291,-1.0,0.2807914242203201,0.3654330767749777,0.2807914242203201,0.2807914242203201,0.38079142422032014,0.2807914242203201,-0.10000000000000003,0.0,0.38079142422032014,0,0,-0.0005463291595700639,0.00010000000000000003,1.2537033541143996,1.3900907164045637,0.09811400125232601,0.0005832922183679062,-0.0011210720291767427
1207,21.7,0.03927203065134101,-1.0,0.1807914242203201,0.36178750768899404,0.1807914242203201,0.1807914242203201,0.2807914242203201,0.1807914242203201,-0.1,0.0,0.2807914242203201,0,0,0.011027249418614108,0.0001,1.2674028833617608,1.3900907164045637,0.08825886799685426,0.0,0.010666112949703333
1208,23.1,0.06451612903225816,-1.0,0.0807914242203201,0.42338206284189694,0.0807914242203201,0.0807914242203201,0.1807914242203201,0.0807914242203201,-0.1,0.0,0.1807914242203201,0,0,0.011663962852923895,0.0001,1.2820590832246448,1.3900907164045637,0.0777155274148871,0.0,0.01125852135491956
1209,22.27,-0.03593073593073601,1.0,0.1807914242203201,0.4892779313055539,0.1807914242203201,0.1807914242203201,0.0807914242203201,0.1807914242203201,0.1,0.0,0.0807914242203201,0,0,-0.0029028953291283907,0.0001,1.2782091939919629,1.3900907164045637,0.0804850511497406,0.0027695237348534935,-0.008066100581539127
1210,22.48,0.009429726088908885,-1.0,0.0807914242203201,0.47196841650031207,0.0807914242203201,0.0807914242203201,0.1807914242203201,0.1,-0.0807914242203201,0.1,0.0807914242203201,0,0,0.0017048136096213461,8.079142422032009e-05,1.2802850340805896,1.3900907164045637,0.07899173847299974,0.0,-0.004319725383597372
1211,21.76,-0.032028469750889625,0.13040053844451904,0.11304005384445191,0.48130161911545905,0.11304005384445191,0.11304005384445191,0.1,0.11304005384445191,0.013040053844451907,0.0,0.1,0,0,-0.0032028469750889628,1.3040053844451908e-05,1.276167782046152,1.3900907164045637,0.08195359699478502,0.0029618585217852794,-0.009199832769906765
1212,21.78,0.0009191176470588039,-1.0,0.013040053844451907,0.46278999969706236,0.013040053844451907,0.013040053844451907,0.11304005384445191,0.013040053844451907,-0.1,0.013040053844451907,0.1,0,0,0.00010389710831291315,0.0001,1.2761727554102242,1.3900907164045637,0.0819500192685162,0.0,-0.004371661036503195
1213,21.56,-0.010101010101010211,-1.0,0.0,0.4628123980049813,0.0,0.0,0.013040053844451907,0.0,-0.013040053844451907,0.0,0.013040053844451907,0,0,-0.00013171771560052575,1.3040053844451908e-05,1.2759880194887245,1.3900907164045637,0.08208291413596594,0.00013289486744974544,-0.0018577388880096596
1214,21.7,0.00649350649350652,-1.0,0.0,0.46198179796683125,0.0,0.0,0.0,0.0,0.0,0.0,0.0,0,0,0.0,0.0,1.2759880194887245,1.3900907164045637,0.08208291413596594,0.0,-0.0002
1215,22.14,0.020276497695852595,-1.0,0.0,0.46198179796683125,0.0,0.0,0.0,0.0,0.0,0.0,0.0,0,0,0.0,0.0,1.2759880194887245,1.3900907164045637,0.08208291413596594,0.0,-0.0002
1216,20.43,-0.07723577235772361,-1.0,0.0,0.46198179796683125,0.0,0.0,0.0,0.0,0.0,0.0,0.0,0,0,-0.0,0.0,1.2759880194887245,1.3900907164045637,0.08208291413596594,0.0,-0.0002
1217,22.68,0.11013215859030837,-1.0,0.0,0.46198179796683125,0.0,0.0,0.0,0.0,0.0,0.0,0.0,1,0,0.0,0.0,1.2759880194887245,1.3900907164045637,0.08208291413596594,0.0,-0.0002
1218,25.16,0.10934744268077604,-0.26612186431884766,0.0,0.46198179796683125,0.0,0.0,0.0,0.0,0.0,0.0,0.0,1,0,0.0,0.0,1.2759880194887245,1.3900907164045637,0.08208291413596594,0.0,-0.0036759740800864447
1219,24.01,-0.04570747217806036,1.0,0.1,0.46198179796683125,0.1,0.1,0.0,0.1,0.1,0.0,0.0,0,0,-0.0,0.0001,1.2758604206867756,1.3900907164045637,0.08217470584455237,9.179170858643337e-05,-0.010176399809750582
1220,23.43,-0.02415660141607671,0.8892015814781189,0.1889201581478119,0.46140810326088244,0.1889201581478119,0.1889201581478119,0.1,0.1889201581478119,0.0889201581478119,0.1,0.0,0,0,-0.0024156601416076714,8.89201581478119e-05,1.2726649258118858,1.3900907164045637,0.08447347299491134,0.0022987671503589685,-0.00837596526510771
1221,22.99,-0.01877934272300475,-1.0,0.0889201581478119,0.4470407761671636,0.0889201581478119,0.0889201581478119,0.1889201581478119,0.0889201581478119,-0.1,0.0889201581478119,0.1,0,0,-0.0035477963971420183,0.0001,1.2680225032807404,1.3900907164045637,0.08781312736160833,0.0033396543666969897,-0.008068769152062349
1222,21.15,-0.08003479773814702,0.8923289179801941,0.1781530499458313,0.4261679746254033,0.1781530499458313,0.1781530499458313,0.0889201581478119,0.1781530499458313,0.08923289179801941,0.0,0.0889201581478119,0,0,-0.007116706872204171,8.923289179801941e-05,1.2588852095026999,1.3900907164045637,0.09438629101935428,0.006573163657745948,-0.012755746203339162
1223,20.94,-0.009929078014184271,-1.0,0.0781530499458313,0.3850856594795073,0.0781530499458313,0.0781530499458313,0.1781530499458313,0.08923289179801941,-0.0889201581478119,0.08923289179801941,0.0889201581478119,0,0,-0.001768895531377026,8.89201581478119e-05,1.256546432809175,1.3900907164045637,0.09606875437654723,0.001682463357192951,-0.00212027401335055
1224,21.56,0.029608404966571033,-1.0,0.0,0.37457028255430175,0.0,0.0,0.08923289179801941,0.0,-0.08923289179801941,0.0,0.08923289179801941,0,0,0.0026420435966939735,8.923289179801941e-05,1.2597541579940492,1.3900907164045637,0.09376118901622973,0.0,0.002040495583602886
1225,21.9,0.015769944341372907,-1.0,0.0,0.3889925576799216,0.0,0.0,0.0,0.0,0.0,0.0,0.0,0,0,0.0,0.0,1.2597541579940492,1.3900907164045637,0.09376118901622973,0.0,-0.0002
1226,21.15,-0.03424657534246576,-1.0,0.0,0.3889925576799216,0.0,0.0,0.0,0.0,0.0,0.0,0.0,0,0,-0.0,0.0,1.2597541579940492,1.3900907164045637,0.09376118901622973,0.0,-0.0002
1227,20.58,-0.026950354609929093,-1.0,0.0,0.3889925576799216,0.0,0.0,0.0,0.0,0.0,0.0,0.0,0,0,-0.0,0.0,1.2597541579940492,1.3900907164045637,0.09376118901622973,0.0,-0.0002
1228,20.71,0.006316812439261544,-1.0,0.0,0.3889925576799216,0.0,0.0,0.0,0.0,0.0,0.0,0.0,0,0,0.0,0.0,1.2597541579940492,1.3900907164045637,0.09376118901622973,0.0,-0.0002
1229,20.78,0.003380009657170463,-1.0,0.0,0.3889925576799216,0.0,0.0,0.0,0.0,0.0,0.0,0.0,0,0,0.0,0.0,1.2597541579940492,1.3900907164045637,0.09376118901622973,0.0,-0.0002
1230,21.12,0.016361886429258895,-1.0,0.0,0.3889925576799216,0.0,0.0,0.0,0.0,0.0,0.0,0.0,0,0,0.0,0.0,1.2597541579940492,1.3900907164045637,0.09376118901622973,0.0,-0.0002
1231,20.77,-0.016571969696969762,-1.0,0.0,0.3889925576799216,0.0,0.0,0.0,0.0,0.0,0.0,0.0,0,0,-0.0,0.0,1.2597541579940492,1.3900907164045637,0.09376118901622973,0.0,-0.0002
1232,20.95,0.008666345690900324,-1.0,0.0,0.3889925576799216,0.0,0.0,0.0,0.0,0.0,0.0,0.0,0,0,0.0,0.0,1.2597541579940492,1.3900907164045637,0.09376118901622973,0.0,-0.0002
1233,22.22,0.06062052505966585,-1.0,0.0,0.3889925576799216,0.0,0.0,0.0,0.0,0.0,0.0,0.0,0,0,0.0,0.0,1.2597541579940492,1.3900907164045637,0.09376118901622973,0.0,-0.0002
1234,23.43,0.0544554455445545,0.2804272770881653,0.02804272770881653,0.3889925576799216,0.02804272770881653,0.02804272770881653,0.0,0.02804272770881653,0.02804272770881653,0.0,0.0,0,0,0.0,2.804272770881653e-05,1.2597188310512164,1.3900907164045637,0.0937866024244454,2.5413408215671507e-05,-0.004580471805896975
1235,22.63,-0.034144259496372203,1.0,0.12804272770881653,0.38883372061482485,0.12804272770881653,0.12804272770881653,0.02804272770881653,0.12804272770881653,0.1,0.02804272770881653,0.0,0,0,-0.0009574981718759387,0.0001,1.2583866806903021,1.3900907164045637,0.09474492143571099,0.0009583190112655848,-0.008207780393775385
1236,20.7,-0.08528501988510825,-1.0,0.028042727708816523,0.38284424543923623,0.028042727708816523,0.028042727708816523,0.12804272770881653,0.1,-0.028042727708816523,0.1,0.028042727708816523,0,0,-0.01092012657878992,2.8042727708816522e-05,1.2446096502570616,1.3900907164045637,0.10465580730140073,0.009910885865689736,-0.015242351037056831
1237,19.95,-0.036231884057971016,-1.0,0.0,0.3354505946861536,0.0,0.0,0.1,0.0,-0.1,0.0,0.1,0,0,-0.003623188405797102,0.0001,1.2399757340374813,1.3900907164045637,0.10798934241885395,0.0033335351174532263,-0.0042731884057971015
1238,19.95,0.0,-1.0,0.0,0.32503330931098673,0.0,0.0,0.0,0.0,0.0,0.0,0.0,0,0,0.0,0.0,1.2399757340374813,1.3900907164045637,0.10798934241885395,0.0,-0.0002
1239,19.85,-0.005012531328320695,-1.0,0.0,0.32503330931098673,0.0,0.0,0.0,0.0,0.0,0.0,0.0,0,0,-0.0,0.0,1.2399757340374813,1.3900907164045637,0.10798934241885395,0.0,-0.0002
1240,19.84,-0.0005037783375315648,-1.0,0.0,0.32503330931098673,0.0,0.0,0.0,0.0,0.0,0.0,0.0,0,0,-0.0,0.0,1.2399757340374813,1.3900907164045637,0.10798934241885395,0.0,-0.0002
1241,19.34,-0.02520161290322581,-1.0,0.0,0.32503330931098673,0.0,0.0,0.0,0.0,0.0,0.0,0.0,0,0,-0.0,0.0,1.2399757340374813,1.3900907164045637,0.10798934241885395,0.0,-0.0002
1242,19.36,0.0010341261633919118,-1.0,0.0,0.32503330931098673,0.0,0.0,0.0,0.0,0.0,0.0,0.0,0,0,0.0,0.0,1.2399757340374813,1.3900907164045637,0.10798934241885395,0.0,-0.0002
1243,18.55,-0.04183884297520655,-1.0,0.0,0.32503330931098673,0.0,0.0,0.0,0.0,0.0,0.0,0.0,0,0,-0.0,0.0,1.2399757340374813,1.3900907164045637,0.10798934241885395,0.0,-0.0002
1244,18.86,0.01671159029649589,-1.0,0.0,0.32503330931098673,0.0,0.0,0.0,0.0,0.0,0.0,0.0,0,0,0.0,0.0,1.2399757340374813,1.3900907164045637,0.10798934241885395,0.0,-0.0002
1245,20.9,0.10816542948038171,-1.0,0.0,0.32503330931098673,0.0,0.0,0.0,0.0,0.0,0.0,0.0,1,0,0.0,0.0,1.2399757340374813,1.3900907164045637,0.10798934241885395,0.0,-0.0002
1246,19.79,-0.05311004784688993,0.07784377038478851,0.0077843770384788515,0.32503330931098673,0.0077843770384788515,0.0077843770384788515,0.0,0.0077843770384788515,0.0077843770384788515,0.0,0.0,0,0,-0.0,7.784377038478852e-06,1.239966081598849,1.3900907164045637,0.10799628616613495,6.943747280996337e-06,-0.0035521406322955784
1247,20.88,0.05507832238504295,-1.0,0.0,0.32501160949499847,0.0,0.0,0.0077843770384788515,0.0077843770384788515,-0.0,0.0077843770384788515,0.0,0,0,0.00042875042809206406,0.0,1.2404977175871539,1.3900907164045637,0.1076138391919691,0.0,0.00010504360165433893
1248,18.77,-0.10105363984674327,0.316394567489624,0.039423833787441256,0.3262067524719232,0.039423833787441256,0.039423833787441256,0.0077843770384788515,0.039423833787441256,0.0316394567489624,0.0,0.0077843770384788515,0,1,-0.0007866396336776998,3.16394567489624e-05,1.2394826442431301,1.3900907164045637,0.10834406012794455,0.0007302209359754536,-0.005519497337209498
1249,19.13,0.01917954182205644,-1.0,0.0,0.32392480261656453,0.0,0.0,0.039423833787441256,0.0316394567489624,-0.007784377038478854,0.0316394567489624,0.007784377038478854,0,0,0.0007561310689120314,7.784377038478853e-06,1.240410206979584,1.3900907164045637,0.10767679235505208,0.0,0.0007394844131542324
1250,20.04,0.04756926293779405,-1.0,0.0,0.3260100338611025,0.0,0.0,0.0316394567489624,0.0,-0.0316394567489624,0.0,0.0316394567489624,0,0,0.0015050656373003552,3.16394567489624e-05,1.2422378598531707,1.3900907164045637,0.1063620199793945,0.0,0.0011626880819300242
1251,20.25,0.010479041916167707,-1.0,0.0,0.33011867981428916,0.0,0.0,0.0,0.0,0.0,0.0,0.0,0,0,0.0,0.0,1.2422378598531707,1.3900907164045637,0.1063620199793945,0.0,-0.0002
1252,20.36,0.005432098765432071,-1.0,0.0,0.33011867981428916,0.0,0.0,0.0,0.0,0.0,0.0,0.0,0,0,0.0,0.0,1.2422378598531707,1.3900907164045637,0.1063620199793945,0.0,-0.001556810443899699
1253,19.7,-0.03241650294695482,-1.0,0.0,0.33011867981428916,0.0,0.0,0.0,0.0,0.0,0.0,0.0,0,0,-0.0,0.0,1.2422378598531707,1.3900907164045637,0.1063620199793945,0.0,-0.0002
1254,19.44,-0.013197969543147108,-1.0,0.0,0.33011867981428916,0.0,0.0,0.0,0.0,0.0,0.0,0.0,0,0,-0.0,0.0,1.2422378598531707,1.3900907164045637,0.1063620199793945,0.0,-0.0024715445383707594
1255,18.76,-0.034979423868312744,-1.0,0.0,0.33011867981428916,0.0,0.0,0.0,0.0,0.0,0.0,0.0,0,0,-0.0,0.0,1.2422378598531707,1.3900907164045637,0.1063620199793945,0.0,-0.0004556516470087293
1256,18.67,-0.004797441364605535,-1.0,0.0,0.33011867981428916,0.0,0.0,0.0,0.0,0.0,0.0,0.0,0,0,-0.0,0.0,1.2422378598531707,1.3900907164045637,0.1063620199793945,0.0,-0.0002
1257,17.65,-0.05463310123192303,-1.0,0.0,0.33011867981428916,0.0,0.0,0.0,0.0,0.0,0.0,0.0,0,0,-0.0,0.0,1.2422378598531707,1.3900907164045637,0.1063620199793945,0.0,-0.0002
1258,17.53,-0.006798866855523935,-1.0,0.0,0.33011867981428916,0.0,0.0,0.0,0.0,0.0,0.0,0.0,0,0,-0.0,0.0,1.2422378598531707,1.3900907164045637,0.1063620199793945,0.0,-0.0002
1259,17.91,0.02167712492869361,-1.0,0.0,0.33011867981428916,0.0,0.0,0.0,0.0,0.0,0.0,0.0,0,0,0.0,0.0,1.2422378598531707,1.3900907164045637,0.1063620199793945,0.0,-0.0002
1260,17.73,-0.010050251256281392,-1.0,0.0,0.33011867981428916,0.0,0.0,0.0,0.0,0.0,0.0,0.0,0,0,-0.0,0.0,1.2422378598531707,1.3900907164045637,0.1063620199793945,0.0,-0.0002
1261,17.31,-0.023688663282572006,-1.0,0.0,0.33011867981428916,0.0,0.0,0.0,0.0,0.0,0.0,0.0,0,0,-0.0,0.0,1.2422378598531707,1.3900907164045637,0.1063620199793945,0.0,-0.0002
1262,17.04,-0.015597920277296336,-1.0,0.0,0.33011867981428916,0.0,0.0,0.0,0.0,0.0,0.0,0.0,0,0,-0.0,0.0,1.2422378598531707,1.3900907164045637,0.1063620199793945,0.0,-0.0002
1263,16.58,-0.026995305164319302,-1.0,0.0,0.33011867981428916,0.0,0.0,0.0,0.0,0.0,0.0,0.0,0,0,-0.0,0.0,1.2422378598531707,1.3900907164045637,0.1063620199793945,0.0,-0.0002
1264,16.75,0.010253317249698536,-1.0,0.0,0.33011867981428916,0.0,0.0,0.0,0.0,0.0,0.0,0.0,0,0,0.0,0.0,1.2422378598531707,1.3900907164045637,0.1063620199793945,0.0,-0.0002
1265,16.93,0.010746268656716402,-1.0,0.0,0.33011867981428916,0.0,0.0,0.0,0.0,0.0,0.0,0.0,0,0,0.0,0.0,1.2422378598531707,1.3900907164045637,0.1063620199793945,0.0,-0.0002
1266,16.85,-0.004725339633786078,-1.0,0.0,0.33011867981428916,0.0,0.0,0.0,0.0,0.0,0.0,0.0,0,0,-0.0,0.0,1.2422378598531707,1.3900907164045637,0.1063620199793945,0.0,-0.0002
1267,16.76,-0.005341246290801178,-1.0,0.0,0.33011867981428916,0.0,0.0,0.0,0.0,0.0,0.0,0.0,0,0,-0.0,0.0,1.2422378598531707,1.3900907164045637,0.1063620199793945,0.0,-0.0002
1268,18.39,0.09725536992840089,-1.0,0.0,0.33011867981428916,0.0,0.0,0.0,0.0,0.0,0.0,0.0,0,0,0.0,0.0,1.2422378598531707,1.3900907164045637,0.1063620199793945,0.0,-0.0002
1269,17.74,-0.03534529635671572,1.0,0.1,0.33011867981428916,0.1,0.1,0.0,0.1,0.1,0.0,0.0,0,0,-0.0,0.0001,1.2421136360671854,1.3900907164045637,0.10645138377739656,8.936379800206229e-05,-0.005565445996339742
1270,18.18,0.024802705749718226,-1.0,0.0,0.3298394227402942,0.0,0.0,0.1,0.1,-0.0,0.1,0.0,0,0,0.002480270574971823,0.0,1.2451944139694942,1.3900907164045637,0.10423514143727279,0.0,0.00017363211127169927
1271,18.25,0.003850385038503866,-1.0,0.0,0.3367651797832713,0.0,0.0,0.1,0.0,-0.1,0.0,0.1,0,0,0.00038503850385038663,0.0001,1.245549342322255,1.3900907164045637,0.10397981396218624,0.0,-0.004681648376431922
1272,18.15,-0.005479452054794599,0.8931609988212585,0.08931609988212585,0.3375630903990631,0.08931609988212585,0.08931609988212585,0.0,0.08931609988212585,0.08931609988212585,0.0,0.0,0,0,-0.0,8.931609988212586e-05,1.2454380947127879,1.3900907164045637,0.10405984299061889,8.002902843265436e-05,-0.004813450340046577
1273,17.71,-0.024242424242424118,-0.34682363271713257,0.0546337366104126,0.33731298372165325,0.0546337366104126,0.0546337366104126,0.08931609988212585,0.08931609988212585,-0.0,0.08931609988212585,0.0,0,0,-0.0021652387850212215,0.0,1.2427414238457728,1.3900907164045637,0.10599976736763363,0.0019399243770147345,-0.006588770547385935
1274,17.31,-0.0225861095426314,-1.0,0.0,0.3312507256867845,0.0,0.0,0.08931609988212585,0.0,-0.08931609988212585,0.0,0.08931609988212585,0,0,-0.002017303215858302,8.931609988212586e-05,1.2401234407578283,1.3900907164045637,0.10788308552597356,0.0018833181583399333,-0.0026192256653278685
1275,17.62,0.017908723281340397,-1.0,0.0,0.3253653490918974,0.0,0.0,0.0,0.0,0.0,0.0,0.0,0,0,0.0,0.0,1.2401234407578283,1.3900907164045637,0.10788308552597356,0.0,-0.0002
1276,17.2,-0.023836549375709518,-1.0,0.0,0.3253653490918974,0.0,0.0,0.0,0.0,0.0,0.0,0.0,0,0,-0.0,0.0,1.2401234407578283,1.3900907164045637,0.10788308552597356,0.0,-0.0002
1277,16.33,-0.050581395348837266,-1.0,0.0,0.3253653490918974,0.0,0.0,0.0,0.0,0.0,0.0,0.0,0,0,-0.0,0.0,1.2401234407578283,1.3900907164045637,0.10788308552597356,0.0,-0.0002
1278,15.87,-0.028169014084506987,-1.0,0.0,0.3253653490918974,0.0,0.0,0.0,0.0,0.0,0.0,0.0,0,0,-0.0,0.0,1.2401234407578283,1.3900907164045637,0.10788308552597356,0.0,-0.0002
1279,15.73,-0.008821676118462431,-1.0,0.0,0.3253653490918974,0.0,0.0,0.0,0.0,0.0,0.0,0.0,0,0,-0.0,0.0,1.2401234407578283,1.3900907164045637,0.10788308552597356,0.0,-0.0002
1280,15.37,-0.022886204704386598,-1.0,0.0,0.3253653490918974,0.0,0.0,0.0,0.0,0.0,0.0,0.0,0,0,-0.0,0.0,1.2401234407578283,1.3900907164045637,0.10788308552597356,0.0,-0.0002
1281,14.98,-0.025374105400130045,-1.0,0.0,0.3253653490918974,0.0,0.0,0.0,0.0,0.0,0.0,0.0,0,0,-0.0,0.0,1.2401234407578283,1.3900907164045637,0.10788308552597356,0.0,-0.0002
1282,14.62,-0.02403204272363159,-1.0,0.0,0.3253653490918974,0.0,0.0,0.0,0.0,0.0,0.0,0.0,0,0,-0.0,0.0,1.2401234407578283,1.3900907164045637,0.10788308552597356,0.0,-0.0002
1283,13.0,-0.11080711354309161,-1.0,0.0,0.3253653490918974,0.0,0.0,0.0,0.0,0.0,0.0,0.0,0,1,-0.0,0.0,1.2401234407578283,1.3900907164045637,0.10788308552597356,0.0,-0.0002
1284,12.21,-0.0607692307692307,-1.0,0.0,0.3253653490918974,0.0,0.0,0.0,0.0,0.0,0.0,0.0,0,0,-0.0,0.0,1.2401234407578283,1.3900907164045637,0.10788308552597356,0.0,-0.0002
1285,11.99,-0.01801801801801807,-1.0,0.0,0.3253653490918974,0.0,0.0,0.0,0.0,0.0,0.0,0.0,0,0,-0.0,0.0,1.2401234407578283,1.3900907164045637,0.10788308552597356,0.0,-0.0002
1286,12.28,0.024186822351959895,-1.0,0.0,0.3253653490918974,0.0,0.0,0.0,0.0,0.0,0.0,0.0,0,0,0.0,0.0,1.2401234407578283,1.3900907164045637,0.10788308552597356,0.0,-0.0002
1287,12.52,0.019543973941368097,-1.0,0.0,0.3253653490918974,0.0,0.0,0.0,0.0,0.0,0.0,0.0,0,0,0.0,0.0,1.2401234407578283,1.3900907164045637,0.10788308552597356,0.0,-0.0002
1288,13.05,0.04233226837060712,-1.0,0.0,0.3253653490918974,0.0,0.0,0.0,0.0,0.0,0.0,0.0,0,0,0.0,0.0,1.2401234407578283,1.3900907164045637,0.10788308552597356,0.0,-0.0002
1289,13.17,0.009195402298850514,-1.0,0.0,0.3253653490918974,0.0,0.0,0.0,0.0,0.0,0.0,0.0,0,0,0.0,0.0,1.2401234407578283,1.3900907164045637,0.10788308552597356,0.0,-0.0002
1290,12.98,-0.014426727410782042,-1.0,0.0,0.3253653490918974,0.0,0.0,0.0,0.0,0.0,0.0,0.0,0,0,-0.0,0.0,1.2401234407578283,1.3900907164045637,0.10788308552597356,0.0,-0.0006794777225921887
1291,13.05,0.0053929121725732115,-1.0,0.0,0.3253653490918974,0.0,0.0,0.0,0.0,0.0,0.0,0.0,0,0,0.0,0.0,1.2401234407578283,1.3900907164045637,0.10788308552597356,0.0,-0.0009263160265088597
1292,13.2,0.011494252873563109,-1.0,0.0,0.3253653490918974,0.0,0.0,0.0,0.0,0.0,0.0,0.0,0,0,0.0,0.0,1.2401234407578283,1.3900907164045637,0.10788308552597356,0.0,-0.00045689915405300807
1293,13.42,0.016666666666666715,-1.0,0.0,0.3253653490918974,0.0,0.0,0.0,0.0,0.0,0.0,0.0,0,0,0.0,0.0,1.2401234407578283,1.3900907164045637,0.10788308552597356,0.0,-0.0007048670981008419
1294,13.84,0.03129657228017883,-1.0,0.0,0.3253653490918974,0.0,0.0,0.0,0.0,0.0,0.0,0.0,0,0,0.0,0.0,1.2401234407578283,1.3900907164045637,0.10788308552597356,0.0,-0.0002
1295,13.75,-0.0065028901734103944,-0.7584150433540344,0.0,0.3253653490918974,0.0,0.0,0.0,0.0,0.0,0.0,0.0,0,0,-0.0,0.0,1.2401234407578283,1.3900907164045637,0.10788308552597356,0.0,-0.002563685923146924
1296,14.04,0.02109090909090903,-0.3129933774471283,0.0,0.3253653490918974,0.0,0.0,0.0,0.0,0.0,0.0,0.0,0,0,0.0,0.0,1.2401234407578283,1.3900907164045637,0.10788308552597356,0.0,-0.0032330472499028044
1297,13.86,-0.012820512820512801,1.0,0.1,0.3253653490918974,0.1,0.1,0.0,0.1,0.1,0.0,0.0,0,0,-0.0,0.0001,1.2399994284137525,1.3900907164045637,0.10797229721742095,8.921169144739116e-05,-0.004517626496449729
1298,14.56,0.05050505050505059,-1.0,0.0,0.32508658096225407,0.0,0.0,0.1,0.1,-0.0,0.1,0.0,0,0,0.005050505050505059,0.0,1.2462620517895795,1.3900907164045637,0.10346710679932718,0.0,0.0022296920703346575
1299,14.82,0.017857142857142842,1.0,0.2,0.3391652911902828,0.2,0.2,0.1,0.2,0.1,0.0,0.1,0,0,0.0017857142857142844,0.0001,1.2483628935340247,1.3900907164045637,0.10195580849364608,0.0,-0.003346835191287957
1300,14.86,0.00269905533063422,0.17885920405387878,0.2178859204053879,0.343888097815292,0.2178859204053879,0.2178859204053879,0.2,0.2178859204053879,0.01788592040538789,0.1,0.1,0,0,0.0005398110661268441,1.788592040538789e-05,1.2490144455191456,1.3900907164045637,0.1014870966481299,0.0,-0.0040042692682005256
1301,14.39,-0.03162853297442792,0.2146478295326233,0.23935070335865022,0.3453528121114358,0.23935070335865022,0.23935070335865022,0.2178859204053879,0.23935070335865022,0.021464782953262318,0.01788592040538789,0.2,0,0,-0.006891412018205389,2.146478295326232e-05,1.2403801625344042,1.3900907164045637,0.10769840565325282,0.006211309005122928,-0.011627363301777851
1302,14.8,0.0284920083391244,-1.0,0.1393507033586502,0.3259424896913794,0.1393507033586502,0.1393507033586502,0.23935070335865022,0.1393507033586502,-0.1,0.021464782953262318,0.2178859204053879,0,0,0.006819582236069953,0.0001,1.248714999040544,1.3900907164045637,0.10170251171066351,0.0,0.003687756304490403
1303,14.57,-0.01554054054054057,0.8060676455497742,0.21995746791362764,0.34467965215451213,0.21995746791362764,0.21995746791362764,0.1393507033586502,0.21995746791362764,0.08060676455497742,0.0,0.1393507033586502,0,0,-0.0021655852548979463,8.060676455497743e-05,1.2459101453751278,1.3900907164045637,0.10372026035995371,0.0020177486492902047,-0.0069102923387659165
1304,14.41,-0.010981468771448191,-1.0,0.11995746791362763,0.3383741792292856,0.11995746791362763,0.11995746791362763,0.21995746791362764,0.11995746791362763,-0.1,0.08060676455497742,0.1393507033586502,0,0,-0.0024154560649403195,0.0001,1.2427761131435733,1.3900907164045637,0.10597481266691437,0.0022545523069606582,-0.004623611919042903
1305,14.02,-0.027064538514920234,-1.0,0.019957467913627625,0.3313287006693432,0.019957467913627625,0.019957467913627625,0.11995746791362763,0.019957467913627625,-0.1,0.0,0.11995746791362763,0,0,-0.0032465935105006833,0.0001,1.2386170466683217,1.3900907164045637,0.10896675155706745,0.002991938890153076,-0.0036848580100678208
1306,14.17,0.01069900142653355,-1.0,0.0,0.32197889722918727,0.0,0.0,0.019957467913627625,0.0,-0.019957467913627625,0.0,0.019957467913627625,0,0,0.0002135249776778995,1.9957467913627626e-05,1.2388568026855968,1.3900907164045637,0.10879427647004922,0.0,-7.628362793342481e-05
1307,13.85,-0.02258292166549049,-1.0,0.0,0.3225178768861749,0.0,0.0,0.0,0.0,0.0,0.0,0.0,0,0,-0.0,0.0,1.2388568026855968,1.3900907164045637,0.10879427647004922,0.0,-0.0002
1308,13.34,-0.03682310469314078,-1.0,0.0,0.3225178768861749,0.0,0.0,0.0,0.0,0.0,0.0,0.0,0,0,-0.0,0.0,1.2388568026855968,1.3900907164045637,0.10879427647004922,0.0,-0.0002
1309,13.6,0.019490254872563704,-1.0,0.0,0.3225178768861749,0.0,0.0,0.0,0.0,0.0,0.0,0.0,0,0,0.0,0.0,1.2388568026855968,1.3900907164045637,0.10879427647004922,0.0,-0.0002
1310,13.4,-0.014705882352941124,-1.0,0.0,0.3225178768861749,0.0,0.0,0.0,0.0,0.0,0.0,0.0,0,0,-0.0,0.0,1.2388568026855968,1.3900907164045637,0.10879427647004922,0.0,-0.0002
1311,13.55,0.011194029850746294,-1.0,0.0,0.3225178768861749,0.0,0.0,0.0,0.0,0.0,0.0,0.0,0,0,0.0,0.0,1.2388568026855968,1.3900907164045637,0.10879427647004922,0.0,-0.0002
1312,13.6,0.0036900369003689247,-1.0,0.0,0.3225178768861749,0.0,0.0,0.0,0.0,0.0,0.0,0.0,0,0,0.0,0.0,1.2388568026855968,1.3900907164045637,0.10879427647004922,0.0,-0.0002
1313,13.23,-0.027205882352941118,-1.0,0.0,0.3225178768861749,0.0,0.0,0.0,0.0,0.0,0.0,0.0,0,0,-0.0,0.0,1.2388568026855968,1.3900907164045637,0.10879427647004922,0.0,-0.0002
1314,12.6,-0.04761904761904768,-1.0,0.0,0.3225178768861749,0.0,0.0,0.0,0.0,0.0,0.0,0.0,0,0,-0.0,0.0,1.2388568026855968,1.3900907164045637,0.10879427647004922,0.0,-0.0002
1315,12.7,0.007936507936507908,-1.0,0.0,0.3225178768861749,0.0,0.0,0.0,0.0,0.0,0.0,0.0,0,0,0.0,0.0,1.2388568026855968,1.3900907164045637,0.10879427647004922,0.0,-0.0002
1316,12.78,0.006299212598425203,-1.0,0.0,0.3225178768861749,0.0,0.0,0.0,0.0,0.0,0.0,0.0,0,0,0.0,0.0,1.2388568026855968,1.3900907164045637,0.10879427647004922,0.0,-0.0002
1317,14.21,0.11189358372456976,-1.0,0.0,0.3225178768861749,0.0,0.0,0.0,0.0,0.0,0.0,0.0,1,0,0.0,0.0,1.2388568026855968,1.3900907164045637,0.10879427647004922,0.0,-0.0002
1318,14.04,-0.011963406052076122,-0.10330481827259064,0.0,0.3225178768861749,0.0,0.0,0.0,0.0,0.0,0.0,0.0,0,0,-0.0,0.0,1.2388568026855968,1.3900907164045637,0.10879427647004922,0.0,-0.0035555025105483778
1319,13.71,-0.023504273504273383,-0.07398925721645355,0.0,0.3225178768861749,0.0,0.0,0.0,0.0,0.0,0.0,0.0,0,0,-0.0,0.0,1.2388568026855968,1.3900907164045637,0.10879427647004922,0.0,-0.004134586916196565
1320,13.53,-0.013129102844639058,0.06363876163959503,0.006363876163959503,0.3225178768861749,0.006363876163959503,0.006363876163959503,0.0,0.006363876163959503,0.006363876163959503,0.0,0.0,0,0,-0.0,6.363876163959503e-06,1.2388489187543197,1.3900907164045637,0.10879994799291036,5.671522861142031e-06,-0.004645925113914205
1321,13.45,-0.005912786400591284,-0.8072690963745117,0.0,0.32250015847419305,0.0,0.0,0.006363876163959503,0.006363876163959503,-0.0,0.006363876163959503,0.0,0,0,-3.7628240437306776e-05,0.0,1.2388023030493394,1.3900907164045637,0.10883348228274498,3.353428983461637e-05,-0.0033082205179249926
1322,13.23,-0.01635687732341999,-1.0,0.0,0.3223953614014857,0.0,0.0,0.006363876163959503,0.0,-0.006363876163959503,0.0,0.006363876163959503,0,0,-0.0001040931417153222,6.363876163959503e-06,1.2386654686412026,1.3900907164045637,0.10893191787872582,9.843559598084195e-05,-0.00287881727949373
1323,13.48,0.01889644746787604,-1.0,0.0,0.3220877455550941,0.0,0.0,0.0,0.0,0.0,0.0,0.0,0,0,0.0,0.0,1.2386654686412026,1.3900907164045637,0.10893191787872582,0.0,-0.0002
1324,13.62,0.010385756676557773,-1.0,0.0,0.3220877455550941,0.0,0.0,0.0,0.0,0.0,0.0,0.0,0,0,0.0,0.0,1.2386654686412026,1.3900907164045637,0.10893191787872582,0.0,-0.0002
1325,13.0,-0.045521292217327404,-1.0,0.0,0.3220877455550941,0.0,0.0,0.0,0.0,0.0,0.0,0.0,0,0,-0.0,0.0,1.2386654686412026,1.3900907164045637,0.10893191787872582,0.0,-0.0002
1326,13.02,0.0015384615384615057,-1.0,0.0,0.3220877455550941,0.0,0.0,0.0,0.0,0.0,0.0,0.0,0,0,0.0,0.0,1.2386654686412026,1.3900907164045637,0.10893191787872582,0.0,-0.0002
1327,12.77,-0.019201228878648235,-1.0,0.0,0.3220877455550941,0.0,0.0,0.0,0.0,0.0,0.0,0.0,0,0,-0.0,0.0,1.2386654686412026,1.3900907164045637,0.10893191787872582,0.0,-0.0002
1328,12.66,-0.008613938919342165,-1.0,0.0,0.3220877455550941,0.0,0.0,0.0,0.0,0.0,0.0,0.0,0,0,-0.0,0.0,1.2386654686412026,1.3900907164045637,0.10893191787872582,0.0,-0.0002
1329,12.32,-0.026856240126382293,-1.0,0.0,0.3220877455550941,0.0,0.0,0.0,0.0,0.0,0.0,0.0,0,0,-0.0,0.0,1.2386654686412026,1.3900907164045637,0.10893191787872582,0.0,-0.0002
1330,12.38,0.004870129870129911,-1.0,0.0,0.3220877455550941,0.0,0.0,0.0,0.0,0.0,0.0,0.0,0,0,0.0,0.0,1.2386654686412026,1.3900907164045637,0.10893191787872582,0.0,-0.0002
1331,13.25,0.07027463651050074,-1.0,0.0,0.3220877455550941,0.0,0.0,0.0,0.0,0.0,0.0,0.0,0,0,0.0,0.0,1.2386654686412026,1.3900907164045637,0.10893191787872582,0.0,-0.0002
1332,13.57,0.024150943396226438,-1.0,0.0,0.3220877455550941,0.0,0.0,0.0,0.0,0.0,0.0,0.0,0,0,0.0,0.0,1.2386654686412026,1.3900907164045637,0.10893191787872582,0.0,-0.0014175632914235341
1333,12.65,-0.06779661016949153,0.4487600326538086,0.04487600326538086,0.3220877455550941,0.04487600326538086,0.04487600326538086,0.0,0.04487600326538086,0.04487600326538086,0.0,0.0,0,0,-0.0,4.487600326538086e-05,1.238609882285587,1.3900907164045637,0.10897190545288883,3.998757416301402e-05,-0.004356941036895289
1334,12.33,-0.025296442687747056,-1.0,0.0,0.32196278534864664,0.0,0.0,0.04487600326538086,0.04487600326538086,-0.0,0.04487600326538086,0.0,0,0,-0.0011352032446578567,0.0,1.2372038083283512,1.3900907164045637,0.10998340343690004,0.001011497984011206,-0.001109485956100073
1335,11.92,-0.033252230332522316,-1.0,0.0,0.31880185324737687,0.0,0.0,0.04487600326538086,0.0,-0.04487600326538086,0.0,0.04487600326538086,0,0,-0.001492227196983468,4.487600326538086e-05,1.2353020983952094,1.3900907164045637,0.1113514507957519,0.0013680473588518621,-0.001894169211677682
1336,11.75,-0.014261744966442946,-1.0,0.0,0.3145267101009154,0.0,0.0,0.0,0.0,0.0,0.0,0.0,0,0,-0.0,0.0,1.2353020983952094,1.3900907164045637,0.1113514507957519,0.0,-0.0002
1337,11.53,-0.018723404255319202,-1.0,0.0,0.3145267101009154,0.0,0.0,0.0,0.0,0.0,0.0,0.0,0,0,-0.0,0.0,1.2353020983952094,1.3900907164045637,0.1113514507957519,0.0,-0.0002
1338,11.64,0.009540329575021787,-1.0,0.0,0.3145267101009154,0.0,0.0,0.0,0.0,0.0,0.0,0.0,0,0,0.0,0.0,1.2353020983952094,1.3900907164045637,0.1113514507957519,0.0,-0.0002
1339,11.36,-0.02405498281786951,-1.0,0.0,0.3145267101009154,0.0,0.0,0.0,0.0,0.0,0.0,0.0,0,0,-0.0,0.0,1.2353020983952094,1.3900907164045637,0.1113514507957519,0.0,-0.0002
1340,11.6,0.021126760563380302,-1.0,0.0,0.3145267101009154,0.0,0.0,0.0,0.0,0.0,0.0,0.0,0,0,0.0,0.0,1.2353020983952094,1.3900907164045637,0.1113514507957519,0.0,-0.0002
1341,11.31,-0.02499999999999993,-1.0,0.0,0.3145267101009154,0.0,0.0,0.0,0.0,0.0,0.0,0.0,0,0,-0.0,0.0,1.2353020983952094,1.3900907164045637,0.1113514507957519,0.0,-0.0002
1342,11.17,-0.01237842617152967,-1.0,0.0,0.3145267101009154,0.0,0.0,0.0,0.0,0.0,0.0,0.0,0,0,-0.0,0.0,1.2353020983952094,1.3900907164045637,0.1113514507957519,0.0,-0.0002
1343,11.36,0.017009847806624845,-1.0,0.0,0.3145267101009154,0.0,0.0,0.0,0.0,0.0,0.0,0.0,0,0,0.0,0.0,1.2353020983952094,1.3900907164045637,0.1113514507957519,0.0,-0.0002
1344,11.13,-0.02024647887323932,-1.0,0.0,0.3145267101009154,0.0,0.0,0.0,0.0,0.0,0.0,0.0,0,0,-0.0,0.0,1.2353020983952094,1.3900907164045637,0.1113514507957519,0.0,-0.0002
1345,12.16,0.09254267744833776,-1.0,0.0,0.3145267101009154,0.0,0.0,0.0,0.0,0.0,0.0,0.0,0,0,0.0,0.0,1.2353020983952094,1.3900907164045637,0.1113514507957519,0.0,-0.0002
1346,12.65,0.04029605263157896,-0.35244083404541016,0.0,0.3145267101009154,0.0,0.0,0.0,0.0,0.0,0.0,0.0,0,0,0.0,0.0,1.2353020983952094,1.3900907164045637,0.1113514507957519,0.0,-0.0031818769294068234
1347,12.85,0.01581027667984184,1.0,0.1,0.3145267101009154,0.1,0.1,0.0,0.1,0.1,0.0,0.0,0,0,0.0,0.0001,1.23517856818537,1.3900907164045637,0.11144031565067228,8.886485492037854e-05,-0.0067964245168281
1348,12.95,0.0077821011673151474,1.0,0.2,0.3142490129922329,0.2,0.2,0.1,0.2,0.1,0.1,0.0,0,0,0.0007782101167315147,0.0001,1.2360162787862832,1.3900907164045637,0.11083768548342686,0.0,-0.0059214864414372835
1349,12.95,0.0,0.7874850630760193,0.27874850630760195,0.3161322403703393,0.27874850630760195,0.27874850630760195,0.2,0.27874850630760195,0.07874850630760194,0.1,0.1,0,0,0.0,7.874850630760194e-05,1.235918944350557,1.3900907164045637,0.11090770568756,7.002020413314491e-05,-0.005440954177002083
1350,13.53,0.0447876447876448,0.03483792394399643,0.2822322987020016,0.31591342613143614,0.2822322987020016,0.2822322987020016,0.27874850630760195,0.2822322987020016,0.003483792394399665,0.07874850630760194,0.2,0,0,0.012484489085591442,3.483792394399665e-06,1.2513444552369588,1.3900907164045637,0.09981094005610568,0.0,0.007084697297563108
1351,12.86,-0.049519586104951954,0.06758914887905121,0.28899121358990676,0.3511816062095381,0.28899121358990676,0.28899121358990676,0.2822322987020016,0.28899121358990676,0.006758914887905143,0.003483792394399665,0.27874850630760195,0,0,-0.013976026617172288,6.758914887905143e-06,1.2338471740926478,1.3900907164045637,0.112398090619608,0.01258715056350232,-0.024206746787229262
1352,12.04,-0.06376360808709178,-1.0,0.18899121358990675,0.3112559750680998,0.18899121358990675,0.18899121358990675,0.28899121358990676,0.18899121358990675,-0.1,0.006758914887905143,0.2822322987020016,0,0,-0.018427122483959845,0.0001,1.2109875363717455,1.3900907164045637,0.1288427999116952,0.016444709292087203,-0.033604799101889835
1353,11.95,-0.007475083056478394,-1.0,0.08899121358990675,0.2598662473272623,0.08899121358990675,0.08899121358990675,0.18899121358990675,0.08899121358990675,-0.1,0.0,0.18899121358990675,0,0,-0.0014127250185292013,0.0001,1.209155645228349,1.3900907164045637,0.1301606212033406,0.001317821291645399,-0.0018140819520329797
1354,11.76,-0.01589958158995812,-1.0,0.0,0.25574807860075033,0.0,0.0,0.08899121358990675,0.0,-0.08899121358990675,0.0,0.08899121358990675,0,0,-0.0014149230612621121,8.899121358990675e-05,1.207337178792972,1.3900907164045637,0.13146878506194135,0.0013081638586007471,-0.0020153835224166923
1355,13.01,0.10629251700680273,-1.0,0.0,0.25166003815952676,0.0,0.0,0.0,0.0,0.0,0.0,0.0,1,0,0.0,0.0,1.207337178792972,1.3900907164045637,0.13146878506194135,0.0,-0.0002
1356,12.37,-0.04919292851652579,-0.7015905976295471,0.0,0.25166003815952676,0.0,0.0,0.0,0.0,0.0,0.0,0.0,0,0,-0.0,0.0,1.207337178792972,1.3900907164045637,0.13146878506194135,0.0,-0.00020850407107911705
1357,13.22,0.06871463217461612,-1.0,0.0,0.25166003815952676,0.0,0.0,0.0,0.0,0.0,0.0,0.0,0,0,0.0,0.0,1.207337178792972,1.3900907164045637,0.13146878506194135,0.0,-0.0002
1358,13.98,0.05748865355521934,1.0,0.1,0.25166003815952676,0.1,0.1,0.0,0.1,0.1,0.0,0.0,0,0,0.0,0.0001,1.2072164450750928,1.3900907164045637,0.1315556381834351,8.685312149375735e-05,-0.006990308744896616
1359,13.75,-0.016452074391988585,1.0,0.2,0.25138865076128725,0.2,0.2,0.1,0.2,0.1,0.1,0.0,0,0,-0.0016452074391988586,0.0001,1.2051096019544247,1.3900907164045637,0.13307125374420756,0.0015156155607724542,-0.010086675171284074
1360,14.15,0.029090909090909115,1.0,0.30000000000000004,0.24665231667588194,0.24665231667588194,0.24665231667588194,0.2,0.24665231667588194,0.04665231667588193,0.1,0.1,0,0,0.005818181818181823,4.6652316675881935e-05,1.212064927574653,1.3900907164045637,0.12806774890948863,0.0,-0.027734233212033242
1361,15.72,0.1109540636042403,-0.022907409816980362,0.2443615756941839,0.26228829138090576,0.2443615756941839,0.2443615756941839,0.24665231667588194,0.2443615756941839,-0.0022907409816980417,0.04665231667588193,0.2,1,0,0.027367076832589026,2.290740981698042e-06,1.2452328250468727,1.3900907164045637,0.1042075093720232,0.0,0.022113425760653574
1362,16.94,0.07760814249363872,1.0,0.3443615756941839,0.3368515366690014,0.3368515366690014,0.3368515366690014,0.2443615756941839,0.3368515366690014,0.09248996097481751,0.0,0.2443615756941839,0,0,0.018964447986444307,9.248996097481752e-05,1.268732806653094,1.3900907164045637,0.08730215108936125,0.0,0.007388792188230315
1363,16.0,-0.05548996458087374,1.0,0.43685153666900145,0.4293615728659374,0.4293615728659374,0.4293615728659374,0.3368515366690014,0.4293615728659374,0.09251003619693599,0.09248996097481751,0.2443615756941839,0,0,-0.01869187983877578,9.251003619693599e-05,1.244900434965754,1.3900907164045637,0.10444662332134763,0.017144472231986382,-0.04285060598544062
1364,16.64,0.040000000000000036,0.39984428882598877,0.4693460017485363,0.3361043132843324,0.3361043132843324,0.3361043132843324,0.4293615728659374,0.3361043132843324,-0.09325725958160502,0.09251003619693599,0.3368515366690014,0,0,0.017174462914637513,9.325725958160502e-05,1.2661648353154726,1.3900907164045637,0.08914949191921978,0.0,-0.05589820882887534
1365,16.62,-0.0012019230769230512,1.0,0.4361043132843324,0.4178156875119456,0.4178156875119456,0.4178156875119456,0.3361043132843324,0.4178156875119456,0.08171137422761321,0.0,0.3361043132843324,0,0,-0.0004039715303898139,8.171137422761322e-05,1.265549880700532,1.3900907164045637,0.08959187643965677,0.00044238452043698917,-0.015150198385196462
1366,16.12,-0.030084235860409144,1.0,0.5178156875119456,0.41505077705249627,0.41505077705249627,0.41505077705249627,0.4178156875119456,0.41505077705249627,-0.0027649104594493212,0.08171137422761321,0.3361043132843324,0,0,-0.012569665689288374,2.7649104594493213e-06,1.2496388426549054,1.3900907164045637,0.10103791939056588,0.011446042950909105,-0.07172162261063031
1367,17.78,0.10297766749379653,-1.0,0.3150507770524963,0.3467565014958787,0.3150507770524963,0.3150507770524963,0.41505077705249627,0.3150507770524963,-0.09999999999999998,0.0,0.41505077705249627,1,0,0.04274096091235383,9.999999999999998e-05,1.3029246436991124,1.3900907164045637,0.06270531244961067,0.0,0.03934625568205829
1368,16.65,-0.06355455568054007,1.0,0.41505077705249627,0.5830917771909887,0.41505077705249627,0.41505077705249627,0.3150507770524963,0.41505077705249627,0.09999999999999998,0.0,0.3150507770524963,0,0,-0.02002291215238029,9.999999999999998e-05,1.276706005552784,1.3900907164045637,0.0815664111080798,0.018861098658469133,-0.041541708835076095
1369,17.14,0.02942942942942955,-1.0,0.3150507770524963,0.4652099482748827,0.3150507770524963,0.3150507770524963,0.41505077705249627,0.3150507770524963,-0.09999999999999998,0.09999999999999998,0.3150507770524963,0,0,0.012214707552896336,9.999999999999998e-05,1.2921729254410825,1.3900907164045637,0.07043985677189701,0.0,0.008329675897557617
1370,18.47,0.07759626604434063,-1.0,0.21505077705249628,0.5347508735971074,0.21505077705249628,0.21505077705249628,0.3150507770524963,0.21505077705249628,-0.1,0.0,0.3150507770524963,0,0,0.024446763913641745,0.0001,1.3236331545923963,1.3900907164045637,0.047808075421191455,0.0,0.019658205711079978
1371,20.47,0.10828370330265295,1.0,0.3150507770524963,0.6609596140717457,0.3150507770524963,0.3150507770524963,0.21505077705249628,0.21505077705249628,0.0,0.0,0.21505077705249628,1,0,0.023286494537357476,0.0,1.3544559308162774,1.3900907164045637,0.02563486337097113,0.0,0.015217099642715453
1372,21.2,0.035661944308744524,1.0,0.3150507770524963,0.7718256875879655,0.3150507770524963,0.3150507770524963,0.21505077705249628,0.3150507770524963,0.1,0.0,0.21505077705249628,0,0,0.007669128834798357,0.0001,1.3647079822576824,1.3900907164045637,0.018259768119690156,0.0,-0.0016087362334469832
1373,20.46,-0.03490566037735842,1.0,0.41505077705249627,0.8,0.41505077705249627,0.41505077705249627,0.3150507770524963,0.41505077705249627,0.09999999999999998,0.1,0.21505077705249628,0,0,-0.0109970554254173,9.999999999999998e-05,1.3495637421390596,1.3900907164045637,0.029154193886227912,0.010894425766537756,-0.0191350099450102
1374,21.06,0.029325513196480833,1.0,0.5150507770524962,0.7542290274065255,0.5150507770524962,0.5150507770524962,0.41505077705249627,0.5150507770524962,0.09999999999999998,0.09999999999999998,0.3150507770524963,0,0,0.012171577039662602,9.999999999999998e-05,1.3658551048222267,1.3900907164045637,0.0174345539440921,0.0,0.008352383874657567
1375,23.32,0.10731244064577405,1.0,0.6150507770524962,0.8,0.6150507770524962,0.6150507770524962,0.5150507770524962,0.5150507770524962,0.0,0.09999999999999998,0.41505077705249627,1,0,0.05527135594200581,0.0,1.4413477684860616,1.4413477684860616,0.0,0.0,0.051900294595834805
1376,24.27,0.04073756432246995,1.0,0.6150507770524962,0.8,0.6150507770524962,0.6150507770524962,0.5150507770524962,0.6150507770524962,0.09999999999999998,0.0,0.5150507770524962,0,0,0.020981914159514194,9.999999999999998e-05,1.471445868861595,1.471445868861595,0.0,0.0,0.01934618049294352
1377,23.25,-0.042027194066749055,1.0,0.7150507770524962,0.8,0.7150507770524962,0.7150507770524962,0.6150507770524962,0.7150507770524962,0.09999999999999998,0.09999999999999998,0.5150507770524962,0,0,-0.025848858368090064,9.999999999999998e-05,1.4332635284141944,1.471445868861595,0.025948858368089994,0.025948858368089994,-0.05690520054349142
1378,22.8,-0.01935483870967739,-1.0,0.6150507770524962,0.7702557105578468,0.6150507770524962,0.6150507770524962,0.7150507770524962,0.6150507770524962,-0.09999999999999998,0.09999999999999998,0.6150507770524962,0,0,-0.01383969245908055,9.999999999999998e-05,1.413284275615284,1.471445868861595,0.039526831721855074,0.01357797335376508,-0.022236252615401533
1379,21.3,-0.06578947368421052,-1.0,0.5150507770524962,0.7023658432090849,0.5150507770524962,0.5150507770524962,0.6150507770524962,0.5150507770524962,-0.09999999999999998,0.0,0.6150507770524962,0,0,-0.040463866911348435,9.999999999999998e-05,1.355956000351324,1.471445868861595,0.07848733749181094,0.03896050576995587,-0.10136895839453974
1380,21.53,0.010798122065727719,-1.0,0.41505077705249627,0.4844541460304536,0.41505077705249627,0.41505077705249627,0.5150507770524962,0.41505077705249627,-0.09999999999999998,0.0,0.5150507770524962,0,0,0.005561581160660767,9.999999999999998e-05,1.363361664097528,1.471445868861595,0.07345442129494575,0.0,0.0036967490656933232
1381,23.46,0.08964235949837435,-1.0,0.3150507770524963,0.5159098453840774,0.3150507770524963,0.3150507770524963,0.41505077705249627,0.3150507770524963,-0.09999999999999998,0.0,0.41505077705249627,0,0,0.03720613096661949,9.999999999999998e-05,1.413950740560399,1.471445868861595,0.039073899704973776,0.0,0.03688560723757815
1382,23.96,0.021312872975277068,-1.0,0.21505077705249628,0.7046305030608178,0.21505077705249628,0.21505077705249628,0.3150507770524963,0.21505077705249628,-0.1,0.0,0.3150507770524963,0,0,0.0067146371920821886,0.0001,1.423303511716682,1.471445868861595,0.03271772218311988,0.0,0.004267362411938156
1383,23.53,-0.01794657762938229,0.36113545298576355,0.25116432235107267,0.7364113830045862,0.25116432235107267,0.25116432235107267,0.21505077705249628,0.25116432235107267,0.03611354529857638,0.0,0.21505077705249628,0,0,-0.0038594254646316085,3.6113545298576385e-05,1.417758977363819,1.471445868861595,0.03648580802996958,0.003768085846849699,-0.00825810351115104
1384,23.44,-0.003824904377390559,-1.0,0.15116432235107266,0.7175709508380039,0.15116432235107266,0.15116432235107266,0.25116432235107267,0.15116432235107266,-0.1,0.03611354529857638,0.21505077705249628,0,0,-0.0009606795160049512,0.0001,1.4162551894578972,1.471445868861595,0.03750778779677221,0.0010219797668026345,-0.006019909416599864
1385,22.88,-0.02389078498293525,0.8049872517585754,0.2316630475269302,0.712461063267989,0.2316630475269302,0.2316630475269302,0.15116432235107266,0.2316630475269302,0.08049872517585754,0.0,0.15116432235107266,0,0,-0.00361143432238059,8.049872517585754e-05,1.4110264701201642,1.471445868861595,0.04106124460302103,0.003553456806248821,-0.009717043406914701
1386,22.36,-0.02272727272727271,-1.0,0.1316630475269302,0.6946937754776579,0.1316630475269302,0.1316630475269302,0.2316630475269302,0.1316630475269302,-0.1,0.08049872517585754,0.15116432235107266,0,0,-0.005265069261975682,0.0001,1.4034562153774885,1.471445868861595,0.04620601744371855,0.005144772840697517,-0.010456284716183432
1387,22.18,-0.00805008944543827,-1.0,0.031663047526930194,0.6689699195358132,0.031663047526930194,0.031663047526930194,0.1316630475269302,0.031663047526930194,-0.1,0.0,0.1316630475269302,0,0,-0.001059899309250778,0.0001,1.4018283474827085,1.471445868861595,0.04731232242525315,0.001106304981534599,-0.0014915030098818355
1388,20.86,-0.05951307484220019,-1.0,0.0,0.6634383849833774,0.0,0.0,0.031663047526930194,0.0,-0.031663047526930194,0.0,0.031663047526930194,0,0,-0.0018843653172023382,3.166304752693019e-05,1.39914240460645,1.471445868861595,0.04913769903821443,0.0018253766129612825,-0.0022268490310735243
1389,21.9,0.049856184084371966,-1.0,0.0,0.6543114982581798,0.0,0.0,0.0,0.0,0.0,0.0,0.0,0,0,0.0,0.0,1.39914240460645,1.471445868861595,0.04913769903821443,0.0,-0.0002
1390,21.22,-0.031050228310502272,-1.0,0.0,0.6543114982581798,0.0,0.0,0.0,0.0,0.0,0.0,0.0,0,0,-0.0,0.0,1.39914240460645,1.471445868861595,0.04913769903821443,0.0,-0.0002
1391,21.76,0.02544769085768156,-1.0,0.0,0.6543114982581798,0.0,0.0,0.0,0.0,0.0,0.0,0.0,0,0,0.0,0.0,1.39914240460645,1.471445868861595,0.04913769903821443,0.0,-0.0002
1392,21.35,-0.01884191176470589,-1.0,0.0,0.6543114982581798,0.0,0.0,0.0,0.0,0.0,0.0,0.0,0,0,-0.0,0.0,1.39914240460645,1.471445868861595,0.04913769903821443,0.0,-0.0002
1393,20.37,-0.045901639344262314,-1.0,0.0,0.6543114982581798,0.0,0.0,0.0,0.0,0.0,0.0,0.0,0,0,-0.0,0.0,1.39914240460645,1.471445868861595,0.04913769903821443,0.0,-0.0002
1394,20.45,0.003927344133529616,-1.0,0.0,0.6543114982581798,0.0,0.0,0.0,0.0,0.0,0.0,0.0,0,0,0.0,0.0,1.39914240460645,1.471445868861595,0.04913769903821443,0.0,-0.0002
1395,20.34,-0.005378973105134447,-1.0,0.0,0.6543114982581798,0.0,0.0,0.0,0.0,0.0,0.0,0.0,0,0,-0.0,0.0,1.39914240460645,1.471445868861595,0.04913769903821443,0.0,-0.0002
1396,19.55,-0.038839724680432605,-1.0,0.0,0.6543114982581798,0.0,0.0,0.0,0.0,0.0,0.0,0.0,0,0,-0.0,0.0,1.39914240460645,1.471445868861595,0.04913769903821443,0.0,-0.0002
1397,19.7,0.007672634271099672,-1.0,0.0,0.6543114982581798,0.0,0.0,0.0,0.0,0.0,0.0,0.0,0,0,0.0,0.0,1.39914240460645,1.471445868861595,0.04913769903821443,0.0,-0.0002
1398,20.71,0.05126903553299501,-1.0,0.0,0.6543114982581798,0.0,0.0,0.0,0.0,0.0,0.0,0.0,0,0,0.0,0.0,1.39914240460645,1.471445868861595,0.04913769903821443,0.0,-0.0002
1399,20.69,-0.000965717044905822,-1.0,0.0,0.6543114982581798,0.0,0.0,0.0,0.0,0.0,0.0,0.0,0,0,-0.0,0.0,1.39914240460645,1.471445868861595,0.04913769903821443,0.0,-0.0002
1400,20.26,-0.02078298695021748,-1.0,0.0,0.6543114982581798,0.0,0.0,0.0,0.0,0.0,0.0,0.0,0,0,-0.0,0.0,1.39914240460645,1.471445868861595,0.04913769903821443,0.0,-0.0002
1401,20.95,0.03405725567620917,-1.0,0.0,0.6543114982581798,0.0,0.0,0.0,0.0,0.0,0.0,0.0,0,0,0.0,0.0,1.39914240460645,1.471445868861595,0.04913769903821443,0.0,-0.0002
1402,21.35,0.019093078758949982,-0.6536173224449158,0.0,0.6543114982581798,0.0,0.0,0.0,0.0,0.0,0.0,0.0,0,0,0.0,0.0,1.39914240460645,1.471445868861595,0.04913769903821443,0.0,-0.0035890289835291407
1403,20.5,-0.039812646370023484,0.46531593799591064,0.04653159379959107,0.6543114982581798,0.04653159379959107,0.04653159379959107,0.0,0.04653159379959107,0.04653159379959107,0.0,0.0,0,0,-0.0,4.653159379959107e-05,1.399077300280411,1.471445868861595,0.04918194417656211,4.424513834767885e-05,-0.004575301875710552
1404,19.29,-0.05902439024390248,-1.0,0.0,0.6540902718938111,0.0,0.0,0.04653159379959107,0.04653159379959107,-0.0,0.04653159379959107,0.0,0,0,-0.0027464989510978164,0.0,1.3952347359426862,1.471445868861595,0.05179336496956604,0.0026114207930039296,-0.00271987910835098
1405,19.04,-0.012960082944530845,-1.0,0.0,0.6410331666509316,0.0,0.0,0.04653159379959107,0.0,-0.04653159379959107,0.0,0.04653159379959107,0,0,-0.0006030533151839175,4.653159379959107e-05,1.394328412513728,1.471445868861595,0.05240930569027996,0.0006159407207139214,-0.0010124454872820774
1406,20.69,0.08665966386554634,-1.0,0.0,0.63795346916127,0.0,0.0,0.0,0.0,0.0,0.0,0.0,0,0,0.0,0.0,1.394328412513728,1.471445868861595,0.05240930569027996,0.0,-0.0002
1407,20.64,-0.002416626389560208,-1.0,0.0,0.63795346916127,0.0,0.0,0.0,0.0,0.0,0.0,0.0,0,0,-0.0,0.0,1.394328412513728,1.471445868861595,0.05240930569027996,0.0,-0.0002
1408,22.86,0.10755813953488366,-1.0,0.0,0.63795346916127,0.0,0.0,0.0,0.0,0.0,0.0,0.0,1,0,0.0,0.0,1.394328412513728,1.471445868861595,0.05240930569027996,0.0,-0.0002
1409,22.97,0.00481189851268589,1.0,0.1,0.63795346916127,0.1,0.1,0.0,0.1,0.1,0.0,0.0,0,0,0.0,0.0001,1.3941889796724767,1.471445868861595,0.05250406475971095,9.475906943098855e-05,-0.008083540757864643
1410,22.95,-0.0008707009142359415,1.0,0.2,0.637479668114672,0.2,0.2,0.1,0.2,0.1,0.1,0.0,0,0,-8.707009142359415e-05,0.0001,1.3939281686125875,1.471445868861595,0.05268131291093989,0.000177248151228937,-0.00834119061389119
1411,23.27,0.013943355119825722,1.0,0.30000000000000004,0.6365934401791415,0.30000000000000004,0.30000000000000004,0.2,0.30000000000000004,0.10000000000000003,0.1,0.1,0,0,0.0027886710239651445,0.00010000000000000003,1.3976759828890248,1.471445868861595,0.05013428460650292,0.0,-0.0038090925000419077
1412,23.83,0.024065320154705576,0.2347956746816635,0.3234795674681664,0.6493285685815332,0.3234795674681664,0.3234795674681664,0.30000000000000004,0.3234795674681664,0.023479567468166374,0.10000000000000003,0.2,0,0,0.007219596046411674,2.3479567468166373e-05,1.4077338220617162,1.471445868861595,0.04329894027917628,0.0,0.0022919509512449292
1413,22.91,-0.03860679815358784,1.0,0.4234795674681664,0.6835052944748915,0.4234795674681664,0.4234795674681664,0.3234795674681664,0.4234795674681664,0.09999999999999998,0.023479567468166374,0.30000000000000004,0,0,-0.012488510368053402,9.999999999999998e-05,1.3900125502472327,1.471445868861595,0.055342381488599615,0.012043441209423335,-0.020928407159097728
1414,22.67,-0.010475774770842359,-1.0,0.3234795674681664,0.6232881002172301,0.3234795674681664,0.3234795674681664,0.4234795674681664,0.3234795674681664,-0.09999999999999998,0.09999999999999998,0.3234795674681664,0,0,-0.004436276568850252,9.999999999999998e-05,1.3837070688851383,1.471445868861595,0.05962760970903883,0.0042852282204392175,-0.006083461788881379
1415,22.37,-0.013233348037053404,-1.0,0.2234795674681664,0.6018619440545502,0.2234795674681664,0.2234795674681664,0.3234795674681664,0.2234795674681664,-0.1,0.0,0.3234795674681664,0,0,-0.0042807176991817445,0.0001,1.3776454388379904,1.471445868861595,0.0637471156830082,0.004119505973969366,-0.005413659983102936
1416,22.45,0.0035762181493070315,-1.0,0.1234795674681664,0.5765805285429848,0.1234795674681664,0.1234795674681664,0.2234795674681664,0.1234795674681664,-0.1,0.0,0.2234795674681664,0,0,0.000799211685178942,0.0001,1.3786087046268594,1.471445868861595,0.06309247672601129,0.0,0.00041415110351056646
1417,22.25,-0.008908685968819567,-1.0,0.0234795674681664,0.5806720148776833,0.0234795674681664,0.0234795674681664,0.1234795674681664,0.0234795674681664,-0.1,0.0,0.1234795674681664,0,0,-0.0011000406901395632,0.0001,1.3769543180855266,1.471445868861595,0.06421680387683791,0.0011243271508266234,-0.0015362837237117585
1418,22.75,0.02247191011235955,-1.0,0.0,0.5736449532217416,0.0,0.0,0.0234795674681664,0.0,-0.0234795674681664,0.0,0.0234795674681664,0,0,0.0005276307296217168,2.34795674681664e-05,1.3776485112052221,1.471445868861595,0.0637450276909884,0.0,0.000221972676014968
1419,24.03,0.05626373626373631,-1.0,0.0,0.5765935670590292,0.0,0.0,0.0,0.0,0.0,0.0,0.0,0,0,0.0,0.0,1.3776485112052221,1.471445868861595,0.0637450276909884,0.0,-0.0011737944412540894
1420,24.15,0.00499375780274646,1.0,0.1,0.5765935670590292,0.1,0.1,0.0,0.1,0.1,0.0,0.0,0,0,0.0,0.0001,1.3775107463541016,1.471445868861595,0.06383865318821928,9.362549723088143e-05,-0.005740231879814274
1421,24.67,0.02153209109730862,0.7944630980491638,0.17944630980491638,0.5760084170854128,0.17944630980491638,0.17944630980491638,0.1,0.17944630980491638,0.07944630980491638,0.1,0.0,0,0,0.002153209109730862,7.944630980491638e-05,1.3803673768963893,1.471445868861595,0.06189727661247223,0.0,-0.0033490037147315805
1422,24.17,-0.020267531414673693,0.7106373906135559,0.250510048866272,0.5881420135501011,0.250510048866272,0.250510048866272,0.17944630980491638,0.250510048866272,0.0710637390613556,0.07944630980491638,0.1,0,0,-0.0036369337212184107,7.10637390613556e-05,1.3752489781686044,1.471445868861595,0.06537575912827479,0.0034784825158025584,-0.009107331705098635
1423,23.88,-0.011998345055854476,-1.0,0.15051004886627198,0.5664014987655933,0.15051004886627198,0.15051004886627198,0.250510048866272,0.15051004886627198,-0.1,0.0710637390613556,0.17944630980491638,0,0,-0.003005706006256498,0.0001,1.370977859157008,1.471445868861595,0.06827842724674298,0.0029026681184681907,-0.008841463942501274
1424,24.07,0.007956448911222835,-1.0,0.05051004886627197,0.5482598472399534,0.05051004886627197,0.05051004886627197,0.15051004886627198,0.05051004886627197,-0.1,0.0,0.15051004886627198,0,0,0.0011975255144301452,0.0001,1.3724825423371516,1.471445868861595,0.06725583904830137,0.0,-0.003464892866803457
1425,22.6,-0.06107187370170332,-1.0,0.0,0.5546510018419636,0.0,0.0,0.05051004886627197,0.0,-0.05051004886627197,0.0,0.05051004886627197,0,0,-0.003084743325027825,5.051004886627197e-05,1.3681794618156784,1.471445868861595,0.07018022832590513,0.002924389277603759,-0.005225726772235092
1426,23.31,0.0314159292035397,-1.0,0.0,0.536373563484948,0.0,0.0,0.0,0.0,0.0,0.0,0.0,0,0,0.0,0.0,1.3681794618156784,1.471445868861595,0.07018022832590513,0.0,-0.0002
1427,22.57,-0.03174603174603168,-1.0,0.0,0.536373563484948,0.0,0.0,0.0,0.0,0.0,0.0,0.0,0,0,-0.0,0.0,1.3681794618156784,1.471445868861595,0.07018022832590513,0.0,-0.0002
1428,22.66,0.0039875941515285715,-1.0,0.0,0.536373563484948,0.0,0.0,0.0,0.0,0.0,0.0,0.0,0,0,0.0,0.0,1.3681794618156784,1.471445868861595,0.07018022832590513,0.0,-0.0002
1429,22.39,-0.011915269196822577,-1.0,0.0,0.536373563484948,0.0,0.0,0.0,0.0,0.0,0.0,0.0,0,0,-0.0,0.0,1.3681794618156784,1.471445868861595,0.07018022832590513,0.0,-0.0002
1430,21.36,-0.04600267976775351,-1.0,0.0,0.536373563484948,0.0,0.0,0.0,0.0,0.0,0.0,0.0,0,0,-0.0,0.0,1.3681794618156784,1.471445868861595,0.07018022832590513,0.0,-0.0002
1431,22.32,0.04494382022471914,-1.0,0.0,0.536373563484948,0.0,0.0,0.0,0.0,0.0,0.0,0.0,0,0,0.0,0.0,1.3681794618156784,1.471445868861595,0.07018022832590513,0.0,-0.0002
1432,22.24,-0.0035842293906810864,-1.0,0.0,0.536373563484948,0.0,0.0,0.0,0.0,0.0,0.0,0.0,0,0,-0.0,0.0,1.3681794618156784,1.471445868861595,0.07018022832590513,0.0,-0.0002
1433,22.15,-0.0040467625899280515,-1.0,0.0,0.536373563484948,0.0,0.0,0.0,0.0,0.0,0.0,0.0,0,0,-0.0,0.0,1.3681794618156784,1.471445868861595,0.07018022832590513,0.0,-0.0002
1434,24.52,0.10699774266365694,-1.0,0.0,0.536373563484948,0.0,0.0,0.0,0.0,0.0,0.0,0.0,1,0,0.0,0.0,1.3681794618156784,1.471445868861595,0.07018022832590513,0.0,-0.0002
1435,22.98,-0.06280587275693308,1.0,0.1,0.536373563484948,0.1,0.1,0.0,0.1,0.1,0.0,0.0,0,0,-0.0,0.0001,1.3680426438694968,1.471445868861595,0.07027321030307256,9.298197716742229e-05,-0.006393284528824587
1436,22.66,-0.013925152306353362,-1.0,0.0,0.5357924181984025,0.0,0.0,0.1,0.1,-0.0,0.1,0.0,0,0,-0.0013925152306353363,0.0,1.36613762365175,1.471445868861595,0.07156786901805519,0.0012946587149826327,-0.004853829991564564
1437,22.82,0.007060900264783766,-1.0,0.0,0.5277008082735731,0.0,0.0,0.1,0.0,-0.1,0.0,0.1,0,0,0.0007060900264783767,0.0001,1.366965626040242,1.471445868861595,0.07100515556320502,0.0,-0.00030169869862995953
1438,24.35,0.06704645048203335,-1.0,0.0,0.5312177617120056,0.0,0.0,0.0,0.0,0.0,0.0,0.0,0,0,0.0,0.0,1.366965626040242,1.471445868861595,0.07100515556320502,0.0,-0.0013694201374904052
1439,25.68,0.054620123203285346,1.0,0.1,0.5312177617120056,0.1,0.1,0.0,0.1,0.1,0.0,0.0,0,0,0.0,0.0001,1.3668289294776381,1.471445868861595,0.07109805504764866,9.28994844436315e-05,-0.006196707690107496
1440,25.96,0.010903426791277303,0.8977755308151245,0.18977755308151245,0.5306371752190049,0.18977755308151245,0.18977755308151245,0.1,0.18977755308151245,0.08977755308151245,0.1,0.0,0,0,0.0010903426791277304,8.977755308151245e-05,1.3681965308377446,1.471445868861595,0.07016862815601277,0.0,-0.0033457868617843703
1441,27.07,0.04275808936825884,1.0,0.28977755308151243,0.5364460669473801,0.28977755308151243,0.28977755308151243,0.18977755308151245,0.28977755308151243,0.09999999999999998,0.08977755308151245,0.1,0,0,0.008114525574748795,9.999999999999998e-05,1.3791619769254264,1.471445868861595,0.0627164708461653,0.0,0.0022895890344860463
1442,26.92,-0.005541189508681144,1.0,0.3897775530815124,0.5830220676962805,0.3897775530815124,0.3897775530815124,0.28977755308151243,0.3897775530815124,0.09999999999999998,0.09999999999999998,0.18977755308151245,0,0,-0.00160571233698657,9.999999999999998e-05,1.376809523326682,1.471445868861595,0.0643152069250973,0.0015987360789320032,-0.00711125594788188
1443,27.06,0.005200594353640305,0.9522906541824341,0.4850066184997558,0.5730299543596096,0.4850066184997558,0.4850066184997558,0.3897775530815124,0.4850066184997558,0.09522906541824339,0.09999999999999998,0.28977755308151243,0,0,0.0020270749417314474,9.522906541824339e-05,1.3794693071267896,1.471445868861595,0.06250760811606638,0.0,-0.001488740788815665
1444,26.92,-0.005173688100517259,-1.0,0.3850066184997558,0.5843274559829577,0.3850066184997558,0.3850066184997558,0.4850066184997558,0.3850066184997558,-0.09999999999999998,0.09522906541824339,0.3897775530815124,0,0,-0.0025092729708043,9.999999999999998e-05,1.3758698951496495,1.471445868861595,0.06495378167454383,0.0024461735584774408,-0.0069349954148699286
1445,26.0,-0.03417533432392279,-1.0,0.28500661849975584,0.5690388645984522,0.28500661849975584,0.28500661849975584,0.3850066184997558,0.28500661849975584,-0.09999999999999998,0.0,0.3850066184997558,0,0,-0.013157729904152152,9.999999999999998e-05,1.3576289836965012,1.471445868861595,0.0773503718850017,0.012396590210457872,-0.021945249811946357
1446,24.89,-0.04269230769230767,-1.0,0.18500661849975583,0.4915601838407208,0.18500661849975583,0.18500661849975583,0.28500661849975584,0.18500661849975583,-0.1,0.0,0.28500661849975584,0,0,-0.012167590251335724,0.0001,1.3409741476111752,1.471445868861595,0.08866905946826378,0.011318687583262085,-0.016911672471423937
1447,25.62,0.029329047810365626,-1.0,0.08500661849975583,0.42081836462468825,0.08500661849975583,0.08500661849975583,0.18500661849975583,0.08500661849975583,-0.1,0.0,0.18500661849975583,0,0,0.005426067959213412,0.0001,1.3481162670529008,1.471445868861595,0.08381524894565774,0.0,0.0050227362552000086
1448,25.26,-0.014051522248243537,-1.0,0.0,0.4511547073759097,0.0,0.0,0.08500661849975583,0.0,-0.08500661849975583,0.0,0.08500661849975583,0,0,-0.0011944723910972696,8.500661849975582e-05,1.3463913805867103,1.471445868861595,0.08498748810354466,0.0011722391578869173,-0.001777002174346171
1449,25.85,0.023357086302454467,-1.0,0.0,0.4438281789461078,0.0,0.0,0.0,0.0,0.0,0.0,0.0,0,0,0.0,0.0,1.3463913805867103,1.471445868861595,0.08498748810354466,0.0,-0.0002
1450,26.45,0.023210831721469937,-1.0,0.0,0.4438281789461078,0.0,0.0,0.0,0.0,0.0,0.0,0.0,0,0,0.0,0.0,1.3463913805867103,1.471445868861595,0.08498748810354466,0.0,-0.0002
1451,25.81,-0.024196597353497187,-0.5055044293403625,0.0,0.4438281789461078,0.0,0.0,0.0,0.0,0.0,0.0,0.0,0,0,-0.0,0.0,1.3463913805867103,1.471445868861595,0.08498748810354466,0.0,-0.0030981149771663564
1452,25.83,0.0007748934521503129,-0.9079219698905945,0.0,0.4438281789461078,0.0,0.0,0.0,0.0,0.0,0.0,0.0,0,0,0.0,0.0,1.3463913805867103,1.471445868861595,0.08498748810354466,0.0,-0.0032769285426504846
1453,25.72,-0.004258614014711554,-1.0,0.0,0.4438281789461078,0.0,0.0,0.0,0.0,0.0,0.0,0.0,0,0,-0.0,0.0,1.3463913805867103,1.471445868861595,0.08498748810354466,0.0,-0.0013915276749616055
1454,25.53,-0.007387247278382494,-1.0,0.0,0.4438281789461078,0.0,0.0,0.0,0.0,0.0,0.0,0.0,0,0,-0.0,0.0,1.3463913805867103,1.471445868861595,0.08498748810354466,0.0,-0.001644002197181144
1455,25.41,-0.004700352526439522,-1.0,0.0,0.4438281789461078,0.0,0.0,0.0,0.0,0.0,0.0,0.0,0,0,-0.0,0.0,1.3463913805867103,1.471445868861595,0.08498748810354466,0.0,-0.0002
1456,27.45,0.08028335301062571,-1.0,0.0,0.4438281789461078,0.0,0.0,0.0,0.0,0.0,0.0,0.0,0,0,0.0,0.0,1.3463913805867103,1.471445868861595,0.08498748810354466,0.0,-0.0002
1457,27.4,-0.0018214936247723393,0.8910316824913025,0.08910316824913025,0.4438281789461078,0.08910316824913025,0.08910316824913025,0.0,0.08910316824913025,0.08910316824913025,0.0,0.0,0,0,-0.0,8.910316824913026e-05,1.3462714128489965,1.471445868861595,0.08506901861734231,8.153051379765353e-05,-0.005115037372156605
1458,27.21,-0.006934306569342983,-0.9679574966430664,0.0,0.4433186523655484,0.0,0.0,0.08910316824913025,0.08910316824913025,-0.0,0.08910316824913025,0.0,0,0,-0.000617868684939217,0.0,1.3454395939015684,1.471445868861595,0.08563432581961926,0.0005653072022769462,-0.0049226065287372245
1459,25.71,-0.05512679162072767,-1.0,0.0,0.43978544734818925,0.0,0.0,0.08910316824913025,0.0,-0.08910316824913025,0.0,0.08910316824913025,0,0,-0.004911971788816442,8.910316824913026e-05,1.338710949642263,1.471445868861595,0.0902071370943631,0.004572811274743835,-0.010004309445397389
1460,25.41,-0.011668611435239234,-1.0,0.0,0.41120539270813383,0.0,0.0,0.0,0.0,0.0,0.0,0.0,0,0,-0.0,0.0,1.338710949642263,1.471445868861595,0.0902071370943631,0.0,-0.0002
1461,25.91,0.01967729240456513,-1.0,0.0,0.41120539270813383,0.0,0.0,0.0,0.0,0.0,0.0,0.0,0,0,0.0,0.0,1.338710949642263,1.471445868861595,0.0902071370943631,0.0,-0.0002
1462,24.4,-0.05827865688923202,-1.0,0.0,0.41120539270813383,0.0,0.0,0.0,0.0,0.0,0.0,0.0,0,0,-0.0,0.0,1.338710949642263,1.471445868861595,0.0902071370943631,0.0,-0.0002
1463,23.86,-0.022131147540983574,-1.0,0.0,0.41120539270813383,0.0,0.0,0.0,0.0,0.0,0.0,0.0,0,0,-0.0,0.0,1.338710949642263,1.471445868861595,0.0902071370943631,0.0,-0.0002
1464,23.11,-0.03143336127409891,-1.0,0.0,0.41120539270813383,0.0,0.0,0.0,0.0,0.0,0.0,0.0,0,0,-0.0,0.0,1.338710949642263,1.471445868861595,0.0902071370943631,0.0,-0.0002
1465,23.36,0.010817827780181739,-1.0,0.0,0.41120539270813383,0.0,0.0,0.0,0.0,0.0,0.0,0.0,0,0,0.0,0.0,1.338710949642263,1.471445868861595,0.0902071370943631,0.0,-0.0002
1466,22.99,-0.015839041095890453,-1.0,0.0,0.41120539270813383,0.0,0.0,0.0,0.0,0.0,0.0,0.0,0,0,-0.0,0.0,1.338710949642263,1.471445868861595,0.0902071370943631,0.0,-0.0002
1467,22.75,-0.010439321444106066,-1.0,0.0,0.41120539270813383,0.0,0.0,0.0,0.0,0.0,0.0,0.0,0,0,-0.0,0.0,1.338710949642263,1.471445868861595,0.0902071370943631,0.0,-0.0002
1468,21.65,-0.048351648351648416,-1.0,0.0,0.41120539270813383,0.0,0.0,0.0,0.0,0.0,0.0,0.0,0,0,-0.0,0.0,1.338710949642263,1.471445868861595,0.0902071370943631,0.0,-0.0002
1469,21.95,0.013856812933025438,-1.0,0.0,0.41120539270813383,0.0,0.0,0.0,0.0,0.0,0.0,0.0,0,0,0.0,0.0,1.338710949642263,1.471445868861595,0.0902071370943631,0.0,-0.0002
1470,22.25,0.013667425968109373,-1.0,0.0,0.41120539270813383,0.0,0.0,0.0,0.0,0.0,0.0,0.0,0,0,0.0,0.0,1.338710949642263,1.471445868861595,0.0902071370943631,0.0,-0.0002
1471,21.3,-0.04269662921348311,-1.0,0.0,0.41120539270813383,0.0,0.0,0.0,0.0,0.0,0.0,0.0,0,0,-0.0,0.0,1.338710949642263,1.471445868861595,0.0902071370943631,0.0,-0.0002
1472,22.29,0.046478873239436544,-1.0,0.0,0.41120539270813383,0.0,0.0,0.0,0.0,0.0,0.0,0.0,0,0,0.0,0.0,1.338710949642263,1.471445868861595,0.0902071370943631,0.0,-0.0002
1473,22.42,0.005832211754149958,-1.0,0.0,0.41120539270813383,0.0,0.0,0.0,0.0,0.0,0.0,0.0,0,0,0.0,0.0,1.338710949642263,1.471445868861595,0.0902071370943631,0.0,-0.0002
1474,20.78,-0.07314897413024088,-1.0,0.0,0.41120539270813383,0.0,0.0,0.0,0.0,0.0,0.0,0.0,0,0,-0.0,0.0,1.338710949642263,1.471445868861595,0.0902071370943631,0.0,-0.0002208785679924778
1475,18.87,-0.09191530317613089,-1.0,0.0,0.41120539270813383,0.0,0.0,0.0,0.0,0.0,0.0,0.0,0,0,-0.0,0.0,1.338710949642263,1.471445868861595,0.0902071370943631,0.0,-0.0002
1476,19.26,0.02066772655007952,-1.0,0.0,0.41120539270813383,0.0,0.0,0.0,0.0,0.0,0.0,0.0,0,0,0.0,0.0,1.338710949642263,1.471445868861595,0.0902071370943631,0.0,-0.0002
1477,18.85,-0.021287642782969893,-1.0,0.0,0.41120539270813383,0.0,0.0,0.0,0.0,0.0,0.0,0.0,0,0,-0.0,0.0,1.338710949642263,1.471445868861595,0.0902071370943631,0.0,-0.0002
1478,18.93,0.004244031830238636,-1.0,0.0,0.41120539270813383,0.0,0.0,0.0,0.0,0.0,0.0,0.0,0,0,0.0,0.0,1.338710949642263,1.471445868861595,0.0902071370943631,0.0,-0.0002
1479,19.24,0.016376122556788098,-1.0,0.0,0.41120539270813383,0.0,0.0,0.0,0.0,0.0,0.0,0.0,0,0,0.0,0.0,1.338710949642263,1.471445868861595,0.0902071370943631,0.0,-0.0002
1480,19.09,-0.007796257796257723,-1.0,0.0,0.41120539270813383,0.0,0.0,0.0,0.0,0.0,0.0,0.0,0,0,-0.0,0.0,1.338710949642263,1.471445868861595,0.0902071370943631,0.0,-0.0002
1481,19.23,0.007333682556312235,-1.0,0.0,0.41120539270813383,0.0,0.0,0.0,0.0,0.0,0.0,0.0,0,0,0.0,0.0,1.338710949642263,1.471445868861595,0.0902071370943631,0.0,-0.0002
1482,19.83,0.031201248049921887,-1.0,0.0,0.41120539270813383,0.0,0.0,0.0,0.0,0.0,0.0,0.0,0,0,0.0,0.0,1.338710949642263,1.471445868861595,0.0902071370943631,0.0,-0.0002
1483,19.69,-0.007060010085728544,-1.0,0.0,0.41120539270813383,0.0,0.0,0.0,0.0,0.0,0.0,0.0,0,0,-0.0,0.0,1.338710949642263,1.471445868861595,0.0902071370943631,0.0,-0.0014350146179647083
1484,20.09,0.020314880650076108,-1.0,0.0,0.41120539270813383,0.0,0.0,0.0,0.0,0.0,0.0,0.0,0,0,0.0,0.0,1.338710949642263,1.471445868861595,0.0902071370943631,0.0,-0.000854257156393016
1485,19.81,-0.013937282229965214,-1.0,0.0,0.41120539270813383,0.0,0.0,0.0,0.0,0.0,0.0,0.0,0,0,-0.0,0.0,1.338710949642263,1.471445868861595,0.0902071370943631,0.0,-0.0018515009074395589
1486,19.68,-0.006562342251388138,-1.0,0.0,0.41120539270813383,0.0,0.0,0.0,0.0,0.0,0.0,0.0,0,0,-0.0,0.0,1.338710949642263,1.471445868861595,0.0902071370943631,0.0,-0.0013302400615344049
1487,19.8,0.006097560975609807,-1.0,0.0,0.41120539270813383,0.0,0.0,0.0,0.0,0.0,0.0,0.0,0,0,0.0,0.0,1.338710949642263,1.471445868861595,0.0902071370943631,0.0,-0.0005428237369435641
1488,19.42,-0.019191919191919142,-1.0,0.0,0.41120539270813383,0.0,0.0,0.0,0.0,0.0,0.0,0.0,0,0,-0.0,0.0,1.338710949642263,1.471445868861595,0.0902071370943631,0.0,-0.0002
1489,19.49,0.0036045314109164122,-1.0,0.0,0.41120539270813383,0.0,0.0,0.0,0.0,0.0,0.0,0.0,0,0,0.0,0.0,1.338710949642263,1.471445868861595,0.0902071370943631,0.0,-0.0002
1490,19.15,-0.01744484350949204,-1.0,0.0,0.41120539270813383,0.0,0.0,0.0,0.0,0.0,0.0,0.0,0,0,-0.0,0.0,1.338710949642263,1.471445868861595,0.0902071370943631,0.0,-0.0002
1491,18.78,-0.01932114882506514,-1.0,0.0,0.41120539270813383,0.0,0.0,0.0,0.0,0.0,0.0,0.0,0,0,-0.0,0.0,1.338710949642263,1.471445868861595,0.0902071370943631,0.0,-0.0002
1492,18.8,0.0010649627263045567,-1.0,0.0,0.41120539270813383,0.0,0.0,0.0,0.0,0.0,0.0,0.0,0,0,0.0,0.0,1.338710949642263,1.471445868861595,0.0902071370943631,0.0,-0.0002
1493,18.25,-0.029255319148936205,-1.0,0.0,0.41120539270813383,0.0,0.0,0.0,0.0,0.0,0.0,0.0,0,0,-0.0,0.0,1.338710949642263,1.471445868861595,0.0902071370943631,0.0,-0.0002
1494,19.5,0.0684931506849315,-1.0,0.0,0.41120539270813383,0.0,0.0,0.0,0.0,0.0,0.0,0.0,0,0,0.0,0.0,1.338710949642263,1.471445868861595,0.0902071370943631,0.0,-0.0002
1495,18.48,-0.052307692307692284,-1.0,0.0,0.41120539270813383,0.0,0.0,0.0,0.0,0.0,0.0,0.0,0,0,-0.0,0.0,1.338710949642263,1.471445868861595,0.0902071370943631,0.0,-0.0005604041744178117
1496,18.47,-0.0005411255411256257,-1.0,0.0,0.41120539270813383,0.0,0.0,0.0,0.0,0.0,0.0,0.0,0,0,-0.0,0.0,1.338710949642263,1.471445868861595,0.0902071370943631,0.0,-0.0002
1497,17.95,-0.028153762858689747,-1.0,0.0,0.41120539270813383,0.0,0.0,0.0,0.0,0.0,0.0,0.0,0,0,-0.0,0.0,1.338710949642263,1.471445868861595,0.0902071370943631,0.0,-0.0002
1498,17.91,-0.002228412256267362,-1.0,0.0,0.41120539270813383,0.0,0.0,0.0,0.0,0.0,0.0,0.0,0,0,-0.0,0.0,1.338710949642263,1.471445868861595,0.0902071370943631,0.0,-0.0002
1499,17.39,-0.02903405918481293,-1.0,0.0,0.41120539270813383,0.0,0.0,0.0,0.0,0.0,0.0,0.0,0,0,-0.0,0.0,1.338710949642263,1.471445868861595,0.0902071370943631,0.0,-0.0002
1500,17.63,0.013801035077630731,-1.0,0.0,0.41120539270813383,0.0,0.0,0.0,0.0,0.0,0.0,0.0,0,0,0.0,0.0,1.338710949642263,1.471445868861595,0.0902071370943631,0.0,-0.0002
1501,17.85,0.012478729438457313,-1.0,0.0,0.41120539270813383,0.0,0.0,0.0,0.0,0.0,0.0,0.0,0,0,0.0,0.0,1.338710949642263,1.471445868861595,0.0902071370943631,0.0,-0.0002
1502,17.81,-0.0022408963585435686,-1.0,0.0,0.41120539270813383,0.0,0.0,0.0,0.0,0.0,0.0,0.0,0,0,-0.0,0.0,1.338710949642263,1.471445868861595,0.0902071370943631,0.0,-0.0002
1503,17.87,0.003368893879842913,-1.0,0.0,0.41120539270813383,0.0,0.0,0.0,0.0,0.0,0.0,0.0,0,0,0.0,0.0,1.338710949642263,1.471445868861595,0.0902071370943631,0.0,-0.0002
1504,18.28,0.022943480693900398,-1.0,0.0,0.41120539270813383,0.0,0.0,0.0,0.0,0.0,0.0,0.0,0,0,0.0,0.0,1.338710949642263,1.471445868861595,0.0902071370943631,0.0,-0.0002
1505,17.78,-0.02735229759299781,-1.0,0.0,0.41120539270813383,0.0,0.0,0.0,0.0,0.0,0.0,0.0,0,0,-0.0,0.0,1.338710949642263,1.471445868861595,0.0902071370943631,0.0,-0.0026367787477816706
1506,17.88,0.00562429696287952,-1.0,0.0,0.41120539270813383,0.0,0.0,0.0,0.0,0.0,0.0,0.0,0,0,0.0,0.0,1.338710949642263,1.471445868861595,0.0902071370943631,0.0,-0.0002
1507,17.89,0.0005592841163311837,-1.0,0.0,0.41120539270813383,0.0,0.0,0.0,0.0,0.0,0.0,0.0,0,0,0.0,0.0,1.338710949642263,1.471445868861595,0.0902071370943631,0.0,-0.0002
1508,17.74,-0.008384572386808392,-1.0,0.0,0.41120539270813383,0.0,0.0,0.0,0.0,0.0,0.0,0.0,0,0,-0.0,0.0,1.338710949642263,1.471445868861595,0.0902071370943631,0.0,-0.0002
1509,19.61,0.10541149943630221,-1.0,0.0,0.41120539270813383,0.0,0.0,0.0,0.0,0.0,0.0,0.0,1,0,0.0,0.0,1.338710949642263,1.471445868861595,0.0902071370943631,0.0,-0.0002
1510,20.1,0.024987251402345843,1.0,0.1,0.41120539270813383,0.1,0.1,0.0,0.1,0.1,0.0,0.0,0,0,0.0,0.0001,1.3385770785472986,1.471445868861595,0.09029811638065371,9.097928629062113e-05,-0.005755391020571497
1511,20.69,0.029353233830845763,1.0,0.2,0.41063677371021656,0.2,0.2,0.1,0.2,0.1,0.1,0.0,0,0,0.0029353233830845763,0.0001,1.3423723774381648,1.471445868861595,0.08771881735839165,0.0,-0.004008635370821804
1512,22.03,0.06476558724021265,1.0,0.30000000000000004,0.4267574086828627,0.30000000000000004,0.30000000000000004,0.2,0.30000000000000004,0.10000000000000003,0.1,0.1,0,0,0.012953117448042532,0.00010000000000000003,1.3596260472643857,1.471445868861595,0.07599316017225986,0.0,0.006609524855130568
1513,24.22,0.0994098955969132,1.0,0.4,0.5000427629823639,0.4,0.4,0.30000000000000004,0.4,0.09999999999999998,0.10000000000000003,0.2,0,0,0.029822968679073962,9.999999999999998e-05,1.4000381696824782,1.471445868861595,0.04852893381280985,0.0,0.023948529482818035
1514,26.74,0.10404624277456646,1.0,0.5,0.6573553398287194,0.5,0.5,0.4,0.4,0.0,0.09999999999999998,0.30000000000000004,1,0,0.04161849710982659,0.0,1.4583056542010553,1.471445868861595,0.008930137994614664,0.0,0.03508888899673173
1515,25.03,-0.06394913986537014,1.0,0.5,0.8,0.5,0.5,0.4,0.5,0.09999999999999998,0.0,0.4,0,0,-0.025579655946148055,9.999999999999998e-05,1.4208568667368497,1.471445868861595,0.03438047106950945,0.025450333074894783,-0.06128181767090936
1516,24.83,-0.007990411506192683,1.0,0.6,0.7280976526457166,0.6,0.6,0.5,0.6,0.09999999999999998,0.09999999999999998,0.4,0,0,-0.003995205753096341,9.999999999999998e-05,1.4150381655218627,1.471445868861595,0.03833488171968769,0.003954410650178243,-0.005888067536655888
1517,23.62,-0.048731373338703074,1.0,0.7,0.7083255998813183,0.7,0.7,0.6,0.7,0.09999999999999998,0.09999999999999998,0.5,0,0,-0.029238824003221843,9.999999999999998e-05,1.373522609825775,1.471445868861595,0.06654900537495126,0.028214123655263566,-0.06525644037497903
1518,24.19,0.024132091447925497,-1.0,0.6,0.5590687304745416,0.5590687304745416,0.5590687304745416,0.7,0.5590687304745416,-0.1409312695254583,0.09999999999999998,0.6,0,0,0.016892464013547846,0.0001409312695254583,1.3965312187989265,1.471445868861595,0.05091227047354946,0.0,-0.005485607015878362
1519,23.63,-0.02315006200909476,-1.0,0.45906873047454166,0.6454386390784279,0.45906873047454166,0.45906873047454166,0.5590687304745416,0.45906873047454166,-0.09999999999999998,0.0,0.5590687304745416,0,0,-0.012942475777831523,9.999999999999998e-05,1.378316994204756,1.471445868861595,0.06329072419693531,0.012378453723385849,-0.019529059101147907
1520,22.56,-0.045281421921286515,-1.0,0.3590687304745417,0.5794329833244458,0.3590687304745417,0.3590687304745417,0.45906873047454166,0.3590687304745417,-0.09999999999999998,0.0,0.45906873047454166,0,0,-0.020787284875487082,9.999999999999998e-05,1.349527694498076,1.471445868861595,0.08285603768614516,0.019565313489209854,-0.040229828827544827
1521,22.74,0.007978723404255306,-1.0,0.2590687304745417,0.45714977048694583,0.2590687304745417,0.2590687304745417,0.3590687304745417,0.2590687304745417,-0.09999999999999998,0.0,0.3590687304745417,0,0,0.0028649100835734663,9.999999999999998e-05,1.3532590172286554,1.471445868861595,0.08032021709665511,0.0,0.002530081357592377
1522,25.11,0.10422163588390507,-1.0,0.1590687304745417,0.47299864553232596,0.1590687304745417,0.1590687304745417,0.2590687304745417,0.1590687304745417,-0.1,0.0,0.2590687304745417,1,0,0.027000566896423227,0.0001,1.3896624519498029,1.471445868861595,0.05558030957337563,0.0,0.02663082641809908
1523,25.23,0.004778972520908044,1.0,0.2590687304745417,0.6220984473868976,0.2590687304745417,0.2590687304745417,0.1590687304745417,0.2590687304745417,0.1,0.0,0.1590687304745417,0,0,0.0007601850918735628,0.0001,1.3905798863833165,1.471445868861595,0.05495681777328417,0.0,-0.004527921601423727
1524,25.29,0.002378121284185443,-1.0,0.1590687304745417,0.6252159193201845,0.1590687304745417,0.1590687304745417,0.2590687304745417,0.1590687304745417,-0.1,0.1,0.1590687304745417,0,0,0.0006160968620084095,0.0001,1.391297560299051,1.471445868861595,0.054469083952474545,0.0,-0.004832567675765062
1525,24.64,-0.02570185844207191,0.2786940932273865,0.18693813979728036,0.6276545874817542,0.18693813979728036,0.18693813979728036,0.1590687304745417,0.18693813979728036,0.027869409322738653,0.0,0.1590687304745417,0,0,-0.004088361993216761,2.7869409322738654e-05,1.3855706575910713,1.471445868861595,0.05836110800118134,0.0038920240487067964,-0.009693123153438232
1526,24.38,-0.010551948051948114,-1.0,0.08693813979728035,0.6081944532740383,0.08693813979728035,0.08693813979728035,0.18693813979728036,0.08693813979728035,-0.1,0.027869409322738653,0.1590687304745417,0,0,-0.0019725615400687166,0.0001,1.3826989771351004,1.471445868861595,0.06031271255337101,0.0019516045521896716,-0.008943559513147072
1527,24.69,0.012715340442986148,-1.0,0.0,0.5980455581099283,0.0,0.0,0.08693813979728035,0.0,-0.08693813979728035,0.0,0.08693813979728035,0,0,0.0011054480450023423,8.693813979728035e-05,1.3841072697392294,1.471445868861595,0.05935563174331135,0.0,-0.005324413839105764
1528,24.29,-0.016200891049007782,-1.0,0.0,0.6032218426515182,0.0,0.0,0.0,0.0,0.0,0.0,0.0,0,0,-0.0,0.0,1.3841072697392294,1.471445868861595,0.05935563174331135,0.0,-0.0008999721857105155
1529,24.08,-0.00864553314121041,-1.0,0.0,0.6032218426515182,0.0,0.0,0.0,0.0,0.0,0.0,0.0,0,0,-0.0,0.0,1.3841072697392294,1.471445868861595,0.05935563174331135,0.0,-0.0002
1530,23.87,-0.008720930232558028,-1.0,0.0,0.6032218426515182,0.0,0.0,0.0,0.0,0.0,0.0,0.0,0,0,-0.0,0.0,1.3841072697392294,1.471445868861595,0.05935563174331135,0.0,-0.0002
1531,23.28,-0.024717218265605356,-1.0,0.0,0.6032218426515182,0.0,0.0,0.0,0.0,0.0,0.0,0.0,0,0,-0.0,0.0,1.3841072697392294,1.471445868861595,0.05935563174331135,0.0,-0.0002
1532,22.71,-0.024484536082474237,-1.0,0.0,0.6032218426515182,0.0,0.0,0.0,0.0,0.0,0.0,0.0,0,0,-0.0,0.0,1.3841072697392294,1.471445868861595,0.05935563174331135,0.0,-0.0002
1533,23.36,0.0286217525319242,-1.0,0.0,0.6032218426515182,0.0,0.0,0.0,0.0,0.0,0.0,0.0,0,0,0.0,0.0,1.3841072697392294,1.471445868861595,0.05935563174331135,0.0,-0.0002
1534,23.78,0.017979452054794592,-1.0,0.0,0.6032218426515182,0.0,0.0,0.0,0.0,0.0,0.0,0.0,0,0,0.0,0.0,1.3841072697392294,1.471445868861595,0.05935563174331135,0.0,-0.0002
1535,23.21,-0.02396972245584526,-1.0,0.0,0.6032218426515182,0.0,0.0,0.0,0.0,0.0,0.0,0.0,0,0,-0.0,0.0,1.3841072697392294,1.471445868861595,0.05935563174331135,0.0,-0.0002
1536,23.67,0.019819043515726015,-1.0,0.0,0.6032218426515182,0.0,0.0,0.0,0.0,0.0,0.0,0.0,0,0,0.0,0.0,1.3841072697392294,1.471445868861595,0.05935563174331135,0.0,-0.0002
1537,25.01,0.05661174482467257,-1.0,0.0,0.6032218426515182,0.0,0.0,0.0,0.0,0.0,0.0,0.0,0,0,0.0,0.0,1.3841072697392294,1.471445868861595,0.05935563174331135,0.0,-0.0008926808138237085
1538,26.04,0.04118352658936415,1.0,0.1,0.6032218426515182,0.1,0.1,0.0,0.1,0.1,0.0,0.0,0,0,0.0,0.0001,1.3839688590122554,1.471445868861595,0.05944969618013704,9.406443682569154e-05,-0.006089793887248509
1539,24.75,-0.04953917050691241,1.0,0.2,0.6027515247513492,0.2,0.2,0.1,0.2,0.1,0.1,0.0,0,0,-0.0049539170506912415,0.0001,1.3769743951980677,1.471445868861595,0.06420315939764502,0.004753463217507983,-0.011163845321023689
1540,25.5,0.030303030303030304,-1.0,0.1,0.5737302623695741,0.1,0.1,0.2,0.1,-0.1,0.1,0.1,0,0,0.0060606060606060615,0.0001,1.3851819971233847,1.471445868861595,0.058625243078054605,0.0,0.002975793151248902
1541,23.9,-0.06274509803921574,0.13031066954135895,0.1130310669541359,0.6068737819839121,0.1130310669541359,0.1130310669541359,0.1,0.1130310669541359,0.01303106695413589,0.0,0.1,0,0,-0.0062745098039215744,1.303106695413589e-05,1.3764726087028702,1.471445868861595,0.064544175337012,0.005918932258957392,-0.011926243168227687
1542,22.95,-0.03974895397489537,-1.0,0.01303106695413589,0.5715988840914912,0.01303106695413589,0.01303106695413589,0.1130310669541359,0.01303106695413589,-0.1,0.01303106695413589,0.1,0,0,-0.004492866678093265,0.0001,1.3701506535250507,1.471445868861595,0.0688405992229349,0.004296423885922898,-0.004975519154894623
1543,22.27,-0.029629629629629617,-1.0,0.0,0.5447462465627894,0.0,0.0,0.01303106695413589,0.0,-0.01303106695413589,0.0,0.01303106695413589,0,0,-0.0003861056875299521,1.303106695413589e-05,1.3696037760400483,1.471445868861595,0.0692122591640685,0.000371659941133598,-0.0006447454888235636
1544,22.75,0.021553659631791667,-1.0,0.0,0.5424233883633702,0.0,0.0,0.0,0.0,0.0,0.0,0.0,0,0,0.0,0.0,1.3696037760400483,1.471445868861595,0.0692122591640685,0.0,-0.0002
1545,23.03,0.012307692307692358,-1.0,0.0,0.5424233883633702,0.0,0.0,0.0,0.0,0.0,0.0,0.0,0,0,0.0,0.0,1.3696037760400483,1.471445868861595,0.0692122591640685,0.0,-0.0002
1546,22.46,-0.024750325662179776,-1.0,0.0,0.5424233883633702,0.0,0.0,0.0,0.0,0.0,0.0,0.0,0,0,-0.0,0.0,1.3696037760400483,1.471445868861595,0.0692122591640685,0.0,-0.0002
1547,21.87,-0.026268922528940333,-1.0,0.0,0.5424233883633702,0.0,0.0,0.0,0.0,0.0,0.0,0.0,0,0,-0.0,0.0,1.3696037760400483,1.471445868861595,0.0692122591640685,0.0,-0.0002
1548,21.14,-0.033379058070416114,-1.0,0.0,0.5424233883633702,0.0,0.0,0.0,0.0,0.0,0.0,0.0,0,0,-0.0,0.0,1.3696037760400483,1.471445868861595,0.0692122591640685,0.0,-0.0002
1549,21.12,-0.0009460737937558928,-1.0,0.0,0.5424233883633702,0.0,0.0,0.0,0.0,0.0,0.0,0.0,0,0,-0.0,0.0,1.3696037760400483,1.471445868861595,0.0692122591640685,0.0,-0.0002
1550,21.35,0.010890151515151535,-1.0,0.0,0.5424233883633702,0.0,0.0,0.0,0.0,0.0,0.0,0.0,0,0,0.0,0.0,1.3696037760400483,1.471445868861595,0.0692122591640685,0.0,-0.0002
1551,20.88,-0.022014051522248355,-1.0,0.0,0.5424233883633702,0.0,0.0,0.0,0.0,0.0,0.0,0.0,0,0,-0.0,0.0,1.3696037760400483,1.471445868861595,0.0692122591640685,0.0,-0.0002
1552,21.22,0.016283524904214555,-1.0,0.0,0.5424233883633702,0.0,0.0,0.0,0.0,0.0,0.0,0.0,0,0,0.0,0.0,1.3696037760400483,1.471445868861595,0.0692122591640685,0.0,-0.0002
1553,21.59,0.017436380772855843,-1.0,0.0,0.5424233883633702,0.0,0.0,0.0,0.0,0.0,0.0,0.0,0,0,0.0,0.0,1.3696037760400483,1.471445868861595,0.0692122591640685,0.0,-0.0002
1554,21.27,-0.014821676702176947,-1.0,0.0,0.5424233883633702,0.0,0.0,0.0,0.0,0.0,0.0,0.0,0,0,-0.0,0.0,1.3696037760400483,1.471445868861595,0.0692122591640685,0.0,-0.0002
1555,20.91,-0.016925246826516194,-1.0,0.0,0.5424233883633702,0.0,0.0,0.0,0.0,0.0,0.0,0.0,0,0,-0.0,0.0,1.3696037760400483,1.471445868861595,0.0692122591640685,0.0,-0.0002
1556,21.57,0.031563845050215214,-1.0,0.0,0.5424233883633702,0.0,0.0,0.0,0.0,0.0,0.0,0.0,0,0,0.0,0.0,1.3696037760400483,1.471445868861595,0.0692122591640685,0.0,-0.0002
1557,21.63,0.002781641168289231,-1.0,0.0,0.5424233883633702,0.0,0.0,0.0,0.0,0.0,0.0,0.0,0,0,0.0,0.0,1.3696037760400483,1.471445868861595,0.0692122591640685,0.0,-0.0008245258738267834
1558,21.16,-0.021729079981507114,-1.0,0.0,0.5424233883633702,0.0,0.0,0.0,0.0,0.0,0.0,0.0,0,0,-0.0,0.0,1.3696037760400483,1.471445868861595,0.0692122591640685,0.0,-0.0003137198387630589
1559,21.17,0.00047258979206056534,-1.0,0.0,0.5424233883633702,0.0,0.0,0.0,0.0,0.0,0.0,0.0,0,0,0.0,0.0,1.3696037760400483,1.471445868861595,0.0692122591640685,0.0,-0.0002
1560,21.36,0.00897496457250816,-1.0,0.0,0.5424233883633702,0.0,0.0,0.0,0.0,0.0,0.0,0.0,0,0,0.0,0.0,1.3696037760400483,1.471445868861595,0.0692122591640685,0.0,-0.0002
1561,21.37,0.0004681647940075638,-1.0,0.0,0.5424233883633702,0.0,0.0,0.0,0.0,0.0,0.0,0.0,0,0,0.0,0.0,1.3696037760400483,1.471445868861595,0.0692122591640685,0.0,-0.0009062513851408722
1562,20.38,-0.04632662611137117,-1.0,0.0,0.5424233883633702,0.0,0.0,0.0,0.0,0.0,0.0,0.0,0,0,-0.0,0.0,1.3696037760400483,1.471445868861595,0.0692122591640685,0.0,-0.0002
1563,20.09,-0.01422963689892047,-1.0,0.0,0.5424233883633702,0.0,0.0,0.0,0.0,0.0,0.0,0.0,0,0,-0.0,0.0,1.3696037760400483,1.471445868861595,0.0692122591640685,0.0,-0.0002
1564,20.63,0.026879044300647047,-1.0,0.0,0.5424233883633702,0.0,0.0,0.0,0.0,0.0,0.0,0.0,0,0,0.0,0.0,1.3696037760400483,1.471445868861595,0.0692122591640685,0.0,-0.0002
1565,20.44,-0.0092098885118758,-1.0,0.0,0.5424233883633702,0.0,0.0,0.0,0.0,0.0,0.0,0.0,0,0,-0.0,0.0,1.3696037760400483,1.471445868861595,0.0692122591640685,0.0,-0.0002
1566,21.22,0.03816046966731886,-1.0,0.0,0.5424233883633702,0.0,0.0,0.0,0.0,0.0,0.0,0.0,0,0,0.0,0.0,1.3696037760400483,1.471445868861595,0.0692122591640685,0.0,-0.0002
1567,21.05,-0.00801131008482555,-1.0,0.0,0.5424233883633702,0.0,0.0,0.0,0.0,0.0,0.0,0.0,0,0,-0.0,0.0,1.3696037760400483,1.471445868861595,0.0692122591640685,0.0,-0.0002
1568,21.08,0.0014251781472682937,-1.0,0.0,0.5424233883633702,0.0,0.0,0.0,0.0,0.0,0.0,0.0,0,0,0.0,0.0,1.3696037760400483,1.471445868861595,0.0692122591640685,0.0,-0.0021081903275196805
1569,22.03,0.04506641366223923,-0.9349237084388733,0.0,0.5424233883633702,0.0,0.0,0.0,0.0,0.0,0.0,0.0,0,0,0.0,0.0,1.3696037760400483,1.471445868861595,0.0692122591640685,0.0,-0.0030812755703121474
1570,21.75,-0.012709940989559743,0.9031916260719299,0.090319162607193,0.5424233883633702,0.090319162607193,0.090319162607193,0.0,0.090319162607193,0.090319162607193,0.0,0.0,0,0,-0.0,9.0319162607193e-05,1.3694800745738929,1.471445868861595,0.06929632713338577,8.406796931727245e-05,-0.004806110679957435
1571,22.36,0.028045977011494225,-0.9967196583747864,0.0,0.5418979361667853,0.0,0.0,0.090319162607193,0.090319162607193,-0.0,0.090319162607193,0.0,0,0,0.0025330891581787436,0.0,1.3729490897031378,1.471445868861595,0.06693877175017023,0.0,-0.0013338430276676426
1572,21.64,-0.03220035778175308,-0.5225481390953064,0.038064348697662356,0.5566326700161808,0.038064348697662356,0.038064348697662356,0.090319162607193,0.038064348697662356,-0.05225481390953064,0.0,0.090319162607193,0,0,-0.0029083093504999485,5.2254813909530645e-05,1.368884385828604,1.471445868861595,0.06970115938572664,0.002762387635556418,-0.00757460875622261
1573,21.48,-0.0073937153419593405,-1.0,0.0,0.539367765562262,0.0,0.0,0.038064348697662356,0.0,-0.038064348697662356,0.0,0.038064348697662356,0,0,-0.0002814369589475962,3.806434869766236e-05,1.3684470254773164,1.471445868861595,0.06999839108180383,0.0002972316960771909,-0.0028903053091790597
1574,20.53,-0.04422718808193665,-1.0,0.0,0.5375100564227229,0.0,0.0,0.0,0.0,0.0,0.0,0.0,0,0,-0.0,0.0,1.3684470254773164,1.471445868861595,0.06999839108180383,0.0,-0.0016874668190633249
1575,19.74,-0.038480272771553956,-1.0,0.0,0.5375100564227229,0.0,0.0,0.0,0.0,0.0,0.0,0.0,0,0,-0.0,0.0,1.3684470254773164,1.471445868861595,0.06999839108180383,0.0,-0.0002
1576,19.58,-0.008105369807497475,-1.0,0.0,0.5375100564227229,0.0,0.0,0.0,0.0,0.0,0.0,0.0,0,0,-0.0,0.0,1.3684470254773164,1.471445868861595,0.06999839108180383,0.0,-0.0002
1577,19.7,0.006128702757916292,-1.0,0.0,0.5375100564227229,0.0,0.0,0.0,0.0,0.0,0.0,0.0,0,0,0.0,0.0,1.3684470254773164,1.471445868861595,0.06999839108180383,0.0,-0.0002
1578,20.28,0.029441624365482328,-1.0,0.0,0.5375100564227229,0.0,0.0,0.0,0.0,0.0,0.0,0.0,0,0,0.0,0.0,1.3684470254773164,1.471445868861595,0.06999839108180383,0.0,-0.0002
1579,19.66,-0.030571992110453697,-1.0,0.0,0.5375100564227229,0.0,0.0,0.0,0.0,0.0,0.0,0.0,0,0,-0.0,0.0,1.3684470254773164,1.471445868861595,0.06999839108180383,0.0,-0.0002
1580,19.57,-0.004577822990844347,-1.0,0.0,0.5375100564227229,0.0,0.0,0.0,0.0,0.0,0.0,0.0,0,0,-0.0,0.0,1.3684470254773164,1.471445868861595,0.06999839108180383,0.0,-0.0002
1581,18.78,-0.04036791006642816,-1.0,0.0,0.5375100564227229,0.0,0.0,0.0,0.0,0.0,0.0,0.0,0,0,-0.0,0.0,1.3684470254773164,1.471445868861595,0.06999839108180383,0.0,-0.0002
1582,18.75,-0.0015974440894569294,-1.0,0.0,0.5375100564227229,0.0,0.0,0.0,0.0,0.0,0.0,0.0,0,0,-0.0,0.0,1.3684470254773164,1.471445868861595,0.06999839108180383,0.0,-0.0002
1583,19.6,0.045333333333333406,-1.0,0.0,0.5375100564227229,0.0,0.0,0.0,0.0,0.0,0.0,0.0,0,0,0.0,0.0,1.3684470254773164,1.471445868861595,0.06999839108180383,0.0,-0.0002
1584,19.17,-0.021938775510204067,-1.0,0.0,0.5375100564227229,0.0,0.0,0.0,0.0,0.0,0.0,0.0,0,0,-0.0,0.0,1.3684470254773164,1.471445868861595,0.06999839108180383,0.0,-0.0002
1585,19.87,0.036515388628064645,-1.0,0.0,0.5375100564227229,0.0,0.0,0.0,0.0,0.0,0.0,0.0,0,0,0.0,0.0,1.3684470254773164,1.471445868861595,0.06999839108180383,0.0,-0.0002
1586,19.69,-0.009058882737795657,-1.0,0.0,0.5375100564227229,0.0,0.0,0.0,0.0,0.0,0.0,0.0,0,0,-0.0,0.0,1.3684470254773164,1.471445868861595,0.06999839108180383,0.0,-0.0003507480584216292
1587,19.8,0.00558659217877092,-1.0,0.0,0.5375100564227229,0.0,0.0,0.0,0.0,0.0,0.0,0.0,0,0,0.0,0.0,1.3684470254773164,1.471445868861595,0.06999839108180383,0.0,-0.002107049063702197
1588,20.24,0.022222222222222105,-1.0,0.0,0.5375100564227229,0.0,0.0,0.0,0.0,0.0,0.0,0.0,0,0,0.0,0.0,1.3684470254773164,1.471445868861595,0.06999839108180383,0.0,-0.0027690106383755453
1589,22.36,0.10474308300395263,-1.0,0.0,0.5375100564227229,0.0,0.0,0.0,0.0,0.0,0.0,0.0,1,0,0.0,0.0,1.3684470254773164,1.471445868861595,0.06999839108180383,0.0,-0.0021775410664562653
1590,22.03,-0.014758497316636776,1.0,0.1,0.5375100564227229,0.1,0.1,0.0,0.1,0.1,0.0,0.0,0,0,-0.0,0.0001,1.3683101807747686,1.471445868861595,0.07009139124269571,9.300016089187901e-05,-0.009466121730497686
1591,22.38,0.015887426236949515,1.0,0.2,0.5369288180039199,0.2,0.2,0.1,0.2,0.1,0.1,0.0,0,0,0.0015887426236949516,0.0001,1.3703472424633236,1.471445868861595,0.06870699666069793,0.0,-0.004590735509329845
1592,20.48,-0.08489722966934757,1.0,0.30000000000000004,0.5455812703831687,0.30000000000000004,0.30000000000000004,0.2,0.30000000000000004,0.10000000000000003,0.1,0.1,0,0,-0.016979445933869516,0.00010000000000000003,1.3469424708250441,1.471445868861595,0.08461296515982249,0.015905968499124554,-0.034513663822762296
1593,19.03,-0.07080078124999996,-1.0,0.20000000000000004,0.44616896510508786,0.20000000000000004,0.20000000000000004,0.30000000000000004,0.20000000000000004,-0.1,0.10000000000000003,0.2,0,0,-0.02124023437499999,0.0001,1.318198402807996,1.471445868861595,0.1041475390271482,0.01953457386732571,-0.042392972945103656
1594,19.51,0.025223331581713106,-1.0,0.10000000000000003,0.3370389420540761,0.10000000000000003,0.10000000000000003,0.20000000000000004,0.10000000000000003,-0.1,0.0,0.20000000000000004,0,0,0.005044666316342622,0.0001,1.3247164540486174,1.471445868861595,0.09971784753896311,0.0,0.004648666316342622
1595,20.58,0.054843669912865024,-1.0,2.7755575615628914e-17,0.35176344998801456,2.7755575615628914e-17,2.7755575615628914e-17,0.10000000000000003,2.7755575615628914e-17,-0.1,0.0,0.10000000000000003,0,0,0.005484366991286504,0.0001,1.331849213596611,1.471445868861595,0.0948703980344075,0.0,0.004834366991286505
1596,20.75,0.008260447035957323,-1.0,0.0,0.3820600252653009,0.0,0.0,2.7755575615628914e-17,0.0,-2.7755575615628914e-17,0.0,2.7755575615628914e-17,0,0,2.292734623254112e-19,2.7755575615628914e-20,1.331849213596611,1.471445868861595,0.0948703980344075,0.0,-0.0001999999999999999
1597,20.8,0.0024096385542169015,-1.0,0.0,0.3820600252653009,0.0,0.0,0.0,0.0,0.0,0.0,0.0,0,0,0.0,0.0,1.331849213596611,1.471445868861595,0.0948703980344075,0.0,-0.0002
1598,21.18,0.01826923076923072,-0.9609202742576599,0.0,0.3820600252653009,0.0,0.0,0.0,0.0,0.0,0.0,0.0,0,0,0.0,0.0,1.331849213596611,1.471445868861595,0.0948703980344075,0.0,-0.0020743875321546494
1599,20.82,-0.016997167138810172,1.0,0.1,0.3820600252653009,0.1,0.1,0.0,0.1,0.1,0.0,0.0,0,0,-0.0,0.0001,1.3317160286752512,1.471445868861595,0.0949609109946041,9.051296019660371e-05,-0.006625736544595592
1600,21.13,0.014889529298751139,-1.0,0.0,0.38149429336736485,0.0,0.0,0.1,0.1,-0.0,0.1,0.0,0,0,0.001488952929875114,0.0,1.3336988911579089,1.471445868861595,0.09361335039137801,0.0,-0.002398493094534495
1601,21.93,0.037860861334595396,-1.0,0.0,0.38991656937230323,0.0,0.0,0.1,0.0,-0.1,0.0,0.1,0,0,0.0037860861334595396,0.0001,1.3386150201468163,1.471445868861595,0.09027233113070286,0.0,0.00039757805220241133
1602,21.71,-0.01003191974464199,1.0,0.1,0.4107979390817498,0.1,0.1,0.0,0.1,0.1,0.0,0.0,0,0,-0.0,0.0001,1.3384811586448015,1.471445868861595,0.09036330389758986,9.097276688699307e-05,-0.004935588422361348
1603,22.27,0.025794564716720345,-1.0,0.0,0.41022936664996124,0.0,0.0,0.1,0.1,-0.0,0.1,0.0,0,0,0.0025794564716720347,0.0,1.341933712531679,1.471445868861595,0.08801693563495808,0.0,-0.000842824118553047
1604,21.65,-0.027840143691064256,-0.38702160120010376,0.06129783987998963,0.42489415817400483,0.06129783987998963,0.06129783987998963,0.1,0.06129783987998963,-0.038702160120010376,0.0,0.1,0,0,-0.0027840143691064256,3.870216012001038e-05,1.3381458140601896,1.471445868861595,0.09059120530511588,0.0025742696701578083,-0.007556729111975851
1605,22.23,0.026789838337182535,-1.0,0.0,0.4088049553382512,0.0,0.0,0.06129783987998963,0.0,-0.06129783987998963,0.0,0.06129783987998963,0,0,0.0016421592208034227,6.129783987998963e-05,1.3402612370996816,1.471445868861595,0.08915355606211071,0.0,-0.002238002694558153
1606,22.24,0.0004498425551056235,0.6482797265052795,0.06482797265052796,0.4177902624056592,0.06482797265052796,0.06482797265052796,0.0,0.06482797265052796,0.06482797265052796,0.0,0.0,0,0,0.0,6.482797265052796e-05,1.3401743506808583,1.471445868861595,0.08921260439046715,5.904832835643137e-05,-0.0045193148637312445
1607,22.11,-0.00584532374100715,-1.0,0.0,0.417421225835477,0.0,0.0,0.06482797265052796,0.06482797265052796,-0.0,0.06482797265052796,0.0,0,0,-0.0003789404876154933,0.0,1.3396665043589215,1.471445868861595,0.08955773861027348,0.00034513421980633674,-0.0024832613124803307
1608,21.8,-0.014020805065581128,-1.0,0.0,0.41526414305433534,0.0,0.0,0.06482797265052796,0.0,-0.06482797265052796,0.0,0.06482797265052796,0,0,-0.0009089403673298772,6.482797265052796e-05,1.3383619795308446,1.471445868861595,0.09044429845979497,0.0008865598495214899,-0.003678752451106953
1609,20.99,-0.0371559633027524,-1.0,0.0,0.40972314626454165,0.0,0.0,0.0,0.0,0.0,0.0,0.0,0,0,-0.0,0.0,1.3383619795308446,1.471445868861595,0.09044429845979497,0.0,-0.0002
1610,20.22,-0.036684135302525,-1.0,0.0,0.40972314626454165,0.0,0.0,0.0,0.0,0.0,0.0,0.0,0,0,-0.0,0.0,1.3383619795308446,1.471445868861595,0.09044429845979497,0.0,-0.0002
1611,20.1,-0.005934718100890081,-1.0,0.0,0.40972314626454165,0.0,0.0,0.0,0.0,0.0,0.0,0.0,0,0,-0.0,0.0,1.3383619795308446,1.471445868861595,0.09044429845979497,0.0,-0.0002
1612,20.07,-0.0014925373134328922,-1.0,0.0,0.40972314626454165,0.0,0.0,0.0,0.0,0.0,0.0,0.0,0,0,-0.0,0.0,1.3383619795308446,1.471445868861595,0.09044429845979497,0.0,-0.0002
1613,20.07,0.0,-1.0,0.0,0.40972314626454165,0.0,0.0,0.0,0.0,0.0,0.0,0.0,0,0,0.0,0.0,1.3383619795308446,1.471445868861595,0.09044429845979497,0.0,-0.0002
1614,20.35,0.013951170901843604,-1.0,0.0,0.40972314626454165,0.0,0.0,0.0,0.0,0.0,0.0,0.0,0,0,0.0,0.0,1.3383619795308446,1.471445868861595,0.09044429845979497,0.0,-0.0002
1615,19.9,-0.02211302211302225,-1.0,0.0,0.40972314626454165,0.0,0.0,0.0,0.0,0.0,0.0,0.0,0,0,-0.0,0.0,1.3383619795308446,1.471445868861595,0.09044429845979497,0.0,-0.0002
1616,20.06,0.008040201005025133,-1.0,0.0,0.40972314626454165,0.0,0.0,0.0,0.0,0.0,0.0,0.0,0,0,0.0,0.0,1.3383619795308446,1.471445868861595,0.09044429845979497,0.0,-0.0002
1617,19.85,-0.010468594217347822,-1.0,0.0,0.40972314626454165,0.0,0.0,0.0,0.0,0.0,0.0,0.0,0,0,-0.0,0.0,1.3383619795308446,1.471445868861595,0.09044429845979497,0.0,-0.0002
1618,19.94,0.004534005037783368,-1.0,0.0,0.40972314626454165,0.0,0.0,0.0,0.0,0.0,0.0,0.0,0,0,0.0,0.0,1.3383619795308446,1.471445868861595,0.09044429845979497,0.0,-0.0002
1619,19.7,-0.012036108324975025,-1.0,0.0,0.40972314626454165,0.0,0.0,0.0,0.0,0.0,0.0,0.0,0,0,-0.0,0.0,1.3383619795308446,1.471445868861595,0.09044429845979497,0.0,-0.0002
1620,20.29,0.029949238578680197,-1.0,0.0,0.40972314626454165,0.0,0.0,0.0,0.0,0.0,0.0,0.0,0,0,0.0,0.0,1.3383619795308446,1.471445868861595,0.09044429845979497,0.0,-0.0002
1621,20.55,0.012814194184327332,-1.0,0.0,0.40972314626454165,0.0,0.0,0.0,0.0,0.0,0.0,0.0,0,0,0.0,0.0,1.3383619795308446,1.471445868861595,0.09044429845979497,0.0,-0.0005331333444217492
1622,20.57,0.0009732360097323393,-1.0,0.0,0.40972314626454165,0.0,0.0,0.0,0.0,0.0,0.0,0.0,0,0,0.0,0.0,1.3383619795308446,1.471445868861595,0.09044429845979497,0.0,-0.0012876644106012433
1623,20.05,-0.025279533300923654,-1.0,0.0,0.40972314626454165,0.0,0.0,0.0,0.0,0.0,0.0,0.0,0,0,-0.0,0.0,1.3383619795308446,1.471445868861595,0.09044429845979497,0.0,-0.002085284173639268
1624,19.88,-0.008478802992518788,-1.0,0.0,0.40972314626454165,0.0,0.0,0.0,0.0,0.0,0.0,0.0,0,0,-0.0,0.0,1.3383619795308446,1.471445868861595,0.09044429845979497,0.0,-0.0002
1625,19.66,-0.011066398390341996,-1.0,0.0,0.40972314626454165,0.0,0.0,0.0,0.0,0.0,0.0,0.0,0,0,-0.0,0.0,1.3383619795308446,1.471445868861595,0.09044429845979497,0.0,-0.0002
1626,19.87,0.01068158697863687,-1.0,0.0,0.40972314626454165,0.0,0.0,0.0,0.0,0.0,0.0,0.0,0,0,0.0,0.0,1.3383619795308446,1.471445868861595,0.09044429845979497,0.0,-0.0002
1627,19.54,-0.016607951685958824,-1.0,0.0,0.40972314626454165,0.0,0.0,0.0,0.0,0.0,0.0,0.0,0,0,-0.0,0.0,1.3383619795308446,1.471445868861595,0.09044429845979497,0.0,-0.0002
1628,19.41,-0.006653019447287564,-1.0,0.0,0.40972314626454165,0.0,0.0,0.0,0.0,0.0,0.0,0.0,0,0,-0.0,0.0,1.3383619795308446,1.471445868861595,0.09044429845979497,0.0,-0.0002
1629,19.25,-0.008243173621844417,-1.0,0.0,0.40972314626454165,0.0,0.0,0.0,0.0,0.0,0.0,0.0,0,0,-0.0,0.0,1.3383619795308446,1.471445868861595,0.09044429845979497,0.0,-0.0002
1630,19.01,-0.012467532467532386,-1.0,0.0,0.40972314626454165,0.0,0.0,0.0,0.0,0.0,0.0,0.0,0,0,-0.0,0.0,1.3383619795308446,1.471445868861595,0.09044429845979497,0.0,-0.0002
1631,18.89,-0.006312467122567122,-1.0,0.0,0.40972314626454165,0.0,0.0,0.0,0.0,0.0,0.0,0.0,0,0,-0.0,0.0,1.3383619795308446,1.471445868861595,0.09044429845979497,0.0,-0.0002
1632,19.05,0.008470089994706201,-1.0,0.0,0.40972314626454165,0.0,0.0,0.0,0.0,0.0,0.0,0.0,0,0,0.0,0.0,1.3383619795308446,1.471445868861595,0.09044429845979497,0.0,-0.0002
1633,19.03,-0.0010498687664041771,-1.0,0.0,0.40972314626454165,0.0,0.0,0.0,0.0,0.0,0.0,0.0,0,0,-0.0,0.0,1.3383619795308446,1.471445868861595,0.09044429845979497,0.0,-0.0002
1634,18.08,-0.04992117708880729,-1.0,0.0,0.40972314626454165,0.0,0.0,0.0,0.0,0.0,0.0,0.0,0,0,-0.0,0.0,1.3383619795308446,1.471445868861595,0.09044429845979497,0.0,-0.0002
1635,16.18,-0.10508849557522117,-1.0,0.0,0.40972314626454165,0.0,0.0,0.0,0.0,0.0,0.0,0.0,0,1,-0.0,0.0,1.3383619795308446,1.471445868861595,0.09044429845979497,0.0,-0.0002
1636,14.47,-0.10568603213844247,-1.0,0.0,0.40972314626454165,0.0,0.0,0.0,0.0,0.0,0.0,0.0,0,1,-0.0,0.0,1.3383619795308446,1.471445868861595,0.09044429845979497,0.0,-0.0002
1637,15.36,0.06150656530753274,-1.0,0.0,0.40972314626454165,0.0,0.0,0.0,0.0,0.0,0.0,0.0,0,0,0.0,0.0,1.3383619795308446,1.471445868861595,0.09044429845979497,0.0,-0.0002
1638,16.99,0.1061197916666666,-1.0,0.0,0.40972314626454165,0.0,0.0,0.0,0.0,0.0,0.0,0.0,1,0,0.0,0.0,1.3383619795308446,1.471445868861595,0.09044429845979497,0.0,-0.0002
1639,16.83,-0.009417304296645095,-1.0,0.0,0.40972314626454165,0.0,0.0,0.0,0.0,0.0,0.0,0.0,0,0,-0.0,0.0,1.3383619795308446,1.471445868861595,0.09044429845979497,0.0,-0.0002
1640,16.95,0.00713012477718366,-1.0,0.0,0.40972314626454165,0.0,0.0,0.0,0.0,0.0,0.0,0.0,0,0,0.0,0.0,1.3383619795308446,1.471445868861595,0.09044429845979497,0.0,-0.0002
1641,17.13,0.010619469026548657,-1.0,0.0,0.40972314626454165,0.0,0.0,0.0,0.0,0.0,0.0,0.0,0,0,0.0,0.0,1.3383619795308446,1.471445868861595,0.09044429845979497,0.0,-0.0005449043470706171
1642,16.53,-0.03502626970227658,0.9390735030174255,0.09390735030174256,0.40972314626454165,0.09390735030174256,0.09390735030174256,0.0,0.09390735030174256,0.09390735030174256,0.0,0.0,0,0,-0.0,9.390735030174256e-05,1.3382362975036022,1.471445868861595,0.09052971242567849,8.541396588351846e-05,-0.005617435584534192
1643,16.43,-0.0060496067755596745,-1.0,0.0,0.4091893121647854,0.0,0.0,0.09390735030174256,0.09390735030174256,-0.0,0.09390735030174256,0.0,0,0,-0.0005681025426602776,0.0,1.3374760420603102,1.471445868861595,0.09104638480852335,0.0005166723828448627,-0.001995005681773397
1644,16.59,0.00973828362751066,-1.0,0.0,0.4059600908357731,0.0,0.0,0.09390735030174256,0.0,-0.09390735030174256,0.0,0.09390735030174256,0,0,0.0009144964119463679,9.390735030174256e-05,1.3385735602706366,1.471445868861595,0.09030050741435497,0.0,0.00029191333558852635
1645,16.84,0.015069318866787222,-1.0,0.0,0.4106218259828943,0.0,0.0,0.0,0.0,0.0,0.0,0.0,0,0,0.0,0.0,1.3385735602706366,1.471445868861595,0.09030050741435497,0.0,-0.0002
1646,16.81,-0.0017814726840855782,-1.0,0.0,0.4106218259828943,0.0,0.0,0.0,0.0,0.0,0.0,0.0,0,0,-0.0,0.0,1.3385735602706366,1.471445868861595,0.09030050741435497,0.0,-0.0002
1647,17.27,0.0273646638905414,-1.0,0.0,0.4106218259828943,0.0,0.0,0.0,0.0,0.0,0.0,0.0,0,0,0.0,0.0,1.3385735602706366,1.471445868861595,0.09030050741435497,0.0,-0.0002
1648,16.95,-0.01852924145917778,-0.7366121411323547,0.0,0.4106218259828943,0.0,0.0,0.0,0.0,0.0,0.0,0.0,0,0,-0.0,0.0,1.3385735602706366,1.471445868861595,0.09030050741435497,0.0,-0.002676318988628784
1649,17.27,0.018879056047197657,-1.0,0.0,0.4106218259828943,0.0,0.0,0.0,0.0,0.0,0.0,0.0,0,0,0.0,0.0,1.3385735602706366,1.471445868861595,0.09030050741435497,0.0,-0.0015859108185828472
1650,17.03,-0.013896931094383233,-0.46732640266418457,0.0,0.4106218259828943,0.0,0.0,0.0,0.0,0.0,0.0,0.0,0,0,-0.0,0.0,1.3385735602706366,1.471445868861595,0.09030050741435497,0.0,-0.0028507440075583044
1651,17.12,0.005284791544333521,-1.0,0.0,0.4106218259828943,0.0,0.0,0.0,0.0,0.0,0.0,0.0,0,0,0.0,0.0,1.3385735602706366,1.471445868861595,0.09030050741435497,0.0,-0.000868882652435097
1652,17.09,-0.0017523364485981972,-1.0,0.0,0.4106218259828943,0.0,0.0,0.0,0.0,0.0,0.0,0.0,0,0,-0.0,0.0,1.3385735602706366,1.471445868861595,0.09030050741435497,0.0,-0.0016108239521178279
1653,17.84,0.04388531304856641,-1.0,0.0,0.4106218259828943,0.0,0.0,0.0,0.0,0.0,0.0,0.0,0,0,0.0,0.0,1.3385735602706366,1.471445868861595,0.09030050741435497,0.0,-0.0002
1654,17.66,-0.010089686098654693,1.0,0.1,0.4106218259828943,0.1,0.1,0.0,0.1,0.1,0.0,0.0,0,0,-0.0,0.0001,1.3384397029146096,1.471445868861595,0.09039147736361348,9.096994925851531e-05,-0.004568027437563162
1655,18.06,0.022650056625141482,-1.0,0.0,0.4100532535511058,0.0,0.0,0.1,0.1,-0.0,0.1,0.0,0,0,0.002265005662514148,0.0,1.341471276420645,1.471445868861595,0.08833120890917096,0.0,-0.0001723796864561493
1656,17.72,-0.018826135105204866,-0.09751521050930023,0.09024847894906998,0.4229299522980612,0.09024847894906998,0.09024847894906998,0.1,0.09024847894906998,-0.009751521050930023,0.0,0.1,0,0,-0.0018826135105204868,9.751521050930023e-06,1.338932723086289,1.471445868861595,0.09005641904980617,0.0017252101406352166,-0.006701077752753985
1657,18.3,0.03273137697516941,-1.0,0.0,0.4121473789262051,0.0,0.0,0.09024847894906998,0.0,-0.09024847894906998,0.0,0.09024847894906998,0,0,0.0029539569859176502,9.024847894906999e-05,1.3427670361156498,1.471445868861595,0.08745060587617767,0.0,-0.0009458035554538766
1658,18.12,-0.009836065573770475,1.0,0.1,0.4284336961848712,0.1,0.1,0.0,0.1,0.1,0.0,0.0,0,0,-0.0,0.0001,1.3426327594120382,1.471445868861595,0.08754186081559012,9.125493941244955e-05,-0.00546026970594195
1659,18.58,0.025386313465783513,-1.0,0.0,0.42786335424019095,0.0,0.0,0.1,0.1,-0.0,0.1,0.0,0,0,0.0025386313465783515,0.0,1.3460412090220244,1.471445868861595,0.08522546598101614,0.0,0.00048324502661989497
1660,18.13,-0.02421959095801934,-0.19156888127326965,0.08084311187267304,0.4423408567944841,0.08084311187267304,0.08084311187267304,0.1,0.08084311187267304,-0.019156888127326965,0.0,0.1,0,0,-0.002421959095801934,1.9156888127326965e-05,1.3427553663116532,1.471445868861595,0.0874585367177014,0.002233070736685258,-0.007020644119522744
1661,18.25,0.00661886376172096,-1.0,0.0,0.4283841498239029,0.0,0.0,0.08084311187267304,0.0,-0.08084311187267304,0.0,0.08084311187267304,0,0,0.0005350895435587891,8.084311187267304e-05,1.3433653081454275,1.471445868861595,0.08704401801423985,0.0,-0.0015601405624185748
1662,18.08,-0.009315068493150778,-0.09621767699718475,0.0,0.43097490296190344,0.0,0.0,0.0,0.0,0.0,0.0,0.0,0,0,-0.0,0.0,1.3433653081454275,1.471445868861595,0.08704401801423985,0.0,-0.0033785083754184265
1663,18.09,0.0005530973451328299,-1.0,0.0,0.43097490296190344,0.0,0.0,0.0,0.0,0.0,0.0,0.0,0,0,0.0,0.0,1.3433653081454275,1.471445868861595,0.08704401801423985,0.0,-0.0004586863851474704
1664,18.0,-0.004975124378109445,-1.0,0.0,0.43097490296190344,0.0,0.0,0.0,0.0,0.0,0.0,0.0,0,0,-0.0,0.0,1.3433653081454275,1.471445868861595,0.08704401801423985,0.0,-0.0009513616718575299
1665,18.08,0.00444444444444435,-1.0,0.0,0.43097490296190344,0.0,0.0,0.0,0.0,0.0,0.0,0.0,0,0,0.0,0.0,1.3433653081454275,1.471445868861595,0.08704401801423985,0.0,-0.0002
1666,17.82,-0.014380530973451218,-1.0,0.0,0.43097490296190344,0.0,0.0,0.0,0.0,0.0,0.0,0.0,0,0,-0.0,0.0,1.3433653081454275,1.471445868861595,0.08704401801423985,0.0,-0.0006389687453376971
1667,17.79,-0.0016835016835017472,-1.0,0.0,0.43097490296190344,0.0,0.0,0.0,0.0,0.0,0.0,0.0,0,0,-0.0,0.0,1.3433653081454275,1.471445868861595,0.08704401801423985,0.0,-0.0002
1668,17.5,-0.016301292861157907,-1.0,0.0,0.43097490296190344,0.0,0.0,0.0,0.0,0.0,0.0,0.0,0,0,-0.0,0.0,1.3433653081454275,1.471445868861595,0.08704401801423985,0.0,-0.0002
1669,17.61,0.006285714285714253,-1.0,0.0,0.43097490296190344,0.0,0.0,0.0,0.0,0.0,0.0,0.0,0,0,0.0,0.0,1.3433653081454275,1.471445868861595,0.08704401801423985,0.0,-0.0002
1670,18.73,0.06360022714366843,-1.0,0.0,0.43097490296190344,0.0,0.0,0.0,0.0,0.0,0.0,0.0,0,0,0.0,0.0,1.3433653081454275,1.471445868861595,0.08704401801423985,0.0,-0.0002
1671,17.96,-0.04111051788574477,-0.02924671582877636,0.0,0.43097490296190344,0.0,0.0,0.0,0.0,0.0,0.0,0.0,0,0,-0.0,0.0,1.3433653081454275,1.471445868861595,0.08704401801423985,0.0,-0.0036574115285153003
1672,17.82,-0.007795100222717181,-1.0,0.0,0.43097490296190344,0.0,0.0,0.0,0.0,0.0,0.0,0.0,0,0,-0.0,0.0,1.3433653081454275,1.471445868861595,0.08704401801423985,0.0,-0.0006535029292892426
1673,18.46,0.03591470258136928,-1.0,0.0,0.43097490296190344,0.0,0.0,0.0,0.0,0.0,0.0,0.0,0,0,0.0,0.0,1.3433653081454275,1.471445868861595,0.08704401801423985,0.0,-0.0002
1674,19.59,0.061213434452871016,-0.08031052350997925,0.0,0.43097490296190344,0.0,0.0,0.0,0.0,0.0,0.0,0.0,0,0,0.0,0.0,1.3433653081454275,1.471445868861595,0.08704401801423985,0.0,-0.004078205282973152
1675,19.34,-0.012761613067891782,1.0,0.1,0.43097490296190344,0.1,0.1,0.0,0.1,0.1,0.0,0.0,0,0,-0.0,0.0001,1.343230971614613,1.471445868861595,0.08713531361243847,9.129559819862076e-05,-0.007402080808083884
1676,19.46,0.0062047569803516545,-0.9928202033042908,0.0007179796695709201,0.43040428162045086,0.0007179796695709201,0.0007179796695709201,0.1,0.1,-0.0,0.1,0.0,0,0,0.0006204756980351655,0.0,1.344064413789348,1.471445868861595,0.08656890325894043,0.0,-0.002546543466663355
1677,19.19,-0.013874614594039032,0.28830376267433167,0.12883037626743318,0.4339443318587332,0.12883037626743318,0.12883037626743318,0.1,0.12883037626743318,0.028830376267433178,0.0,0.1,0,0,-0.0013874614594039034,2.883037626743318e-05,1.3421608263334817,1.471445868861595,0.0878625882637032,0.0012936850047627763,-0.006720676160966988
1678,19.43,0.012506513809275583,-0.7306810021400452,0.055762276053428664,0.4258588220967674,0.055762276053428664,0.055762276053428664,0.12883037626743318,0.055762276053428664,-0.07306810021400452,0.028830376267433178,0.1,0,0,0.0016112188798428225,7.306810021400452e-05,1.3442252720548937,1.471445868861595,0.08645958339271244,0.0,-0.003917998909271772
1679,19.69,0.013381369016984127,-0.02249426767230034,0.05351284928619863,0.4346275966655828,0.05351284928619863,0.05351284928619863,0.055762276053428664,0.05351284928619863,-0.0022494267672300353,0.0,0.055762276053428664,0,0,0.0007461755930978662,2.2494267672300353e-06,1.3452252764082184,1.471445868861595,0.08577997677279758,0.0,-0.0035779659119912367
1680,19.93,0.012188928390045628,-0.7792202830314636,0.0,0.4388751260976541,0.0,0.0,0.05351284928619863,0.0,-0.05351284928619863,0.0,0.05351284928619863,0,0,0.0006522642878967794,5.351284928619863e-05,1.3460307319777232,1.471445868861595,0.0852325862186837,0.0,-0.0020824347893797033
1681,20.25,0.016056196688409446,0.7418824434280396,0.07418824434280395,0.4422963395754186,0.07418824434280395,0.07418824434280395,0.0,0.07418824434280395,0.07418824434280395,0.0,0.0,0,0,0.0,7.418824434280395e-05,1.3459308723208863,1.471445868861595,0.08530045120709415,6.786498841045152e-05,-0.0038658081300838774
1682,19.63,-0.030617283950617333,0.28995561599731445,0.1031838059425354,0.4418721687088205,0.1031838059425354,0.1031838059425354,0.07418824434280395,0.1031838059425354,0.028995561599731448,0.07418824434280395,0.0,0,0,-0.002271442542841409,2.899556159973145e-05,1.3428346416562555,1.471445868861595,0.08740466090325251,0.002104209696158363,-0.00650642455424233
1683,20.19,0.028527763627101493,-1.0,0.003183805942535395,0.4287208695007467,0.003183805942535395,0.003183805942535395,0.1031838059425354,0.028995561599731448,-0.07418824434280395,0.028995561599731448,0.07418824434280395,0,0,0.0029436032260733605,7.418824434280395e-05,1.3466877914950108,1.471445868861595,0.08478604616499079,0.0,-6.845477100592725e-05
1684,19.84,-0.01733531451213479,0.4394743740558624,0.0729429990053177,0.44508723393469896,0.0729429990053177,0.0729429990053177,0.028995561599731448,0.0729429990053177,0.04394743740558625,0.0,0.028995561599731448,0,0,-0.0005026471797873228,4.394743740558625e-05,1.3459516991971403,1.471445868861595,0.08528629718573681,0.0005002510207460231,-0.004621872244013645
1685,19.62,-0.011088709677419298,-1.0,0.0,0.4419606443534068,0.0,0.0,0.0729429990053177,0.04394743740558625,-0.028995561599731448,0.04394743740558625,0.028995561599731448,0,0,-0.0008088437389702526,2.899556159973145e-05,1.3448240079668838,1.471445868861595,0.0860526802747246,0.0007663830889877848,-0.0027006393317966304
1686,19.23,-0.01987767584097862,-1.0,0.0,0.4371707592200217,0.0,0.0,0.04394743740558625,0.0,-0.04394743740558625,0.0,0.04394743740558625,0,0,-0.000873572914789942,4.394743740558625e-05,1.3435901045694532,1.471445868861595,0.08689124554140702,0.0008385652666824256,-0.0013287176189025467
1687,19.32,0.004680187207488292,-1.0,0.0,0.43192969486537536,0.0,0.0,0.0,0.0,0.0,0.0,0.0,0,0,0.0,0.0,1.3435901045694532,1.471445868861595,0.08689124554140702,0.0,-0.0002
1688,20.01,0.03571428571428578,-1.0,0.0,0.43192969486537536,0.0,0.0,0.0,0.0,0.0,0.0,0.0,0,0,0.0,0.0,1.3435901045694532,1.471445868861595,0.08689124554140702,0.0,-0.0002
1689,20.07,0.002998500749625123,-1.0,0.0,0.43192969486537536,0.0,0.0,0.0,0.0,0.0,0.0,0.0,0,0,0.0,0.0,1.3435901045694532,1.471445868861595,0.08689124554140702,0.0,-0.0008205494021048314
1690,20.38,0.015445939212755293,-1.0,0.0,0.43192969486537536,0.0,0.0,0.0,0.0,0.0,0.0,0.0,0,0,0.0,0.0,1.3435901045694532,1.471445868861595,0.08689124554140702,0.0,-0.0019458368284154676
1691,20.41,0.0014720314033366605,0.0492485947906971,0.00492485947906971,0.43192969486537536,0.00492485947906971,0.00492485947906971,0.0,0.00492485947906971,0.00492485947906971,0.0,0.0,0,0,0.0,4.92485947906971e-06,1.3435834875769905,1.471445868861595,0.08689574247371194,4.496932304920431e-06,-0.003667514613174328
1692,20.43,0.0009799118079372648,0.1714501827955246,0.02206987775862217,0.4319016154897514,0.02206987775862217,0.02206987775862217,0.00492485947906971,0.02206987775862217,0.01714501827955246,0.00492485947906971,0.0,0,0,4.825927955972176e-06,1.714501827955246e-05,1.3435669358506497,1.471445868861595,0.08690699108753534,1.1248613823400255e-05,-0.004669933008623581
1693,20.19,-0.011747430249632816,-0.4112219214439392,0.0,0.4318313006353697,0.0,0.0,0.02206987775862217,0.01714501827955246,-0.004924859479069711,0.01714501827955246,0.004924859479069711,0,0,-0.00025926434958733655,4.924859479069711e-06,1.3432119799645394,1.471445868861595,0.08714822040736403,0.0002412293198286869,-0.004545824322938811
1694,22.31,0.1050024764735016,-1.0,0.0,0.43032362908549115,0.0,0.0,0.01714501827955246,0.0,-0.01714501827955246,0.0,0.01714501827955246,1,0,0.001800269378536462,1.714501827955246e-05,1.345607093967003,1.471445868861595,0.08552049216186858,0.0,0.00040907760874362407
1695,22.84,0.023756163155535685,1.0,0.1,0.440496931229049,0.1,0.1,0.0,0.1,0.1,0.0,0.0,0,0,0.0,0.0001,1.3454725332576063,1.471445868861595,0.08561194011265244,9.144795078386281e-05,-0.008267432633665774
1696,23.01,0.007443082311733875,1.0,0.2,0.4399253785650218,0.2,0.2,0.1,0.2,0.1,0.1,0.0,0,0,0.0007443082311733876,0.0001,1.3463394322856017,1.471445868861595,0.08502279235918048,0.0,-0.006638294350938989
1697,25.41,0.10430247718383305,1.0,0.30000000000000004,0.4436075486281869,0.30000000000000004,0.30000000000000004,0.2,0.2,0.0,0.1,0.1,1,0,0.020860495436766612,0.0,1.3744247398691345,1.471445868861595,0.06593591449444368,0.0,0.013787051060311502
1698,25.63,0.008658008658008613,1.0,0.30000000000000004,0.562900517509315,0.30000000000000004,0.30000000000000004,0.2,0.30000000000000004,0.10000000000000003,0.0,0.2,0,0,0.0017316017316017227,0.00010000000000000003,1.3766672536546614,1.471445868861595,0.06441189391510574,0.0,-0.00685197013611452
1699,25.19,-0.01716738197424884,1.0,0.4,0.5724256657070854,0.4,0.4,0.30000000000000004,0.4,0.09999999999999998,0.10000000000000003,0.2,0,0,-0.005150214592274653,9.999999999999998e-05,1.369439455150817,1.471445868861595,0.06932393224203118,0.004912038326925439,-0.01150714852189782
1700,25.03,-0.006351726875744348,0.5271095633506775,0.45271095633506775,0.5417254086598421,0.45271095633506775,0.45271095633506775,0.4,0.45271095633506775,0.05271095633506773,0.09999999999999998,0.30000000000000004,0,0,-0.0025406907502977393,5.2710956335067725e-05,1.3658879485306987,1.471445868861595,0.07173754914447697,0.002413616902445792,-0.006357337119332956
1701,24.95,-0.0031961646024771012,-1.0,0.35271095633506777,0.526640311257885,0.35271095633506777,0.35271095633506777,0.45271095633506775,0.35271095633506777,-0.09999999999999998,0.05271095633506773,0.4,0,0,-0.0014469387337917002,9.999999999999998e-05,1.3637750035570975,1.471445868861595,0.07317351428482968,0.001435965140352713,-0.00638441344783077
1702,26.28,0.053306613226452984,-0.9427749514579773,0.25843346118927,0.5176655281355699,0.25843346118927,0.25843346118927,0.35271095633506777,0.25843346118927,-0.09427749514579775,0.0,0.35271095633506777,0,0,0.018801826530085806,9.427749514579775e-05,1.3892878913087674,1.471445868861595,0.05583486235643197,0.0,0.013042191796682631
1703,25.76,-0.019786910197869084,0.29282936453819275,0.2877163976430893,0.6208256833300084,0.2877163976430893,0.2877163976430893,0.25843346118927,0.2877163976430893,0.029282936453819297,0.0,0.25843346118927,0,0,-0.0051135996886765706,2.9282936453819296e-05,1.3821429467512516,1.471445868861595,0.060690592838072856,0.0048557304816408825,-0.00924853205850647
1704,26.53,0.029891304347826067,-1.0,0.1877163976430893,0.5956837939099556,0.1877163976430893,0.1877163976430893,0.2877163976430893,0.1877163976430893,-0.1,0.029282936453819297,0.25843346118927,0,0,0.008600218407809728,0.0001,1.393891463669451,1.471445868861595,0.052706257724686144,0.0,0.004897266739967168
1705,26.14,-0.014700339238597834,1.0,0.2877163976430893,0.6364687174599521,0.2877163976430893,0.2877163976430893,0.1877163976430893,0.2877163976430893,0.1,0.0,0.1877163976430893,0,0,-0.00275949472600094,0.0001,1.3899056383804707,1.471445868861595,0.05541503918469601,0.002708781460009864,-0.007543848565879624
1706,26.05,-0.0034429992348890535,-1.0,0.1877163976430893,0.6229248099073332,0.1877163976430893,0.1877163976430893,0.2877163976430893,0.1877163976430893,-0.1,0.1,0.1877163976430893,0,0,-0.0009906073369501912,0.0001,1.3883897970935843,1.471445868861595,0.056445210473334076,0.0010301712886380682,-0.006044851164826274
1707,25.99,-0.002303262955854214,-1.0,0.0877163976430893,0.6177739441440362,0.0877163976430893,0.0877163976430893,0.1877163976430893,0.0877163976430893,-0.1,0.0,0.1877163976430893,0,0,-0.00043236022489772687,0.0001,1.387650673588958,1.471445868861595,0.05694752151328975,0.000502311039955676,-0.006035305348743418
1708,25.61,-0.014621008080030744,-1.0,0.0,0.615262390677779,0.0,0.0,0.0877163976430893,0.0,-0.0877163976430893,0.0,0.0877163976430893,0,0,-0.0012825021586907984,8.771639764308931e-05,1.3857492888862972,1.471445868861595,0.05823970951890888,0.0012921880056191298,-0.004125092404840381
1709,27.48,0.0730183522061695,-1.0,0.0,0.6088014520752546,0.0,0.0,0.0,0.0,0.0,0.0,0.0,0,0,0.0,0.0,1.3857492888862972,1.471445868861595,0.05823970951890888,0.0,-0.0019513495742513856
1710,27.69,0.0076419213973799435,1.0,0.1,0.6088014520752546,0.1,0.1,0.0,0.1,0.1,0.0,0.0,0,0,0.0,0.0001,1.3856107139574085,1.471445868861595,0.05833388554795703,9.41760290481472e-05,-0.00538958155424543
1711,28.6,0.03286384976525822,0.6752321124076843,0.16752321124076844,0.6083305753815407,0.16752321124076844,0.16752321124076844,0.1,0.16752321124076844,0.06752321124076843,0.1,0.0,0,0,0.003286384976525822,6.752321124076843e-05,1.3900708033061353,1.471445868861595,0.05530279249648285,0.0,-0.0021439608803083964
1712,30.22,0.056643356643356554,1.0,0.26752321124076844,0.623486043517234,0.26752321124076844,0.26752321124076844,0.16752321124076844,0.26752321124076844,0.1,0.06752321124076843,0.1,0,0,0.009489077000351204,0.0001,1.4031222851143168,1.471445868861595,0.04643295767321547,0.0,0.003597306200656194
1713,32.31,0.06915949702183996,1.0,0.3675232112407685,0.6678352147373816,0.3675232112407685,0.3675232112407685,0.26752321124076844,0.3675232112407685,0.10000000000000003,0.1,0.16752321124076844,0,0,0.018501770731078986,0.00010000000000000003,1.4289422197126582,1.471445868861595,0.02888563558360481,0.0,0.012576462298246294
1714,34.28,0.06097183534509436,1.0,0.46752321124076845,0.7555718176077982,0.46752321124076845,0.46752321124076845,0.3675232112407685,0.46752321124076845,0.09999999999999998,0.10000000000000003,0.26752321124076844,0,0,0.022408564721272468,9.999999999999998e-05,1.4608198697040766,1.471445868861595,0.007221467933264402,0.0,0.01755120373182806
1715,32.67,-0.04696616102683779,1.0,0.5675232112407684,0.8,0.5675232112407684,0.5675232112407684,0.46752321124076845,0.5675232112407684,0.09999999999999998,0.09999999999999998,0.3675232112407685,0,0,-0.02195777042291823,9.999999999999998e-05,1.4285974403889068,1.471445868861595,0.029119948874394213,0.02189848094112981,-0.048422821107128776
1716,32.64,-0.0009182736455464076,-0.872972846031189,0.4802259266376495,0.7544002510618643,0.4802259266376495,0.4802259266376495,0.5675232112407684,0.4802259266376495,-0.08729728460311892,0.09999999999999998,0.46752321124076845,0,0,-0.0005211416081182644,8.729728460311892e-05,1.427728226144132,1.471445868861595,0.02971067005766635,0.000590721183272136,-0.004479113352098095
1717,34.72,0.06372549019607837,-1.0,0.38022592663764954,0.7514466453355768,0.38022592663764954,0.38022592663764954,0.4802259266376495,0.38022592663764954,-0.09999999999999998,0.0,0.4802259266376495,0,0,0.030602632579850186,9.999999999999998e-05,1.471277695650088,1.471445868861595,0.00011429113028615378,0.0,0.02523793584376299
1718,33.97,-0.021601382488479263,1.0,0.4802259266376495,0.8,0.4802259266376495,0.4802259266376495,0.38022592663764954,0.4802259266376495,0.09999999999999998,0.0,0.38022592663764954,0,0,-0.008213405673336324,9.999999999999998e-05,1.4590463673080174,1.471445868861595,0.00842674665509147,0.008312455524805315,-0.012189383395092145
1719,35.32,0.03974094789520169,-1.0,0.38022592663764954,0.8,0.38022592663764954,0.38022592663764954,0.4802259266376495,0.38022592663764954,-0.09999999999999998,0.09999999999999998,0.38022592663764954,0,0,0.019084633528431778,9.999999999999998e-05,1.4867458278923498,1.4867458278923498,0.0,0.0,0.015301090860133267
1720,36.26,0.02661381653454127,-1.0,0.28022592663764956,0.8,0.28022592663764956,0.28022592663764956,0.38022592663764954,0.28022592663764956,-0.09999999999999998,0.0,0.38022592663764954,0,0,0.010119263053210353,9.999999999999998e-05,1.5016419254352662,1.5016419254352662,0.0,0.0,0.00547316382198513
1721,36.02,-0.006618863761720764,1.0,0.38022592663764954,0.8,0.38022592663764954,0.38022592663764954,0.28022592663764956,0.38022592663764954,0.09999999999999998,0.0,0.28022592663764956,0,0,-0.00185477723091656,9.999999999999998e-05,1.4987065499904357,1.5016419254352662,0.001954777230916498,0.001954777230916498,-0.007148250998209547
1722,39.38,0.09328151027207104,-0.30736595392227173,0.34948933124542236,0.8,0.34948933124542236,0.34948933124542236,0.38022592663764954,0.34948933124542236,-0.030736595392227173,0.09999999999999998,0.28022592663764956,0,0,0.03546804868135764,3.073659539222717e-05,1.5518166817277275,1.5518166817277275,0.0,0.0,0.030370526965032067
1723,43.35,0.10081259522600301,1.0,0.44948933124542234,0.8,0.44948933124542234,0.44948933124542234,0.34948933124542236,0.34948933124542236,0.0,0.0,0.34948933124542236,1,0,0.03523292648665125,0.0,1.6064917247957997,1.6064917247957997,0.0,0.0,0.02897000910098244
1724,42.89,-0.010611303344867378,1.0,0.44948933124542234,0.8,0.44948933124542234,0.44948933124542234,0.34948933124542236,0.44948933124542234,0.09999999999999998,0.0,0.34948933124542236,0,0,-0.0037085373096400133,9.999999999999998e-05,1.6003733411242869,1.6064917247957997,0.003808537309640082,0.003808537309640082,-0.00964035542388011
1725,44.53,0.038237351363954314,1.0,0.5494893312454223,0.8,0.5494893312454223,0.5494893312454223,0.44948933124542234,0.5494893312454223,0.09999999999999998,0.09999999999999998,0.34948933124542236,0,0,0.01718728149318006,9.999999999999998e-05,1.627719370898259,1.627719370898259,0.0,0.0,0.014077804978645733
1726,44.13,-0.008982708286548362,1.0,0.6494893312454223,0.8,0.6494893312454223,0.6494893312454223,0.5494893312454223,0.6494893312454223,0.09999999999999998,0.09999999999999998,0.44948933124542234,0,0,-0.004935902369148173,9.999999999999998e-05,1.619522335062044,1.627719370898259,0.00503590236914816,0.00503590236914816,-0.0056705320568820015
1727,48.58,0.10083843190573295,0.8228240609169006,0.7317717373371124,0.8,0.7317717373371124,0.7317717373371124,0.6494893312454223,0.6494893312454223,0.0,0.09999999999999998,0.5494893312454223,1,0,0.06549348570229155,0.0,1.7255904979579717,1.7255904979579717,0.0,0.0,0.06522699334575174
1728,47.58,-0.02058460271716756,1.0,0.7494893312454223,0.8,0.7494893312454223,0.7494893312454223,0.6494893312454223,0.7494893312454223,0.09999999999999998,0.0,0.6494893312454223,0,0,-0.01336947985272586,9.999999999999998e-05,1.7023476915116718,1.7255904979579717,0.01346947985272578,0.01346947985272578,-0.018550212072810532
1729,44.96,-0.05506515342580911,-1.0,0.6494893312454223,0.8,0.6494893312454223,0.6494893312454223,0.7494893312454223,0.6494893312454223,-0.09999999999999998,0.09999999999999998,0.6494893312454223,0,0,-0.04127074501603624,9.999999999999998e-05,1.6319202992375046,1.7255904979579717,0.05428298245227619,0.04081350259955041,-0.10353099563141287
1730,45.5,0.01201067615658361,-1.0,0.5494893312454223,0.6285850904924808,0.5494893312454223,0.5494893312454223,0.6494893312454223,0.5494893312454223,-0.09999999999999998,0.0,0.6494893312454223,0,0,0.007800806024744828,9.999999999999998e-05,1.644487400909776,1.7255904979579717,0.04700019914584101,0.0,0.006064782725380035
1731,47.67,0.04769230769230773,-1.0,0.44948933124542234,0.6649990022216214,0.44948933124542234,0.44948933124542234,0.5494893312454223,0.44948933124542234,-0.09999999999999998,0.0,0.5494893312454223,0,0,0.026206414259397084,9.999999999999998e-05,1.687419070242286,1.7255904979579717,0.022120791555619364,0.0,0.0238385656139514
1732,45.15,-0.05286343612334808,-1.0,0.34948933124542236,0.7893960379066735,0.34948933124542236,0.34948933124542236,0.44948933124542234,0.34948933124542236,-0.09999999999999998,0.0,0.44948933124542234,0,0,-0.02376155055041883,9.999999999999998e-05,1.6471546347979589,1.7255904979579717,0.04545450572011854,0.023333714164499177,-0.055540018145300525
1733,45.39,0.005315614617940244,-1.0,0.24948933124542236,0.6727274708481659,0.24948933124542236,0.24948933124542236,0.34948933124542236,0.24948933124542236,-0.1,0.0,0.34948933124542236,0,0,0.001857750597982327,0.0001,1.6500499218422446,1.7255904979579717,0.04377665280674658,0.0,0.0015200972408864076
1734,48.61,0.07094073584489974,-1.0,0.14948933124542235,0.6811167314678349,0.14948933124542235,0.14948933124542235,0.24948933124542236,0.14948933124542235,-0.1,0.0,0.24948933124542236,0,0,0.0176989567440022,0.0001,1.6790890790421906,1.7255904979579717,0.026948119481887446,0.0,0.01686301048128166
1735,53.5,0.1005965850648015,1.0,0.24948933124542236,0.7652594070890291,0.24948933124542236,0.24948933124542236,0.14948933124542235,0.14948933124542235,0.0,0.0,0.14948933124542235,1,0,0.015038116226910418,0.0,1.704339415768163,1.7255904979579717,0.012315252207842324,0.0,0.007921637579243745
1736,55.29,0.03345794392523363,1.0,0.24948933124542236,0.8,0.24948933124542236,0.24948933124542236,0.14948933124542235,0.24948933124542236,0.1,0.0,0.14948933124542235,0,0,0.005001605662230017,0.0001,1.712693415498854,1.7255904979579717,0.0074740110555661,0.0,-0.004309615747828958
1737,53.55,-0.03147042864894198,1.0,0.34948933124542236,0.8,0.34948933124542236,0.34948933124542236,0.24948933124542236,0.34948933124542236,0.1,0.1,0.14948933124542235,0,0,-0.007851536197631315,0.0001,1.69907487181007,1.7255904979579717,0.015366117383747558,0.007892106328181457,-0.014865796017125385
1738,53.91,0.006722689075630242,1.0,0.44948933124542234,0.8,0.44948933124542234,0.44948933124542234,0.34948933124542236,0.44948933124542234,0.09999999999999998,0.1,0.24948933124542236,0,0,0.00234950810921292,9.999999999999998e-05,1.7028969545123667,1.7255904979579717,0.013151175480196552,0.0,-0.0023362309157352835
1739,52.8,-0.02058987200890372,-0.01700815185904503,0.44778851605951786,0.8,0.44778851605951786,0.44778851605951786,0.44948933124542234,0.44778851605951786,-0.0017008151859044807,0.09999999999999998,0.34948933124542236,0,0,-0.009254927799710974,1.7008151859044806e-06,1.687133869835007,1.7255904979579717,0.02228606854782382,0.009134893067627268,-0.013412007725931164
1740,55.5,0.051136363636363695,-1.0,0.3477885160595179,0.7885696567597863,0.3477885160595179,0.3477885160595179,0.44778851605951786,0.3477885160595179,-0.09999999999999998,0.0,0.44778851605951786,0,0,0.02289827638940719,9.999999999999998e-05,1.7255976141054357,1.7255976141054357,0.0,0.0,0.018452020254855112
1741,51.07,-0.07981981981981981,-1.0,0.24778851605951788,0.8,0.24778851605951788,0.24778851605951788,0.3477885160595179,0.24778851605951788,-0.1,0.0,0.3477885160595179,0,0,-0.027760416687273224,0.0001,1.6775217455418936,1.7255976141054357,0.027860416687273296,0.027860416687273296,-0.0681660535737224
1742,48.46,-0.05110632465243782,-1.0,0.14778851605951787,0.7606979195038369,0.14778851605951787,0.14778851605951787,0.24778851605951788,0.14778851605951787,-0.1,0.0,0.24778851605951788,0,0,-0.012663560346883523,0.0001,1.6561105955094602,1.7255976141054357,0.04026837892447954,0.012407962237206246,-0.017853916578947752
1743,53.34,0.10070160957490719,-1.0,0.047788516059517866,0.6986580990280215,0.047788516059517866,0.047788516059517866,0.14778851605951787,0.047788516059517866,-0.1,0.0,0.14778851605951787,1,0,0.01488254144388047,0.0001,1.6805921190232282,1.7255976141054357,0.02608110646092811,0.0,0.014459844308155879
1744,58.71,0.10067491563554551,-0.9201727509498596,0.0,0.7695944715298864,0.0,0.0,0.047788516059517866,0.0,-0.047788516059517866,0.0,0.047788516059517866,1,0,0.004811104822639873,4.778851605951787e-05,1.688597310868482,1.7255976141054357,0.021442022714046785,0.0,0.0025081393066296673
1745,61.57,0.04871401805484584,1.0,0.1,0.7927898891271964,0.1,0.1,0.0,0.1,0.1,0.0,0.0,0,0,0.0,0.0001,1.688428451137395,1.7255976141054357,0.02153987851177543,9.785579772864442e-05,-0.009495453255087244
1746,59.57,-0.0324833522819555,1.0,0.2,0.7923006094994086,0.2,0.2,0.1,0.2,0.1,0.1,0.0,0,0,-0.0032483352281955503,0.0001,1.6827750266741641,1.7255976141054357,0.024816091005938908,0.003276212494163478,-0.011581014080026292
1747,59.4,-0.0028537854624811434,1.0,0.30000000000000004,0.7759195487952293,0.30000000000000004,0.30000000000000004,0.2,0.30000000000000004,0.10000000000000003,0.1,0.1,0,0,-0.0005707570924962287,0.00010000000000000003,1.681646293389947,1.7255976141054357,0.025470202529384825,0.0006541115234459174,-0.007480250445869289
1748,60.79,0.02340067340067341,1.0,0.4,0.7726489860571308,0.4,0.4,0.30000000000000004,0.4,0.09999999999999998,0.10000000000000003,0.2,0,0,0.007020202020202025,9.999999999999998e-05,1.6932836254667292,1.7255976141054357,0.0187262594561817,0.0,0.0016196566869380695
1749,64.03,0.05329823984207932,-0.2880125641822815,0.37119874358177185,0.8,0.37119874358177185,0.37119874358177185,0.4,0.37119874358177185,-0.02880125641822817,0.09999999999999998,0.30000000000000004,0,0,0.02131929593683173,2.8801256418228174e-05,1.72933447148716,1.72933447148716,0.0,0.0,0.016395586574665062
1750,65.77,0.027174761830391924,-0.2660817503929138,0.3445905685424805,0.8,0.3445905685424805,0.3445905685424805,0.37119874358177185,0.3445905685424805,-0.02660817503929136,0.0,0.37119874358177185,0,0,0.010087237448575374,2.660817503929136e-05,1.7467326644947387,1.7467326644947387,0.0,0.0,0.005190764649658727
1751,70.17,0.06689980234149318,-0.260819673538208,0.3185086011886597,0.8,0.3185086011886597,0.3185086011886597,0.3445905685424805,0.3185086011886597,-0.02608196735382079,0.0,0.3445905685424805,0,0,0.0230530409242347,2.6081967353820792e-05,1.786954605868702,1.786954605868702,0.0,0.0,0.018210215137855198
1752,70.54,0.0052729086504204725,1.0,0.41850860118865973,0.8,0.41850860118865973,0.41850860118865973,0.3185086011886597,0.41850860118865973,0.10000000000000003,0.0,0.3185086011886597,0,0,0.001679466758441008,0.00010000000000000003,1.7897770412675147,1.7897770412675147,0.0,0.0,-0.003969340668548502
1753,68.3,-0.031755032605613964,1.0,0.5185086011886597,0.8,0.5185086011886597,0.5185086011886597,0.41850860118865973,0.5185086011886597,0.09999999999999998,0.10000000000000003,0.3185086011886597,0,0,-0.01328975427647578,9.999999999999998e-05,1.7658123664752647,1.7897770412675147,0.013389754276475823,0.013389754276475823,-0.023520109450031138
1754,68.13,-0.0024890190336749884,-1.0,0.41850860118865973,0.8,0.41850860118865973,0.41850860118865973,0.5185086011886597,0.41850860118865973,-0.09999999999999998,0.09999999999999998,0.41850860118865973,0,0,-0.0012905777774827678,9.999999999999998e-05,1.76335686703924,1.7897770412675147,0.014761712559215698,0.0013719582827398744,-0.0057115683842310005
1755,64.54,-0.05269338030236297,-1.0,0.31850860118865976,0.8,0.31850860118865976,0.31850860118865976,0.41850860118865973,0.31850860118865976,-0.09999999999999998,0.0,0.41850860118865973,0,0,-0.022052632882244003,9.999999999999998e-05,1.7242938697233359,1.7897770412675147,0.036587334642422184,0.021825622083206486,-0.050146011118622914
1756,66.25,0.02649519677719234,-1.0,0.21850860118865975,0.7170633241554967,0.21850860118865975,0.21850860118865975,0.31850860118865976,0.21850860118865975,-0.1,0.0,0.31850860118865976,0,0,0.008438948063721818,0.0001,1.738672666749553,1.7897770412675147,0.028553486462073414,0.0,0.0072638637718737
1757,65.68,-0.008603773584905557,-1.0,0.11850860118865975,0.7572325706492625,0.11850860118865975,0.11850860118865975,0.21850860118865975,0.11850860118865975,-0.1,0.0,0.21850860118865975,0,0,-0.0018799985309816537,0.0001,1.7352300974235308,1.7897770412675147,0.030476949131805747,0.0019234626697323329,-0.002267319943401874
1758,68.12,0.03714981729598047,-1.0,0.01850860118865974,0.7476152587695105,0.01850860118865974,0.01850860118865974,0.11850860118865975,0.01850860118865974,-0.1,0.0,0.11850860118865975,0,0,0.004402572882160924,0.0001,1.7426960513850147,1.7897770412675147,0.026305505544510374,0.0,0.003963472501883343
1759,66.08,-0.029947152084556755,0.08343161642551422,0.026851762831211164,0.7684724699713721,0.026851762831211164,0.026851762831211164,0.01850860118865974,0.026851762831211164,0.008343161642551424,0.0,0.01850860118865974,0,0,-0.0005542798946692012,8.343161642551423e-06,1.741715570406362,1.7897770412675147,0.02685332851689485,0.0005478229723844749,-0.003356060582763253
1760,63.15,-0.04434019370460048,-1.0,0.0,0.765733357147239,0.0,0.0,0.026851762831211164,0.008343161642551424,-0.01850860118865974,0.008343161642551424,0.01850860118865974,0,0,-0.0011906123652458945,1.850860118865974e-05,1.7396096255926181,1.7897770412675147,0.028029980560801117,0.0011766520439062678,-0.0012826440599297596
1761,59.39,-0.05954077593032459,-1.0,0.0,0.7598500993112827,0.0,0.0,0.008343161642551424,0.0,-0.008343161642551424,0.0,0.008343161642551424,0,0,-0.0004967583179096332,8.343161642551423e-06,1.738730946196888,1.7897770412675147,0.028520924055700222,0.000490943494899105,-0.0007343025453011145
1762,63.05,0.061626536453948416,-1.0,0.0,0.7573953751485271,0.0,0.0,0.0,0.0,0.0,0.0,0.0,0,0,0.0,0.0,1.738730946196888,1.7897770412675147,0.028520924055700222,0.0,-0.0002
1763,63.26,0.0033306899286280867,-1.0,0.0,0.7573953751485271,0.0,0.0,0.0,0.0,0.0,0.0,0.0,0,0,0.0,0.0,1.738730946196888,1.7897770412675147,0.028520924055700222,0.0,-0.0002
1764,59.68,-0.0565918431868479,-1.0,0.0,0.7573953751485271,0.0,0.0,0.0,0.0,0.0,0.0,0.0,0,0,-0.0,0.0,1.738730946196888,1.7897770412675147,0.028520924055700222,0.0,-0.0002
1765,61.73,0.03434986595174258,-1.0,0.0,0.7573953751485271,0.0,0.0,0.0,0.0,0.0,0.0,0.0,0,0,0.0,0.0,1.738730946196888,1.7897770412675147,0.028520924055700222,0.0,-0.0002
1766,67.67,0.09622549813704852,-1.0,0.0,0.7573953751485271,0.0,0.0,0.0,0.0,0.0,0.0,0.0,0,0,0.0,0.0,1.738730946196888,1.7897770412675147,0.028520924055700222,0.0,-0.0002
1767,65.13,-0.03753509679326151,1.0,0.1,0.7573953751485271,0.1,0.1,0.0,0.1,0.1,0.0,0.0,0,0,-0.0,0.0001,1.7385570731022684,1.7897770412675147,0.028618071963294654,9.714790759443245e-05,-0.007337851900161285
1768,63.66,-0.022570244127130337,-1.0,0.0,0.7569096438597485,0.0,0.0,0.1,0.1,-0.0,0.1,0.0,0,0,-0.0022570244127130337,0.0,1.7346331073453816,1.7897770412675147,0.03081050468894179,0.0021924327256471372,-0.003886201241200343
1769,66.92,0.051209550738297284,-1.0,0.0,0.7459474742426081,0.0,0.0,0.1,0.0,-0.1,0.0,0.1,0,0,0.005120955073829729,0.0001,1.7433426222469406,1.7897770412675147,0.025944247774957147,0.0,0.004470955073829729
1770,72.43,0.08233711894799768,1.0,0.1,0.770278760791568,0.1,0.1,0.0,0.1,0.1,0.0,0.0,0,0,0.0,0.0001,1.743168287984716,1.7897770412675147,0.026041653350179644,9.740557522249643e-05,-0.006288220854464777
1771,73.66,0.01698191357172428,1.0,0.2,0.7697917349644107,0.2,0.2,0.1,0.2,0.1,0.1,0.0,0,0,0.001698191357172428,0.0001,1.7459542044766703,1.7897770412675147,0.02448508153831788,0.0,-0.006188877035751575
1772,80.47,0.09245180559326639,0.9982936978340149,0.2998293697834015,0.7775745928293113,0.2998293697834015,0.2998293697834015,0.2,0.2998293697834015,0.09982936978340151,0.1,0.1,0,0,0.01849036111865328,9.982936978340151e-05,1.7780632307061714,1.7897770412675147,0.006544843458852034,0.0,0.013616962651043143
1773,77.64,-0.035168385733813826,1.0,0.39982936978340156,0.8,0.39982936978340156,0.39982936978340156,0.2998293697834015,0.39982936978340156,0.10000000000000003,0.09982936978340151,0.2,0,0,-0.010544514930868968,0.00010000000000000003,1.7591366100988906,1.7897770412675147,0.01711969170580302,0.010574848246950985,-0.017809692111370966
1774,71.67,-0.07689335394126737,1.0,0.49982936978340153,0.8,0.49982936978340153,0.49982936978340153,0.39982936978340156,0.49982936978340153,0.09999999999999998,0.10000000000000003,0.2998293697834015,0,0,-0.03074422124686897,9.999999999999998e-05,1.7048774112935334,1.7897770412675147,0.04743586939401994,0.03031617768821692,-0.07497133645925663
1775,74.56,0.040323705874145396,-1.0,0.39982936978340156,0.6628206573461017,0.39982936978340156,0.39982936978340156,0.49982936978340153,0.39982936978340156,-0.09999999999999998,0.09999999999999998,0.39982936978340156,0,0,0.02015497249440534,9.999999999999998e-05,1.739068680883358,1.7897770412675147,0.02833222195556001,0.0,0.017417115983544354
1776,73.16,-0.018776824034334838,-1.0,0.2998293697834016,0.7583388887356206,0.2998293697834016,0.2998293697834016,0.39982936978340156,0.2998293697834016,-0.09999999999999998,0.0,0.39982936978340156,0,0,-0.0075075257201819255,9.999999999999998e-05,1.7258386711643752,1.7897770412675147,0.035724209568505,0.007391987612944989,-0.010462131318442654
1777,74.91,0.023920174958993987,-1.0,0.19982936978340157,0.721378961207448,0.19982936978340157,0.19982936978340157,0.2998293697834016,0.19982936978340157,-0.1,0.0,0.2998293697834016,0,0,0.0071719709830638705,0.0001,1.738043752168299,1.7897770412675147,0.02890487915890258,0.0,0.005490166433485126
1778,75.89,0.013082365505273048,-1.0,0.09982936978340157,0.7554756026726172,0.09982936978340157,0.09982936978340157,0.19982936978340157,0.09982936978340157,-0.1,0.0,0.19982936978340157,0,0,0.002614240854194825,0.0001,1.7424136127763787,1.7897770412675147,0.026463312132774544,0.0,0.002218158934222055
1779,72.37,-0.04638292265120564,-1.0,0.0,0.7676834348597261,0.0,0.0,0.09982936978340157,0.0,-0.09982936978340157,0.0,0.09982936978340157,0,0,-0.00463037793698212,9.982936978340157e-05,1.7341716351738163,1.7897770412675147,0.031068342487128323,0.0046050303543537785,-0.006973470446658544
1780,71.17,-0.016581456404587573,-0.7879095673561096,0.0,0.7446582909687288,0.0,0.0,0.0,0.0,0.0,0.0,0.0,0,0,-0.0,0.0,1.7341716351738163,1.7897770412675147,0.031068342487128323,0.0,-0.0022312446404392796
1781,67.7,-0.04875649852465925,-1.0,0.0,0.7446582909687288,0.0,0.0,0.0,0.0,0.0,0.0,0.0,0,0,-0.0,0.0,1.7341716351738163,1.7897770412675147,0.031068342487128323,0.0,-0.0002
1782,68.27,0.008419497784342587,-1.0,0.0,0.7446582909687288,0.0,0.0,0.0,0.0,0.0,0.0,0.0,0,0,0.0,0.0,1.7341716351738163,1.7897770412675147,0.031068342487128323,0.0,-0.0002
1783,67.66,-0.0089351105903032,-1.0,0.0,0.7446582909687288,0.0,0.0,0.0,0.0,0.0,0.0,0.0,0,0,-0.0,0.0,1.7341716351738163,1.7897770412675147,0.031068342487128323,0.0,-0.0002
1784,63.94,-0.054980786284362974,-1.0,0.0,0.7446582909687288,0.0,0.0,0.0,0.0,0.0,0.0,0.0,0,0,-0.0,0.0,1.7341716351738163,1.7897770412675147,0.031068342487128323,0.0,-0.0002
1785,64.61,0.01047857366280891,-1.0,0.0,0.7446582909687288,0.0,0.0,0.0,0.0,0.0,0.0,0.0,0,0,0.0,0.0,1.7341716351738163,1.7897770412675147,0.031068342487128323,0.0,-0.0002
1786,64.39,-0.0034050456585667677,-1.0,0.0,0.7446582909687288,0.0,0.0,0.0,0.0,0.0,0.0,0.0,0,0,-0.0,0.0,1.7341716351738163,1.7897770412675147,0.031068342487128323,0.0,-0.0002
1787,64.73,0.0052803230315266875,-1.0,0.0,0.7446582909687288,0.0,0.0,0.0,0.0,0.0,0.0,0.0,0,0,0.0,0.0,1.7341716351738163,1.7897770412675147,0.031068342487128323,0.0,-0.0002
1788,65.61,0.013594932797775303,-1.0,0.0,0.7446582909687288,0.0,0.0,0.0,0.0,0.0,0.0,0.0,0,0,0.0,0.0,1.7341716351738163,1.7897770412675147,0.031068342487128323,0.0,-0.0002
1789,60.34,-0.08032312147538478,-1.0,0.0,0.7446582909687288,0.0,0.0,0.0,0.0,0.0,0.0,0.0,0,0,-0.0,0.0,1.7341716351738163,1.7897770412675147,0.031068342487128323,0.0,-0.0002
1790,55.61,-0.07838912827311906,-1.0,0.0,0.7446582909687288,0.0,0.0,0.0,0.0,0.0,0.0,0.0,0,0,-0.0,0.0,1.7341716351738163,1.7897770412675147,0.031068342487128323,0.0,-0.0002
1791,56.28,0.012048192771084367,-1.0,0.0,0.7446582909687288,0.0,0.0,0.0,0.0,0.0,0.0,0.0,0,0,0.0,0.0,1.7341716351738163,1.7897770412675147,0.031068342487128323,0.0,-0.0002
1792,58.6,0.0412224591329069,-1.0,0.0,0.7446582909687288,0.0,0.0,0.0,0.0,0.0,0.0,0.0,0,0,0.0,0.0,1.7341716351738163,1.7897770412675147,0.031068342487128323,0.0,-0.0002
1793,59.94,0.022866894197952153,-1.0,0.0,0.7446582909687288,0.0,0.0,0.0,0.0,0.0,0.0,0.0,0,0,0.0,0.0,1.7341716351738163,1.7897770412675147,0.031068342487128323,0.0,-0.0002
1794,60.39,0.007507507507507555,-1.0,0.0,0.7446582909687288,0.0,0.0,0.0,0.0,0.0,0.0,0.0,0,0,0.0,0.0,1.7341716351738163,1.7897770412675147,0.031068342487128323,0.0,-0.0002
1795,59.48,-0.015068719986752835,-1.0,0.0,0.7446582909687288,0.0,0.0,0.0,0.0,0.0,0.0,0.0,0,0,-0.0,0.0,1.7341716351738163,1.7897770412675147,0.031068342487128323,0.0,-0.0002
1796,60.63,0.019334229993275148,-1.0,0.0,0.7446582909687288,0.0,0.0,0.0,0.0,0.0,0.0,0.0,0,0,0.0,0.0,1.7341716351738163,1.7897770412675147,0.031068342487128323,0.0,-0.001555330771797791
1797,61.35,0.011875309252845107,-1.0,0.0,0.7446582909687288,0.0,0.0,0.0,0.0,0.0,0.0,0.0,0,0,0.0,0.0,1.7341716351738163,1.7897770412675147,0.031068342487128323,0.0,-0.0026973846516601765
1798,61.07,-0.0045639771801141175,-1.0,0.0,0.7446582909687288,0.0,0.0,0.0,0.0,0.0,0.0,0.0,0,0,-0.0,0.0,1.7341716351738163,1.7897770412675147,0.031068342487128323,0.0,-0.001730771519587067
1799,60.79,-0.004584902570820388,-1.0,0.0,0.7446582909687288,0.0,0.0,0.0,0.0,0.0,0.0,0.0,0,0,-0.0,0.0,1.7341716351738163,1.7897770412675147,0.031068342487128323,0.0,-0.00031550917731252274
1800,63.08,0.03767066951801282,-1.0,0.0,0.7446582909687288,0.0,0.0,0.0,0.0,0.0,0.0,0.0,0,0,0.0,0.0,1.7341716351738163,1.7897770412675147,0.031068342487128323,0.0,-0.0002
1801,67.66,0.07260621433100822,0.3062277138233185,0.03062277138233185,0.7446582909687288,0.03062277138233185,0.03062277138233185,0.0,0.03062277138233185,0.03062277138233185,0.0,0.0,0,0,0.0,3.062277138233185e-05,1.7341185300322948,1.7897770412675147,0.031098013859761398,2.967137263307565e-05,-0.003833735216855815
1802,64.88,-0.04108779190067989,1.0,0.13062277138233186,0.7445099312825962,0.13062277138233186,0.13062277138233186,0.03062277138233185,0.13062277138233186,0.1,0.03062277138233185,0.0,0,0,-0.0012582220579793466,0.0001,1.7317632119936543,1.7897770412675147,0.03241399790935698,0.0013159840495955803,-0.008538936203430304
1803,61.97,-0.04485203452527738,-0.9777750372886658,0.03284526765346528,0.7379300162211677,0.03284526765346528,0.03284526765346528,0.13062277138233186,0.1,-0.030622771382331854,0.1,0.030622771382331854,0,0,-0.005858697051827763,3.0622771382331856e-05,1.7215643045801543,1.7897770412675147,0.038112421332129914,0.005698423422772936,-0.009920660375513691
1804,61.42,-0.008875262223656562,-1.0,0.0,0.7094378970586053,0.0,0.0,0.1,0.0,-0.1,0.0,0.1,0,0,-0.0008875262223656563,0.0001,1.7198642146858927,1.7897770412675147,0.03906231053903226,0.0009498892069023449,-0.0025178096482200867
1805,58.81,-0.042494301530446095,-1.0,0.0,0.7046884499514089,0.0,0.0,0.0,0.0,0.0,0.0,0.0,0,0,-0.0,0.0,1.7198642146858927,1.7897770412675147,0.03906231053903226,0.0,-0.0007132160165125478
1806,58.62,-0.0032307430709063905,-1.0,0.0,0.7046884499514089,0.0,0.0,0.0,0.0,0.0,0.0,0.0,0,0,-0.0,0.0,1.7198642146858927,1.7897770412675147,0.03906231053903226,0.0,-0.0002
1807,61.17,0.04350051177072679,-1.0,0.0,0.7046884499514089,0.0,0.0,0.0,0.0,0.0,0.0,0.0,0,0,0.0,0.0,1.7198642146858927,1.7897770412675147,0.03906231053903226,0.0,-0.0002
1808,57.95,-0.05264018309628901,-1.0,0.0,0.7046884499514089,0.0,0.0,0.0,0.0,0.0,0.0,0.0,0,0,-0.0,0.0,1.7198642146858927,1.7897770412675147,0.03906231053903226,0.0,-0.0002
1809,57.97,0.0003451251078515275,-1.0,0.0,0.7046884499514089,0.0,0.0,0.0,0.0,0.0,0.0,0.0,0,0,0.0,0.0,1.7198642146858927,1.7897770412675147,0.03906231053903226,0.0,-0.0002
1810,60.29,0.04002070036225634,-1.0,0.0,0.7046884499514089,0.0,0.0,0.0,0.0,0.0,0.0,0.0,0,0,0.0,0.0,1.7198642146858927,1.7897770412675147,0.03906231053903226,0.0,-0.0002
1811,62.53,0.0371537568419307,-1.0,0.0,0.7046884499514089,0.0,0.0,0.0,0.0,0.0,0.0,0.0,0,0,0.0,0.0,1.7198642146858927,1.7897770412675147,0.03906231053903226,0.0,-0.0015365080048528159
1812,64.81,0.036462498000959555,0.030729737132787704,0.003072973713278771,0.7046884499514089,0.003072973713278771,0.003072973713278771,0.0,0.003072973713278771,0.003072973713278771,0.0,0.0,0,0,0.0,3.0729737132787707e-06,1.7198589295883706,1.7897770412675147,0.03906526347529203,2.9529362597716102e-06,-0.004578249529693841
1813,66.39,0.02437895386514424,0.901759684085846,0.09324894212186338,0.7046736791753758,0.09324894212186338,0.09324894212186338,0.003072973713278771,0.09324894212186338,0.0901759684085846,0.003072973713278771,0.0,0,0,7.491588438482413e-05,9.01759684085846e-05,1.7198326843965963,1.7897770412675147,0.03907992742011262,1.4663944820587915e-05,-0.004715827723604854
1814,63.51,-0.04338002711251698,1.0,0.1932489421218634,0.704600365462304,0.1932489421218634,0.1932489421218634,0.09324894212186338,0.1932489421218634,0.1,0.0901759684085846,0.003072973713278776,0,0,-0.00404514163745996,0.0001,1.7127037343270395,1.7897770412675147,0.04306307722323453,0.0039831498031219145,-0.011036358097897405
1815,64.91,0.022043772634230806,-1.0,0.09324894212186338,0.6846846096246462,0.09324894212186338,0.09324894212186338,0.1932489421218634,0.1,-0.09324894212186338,0.1,0.09324894212186338,0,0,0.004259935741939985,9.324894212186338e-05,1.719840034368859,1.7897770412675147,0.039075820778842155,0.0,-0.0012455367786274902
1816,63.9,-0.015560006162378648,-0.4028862714767456,0.059711372852325445,0.704620891811848,0.059711372852325445,0.059711372852325445,0.1,0.059711372852325445,-0.04028862714767456,0.0,0.1,0,0,-0.0015560006162378649,4.028862714767456e-05,1.7170946722216522,1.7897770412675147,0.040609733709841875,0.0015339129309997201,-0.0068954297359708335
1817,61.72,-0.03411580594679186,-1.0,0.0,0.6969513386513723,0.0,0.0,0.059711372852325445,0.0,-0.059711372852325445,0.0,0.059711372852325445,0,0,-0.0020371016090464703,5.971137285232545e-05,1.7134942458217886,1.7897770412675147,0.04262139567490646,0.0020116619650645887,-0.004653607385044691
1818,63.34,0.026247569669475123,-1.0,0.0,0.6868930175928736,0.0,0.0,0.0,0.0,0.0,0.0,0.0,0,0,0.0,0.0,1.7134942458217886,1.7897770412675147,0.04262139567490646,0.0,-0.0002
1819,63.72,0.005999368487527556,-1.0,0.0,0.6868930175928736,0.0,0.0,0.0,0.0,0.0,0.0,0.0,0,0,0.0,0.0,1.7134942458217886,1.7897770412675147,0.04262139567490646,0.0,-0.0002
1820,62.82,-0.014124293785310712,-1.0,0.0,0.6868930175928736,0.0,0.0,0.0,0.0,0.0,0.0,0.0,0,0,-0.0,0.0,1.7134942458217886,1.7897770412675147,0.04262139567490646,0.0,-0.0010162479729243573
1821,61.0,-0.02897166507481694,-1.0,0.0,0.6868930175928736,0.0,0.0,0.0,0.0,0.0,0.0,0.0,0,0,-0.0,0.0,1.7134942458217886,1.7897770412675147,0.04262139567490646,0.0,-0.0002
1822,61.15,0.0024590163934425997,-1.0,0.0,0.6868930175928736,0.0,0.0,0.0,0.0,0.0,0.0,0.0,0,0,0.0,0.0,1.7134942458217886,1.7897770412675147,0.04262139567490646,0.0,-0.0002
1823,60.6,-0.008994276369582947,-1.0,0.0,0.6868930175928736,0.0,0.0,0.0,0.0,0.0,0.0,0.0,0,0,-0.0,0.0,1.7134942458217886,1.7897770412675147,0.04262139567490646,0.0,-0.0002
1824,59.1,-0.02475247524752475,-1.0,0.0,0.6868930175928736,0.0,0.0,0.0,0.0,0.0,0.0,0.0,0,0,-0.0,0.0,1.7134942458217886,1.7897770412675147,0.04262139567490646,0.0,-0.0002
1825,59.67,0.009644670050761426,-1.0,0.0,0.6868930175928736,0.0,0.0,0.0,0.0,0.0,0.0,0.0,0,0,0.0,0.0,1.7134942458217886,1.7897770412675147,0.04262139567490646,0.0,-0.0002
1826,60.46,0.013239483827719107,-1.0,0.0,0.6868930175928736,0.0,0.0,0.0,0.0,0.0,0.0,0.0,0,0,0.0,0.0,1.7134942458217886,1.7897770412675147,0.04262139567490646,0.0,-0.0002
1827,63.0,0.0420112471055243,-1.0,0.0,0.6868930175928736,0.0,0.0,0.0,0.0,0.0,0.0,0.0,0,0,0.0,0.0,1.7134942458217886,1.7897770412675147,0.04262139567490646,0.0,-0.0002
1828,60.9,-0.033333333333333354,-0.8878618478775024,0.0,0.6868930175928736,0.0,0.0,0.0,0.0,0.0,0.0,0.0,0,0,-0.0,0.0,1.7134942458217886,1.7897770412675147,0.04262139567490646,0.0,-0.002507497753107625
1829,59.67,-0.02019704433497532,-1.0,0.0,0.6868930175928736,0.0,0.0,0.0,0.0,0.0,0.0,0.0,0,0,-0.0,0.0,1.7134942458217886,1.7897770412675147,0.04262139567490646,0.0,-0.0002
1830,61.56,0.031674208144796386,-1.0,0.0,0.6868930175928736,0.0,0.0,0.0,0.0,0.0,0.0,0.0,0,0,0.0,0.0,1.7134942458217886,1.7897770412675147,0.04262139567490646,0.0,-0.0002
1831,62.75,0.019330734243014906,-1.0,0.0,0.6868930175928736,0.0,0.0,0.0,0.0,0.0,0.0,0.0,0,0,0.0,0.0,1.7134942458217886,1.7897770412675147,0.04262139567490646,0.0,-0.001751205014704994
1832,60.11,-0.042071713147410365,-0.9475440382957458,0.0,0.6868930175928736,0.0,0.0,0.0,0.0,0.0,0.0,0.0,0,0,-0.0,0.0,1.7134942458217886,1.7897770412675147,0.04262139567490646,0.0,-0.002675648127290068
1833,59.26,-0.014140741973049433,-1.0,0.0,0.6868930175928736,0.0,0.0,0.0,0.0,0.0,0.0,0.0,0,0,-0.0,0.0,1.7134942458217886,1.7897770412675147,0.04262139567490646,0.0,-0.0002
